row_id,true_label,predicted_label,prob_Background,prob_Benign,prob_Malicious
0,Benign,Benign,0.29085198842974763,0.7024811862534383,0.0066668253168140415
1,Benign,Benign,0.29085198842974763,0.7024811862534383,0.0066668253168140415
2,Benign,Background,0.6289784895579439,0.3710215104420562,0.0
3,Benign,Malicious,0.0003407074400788537,0.4461598433181892,0.553499449241732
4,Benign,Benign,1.58420872729228e-05,0.5838076662583888,0.41617649165433834
5,Background,Background,0.5324644305196672,0.4312167603465207,0.036318809133812135
6,Benign,Benign,0.12069111177520316,0.8792461701901844,6.271803461247183e-05
7,Benign,Benign,0.35367762245489714,0.6462596595104904,6.271803461247183e-05
8,Background,Benign,0.45169174286408664,0.5471305837825318,0.0011776733533814764
9,Background,Background,1.0,0.0,0.0
10,Background,Background,0.9846420434393448,0.007783791440679703,0.007574165119975645
11,Background,Background,0.9770106820941667,0.019143041936801164,0.003846275969032248
12,Background,Background,0.9917046580773042,0.008295341922695737,0.0
13,Background,Background,0.8345840692743808,0.1654159307256192,0.0
14,Benign,Benign,0.0008023093280538241,0.6403291133188325,0.3588685773531137
15,Background,Benign,0.48865087555183095,0.5112472691295096,0.0001018553186594183
16,Background,Background,1.0,0.0,0.0
17,Background,Background,1.0,0.0,0.0
18,Benign,Benign,0.04769654359745448,0.952240738367933,6.271803461247183e-05
19,Background,Background,0.6093319581791939,0.38952110323033096,0.0011469385904750323
20,Background,Background,0.9165970266630034,0.0822560347465216,0.0011469385904750323
21,Benign,Benign,0.0,0.9727854319615907,0.027214568038409208
22,Benign,Benign,0.0,0.7324718601972944,0.2675281398027056
23,Benign,Benign,0.0,0.9599291485834148,0.040070851416585215
24,Background,Background,0.9261381662721755,0.07386183372782455,0.0
25,Background,Background,0.8512274293245552,0.14254485053711016,0.006227720138334664
26,Background,Background,0.8512274293245552,0.14254485053711016,0.006227720138334664
27,Background,Background,0.9587321782049105,0.04012088320461439,0.0011469385904750323
28,Background,Background,0.9587321782049105,0.04012088320461439,0.0011469385904750323
29,Background,Background,0.9165970266630034,0.0822560347465216,0.0011469385904750323
30,Background,Background,0.8675180637155006,0.1262542161461648,0.006227720138334664
31,Background,Background,0.9341043673253114,0.06474869408421347,0.0011469385904750323
32,Background,Benign,0.11175154966972654,0.8882484503302734,0.0
33,Benign,Benign,0.05005472268699926,0.9498825592783882,6.271803461247183e-05
34,Benign,Benign,0.0,0.8732613611016614,0.12673863889833842
35,Benign,Benign,0.003858784244543919,0.9194105339569024,0.07673068179855372
36,Background,Benign,0.2522997155602106,0.7475796677493848,0.00012061669040446809
37,Benign,Benign,0.024761980673123008,0.9750472197275317,0.0001907995993452716
38,Benign,Benign,0.0,0.99,0.01
39,Benign,Benign,0.0,0.9878853515077958,0.012114648492204276
40,Benign,Benign,0.0,1.0,0.0
41,Benign,Benign,0.0,0.9925987245523669,0.007401275447633063
42,Benign,Benign,0.0,1.0,0.0
43,Background,Background,0.998673786810452,0.0013262131895479055,0.0
44,Benign,Benign,0.05325000316461532,0.9395772598495801,0.007172736985804442
45,Benign,Benign,0.05325000316461532,0.9395772598495801,0.007172736985804442
46,Benign,Benign,0.05325000316461532,0.9395772598495801,0.007172736985804442
47,Benign,Benign,0.04836352331188469,0.9444637397023107,0.007172736985804442
48,Benign,Benign,0.04836352331188469,0.9444637397023107,0.007172736985804442
49,Benign,Benign,0.04836352331188469,0.9444637397023107,0.007172736985804442
50,Benign,Benign,0.04836352331188469,0.9444637397023107,0.007172736985804442
51,Benign,Benign,0.004815261044176707,0.9648364561287306,0.030348282827092708
52,Benign,Benign,0.004815261044176707,0.9338726531982376,0.06131208575758574
53,Benign,Benign,0.45169174286408664,0.5471305837825318,0.0011776733533814764
54,Benign,Benign,0.003258335592301437,0.9967416644076985,0.0
55,Benign,Benign,0.003258335592301437,0.9967416644076985,0.0
56,Benign,Benign,0.0,1.0,0.0
57,Benign,Benign,0.0049151502760171745,0.983940133315856,0.011144716408126826
58,Benign,Benign,0.003885088919288646,0.9618900746971506,0.034224836383560796
59,Background,Background,1.0,0.0,0.0
60,Background,Background,1.0,0.0,0.0
61,Background,Background,1.0,0.0,0.0
62,Background,Background,1.0,0.0,0.0
63,Background,Background,1.0,0.0,0.0
64,Background,Background,0.9711908264701592,0.02655337955861974,0.0022557939712210904
65,Benign,Benign,0.0,1.0,0.0
66,Benign,Benign,0.0049151502760171745,0.9950848497239828,0.0
67,Benign,Benign,0.0049151502760171745,0.9950848497239828,0.0
68,Benign,Benign,0.0,1.0,0.0
69,Background,Background,0.9999251545720794,7.484542792059877e-05,0.0
70,Background,Background,1.0,0.0,0.0
71,Background,Background,1.0,0.0,0.0
72,Benign,Benign,0.0,0.9396587706885221,0.060341229311477965
73,Benign,Benign,0.0,0.9848770495250985,0.015122950474901538
74,Benign,Benign,0.0,0.99,0.01
75,Benign,Benign,0.004830234438156831,0.9851697655618432,0.01
76,Background,Benign,0.2522997155602106,0.7475796677493848,0.00012061669040446809
77,Benign,Benign,0.0,0.9866518647059227,0.013348135294077235
78,Benign,Benign,0.0,0.9804754679000002,0.019524532099999613
79,Benign,Benign,0.0,0.9626082881682624,0.037391711831737624
80,Benign,Benign,0.0,0.9998498393306899,0.0001501606693100793
81,Benign,Benign,0.0,0.9933927564270804,0.006607243572919691
82,Background,Background,0.6373485062314403,0.36265149376855954,0.0
83,Background,Background,0.7865827177384196,0.2134172822615804,0.0
84,Background,Background,0.8659554887551053,0.13404451124489467,0.0
85,Background,Benign,0.49964323103996816,0.5003567689600318,0.0
86,Benign,Background,0.5485039484422273,0.4514960515577727,0.0
87,Background,Background,0.727202276192803,0.2727977238071971,0.0
88,Background,Background,0.8107388686863192,0.1892611313136808,0.0
89,Background,Benign,0.3508840038396323,0.6491159961603675,0.0
90,Background,Benign,0.3664836978810591,0.6335163021189409,0.0
91,Background,Benign,0.11637443054884392,0.8835628514165436,6.271803461247183e-05
92,Background,Background,0.9999251545720794,7.484542792059877e-05,0.0
93,Background,Background,0.9999251545720794,7.484542792059877e-05,0.0
94,Background,Background,0.9720545507360163,0.02568965529276265,0.0022557939712210904
95,Background,Benign,0.2522997155602106,0.7475796677493848,0.00012061669040446809
96,Benign,Benign,0.0,0.8935810687801223,0.10641893121987767
97,Benign,Benign,0.0,1.0,0.0
98,Benign,Benign,0.0,1.0,0.0
99,Benign,Benign,0.00788255033557047,0.9409029706700432,0.05121447899438623
100,Benign,Benign,0.0,0.9977398759576798,0.002260124042320321
101,Benign,Benign,0.0,1.0,0.0
102,Benign,Benign,0.0,1.0,0.0
103,Benign,Benign,0.0,0.99,0.01
104,Benign,Benign,0.0,0.9891655751444247,0.010834424855575285
105,Background,Background,1.0,0.0,0.0
106,Background,Background,1.0,0.0,0.0
107,Background,Background,1.0,0.0,0.0
108,Benign,Benign,0.0,1.0,0.0
109,Benign,Benign,0.0,1.0,0.0
110,Background,Background,1.0,0.0,0.0
111,Background,Background,0.986386006282456,0.013613993717544095,0.0
112,Background,Background,0.9917046580773042,0.008295341922695737,0.0
113,Background,Background,0.992682622076255,0.006649158144652488,0.0006682197790926471
114,Background,Background,1.0,0.0,0.0
115,Background,Background,1.0,0.0,0.0
116,Background,Background,1.0,0.0,0.0
117,Benign,Benign,0.0,0.9947120776477305,0.00528792235226953
118,Benign,Benign,0.0,0.984740661796195,0.015259338203804984
119,Benign,Benign,0.02875156625897944,0.7895360625719777,0.18171237116904262
120,Benign,Benign,0.0,0.9835554990542894,0.016444500945710514
121,Benign,Benign,0.0,0.9908842038390064,0.009115796160993525
122,Benign,Benign,0.0,0.9845963411199709,0.01540365888002895
123,Benign,Benign,0.0,0.9998498393306899,0.0001501606693100793
124,Background,Background,1.0,0.0,0.0
125,Background,Background,0.9999251545720794,7.484542792059877e-05,0.0
126,Background,Benign,0.2522997155602106,0.7475796677493848,0.00012061669040446809
127,Benign,Benign,0.0,1.0,0.0
128,Benign,Benign,0.0,1.0,0.0
129,Benign,Benign,0.0,1.0,0.0
130,Benign,Benign,0.0,1.0,0.0
131,Benign,Benign,0.0,1.0,0.0
132,Benign,Benign,0.0,1.0,0.0
133,Benign,Benign,0.0,1.0,0.0
134,Benign,Benign,0.0,1.0,0.0
135,Background,Background,1.0,0.0,0.0
136,Benign,Benign,0.0,0.984649967322598,0.015350032677401983
137,Benign,Benign,0.0,0.9810961494086023,0.01890385059139753
138,Background,Benign,0.2522997155602106,0.7475796677493848,0.00012061669040446809
139,Background,Benign,0.2522997155602106,0.7475796677493848,0.00012061669040446809
140,Background,Background,1.0,0.0,0.0
141,Background,Background,1.0,0.0,0.0
142,Background,Background,1.0,0.0,0.0
143,Background,Background,0.9689079398742044,0.026359380159378075,0.004732679966417607
144,Benign,Benign,0.0,1.0,0.0
145,Background,Background,0.9389932263756541,0.06100677362434593,0.0
146,Background,Background,1.0,0.0,0.0
147,Benign,Benign,0.007460901563937442,0.9529380994620733,0.03960099897398928
148,Background,Background,1.0,0.0,0.0
149,Background,Background,1.0,0.0,0.0
150,Benign,Benign,0.017460901563937443,0.9741999016736316,0.008339196762430981
151,Background,Background,1.0,0.0,0.0
152,Benign,Benign,0.0,0.9835554990542894,0.016444500945710514
153,Benign,Benign,0.0,0.9878370274478283,0.0121629725521717
154,Background,Background,1.0,0.0,0.0
155,Benign,Benign,0.0,0.9918533359146139,0.008146664085386031
156,Benign,Benign,0.0007018644244857024,0.9235582411237041,0.07573989445181022
157,Benign,Benign,0.010934008424281662,0.8977675813468281,0.0912984102288902
158,Background,Background,1.0,0.0,0.0
159,Background,Benign,0.2522997155602106,0.7475796677493848,0.00012061669040446809
160,Benign,Benign,0.0,1.0,0.0
161,Background,Benign,0.2522997155602106,0.7475796677493848,0.00012061669040446809
162,Benign,Benign,0.0,1.0,0.0
163,Benign,Benign,0.0,1.0,0.0
164,Benign,Benign,0.0,1.0,0.0
165,Benign,Benign,0.0,1.0,0.0
166,Benign,Benign,0.0,1.0,0.0
167,Benign,Benign,0.0,1.0,0.0
168,Benign,Benign,0.0,1.0,0.0
169,Background,Benign,0.39298495708947007,0.6069523248759175,6.271803461247183e-05
170,Background,Benign,0.06778257839357846,0.9322174216064216,0.0
171,Background,Benign,0.47490406349107095,0.5250536084571065,4.2328051822310574e-05
172,Background,Benign,0.1856986914678208,0.8143013085321791,0.0
173,Background,Benign,0.1856986914678208,0.8143013085321791,0.0
174,Background,Benign,0.4652694245318409,0.5347305754681592,0.0
175,Background,Benign,0.16784103252464624,0.8321589674753536,0.0
176,Background,Benign,0.06314727171832296,0.9367900102470645,6.271803461247183e-05
177,Background,Background,0.9999251545720794,7.484542792059877e-05,0.0
178,Background,Background,1.0,0.0,0.0
179,Background,Background,1.0,0.0,0.0
180,Background,Background,1.0,0.0,0.0
181,Background,Background,1.0,0.0,0.0
182,Background,Background,1.0,0.0,0.0
183,Background,Background,0.9999251545720794,7.484542792059877e-05,0.0
184,Background,Background,1.0,0.0,0.0
185,Background,Background,0.8228714638192643,0.11908412223258226,0.05804441394815345
186,Background,Benign,0.49423919882622336,0.5057608011737765,0.0
187,Background,Background,0.5886939531775957,0.4113060468224044,0.0
188,Background,Background,0.7788412685045517,0.2211587314954484,0.0
189,Background,Benign,0.39824582756402427,0.6017541724359758,0.0
190,Background,Background,0.9788307867591876,0.01891341926959143,0.0022557939712210904
191,Background,Background,1.0,0.0,0.0
192,Background,Background,1.0,0.0,0.0
193,Background,Background,1.0,0.0,0.0
194,Background,Background,1.0,0.0,0.0
195,Background,Background,0.9999251545720794,7.484542792059877e-05,0.0
196,Background,Background,0.9999251545720794,7.484542792059877e-05,0.0
197,Benign,Benign,0.0,1.0,0.0
198,Background,Benign,0.15403201722608797,0.8459679827739122,0.0
199,Background,Background,0.5401588505244844,0.45984114947551524,0.0
200,Background,Benign,0.3817786954232736,0.6182213045767264,0.0
201,Background,Background,0.5401588505244844,0.45984114947551524,0.0
202,Background,Background,1.0,0.0,0.0
203,Background,Background,0.8064661433093986,0.1935338566906014,0.0
204,Background,Benign,0.4840061460329965,0.5159938539670034,0.0
205,Background,Background,0.5929323662324699,0.4070676337675298,0.0
206,Background,Background,0.996572949365361,0.0034270506346390063,0.0
207,Benign,Benign,0.0,1.0,0.0
208,Background,Background,1.0,0.0,0.0
209,Background,Background,1.0,0.0,0.0
210,Background,Benign,0.40920497117803195,0.5907323107873558,6.271803461247183e-05
211,Background,Background,0.8394281382540408,0.16057186174595908,0.0
212,Benign,Background,0.6056500784244349,0.39434992157556503,0.0
213,Background,Background,0.6836657212047599,0.3163342787952399,0.0
214,Background,Benign,0.4040188125128411,0.595981187487159,0.0
215,Background,Background,0.5886939531775957,0.4113060468224044,0.0
216,Background,Background,0.585292630784975,0.41470736921502527,0.0
217,Background,Background,0.5268473740773223,0.47315262592267765,0.0
218,Background,Background,0.5743830026304928,0.4256169973695073,0.0
219,Background,Background,1.0,0.0,0.0
220,Background,Background,0.7059190702595268,0.2940809297404731,0.0
221,Background,Background,0.9999251545720794,7.484542792059877e-05,0.0
222,Background,Background,1.0,0.0,0.0
223,Background,Background,1.0,0.0,0.0
224,Background,Background,0.5521577956588537,0.4478422043411461,0.0
225,Background,Background,0.9006106878968204,0.09938931210317968,0.0
226,Background,Background,0.7477553842456932,0.25224461575430657,0.0
227,Benign,Benign,0.34985689506980155,0.6501431049301983,0.0
228,Background,Background,0.9006106878968204,0.09938931210317968,0.0
229,Background,Benign,0.18148476447925282,0.8185152355207472,0.0
230,Background,Benign,0.433523715987991,0.566476284012009,0.0
231,Background,Background,0.5924199261490535,0.4075800738509465,0.0
232,Background,Background,0.9918947201797534,0.008105279820246584,0.0
233,Background,Benign,0.21271304498495128,0.7872242369804364,6.271803461247183e-05
234,Background,Background,0.7977216763305427,0.20227832366945736,0.0
235,Background,Background,0.8362016783540702,0.1637983216459301,0.0
236,Background,Background,0.8394281382540408,0.16057186174595908,0.0
237,Background,Background,0.5113326826385899,0.48866731736141006,0.0
238,Background,Background,0.5886939531775957,0.4113060468224044,0.0
239,Background,Background,0.6056500784244349,0.39434992157556503,0.0
240,Benign,Background,0.5002764387907385,0.4997235612092614,0.0
241,Background,Background,0.5411924378492522,0.4588075621507478,0.0
242,Background,Background,0.5113326826385899,0.48866731736141006,0.0
243,Background,Background,0.6510416072450651,0.348958392754935,0.0
244,Background,Background,0.5002764387907385,0.4997235612092614,0.0
245,Background,Background,0.5743830026304928,0.4256169973695073,0.0
246,Background,Benign,0.4877214292171754,0.5122785707828246,0.0
247,Background,Benign,0.3614129772540896,0.6385870227459103,0.0
248,Background,Background,0.7419771812036473,0.2580228187963529,0.0
249,Background,Background,1.0,0.0,0.0
250,Background,Background,1.0,0.0,0.0
251,Background,Background,0.564069053784367,0.4359309462156329,0.0
252,Background,Benign,0.4324753739782534,0.5674822979699243,4.2328051822310574e-05
253,Background,Background,1.0,0.0,0.0
254,Background,Background,1.0,0.0,0.0
255,Background,Background,0.9999251545720794,7.484542792059877e-05,0.0
256,Background,Background,1.0,0.0,0.0
257,Background,Background,0.7910657594843107,0.20893424051568918,0.0
258,Background,Benign,0.3883792679661108,0.6116207320338891,0.0
259,Benign,Background,0.6807720540354525,0.31922794596454773,0.0
260,Background,Benign,0.33465648037740364,0.6653435196225963,0.0
261,Background,Background,0.5297014769257165,0.47029852307428366,0.0
262,Background,Background,0.5297014769257165,0.47029852307428366,0.0
263,Background,Background,0.6126085172570037,0.38739148274299623,0.0
264,Background,Benign,0.27674304665821026,0.7232569533417896,0.0
265,Background,Background,0.8443780996942355,0.15562190030576448,0.0
266,Background,Benign,0.21179068451878993,0.7882093154812098,0.0
267,Background,Benign,0.39298495708947007,0.6069523248759175,6.271803461247183e-05
268,Background,Background,0.6801278648518411,0.31987213514815926,0.0
269,Background,Background,0.9751540588435154,0.0248459411564847,0.0
270,Background,Background,0.9999251545720794,7.484542792059877e-05,0.0
271,Background,Background,1.0,0.0,0.0
272,Background,Background,1.0,0.0,0.0
273,Background,Benign,0.36547688822440955,0.6344603937409784,6.271803461247183e-05
274,Background,Benign,0.3099991680823939,0.6899585038657838,4.2328051822310574e-05
275,Background,Benign,0.4639955417136896,0.5360044582863104,0.0
276,Benign,Benign,0.4537302156399229,0.546269784360077,0.0
277,Background,Benign,0.4537302156399229,0.546269784360077,0.0
278,Background,Background,0.6958235018547799,0.3041764981452199,0.0
279,Benign,Background,0.8362016783540702,0.1637983216459301,0.0
280,Background,Background,0.6029067568857897,0.3970932431142103,0.0
281,Benign,Background,0.8869493650951177,0.11305063490488214,0.0
282,Background,Background,0.6729068093083825,0.3270931906916175,0.0
283,Background,Background,0.6836657212047599,0.3163342787952399,0.0
284,Background,Benign,0.4537302156399229,0.546269784360077,0.0
285,Background,Background,0.7505822799679588,0.2494177200320411,0.0
286,Background,Background,0.6443884771020629,0.35561152289793685,0.0
287,Background,Background,0.6842902334731806,0.31570976652681954,0.0
288,Background,Background,0.5290444694490414,0.4709555305509586,0.0
289,Background,Background,0.6056500784244349,0.39434992157556503,0.0
290,Background,Benign,0.4324753739782534,0.5674822979699243,4.2328051822310574e-05
291,Background,Background,1.0,0.0,0.0
292,Background,Background,1.0,0.0,0.0
293,Benign,Benign,0.00423817093993976,0.8929941286473538,0.10276770041270655
294,Background,Background,1.0,0.0,0.0
295,Background,Benign,0.2522997155602106,0.7475796677493848,0.00012061669040446809
296,Background,Benign,0.2522997155602106,0.7475796677493848,0.00012061669040446809
297,Background,Background,0.9999251545720794,7.484542792059877e-05,0.0
298,Background,Background,0.5207418247561947,0.47925817524380526,0.0
299,Background,Background,1.0,0.0,0.0
300,Background,Background,1.0,0.0,0.0
301,Background,Background,1.0,0.0,0.0
302,Background,Background,0.837148237342067,0.16285176265793275,0.0
303,Background,Background,1.0,0.0,0.0
304,Background,Background,0.996877848767146,0.0024539314537614164,0.0006682197790926471
305,Background,Benign,0.07016709303917013,0.9298329069608298,0.0
306,Background,Benign,0.25754268436720823,0.7424149875809691,4.2328051822310574e-05
307,Background,Benign,0.16784103252464624,0.8321589674753536,0.0
308,Background,Background,0.744494179653508,0.2555058203464921,0.0
309,Background,Benign,0.23790743610006437,0.7620925638999355,0.0
310,Background,Background,0.744494179653508,0.2555058203464921,0.0
311,Background,Benign,0.38715647334314135,0.6128435266568586,0.0
312,Background,Benign,0.2691903553759294,0.7308096446240707,0.0
313,Background,Background,0.5868227816358074,0.4131772183641926,0.0
314,Background,Benign,0.41174798593237893,0.588252014067621,0.0
315,Background,Benign,0.4975873896562041,0.5023498923091835,6.271803461247183e-05
316,Background,Benign,0.1574936420853562,0.8424640298628213,4.2328051822310574e-05
317,Background,Benign,0.23355971914969434,0.7664402808503052,0.0
318,Benign,Benign,0.10996970666848521,0.8899675752969024,6.271803461247183e-05
319,Background,Background,0.584155967101885,0.41584403289811506,0.0
320,Background,Benign,0.28567243930658315,0.714327560693417,0.0
321,Background,Background,0.9971590717536664,0.0,0.0028409282463336518
322,Background,Benign,0.24603895526055475,0.753961044739445,0.0
323,Background,Benign,0.25243876310722496,0.747561236892775,0.0
324,Background,Benign,0.25243876310722496,0.747561236892775,0.0
325,Background,Benign,0.4652694245318409,0.5347305754681592,0.0
326,Background,Benign,0.25261021763734354,0.7473474543108339,4.2328051822310574e-05
327,Background,Benign,0.20720970982904288,0.7927902901709574,0.0
328,Background,Background,0.5672685740286274,0.43273142597137243,0.0
329,Benign,Benign,0.2747504058978982,0.7252495941021015,0.0
330,Background,Benign,0.2747504058978982,0.7252495941021015,0.0
331,Background,Background,0.5737765102041503,0.4262234897958497,0.0
332,Background,Background,0.6824771057333138,0.31752289426668645,0.0
333,Background,Background,0.5327374684143473,0.46726253158565256,0.0
334,Background,Benign,0.4967687582964719,0.5032312417035282,0.0
335,Background,Background,0.5560246914134338,0.4439753085865663,0.0
336,Background,Benign,0.23418819469460048,0.7658118053053998,0.0
337,Background,Benign,0.08414467505237097,0.9017895451080462,0.014065779839582628
338,Background,Benign,0.11899615149700182,0.8810038485029982,0.0
339,Background,Benign,0.4975873896562041,0.5023498923091835,6.271803461247183e-05
340,Background,Background,0.7059190702595268,0.2940809297404731,0.0
341,Background,Background,0.5622172374215054,0.43778276257849463,0.0
342,Benign,Background,0.5223495114765906,0.47765048852340947,0.0
343,Background,Background,0.8428511578069633,0.15714884219303665,0.0
344,Background,Benign,0.4040188125128411,0.595981187487159,0.0
345,Background,Background,0.5231604861257128,0.4768395138742872,0.0
346,Background,Benign,0.3180455657597312,0.6819544342402689,0.0
347,Background,Benign,0.3864411508873863,0.6135588491126138,0.0
348,Background,Benign,0.44755001062553823,0.5524499893744618,0.0
349,Background,Benign,0.3614129772540896,0.6385870227459103,0.0
350,Background,Benign,0.47490406349107095,0.5250536084571065,4.2328051822310574e-05
351,Background,Benign,0.3689837727235233,0.6309535092418644,6.271803461247183e-05
352,Background,Benign,0.07520647568080148,0.9247935243191986,0.0
353,Background,Benign,0.28567243930658315,0.714327560693417,0.0
354,Background,Benign,0.1580251861059253,0.8419748138940745,0.0
355,Background,Background,0.5906702401068825,0.40928743184129524,4.2328051822310574e-05
356,Background,Benign,0.19442227687452257,0.8055777231254777,0.0
357,Background,Benign,0.39298495708947007,0.6069523248759175,6.271803461247183e-05
358,Background,Background,0.6029067568857897,0.3970932431142103,0.0
359,Background,Background,0.517444076918757,0.4825559230812429,0.0
360,Background,Background,0.5231604861257128,0.4768395138742872,0.0
361,Background,Background,0.6510416072450651,0.348958392754935,0.0
362,Background,Background,0.5002764387907385,0.4997235612092614,0.0
363,Background,Background,0.6836657212047599,0.3163342787952399,0.0
364,Background,Background,0.7059190702595268,0.2940809297404731,0.0
365,Benign,Background,0.6826289134156674,0.31737108658433244,0.0
366,Background,Background,0.6318433748127816,0.36815662518721803,0.0
367,Background,Background,0.5955172728896823,0.4044827271103177,0.0
368,Background,Background,0.588659153957939,0.4113408460420611,0.0
369,Background,Benign,0.4324753739782534,0.5674822979699243,4.2328051822310574e-05
370,Background,Background,0.8793429041448332,0.12065709585516689,0.0
371,Background,Background,0.7477553842456932,0.25224461575430657,0.0
372,Background,Background,0.9042496350732253,0.09575036492677466,0.0
373,Benign,Background,0.8428511578069633,0.15714884219303665,0.0
374,Background,Background,0.5381185839306033,0.46188141606939664,0.0
375,Background,Background,0.7283841493899397,0.27161585061006027,0.0
376,Background,Background,0.6056500784244349,0.39434992157556503,0.0
377,Background,Background,0.6731765036329578,0.3268234963670422,0.0
378,Background,Background,0.8876635811367766,0.11233641886322342,0.0
379,Background,Background,0.8533560969290092,0.14664390307099098,0.0
380,Background,Background,0.8428511578069633,0.15714884219303665,0.0
381,Background,Background,0.585292630784975,0.41470736921502527,0.0
382,Background,Background,0.5743830026304928,0.4256169973695073,0.0
383,Background,Background,0.8876635811367766,0.11233641886322342,0.0
384,Background,Background,0.50080672911903,0.49919327088096993,0.0
385,Background,Background,0.7419771812036473,0.2580228187963529,0.0
386,Benign,Background,0.5743830026304928,0.4256169973695073,0.0
387,Background,Background,0.8596350844117839,0.14036491558821612,0.0
388,Background,Background,0.6807720540354525,0.31922794596454773,0.0
389,Background,Background,0.6849640527709735,0.3150359472290265,0.0
390,Background,Background,0.8443780996942355,0.15562190030576448,0.0
391,Background,Background,0.5297014769257165,0.47029852307428366,0.0
392,Background,Background,0.759857277070723,0.24014272292927707,0.0
393,Background,Background,0.6696478168452309,0.33035218315476944,0.0
394,Background,Benign,0.09511410259605454,0.9048858974039452,0.0
395,Benign,Benign,0.21179068451878993,0.7882093154812098,0.0
396,Benign,Background,0.5427818401372152,0.4572181598627848,0.0
397,Background,Benign,0.36547688822440955,0.6344603937409784,6.271803461247183e-05
398,Background,Background,0.8869493650951177,0.11305063490488214,0.0
399,Background,Background,0.6842902334731806,0.31570976652681954,0.0
400,Background,Background,0.8302975556706467,0.1697024443293531,0.0
401,Background,Background,0.7422625535300392,0.2577374464699609,0.0
402,Benign,Background,0.8302975556706467,0.1697024443293531,0.0
403,Background,Background,0.6958235018547799,0.3041764981452199,0.0
404,Background,Background,0.7283841493899397,0.27161585061006027,0.0
405,Background,Background,0.6094090329722807,0.3905909670277194,0.0
406,Background,Benign,0.23600149873554296,0.7639985012644571,0.0
407,Background,Benign,0.23600149873554296,0.7639985012644571,0.0
408,Background,Benign,0.39298495708947007,0.6069523248759175,6.271803461247183e-05
409,Background,Benign,0.06640590382068,0.9335517681274973,4.2328051822310574e-05
410,Background,Benign,0.23600149873554296,0.7639985012644571,0.0
411,Background,Background,0.6094090329722807,0.3905909670277194,0.0
412,Background,Benign,0.433523715987991,0.566476284012009,0.0
413,Background,Background,0.5775691022816859,0.4224308977183142,0.0
414,Background,Benign,0.4647839449834653,0.5352160550165348,0.0
415,Background,Benign,0.36291133273847254,0.6370886672615275,0.0
416,Background,Background,1.0,0.0,0.0
417,Background,Background,0.9638714581708921,0.03597581765031175,0.00015272417879607403
418,Background,Background,0.9780872767316532,0.016060031110118805,0.005852692158228152
419,Background,Background,0.9756866298874672,0.017741055004885282,0.00657231510764752
420,Background,Benign,0.031492158408689616,0.9684451235566979,6.271803461247183e-05
421,Background,Background,0.5030457473521284,0.4831577444873449,0.0137965081605269
422,Background,Benign,0.3689837727235233,0.6309535092418644,6.271803461247183e-05
423,Background,Benign,0.25243876310722496,0.747561236892775,0.0
424,Benign,Benign,0.13536324871675165,0.8646367512832482,0.0
425,Background,Benign,0.07589666330765793,0.9100375568527592,0.014065779839582628
426,Benign,Benign,0.07016709303917013,0.9298329069608298,0.0
427,Background,Benign,0.2811524680990702,0.7188475319009302,0.0
428,Background,Background,0.5761749597155109,0.4238250402844892,0.0
429,Background,Benign,0.3765162884859746,0.6234837115140253,0.0
430,Background,Benign,0.2747504058978982,0.7252495941021015,0.0
431,Background,Benign,0.12194448664749935,0.8780555133525005,0.0
432,Background,Benign,0.3773458733192055,0.6226541266807947,0.0
433,Background,Benign,0.37646068945761557,0.6235393105423845,0.0
434,Background,Benign,0.45002434561782,0.5499756543821799,0.0
435,Background,Benign,0.3817786954232736,0.6182213045767264,0.0
436,Background,Benign,0.36941900348691786,0.6305809965130821,0.0
437,Background,Benign,0.4652694245318409,0.5347305754681592,0.0
438,Background,Benign,0.38262289498721913,0.6173771050127809,0.0
439,Background,Benign,0.25243876310722496,0.747561236892775,0.0
440,Background,Benign,0.25243876310722496,0.747561236892775,0.0
441,Background,Benign,0.40865298159113955,0.5913470184088605,0.0
442,Background,Background,0.6510416072450651,0.348958392754935,0.0
443,Background,Background,0.7078713788317704,0.29212862116822946,0.0
444,Benign,Background,0.6670148510907018,0.3329851489092984,0.0
445,Background,Background,0.5381185839306033,0.46188141606939664,0.0
446,Background,Background,0.50080672911903,0.49919327088096993,0.0
447,Background,Background,0.7208744732597164,0.27912552674028346,0.0
448,Background,Background,0.6836657212047599,0.3163342787952399,0.0
449,Background,Background,0.6958235018547799,0.3041764981452199,0.0
450,Background,Background,0.7283841493899397,0.27161585061006027,0.0
451,Background,Background,0.6493503875926345,0.35064961240736553,0.0
452,Background,Background,0.5725799355406963,0.4274200644593036,0.0
453,Background,Background,0.6958235018547799,0.3041764981452199,0.0
454,Background,Background,0.6443884771020629,0.35561152289793685,0.0
455,Background,Benign,0.4760367668954952,0.5239632331045047,0.0
456,Background,Background,0.6485565678127998,0.3514434321872002,0.0
457,Background,Background,0.7618917362318065,0.23804554573358103,6.271803461247183e-05
458,Background,Benign,0.13700281795157807,0.8629971820484221,0.0
459,Background,Benign,0.38715647334314135,0.6128435266568586,0.0
460,Background,Benign,0.10996970666848521,0.8899675752969024,6.271803461247183e-05
461,Background,Benign,0.13700281795157807,0.8629971820484221,0.0
462,Benign,Benign,0.19442227687452257,0.8055777231254777,0.0
463,Background,Benign,0.33622941166696996,0.6637705883330304,0.0
464,Benign,Benign,0.06778257839357846,0.9322174216064216,0.0
465,Background,Background,0.6751927406320098,0.3248072593679902,0.0
466,Benign,Background,0.6029067568857897,0.3970932431142103,0.0
467,Benign,Background,0.5566975547116572,0.44330244528834284,0.0
468,Background,Background,0.6443884771020629,0.35561152289793685,0.0
469,Background,Background,0.6729068093083825,0.3270931906916175,0.0
470,Background,Background,0.7419771812036473,0.2580228187963529,0.0
471,Background,Benign,0.39788439265913794,0.602115607340862,0.0
472,Background,Benign,0.4324753739782534,0.5674822979699243,4.2328051822310574e-05
473,Background,Background,0.8603367228070493,0.13966327719295077,0.0
474,Background,Benign,0.11637443054884392,0.8835628514165436,6.271803461247183e-05
475,Background,Background,0.8164944478603542,0.18350555213964564,0.0
476,Background,Background,0.8869493650951177,0.11305063490488214,0.0
477,Background,Background,0.6256395404304573,0.3743604595695426,0.0
478,Background,Background,0.9042496350732253,0.09575036492677466,0.0
479,Background,Background,0.6836657212047599,0.3163342787952399,0.0
480,Background,Background,0.6443884771020629,0.35561152289793685,0.0
481,Background,Background,0.7208744732597164,0.27912552674028346,0.0
482,Background,Background,0.5566975547116572,0.44330244528834284,0.0
483,Background,Background,0.5774233429876761,0.422576657012324,0.0
484,Background,Background,0.6257955338356475,0.3742044661643525,0.0
485,Background,Background,0.5774233429876761,0.422576657012324,0.0
486,Background,Background,0.5290444694490414,0.4709555305509586,0.0
487,Background,Benign,0.37221638543982816,0.6277836145601721,0.0
488,Background,Benign,0.44953902697059805,0.550460973029402,0.0
489,Benign,Background,0.6731765036329578,0.3268234963670422,0.0
490,Background,Background,0.6056500784244349,0.39434992157556503,0.0
491,Background,Background,0.5886939531775957,0.4113060468224044,0.0
492,Background,Background,0.5774233429876761,0.422576657012324,0.0
493,Background,Background,0.6318433748127816,0.36815662518721803,0.0
494,Background,Benign,0.39788439265913794,0.602115607340862,0.0
495,Background,Benign,0.447836769444482,0.552163230555518,0.0
496,Benign,Background,0.5886939531775957,0.4113060468224044,0.0
497,Background,Benign,0.3933494810555987,0.6066505189444014,0.0
498,Background,Benign,0.4324753739782534,0.5674822979699243,4.2328051822310574e-05
499,Background,Benign,0.48382256700399173,0.5161147149613958,6.271803461247183e-05
500,Background,Background,0.7603698874459206,0.23963011255407932,0.0
501,Background,Background,0.6600756358001871,0.339924364199813,0.0
502,Background,Background,0.5236792927663717,0.47632070723362824,0.0
503,Background,Background,0.7865827177384196,0.2134172822615804,0.0
504,Background,Benign,0.3930782297986612,0.606921770201339,0.0
505,Background,Benign,0.3503437928983925,0.6496562071016072,0.0
506,Background,Background,0.6535491519799799,0.34645084802002013,0.0
507,Background,Background,0.7593746194202164,0.24062538057978367,0.0
508,Background,Background,0.6801278648518411,0.31987213514815926,0.0
509,Background,Benign,0.36436841257667896,0.635631587423321,0.0
510,Background,Background,0.5788581186941739,0.42114188130582625,0.0
511,Background,Benign,0.3460236499931262,0.6539763500068736,0.0
512,Background,Background,0.8326462650541021,0.16735373494589775,0.0
513,Benign,Background,0.7013905702644219,0.298609429735578,0.0
514,Background,Background,0.9042496350732253,0.09575036492677466,0.0
515,Background,Background,0.5775691022816859,0.4224308977183142,0.0
516,Benign,Background,0.6658385728769295,0.33416142712307023,0.0
517,Background,Benign,0.4537302156399229,0.546269784360077,0.0
518,Background,Benign,0.4975873896562041,0.5023498923091835,6.271803461247183e-05
519,Background,Benign,0.35061766729193594,0.6493196146734516,6.271803461247183e-05
520,Background,Benign,0.36990378409147107,0.6300334978739165,6.271803461247183e-05
521,Background,Background,0.5138724551094555,0.48612754489054444,0.0
522,Background,Background,0.8533560969290092,0.14664390307099098,0.0
523,Background,Background,0.867693153240656,0.13230684675934398,0.0
524,Background,Background,0.5268473740773223,0.47315262592267765,0.0
525,Background,Benign,0.22248250372483966,0.7775174962751603,0.0
526,Background,Benign,0.4487743959732923,0.5512256040267077,0.0
527,Background,Benign,0.16552143990691875,0.834478560093081,0.0
528,Background,Benign,0.4536064651220688,0.546393534877931,0.0
529,Background,Background,0.7419771812036473,0.2580228187963529,0.0
530,Background,Background,0.6578148063748793,0.34218519362512095,0.0
531,Background,Background,0.7566348676025085,0.2433651323974915,0.0
532,Background,Background,1.0,0.0,0.0
533,Background,Background,1.0,0.0,0.0
534,Background,Background,1.0,0.0,0.0
535,Background,Background,1.0,0.0,0.0
536,Background,Background,1.0,0.0,0.0
537,Background,Background,1.0,0.0,0.0
538,Background,Background,1.0,0.0,0.0
539,Background,Background,1.0,0.0,0.0
540,Background,Background,1.0,0.0,0.0
541,Background,Background,1.0,0.0,0.0
542,Background,Background,1.0,0.0,0.0
543,Background,Background,1.0,0.0,0.0
544,Background,Background,1.0,0.0,0.0
545,Background,Background,1.0,0.0,0.0
546,Background,Background,1.0,0.0,0.0
547,Background,Background,1.0,0.0,0.0
548,Background,Background,1.0,0.0,0.0
549,Background,Background,1.0,0.0,0.0
550,Background,Background,0.9999251545720794,7.484542792059877e-05,0.0
551,Background,Background,1.0,0.0,0.0
552,Background,Background,1.0,0.0,0.0
553,Background,Background,0.9999251545720794,7.484542792059877e-05,0.0
554,Background,Background,1.0,0.0,0.0
555,Background,Background,1.0,0.0,0.0
556,Background,Background,1.0,0.0,0.0
557,Background,Background,1.0,0.0,0.0
558,Background,Background,0.9999251545720794,7.484542792059877e-05,0.0
559,Background,Background,1.0,0.0,0.0
560,Background,Background,1.0,0.0,0.0
561,Background,Background,1.0,0.0,0.0
562,Background,Background,1.0,0.0,0.0
563,Background,Background,1.0,0.0,0.0
564,Background,Background,0.9999251545720794,7.484542792059877e-05,0.0
565,Background,Benign,0.4324753739782534,0.5674822979699243,4.2328051822310574e-05
566,Background,Benign,0.4975873896562041,0.5023498923091835,6.271803461247183e-05
567,Background,Benign,0.13700281795157807,0.8629971820484221,0.0
568,Benign,Background,0.584155967101885,0.41584403289811506,0.0
569,Background,Benign,0.08455270566102174,0.9154472943389784,0.0
570,Background,Background,0.9929573051312182,0.007042694868781825,0.0
571,Background,Background,0.9948152610441767,0.005184738955823293,0.0
572,Background,Background,1.0,0.0,0.0
573,Background,Background,1.0,0.0,0.0
574,Background,Background,1.0,0.0,0.0
575,Background,Background,0.9999251545720794,7.484542792059877e-05,0.0
576,Background,Background,0.9999251545720794,7.484542792059877e-05,0.0
577,Background,Background,1.0,0.0,0.0
578,Background,Background,1.0,0.0,0.0
579,Background,Background,1.0,0.0,0.0
580,Background,Background,0.996877848767146,0.0024539314537614164,0.0006682197790926471
581,Background,Background,0.833277297292728,0.16672270270727185,0.0
582,Background,Background,0.9948152610441767,0.005184738955823293,0.0
583,Background,Background,1.0,0.0,0.0
584,Background,Background,0.9999251545720794,7.484542792059877e-05,0.0
585,Background,Background,1.0,0.0,0.0
586,Background,Background,1.0,0.0,0.0
587,Background,Background,1.0,0.0,0.0
588,Background,Background,1.0,0.0,0.0
589,Background,Background,0.9917046580773042,0.008295341922695737,0.0
590,Background,Background,0.9917046580773042,0.008295341922695737,0.0
591,Background,Background,0.9585546617340078,0.040366566222449655,0.0010787720435424697
592,Background,Background,0.9238900879224338,0.0761099120775662,0.0
593,Background,Background,1.0,0.0,0.0
594,Background,Background,1.0,0.0,0.0
595,Background,Background,1.0,0.0,0.0
596,Background,Background,1.0,0.0,0.0
597,Background,Background,1.0,0.0,0.0
598,Background,Background,0.9838263404570818,0.013899445335733509,0.0022742142071845496
599,Background,Background,0.9838263404570818,0.013899445335733509,0.0022742142071845496
600,Background,Background,1.0,0.0,0.0
601,Background,Background,0.999847275821204,0.0,0.00015272417879607403
602,Background,Background,1.0,0.0,0.0
603,Background,Background,0.9535765439205113,0.04414924187230417,0.0022742142071845496
604,Background,Background,0.9999251545720794,7.484542792059877e-05,0.0
605,Background,Background,1.0,0.0,0.0
606,Background,Background,1.0,0.0,0.0
607,Background,Background,1.0,0.0,0.0
608,Background,Background,0.9899251545720794,0.010074845427920597,0.0
609,Background,Background,1.0,0.0,0.0
610,Background,Background,1.0,0.0,0.0
611,Background,Background,0.9999251545720794,7.484542792059877e-05,0.0
612,Background,Background,1.0,0.0,0.0
613,Background,Background,0.9999251545720794,7.484542792059877e-05,0.0
614,Background,Background,0.9999251545720794,7.484542792059877e-05,0.0
615,Background,Background,1.0,0.0,0.0
616,Background,Background,0.999847275821204,0.0,0.00015272417879607403
617,Background,Background,1.0,0.0,0.0
618,Background,Background,1.0,0.0,0.0
619,Background,Background,1.0,0.0,0.0
620,Background,Background,0.9999251545720794,7.484542792059877e-05,0.0
621,Background,Background,0.9999251545720794,7.484542792059877e-05,0.0
622,Background,Background,0.9999251545720794,7.484542792059877e-05,0.0
623,Background,Background,1.0,0.0,0.0
624,Background,Background,1.0,0.0,0.0
625,Background,Background,0.9917577389644374,0.00808953685676647,0.00015272417879607403
626,Background,Background,0.9917577389644374,0.00808953685676647,0.00015272417879607403
627,Background,Background,1.0,0.0,0.0
628,Background,Background,0.9999251545720794,7.484542792059877e-05,0.0
629,Background,Background,1.0,0.0,0.0
630,Background,Background,0.9999251545720794,7.484542792059877e-05,0.0
631,Background,Background,0.9999251545720794,7.484542792059877e-05,0.0
632,Background,Background,1.0,0.0,0.0
633,Background,Background,1.0,0.0,0.0
634,Background,Background,0.9999251545720794,7.484542792059877e-05,0.0
635,Background,Background,0.9999251545720794,7.484542792059877e-05,0.0
636,Background,Background,1.0,0.0,0.0
637,Background,Background,0.99,0.01,0.0
638,Background,Background,1.0,0.0,0.0
639,Background,Background,1.0,0.0,0.0
640,Background,Background,0.9999251545720794,7.484542792059877e-05,0.0
641,Background,Background,1.0,0.0,0.0
642,Background,Background,1.0,0.0,0.0
643,Background,Background,1.0,0.0,0.0
644,Background,Background,1.0,0.0,0.0
645,Background,Background,1.0,0.0,0.0
646,Background,Background,1.0,0.0,0.0
647,Background,Background,1.0,0.0,0.0
648,Background,Background,0.9999251545720794,7.484542792059877e-05,0.0
649,Background,Background,1.0,0.0,0.0
650,Background,Background,0.996877848767146,0.0024539314537614164,0.0006682197790926471
651,Background,Background,0.9932291808178236,0.006770819182176336,0.0
652,Background,Background,0.9510391257870211,0.04896087421297881,0.0
653,Background,Background,0.8474578526185194,0.15254214738148048,0.0
654,Background,Background,1.0,0.0,0.0
655,Background,Background,1.0,0.0,0.0
656,Background,Background,0.9999251545720794,7.484542792059877e-05,0.0
657,Background,Background,1.0,0.0,0.0
658,Background,Background,0.9999251545720794,7.484542792059877e-05,0.0
659,Background,Background,1.0,0.0,0.0
660,Background,Background,0.9999251545720794,7.484542792059877e-05,0.0
661,Background,Background,1.0,0.0,0.0
662,Background,Background,0.9986797634136038,0.001320236586396282,0.0
663,Background,Background,0.9999251545720794,7.484542792059877e-05,0.0
664,Background,Background,1.0,0.0,0.0
665,Background,Background,0.9961501070288272,0.0009267698042995678,0.002923123166873208
666,Background,Background,1.0,0.0,0.0
667,Background,Background,1.0,0.0,0.0
668,Background,Background,0.9999251545720794,7.484542792059877e-05,0.0
669,Background,Background,1.0,0.0,0.0
670,Background,Background,1.0,0.0,0.0
671,Background,Background,1.0,0.0,0.0
672,Background,Background,1.0,0.0,0.0
673,Background,Background,1.0,0.0,0.0
674,Background,Background,0.9819709677419354,0.018029032258064518,0.0
675,Background,Background,1.0,0.0,0.0
676,Background,Background,1.0,0.0,0.0
677,Background,Background,1.0,0.0,0.0
678,Background,Background,1.0,0.0,0.0
679,Background,Background,1.0,0.0,0.0
680,Background,Background,1.0,0.0,0.0
681,Background,Background,1.0,0.0,0.0
682,Background,Background,0.9999251545720794,7.484542792059877e-05,0.0
683,Background,Background,1.0,0.0,0.0
684,Background,Background,1.0,0.0,0.0
685,Background,Background,1.0,0.0,0.0
686,Background,Background,0.9999251545720794,7.484542792059877e-05,0.0
687,Background,Background,1.0,0.0,0.0
688,Background,Background,1.0,0.0,0.0
689,Background,Background,1.0,0.0,0.0
690,Background,Background,1.0,0.0,0.0
691,Background,Background,1.0,0.0,0.0
692,Background,Background,1.0,0.0,0.0
693,Background,Background,0.9999251545720794,7.484542792059877e-05,0.0
694,Background,Background,1.0,0.0,0.0
695,Background,Background,1.0,0.0,0.0
696,Background,Background,0.998674217188541,0.0013257828114590273,0.0
697,Background,Background,1.0,0.0,0.0
698,Background,Background,1.0,0.0,0.0
699,Background,Background,1.0,0.0,0.0
700,Background,Background,1.0,0.0,0.0
701,Background,Background,0.9999251545720794,7.484542792059877e-05,0.0
702,Background,Background,1.0,0.0,0.0
703,Background,Background,0.9999251545720794,7.484542792059877e-05,0.0
704,Background,Background,0.5454034359457249,0.4194095609257584,0.035187003128516615
705,Background,Background,0.8103964016433279,0.1896035983566722,0.0
706,Background,Benign,0.2568515865428688,0.7431484134571312,0.0
707,Background,Background,1.0,0.0,0.0
708,Background,Background,1.0,0.0,0.0
709,Background,Background,1.0,0.0,0.0
710,Background,Background,0.8578647182818372,0.1421352817181626,0.0
711,Background,Background,0.99,0.01,0.0
712,Background,Background,0.992682622076255,0.006649158144652488,0.0006682197790926471
713,Background,Background,1.0,0.0,0.0
714,Background,Background,1.0,0.0,0.0
715,Background,Background,1.0,0.0,0.0
716,Background,Background,1.0,0.0,0.0
717,Background,Background,1.0,0.0,0.0
718,Background,Background,1.0,0.0,0.0
719,Background,Background,1.0,0.0,0.0
720,Background,Background,1.0,0.0,0.0
721,Background,Background,1.0,0.0,0.0
722,Background,Background,0.996877848767146,0.0024539314537614164,0.0006682197790926471
723,Background,Background,0.6388789400073493,0.3611210599926506,0.0
724,Background,Background,1.0,0.0,0.0
725,Background,Background,1.0,0.0,0.0
726,Background,Background,0.996877848767146,0.0024539314537614164,0.0006682197790926471
727,Background,Background,1.0,0.0,0.0
728,Background,Background,1.0,0.0,0.0
729,Background,Background,0.9986797634136038,0.001320236586396282,0.0
730,Background,Background,0.5070339683947386,0.49296603160526137,0.0
731,Background,Background,1.0,0.0,0.0
732,Background,Background,1.0,0.0,0.0
733,Background,Background,1.0,0.0,0.0
734,Background,Background,1.0,0.0,0.0
735,Background,Background,0.996877848767146,0.0024539314537614164,0.0006682197790926471
736,Background,Background,0.9999251545720794,7.484542792059877e-05,0.0
737,Background,Background,1.0,0.0,0.0
738,Background,Background,1.0,0.0,0.0
739,Background,Background,0.9999251545720794,7.484542792059877e-05,0.0
740,Benign,Benign,0.07016709303917013,0.9298329069608298,0.0
741,Background,Benign,0.36941900348691786,0.6305809965130821,0.0
742,Benign,Benign,0.32405335847959554,0.6759466415204042,0.0
743,Background,Benign,0.10531584174070308,0.8946841582592968,0.0
744,Benign,Background,0.744494179653508,0.2555058203464921,0.0
745,Background,Benign,0.4652694245318409,0.5347305754681592,0.0
746,Background,Benign,0.30674931845882336,0.6932506815411766,0.0
747,Background,Benign,0.3817786954232736,0.6182213045767264,0.0
748,Background,Benign,0.3817786954232736,0.6182213045767264,0.0
749,Background,Benign,0.3773458733192055,0.6226541266807947,0.0
750,Background,Background,0.6824771057333138,0.31752289426668645,0.0
751,Background,Benign,0.2747504058978982,0.7252495941021015,0.0
752,Background,Benign,0.2668152562482529,0.733184743751747,0.0
753,Background,Benign,0.44277060368095916,0.5572293963190407,0.0
754,Background,Benign,0.07589666330765793,0.9100375568527592,0.014065779839582628
755,Benign,Benign,0.1288985782188694,0.8710387037465184,6.271803461247183e-05
756,Background,Background,1.0,0.0,0.0
757,Background,Background,1.0,0.0,0.0
758,Background,Background,1.0,0.0,0.0
759,Background,Background,1.0,0.0,0.0
760,Background,Background,0.837148237342067,0.16285176265793275,0.0
761,Background,Background,0.996877848767146,0.0024539314537614164,0.0006682197790926471
762,Background,Background,1.0,0.0,0.0
763,Background,Background,1.0,0.0,0.0
764,Background,Background,0.996877848767146,0.0024539314537614164,0.0006682197790926471
765,Background,Benign,0.4975873896562041,0.5023498923091835,6.271803461247183e-05
766,Background,Benign,0.09683802686023782,0.9031619731397622,0.0
767,Background,Benign,0.42561348086141826,0.5743865191385819,0.0
768,Background,Benign,0.24603895526055475,0.753961044739445,0.0
769,Background,Benign,0.30246089991413433,0.6975391000858656,0.0
770,Background,Benign,0.4151265600676495,0.5848734399323505,0.0
771,Background,Benign,0.37646068945761557,0.6235393105423845,0.0
772,Background,Benign,0.24603895526055475,0.753961044739445,0.0
773,Background,Benign,0.4840061460329965,0.5159938539670034,0.0
774,Background,Benign,0.2668152562482529,0.733184743751747,0.0
775,Background,Background,0.8869493650951177,0.11305063490488214,0.0
776,Background,Background,0.5182410060020964,0.48175899399790345,0.0
777,Background,Benign,0.27876578584677136,0.721234214153229,0.0
778,Background,Benign,0.18476387269998015,0.8152361273000198,0.0
779,Background,Background,1.0,0.0,0.0
780,Background,Background,1.0,0.0,0.0
781,Background,Background,1.0,0.0,0.0
782,Background,Background,0.9999251545720794,7.484542792059877e-05,0.0
783,Benign,Benign,0.0,0.9904896059563926,0.009510394043607165
784,Background,Benign,0.2522997155602106,0.7475796677493848,0.00012061669040446809
785,Background,Background,1.0,0.0,0.0
786,Benign,Benign,0.0,1.0,0.0
787,Background,Background,1.0,0.0,0.0
788,Background,Background,1.0,0.0,0.0
789,Background,Background,1.0,0.0,0.0
790,Background,Background,1.0,0.0,0.0
791,Background,Benign,0.35227066736216406,0.6477293326378359,0.0
792,Background,Benign,0.38715647334314135,0.6128435266568586,0.0
793,Background,Benign,0.13700281795157807,0.8629971820484221,0.0
794,Background,Background,0.9999251545720794,7.484542792059877e-05,0.0
795,Background,Background,1.0,0.0,0.0
796,Background,Background,0.99,0.01,0.0
797,Background,Background,1.0,0.0,0.0
798,Background,Background,1.0,0.0,0.0
799,Background,Benign,0.45911330445376697,0.5408866955462329,0.0
800,Background,Background,0.6427162920202778,0.3572837079797218,0.0
801,Background,Background,0.8533560969290092,0.14664390307099098,0.0
802,Background,Background,0.6729068093083825,0.3270931906916175,0.0
803,Background,Background,0.7283841493899397,0.27161585061006027,0.0
804,Background,Background,0.8876635811367766,0.11233641886322342,0.0
805,Benign,Background,0.6661324736931686,0.3338675263068314,0.0
806,Background,Background,0.9899251545720794,0.010074845427920597,0.0
807,Benign,Benign,0.0,1.0,0.0
808,Background,Benign,0.4537302156399229,0.546269784360077,0.0
809,Background,Background,0.5725799355406963,0.4274200644593036,0.0
810,Benign,Background,0.9042496350732253,0.09575036492677466,0.0
811,Background,Background,0.6836657212047599,0.3163342787952399,0.0
812,Background,Background,0.8869493650951177,0.11305063490488214,0.0
813,Benign,Background,0.7477553842456932,0.25224461575430657,0.0
814,Background,Background,0.6443884771020629,0.35561152289793685,0.0
815,Background,Background,0.6836657212047599,0.3163342787952399,0.0
816,Background,Background,0.7283841493899397,0.27161585061006027,0.0
817,Background,Background,0.6231306943404787,0.37686930565952126,0.0
818,Background,Background,0.9042496350732253,0.09575036492677466,0.0
819,Background,Background,0.6826289134156674,0.31737108658433244,0.0
820,Background,Benign,0.45592514996667044,0.5440748500333297,0.0
821,Background,Background,0.8428511578069633,0.15714884219303665,0.0
822,Background,Background,1.0,0.0,0.0
823,Background,Background,0.5223495114765906,0.47765048852340947,0.0
824,Background,Background,0.6318433748127816,0.36815662518721803,0.0
825,Background,Background,0.6731765036329578,0.3268234963670422,0.0
826,Background,Background,0.5743830026304928,0.4256169973695073,0.0
827,Background,Background,0.6318433748127816,0.36815662518721803,0.0
828,Background,Benign,0.3933494810555987,0.6066505189444014,0.0
829,Background,Background,0.6510416072450651,0.348958392754935,0.0
830,Background,Background,0.5114787544741514,0.48852124552584847,0.0
831,Benign,Benign,0.44755001062553823,0.5524499893744618,0.0
832,Background,Benign,0.4324753739782534,0.5674822979699243,4.2328051822310574e-05
833,Background,Background,0.9985993717606205,0.001400628239379626,0.0
834,Background,Benign,0.35845645354476474,0.6414808284206229,6.271803461247183e-05
835,Background,Benign,0.48907687838165126,0.5109231216183487,0.0
836,Background,Background,0.6600756358001871,0.339924364199813,0.0
837,Background,Benign,0.3864411508873863,0.6135588491126138,0.0
838,Benign,Benign,0.40111291185361686,0.5988870881463833,0.0
839,Background,Background,0.5236792927663717,0.47632070723362824,0.0
840,Background,Background,0.8443780996942355,0.15562190030576448,0.0
841,Background,Background,0.8267448624783813,0.17325513752161842,0.0
842,Background,Benign,0.20427307488434207,0.795726925115658,0.0
843,Background,Background,0.8659554887551053,0.13404451124489467,0.0
844,Background,Benign,0.39824582756402427,0.6017541724359758,0.0
845,Background,Background,0.6849640527709735,0.3150359472290265,0.0
846,Background,Benign,0.36436841257667896,0.635631587423321,0.0
847,Background,Benign,0.4268666418486318,0.5731333581513681,0.0
848,Background,Background,0.8659554887551053,0.13404451124489467,0.0
849,Benign,Background,0.6801278648518411,0.31987213514815926,0.0
850,Background,Background,0.7142519235410627,0.2857480764589372,0.0
851,Background,Background,0.727202276192803,0.2727977238071971,0.0
852,Background,Background,0.9830835217758965,0.013203067428263542,0.0037134107958399754
853,Background,Background,1.0,0.0,0.0
854,Background,Background,1.0,0.0,0.0
855,Background,Benign,0.04769654359745448,0.952240738367933,6.271803461247183e-05
856,Background,Background,1.0,0.0,0.0
857,Benign,Background,0.8263807146320584,0.17361928536794133,0.0
858,Background,Background,0.6453942707306808,0.35460572926931894,0.0
859,Background,Background,0.8394281382540408,0.16057186174595908,0.0
860,Background,Background,1.0,0.0,0.0
861,Background,Background,0.9006106878968204,0.09938931210317968,0.0
862,Background,Background,0.50080672911903,0.49919327088096993,0.0
863,Background,Background,0.6453942707306808,0.35460572926931894,0.0
864,Background,Background,0.5924199261490535,0.4075800738509465,0.0
865,Background,Background,0.8263807146320584,0.17361928536794133,0.0
866,Background,Background,0.8263807146320584,0.17361928536794133,0.0
867,Benign,Background,0.5774233429876761,0.422576657012324,0.0
868,Background,Background,1.0,0.0,0.0
869,Background,Background,1.0,0.0,0.0
870,Background,Background,1.0,0.0,0.0
871,Background,Background,1.0,0.0,0.0
872,Background,Background,1.0,0.0,0.0
873,Background,Background,1.0,0.0,0.0
874,Background,Background,1.0,0.0,0.0
875,Background,Background,0.9999251545720794,7.484542792059877e-05,0.0
876,Background,Background,1.0,0.0,0.0
877,Background,Background,0.9999251545720794,7.484542792059877e-05,0.0
878,Background,Background,0.9999251545720794,7.484542792059877e-05,0.0
879,Background,Background,1.0,0.0,0.0
880,Background,Benign,0.29095467476719294,0.7089826071981946,6.271803461247183e-05
881,Background,Benign,0.1856986914678208,0.8143013085321791,0.0
882,Background,Benign,0.1856986914678208,0.8143013085321791,0.0
883,Background,Background,0.9999251545720794,7.484542792059877e-05,0.0
884,Background,Background,1.0,0.0,0.0
885,Background,Background,0.9961501070288272,0.0009267698042995678,0.002923123166873208
886,Background,Background,1.0,0.0,0.0
887,Background,Background,0.9999251545720794,7.484542792059877e-05,0.0
888,Background,Background,1.0,0.0,0.0
889,Background,Background,0.9999251545720794,7.484542792059877e-05,0.0
890,Background,Background,1.0,0.0,0.0
891,Background,Benign,0.14788401114714608,0.8521159888528537,0.0
892,Background,Benign,0.2868948510750398,0.71310514892496,0.0
893,Background,Background,0.7603698874459206,0.23963011255407932,0.0
894,Background,Background,0.6914415296938384,0.3085584703061619,0.0
895,Background,Background,0.736670241677676,0.26332975832232386,0.0
896,Background,Benign,0.4795671681400666,0.5204328318599335,0.0
897,Background,Benign,0.21179068451878993,0.7882093154812098,0.0
898,Background,Benign,0.01909583130601003,0.9809041686939899,0.0
899,Background,Background,1.0,0.0,0.0
900,Background,Background,1.0,0.0,0.0
901,Background,Background,1.0,0.0,0.0
902,Background,Background,1.0,0.0,0.0
903,Background,Background,1.0,0.0,0.0
904,Background,Background,1.0,0.0,0.0
905,Background,Background,1.0,0.0,0.0
906,Background,Background,0.9999251545720794,7.484542792059877e-05,0.0
907,Background,Background,1.0,0.0,0.0
908,Background,Background,0.996877848767146,0.0024539314537614164,0.0006682197790926471
909,Background,Background,1.0,0.0,0.0
910,Background,Benign,0.19442227687452257,0.8055777231254777,0.0
911,Background,Benign,0.43407456071075606,0.5659254392892441,0.0
912,Background,Background,0.5247195406379227,0.47521774132746486,6.271803461247183e-05
913,Background,Benign,0.3856653102498217,0.6143346897501784,0.0
914,Background,Benign,0.4258853874326005,0.5741146125673994,0.0
915,Background,Benign,0.13700281795157807,0.8629971820484221,0.0
916,Background,Background,0.9999251545720794,7.484542792059877e-05,0.0
917,Background,Background,1.0,0.0,0.0
918,Background,Background,0.9948152610441767,0.005184738955823293,0.0
919,Background,Background,1.0,0.0,0.0
920,Background,Background,0.9999251545720794,7.484542792059877e-05,0.0
921,Background,Background,1.0,0.0,0.0
922,Background,Background,0.999847275821204,0.0,0.00015272417879607403
923,Background,Background,1.0,0.0,0.0
924,Background,Background,1.0,0.0,0.0
925,Background,Background,1.0,0.0,0.0
926,Background,Background,0.9999251545720794,7.484542792059877e-05,0.0
927,Background,Background,1.0,0.0,0.0
928,Background,Benign,0.3410066284928326,0.6589306534725549,6.271803461247183e-05
929,Background,Background,0.9961501070288272,0.0009267698042995678,0.002923123166873208
930,Background,Background,1.0,0.0,0.0
931,Background,Benign,0.4639955417136896,0.5360044582863104,0.0
932,Background,Benign,0.4537302156399229,0.546269784360077,0.0
933,Background,Background,0.9986797634136038,0.001320236586396282,0.0
934,Background,Background,1.0,0.0,0.0
935,Background,Background,1.0,0.0,0.0
936,Background,Benign,0.41205610451587416,0.5879438954841258,0.0
937,Background,Benign,0.20361950618496968,0.7963804938150304,0.0
938,Background,Benign,0.23790743610006437,0.7620925638999355,0.0
939,Background,Background,1.0,0.0,0.0
940,Background,Background,1.0,0.0,0.0
941,Background,Background,0.9999251545720794,7.484542792059877e-05,0.0
942,Background,Background,1.0,0.0,0.0
943,Background,Background,1.0,0.0,0.0
944,Background,Background,0.9999251545720794,7.484542792059877e-05,0.0
945,Background,Background,1.0,0.0,0.0
946,Background,Background,1.0,0.0,0.0
947,Background,Background,1.0,0.0,0.0
948,Background,Background,1.0,0.0,0.0
949,Background,Benign,0.3000155508498656,0.6999217311155219,6.271803461247183e-05
950,Background,Background,0.9502984916387023,3.825844607731395e-05,0.04966324991522047
951,Background,Background,1.0,0.0,0.0
952,Background,Background,1.0,0.0,0.0
953,Background,Background,1.0,0.0,0.0
954,Background,Background,0.9999251545720794,7.484542792059877e-05,0.0
955,Background,Background,1.0,0.0,0.0
956,Background,Background,1.0,0.0,0.0
957,Background,Background,0.9999251545720794,7.484542792059877e-05,0.0
958,Background,Background,1.0,0.0,0.0
959,Background,Background,1.0,0.0,0.0
960,Background,Background,1.0,0.0,0.0
961,Background,Background,1.0,0.0,0.0
962,Background,Background,0.9999251545720794,7.484542792059877e-05,0.0
963,Background,Background,1.0,0.0,0.0
964,Background,Background,1.0,0.0,0.0
965,Background,Background,1.0,0.0,0.0
966,Background,Background,1.0,0.0,0.0
967,Background,Background,1.0,0.0,0.0
968,Background,Background,1.0,0.0,0.0
969,Background,Background,1.0,0.0,0.0
970,Background,Benign,0.33622941166696996,0.6637705883330304,0.0
971,Background,Background,1.0,0.0,0.0
972,Background,Benign,0.1232840820996157,0.8767159179003844,0.0
973,Background,Benign,0.2568515865428688,0.7431484134571312,0.0
974,Background,Background,1.0,0.0,0.0
975,Background,Background,1.0,0.0,0.0
976,Background,Background,1.0,0.0,0.0
977,Background,Background,1.0,0.0,0.0
978,Background,Benign,0.2573373238984575,0.7389217220327194,0.0037409540688229208
979,Background,Benign,0.2879139327189925,0.712023349246395,6.271803461247183e-05
980,Background,Background,0.9999251545720794,7.484542792059877e-05,0.0
981,Background,Background,1.0,0.0,0.0
982,Background,Background,1.0,0.0,0.0
983,Background,Background,0.9986797634136038,0.001320236586396282,0.0
984,Background,Background,0.6996547520082571,0.2940958514969252,0.006249396494817836
985,Background,Background,1.0,0.0,0.0
986,Background,Background,1.0,0.0,0.0
987,Background,Background,0.9999251545720794,7.484542792059877e-05,0.0
988,Background,Background,1.0,0.0,0.0
989,Background,Background,1.0,0.0,0.0
990,Background,Background,1.0,0.0,0.0
991,Background,Background,1.0,0.0,0.0
992,Background,Background,0.9999251545720794,7.484542792059877e-05,0.0
993,Background,Background,0.6427162920202778,0.3572837079797218,0.0
994,Background,Background,1.0,0.0,0.0
995,Background,Background,0.8284306462260228,0.16609874048607223,0.0054706132879045995
996,Background,Benign,0.3000155508498656,0.6999217311155219,6.271803461247183e-05
997,Background,Background,1.0,0.0,0.0
998,Background,Background,1.0,0.0,0.0
999,Background,Background,0.9999251545720794,7.484542792059877e-05,0.0
1000,Background,Background,1.0,0.0,0.0
1001,Background,Background,1.0,0.0,0.0
1002,Background,Background,1.0,0.0,0.0
1003,Background,Background,1.0,0.0,0.0
1004,Background,Background,1.0,0.0,0.0
1005,Background,Background,1.0,0.0,0.0
1006,Background,Background,1.0,0.0,0.0
1007,Background,Background,1.0,0.0,0.0
1008,Background,Background,1.0,0.0,0.0
1009,Background,Background,1.0,0.0,0.0
1010,Background,Background,1.0,0.0,0.0
1011,Background,Background,0.9965560949298813,0.0034439050701186623,0.0
1012,Background,Background,1.0,0.0,0.0
1013,Background,Background,1.0,0.0,0.0
1014,Background,Benign,0.2522997155602106,0.7475796677493848,0.00012061669040446809
1015,Background,Background,1.0,0.0,0.0
1016,Background,Background,0.9999251545720794,7.484542792059877e-05,0.0
1017,Background,Background,1.0,0.0,0.0
1018,Background,Background,0.9999251545720794,7.484542792059877e-05,0.0
1019,Background,Background,1.0,0.0,0.0
1020,Background,Background,1.0,0.0,0.0
1021,Background,Background,1.0,0.0,0.0
1022,Background,Background,1.0,0.0,0.0
1023,Background,Background,1.0,0.0,0.0
1024,Background,Background,1.0,0.0,0.0
1025,Background,Benign,0.4975873896562041,0.5023498923091835,6.271803461247183e-05
1026,Background,Benign,0.1856986914678208,0.8143013085321791,0.0
1027,Background,Benign,0.10996970666848521,0.8899675752969024,6.271803461247183e-05
1028,Background,Benign,0.28567243930658315,0.714327560693417,0.0
1029,Background,Benign,0.16085220421255383,0.8391477957874462,0.0
1030,Background,Benign,0.25243876310722496,0.747561236892775,0.0
1031,Background,Background,1.0,0.0,0.0
1032,Benign,Benign,0.0,1.0,0.0
1033,Background,Background,1.0,0.0,0.0
1034,Background,Background,1.0,0.0,0.0
1035,Background,Background,0.6712799590290586,0.15576345658542412,0.17295658438551734
1036,Benign,Benign,0.0023947926127762644,0.960805825270918,0.0367993821163059
1037,Background,Background,1.0,0.0,0.0
1038,Background,Background,1.0,0.0,0.0
1039,Benign,Benign,0.0,0.9964876589379208,0.003512341062079282
1040,Benign,Benign,0.0,0.9964876589379208,0.003512341062079282
1041,Benign,Benign,0.014710696810457016,0.9800143114558275,0.00527499173371542
1042,Benign,Benign,0.0,0.8972051410213598,0.10279485897864035
1043,Benign,Benign,0.0,0.9998498393306899,0.0001501606693100793
1044,Background,Benign,0.2522997155602106,0.7475796677493848,0.00012061669040446809
1045,Background,Background,1.0,0.0,0.0
1046,Benign,Benign,0.0,1.0,0.0
1047,Benign,Benign,0.0,1.0,0.0
1048,Benign,Benign,0.0,0.9984312311524846,0.001568768847515406
1049,Benign,Benign,0.0,1.0,0.0
1050,Benign,Benign,0.0,1.0,0.0
1051,Benign,Benign,0.0,1.0,0.0
1052,Benign,Benign,0.0,1.0,0.0
1053,Background,Background,0.9917046580773042,0.008295341922695737,0.0
1054,Background,Background,1.0,0.0,0.0
1055,Background,Background,1.0,0.0,0.0
1056,Background,Background,0.9999251545720794,7.484542792059877e-05,0.0
1057,Background,Background,1.0,0.0,0.0
1058,Benign,Benign,0.0,0.9962769184106763,0.0037230815893236273
1059,Benign,Benign,0.0,1.0,0.0
1060,Benign,Benign,0.0,0.9962769184106763,0.0037230815893236273
1061,Benign,Benign,0.0,0.9953988145117044,0.004601185488295498
1062,Benign,Benign,0.15352230750157092,0.8252349546695072,0.021242737828922297
1063,Benign,Benign,0.03364942790502036,0.9500788708941077,0.016271701200871888
1064,Benign,Benign,0.29608201583253463,0.6531652124268318,0.05075277174063352
1065,Benign,Benign,0.0,0.969164126801589,0.030835873198410968
1066,Benign,Benign,0.07525504060384251,0.9044695203052859,0.02027543909087178
1067,Benign,Benign,0.0,0.9866518647059227,0.013348135294077235
1068,Benign,Benign,0.006958130781693376,0.9143037280018618,0.07873814121644504
1069,Benign,Benign,0.1486491701677006,0.8301080920033774,0.021242737828922297
1070,Benign,Benign,0.0,0.9998498393306899,0.0001501606693100793
1071,Benign,Benign,0.0,0.98482951154194,0.015170488458060018
1072,Benign,Benign,0.0,0.7356483291804004,0.2643516708195996
1073,Benign,Benign,0.0,0.8940407597153097,0.1059592402846902
1074,Benign,Benign,0.014046513389152002,0.6385882367974007,0.34736524981344735
1075,Benign,Benign,0.06225339913299721,0.9213366477976084,0.016409953069394544
1076,Benign,Benign,0.3560995805960105,0.48134173466441815,0.1625586847395713
1077,Benign,Benign,0.047114685243409046,0.9355804731124845,0.01730484164410651
1078,Benign,Benign,0.022520838295238307,0.8953148461566803,0.08216431554808133
1079,Benign,Benign,0.047114685243409046,0.9355804731124845,0.01730484164410651
1080,Benign,Benign,0.24912709736707583,0.6654663570358805,0.08540654559704317
1081,Benign,Benign,0.08358000219863353,0.8765568991662666,0.039863098635099965
1082,Benign,Benign,0.014046513389152002,0.8778360778246946,0.10811740878615357
1083,Benign,Benign,0.3560995805960105,0.48134173466441815,0.1625586847395713
1084,Benign,Benign,0.014046513389152002,0.6375758574120174,0.3483776291988308
1085,Benign,Benign,0.014046513389152002,0.6397595911189751,0.3461938954918731
1086,Benign,Benign,0.24912709736707583,0.6654663570358805,0.08540654559704317
1087,Benign,Benign,0.05579062581442538,0.9313601077332241,0.012849266452350638
1088,Benign,Benign,0.17477543966782824,0.8214836062633488,0.0037409540688229208
1089,Benign,Benign,0.30618394439014446,0.6234308650508187,0.07038519055903655
1090,Benign,Benign,0.04976055261881725,0.9278983307562525,0.022341116624930213
1091,Benign,Benign,0.0,0.9722723035022223,0.02772769649777764
1092,Background,Background,1.0,0.0,0.0
1093,Background,Benign,0.27516526590534884,0.7212096169870214,0.003625117107629801
1094,Benign,Benign,0.0,1.0,0.0
1095,Benign,Benign,0.00788255033557047,0.9921174496644295,0.0
1096,Benign,Benign,0.0,1.0,0.0
1097,Background,Background,1.0,0.0,0.0
1098,Background,Background,1.0,0.0,0.0
1099,Benign,Benign,0.0,1.0,0.0
1100,Benign,Benign,0.0,1.0,0.0
1101,Benign,Benign,0.0,1.0,0.0
1102,Benign,Benign,0.0,1.0,0.0
1103,Background,Background,0.9898078072303232,0.010192192769676795,0.0
1104,Background,Background,0.998674217188541,0.0013257828114590273,0.0
1105,Background,Background,1.0,0.0,0.0
1106,Background,Background,1.0,0.0,0.0
1107,Background,Background,1.0,0.0,0.0
1108,Background,Background,1.0,0.0,0.0
1109,Background,Background,1.0,0.0,0.0
1110,Background,Background,0.981230826919296,0.01876917308070411,0.0
1111,Background,Background,1.0,0.0,0.0
1112,Background,Background,1.0,0.0,0.0
1113,Background,Background,1.0,0.0,0.0
1114,Background,Background,1.0,0.0,0.0
1115,Background,Background,1.0,0.0,0.0
1116,Benign,Benign,0.0,0.979495541498724,0.020504458501275993
1117,Benign,Benign,0.013934585833910938,0.9853363401544949,0.000729074011594025
1118,Benign,Benign,0.013934585833910938,0.9853363401544949,0.000729074011594025
1119,Benign,Benign,0.013934585833910938,0.9853363401544949,0.000729074011594025
1120,Benign,Benign,0.0023947926127762644,0.9976052073872238,0.0
1121,Benign,Benign,0.0,1.0,0.0
1122,Benign,Benign,0.0,0.9068216796978015,0.09317832030219847
1123,Benign,Benign,0.0,0.9933927564270804,0.006607243572919691
1124,Background,Background,1.0,0.0,0.0
1125,Background,Benign,0.2522997155602106,0.7475796677493848,0.00012061669040446809
1126,Benign,Benign,0.0,1.0,0.0
1127,Background,Background,1.0,0.0,0.0
1128,Background,Background,0.9999251545720794,7.484542792059877e-05,0.0
1129,Background,Background,1.0,0.0,0.0
1130,Benign,Benign,0.0,1.0,0.0
1131,Background,Background,1.0,0.0,0.0
1132,Background,Background,0.9999251545720794,7.484542792059877e-05,0.0
1133,Background,Background,1.0,0.0,0.0
1134,Background,Background,1.0,0.0,0.0
1135,Background,Background,1.0,0.0,0.0
1136,Background,Background,1.0,0.0,0.0
1137,Background,Background,1.0,0.0,0.0
1138,Background,Background,1.0,0.0,0.0
1139,Background,Background,1.0,0.0,0.0
1140,Background,Background,1.0,0.0,0.0
1141,Background,Background,1.0,0.0,0.0
1142,Background,Background,1.0,0.0,0.0
1143,Background,Background,1.0,0.0,0.0
1144,Background,Background,0.9999251545720794,7.484542792059877e-05,0.0
1145,Background,Background,1.0,0.0,0.0
1146,Background,Background,1.0,0.0,0.0
1147,Background,Background,1.0,0.0,0.0
1148,Background,Background,1.0,0.0,0.0
1149,Background,Background,1.0,0.0,0.0
1150,Benign,Benign,0.0,0.9851203343651592,0.014879665634840675
1151,Background,Background,1.0,0.0,0.0
1152,Background,Background,1.0,0.0,0.0
1153,Benign,Benign,0.0,1.0,0.0
1154,Benign,Benign,0.0,1.0,0.0
1155,Benign,Benign,0.0,1.0,0.0
1156,Benign,Benign,0.0,1.0,0.0
1157,Benign,Benign,0.0,1.0,0.0
1158,Background,Background,1.0,0.0,0.0
1159,Background,Background,1.0,0.0,0.0
1160,Background,Background,1.0,0.0,0.0
1161,Background,Background,1.0,0.0,0.0
1162,Background,Background,1.0,0.0,0.0
1163,Background,Background,1.0,0.0,0.0
1164,Background,Background,0.9999251545720794,7.484542792059877e-05,0.0
1165,Background,Background,1.0,0.0,0.0
1166,Background,Background,1.0,0.0,0.0
1167,Background,Background,1.0,0.0,0.0
1168,Benign,Benign,0.0,0.9862769184106763,0.013723081589323626
1169,Background,Background,1.0,0.0,0.0
1170,Benign,Benign,0.0,0.9866518647059227,0.013348135294077235
1171,Benign,Benign,0.0004788982414388405,0.9804452012659683,0.019075900492592918
1172,Benign,Benign,0.0,0.9878886293533327,0.012111370646667279
1173,Benign,Benign,0.0,0.9760470174693019,0.023952982530698136
1174,Benign,Benign,0.0,0.9845767345370995,0.01542326546290041
1175,Benign,Benign,0.0,0.8918101878678023,0.1081898121321975
1176,Benign,Benign,0.0,0.9943263508777929,0.005673649122207097
1177,Background,Background,1.0,0.0,0.0
1178,Background,Benign,0.2522997155602106,0.7475796677493848,0.00012061669040446809
1179,Benign,Benign,0.0,0.9632904206729607,0.03670957932703925
1180,Benign,Benign,0.0,1.0,0.0
1181,Benign,Benign,0.0,0.9947598932859049,0.005240106714095153
1182,Benign,Benign,0.0,1.0,0.0
1183,Benign,Benign,0.0,1.0,0.0
1184,Background,Background,1.0,0.0,0.0
1185,Background,Background,1.0,0.0,0.0
1186,Background,Background,1.0,0.0,0.0
1187,Benign,Benign,0.0,1.0,0.0
1188,Background,Background,1.0,0.0,0.0
1189,Background,Background,1.0,0.0,0.0
1190,Background,Background,1.0,0.0,0.0
1191,Background,Background,1.0,0.0,0.0
1192,Benign,Benign,0.010230231552283753,0.8514768531369654,0.13829291531075097
1193,Benign,Malicious,0.010404965008415302,0.4044310391247196,0.5851639958668652
1194,Benign,Benign,0.0,0.8175924499207368,0.18240755007926318
1195,Benign,Benign,0.0015344464083050019,0.9793896530991023,0.019075900492592918
1196,Benign,Benign,0.0015344464083050019,0.9793896530991023,0.019075900492592918
1197,Benign,Benign,0.0015344464083050019,0.9793896530991023,0.019075900492592918
1198,Benign,Benign,0.0015344464083050019,0.9793896530991023,0.019075900492592918
1199,Benign,Malicious,0.0003407074400788537,0.392516594999206,0.6071426975607151
1200,Benign,Benign,0.0,0.694889165787819,0.30511083421218105
1201,Benign,Benign,0.0,0.8737830480856017,0.1262169519143982
1202,Benign,Benign,0.0,0.9068051764412669,0.0931948235587331
1203,Background,Background,1.0,0.0,0.0
1204,Background,Background,1.0,0.0,0.0
1205,Background,Background,1.0,0.0,0.0
1206,Benign,Benign,0.004781382228490833,0.9899436260377938,0.00527499173371542
1207,Benign,Benign,0.004781382228490833,0.9952186177715092,0.0
1208,Benign,Malicious,0.00037699907167977137,0.31739548493647385,0.6822275159918465
1209,Benign,Benign,0.0,0.9190641955112884,0.08093580448871174
1210,Benign,Benign,0.0,0.9785683078462135,0.02143169215378655
1211,Benign,Benign,0.0,0.9943076498148244,0.005692350185175502
1212,Benign,Benign,0.0,0.9868277264516752,0.013172273548324802
1213,Benign,Benign,0.0,0.9943076498148244,0.005692350185175502
1214,Benign,Benign,0.0,0.9946855938782301,0.00531440612176999
1215,Benign,Benign,0.0,0.9295770093122183,0.07042299068778163
1216,Benign,Benign,0.0,1.0,0.0
1217,Benign,Benign,0.0,0.9484186479315995,0.05158135206840056
1218,Background,Background,1.0,0.0,0.0
1219,Background,Background,0.9965560949298813,0.0034439050701186623,0.0
1220,Benign,Benign,0.38444669669352094,0.6002434686957165,0.015309834610762234
1221,Benign,Benign,0.00890187659343208,0.972022222913975,0.019075900492592918
1222,Benign,Benign,0.00890187659343208,0.972022222913975,0.019075900492592918
1223,Background,Background,1.0,0.0,0.0
1224,Benign,Benign,0.0,0.9964876589379208,0.003512341062079282
1225,Benign,Benign,0.014037256243740397,0.9859627437562595,0.0
1226,Benign,Benign,0.0,1.0,0.0
1227,Benign,Benign,0.0,1.0,0.0
1228,Background,Background,1.0,0.0,0.0
1229,Background,Benign,0.2522997155602106,0.7475796677493848,0.00012061669040446809
1230,Benign,Benign,0.0,0.9866418864366332,0.01335811356336677
1231,Benign,Benign,0.0,0.9865633205742962,0.01343667942570386
1232,Benign,Benign,0.0,0.9768606499482018,0.023139350051798225
1233,Benign,Benign,0.0,0.9549523254756238,0.04504767452437613
1234,Benign,Benign,0.0,0.9643163238198927,0.035683676180107406
1235,Benign,Benign,0.0,0.9549236514342364,0.0450763485657636
1236,Benign,Benign,0.0,0.9816670793385376,0.018332920661462467
1237,Benign,Benign,0.0,0.9406143489981017,0.0593856510018984
1238,Benign,Benign,0.0,0.9079375230668937,0.09206247693310633
1239,Benign,Benign,0.0,0.82124675277281,0.17875324722718985
1240,Benign,Benign,0.0,0.9284248799312494,0.07157512006875046
1241,Benign,Benign,0.0,0.9963919552396794,0.0036080447603205807
1242,Benign,Benign,0.0,1.0,0.0
1243,Benign,Benign,0.0,0.9783193796896525,0.021680620310347388
1244,Benign,Benign,0.0,0.9859005481193148,0.014099451880685216
1245,Benign,Benign,0.0004788982414388405,0.9804452012659683,0.019075900492592918
1246,Benign,Benign,0.0,0.9835554990542894,0.016444500945710514
1247,Benign,Benign,0.0,0.9895696164766526,0.010430383523347282
1248,Benign,Benign,0.0009095772196375042,0.9515858268192734,0.04750459596108905
1249,Background,Benign,0.2522997155602106,0.7475796677493848,0.00012061669040446809
1250,Benign,Benign,0.0,1.0,0.0
1251,Benign,Benign,0.0,1.0,0.0
1252,Benign,Benign,0.004843234323432343,0.9951567656765676,0.0
1253,Benign,Benign,0.004843234323432343,0.9951567656765676,0.0
1254,Benign,Benign,0.0,1.0,0.0
1255,Background,Background,1.0,0.0,0.0
1256,Benign,Benign,0.0,1.0,0.0
1257,Benign,Benign,0.0,1.0,0.0
1258,Benign,Benign,0.0,0.99,0.01
1259,Background,Background,1.0,0.0,0.0
1260,Background,Background,1.0,0.0,0.0
1261,Benign,Benign,0.0009081181611171151,0.8986713124057469,0.10042056943313617
1262,Benign,Benign,0.0,0.9803869620928234,0.019613037907176556
1263,Background,Background,1.0,0.0,0.0
1264,Background,Background,1.0,0.0,0.0
1265,Benign,Benign,0.0,1.0,0.0
1266,Benign,Benign,0.0,0.9677337815318754,0.03226621846812459
1267,Benign,Benign,0.0,0.9677337815318754,0.03226621846812459
1268,Background,Background,1.0,0.0,0.0
1269,Benign,Benign,0.0,1.0,0.0
1270,Benign,Benign,0.0,1.0,0.0
1271,Background,Background,0.9999251545720794,7.484542792059877e-05,0.0
1272,Background,Background,1.0,0.0,0.0
1273,Background,Background,1.0,0.0,0.0
1274,Background,Background,0.9999251545720794,7.484542792059877e-05,0.0
1275,Background,Background,1.0,0.0,0.0
1276,Benign,Benign,0.0,1.0,0.0
1277,Benign,Benign,0.0,1.0,0.0
1278,Background,Background,1.0,0.0,0.0
1279,Background,Background,1.0,0.0,0.0
1280,Background,Background,0.9999251545720794,7.484542792059877e-05,0.0
1281,Benign,Benign,0.0004788982414388405,0.9804452012659683,0.019075900492592918
1282,Benign,Benign,0.0,0.984740661796195,0.015259338203804984
1283,Benign,Benign,0.0,0.9866518647059227,0.013348135294077235
1284,Benign,Benign,0.0,0.9909196740301592,0.00908032596984066
1285,Benign,Benign,0.0,0.9871827427519803,0.0128172572480197
1286,Benign,Benign,0.0,0.9998498393306899,0.0001501606693100793
1287,Benign,Benign,0.0,0.9969964149636656,0.0030035850363343236
1288,Benign,Benign,0.00037699907167977137,0.9780848936046759,0.0215381073236443
1289,Background,Background,1.0,0.0,0.0
1290,Benign,Benign,0.0,0.9917512674755032,0.008248732524496724
1291,Benign,Benign,0.0,1.0,0.0
1292,Benign,Benign,0.0,0.9977398759576798,0.002260124042320321
1293,Benign,Benign,0.0,1.0,0.0
1294,Benign,Benign,0.0,1.0,0.0
1295,Benign,Benign,0.0,1.0,0.0
1296,Benign,Benign,0.0,1.0,0.0
1297,Benign,Benign,0.0,0.9984312311524846,0.001568768847515406
1298,Benign,Benign,0.0,1.0,0.0
1299,Benign,Benign,0.0,0.9984312311524846,0.001568768847515406
1300,Background,Background,0.9999251545720794,7.484542792059877e-05,0.0
1301,Background,Background,1.0,0.0,0.0
1302,Background,Background,1.0,0.0,0.0
1303,Background,Background,1.0,0.0,0.0
1304,Background,Background,1.0,0.0,0.0
1305,Benign,Benign,0.0,1.0,0.0
1306,Background,Background,1.0,0.0,0.0
1307,Background,Background,1.0,0.0,0.0
1308,Background,Background,1.0,0.0,0.0
1309,Background,Background,1.0,0.0,0.0
1310,Background,Background,1.0,0.0,0.0
1311,Background,Background,1.0,0.0,0.0
1312,Background,Background,1.0,0.0,0.0
1313,Background,Background,1.0,0.0,0.0
1314,Background,Background,1.0,0.0,0.0
1315,Benign,Benign,0.0,1.0,0.0
1316,Background,Background,1.0,0.0,0.0
1317,Benign,Benign,0.0004788982414388405,0.9804452012659683,0.019075900492592918
1318,Benign,Benign,0.0004788982414388405,0.9804452012659683,0.019075900492592918
1319,Benign,Benign,0.0004788982414388405,0.9804452012659683,0.019075900492592918
1320,Benign,Benign,0.0,0.985648024848673,0.014351975151326989
1321,Benign,Benign,0.0,0.9804754679000002,0.019524532099999613
1322,Benign,Benign,0.0,0.993575034291185,0.0064249657088150825
1323,Benign,Benign,0.0,0.9983309116536713,0.001669088346328689
1324,Benign,Benign,0.0,0.9678863693571204,0.03211363064287936
1325,Benign,Benign,0.0,0.9917957650425413,0.008204234957458766
1326,Benign,Benign,0.00742558475259419,0.9520618957635844,0.040512519483821334
1327,Benign,Benign,0.0012045341262483442,0.9726634869507239,0.026131978923027658
1328,Background,Background,0.9999251545720794,7.484542792059877e-05,0.0
1329,Background,Background,1.0,0.0,0.0
1330,Background,Background,1.0,0.0,0.0
1331,Background,Background,1.0,0.0,0.0
1332,Benign,Benign,0.0,1.0,0.0
1333,Benign,Benign,0.0,1.0,0.0
1334,Benign,Benign,0.0,1.0,0.0
1335,Benign,Benign,0.0,1.0,0.0
1336,Benign,Benign,0.0,1.0,0.0
1337,Benign,Benign,0.0,1.0,0.0
1338,Benign,Benign,0.0,1.0,0.0
1339,Benign,Benign,0.004830234438156831,0.9951697655618432,0.0
1340,Background,Background,1.0,0.0,0.0
1341,Benign,Benign,0.0,0.9904896059563926,0.009510394043607165
1342,Benign,Benign,0.0,0.9538236718738685,0.04617632812613154
1343,Benign,Benign,0.0,0.9708234917056211,0.029176508294378928
1344,Benign,Benign,0.0,0.9810503509639319,0.018949649036068
1345,Benign,Benign,0.0,1.0,0.0
1346,Benign,Benign,0.0,0.9963765060240963,0.0036234939759036146
1347,Benign,Benign,0.0,0.900524950201669,0.09947504979833101
1348,Benign,Benign,0.0,0.9175400588702822,0.0824599411297176
1349,Benign,Benign,0.0,0.9122448473732939,0.08775515262670595
1350,Benign,Benign,0.0,0.9983585284121235,0.0016414715878763728
1351,Benign,Benign,0.00037699907167977137,0.9511904011324617,0.048432599795858414
1352,Background,Background,1.0,0.0,0.0
1353,Background,Background,1.0,0.0,0.0
1354,Background,Background,1.0,0.0,0.0
1355,Background,Background,1.0,0.0,0.0
1356,Benign,Benign,0.0,1.0,0.0
1357,Benign,Benign,0.0,0.9963215628058255,0.003678437194174558
1358,Background,Background,1.0,0.0,0.0
1359,Benign,Benign,0.0,0.9699875190930913,0.03001248090690859
1360,Benign,Benign,0.0,0.9362536671664725,0.06374633283352735
1361,Benign,Benign,0.0,0.9965730985813538,0.0034269014186463537
1362,Benign,Benign,0.0,0.9912236648535222,0.008776335146477953
1363,Benign,Benign,0.0,0.9846369782071978,0.015363021792802222
1364,Benign,Benign,0.0,0.9640765323722068,0.03592346762779308
1365,Benign,Benign,0.0,1.0,0.0
1366,Benign,Benign,0.00037699907167977137,0.9767471790037848,0.02287582192453535
1367,Background,Background,1.0,0.0,0.0
1368,Benign,Benign,0.0,0.985466672175242,0.01453332782475782
1369,Benign,Benign,0.0,1.0,0.0
1370,Benign,Benign,0.0,1.0,0.0
1371,Benign,Benign,0.0,1.0,0.0
1372,Background,Background,1.0,0.0,0.0
1373,Background,Background,1.0,0.0,0.0
1374,Background,Background,1.0,0.0,0.0
1375,Benign,Benign,0.0,1.0,0.0
1376,Benign,Benign,0.0,0.9978853515077958,0.002114648492204276
1377,Benign,Benign,0.0,0.9978853515077958,0.002114648492204276
1378,Benign,Benign,0.0,1.0,0.0
1379,Benign,Benign,0.0,1.0,0.0
1380,Benign,Benign,0.0,1.0,0.0
1381,Background,Background,1.0,0.0,0.0
1382,Background,Background,1.0,0.0,0.0
1383,Background,Background,1.0,0.0,0.0
1384,Background,Background,1.0,0.0,0.0
1385,Background,Background,1.0,0.0,0.0
1386,Background,Background,1.0,0.0,0.0
1387,Background,Background,1.0,0.0,0.0
1388,Benign,Benign,0.0,0.9593793541362,0.040620645863799876
1389,Background,Background,1.0,0.0,0.0
1390,Benign,Benign,0.0004788982414388405,0.9804452012659683,0.019075900492592918
1391,Benign,Benign,0.0004788982414388405,0.9804452012659683,0.019075900492592918
1392,Benign,Benign,0.0004788982414388405,0.9804452012659683,0.019075900492592918
1393,Benign,Benign,0.0004788982414388405,0.9804452012659683,0.019075900492592918
1394,Benign,Benign,0.0004788982414388405,0.9804452012659683,0.019075900492592918
1395,Benign,Benign,0.0004788982414388405,0.9804452012659683,0.019075900492592918
1396,Benign,Benign,0.0,0.8958399288128273,0.10416007118717273
1397,Benign,Benign,0.0,0.9905946232967833,0.009405376703216674
1398,Benign,Benign,0.0,0.988208870277597,0.011791129722403036
1399,Benign,Benign,0.00037699907167977137,0.9742775091772066,0.02534549175111379
1400,Benign,Benign,0.00037699907167977137,0.963225883262933,0.03639711766538718
1401,Benign,Benign,0.0,1.0,0.0
1402,Benign,Benign,0.0,1.0,0.0
1403,Benign,Benign,0.0,0.9794775831977179,0.020522416802282093
1404,Background,Background,0.9917046580773042,0.008295341922695737,0.0
1405,Background,Background,0.9917046580773042,0.008295341922695737,0.0
1406,Benign,Benign,0.0,1.0,0.0
1407,Benign,Benign,0.0,0.9964176646706586,0.003582335329341318
1408,Benign,Benign,0.0,1.0,0.0
1409,Benign,Benign,0.0,0.9775662287703756,0.02243377122962427
1410,Benign,Benign,0.0,1.0,0.0
1411,Benign,Benign,0.0,0.9947250082662846,0.00527499173371542
1412,Benign,Benign,0.0,0.9711910747612252,0.02880892523877463
1413,Benign,Benign,0.0,0.9880846174557878,0.011915382544212302
1414,Benign,Benign,0.0,0.9809532405611958,0.019046759438804024
1415,Benign,Benign,0.24492222483854362,0.7427340394608981,0.01234373570055825
1416,Benign,Benign,0.0,1.0,0.0
1417,Benign,Benign,0.0,1.0,0.0
1418,Benign,Benign,0.0,0.9977398759576798,0.002260124042320321
1419,Benign,Benign,0.0,1.0,0.0
1420,Benign,Benign,0.0,0.9892328432776316,0.010767156722368306
1421,Benign,Benign,0.0,1.0,0.0
1422,Benign,Benign,0.0,1.0,0.0
1423,Benign,Benign,0.0,1.0,0.0
1424,Benign,Benign,0.03439942645329102,0.9559370993400613,0.00966347420664755
1425,Benign,Benign,0.03439942645329102,0.9559370993400613,0.00966347420664755
1426,Benign,Benign,0.03439942645329102,0.9559370993400613,0.00966347420664755
1427,Benign,Benign,0.03439942645329102,0.9559370993400613,0.00966347420664755
1428,Benign,Benign,0.03439942645329102,0.9559370993400613,0.00966347420664755
1429,Benign,Benign,0.04823491186696868,0.9421016139263836,0.00966347420664755
1430,Benign,Benign,0.04823491186696868,0.9421016139263836,0.00966347420664755
1431,Benign,Benign,0.0,0.95806999529877,0.041930004701229776
1432,Benign,Benign,0.0,0.984740661796195,0.015259338203804984
1433,Benign,Benign,0.028315529487934695,0.5244902172748369,0.44719425323722845
1434,Benign,Benign,0.0,0.9864677871004937,0.013532212899506275
1435,Benign,Benign,0.09657427678866398,0.50740401041318,0.39602171279815607
1436,Background,Background,1.0,0.0,0.0
1437,Benign,Benign,0.0,0.9684778872529277,0.031522112747072166
1438,Benign,Benign,0.0,0.9722940017145443,0.027705998285455412
1439,Benign,Benign,0.0,0.993575034291185,0.0064249657088150825
1440,Benign,Benign,0.0,0.9682421825338027,0.03175781746619743
1441,Benign,Benign,0.00037699907167977137,0.9601415520280486,0.039481448900271617
1442,Benign,Benign,0.0,0.9963919552396794,0.0036080447603205807
1443,Benign,Benign,0.0,0.9811158876028244,0.018884112397175443
1444,Benign,Benign,0.0,1.0,0.0
1445,Background,Benign,0.2522997155602106,0.7475796677493848,0.00012061669040446809
1446,Benign,Benign,0.004351934470999597,0.9559866736641124,0.03966139186488823
1447,Benign,Benign,0.0,0.9835554990542894,0.016444500945710514
1448,Benign,Benign,0.04867160967781645,0.6040067310886764,0.347321659233507
1449,Benign,Benign,0.0,0.8531115207657194,0.14688847923428067
1450,Benign,Benign,0.011299181334898696,0.9816846808907153,0.007016137774385943
1451,Benign,Benign,0.004855735030284566,0.9944151909581213,0.000729074011594025
1452,Benign,Benign,0.013187923926053996,0.7172966583639664,0.26951541770997967
1453,Benign,Benign,0.0,0.9905586035274075,0.00944139647259246
1454,Benign,Benign,0.0,0.9906218576988114,0.009378142301188568
1455,Benign,Benign,0.0,0.8521373667355975,0.14786263326440224
1456,Benign,Benign,0.00037699907167977137,0.9795377710898291,0.02008522983849136
1457,Benign,Benign,0.0,0.971368656730361,0.02863134326963912
1458,Benign,Benign,0.0,0.8979775407167138,0.10202245928328643
1459,Benign,Benign,0.0,0.816739018677313,0.1832609813226871
1460,Background,Background,1.0,0.0,0.0
1461,Background,Background,1.0,0.0,0.0
1462,Background,Background,1.0,0.0,0.0
1463,Background,Background,1.0,0.0,0.0
1464,Background,Background,1.0,0.0,0.0
1465,Benign,Benign,0.13722374398518336,0.8141740488892009,0.04860220712561554
1466,Benign,Benign,0.18764358845077797,0.7924163711676946,0.019940040381527444
1467,Benign,Benign,0.030623045155291545,0.9693142368100962,6.271803461247183e-05
1468,Benign,Benign,0.0900719086030436,0.9099280913969565,0.0
1469,Benign,Benign,0.35425476665555466,0.6457452333444454,0.0
1470,Benign,Background,0.6753884057425443,0.32461159425745556,0.0
1471,Benign,Benign,0.20095828794016277,0.7990417120598372,0.0
1472,Benign,Benign,0.2522997155602106,0.7475796677493848,0.00012061669040446809
1473,Benign,Benign,0.48865087555183095,0.5112472691295096,0.0001018553186594183
1474,Malicious,Malicious,0.0240095576265206,0.3609596302585822,0.615030812114897
1475,Malicious,Benign,0.00430437148557954,0.7363714761817975,0.25932415233262296
1476,Malicious,Malicious,0.01676325034725979,0.05841861150710646,0.9248181381456336
1477,Malicious,Malicious,0.003608985137433369,0.2259839078284271,0.7704071070341395
1478,Malicious,Benign,0.2740877043388621,0.4254082520093662,0.3005040436517715
1479,Malicious,Malicious,0.0240095576265206,0.3543416639430624,0.6216487784304169
1480,Benign,Benign,0.05579062581442538,0.9313601077332241,0.012849266452350638
1481,Malicious,Malicious,4.221580137664202e-05,0.10270524700265829,0.897252537195965
1482,Malicious,Malicious,0.0,0.01412680531844287,0.9858731946815573
1483,Malicious,Malicious,0.004179609944309676,0.47224163336227376,0.5235787566934164
1484,Malicious,Malicious,0.0045409695409695415,0.160933853918638,0.8345251765403923
1485,Malicious,Benign,0.0,0.8700262014123215,0.12997379858767846
1486,Malicious,Malicious,0.023831102534610557,0.19106878838537472,0.7851001090800147
1487,Malicious,Malicious,0.005470331143206263,0.451181913339841,0.5433477555169527
1488,Malicious,Malicious,1.58420872729228e-05,0.2260733023760518,0.7739108555366753
1489,Malicious,Malicious,0.0016414802874605413,0.35535300914033485,0.6430055105722045
1490,Malicious,Malicious,0.008939183209002402,0.1747676441723332,0.8162931726186642
1491,Malicious,Benign,0.0016414802874605413,0.5674700787925725,0.43088844091996703
1492,Malicious,Benign,0.0004033727857834906,0.5502035794089407,0.4493930478052758
1493,Malicious,Malicious,1.58420872729228e-05,0.072562136837305,0.9274220210754222
1494,Malicious,Background,0.5343336321414845,0.4530689002401801,0.012597467618335214
1495,Malicious,Malicious,0.0003611569844068486,0.14515358281332277,0.8544852602022704
1496,Malicious,Malicious,0.0003407074400788537,0.22215022953024263,0.7775090630296785
1497,Malicious,Malicious,0.0009081181611171151,0.21669001226386128,0.7824018695750214
1498,Malicious,Malicious,0.010404965008415302,0.3486577917967434,0.6409372431948412
1499,Malicious,Malicious,0.005450884280485916,0.31932484079452034,0.6752242749249937
1500,Malicious,Malicious,0.0016414802874605413,0.2426450109041474,0.7557135088083917
1501,Malicious,Benign,0.019929246055576787,0.6270009872359605,0.3530697667084627
1502,Malicious,Benign,0.01994508814284971,0.6147849295877458,0.3652699822694045
1503,Malicious,Malicious,0.0,0.3569253931067442,0.6430746068932558
1504,Malicious,Malicious,0.0,0.3365743921788069,0.6634256078211931
1505,Malicious,Malicious,1.58420872729228e-05,0.22295882829305338,0.7770253296196737
1506,Malicious,Malicious,0.014292212603615462,0.34679244918932384,0.6389153382070607
1507,Malicious,Malicious,0.01088138208769144,0.10661184584499807,0.8825067720673104
1508,Malicious,Malicious,0.0013780501618447934,0.23677889841203398,0.7618430514261212
1509,Malicious,Malicious,0.0,0.19091086772266974,0.8090891322773304
1510,Malicious,Malicious,0.008939183209002402,0.25666242807431344,0.734398388716684
1511,Malicious,Malicious,0.007404306196672459,0.05660595479413238,0.9359897390091951
1512,Malicious,Malicious,0.00014193004800161445,0.009348100892767221,0.9905099690592313
1513,Malicious,Malicious,0.010298491638702213,3.825844607731395e-05,0.9896632499152205
1514,Benign,Benign,0.4485796661986343,0.5430944756398371,0.008325858161528685
1515,Malicious,Malicious,0.0,0.11907942113585752,0.8809205788641422
1516,Malicious,Malicious,0.0,0.01277101818734352,0.9872289818126565
1517,Malicious,Malicious,0.013926251715299692,0.1725616544039453,0.8135120938807551
1518,Malicious,Malicious,0.0,0.043700690916253955,0.956299309083746
1519,Malicious,Malicious,0.0,0.009452611573993146,0.9905473884260069
1520,Malicious,Malicious,0.0,0.03559680901525331,0.9644031909847467
1521,Malicious,Benign,0.01371994749511452,0.6449406507881443,0.3413394017167411
1522,Malicious,Malicious,0.0,0.028736395860360014,0.97126360413964
1523,Malicious,Malicious,0.010298491638702213,3.825844607731395e-05,0.9896632499152205
1524,Malicious,Malicious,0.0011034480241988555,0.001061445364711659,0.9978351066110893
1525,Malicious,Malicious,4.221580137664202e-05,0.03896073808954668,0.9609970461090768
1526,Malicious,Benign,0.010461443599091602,0.9895385564009084,0.0
1527,Malicious,Malicious,0.00014193004800161445,0.009348100892767221,0.9905099690592313
1528,Malicious,Malicious,0.010298491638702213,3.825844607731395e-05,0.9896632499152205
1529,Malicious,Malicious,0.010298491638702213,3.825844607731395e-05,0.9896632499152205
1530,Benign,Background,0.7496094692204456,0.2503278127449419,6.271803461247183e-05
1531,Malicious,Malicious,0.0011034480241988555,0.001061445364711659,0.9978351066110893
1532,Malicious,Malicious,1.58420872729228e-05,0.0016145283684321588,0.998369629544295
1533,Benign,Benign,0.15874262864881358,0.8412573713511862,0.0
1534,Benign,Benign,0.2506791983386637,0.749320801661336,0.0
1535,Malicious,Malicious,0.0002984916387022117,3.825844607731395e-05,0.9996632499152205
1536,Malicious,Malicious,1.58420872729228e-05,0.0019505591220278732,0.9980335987906993
1537,Malicious,Malicious,1.58420872729228e-05,0.0016145283684321588,0.998369629544295
1538,Malicious,Malicious,0.0011034480241988555,0.001061445364711659,0.9978351066110893
1539,Malicious,Malicious,0.0002984916387022117,3.825844607731395e-05,0.9996632499152205
1540,Malicious,Malicious,1.58420872729228e-05,0.002360918581028417,0.9976232393316987
1541,Malicious,Malicious,0.02,0.05161533399532739,0.9283846660046727
1542,Malicious,Malicious,0.0011034480241988555,0.009481549489661598,0.9894150024861393
1543,Malicious,Malicious,0.0002984916387022117,0.008458362571027254,0.9912431457902704
1544,Malicious,Malicious,1.58420872729228e-05,0.008020990696682197,0.991963167216045
1545,Malicious,Malicious,1.58420872729228e-05,0.0016145283684321588,0.998369629544295
1546,Benign,Benign,0.003844250912697314,0.9961557490873026,0.0
1547,Malicious,Malicious,0.0002984916387022117,9.999073786479049e-05,0.999601517623433
1548,Malicious,Malicious,0.0003407074400788537,0.0023643085483577822,0.9972949840115635
1549,Malicious,Malicious,0.0003407074400788537,0.0015470976578971654,0.9981121949020241
1550,Malicious,Malicious,1.58420872729228e-05,0.001920998869801273,0.9980631590429259
1551,Malicious,Malicious,0.0002984916387022117,9.999073786479049e-05,0.999601517623433
1552,Malicious,Malicious,1.58420872729228e-05,0.0019543746169737707,0.9980297832957534
1553,Malicious,Malicious,1.5877402729928762e-05,0.001061445364711659,0.9989226772325582
1554,Malicious,Malicious,0.0002984916387022117,9.999073786479049e-05,0.999601517623433
1555,Malicious,Malicious,1.5877402729928762e-05,0.001061445364711659,0.9989226772325582
1556,Malicious,Malicious,0.0002984916387022117,9.999073786479049e-05,0.999601517623433
1557,Malicious,Malicious,0.0003407074400788537,0.003046513118545482,0.9966127794413757
1558,Malicious,Malicious,0.0002984916387022117,9.999073786479049e-05,0.999601517623433
1559,Malicious,Malicious,0.0003407074400788537,0.0029945036156962283,0.996664788944225
1560,Malicious,Malicious,1.5877402729928762e-05,0.001061445364711659,0.9989226772325582
1561,Malicious,Malicious,0.0004093200841940381,0.0020578648423944146,0.9975328150734117
1562,Malicious,Malicious,1.5877402729928762e-05,0.001061445364711659,0.9989226772325582
1563,Malicious,Malicious,1.58420872729228e-05,0.0019543746169737707,0.9980297832957534
1564,Malicious,Malicious,0.0002984916387022117,9.999073786479049e-05,0.999601517623433
1565,Malicious,Malicious,0.0002984916387022117,9.999073786479049e-05,0.999601517623433
1566,Malicious,Malicious,1.5877402729928762e-05,0.001061445364711659,0.9989226772325582
1567,Malicious,Malicious,1.58420872729228e-05,0.0016145283684321588,0.998369629544295
1568,Malicious,Malicious,1.58420872729228e-05,0.0032324783020251445,0.996751679610702
1569,Malicious,Malicious,0.00012608796072869163,0.032884097042145934,0.9669898149971252
1570,Malicious,Malicious,1.5877402729928762e-05,0.001061445364711659,0.9989226772325582
1571,Malicious,Malicious,4.221580137664202e-05,0.03516387555298725,0.9647939086456361
1572,Malicious,Malicious,0.0003407074400788537,0.0023643085483577822,0.9972949840115635
1573,Malicious,Malicious,1.5877402729928762e-05,0.001061445364711659,0.9989226772325582
1574,Malicious,Malicious,0.0003407074400788537,0.01476273766720514,0.984896554892716
1575,Malicious,Malicious,0.0002984916387022117,9.999073786479049e-05,0.999601517623433
1576,Malicious,Malicious,0.0002984916387022117,9.999073786479049e-05,0.999601517623433
1577,Malicious,Malicious,0.0003407074400788537,0.0023643085483577822,0.9972949840115635
1578,Malicious,Malicious,0.0002984916387022117,9.999073786479049e-05,0.999601517623433
1579,Malicious,Malicious,0.0002984916387022117,9.999073786479049e-05,0.999601517623433
1580,Malicious,Malicious,1.58420872729228e-05,0.001920998869801273,0.9980631590429259
1581,Malicious,Malicious,0.0002984916387022117,9.999073786479049e-05,0.999601517623433
1582,Malicious,Malicious,0.0002984916387022117,9.999073786479049e-05,0.999601517623433
1583,Malicious,Malicious,1.58420872729228e-05,0.0019505591220278732,0.9980335987906993
1584,Malicious,Malicious,0.0003407074400788537,0.0023643085483577822,0.9972949840115635
1585,Malicious,Malicious,0.0002984916387022117,9.999073786479049e-05,0.999601517623433
1586,Malicious,Malicious,1.5877402729928762e-05,0.001061445364711659,0.9989226772325582
1587,Malicious,Malicious,0.0002984916387022117,9.999073786479049e-05,0.999601517623433
1588,Malicious,Malicious,1.5877402729928762e-05,0.001061445364711659,0.9989226772325582
1589,Malicious,Malicious,0.0003407074400788537,0.0015942802244217884,0.9980650123354994
1590,Malicious,Malicious,0.0002984916387022117,9.999073786479049e-05,0.999601517623433
1591,Malicious,Malicious,4.221580137664202e-05,0.002634428895769332,0.9973233553028541
1592,Malicious,Malicious,0.0002984916387022117,9.999073786479049e-05,0.999601517623433
1593,Malicious,Malicious,1.58420872729228e-05,0.0019505591220278732,0.9980335987906993
1594,Malicious,Malicious,1.58420872729228e-05,0.0016145283684321588,0.998369629544295
1595,Malicious,Malicious,0.0002984916387022117,9.999073786479049e-05,0.999601517623433
1596,Malicious,Malicious,0.0,0.013734331013886103,0.9862656689861139
1597,Malicious,Malicious,0.0002984916387022117,9.999073786479049e-05,0.999601517623433
1598,Malicious,Malicious,1.58420872729228e-05,0.002360918581028417,0.9976232393316987
1599,Malicious,Malicious,1.5877402729928762e-05,0.001061445364711659,0.9989226772325582
1600,Malicious,Malicious,4.221580137664202e-05,0.02038249481972704,0.9795752893788965
1601,Malicious,Malicious,0.0002984916387022117,9.999073786479049e-05,0.999601517623433
1602,Malicious,Malicious,0.0002984916387022117,9.999073786479049e-05,0.999601517623433
1603,Malicious,Malicious,1.5877402729928762e-05,0.001061445364711659,0.9989226772325582
1604,Malicious,Malicious,0.00014193004800161445,0.043081331522858424,0.9567767384291401
1605,Malicious,Malicious,1.58420872729228e-05,0.0016145283684321588,0.998369629544295
1606,Malicious,Malicious,0.0003407074400788537,0.0015470976578971654,0.9981121949020241
1607,Malicious,Malicious,1.5877402729928762e-05,0.001061445364711659,0.9989226772325582
1608,Malicious,Malicious,1.58420872729228e-05,0.0019543746169737707,0.9980297832957534
1609,Malicious,Malicious,0.0002984916387022117,9.999073786479049e-05,0.999601517623433
1610,Malicious,Malicious,1.58420872729228e-05,0.001920998869801273,0.9980631590429259
1611,Malicious,Malicious,1.5877402729928762e-05,0.001061445364711659,0.9989226772325582
1612,Malicious,Malicious,1.5877402729928762e-05,0.001061445364711659,0.9989226772325582
1613,Malicious,Malicious,1.58420872729228e-05,0.0019505591220278732,0.9980335987906993
1614,Malicious,Malicious,1.58420872729228e-05,0.001920998869801273,0.9980631590429259
1615,Malicious,Malicious,4.221580137664202e-05,0.0025924122984830097,0.9973653719001403
1616,Malicious,Malicious,1.5877402729928762e-05,0.001061445364711659,0.9989226772325582
1617,Malicious,Malicious,1.58420872729228e-05,0.0019505591220278732,0.9980335987906993
1618,Malicious,Malicious,1.5877402729928762e-05,0.001061445364711659,0.9989226772325582
1619,Malicious,Malicious,1.58420872729228e-05,0.0019505591220278732,0.9980335987906993
1620,Malicious,Malicious,0.0002984916387022117,9.999073786479049e-05,0.999601517623433
1621,Malicious,Malicious,0.0,0.0019874594464574106,0.9980125405535428
1622,Malicious,Malicious,0.0002984916387022117,9.999073786479049e-05,0.999601517623433
1623,Malicious,Malicious,1.5877402729928762e-05,0.001061445364711659,0.9989226772325582
1624,Malicious,Malicious,4.221580137664202e-05,0.00169587730438226,0.9982619068942411
1625,Malicious,Malicious,1.58420872729228e-05,0.001920998869801273,0.9980631590429259
1626,Malicious,Malicious,0.0,0.000893034443093041,0.999106965556907
1627,Malicious,Malicious,0.0,0.009398103944027332,0.9906018960559726
1628,Malicious,Malicious,0.0,0.010500061926453131,0.9894999380735469
1629,Malicious,Malicious,0.0002984916387022117,9.999073786479049e-05,0.999601517623433
1630,Malicious,Malicious,1.58420872729228e-05,0.01662061854720024,0.9833635393655268
1631,Malicious,Malicious,1.5877402729928762e-05,0.001061445364711659,0.9989226772325582
1632,Malicious,Malicious,4.221580137664202e-05,0.0033263641956079626,0.9966314200030155
1633,Malicious,Malicious,0.0002984916387022117,9.999073786479049e-05,0.999601517623433
1634,Malicious,Malicious,1.5877402729928762e-05,0.001061445364711659,0.9989226772325582
1635,Malicious,Malicious,0.0003407074400788537,0.005371390112179899,0.9942879024477412
1636,Malicious,Malicious,1.58420872729228e-05,0.002360918581028417,0.9976232393316987
1637,Malicious,Malicious,0.0003407074400788537,0.0028079558380315634,0.9968513367218899
1638,Malicious,Malicious,0.0003407074400788537,0.002262004422184175,0.997397288137737
1639,Malicious,Malicious,1.5877402729928762e-05,0.001061445364711659,0.9989226772325582
1640,Malicious,Malicious,0.0002984916387022117,9.999073786479049e-05,0.999601517623433
1641,Malicious,Malicious,0.0030801756178794877,0.06098181239558586,0.9359380119865348
1642,Malicious,Malicious,0.0003407074400788537,0.0013094159285594942,0.9983498766313617
1643,Malicious,Malicious,4.221580137664202e-05,0.0012522300147084792,0.998705554183915
1644,Malicious,Malicious,1.5877402729928762e-05,0.001061445364711659,0.9989226772325582
1645,Malicious,Malicious,0.0,0.0008402529504938043,0.9991597470495063
1646,Malicious,Malicious,1.5877402729928762e-05,0.001061445364711659,0.9989226772325582
1647,Malicious,Malicious,0.0,0.000893034443093041,0.999106965556907
1648,Malicious,Malicious,1.5877402729928762e-05,0.001061445364711659,0.9989226772325582
1649,Malicious,Malicious,4.221580137664202e-05,0.0032175708878749176,0.9967402133107484
1650,Benign,Benign,0.060240401803245434,0.9396577428780951,0.0001018553186594183
1651,Malicious,Malicious,1.5877402729928762e-05,0.001061445364711659,0.9989226772325582
1652,Malicious,Malicious,1.58420872729228e-05,0.003265854049197642,0.9967183038635296
1653,Benign,Benign,0.2854657147219275,0.7145342852780726,0.0
1654,Malicious,Malicious,0.0003407074400788537,0.002079444252495488,0.9975798483074257
1655,Malicious,Malicious,1.5877402729928762e-05,0.001061445364711659,0.9989226772325582
1656,Malicious,Malicious,1.58420872729228e-05,0.0019505591220278732,0.9980335987906993
1657,Malicious,Malicious,1.58420872729228e-05,0.0015745159992688576,0.9984096419134584
1658,Malicious,Malicious,0.0,0.0020578648423944146,0.9979421351576057
1659,Malicious,Malicious,0.0002984916387022117,9.999073786479049e-05,0.999601517623433
1660,Malicious,Malicious,1.5877402729928762e-05,0.001061445364711659,0.9989226772325582
1661,Malicious,Malicious,0.0002984916387022117,9.999073786479049e-05,0.999601517623433
1662,Malicious,Malicious,0.0002984916387022117,9.999073786479049e-05,0.999601517623433
1663,Malicious,Malicious,1.5877402729928762e-05,0.001061445364711659,0.9989226772325582
1664,Malicious,Malicious,0.0003407074400788537,0.06455533649072857,0.9351039560691926
1665,Malicious,Malicious,0.0002984916387022117,9.999073786479049e-05,0.999601517623433
1666,Malicious,Malicious,0.00014193004800161445,0.013455896934248899,0.9864021730177494
1667,Benign,Benign,0.10068796403781471,0.8872905986102273,0.012021437351958002
1668,Malicious,Malicious,1.5877402729928762e-05,0.001061445364711659,0.9989226772325582
1669,Benign,Benign,0.2522997155602106,0.7475796677493848,0.00012061669040446809
1670,Benign,Benign,0.024761980673123008,0.9750472197275317,0.0001907995993452716
1671,Malicious,Malicious,1.58420872729228e-05,0.0019505591220278732,0.9980335987906993
1672,Malicious,Malicious,0.0002984916387022117,9.999073786479049e-05,0.999601517623433
1673,Malicious,Malicious,0.0,0.000893034443093041,0.999106965556907
1674,Malicious,Malicious,0.0,0.01825878245984893,0.9817412175401512
1675,Benign,Benign,0.00851358106057764,0.9914864189394226,0.0
1676,Malicious,Malicious,0.0,0.000893034443093041,0.999106965556907
1677,Malicious,Malicious,1.5877402729928762e-05,0.001061445364711659,0.9989226772325582
1678,Malicious,Malicious,1.5877402729928762e-05,0.001061445364711659,0.9989226772325582
1679,Malicious,Malicious,1.58420872729228e-05,0.0032324783020251445,0.996751679610702
1680,Malicious,Malicious,0.0003407074400788537,0.0015942802244217884,0.9980650123354994
1681,Malicious,Malicious,4.221580137664202e-05,0.0012522300147084792,0.998705554183915
1682,Malicious,Malicious,0.0002984916387022117,9.999073786479049e-05,0.999601517623433
1683,Malicious,Malicious,0.0,0.022715660722058485,0.9772843392779417
1684,Malicious,Malicious,0.0,0.00862566304942383,0.9913743369505762
1685,Malicious,Malicious,4.221580137664202e-05,0.02865812488040959,0.9712996593182139
1686,Malicious,Malicious,0.0002984916387022117,9.999073786479049e-05,0.999601517623433
1687,Malicious,Malicious,1.5877402729928762e-05,0.001061445364711659,0.9989226772325582
1688,Malicious,Malicious,4.221580137664202e-05,0.03896073808954668,0.9609970461090768
1689,Malicious,Malicious,1.5877402729928762e-05,0.001061445364711659,0.9989226772325582
1690,Malicious,Malicious,1.58420872729228e-05,0.0016145283684321588,0.998369629544295
1691,Malicious,Malicious,1.5877402729928762e-05,0.001061445364711659,0.9989226772325582
1692,Malicious,Malicious,4.221580137664202e-05,0.00169587730438226,0.9982619068942411
1693,Malicious,Malicious,0.0,0.0284005778267724,0.9715994221732275
1694,Malicious,Malicious,0.0002984916387022117,9.999073786479049e-05,0.999601517623433
1695,Malicious,Malicious,1.5877402729928762e-05,0.001061445364711659,0.9989226772325582
1696,Malicious,Malicious,0.0,0.000893034443093041,0.999106965556907
1697,Malicious,Malicious,1.5877402729928762e-05,0.001061445364711659,0.9989226772325582
1698,Malicious,Malicious,1.58420872729228e-05,0.0016145283684321588,0.998369629544295
1699,Malicious,Malicious,1.58420872729228e-05,0.0016145283684321588,0.998369629544295
1700,Malicious,Malicious,1.58420872729228e-05,0.0019543746169737707,0.9980297832957534
1701,Malicious,Malicious,1.58420872729228e-05,0.0016145283684321588,0.998369629544295
1702,Malicious,Malicious,0.0002984916387022117,9.999073786479049e-05,0.999601517623433
1703,Malicious,Malicious,0.0,0.0020578648423944146,0.9979421351576057
1704,Malicious,Malicious,1.5877402729928762e-05,0.001061445364711659,0.9989226772325582
1705,Malicious,Malicious,1.58420872729228e-05,0.001920998869801273,0.9980631590429259
1706,Malicious,Malicious,0.0002984916387022117,9.999073786479049e-05,0.999601517623433
1707,Malicious,Malicious,1.5877402729928762e-05,0.001061445364711659,0.9989226772325582
1708,Malicious,Malicious,1.58420872729228e-05,0.0015745159992688576,0.9984096419134584
1709,Malicious,Malicious,4.221580137664202e-05,0.028863711326589773,0.9710940728720336
1710,Malicious,Malicious,1.58420872729228e-05,0.0016145283684321588,0.998369629544295
1711,Malicious,Malicious,0.0002984916387022117,9.999073786479049e-05,0.999601517623433
1712,Malicious,Malicious,0.0,0.0019346779538581738,0.998065322046142
1713,Malicious,Malicious,4.221580137664202e-05,0.044244930860226496,0.955712853338397
1714,Malicious,Malicious,1.5877402729928762e-05,0.001061445364711659,0.9989226772325582
1715,Malicious,Malicious,0.0002984916387022117,9.999073786479049e-05,0.999601517623433
1716,Malicious,Malicious,1.5877402729928762e-05,0.001061445364711659,0.9989226772325582
1717,Malicious,Malicious,0.0,0.000893034443093041,0.999106965556907
1718,Malicious,Malicious,0.0002984916387022117,9.999073786479049e-05,0.999601517623433
1719,Malicious,Malicious,1.58420872729228e-05,0.003265854049197642,0.9967183038635296
1720,Malicious,Malicious,0.0002984916387022117,9.999073786479049e-05,0.999601517623433
1721,Malicious,Malicious,1.5877402729928762e-05,0.001061445364711659,0.9989226772325582
1722,Malicious,Malicious,1.58420872729228e-05,0.0019543746169737707,0.9980297832957534
1723,Malicious,Malicious,0.0030801756178794877,0.03249338520643136,0.9644264391756893
1724,Malicious,Malicious,1.58420872729228e-05,0.001920998869801273,0.9980631590429259
1725,Malicious,Malicious,1.5877402729928762e-05,0.001061445364711659,0.9989226772325582
1726,Malicious,Malicious,1.5877402729928762e-05,0.001061445364711659,0.9989226772325582
1727,Malicious,Malicious,1.5877402729928762e-05,0.001061445364711659,0.9989226772325582
1728,Malicious,Malicious,1.58420872729228e-05,0.0015745159992688576,0.9984096419134584
1729,Malicious,Malicious,1.58420872729228e-05,0.0019543746169737707,0.9980297832957534
1730,Benign,Benign,0.0,1.0,0.0
1731,Malicious,Malicious,1.58420872729228e-05,0.047866630086917376,0.9521175278258097
1732,Malicious,Malicious,0.0002984916387022117,9.999073786479049e-05,0.999601517623433
1733,Malicious,Malicious,1.5877402729928762e-05,0.001061445364711659,0.9989226772325582
1734,Malicious,Malicious,0.0,0.0019874594464574106,0.9980125405535428
1735,Malicious,Malicious,1.58420872729228e-05,0.0032324783020251445,0.996751679610702
1736,Malicious,Malicious,0.0002984916387022117,9.999073786479049e-05,0.999601517623433
1737,Benign,Benign,0.2522997155602106,0.7475796677493848,0.00012061669040446809
1738,Malicious,Malicious,1.5877402729928762e-05,0.001061445364711659,0.9989226772325582
1739,Malicious,Malicious,1.5877402729928762e-05,0.001061445364711659,0.9989226772325582
1740,Malicious,Malicious,4.221580137664202e-05,0.0033263641956079626,0.9966314200030155
1741,Malicious,Malicious,4.221580137664202e-05,0.001900476998644379,0.998057307199979
1742,Malicious,Malicious,0.0002984916387022117,9.999073786479049e-05,0.999601517623433
1743,Malicious,Malicious,1.58420872729228e-05,0.0018121977286065295,0.9981719601841206
1744,Malicious,Malicious,1.58420872729228e-05,0.0016145283684321588,0.998369629544295
1745,Benign,Benign,0.003844250912697314,0.9961557490873026,0.0
1746,Malicious,Malicious,1.5877402729928762e-05,0.001061445364711659,0.9989226772325582
1747,Malicious,Malicious,1.5877402729928762e-05,0.001061445364711659,0.9989226772325582
1748,Malicious,Malicious,1.58420872729228e-05,0.003265854049197642,0.9967183038635296
1749,Malicious,Malicious,1.58420872729228e-05,0.0016145283684321588,0.998369629544295
1750,Benign,Benign,0.024761980673123008,0.9750472197275317,0.0001907995993452716
1751,Malicious,Malicious,1.5877402729928762e-05,0.001061445364711659,0.9989226772325582
1752,Malicious,Malicious,1.58420872729228e-05,0.0019543746169737707,0.9980297832957534
1753,Malicious,Malicious,0.0002984916387022117,9.999073786479049e-05,0.999601517623433
1754,Malicious,Malicious,1.58420872729228e-05,0.001920998869801273,0.9980631590429259
1755,Malicious,Malicious,0.0002984916387022117,9.999073786479049e-05,0.999601517623433
1756,Malicious,Malicious,1.58420872729228e-05,0.0016145283684321588,0.998369629544295
1757,Malicious,Malicious,0.0002984916387022117,9.999073786479049e-05,0.999601517623433
1758,Malicious,Malicious,1.5877402729928762e-05,0.001061445364711659,0.9989226772325582
1759,Malicious,Malicious,1.58420872729228e-05,0.0016145283684321588,0.998369629544295
1760,Malicious,Malicious,0.0002984916387022117,9.999073786479049e-05,0.999601517623433
1761,Malicious,Malicious,1.5877402729928762e-05,0.001061445364711659,0.9989226772325582
1762,Malicious,Malicious,1.58420872729228e-05,0.0019543746169737707,0.9980297832957534
1763,Malicious,Malicious,0.0003407074400788537,0.0029945036156962283,0.996664788944225
1764,Malicious,Malicious,4.221580137664202e-05,0.07007401888090897,0.9298837653177146
1765,Malicious,Malicious,0.0002984916387022117,9.999073786479049e-05,0.999601517623433
1766,Malicious,Malicious,0.0,0.0020402164538727108,0.9979597835461275
1767,Malicious,Malicious,0.0002984916387022117,9.999073786479049e-05,0.999601517623433
1768,Malicious,Malicious,0.00014193004800161445,0.08836015315896456,0.9114979167930344
1769,Malicious,Malicious,0.0002984916387022117,9.999073786479049e-05,0.999601517623433
1770,Malicious,Malicious,1.5877402729928762e-05,0.001061445364711659,0.9989226772325582
1771,Malicious,Malicious,0.0002984916387022117,9.999073786479049e-05,0.999601517623433
1772,Malicious,Malicious,0.0002984916387022117,9.999073786479049e-05,0.999601517623433
1773,Malicious,Malicious,1.5877402729928762e-05,0.001061445364711659,0.9989226772325582
1774,Malicious,Malicious,4.221580137664202e-05,0.02038249481972704,0.9795752893788965
1775,Malicious,Malicious,1.58420872729228e-05,0.0015745159992688576,0.9984096419134584
1776,Malicious,Malicious,0.0002984916387022117,9.999073786479049e-05,0.999601517623433
1777,Malicious,Malicious,1.5877402729928762e-05,0.001061445364711659,0.9989226772325582
1778,Malicious,Malicious,1.58420872729228e-05,0.00864394983060514,0.9913402080821219
1779,Malicious,Malicious,0.0002984916387022117,9.999073786479049e-05,0.999601517623433
1780,Malicious,Malicious,0.0003407074400788537,0.010723238599399361,0.9889360539605218
1781,Malicious,Malicious,0.0002984916387022117,9.999073786479049e-05,0.999601517623433
1782,Malicious,Malicious,0.0002984916387022117,9.999073786479049e-05,0.999601517623433
1783,Malicious,Malicious,1.5877402729928762e-05,0.001061445364711659,0.9989226772325582
1784,Malicious,Malicious,4.221580137664202e-05,0.0025924122984830097,0.9973653719001403
1785,Malicious,Malicious,1.58420872729228e-05,0.001920998869801273,0.9980631590429259
1786,Malicious,Malicious,0.0002984916387022117,9.999073786479049e-05,0.999601517623433
1787,Malicious,Malicious,1.5877402729928762e-05,0.001061445364711659,0.9989226772325582
1788,Malicious,Malicious,1.58420872729228e-05,0.0019505591220278732,0.9980335987906993
1789,Malicious,Malicious,1.58420872729228e-05,0.0016145283684321588,0.998369629544295
1790,Malicious,Malicious,0.0002984916387022117,9.999073786479049e-05,0.999601517623433
1791,Malicious,Malicious,0.0003407074400788537,0.0015470976578971654,0.9981121949020241
1792,Malicious,Malicious,0.0002984916387022117,9.999073786479049e-05,0.999601517623433
1793,Malicious,Malicious,1.58420872729228e-05,0.0019543746169737707,0.9980297832957534
1794,Malicious,Malicious,0.0002984916387022117,9.999073786479049e-05,0.999601517623433
1795,Malicious,Malicious,1.5877402729928762e-05,0.001061445364711659,0.9989226772325582
1796,Malicious,Malicious,1.58420872729228e-05,0.0019505591220278732,0.9980335987906993
1797,Malicious,Malicious,0.0003407074400788537,0.09847002498604125,0.90118926757388
1798,Malicious,Malicious,1.5877402729928762e-05,0.001061445364711659,0.9989226772325582
1799,Malicious,Malicious,0.0002984916387022117,9.999073786479049e-05,0.999601517623433
1800,Malicious,Malicious,1.58420872729228e-05,0.0032324783020251445,0.996751679610702
1801,Malicious,Malicious,1.58420872729228e-05,0.001616884014862045,0.9983672738978651
1802,Malicious,Malicious,1.58420872729228e-05,0.0016145283684321588,0.998369629544295
1803,Malicious,Malicious,0.0002984916387022117,9.999073786479049e-05,0.999601517623433
1804,Malicious,Malicious,0.0002984916387022117,9.999073786479049e-05,0.999601517623433
1805,Background,Background,0.6289784895579439,0.3710215104420562,0.0
1806,Malicious,Malicious,1.5877402729928762e-05,0.001061445364711659,0.9989226772325582
1807,Malicious,Malicious,1.58420872729228e-05,0.0019505591220278732,0.9980335987906993
1808,Benign,Benign,0.40825867706259245,0.5917413229374077,0.0
1809,Malicious,Malicious,1.5877402729928762e-05,0.001061445364711659,0.9989226772325582
1810,Benign,Benign,0.2606120838836676,0.7393879161163324,0.0
1811,Malicious,Malicious,0.0003407074400788537,0.0015470976578971654,0.9981121949020241
1812,Malicious,Malicious,4.221580137664202e-05,0.0021390342791582973,0.9978187499194651
1813,Malicious,Malicious,1.58420872729228e-05,0.0032324783020251445,0.996751679610702
1814,Malicious,Malicious,1.58420872729228e-05,0.0016145283684321588,0.998369629544295
1815,Malicious,Malicious,1.5877402729928762e-05,0.001061445364711659,0.9989226772325582
1816,Malicious,Malicious,0.00014193004800161445,0.0471419877168926,0.9527160822351058
1817,Malicious,Malicious,1.58420872729228e-05,0.0016145283684321588,0.998369629544295
1818,Malicious,Malicious,1.5877402729928762e-05,0.001061445364711659,0.9989226772325582
1819,Benign,Benign,0.447836769444482,0.552163230555518,0.0
1820,Malicious,Malicious,4.221580137664202e-05,0.0025924122984830097,0.9973653719001403
1821,Malicious,Malicious,1.58420872729228e-05,0.0032324783020251445,0.996751679610702
1822,Benign,Benign,0.3248603105531055,0.6751396894468946,0.0
1823,Malicious,Malicious,0.0002984916387022117,9.999073786479049e-05,0.999601517623433
1824,Malicious,Malicious,1.58420872729228e-05,0.002360918581028417,0.9976232393316987
1825,Malicious,Malicious,1.58420872729228e-05,0.0015745159992688576,0.9984096419134584
1826,Malicious,Malicious,1.58420872729228e-05,0.001616884014862045,0.9983672738978651
1827,Malicious,Malicious,1.58420872729228e-05,0.0016145283684321588,0.998369629544295
1828,Malicious,Malicious,1.5877402729928762e-05,0.001061445364711659,0.9989226772325582
1829,Malicious,Malicious,0.0002984916387022117,9.999073786479049e-05,0.999601517623433
1830,Malicious,Malicious,0.0002984916387022117,9.999073786479049e-05,0.999601517623433
1831,Malicious,Malicious,1.5877402729928762e-05,0.001061445364711659,0.9989226772325582
1832,Malicious,Malicious,1.5877402729928762e-05,0.001061445364711659,0.9989226772325582
1833,Malicious,Malicious,0.0002984916387022117,9.999073786479049e-05,0.999601517623433
1834,Malicious,Malicious,1.5877402729928762e-05,0.001061445364711659,0.9989226772325582
1835,Malicious,Malicious,0.0002984916387022117,9.999073786479049e-05,0.999601517623433
1836,Malicious,Malicious,1.5877402729928762e-05,0.001061445364711659,0.9989226772325582
1837,Malicious,Malicious,0.00012608796072869163,0.011353462563175947,0.9885204494760953
1838,Malicious,Malicious,0.0002984916387022117,9.999073786479049e-05,0.999601517623433
1839,Malicious,Malicious,1.5877402729928762e-05,0.001061445364711659,0.9989226772325582
1840,Malicious,Malicious,1.58420872729228e-05,0.00864394983060514,0.9913402080821219
1841,Malicious,Malicious,1.5877402729928762e-05,0.001061445364711659,0.9989226772325582
1842,Malicious,Malicious,0.0002984916387022117,9.999073786479049e-05,0.999601517623433
1843,Malicious,Malicious,1.5877402729928762e-05,0.001061445364711659,0.9989226772325582
1844,Malicious,Malicious,0.0002984916387022117,9.999073786479049e-05,0.999601517623433
1845,Malicious,Malicious,1.5877402729928762e-05,0.001061445364711659,0.9989226772325582
1846,Malicious,Malicious,0.0,0.0035083435696877407,0.9964916564303123
1847,Malicious,Malicious,1.5877402729928762e-05,0.001061445364711659,0.9989226772325582
1848,Malicious,Malicious,1.58420872729228e-05,0.0015745159992688576,0.9984096419134584
1849,Malicious,Malicious,0.0002984916387022117,9.999073786479049e-05,0.999601517623433
1850,Malicious,Malicious,0.0003407074400788537,0.007773799854590483,0.9918854927053306
1851,Benign,Benign,0.03364942790502036,0.9500788708941077,0.016271701200871888
1852,Malicious,Malicious,1.58420872729228e-05,0.0016145283684321588,0.998369629544295
1853,Malicious,Malicious,4.221580137664202e-05,0.008106055623967202,0.9918517285746562
1854,Malicious,Malicious,0.0,0.01618778228696273,0.9838122177130373
1855,Malicious,Malicious,0.0002984916387022117,9.999073786479049e-05,0.999601517623433
1856,Benign,Benign,0.030623045155291545,0.9693142368100962,6.271803461247183e-05
1857,Benign,Benign,0.48382256700399173,0.5161147149613958,6.271803461247183e-05
1858,Benign,Background,0.5420514213778406,0.4579485786221595,0.0
1859,Malicious,Malicious,1.58420872729228e-05,0.0015745159992688576,0.9984096419134584
1860,Benign,Benign,0.3577905356205377,0.6422094643794624,0.0
1861,Benign,Benign,0.24191127377996152,0.7509618718896077,0.007126854330430613
1862,Malicious,Malicious,0.0002984916387022117,9.999073786479049e-05,0.999601517623433
1863,Malicious,Malicious,0.0002984916387022117,9.999073786479049e-05,0.999601517623433
1864,Malicious,Malicious,1.5877402729928762e-05,0.001061445364711659,0.9989226772325582
1865,Malicious,Malicious,0.00014193004800161445,0.013455896934248899,0.9864021730177494
1866,Malicious,Malicious,0.002072155411655874,0.13713689046392877,0.8607909541244154
1867,Malicious,Malicious,0.0004093200841940381,0.007497328799267664,0.9920933511165383
1868,Malicious,Malicious,1.5877402729928762e-05,0.001061445364711659,0.9989226772325582
1869,Malicious,Malicious,1.58420872729228e-05,0.001920998869801273,0.9980631590429259
1870,Malicious,Malicious,1.5877402729928762e-05,0.001061445364711659,0.9989226772325582
1871,Malicious,Malicious,1.58420872729228e-05,0.0019505591220278732,0.9980335987906993
1872,Malicious,Malicious,0.0002984916387022117,9.999073786479049e-05,0.999601517623433
1873,Malicious,Malicious,1.5877402729928762e-05,0.001061445364711659,0.9989226772325582
1874,Malicious,Malicious,0.00012608796072869163,0.010550487328622656,0.9893234247106486
1875,Malicious,Malicious,0.0002984916387022117,9.999073786479049e-05,0.999601517623433
1876,Malicious,Malicious,1.5877402729928762e-05,0.001061445364711659,0.9989226772325582
1877,Malicious,Malicious,0.0002984916387022117,9.999073786479049e-05,0.999601517623433
1878,Malicious,Malicious,0.00012608796072869163,0.012746199426237979,0.9871277126130333
1879,Background,Benign,0.23235181252316459,0.6243620042763801,0.14328618320045514
1880,Benign,Benign,0.04692166854384913,0.9384827311712456,0.01459560028490533
1881,Background,Background,0.5377184138676536,0.4496841185140111,0.012597467618335214
1882,Background,Benign,0.16399483493351585,0.8084811127809606,0.027524052285523966
1883,Malicious,Malicious,1.5877402729928762e-05,0.001061445364711659,0.9989226772325582
1884,Malicious,Malicious,4.221580137664202e-05,0.0012522300147084792,0.998705554183915
1885,Malicious,Malicious,0.0002984916387022117,9.999073786479049e-05,0.999601517623433
1886,Malicious,Malicious,1.5877402729928762e-05,0.001061445364711659,0.9989226772325582
1887,Malicious,Malicious,1.58420872729228e-05,0.0019505591220278732,0.9980335987906993
1888,Malicious,Malicious,1.5877402729928762e-05,0.001061445364711659,0.9989226772325582
1889,Malicious,Malicious,1.5877402729928762e-05,0.001061445364711659,0.9989226772325582
1890,Malicious,Malicious,1.5877402729928762e-05,0.001061445364711659,0.9989226772325582
1891,Malicious,Malicious,1.5877402729928762e-05,0.001061445364711659,0.9989226772325582
1892,Malicious,Malicious,0.0002984916387022117,9.999073786479049e-05,0.999601517623433
1893,Malicious,Malicious,1.58420872729228e-05,0.001920998869801273,0.9980631590429259
1894,Malicious,Malicious,0.0002984916387022117,9.999073786479049e-05,0.999601517623433
1895,Malicious,Malicious,1.58420872729228e-05,0.0019543746169737707,0.9980297832957534
1896,Malicious,Malicious,0.0,0.000893034443093041,0.999106965556907
1897,Malicious,Malicious,4.221580137664202e-05,0.06757288213920433,0.9323849020594192
1898,Malicious,Malicious,1.5877402729928762e-05,0.001061445364711659,0.9989226772325582
1899,Malicious,Malicious,0.0002984916387022117,9.999073786479049e-05,0.999601517623433
1900,Malicious,Malicious,1.5877402729928762e-05,0.001061445364711659,0.9989226772325582
1901,Malicious,Malicious,0.0002984916387022117,9.999073786479049e-05,0.999601517623433
1902,Malicious,Malicious,0.0002984916387022117,9.999073786479049e-05,0.999601517623433
1903,Malicious,Malicious,0.0,0.0020578648423944146,0.9979421351576057
1904,Malicious,Malicious,1.5877402729928762e-05,0.001061445364711659,0.9989226772325582
1905,Malicious,Malicious,0.0002984916387022117,0.0009382232232581034,0.9987632851380398
1906,Malicious,Malicious,0.0002984916387022117,9.999073786479049e-05,0.999601517623433
1907,Malicious,Malicious,1.5877402729928762e-05,0.001061445364711659,0.9989226772325582
1908,Malicious,Malicious,1.5877402729928762e-05,0.001061445364711659,0.9989226772325582
1909,Malicious,Malicious,1.58420872729228e-05,0.0019505591220278732,0.9980335987906993
1910,Malicious,Malicious,0.0002984916387022117,9.999073786479049e-05,0.999601517623433
1911,Malicious,Malicious,1.58420872729228e-05,0.0016145283684321588,0.998369629544295
1912,Malicious,Malicious,1.58420872729228e-05,0.00864394983060514,0.9913402080821219
1913,Malicious,Malicious,0.0003407074400788537,0.0023643085483577822,0.9972949840115635
1914,Malicious,Malicious,1.5877402729928762e-05,0.001061445364711659,0.9989226772325582
1915,Malicious,Malicious,1.5877402729928762e-05,0.001061445364711659,0.9989226772325582
1916,Malicious,Malicious,4.221580137664202e-05,0.0033263641956079626,0.9966314200030155
1917,Malicious,Malicious,0.00014193004800161445,0.04244595247460184,0.9574121174773965
1918,Malicious,Malicious,0.0002984916387022117,9.999073786479049e-05,0.999601517623433
1919,Malicious,Malicious,1.58420872729228e-05,0.0016145283684321588,0.998369629544295
1920,Malicious,Malicious,1.5877402729928762e-05,0.001061445364711659,0.9989226772325582
1921,Malicious,Malicious,0.0002984916387022117,9.999073786479049e-05,0.999601517623433
1922,Malicious,Malicious,1.5877402729928762e-05,0.001061445364711659,0.9989226772325582
1923,Malicious,Malicious,1.58420872729228e-05,0.0032324783020251445,0.996751679610702
1924,Malicious,Malicious,0.0002984916387022117,9.999073786479049e-05,0.999601517623433
1925,Malicious,Malicious,1.58420872729228e-05,0.0016145283684321588,0.998369629544295
1926,Malicious,Malicious,1.5877402729928762e-05,0.001061445364711659,0.9989226772325582
1927,Malicious,Malicious,0.0003407074400788537,0.0023643085483577822,0.9972949840115635
1928,Malicious,Malicious,1.5877402729928762e-05,0.001061445364711659,0.9989226772325582
1929,Malicious,Malicious,0.0002984916387022117,9.999073786479049e-05,0.999601517623433
1930,Malicious,Malicious,1.5877402729928762e-05,0.001061445364711659,0.9989226772325582
1931,Malicious,Malicious,1.5877402729928762e-05,0.001061445364711659,0.9989226772325582
1932,Malicious,Malicious,0.0003407074400788537,0.005371390112179899,0.9942879024477412
1933,Malicious,Malicious,0.0002984916387022117,9.999073786479049e-05,0.999601517623433
1934,Malicious,Malicious,1.58420872729228e-05,0.0016145283684321588,0.998369629544295
1935,Malicious,Malicious,0.0002984916387022117,9.999073786479049e-05,0.999601517623433
1936,Malicious,Malicious,1.5877402729928762e-05,0.001061445364711659,0.9989226772325582
1937,Malicious,Malicious,1.58420872729228e-05,0.0032324783020251445,0.996751679610702
1938,Malicious,Malicious,0.0002984916387022117,9.999073786479049e-05,0.999601517623433
1939,Malicious,Malicious,1.58420872729228e-05,0.003265854049197642,0.9967183038635296
1940,Malicious,Malicious,1.5877402729928762e-05,0.001061445364711659,0.9989226772325582
1941,Malicious,Malicious,0.0003407074400788537,0.0015470976578971654,0.9981121949020241
1942,Malicious,Malicious,0.0002984916387022117,9.999073786479049e-05,0.999601517623433
1943,Malicious,Malicious,1.5877402729928762e-05,0.001061445364711659,0.9989226772325582
1944,Malicious,Malicious,1.5877402729928762e-05,0.001061445364711659,0.9989226772325582
1945,Malicious,Malicious,1.5877402729928762e-05,0.001061445364711659,0.9989226772325582
1946,Malicious,Malicious,0.0004093200841940381,0.007497328799267664,0.9920933511165383
1947,Malicious,Malicious,1.58420872729228e-05,0.002360918581028417,0.9976232393316987
1948,Malicious,Malicious,1.58420872729228e-05,0.0019543746169737707,0.9980297832957534
1949,Malicious,Malicious,4.221580137664202e-05,0.0025924122984830097,0.9973653719001403
1950,Malicious,Malicious,1.5877402729928762e-05,0.001061445364711659,0.9989226772325582
1951,Malicious,Malicious,1.5877402729928762e-05,0.001061445364711659,0.9989226772325582
1952,Malicious,Malicious,1.58420872729228e-05,0.0032324783020251445,0.996751679610702
1953,Malicious,Malicious,1.5877402729928762e-05,0.001061445364711659,0.9989226772325582
1954,Malicious,Malicious,1.58420872729228e-05,0.010364183683932564,0.9896199742287947
1955,Malicious,Malicious,1.58420872729228e-05,0.003265854049197642,0.9967183038635296
1956,Malicious,Malicious,1.58420872729228e-05,0.002360918581028417,0.9976232393316987
1957,Malicious,Malicious,1.58420872729228e-05,0.0016145283684321588,0.998369629544295
1958,Malicious,Malicious,0.0002984916387022117,9.999073786479049e-05,0.999601517623433
1959,Malicious,Malicious,1.58420872729228e-05,0.001616884014862045,0.9983672738978651
1960,Malicious,Malicious,1.5877402729928762e-05,0.001061445364711659,0.9989226772325582
1961,Malicious,Malicious,4.221580137664202e-05,0.002634428895769332,0.9973233553028541
1962,Malicious,Malicious,0.0002984916387022117,9.999073786479049e-05,0.999601517623433
1963,Malicious,Malicious,1.58420872729228e-05,0.0019505591220278732,0.9980335987906993
1964,Malicious,Malicious,0.0004093200841940381,0.007497328799267664,0.9920933511165383
1965,Malicious,Malicious,1.58420872729228e-05,0.0016145283684321588,0.998369629544295
1966,Malicious,Malicious,0.0004093200841940381,0.005800124682400016,0.993790555233406
1967,Malicious,Malicious,1.58420872729228e-05,0.0019505591220278732,0.9980335987906993
1968,Malicious,Malicious,1.58420872729228e-05,0.0016145283684321588,0.998369629544295
1969,Malicious,Malicious,1.5877402729928762e-05,0.001061445364711659,0.9989226772325582
1970,Malicious,Malicious,0.0002984916387022117,9.999073786479049e-05,0.999601517623433
1971,Malicious,Malicious,0.0003407074400788537,0.0015470976578971654,0.9981121949020241
1972,Malicious,Malicious,1.58420872729228e-05,0.0016145283684321588,0.998369629544295
1973,Malicious,Malicious,1.5877402729928762e-05,0.001061445364711659,0.9989226772325582
1974,Malicious,Malicious,1.58420872729228e-05,0.0019505591220278732,0.9980335987906993
1975,Malicious,Malicious,1.58420872729228e-05,0.0019505591220278732,0.9980335987906993
1976,Malicious,Malicious,0.0002984916387022117,9.999073786479049e-05,0.999601517623433
1977,Malicious,Malicious,1.58420872729228e-05,0.0019505591220278732,0.9980335987906993
1978,Malicious,Malicious,0.0002984916387022117,9.999073786479049e-05,0.999601517623433
1979,Malicious,Malicious,1.58420872729228e-05,0.0015745159992688576,0.9984096419134584
1980,Malicious,Malicious,1.5877402729928762e-05,0.001061445364711659,0.9989226772325582
1981,Malicious,Malicious,1.58420872729228e-05,0.0016145283684321588,0.998369629544295
1982,Malicious,Malicious,0.0003407074400788537,0.003046513118545482,0.9966127794413757
1983,Malicious,Malicious,0.0003407074400788537,0.002500561702698093,0.9971587308572231
1984,Malicious,Malicious,0.0002984916387022117,9.999073786479049e-05,0.999601517623433
1985,Malicious,Malicious,1.58420872729228e-05,0.001920998869801273,0.9980631590429259
1986,Malicious,Malicious,1.5877402729928762e-05,0.001061445364711659,0.9989226772325582
1987,Malicious,Malicious,1.58420872729228e-05,0.0032324783020251445,0.996751679610702
1988,Malicious,Malicious,1.5877402729928762e-05,0.001061445364711659,0.9989226772325582
1989,Malicious,Malicious,0.0003407074400788537,0.0015470976578971654,0.9981121949020241
1990,Malicious,Malicious,1.5877402729928762e-05,0.001061445364711659,0.9989226772325582
1991,Malicious,Malicious,4.221580137664202e-05,0.0025924122984830097,0.9973653719001403
1992,Malicious,Malicious,0.0003407074400788537,0.0015942802244217884,0.9980650123354994
1993,Malicious,Malicious,1.58420872729228e-05,0.002360918581028417,0.9976232393316987
1994,Malicious,Malicious,0.0002984916387022117,9.999073786479049e-05,0.999601517623433
1995,Malicious,Malicious,1.58420872729228e-05,0.0019543746169737707,0.9980297832957534
1996,Malicious,Malicious,1.5877402729928762e-05,0.001061445364711659,0.9989226772325582
1997,Malicious,Malicious,1.58420872729228e-05,0.0019505591220278732,0.9980335987906993
1998,Malicious,Malicious,0.0002984916387022117,9.999073786479049e-05,0.999601517623433
1999,Malicious,Malicious,0.0003407074400788537,0.0015470976578971654,0.9981121949020241
2000,Malicious,Malicious,0.0003407074400788537,0.035846564083718044,0.9638127284762031
2001,Malicious,Malicious,0.0003407074400788537,0.005371390112179899,0.9942879024477412
2002,Malicious,Malicious,1.58420872729228e-05,0.0016145283684321588,0.998369629544295
2003,Malicious,Malicious,0.0002984916387022117,9.999073786479049e-05,0.999601517623433
2004,Malicious,Malicious,4.221580137664202e-05,0.0025924122984830097,0.9973653719001403
2005,Malicious,Malicious,4.221580137664202e-05,0.002634428895769332,0.9973233553028541
2006,Malicious,Malicious,1.58420872729228e-05,0.001920998869801273,0.9980631590429259
2007,Malicious,Malicious,0.0003407074400788537,0.001818357132510394,0.9978409354274107
2008,Malicious,Malicious,1.58420872729228e-05,0.0016145283684321588,0.998369629544295
2009,Malicious,Malicious,1.5877402729928762e-05,0.001061445364711659,0.9989226772325582
2010,Malicious,Malicious,0.0003407074400788537,0.0015942802244217884,0.9980650123354994
2011,Benign,Benign,0.0,1.0,0.0
2012,Malicious,Malicious,0.0003407074400788537,0.001818357132510394,0.9978409354274107
2013,Malicious,Malicious,1.58420872729228e-05,0.001920998869801273,0.9980631590429259
2014,Malicious,Malicious,0.0002984916387022117,9.999073786479049e-05,0.999601517623433
2015,Benign,Benign,0.2522997155602106,0.7475796677493848,0.00012061669040446809
2016,Benign,Benign,0.2522997155602106,0.7475796677493848,0.00012061669040446809
2017,Malicious,Malicious,1.58420872729228e-05,0.0019543746169737707,0.9980297832957534
2018,Malicious,Malicious,1.58420872729228e-05,0.001920998869801273,0.9980631590429259
2019,Malicious,Malicious,0.0002984916387022117,9.999073786479049e-05,0.999601517623433
2020,Malicious,Malicious,1.5877402729928762e-05,0.001061445364711659,0.9989226772325582
2021,Malicious,Malicious,0.0002984916387022117,9.999073786479049e-05,0.999601517623433
2022,Malicious,Malicious,1.58420872729228e-05,0.002360918581028417,0.9976232393316987
2023,Benign,Benign,0.00851358106057764,0.9914864189394226,0.0
2024,Malicious,Malicious,1.5877402729928762e-05,0.001061445364711659,0.9989226772325582
2025,Benign,Benign,0.0009396839885200889,0.99906031601148,0.0
2026,Malicious,Malicious,1.58420872729228e-05,0.015602420774854703,0.9843817371378724
2027,Malicious,Malicious,0.0002984916387022117,9.999073786479049e-05,0.999601517623433
2028,Malicious,Malicious,0.0003407074400788537,0.001818357132510394,0.9978409354274107
2029,Malicious,Malicious,1.58420872729228e-05,0.0016145283684321588,0.998369629544295
2030,Malicious,Malicious,1.5877402729928762e-05,0.001061445364711659,0.9989226772325582
2031,Malicious,Malicious,1.58420872729228e-05,0.002360918581028417,0.9976232393316987
2032,Benign,Benign,0.024761980673123008,0.9750472197275317,0.0001907995993452716
2033,Malicious,Malicious,1.58420872729228e-05,0.0019543746169737707,0.9980297832957534
2034,Malicious,Malicious,1.58420872729228e-05,0.0015745159992688576,0.9984096419134584
2035,Malicious,Malicious,0.0002984916387022117,9.999073786479049e-05,0.999601517623433
2036,Malicious,Malicious,0.0003407074400788537,0.002500561702698093,0.9971587308572231
2037,Malicious,Malicious,1.58420872729228e-05,0.003428218829017315,0.9965559390837099
2038,Malicious,Malicious,1.5877402729928762e-05,0.001061445364711659,0.9989226772325582
2039,Malicious,Malicious,1.5877402729928762e-05,0.001061445364711659,0.9989226772325582
2040,Malicious,Malicious,0.0002984916387022117,9.999073786479049e-05,0.999601517623433
2041,Malicious,Malicious,1.58420872729228e-05,0.0016145283684321588,0.998369629544295
2042,Malicious,Malicious,1.5877402729928762e-05,0.001061445364711659,0.9989226772325582
2043,Malicious,Malicious,1.58420872729228e-05,0.00864394983060514,0.9913402080821219
2044,Malicious,Malicious,1.58420872729228e-05,0.001920998869801273,0.9980631590429259
2045,Malicious,Malicious,0.0003407074400788537,0.0015470976578971654,0.9981121949020241
2046,Malicious,Malicious,1.5877402729928762e-05,0.001061445364711659,0.9989226772325582
2047,Malicious,Malicious,0.0003407074400788537,0.0025421505655961645,0.9971171419943251
2048,Malicious,Malicious,0.0002984916387022117,9.999073786479049e-05,0.999601517623433
2049,Malicious,Malicious,0.0002984916387022117,9.999073786479049e-05,0.999601517623433
2050,Malicious,Malicious,1.5877402729928762e-05,0.001061445364711659,0.9989226772325582
2051,Malicious,Malicious,0.0002984916387022117,9.999073786479049e-05,0.999601517623433
2052,Malicious,Malicious,1.5877402729928762e-05,0.001061445364711659,0.9989226772325582
2053,Malicious,Malicious,0.0002984916387022117,9.999073786479049e-05,0.999601517623433
2054,Malicious,Malicious,1.5877402729928762e-05,0.001061445364711659,0.9989226772325582
2055,Malicious,Malicious,1.58420872729228e-05,0.0016145283684321588,0.998369629544295
2056,Malicious,Malicious,1.5877402729928762e-05,0.001061445364711659,0.9989226772325582
2057,Malicious,Malicious,1.58420872729228e-05,0.0016145283684321588,0.998369629544295
2058,Malicious,Malicious,0.0002984916387022117,9.999073786479049e-05,0.999601517623433
2059,Malicious,Malicious,0.0002984916387022117,9.999073786479049e-05,0.999601517623433
2060,Malicious,Malicious,1.5877402729928762e-05,0.001061445364711659,0.9989226772325582
2061,Malicious,Malicious,1.5877402729928762e-05,0.001061445364711659,0.9989226772325582
2062,Malicious,Malicious,0.0002984916387022117,9.999073786479049e-05,0.999601517623433
2063,Malicious,Malicious,1.58420872729228e-05,0.0019505591220278732,0.9980335987906993
2064,Malicious,Malicious,1.58420872729228e-05,0.0016145283684321588,0.998369629544295
2065,Malicious,Malicious,0.0002984916387022117,9.999073786479049e-05,0.999601517623433
2066,Malicious,Malicious,1.58420872729228e-05,0.0019505591220278732,0.9980335987906993
2067,Malicious,Malicious,1.58420872729228e-05,0.0016145283684321588,0.998369629544295
2068,Malicious,Malicious,0.0003407074400788537,0.27667556375352764,0.7229837288063935
2069,Malicious,Malicious,0.0,0.0008402529504938043,0.9991597470495063
2070,Malicious,Malicious,1.5877402729928762e-05,0.001061445364711659,0.9989226772325582
2071,Malicious,Malicious,0.0003407074400788537,0.0015470976578971654,0.9981121949020241
2072,Malicious,Malicious,1.58420872729228e-05,0.001920998869801273,0.9980631590429259
2073,Malicious,Malicious,1.5877402729928762e-05,0.001061445364711659,0.9989226772325582
2074,Malicious,Malicious,1.58420872729228e-05,0.0015745159992688576,0.9984096419134584
2075,Malicious,Malicious,0.0002984916387022117,9.999073786479049e-05,0.999601517623433
2076,Malicious,Malicious,0.0002984916387022117,9.999073786479049e-05,0.999601517623433
2077,Malicious,Malicious,1.5877402729928762e-05,0.001061445364711659,0.9989226772325582
2078,Malicious,Malicious,1.58420872729228e-05,0.0016145283684321588,0.998369629544295
2079,Malicious,Malicious,4.221580137664202e-05,0.0012522300147084792,0.998705554183915
2080,Benign,Benign,0.21330708389113417,0.7857011357441975,0.0009917803646680853
2081,Malicious,Malicious,0.0002984916387022117,9.999073786479049e-05,0.999601517623433
2082,Malicious,Malicious,1.5877402729928762e-05,0.001061445364711659,0.9989226772325582
2083,Malicious,Malicious,1.58420872729228e-05,0.00864394983060514,0.9913402080821219
2084,Malicious,Malicious,1.5877402729928762e-05,0.001061445364711659,0.9989226772325582
2085,Malicious,Malicious,4.221580137664202e-05,0.0012522300147084792,0.998705554183915
2086,Malicious,Malicious,4.221580137664202e-05,0.025475420062730895,0.9744823641358924
2087,Malicious,Malicious,0.0002984916387022117,9.999073786479049e-05,0.999601517623433
2088,Malicious,Malicious,0.0002984916387022117,9.999073786479049e-05,0.999601517623433
2089,Malicious,Malicious,1.5877402729928762e-05,0.001061445364711659,0.9989226772325582
2090,Malicious,Malicious,0.0002984916387022117,9.999073786479049e-05,0.999601517623433
2091,Malicious,Malicious,0.0003407074400788537,0.0015942802244217884,0.9980650123354994
2092,Malicious,Malicious,1.5877402729928762e-05,0.001061445364711659,0.9989226772325582
2093,Malicious,Malicious,1.58420872729228e-05,0.0015745159992688576,0.9984096419134584
2094,Malicious,Malicious,0.0003407074400788537,0.122355613198621,0.8773036793612999
2095,Malicious,Malicious,0.0002984916387022117,9.999073786479049e-05,0.999601517623433
2096,Malicious,Malicious,1.5877402729928762e-05,0.001061445364711659,0.9989226772325582
2097,Malicious,Malicious,0.0,0.000893034443093041,0.999106965556907
2098,Malicious,Malicious,4.221580137664202e-05,0.00169587730438226,0.9982619068942411
2099,Malicious,Malicious,1.5877402729928762e-05,0.001061445364711659,0.9989226772325582
2100,Malicious,Malicious,4.221580137664202e-05,0.0030167519171228462,0.9969410322815005
2101,Malicious,Malicious,0.0002984916387022117,9.999073786479049e-05,0.999601517623433
2102,Malicious,Malicious,0.00014193004800161445,0.013455896934248899,0.9864021730177494
2103,Malicious,Malicious,1.5877402729928762e-05,0.001061445364711659,0.9989226772325582
2104,Malicious,Malicious,1.58420872729228e-05,0.002859260139154781,0.9971248977735724
2105,Malicious,Malicious,0.0002984916387022117,9.999073786479049e-05,0.999601517623433
2106,Malicious,Malicious,1.58420872729228e-05,0.0016145283684321588,0.998369629544295
2107,Malicious,Malicious,0.0002984916387022117,9.999073786479049e-05,0.999601517623433
2108,Malicious,Malicious,0.0,0.022662879229459247,0.9773371207705409
2109,Malicious,Malicious,1.5877402729928762e-05,0.001061445364711659,0.9989226772325582
2110,Malicious,Malicious,0.0003407074400788537,0.0015942802244217884,0.9980650123354994
2111,Malicious,Malicious,0.0002984916387022117,9.999073786479049e-05,0.999601517623433
2112,Malicious,Malicious,1.5877402729928762e-05,0.001061445364711659,0.9989226772325582
2113,Malicious,Malicious,0.0,0.0019874594464574106,0.9980125405535428
2114,Malicious,Malicious,1.58420872729228e-05,0.0032324783020251445,0.996751679610702
2115,Malicious,Malicious,1.5877402729928762e-05,0.001061445364711659,0.9989226772325582
2116,Malicious,Malicious,1.5877402729928762e-05,0.001061445364711659,0.9989226772325582
2117,Malicious,Malicious,0.0002984916387022117,9.999073786479049e-05,0.999601517623433
2118,Malicious,Malicious,0.0,0.04326251215904483,0.9567374878409551
2119,Malicious,Malicious,0.0002984916387022117,9.999073786479049e-05,0.999601517623433
2120,Malicious,Malicious,1.5877402729928762e-05,0.001061445364711659,0.9989226772325582
2121,Malicious,Malicious,0.00014193004800161445,0.03529845726757717,0.9645596126844214
2122,Malicious,Malicious,0.0003407074400788537,0.0029945036156962283,0.996664788944225
2123,Malicious,Malicious,0.0003407074400788537,0.0023643085483577822,0.9972949840115635
2124,Malicious,Malicious,0.0002984916387022117,9.999073786479049e-05,0.999601517623433
2125,Malicious,Malicious,1.5877402729928762e-05,0.001061445364711659,0.9989226772325582
2126,Malicious,Malicious,1.58420872729228e-05,0.0016145283684321588,0.998369629544295
2127,Malicious,Malicious,0.0002984916387022117,9.999073786479049e-05,0.999601517623433
2128,Malicious,Malicious,1.58420872729228e-05,0.0016145283684321588,0.998369629544295
2129,Malicious,Malicious,1.5877402729928762e-05,0.001061445364711659,0.9989226772325582
2130,Malicious,Malicious,1.58420872729228e-05,0.0015745159992688576,0.9984096419134584
2131,Malicious,Malicious,1.5877402729928762e-05,0.001061445364711659,0.9989226772325582
2132,Malicious,Malicious,0.0,0.0019874594464574106,0.9980125405535428
2133,Malicious,Malicious,0.0003407074400788537,0.0015942802244217884,0.9980650123354994
2134,Malicious,Malicious,1.5877402729928762e-05,0.001061445364711659,0.9989226772325582
2135,Malicious,Malicious,1.58420872729228e-05,0.0019543746169737707,0.9980297832957534
2136,Malicious,Malicious,0.0003407074400788537,0.0023643085483577822,0.9972949840115635
2137,Malicious,Malicious,0.0002984916387022117,9.999073786479049e-05,0.999601517623433
2138,Malicious,Malicious,1.58420872729228e-05,0.003265854049197642,0.9967183038635296
2139,Malicious,Malicious,0.0003407074400788537,0.003046513118545482,0.9966127794413757
2140,Malicious,Malicious,1.58420872729228e-05,0.0016145283684321588,0.998369629544295
2141,Malicious,Malicious,0.0002984916387022117,9.999073786479049e-05,0.999601517623433
2142,Malicious,Malicious,1.58420872729228e-05,0.001920998869801273,0.9980631590429259
2143,Malicious,Malicious,4.221580137664202e-05,0.0025924122984830097,0.9973653719001403
2144,Malicious,Malicious,1.5877402729928762e-05,0.001061445364711659,0.9989226772325582
2145,Malicious,Malicious,0.0003407074400788537,0.0028079558380315634,0.9968513367218899
2146,Malicious,Malicious,1.5877402729928762e-05,0.001061445364711659,0.9989226772325582
2147,Malicious,Malicious,1.58420872729228e-05,0.001920998869801273,0.9980631590429259
2148,Malicious,Malicious,0.0002984916387022117,9.999073786479049e-05,0.999601517623433
2149,Malicious,Malicious,1.5877402729928762e-05,0.001061445364711659,0.9989226772325582
2150,Malicious,Malicious,4.221580137664202e-05,0.002634428895769332,0.9973233553028541
2151,Malicious,Malicious,1.5877402729928762e-05,0.001061445364711659,0.9989226772325582
2152,Malicious,Malicious,1.5877402729928762e-05,0.001061445364711659,0.9989226772325582
2153,Malicious,Malicious,1.5877402729928762e-05,0.001061445364711659,0.9989226772325582
2154,Malicious,Malicious,1.58420872729228e-05,0.0019505591220278732,0.9980335987906993
2155,Malicious,Malicious,0.0002984916387022117,9.999073786479049e-05,0.999601517623433
2156,Malicious,Malicious,1.5877402729928762e-05,0.001061445364711659,0.9989226772325582
2157,Malicious,Malicious,0.0002984916387022117,9.999073786479049e-05,0.999601517623433
2158,Malicious,Malicious,0.0003407074400788537,0.0015942802244217884,0.9980650123354994
2159,Malicious,Malicious,1.5877402729928762e-05,0.001061445364711659,0.9989226772325582
2160,Malicious,Malicious,1.5877402729928762e-05,0.001061445364711659,0.9989226772325582
2161,Malicious,Malicious,1.5877402729928762e-05,0.001061445364711659,0.9989226772325582
2162,Malicious,Malicious,0.0,0.0020578648423944146,0.9979421351576057
2163,Malicious,Malicious,0.0002984916387022117,9.999073786479049e-05,0.999601517623433
2164,Malicious,Malicious,1.58420872729228e-05,0.0019505591220278732,0.9980335987906993
2165,Malicious,Malicious,1.58420872729228e-05,0.008020990696682197,0.991963167216045
2166,Malicious,Malicious,0.0002984916387022117,9.999073786479049e-05,0.999601517623433
2167,Malicious,Malicious,0.0002984916387022117,3.825844607731395e-05,0.9996632499152205
2168,Malicious,Malicious,1.5877402729928762e-05,0.001061445364711659,0.9989226772325582
2169,Malicious,Malicious,0.00014193004800161445,0.013455896934248899,0.9864021730177494
2170,Malicious,Malicious,0.0002984916387022117,3.825844607731395e-05,0.9996632499152205
2171,Malicious,Malicious,1.58420872729228e-05,0.0019543746169737707,0.9980297832957534
2172,Malicious,Malicious,1.58420872729228e-05,0.0016145283684321588,0.998369629544295
2173,Malicious,Malicious,0.0002984916387022117,3.825844607731395e-05,0.9996632499152205
2174,Malicious,Malicious,0.0003407074400788537,0.001818357132510394,0.9978409354274107
2175,Malicious,Malicious,1.58420872729228e-05,0.0016145283684321588,0.998369629544295
2176,Malicious,Malicious,0.0002984916387022117,3.825844607731395e-05,0.9996632499152205
2177,Malicious,Malicious,1.58420872729228e-05,0.0016145283684321588,0.998369629544295
2178,Malicious,Malicious,1.5877402729928762e-05,0.001061445364711659,0.9989226772325582
2179,Malicious,Malicious,0.00014193004800161445,0.009348100892767221,0.9905099690592313
2180,Malicious,Malicious,1.5877402729928762e-05,0.001061445364711659,0.9989226772325582
2181,Malicious,Malicious,0.0002984916387022117,3.825844607731395e-05,0.9996632499152205
2182,Malicious,Malicious,1.5877402729928762e-05,0.001061445364711659,0.9989226772325582
2183,Malicious,Malicious,1.58420872729228e-05,0.0016145283684321588,0.998369629544295
2184,Malicious,Malicious,0.0002984916387022117,3.825844607731395e-05,0.9996632499152205
2185,Malicious,Malicious,1.58420872729228e-05,0.0016145283684321588,0.998369629544295
2186,Malicious,Malicious,1.5877402729928762e-05,0.001061445364711659,0.9989226772325582
2187,Malicious,Malicious,1.58420872729228e-05,0.001920998869801273,0.9980631590429259
2188,Malicious,Malicious,0.0002984916387022117,3.825844607731395e-05,0.9996632499152205
2189,Malicious,Malicious,1.5877402729928762e-05,0.001061445364711659,0.9989226772325582
2190,Malicious,Malicious,0.0002984916387022117,3.825844607731395e-05,0.9996632499152205
2191,Malicious,Malicious,1.5877402729928762e-05,0.001061445364711659,0.9989226772325582
2192,Malicious,Malicious,0.0,0.0008999647771807892,0.9991000352228194
2193,Malicious,Malicious,1.58420872729228e-05,0.0019505591220278732,0.9980335987906993
2194,Malicious,Malicious,4.221580137664202e-05,0.005059753355766753,0.9948980308428568
2195,Malicious,Malicious,0.0003407074400788537,0.0015942802244217884,0.9980650123354994
2196,Benign,Benign,0.0009396839885200889,0.99906031601148,0.0
2197,Malicious,Malicious,1.5877402729928762e-05,0.001061445364711659,0.9989226772325582
2198,Malicious,Malicious,1.58420872729228e-05,0.0016145283684321588,0.998369629544295
2199,Malicious,Malicious,0.0002984916387022117,3.825844607731395e-05,0.9996632499152205
2200,Benign,Benign,0.2522997155602106,0.7475796677493848,0.00012061669040446809
2201,Benign,Benign,0.2522997155602106,0.7475796677493848,0.00012061669040446809
2202,Malicious,Malicious,1.58420872729228e-05,0.0016145283684321588,0.998369629544295
2203,Malicious,Malicious,0.0003407074400788537,0.0015470976578971654,0.9981121949020241
2204,Malicious,Malicious,0.0002984916387022117,3.825844607731395e-05,0.9996632499152205
2205,Malicious,Malicious,1.58420872729228e-05,0.008020990696682197,0.991963167216045
2206,Malicious,Malicious,1.5877402729928762e-05,0.001061445364711659,0.9989226772325582
2207,Malicious,Malicious,1.58420872729228e-05,0.0016145283684321588,0.998369629544295
2208,Malicious,Malicious,0.0002984916387022117,3.825844607731395e-05,0.9996632499152205
2209,Malicious,Malicious,1.5877402729928762e-05,0.001061445364711659,0.9989226772325582
2210,Benign,Benign,0.003844250912697314,0.9961557490873026,0.0
2211,Malicious,Malicious,1.58420872729228e-05,0.0016145283684321588,0.998369629544295
2212,Malicious,Malicious,0.00012608796072869163,0.020631550934033703,0.9792423611052377
2213,Malicious,Malicious,1.5877402729928762e-05,0.001061445364711659,0.9989226772325582
2214,Malicious,Malicious,1.5877402729928762e-05,0.001061445364711659,0.9989226772325582
2215,Malicious,Malicious,0.0,0.000893034443093041,0.999106965556907
2216,Malicious,Malicious,0.0,0.023728874682677304,0.9762711253173226
2217,Malicious,Malicious,4.221580137664202e-05,0.0023878126042208908,0.9975699715944024
2218,Malicious,Malicious,0.0002984916387022117,3.825844607731395e-05,0.9996632499152205
2219,Malicious,Malicious,0.0002984916387022117,3.825844607731395e-05,0.9996632499152205
2220,Malicious,Malicious,0.0002984916387022117,3.825844607731395e-05,0.9996632499152205
2221,Malicious,Malicious,0.0002984916387022117,3.825844607731395e-05,0.9996632499152205
2222,Malicious,Malicious,1.5877402729928762e-05,0.001061445364711659,0.9989226772325582
2223,Malicious,Malicious,1.5877402729928762e-05,0.001061445364711659,0.9989226772325582
2224,Malicious,Malicious,0.0002984916387022117,3.825844607731395e-05,0.9996632499152205
2225,Malicious,Malicious,1.5877402729928762e-05,0.001061445364711659,0.9989226772325582
2226,Malicious,Malicious,0.0004093200841940381,0.011622422669453488,0.9879682572463525
2227,Malicious,Malicious,1.58420872729228e-05,0.0015745159992688576,0.9984096419134584
2228,Malicious,Malicious,0.0002984916387022117,3.825844607731395e-05,0.9996632499152205
2229,Malicious,Malicious,1.5877402729928762e-05,0.001061445364711659,0.9989226772325582
2230,Malicious,Malicious,1.5877402729928762e-05,0.001061445364711659,0.9989226772325582
2231,Malicious,Malicious,0.0003407074400788537,0.0014582515966545737,0.9982010409632666
2232,Malicious,Malicious,1.5877402729928762e-05,0.001061445364711659,0.9989226772325582
2233,Malicious,Malicious,0.0,0.005583430880514283,0.9944165691194858
2234,Malicious,Malicious,0.0002984916387022117,3.825844607731395e-05,0.9996632499152205
2235,Malicious,Malicious,1.5877402729928762e-05,0.001061445364711659,0.9989226772325582
2236,Malicious,Malicious,1.58420872729228e-05,0.0019505591220278732,0.9980335987906993
2237,Malicious,Malicious,1.58420872729228e-05,0.0016145283684321588,0.998369629544295
2238,Malicious,Malicious,1.5877402729928762e-05,0.001061445364711659,0.9989226772325582
2239,Malicious,Malicious,0.0,0.022715660722058485,0.9772843392779417
2240,Malicious,Malicious,1.58420872729228e-05,0.0016145283684321588,0.998369629544295
2241,Malicious,Malicious,4.221580137664202e-05,0.0025924122984830097,0.9973653719001403
2242,Malicious,Malicious,0.0,0.000893034443093041,0.999106965556907
2243,Malicious,Malicious,1.5877402729928762e-05,0.001061445364711659,0.9989226772325582
2244,Malicious,Malicious,1.58420872729228e-05,0.003265854049197642,0.9967183038635296
2245,Malicious,Malicious,1.5877402729928762e-05,0.001061445364711659,0.9989226772325582
2246,Malicious,Malicious,0.00012608796072869163,0.010550487328622656,0.9893234247106486
2247,Malicious,Malicious,1.58420872729228e-05,0.001920998869801273,0.9980631590429259
2248,Malicious,Malicious,0.00012608796072869163,0.011353462563175947,0.9885204494760953
2249,Malicious,Malicious,0.0002984916387022117,3.825844607731395e-05,0.9996632499152205
2250,Malicious,Malicious,0.0002984916387022117,3.825844607731395e-05,0.9996632499152205
2251,Malicious,Malicious,4.221580137664202e-05,0.001900476998644379,0.998057307199979
2252,Malicious,Malicious,0.0002984916387022117,3.825844607731395e-05,0.9996632499152205
2253,Malicious,Malicious,1.5877402729928762e-05,0.001061445364711659,0.9989226772325582
2254,Malicious,Malicious,1.58420872729228e-05,0.001920998869801273,0.9980631590429259
2255,Malicious,Malicious,0.0002984916387022117,3.825844607731395e-05,0.9996632499152205
2256,Malicious,Malicious,4.221580137664202e-05,0.0012522300147084792,0.998705554183915
2257,Malicious,Malicious,0.0002984916387022117,3.825844607731395e-05,0.9996632499152205
2258,Malicious,Malicious,1.5877402729928762e-05,0.001061445364711659,0.9989226772325582
2259,Malicious,Malicious,1.5877402729928762e-05,0.001061445364711659,0.9989226772325582
2260,Malicious,Malicious,0.00012608796072869163,0.06783019746022051,0.9320437145790508
2261,Malicious,Malicious,0.00014193004800161445,0.009348100892767221,0.9905099690592313
2262,Malicious,Malicious,0.0002984916387022117,3.825844607731395e-05,0.9996632499152205
2263,Malicious,Malicious,1.5877402729928762e-05,0.001061445364711659,0.9989226772325582
2264,Malicious,Malicious,4.221580137664202e-05,0.00169587730438226,0.9982619068942411
2265,Malicious,Malicious,1.5877402729928762e-05,0.001061445364711659,0.9989226772325582
2266,Malicious,Malicious,0.0002984916387022117,3.825844607731395e-05,0.9996632499152205
2267,Malicious,Malicious,0.0,0.0019874594464574106,0.9980125405535428
2268,Malicious,Malicious,1.5877402729928762e-05,0.001061445364711659,0.9989226772325582
2269,Malicious,Malicious,0.0,0.0020578648423944146,0.9979421351576057
2270,Malicious,Malicious,1.5877402729928762e-05,0.001061445364711659,0.9989226772325582
2271,Malicious,Malicious,4.221580137664202e-05,0.15517244391588947,0.8447853402827338
2272,Malicious,Malicious,4.221580137664202e-05,0.0014452642429827129,0.9985125199556407
2273,Malicious,Malicious,0.0,0.0033136843840398055,0.9966863156159603
2274,Benign,Benign,0.0,0.9931186832226393,0.00688131677736067
2275,Malicious,Malicious,0.0,0.011235143326192194,0.9887648566738079
2276,Malicious,Malicious,1.58420872729228e-05,0.0019543746169737707,0.9980297832957534
2277,Malicious,Malicious,0.0003407074400788537,0.0023643085483577822,0.9972949840115635
2278,Malicious,Malicious,1.58420872729228e-05,0.0019505591220278732,0.9980335987906993
2279,Malicious,Malicious,1.5877402729928762e-05,0.001061445364711659,0.9989226772325582
2280,Benign,Benign,0.20811392669006218,0.7918860733099377,0.0
2281,Malicious,Malicious,1.58420872729228e-05,0.0016145283684321588,0.998369629544295
2282,Malicious,Malicious,0.0002984916387022117,3.825844607731395e-05,0.9996632499152205
2283,Benign,Benign,0.0,1.0,0.0
2284,Malicious,Malicious,0.0,0.011222250616991005,0.988777749383009
2285,Malicious,Malicious,0.0002984916387022117,3.825844607731395e-05,0.9996632499152205
2286,Malicious,Malicious,1.5877402729928762e-05,0.001061445364711659,0.9989226772325582
2287,Malicious,Malicious,4.221580137664202e-05,0.008092218767796892,0.9918655654308266
2288,Malicious,Malicious,0.0002984916387022117,3.825844607731395e-05,0.9996632499152205
2289,Malicious,Malicious,4.221580137664202e-05,0.00831298754750694,0.9916447966511164
2290,Malicious,Malicious,1.5877402729928762e-05,0.001061445364711659,0.9989226772325582
2291,Malicious,Malicious,0.0003407074400788537,0.0023643085483577822,0.9972949840115635
2292,Malicious,Malicious,0.0003407074400788537,0.0015942802244217884,0.9980650123354994
2293,Malicious,Malicious,1.5877402729928762e-05,0.001061445364711659,0.9989226772325582
2294,Malicious,Malicious,1.5877402729928762e-05,0.001061445364711659,0.9989226772325582
2295,Malicious,Malicious,4.221580137664202e-05,0.00169587730438226,0.9982619068942411
2296,Malicious,Malicious,0.0003407074400788537,0.002761648822683187,0.9968976437372379
2297,Malicious,Malicious,0.0002984916387022117,3.825844607731395e-05,0.9996632499152205
2298,Benign,Benign,0.00851358106057764,0.9914864189394226,0.0
2299,Malicious,Malicious,4.221580137664202e-05,0.0012522300147084792,0.998705554183915
2300,Malicious,Malicious,0.0002984916387022117,3.825844607731395e-05,0.9996632499152205
2301,Malicious,Malicious,0.0,0.000893034443093041,0.999106965556907
2302,Malicious,Malicious,0.0002984916387022117,3.825844607731395e-05,0.9996632499152205
2303,Malicious,Malicious,1.58420872729228e-05,0.0015745159992688576,0.9984096419134584
2304,Malicious,Malicious,0.0002984916387022117,3.825844607731395e-05,0.9996632499152205
2305,Malicious,Malicious,1.5877402729928762e-05,0.001061445364711659,0.9989226772325582
2306,Malicious,Malicious,1.58420872729228e-05,0.00199292713762106,0.997991230775106
2307,Malicious,Malicious,0.0002984916387022117,3.825844607731395e-05,0.9996632499152205
2308,Malicious,Malicious,0.0002984916387022117,3.825844607731395e-05,0.9996632499152205
2309,Malicious,Malicious,0.0003407074400788537,0.0015470976578971654,0.9981121949020241
2310,Malicious,Malicious,1.58420872729228e-05,0.001920998869801273,0.9980631590429259
2311,Malicious,Malicious,0.0002984916387022117,3.825844607731395e-05,0.9996632499152205
2312,Malicious,Malicious,1.5877402729928762e-05,0.001061445364711659,0.9989226772325582
2313,Malicious,Malicious,0.0003407074400788537,0.0015470976578971654,0.9981121949020241
2314,Malicious,Malicious,1.58420872729228e-05,0.0019505591220278732,0.9980335987906993
2315,Malicious,Malicious,1.5877402729928762e-05,0.001061445364711659,0.9989226772325582
2316,Malicious,Malicious,1.58420872729228e-05,0.0019543746169737707,0.9980297832957534
2317,Malicious,Malicious,1.5877402729928762e-05,0.001061445364711659,0.9989226772325582
2318,Malicious,Malicious,1.58420872729228e-05,0.002859260139154781,0.9971248977735724
2319,Malicious,Malicious,4.221580137664202e-05,0.001900476998644379,0.998057307199979
2320,Malicious,Malicious,1.58420872729228e-05,0.0016145283684321588,0.998369629544295
2321,Malicious,Malicious,1.5877402729928762e-05,0.001061445364711659,0.9989226772325582
2322,Malicious,Malicious,1.58420872729228e-05,0.0019543746169737707,0.9980297832957534
2323,Malicious,Malicious,0.0002984916387022117,3.825844607731395e-05,0.9996632499152205
2324,Malicious,Malicious,0.0003407074400788537,0.0023643085483577822,0.9972949840115635
2325,Malicious,Malicious,1.5877402729928762e-05,0.001061445364711659,0.9989226772325582
2326,Malicious,Malicious,0.0002984916387022117,3.825844607731395e-05,0.9996632499152205
2327,Malicious,Malicious,0.0002984916387022117,3.825844607731395e-05,0.9996632499152205
2328,Malicious,Malicious,0.0003407074400788537,0.002500561702698093,0.9971587308572231
2329,Malicious,Malicious,4.221580137664202e-05,0.002634428895769332,0.9973233553028541
2330,Malicious,Malicious,0.0002984916387022117,3.825844607731395e-05,0.9996632499152205
2331,Malicious,Malicious,0.0002984916387022117,3.825844607731395e-05,0.9996632499152205
2332,Malicious,Malicious,0.0002984916387022117,3.825844607731395e-05,0.9996632499152205
2333,Malicious,Malicious,1.5877402729928762e-05,0.001061445364711659,0.9989226772325582
2334,Malicious,Malicious,1.58420872729228e-05,0.0019543746169737707,0.9980297832957534
2335,Malicious,Malicious,0.0002984916387022117,3.825844607731395e-05,0.9996632499152205
2336,Malicious,Malicious,1.5877402729928762e-05,0.001061445364711659,0.9989226772325582
2337,Malicious,Malicious,0.0002984916387022117,3.825844607731395e-05,0.9996632499152205
2338,Malicious,Malicious,0.0,0.05028930150709116,0.9497106984929087
2339,Malicious,Malicious,0.0002984916387022117,3.825844607731395e-05,0.9996632499152205
2340,Malicious,Malicious,0.0003407074400788537,0.007773799854590483,0.9918854927053306
2341,Malicious,Malicious,1.5877402729928762e-05,0.001061445364711659,0.9989226772325582
2342,Malicious,Malicious,1.5877402729928762e-05,0.001061445364711659,0.9989226772325582
2343,Malicious,Malicious,0.0,0.04326251215904483,0.9567374878409551
2344,Malicious,Malicious,0.0002984916387022117,3.825844607731395e-05,0.9996632499152205
2345,Malicious,Malicious,1.5877402729928762e-05,0.001061445364711659,0.9989226772325582
2346,Malicious,Malicious,1.5877402729928762e-05,0.001061445364711659,0.9989226772325582
2347,Malicious,Malicious,0.0003407074400788537,0.0015942802244217884,0.9980650123354994
2348,Malicious,Malicious,0.0002984916387022117,3.825844607731395e-05,0.9996632499152205
2349,Malicious,Malicious,1.5877402729928762e-05,0.001061445364711659,0.9989226772325582
2350,Malicious,Malicious,1.58420872729228e-05,0.0016145283684321588,0.998369629544295
2351,Malicious,Malicious,0.0002984916387022117,3.825844607731395e-05,0.9996632499152205
2352,Malicious,Malicious,4.221580137664202e-05,0.05967718334419903,0.9402806008544244
2353,Malicious,Malicious,0.0003407074400788537,0.001743115892516868,0.9979161766674044
2354,Malicious,Malicious,0.0002984916387022117,3.825844607731395e-05,0.9996632499152205
2355,Malicious,Malicious,1.5877402729928762e-05,0.001061445364711659,0.9989226772325582
2356,Malicious,Malicious,1.5877402729928762e-05,0.001061445364711659,0.9989226772325582
2357,Malicious,Malicious,4.221580137664202e-05,0.002634428895769332,0.9973233553028541
2358,Malicious,Malicious,0.0003407074400788537,0.0015942802244217884,0.9980650123354994
2359,Malicious,Malicious,0.0,0.05918391442098367,0.9408160855790163
2360,Malicious,Malicious,0.0002984916387022117,3.825844607731395e-05,0.9996632499152205
2361,Malicious,Malicious,0.0002984916387022117,3.825844607731395e-05,0.9996632499152205
2362,Malicious,Malicious,1.5877402729928762e-05,0.001061445364711659,0.9989226772325582
2363,Malicious,Malicious,0.0003407074400788537,0.0015470976578971654,0.9981121949020241
2364,Malicious,Malicious,0.0002984916387022117,3.825844607731395e-05,0.9996632499152205
2365,Malicious,Malicious,1.5877402729928762e-05,0.001061445364711659,0.9989226772325582
2366,Malicious,Malicious,0.0002984916387022117,3.825844607731395e-05,0.9996632499152205
2367,Malicious,Malicious,0.0003407074400788537,0.0015470976578971654,0.9981121949020241
2368,Malicious,Malicious,0.0,0.0028056039626049296,0.9971943960373951
2369,Malicious,Malicious,0.0002984916387022117,3.825844607731395e-05,0.9996632499152205
2370,Malicious,Malicious,1.5877402729928762e-05,0.001061445364711659,0.9989226772325582
2371,Malicious,Malicious,4.221580137664202e-05,0.0025924122984830097,0.9973653719001403
2372,Malicious,Malicious,4.221580137664202e-05,0.0033263641956079626,0.9966314200030155
2373,Malicious,Malicious,4.221580137664202e-05,0.001900476998644379,0.998057307199979
2374,Malicious,Malicious,1.58420872729228e-05,0.0016145283684321588,0.998369629544295
2375,Malicious,Malicious,0.0002984916387022117,3.825844607731395e-05,0.9996632499152205
2376,Malicious,Malicious,1.58420872729228e-05,0.0016145283684321588,0.998369629544295
2377,Malicious,Malicious,0.0002984916387022117,3.825844607731395e-05,0.9996632499152205
2378,Malicious,Malicious,1.58420872729228e-05,0.0019543746169737707,0.9980297832957534
2379,Malicious,Malicious,1.58420872729228e-05,0.0016145283684321588,0.998369629544295
2380,Malicious,Malicious,4.221580137664202e-05,0.02038249481972704,0.9795752893788965
2381,Malicious,Malicious,1.58420872729228e-05,0.001920998869801273,0.9980631590429259
2382,Malicious,Malicious,0.0002984916387022117,3.825844607731395e-05,0.9996632499152205
2383,Malicious,Malicious,1.5877402729928762e-05,0.001061445364711659,0.9989226772325582
2384,Malicious,Malicious,0.0002984916387022117,3.825844607731395e-05,0.9996632499152205
2385,Malicious,Malicious,1.58420872729228e-05,0.00199292713762106,0.997991230775106
2386,Malicious,Malicious,0.0002984916387022117,3.825844607731395e-05,0.9996632499152205
2387,Malicious,Malicious,1.58420872729228e-05,0.0016145283684321588,0.998369629544295
2388,Malicious,Malicious,0.0002984916387022117,3.825844607731395e-05,0.9996632499152205
2389,Malicious,Malicious,1.5877402729928762e-05,0.001061445364711659,0.9989226772325582
2390,Malicious,Malicious,0.0002984916387022117,3.825844607731395e-05,0.9996632499152205
2391,Malicious,Malicious,1.5877402729928762e-05,0.001061445364711659,0.9989226772325582
2392,Malicious,Malicious,1.58420872729228e-05,0.00864394983060514,0.9913402080821219
2393,Malicious,Malicious,0.0,0.000893034443093041,0.999106965556907
2394,Malicious,Malicious,1.58420872729228e-05,0.001920998869801273,0.9980631590429259
2395,Malicious,Malicious,0.0002984916387022117,3.825844607731395e-05,0.9996632499152205
2396,Malicious,Malicious,1.58420872729228e-05,0.001920998869801273,0.9980631590429259
2397,Malicious,Malicious,0.0002984916387022117,3.825844607731395e-05,0.9996632499152205
2398,Malicious,Malicious,1.5877402729928762e-05,0.001061445364711659,0.9989226772325582
2399,Malicious,Malicious,0.0002984916387022117,3.825844607731395e-05,0.9996632499152205
2400,Malicious,Malicious,1.58420872729228e-05,0.002360918581028417,0.9976232393316987
2401,Malicious,Malicious,0.0003407074400788537,0.002954491246532927,0.9967048013133882
2402,Malicious,Malicious,0.0003407074400788537,0.002262004422184175,0.997397288137737
2403,Malicious,Malicious,4.221580137664202e-05,0.0033263641956079626,0.9966314200030155
2404,Malicious,Malicious,4.221580137664202e-05,0.0033263641956079626,0.9966314200030155
2405,Malicious,Malicious,0.0002984916387022117,3.825844607731395e-05,0.9996632499152205
2406,Malicious,Malicious,4.221580137664202e-05,0.0012522300147084792,0.998705554183915
2407,Malicious,Malicious,0.0002984916387022117,3.825844607731395e-05,0.9996632499152205
2408,Malicious,Malicious,0.0002984916387022117,3.825844607731395e-05,0.9996632499152205
2409,Malicious,Malicious,1.5877402729928762e-05,0.001061445364711659,0.9989226772325582
2410,Malicious,Malicious,0.0,0.000893034443093041,0.999106965556907
2411,Malicious,Malicious,0.0002984916387022117,3.825844607731395e-05,0.9996632499152205
2412,Malicious,Malicious,0.0,0.0019874594464574106,0.9980125405535428
2413,Malicious,Malicious,1.58420872729228e-05,0.0032324783020251445,0.996751679610702
2414,Malicious,Malicious,0.0002984916387022117,3.825844607731395e-05,0.9996632499152205
2415,Malicious,Malicious,1.5877402729928762e-05,0.001061445364711659,0.9989226772325582
2416,Malicious,Malicious,0.0002984916387022117,3.825844607731395e-05,0.9996632499152205
2417,Malicious,Malicious,1.5877402729928762e-05,0.001061445364711659,0.9989226772325582
2418,Malicious,Malicious,1.58420872729228e-05,0.001920998869801273,0.9980631590429259
2419,Benign,Benign,0.0,1.0,0.0
2420,Malicious,Malicious,1.58420872729228e-05,0.0019505591220278732,0.9980335987906993
2421,Malicious,Malicious,4.221580137664202e-05,0.0026776755199416948,0.9972801086786819
2422,Malicious,Malicious,1.5877402729928762e-05,0.001061445364711659,0.9989226772325582
2423,Malicious,Malicious,0.0,0.0014384770477831907,0.9985615229522169
2424,Malicious,Malicious,1.5877402729928762e-05,0.001061445364711659,0.9989226772325582
2425,Malicious,Malicious,1.5877402729928762e-05,0.001061445364711659,0.9989226772325582
2426,Malicious,Malicious,1.5877402729928762e-05,0.001061445364711659,0.9989226772325582
2427,Malicious,Malicious,4.221580137664202e-05,0.002335031111621654,0.9976227530870017
2428,Malicious,Malicious,0.0002984916387022117,3.825844607731395e-05,0.9996632499152205
2429,Malicious,Malicious,1.58420872729228e-05,0.001920998869801273,0.9980631590429259
2430,Malicious,Malicious,0.0,0.0009354024586862283,0.9990645975413139
2431,Malicious,Malicious,1.58420872729228e-05,0.002859260139154781,0.9971248977735724
2432,Malicious,Malicious,1.58420872729228e-05,0.001920998869801273,0.9980631590429259
2433,Malicious,Malicious,0.0002984916387022117,3.825844607731395e-05,0.9996632499152205
2434,Malicious,Malicious,4.221580137664202e-05,0.03896073808954668,0.9609970461090768
2435,Malicious,Malicious,1.5877402729928762e-05,0.001061445364711659,0.9989226772325582
2436,Malicious,Malicious,1.5877402729928762e-05,0.001061445364711659,0.9989226772325582
2437,Malicious,Malicious,1.58420872729228e-05,0.002360918581028417,0.9976232393316987
2438,Malicious,Malicious,1.5877402729928762e-05,0.001061445364711659,0.9989226772325582
2439,Malicious,Malicious,1.58420872729228e-05,0.0015745159992688576,0.9984096419134584
2440,Malicious,Malicious,1.5877402729928762e-05,0.001061445364711659,0.9989226772325582
2441,Malicious,Malicious,1.58420872729228e-05,0.007980978327518895,0.9920031795852084
2442,Malicious,Malicious,0.0002984916387022117,3.825844607731395e-05,0.9996632499152205
2443,Malicious,Malicious,1.5877402729928762e-05,0.001061445364711659,0.9989226772325582
2444,Malicious,Malicious,0.0,0.0019874594464574106,0.9980125405535428
2445,Malicious,Malicious,1.58420872729228e-05,0.001920998869801273,0.9980631590429259
2446,Malicious,Malicious,0.0002984916387022117,3.825844607731395e-05,0.9996632499152205
2447,Malicious,Malicious,1.5877402729928762e-05,0.001061445364711659,0.9989226772325582
2448,Malicious,Malicious,0.0002984916387022117,3.825844607731395e-05,0.9996632499152205
2449,Malicious,Malicious,1.58420872729228e-05,0.0019505591220278732,0.9980335987906993
2450,Malicious,Malicious,0.0002984916387022117,3.825844607731395e-05,0.9996632499152205
2451,Malicious,Malicious,4.221580137664202e-05,0.07518506910196522,0.9247727150966581
2452,Malicious,Malicious,0.0003407074400788537,0.005371390112179899,0.9942879024477412
2453,Malicious,Malicious,0.0002984916387022117,3.825844607731395e-05,0.9996632499152205
2454,Malicious,Malicious,1.58420872729228e-05,0.0015745159992688576,0.9984096419134584
2455,Malicious,Malicious,0.0002984916387022117,3.825844607731395e-05,0.9996632499152205
2456,Malicious,Malicious,1.58420872729228e-05,0.001920998869801273,0.9980631590429259
2457,Malicious,Malicious,0.0002984916387022117,3.825844607731395e-05,0.9996632499152205
2458,Malicious,Malicious,1.5877402729928762e-05,0.001061445364711659,0.9989226772325582
2459,Malicious,Malicious,1.5877402729928762e-05,0.001061445364711659,0.9989226772325582
2460,Malicious,Malicious,0.0,0.007385743626237403,0.9926142563737628
2461,Malicious,Malicious,0.0002984916387022117,3.825844607731395e-05,0.9996632499152205
2462,Malicious,Malicious,1.5877402729928762e-05,0.001061445364711659,0.9989226772325582
2463,Malicious,Malicious,1.58420872729228e-05,0.0016145283684321588,0.998369629544295
2464,Malicious,Malicious,1.5877402729928762e-05,0.001061445364711659,0.9989226772325582
2465,Malicious,Malicious,0.0002984916387022117,3.825844607731395e-05,0.9996632499152205
2466,Malicious,Malicious,1.58420872729228e-05,0.0019505591220278732,0.9980335987906993
2467,Malicious,Malicious,1.5877402729928762e-05,0.001061445364711659,0.9989226772325582
2468,Malicious,Malicious,0.00012608796072869163,0.02529409373752426,0.9745798183017471
2469,Malicious,Malicious,0.0004093200841940381,0.0020578648423944146,0.9975328150734117
2470,Malicious,Malicious,1.5877402729928762e-05,0.001061445364711659,0.9989226772325582
2471,Malicious,Malicious,0.0,0.00862566304942383,0.9913743369505762
2472,Malicious,Malicious,0.0,0.0033136843840398055,0.9966863156159603
2473,Malicious,Malicious,1.5877402729928762e-05,0.001061445364711659,0.9989226772325582
2474,Malicious,Malicious,0.0003407074400788537,0.037092856945010494,0.9625664356149106
2475,Malicious,Malicious,0.0002984916387022117,3.825844607731395e-05,0.9996632499152205
2476,Malicious,Malicious,0.0,0.0019874594464574106,0.9980125405535428
2477,Malicious,Malicious,1.5877402729928762e-05,0.001061445364711659,0.9989226772325582
2478,Malicious,Malicious,0.0003407074400788537,0.0015470976578971654,0.9981121949020241
2479,Malicious,Malicious,0.0002984916387022117,3.825844607731395e-05,0.9996632499152205
2480,Malicious,Malicious,1.5877402729928762e-05,0.001061445364711659,0.9989226772325582
2481,Malicious,Malicious,0.00012608796072869163,0.014674195506545553,0.9851997165327258
2482,Malicious,Malicious,0.0003407074400788537,0.0013094159285594942,0.9983498766313617
2483,Malicious,Malicious,4.221580137664202e-05,0.005059753355766753,0.9948980308428568
2484,Malicious,Malicious,0.007609562329974888,0.010158970740247035,0.982231466929778
2485,Malicious,Malicious,0.00014193004800161445,0.31503424334355334,0.6848238266084452
2486,Malicious,Malicious,0.0,0.0020578648423944146,0.9979421351576057
2487,Malicious,Malicious,1.5877402729928762e-05,0.001061445364711659,0.9989226772325582
2488,Malicious,Malicious,4.221580137664202e-05,0.001900476998644379,0.998057307199979
2489,Malicious,Malicious,4.221580137664202e-05,0.0025924122984830097,0.9973653719001403
2490,Malicious,Malicious,0.0002984916387022117,3.825844607731395e-05,0.9996632499152205
2491,Malicious,Malicious,0.0003407074400788537,0.0015942802244217884,0.9980650123354994
2492,Malicious,Malicious,0.0002984916387022117,3.825844607731395e-05,0.9996632499152205
2493,Malicious,Malicious,1.5877402729928762e-05,0.001061445364711659,0.9989226772325582
2494,Malicious,Malicious,0.0003407074400788537,0.0014582515966545737,0.9982010409632666
2495,Malicious,Malicious,0.0002984916387022117,3.825844607731395e-05,0.9996632499152205
2496,Malicious,Malicious,0.00012608796072869163,0.016989800711578757,0.9828841113276926
2497,Malicious,Malicious,1.58420872729228e-05,0.0015745159992688576,0.9984096419134584
2498,Malicious,Malicious,0.0002984916387022117,3.825844607731395e-05,0.9996632499152205
2499,Malicious,Malicious,0.0002984916387022117,3.825844607731395e-05,0.9996632499152205
2500,Malicious,Malicious,1.5877402729928762e-05,0.001061445364711659,0.9989226772325582
2501,Malicious,Malicious,0.0,0.0027620630958793122,0.9972379369041207
2502,Malicious,Malicious,0.0002984916387022117,3.825844607731395e-05,0.9996632499152205
2503,Malicious,Malicious,1.58420872729228e-05,0.001920998869801273,0.9980631590429259
2504,Malicious,Malicious,4.221580137664202e-05,0.028440902928867997,0.9715168812697554
2505,Malicious,Malicious,4.221580137664202e-05,0.0033263641956079626,0.9966314200030155
2506,Malicious,Malicious,1.5877402729928762e-05,0.001061445364711659,0.9989226772325582
2507,Malicious,Malicious,0.0003407074400788537,0.0015470976578971654,0.9981121949020241
2508,Malicious,Malicious,1.58420872729228e-05,0.00199292713762106,0.997991230775106
2509,Malicious,Malicious,1.5877402729928762e-05,0.001061445364711659,0.9989226772325582
2510,Malicious,Malicious,0.0002984916387022117,3.825844607731395e-05,0.9996632499152205
2511,Malicious,Malicious,1.5877402729928762e-05,0.001061445364711659,0.9989226772325582
2512,Malicious,Malicious,1.5877402729928762e-05,0.001061445364711659,0.9989226772325582
2513,Malicious,Malicious,0.0002984916387022117,3.825844607731395e-05,0.9996632499152205
2514,Malicious,Malicious,0.0,0.000893034443093041,0.999106965556907
2515,Malicious,Malicious,0.0002984916387022117,3.825844607731395e-05,0.9996632499152205
2516,Malicious,Malicious,4.221580137664202e-05,0.0030167519171228462,0.9969410322815005
2517,Malicious,Malicious,1.58420872729228e-05,0.002360918581028417,0.9976232393316987
2518,Malicious,Malicious,4.221580137664202e-05,0.0026776755199416948,0.9972801086786819
2519,Malicious,Malicious,1.5877402729928762e-05,0.001061445364711659,0.9989226772325582
2520,Malicious,Malicious,4.221580137664202e-05,0.0025924122984830097,0.9973653719001403
2521,Malicious,Malicious,1.5877402729928762e-05,0.001061445364711659,0.9989226772325582
2522,Malicious,Malicious,0.0002984916387022117,3.825844607731395e-05,0.9996632499152205
2523,Malicious,Malicious,0.007483474369246196,0.010027758794062092,0.9824887668366916
2524,Malicious,Malicious,1.5877402729928762e-05,0.001061445364711659,0.9989226772325582
2525,Malicious,Malicious,0.00014193004800161445,0.013455896934248899,0.9864021730177494
2526,Malicious,Malicious,1.58420872729228e-05,0.0016145283684321588,0.998369629544295
2527,Malicious,Malicious,0.0002984916387022117,3.825844607731395e-05,0.9996632499152205
2528,Malicious,Malicious,0.0003407074400788537,0.2635447711618676,0.7361145213980536
2529,Malicious,Malicious,0.0002984916387022117,3.825844607731395e-05,0.9996632499152205
2530,Malicious,Malicious,1.5877402729928762e-05,0.001061445364711659,0.9989226772325582
2531,Malicious,Malicious,1.58420872729228e-05,0.001920998869801273,0.9980631590429259
2532,Malicious,Malicious,0.0002984916387022117,3.825844607731395e-05,0.9996632499152205
2533,Malicious,Malicious,0.0002984916387022117,3.825844607731395e-05,0.9996632499152205
2534,Malicious,Malicious,1.5877402729928762e-05,0.001061445364711659,0.9989226772325582
2535,Malicious,Malicious,4.221580137664202e-05,0.03516387555298725,0.9647939086456361
2536,Malicious,Malicious,1.58420872729228e-05,0.001920998869801273,0.9980631590429259
2537,Malicious,Malicious,0.0002984916387022117,3.825844607731395e-05,0.9996632499152205
2538,Malicious,Malicious,1.5877402729928762e-05,0.001061445364711659,0.9989226772325582
2539,Malicious,Malicious,1.58420872729228e-05,0.0016145283684321588,0.998369629544295
2540,Malicious,Malicious,1.58420872729228e-05,0.0019505591220278732,0.9980335987906993
2541,Malicious,Malicious,0.0003407074400788537,0.0015942802244217884,0.9980650123354994
2542,Malicious,Malicious,0.0002984916387022117,3.825844607731395e-05,0.9996632499152205
2543,Malicious,Malicious,1.58420872729228e-05,0.001920998869801273,0.9980631590429259
2544,Malicious,Malicious,0.0002984916387022117,3.825844607731395e-05,0.9996632499152205
2545,Malicious,Malicious,1.5877402729928762e-05,0.001061445364711659,0.9989226772325582
2546,Malicious,Malicious,1.58420872729228e-05,0.0019543746169737707,0.9980297832957534
2547,Malicious,Malicious,0.0003407074400788537,0.0015470976578971654,0.9981121949020241
2548,Malicious,Malicious,0.0002984916387022117,3.825844607731395e-05,0.9996632499152205
2549,Malicious,Malicious,0.0003407074400788537,0.0015470976578971654,0.9981121949020241
2550,Malicious,Malicious,1.5877402729928762e-05,0.001061445364711659,0.9989226772325582
2551,Malicious,Malicious,0.0003407074400788537,0.009390845079110862,0.9902684474808103
2552,Malicious,Malicious,1.5877402729928762e-05,0.001061445364711659,0.9989226772325582
2553,Malicious,Malicious,1.58420872729228e-05,0.008020990696682197,0.991963167216045
2554,Malicious,Malicious,1.5877402729928762e-05,0.001061445364711659,0.9989226772325582
2555,Malicious,Malicious,0.00014193004800161445,0.08141210695604094,0.9184459629959574
2556,Malicious,Malicious,0.0003407074400788537,0.0015470976578971654,0.9981121949020241
2557,Malicious,Malicious,1.58420872729228e-05,0.001920998869801273,0.9980631590429259
2558,Malicious,Malicious,1.5877402729928762e-05,0.001061445364711659,0.9989226772325582
2559,Malicious,Malicious,0.0002984916387022117,3.825844607731395e-05,0.9996632499152205
2560,Malicious,Malicious,1.5877402729928762e-05,0.001061445364711659,0.9989226772325582
2561,Malicious,Malicious,1.58420872729228e-05,0.0019505591220278732,0.9980335987906993
2562,Malicious,Malicious,0.0002984916387022117,3.825844607731395e-05,0.9996632499152205
2563,Malicious,Malicious,1.58420872729228e-05,0.001920998869801273,0.9980631590429259
2564,Malicious,Malicious,4.221580137664202e-05,0.0025924122984830097,0.9973653719001403
2565,Malicious,Malicious,0.0003407074400788537,0.0015942802244217884,0.9980650123354994
2566,Malicious,Malicious,1.58420872729228e-05,0.0016145283684321588,0.998369629544295
2567,Malicious,Malicious,1.5877402729928762e-05,0.001061445364711659,0.9989226772325582
2568,Malicious,Malicious,0.0002984916387022117,3.825844607731395e-05,0.9996632499152205
2569,Malicious,Malicious,1.58420872729228e-05,0.0016145283684321588,0.998369629544295
2570,Malicious,Malicious,1.58420872729228e-05,0.001920998869801273,0.9980631590429259
2571,Malicious,Malicious,0.0002984916387022117,3.825844607731395e-05,0.9996632499152205
2572,Malicious,Malicious,0.0003407074400788537,0.0060147619406332176,0.9936445306192878
2573,Malicious,Malicious,0.0002984916387022117,3.825844607731395e-05,0.9996632499152205
2574,Malicious,Malicious,1.5877402729928762e-05,0.001061445364711659,0.9989226772325582
2575,Malicious,Malicious,1.5877402729928762e-05,0.001061445364711659,0.9989226772325582
2576,Malicious,Malicious,4.221580137664202e-05,0.0011994485221092424,0.9987583356765143
2577,Malicious,Malicious,0.0002984916387022117,3.825844607731395e-05,0.9996632499152205
2578,Malicious,Malicious,4.221580137664202e-05,0.001900476998644379,0.998057307199979
2579,Malicious,Malicious,4.221580137664202e-05,0.0026776755199416948,0.9972801086786819
2580,Malicious,Malicious,1.5877402729928762e-05,0.001061445364711659,0.9989226772325582
2581,Malicious,Malicious,0.0003407074400788537,0.0023643085483577822,0.9972949840115635
2582,Malicious,Malicious,0.00012608796072869163,0.032884097042145934,0.9669898149971252
2583,Malicious,Malicious,4.221580137664202e-05,0.005059753355766753,0.9948980308428568
2584,Malicious,Malicious,0.0002984916387022117,3.825844607731395e-05,0.9996632499152205
2585,Malicious,Malicious,0.0003407074400788537,0.0015942802244217884,0.9980650123354994
2586,Malicious,Malicious,0.0002984916387022117,3.825844607731395e-05,0.9996632499152205
2587,Malicious,Malicious,1.5877402729928762e-05,0.001061445364711659,0.9989226772325582
2588,Malicious,Malicious,0.0002984916387022117,3.825844607731395e-05,0.9996632499152205
2589,Malicious,Malicious,0.00012608796072869163,0.032884097042145934,0.9669898149971252
2590,Malicious,Malicious,1.58420872729228e-05,0.0016145283684321588,0.998369629544295
2591,Malicious,Malicious,0.0002984916387022117,3.825844607731395e-05,0.9996632499152205
2592,Malicious,Malicious,4.221580137664202e-05,0.03896073808954668,0.9609970461090768
2593,Malicious,Malicious,1.5877402729928762e-05,0.001061445364711659,0.9989226772325582
2594,Malicious,Malicious,0.0,0.0014384770477831907,0.9985615229522169
2595,Malicious,Malicious,0.0003407074400788537,0.013088443071688603,0.9865708494882327
2596,Malicious,Malicious,1.5877402729928762e-05,0.001061445364711659,0.9989226772325582
2597,Malicious,Malicious,1.5877402729928762e-05,0.001061445364711659,0.9989226772325582
2598,Malicious,Malicious,0.0002984916387022117,3.825844607731395e-05,0.9996632499152205
2599,Malicious,Malicious,1.5877402729928762e-05,0.001061445364711659,0.9989226772325582
2600,Malicious,Malicious,1.5877402729928762e-05,0.001061445364711659,0.9989226772325582
2601,Malicious,Malicious,0.0002984916387022117,3.825844607731395e-05,0.9996632499152205
2602,Malicious,Malicious,1.5877402729928762e-05,0.001061445364711659,0.9989226772325582
2603,Malicious,Malicious,1.58420872729228e-05,0.0015745159992688576,0.9984096419134584
2604,Malicious,Malicious,1.5877402729928762e-05,0.001061445364711659,0.9989226772325582
2605,Malicious,Malicious,0.0,0.0033136843840398055,0.9966863156159603
2606,Malicious,Malicious,1.5877402729928762e-05,0.001061445364711659,0.9989226772325582
2607,Malicious,Malicious,0.00014193004800161445,0.03529845726757717,0.9645596126844214
2608,Malicious,Malicious,4.221580137664202e-05,0.0011994485221092424,0.9987583356765143
2609,Malicious,Malicious,0.0002984916387022117,3.825844607731395e-05,0.9996632499152205
2610,Malicious,Malicious,0.0002984916387022117,3.825844607731395e-05,0.9996632499152205
2611,Malicious,Malicious,0.0003407074400788537,0.2635447711618676,0.7361145213980536
2612,Malicious,Malicious,0.0002984916387022117,3.825844607731395e-05,0.9996632499152205
2613,Malicious,Malicious,0.0002984916387022117,3.825844607731395e-05,0.9996632499152205
2614,Malicious,Malicious,0.0003407074400788537,0.0015470976578971654,0.9981121949020241
2615,Malicious,Malicious,0.0002984916387022117,3.825844607731395e-05,0.9996632499152205
2616,Malicious,Malicious,0.0,0.0019874594464574106,0.9980125405535428
2617,Malicious,Malicious,1.5877402729928762e-05,0.001061445364711659,0.9989226772325582
2618,Malicious,Malicious,0.0002984916387022117,3.825844607731395e-05,0.9996632499152205
2619,Malicious,Malicious,0.0003407074400788537,0.003046513118545482,0.9966127794413757
2620,Malicious,Malicious,0.0002984916387022117,3.825844607731395e-05,0.9996632499152205
2621,Malicious,Malicious,0.0002984916387022117,3.825844607731395e-05,0.9996632499152205
2622,Malicious,Malicious,1.5877402729928762e-05,0.001061445364711659,0.9989226772325582
2623,Malicious,Malicious,0.0002984916387022117,3.825844607731395e-05,0.9996632499152205
2624,Malicious,Malicious,1.5877402729928762e-05,0.001061445364711659,0.9989226772325582
2625,Malicious,Malicious,0.004571602513472042,0.028266608292033965,0.967161789194494
2626,Malicious,Malicious,0.0002984916387022117,3.825844607731395e-05,0.9996632499152205
2627,Malicious,Malicious,1.5877402729928762e-05,0.001061445364711659,0.9989226772325582
2628,Malicious,Malicious,0.0002984916387022117,3.825844607731395e-05,0.9996632499152205
2629,Malicious,Malicious,1.5877402729928762e-05,0.001061445364711659,0.9989226772325582
2630,Malicious,Malicious,4.221580137664202e-05,0.0021071853586464994,0.9978505988399772
2631,Malicious,Malicious,0.0002984916387022117,3.825844607731395e-05,0.9996632499152205
2632,Malicious,Malicious,1.5877402729928762e-05,0.001061445364711659,0.9989226772325582
2633,Malicious,Malicious,4.221580137664202e-05,0.00169587730438226,0.9982619068942411
2634,Malicious,Malicious,0.0003407074400788537,0.0025230915421692686,0.997136201017752
2635,Benign,Benign,0.3397585898754493,0.6602414101245507,0.0
2636,Malicious,Malicious,1.5877402729928762e-05,0.001061445364711659,0.9989226772325582
2637,Malicious,Malicious,1.5877402729928762e-05,0.001061445364711659,0.9989226772325582
2638,Malicious,Malicious,1.58420872729228e-05,0.001920998869801273,0.9980631590429259
2639,Malicious,Malicious,4.221580137664202e-05,0.002634428895769332,0.9973233553028541
2640,Malicious,Malicious,0.0002984916387022117,3.825844607731395e-05,0.9996632499152205
2641,Malicious,Malicious,0.0,0.000893034443093041,0.999106965556907
2642,Malicious,Malicious,1.5877402729928762e-05,0.001061445364711659,0.9989226772325582
2643,Malicious,Malicious,1.5877402729928762e-05,0.001061445364711659,0.9989226772325582
2644,Malicious,Malicious,0.0002984916387022117,3.825844607731395e-05,0.9996632499152205
2645,Malicious,Malicious,0.0,0.0176657097096951,0.9823342902903047
2646,Malicious,Malicious,1.5877402729928762e-05,0.001061445364711659,0.9989226772325582
2647,Malicious,Malicious,0.0002984916387022117,3.825844607731395e-05,0.9996632499152205
2648,Malicious,Malicious,1.5877402729928762e-05,0.001061445364711659,0.9989226772325582
2649,Malicious,Malicious,0.0003407074400788537,0.002500561702698093,0.9971587308572231
2650,Malicious,Malicious,1.58420872729228e-05,0.0016145283684321588,0.998369629544295
2651,Malicious,Malicious,4.221580137664202e-05,0.016347800938512968,0.9836099832601104
2652,Malicious,Malicious,1.58420872729228e-05,0.00864394983060514,0.9913402080821219
2653,Malicious,Malicious,0.0003407074400788537,0.007773799854590483,0.9918854927053306
2654,Malicious,Malicious,0.0002984916387022117,3.825844607731395e-05,0.9996632499152205
2655,Malicious,Malicious,1.5877402729928762e-05,0.001061445364711659,0.9989226772325582
2656,Malicious,Malicious,1.58420872729228e-05,0.0032324783020251445,0.996751679610702
2657,Malicious,Malicious,0.0,0.000893034443093041,0.999106965556907
2658,Malicious,Malicious,1.5877402729928762e-05,0.001061445364711659,0.9989226772325582
2659,Malicious,Malicious,0.0,0.000893034443093041,0.999106965556907
2660,Malicious,Malicious,0.0002984916387022117,3.825844607731395e-05,0.9996632499152205
2661,Malicious,Malicious,1.58420872729228e-05,0.0016145283684321588,0.998369629544295
2662,Malicious,Malicious,1.5877402729928762e-05,0.001061445364711659,0.9989226772325582
2663,Malicious,Malicious,4.221580137664202e-05,0.2278781825281627,0.7720796016704606
2664,Malicious,Malicious,0.0002984916387022117,3.825844607731395e-05,0.9996632499152205
2665,Malicious,Malicious,1.5877402729928762e-05,0.001061445364711659,0.9989226772325582
2666,Benign,Benign,0.011494653218675177,0.9885053467813247,0.0
2667,Benign,Benign,0.47329301152650904,0.526706988473491,0.0
2668,Benign,Benign,0.3864411508873863,0.6135588491126138,0.0
2669,Benign,Benign,0.3611332479944874,0.6388667520055126,0.0
2670,Benign,Benign,0.41403202735671124,0.5859679726432888,0.0
2671,Benign,Background,0.5236792927663717,0.47632070723362824,0.0
2672,Benign,Background,0.6181401802510208,0.38185981974897915,0.0
2673,Benign,Benign,0.3883792679661108,0.6116207320338891,0.0
2674,Benign,Background,0.5236792927663717,0.47632070723362824,0.0
2675,Benign,Benign,0.12815483653556972,0.8718028354126077,4.2328051822310574e-05
2676,Malicious,Malicious,0.00014193004800161445,0.03517573823825077,0.9646823317137476
2677,Malicious,Malicious,1.58420872729228e-05,0.0016145283684321588,0.998369629544295
2678,Malicious,Malicious,0.0004093200841940381,0.014053267962422962,0.9855374119533832
2679,Malicious,Malicious,0.0002984916387022117,3.825844607731395e-05,0.9996632499152205
2680,Malicious,Malicious,1.5877402729928762e-05,0.001061445364711659,0.9989226772325582
2681,Malicious,Malicious,0.0,0.014384778025485451,0.9856152219745147
2682,Malicious,Malicious,1.58420872729228e-05,0.0019543746169737707,0.9980297832957534
2683,Malicious,Malicious,0.0,0.000893034443093041,0.999106965556907
2684,Malicious,Malicious,0.0003407074400788537,0.002761648822683187,0.9968976437372379
2685,Malicious,Malicious,1.5877402729928762e-05,0.001061445364711659,0.9989226772325582
2686,Malicious,Malicious,0.0003407074400788537,0.0013094159285594942,0.9983498766313617
2687,Malicious,Malicious,0.0002984916387022117,3.825844607731395e-05,0.9996632499152205
2688,Malicious,Malicious,4.221580137664202e-05,0.0021504319828188623,0.9978073522158047
2689,Malicious,Malicious,1.5877402729928762e-05,0.001061445364711659,0.9989226772325582
2690,Malicious,Malicious,1.5877402729928762e-05,0.001061445364711659,0.9989226772325582
2691,Malicious,Malicious,1.58420872729228e-05,0.0016145283684321588,0.998369629544295
2692,Malicious,Malicious,0.0002984916387022117,3.825844607731395e-05,0.9996632499152205
2693,Malicious,Malicious,0.0002984916387022117,3.825844607731395e-05,0.9996632499152205
2694,Malicious,Malicious,0.0003407074400788537,0.0015470976578971654,0.9981121949020241
2695,Malicious,Malicious,0.0002984916387022117,3.825844607731395e-05,0.9996632499152205
2696,Malicious,Malicious,1.58420872729228e-05,0.00864394983060514,0.9913402080821219
2697,Malicious,Malicious,1.58420872729228e-05,0.0016145283684321588,0.998369629544295
2698,Malicious,Malicious,1.5877402729928762e-05,0.001061445364711659,0.9989226772325582
2699,Malicious,Malicious,0.0,0.000893034443093041,0.999106965556907
2700,Malicious,Malicious,1.58420872729228e-05,0.0015745159992688576,0.9984096419134584
2701,Malicious,Malicious,4.221580137664202e-05,0.0033263641956079626,0.9966314200030155
2702,Malicious,Malicious,0.0002984916387022117,3.825844607731395e-05,0.9996632499152205
2703,Malicious,Malicious,1.5877402729928762e-05,0.001061445364711659,0.9989226772325582
2704,Malicious,Malicious,0.0,0.011235143326192194,0.9887648566738079
2705,Malicious,Malicious,0.0002984916387022117,3.825844607731395e-05,0.9996632499152205
2706,Malicious,Malicious,0.0002984916387022117,3.825844607731395e-05,0.9996632499152205
2707,Malicious,Malicious,1.58420872729228e-05,0.0015745159992688576,0.9984096419134584
2708,Malicious,Malicious,0.0002984916387022117,3.825844607731395e-05,0.9996632499152205
2709,Malicious,Malicious,0.0002984916387022117,3.825844607731395e-05,0.9996632499152205
2710,Malicious,Malicious,1.58420872729228e-05,0.0019505591220278732,0.9980335987906993
2711,Malicious,Malicious,1.5877402729928762e-05,0.001061445364711659,0.9989226772325582
2712,Malicious,Malicious,0.0,0.000893034443093041,0.999106965556907
2713,Malicious,Malicious,1.58420872729228e-05,0.0015745159992688576,0.9984096419134584
2714,Malicious,Malicious,1.58420872729228e-05,0.0019505591220278732,0.9980335987906993
2715,Malicious,Malicious,1.58420872729228e-05,0.010317960692707528,0.9896661972200197
2716,Malicious,Malicious,0.0002984916387022117,3.825844607731395e-05,0.9996632499152205
2717,Malicious,Malicious,0.00012608796072869163,0.26002765359647506,0.7398462584427962
2718,Malicious,Malicious,1.58420872729228e-05,0.0016145283684321588,0.998369629544295
2719,Malicious,Malicious,1.5877402729928762e-05,0.001061445364711659,0.9989226772325582
2720,Malicious,Malicious,1.58420872729228e-05,0.00864394983060514,0.9913402080821219
2721,Malicious,Malicious,0.0003407074400788537,0.001542270721572535,0.9981170218383487
2722,Malicious,Malicious,1.58420872729228e-05,0.008342668744072745,0.9916414891686545
2723,Malicious,Malicious,1.58420872729228e-05,0.001920998869801273,0.9980631590429259
2724,Malicious,Malicious,1.58420872729228e-05,0.001920998869801273,0.9980631590429259
2725,Malicious,Malicious,4.221580137664202e-05,0.0025924122984830097,0.9973653719001403
2726,Malicious,Malicious,4.221580137664202e-05,0.0033263641956079626,0.9966314200030155
2727,Malicious,Malicious,0.0002984916387022117,3.825844607731395e-05,0.9996632499152205
2728,Malicious,Malicious,1.58420872729228e-05,0.002360918581028417,0.9976232393316987
2729,Malicious,Malicious,0.0002984916387022117,3.825844607731395e-05,0.9996632499152205
2730,Malicious,Malicious,1.5877402729928762e-05,0.001061445364711659,0.9989226772325582
2731,Malicious,Malicious,1.5877402729928762e-05,0.001061445364711659,0.9989226772325582
2732,Malicious,Malicious,4.221580137664202e-05,0.0025924122984830097,0.9973653719001403
2733,Malicious,Malicious,4.221580137664202e-05,0.001900476998644379,0.998057307199979
2734,Malicious,Malicious,1.58420872729228e-05,0.0019505591220278732,0.9980335987906993
2735,Malicious,Malicious,1.58420872729228e-05,0.001920998869801273,0.9980631590429259
2736,Malicious,Malicious,0.0,0.0020402164538727108,0.9979597835461275
2737,Malicious,Malicious,0.0002984916387022117,3.825844607731395e-05,0.9996632499152205
2738,Malicious,Malicious,1.58420872729228e-05,0.0019543746169737707,0.9980297832957534
2739,Malicious,Malicious,1.5877402729928762e-05,0.001061445364711659,0.9989226772325582
2740,Malicious,Malicious,1.58420872729228e-05,0.002360918581028417,0.9976232393316987
2741,Malicious,Malicious,1.58420872729228e-05,0.0015745159992688576,0.9984096419134584
2742,Malicious,Malicious,0.0002984916387022117,3.825844607731395e-05,0.9996632499152205
2743,Malicious,Malicious,1.58420872729228e-05,0.003265854049197642,0.9967183038635296
2744,Malicious,Malicious,0.0003407074400788537,0.0015470976578971654,0.9981121949020241
2745,Malicious,Malicious,0.0002984916387022117,3.825844607731395e-05,0.9996632499152205
2746,Malicious,Malicious,1.5877402729928762e-05,0.001061445364711659,0.9989226772325582
2747,Malicious,Malicious,4.221580137664202e-05,0.001900476998644379,0.998057307199979
2748,Malicious,Malicious,0.0003407074400788537,0.0015942802244217884,0.9980650123354994
2749,Malicious,Malicious,0.0003407074400788537,0.0023643085483577822,0.9972949840115635
2750,Malicious,Malicious,1.5877402729928762e-05,0.001061445364711659,0.9989226772325582
2751,Benign,Benign,0.0,0.9978140129715903,0.00218598702840961
2752,Malicious,Malicious,0.0002984916387022117,3.825844607731395e-05,0.9996632499152205
2753,Malicious,Malicious,1.5877402729928762e-05,0.001061445364711659,0.9989226772325582
2754,Malicious,Malicious,0.00014193004800161445,0.05743710726902627,0.942420962682972
2755,Malicious,Malicious,4.221580137664202e-05,0.02694588353399137,0.9730119006646322
2756,Malicious,Malicious,1.5877402729928762e-05,0.001061445364711659,0.9989226772325582
2757,Malicious,Malicious,1.58420872729228e-05,0.0015745159992688576,0.9984096419134584
2758,Malicious,Malicious,1.5877402729928762e-05,0.001061445364711659,0.9989226772325582
2759,Malicious,Malicious,0.0003407074400788537,0.005371390112179899,0.9942879024477412
2760,Malicious,Malicious,1.58420872729228e-05,0.001920998869801273,0.9980631590429259
2761,Malicious,Malicious,1.5877402729928762e-05,0.001061445364711659,0.9989226772325582
2762,Malicious,Malicious,4.221580137664202e-05,0.0012522300147084792,0.998705554183915
2763,Malicious,Malicious,0.0002984916387022117,3.825844607731395e-05,0.9996632499152205
2764,Malicious,Malicious,1.5877402729928762e-05,0.001061445364711659,0.9989226772325582
2765,Malicious,Malicious,0.0002984916387022117,3.825844607731395e-05,0.9996632499152205
2766,Malicious,Malicious,1.5877402729928762e-05,0.001061445364711659,0.9989226772325582
2767,Malicious,Malicious,0.0002984916387022117,3.825844607731395e-05,0.9996632499152205
2768,Malicious,Malicious,0.0,0.000893034443093041,0.999106965556907
2769,Malicious,Malicious,0.0002984916387022117,3.825844607731395e-05,0.9996632499152205
2770,Malicious,Malicious,1.58420872729228e-05,0.001920998869801273,0.9980631590429259
2771,Malicious,Malicious,4.221580137664202e-05,0.0030167519171228462,0.9969410322815005
2772,Malicious,Malicious,0.0,0.0032960359955181017,0.996703964004482
2773,Malicious,Malicious,0.0002984916387022117,3.825844607731395e-05,0.9996632499152205
2774,Malicious,Malicious,1.5877402729928762e-05,0.001061445364711659,0.9989226772325582
2775,Malicious,Malicious,0.0002984916387022117,3.825844607731395e-05,0.9996632499152205
2776,Malicious,Malicious,0.0002984916387022117,3.825844607731395e-05,0.9996632499152205
2777,Malicious,Malicious,0.0002984916387022117,3.825844607731395e-05,0.9996632499152205
2778,Malicious,Malicious,1.58420872729228e-05,0.0016145283684321588,0.998369629544295
2779,Malicious,Malicious,1.5877402729928762e-05,0.001061445364711659,0.9989226772325582
2780,Malicious,Malicious,0.0003407074400788537,0.007773799854590483,0.9918854927053306
2781,Malicious,Malicious,1.58420872729228e-05,0.001920998869801273,0.9980631590429259
2782,Malicious,Malicious,1.5877402729928762e-05,0.001061445364711659,0.9989226772325582
2783,Malicious,Malicious,0.0002984916387022117,3.825844607731395e-05,0.9996632499152205
2784,Malicious,Malicious,0.0002984916387022117,3.825844607731395e-05,0.9996632499152205
2785,Malicious,Malicious,0.0002984916387022117,3.825844607731395e-05,0.9996632499152205
2786,Malicious,Malicious,4.221580137664202e-05,0.07518506910196522,0.9247727150966581
2787,Malicious,Malicious,1.58420872729228e-05,0.0032324783020251445,0.996751679610702
2788,Malicious,Malicious,1.5877402729928762e-05,0.001061445364711659,0.9989226772325582
2789,Malicious,Malicious,0.0003407074400788537,0.007773799854590483,0.9918854927053306
2790,Malicious,Malicious,4.221580137664202e-05,0.0033263641956079626,0.9966314200030155
2791,Malicious,Malicious,1.5877402729928762e-05,0.001061445364711659,0.9989226772325582
2792,Malicious,Malicious,0.0002984916387022117,3.825844607731395e-05,0.9996632499152205
2793,Malicious,Malicious,1.5877402729928762e-05,0.001061445364711659,0.9989226772325582
2794,Malicious,Malicious,1.5877402729928762e-05,0.001061445364711659,0.9989226772325582
2795,Malicious,Malicious,0.0,0.006071027120948333,0.9939289728790516
2796,Malicious,Malicious,1.5877402729928762e-05,0.001061445364711659,0.9989226772325582
2797,Malicious,Malicious,4.221580137664202e-05,0.023050871712874094,0.9769069124857492
2798,Malicious,Malicious,0.0002984916387022117,3.825844607731395e-05,0.9996632499152205
2799,Benign,Benign,0.0042829929561865945,0.9957170070438134,0.0
2800,Malicious,Malicious,1.5877402729928762e-05,0.001061445364711659,0.9989226772325582
2801,Malicious,Malicious,0.0002984916387022117,3.825844607731395e-05,0.9996632499152205
2802,Malicious,Malicious,0.0002984916387022117,3.825844607731395e-05,0.9996632499152205
2803,Malicious,Malicious,1.5877402729928762e-05,0.001061445364711659,0.9989226772325582
2804,Malicious,Malicious,0.00012608796072869163,0.017979096800968986,0.9818948152383022
2805,Malicious,Malicious,0.0,0.007866371248752672,0.9921336287512473
2806,Malicious,Malicious,4.221580137664202e-05,0.0033263641956079626,0.9966314200030155
2807,Malicious,Malicious,1.5877402729928762e-05,0.001061445364711659,0.9989226772325582
2808,Malicious,Malicious,4.221580137664202e-05,0.001900476998644379,0.998057307199979
2809,Malicious,Malicious,0.0002984916387022117,3.825844607731395e-05,0.9996632499152205
2810,Malicious,Malicious,1.5877402729928762e-05,0.001061445364711659,0.9989226772325582
2811,Malicious,Malicious,4.221580137664202e-05,0.00169587730438226,0.9982619068942411
2812,Malicious,Malicious,1.58420872729228e-05,0.0015745159992688576,0.9984096419134584
2813,Malicious,Malicious,0.0002984916387022117,3.825844607731395e-05,0.9996632499152205
2814,Malicious,Malicious,1.58420872729228e-05,0.001920998869801273,0.9980631590429259
2815,Malicious,Malicious,1.58420872729228e-05,0.0016145283684321588,0.998369629544295
2816,Malicious,Malicious,1.5877402729928762e-05,0.001061445364711659,0.9989226772325582
2817,Malicious,Malicious,0.0,0.011222250616991005,0.988777749383009
2818,Malicious,Malicious,4.221580137664202e-05,0.00279912065848513,0.9971586635401386
2819,Malicious,Malicious,0.00014193004800161445,0.013455896934248899,0.9864021730177494
2820,Malicious,Malicious,1.58420872729228e-05,0.0016145283684321588,0.998369629544295
2821,Malicious,Malicious,1.5877402729928762e-05,0.001061445364711659,0.9989226772325582
2822,Malicious,Malicious,1.5877402729928762e-05,0.001061445364711659,0.9989226772325582
2823,Malicious,Malicious,0.0002984916387022117,3.825844607731395e-05,0.9996632499152205
2824,Malicious,Malicious,1.5877402729928762e-05,0.001061445364711659,0.9989226772325582
2825,Malicious,Malicious,0.0,0.011657846767550861,0.9883421532324492
2826,Malicious,Malicious,1.58420872729228e-05,0.001920998869801273,0.9980631590429259
2827,Malicious,Malicious,0.0002984916387022117,3.825844607731395e-05,0.9996632499152205
2828,Malicious,Malicious,0.0002984916387022117,3.825844607731395e-05,0.9996632499152205
2829,Malicious,Malicious,0.0002984916387022117,3.825844607731395e-05,0.9996632499152205
2830,Malicious,Malicious,1.5877402729928762e-05,0.001061445364711659,0.9989226772325582
2831,Malicious,Malicious,4.221580137664202e-05,0.005059753355766753,0.9948980308428568
2832,Malicious,Malicious,0.0002984916387022117,3.825844607731395e-05,0.9996632499152205
2833,Malicious,Malicious,0.0002984916387022117,3.825844607731395e-05,0.9996632499152205
2834,Malicious,Malicious,0.0004093200841940381,0.007497328799267664,0.9920933511165383
2835,Malicious,Malicious,1.58420872729228e-05,0.0015745159992688576,0.9984096419134584
2836,Malicious,Malicious,1.5877402729928762e-05,0.001061445364711659,0.9989226772325582
2837,Malicious,Malicious,0.0003407074400788537,0.0015942802244217884,0.9980650123354994
2838,Malicious,Malicious,0.0002984916387022117,3.825844607731395e-05,0.9996632499152205
2839,Malicious,Malicious,4.221580137664202e-05,0.0023878126042208908,0.9975699715944024
2840,Malicious,Malicious,0.0002984916387022117,3.825844607731395e-05,0.9996632499152205
2841,Malicious,Malicious,0.0002984916387022117,3.825844607731395e-05,0.9996632499152205
2842,Malicious,Malicious,1.5877402729928762e-05,0.001061445364711659,0.9989226772325582
2843,Malicious,Malicious,0.0002984916387022117,3.825844607731395e-05,0.9996632499152205
2844,Malicious,Malicious,0.0002984916387022117,3.825844607731395e-05,0.9996632499152205
2845,Malicious,Malicious,0.0002984916387022117,3.825844607731395e-05,0.9996632499152205
2846,Malicious,Malicious,0.0,0.011235143326192194,0.9887648566738079
2847,Malicious,Malicious,1.5877402729928762e-05,0.001061445364711659,0.9989226772325582
2848,Malicious,Malicious,4.221580137664202e-05,0.008106055623967202,0.9918517285746562
2849,Malicious,Malicious,1.58420872729228e-05,0.001920998869801273,0.9980631590429259
2850,Malicious,Malicious,4.221580137664202e-05,0.0012522300147084792,0.998705554183915
2851,Malicious,Malicious,0.0002984916387022117,3.825844607731395e-05,0.9996632499152205
2852,Malicious,Malicious,0.0,0.004829387283368127,0.995170612716632
2853,Malicious,Malicious,4.221580137664202e-05,0.0016430958117830232,0.9983146883868403
2854,Malicious,Malicious,0.0,0.012342071345682453,0.9876579286543177
2855,Malicious,Malicious,1.5877402729928762e-05,0.001061445364711659,0.9989226772325582
2856,Malicious,Malicious,1.58420872729228e-05,0.0032324783020251445,0.996751679610702
2857,Malicious,Malicious,0.0002984916387022117,3.825844607731395e-05,0.9996632499152205
2858,Malicious,Malicious,0.0,0.0019874594464574106,0.9980125405535428
2859,Malicious,Malicious,0.0002984916387022117,3.825844607731395e-05,0.9996632499152205
2860,Malicious,Malicious,1.58420872729228e-05,0.00199292713762106,0.997991230775106
2861,Malicious,Malicious,0.0003407074400788537,0.0015942802244217884,0.9980650123354994
2862,Malicious,Malicious,1.5877402729928762e-05,0.001061445364711659,0.9989226772325582
2863,Malicious,Malicious,1.5877402729928762e-05,0.001061445364711659,0.9989226772325582
2864,Malicious,Malicious,1.58420872729228e-05,0.001920998869801273,0.9980631590429259
2865,Malicious,Malicious,4.221580137664202e-05,0.03516387555298725,0.9647939086456361
2866,Malicious,Malicious,1.58420872729228e-05,0.0016145283684321588,0.998369629544295
2867,Malicious,Malicious,0.0,0.0008402529504938043,0.9991597470495063
2868,Malicious,Malicious,0.0002984916387022117,3.825844607731395e-05,0.9996632499152205
2869,Malicious,Malicious,0.0002984916387022117,3.825844607731395e-05,0.9996632499152205
2870,Malicious,Malicious,0.0002984916387022117,3.825844607731395e-05,0.9996632499152205
2871,Malicious,Malicious,1.5877402729928762e-05,0.001061445364711659,0.9989226772325582
2872,Malicious,Malicious,1.58420872729228e-05,0.0016145283684321588,0.998369629544295
2873,Malicious,Malicious,0.0002984916387022117,3.825844607731395e-05,0.9996632499152205
2874,Malicious,Malicious,0.0004093200841940381,0.007497328799267664,0.9920933511165383
2875,Malicious,Malicious,0.0002984916387022117,3.825844607731395e-05,0.9996632499152205
2876,Malicious,Malicious,1.5877402729928762e-05,0.001061445364711659,0.9989226772325582
2877,Malicious,Malicious,1.58420872729228e-05,0.0018121977286065295,0.9981719601841206
2878,Malicious,Malicious,1.58420872729228e-05,0.0016145283684321588,0.998369629544295
2879,Malicious,Malicious,0.0002984916387022117,3.825844607731395e-05,0.9996632499152205
2880,Malicious,Malicious,0.0002984916387022117,3.825844607731395e-05,0.9996632499152205
2881,Malicious,Malicious,1.58420872729228e-05,0.0016145283684321588,0.998369629544295
2882,Malicious,Malicious,0.0002984916387022117,3.825844607731395e-05,0.9996632499152205
2883,Malicious,Malicious,4.221580137664202e-05,0.002634428895769332,0.9973233553028541
2884,Malicious,Malicious,4.221580137664202e-05,0.032787036124223845,0.9671707480743996
2885,Malicious,Malicious,1.58420872729228e-05,0.0016145283684321588,0.998369629544295
2886,Malicious,Malicious,0.0002984916387022117,3.825844607731395e-05,0.9996632499152205
2887,Malicious,Malicious,1.5877402729928762e-05,0.001061445364711659,0.9989226772325582
2888,Malicious,Malicious,1.58420872729228e-05,0.0018121977286065295,0.9981719601841206
2889,Malicious,Malicious,1.5877402729928762e-05,0.001061445364711659,0.9989226772325582
2890,Malicious,Malicious,0.0002984916387022117,3.825844607731395e-05,0.9996632499152205
2891,Malicious,Malicious,1.58420872729228e-05,0.002859260139154781,0.9971248977735724
2892,Malicious,Malicious,0.0003407074400788537,0.001818357132510394,0.9978409354274107
2893,Malicious,Malicious,1.58420872729228e-05,0.0032324783020251445,0.996751679610702
2894,Malicious,Malicious,1.5877402729928762e-05,0.001061445364711659,0.9989226772325582
2895,Malicious,Malicious,0.0003407074400788537,0.0015470976578971654,0.9981121949020241
2896,Malicious,Malicious,4.221580137664202e-05,0.0026776755199416948,0.9972801086786819
2897,Malicious,Malicious,0.0,0.04326251215904483,0.9567374878409551
2898,Malicious,Malicious,1.5877402729928762e-05,0.001061445364711659,0.9989226772325582
2899,Malicious,Malicious,1.5877402729928762e-05,0.001061445364711659,0.9989226772325582
2900,Malicious,Malicious,1.5877402729928762e-05,0.001061445364711659,0.9989226772325582
2901,Malicious,Malicious,0.0002984916387022117,3.825844607731395e-05,0.9996632499152205
2902,Malicious,Malicious,0.0002984916387022117,3.825844607731395e-05,0.9996632499152205
2903,Malicious,Malicious,4.221580137664202e-05,0.005059753355766753,0.9948980308428568
2904,Malicious,Malicious,0.0002984916387022117,3.825844607731395e-05,0.9996632499152205
2905,Malicious,Malicious,1.5877402729928762e-05,0.001061445364711659,0.9989226772325582
2906,Malicious,Malicious,0.0002984916387022117,3.825844607731395e-05,0.9996632499152205
2907,Malicious,Malicious,4.221580137664202e-05,0.0025924122984830097,0.9973653719001403
2908,Malicious,Malicious,0.0002984916387022117,3.825844607731395e-05,0.9996632499152205
2909,Malicious,Malicious,1.5877402729928762e-05,0.001061445364711659,0.9989226772325582
2910,Malicious,Malicious,1.58420872729228e-05,0.0016145283684321588,0.998369629544295
2911,Malicious,Malicious,1.5877402729928762e-05,0.001061445364711659,0.9989226772325582
2912,Malicious,Malicious,0.0002984916387022117,3.825844607731395e-05,0.9996632499152205
2913,Malicious,Malicious,4.221580137664202e-05,0.0025924122984830097,0.9973653719001403
2914,Malicious,Malicious,1.5877402729928762e-05,0.001061445364711659,0.9989226772325582
2915,Malicious,Malicious,1.58420872729228e-05,0.010364183683932564,0.9896199742287947
2916,Malicious,Malicious,0.0002984916387022117,3.825844607731395e-05,0.9996632499152205
2917,Malicious,Malicious,0.0002984916387022117,3.825844607731395e-05,0.9996632499152205
2918,Malicious,Malicious,0.0003407074400788537,0.04049962599725813,0.959159666562663
2919,Malicious,Malicious,4.221580137664202e-05,0.028440902928867997,0.9715168812697554
2920,Malicious,Malicious,1.58420872729228e-05,0.0016145283684321588,0.998369629544295
2921,Malicious,Malicious,1.58420872729228e-05,0.0019505591220278732,0.9980335987906993
2922,Malicious,Malicious,1.58420872729228e-05,0.0016145283684321588,0.998369629544295
2923,Malicious,Malicious,0.0002984916387022117,3.825844607731395e-05,0.9996632499152205
2924,Malicious,Malicious,1.5877402729928762e-05,0.001061445364711659,0.9989226772325582
2925,Malicious,Malicious,0.0002984916387022117,3.825844607731395e-05,0.9996632499152205
2926,Malicious,Malicious,1.58420872729228e-05,0.0016145283684321588,0.998369629544295
2927,Malicious,Malicious,1.5877402729928762e-05,0.001061445364711659,0.9989226772325582
2928,Malicious,Malicious,1.58420872729228e-05,0.0019505591220278732,0.9980335987906993
2929,Malicious,Malicious,1.58420872729228e-05,0.0019505591220278732,0.9980335987906993
2930,Malicious,Malicious,0.0002984916387022117,3.825844607731395e-05,0.9996632499152205
2931,Malicious,Malicious,4.221580137664202e-05,0.001900476998644379,0.998057307199979
2932,Malicious,Malicious,1.58420872729228e-05,0.001920998869801273,0.9980631590429259
2933,Malicious,Malicious,0.0003407074400788537,0.00244855219984884,0.9972107403600724
2934,Malicious,Malicious,0.0002984916387022117,3.825844607731395e-05,0.9996632499152205
2935,Malicious,Malicious,1.5877402729928762e-05,0.001061445364711659,0.9989226772325582
2936,Malicious,Malicious,1.58420872729228e-05,0.0016145283684321588,0.998369629544295
2937,Malicious,Malicious,0.0002984916387022117,3.825844607731395e-05,0.9996632499152205
2938,Benign,Benign,0.09016709303917009,0.9098329069608297,0.0
2939,Benign,Benign,0.2881271743280005,0.7118728256719994,0.0
2940,Benign,Benign,0.025374711751948772,0.9746252882480512,0.0
2941,Benign,Benign,0.025374711751948772,0.9746252882480512,0.0
2942,Malicious,Malicious,1.58420872729228e-05,0.0032324783020251445,0.996751679610702
2943,Benign,Benign,0.005224757726024074,0.994775242273976,0.0
2944,Malicious,Malicious,1.5877402729928762e-05,0.001061445364711659,0.9989226772325582
2945,Malicious,Malicious,1.58420872729228e-05,0.00864394983060514,0.9913402080821219
2946,Malicious,Malicious,4.221580137664202e-05,0.00169587730438226,0.9982619068942411
2947,Malicious,Malicious,0.0003407074400788537,0.0015942802244217884,0.9980650123354994
2948,Malicious,Malicious,1.5877402729928762e-05,0.001061445364711659,0.9989226772325582
2949,Malicious,Malicious,1.58420872729228e-05,0.001920998869801273,0.9980631590429259
2950,Malicious,Malicious,1.5877402729928762e-05,0.001061445364711659,0.9989226772325582
2951,Malicious,Malicious,4.221580137664202e-05,0.00169587730438226,0.9982619068942411
2952,Malicious,Malicious,1.5877402729928762e-05,0.001061445364711659,0.9989226772325582
2953,Malicious,Malicious,0.0002984916387022117,3.825844607731395e-05,0.9996632499152205
2954,Malicious,Malicious,1.58420872729228e-05,0.0015745159992688576,0.9984096419134584
2955,Malicious,Malicious,1.5877402729928762e-05,0.001061445364711659,0.9989226772325582
2956,Malicious,Malicious,0.0002984916387022117,3.825844607731395e-05,0.9996632499152205
2957,Malicious,Malicious,1.5877402729928762e-05,0.001061445364711659,0.9989226772325582
2958,Malicious,Malicious,1.58420872729228e-05,0.001920998869801273,0.9980631590429259
2959,Malicious,Malicious,0.0002984916387022117,3.825844607731395e-05,0.9996632499152205
2960,Malicious,Malicious,0.0,0.000893034443093041,0.999106965556907
2961,Malicious,Malicious,4.221580137664202e-05,0.002432823593242701,0.9975249606053808
2962,Malicious,Malicious,0.0002984916387022117,3.825844607731395e-05,0.9996632499152205
2963,Malicious,Malicious,4.221580137664202e-05,0.002634428895769332,0.9973233553028541
2964,Malicious,Malicious,1.5877402729928762e-05,0.001061445364711659,0.9989226772325582
2965,Malicious,Malicious,0.0,0.008299028261693044,0.991700971738307
2966,Malicious,Malicious,0.0,0.010201079178580623,0.9897989208214193
2967,Malicious,Malicious,4.221580137664202e-05,0.0016460832137347842,0.9983117009848885
2968,Malicious,Malicious,0.0,0.00238521189309663,0.9976147881069033
2969,Benign,Benign,0.1355642722610982,0.8643730097042895,6.271803461247183e-05
2970,Malicious,Malicious,0.0002984916387022117,3.825844607731395e-05,0.9996632499152205
2971,Malicious,Malicious,0.0,0.000893034443093041,0.999106965556907
2972,Malicious,Malicious,0.0002984916387022117,3.825844607731395e-05,0.9996632499152205
2973,Malicious,Malicious,1.58420872729228e-05,0.0016145283684321588,0.998369629544295
2974,Malicious,Malicious,0.0002984916387022117,3.825844607731395e-05,0.9996632499152205
2975,Malicious,Malicious,1.58420872729228e-05,0.0015745159992688576,0.9984096419134584
2976,Malicious,Malicious,1.58420872729228e-05,0.015569045027682204,0.9844151128850449
2977,Malicious,Malicious,1.58420872729228e-05,0.014232212649522891,0.9857519452632043
2978,Malicious,Malicious,1.5877402729928762e-05,0.001061445364711659,0.9989226772325582
2979,Malicious,Malicious,0.0003407074400788537,0.0015959500165731721,0.998063342543348
2980,Malicious,Malicious,0.0002984916387022117,3.825844607731395e-05,0.9996632499152205
2981,Malicious,Malicious,1.5877402729928762e-05,0.001061445364711659,0.9989226772325582
2982,Malicious,Malicious,1.58420872729228e-05,0.002360918581028417,0.9976232393316987
2983,Malicious,Malicious,1.5877402729928762e-05,0.001061445364711659,0.9989226772325582
2984,Malicious,Malicious,1.58420872729228e-05,0.0016145283684321588,0.998369629544295
2985,Malicious,Malicious,1.58420872729228e-05,0.0016145283684321588,0.998369629544295
2986,Malicious,Malicious,0.0002984916387022117,3.825844607731395e-05,0.9996632499152205
2987,Malicious,Malicious,0.0003407074400788537,0.0023643085483577822,0.9972949840115635
2988,Malicious,Malicious,0.0002984916387022117,3.825844607731395e-05,0.9996632499152205
2989,Malicious,Malicious,1.5877402729928762e-05,0.001061445364711659,0.9989226772325582
2990,Malicious,Malicious,1.58420872729228e-05,0.0019505591220278732,0.9980335987906993
2991,Malicious,Malicious,0.00014193004800161445,0.013455896934248899,0.9864021730177494
2992,Malicious,Malicious,1.58420872729228e-05,0.0016145283684321588,0.998369629544295
2993,Malicious,Malicious,1.5877402729928762e-05,0.001061445364711659,0.9989226772325582
2994,Malicious,Malicious,0.0002984916387022117,3.825844607731395e-05,0.9996632499152205
2995,Malicious,Malicious,0.0,0.000893034443093041,0.999106965556907
2996,Malicious,Malicious,0.0002984916387022117,3.825844607731395e-05,0.9996632499152205
2997,Malicious,Malicious,1.5877402729928762e-05,0.001061445364711659,0.9989226772325582
2998,Malicious,Malicious,0.0002984916387022117,3.825844607731395e-05,0.9996632499152205
2999,Malicious,Malicious,1.58420872729228e-05,0.0015745159992688576,0.9984096419134584
3000,Malicious,Malicious,0.0002984916387022117,3.825844607731395e-05,0.9996632499152205
3001,Malicious,Malicious,1.5877402729928762e-05,0.001061445364711659,0.9989226772325582
3002,Malicious,Malicious,0.0002984916387022117,3.825844607731395e-05,0.9996632499152205
3003,Malicious,Malicious,4.221580137664202e-05,0.03516387555298725,0.9647939086456361
3004,Malicious,Malicious,1.58420872729228e-05,0.001616884014862045,0.9983672738978651
3005,Malicious,Malicious,0.0003407074400788537,0.0023643085483577822,0.9972949840115635
3006,Malicious,Malicious,0.0002984916387022117,3.825844607731395e-05,0.9996632499152205
3007,Malicious,Malicious,1.5877402729928762e-05,0.001061445364711659,0.9989226772325582
3008,Malicious,Malicious,0.0002984916387022117,3.825844607731395e-05,0.9996632499152205
3009,Malicious,Malicious,1.5877402729928762e-05,0.001061445364711659,0.9989226772325582
3010,Malicious,Malicious,1.5877402729928762e-05,0.001061445364711659,0.9989226772325582
3011,Malicious,Malicious,0.0002984916387022117,3.825844607731395e-05,0.9996632499152205
3012,Malicious,Malicious,1.5877402729928762e-05,0.001061445364711659,0.9989226772325582
3013,Malicious,Malicious,1.58420872729228e-05,0.0032324783020251445,0.996751679610702
3014,Malicious,Malicious,1.5877402729928762e-05,0.001061445364711659,0.9989226772325582
3015,Malicious,Malicious,0.0002984916387022117,3.825844607731395e-05,0.9996632499152205
3016,Malicious,Malicious,4.221580137664202e-05,0.0033263641956079626,0.9966314200030155
3017,Malicious,Malicious,0.0002984916387022117,3.825844607731395e-05,0.9996632499152205
3018,Malicious,Malicious,4.221580137664202e-05,0.04464853571742699,0.9553092484811964
3019,Malicious,Malicious,0.0002984916387022117,3.825844607731395e-05,0.9996632499152205
3020,Malicious,Malicious,0.0,0.013734331013886103,0.9862656689861139
3021,Malicious,Malicious,0.0003407074400788537,0.0015942802244217884,0.9980650123354994
3022,Malicious,Malicious,1.58420872729228e-05,0.001920998869801273,0.9980631590429259
3023,Malicious,Malicious,1.5877402729928762e-05,0.001061445364711659,0.9989226772325582
3024,Malicious,Malicious,1.5877402729928762e-05,0.001061445364711659,0.9989226772325582
3025,Malicious,Malicious,1.58420872729228e-05,0.00870142657690076,0.9912827313358263
3026,Malicious,Malicious,0.0002984916387022117,3.825844607731395e-05,0.9996632499152205
3027,Malicious,Malicious,1.5877402729928762e-05,0.001061445364711659,0.9989226772325582
3028,Malicious,Malicious,1.58420872729228e-05,0.0019505591220278732,0.9980335987906993
3029,Malicious,Malicious,1.58420872729228e-05,0.001920998869801273,0.9980631590429259
3030,Malicious,Malicious,1.5877402729928762e-05,0.001061445364711659,0.9989226772325582
3031,Malicious,Malicious,0.0003407074400788537,0.001797052642071649,0.9978622399178496
3032,Malicious,Malicious,0.0002984916387022117,3.825844607731395e-05,0.9996632499152205
3033,Malicious,Malicious,1.5877402729928762e-05,0.001061445364711659,0.9989226772325582
3034,Malicious,Malicious,0.004629531200170086,0.04342904178790402,0.9519414270119259
3035,Malicious,Malicious,0.0002984916387022117,3.825844607731395e-05,0.9996632499152205
3036,Malicious,Malicious,0.0002984916387022117,3.825844607731395e-05,0.9996632499152205
3037,Malicious,Malicious,4.221580137664202e-05,0.00169587730438226,0.9982619068942411
3038,Malicious,Malicious,1.58420872729228e-05,0.0015745159992688576,0.9984096419134584
3039,Malicious,Malicious,0.0002984916387022117,3.825844607731395e-05,0.9996632499152205
3040,Malicious,Malicious,0.0,0.011222250616991005,0.988777749383009
3041,Malicious,Malicious,0.0,0.0027620630958793122,0.9972379369041207
3042,Malicious,Malicious,0.0002984916387022117,3.825844607731395e-05,0.9996632499152205
3043,Malicious,Malicious,1.5877402729928762e-05,0.001061445364711659,0.9989226772325582
3044,Malicious,Malicious,1.58420872729228e-05,0.0016145283684321588,0.998369629544295
3045,Malicious,Malicious,0.0002984916387022117,3.825844607731395e-05,0.9996632499152205
3046,Malicious,Malicious,1.58420872729228e-05,0.0016145283684321588,0.998369629544295
3047,Benign,Benign,0.0,0.9978140129715903,0.00218598702840961
3048,Malicious,Malicious,1.58420872729228e-05,0.001920998869801273,0.9980631590429259
3049,Malicious,Malicious,1.5877402729928762e-05,0.001061445364711659,0.9989226772325582
3050,Malicious,Malicious,0.0002984916387022117,3.825844607731395e-05,0.9996632499152205
3051,Malicious,Malicious,1.5877402729928762e-05,0.001061445364711659,0.9989226772325582
3052,Malicious,Malicious,1.5877402729928762e-05,0.001061445364711659,0.9989226772325582
3053,Malicious,Malicious,0.0,0.014384778025485451,0.9856152219745147
3054,Benign,Benign,0.0009396839885200889,0.99906031601148,0.0
3055,Malicious,Malicious,1.5877402729928762e-05,0.001061445364711659,0.9989226772325582
3056,Benign,Benign,0.003844250912697314,0.9961557490873026,0.0
3057,Malicious,Malicious,1.5877402729928762e-05,0.001061445364711659,0.9989226772325582
3058,Benign,Benign,0.024761980673123008,0.9750472197275317,0.0001907995993452716
3059,Malicious,Malicious,1.58420872729228e-05,0.00864394983060514,0.9913402080821219
3060,Malicious,Malicious,1.58420872729228e-05,0.0019543746169737707,0.9980297832957534
3061,Malicious,Malicious,0.0002984916387022117,3.825844607731395e-05,0.9996632499152205
3062,Malicious,Malicious,1.5877402729928762e-05,0.001061445364711659,0.9989226772325582
3063,Malicious,Malicious,0.0003407074400788537,0.0015470976578971654,0.9981121949020241
3064,Malicious,Malicious,4.221580137664202e-05,0.002634428895769332,0.9973233553028541
3065,Malicious,Malicious,0.0002984916387022117,3.825844607731395e-05,0.9996632499152205
3066,Malicious,Malicious,1.5877402729928762e-05,0.001061445364711659,0.9989226772325582
3067,Malicious,Malicious,0.0002984916387022117,3.825844607731395e-05,0.9996632499152205
3068,Malicious,Malicious,1.5877402729928762e-05,0.001061445364711659,0.9989226772325582
3069,Malicious,Malicious,1.58420872729228e-05,0.001920998869801273,0.9980631590429259
3070,Malicious,Malicious,0.0002984916387022117,3.825844607731395e-05,0.9996632499152205
3071,Malicious,Malicious,1.5877402729928762e-05,0.001061445364711659,0.9989226772325582
3072,Malicious,Malicious,0.0003407074400788537,0.0015942802244217884,0.9980650123354994
3073,Malicious,Malicious,0.0002984916387022117,3.825844607731395e-05,0.9996632499152205
3074,Malicious,Malicious,1.5877402729928762e-05,0.001061445364711659,0.9989226772325582
3075,Malicious,Malicious,0.0002984916387022117,3.825844607731395e-05,0.9996632499152205
3076,Malicious,Malicious,1.5877402729928762e-05,0.001061445364711659,0.9989226772325582
3077,Malicious,Malicious,0.0003407074400788537,0.002500561702698093,0.9971587308572231
3078,Malicious,Malicious,1.58420872729228e-05,0.002360918581028417,0.9976232393316987
3079,Malicious,Malicious,1.58420872729228e-05,0.0016145283684321588,0.998369629544295
3080,Malicious,Malicious,0.0002984916387022117,3.825844607731395e-05,0.9996632499152205
3081,Malicious,Malicious,1.58420872729228e-05,0.0049258484133275935,0.9950583094993997
3082,Malicious,Malicious,1.58420872729228e-05,0.001920998869801273,0.9980631590429259
3083,Malicious,Malicious,0.0002984916387022117,3.825844607731395e-05,0.9996632499152205
3084,Malicious,Malicious,1.58420872729228e-05,0.0016145283684321588,0.998369629544295
3085,Malicious,Malicious,1.5877402729928762e-05,0.001061445364711659,0.9989226772325582
3086,Malicious,Malicious,1.58420872729228e-05,0.0016145283684321588,0.998369629544295
3087,Malicious,Malicious,0.0002984916387022117,3.825844607731395e-05,0.9996632499152205
3088,Malicious,Malicious,0.00012608796072869163,0.032884097042145934,0.9669898149971252
3089,Malicious,Malicious,0.0002984916387022117,3.825844607731395e-05,0.9996632499152205
3090,Malicious,Malicious,0.0002984916387022117,3.825844607731395e-05,0.9996632499152205
3091,Malicious,Malicious,1.5877402729928762e-05,0.001061445364711659,0.9989226772325582
3092,Malicious,Malicious,4.221580137664202e-05,0.0026776755199416948,0.9972801086786819
3093,Malicious,Malicious,0.0002984916387022117,3.825844607731395e-05,0.9996632499152205
3094,Malicious,Malicious,1.5877402729928762e-05,0.001061445364711659,0.9989226772325582
3095,Malicious,Malicious,1.58420872729228e-05,0.001920998869801273,0.9980631590429259
3096,Malicious,Malicious,0.0002984916387022117,3.825844607731395e-05,0.9996632499152205
3097,Malicious,Malicious,1.58420872729228e-05,0.0016145283684321588,0.998369629544295
3098,Malicious,Malicious,1.58420872729228e-05,0.010459986922364167,0.9895241709903629
3099,Malicious,Malicious,0.0002984916387022117,3.825844607731395e-05,0.9996632499152205
3100,Malicious,Malicious,0.0003407074400788537,0.0023643085483577822,0.9972949840115635
3101,Malicious,Malicious,1.58420872729228e-05,0.0019543746169737707,0.9980297832957534
3102,Malicious,Malicious,1.58420872729228e-05,0.0016145283684321588,0.998369629544295
3103,Malicious,Malicious,4.221580137664202e-05,0.001900476998644379,0.998057307199979
3104,Malicious,Malicious,1.5877402729928762e-05,0.001061445364711659,0.9989226772325582
3105,Malicious,Malicious,1.58420872729228e-05,0.0019505591220278732,0.9980335987906993
3106,Malicious,Malicious,0.0002984916387022117,3.825844607731395e-05,0.9996632499152205
3107,Malicious,Malicious,0.0003407074400788537,0.003046513118545482,0.9966127794413757
3108,Malicious,Malicious,1.5877402729928762e-05,0.001061445364711659,0.9989226772325582
3109,Malicious,Malicious,1.58420872729228e-05,0.0019505591220278732,0.9980335987906993
3110,Malicious,Malicious,1.58420872729228e-05,0.0016145283684321588,0.998369629544295
3111,Malicious,Malicious,0.0002984916387022117,3.825844607731395e-05,0.9996632499152205
3112,Malicious,Malicious,1.58420872729228e-05,0.0016145283684321588,0.998369629544295
3113,Malicious,Malicious,0.0002984916387022117,3.825844607731395e-05,0.9996632499152205
3114,Malicious,Malicious,1.5877402729928762e-05,0.001061445364711659,0.9989226772325582
3115,Malicious,Malicious,1.5877402729928762e-05,0.001061445364711659,0.9989226772325582
3116,Benign,Benign,0.0009396839885200889,0.99906031601148,0.0
3117,Malicious,Malicious,1.58420872729228e-05,0.0019505591220278732,0.9980335987906993
3118,Malicious,Malicious,1.58420872729228e-05,0.001920998869801273,0.9980631590429259
3119,Malicious,Malicious,0.0002984916387022117,3.825844607731395e-05,0.9996632499152205
3120,Malicious,Malicious,1.58420872729228e-05,0.0016145283684321588,0.998369629544295
3121,Malicious,Malicious,1.5877402729928762e-05,0.001061445364711659,0.9989226772325582
3122,Malicious,Malicious,1.5877402729928762e-05,0.001061445364711659,0.9989226772325582
3123,Malicious,Malicious,0.0002984916387022117,3.825844607731395e-05,0.9996632499152205
3124,Malicious,Malicious,1.58420872729228e-05,0.0016145283684321588,0.998369629544295
3125,Malicious,Malicious,0.0002984916387022117,3.825844607731395e-05,0.9996632499152205
3126,Malicious,Malicious,4.221580137664202e-05,0.0033263641956079626,0.9966314200030155
3127,Malicious,Malicious,1.5877402729928762e-05,0.001061445364711659,0.9989226772325582
3128,Malicious,Malicious,1.58420872729228e-05,0.0016145283684321588,0.998369629544295
3129,Malicious,Malicious,1.5877402729928762e-05,0.001061445364711659,0.9989226772325582
3130,Malicious,Malicious,1.5877402729928762e-05,0.001061445364711659,0.9989226772325582
3131,Malicious,Malicious,1.58420872729228e-05,0.00864394983060514,0.9913402080821219
3132,Malicious,Malicious,1.5877402729928762e-05,0.001061445364711659,0.9989226772325582
3133,Malicious,Malicious,1.58420872729228e-05,0.001920998869801273,0.9980631590429259
3134,Malicious,Malicious,4.221580137664202e-05,0.0045763441485538415,0.9953814400500698
3135,Malicious,Malicious,4.221580137664202e-05,0.001900476998644379,0.998057307199979
3136,Malicious,Malicious,0.0002984916387022117,3.825844607731395e-05,0.9996632499152205
3137,Malicious,Malicious,1.5877402729928762e-05,0.001061445364711659,0.9989226772325582
3138,Malicious,Malicious,0.0003407074400788537,0.0013094159285594942,0.9983498766313617
3139,Malicious,Malicious,4.221580137664202e-05,0.00169587730438226,0.9982619068942411
3140,Malicious,Malicious,0.0002984916387022117,3.825844607731395e-05,0.9996632499152205
3141,Malicious,Malicious,0.0002984916387022117,3.825844607731395e-05,0.9996632499152205
3142,Malicious,Malicious,1.5877402729928762e-05,0.001061445364711659,0.9989226772325582
3143,Malicious,Malicious,1.5877402729928762e-05,0.001061445364711659,0.9989226772325582
3144,Malicious,Malicious,1.58420872729228e-05,0.0019505591220278732,0.9980335987906993
3145,Malicious,Malicious,1.58420872729228e-05,0.001920998869801273,0.9980631590429259
3146,Malicious,Malicious,1.58420872729228e-05,0.0032324783020251445,0.996751679610702
3147,Malicious,Malicious,1.5877402729928762e-05,0.001061445364711659,0.9989226772325582
3148,Malicious,Malicious,0.0002984916387022117,3.825844607731395e-05,0.9996632499152205
3149,Malicious,Malicious,1.58420872729228e-05,0.003265854049197642,0.9967183038635296
3150,Malicious,Malicious,1.58420872729228e-05,0.0016145283684321588,0.998369629544295
3151,Malicious,Malicious,0.0002984916387022117,3.825844607731395e-05,0.9996632499152205
3152,Malicious,Malicious,0.0002984916387022117,3.825844607731395e-05,0.9996632499152205
3153,Malicious,Malicious,1.5877402729928762e-05,0.001061445364711659,0.9989226772325582
3154,Malicious,Malicious,0.0,0.000893034443093041,0.999106965556907
3155,Malicious,Malicious,1.5877402729928762e-05,0.001061445364711659,0.9989226772325582
3156,Malicious,Malicious,1.58420872729228e-05,0.0019543746169737707,0.9980297832957534
3157,Malicious,Malicious,4.221580137664202e-05,0.0033263641956079626,0.9966314200030155
3158,Malicious,Malicious,0.00014193004800161445,0.047206916462859114,0.9526511534891395
3159,Malicious,Malicious,0.0003407074400788537,0.003046513118545482,0.9966127794413757
3160,Malicious,Malicious,0.0002984916387022117,3.825844607731395e-05,0.9996632499152205
3161,Malicious,Malicious,1.5877402729928762e-05,0.001061445364711659,0.9989226772325582
3162,Malicious,Malicious,0.0035880547464228895,0.16809095048897174,0.8283209947646054
3163,Malicious,Malicious,0.0062912649722465675,0.024100313271774105,0.9696084217559795
3164,Benign,Benign,0.015347470117767777,0.9846525298822322,0.0
3165,Malicious,Malicious,0.00012608796072869163,0.012746199426237979,0.9871277126130333
3166,Malicious,Malicious,1.5877402729928762e-05,0.001061445364711659,0.9989226772325582
3167,Malicious,Malicious,0.00012608796072869163,0.07140941307112865,0.9284644989681429
3168,Malicious,Malicious,0.0,0.022642797443018933,0.9773572025569811
3169,Malicious,Malicious,1.58420872729228e-05,0.0032324783020251445,0.996751679610702
3170,Malicious,Malicious,1.5877402729928762e-05,0.001061445364711659,0.9989226772325582
3171,Malicious,Malicious,0.0,0.00862566304942383,0.9913743369505762
3172,Malicious,Malicious,0.0002984916387022117,3.825844607731395e-05,0.9996632499152205
3173,Malicious,Malicious,0.0002984916387022117,3.825844607731395e-05,0.9996632499152205
3174,Malicious,Malicious,0.0030801756178794877,0.010550487328622656,0.9863693370534977
3175,Malicious,Malicious,0.0002984916387022117,3.825844607731395e-05,0.9996632499152205
3176,Malicious,Malicious,1.5877402729928762e-05,0.001061445364711659,0.9989226772325582
3177,Malicious,Malicious,1.58420872729228e-05,0.0016145283684321588,0.998369629544295
3178,Malicious,Malicious,0.0,0.000893034443093041,0.999106965556907
3179,Malicious,Malicious,0.0003407074400788537,0.001797052642071649,0.9978622399178496
3180,Malicious,Malicious,0.0002984916387022117,3.825844607731395e-05,0.9996632499152205
3181,Malicious,Malicious,0.0002984916387022117,3.825844607731395e-05,0.9996632499152205
3182,Malicious,Malicious,1.5877402729928762e-05,0.001061445364711659,0.9989226772325582
3183,Malicious,Malicious,0.0,0.000893034443093041,0.999106965556907
3184,Malicious,Malicious,1.58420872729228e-05,0.0016145283684321588,0.998369629544295
3185,Malicious,Malicious,0.0002984916387022117,3.825844607731395e-05,0.9996632499152205
3186,Malicious,Malicious,1.58420872729228e-05,0.0016145283684321588,0.998369629544295
3187,Malicious,Malicious,0.0002984916387022117,3.825844607731395e-05,0.9996632499152205
3188,Malicious,Malicious,1.5877402729928762e-05,0.001061445364711659,0.9989226772325582
3189,Malicious,Malicious,0.0002984916387022117,3.825844607731395e-05,0.9996632499152205
3190,Malicious,Malicious,1.5877402729928762e-05,0.001061445364711659,0.9989226772325582
3191,Malicious,Malicious,4.221580137664202e-05,0.0023878126042208908,0.9975699715944024
3192,Malicious,Malicious,1.58420872729228e-05,0.001920998869801273,0.9980631590429259
3193,Malicious,Malicious,0.0,0.0021446965479034125,0.9978553034520966
3194,Malicious,Malicious,0.0002984916387022117,3.825844607731395e-05,0.9996632499152205
3195,Malicious,Malicious,1.58420872729228e-05,0.002360918581028417,0.9976232393316987
3196,Malicious,Malicious,0.0002984916387022117,3.825844607731395e-05,0.9996632499152205
3197,Malicious,Malicious,0.0002984916387022117,3.825844607731395e-05,0.9996632499152205
3198,Malicious,Malicious,1.5877402729928762e-05,0.001061445364711659,0.9989226772325582
3199,Malicious,Malicious,0.0003407074400788537,0.003046513118545482,0.9966127794413757
3200,Malicious,Malicious,1.58420872729228e-05,0.001920998869801273,0.9980631590429259
3201,Malicious,Malicious,1.5877402729928762e-05,0.001061445364711659,0.9989226772325582
3202,Malicious,Malicious,0.0004093200841940381,0.014214546140019069,0.9853761337757869
3203,Malicious,Malicious,1.5877402729928762e-05,0.001061445364711659,0.9989226772325582
3204,Malicious,Malicious,0.0002984916387022117,3.825844607731395e-05,0.9996632499152205
3205,Malicious,Malicious,1.5877402729928762e-05,0.001061445364711659,0.9989226772325582
3206,Malicious,Malicious,4.221580137664202e-05,0.032787036124223845,0.9671707480743996
3207,Malicious,Malicious,0.0,0.0020578648423944146,0.9979421351576057
3208,Malicious,Malicious,0.0,0.000893034443093041,0.999106965556907
3209,Malicious,Malicious,1.58420872729228e-05,0.0016145283684321588,0.998369629544295
3210,Malicious,Malicious,0.0003407074400788537,0.003046513118545482,0.9966127794413757
3211,Malicious,Malicious,1.58420872729228e-05,0.0032324783020251445,0.996751679610702
3212,Malicious,Malicious,0.0002984916387022117,3.825844607731395e-05,0.9996632499152205
3213,Malicious,Malicious,1.5877402729928762e-05,0.001061445364711659,0.9989226772325582
3214,Malicious,Malicious,0.0002984916387022117,3.825844607731395e-05,0.9996632499152205
3215,Malicious,Malicious,0.0002984916387022117,3.825844607731395e-05,0.9996632499152205
3216,Malicious,Malicious,1.58420872729228e-05,0.0015745159992688576,0.9984096419134584
3217,Malicious,Malicious,1.5877402729928762e-05,0.001061445364711659,0.9989226772325582
3218,Malicious,Malicious,1.58420872729228e-05,0.0032324783020251445,0.996751679610702
3219,Malicious,Malicious,0.0,0.000893034443093041,0.999106965556907
3220,Malicious,Malicious,4.221580137664202e-05,0.0033263641956079626,0.9966314200030155
3221,Malicious,Malicious,0.0002984916387022117,3.825844607731395e-05,0.9996632499152205
3222,Malicious,Malicious,1.5877402729928762e-05,0.001061445364711659,0.9989226772325582
3223,Malicious,Malicious,4.221580137664202e-05,0.005804738732859839,0.9941530454657636
3224,Malicious,Malicious,1.5877402729928762e-05,0.001061445364711659,0.9989226772325582
3225,Malicious,Malicious,0.0003407074400788537,0.0015942802244217884,0.9980650123354994
3226,Malicious,Malicious,1.5877402729928762e-05,0.001061445364711659,0.9989226772325582
3227,Malicious,Malicious,0.0003407074400788537,0.0015470976578971654,0.9981121949020241
3228,Malicious,Malicious,0.0003407074400788537,0.1388844056977872,0.8607748868621343
3229,Malicious,Malicious,1.5877402729928762e-05,0.001061445364711659,0.9989226772325582
3230,Malicious,Malicious,1.5877402729928762e-05,0.001061445364711659,0.9989226772325582
3231,Malicious,Malicious,1.5877402729928762e-05,0.001061445364711659,0.9989226772325582
3232,Benign,Benign,0.0,1.0,0.0
3233,Malicious,Malicious,0.0003407074400788537,0.02132612638146947,0.9783331661784517
3234,Malicious,Malicious,0.0002984916387022117,3.825844607731395e-05,0.9996632499152205
3235,Malicious,Malicious,0.0,0.0019874594464574106,0.9980125405535428
3236,Malicious,Malicious,1.58420872729228e-05,0.001616884014862045,0.9983672738978651
3237,Malicious,Malicious,1.58420872729228e-05,0.0016145283684321588,0.998369629544295
3238,Malicious,Malicious,0.0004093200841940381,0.007497328799267664,0.9920933511165383
3239,Malicious,Malicious,0.0002984916387022117,3.825844607731395e-05,0.9996632499152205
3240,Malicious,Malicious,0.0,0.009790835889577439,0.9902091641104227
3241,Malicious,Malicious,1.5877402729928762e-05,0.001061445364711659,0.9989226772325582
3242,Malicious,Malicious,0.0,0.01618778228696273,0.9838122177130373
3243,Malicious,Malicious,0.0002984916387022117,3.825844607731395e-05,0.9996632499152205
3244,Malicious,Malicious,1.5877402729928762e-05,0.001061445364711659,0.9989226772325582
3245,Malicious,Malicious,4.221580137664202e-05,0.06807174534606576,0.9318860388525576
3246,Benign,Benign,0.2522997155602106,0.7475796677493848,0.00012061669040446809
3247,Malicious,Malicious,0.0,0.000893034443093041,0.999106965556907
3248,Malicious,Malicious,0.0003407074400788537,0.0013094159285594942,0.9983498766313617
3249,Malicious,Malicious,1.5877402729928762e-05,0.001061445364711659,0.9989226772325582
3250,Malicious,Malicious,0.0002984916387022117,3.825844607731395e-05,0.9996632499152205
3251,Malicious,Malicious,1.5877402729928762e-05,0.001061445364711659,0.9989226772325582
3252,Malicious,Malicious,1.58420872729228e-05,0.0015745159992688576,0.9984096419134584
3253,Malicious,Malicious,0.0002984916387022117,3.825844607731395e-05,0.9996632499152205
3254,Malicious,Malicious,0.0002984916387022117,3.825844607731395e-05,0.9996632499152205
3255,Malicious,Malicious,0.0003407074400788537,0.0015470976578971654,0.9981121949020241
3256,Malicious,Malicious,1.58420872729228e-05,0.0015745159992688576,0.9984096419134584
3257,Malicious,Malicious,0.0,0.000893034443093041,0.999106965556907
3258,Malicious,Malicious,1.5877402729928762e-05,0.001061445364711659,0.9989226772325582
3259,Malicious,Malicious,0.0003407074400788537,0.0015470976578971654,0.9981121949020241
3260,Malicious,Malicious,1.58420872729228e-05,0.001920998869801273,0.9980631590429259
3261,Malicious,Malicious,1.58420872729228e-05,0.001920998869801273,0.9980631590429259
3262,Malicious,Malicious,1.5877402729928762e-05,0.001061445364711659,0.9989226772325582
3263,Malicious,Malicious,1.58420872729228e-05,0.0015745159992688576,0.9984096419134584
3264,Malicious,Malicious,1.58420872729228e-05,0.0032324783020251445,0.996751679610702
3265,Malicious,Malicious,1.5877402729928762e-05,0.001061445364711659,0.9989226772325582
3266,Malicious,Malicious,0.0,0.000893034443093041,0.999106965556907
3267,Malicious,Malicious,1.5877402729928762e-05,0.001061445364711659,0.9989226772325582
3268,Malicious,Malicious,1.58420872729228e-05,0.0019543746169737707,0.9980297832957534
3269,Malicious,Malicious,1.5877402729928762e-05,0.001061445364711659,0.9989226772325582
3270,Malicious,Malicious,0.0,0.0008402529504938043,0.9991597470495063
3271,Malicious,Malicious,1.5877402729928762e-05,0.001061445364711659,0.9989226772325582
3272,Malicious,Malicious,0.0002984916387022117,3.825844607731395e-05,0.9996632499152205
3273,Malicious,Malicious,0.0,0.000893034443093041,0.999106965556907
3274,Malicious,Malicious,0.0,0.00238521189309663,0.9976147881069033
3275,Malicious,Malicious,0.0002984916387022117,3.825844607731395e-05,0.9996632499152205
3276,Malicious,Malicious,0.0003407074400788537,0.001818357132510394,0.9978409354274107
3277,Malicious,Malicious,1.58420872729228e-05,0.0015745159992688576,0.9984096419134584
3278,Malicious,Malicious,1.5877402729928762e-05,0.001061445364711659,0.9989226772325582
3279,Malicious,Malicious,1.58420872729228e-05,0.0016145283684321588,0.998369629544295
3280,Malicious,Malicious,1.5877402729928762e-05,0.001061445364711659,0.9989226772325582
3281,Malicious,Malicious,1.58420872729228e-05,0.001920998869801273,0.9980631590429259
3282,Malicious,Malicious,0.0002984916387022117,3.825844607731395e-05,0.9996632499152205
3283,Malicious,Malicious,0.0003407074400788537,0.0015942802244217884,0.9980650123354994
3284,Malicious,Malicious,4.221580137664202e-05,0.0025924122984830097,0.9973653719001403
3285,Malicious,Malicious,0.0002984916387022117,3.825844607731395e-05,0.9996632499152205
3286,Malicious,Malicious,0.0004093200841940381,0.030437462958071492,0.9691532169577346
3287,Malicious,Malicious,0.0002984916387022117,3.825844607731395e-05,0.9996632499152205
3288,Malicious,Malicious,1.5877402729928762e-05,0.001061445364711659,0.9989226772325582
3289,Malicious,Malicious,0.0003407074400788537,0.002500561702698093,0.9971587308572231
3290,Malicious,Malicious,1.5877402729928762e-05,0.001061445364711659,0.9989226772325582
3291,Malicious,Malicious,0.0002984916387022117,3.825844607731395e-05,0.9996632499152205
3292,Malicious,Malicious,1.58420872729228e-05,0.0019543746169737707,0.9980297832957534
3293,Malicious,Malicious,4.221580137664202e-05,0.005059753355766753,0.9948980308428568
3294,Malicious,Malicious,0.0002984916387022117,3.825844607731395e-05,0.9996632499152205
3295,Malicious,Malicious,1.58420872729228e-05,0.0019543746169737707,0.9980297832957534
3296,Malicious,Malicious,1.58420872729228e-05,0.0016145283684321588,0.998369629544295
3297,Malicious,Malicious,0.0002984916387022117,3.825844607731395e-05,0.9996632499152205
3298,Malicious,Malicious,0.0002984916387022117,3.825844607731395e-05,0.9996632499152205
3299,Malicious,Malicious,1.5877402729928762e-05,0.001061445364711659,0.9989226772325582
3300,Malicious,Malicious,1.58420872729228e-05,0.0032324783020251445,0.996751679610702
3301,Malicious,Malicious,0.0,0.011235143326192194,0.9887648566738079
3302,Malicious,Malicious,1.58420872729228e-05,0.0019543746169737707,0.9980297832957534
3303,Benign,Benign,0.2522997155602106,0.7475796677493848,0.00012061669040446809
3304,Malicious,Malicious,1.58420872729228e-05,0.001920998869801273,0.9980631590429259
3305,Malicious,Malicious,1.5877402729928762e-05,0.001061445364711659,0.9989226772325582
3306,Malicious,Malicious,1.58420872729228e-05,0.0019543746169737707,0.9980297832957534
3307,Malicious,Malicious,0.0002984916387022117,3.825844607731395e-05,0.9996632499152205
3308,Malicious,Malicious,1.5877402729928762e-05,0.001061445364711659,0.9989226772325582
3309,Malicious,Malicious,1.58420872729228e-05,0.0016145283684321588,0.998369629544295
3310,Malicious,Malicious,0.0002984916387022117,3.825844607731395e-05,0.9996632499152205
3311,Benign,Benign,0.00851358106057764,0.9914864189394226,0.0
3312,Malicious,Malicious,1.58420872729228e-05,0.0019505591220278732,0.9980335987906993
3313,Malicious,Malicious,0.0002984916387022117,3.825844607731395e-05,0.9996632499152205
3314,Malicious,Malicious,1.5877402729928762e-05,0.001061445364711659,0.9989226772325582
3315,Malicious,Malicious,0.0003407074400788537,0.003046513118545482,0.9966127794413757
3316,Malicious,Malicious,0.0,0.0019874594464574106,0.9980125405535428
3317,Malicious,Malicious,0.0003407074400788537,0.0023643085483577822,0.9972949840115635
3318,Malicious,Malicious,0.0002984916387022117,3.825844607731395e-05,0.9996632499152205
3319,Malicious,Malicious,1.58420872729228e-05,0.0019505591220278732,0.9980335987906993
3320,Malicious,Malicious,1.58420872729228e-05,0.001920998869801273,0.9980631590429259
3321,Malicious,Malicious,0.0002984916387022117,3.825844607731395e-05,0.9996632499152205
3322,Malicious,Malicious,0.0002984916387022117,3.825844607731395e-05,0.9996632499152205
3323,Malicious,Malicious,0.0002984916387022117,3.825844607731395e-05,0.9996632499152205
3324,Malicious,Malicious,0.0002984916387022117,3.825844607731395e-05,0.9996632499152205
3325,Malicious,Malicious,1.5877402729928762e-05,0.001061445364711659,0.9989226772325582
3326,Malicious,Malicious,1.58420872729228e-05,0.002360918581028417,0.9976232393316987
3327,Malicious,Malicious,0.0003407074400788537,0.0023643085483577822,0.9972949840115635
3328,Malicious,Malicious,0.0002984916387022117,3.825844607731395e-05,0.9996632499152205
3329,Malicious,Malicious,0.00014193004800161445,0.009348100892767221,0.9905099690592313
3330,Malicious,Malicious,0.0002984916387022117,3.825844607731395e-05,0.9996632499152205
3331,Malicious,Malicious,1.5877402729928762e-05,0.001061445364711659,0.9989226772325582
3332,Malicious,Malicious,1.58420872729228e-05,0.0019505591220278732,0.9980335987906993
3333,Malicious,Malicious,1.58420872729228e-05,0.001920998869801273,0.9980631590429259
3334,Malicious,Malicious,0.0002984916387022117,3.825844607731395e-05,0.9996632499152205
3335,Malicious,Malicious,0.0003407074400788537,0.002500561702698093,0.9971587308572231
3336,Malicious,Malicious,1.58420872729228e-05,0.0019505591220278732,0.9980335987906993
3337,Malicious,Malicious,1.5877402729928762e-05,0.001061445364711659,0.9989226772325582
3338,Malicious,Malicious,0.0003407074400788537,0.28785368317504806,0.711805609384873
3339,Malicious,Malicious,0.0002984916387022117,3.825844607731395e-05,0.9996632499152205
3340,Malicious,Malicious,0.0003407074400788537,0.006221693864172957,0.9934375986957481
3341,Malicious,Malicious,1.5877402729928762e-05,0.001061445364711659,0.9989226772325582
3342,Malicious,Malicious,0.0,0.01006011757486811,0.989939882425132
3343,Malicious,Malicious,1.5877402729928762e-05,0.001061445364711659,0.9989226772325582
3344,Malicious,Malicious,0.00014193004800161445,0.08836015315896456,0.9114979167930344
3345,Malicious,Malicious,0.0002984916387022117,3.825844607731395e-05,0.9996632499152205
3346,Malicious,Malicious,4.221580137664202e-05,0.0028816921768359117,0.9970760920217875
3347,Malicious,Malicious,4.221580137664202e-05,0.0033263641956079626,0.9966314200030155
3348,Malicious,Malicious,0.0002984916387022117,3.825844607731395e-05,0.9996632499152205
3349,Benign,Benign,0.0009396839885200889,0.99906031601148,0.0
3350,Benign,Benign,0.003844250912697314,0.9961557490873026,0.0
3351,Malicious,Malicious,0.0002984916387022117,3.825844607731395e-05,0.9996632499152205
3352,Malicious,Malicious,1.5877402729928762e-05,0.001061445364711659,0.9989226772325582
3353,Malicious,Malicious,1.58420872729228e-05,0.002360918581028417,0.9976232393316987
3354,Malicious,Malicious,0.0002984916387022117,3.825844607731395e-05,0.9996632499152205
3355,Malicious,Malicious,1.5877402729928762e-05,0.001061445364711659,0.9989226772325582
3356,Malicious,Malicious,0.0002984916387022117,3.825844607731395e-05,0.9996632499152205
3357,Malicious,Malicious,4.221580137664202e-05,0.0012522300147084792,0.998705554183915
3358,Malicious,Malicious,0.0002984916387022117,3.825844607731395e-05,0.9996632499152205
3359,Malicious,Malicious,1.5877402729928762e-05,0.001061445364711659,0.9989226772325582
3360,Malicious,Malicious,0.0002984916387022117,3.825844607731395e-05,0.9996632499152205
3361,Malicious,Malicious,0.0003407074400788537,0.0023643085483577822,0.9972949840115635
3362,Malicious,Malicious,0.0002984916387022117,3.825844607731395e-05,0.9996632499152205
3363,Malicious,Malicious,1.58420872729228e-05,0.0015745159992688576,0.9984096419134584
3364,Malicious,Malicious,0.0002984916387022117,3.825844607731395e-05,0.9996632499152205
3365,Malicious,Malicious,1.58420872729228e-05,0.0019543746169737707,0.9980297832957534
3366,Malicious,Malicious,1.58420872729228e-05,0.001920998869801273,0.9980631590429259
3367,Malicious,Malicious,1.5877402729928762e-05,0.001061445364711659,0.9989226772325582
3368,Malicious,Malicious,1.58420872729228e-05,0.001920998869801273,0.9980631590429259
3369,Malicious,Malicious,1.58420872729228e-05,0.0015745159992688576,0.9984096419134584
3370,Malicious,Malicious,1.58420872729228e-05,0.0016145283684321588,0.998369629544295
3371,Malicious,Malicious,1.5877402729928762e-05,0.001061445364711659,0.9989226772325582
3372,Malicious,Malicious,4.221580137664202e-05,0.0023878126042208908,0.9975699715944024
3373,Malicious,Malicious,1.58420872729228e-05,0.0016145283684321588,0.998369629544295
3374,Malicious,Malicious,1.5877402729928762e-05,0.001061445364711659,0.9989226772325582
3375,Malicious,Malicious,0.0,0.000893034443093041,0.999106965556907
3376,Malicious,Malicious,0.0003407074400788537,0.013088443071688603,0.9865708494882327
3377,Malicious,Malicious,1.5877402729928762e-05,0.001061445364711659,0.9989226772325582
3378,Malicious,Malicious,0.0002984916387022117,3.825844607731395e-05,0.9996632499152205
3379,Malicious,Malicious,1.5877402729928762e-05,0.001061445364711659,0.9989226772325582
3380,Malicious,Malicious,0.0002984916387022117,3.825844607731395e-05,0.9996632499152205
3381,Malicious,Malicious,1.5877402729928762e-05,0.001061445364711659,0.9989226772325582
3382,Malicious,Malicious,0.0002984916387022117,3.825844607731395e-05,0.9996632499152205
3383,Malicious,Malicious,1.5877402729928762e-05,0.001061445364711659,0.9989226772325582
3384,Malicious,Malicious,0.0002984916387022117,3.825844607731395e-05,0.9996632499152205
3385,Malicious,Malicious,0.0,0.0019874594464574106,0.9980125405535428
3386,Malicious,Malicious,1.5877402729928762e-05,0.001061445364711659,0.9989226772325582
3387,Malicious,Malicious,1.5877402729928762e-05,0.001061445364711659,0.9989226772325582
3388,Malicious,Malicious,0.0002984916387022117,3.825844607731395e-05,0.9996632499152205
3389,Malicious,Malicious,0.0,0.0019346779538581738,0.998065322046142
3390,Malicious,Malicious,1.5877402729928762e-05,0.001061445364711659,0.9989226772325582
3391,Malicious,Malicious,0.0,0.05614782947823594,0.943852170521764
3392,Malicious,Malicious,1.5877402729928762e-05,0.001061445364711659,0.9989226772325582
3393,Malicious,Malicious,0.0003407074400788537,0.002079444252495488,0.9975798483074257
3394,Malicious,Malicious,1.5877402729928762e-05,0.001061445364711659,0.9989226772325582
3395,Malicious,Malicious,1.5877402729928762e-05,0.001061445364711659,0.9989226772325582
3396,Malicious,Malicious,0.0,0.01517176507054823,0.9848282349294517
3397,Malicious,Malicious,1.58420872729228e-05,0.0019505591220278732,0.9980335987906993
3398,Malicious,Malicious,0.0,0.000893034443093041,0.999106965556907
3399,Malicious,Malicious,1.5877402729928762e-05,0.001061445364711659,0.9989226772325582
3400,Malicious,Malicious,1.5877402729928762e-05,0.001061445364711659,0.9989226772325582
3401,Malicious,Malicious,1.58420872729228e-05,0.0016145283684321588,0.998369629544295
3402,Malicious,Malicious,0.0002984916387022117,3.825844607731395e-05,0.9996632499152205
3403,Malicious,Malicious,1.5877402729928762e-05,0.001061445364711659,0.9989226772325582
3404,Malicious,Malicious,4.221580137664202e-05,0.008106055623967202,0.9918517285746562
3405,Malicious,Malicious,0.0002984916387022117,3.825844607731395e-05,0.9996632499152205
3406,Malicious,Malicious,1.5877402729928762e-05,0.001061445364711659,0.9989226772325582
3407,Malicious,Malicious,0.00014193004800161445,0.009348100892767221,0.9905099690592313
3408,Malicious,Malicious,0.0,0.000893034443093041,0.999106965556907
3409,Malicious,Malicious,1.5877402729928762e-05,0.001061445364711659,0.9989226772325582
3410,Malicious,Malicious,0.0002984916387022117,3.825844607731395e-05,0.9996632499152205
3411,Malicious,Malicious,1.5877402729928762e-05,0.001061445364711659,0.9989226772325582
3412,Malicious,Malicious,0.0003407074400788537,0.002954491246532927,0.9967048013133882
3413,Malicious,Malicious,4.221580137664202e-05,0.0033263641956079626,0.9966314200030155
3414,Malicious,Malicious,4.221580137664202e-05,0.0026776755199416948,0.9972801086786819
3415,Malicious,Malicious,1.5877402729928762e-05,0.001061445364711659,0.9989226772325582
3416,Malicious,Malicious,1.5877402729928762e-05,0.001061445364711659,0.9989226772325582
3417,Malicious,Malicious,0.0,0.000893034443093041,0.999106965556907
3418,Malicious,Malicious,1.5877402729928762e-05,0.001061445364711659,0.9989226772325582
3419,Malicious,Malicious,1.5877402729928762e-05,0.001061445364711659,0.9989226772325582
3420,Malicious,Malicious,0.0003407074400788537,0.001818357132510394,0.9978409354274107
3421,Malicious,Malicious,0.0004093200841940381,0.0020578648423944146,0.9975328150734117
3422,Malicious,Malicious,0.0002984916387022117,3.825844607731395e-05,0.9996632499152205
3423,Malicious,Malicious,0.0,0.006261367356728957,0.9937386326432712
3424,Malicious,Malicious,0.00012608796072869163,0.011353462563175947,0.9885204494760953
3425,Malicious,Malicious,1.5877402729928762e-05,0.001061445364711659,0.9989226772325582
3426,Malicious,Malicious,0.00012608796072869163,0.037210610389603646,0.9626633016496677
3427,Malicious,Malicious,0.0002984916387022117,3.825844607731395e-05,0.9996632499152205
3428,Malicious,Malicious,1.5877402729928762e-05,0.001061445364711659,0.9989226772325582
3429,Malicious,Malicious,4.221580137664202e-05,0.003081512268908969,0.9968762719297146
3430,Malicious,Malicious,0.0002984916387022117,3.825844607731395e-05,0.9996632499152205
3431,Malicious,Malicious,0.0,0.000893034443093041,0.999106965556907
3432,Malicious,Malicious,1.5877402729928762e-05,0.001061445364711659,0.9989226772325582
3433,Malicious,Malicious,0.0003407074400788537,0.0015470976578971654,0.9981121949020241
3434,Malicious,Malicious,0.0002984916387022117,3.825844607731395e-05,0.9996632499152205
3435,Malicious,Malicious,1.58420872729228e-05,0.002360918581028417,0.9976232393316987
3436,Malicious,Malicious,4.221580137664202e-05,0.0012522300147084792,0.998705554183915
3437,Malicious,Malicious,0.0002984916387022117,3.825844607731395e-05,0.9996632499152205
3438,Malicious,Malicious,0.0002984916387022117,3.825844607731395e-05,0.9996632499152205
3439,Malicious,Malicious,1.58420872729228e-05,0.0015745159992688576,0.9984096419134584
3440,Malicious,Malicious,0.0,0.0020578648423944146,0.9979421351576057
3441,Malicious,Malicious,1.5877402729928762e-05,0.001061445364711659,0.9989226772325582
3442,Malicious,Malicious,1.5877402729928762e-05,0.001061445364711659,0.9989226772325582
3443,Malicious,Malicious,1.5877402729928762e-05,0.001061445364711659,0.9989226772325582
3444,Malicious,Malicious,1.58420872729228e-05,0.0015745159992688576,0.9984096419134584
3445,Malicious,Malicious,0.0002984916387022117,3.825844607731395e-05,0.9996632499152205
3446,Malicious,Malicious,1.5877402729928762e-05,0.001061445364711659,0.9989226772325582
3447,Malicious,Malicious,1.58420872729228e-05,0.0019505591220278732,0.9980335987906993
3448,Malicious,Malicious,0.0002984916387022117,3.825844607731395e-05,0.9996632499152205
3449,Malicious,Malicious,1.58420872729228e-05,0.0015745159992688576,0.9984096419134584
3450,Malicious,Malicious,4.221580137664202e-05,0.0021071853586464994,0.9978505988399772
3451,Malicious,Malicious,1.5877402729928762e-05,0.001061445364711659,0.9989226772325582
3452,Malicious,Malicious,0.0002984916387022117,3.825844607731395e-05,0.9996632499152205
3453,Malicious,Malicious,1.5877402729928762e-05,0.001061445364711659,0.9989226772325582
3454,Malicious,Malicious,0.0004093200841940381,0.007497328799267664,0.9920933511165383
3455,Malicious,Malicious,0.0002984916387022117,3.825844607731395e-05,0.9996632499152205
3456,Malicious,Malicious,0.00012608796072869163,0.032884097042145934,0.9669898149971252
3457,Malicious,Malicious,1.5877402729928762e-05,0.001061445364711659,0.9989226772325582
3458,Malicious,Malicious,0.0,0.006299153537901205,0.9937008464620988
3459,Malicious,Malicious,1.58420872729228e-05,0.0032324783020251445,0.996751679610702
3460,Malicious,Malicious,4.221580137664202e-05,0.02038249481972704,0.9795752893788965
3461,Malicious,Malicious,1.5877402729928762e-05,0.001061445364711659,0.9989226772325582
3462,Malicious,Malicious,1.5877402729928762e-05,0.001061445364711659,0.9989226772325582
3463,Malicious,Malicious,4.221580137664202e-05,0.01881059837311668,0.9811471858255066
3464,Malicious,Malicious,0.0003407074400788537,0.0015470976578971654,0.9981121949020241
3465,Malicious,Malicious,0.0003407074400788537,0.003046513118545482,0.9966127794413757
3466,Malicious,Malicious,0.0002984916387022117,3.825844607731395e-05,0.9996632499152205
3467,Malicious,Malicious,0.0003407074400788537,0.003046513118545482,0.9966127794413757
3468,Malicious,Malicious,0.0002984916387022117,3.825844607731395e-05,0.9996632499152205
3469,Malicious,Malicious,4.221580137664202e-05,0.0033263641956079626,0.9966314200030155
3470,Malicious,Malicious,0.0002984916387022117,3.825844607731395e-05,0.9996632499152205
3471,Malicious,Malicious,1.5877402729928762e-05,0.001061445364711659,0.9989226772325582
3472,Malicious,Malicious,1.58420872729228e-05,0.002360918581028417,0.9976232393316987
3473,Malicious,Malicious,1.5877402729928762e-05,0.001061445364711659,0.9989226772325582
3474,Malicious,Malicious,1.58420872729228e-05,0.003265854049197642,0.9967183038635296
3475,Malicious,Malicious,0.0002984916387022117,3.825844607731395e-05,0.9996632499152205
3476,Malicious,Malicious,0.0003407074400788537,0.001818357132510394,0.9978409354274107
3477,Malicious,Malicious,1.58420872729228e-05,0.0016145283684321588,0.998369629544295
3478,Malicious,Malicious,0.0002984916387022117,3.825844607731395e-05,0.9996632499152205
3479,Malicious,Malicious,4.221580137664202e-05,0.0025924122984830097,0.9973653719001403
3480,Malicious,Malicious,0.0003407074400788537,0.003046513118545482,0.9966127794413757
3481,Malicious,Malicious,4.221580137664202e-05,0.001900476998644379,0.998057307199979
3482,Malicious,Malicious,1.5877402729928762e-05,0.001061445364711659,0.9989226772325582
3483,Malicious,Malicious,1.58420872729228e-05,0.001920998869801273,0.9980631590429259
3484,Malicious,Malicious,1.5877402729928762e-05,0.001061445364711659,0.9989226772325582
3485,Malicious,Malicious,1.58420872729228e-05,0.0016145283684321588,0.998369629544295
3486,Malicious,Malicious,0.0002984916387022117,3.825844607731395e-05,0.9996632499152205
3487,Malicious,Malicious,1.58420872729228e-05,0.001920998869801273,0.9980631590429259
3488,Malicious,Malicious,0.0002984916387022117,3.825844607731395e-05,0.9996632499152205
3489,Malicious,Malicious,1.5877402729928762e-05,0.001061445364711659,0.9989226772325582
3490,Malicious,Malicious,0.00014193004800161445,0.009348100892767221,0.9905099690592313
3491,Malicious,Malicious,1.5877402729928762e-05,0.001061445364711659,0.9989226772325582
3492,Malicious,Malicious,0.0002984916387022117,3.825844607731395e-05,0.9996632499152205
3493,Malicious,Malicious,1.5877402729928762e-05,0.001061445364711659,0.9989226772325582
3494,Malicious,Malicious,1.58420872729228e-05,0.002360918581028417,0.9976232393316987
3495,Malicious,Malicious,1.5877402729928762e-05,0.001061445364711659,0.9989226772325582
3496,Malicious,Malicious,1.5877402729928762e-05,0.001061445364711659,0.9989226772325582
3497,Benign,Benign,0.0,1.0,0.0
3498,Benign,Benign,0.0,1.0,0.0
3499,Malicious,Malicious,1.58420872729228e-05,0.0016145283684321588,0.998369629544295
3500,Malicious,Malicious,1.5877402729928762e-05,0.001061445364711659,0.9989226772325582
3501,Malicious,Malicious,1.5877402729928762e-05,0.001061445364711659,0.9989226772325582
3502,Malicious,Malicious,0.0003407074400788537,0.007773799854590483,0.9918854927053306
3503,Malicious,Malicious,1.5877402729928762e-05,0.001061445364711659,0.9989226772325582
3504,Malicious,Malicious,0.0002984916387022117,3.825844607731395e-05,0.9996632499152205
3505,Benign,Benign,0.0009396839885200889,0.99906031601148,0.0
3506,Malicious,Malicious,1.58420872729228e-05,0.0019505591220278732,0.9980335987906993
3507,Malicious,Malicious,0.0002984916387022117,3.825844607731395e-05,0.9996632499152205
3508,Malicious,Malicious,1.5877402729928762e-05,0.001061445364711659,0.9989226772325582
3509,Malicious,Malicious,0.0,0.0020578648423944146,0.9979421351576057
3510,Malicious,Malicious,0.0002984916387022117,3.825844607731395e-05,0.9996632499152205
3511,Malicious,Malicious,0.00014193004800161445,0.043916558503950105,0.9559415114480484
3512,Malicious,Malicious,1.5877402729928762e-05,0.001061445364711659,0.9989226772325582
3513,Malicious,Malicious,0.00014193004800161445,0.013455896934248899,0.9864021730177494
3514,Malicious,Malicious,0.0003407074400788537,0.0023643085483577822,0.9972949840115635
3515,Malicious,Malicious,1.5877402729928762e-05,0.001061445364711659,0.9989226772325582
3516,Malicious,Malicious,1.5877402729928762e-05,0.001061445364711659,0.9989226772325582
3517,Malicious,Malicious,0.0003407074400788537,0.0015942802244217884,0.9980650123354994
3518,Malicious,Malicious,0.0002984916387022117,3.825844607731395e-05,0.9996632499152205
3519,Malicious,Malicious,1.58420872729228e-05,0.0016145283684321588,0.998369629544295
3520,Malicious,Malicious,1.5877402729928762e-05,0.001061445364711659,0.9989226772325582
3521,Malicious,Malicious,0.0002984916387022117,3.825844607731395e-05,0.9996632499152205
3522,Malicious,Malicious,1.5877402729928762e-05,0.001061445364711659,0.9989226772325582
3523,Malicious,Malicious,1.58420872729228e-05,0.001616884014862045,0.9983672738978651
3524,Malicious,Malicious,1.5877402729928762e-05,0.001061445364711659,0.9989226772325582
3525,Malicious,Malicious,1.58420872729228e-05,0.0016145283684321588,0.998369629544295
3526,Malicious,Malicious,1.5877402729928762e-05,0.001061445364711659,0.9989226772325582
3527,Malicious,Malicious,1.58420872729228e-05,0.001920998869801273,0.9980631590429259
3528,Malicious,Malicious,0.0002984916387022117,3.825844607731395e-05,0.9996632499152205
3529,Malicious,Malicious,1.5877402729928762e-05,0.001061445364711659,0.9989226772325582
3530,Malicious,Malicious,0.0002984916387022117,3.825844607731395e-05,0.9996632499152205
3531,Malicious,Malicious,1.5877402729928762e-05,0.001061445364711659,0.9989226772325582
3532,Malicious,Malicious,4.221580137664202e-05,0.0012522300147084792,0.998705554183915
3533,Malicious,Malicious,1.58420872729228e-05,0.0015745159992688576,0.9984096419134584
3534,Malicious,Malicious,1.5877402729928762e-05,0.001061445364711659,0.9989226772325582
3535,Malicious,Malicious,0.0,0.011222250616991005,0.988777749383009
3536,Malicious,Malicious,0.0,0.010500061926453131,0.9894999380735469
3537,Malicious,Malicious,0.0002984916387022117,3.825844607731395e-05,0.9996632499152205
3538,Malicious,Malicious,0.0002984916387022117,3.825844607731395e-05,0.9996632499152205
3539,Malicious,Malicious,1.58420872729228e-05,0.0019505591220278732,0.9980335987906993
3540,Malicious,Malicious,0.0003407074400788537,0.0023643085483577822,0.9972949840115635
3541,Malicious,Malicious,0.0002984916387022117,3.825844607731395e-05,0.9996632499152205
3542,Malicious,Malicious,1.5877402729928762e-05,0.001061445364711659,0.9989226772325582
3543,Malicious,Malicious,0.0,0.0033136843840398055,0.9966863156159603
3544,Malicious,Malicious,1.5877402729928762e-05,0.001061445364711659,0.9989226772325582
3545,Malicious,Malicious,0.0,0.0284005778267724,0.9715994221732275
3546,Malicious,Malicious,1.5877402729928762e-05,0.001061445364711659,0.9989226772325582
3547,Malicious,Malicious,1.58420872729228e-05,0.00864394983060514,0.9913402080821219
3548,Malicious,Malicious,1.58420872729228e-05,0.0015745159992688576,0.9984096419134584
3549,Malicious,Malicious,0.0002984916387022117,3.825844607731395e-05,0.9996632499152205
3550,Malicious,Malicious,4.221580137664202e-05,0.0012522300147084792,0.998705554183915
3551,Malicious,Malicious,1.58420872729228e-05,0.0016145283684321588,0.998369629544295
3552,Malicious,Malicious,1.5877402729928762e-05,0.001061445364711659,0.9989226772325582
3553,Malicious,Malicious,1.58420872729228e-05,0.011023465307831062,0.9889606926048962
3554,Malicious,Malicious,1.5877402729928762e-05,0.001061445364711659,0.9989226772325582
3555,Benign,Malicious,1.58420872729228e-05,0.0019505591220278732,0.9980335987906993
3556,Benign,Benign,0.0447906823470524,0.9551669896011251,4.2328051822310574e-05
3557,Benign,Benign,0.39517713629289875,0.6048228637071013,0.0
3558,Benign,Benign,0.22853059236872625,0.7714066895966615,6.271803461247183e-05
3559,Benign,Benign,0.1856986914678208,0.8143013085321791,0.0
3560,Benign,Benign,0.23355971914969434,0.7664402808503052,0.0
3561,Benign,Benign,0.13700281795157807,0.8629971820484221,0.0
3562,Benign,Benign,0.25356693202354114,0.7463907399246363,4.2328051822310574e-05
3563,Background,Background,1.0,0.0,0.0
3564,Benign,Background,0.7566348676025085,0.2433651323974915,0.0
3565,Benign,Benign,0.49964323103996816,0.5003567689600318,0.0
3566,Benign,Benign,0.4324753739782534,0.5674822979699243,4.2328051822310574e-05
3567,Benign,Benign,0.010532664414179629,0.9889362041419463,0.0005311314438741352
3568,Benign,Benign,0.27674304665821026,0.7232569533417896,0.0
3569,Benign,Benign,0.2522997155602106,0.7475796677493848,0.00012061669040446809
3570,Benign,Benign,0.18055963613432127,0.8194403638656786,0.0
3571,Benign,Benign,0.006093955767022593,0.9939060442329775,0.0
3572,Benign,Benign,0.0,1.0,0.0
3573,Benign,Benign,0.2522997155602106,0.7475796677493848,0.00012061669040446809
3574,Benign,Benign,0.2522997155602106,0.7475796677493848,0.00012061669040446809
3575,Benign,Benign,0.0009396839885200889,0.99906031601148,0.0
3576,Benign,Benign,0.04473107765825431,0.9552689223417459,0.0
3577,Benign,Benign,0.04769654359745448,0.952240738367933,6.271803461247183e-05
3578,Benign,Benign,0.25243876310722496,0.747561236892775,0.0
3579,Benign,Benign,0.25243876310722496,0.747561236892775,0.0
3580,Benign,Benign,0.2522997155602106,0.7475796677493848,0.00012061669040446809
3581,Benign,Benign,0.025374711751948772,0.9746252882480512,0.0
3582,Benign,Benign,0.37646068945761557,0.6235393105423845,0.0
3583,Benign,Benign,0.025374711751948772,0.9746252882480512,0.0
3584,Benign,Benign,0.04769654359745448,0.952240738367933,6.271803461247183e-05
3585,Benign,Benign,0.4809001798745431,0.5190998201254567,0.0
3586,Benign,Benign,0.49992131285443214,0.5000786871455679,0.0
3587,Benign,Benign,0.0547310776582543,0.9452689223417456,0.0
3588,Benign,Benign,0.18055963613432127,0.8194403638656786,0.0
3589,Benign,Benign,0.11299477074051528,0.8869425112248721,6.271803461247183e-05
3590,Benign,Benign,0.0047150882825040125,0.9931406046497713,0.0021443070677246725
3591,Benign,Benign,0.0,0.99,0.01
3592,Benign,Benign,0.0032442284325637904,0.9896626794241002,0.007093092143335873
3593,Benign,Benign,0.2522997155602106,0.7475796677493848,0.00012061669040446809
3594,Benign,Benign,0.0,1.0,0.0
3595,Benign,Benign,0.0,1.0,0.0
3596,Benign,Benign,0.0,0.9948229531694791,0.005177046830520952
3597,Benign,Benign,0.0032442284325637904,0.9896626794241002,0.007093092143335873
3598,Benign,Benign,0.018948303648911112,0.9810516963510889,0.0
3599,Benign,Benign,0.003844250912697314,0.9961557490873026,0.0
3600,Benign,Benign,0.0,1.0,0.0
3601,Benign,Benign,0.0,1.0,0.0
3602,Benign,Benign,0.01,0.9878140129715903,0.00218598702840961
3603,Benign,Benign,0.2522997155602106,0.7475796677493848,0.00012061669040446809
3604,Benign,Benign,0.20811392669006218,0.7918860733099377,0.0
3605,Benign,Benign,0.00851358106057764,0.9914864189394226,0.0
3606,Benign,Benign,0.0,0.9946614084301835,0.005338591569816502
3607,Benign,Benign,0.024761980673123008,0.9750472197275317,0.0001907995993452716
3608,Benign,Benign,0.018787890204162695,0.9812121097958372,0.0
3609,Benign,Benign,0.2522997155602106,0.7475796677493848,0.00012061669040446809
3610,Benign,Benign,0.00851358106057764,0.9914864189394226,0.0
3611,Benign,Benign,0.0009396839885200889,0.99906031601148,0.0
3612,Benign,Benign,0.0,0.9948229531694791,0.005177046830520952
3613,Benign,Benign,0.0,0.9948229531694791,0.005177046830520952
3614,Benign,Benign,0.2522997155602106,0.7475796677493848,0.00012061669040446809
3615,Benign,Benign,0.2522997155602106,0.7475796677493848,0.00012061669040446809
3616,Benign,Benign,0.0009396839885200889,0.99906031601148,0.0
3617,Benign,Benign,0.003844250912697314,0.9961557490873026,0.0
3618,Benign,Benign,0.22853059236872625,0.7714066895966615,6.271803461247183e-05
3619,Benign,Benign,0.011494653218675177,0.9885053467813247,0.0
3620,Benign,Benign,0.27719313853170435,0.7228068614682958,0.0
3621,Benign,Background,0.5305166817988781,0.4694833182011218,0.0
3622,Benign,Background,0.5955172728896823,0.4044827271103177,0.0
3623,Benign,Benign,0.3864411508873863,0.6135588491126138,0.0
3624,Benign,Background,0.564069053784367,0.4359309462156329,0.0
3625,Benign,Benign,0.47329301152650904,0.526706988473491,0.0
3626,Benign,Background,0.5160903911312533,0.48390960886874673,0.0
3627,Background,Background,0.9971590717536664,0.0,0.0028409282463336518
3628,Benign,Background,0.7484850510991502,0.25145223086623747,6.271803461247183e-05
3629,Benign,Background,0.6318433748127816,0.36815662518721803,0.0
3630,Benign,Benign,0.3611332479944874,0.6388667520055126,0.0
3631,Benign,Background,0.5305166817988781,0.4694833182011218,0.0
3632,Benign,Benign,0.4324753739782534,0.5674822979699243,4.2328051822310574e-05
3633,Benign,Benign,0.010532664414179629,0.9889362041419463,0.0005311314438741352
3634,Benign,Benign,0.0,1.0,0.0
3635,Benign,Benign,0.0009396839885200889,0.99906031601148,0.0
3636,Benign,Benign,0.05005472268699926,0.9498825592783882,6.271803461247183e-05
3637,Benign,Background,0.744494179653508,0.2555058203464921,0.0
3638,Benign,Benign,0.47541797716129863,0.5245820228387013,0.0
3639,Benign,Benign,0.29975644377583754,0.7002435562241626,0.0
3640,Benign,Benign,0.2668152562482529,0.733184743751747,0.0
3641,Benign,Benign,0.022527098065839492,0.9774729019341605,0.0
3642,Benign,Benign,0.22853059236872625,0.7714066895966615,6.271803461247183e-05
3643,Benign,Background,0.7059190702595268,0.2940809297404731,0.0
3644,Benign,Background,0.7244899416903958,0.2755100583096041,0.0
3645,Benign,Background,0.630163682363403,0.3698363176365968,0.0
3646,Benign,Background,0.7603698874459206,0.23963011255407932,0.0
3647,Benign,Benign,0.35216879101835546,0.6478312089816446,0.0
3648,Benign,Background,0.5268473740773223,0.47315262592267765,0.0
3649,Benign,Benign,0.40111291185361686,0.5988870881463833,0.0
3650,Benign,Background,0.8659554887551053,0.13404451124489467,0.0
3651,Benign,Benign,0.4268666418486318,0.5731333581513681,0.0
3652,Benign,Benign,0.0,1.0,0.0
3653,Benign,Benign,0.0009396839885200889,0.99906031601148,0.0
3654,Benign,Benign,0.03044169300630953,0.9488250159653162,0.020733291028374293
3655,Benign,Benign,0.018948303648911112,0.9810516963510889,0.0
3656,Benign,Benign,0.0,1.0,0.0
3657,Benign,Benign,0.2522997155602106,0.7475796677493848,0.00012061669040446809
3658,Benign,Benign,0.00851358106057764,0.9914864189394226,0.0
3659,Benign,Benign,0.0009396839885200889,0.99906031601148,0.0
3660,Benign,Benign,0.003844250912697314,0.9961557490873026,0.0
3661,Benign,Benign,0.0,1.0,0.0
3662,Benign,Benign,0.0009396839885200889,0.99906031601148,0.0
3663,Benign,Benign,0.2522997155602106,0.7475796677493848,0.00012061669040446809
3664,Benign,Benign,0.00851358106057764,0.9914864189394226,0.0
3665,Benign,Benign,0.2522997155602106,0.7475796677493848,0.00012061669040446809
3666,Benign,Benign,0.0,1.0,0.0
3667,Benign,Malicious,4.221580137664202e-05,0.1389992382117087,0.8609585459869146
3668,Benign,Benign,0.0032442284325637904,0.9896626794241002,0.007093092143335873
3669,Benign,Benign,0.00851358106057764,0.9914864189394226,0.0
3670,Benign,Background,0.5607709438385613,0.4391867281096165,4.2328051822310574e-05
3671,Benign,Benign,0.07520647568080148,0.9247935243191986,0.0
3672,Benign,Benign,0.3592069085831841,0.6407930914168161,0.0
3673,Benign,Benign,0.1304373413546188,0.8694999406107692,6.271803461247183e-05
3674,Benign,Benign,0.4321826692546379,0.567817330745362,0.0
3675,Benign,Background,0.5607709438385613,0.4391867281096165,4.2328051822310574e-05
3676,Benign,Benign,0.009020346250891615,0.9909796537491086,0.0
3677,Benign,Benign,0.011494653218675177,0.9885053467813247,0.0
3678,Benign,Benign,0.4106976258099471,0.5893023741900527,0.0
3679,Benign,Background,0.5886939531775957,0.4113060468224044,0.0
3680,Benign,Background,0.7806721332021843,0.2193278667978158,0.0
3681,Benign,Benign,0.27618292909117825,0.7238170709088219,0.0
3682,Benign,Benign,0.3450322811285914,0.6549677188714085,0.0
3683,Benign,Background,0.678728592233175,0.321271407766825,0.0
3684,Benign,Benign,0.13536324871675165,0.8646367512832482,0.0
3685,Benign,Benign,0.07016709303917013,0.9298329069608298,0.0
3686,Benign,Benign,0.29975644377583754,0.7002435562241626,0.0
3687,Benign,Background,0.5672685740286274,0.43273142597137243,0.0
3688,Benign,Benign,0.41174798593237893,0.588252014067621,0.0
3689,Benign,Background,0.5533999115433891,0.4466000884566108,0.0
3690,Benign,Benign,0.3817786954232736,0.6182213045767264,0.0
3691,Benign,Benign,0.12047028766012781,0.8794669943052591,6.271803461247183e-05
3692,Benign,Background,0.5290444694490414,0.4709555305509586,0.0
3693,Benign,Benign,0.011494653218675177,0.9885053467813247,0.0
3694,Benign,Background,0.5906702401068825,0.40928743184129524,4.2328051822310574e-05
3695,Benign,Benign,0.47490406349107095,0.5250536084571065,4.2328051822310574e-05
3696,Benign,Benign,0.35845645354476474,0.6414808284206229,6.271803461247183e-05
3697,Benign,Benign,0.16784103252464624,0.8321589674753536,0.0
3698,Benign,Benign,0.23355971914969434,0.7664402808503052,0.0
3699,Benign,Background,0.7835244167582881,0.216475583241712,0.0
3700,Benign,Background,0.7851624660626966,0.2148375339373034,0.0
3701,Benign,Benign,0.3864411508873863,0.6135588491126138,0.0
3702,Benign,Benign,0.48907687838165126,0.5109231216183487,0.0
3703,Benign,Benign,0.4915321256459811,0.508467874354019,0.0
3704,Benign,Benign,0.07016709303917013,0.9298329069608298,0.0
3705,Benign,Benign,0.06771409286725007,0.9322231890981372,6.271803461247183e-05
3706,Benign,Benign,0.25243876310722496,0.747561236892775,0.0
3707,Benign,Benign,0.04769654359745448,0.952240738367933,6.271803461247183e-05
3708,Benign,Background,0.744494179653508,0.2555058203464921,0.0
3709,Benign,Benign,0.23790743610006437,0.7620925638999355,0.0
3710,Benign,Benign,0.2747504058978982,0.7252495941021015,0.0
3711,Benign,Background,0.5521577956588537,0.4478422043411461,0.0
3712,Benign,Background,0.7147244126840416,0.28527558731595826,0.0
3713,Benign,Benign,0.34985689506980155,0.6501431049301983,0.0
3714,Benign,Benign,0.37646068945761557,0.6235393105423845,0.0
3715,Benign,Benign,0.204694771601171,0.7952629003470065,4.2328051822310574e-05
3716,Benign,Benign,0.3249020406579646,0.6750979593420356,0.0
3717,Benign,Background,0.6751927406320098,0.3248072593679902,0.0
3718,Benign,Benign,0.1821517836873077,0.8178482163126921,0.0
3719,Benign,Benign,0.3000155508498656,0.6999217311155219,6.271803461247183e-05
3720,Benign,Background,0.688802874837571,0.31119712516242914,0.0
3721,Benign,Background,0.7059190702595268,0.2940809297404731,0.0
3722,Benign,Background,0.6373485062314403,0.36265149376855954,0.0
3723,Benign,Benign,0.3930782297986612,0.606921770201339,0.0
3724,Benign,Benign,0.4324753739782534,0.5674822979699243,4.2328051822310574e-05
3725,Benign,Benign,0.1574936420853562,0.8424640298628213,4.2328051822310574e-05
3726,Benign,Benign,0.06314727171832296,0.9367900102470645,6.271803461247183e-05
3727,Benign,Benign,0.4587376098608828,0.541262390139117,0.0
3728,Benign,Benign,0.40825867706259245,0.5917413229374077,0.0
3729,Benign,Benign,0.08277113326953969,0.9171661486958479,6.271803461247183e-05
3730,Benign,Benign,0.4840061460329965,0.5159938539670034,0.0
3731,Benign,Background,0.6362415025246242,0.36375849747537553,0.0
3732,Benign,Background,0.8869493650951177,0.11305063490488214,0.0
3733,Benign,Benign,0.44277060368095916,0.5572293963190407,0.0
3734,Benign,Benign,0.21271304498495128,0.7872242369804364,6.271803461247183e-05
3735,Background,Background,1.0,0.0,0.0
3736,Benign,Background,0.6344422184174828,0.36555778158251706,0.0
3737,Benign,Benign,0.2522997155602106,0.7475796677493848,0.00012061669040446809
3738,Benign,Benign,0.4683306976676984,0.5316065842976891,6.271803461247183e-05
3739,Benign,Benign,0.1580251861059253,0.8419748138940745,0.0
3740,Benign,Benign,0.12194448664749935,0.8780555133525005,0.0
3741,Benign,Benign,0.32405335847959554,0.6759466415204042,0.0
3742,Benign,Benign,0.1229791810636896,0.8769581009016979,6.271803461247183e-05
3743,Benign,Benign,0.12194448664749935,0.8780555133525005,0.0
3744,Benign,Benign,0.2668152562482529,0.733184743751747,0.0
3745,Benign,Benign,0.4324753739782534,0.5674822979699243,4.2328051822310574e-05
3746,Benign,Benign,0.08771688877284883,0.9122831112271512,0.0
3747,Benign,Background,0.5420514213778406,0.4579485786221595,0.0
3748,Benign,Benign,0.25243876310722496,0.747561236892775,0.0
3749,Benign,Benign,0.04769654359745448,0.952240738367933,6.271803461247183e-05
3750,Benign,Background,0.6184935859922438,0.38144369597314376,6.271803461247183e-05
3751,Benign,Benign,0.0084579421894156,0.9915420578105844,0.0
3752,Benign,Benign,0.10627880837796103,0.8937211916220388,0.0
3753,Benign,Benign,0.3460236499931262,0.6539763500068736,0.0
3754,Benign,Benign,0.27960118830266756,0.7203988116973324,0.0
3755,Benign,Benign,0.07589666330765793,0.9100375568527592,0.014065779839582628
3756,Benign,Background,0.7618917362318065,0.23804554573358103,6.271803461247183e-05
3757,Benign,Benign,0.2668152562482529,0.733184743751747,0.0
3758,Benign,Background,0.5394705865044618,0.4605294134955381,0.0
3759,Benign,Benign,0.44277060368095916,0.5572293963190407,0.0
3760,Benign,Benign,0.3747352981299033,0.6252647018700968,0.0
3761,Benign,Benign,0.4975873896562041,0.5023498923091835,6.271803461247183e-05
3762,Benign,Benign,0.39298495708947007,0.6069523248759175,6.271803461247183e-05
3763,Benign,Benign,0.19442227687452257,0.8055777231254777,0.0
3764,Benign,Background,0.5247195406379227,0.47521774132746486,6.271803461247183e-05
3765,Benign,Benign,0.11047141541883368,0.8894658665465534,6.271803461247183e-05
3766,Benign,Benign,0.38465294807643036,0.6152843338889573,6.271803461247183e-05
3767,Benign,Benign,0.005224757726024074,0.994775242273976,0.0
3768,Benign,Benign,0.2522997155602106,0.7475796677493848,0.00012061669040446809
3769,Benign,Benign,0.025374711751948772,0.9746252882480512,0.0
3770,Benign,Benign,0.005224757726024074,0.994775242273976,0.0
3771,Benign,Benign,0.07016709303917013,0.9298329069608298,0.0
3772,Benign,Benign,0.2570665636765708,0.7428707182888168,6.271803461247183e-05
3773,Benign,Background,0.5761749597155109,0.4238250402844892,0.0
3774,Benign,Background,0.5182410060020964,0.48175899399790345,0.0
3775,Benign,Benign,0.27876578584677136,0.721234214153229,0.0
3776,Benign,Benign,0.4324753739782534,0.5674822979699243,4.2328051822310574e-05
3777,Benign,Benign,0.4975873896562041,0.5023498923091835,6.271803461247183e-05
3778,Benign,Benign,0.1574936420853562,0.8424640298628213,4.2328051822310574e-05
3779,Benign,Benign,0.36547688822440955,0.6344603937409784,6.271803461247183e-05
3780,Benign,Benign,0.2568515865428688,0.7431484134571312,0.0
3781,Benign,Benign,0.28567243930658315,0.714327560693417,0.0
3782,Benign,Benign,0.36547688822440955,0.6344603937409784,6.271803461247183e-05
3783,Benign,Benign,0.15747315077825347,0.8424845211699241,4.2328051822310574e-05
3784,Benign,Background,0.8266248781975334,0.17337512180246661,0.0
3785,Benign,Background,0.5420514213778406,0.4579485786221595,0.0
3786,Benign,Benign,0.005224757726024074,0.994775242273976,0.0
3787,Benign,Benign,0.18429133303357928,0.8157086669664209,0.0
3788,Benign,Benign,0.12169929968984493,0.8783007003101551,0.0
3789,Benign,Benign,0.2747504058978982,0.7252495941021015,0.0
3790,Benign,Benign,0.1355642722610982,0.8643730097042895,6.271803461247183e-05
3791,Benign,Benign,0.13536324871675165,0.8646367512832482,0.0
3792,Benign,Benign,0.10996970666848521,0.8899675752969024,6.271803461247183e-05
3793,Benign,Background,0.5182410060020964,0.48175899399790345,0.0
3794,Benign,Benign,0.4967687582964719,0.5032312417035282,0.0
3795,Benign,Background,0.744494179653508,0.2555058203464921,0.0
3796,Benign,Background,0.5331305122035697,0.4668694877964302,0.0
3797,Benign,Benign,0.24603895526055475,0.753961044739445,0.0
3798,Benign,Benign,0.39168519141239,0.6082520905529976,6.271803461247183e-05
3799,Benign,Benign,0.035029051325631375,0.9649286206225463,4.2328051822310574e-05
3800,Benign,Benign,0.24603895526055475,0.753961044739445,0.0
3801,Benign,Benign,0.2568515865428688,0.7431484134571312,0.0
3802,Benign,Benign,0.36941900348691786,0.6305809965130821,0.0
3803,Benign,Benign,0.4324753739782534,0.5674822979699243,4.2328051822310574e-05
3804,Benign,Benign,0.48382256700399173,0.5161147149613958,6.271803461247183e-05
3805,Benign,Benign,0.1887777600372534,0.8111595219281343,6.271803461247183e-05
3806,Benign,Benign,0.1906368119526467,0.8093004700127412,6.271803461247183e-05
3807,Benign,Benign,0.12521860043596839,0.8747390715122093,4.2328051822310574e-05
3808,Benign,Benign,0.07089131147301851,0.929066360475159,4.2328051822310574e-05
3809,Benign,Benign,0.497888256458847,0.502111743541153,0.0
3810,Benign,Benign,0.18476387269998015,0.8152361273000198,0.0
3811,Benign,Benign,0.4975873896562041,0.5023498923091835,6.271803461247183e-05
3812,Benign,Benign,0.1574936420853562,0.8424640298628213,4.2328051822310574e-05
3813,Benign,Benign,0.12096880271638913,0.8790311972836109,0.0
3814,Benign,Benign,0.011494653218675177,0.9885053467813247,0.0
3815,Benign,Benign,0.36941900348691786,0.6305809965130821,0.0
3816,Benign,Benign,0.12169929968984493,0.8783007003101551,0.0
3817,Benign,Benign,0.2568515865428688,0.7431484134571312,0.0
3818,Benign,Benign,0.4975873896562041,0.5023498923091835,6.271803461247183e-05
3819,Benign,Benign,0.37440107258426375,0.6255362093811239,6.271803461247183e-05
3820,Benign,Benign,0.12169929968984493,0.8783007003101551,0.0
3821,Benign,Benign,0.38715647334314135,0.6128435266568586,0.0
3822,Benign,Benign,0.07016709303917013,0.9298329069608298,0.0
3823,Benign,Benign,0.25754268436720823,0.7424149875809691,4.2328051822310574e-05
3824,Benign,Benign,0.13947149622515367,0.860465785740234,6.271803461247183e-05
3825,Benign,Benign,0.33900491745339595,0.6609950825466042,0.0
3826,Benign,Benign,0.1580251861059253,0.8419748138940745,0.0
3827,Benign,Benign,0.16085220421255383,0.8391477957874462,0.0
3828,Benign,Benign,0.13536324871675165,0.8646367512832482,0.0
3829,Benign,Benign,0.15951153160727938,0.8404884683927204,0.0
3830,Benign,Benign,0.3765162884859746,0.6234837115140253,0.0
3831,Benign,Benign,0.4975873896562041,0.5023498923091835,6.271803461247183e-05
3832,Benign,Benign,0.12815483653556972,0.8718028354126077,4.2328051822310574e-05
3833,Benign,Benign,0.035029051325631375,0.9649286206225463,4.2328051822310574e-05
3834,Benign,Benign,0.1856986914678208,0.8143013085321791,0.0
3835,Benign,Background,0.5420514213778406,0.4579485786221595,0.0
3836,Benign,Benign,0.43407456071075606,0.5659254392892441,0.0
3837,Benign,Benign,0.04769654359745448,0.952240738367933,6.271803461247183e-05
3838,Benign,Benign,0.1574936420853562,0.8424640298628213,4.2328051822310574e-05
3839,Benign,Benign,0.04769654359745448,0.952240738367933,6.271803461247183e-05
3840,Benign,Benign,0.400653456591752,0.5993465434082481,0.0
3841,Benign,Benign,0.04769654359745448,0.952240738367933,6.271803461247183e-05
3842,Benign,Benign,0.25754268436720823,0.7424149875809691,4.2328051822310574e-05
3843,Benign,Benign,0.12219271393327469,0.877744568032113,6.271803461247183e-05
3844,Benign,Benign,0.10531584174070308,0.8946841582592968,0.0
3845,Benign,Benign,0.2668152562482529,0.733184743751747,0.0
3846,Benign,Benign,0.16085220421255383,0.8391477957874462,0.0
3847,Benign,Benign,0.47349919206764285,0.526500807932357,0.0
3848,Benign,Benign,0.22989308608416115,0.7700441958812264,6.271803461247183e-05
3849,Benign,Benign,0.22853059236872625,0.7714066895966615,6.271803461247183e-05
3850,Benign,Benign,0.35227066736216406,0.6477293326378359,0.0
3851,Benign,Benign,0.04769654359745448,0.952240738367933,6.271803461247183e-05
3852,Benign,Benign,0.15266588991755595,0.8472917820306216,4.2328051822310574e-05
3853,Benign,Benign,0.43407456071075606,0.5659254392892441,0.0
3854,Benign,Benign,0.4324753739782534,0.5674822979699243,4.2328051822310574e-05
3855,Benign,Benign,0.33622941166696996,0.6637705883330304,0.0
3856,Benign,Background,0.5420514213778406,0.4579485786221595,0.0
3857,Benign,Benign,0.3319158724245051,0.6680841275754947,0.0
3858,Benign,Benign,0.13536324871675165,0.8646367512832482,0.0
3859,Benign,Benign,0.05646726933577815,0.9434904026123994,4.2328051822310574e-05
3860,Benign,Benign,0.23458233027349787,0.7654176697265019,0.0
3861,Benign,Benign,0.4967687582964719,0.5032312417035282,0.0
3862,Benign,Benign,0.1451255402135798,0.854811741751808,6.271803461247183e-05
3863,Benign,Benign,0.1288985782188694,0.8710387037465184,6.271803461247183e-05
3864,Benign,Benign,0.28567243930658315,0.714327560693417,0.0
3865,Benign,Benign,0.04769654359745448,0.952240738367933,6.271803461247183e-05
3866,Benign,Benign,0.15747315077825347,0.8424845211699241,4.2328051822310574e-05
3867,Benign,Benign,0.0904517747448042,0.9095482252551959,0.0
3868,Benign,Benign,0.32405335847959554,0.6759466415204042,0.0
3869,Benign,Benign,0.1387883932979695,0.8611488886674179,6.271803461247183e-05
3870,Benign,Benign,0.16085220421255383,0.8391477957874462,0.0
3871,Benign,Benign,0.10996970666848521,0.8899675752969024,6.271803461247183e-05
3872,Benign,Benign,0.1982982006636966,0.8017017993363033,0.0
3873,Benign,Benign,0.1856986914678208,0.8143013085321791,0.0
3874,Benign,Benign,0.1574936420853562,0.8424640298628213,4.2328051822310574e-05
3875,Benign,Benign,0.3689837727235233,0.6309535092418644,6.271803461247183e-05
3876,Benign,Benign,0.30067683419215285,0.6993231658078471,0.0
3877,Benign,Background,0.5268473740773223,0.47315262592267765,0.0
3878,Benign,Background,0.6746893406137626,0.3253106593862375,0.0
3879,Benign,Background,0.5113326826385899,0.48866731736141006,0.0
3880,Benign,Benign,0.1552332629915811,0.8447667370084189,0.0
3881,Benign,Background,0.6572085085871214,0.3427914914128789,0.0
3882,Benign,Background,0.6195412725726374,0.3803960093927501,6.271803461247183e-05
3883,Benign,Benign,0.20630059520564495,0.7936366867597424,6.271803461247183e-05
3884,Benign,Benign,0.2568515865428688,0.7431484134571312,0.0
3885,Benign,Benign,0.12815483653556972,0.8718028354126077,4.2328051822310574e-05
3886,Benign,Benign,0.011494653218675177,0.9885053467813247,0.0
3887,Benign,Benign,0.035029051325631375,0.9649286206225463,4.2328051822310574e-05
3888,Benign,Benign,0.1615436324693769,0.8383936494960105,6.271803461247183e-05
3889,Benign,Benign,0.25243876310722496,0.747561236892775,0.0
3890,Benign,Benign,0.08455270566102174,0.9154472943389784,0.0
3891,Benign,Benign,0.1574936420853562,0.8424640298628213,4.2328051822310574e-05
3892,Benign,Benign,0.20630059520564495,0.7936366867597424,6.271803461247183e-05
3893,Benign,Benign,0.08771688877284883,0.9122831112271512,0.0
3894,Benign,Benign,0.38715647334314135,0.6128435266568586,0.0
3895,Benign,Benign,0.4324753739782534,0.5674822979699243,4.2328051822310574e-05
3896,Benign,Benign,0.15734093857537015,0.8425963433900173,6.271803461247183e-05
3897,Benign,Benign,0.07016709303917013,0.9298329069608298,0.0
3898,Benign,Benign,0.0897449367679223,0.9102550632320775,0.0
3899,Benign,Benign,0.30067683419215285,0.6993231658078471,0.0
3900,Benign,Benign,0.22248250372483966,0.7775174962751603,0.0
3901,Benign,Background,0.6467917967457555,0.3532082032542443,0.0
3902,Benign,Background,0.7331291418569778,0.26687085814302197,0.0
3903,Benign,Benign,0.07341065194451596,0.9265893480554839,0.0
3904,Benign,Benign,0.4975873896562041,0.5023498923091835,6.271803461247183e-05
3905,Benign,Benign,0.16930573578759917,0.8306942642124008,0.0
3906,Benign,Benign,0.3508840038396323,0.6491159961603675,0.0
3907,Benign,Background,0.8352382512076805,0.1647617487923196,0.0
3908,Benign,Background,0.7706738429571004,0.22932615704289971,0.0
3909,Benign,Benign,0.21271304498495128,0.7872242369804364,6.271803461247183e-05
3910,Benign,Benign,0.1355642722610982,0.8643730097042895,6.271803461247183e-05
3911,Benign,Benign,0.2522997155602106,0.7475796677493848,0.00012061669040446809
3912,Benign,Benign,0.025374711751948772,0.9746252882480512,0.0
3913,Benign,Benign,0.025374711751948772,0.9746252882480512,0.0
3914,Benign,Benign,0.19298810304878194,0.8070118969512179,0.0
3915,Benign,Benign,0.4975873896562041,0.5023498923091835,6.271803461247183e-05
3916,Benign,Benign,0.06771409286725007,0.9322231890981372,6.271803461247183e-05
3917,Benign,Background,0.7882610732524955,0.21173892674750422,0.0
3918,Benign,Benign,0.20427307488434207,0.795726925115658,0.0
3919,Benign,Background,0.5485039484422273,0.4514960515577727,0.0
3920,Benign,Background,0.8425292854806409,0.15747071451935898,0.0
3921,Benign,Benign,0.4324753739782534,0.5674822979699243,4.2328051822310574e-05
3922,Benign,Background,0.5906702401068825,0.40928743184129524,4.2328051822310574e-05
3923,Benign,Benign,0.47490406349107095,0.5250536084571065,4.2328051822310574e-05
3924,Background,Background,1.0,0.0,0.0
3925,Benign,Background,0.584155967101885,0.41584403289811506,0.0
3926,Benign,Benign,0.08455270566102174,0.9154472943389784,0.0
3927,Benign,Benign,0.4975873896562041,0.5023498923091835,6.271803461247183e-05
3928,Benign,Benign,0.10996970666848521,0.8899675752969024,6.271803461247183e-05
3929,Benign,Benign,0.06771409286725007,0.9322231890981372,6.271803461247183e-05
3930,Benign,Benign,0.39298495708947007,0.6069523248759175,6.271803461247183e-05
3931,Benign,Benign,0.030247849085819088,0.9697521509141808,0.0
3932,Benign,Benign,0.030247849085819088,0.9697521509141808,0.0
3933,Benign,Benign,0.005224757726024074,0.994775242273976,0.0
3934,Benign,Benign,0.3996840587800206,0.6002532231853671,6.271803461247183e-05
3935,Benign,Benign,0.005224757726024074,0.994775242273976,0.0
3936,Benign,Benign,0.025374711751948772,0.9746252882480512,0.0
3937,Benign,Background,0.5113326826385899,0.48866731736141006,0.0
3938,Benign,Background,0.6510416072450651,0.348958392754935,0.0
3939,Benign,Background,0.5955172728896823,0.4044827271103177,0.0
3940,Benign,Benign,0.47329301152650904,0.526706988473491,0.0
3941,Benign,Benign,0.4040188125128411,0.595981187487159,0.0
3942,Benign,Background,0.5441389008052971,0.4558610991947027,0.0
3943,Benign,Benign,0.1887777600372534,0.8111595219281343,6.271803461247183e-05
3944,Benign,Benign,0.13700281795157807,0.8629971820484221,0.0
3945,Benign,Benign,0.10996970666848521,0.8899675752969024,6.271803461247183e-05
3946,Benign,Benign,0.10996970666848521,0.8899675752969024,6.271803461247183e-05
3947,Benign,Benign,0.25243876310722496,0.747561236892775,0.0
3948,Benign,Benign,0.04769654359745448,0.952240738367933,6.271803461247183e-05
3949,Benign,Benign,0.497888256458847,0.502111743541153,0.0
3950,Benign,Benign,0.005224757726024074,0.994775242273976,0.0
3951,Benign,Benign,0.24603895526055475,0.753961044739445,0.0
3952,Benign,Benign,0.12194448664749935,0.8780555133525005,0.0
3953,Benign,Benign,0.48382256700399173,0.5161147149613958,6.271803461247183e-05
3954,Benign,Benign,0.37440107258426375,0.6255362093811239,6.271803461247183e-05
3955,Benign,Benign,0.4324753739782534,0.5674822979699243,4.2328051822310574e-05
3956,Benign,Benign,0.4975873896562041,0.5023498923091835,6.271803461247183e-05
3957,Benign,Background,0.8533560969290092,0.14664390307099098,0.0
3958,Benign,Background,0.5411924378492522,0.4588075621507478,0.0
3959,Benign,Background,0.6257955338356475,0.3742044661643525,0.0
3960,Benign,Benign,0.15266588991755595,0.8472917820306216,4.2328051822310574e-05
3961,Benign,Benign,0.24603895526055475,0.753961044739445,0.0
3962,Benign,Benign,0.4975873896562041,0.5023498923091835,6.271803461247183e-05
3963,Benign,Benign,0.06314727171832296,0.9367900102470645,6.271803461247183e-05
3964,Benign,Benign,0.24244160716551824,0.7575583928344816,0.0
3965,Benign,Benign,0.010532664414179629,0.9889362041419463,0.0005311314438741352
3966,Benign,Benign,0.08277113326953969,0.9171661486958479,6.271803461247183e-05
3967,Benign,Benign,0.3765162884859746,0.6234837115140253,0.0
3968,Benign,Background,0.5182410060020964,0.48175899399790345,0.0
3969,Benign,Benign,0.06610992924452769,0.9338477427036499,4.2328051822310574e-05
3970,Benign,Benign,0.32405335847959554,0.6759466415204042,0.0
3971,Benign,Benign,0.400653456591752,0.5993465434082481,0.0
3972,Benign,Benign,0.2668152562482529,0.733184743751747,0.0
3973,Benign,Benign,0.32982226655059743,0.6701777334494029,0.0
3974,Benign,Benign,0.23790743610006437,0.7620925638999355,0.0
3975,Benign,Benign,0.3577905356205377,0.6422094643794624,0.0
3976,Benign,Benign,0.24244160716551824,0.7575583928344816,0.0
3977,Benign,Benign,0.368743205899337,0.631256794100663,0.0
3978,Benign,Benign,0.23790743610006437,0.7620925638999355,0.0
3979,Benign,Benign,0.4975873896562041,0.5023498923091835,6.271803461247183e-05
3980,Benign,Background,0.7484850510991502,0.25145223086623747,6.271803461247183e-05
3981,Benign,Benign,0.030623045155291545,0.9693142368100962,6.271803461247183e-05
3982,Benign,Benign,0.0900719086030436,0.9099280913969565,0.0
3983,Benign,Benign,0.2815660522512355,0.7184339477487646,0.0
3984,Benign,Benign,0.22754436108864617,0.7723929208767415,6.271803461247183e-05
3985,Benign,Benign,0.24244160716551824,0.7575583928344816,0.0
3986,Benign,Background,0.5743830026304928,0.4256169973695073,0.0
3987,Benign,Background,0.7208744732597164,0.27912552674028346,0.0
3988,Benign,Background,0.6836657212047599,0.3163342787952399,0.0
3989,Benign,Benign,0.37221638543982816,0.6277836145601721,0.0
3990,Benign,Benign,0.45158348798561193,0.5484165120143882,0.0
3991,Benign,Benign,0.24191127377996152,0.7509618718896077,0.007126854330430613
3992,Benign,Benign,0.1945981663996832,0.8053391155657046,6.271803461247183e-05
3993,Benign,Background,0.5223495114765906,0.47765048852340947,0.0
3994,Benign,Background,0.6318433748127816,0.36815662518721803,0.0
3995,Benign,Benign,0.22680788770730004,0.7731293942580875,6.271803461247183e-05
3996,Benign,Benign,0.43504782374808815,0.5649521762519119,0.0
3997,Benign,Benign,0.43958309477030405,0.5604169052296959,0.0
3998,Benign,Benign,0.4536064651220688,0.546393534877931,0.0
3999,Benign,Background,0.6318433748127816,0.36815662518721803,0.0
4000,Benign,Background,0.6806564060156852,0.3193435939843148,0.0
4001,Benign,Benign,0.3611332479944874,0.6388667520055126,0.0
4002,Benign,Background,0.5886939531775957,0.4113060468224044,0.0
4003,Benign,Benign,0.3180455657597312,0.6819544342402689,0.0
4004,Benign,Background,0.5441389008052971,0.4558610991947027,0.0
4005,Benign,Background,0.6318433748127816,0.36815662518721803,0.0
4006,Benign,Background,0.6220061612950674,0.3779938387049326,0.0
4007,Benign,Benign,0.1945981663996832,0.8053391155657046,6.271803461247183e-05
4008,Benign,Benign,0.04769654359745448,0.952240738367933,6.271803461247183e-05
4009,Benign,Benign,0.13947149622515367,0.860465785740234,6.271803461247183e-05
4010,Benign,Benign,0.1449059708056965,0.8550313111596912,6.271803461247183e-05
4011,Benign,Benign,0.005224757726024074,0.994775242273976,0.0
4012,Benign,Benign,0.005224757726024074,0.994775242273976,0.0
4013,Benign,Benign,0.005224757726024074,0.994775242273976,0.0
4014,Benign,Background,0.5737765102041503,0.4262234897958497,0.0
4015,Benign,Benign,0.006319246866996498,0.9936807531330035,0.0
4016,Benign,Benign,0.13947149622515367,0.860465785740234,6.271803461247183e-05
4017,Benign,Background,0.6751927406320098,0.3248072593679902,0.0
4018,Benign,Background,0.6987966067550677,0.30114067521032006,6.271803461247183e-05
4019,Benign,Benign,0.4537302156399229,0.546269784360077,0.0
4020,Benign,Background,0.5521577956588537,0.4478422043411461,0.0
4021,Benign,Background,0.6324147099229012,0.36758529007709867,0.0
4022,Benign,Background,0.5566975547116572,0.44330244528834284,0.0
4023,Benign,Background,0.7413251108269407,0.25867488917305936,0.0
4024,Benign,Background,0.7283841493899397,0.27161585061006027,0.0
4025,Benign,Background,0.867693153240656,0.13230684675934398,0.0
4026,Benign,Background,0.6427162920202778,0.3572837079797218,0.0
4027,Benign,Benign,0.433523715987991,0.566476284012009,0.0
4028,Background,Background,1.0,0.0,0.0
4029,Benign,Benign,0.025374711751948772,0.9746252882480512,0.0
4030,Benign,Benign,0.43407456071075606,0.5659254392892441,0.0
4031,Benign,Benign,0.24244160716551824,0.7575583928344816,0.0
4032,Benign,Benign,0.02267247245966389,0.9773275275403361,0.0
4033,Benign,Background,0.5656211462677111,0.43433652568046677,4.2328051822310574e-05
4034,Benign,Benign,0.005224757726024074,0.994775242273976,0.0
4035,Benign,Benign,0.006319246866996498,0.9936807531330035,0.0
4036,Benign,Benign,0.006319246866996498,0.9936807531330035,0.0
4037,Benign,Benign,0.005224757726024074,0.994775242273976,0.0
4038,Benign,Benign,0.005224757726024074,0.994775242273976,0.0
4039,Benign,Benign,0.4244094949537391,0.5755905050462612,0.0
4040,Benign,Benign,0.005224757726024074,0.994775242273976,0.0
4041,Benign,Benign,0.005224757726024074,0.994775242273976,0.0
4042,Benign,Benign,0.005224757726024074,0.994775242273976,0.0
4043,Benign,Benign,0.016319246866996498,0.9836807531330035,0.0
4044,Benign,Benign,0.13426874276324613,0.8657312572367539,0.0
4045,Benign,Background,0.6751927406320098,0.3248072593679902,0.0
4046,Benign,Background,0.5182410060020964,0.48175899399790345,0.0
4047,Benign,Background,0.6932531513238746,0.30674684867612534,0.0
4048,Benign,Background,0.6485565678127998,0.3514434321872002,0.0
4049,Benign,Background,0.8869493650951177,0.11305063490488214,0.0
4050,Benign,Benign,0.34985689506980155,0.6501431049301983,0.0
4051,Benign,Benign,0.30674931845882336,0.6932506815411766,0.0
4052,Benign,Benign,0.011494653218675177,0.9885053467813247,0.0
4053,Benign,Benign,0.21143116205437562,0.7885265098938019,4.2328051822310574e-05
4054,Benign,Benign,0.4537302156399229,0.546269784360077,0.0
4055,Benign,Background,0.7477553842456932,0.25224461575430657,0.0
4056,Benign,Background,0.7716224473322569,0.22837755266774312,0.0
4057,Benign,Background,0.5622172374215054,0.43778276257849463,0.0
4058,Benign,Background,0.6510416072450651,0.348958392754935,0.0
4059,Benign,Benign,0.27618292909117825,0.7238170709088219,0.0
4060,Benign,Background,0.6318433748127816,0.36815662518721803,0.0
4061,Benign,Background,0.5955172728896823,0.4044827271103177,0.0
4062,Benign,Benign,0.3563890792269783,0.6435482027384092,6.271803461247183e-05
4063,Benign,Benign,0.04769654359745448,0.952240738367933,6.271803461247183e-05
4064,Benign,Benign,0.32982226655059743,0.6701777334494029,0.0
4065,Benign,Benign,0.40109721107857205,0.5989027889214281,0.0
4066,Benign,Benign,0.22706209945617228,0.7729379005438279,0.0
4067,Benign,Background,0.7413251108269407,0.25867488917305936,0.0
4068,Benign,Benign,0.15951153160727938,0.8404884683927204,0.0
4069,Benign,Benign,0.36291133273847254,0.6370886672615275,0.0
4070,Benign,Benign,0.04769654359745448,0.952240738367933,6.271803461247183e-05
4071,Benign,Benign,0.028793802066505777,0.9712061979334942,0.0
4072,Benign,Benign,0.16085220421255383,0.8391477957874462,0.0
4073,Benign,Benign,0.4652694245318409,0.5347305754681592,0.0
4074,Benign,Benign,0.38715647334314135,0.6128435266568586,0.0
4075,Benign,Benign,0.2568515865428688,0.7431484134571312,0.0
4076,Benign,Background,0.7618917362318065,0.23804554573358103,6.271803461247183e-05
4077,Benign,Benign,0.025374711751948772,0.9746252882480512,0.0
4078,Benign,Benign,0.4324753739782534,0.5674822979699243,4.2328051822310574e-05
4079,Benign,Benign,0.04769654359745448,0.952240738367933,6.271803461247183e-05
4080,Benign,Background,0.511872928488074,0.4881270715119262,0.0
4081,Benign,Background,0.7013905702644219,0.298609429735578,0.0
4082,Benign,Benign,0.017119137779008566,0.9828808622209914,0.0
4083,Benign,Benign,0.005224757726024074,0.994775242273976,0.0
4084,Benign,Benign,0.06478332003284937,0.9351539619325382,6.271803461247183e-05
4085,Benign,Benign,0.1614121328029792,0.8385251491624085,6.271803461247183e-05
4086,Benign,Background,0.7830768820807379,0.21692311791926222,0.0
4087,Benign,Benign,0.34985689506980155,0.6501431049301983,0.0
4088,Benign,Background,0.6751927406320098,0.3248072593679902,0.0
4089,Benign,Benign,0.34985689506980155,0.6501431049301983,0.0
4090,Benign,Background,0.8302975556706467,0.1697024443293531,0.0
4091,Benign,Background,0.5366592607943249,0.463340739205675,0.0
4092,Benign,Background,0.5560246914134338,0.4439753085865663,0.0
4093,Benign,Background,0.6894483544129113,0.31055164558708864,0.0
4094,Benign,Benign,0.41174798593237893,0.588252014067621,0.0
4095,Benign,Background,0.6958235018547799,0.3041764981452199,0.0
4096,Benign,Benign,0.4683306976676984,0.5316065842976891,6.271803461247183e-05
4097,Benign,Benign,0.4975873896562041,0.5023498923091835,6.271803461247183e-05
4098,Benign,Background,0.588659153957939,0.4113408460420611,0.0
4099,Benign,Background,0.5002764387907385,0.4997235612092614,0.0
4100,Benign,Benign,0.4324753739782534,0.5674822979699243,4.2328051822310574e-05
4101,Benign,Benign,0.06314727171832296,0.9367900102470645,6.271803461247183e-05
4102,Benign,Benign,0.12521860043596839,0.8747390715122093,4.2328051822310574e-05
4103,Benign,Benign,0.2643937613158989,0.7356062386841011,0.0
4104,Benign,Benign,0.11899615149700182,0.8810038485029982,0.0
4105,Benign,Benign,0.36205828002944523,0.6379417199705549,0.0
4106,Benign,Background,0.5725799355406963,0.4274200644593036,0.0
4107,Benign,Benign,0.46258689953605336,0.5374131004639467,0.0
4108,Benign,Benign,0.3796209667806001,0.6203790332193998,0.0
4109,Benign,Benign,0.16523326299158111,0.8347667370084189,0.0
4110,Benign,Benign,0.09626988815658151,0.9037301118434184,0.0
4111,Benign,Benign,0.10850337741676672,0.8914542945314107,4.2328051822310574e-05
4112,Benign,Benign,0.10996970666848521,0.8899675752969024,6.271803461247183e-05
4113,Benign,Benign,0.2668469755147151,0.7331106964334626,4.2328051822310574e-05
4114,Benign,Benign,0.06372745858144568,0.9362098233839415,6.271803461247183e-05
4115,Benign,Benign,0.13700281795157807,0.8629971820484221,0.0
4116,Background,Background,1.0,0.0,0.0
4117,Benign,Benign,0.3817786954232736,0.6182213045767264,0.0
4118,Benign,Benign,0.47541797716129863,0.5245820228387013,0.0
4119,Benign,Benign,0.07520647568080148,0.9247935243191986,0.0
4120,Benign,Background,0.6501187765183645,0.34988122348163553,0.0
4121,Benign,Benign,0.4066483355391569,0.5933516644608432,0.0
4122,Benign,Benign,0.1850654785158727,0.8148718034495149,6.271803461247183e-05
4123,Benign,Benign,0.14518880920286054,0.8548111907971396,0.0
4124,Benign,Benign,0.0021981242672919187,0.9978018757327081,0.0
4125,Benign,Benign,0.007013988289954809,0.9929860117100452,0.0
4126,Benign,Benign,0.28679753147328424,0.7120555299362408,0.0011469385904750323
4127,Benign,Benign,0.007013988289954809,0.9929860117100452,0.0
4128,Benign,Benign,0.2773591340869878,0.7214939273225373,0.0011469385904750323
4129,Benign,Benign,0.1123178898460545,0.8876821101539454,0.0
4130,Benign,Benign,0.1501785936187282,0.8413440547106467,0.008477351670625122
4131,Benign,Benign,0.24303931920996205,0.7569183527382155,4.2328051822310574e-05
4132,Benign,Benign,0.23418819469460048,0.7658118053053998,0.0
4133,Benign,Benign,0.3773458733192055,0.6226541266807947,0.0
4134,Benign,Background,0.5545985474731797,0.44540145252682045,0.0
4135,Benign,Benign,0.457016611577245,0.542983388422755,0.0
4136,Benign,Background,0.7830768820807379,0.21692311791926222,0.0
4137,Benign,Background,0.6493503875926345,0.35064961240736553,0.0
4138,Benign,Benign,0.11899615149700182,0.8810038485029982,0.0
4139,Benign,Background,0.7879377136693714,0.21206228633062868,0.0
4140,Benign,Background,0.6324147099229012,0.36758529007709867,0.0
4141,Benign,Background,0.5774233429876761,0.422576657012324,0.0
4142,Benign,Background,0.9042496350732253,0.09575036492677466,0.0
4143,Benign,Background,0.6510416072450651,0.348958392754935,0.0
4144,Benign,Background,0.6510416072450651,0.348958392754935,0.0
4145,Benign,Background,0.6510416072450651,0.348958392754935,0.0
4146,Benign,Benign,0.4979284569651582,0.5020715430348417,0.0
4147,Benign,Benign,0.4321826692546379,0.567817330745362,0.0
4148,Benign,Benign,0.1887777600372534,0.8111595219281343,6.271803461247183e-05
4149,Benign,Benign,0.497888256458847,0.502111743541153,0.0
4150,Benign,Benign,0.11899615149700182,0.8810038485029982,0.0
4151,Benign,Benign,0.2619264630446276,0.7380735369553725,0.0
4152,Benign,Background,0.6443884771020629,0.35561152289793685,0.0
4153,Benign,Benign,0.2643937613158989,0.7356062386841011,0.0
4154,Benign,Benign,0.4505637033805951,0.5494362966194049,0.0
4155,Benign,Malicious,1.58420872729228e-05,0.4785731211853241,0.5214110367274031
4156,Benign,Benign,0.010015842087272924,0.5827234739613248,0.40726068395140236
4157,Benign,Benign,1.58420872729228e-05,0.5638076662583887,0.4361764916543383
4158,Benign,Benign,0.2522997155602106,0.7475796677493848,0.00012061669040446809
4159,Benign,Benign,0.2522997155602106,0.7475796677493848,0.00012061669040446809
4160,Benign,Malicious,0.0,0.26988452459665585,0.7301154754033439
4161,Benign,Benign,0.0,0.9110571177094801,0.08894288229052007
4162,Benign,Malicious,0.008939183209002402,0.26315008701223414,0.7279107297787633
4163,Benign,Benign,0.0,1.0,0.0
4164,Benign,Benign,1.58420872729228e-05,0.8878227151782835,0.11216144273444367
4165,Benign,Benign,0.2522997155602106,0.7475796677493848,0.00012061669040446809
4166,Benign,Benign,0.0,0.8452962720870958,0.1547037279129041
4167,Benign,Benign,0.2522997155602106,0.7475796677493848,0.00012061669040446809
4168,Benign,Benign,0.2664474474044908,0.3974173320905017,0.3361352205050076
4169,Benign,Benign,4.221580137664202e-05,0.7863362623671358,0.21362152183148753
4170,Benign,Malicious,4.221580137664202e-05,0.13876398632202436,0.861193797876599
4171,Benign,Benign,0.00014193004800161445,0.5150804410661407,0.48477762888585785
4172,Benign,Malicious,1.58420872729228e-05,0.009536177407232135,0.9904479805054949
4173,Benign,Benign,1.58420872729228e-05,0.8481910926998606,0.1517930652128664
4174,Benign,Malicious,1.58420872729228e-05,0.3103081082405155,0.6896760496722117
4175,Benign,Malicious,0.0019949065968253047,0.019252255785769314,0.9787528376174055
4176,Benign,Benign,0.2522997155602106,0.7475796677493848,0.00012061669040446809
4177,Benign,Benign,0.0,1.0,0.0
4178,Benign,Benign,0.0,0.9963400969109631,0.003659903089036947
4179,Benign,Benign,0.0,1.0,0.0
4180,Benign,Benign,0.0,1.0,0.0
4181,Benign,Benign,0.0,1.0,0.0
4182,Benign,Benign,0.0,1.0,0.0
4183,Benign,Benign,0.0,1.0,0.0
4184,Benign,Benign,0.0,1.0,0.0
4185,Benign,Benign,0.0,1.0,0.0
4186,Benign,Benign,0.001897025351228318,0.9865329482559818,0.011570026392789874
4187,Benign,Benign,0.0,1.0,0.0
4188,Benign,Benign,0.0,1.0,0.0
4189,Benign,Benign,0.0,0.9963400969109631,0.003659903089036947
4190,Benign,Benign,0.0,1.0,0.0
4191,Benign,Benign,0.011507324656131787,0.9884926753438681,0.0
4192,Benign,Benign,0.0,1.0,0.0
4193,Benign,Benign,0.0,1.0,0.0
4194,Benign,Benign,0.0,1.0,0.0
4195,Benign,Benign,0.008225735963935634,0.9917742640360643,0.0
4196,Benign,Benign,0.0,1.0,0.0
4197,Benign,Benign,0.0047701863354037265,0.9952298136645962,0.0
4198,Benign,Benign,0.0,1.0,0.0
4199,Benign,Benign,0.0,1.0,0.0
4200,Benign,Benign,0.008225735963935634,0.9917742640360643,0.0
4201,Benign,Benign,0.0,1.0,0.0
4202,Benign,Benign,0.0,1.0,0.0
4203,Benign,Benign,0.0,1.0,0.0
4204,Benign,Benign,0.0,1.0,0.0
4205,Benign,Benign,0.0,1.0,0.0
4206,Benign,Benign,0.0,1.0,0.0
4207,Benign,Benign,0.0,1.0,0.0
4208,Benign,Benign,0.0,1.0,0.0
4209,Benign,Benign,0.004832402234636872,0.995167597765363,0.0
4210,Benign,Benign,0.08346821136492266,0.9165317886350772,0.0
4211,Benign,Benign,0.0,1.0,0.0
4212,Benign,Benign,0.0,1.0,0.0
4213,Benign,Benign,0.0,1.0,0.0
4214,Benign,Benign,0.0,1.0,0.0
4215,Benign,Benign,0.0,1.0,0.0
4216,Benign,Benign,0.001970967741935484,0.9980290322580646,0.0
4217,Benign,Benign,0.0,1.0,0.0
4218,Benign,Benign,0.0,1.0,0.0
4219,Benign,Benign,0.0,1.0,0.0
4220,Benign,Benign,0.0,1.0,0.0
4221,Benign,Benign,0.0,1.0,0.0
4222,Benign,Benign,0.001897025351228318,0.9865329482559818,0.011570026392789874
4223,Benign,Benign,0.0,1.0,0.0
4224,Benign,Benign,0.0,1.0,0.0
4225,Benign,Benign,0.0,1.0,0.0
4226,Benign,Benign,0.17183480170046772,0.8069875249461507,0.021177673353381478
4227,Benign,Benign,0.2522997155602106,0.7475796677493848,0.00012061669040446809
4228,Benign,Benign,0.0,1.0,0.0
4229,Benign,Benign,0.006194047559650082,0.99380595244035,0.0
4230,Benign,Benign,0.0,1.0,0.0
4231,Benign,Benign,0.0,1.0,0.0
4232,Benign,Benign,0.0,1.0,0.0
4233,Benign,Benign,0.0,1.0,0.0
4234,Benign,Benign,0.0,1.0,0.0
4235,Benign,Benign,0.0,1.0,0.0
4236,Benign,Benign,0.0,1.0,0.0
4237,Benign,Benign,0.0,1.0,0.0
4238,Benign,Benign,0.0,1.0,0.0
4239,Benign,Benign,0.001897025351228318,0.9865329482559818,0.011570026392789874
4240,Benign,Benign,0.0,1.0,0.0
4241,Benign,Benign,0.01633972689076866,0.9836602731092313,0.0
4242,Benign,Benign,0.0,1.0,0.0
4243,Benign,Benign,0.0,1.0,0.0
4244,Benign,Benign,0.0,1.0,0.0
4245,Benign,Benign,0.0049211484027496975,0.9934890433562577,0.0015898082409926348
4246,Benign,Benign,0.0,1.0,0.0
4247,Benign,Benign,0.0,1.0,0.0
4248,Benign,Benign,0.0,1.0,0.0
4249,Benign,Benign,0.008225735963935634,0.9917742640360643,0.0
4250,Benign,Benign,0.0,1.0,0.0
4251,Benign,Benign,0.006194047559650082,0.99380595244035,0.0
4252,Benign,Benign,0.0,1.0,0.0
4253,Benign,Benign,0.0,1.0,0.0
4254,Benign,Benign,0.0,1.0,0.0
4255,Benign,Benign,0.0,1.0,0.0
4256,Benign,Benign,0.001897025351228318,0.9865329482559818,0.011570026392789874
4257,Background,Background,0.9404404477054166,0.05919699285116204,0.00036255944342149156
4258,Background,Background,0.9839849111003871,0.015652529456191663,0.00036255944342149156
4259,Background,Background,0.9978836085644925,0.0018079628999700553,0.00030842853553749735
4260,Background,Background,0.9988308008821266,0.0010673437992140184,0.0001018553186594183
4261,Background,Background,0.9983639482358972,0.0013276232285652186,0.00030842853553749735
4262,Background,Background,0.9985665887207149,0.0012976494009877347,0.0001357618782974048
4263,Background,Background,0.991256164173855,0.004804536453329333,0.00393929937281575
4264,Background,Background,0.9988308008821266,0.0010673437992140184,0.0001018553186594183
4265,Background,Background,0.9988308008821266,0.0010673437992140184,0.0001018553186594183
4266,Background,Background,0.9985665887207149,0.0012976494009877347,0.0001357618782974048
4267,Background,Background,0.9985665887207149,0.0012976494009877347,0.0001357618782974048
4268,Background,Background,0.9988308008821266,0.0010673437992140184,0.0001018553186594183
4269,Background,Background,0.9985665887207149,0.0012976494009877347,0.0001357618782974048
4270,Background,Background,0.9985665887207149,0.0012976494009877347,0.0001357618782974048
4271,Background,Background,0.9985665887207149,0.0012976494009877347,0.0001357618782974048
4272,Background,Background,0.9983639482358972,0.0013276232285652186,0.00030842853553749735
4273,Background,Background,0.9985665887207149,0.0012976494009877347,0.0001357618782974048
4274,Background,Background,0.9979597873723816,0.0017880116722906775,0.0002522009553279254
4275,Background,Background,0.8933838183838168,0.09652497697248394,0.01009120464369958
4276,Background,Background,0.9985665887207149,0.0012976494009877347,0.0001357618782974048
4277,Background,Background,0.9983639482358972,0.0013276232285652186,0.00030842853553749735
4278,Background,Background,0.9985665887207149,0.0012976494009877347,0.0001357618782974048
4279,Background,Background,0.9985665887207149,0.0012976494009877347,0.0001357618782974048
4280,Background,Background,0.9788208454741365,0.020816595082442168,0.00036255944342149156
4281,Background,Background,0.9985665887207149,0.0012976494009877347,0.0001357618782974048
4282,Background,Background,0.9985665887207149,0.0012976494009877347,0.0001357618782974048
4283,Background,Background,0.9979597873723816,0.0017880116722906775,0.0002522009553279254
4284,Background,Background,0.9985665887207149,0.0012976494009877347,0.0001357618782974048
4285,Background,Background,0.9985665887207149,0.0012976494009877347,0.0001357618782974048
4286,Background,Background,0.9983639482358972,0.0013276232285652186,0.00030842853553749735
4287,Background,Background,0.8960712756263851,0.06620535014115206,0.0377233742324629
4288,Background,Background,0.9988308008821266,0.0010673437992140184,0.0001018553186594183
4289,Background,Background,0.9985665887207149,0.0012976494009877347,0.0001357618782974048
4290,Background,Background,0.9562673350564761,0.0012976494009877347,0.04243501554253624
4291,Background,Background,0.9985665887207149,0.0012976494009877347,0.0001357618782974048
4292,Background,Background,0.9985665887207149,0.0012976494009877347,0.0001357618782974048
4293,Background,Background,0.9979597873723816,0.0017880116722906775,0.0002522009553279254
4294,Background,Background,0.9979597873723816,0.0017880116722906775,0.0002522009553279254
4295,Background,Background,0.9988308008821266,0.0010673437992140184,0.0001018553186594183
4296,Background,Background,0.9985665887207149,0.0012976494009877347,0.0001357618782974048
4297,Background,Background,0.9988308008821266,0.0010673437992140184,0.0001018553186594183
4298,Background,Background,0.9985665887207149,0.0012976494009877347,0.0001357618782974048
4299,Background,Background,0.9985665887207149,0.0012976494009877347,0.0001357618782974048
4300,Background,Background,0.9988308008821266,0.0010673437992140184,0.0001018553186594183
4301,Background,Background,0.9985665887207149,0.0012976494009877347,0.0001357618782974048
4302,Background,Background,0.9985665887207149,0.0012976494009877347,0.0001357618782974048
4303,Background,Background,0.9887550660508666,0.011012182520049575,0.00023275142908410582
4304,Background,Background,0.9985665887207149,0.0012976494009877347,0.0001357618782974048
4305,Background,Background,0.9978836085644925,0.0018079628999700553,0.00030842853553749735
4306,Background,Background,0.9988308008821266,0.0010673437992140184,0.0001018553186594183
4307,Background,Background,0.9985665887207149,0.0012976494009877347,0.0001357618782974048
4308,Background,Background,0.9985665887207149,0.0012976494009877347,0.0001357618782974048
4309,Background,Background,0.9985665887207149,0.0012976494009877347,0.0001357618782974048
4310,Background,Background,0.9985665887207149,0.0012976494009877347,0.0001357618782974048
4311,Background,Background,0.9988308008821266,0.0010673437992140184,0.0001018553186594183
4312,Background,Background,0.9985665887207149,0.0012976494009877347,0.0001357618782974048
4313,Background,Background,0.9979597873723816,0.0017880116722906775,0.0002522009553279254
4314,Background,Background,0.9985665887207149,0.0012976494009877347,0.0001357618782974048
4315,Background,Background,0.9985665887207149,0.0012976494009877347,0.0001357618782974048
4316,Background,Background,0.9985665887207149,0.0012976494009877347,0.0001357618782974048
4317,Background,Background,0.9968309468096741,0.002936301761241989,0.00023275142908410582
4318,Background,Background,0.991180720741683,0.008567078302989356,0.0002522009553279254
4319,Background,Background,0.9988308008821266,0.0010673437992140184,0.0001018553186594183
4320,Background,Background,0.9988308008821266,0.0010673437992140184,0.0001018553186594183
4321,Background,Background,0.9988308008821266,0.0010673437992140184,0.0001018553186594183
4322,Background,Background,0.9985665887207149,0.0012976494009877347,0.0001357618782974048
4323,Background,Background,0.9985665887207149,0.0012976494009877347,0.0001357618782974048
4324,Background,Background,0.9985665887207149,0.0012976494009877347,0.0001357618782974048
4325,Background,Background,0.9985665887207149,0.0012976494009877347,0.0001357618782974048
4326,Background,Background,0.9988308008821266,0.0010673437992140184,0.0001018553186594183
4327,Background,Background,0.9985665887207149,0.0012976494009877347,0.0001357618782974048
4328,Background,Background,0.9988308008821266,0.0010673437992140184,0.0001018553186594183
4329,Background,Background,0.9985665887207149,0.0012976494009877347,0.0001357618782974048
4330,Background,Background,0.9988308008821266,0.0010673437992140184,0.0001018553186594183
4331,Background,Background,0.9898610182277173,0.0004757318570621649,0.009663249915220471
4332,Background,Background,0.9988308008821266,0.0010673437992140184,0.0001018553186594183
4333,Background,Background,0.9988308008821266,0.0010673437992140184,0.0001018553186594183
4334,Background,Background,0.9985665887207149,0.0012976494009877347,0.0001357618782974048
4335,Background,Background,0.9985665887207149,0.0012976494009877347,0.0001357618782974048
4336,Background,Background,0.9979597873723816,0.0017880116722906775,0.0002522009553279254
4337,Background,Background,0.9985665887207149,0.0012976494009877347,0.0001357618782974048
4338,Background,Background,0.9988308008821266,0.0010673437992140184,0.0001018553186594183
4339,Background,Background,0.9985665887207149,0.0012976494009877347,0.0001357618782974048
4340,Background,Background,0.9985665887207149,0.0012976494009877347,0.0001357618782974048
4341,Background,Background,0.9985665887207149,0.0012976494009877347,0.0001357618782974048
4342,Background,Background,0.9988308008821266,0.0010673437992140184,0.0001018553186594183
4343,Background,Background,0.9985665887207149,0.0012976494009877347,0.0001357618782974048
4344,Background,Background,0.9985665887207149,0.0012976494009877347,0.0001357618782974048
4345,Background,Background,0.9985665887207149,0.0012976494009877347,0.0001357618782974048
4346,Background,Background,0.9934085693151529,0.006228871241425871,0.00036255944342149156
4347,Background,Background,0.9979597873723816,0.0017880116722906775,0.0002522009553279254
4348,Background,Background,0.9002717855299452,0.07626171985460181,0.023466494615452752
4349,Background,Background,0.9988308008821266,0.0010673437992140184,0.0001018553186594183
4350,Background,Background,0.9988308008821266,0.0010673437992140184,0.0001018553186594183
4351,Background,Background,0.9988308008821266,0.0010673437992140184,0.0001018553186594183
4352,Background,Background,0.9847296939614276,0.014961877503035063,0.00030842853553749735
4353,Background,Background,0.9985665887207149,0.0012976494009877347,0.0001357618782974048
4354,Background,Background,0.9639110098212297,0.027337475268589827,0.008751514910180652
4355,Background,Background,0.9985665887207149,0.0012976494009877347,0.0001357618782974048
4356,Background,Background,0.9985665887207149,0.0012976494009877347,0.0001357618782974048
4357,Background,Background,0.9988308008821266,0.0010673437992140184,0.0001018553186594183
4358,Background,Background,0.9985665887207149,0.0012976494009877347,0.0001357618782974048
4359,Background,Background,0.9983639482358972,0.0013276232285652186,0.00030842853553749735
4360,Background,Background,0.9985665887207149,0.0012976494009877347,0.0001357618782974048
4361,Background,Background,0.9988308008821266,0.0010673437992140184,0.0001018553186594183
4362,Background,Background,0.9985665887207149,0.0012976494009877347,0.0001357618782974048
4363,Background,Background,0.9469912738371019,0.05264616671947662,0.00036255944342149156
4364,Background,Background,0.9985665887207149,0.0012976494009877347,0.0001357618782974048
4365,Background,Background,0.9983639482358972,0.0013276232285652186,0.00030842853553749735
4366,Background,Background,0.9979597873723816,0.0017880116722906775,0.0002522009553279254
4367,Background,Background,0.9988308008821266,0.0010673437992140184,0.0001018553186594183
4368,Background,Background,0.9988308008821266,0.0010673437992140184,0.0001018553186594183
4369,Background,Background,0.9985665887207149,0.0012976494009877347,0.0001357618782974048
4370,Background,Background,0.9985665887207149,0.0012976494009877347,0.0001357618782974048
4371,Background,Background,0.9985665887207149,0.0012976494009877347,0.0001357618782974048
4372,Background,Background,0.9988308008821266,0.0010673437992140184,0.0001018553186594183
4373,Background,Background,0.9983639482358972,0.0013276232285652186,0.00030842853553749735
4374,Background,Background,0.9983639482358972,0.0013276232285652186,0.00030842853553749735
4375,Background,Background,0.9988308008821266,0.0010673437992140184,0.0001018553186594183
4376,Background,Background,0.9988308008821266,0.0010673437992140184,0.0001018553186594183
4377,Background,Background,0.9985665887207149,0.0012976494009877347,0.0001357618782974048
4378,Background,Background,0.9988308008821266,0.0010673437992140184,0.0001018553186594183
4379,Background,Background,0.9983639482358972,0.0013276232285652186,0.00030842853553749735
4380,Background,Background,0.9983639482358972,0.0013276232285652186,0.00030842853553749735
4381,Background,Background,0.9860239550651153,0.013723843979557013,0.0002522009553279254
4382,Background,Background,0.9985665887207149,0.0012976494009877347,0.0001357618782974048
4383,Background,Background,0.9895650368452336,0.0017880116722906775,0.008646951482475917
4384,Background,Background,0.9985665887207149,0.0012976494009877347,0.0001357618782974048
4385,Background,Background,0.9979597873723816,0.0017880116722906775,0.0002522009553279254
4386,Background,Background,0.9985665887207149,0.0012976494009877347,0.0001357618782974048
4387,Background,Background,0.9985665887207149,0.0012976494009877347,0.0001357618782974048
4388,Background,Background,0.9404404477054166,0.05919699285116204,0.00036255944342149156
4389,Background,Background,0.9985665887207149,0.0012976494009877347,0.0001357618782974048
4390,Background,Background,0.9988308008821266,0.0010673437992140184,0.0001018553186594183
4391,Background,Background,0.9698610182277173,0.007841857794616672,0.022297123977665964
4392,Background,Background,0.9336827615899855,0.05048085034683053,0.01583638806318395
4393,Background,Background,0.9983639482358972,0.0013276232285652186,0.00030842853553749735
4394,Background,Background,0.9979597873723816,0.0017880116722906775,0.0002522009553279254
4395,Background,Background,0.9979597873723816,0.0017880116722906775,0.0002522009553279254
4396,Background,Background,0.9988308008821266,0.0010673437992140184,0.0001018553186594183
4397,Background,Background,0.9985665887207149,0.0012976494009877347,0.0001357618782974048
4398,Background,Background,0.9985665887207149,0.0012976494009877347,0.0001357618782974048
4399,Background,Background,0.9934085693151529,0.006228871241425871,0.00036255944342149156
4400,Background,Background,0.9985665887207149,0.0012976494009877347,0.0001357618782974048
4401,Background,Background,0.9988308008821266,0.0010673437992140184,0.0001018553186594183
4402,Background,Background,0.9985665887207149,0.0012976494009877347,0.0001357618782974048
4403,Background,Background,0.9985665887207149,0.0012976494009877347,0.0001357618782974048
4404,Background,Background,0.9941875645932631,0.005504006871199477,0.00030842853553749735
4405,Background,Background,0.9988308008821266,0.0010673437992140184,0.0001018553186594183
4406,Background,Background,0.8198725468198548,0.0015321491256654854,0.17859530405447976
4407,Background,Background,0.9988308008821266,0.0010673437992140184,0.0001018553186594183
4408,Background,Background,0.9985665887207149,0.0012976494009877347,0.0001357618782974048
4409,Background,Background,0.9985665887207149,0.0012976494009877347,0.0001357618782974048
4410,Background,Background,0.9985665887207149,0.0012976494009877347,0.0001357618782974048
4411,Background,Background,0.9983639482358972,0.0013276232285652186,0.00030842853553749735
4412,Background,Background,0.9985665887207149,0.0012976494009877347,0.0001357618782974048
4413,Background,Background,0.9988308008821266,0.0010673437992140184,0.0001018553186594183
4414,Background,Background,0.9983639482358972,0.0013276232285652186,0.00030842853553749735
4415,Background,Background,0.9985665887207149,0.0012976494009877347,0.0001357618782974048
4416,Background,Background,0.9898385028502973,0.00967259389701972,0.0004889032526830451
4417,Background,Background,0.9988308008821266,0.0010673437992140184,0.0001018553186594183
4418,Background,Background,0.9985665887207149,0.0012976494009877347,0.0001357618782974048
4419,Background,Background,0.9988308008821266,0.0010673437992140184,0.0001018553186594183
4420,Background,Background,0.9808332340117665,0.018804206544812182,0.00036255944342149156
4421,Background,Background,0.9988308008821266,0.0010673437992140184,0.0001018553186594183
4422,Background,Background,0.9963658451614067,0.003512849993690082,0.00012130484490323786
4423,Background,Background,0.9985665887207149,0.0012976494009877347,0.0001357618782974048
4424,Background,Background,0.9988308008821266,0.0010673437992140184,0.0001018553186594183
4425,Background,Background,0.9979597873723816,0.0017880116722906775,0.0002522009553279254
4426,Background,Background,0.9985665887207149,0.0012976494009877347,0.0001357618782974048
4427,Background,Background,0.9988308008821266,0.0010673437992140184,0.0001018553186594183
4428,Background,Background,0.9941875645932631,0.005504006871199477,0.00030842853553749735
4429,Background,Background,0.9985665887207149,0.0012976494009877347,0.0001357618782974048
4430,Background,Background,0.9979597873723816,0.0017880116722906775,0.0002522009553279254
4431,Background,Background,0.9985665887207149,0.0012976494009877347,0.0001357618782974048
4432,Background,Background,0.9988308008821266,0.0010673437992140184,0.0001018553186594183
4433,Background,Background,0.9988308008821266,0.0010673437992140184,0.0001018553186594183
4434,Background,Background,0.9985665887207149,0.0012976494009877347,0.0001357618782974048
4435,Background,Background,0.9963928619764532,0.0011909309312473056,0.002416207092299547
4436,Background,Background,0.9985665887207149,0.0012976494009877347,0.0001357618782974048
4437,Background,Background,0.9979597873723816,0.0017880116722906775,0.0002522009553279254
4438,Background,Background,0.9985665887207149,0.0012976494009877347,0.0001357618782974048
4439,Background,Background,0.9985665887207149,0.0012976494009877347,0.0001357618782974048
4440,Background,Background,0.9985665887207149,0.0012976494009877347,0.0001357618782974048
4441,Background,Background,0.9985665887207149,0.0012976494009877347,0.0001357618782974048
4442,Background,Background,0.9988308008821266,0.0010673437992140184,0.0001018553186594183
4443,Background,Background,0.9979597873723816,0.0017880116722906775,0.0002522009553279254
4444,Background,Background,0.9988308008821266,0.0010673437992140184,0.0001018553186594183
4445,Background,Background,0.9988308008821266,0.0010673437992140184,0.0001018553186594183
4446,Background,Background,0.9985665887207149,0.0012976494009877347,0.0001357618782974048
4447,Background,Background,0.9988308008821266,0.0010673437992140184,0.0001018553186594183
4448,Background,Background,0.9983639482358972,0.0013276232285652186,0.00030842853553749735
4449,Background,Background,0.9985665887207149,0.0012976494009877347,0.0001357618782974048
4450,Background,Background,0.9979792368986254,0.0017880116722906775,0.00023275142908410582
4451,Background,Background,0.9983639482358972,0.0013276232285652186,0.00030842853553749735
4452,Background,Background,0.9985665887207149,0.0012976494009877347,0.0001357618782974048
4453,Background,Background,0.9985665887207149,0.0012976494009877347,0.0001357618782974048
4454,Background,Background,0.9988308008821266,0.0010673437992140184,0.0001018553186594183
4455,Background,Background,0.9988308008821266,0.0010673437992140184,0.0001018553186594183
4456,Background,Background,0.9985665887207149,0.0012976494009877347,0.0001357618782974048
4457,Background,Background,0.9988308008821266,0.0010673437992140184,0.0001018553186594183
4458,Background,Background,0.9985665887207149,0.0012976494009877347,0.0001357618782974048
4459,Background,Background,0.9985665887207149,0.0012976494009877347,0.0001357618782974048
4460,Background,Background,0.9985665887207149,0.0012976494009877347,0.0001357618782974048
4461,Background,Background,0.9524372199574497,0.030548116172616678,0.0170146638699336
4462,Background,Background,0.9963928619764532,0.0011909309312473056,0.002416207092299547
4463,Background,Background,0.9985665887207149,0.0012976494009877347,0.0001357618782974048
4464,Background,Background,0.9988308008821266,0.0010673437992140184,0.0001018553186594183
4465,Background,Background,0.9988308008821266,0.0010673437992140184,0.0001018553186594183
4466,Background,Background,0.9979597873723816,0.0017880116722906775,0.0002522009553279254
4467,Background,Background,0.9988308008821266,0.0010673437992140184,0.0001018553186594183
4468,Background,Background,0.9798610182277173,0.0004757318570621649,0.01966324991522047
4469,Background,Background,0.91117212361347,0.05969871012767235,0.02912916625885746
4470,Background,Background,0.9985665887207149,0.0012976494009877347,0.0001357618782974048
4471,Background,Background,0.9983639482358972,0.0013276232285652186,0.00030842853553749735
4472,Background,Background,0.9860239550651153,0.013723843979557013,0.0002522009553279254
4473,Background,Background,0.9937072249218584,0.005984346542604314,0.00030842853553749735
4474,Background,Background,0.9985665887207149,0.0012976494009877347,0.0001357618782974048
4475,Background,Background,0.9898385028502973,0.00967259389701972,0.0004889032526830451
4476,Background,Background,0.9985665887207149,0.0012976494009877347,0.0001357618782974048
4477,Background,Background,0.9985665887207149,0.0012976494009877347,0.0001357618782974048
4478,Background,Background,0.9988308008821266,0.0010673437992140184,0.0001018553186594183
4479,Background,Background,0.8835465908341392,0.0910605670536735,0.025392842112187175
4480,Background,Background,0.9988308008821266,0.0010673437992140184,0.0001018553186594183
4481,Background,Background,0.9979597873723816,0.0017880116722906775,0.0002522009553279254
4482,Background,Background,0.9985665887207149,0.0012976494009877347,0.0001357618782974048
4483,Background,Background,0.9985665887207149,0.0012976494009877347,0.0001357618782974048
4484,Background,Background,0.9988308008821266,0.0010673437992140184,0.0001018553186594183
4485,Background,Background,0.9985665887207149,0.0012976494009877347,0.0001357618782974048
4486,Background,Background,0.9162083055411757,0.04509457048115827,0.03869712397766596
4487,Background,Background,0.9988308008821266,0.0010673437992140184,0.0001018553186594183
4488,Background,Background,0.9988308008821266,0.0010673437992140184,0.0001018553186594183
4489,Background,Background,0.9985665887207149,0.0012976494009877347,0.0001357618782974048
4490,Background,Background,0.9988308008821266,0.0010673437992140184,0.0001018553186594183
4491,Background,Background,0.9985665887207149,0.0012976494009877347,0.0001357618782974048
4492,Background,Background,0.9985665887207149,0.0012976494009877347,0.0001357618782974048
4493,Background,Background,0.9985665887207149,0.0012976494009877347,0.0001357618782974048
4494,Background,Background,0.9985665887207149,0.0012976494009877347,0.0001357618782974048
4495,Background,Background,0.9988308008821266,0.0010673437992140184,0.0001018553186594183
4496,Background,Background,0.9942033384529247,0.005488233011537876,0.00030842853553749735
4497,Background,Background,0.9985665887207149,0.0012976494009877347,0.0001357618782974048
4498,Background,Background,0.9988308008821266,0.0010673437992140184,0.0001018553186594183
4499,Background,Background,0.9985665887207149,0.0012976494009877347,0.0001357618782974048
4500,Background,Background,0.9988308008821266,0.0010673437992140184,0.0001018553186594183
4501,Background,Background,0.9988308008821266,0.0010673437992140184,0.0001018553186594183
4502,Background,Background,0.9860239550651153,0.013723843979557013,0.0002522009553279254
4503,Background,Background,0.9985665887207149,0.0012976494009877347,0.0001357618782974048
4504,Background,Background,0.9985665887207149,0.0012976494009877347,0.0001357618782974048
4505,Background,Background,0.9839849111003871,0.015652529456191663,0.00036255944342149156
4506,Background,Background,0.9979597873723816,0.0017880116722906775,0.0002522009553279254
4507,Background,Background,0.9983639482358972,0.0013276232285652186,0.00030842853553749735
4508,Background,Background,0.9985665887207149,0.0012976494009877347,0.0001357618782974048
4509,Background,Background,0.9985665887207149,0.0012976494009877347,0.0001357618782974048
4510,Background,Background,0.9988308008821266,0.0010673437992140184,0.0001018553186594183
4511,Background,Background,0.9988308008821266,0.0010673437992140184,0.0001018553186594183
4512,Background,Background,0.9988308008821266,0.0010673437992140184,0.0001018553186594183
4513,Background,Background,0.9988308008821266,0.0010673437992140184,0.0001018553186594183
4514,Background,Background,0.9902348078538026,0.009456763610660016,0.00030842853553749735
4515,Background,Background,0.9985665887207149,0.0012976494009877347,0.0001357618782974048
4516,Background,Background,0.9859472033154778,0.013690237241100967,0.00036255944342149156
4517,Background,Background,0.9898610182277173,0.0004757318570621649,0.009663249915220471
4518,Background,Background,0.9985665887207149,0.0012976494009877347,0.0001357618782974048
4519,Background,Background,0.9985665887207149,0.0012976494009877347,0.0001357618782974048
4520,Background,Background,0.9979597873723816,0.0017880116722906775,0.0002522009553279254
4521,Background,Background,0.9988308008821266,0.0010673437992140184,0.0001018553186594183
4522,Background,Background,0.9941875645932631,0.005504006871199477,0.00030842853553749735
4523,Background,Background,0.9985665887207149,0.0012976494009877347,0.0001357618782974048
4524,Background,Background,0.991180720741683,0.008567078302989356,0.0002522009553279254
4525,Background,Background,0.9988308008821266,0.0010673437992140184,0.0001018553186594183
4526,Background,Background,0.9985665887207149,0.0012976494009877347,0.0001357618782974048
4527,Background,Background,0.9988308008821266,0.0010673437992140184,0.0001018553186594183
4528,Background,Background,0.9988308008821266,0.0010673437992140184,0.0001018553186594183
4529,Background,Background,0.9988308008821266,0.0010673437992140184,0.0001018553186594183
4530,Background,Background,0.9985665887207149,0.0012976494009877347,0.0001357618782974048
4531,Background,Background,0.9985665887207149,0.0012976494009877347,0.0001357618782974048
4532,Background,Background,0.6484340616400601,0.0012575098244024764,0.3503084285355375
4533,Background,Background,0.964187564593263,0.005504006871199477,0.030308428535537498
4534,Background,Background,0.9988308008821266,0.0010673437992140184,0.0001018553186594183
4535,Background,Background,0.9979597873723816,0.0017880116722906775,0.0002522009553279254
4536,Background,Background,0.9988308008821266,0.0010673437992140184,0.0001018553186594183
4537,Background,Background,0.9988308008821266,0.0010673437992140184,0.0001018553186594183
4538,Background,Background,0.9985665887207149,0.0012976494009877347,0.0001357618782974048
4539,Background,Background,0.9985665887207149,0.0012976494009877347,0.0001357618782974048
4540,Background,Background,0.9985665887207149,0.0012976494009877347,0.0001357618782974048
4541,Background,Background,0.9985665887207149,0.0012976494009877347,0.0001357618782974048
4542,Background,Background,0.9036964124748492,0.01842295761024881,0.07788062991490188
4543,Background,Background,0.9985665887207149,0.0012976494009877347,0.0001357618782974048
4544,Background,Background,0.9985665887207149,0.0012976494009877347,0.0001357618782974048
4545,Benign,Benign,0.0,1.0,0.0
4546,Benign,Benign,0.0,1.0,0.0
4547,Benign,Benign,0.0,1.0,0.0
4548,Benign,Benign,0.004832402234636872,0.995167597765363,0.0
4549,Benign,Benign,0.0,1.0,0.0
4550,Benign,Benign,0.0,1.0,0.0
4551,Benign,Benign,0.0,1.0,0.0
4552,Benign,Benign,0.0,1.0,0.0
4553,Benign,Benign,0.006194047559650082,0.99380595244035,0.0
4554,Benign,Benign,0.0,1.0,0.0
4555,Benign,Benign,0.0,1.0,0.0
4556,Benign,Benign,0.0,1.0,0.0
4557,Benign,Benign,0.0,1.0,0.0
4558,Benign,Benign,0.0,1.0,0.0
4559,Benign,Benign,0.0,1.0,0.0
4560,Benign,Benign,0.0,0.9984101917590074,0.0015898082409926348
4561,Benign,Benign,0.0,1.0,0.0
4562,Benign,Benign,0.01633972689076866,0.9836602731092313,0.0
4563,Benign,Benign,0.008225735963935634,0.9917742640360643,0.0
4564,Benign,Benign,0.0047701863354037265,0.991717472602517,0.003512341062079282
4565,Benign,Benign,0.025222417661130356,0.9747775823388696,0.0
4566,Benign,Benign,0.0,1.0,0.0
4567,Benign,Benign,0.0,1.0,0.0
4568,Benign,Benign,0.0,1.0,0.0
4569,Benign,Benign,0.0,1.0,0.0
4570,Benign,Benign,0.0,0.9984101917590074,0.0015898082409926348
4571,Benign,Benign,0.004832402234636872,0.995167597765363,0.0
4572,Benign,Benign,0.0,1.0,0.0
4573,Benign,Benign,0.0,1.0,0.0
4574,Benign,Benign,0.0,1.0,0.0
4575,Benign,Benign,0.0,1.0,0.0
4576,Benign,Benign,0.0,0.9984101917590074,0.0015898082409926348
4577,Benign,Benign,0.0,1.0,0.0
4578,Benign,Benign,0.0,1.0,0.0
4579,Benign,Benign,0.0,1.0,0.0
4580,Benign,Benign,0.0,1.0,0.0
4581,Benign,Benign,0.0,0.9984101917590074,0.0015898082409926348
4582,Benign,Benign,0.0,0.9984101917590074,0.0015898082409926348
4583,Benign,Benign,0.001970967741935484,0.9980290322580646,0.0
4584,Benign,Benign,0.0,1.0,0.0
4585,Benign,Benign,0.008225735963935634,0.9917742640360643,0.0
4586,Benign,Benign,0.0,1.0,0.0
4587,Benign,Benign,0.0,1.0,0.0
4588,Benign,Benign,0.0,1.0,0.0
4589,Benign,Benign,0.0,1.0,0.0
4590,Benign,Benign,0.03457190706781099,0.9654280929321891,0.0
4591,Benign,Benign,0.0,1.0,0.0
4592,Benign,Benign,0.0,1.0,0.0
4593,Benign,Benign,0.0,1.0,0.0
4594,Benign,Benign,0.0,1.0,0.0
4595,Benign,Benign,0.0,1.0,0.0
4596,Benign,Benign,0.0,1.0,0.0
4597,Benign,Benign,0.0,1.0,0.0
4598,Benign,Benign,0.004832402234636872,0.995167597765363,0.0
