row_id,true_label,predicted_label,prob_Bot,prob_Brute Force,prob_DoS/DDoS,prob_Normal,prob_Web Attack
0,DoS/DDoS,DoS/DDoS,0.0,0.0,1.0,0.0,0.0
1,DoS/DDoS,DoS/DDoS,0.0,0.0,1.0,0.0,0.0
2,DoS/DDoS,DoS/DDoS,0.0,0.0,1.0,0.0,0.0
3,DoS/DDoS,DoS/DDoS,0.0,0.0,1.0,0.0,0.0
4,Normal,Normal,0.0,0.0,0.0,1.0,0.0
5,Normal,Normal,0.0,6.819473810748967e-06,0.0,0.9999931805261891,0.0
6,Normal,Normal,0.0,6.819473810748967e-06,0.0,0.9999931805261891,0.0
7,DoS/DDoS,DoS/DDoS,0.0,0.0,1.0,0.0,0.0
8,DoS/DDoS,DoS/DDoS,0.0,0.0038230018572700353,0.9761975731976433,0.007272976150675512,0.012706448794411183
9,DoS/DDoS,DoS/DDoS,0.0,0.0,1.0,0.0,0.0
10,DoS/DDoS,DoS/DDoS,0.0,0.0,0.9929049682777021,0.007095031722297972,0.0
11,Brute Force,Brute Force,0.0,1.0,0.0,0.0,0.0
12,DoS/DDoS,DoS/DDoS,0.0,0.0,1.0,0.0,0.0
13,Brute Force,Brute Force,0.0,0.9999754714906288,0.0,2.452850937120762e-05,0.0
14,Normal,Normal,0.0,6.819473810748967e-06,0.0,0.9999931805261891,0.0
15,Normal,Normal,0.0,0.02306993321447767,0.01,0.9572618659199592,0.00966820086556296
16,Normal,Normal,0.0,0.0,0.01701679465310345,0.9829832053468965,0.0
17,DoS/DDoS,DoS/DDoS,0.0,0.0,1.0,0.0,0.0
18,Brute Force,Brute Force,0.0,1.0,0.0,0.0,0.0
19,Normal,Normal,0.0,6.819473810748967e-06,0.0,0.9999931805261891,0.0
20,Normal,Normal,0.0,0.0,0.0,1.0,0.0
21,Normal,Normal,0.0,0.0,0.0,1.0,0.0
22,Brute Force,Brute Force,0.0,0.9999754714906288,0.0,2.452850937120762e-05,0.0
23,Brute Force,Brute Force,0.0,1.0,0.0,0.0,0.0
24,Brute Force,Brute Force,0.0,1.0,0.0,0.0,0.0
25,DoS/DDoS,DoS/DDoS,0.0,0.0,1.0,0.0,0.0
26,DoS/DDoS,DoS/DDoS,0.0,0.0,0.9950564559216385,0.004943544078361531,0.0
27,DoS/DDoS,DoS/DDoS,0.0,0.0,1.0,0.0,0.0
28,DoS/DDoS,DoS/DDoS,0.0,0.0,1.0,0.0,0.0
29,Brute Force,Brute Force,0.0,1.0,0.0,0.0,0.0
30,DoS/DDoS,DoS/DDoS,0.0,0.0001543506670166707,0.9965493296890102,0.0032963196439731806,0.0
31,Normal,Normal,0.0,0.0,0.0,1.0,0.0
32,DoS/DDoS,DoS/DDoS,0.0,0.0,1.0,0.0,0.0
33,DoS/DDoS,DoS/DDoS,0.0,0.0,1.0,0.0,0.0
34,DoS/DDoS,DoS/DDoS,0.0,0.0,0.9999915125871316,8.487412868436374e-06,0.0
35,DoS/DDoS,DoS/DDoS,0.0,0.0,1.0,0.0,0.0
36,Brute Force,Brute Force,0.0,1.0,0.0,0.0,0.0
37,Normal,Normal,0.0,0.0,0.0,0.99,0.01
38,Normal,Normal,0.0,0.0,0.0,1.0,0.0
39,DoS/DDoS,DoS/DDoS,0.0,0.0,1.0,0.0,0.0
40,Bot,Bot,0.9539210039344478,0.0,0.00010474303355153435,0.04597425303200056,0.0
41,Normal,Normal,0.0,6.819473810748967e-06,0.0,0.9999931805261891,0.0
42,DoS/DDoS,DoS/DDoS,0.0,0.0,0.9824464424560699,0.017553557543930096,0.0
43,DoS/DDoS,DoS/DDoS,0.0,0.0,1.0,0.0,0.0
44,DoS/DDoS,DoS/DDoS,0.0,0.0,1.0,0.0,0.0
45,Normal,Normal,0.0,0.0,0.0,1.0,0.0
46,DoS/DDoS,DoS/DDoS,0.0,0.0,1.0,0.0,0.0
47,Normal,Normal,0.0,6.819473810748967e-06,0.0,0.9999931805261891,0.0
48,Brute Force,Brute Force,0.0,1.0,0.0,0.0,0.0
49,Normal,Normal,0.0,6.819473810748967e-06,0.0,0.9999931805261891,0.0
50,Brute Force,Brute Force,0.0,1.0,0.0,0.0,0.0
51,Brute Force,Brute Force,0.0,1.0,0.0,0.0,0.0
52,Normal,Normal,0.0,6.819473810748967e-06,0.0,0.9999931805261891,0.0
53,Normal,Normal,0.0,6.819473810748967e-06,0.0,0.9999931805261891,0.0
54,Normal,Normal,0.008877343104386815,0.0,0.0,0.9911226568956133,0.0
55,Brute Force,Brute Force,0.0,0.9668485769492223,0.004136183920435997,0.010183411852722861,0.018831827277618767
56,DoS/DDoS,DoS/DDoS,0.0,0.0,1.0,0.0,0.0
57,Normal,Normal,0.0010252159614789497,0.03951034205111623,0.004055791570993761,0.917896616658072,0.037512033758338795
58,DoS/DDoS,DoS/DDoS,0.0,0.0,1.0,0.0,0.0
59,Normal,Normal,0.0,6.819473810748967e-06,0.0,0.9999931805261891,0.0
60,DoS/DDoS,DoS/DDoS,0.0,0.0,1.0,0.0,0.0
61,Normal,Normal,0.0,6.819473810748967e-06,0.0,0.9999931805261891,0.0
62,DoS/DDoS,DoS/DDoS,0.0,0.0,1.0,0.0,0.0
63,DoS/DDoS,DoS/DDoS,0.0,0.0,1.0,0.0,0.0
64,Normal,Normal,0.0,0.0,0.0,1.0,0.0
65,Brute Force,Brute Force,0.0,1.0,0.0,0.0,0.0
66,Brute Force,Brute Force,0.0,0.9999754714906288,0.0,2.452850937120762e-05,0.0
67,DoS/DDoS,DoS/DDoS,0.0,0.0,1.0,0.0,0.0
68,Normal,Normal,0.0,6.819473810748967e-06,0.0,0.9999931805261891,0.0
69,Normal,Normal,0.0,6.819473810748967e-06,0.0,0.9999931805261891,0.0
70,DoS/DDoS,DoS/DDoS,0.0,0.0,1.0,0.0,0.0
71,Normal,Normal,0.0,0.0,0.07716140367804608,0.922838596321954,0.0
72,Normal,Normal,0.0,0.0,0.0,1.0,0.0
73,Normal,Normal,0.0,0.0,0.0,1.0,0.0
74,Normal,Normal,0.0,6.819473810748967e-06,0.027669552768199254,0.9723236277579901,0.0
75,Normal,Normal,0.0,6.819473810748967e-06,0.0,0.9999931805261891,0.0
76,Brute Force,Brute Force,0.0,1.0,0.0,0.0,0.0
77,DoS/DDoS,DoS/DDoS,0.0,0.0,0.9991163203841111,0.0008836796158889274,0.0
78,DoS/DDoS,DoS/DDoS,0.0,0.0,1.0,0.0,0.0
79,Normal,Normal,0.0,0.0,0.0,0.980631356491877,0.0193686435081231
80,DoS/DDoS,DoS/DDoS,0.0,0.0,1.0,0.0,0.0
81,Normal,Normal,0.0,6.819473810748967e-06,0.0,0.9999931805261891,0.0
82,Normal,Normal,0.0,6.819473810748967e-06,0.0,0.9999931805261891,0.0
83,Normal,Normal,0.0,6.819473810748967e-06,0.0,0.9999931805261891,0.0
84,Normal,Bot,0.9536779011390705,0.0,0.00010474303355153435,0.046217355827377904,0.0
85,Normal,Normal,0.0,6.819473810748967e-06,0.0,0.9999931805261891,0.0
86,DoS/DDoS,DoS/DDoS,0.0,0.0,1.0,0.0,0.0
87,DoS/DDoS,DoS/DDoS,0.0,0.0,1.0,0.0,0.0
88,DoS/DDoS,DoS/DDoS,0.0,0.0,1.0,0.0,0.0
89,DoS/DDoS,DoS/DDoS,0.0,0.0,0.9999915125871316,8.487412868436374e-06,0.0
90,Brute Force,Brute Force,0.0,1.0,0.0,0.0,0.0
91,Normal,Normal,0.0,0.0,0.0,1.0,0.0
92,Normal,Normal,0.0,6.819473810748967e-06,0.0,0.9999931805261891,0.0
93,Normal,Normal,0.0,6.819473810748967e-06,0.0,0.9999931805261891,0.0
94,DoS/DDoS,DoS/DDoS,0.0,0.0,1.0,0.0,0.0
95,Brute Force,Web Attack,0.0,0.4738370546326584,0.00043546273942595337,0.0065157461096978075,0.5192117365182175
96,DoS/DDoS,DoS/DDoS,0.0,0.0,1.0,0.0,0.0
97,DoS/DDoS,DoS/DDoS,0.0,0.0,1.0,0.0,0.0
98,Normal,Normal,0.0,0.0,0.0,1.0,0.0
99,Normal,Normal,0.0,0.0,0.0,1.0,0.0
100,Bot,Bot,0.9539210039344478,0.0,0.00010474303355153435,0.04597425303200056,0.0
101,Brute Force,Brute Force,0.0,0.9999754714906288,0.0,2.452850937120762e-05,0.0
102,DoS/DDoS,DoS/DDoS,0.0,0.0,1.0,0.0,0.0
103,Normal,Normal,0.0,0.0,0.0,1.0,0.0
104,DoS/DDoS,DoS/DDoS,0.0,0.0,1.0,0.0,0.0
105,DoS/DDoS,DoS/DDoS,0.0,0.0,1.0,0.0,0.0
106,Brute Force,Brute Force,0.0,0.9999754714906288,0.0,2.452850937120762e-05,0.0
107,DoS/DDoS,DoS/DDoS,0.0,0.0,1.0,0.0,0.0
108,Brute Force,Brute Force,0.0,1.0,0.0,0.0,0.0
109,Normal,Normal,0.008877343104386815,0.0,0.0,0.9911226568956133,0.0
110,DoS/DDoS,DoS/DDoS,0.0,0.0,1.0,0.0,0.0
111,Normal,Normal,0.0,6.819473810748967e-06,0.0,0.9999931805261891,0.0
112,DoS/DDoS,DoS/DDoS,0.0,0.0,1.0,0.0,0.0
113,DoS/DDoS,DoS/DDoS,0.0,0.0,0.9991163203841111,0.0008836796158889274,0.0
114,Bot,Bot,0.999928535227931,0.0,5.39913091401014e-06,6.606564115514711e-05,0.0
115,Brute Force,Brute Force,0.0,1.0,0.0,0.0,0.0
116,Brute Force,Brute Force,0.0,0.9999754714906288,0.0,2.452850937120762e-05,0.0
117,DoS/DDoS,DoS/DDoS,0.0,0.0,1.0,0.0,0.0
118,DoS/DDoS,DoS/DDoS,0.0,0.0,0.9862826068850427,0.013717393114957297,0.0
119,DoS/DDoS,DoS/DDoS,0.0,0.0,1.0,0.0,0.0
120,DoS/DDoS,DoS/DDoS,0.0,0.0,1.0,0.0,0.0
121,Brute Force,Brute Force,0.0,1.0,0.0,0.0,0.0
122,DoS/DDoS,DoS/DDoS,0.0,0.0,0.9999915125871316,8.487412868436374e-06,0.0
123,Brute Force,Brute Force,0.0,1.0,0.0,0.0,0.0
124,Bot,Bot,0.9430802975349976,0.0,0.00010474303355153435,0.05681495943145094,0.0
125,Normal,Normal,0.0,6.819473810748967e-06,0.0,0.9999931805261891,0.0
126,DoS/DDoS,DoS/DDoS,0.0,0.0,1.0,0.0,0.0
127,DoS/DDoS,DoS/DDoS,0.0,0.0,1.0,0.0,0.0
128,DoS/DDoS,DoS/DDoS,0.0,0.0,0.999023673034044,0.0009763269659559715,0.0
129,DoS/DDoS,DoS/DDoS,0.0,0.0,1.0,0.0,0.0
130,Normal,Normal,0.0,0.0,0.0,1.0,0.0
131,Normal,Normal,0.0,6.819473810748967e-06,0.0,0.9999931805261891,0.0
132,Normal,Normal,0.0,6.819473810748967e-06,0.0,0.9999931805261891,0.0
133,Normal,Bot,0.7577830372535801,0.0,0.00010474303355153435,0.24211221971286784,0.0
134,Normal,Normal,0.0,0.0,0.0,1.0,0.0
135,Brute Force,Brute Force,0.0,0.9999754714906288,0.0,2.452850937120762e-05,0.0
136,Web Attack,Brute Force,0.0,0.7614302826854079,0.0004169323966251578,0.013713386253954036,0.22443939866401277
137,Web Attack,Web Attack,0.0,0.3830928990329934,0.00043826923453317774,0.00772556610073307,0.6087432656317402
138,Brute Force,Brute Force,0.0,1.0,0.0,0.0,0.0
139,Brute Force,Brute Force,0.0,1.0,0.0,0.0,0.0
140,Normal,Normal,0.0,0.00657188513418245,0.0,0.9934281148658175,0.0
141,Normal,Normal,0.0,0.0065428704566635595,0.0,0.9934571295433365,0.0
142,DoS/DDoS,DoS/DDoS,0.0,0.0,1.0,0.0,0.0
143,DoS/DDoS,DoS/DDoS,0.0,0.0,1.0,0.0,0.0
144,Normal,Normal,0.0,6.819473810748967e-06,0.0,0.9999931805261891,0.0
145,Bot,Bot,1.0,0.0,0.0,0.0,0.0
146,Normal,Normal,0.0,0.09739810499536644,0.0013636628222773904,0.6712354150980103,0.23000281708434575
147,Normal,Normal,0.0,0.0,0.0,1.0,0.0
148,DoS/DDoS,DoS/DDoS,0.0,0.0,1.0,0.0,0.0
149,Normal,Normal,0.0,0.0,0.011367015625005066,0.9886329843749949,0.0
150,Brute Force,Brute Force,0.0,1.0,0.0,0.0,0.0
151,DoS/DDoS,DoS/DDoS,0.0,0.0,1.0,0.0,0.0
152,Brute Force,Brute Force,0.0,1.0,0.0,0.0,0.0
153,Normal,Normal,0.0,6.819473810748967e-06,0.0,0.9999931805261891,0.0
154,Brute Force,Brute Force,0.0,0.5486930100743614,0.0004558675133510343,0.0017035462840902544,0.449147576128197
155,DoS/DDoS,DoS/DDoS,0.0,0.0,1.0,0.0,0.0
156,DoS/DDoS,DoS/DDoS,0.0,0.0,1.0,0.0,0.0
157,DoS/DDoS,DoS/DDoS,0.0,0.0,0.9999126761156112,8.732388438904994e-05,0.0
158,DoS/DDoS,DoS/DDoS,0.0,0.0,1.0,0.0,0.0
159,Normal,Normal,0.0,6.819473810748967e-06,0.0,0.9999931805261891,0.0
160,Brute Force,Brute Force,0.0,1.0,0.0,0.0,0.0
161,Normal,Normal,0.0023157460774532366,0.0016751645173718386,0.0021780323198053396,0.9865810655150498,0.0072499915703197705
162,DoS/DDoS,DoS/DDoS,0.0,0.0,1.0,0.0,0.0
163,Normal,Normal,0.0,6.819473810748967e-06,0.0,0.9999931805261891,0.0
164,DoS/DDoS,DoS/DDoS,0.0,0.0,1.0,0.0,0.0
165,DoS/DDoS,DoS/DDoS,0.0,0.0,1.0,0.0,0.0
166,DoS/DDoS,DoS/DDoS,0.0,0.0,1.0,0.0,0.0
167,Normal,Normal,0.0,0.001087812816944595,0.0,0.9989121871830554,0.0
168,DoS/DDoS,DoS/DDoS,0.0,0.0,1.0,0.0,0.0
169,Normal,Normal,9.524147083421578e-05,0.02958117086794243,0.05359288934458461,0.9060738693492225,0.010656828967416355
170,Brute Force,Brute Force,0.0,1.0,0.0,0.0,0.0
171,Brute Force,Brute Force,0.0,0.9965388235294117,0.0034611764705882353,0.0,0.0
172,Normal,Normal,0.0,0.0,0.0,1.0,0.0
173,Brute Force,Brute Force,0.0,1.0,0.0,0.0,0.0
174,Normal,Normal,0.0,0.0,3.273209551560448e-05,0.9999672679044843,0.0
175,DoS/DDoS,DoS/DDoS,0.0,0.0,0.9998865803330991,0.00011341966690102105,0.0
176,Brute Force,Brute Force,0.0,1.0,0.0,0.0,0.0
177,Normal,Normal,0.0,6.819473810748967e-06,0.0,0.9999931805261891,0.0
178,Brute Force,Brute Force,0.0,1.0,0.0,0.0,0.0
179,Web Attack,Brute Force,0.0,0.8982948976743802,0.00037865738613959845,0.007807015461525132,0.09351942947795483
180,DoS/DDoS,DoS/DDoS,0.0,0.0,1.0,0.0,0.0
181,Brute Force,Brute Force,0.0,0.7524560447257522,0.0004985439319532886,0.005445363906116007,0.24160004743617833
182,DoS/DDoS,DoS/DDoS,0.0,0.0,1.0,0.0,0.0
183,Brute Force,Web Attack,0.0,0.10664267878719232,0.0004985439319532886,0.0031145735830835426,0.8897442036977705
184,Normal,Normal,0.0,6.819473810748967e-06,0.0,0.9999931805261891,0.0
185,DoS/DDoS,DoS/DDoS,0.0,0.0,1.0,0.0,0.0
186,Normal,Normal,0.0,6.819473810748967e-06,0.0,0.9999931805261891,0.0
187,Brute Force,Brute Force,0.0,0.9999754714906288,0.0,2.452850937120762e-05,0.0
188,Brute Force,Brute Force,0.0,1.0,0.0,0.0,0.0
189,Normal,Normal,0.0,6.819473810748967e-06,0.0,0.9999931805261891,0.0
190,DoS/DDoS,DoS/DDoS,0.0,0.0,1.0,0.0,0.0
191,Normal,Normal,0.0,6.819473810748967e-06,0.0,0.9999931805261891,0.0
192,DoS/DDoS,DoS/DDoS,0.0,0.0,1.0,0.0,0.0
193,Normal,Normal,0.0,0.0,0.0,1.0,0.0
194,Normal,Normal,0.0,0.0,0.0,1.0,0.0
195,DoS/DDoS,DoS/DDoS,0.0,0.0,1.0,0.0,0.0
196,DoS/DDoS,DoS/DDoS,0.0,0.0,0.9994360078834549,0.0005639921165450961,0.0
197,DoS/DDoS,DoS/DDoS,0.0,0.0,1.0,0.0,0.0
198,DoS/DDoS,DoS/DDoS,0.0,0.0,1.0,0.0,0.0
199,Brute Force,Brute Force,0.0,0.9999754714906288,0.0,2.452850937120762e-05,0.0
200,DoS/DDoS,DoS/DDoS,0.0,0.0,1.0,0.0,0.0
201,Web Attack,Brute Force,0.0,0.5017000331786318,0.0004203440985729727,0.017608777750359857,0.4802708449724353
202,DoS/DDoS,DoS/DDoS,0.0,0.0,1.0,0.0,0.0
203,DoS/DDoS,DoS/DDoS,0.0,0.0,1.0,0.0,0.0
204,Normal,Normal,0.0,0.0,0.0,1.0,0.0
205,Normal,Normal,0.0,0.0,0.00010401136517345557,0.9998959886348265,0.0
206,Normal,Normal,0.0,0.0,0.0,1.0,0.0
207,Normal,Normal,0.0,6.819473810748967e-06,0.0,0.9999931805261891,0.0
208,Normal,Normal,0.0,6.819473810748967e-06,0.0,0.9999931805261891,0.0
209,Normal,Normal,0.0,6.819473810748967e-06,0.0,0.9999931805261891,0.0
210,Normal,Normal,0.0,6.819473810748967e-06,0.0,0.9999931805261891,0.0
211,DoS/DDoS,DoS/DDoS,0.0,0.0,1.0,0.0,0.0
212,Normal,Normal,0.0,0.0,0.003309096093527231,0.9869951021170715,0.00969580178940124
213,DoS/DDoS,DoS/DDoS,0.0,0.0,1.0,0.0,0.0
214,Brute Force,Brute Force,0.0,1.0,0.0,0.0,0.0
215,Brute Force,Brute Force,0.0,0.9999754714906288,0.0,2.452850937120762e-05,0.0
216,DoS/DDoS,DoS/DDoS,0.0,0.0,1.0,0.0,0.0
217,DoS/DDoS,DoS/DDoS,0.0,0.0,1.0,0.0,0.0
218,Normal,Normal,0.0,6.819473810748967e-06,0.0,0.9999931805261891,0.0
219,DoS/DDoS,DoS/DDoS,0.0,0.0,1.0,0.0,0.0
220,DoS/DDoS,DoS/DDoS,0.0,0.0,1.0,0.0,0.0
221,DoS/DDoS,DoS/DDoS,0.0,0.0,1.0,0.0,0.0
222,Normal,Normal,0.0,6.819473810748967e-06,0.0,0.9999931805261891,0.0
223,DoS/DDoS,DoS/DDoS,0.0,0.0,1.0,0.0,0.0
224,DoS/DDoS,DoS/DDoS,0.0,0.0,1.0,0.0,0.0
225,DoS/DDoS,DoS/DDoS,0.0,0.0,1.0,0.0,0.0
226,Brute Force,Brute Force,0.0,0.9999754714906288,0.0,2.452850937120762e-05,0.0
227,DoS/DDoS,DoS/DDoS,0.0,0.0,1.0,0.0,0.0
228,Normal,Normal,0.0,6.819473810748967e-06,0.0,0.9999931805261891,0.0
229,Bot,Bot,0.9531656820883542,0.0,0.00010474303355153435,0.04672957487809406,0.0
230,Normal,Normal,0.0,6.819473810748967e-06,0.0,0.9999931805261891,0.0
231,Normal,Normal,0.0,6.819473810748967e-06,0.0,0.9999931805261891,0.0
232,DoS/DDoS,DoS/DDoS,0.0,0.0,1.0,0.0,0.0
233,DoS/DDoS,DoS/DDoS,0.0,0.0,1.0,0.0,0.0
234,Normal,Normal,0.0,6.819473810748967e-06,0.0,0.9999931805261891,0.0
235,Brute Force,Brute Force,0.0,1.0,0.0,0.0,0.0
236,DoS/DDoS,DoS/DDoS,0.0,0.0,0.9999915125871316,8.487412868436374e-06,0.0
237,DoS/DDoS,DoS/DDoS,0.0,0.0,0.9998865803330991,0.00011341966690102105,0.0
238,DoS/DDoS,DoS/DDoS,0.0,0.0,1.0,0.0,0.0
239,Brute Force,Brute Force,0.0,1.0,0.0,0.0,0.0
240,DoS/DDoS,DoS/DDoS,0.0,0.0,1.0,0.0,0.0
241,Normal,Normal,0.0,6.819473810748967e-06,0.0,0.9999931805261891,0.0
242,DoS/DDoS,DoS/DDoS,0.0,0.0,0.79425857676808,0.20574142323191996,0.0
243,Normal,Normal,0.0,6.819473810748967e-06,0.0,0.9999931805261891,0.0
244,Normal,Normal,0.0010252159614789497,0.03951034205111623,0.004055791570993761,0.917896616658072,0.037512033758338795
245,Bot,Bot,0.9432668652727518,0.0,0.00010474303355153435,0.05662839169369659,0.0
246,Normal,Normal,0.0,6.819473810748967e-06,0.0,0.9999931805261891,0.0
247,DoS/DDoS,DoS/DDoS,0.0,0.0,1.0,0.0,0.0
248,DoS/DDoS,DoS/DDoS,0.0,0.0,1.0,0.0,0.0
249,DoS/DDoS,DoS/DDoS,0.0,0.0,0.9994360078834549,0.0005639921165450961,0.0
250,DoS/DDoS,DoS/DDoS,0.0,0.0,1.0,0.0,0.0
251,DoS/DDoS,DoS/DDoS,0.0,0.004092156996392695,0.9301576531403161,0.05304374106887992,0.012706448794411183
252,Brute Force,Brute Force,0.0,1.0,0.0,0.0,0.0
253,Normal,Normal,0.0,0.0,0.012473393269255196,0.9875266067307448,0.0
254,Bot,Bot,0.999928535227931,0.0,5.39913091401014e-06,6.606564115514711e-05,0.0
255,Brute Force,Brute Force,0.0,1.0,0.0,0.0,0.0
256,DoS/DDoS,DoS/DDoS,0.0,0.0,1.0,0.0,0.0
257,Normal,Normal,0.0,6.819473810748967e-06,0.0,0.9999931805261891,0.0
258,Normal,Normal,0.0,6.819473810748967e-06,0.0,0.9999931805261891,0.0
259,Bot,Bot,1.0,0.0,0.0,0.0,0.0
260,DoS/DDoS,DoS/DDoS,0.0,0.0,1.0,0.0,0.0
261,Normal,Normal,0.0,6.819473810748967e-06,0.0,0.9999931805261891,0.0
262,Bot,Bot,0.9538278695750254,0.0,0.00010474303355153435,0.04606738739142299,0.0
263,Normal,Normal,0.0,6.819473810748967e-06,0.0,0.9999931805261891,0.0
264,Brute Force,Brute Force,0.0,1.0,0.0,0.0,0.0
265,DoS/DDoS,DoS/DDoS,0.0,0.0,1.0,0.0,0.0
266,DoS/DDoS,DoS/DDoS,0.0,0.0,1.0,0.0,0.0
267,Normal,Normal,0.0,0.0,0.0,1.0,0.0
268,Brute Force,Brute Force,0.0,0.9999754714906288,0.0,2.452850937120762e-05,0.0
269,Bot,Bot,0.9539210039344478,0.0,0.00010474303355153435,0.04597425303200056,0.0
270,Bot,Bot,1.0,0.0,0.0,0.0,0.0
271,Brute Force,Brute Force,0.0,1.0,0.0,0.0,0.0
272,Brute Force,Brute Force,0.0,1.0,0.0,0.0,0.0
273,DoS/DDoS,DoS/DDoS,0.0,0.0,1.0,0.0,0.0
274,DoS/DDoS,DoS/DDoS,0.0,0.0,0.9997557786241573,0.0002442213758426344,0.0
275,DoS/DDoS,DoS/DDoS,0.0,0.0,1.0,0.0,0.0
276,Normal,Bot,0.7609587313819369,0.0,0.00010474303355153435,0.238936525584511,0.0
277,Brute Force,Brute Force,0.0,1.0,0.0,0.0,0.0
278,Brute Force,Brute Force,0.0,1.0,0.0,0.0,0.0
279,DoS/DDoS,DoS/DDoS,0.0,0.0,1.0,0.0,0.0
280,DoS/DDoS,DoS/DDoS,0.0,0.0,1.0,0.0,0.0
281,DoS/DDoS,DoS/DDoS,0.00010988690357994182,0.008985590372732308,0.6432706577820599,0.30708641062145814,0.04054745432016963
282,Normal,Normal,0.0,6.819473810748967e-06,0.0,0.9999931805261891,0.0
283,DoS/DDoS,DoS/DDoS,0.0,0.0,1.0,0.0,0.0
284,Bot,Bot,0.8231427827724402,0.0,5.39913091401014e-06,0.1768518180966458,0.0
285,Normal,Normal,0.0,0.0,0.0,1.0,0.0
286,DoS/DDoS,DoS/DDoS,0.0,0.0,0.9994360078834549,0.0005639921165450961,0.0
287,Bot,Bot,1.0,0.0,0.0,0.0,0.0
288,DoS/DDoS,DoS/DDoS,0.0,0.0,1.0,0.0,0.0
289,DoS/DDoS,DoS/DDoS,0.0,0.0001543506670166707,0.9992003610584387,0.0006452882745447497,0.0
290,DoS/DDoS,DoS/DDoS,0.0,0.0,0.989671425129209,0.010328574870790917,0.0
291,Brute Force,Brute Force,0.0,1.0,0.0,0.0,0.0
292,Normal,Normal,0.036667441771170275,0.0,0.0008758919451295575,0.9624566662837003,0.0
293,Brute Force,Brute Force,0.0,1.0,0.0,0.0,0.0
294,Normal,Normal,0.0,6.819473810748967e-06,0.0,0.9999931805261891,0.0
295,Brute Force,Brute Force,0.0,0.9999754714906288,0.0,2.452850937120762e-05,0.0
296,Brute Force,Web Attack,0.00032907647963916875,0.27909507857656174,0.04688227670132088,0.1675137452491155,0.5061798229933622
297,DoS/DDoS,DoS/DDoS,0.0,0.0,0.9998865803330991,0.00011341966690102105,0.0
298,Normal,Normal,0.0,0.0,0.01661904598615429,0.9833809540138457,0.0
299,DoS/DDoS,DoS/DDoS,0.0,0.0,1.0,0.0,0.0
300,Normal,Normal,0.0,0.0,0.0026371362340063733,0.9973628637659935,0.0
301,DoS/DDoS,DoS/DDoS,0.0,0.0,1.0,0.0,0.0
302,Brute Force,Brute Force,0.0,1.0,0.0,0.0,0.0
303,DoS/DDoS,DoS/DDoS,0.0,0.0,1.0,0.0,0.0
304,DoS/DDoS,DoS/DDoS,0.0,0.0,1.0,0.0,0.0
305,DoS/DDoS,DoS/DDoS,0.0,0.0,0.9999126761156112,8.732388438904994e-05,0.0
306,DoS/DDoS,DoS/DDoS,0.0,0.0,1.0,0.0,0.0
307,DoS/DDoS,DoS/DDoS,0.0,0.0,1.0,0.0,0.0
308,Normal,Normal,0.0,0.0,0.0,1.0,0.0
309,DoS/DDoS,DoS/DDoS,0.0,0.0,1.0,0.0,0.0
310,Normal,Normal,0.008877343104386815,0.0,0.0,0.9911226568956133,0.0
311,Normal,Normal,0.0,0.0,0.0,1.0,0.0
312,DoS/DDoS,DoS/DDoS,0.0,0.0,1.0,0.0,0.0
313,Normal,Normal,0.0,6.819473810748967e-06,0.0,0.9999931805261891,0.0
314,Bot,Bot,1.0,0.0,0.0,0.0,0.0
315,DoS/DDoS,DoS/DDoS,0.00010988690357994182,0.00911377026313739,0.900372912863821,0.049855975649292034,0.04054745432016963
316,Brute Force,Web Attack,0.0,0.10297069995506808,0.0004402115070105195,0.006892094701325938,0.8896969938365952
317,Bot,Bot,0.949855707677436,0.0,0.00010474303355153435,0.05003954928901251,0.0
318,DoS/DDoS,DoS/DDoS,0.0,0.0,1.0,0.0,0.0
319,Brute Force,Brute Force,0.0,1.0,0.0,0.0,0.0
320,DoS/DDoS,DoS/DDoS,0.0,0.0,1.0,0.0,0.0
321,Normal,Normal,0.0,0.0,0.0,1.0,0.0
322,Brute Force,Brute Force,0.0,0.9999754714906288,0.0,2.452850937120762e-05,0.0
323,DoS/DDoS,DoS/DDoS,0.0,0.0,1.0,0.0,0.0
324,DoS/DDoS,DoS/DDoS,0.0,0.0,1.0,0.0,0.0
325,Normal,Normal,0.0,0.0,0.0035234348031423684,0.9964765651968577,0.0
326,Normal,Normal,0.0,0.0,0.0,1.0,0.0
327,Web Attack,Web Attack,0.0,0.026222185989697847,0.00043546273942595337,0.0017459830603065135,0.9715963682105696
328,DoS/DDoS,DoS/DDoS,0.0,0.0,1.0,0.0,0.0
329,Brute Force,Brute Force,0.0,0.9999754714906288,0.0,2.452850937120762e-05,0.0
330,DoS/DDoS,DoS/DDoS,0.0,0.0,0.9999126761156112,8.732388438904994e-05,0.0
331,DoS/DDoS,DoS/DDoS,0.0,0.0,1.0,0.0,0.0
332,DoS/DDoS,DoS/DDoS,0.0,0.0,1.0,0.0,0.0
333,Brute Force,Web Attack,0.0,0.3421384648324926,0.0004558675133510343,0.005875411231361508,0.6515302564227946
334,DoS/DDoS,DoS/DDoS,0.0,0.0,0.9875992086683109,0.012400791331689236,0.0
335,Brute Force,Brute Force,0.0,1.0,0.0,0.0,0.0
336,DoS/DDoS,DoS/DDoS,0.0,0.0,1.0,0.0,0.0
337,Brute Force,Brute Force,0.0,1.0,0.0,0.0,0.0
338,DoS/DDoS,DoS/DDoS,0.0,0.0,1.0,0.0,0.0
339,DoS/DDoS,DoS/DDoS,0.0,0.0,1.0,0.0,0.0
340,Normal,Normal,0.0010252159614789497,0.008273442424754173,0.0007946972990394691,0.9828165921635492,0.007090052151178238
341,DoS/DDoS,DoS/DDoS,0.0,0.0,1.0,0.0,0.0
342,Normal,Normal,0.00010988690357994182,0.00590720651051206,0.10626286220560217,0.8427269242544075,0.04499312012589826
343,DoS/DDoS,DoS/DDoS,0.0,0.0,1.0,0.0,0.0
344,DoS/DDoS,DoS/DDoS,0.0,0.0,1.0,0.0,0.0
345,DoS/DDoS,DoS/DDoS,0.0,0.0,0.996957714361838,0.0030422856381618567,0.0
346,Bot,Bot,1.0,0.0,0.0,0.0,0.0
347,Brute Force,Brute Force,0.0,1.0,0.0,0.0,0.0
348,Normal,Normal,0.0,6.819473810748967e-06,0.0,0.9999931805261891,0.0
349,Normal,Normal,0.0,6.819473810748967e-06,0.0,0.9999931805261891,0.0
350,DoS/DDoS,DoS/DDoS,0.0,0.0,1.0,0.0,0.0
351,DoS/DDoS,DoS/DDoS,0.0,0.0,1.0,0.0,0.0
352,Normal,Normal,0.0,0.0,0.0005630640014228599,0.9994369359985771,0.0
353,DoS/DDoS,DoS/DDoS,0.0,0.0,1.0,0.0,0.0
354,DoS/DDoS,DoS/DDoS,0.0,0.0,1.0,0.0,0.0
355,DoS/DDoS,DoS/DDoS,0.0,0.0,1.0,0.0,0.0
356,Brute Force,Brute Force,0.0,0.9050115236930679,0.00037865738613959845,0.001090389442837566,0.09351942947795483
357,DoS/DDoS,DoS/DDoS,0.0,0.0,1.0,0.0,0.0
358,DoS/DDoS,DoS/DDoS,0.0,0.0,1.0,0.0,0.0
359,Normal,Normal,0.0,6.819473810748967e-06,0.0,0.9999931805261891,0.0
360,Bot,Bot,0.943575492691303,0.0,0.00010474303355153435,0.05631976427514547,0.0
361,DoS/DDoS,DoS/DDoS,0.0,0.0,1.0,0.0,0.0
362,Brute Force,Web Attack,0.00032907647963916875,0.27909507857656174,0.04688227670132088,0.1675137452491155,0.5061798229933622
363,DoS/DDoS,DoS/DDoS,0.0,0.0,0.9651252421995494,0.03487475780045062,0.0
364,DoS/DDoS,DoS/DDoS,0.0,0.0,1.0,0.0,0.0
365,Brute Force,Brute Force,0.0,1.0,0.0,0.0,0.0
366,DoS/DDoS,DoS/DDoS,0.0,0.0,1.0,0.0,0.0
367,Normal,Normal,0.0,6.819473810748967e-06,0.0,0.9999931805261891,0.0
368,Normal,Normal,0.0,6.819473810748967e-06,0.0,0.9999931805261891,0.0
369,DoS/DDoS,DoS/DDoS,0.0,0.0,1.0,0.0,0.0
370,Brute Force,Brute Force,0.0,1.0,0.0,0.0,0.0
371,Normal,Normal,0.0010252159614789497,0.03951034205111623,0.004055791570993761,0.917896616658072,0.037512033758338795
372,Normal,Web Attack,0.00010988690357994182,0.029237426133297464,0.2033530865288575,0.16206567701496588,0.6052339234192992
373,DoS/DDoS,DoS/DDoS,0.0,0.0,1.0,0.0,0.0
374,Normal,Normal,0.0,6.819473810748967e-06,0.0,0.9999931805261891,0.0
375,Normal,Normal,0.0,0.0,0.0,1.0,0.0
376,Brute Force,Web Attack,0.0,0.39944008494714534,0.0004402115070105195,0.03810715841227553,0.5620125451335685
377,DoS/DDoS,DoS/DDoS,0.0,0.0,1.0,0.0,0.0
378,Normal,Normal,0.0,6.819473810748967e-06,0.0,0.9999931805261891,0.0
379,Normal,Normal,0.0010252159614789497,0.03951034205111623,0.004055791570993761,0.917896616658072,0.037512033758338795
380,Brute Force,Brute Force,0.0,1.0,0.0,0.0,0.0
381,Web Attack,Web Attack,0.0,0.25446672909885737,0.00043546273942595337,0.008033467255861631,0.7370643409058547
382,DoS/DDoS,DoS/DDoS,0.0,0.0,1.0,0.0,0.0
383,Normal,Normal,0.036667441771170275,0.0,0.00037465224236921666,0.9629579059864607,0.0
384,Normal,Normal,0.0,6.819473810748967e-06,0.0,0.9999931805261891,0.0
385,Normal,Normal,0.0,6.819473810748967e-06,0.0,0.9999931805261891,0.0
386,DoS/DDoS,DoS/DDoS,0.0,0.0,1.0,0.0,0.0
387,Normal,Normal,0.0,0.0,0.0,1.0,0.0
388,Normal,Normal,0.0,6.819473810748967e-06,0.0,0.9999931805261891,0.0
389,Normal,Normal,0.0,0.0,0.0,1.0,0.0
390,Brute Force,Brute Force,0.0,1.0,0.0,0.0,0.0
391,Bot,Bot,0.9525169749626756,0.0,0.00010474303355153435,0.047378282003772705,0.0
392,Normal,Normal,0.0,6.819473810748967e-06,0.0,0.9999931805261891,0.0
393,DoS/DDoS,DoS/DDoS,0.0,0.0,1.0,0.0,0.0
394,Normal,Normal,0.0,6.819473810748967e-06,0.0,0.9999931805261891,0.0
395,Web Attack,Web Attack,0.0,0.14781256173515264,0.0004402115070105195,0.005008433360826956,0.8467387933970099
396,DoS/DDoS,DoS/DDoS,0.0,0.0,1.0,0.0,0.0
397,DoS/DDoS,DoS/DDoS,0.0,0.0,1.0,0.0,0.0
398,Normal,Normal,0.0,6.819473810748967e-06,0.0,0.9999931805261891,0.0
399,Normal,Normal,0.0,0.006707436703432864,0.04526293092522117,0.8991650780380871,0.04886455433325883
400,Brute Force,Brute Force,0.0,1.0,0.0,0.0,0.0
401,Bot,Bot,0.9418665819312269,0.0,0.00010474303355153435,0.05802867503522156,0.0
402,DoS/DDoS,DoS/DDoS,0.0,0.0,0.9933678065054212,0.006632193494578816,0.0
403,Normal,Normal,0.0,0.0,0.0,1.0,0.0
404,Bot,Bot,0.9511378237033052,0.0,0.00010474303355153435,0.04875743326314302,0.0
405,Normal,Normal,0.0,0.0,0.0,1.0,0.0
406,Normal,Normal,0.0,0.01447598332658826,0.015059113476443904,0.9310821034126897,0.039382799784278257
407,Normal,Normal,0.0,0.0,0.018320441982055256,0.9816795580179446,0.0
408,Brute Force,Brute Force,0.0,1.0,0.0,0.0,0.0
409,DoS/DDoS,DoS/DDoS,0.0,0.0,1.0,0.0,0.0
410,Normal,Normal,0.0,6.819473810748967e-06,0.006584538496895188,0.9934086420292941,0.0
411,DoS/DDoS,DoS/DDoS,0.0,0.0,0.9970562942603165,0.002943705739683405,0.0
412,Normal,Normal,0.0259385142742893,0.006507476635514019,0.0,0.9675540090901967,0.0
413,Normal,Normal,0.0,0.0,0.0,1.0,0.0
414,DoS/DDoS,DoS/DDoS,0.0,0.0,1.0,0.0,0.0
415,Normal,Normal,0.0,6.819473810748967e-06,0.0,0.9999931805261891,0.0
416,Normal,Normal,0.0,0.0,0.0,1.0,0.0
417,Bot,Bot,1.0,0.0,0.0,0.0,0.0
418,Normal,Normal,0.0,0.0,0.0,1.0,0.0
419,DoS/DDoS,DoS/DDoS,0.0,0.0,0.9999915125871316,8.487412868436374e-06,0.0
420,Normal,Normal,0.0,6.819473810748967e-06,0.0,0.9999931805261891,0.0
421,Normal,Normal,0.00010988690357994182,0.002276730837940569,0.10699227874192482,0.8819499623842577,0.008671141132296722
422,Normal,Normal,0.0,6.819473810748967e-06,0.0,0.9999931805261891,0.0
423,Normal,Normal,0.0,0.0,0.0,1.0,0.0
424,Normal,Normal,0.0,0.0,0.0,1.0,0.0
425,Normal,Normal,0.0,0.0,0.0,1.0,0.0
426,Normal,Normal,0.0,0.0,0.0,1.0,0.0
427,Normal,Normal,0.0,0.0,0.0,1.0,0.0
428,Normal,Normal,0.0010252159614789497,0.03951034205111623,0.004055791570993761,0.917896616658072,0.037512033758338795
429,Normal,Normal,0.0010252159614789497,0.03951034205111623,0.004055791570993761,0.917896616658072,0.037512033758338795
430,Brute Force,Brute Force,0.0,0.9999754714906288,0.0,2.452850937120762e-05,0.0
431,Normal,Bot,0.9290208434532998,0.0,0.00010474303355153435,0.0708744135131486,0.0
432,Brute Force,Brute Force,0.0,1.0,0.0,0.0,0.0
433,DoS/DDoS,DoS/DDoS,0.0,0.0,0.9949512392806471,0.005048760719352986,0.0
434,Brute Force,Brute Force,0.0,0.9999754714906288,0.0,2.452850937120762e-05,0.0
435,DoS/DDoS,DoS/DDoS,0.0,0.0,1.0,0.0,0.0
436,Normal,Normal,0.00010988690357994182,0.002276730837940569,0.0048027502365157225,0.9841394908896669,0.008671141132296722
437,Normal,Normal,0.0,6.819473810748967e-06,0.0,0.9999931805261891,0.0
438,Normal,Normal,0.0,6.819473810748967e-06,0.0009602707589937064,0.9990329097671955,0.0
439,Brute Force,Web Attack,0.0,0.21135735710762563,0.00043546273942595337,0.0015651319964767258,0.7866420481564715
440,DoS/DDoS,DoS/DDoS,0.0,0.0,1.0,0.0,0.0
441,Brute Force,Brute Force,0.0,1.0,0.0,0.0,0.0
442,Brute Force,Brute Force,0.0,1.0,0.0,0.0,0.0
443,DoS/DDoS,DoS/DDoS,0.0,0.0,0.9991163203841111,0.0008836796158889274,0.0
444,DoS/DDoS,DoS/DDoS,0.0,0.0,1.0,0.0,0.0
445,DoS/DDoS,DoS/DDoS,0.0,0.0,1.0,0.0,0.0
446,DoS/DDoS,DoS/DDoS,0.0,0.0,0.9185142056774163,0.08148579432258372,0.0
447,DoS/DDoS,DoS/DDoS,0.0,0.0,1.0,0.0,0.0
448,Brute Force,Brute Force,0.0,0.9999754714906288,0.0,2.452850937120762e-05,0.0
449,Normal,Normal,0.0,0.0,0.0,1.0,0.0
450,Normal,Normal,0.0,6.819473810748967e-06,0.0,0.9999931805261891,0.0
451,Normal,Normal,0.0,0.0,0.0001677912773176141,0.9998322087226823,0.0
452,DoS/DDoS,DoS/DDoS,0.0,0.0,0.9999915125871316,8.487412868436374e-06,0.0
453,Bot,Bot,1.0,0.0,0.0,0.0,0.0
454,Normal,Normal,0.0004243179504733845,0.008273442424754173,0.0007946972990394691,0.9834174901745548,0.007090052151178238
455,DoS/DDoS,DoS/DDoS,0.0,0.0,1.0,0.0,0.0
456,DoS/DDoS,DoS/DDoS,0.0,0.0,1.0,0.0,0.0
457,DoS/DDoS,DoS/DDoS,0.0,0.0,0.999023673034044,0.0009763269659559715,0.0
458,Brute Force,Brute Force,0.0,1.0,0.0,0.0,0.0
459,Bot,Bot,0.9434781560777615,0.0,0.00010474303355153435,0.05641710088868703,0.0
460,DoS/DDoS,DoS/DDoS,0.0,0.0,0.989954120721542,0.010045879278458127,0.0
461,DoS/DDoS,DoS/DDoS,0.0,0.0,1.0,0.0,0.0
462,Normal,Normal,0.0,6.819473810748967e-06,0.0,0.9999931805261891,0.0
463,Brute Force,Brute Force,0.0,1.0,0.0,0.0,0.0
464,Normal,Normal,0.0,0.0,0.0033040355353936303,0.9966959644646064,0.0
465,DoS/DDoS,DoS/DDoS,0.0,0.0,1.0,0.0,0.0
466,DoS/DDoS,DoS/DDoS,0.0,0.0,0.9965163249022087,0.003483675097791449,0.0
467,Brute Force,Brute Force,0.0,0.9050115236930679,0.00037865738613959845,0.001090389442837566,0.09351942947795483
468,Brute Force,Brute Force,0.0,1.0,0.0,0.0,0.0
469,Web Attack,Web Attack,0.0,0.25032843336627086,0.0004985439319532886,0.012111931947272635,0.7370610907545029
470,Brute Force,Brute Force,0.0,1.0,0.0,0.0,0.0
471,Normal,Normal,0.0,0.0,0.0,1.0,0.0
472,Brute Force,Brute Force,0.0,0.9999754714906288,0.0,2.452850937120762e-05,0.0
473,Normal,Normal,0.18280391698657453,0.0,5.5998206946025015e-05,0.8171400848064796,0.0
474,Brute Force,Brute Force,0.0,1.0,0.0,0.0,0.0
475,Brute Force,Brute Force,0.0,1.0,0.0,0.0,0.0
476,DoS/DDoS,DoS/DDoS,0.0,0.0038230018572700353,0.973938022393707,0.009532526954611691,0.012706448794411183
477,Bot,Bot,0.943575492691303,0.0,0.00010474303355153435,0.05631976427514547,0.0
478,Brute Force,Brute Force,0.0,1.0,0.0,0.0,0.0
479,Brute Force,Web Attack,0.0,0.4459092424252454,0.0004169715476717681,0.002040544869186271,0.5516332411578965
480,DoS/DDoS,DoS/DDoS,0.0,0.0,1.0,0.0,0.0
481,Normal,Normal,0.0,0.0,0.0,1.0,0.0
482,Normal,Normal,0.0,6.819473810748967e-06,0.0,0.9999931805261891,0.0
483,DoS/DDoS,DoS/DDoS,0.0,0.0001543506670166707,0.9925316598141586,0.0073139895188248545,0.0
484,DoS/DDoS,DoS/DDoS,0.0,0.0,1.0,0.0,0.0
485,DoS/DDoS,DoS/DDoS,0.0,0.0,1.0,0.0,0.0
486,Normal,Normal,0.0,6.819473810748967e-06,0.0,0.9999931805261891,0.0
487,DoS/DDoS,DoS/DDoS,0.0,0.0,1.0,0.0,0.0
488,Brute Force,Brute Force,0.0,1.0,0.0,0.0,0.0
489,DoS/DDoS,DoS/DDoS,0.0,0.0,1.0,0.0,0.0
490,Brute Force,Brute Force,0.0,1.0,0.0,0.0,0.0
491,Bot,Bot,0.943575492691303,0.0,0.00010474303355153435,0.05631976427514547,0.0
492,Normal,Normal,0.0,6.819473810748967e-06,0.0,0.9999931805261891,0.0
493,Bot,Bot,1.0,0.0,0.0,0.0,0.0
494,Normal,Normal,0.0,6.819473810748967e-06,0.0,0.9999931805261891,0.0
495,DoS/DDoS,DoS/DDoS,0.00010988690357994182,0.008985590372732308,0.5721677354119887,0.37818933299152924,0.04054745432016963
496,DoS/DDoS,DoS/DDoS,0.0,0.0,1.0,0.0,0.0
497,DoS/DDoS,DoS/DDoS,0.0,0.0,1.0,0.0,0.0
498,Brute Force,Brute Force,0.0,1.0,0.0,0.0,0.0
499,DoS/DDoS,DoS/DDoS,0.0,0.0,1.0,0.0,0.0
500,Normal,Normal,0.00010988690357994182,0.00590720651051206,0.3176789527423571,0.6313108337176528,0.04499312012589826
501,Brute Force,Brute Force,0.0,0.6657884225235092,0.00043546273942595337,0.0015651319964767258,0.33221098274058797
502,DoS/DDoS,DoS/DDoS,0.0,0.0,1.0,0.0,0.0
503,Bot,Bot,0.999928535227931,0.0,5.39913091401014e-06,6.606564115514711e-05,0.0
504,DoS/DDoS,DoS/DDoS,0.0,0.0,1.0,0.0,0.0
505,Brute Force,Web Attack,0.0,0.0448842578778639,0.00043826923453317774,0.0062235540694102354,0.9484539188181925
506,Normal,Normal,0.0,6.819473810748967e-06,0.0,0.9999931805261891,0.0
507,DoS/DDoS,DoS/DDoS,0.0,0.0,1.0,0.0,0.0
508,DoS/DDoS,DoS/DDoS,0.0,0.0,1.0,0.0,0.0
509,DoS/DDoS,DoS/DDoS,0.0,0.0,1.0,0.0,0.0
510,DoS/DDoS,DoS/DDoS,0.0,0.0,1.0,0.0,0.0
511,Brute Force,Brute Force,0.0,0.9999754714906288,0.0,2.452850937120762e-05,0.0
512,Normal,Normal,0.0,0.0,0.0,1.0,0.0
513,Brute Force,Web Attack,0.0,0.2942122412677107,0.0004985439319532886,0.001974640975137923,0.7033145738251976
514,DoS/DDoS,DoS/DDoS,0.0,0.0,1.0,0.0,0.0
515,DoS/DDoS,DoS/DDoS,0.0,0.0,1.0,0.0,0.0
516,DoS/DDoS,DoS/DDoS,0.0,0.0,1.0,0.0,0.0
517,Normal,Normal,0.0,0.0,0.0,1.0,0.0
518,Brute Force,Brute Force,0.0,1.0,0.0,0.0,0.0
519,DoS/DDoS,DoS/DDoS,0.0,0.0,1.0,0.0,0.0
520,Normal,Normal,0.0010252159614789497,0.03951034205111623,0.004055791570993761,0.917896616658072,0.037512033758338795
521,Normal,Normal,0.0,0.0,0.01,0.9801066735136902,0.009893326486309844
522,Brute Force,Brute Force,0.0,1.0,0.0,0.0,0.0
523,Normal,Normal,0.0,0.006519867084756868,0.0,0.9934801329152431,0.0
524,Web Attack,Web Attack,0.00032907647963916875,0.27909507857656174,0.04688227670132088,0.1675137452491155,0.5061798229933622
525,DoS/DDoS,DoS/DDoS,0.0,0.0,1.0,0.0,0.0
526,Brute Force,Brute Force,0.0,1.0,0.0,0.0,0.0
527,Normal,Normal,0.0,0.0,0.0,1.0,0.0
528,Normal,Normal,0.0010252159614789497,0.03951034205111623,0.004055791570993761,0.917896616658072,0.037512033758338795
529,Brute Force,Brute Force,0.0,1.0,0.0,0.0,0.0
530,Normal,Normal,0.0,0.03005536764986237,0.010016294708342845,0.9599283376417947,0.0
531,DoS/DDoS,DoS/DDoS,0.0,0.0,1.0,0.0,0.0
532,Normal,Normal,0.0,6.819473810748967e-06,0.0,0.9999931805261891,0.0
533,Brute Force,Web Attack,0.0,0.2936522048456838,0.0004985439319532886,0.001974640975137923,0.7038746102472245
534,Normal,Normal,0.0,6.819473810748967e-06,0.0,0.9999931805261891,0.0
535,Brute Force,Web Attack,0.00032907647963916875,0.27909507857656174,0.04688227670132088,0.1675137452491155,0.5061798229933622
536,Brute Force,Brute Force,0.0,0.9950912925188569,0.0,0.004908707481143331,0.0
537,Brute Force,Brute Force,0.0,0.8157526204554537,0.00037865738613959845,0.004722689395915667,0.17914603276249078
538,Normal,Normal,0.0,6.819473810748967e-06,0.0,0.9999931805261891,0.0
539,Normal,Normal,0.0,0.0,0.0,1.0,0.0
540,DoS/DDoS,DoS/DDoS,0.0,0.0,1.0,0.0,0.0
541,Normal,Normal,0.0,6.819473810748967e-06,0.0,0.9999931805261891,0.0
542,DoS/DDoS,DoS/DDoS,0.0,0.0,1.0,0.0,0.0
543,Normal,Normal,0.0,0.0,0.0,1.0,0.0
544,Brute Force,Brute Force,0.0,1.0,0.0,0.0,0.0
545,Normal,Normal,0.0,0.0,0.0,1.0,0.0
546,Normal,Normal,0.0,6.819473810748967e-06,0.0,0.9999931805261891,0.0
547,Brute Force,Brute Force,0.0,1.0,0.0,0.0,0.0
548,Normal,Normal,0.0,6.819473810748967e-06,0.00015952406381871526,0.9998336564623704,0.0
549,DoS/DDoS,DoS/DDoS,0.0,0.0,1.0,0.0,0.0
550,DoS/DDoS,DoS/DDoS,0.0,6.819473810748967e-06,0.5387272603279172,0.44222343785087503,0.01904248234739709
551,Normal,Normal,0.0,0.0,0.0,1.0,0.0
552,DoS/DDoS,DoS/DDoS,0.0,0.0,1.0,0.0,0.0
553,DoS/DDoS,DoS/DDoS,0.0,0.0,0.9909803613205105,0.009019638679489442,0.0
554,Normal,Normal,0.0,6.819473810748967e-06,0.0,0.9999931805261891,0.0
555,DoS/DDoS,DoS/DDoS,0.0,0.0,1.0,0.0,0.0
556,Brute Force,Brute Force,0.0,0.9999754714906288,0.0,2.452850937120762e-05,0.0
557,DoS/DDoS,DoS/DDoS,0.0,0.0,1.0,0.0,0.0
558,DoS/DDoS,DoS/DDoS,0.0,0.0,1.0,0.0,0.0
559,Normal,Normal,0.0,0.0,0.0,1.0,0.0
560,Normal,Normal,0.0,6.819473810748967e-06,0.0,0.9999931805261891,0.0
561,DoS/DDoS,DoS/DDoS,0.0,0.0,0.9998865803330991,0.00011341966690102105,0.0
562,Normal,Normal,0.0,6.819473810748967e-06,0.0,0.9999931805261891,0.0
563,Normal,Normal,0.05674372570145703,0.0023349614117007013,0.04,0.8635355079717933,0.03738580491504904
564,DoS/DDoS,DoS/DDoS,0.0,0.0,1.0,0.0,0.0
565,DoS/DDoS,DoS/DDoS,0.0,0.0,1.0,0.0,0.0
566,Normal,Normal,0.18280391698657453,0.0,5.5998206946025015e-05,0.8171400848064796,0.0
567,Normal,Normal,0.0,6.819473810748967e-06,0.0,0.9999931805261891,0.0
568,DoS/DDoS,DoS/DDoS,0.0,0.0,1.0,0.0,0.0
569,DoS/DDoS,DoS/DDoS,0.0,0.0,1.0,0.0,0.0
570,DoS/DDoS,DoS/DDoS,0.0,0.01031565973664856,0.935939645394156,0.014505757242014194,0.03923893762718136
571,DoS/DDoS,DoS/DDoS,0.0,0.0,1.0,0.0,0.0
572,Normal,Normal,0.0,0.0,0.00015952406381871526,0.9998404759361813,0.0
573,DoS/DDoS,DoS/DDoS,0.0,0.0,1.0,0.0,0.0
574,Brute Force,Brute Force,0.00032907647963916875,0.8143775198950687,0.009900706119193418,0.0901561238119944,0.08523657369410437
575,Brute Force,Brute Force,0.0,1.0,0.0,0.0,0.0
576,DoS/DDoS,Normal,0.0,0.0,0.3843515603326667,0.6156484396673334,0.0
577,Normal,Normal,0.0,0.0,0.0,1.0,0.0
578,DoS/DDoS,DoS/DDoS,0.0,0.0001543506670166707,0.9947056063803877,0.0051400429525955745,0.0
579,DoS/DDoS,DoS/DDoS,0.0,0.0,1.0,0.0,0.0
580,Brute Force,Web Attack,0.0,0.2915472967543864,0.0004169715476717681,0.002040544869186271,0.7059951868287554
581,Normal,Normal,0.0,0.0,0.0,1.0,0.0
582,Normal,Normal,0.0,0.0,0.006663483119239768,0.9933365168807603,0.0
583,DoS/DDoS,DoS/DDoS,0.0,0.0,1.0,0.0,0.0
584,Normal,Normal,0.0,6.819473810748967e-06,0.0,0.9999931805261891,0.0
585,Normal,Normal,0.0,0.0,3.273209551560448e-05,0.9999672679044843,0.0
586,Brute Force,Brute Force,0.0,0.9999754714906288,0.0,2.452850937120762e-05,0.0
587,Normal,Normal,0.0,0.0,0.0001677912773176141,0.9998322087226823,0.0
588,Normal,Normal,0.0,6.819473810748967e-06,0.0,0.9999931805261891,0.0
589,Brute Force,Brute Force,0.0,1.0,0.0,0.0,0.0
590,Brute Force,Brute Force,0.0,1.0,0.0,0.0,0.0
591,Brute Force,Brute Force,0.0,1.0,0.0,0.0,0.0
592,Normal,Bot,0.7577830372535801,0.0,0.00010474303355153435,0.24211221971286784,0.0
593,Normal,Normal,0.0,0.0,0.0,1.0,0.0
594,Bot,Bot,1.0,0.0,0.0,0.0,0.0
595,Brute Force,Brute Force,0.0,1.0,0.0,0.0,0.0
596,DoS/DDoS,DoS/DDoS,0.0,0.0001543506670166707,0.9992003610584387,0.0006452882745447497,0.0
597,DoS/DDoS,DoS/DDoS,0.0,0.0,1.0,0.0,0.0
598,DoS/DDoS,DoS/DDoS,0.0,0.09216141309603293,0.8309111684098712,0.027842478823005928,0.04908493967109015
599,Normal,Normal,0.01808135882405249,0.0,0.007764600160323657,0.9741540410156239,0.0
600,Brute Force,Brute Force,0.0,1.0,0.0,0.0,0.0
601,Normal,Normal,0.0,6.819473810748967e-06,0.0,0.9999931805261891,0.0
602,Normal,Normal,0.0,6.819473810748967e-06,0.0,0.9999931805261891,0.0
603,Brute Force,Brute Force,0.0,1.0,0.0,0.0,0.0
604,Normal,Normal,0.0,6.819473810748967e-06,0.0,0.9999931805261891,0.0
605,Normal,Normal,0.0,0.0,0.0005630640014228599,0.9994369359985771,0.0
606,DoS/DDoS,DoS/DDoS,0.0,0.0,1.0,0.0,0.0
607,Normal,Normal,0.0,6.819473810748967e-06,0.0,0.9999931805261891,0.0
608,Brute Force,Brute Force,0.0,1.0,0.0,0.0,0.0
609,DoS/DDoS,DoS/DDoS,0.0,0.0,1.0,0.0,0.0
610,DoS/DDoS,DoS/DDoS,0.0,0.0,1.0,0.0,0.0
611,Normal,Normal,0.0,6.819473810748967e-06,0.0,0.9999931805261891,0.0
612,Brute Force,Brute Force,0.0,1.0,0.0,0.0,0.0
613,Normal,Normal,0.0,6.819473810748967e-06,0.0,0.9999931805261891,0.0
614,Normal,Normal,0.0,0.0,0.007374421363044849,0.9926255786369552,0.0
615,Normal,Normal,0.0,0.0,0.00010401136517345557,0.9998959886348265,0.0
616,DoS/DDoS,DoS/DDoS,0.0,0.0,1.0,0.0,0.0
617,Brute Force,Brute Force,0.0,0.9999754714906288,0.0,2.452850937120762e-05,0.0
618,DoS/DDoS,DoS/DDoS,0.0,0.0,1.0,0.0,0.0
619,Normal,Normal,0.0,0.0,0.0,1.0,0.0
620,DoS/DDoS,DoS/DDoS,0.0,0.0,0.9968580961413173,0.0031419038586828953,0.0
621,Normal,Normal,0.0,6.819473810748967e-06,0.0,0.9999931805261891,0.0
622,Brute Force,Brute Force,0.0,1.0,0.0,0.0,0.0
623,Normal,Normal,0.0,6.819473810748967e-06,0.0,0.9999931805261891,0.0
624,DoS/DDoS,DoS/DDoS,0.0,0.0,1.0,0.0,0.0
625,DoS/DDoS,DoS/DDoS,0.0,0.0,1.0,0.0,0.0
626,DoS/DDoS,DoS/DDoS,0.0,0.0,1.0,0.0,0.0
627,Brute Force,Brute Force,0.0,1.0,0.0,0.0,0.0
628,DoS/DDoS,DoS/DDoS,0.0,0.0,1.0,0.0,0.0
629,Bot,Bot,0.9985131713010845,0.0,5.39913091401014e-06,0.001481429568001566,0.0
630,Brute Force,Brute Force,0.0,1.0,0.0,0.0,0.0
631,DoS/DDoS,DoS/DDoS,0.0,0.0,1.0,0.0,0.0
632,Normal,Normal,0.0010252159614789497,0.03011704405671127,0.0030713680039593473,0.939008349771479,0.026778022206371346
633,Normal,Normal,0.0,0.07084672081446776,0.31549246606497894,0.5049261658474321,0.1087346472731213
634,DoS/DDoS,DoS/DDoS,0.0,0.0,0.9994360078834549,0.0005639921165450961,0.0
635,DoS/DDoS,DoS/DDoS,0.0,0.0,1.0,0.0,0.0
636,Bot,Bot,1.0,0.0,0.0,0.0,0.0
637,Normal,Normal,0.0,6.819473810748967e-06,0.0,0.9999931805261891,0.0
638,Normal,Normal,0.0,0.0578617940413605,0.01677115698665084,0.9253670489719886,0.0
639,DoS/DDoS,DoS/DDoS,0.0,0.0,1.0,0.0,0.0
640,Normal,Normal,0.0,6.819473810748967e-06,0.0,0.9999931805261891,0.0
641,DoS/DDoS,DoS/DDoS,0.0,0.0,0.9999126761156112,8.732388438904994e-05,0.0
642,DoS/DDoS,DoS/DDoS,0.0,0.0,1.0,0.0,0.0
643,DoS/DDoS,DoS/DDoS,0.0,0.0,1.0,0.0,0.0
644,DoS/DDoS,DoS/DDoS,0.0,0.0,1.0,0.0,0.0
645,Brute Force,Brute Force,0.0,1.0,0.0,0.0,0.0
646,Brute Force,Brute Force,0.0,1.0,0.0,0.0,0.0
647,Normal,Normal,0.0010252159614789497,0.03951034205111623,0.004055791570993761,0.917896616658072,0.037512033758338795
648,Normal,Normal,0.0,0.005540403739653426,0.004973647413144025,0.9894859488472025,0.0
649,DoS/DDoS,DoS/DDoS,0.0,0.0,1.0,0.0,0.0
650,Normal,Normal,0.0,0.0,0.0,1.0,0.0
651,Normal,Normal,0.0,0.0,0.11806775893445516,0.8819322410655449,0.0
652,Normal,Normal,0.0,0.0,0.0,1.0,0.0
653,Normal,Normal,0.0,0.0,0.0,1.0,0.0
654,Brute Force,Brute Force,0.0,0.9999754714906288,0.0,2.452850937120762e-05,0.0
655,DoS/DDoS,DoS/DDoS,0.0,0.0,1.0,0.0,0.0
656,Brute Force,Web Attack,0.0,0.30220905766940015,0.0004402115070105195,0.010633974728242764,0.6867167560953464
657,DoS/DDoS,DoS/DDoS,0.0,0.008174957137702762,0.9447766091206983,0.007809496114417755,0.03923893762718136
658,Brute Force,Brute Force,0.0,1.0,0.0,0.0,0.0
659,Normal,Normal,0.0,0.0,0.0,1.0,0.0
660,Normal,Normal,0.0010252159614789497,0.03951034205111623,0.004055791570993761,0.917896616658072,0.037512033758338795
661,DoS/DDoS,DoS/DDoS,0.0,0.0,1.0,0.0,0.0
662,Brute Force,Brute Force,0.0,1.0,0.0,0.0,0.0
663,Normal,Normal,0.0,6.819473810748967e-06,0.0,0.9999931805261891,0.0
664,Normal,Normal,0.008877343104386815,0.0,0.0,0.9911226568956133,0.0
665,DoS/DDoS,DoS/DDoS,0.0,0.0,1.0,0.0,0.0
666,Normal,Normal,0.0,0.006550084729806063,0.0,0.9934499152701939,0.0
667,Brute Force,Brute Force,0.0,1.0,0.0,0.0,0.0
668,DoS/DDoS,DoS/DDoS,0.0,0.0,1.0,0.0,0.0
669,Brute Force,Web Attack,0.0,0.3948157202596994,0.0004402115070105195,0.00815711252517106,0.5965869557081187
670,Bot,Bot,0.9953705809689368,0.0,5.39913091401014e-06,0.004624019900149336,0.0
671,Brute Force,Brute Force,0.0,1.0,0.0,0.0,0.0
672,DoS/DDoS,DoS/DDoS,0.0,0.008174957137702762,0.9447766091206983,0.007809496114417755,0.03923893762718136
673,Normal,Normal,0.0,0.0,0.0,1.0,0.0
674,Normal,Normal,0.02825876746549699,0.0,0.007511135412048631,0.9642300971224544,0.0
675,DoS/DDoS,DoS/DDoS,0.0,0.0,1.0,0.0,0.0
676,Normal,Normal,0.0,0.0,0.01,0.99,0.0
677,DoS/DDoS,DoS/DDoS,0.0,0.0,1.0,0.0,0.0
678,Normal,Normal,0.3473462624390153,0.0,0.0010709821641083216,0.6515827553968765,0.0
679,DoS/DDoS,DoS/DDoS,0.0,0.0,1.0,0.0,0.0
680,DoS/DDoS,DoS/DDoS,0.0,0.0,0.9994389958886832,0.0005610041113167833,0.0
681,Normal,Normal,0.0,6.819473810748967e-06,0.0,0.9999931805261891,0.0
682,Brute Force,Brute Force,0.0,0.9997832924415677,0.0,0.00021670755843235126,0.0
683,DoS/DDoS,DoS/DDoS,0.0,0.0,0.9987791091035095,0.001220890896490552,0.0
684,Normal,Normal,0.0,0.0,0.0,1.0,0.0
685,Normal,Normal,0.0,6.819473810748967e-06,0.0,0.9999931805261891,0.0
686,Normal,Normal,0.0,0.006509354928790841,0.004971506397620157,0.9885191386735889,0.0
687,Brute Force,Brute Force,0.0,1.0,0.0,0.0,0.0
688,DoS/DDoS,DoS/DDoS,0.0,0.0,1.0,0.0,0.0
689,Brute Force,Brute Force,0.0,1.0,0.0,0.0,0.0
690,DoS/DDoS,DoS/DDoS,0.0,0.0,1.0,0.0,0.0
691,DoS/DDoS,DoS/DDoS,0.0,0.0,1.0,0.0,0.0
692,Normal,Bot,0.7577830372535801,0.0,0.00010474303355153435,0.24211221971286784,0.0
693,DoS/DDoS,DoS/DDoS,0.0,0.0,1.0,0.0,0.0
694,Normal,Normal,0.0,0.0,0.0,1.0,0.0
695,DoS/DDoS,DoS/DDoS,0.0,0.0,1.0,0.0,0.0
696,DoS/DDoS,DoS/DDoS,0.0,0.0,1.0,0.0,0.0
697,Brute Force,Brute Force,0.0,0.9999754714906288,0.0,2.452850937120762e-05,0.0
698,Brute Force,Brute Force,0.0,0.9999754714906288,0.0,2.452850937120762e-05,0.0
699,Bot,Bot,0.997676391705134,0.0,5.39913091401014e-06,0.002318209163952137,0.0
700,Normal,Normal,0.0,6.819473810748967e-06,0.0,0.9999931805261891,0.0
701,Brute Force,Brute Force,0.0,1.0,0.0,0.0,0.0
702,Normal,Normal,0.0,6.819473810748967e-06,0.0,0.9999931805261891,0.0
703,Normal,Normal,0.0,6.819473810748967e-06,0.0,0.9999931805261891,0.0
704,Normal,Normal,0.0,6.819473810748967e-06,0.0,0.9999931805261891,0.0
705,Brute Force,Brute Force,0.0,1.0,0.0,0.0,0.0
706,Brute Force,Brute Force,0.0,0.9999754714906288,0.0,2.452850937120762e-05,0.0
707,DoS/DDoS,DoS/DDoS,0.0,0.0,0.9998865803330991,0.00011341966690102105,0.0
708,Normal,Normal,0.0,6.819473810748967e-06,0.0,0.9999931805261891,0.0
709,Normal,Normal,0.40443380742178975,0.0,5.39913091401014e-06,0.5955607934472962,0.0
710,Normal,Normal,0.0,0.0,0.016643200919474178,0.9833567990805259,0.0
711,DoS/DDoS,DoS/DDoS,0.0,0.0,1.0,0.0,0.0
712,DoS/DDoS,DoS/DDoS,0.0,0.0,1.0,0.0,0.0
713,Normal,Bot,0.7609587313819369,0.0,0.00010474303355153435,0.238936525584511,0.0
714,Brute Force,Brute Force,0.0,1.0,0.0,0.0,0.0
715,DoS/DDoS,DoS/DDoS,0.0,0.0,1.0,0.0,0.0
716,Normal,Normal,0.0,0.0,0.03353649999742193,0.957094856494455,0.0093686435081231
717,DoS/DDoS,DoS/DDoS,0.0,0.0,1.0,0.0,0.0
718,Normal,Normal,0.0,0.0,0.0,1.0,0.0
719,Normal,Normal,0.0,0.0,0.0,1.0,0.0
720,DoS/DDoS,DoS/DDoS,0.0,0.0,0.9899716415588463,0.01002835844115356,0.0
721,Normal,Normal,0.0010252159614789497,0.03951034205111623,0.004055791570993761,0.917896616658072,0.037512033758338795
722,Normal,Normal,0.0,6.819473810748967e-06,0.0,0.9999931805261891,0.0
723,DoS/DDoS,DoS/DDoS,0.0,0.0,1.0,0.0,0.0
724,Normal,Normal,0.0,6.819473810748967e-06,0.0,0.9999931805261891,0.0
725,DoS/DDoS,DoS/DDoS,0.0,0.0,1.0,0.0,0.0
726,DoS/DDoS,DoS/DDoS,0.0,0.0,0.9932966145956982,0.00670338540430179,0.0
727,DoS/DDoS,DoS/DDoS,0.0,0.0,0.9987791091035095,0.001220890896490552,0.0
728,DoS/DDoS,DoS/DDoS,0.0,0.0,1.0,0.0,0.0
729,Normal,Normal,0.0,6.819473810748967e-06,0.0,0.9999931805261891,0.0
730,DoS/DDoS,DoS/DDoS,0.0,0.0,1.0,0.0,0.0
731,Normal,Normal,0.0,0.0,0.0,1.0,0.0
732,Normal,Normal,0.0,0.011397457159550926,0.01,0.9786025428404491,0.0
733,DoS/DDoS,DoS/DDoS,0.0,0.0,1.0,0.0,0.0
734,Normal,Normal,0.0,6.819473810748967e-06,0.0,0.9999931805261891,0.0
735,DoS/DDoS,DoS/DDoS,0.0,0.0,1.0,0.0,0.0
736,DoS/DDoS,DoS/DDoS,0.0,0.0,1.0,0.0,0.0
737,Brute Force,Brute Force,0.0,1.0,0.0,0.0,0.0
738,Normal,Normal,0.0,6.819473810748967e-06,0.0,0.9999931805261891,0.0
739,DoS/DDoS,DoS/DDoS,0.0,0.0,1.0,0.0,0.0
740,Normal,Normal,0.0,0.0,0.0,1.0,0.0
741,DoS/DDoS,DoS/DDoS,0.0,0.0,1.0,0.0,0.0
742,Bot,Bot,1.0,0.0,0.0,0.0,0.0
743,Normal,Normal,0.0,6.819473810748967e-06,0.0,0.9999931805261891,0.0
744,Bot,Bot,0.9322563277535798,0.0,0.00010474303355153435,0.06763892921286863,0.0
745,DoS/DDoS,DoS/DDoS,0.0,0.0,0.9999915125871316,8.487412868436374e-06,0.0
746,Normal,Normal,0.0,0.0,0.0,1.0,0.0
747,DoS/DDoS,DoS/DDoS,0.0,0.0,1.0,0.0,0.0
748,Brute Force,Brute Force,0.0,0.8886903745707118,0.00037865738613959845,0.007998295695486365,0.10293267234766207
749,Normal,Normal,0.0,6.819473810748967e-06,0.0,0.9999931805261891,0.0
750,Normal,Normal,0.0,0.0,0.0,1.0,0.0
751,DoS/DDoS,DoS/DDoS,0.0,0.002409266938551698,0.8165966545049075,0.18099407855654076,0.0
752,Normal,Normal,0.0,0.0,0.0,1.0,0.0
753,DoS/DDoS,DoS/DDoS,0.0,0.0,1.0,0.0,0.0
754,DoS/DDoS,DoS/DDoS,0.0,0.0,0.9925025454155726,0.007497454584427417,0.0
755,DoS/DDoS,DoS/DDoS,0.0,0.0,0.9998865803330991,0.00011341966690102105,0.0
756,Normal,Normal,0.0,6.819473810748967e-06,0.0,0.9999931805261891,0.0
757,DoS/DDoS,DoS/DDoS,0.0,0.0,1.0,0.0,0.0
758,DoS/DDoS,DoS/DDoS,0.0,0.0,1.0,0.0,0.0
759,DoS/DDoS,DoS/DDoS,0.0,0.0,0.9994360078834549,0.0005639921165450961,0.0
760,Normal,Normal,0.054058467637679256,0.0,0.0004920411931276268,0.9454494911691933,0.0
761,DoS/DDoS,DoS/DDoS,0.0,0.0,1.0,0.0,0.0
762,Normal,Normal,0.0,0.0,0.029051885556440143,0.9709481144435599,0.0
763,Brute Force,Brute Force,0.0,1.0,0.0,0.0,0.0
764,DoS/DDoS,DoS/DDoS,0.0,0.0,1.0,0.0,0.0
765,DoS/DDoS,DoS/DDoS,0.0,0.0,1.0,0.0,0.0
766,Brute Force,Brute Force,0.0,0.9999754714906288,0.0,2.452850937120762e-05,0.0
767,DoS/DDoS,DoS/DDoS,0.0,0.0,1.0,0.0,0.0
768,DoS/DDoS,DoS/DDoS,0.0,0.0,1.0,0.0,0.0
769,Normal,Normal,0.0,6.819473810748967e-06,0.0,0.9999931805261891,0.0
770,Brute Force,Brute Force,0.0,0.9999754714906288,0.0,2.452850937120762e-05,0.0
771,DoS/DDoS,DoS/DDoS,0.0,0.0,1.0,0.0,0.0
772,Brute Force,Brute Force,0.0,1.0,0.0,0.0,0.0
773,Brute Force,Brute Force,0.0,1.0,0.0,0.0,0.0
774,Brute Force,Web Attack,0.0,0.1041482963557188,0.0004985439319532886,0.0018698420659467637,0.8934833176463808
775,Normal,Normal,0.0,6.819473810748967e-06,0.0,0.9999931805261891,0.0
776,Web Attack,Brute Force,0.0,0.6907551531719298,0.0004319168863920788,0.008014221526990318,0.30079870841468753
777,DoS/DDoS,DoS/DDoS,0.0,0.0,0.9999915125871316,8.487412868436374e-06,0.0
778,Normal,Normal,0.0,0.0,0.0,1.0,0.0
779,Brute Force,Brute Force,0.0,1.0,0.0,0.0,0.0
780,Normal,Normal,0.07952939978963798,0.0,0.031655378405157426,0.8888152218052047,0.0
781,DoS/DDoS,DoS/DDoS,0.0,0.0,0.9999915125871316,8.487412868436374e-06,0.0
782,DoS/DDoS,DoS/DDoS,0.0,0.0,1.0,0.0,0.0
783,Normal,Normal,0.0010252159614789497,0.03951034205111623,0.004055791570993761,0.917896616658072,0.037512033758338795
784,DoS/DDoS,DoS/DDoS,0.0,0.0,1.0,0.0,0.0
785,Brute Force,Brute Force,0.0,0.9999754714906288,0.0,2.452850937120762e-05,0.0
786,Normal,Normal,0.0,0.0,0.00010401136517345557,0.9998959886348265,0.0
787,Normal,DoS/DDoS,0.0,0.0036948219668649523,0.6537384767625521,0.3298602524761718,0.012706448794411183
788,Bot,Bot,0.999928535227931,0.0,5.39913091401014e-06,6.606564115514711e-05,0.0
789,Normal,Bot,0.999928535227931,0.0,5.39913091401014e-06,6.606564115514711e-05,0.0
790,Normal,Normal,0.0,6.819473810748967e-06,0.0,0.9999931805261891,0.0
791,Normal,Normal,0.0,6.819473810748967e-06,0.0,0.9999931805261891,0.0
792,Normal,Normal,0.01409317075097328,0.008273442424754173,0.0007946972990394691,0.9697486373740548,0.007090052151178238
793,DoS/DDoS,DoS/DDoS,0.0,0.0,1.0,0.0,0.0
794,DoS/DDoS,DoS/DDoS,0.0,0.0,1.0,0.0,0.0
795,DoS/DDoS,DoS/DDoS,0.0,0.0,1.0,0.0,0.0
796,Normal,Normal,0.0,0.0,0.00010401136517345557,0.9998959886348265,0.0
797,DoS/DDoS,DoS/DDoS,0.0,0.0,1.0,0.0,0.0
798,DoS/DDoS,DoS/DDoS,0.0,0.0,1.0,0.0,0.0
799,Brute Force,Brute Force,0.0,0.9999754714906288,0.0,2.452850937120762e-05,0.0
800,Brute Force,Web Attack,0.0,0.2110405390438988,0.0004255609830866665,0.0012896687607206756,0.7872442312122934
801,Normal,Normal,0.0,0.0,0.0,1.0,0.0
802,Brute Force,Brute Force,0.0,1.0,0.0,0.0,0.0
803,DoS/DDoS,DoS/DDoS,0.0,0.0,1.0,0.0,0.0
804,Brute Force,Brute Force,0.0,0.9999754714906288,0.0,2.452850937120762e-05,0.0
805,Bot,Bot,1.0,0.0,0.0,0.0,0.0
806,Normal,Normal,0.002534935653512463,0.025613920902158017,0.011658143871144267,0.902437194817327,0.057755804755858266
807,Brute Force,Brute Force,0.0,0.5785172839336282,0.00043286010853947827,0.007841475080801638,0.4132083808770304
808,Normal,Normal,0.0,6.819473810748967e-06,0.0,0.9999931805261891,0.0
809,Normal,Normal,0.0,6.819473810748967e-06,0.0,0.9999931805261891,0.0
810,DoS/DDoS,DoS/DDoS,0.0,0.0,1.0,0.0,0.0
811,DoS/DDoS,DoS/DDoS,0.0,0.0,1.0,0.0,0.0
812,Brute Force,Brute Force,0.0,0.9999754714906288,0.0,2.452850937120762e-05,0.0
813,Normal,Normal,0.0,0.0,0.0,1.0,0.0
814,Normal,Normal,0.0,6.819473810748967e-06,0.0,0.9999931805261891,0.0
815,Normal,Normal,0.0,0.0039253403112212235,0.0,0.9960746596887787,0.0
816,Normal,Normal,0.0,0.0,0.0,1.0,0.0
817,Normal,Normal,0.0,0.0,0.0003903588054569994,0.999609641194543,0.0
818,DoS/DDoS,DoS/DDoS,0.0,0.0,1.0,0.0,0.0
819,DoS/DDoS,DoS/DDoS,0.0,0.0,0.9987791091035095,0.001220890896490552,0.0
820,Normal,Normal,0.0,6.819473810748967e-06,0.0,0.9999931805261891,0.0
821,Normal,Normal,0.0,0.0,0.0,1.0,0.0
822,Brute Force,Web Attack,0.00032907647963916875,0.27909507857656174,0.04688227670132088,0.1675137452491155,0.5061798229933622
823,DoS/DDoS,DoS/DDoS,0.0,0.0,1.0,0.0,0.0
824,Normal,Normal,0.0014461801131194069,0.001991071898586522,0.03296542637858648,0.9617221821304025,0.0018751394793052494
825,Bot,Bot,0.9958973940599135,0.0,5.39913091401014e-06,0.00409720680917246,0.0
826,DoS/DDoS,DoS/DDoS,0.0,0.0,1.0,0.0,0.0
827,Brute Force,Brute Force,0.0,1.0,0.0,0.0,0.0
828,Normal,Normal,0.0,6.819473810748967e-06,0.0,0.9999931805261891,0.0
829,DoS/DDoS,DoS/DDoS,0.0,0.0,1.0,0.0,0.0
830,Normal,Normal,0.0,6.819473810748967e-06,0.0,0.9999931805261891,0.0
831,Normal,Normal,0.0,6.819473810748967e-06,0.0,0.9999931805261891,0.0
832,Brute Force,Brute Force,0.0,1.0,0.0,0.0,0.0
833,DoS/DDoS,DoS/DDoS,0.0,0.0,1.0,0.0,0.0
834,Normal,Normal,0.0,6.819473810748967e-06,0.0,0.9999931805261891,0.0
835,Normal,Normal,0.0,0.0,0.0,1.0,0.0
836,DoS/DDoS,DoS/DDoS,0.0,0.0,1.0,0.0,0.0
837,DoS/DDoS,DoS/DDoS,0.00010988690357994182,0.00911377026313739,0.8972105239078387,0.05301836460527434,0.04054745432016963
838,DoS/DDoS,DoS/DDoS,0.0,0.0,1.0,0.0,0.0
839,DoS/DDoS,DoS/DDoS,0.0,0.0,1.0,0.0,0.0
840,DoS/DDoS,DoS/DDoS,0.0,0.0,1.0,0.0,0.0
841,Web Attack,Brute Force,0.0,0.7456279901261001,0.00037865738613959845,0.001090389442837566,0.2529029630449225
842,Normal,Normal,0.0,0.0,0.0013441143104052922,0.9986558856895946,0.0
843,Brute Force,Brute Force,0.0,1.0,0.0,0.0,0.0
844,Brute Force,Brute Force,0.0,1.0,0.0,0.0,0.0
845,DoS/DDoS,DoS/DDoS,0.0,0.0,1.0,0.0,0.0
846,Normal,Normal,0.0,6.819473810748967e-06,0.0,0.9999931805261891,0.0
847,Brute Force,Brute Force,0.0,1.0,0.0,0.0,0.0
848,Normal,Normal,0.0009657974537013453,0.020256699814655672,0.0021504971258624766,0.9558345125487645,0.020792493057015634
849,DoS/DDoS,DoS/DDoS,0.0,0.0,1.0,0.0,0.0
850,DoS/DDoS,DoS/DDoS,0.0,0.0,1.0,0.0,0.0
851,Brute Force,Brute Force,0.0,1.0,0.0,0.0,0.0
852,DoS/DDoS,DoS/DDoS,0.0,0.0,1.0,0.0,0.0
853,Brute Force,Brute Force,0.0,1.0,0.0,0.0,0.0
854,Normal,Normal,0.0,6.819473810748967e-06,0.0,0.9999931805261891,0.0
855,Brute Force,Brute Force,0.0,1.0,0.0,0.0,0.0
856,Normal,Normal,0.0,0.0,0.0,1.0,0.0
857,Normal,Normal,0.0,6.819473810748967e-06,0.0,0.9999931805261891,0.0
858,DoS/DDoS,DoS/DDoS,0.0,0.0,1.0,0.0,0.0
859,DoS/DDoS,DoS/DDoS,0.0,0.0,1.0,0.0,0.0
860,Brute Force,Brute Force,0.0,1.0,0.0,0.0,0.0
861,Normal,Normal,0.0,0.0,0.012464836257725369,0.9875351637422746,0.0
862,Brute Force,Brute Force,0.0,0.924810968009971,0.01,0.06518903199002908,0.0
863,DoS/DDoS,DoS/DDoS,0.0,0.0,1.0,0.0,0.0
864,Brute Force,Brute Force,0.0,1.0,0.0,0.0,0.0
865,Normal,Normal,0.0,0.0,0.0,1.0,0.0
866,DoS/DDoS,DoS/DDoS,0.0,0.0,1.0,0.0,0.0
867,DoS/DDoS,DoS/DDoS,0.0,0.0,1.0,0.0,0.0
868,DoS/DDoS,DoS/DDoS,0.0,0.0,1.0,0.0,0.0
869,Normal,Normal,0.0,6.819473810748967e-06,0.0,0.9999931805261891,0.0
870,Brute Force,Brute Force,0.0,1.0,0.0,0.0,0.0
871,DoS/DDoS,DoS/DDoS,0.0,0.0,1.0,0.0,0.0
872,Brute Force,Brute Force,0.0,1.0,0.0,0.0,0.0
873,DoS/DDoS,DoS/DDoS,0.0,0.0,1.0,0.0,0.0
874,DoS/DDoS,DoS/DDoS,0.0,0.0,0.9999915125871316,8.487412868436374e-06,0.0
875,Web Attack,Web Attack,0.0,0.4190757316891976,0.00043826923453317774,0.01755151959642199,0.5629344794798471
876,DoS/DDoS,DoS/DDoS,0.0,0.0,1.0,0.0,0.0
877,Normal,Normal,0.0,6.819473810748967e-06,0.0,0.9999931805261891,0.0
878,DoS/DDoS,DoS/DDoS,0.0,0.0,1.0,0.0,0.0
879,Brute Force,Brute Force,0.0,0.9999754714906288,0.0,2.452850937120762e-05,0.0
880,DoS/DDoS,DoS/DDoS,0.0,0.0,1.0,0.0,0.0
881,Normal,Normal,0.0,0.0,3.273209551560448e-05,0.9999672679044843,0.0
882,Normal,Normal,0.0,6.819473810748967e-06,0.0,0.9999931805261891,0.0
883,Normal,Normal,0.0,0.0,0.0003903588054569994,0.999609641194543,0.0
884,Normal,Normal,0.0010252159614789497,0.03951034205111623,0.004055791570993761,0.917896616658072,0.037512033758338795
885,DoS/DDoS,DoS/DDoS,0.0,0.0,0.9966617398145279,0.0033382601854721433,0.0
886,Normal,Normal,0.0,6.819473810748967e-06,0.0,0.9999931805261891,0.0
887,Web Attack,Web Attack,0.0,0.17965506519008834,0.0004319168863920788,0.003750994144370204,0.8161620237791493
888,DoS/DDoS,DoS/DDoS,0.0,0.0,1.0,0.0,0.0
889,Brute Force,Brute Force,0.0,1.0,0.0,0.0,0.0
890,Brute Force,Brute Force,0.0,1.0,0.0,0.0,0.0
891,Normal,Normal,0.0,0.001087812816944595,0.0016547882070653077,0.99725739897599,0.0
892,Brute Force,Brute Force,0.0,1.0,0.0,0.0,0.0
893,Brute Force,Brute Force,0.0,1.0,0.0,0.0,0.0
894,Normal,Normal,0.0,0.0,0.0,1.0,0.0
895,Brute Force,Brute Force,0.0,1.0,0.0,0.0,0.0
896,Normal,Normal,0.0,0.0,0.0,1.0,0.0
897,Brute Force,Brute Force,0.0,1.0,0.0,0.0,0.0
898,Normal,Bot,0.7609587313819369,0.0,0.00010474303355153435,0.238936525584511,0.0
899,Normal,Normal,0.0010252159614789497,0.03951034205111623,0.004055791570993761,0.917896616658072,0.037512033758338795
900,DoS/DDoS,DoS/DDoS,0.0,0.0,0.9999915125871316,8.487412868436374e-06,0.0
901,Normal,Normal,0.0,0.0,0.07843825244235635,0.9215617475576435,0.0
902,DoS/DDoS,DoS/DDoS,0.0,0.0,1.0,0.0,0.0
903,DoS/DDoS,DoS/DDoS,0.0,0.0,1.0,0.0,0.0
904,DoS/DDoS,DoS/DDoS,0.0,0.0,1.0,0.0,0.0
905,DoS/DDoS,DoS/DDoS,0.0,0.0,1.0,0.0,0.0
906,DoS/DDoS,DoS/DDoS,0.0,0.0,1.0,0.0,0.0
907,Normal,Normal,0.0,0.0,0.0,1.0,0.0
908,DoS/DDoS,DoS/DDoS,0.0,0.0,1.0,0.0,0.0
909,Normal,Normal,0.0,6.819473810748967e-06,0.0,0.9999931805261891,0.0
910,DoS/DDoS,DoS/DDoS,0.0,0.010827742244939131,0.72215051076179,0.09475068546464817,0.17227106152862232
911,DoS/DDoS,DoS/DDoS,0.0,0.0,1.0,0.0,0.0
912,Brute Force,Brute Force,0.0,1.0,0.0,0.0,0.0
913,DoS/DDoS,DoS/DDoS,0.0,0.0,0.9866723459545643,0.013327654045435643,0.0
914,Normal,Normal,0.0,6.819473810748967e-06,0.0,0.9999931805261891,0.0
915,Normal,Normal,0.0,6.819473810748967e-06,0.0,0.9999931805261891,0.0
916,DoS/DDoS,DoS/DDoS,0.00010988690357994182,0.00911377026313739,0.9002798676184847,0.049949020894628354,0.04054745432016963
917,DoS/DDoS,DoS/DDoS,0.0,0.0001543506670166707,0.9992003610584387,0.0006452882745447497,0.0
918,DoS/DDoS,DoS/DDoS,0.0,0.0,1.0,0.0,0.0
919,Brute Force,Brute Force,0.0,1.0,0.0,0.0,0.0
920,Normal,Normal,0.18280391698657453,0.0,5.5998206946025015e-05,0.8171400848064796,0.0
921,DoS/DDoS,DoS/DDoS,0.0,0.0,1.0,0.0,0.0
922,Normal,Normal,0.00010988690357994182,0.002276730837940569,0.0014166636957555017,0.9875255774304271,0.008671141132296722
923,Normal,Normal,0.0010252159614789497,0.03951034205111623,0.004055791570993761,0.917896616658072,0.037512033758338795
924,Normal,Normal,0.0,0.0,0.02734896863057157,0.9726510313694284,0.0
925,Normal,Bot,0.7577830372535801,0.0,0.00010474303355153435,0.24211221971286784,0.0
926,DoS/DDoS,DoS/DDoS,0.0,0.0,1.0,0.0,0.0
927,DoS/DDoS,DoS/DDoS,0.0,0.0,0.9999915125871316,8.487412868436374e-06,0.0
928,DoS/DDoS,DoS/DDoS,0.0,0.0,1.0,0.0,0.0
929,Brute Force,Brute Force,0.0,0.9947436426858866,0.0,0.00525635731411346,0.0
930,Normal,Normal,0.0,0.006550084729806063,0.0,0.9934499152701939,0.0
931,Normal,Normal,0.0,0.0,0.02245762784513504,0.9478847232913872,0.0296576488634779
932,Normal,Normal,0.0,6.819473810748967e-06,0.0,0.9999931805261891,0.0
933,DoS/DDoS,DoS/DDoS,0.0,0.0,0.9737631909986243,0.02623680900137577,0.0
934,Brute Force,Brute Force,0.0,1.0,0.0,0.0,0.0
935,Normal,Normal,0.0,0.0,0.0,1.0,0.0
936,DoS/DDoS,DoS/DDoS,0.0,0.0,1.0,0.0,0.0
937,Brute Force,Brute Force,0.0,0.9999754714906288,0.0,2.452850937120762e-05,0.0
938,Normal,Normal,0.0,0.0,0.0,1.0,0.0
939,Brute Force,Web Attack,0.0,0.28387051922812145,0.0004985439319532886,0.012291709331322558,0.7033392275086023
940,DoS/DDoS,DoS/DDoS,0.0,0.0,1.0,0.0,0.0
941,Brute Force,Brute Force,0.0,1.0,0.0,0.0,0.0
942,DoS/DDoS,DoS/DDoS,0.0,0.0,1.0,0.0,0.0
943,Web Attack,Web Attack,0.0,0.29863308518909903,0.00043546273942595337,0.01071211538734119,0.6902193366841335
944,Brute Force,Brute Force,0.0,1.0,0.0,0.0,0.0
945,Normal,Normal,0.0,6.819473810748967e-06,0.0,0.9999931805261891,0.0
946,DoS/DDoS,DoS/DDoS,0.0,0.0,0.9437647443597444,0.036934019083294974,0.019301236556960717
947,DoS/DDoS,DoS/DDoS,0.0,0.0,1.0,0.0,0.0
948,DoS/DDoS,DoS/DDoS,0.0,0.0,1.0,0.0,0.0
949,Normal,Normal,0.0,0.0,0.0,1.0,0.0
950,Normal,Normal,0.0,6.819473810748967e-06,0.0,0.9999931805261891,0.0
951,Brute Force,Brute Force,0.0,1.0,0.0,0.0,0.0
952,DoS/DDoS,DoS/DDoS,0.0,0.0,1.0,0.0,0.0
953,Normal,Normal,0.00010988690357994182,0.006104117733297686,0.09449322757657586,0.8820217377727197,0.017271030013826776
954,Normal,Normal,0.0,6.819473810748967e-06,0.0,0.9999931805261891,0.0
955,DoS/DDoS,DoS/DDoS,0.0,0.0,1.0,0.0,0.0
956,Normal,Normal,0.036667441771170275,0.0,0.0008758919451295575,0.9624566662837003,0.0
957,Normal,Normal,0.0,0.01,0.0,0.9704632295356863,0.019536770464313534
958,Normal,Bot,0.7577830372535801,0.0,0.00010474303355153435,0.24211221971286784,0.0
959,Normal,Normal,0.0,0.0,0.007016794653103454,0.9929832053468965,0.0
960,Normal,Normal,0.0010252159614789497,0.03951034205111623,0.004055791570993761,0.917896616658072,0.037512033758338795
961,Brute Force,Web Attack,0.0,0.23599737715330402,0.00043286010853947827,0.005282238044579108,0.7582875246935771
962,DoS/DDoS,DoS/DDoS,0.0,0.0,0.9999915125871316,8.487412868436374e-06,0.0
963,Brute Force,Brute Force,0.0,1.0,0.0,0.0,0.0
964,DoS/DDoS,DoS/DDoS,0.0,0.0,1.0,0.0,0.0
965,DoS/DDoS,DoS/DDoS,0.0,0.0,1.0,0.0,0.0
966,Normal,Normal,0.0,6.819473810748967e-06,0.0,0.9999931805261891,0.0
967,Normal,Normal,0.0,0.01171305089837736,0.0,0.9882869491016227,0.0
968,DoS/DDoS,DoS/DDoS,0.0,0.0,0.9998865803330991,0.00011341966690102105,0.0
969,Brute Force,Web Attack,0.0,0.2608139766806436,0.00043286010853947827,0.004799284815394761,0.7339538783954221
970,Normal,Normal,0.0010252159614789497,0.03951034205111623,0.004055791570993761,0.917896616658072,0.037512033758338795
971,DoS/DDoS,DoS/DDoS,0.0,0.0,1.0,0.0,0.0
972,Normal,Normal,0.0,0.0,0.0,1.0,0.0
973,Brute Force,Brute Force,0.0,1.0,0.0,0.0,0.0
974,Web Attack,Brute Force,0.0,0.7598014418814922,0.0004186102716035083,0.003344754813079909,0.23643519303382418
975,DoS/DDoS,DoS/DDoS,0.0,0.0,1.0,0.0,0.0
976,Brute Force,Brute Force,0.0,1.0,0.0,0.0,0.0
977,Brute Force,Brute Force,0.0,1.0,0.0,0.0,0.0
978,Brute Force,Web Attack,0.0,0.44514159720054763,0.0004402115070105195,0.049396398804895394,0.5050217924875462
979,Normal,Normal,0.0010252159614789497,0.03951034205111623,0.004055791570993761,0.917896616658072,0.037512033758338795
980,Normal,Normal,0.0,0.0,3.273209551560448e-05,0.9999672679044843,0.0
981,DoS/DDoS,DoS/DDoS,0.0,0.0,1.0,0.0,0.0
982,DoS/DDoS,DoS/DDoS,0.0,0.0,1.0,0.0,0.0
983,Brute Force,Brute Force,0.0,1.0,0.0,0.0,0.0
984,DoS/DDoS,DoS/DDoS,0.0,0.0,1.0,0.0,0.0
985,Normal,Normal,0.0,0.0,0.0,1.0,0.0
986,DoS/DDoS,DoS/DDoS,0.0,0.0,1.0,0.0,0.0
987,Normal,Normal,0.0,6.819473810748967e-06,0.0,0.9999931805261891,0.0
988,Normal,Bot,0.7577830372535801,0.0,0.00010474303355153435,0.24211221971286784,0.0
989,DoS/DDoS,DoS/DDoS,0.0,0.0,1.0,0.0,0.0
990,Brute Force,Brute Force,0.0,1.0,0.0,0.0,0.0
991,DoS/DDoS,DoS/DDoS,0.0,0.0,1.0,0.0,0.0
992,Bot,Bot,1.0,0.0,0.0,0.0,0.0
993,DoS/DDoS,DoS/DDoS,0.0,0.0,1.0,0.0,0.0
994,Normal,Normal,0.0,6.819473810748967e-06,0.004987267314658728,0.9950059132115304,0.0
995,Brute Force,Brute Force,0.0,1.0,0.0,0.0,0.0
996,Normal,Normal,0.0,6.819473810748967e-06,0.0,0.9999931805261891,0.0
997,Normal,Normal,0.0010252159614789497,0.03951034205111623,0.004055791570993761,0.917896616658072,0.037512033758338795
998,DoS/DDoS,DoS/DDoS,0.0,0.0,1.0,0.0,0.0
999,DoS/DDoS,DoS/DDoS,0.0,0.0,1.0,0.0,0.0
1000,Normal,Normal,0.0,0.0,0.0,1.0,0.0
1001,Brute Force,Brute Force,0.0,0.9999754714906288,0.0,2.452850937120762e-05,0.0
1002,Normal,Normal,0.0,6.819473810748967e-06,0.0,0.9999931805261891,0.0
1003,Normal,Web Attack,0.0,0.334228921870653,0.0004255609830866665,0.3043818473984443,0.3609636697478159
1004,DoS/DDoS,DoS/DDoS,0.0,0.0,0.9998416181564367,0.00015838184356323625,0.0
1005,Normal,Normal,0.0,6.819473810748967e-06,0.0,0.9999931805261891,0.0
1006,Brute Force,Brute Force,0.0,0.5884658858363627,0.0004255609830866665,0.016350048488796478,0.394758504691754
1007,Normal,Normal,0.0,0.0823833900789109,0.002152801285974474,0.6888278889352896,0.22663591969982483
1008,Normal,DoS/DDoS,0.00010988690357994182,0.008985590372732308,0.5830804638844028,0.3672766045191151,0.04054745432016963
1009,Normal,Normal,0.0,6.819473810748967e-06,0.0,0.9999931805261891,0.0
1010,DoS/DDoS,DoS/DDoS,0.0,0.0,1.0,0.0,0.0
1011,Normal,Normal,0.0,6.819473810748967e-06,0.0,0.9999931805261891,0.0
1012,DoS/DDoS,DoS/DDoS,0.0,0.0,1.0,0.0,0.0
1013,Normal,Normal,0.0010252159614789497,0.03951034205111623,0.004055791570993761,0.917896616658072,0.037512033758338795
1014,DoS/DDoS,DoS/DDoS,0.0,0.008174957137702762,0.9447766091206983,0.007809496114417755,0.03923893762718136
1015,Bot,Bot,0.9511378237033052,0.0,0.00010474303355153435,0.04875743326314302,0.0
1016,Brute Force,Brute Force,0.0,1.0,0.0,0.0,0.0
1017,DoS/DDoS,DoS/DDoS,0.0,0.0,1.0,0.0,0.0
1018,Normal,Normal,0.0,6.819473810748967e-06,0.0,0.9999931805261891,0.0
1019,Brute Force,Brute Force,0.0,0.9950912925188569,0.0,0.004908707481143331,0.0
1020,Brute Force,Brute Force,0.0,1.0,0.0,0.0,0.0
1021,Normal,Normal,0.0,0.006550084729806063,0.0075082713721583835,0.9859416438980355,0.0
1022,Normal,Normal,0.0,0.03866392625270706,0.004994459338695264,0.9083699003701695,0.04797171403842824
1023,Normal,Normal,0.0,6.819473810748967e-06,0.0,0.9999931805261891,0.0
1024,DoS/DDoS,DoS/DDoS,0.0,0.0,1.0,0.0,0.0
1025,Web Attack,Web Attack,0.0,0.16395022539290946,0.00043546273942595337,0.00239300111367601,0.8332213107539885
1026,Brute Force,Web Attack,0.0,0.17381775560720833,0.0004558675133510343,0.0038004850596004593,0.8219258918198398
1027,DoS/DDoS,DoS/DDoS,0.0,0.0,1.0,0.0,0.0
1028,Bot,Bot,0.943575492691303,0.0,0.00010474303355153435,0.05631976427514547,0.0
1029,Brute Force,Brute Force,0.0,0.9999754714906288,0.0,2.452850937120762e-05,0.0
1030,Normal,Normal,0.0010252159614789497,0.03951034205111623,0.004055791570993761,0.917896616658072,0.037512033758338795
1031,Brute Force,Brute Force,0.0,1.0,0.0,0.0,0.0
1032,Normal,Normal,0.0,0.23284315169439135,0.0004255609830866665,0.44064339902776317,0.3260878882947587
1033,DoS/DDoS,DoS/DDoS,0.0,0.0,1.0,0.0,0.0
1034,Normal,Normal,0.0,6.819473810748967e-06,0.0,0.9999931805261891,0.0
1035,Brute Force,Web Attack,0.00032907647963916875,0.27909507857656174,0.04688227670132088,0.1675137452491155,0.5061798229933622
1036,Brute Force,Brute Force,0.0,1.0,0.0,0.0,0.0
1037,Brute Force,Brute Force,0.0,0.9965484845623642,0.0,0.003451515437635728,0.0
1038,DoS/DDoS,DoS/DDoS,0.0,0.0,1.0,0.0,0.0
1039,DoS/DDoS,DoS/DDoS,0.0,0.0,1.0,0.0,0.0
1040,Brute Force,Brute Force,0.0,1.0,0.0,0.0,0.0
1041,Normal,Normal,0.0,6.819473810748967e-06,0.0,0.9999931805261891,0.0
1042,Normal,Normal,0.0,0.0,0.0,1.0,0.0
1043,Normal,Normal,0.0,6.819473810748967e-06,0.0,0.9999931805261891,0.0
1044,DoS/DDoS,DoS/DDoS,0.0,0.0,1.0,0.0,0.0
1045,DoS/DDoS,DoS/DDoS,0.0,0.0,0.9999126761156112,8.732388438904994e-05,0.0
1046,Normal,Normal,0.0,0.0,0.0,1.0,0.0
1047,Normal,Normal,0.0,6.819473810748967e-06,0.0,0.9999931805261891,0.0
1048,DoS/DDoS,DoS/DDoS,0.0,0.0,1.0,0.0,0.0
1049,Bot,Bot,1.0,0.0,0.0,0.0,0.0
1050,DoS/DDoS,DoS/DDoS,0.0,0.0,1.0,0.0,0.0
1051,DoS/DDoS,DoS/DDoS,0.0,0.0,1.0,0.0,0.0
1052,Brute Force,Brute Force,0.0,1.0,0.0,0.0,0.0
1053,Normal,Normal,0.0,0.0,0.004994459338695264,0.9950055406613048,0.0
1054,DoS/DDoS,DoS/DDoS,0.0,0.0,0.9517336732327054,0.029249169952636364,0.01901715681465823
1055,Web Attack,Web Attack,0.0,0.2140124513998867,0.00043546273942595337,0.014431261638367892,0.7711208242223191
1056,DoS/DDoS,Normal,0.00010988690357994182,0.010935428166912448,0.09513418124591551,0.8532730493634224,0.04054745432016963
1057,Brute Force,Brute Force,0.0,1.0,0.0,0.0,0.0
1058,DoS/DDoS,DoS/DDoS,0.0,0.0,1.0,0.0,0.0
1059,Normal,Normal,0.0,6.819473810748967e-06,0.0,0.9999931805261891,0.0
1060,Normal,Normal,0.0,6.819473810748967e-06,0.0,0.9999931805261891,0.0
1061,DoS/DDoS,DoS/DDoS,0.0,0.0,1.0,0.0,0.0
1062,Brute Force,Web Attack,0.0,0.3449841347118508,0.0004255609830866665,0.013435651790799282,0.6411546525142632
1063,Normal,Normal,0.0,6.819473810748967e-06,0.0,0.9999931805261891,0.0
1064,DoS/DDoS,DoS/DDoS,0.0,0.0,0.9998865803330991,0.00011341966690102105,0.0
1065,DoS/DDoS,DoS/DDoS,0.0,0.0,1.0,0.0,0.0
1066,Brute Force,Brute Force,0.0,0.9999754714906288,0.0,2.452850937120762e-05,0.0
1067,DoS/DDoS,DoS/DDoS,0.0,0.0,1.0,0.0,0.0
1068,DoS/DDoS,DoS/DDoS,0.0,0.0,1.0,0.0,0.0
1069,Normal,Normal,0.009144262295081966,0.0,0.0,0.9908557377049181,0.0
1070,DoS/DDoS,DoS/DDoS,0.0,0.0,1.0,0.0,0.0
1071,Brute Force,Brute Force,0.0,1.0,0.0,0.0,0.0
1072,Normal,Normal,0.0,6.819473810748967e-06,0.0,0.9999931805261891,0.0
1073,DoS/DDoS,DoS/DDoS,0.0,0.0,1.0,0.0,0.0
1074,Normal,Normal,0.0,6.819473810748967e-06,0.0,0.9999931805261891,0.0
1075,DoS/DDoS,DoS/DDoS,0.0,0.0,1.0,0.0,0.0
1076,Brute Force,Brute Force,0.0,1.0,0.0,0.0,0.0
1077,Normal,Normal,0.0,6.819473810748967e-06,0.0,0.9999931805261891,0.0
1078,DoS/DDoS,DoS/DDoS,0.0,0.0001543506670166707,0.9675625758740963,0.03228307345888709,0.0
1079,DoS/DDoS,DoS/DDoS,0.0,0.0,1.0,0.0,0.0
1080,Brute Force,Brute Force,0.0,0.9999754714906288,0.0,2.452850937120762e-05,0.0
1081,DoS/DDoS,DoS/DDoS,0.0,0.004970296357590367,0.9154106879532289,0.03229282042194477,0.04732619526723617
1082,Normal,Normal,0.0,0.0,0.0,1.0,0.0
1083,Normal,Normal,0.0010252159614789497,0.03951034205111623,0.004055791570993761,0.917896616658072,0.037512033758338795
1084,DoS/DDoS,DoS/DDoS,0.0,0.0,1.0,0.0,0.0
1085,DoS/DDoS,DoS/DDoS,0.0,0.0,1.0,0.0,0.0
1086,DoS/DDoS,DoS/DDoS,0.0,0.0,0.9998865803330991,0.00011341966690102105,0.0
1087,DoS/DDoS,DoS/DDoS,0.0,0.0,1.0,0.0,0.0
1088,DoS/DDoS,DoS/DDoS,0.0,0.0,1.0,0.0,0.0
1089,Normal,Normal,0.0,6.819473810748967e-06,0.0,0.9999931805261891,0.0
1090,DoS/DDoS,DoS/DDoS,0.0,0.0,1.0,0.0,0.0
1091,DoS/DDoS,DoS/DDoS,0.0,0.0,1.0,0.0,0.0
1092,Normal,Normal,0.0,6.819473810748967e-06,0.0,0.9999931805261891,0.0
1093,DoS/DDoS,DoS/DDoS,0.0,0.0,0.999023673034044,0.0009763269659559715,0.0
1094,DoS/DDoS,DoS/DDoS,0.0,0.0,0.9999915125871316,8.487412868436374e-06,0.0
1095,DoS/DDoS,DoS/DDoS,0.0,0.0,0.9950240034138189,0.004975996586181145,0.0
1096,Normal,Normal,0.0,0.01,0.0,0.99,0.0
1097,DoS/DDoS,DoS/DDoS,0.0,0.0,1.0,0.0,0.0
1098,Bot,Bot,0.9289835930542317,0.0,0.00010474303355153435,0.07091166391221682,0.0
1099,Brute Force,Brute Force,0.0,1.0,0.0,0.0,0.0
1100,Brute Force,Brute Force,0.0,1.0,0.0,0.0,0.0
1101,DoS/DDoS,DoS/DDoS,0.0,0.0,1.0,0.0,0.0
1102,DoS/DDoS,DoS/DDoS,0.0,0.0,1.0,0.0,0.0
1103,DoS/DDoS,DoS/DDoS,0.0,0.0,1.0,0.0,0.0
1104,DoS/DDoS,DoS/DDoS,0.0,0.0,1.0,0.0,0.0
1105,DoS/DDoS,DoS/DDoS,0.0,0.0,1.0,0.0,0.0
1106,Normal,Normal,0.0,6.819473810748967e-06,0.0,0.9999931805261891,0.0
1107,Normal,Normal,0.0,0.0,0.0,0.9903423511365221,0.009657648863477898
1108,Normal,Normal,0.0,6.819473810748967e-06,0.0,0.9999931805261891,0.0
1109,Normal,Normal,0.0,6.819473810748967e-06,0.024561983453342297,0.975431197072847,0.0
1110,Normal,Normal,0.0,6.819473810748967e-06,0.0,0.9999931805261891,0.0
1111,DoS/DDoS,DoS/DDoS,0.0,0.006528721720510195,0.9852383353456281,0.008232942933861665,0.0
1112,DoS/DDoS,DoS/DDoS,0.0,0.0,1.0,0.0,0.0
1113,Normal,Normal,0.0010252159614789497,0.03951034205111623,0.004055791570993761,0.917896616658072,0.037512033758338795
1114,Brute Force,Brute Force,0.0,1.0,0.0,0.0,0.0
1115,Brute Force,Brute Force,0.0,1.0,0.0,0.0,0.0
1116,Normal,Normal,0.0,6.819473810748967e-06,0.0,0.9999931805261891,0.0
1117,Normal,Normal,0.0,0.0,0.0,1.0,0.0
1118,Brute Force,Brute Force,0.0,1.0,0.0,0.0,0.0
1119,Brute Force,Brute Force,0.0,1.0,0.0,0.0,0.0
1120,DoS/DDoS,DoS/DDoS,0.0,0.0,1.0,0.0,0.0
1121,Brute Force,Brute Force,0.0,1.0,0.0,0.0,0.0
1122,DoS/DDoS,DoS/DDoS,0.0,0.0,1.0,0.0,0.0
1123,DoS/DDoS,DoS/DDoS,0.0,0.0,1.0,0.0,0.0
1124,DoS/DDoS,DoS/DDoS,0.0,0.0,0.9999915125871316,8.487412868436374e-06,0.0
1125,DoS/DDoS,DoS/DDoS,0.0,0.0,1.0,0.0,0.0
1126,Normal,Normal,0.0,6.819473810748967e-06,0.0,0.9999931805261891,0.0
1127,Normal,Normal,0.0010252159614789497,0.03951034205111623,0.004055791570993761,0.917896616658072,0.037512033758338795
1128,Normal,Normal,0.0,0.001087812816944595,0.0,0.9989121871830554,0.0
1129,Normal,Normal,0.0,0.0,0.01,0.99,0.0
1130,Bot,Bot,0.9540087712448273,0.0,0.00010474303355153435,0.0458864857216211,0.0
1131,Normal,Normal,0.0,0.0,0.0,1.0,0.0
1132,Brute Force,Brute Force,0.0,1.0,0.0,0.0,0.0
1133,Brute Force,Web Attack,0.0,0.01990393940675151,0.00043826923453317774,0.002110823969345727,0.9775469673893694
1134,DoS/DDoS,DoS/DDoS,0.0,0.0,1.0,0.0,0.0
1135,Brute Force,Brute Force,0.0,1.0,0.0,0.0,0.0
1136,DoS/DDoS,DoS/DDoS,0.0,0.0,1.0,0.0,0.0
1137,DoS/DDoS,DoS/DDoS,0.0,0.0,1.0,0.0,0.0
1138,DoS/DDoS,DoS/DDoS,0.0,0.0,1.0,0.0,0.0
1139,DoS/DDoS,DoS/DDoS,0.0,0.0,1.0,0.0,0.0
1140,Brute Force,Brute Force,0.0,1.0,0.0,0.0,0.0
1141,Brute Force,Brute Force,0.0,1.0,0.0,0.0,0.0
1142,DoS/DDoS,DoS/DDoS,0.0,0.0,1.0,0.0,0.0
1143,DoS/DDoS,DoS/DDoS,0.0,0.0,1.0,0.0,0.0
1144,Brute Force,Brute Force,0.0,1.0,0.0,0.0,0.0
1145,Brute Force,Brute Force,0.0,1.0,0.0,0.0,0.0
1146,DoS/DDoS,DoS/DDoS,0.0,0.0,1.0,0.0,0.0
1147,Brute Force,Brute Force,0.0,1.0,0.0,0.0,0.0
1148,Brute Force,Brute Force,0.0,0.9999754714906288,0.0,2.452850937120762e-05,0.0
1149,Normal,Normal,0.0,0.0,0.0,1.0,0.0
1150,Normal,Normal,0.18280391698657453,0.0,5.5998206946025015e-05,0.8171400848064796,0.0
1151,Normal,Normal,0.0,0.0,0.004977823878675155,0.9950221761213248,0.0
1152,Bot,Bot,0.9539210039344478,0.0,0.00010474303355153435,0.04597425303200056,0.0
1153,Normal,Normal,0.0010252159614789497,0.03951034205111623,0.004055791570993761,0.917896616658072,0.037512033758338795
1154,Normal,Normal,0.0,0.0,0.0,1.0,0.0
1155,DoS/DDoS,DoS/DDoS,0.0,0.0,1.0,0.0,0.0
1156,DoS/DDoS,DoS/DDoS,0.0,0.0,1.0,0.0,0.0
1157,DoS/DDoS,DoS/DDoS,0.0,0.0,1.0,0.0,0.0
1158,DoS/DDoS,DoS/DDoS,0.0,0.0,0.9991163203841111,0.0008836796158889274,0.0
1159,DoS/DDoS,DoS/DDoS,0.0,0.0,1.0,0.0,0.0
1160,Normal,Normal,0.0,0.0,0.0,1.0,0.0
1161,DoS/DDoS,DoS/DDoS,0.0,0.0,0.984151211725265,0.015848788274734956,0.0
1162,Normal,Normal,0.0,6.819473810748967e-06,0.0,0.9999931805261891,0.0
1163,DoS/DDoS,DoS/DDoS,0.0,0.0,1.0,0.0,0.0
1164,Brute Force,Brute Force,0.0,1.0,0.0,0.0,0.0
1165,Normal,Normal,0.0,6.819473810748967e-06,0.0,0.9999931805261891,0.0
1166,Normal,Normal,0.036667441771170275,0.0,0.00037465224236921666,0.9629579059864607,0.0
1167,Normal,Normal,0.00010988690357994182,0.010841257161236717,0.03341996691629817,0.8970813086105369,0.058547580408347975
1168,DoS/DDoS,DoS/DDoS,0.0,0.0,1.0,0.0,0.0
1169,DoS/DDoS,DoS/DDoS,0.0,0.0,1.0,0.0,0.0
1170,DoS/DDoS,DoS/DDoS,0.0,0.0,1.0,0.0,0.0
1171,DoS/DDoS,DoS/DDoS,0.0,0.0,1.0,0.0,0.0
1172,Brute Force,Brute Force,0.0,1.0,0.0,0.0,0.0
1173,DoS/DDoS,DoS/DDoS,0.0,0.0,1.0,0.0,0.0
1174,DoS/DDoS,DoS/DDoS,0.0,0.0,1.0,0.0,0.0
1175,DoS/DDoS,DoS/DDoS,0.0,0.0,1.0,0.0,0.0
1176,Normal,Normal,0.0,6.819473810748967e-06,0.06110318606123727,0.938889994464952,0.0
1177,Brute Force,Brute Force,0.0,0.9686480936486618,0.0075907330614483,0.023761173289889904,0.0
1178,DoS/DDoS,DoS/DDoS,0.0,0.0,1.0,0.0,0.0
1179,Normal,Normal,0.0,0.23229778842958,0.004982334677563255,0.7530456637509463,0.009674213141910547
1180,DoS/DDoS,DoS/DDoS,0.0,0.0,1.0,0.0,0.0
1181,Normal,Normal,0.0,0.0,0.0,1.0,0.0
1182,DoS/DDoS,DoS/DDoS,0.0,0.0,0.9999915125871316,8.487412868436374e-06,0.0
1183,Normal,Normal,0.0,6.819473810748967e-06,0.0,0.9999931805261891,0.0
1184,DoS/DDoS,DoS/DDoS,0.0,0.0,1.0,0.0,0.0
1185,DoS/DDoS,DoS/DDoS,0.0,0.0,1.0,0.0,0.0
1186,Normal,Normal,0.0,6.819473810748967e-06,0.0,0.9999931805261891,0.0
1187,Normal,Normal,0.0,6.819473810748967e-06,0.0,0.9999931805261891,0.0
1188,DoS/DDoS,DoS/DDoS,0.0,0.0,1.0,0.0,0.0
1189,Brute Force,Brute Force,0.0,1.0,0.0,0.0,0.0
1190,Bot,Bot,0.999928535227931,0.0,5.39913091401014e-06,6.606564115514711e-05,0.0
1191,DoS/DDoS,DoS/DDoS,0.0,0.0,1.0,0.0,0.0
1192,DoS/DDoS,DoS/DDoS,0.0,0.0,0.9999915125871316,8.487412868436374e-06,0.0
1193,Brute Force,Brute Force,0.0,1.0,0.0,0.0,0.0
1194,DoS/DDoS,DoS/DDoS,0.0,0.0,0.8407290415649927,0.15927095843500738,0.0
1195,Normal,Normal,0.0,6.819473810748967e-06,0.0,0.9999931805261891,0.0
1196,DoS/DDoS,DoS/DDoS,0.0,0.0,1.0,0.0,0.0
1197,DoS/DDoS,DoS/DDoS,0.0,0.0,1.0,0.0,0.0
1198,Normal,Normal,0.0,0.0,0.0,1.0,0.0
1199,Normal,Normal,0.0,0.0,0.0,1.0,0.0
1200,DoS/DDoS,DoS/DDoS,0.0,0.0,1.0,0.0,0.0
1201,DoS/DDoS,DoS/DDoS,0.0,0.0,1.0,0.0,0.0
1202,Normal,Normal,0.0,0.0,0.0,1.0,0.0
1203,Normal,Normal,0.0,0.0,0.0,1.0,0.0
1204,Brute Force,Brute Force,0.0,1.0,0.0,0.0,0.0
1205,DoS/DDoS,DoS/DDoS,0.00010988690357994182,0.041613594006843425,0.6887163054125091,0.16414951783921697,0.10541069583785063
1206,Brute Force,Brute Force,0.0,1.0,0.0,0.0,0.0
1207,Normal,Normal,0.0,6.819473810748967e-06,0.0,0.9999931805261891,0.0
1208,DoS/DDoS,DoS/DDoS,0.0,0.0,0.9998865803330991,0.00011341966690102105,0.0
1209,Normal,Normal,0.0,6.819473810748967e-06,0.0,0.9999931805261891,0.0
1210,DoS/DDoS,DoS/DDoS,0.0,0.0,1.0,0.0,0.0
1211,DoS/DDoS,DoS/DDoS,0.0,0.0,0.98,0.02,0.0
1212,Normal,Normal,0.0,0.0,0.0,1.0,0.0
1213,Bot,Bot,1.0,0.0,0.0,0.0,0.0
1214,DoS/DDoS,DoS/DDoS,0.0,0.0,1.0,0.0,0.0
1215,Brute Force,Brute Force,0.0,1.0,0.0,0.0,0.0
1216,Brute Force,Brute Force,0.0,1.0,0.0,0.0,0.0
1217,Normal,Normal,0.0,0.0,0.0005630640014228599,0.9994369359985771,0.0
1218,Normal,Normal,0.0,0.0,0.0,1.0,0.0
1219,Normal,Normal,0.0010252159614789497,0.012200651508171036,0.001689493922690716,0.9542372822044427,0.03084735640321652
1220,DoS/DDoS,DoS/DDoS,0.0,0.0,0.9999126761156112,8.732388438904994e-05,0.0
1221,Brute Force,Brute Force,0.0,1.0,0.0,0.0,0.0
1222,Normal,Normal,0.0,0.0,0.0,1.0,0.0
1223,Brute Force,Brute Force,0.0,1.0,0.0,0.0,0.0
1224,Brute Force,Brute Force,0.0,1.0,0.0,0.0,0.0
1225,Normal,Normal,0.0,0.0,0.0,1.0,0.0
1226,Normal,Normal,0.0,0.0,0.0,1.0,0.0
1227,DoS/DDoS,DoS/DDoS,0.0,0.0,1.0,0.0,0.0
1228,Normal,Normal,0.0,6.819473810748967e-06,0.0,0.9999931805261891,0.0
1229,Brute Force,Brute Force,0.0,1.0,0.0,0.0,0.0
1230,Normal,Normal,0.0,0.0,0.0,1.0,0.0
1231,Brute Force,Brute Force,0.0,1.0,0.0,0.0,0.0
1232,Normal,Normal,0.0,0.0,0.0,1.0,0.0
1233,Normal,Normal,0.0,6.819473810748967e-06,0.0,0.9999931805261891,0.0
1234,Brute Force,Brute Force,0.0,0.563122351826927,0.0,0.43687764817307295,0.0
1235,Brute Force,Brute Force,0.0,1.0,0.0,0.0,0.0
1236,Normal,Normal,0.0,6.819473810748967e-06,0.0,0.9999931805261891,0.0
1237,DoS/DDoS,DoS/DDoS,0.0,0.0,1.0,0.0,0.0
1238,DoS/DDoS,DoS/DDoS,0.0,0.0,1.0,0.0,0.0
1239,Normal,Normal,0.0,6.819473810748967e-06,0.0,0.9999931805261891,0.0
1240,Brute Force,Web Attack,0.0,0.36883818500568516,0.0004186102716035083,0.009962040043271485,0.6207811646794394
1241,Brute Force,Brute Force,0.0,0.7705274013883503,0.0004169715476717681,0.01923524440306468,0.20982038266091288
1242,DoS/DDoS,DoS/DDoS,0.0,0.0,1.0,0.0,0.0
1243,Normal,Normal,0.0,0.0,0.0,1.0,0.0
1244,DoS/DDoS,DoS/DDoS,0.0,0.0,1.0,0.0,0.0
1245,Normal,Normal,0.0,6.819473810748967e-06,0.0,0.9999931805261891,0.0
1246,DoS/DDoS,DoS/DDoS,0.0,0.0,0.9937638877308389,0.006236112269161098,0.0
1247,Normal,Normal,0.0010252159614789497,0.03951034205111623,0.004055791570993761,0.917896616658072,0.037512033758338795
1248,Normal,Normal,0.0,0.0,0.0,1.0,0.0
1249,DoS/DDoS,DoS/DDoS,0.0,0.0,1.0,0.0,0.0
1250,Bot,Bot,0.999928535227931,0.0,5.39913091401014e-06,6.606564115514711e-05,0.0
1251,DoS/DDoS,DoS/DDoS,0.0,0.0,1.0,0.0,0.0
1252,Brute Force,Web Attack,0.0,0.34003181446068576,0.00043546273942595337,0.009688607812012775,0.6498441149878754
1253,Normal,Normal,0.0,0.0,0.0,1.0,0.0
1254,DoS/DDoS,DoS/DDoS,0.0,0.0,1.0,0.0,0.0
1255,DoS/DDoS,DoS/DDoS,0.0,0.0,1.0,0.0,0.0
1256,DoS/DDoS,DoS/DDoS,0.0,0.0,0.9998413014882138,0.00015869851178634286,0.0
1257,DoS/DDoS,DoS/DDoS,0.0,0.0,1.0,0.0,0.0
1258,Brute Force,Brute Force,0.0,1.0,0.0,0.0,0.0
1259,Brute Force,Brute Force,0.0,1.0,0.0,0.0,0.0
1260,DoS/DDoS,DoS/DDoS,0.0,0.0,1.0,0.0,0.0
1261,Web Attack,Web Attack,0.0,0.026956351562921498,0.0004402115070105195,0.0025955041699958514,0.9700079327600721
1262,DoS/DDoS,DoS/DDoS,0.0,0.0036948219668649523,0.9712474157431518,0.012351313495572079,0.012706448794411183
1263,Normal,Normal,0.09862312582774066,0.0,0.000796061104242402,0.9005808130680171,0.0
1264,DoS/DDoS,DoS/DDoS,0.0,0.0,1.0,0.0,0.0
1265,Normal,Normal,0.0,6.819473810748967e-06,0.006441269328363357,0.9935519111978259,0.0
1266,Normal,Normal,0.0,0.0,0.0,1.0,0.0
1267,Normal,Normal,0.0010252159614789497,0.03951034205111623,0.004055791570993761,0.917896616658072,0.037512033758338795
1268,Normal,Normal,0.0,0.0,0.0,1.0,0.0
1269,DoS/DDoS,DoS/DDoS,0.0,0.0,1.0,0.0,0.0
1270,Normal,Normal,0.0,6.819473810748967e-06,0.0,0.9999931805261891,0.0
1271,DoS/DDoS,DoS/DDoS,0.0,0.0,1.0,0.0,0.0
1272,Normal,Normal,0.0,6.819473810748967e-06,0.0,0.9999931805261891,0.0
1273,DoS/DDoS,DoS/DDoS,0.0,0.0,1.0,0.0,0.0
1274,DoS/DDoS,DoS/DDoS,0.0,0.0,1.0,0.0,0.0
1275,Brute Force,Brute Force,0.0,1.0,0.0,0.0,0.0
1276,DoS/DDoS,DoS/DDoS,0.0,0.0,1.0,0.0,0.0
1277,DoS/DDoS,DoS/DDoS,0.0,0.0,1.0,0.0,0.0
1278,DoS/DDoS,DoS/DDoS,0.0,0.0,1.0,0.0,0.0
1279,DoS/DDoS,DoS/DDoS,0.0,0.0,1.0,0.0,0.0
1280,DoS/DDoS,DoS/DDoS,0.0,0.0,1.0,0.0,0.0
1281,DoS/DDoS,DoS/DDoS,0.0,0.0,0.9999915125871316,8.487412868436374e-06,0.0
1282,Brute Force,Brute Force,0.0,0.9999754714906288,0.0,2.452850937120762e-05,0.0
1283,Normal,Normal,0.0,6.819473810748967e-06,0.0,0.9999931805261891,0.0
1284,DoS/DDoS,DoS/DDoS,0.0,0.0,1.0,0.0,0.0
1285,DoS/DDoS,DoS/DDoS,0.0,0.0,1.0,0.0,0.0
1286,Bot,Bot,1.0,0.0,0.0,0.0,0.0
1287,Normal,Normal,0.00010988690357994182,0.009021533596349211,0.029340319286232427,0.88719904274817,0.07432921746566822
1288,DoS/DDoS,DoS/DDoS,0.0,0.0,1.0,0.0,0.0
1289,Brute Force,Brute Force,0.0,1.0,0.0,0.0,0.0
1290,Normal,Normal,0.0,0.0,0.0,1.0,0.0
1291,Web Attack,Web Attack,0.0,0.3553287156846232,0.0004558675133510343,0.0017035462840902544,0.6425118705179352
1292,DoS/DDoS,DoS/DDoS,0.0,0.0,1.0,0.0,0.0
1293,DoS/DDoS,DoS/DDoS,0.0,0.0,1.0,0.0,0.0
1294,DoS/DDoS,DoS/DDoS,0.0,0.0,0.9997557786241573,0.0002442213758426344,0.0
1295,DoS/DDoS,DoS/DDoS,0.0,0.0,0.9570767754137338,0.02362198802930553,0.019301236556960717
1296,Brute Force,Brute Force,0.0,0.9999754714906288,0.0,2.452850937120762e-05,0.0
1297,DoS/DDoS,DoS/DDoS,0.0,0.0,1.0,0.0,0.0
1298,Normal,Normal,0.0,6.819473810748967e-06,0.0,0.9999931805261891,0.0
1299,Normal,Normal,0.0,6.819473810748967e-06,0.0,0.9999931805261891,0.0
1300,DoS/DDoS,DoS/DDoS,0.0,0.0,1.0,0.0,0.0
1301,Normal,Normal,0.0,0.0,0.0,1.0,0.0
1302,Normal,Normal,0.0,0.0,0.0,1.0,0.0
1303,Normal,Normal,0.18280391698657453,0.0,5.5998206946025015e-05,0.8171400848064796,0.0
1304,DoS/DDoS,DoS/DDoS,0.0,0.0,1.0,0.0,0.0
1305,Normal,Normal,0.0,6.819473810748967e-06,0.0,0.9999931805261891,0.0
1306,DoS/DDoS,DoS/DDoS,0.0,0.0,1.0,0.0,0.0
1307,Brute Force,Brute Force,0.0,1.0,0.0,0.0,0.0
1308,DoS/DDoS,DoS/DDoS,0.0,0.0,1.0,0.0,0.0
1309,Normal,Normal,0.0,0.0,0.0,1.0,0.0
1310,Brute Force,Brute Force,0.0,0.7317352084730845,0.0004985439319532886,0.0070683312237038885,0.26069791637125816
1311,Normal,Normal,0.0,0.0,0.0,1.0,0.0
1312,Normal,Normal,0.0,6.819473810748967e-06,0.0,0.9999931805261891,0.0
1313,DoS/DDoS,DoS/DDoS,0.0,0.0,1.0,0.0,0.0
1314,DoS/DDoS,DoS/DDoS,0.0,0.0,1.0,0.0,0.0
1315,Normal,Normal,0.0,0.0,0.0,1.0,0.0
1316,Brute Force,Web Attack,0.0,0.1961816586846622,0.00037865738613959845,0.004664747368753406,0.7987749365604447
1317,DoS/DDoS,DoS/DDoS,0.0,0.0,1.0,0.0,0.0
1318,Normal,Normal,0.0,6.819473810748967e-06,0.0,0.9999931805261891,0.0
1319,DoS/DDoS,DoS/DDoS,0.0,0.0,1.0,0.0,0.0
1320,Normal,Normal,0.0,0.0,0.02005100002452041,0.9702807991099166,0.00966820086556296
1321,DoS/DDoS,DoS/DDoS,0.0,0.0,1.0,0.0,0.0
1322,DoS/DDoS,DoS/DDoS,0.0,0.0,1.0,0.0,0.0
1323,Brute Force,Brute Force,0.0,0.9999754714906288,0.0,2.452850937120762e-05,0.0
1324,Brute Force,Brute Force,0.0,1.0,0.0,0.0,0.0
1325,Brute Force,Brute Force,0.0,0.9999754714906288,0.0,2.452850937120762e-05,0.0
1326,DoS/DDoS,DoS/DDoS,0.0,0.0,1.0,0.0,0.0
1327,Normal,Normal,0.0,6.819473810748967e-06,0.0,0.9999931805261891,0.0
1328,Brute Force,Brute Force,0.0,0.9999754714906288,0.0,2.452850937120762e-05,0.0
1329,DoS/DDoS,DoS/DDoS,0.0,0.0,1.0,0.0,0.0
1330,Normal,Normal,0.0,0.0,0.0,1.0,0.0
1331,Brute Force,Brute Force,0.00032907647963916875,0.8143775198950687,0.009900706119193418,0.0901561238119944,0.08523657369410437
1332,Brute Force,Brute Force,0.0,1.0,0.0,0.0,0.0
1333,Normal,Normal,0.009243479408459696,0.001087812816944595,0.0022654987797205094,0.9874032089948753,0.0
1334,DoS/DDoS,DoS/DDoS,0.0,0.0,1.0,0.0,0.0
1335,Bot,Bot,0.999928535227931,0.0,5.39913091401014e-06,6.606564115514711e-05,0.0
1336,Brute Force,Brute Force,0.0,1.0,0.0,0.0,0.0
1337,Normal,Normal,0.0010252159614789497,0.03951034205111623,0.004055791570993761,0.917896616658072,0.037512033758338795
1338,DoS/DDoS,DoS/DDoS,0.0,0.0,1.0,0.0,0.0
1339,DoS/DDoS,DoS/DDoS,0.0,0.0,0.99,0.01,0.0
1340,DoS/DDoS,DoS/DDoS,0.0,0.0,1.0,0.0,0.0
1341,Brute Force,Brute Force,0.0,0.9999754714906288,0.0,2.452850937120762e-05,0.0
1342,DoS/DDoS,DoS/DDoS,0.0,0.0,1.0,0.0,0.0
1343,DoS/DDoS,DoS/DDoS,0.0,0.0,1.0,0.0,0.0
1344,DoS/DDoS,DoS/DDoS,0.0,0.0,1.0,0.0,0.0
1345,DoS/DDoS,DoS/DDoS,0.0,0.0,1.0,0.0,0.0
1346,Normal,Normal,0.0,6.819473810748967e-06,0.0,0.9999931805261891,0.0
1347,DoS/DDoS,DoS/DDoS,0.0,0.0,1.0,0.0,0.0
1348,DoS/DDoS,DoS/DDoS,0.0,0.0,1.0,0.0,0.0
1349,Normal,Normal,0.0,0.0,0.0,1.0,0.0
1350,DoS/DDoS,DoS/DDoS,0.0,0.0,1.0,0.0,0.0
1351,DoS/DDoS,DoS/DDoS,0.0,0.0,0.999581898642458,0.00041810135754193273,0.0
1352,Brute Force,Web Attack,0.0,0.04112993210328373,0.0004402115070105195,0.0016083608107585485,0.956821495578947
1353,Normal,Normal,0.0,6.819473810748967e-06,0.0,0.9999931805261891,0.0
1354,Normal,Normal,0.0,0.0038838805723265236,0.0033454034352145222,0.992770715992459,0.0
1355,Brute Force,Brute Force,0.0,1.0,0.0,0.0,0.0
1356,Normal,Normal,0.0,6.819473810748967e-06,0.0,0.9999931805261891,0.0
1357,Normal,Normal,0.0,0.0,0.0,1.0,0.0
1358,Brute Force,Brute Force,0.0,1.0,0.0,0.0,0.0
1359,Brute Force,Brute Force,0.0,1.0,0.0,0.0,0.0
1360,DoS/DDoS,DoS/DDoS,0.0,0.0,0.9999238448224069,7.615517759312038e-05,0.0
1361,DoS/DDoS,DoS/DDoS,0.0,0.0,1.0,0.0,0.0
1362,Normal,Normal,0.0,0.0,0.0,1.0,0.0
1363,Normal,Normal,0.0,6.819473810748967e-06,0.0,0.9999931805261891,0.0
1364,Normal,Normal,0.0,0.0,0.01548584217272241,0.9845141578272777,0.0
1365,Normal,Normal,0.0,0.006509354928790841,0.0299713278963171,0.963519317174892,0.0
1366,Normal,Normal,0.0,0.0,3.273209551560448e-05,0.9999672679044843,0.0
1367,Normal,Normal,0.0,0.0,0.0,1.0,0.0
1368,Brute Force,Brute Force,0.0,1.0,0.0,0.0,0.0
1369,Brute Force,Brute Force,0.0,1.0,0.0,0.0,0.0
1370,Normal,Normal,0.0,6.819473810748967e-06,0.0,0.9999931805261891,0.0
1371,Brute Force,Brute Force,0.0,1.0,0.0,0.0,0.0
1372,Normal,Normal,0.027710043734621128,0.0,0.0,0.972289956265379,0.0
1373,DoS/DDoS,DoS/DDoS,0.0,0.0,1.0,0.0,0.0
1374,Normal,Normal,0.0,0.0,0.0007329383870117206,0.9992670616129884,0.0
1375,DoS/DDoS,DoS/DDoS,0.0,0.0,0.9999126761156112,8.732388438904994e-05,0.0
1376,Brute Force,Web Attack,0.0,0.4108847698811758,0.00037865738613959845,0.01736291621504789,0.5713736565176366
1377,Normal,Normal,0.0,6.819473810748967e-06,0.0,0.9999931805261891,0.0
1378,DoS/DDoS,DoS/DDoS,0.0,0.0,0.9999915125871316,8.487412868436374e-06,0.0
1379,DoS/DDoS,DoS/DDoS,0.0,0.0,1.0,0.0,0.0
1380,DoS/DDoS,DoS/DDoS,0.0,0.0,1.0,0.0,0.0
1381,Normal,Normal,0.0,0.0,0.0003903588054569994,0.999609641194543,0.0
1382,Normal,Normal,0.0,6.819473810748967e-06,0.0,0.9999931805261891,0.0
1383,DoS/DDoS,DoS/DDoS,0.0,0.0,0.9999126761156112,8.732388438904994e-05,0.0
1384,DoS/DDoS,DoS/DDoS,0.0,0.0,0.9606394620773209,0.03936053792267899,0.0
1385,DoS/DDoS,DoS/DDoS,0.0,0.0,1.0,0.0,0.0
1386,Normal,Normal,0.0010252159614789497,0.03951034205111623,0.004055791570993761,0.917896616658072,0.037512033758338795
1387,Normal,Normal,0.0,0.0,0.0,1.0,0.0
1388,DoS/DDoS,DoS/DDoS,0.0,0.0,1.0,0.0,0.0
1389,Brute Force,Brute Force,0.0,0.7643896704206431,0.00037865738613959845,0.03184334876671,0.20338832342650723
1390,Brute Force,Brute Force,0.0,1.0,0.0,0.0,0.0
1391,Normal,Normal,0.0,6.819473810748967e-06,0.0,0.9999931805261891,0.0
1392,Brute Force,Brute Force,0.0,1.0,0.0,0.0,0.0
1393,DoS/DDoS,DoS/DDoS,0.0,0.0036948219668649523,0.9762894778601361,0.007309251378587731,0.012706448794411183
1394,Normal,Normal,0.0,0.03,0.0,0.97,0.0
1395,DoS/DDoS,DoS/DDoS,0.0,0.0,1.0,0.0,0.0
1396,Brute Force,Brute Force,0.0,1.0,0.0,0.0,0.0
1397,Normal,Normal,0.0,0.0,0.0,1.0,0.0
1398,DoS/DDoS,DoS/DDoS,0.0,0.0,0.9869449688328236,0.013055031167176361,0.0
1399,Normal,Normal,0.0,6.819473810748967e-06,0.0,0.9999931805261891,0.0
1400,Brute Force,Brute Force,0.0,1.0,0.0,0.0,0.0
1401,DoS/DDoS,DoS/DDoS,0.0,0.0,1.0,0.0,0.0
1402,Brute Force,Brute Force,0.0,0.9999754714906288,0.0,2.452850937120762e-05,0.0
1403,Normal,Normal,0.0,6.819473810748967e-06,0.0,0.9999931805261891,0.0
1404,DoS/DDoS,DoS/DDoS,0.0,0.0,1.0,0.0,0.0
1405,Normal,Normal,0.0,6.819473810748967e-06,0.0,0.9999931805261891,0.0
1406,Bot,Bot,0.9942990326168731,0.0,5.39913091401014e-06,0.0056955682522128286,0.0
1407,Brute Force,Brute Force,0.0,1.0,0.0,0.0,0.0
1408,DoS/DDoS,DoS/DDoS,0.0,0.0,1.0,0.0,0.0
1409,Normal,Normal,0.0,6.819473810748967e-06,0.0,0.9999931805261891,0.0
1410,Normal,Normal,0.0,0.0,0.006689785405666223,0.9933102145943338,0.0
1411,Normal,Normal,0.08282548408015822,0.0,0.0010140890812614114,0.9161604268385806,0.0
1412,DoS/DDoS,DoS/DDoS,0.0,0.0,1.0,0.0,0.0
1413,DoS/DDoS,DoS/DDoS,0.0,0.0,1.0,0.0,0.0
1414,Brute Force,Brute Force,0.0,1.0,0.0,0.0,0.0
1415,DoS/DDoS,DoS/DDoS,0.0,0.0,1.0,0.0,0.0
1416,DoS/DDoS,DoS/DDoS,0.0,0.0,1.0,0.0,0.0
1417,DoS/DDoS,DoS/DDoS,0.0,0.0,1.0,0.0,0.0
1418,Brute Force,Brute Force,0.0,1.0,0.0,0.0,0.0
1419,Normal,Normal,0.0,0.0,3.273209551560448e-05,0.9999672679044843,0.0
1420,Normal,Normal,0.0,0.0,0.006643200919474176,0.9933567990805259,0.0
1421,DoS/DDoS,DoS/DDoS,0.0,0.0,1.0,0.0,0.0
1422,DoS/DDoS,DoS/DDoS,0.0,0.0,0.9998865803330991,0.00011341966690102105,0.0
1423,Normal,Normal,0.0,6.819473810748967e-06,0.0,0.9999931805261891,0.0
1424,Normal,Normal,0.0,6.819473810748967e-06,0.0,0.9999931805261891,0.0
1425,Normal,Normal,0.0,6.819473810748967e-06,0.0,0.9999931805261891,0.0
1426,Normal,Normal,0.0,6.819473810748967e-06,0.0,0.9999931805261891,0.0
1427,Normal,Normal,0.0,0.0,0.0,1.0,0.0
1428,Normal,Normal,0.0,0.0,0.004987267314658728,0.9950127326853412,0.0
1429,DoS/DDoS,DoS/DDoS,0.0,0.0,1.0,0.0,0.0
1430,Brute Force,Brute Force,0.0,1.0,0.0,0.0,0.0
1431,Normal,Normal,0.0,6.819473810748967e-06,0.0,0.9999931805261891,0.0
1432,Bot,Bot,1.0,0.0,0.0,0.0,0.0
1433,DoS/DDoS,DoS/DDoS,0.0,0.0,0.9999238448224069,7.615517759312038e-05,0.0
1434,Bot,Bot,0.9365031964474444,0.0,0.00010474303355153435,0.06339206051900388,0.0
1435,Brute Force,Brute Force,0.0,1.0,0.0,0.0,0.0
1436,Brute Force,Brute Force,0.0,1.0,0.0,0.0,0.0
1437,Brute Force,Brute Force,0.0,1.0,0.0,0.0,0.0
1438,DoS/DDoS,DoS/DDoS,0.0,0.0,1.0,0.0,0.0
1439,DoS/DDoS,DoS/DDoS,0.0,0.0,1.0,0.0,0.0
1440,DoS/DDoS,DoS/DDoS,0.0,0.0,1.0,0.0,0.0
1441,Brute Force,Brute Force,0.0,0.9999754714906288,0.0,2.452850937120762e-05,0.0
1442,Normal,Normal,0.0,0.0,0.0,1.0,0.0
1443,DoS/DDoS,DoS/DDoS,0.0,0.0,1.0,0.0,0.0
1444,DoS/DDoS,DoS/DDoS,0.0,0.0,1.0,0.0,0.0
1445,Normal,Normal,0.0,0.006507810678479833,0.01,0.9447104844565266,0.03878170486499365
1446,DoS/DDoS,DoS/DDoS,0.0,0.0,1.0,0.0,0.0
1447,Bot,Bot,0.9380998865725946,0.0,0.00010474303355153435,0.06179537039385391,0.0
1448,Brute Force,Brute Force,0.0,1.0,0.0,0.0,0.0
1449,Normal,Normal,0.0,0.0,0.02043916835037236,0.9795608316496276,0.0
1450,Brute Force,Brute Force,0.0,1.0,0.0,0.0,0.0
1451,Brute Force,Brute Force,0.0,1.0,0.0,0.0,0.0
1452,Brute Force,Web Attack,0.0,0.028739178428999583,0.00043286010853947827,0.0023279103319093063,0.9685000511305516
1453,DoS/DDoS,DoS/DDoS,0.0,0.0,1.0,0.0,0.0
1454,Normal,Normal,0.0,6.819473810748967e-06,0.0,0.9999931805261891,0.0
1455,Normal,Normal,0.027710043734621128,0.0,0.0,0.972289956265379,0.0
1456,Normal,Normal,0.0,0.0,0.0,1.0,0.0
1457,Normal,Normal,0.0,6.819473810748967e-06,0.0,0.9999931805261891,0.0
1458,Normal,Normal,0.0,6.819473810748967e-06,0.0,0.9999931805261891,0.0
1459,DoS/DDoS,DoS/DDoS,0.0,0.0,1.0,0.0,0.0
1460,Normal,Normal,0.0,6.819473810748967e-06,0.0,0.9999931805261891,0.0
1461,Normal,Normal,0.0,6.819473810748967e-06,0.0,0.9999931805261891,0.0
1462,DoS/DDoS,DoS/DDoS,0.0,0.0,1.0,0.0,0.0
1463,Normal,Normal,0.0,6.819473810748967e-06,0.0,0.9999931805261891,0.0
1464,Normal,Normal,0.0,0.0,0.0,1.0,0.0
1465,Normal,Normal,0.0,0.0,0.004983026621404323,0.9950169733785956,0.0
1466,Normal,Normal,0.0,6.819473810748967e-06,0.0,0.9999931805261891,0.0
1467,DoS/DDoS,DoS/DDoS,0.0,0.0,1.0,0.0,0.0
1468,DoS/DDoS,DoS/DDoS,0.0,0.0,1.0,0.0,0.0
1469,DoS/DDoS,DoS/DDoS,0.0,0.0,1.0,0.0,0.0
1470,DoS/DDoS,DoS/DDoS,0.0,0.0,1.0,0.0,0.0
1471,Normal,Normal,0.0,6.819473810748967e-06,0.0,0.9999931805261891,0.0
1472,Brute Force,Brute Force,0.0,1.0,0.0,0.0,0.0
1473,Brute Force,Brute Force,0.0,1.0,0.0,0.0,0.0
1474,DoS/DDoS,DoS/DDoS,0.0,0.0,1.0,0.0,0.0
1475,Brute Force,Brute Force,0.0,1.0,0.0,0.0,0.0
1476,DoS/DDoS,DoS/DDoS,0.0,0.0,1.0,0.0,0.0
1477,Normal,Normal,0.0,6.819473810748967e-06,0.0,0.9999931805261891,0.0
1478,DoS/DDoS,DoS/DDoS,0.0,0.0,1.0,0.0,0.0
1479,DoS/DDoS,DoS/DDoS,0.0,0.0,0.9999126761156112,8.732388438904994e-05,0.0
1480,Normal,Normal,0.0,6.819473810748967e-06,0.0,0.9999931805261891,0.0
1481,Normal,Normal,0.18280391698657453,0.0,5.5998206946025015e-05,0.8171400848064796,0.0
1482,Brute Force,Brute Force,0.0,0.9999754714906288,0.0,2.452850937120762e-05,0.0
1483,DoS/DDoS,DoS/DDoS,0.0,0.0,1.0,0.0,0.0
1484,DoS/DDoS,DoS/DDoS,0.0,0.0,1.0,0.0,0.0
1485,Brute Force,Brute Force,0.0,0.5554062799755156,0.0004402115070105195,0.0029376291573322733,0.4412158793601414
1486,DoS/DDoS,DoS/DDoS,0.0,0.0,1.0,0.0,0.0
1487,Normal,Normal,0.0,0.03029236467274099,0.03125442933898797,0.9290780478805047,0.009375158107766252
1488,DoS/DDoS,DoS/DDoS,0.0,0.0,0.9828429883545988,0.017157011645401295,0.0
1489,Web Attack,Brute Force,0.0,0.6995126493274617,0.00043546273942595337,0.0015651319964767258,0.29848675593663543
1490,Normal,Normal,0.0,0.0,0.009893065342177335,0.9901069346578226,0.0
1491,Brute Force,Brute Force,0.0,1.0,0.0,0.0,0.0
1492,Normal,Normal,0.0,0.0,0.0,1.0,0.0
1493,Normal,Normal,0.0,0.0,0.007348968630571567,0.9926510313694284,0.0
1494,Brute Force,Brute Force,0.0,0.9999754714906288,0.0,2.452850937120762e-05,0.0
1495,Normal,Normal,0.0,0.0,0.0,1.0,0.0
1496,Brute Force,Brute Force,0.0,1.0,0.0,0.0,0.0
1497,Brute Force,Brute Force,0.0,1.0,0.0,0.0,0.0
1498,Normal,Normal,0.0,0.0,0.0,1.0,0.0
1499,DoS/DDoS,DoS/DDoS,0.0,0.0,1.0,0.0,0.0
1500,Brute Force,Brute Force,0.0,0.9999754714906288,0.0,2.452850937120762e-05,0.0
1501,DoS/DDoS,DoS/DDoS,0.0,0.0,1.0,0.0,0.0
1502,Normal,Normal,0.0,0.0,0.01660229445506692,0.983397705544933,0.0
1503,Normal,Normal,0.0010252159614789497,0.03951034205111623,0.004055791570993761,0.917896616658072,0.037512033758338795
1504,Normal,Normal,0.0,0.0,0.040782838577849395,0.9592171614221507,0.0
1505,DoS/DDoS,DoS/DDoS,0.0,0.0,1.0,0.0,0.0
1506,Normal,Normal,0.0,0.0,0.0,1.0,0.0
1507,Brute Force,Brute Force,0.0,1.0,0.0,0.0,0.0
1508,DoS/DDoS,DoS/DDoS,0.0,0.0,1.0,0.0,0.0
1509,Normal,Normal,0.0,0.0,0.0,1.0,0.0
1510,Normal,Normal,0.008877343104386815,0.0,0.0,0.9911226568956133,0.0
1511,Normal,Normal,0.0,6.819473810748967e-06,0.0,0.9999931805261891,0.0
1512,DoS/DDoS,DoS/DDoS,0.0,0.0,1.0,0.0,0.0
1513,DoS/DDoS,DoS/DDoS,0.0,0.0,1.0,0.0,0.0
1514,DoS/DDoS,DoS/DDoS,0.0,0.0,0.996957714361838,0.0030422856381618567,0.0
1515,Normal,Normal,0.039535305180372717,0.03017975536996948,0.012486223316034455,0.8977987161336233,0.02
1516,DoS/DDoS,DoS/DDoS,0.0,0.0,1.0,0.0,0.0
1517,Brute Force,Brute Force,0.0,1.0,0.0,0.0,0.0
1518,Normal,Normal,0.0,0.0,0.0,1.0,0.0
1519,Normal,Normal,0.0010252159614789497,0.03951034205111623,0.004055791570993761,0.917896616658072,0.037512033758338795
1520,DoS/DDoS,DoS/DDoS,0.0,0.0,1.0,0.0,0.0
1521,Brute Force,Brute Force,0.0,1.0,0.0,0.0,0.0
1522,Normal,Normal,0.0,6.819473810748967e-06,0.0,0.9999931805261891,0.0
1523,Brute Force,Brute Force,0.0,1.0,0.0,0.0,0.0
1524,Brute Force,Brute Force,0.0,0.9999754714906288,0.0,2.452850937120762e-05,0.0
1525,Bot,Bot,0.5575930141350476,0.0,5.65634046856884e-05,0.44235042246026696,0.0
1526,Normal,Normal,0.0,6.819473810748967e-06,0.0,0.9999931805261891,0.0
1527,DoS/DDoS,DoS/DDoS,0.0,0.0,1.0,0.0,0.0
1528,DoS/DDoS,DoS/DDoS,0.0,0.0,1.0,0.0,0.0
1529,Normal,Normal,0.0,0.0,0.0,1.0,0.0
1530,Normal,Normal,0.0,6.819473810748967e-06,0.0,0.9999931805261891,0.0
1531,Bot,Bot,0.9427576574222317,0.0,0.00010474303355153435,0.0571375995442169,0.0
1532,Brute Force,Brute Force,0.0,1.0,0.0,0.0,0.0
1533,Normal,Normal,0.0,0.0,0.0,1.0,0.0
1534,DoS/DDoS,DoS/DDoS,0.0,0.0,1.0,0.0,0.0
1535,Normal,Normal,0.0,6.819473810748967e-06,0.0,0.9999931805261891,0.0
1536,Normal,Normal,0.0,0.0,0.0,1.0,0.0
1537,DoS/DDoS,DoS/DDoS,0.0,0.0,1.0,0.0,0.0
1538,DoS/DDoS,DoS/DDoS,0.0,0.0,1.0,0.0,0.0
1539,DoS/DDoS,DoS/DDoS,0.0,0.0,1.0,0.0,0.0
1540,DoS/DDoS,DoS/DDoS,0.0,0.0,1.0,0.0,0.0
1541,DoS/DDoS,DoS/DDoS,0.0,0.0,1.0,0.0,0.0
1542,Normal,Normal,0.0,6.819473810748967e-06,0.0,0.9999931805261891,0.0
1543,Normal,Normal,0.0,6.819473810748967e-06,0.0,0.9999931805261891,0.0
1544,DoS/DDoS,DoS/DDoS,0.0,0.0,0.9984619120281298,0.0015380879718702584,0.0
1545,Normal,Normal,0.0,0.0,0.0,1.0,0.0
1546,Normal,Normal,0.0,0.0,0.0,1.0,0.0
1547,Normal,Normal,0.02825876746549699,0.0,0.007511135412048631,0.9642300971224544,0.0
1548,Normal,Normal,0.0,6.819473810748967e-06,0.0,0.9999931805261891,0.0
1549,Normal,Normal,0.0,0.0,0.10732432996840885,0.8926756700315912,0.0
1550,Brute Force,Brute Force,0.0,1.0,0.0,0.0,0.0
1551,Brute Force,Brute Force,0.0,0.6092421771224281,0.0004402115070105195,0.011218476868920468,0.3790991345016408
1552,DoS/DDoS,DoS/DDoS,0.0,0.0,1.0,0.0,0.0
1553,DoS/DDoS,DoS/DDoS,0.0,0.0,0.9999126761156112,8.732388438904994e-05,0.0
1554,Normal,Normal,0.0,6.819473810748967e-06,0.0,0.9999931805261891,0.0
1555,Normal,Normal,0.0,6.819473810748967e-06,0.0,0.9999931805261891,0.0
1556,Normal,Normal,0.0,0.0,0.0,1.0,0.0
1557,Normal,Normal,0.0,0.0,0.0,1.0,0.0
1558,DoS/DDoS,DoS/DDoS,0.0,0.0,1.0,0.0,0.0
1559,DoS/DDoS,DoS/DDoS,0.0,0.0,0.9162958609737746,0.08370413902622538,0.0
1560,Brute Force,Web Attack,0.0,0.28718489304515726,0.0004985439319532886,0.0023095851570680893,0.7100069778658211
1561,DoS/DDoS,DoS/DDoS,0.0,0.0,1.0,0.0,0.0
1562,Normal,Normal,0.0,6.819473810748967e-06,0.0,0.9999931805261891,0.0
1563,Normal,Normal,0.0,6.819473810748967e-06,0.0,0.9999931805261891,0.0
1564,DoS/DDoS,DoS/DDoS,0.0,0.0,1.0,0.0,0.0
1565,Normal,Normal,0.0,6.819473810748967e-06,0.0,0.9999931805261891,0.0
1566,Brute Force,Brute Force,0.00032907647963916875,0.5477221475244183,0.019677086880983508,0.3775048213781323,0.05476686773682657
1567,DoS/DDoS,DoS/DDoS,0.0,0.0,1.0,0.0,0.0
1568,DoS/DDoS,DoS/DDoS,0.0,0.0,1.0,0.0,0.0
1569,DoS/DDoS,DoS/DDoS,0.0,0.0,1.0,0.0,0.0
1570,Normal,Normal,0.0,6.819473810748967e-06,0.0,0.9999931805261891,0.0
1571,DoS/DDoS,DoS/DDoS,0.0,0.0,1.0,0.0,0.0
1572,Normal,Normal,0.0,6.819473810748967e-06,0.0,0.9999931805261891,0.0
1573,DoS/DDoS,DoS/DDoS,0.0,0.0,0.9987791091035095,0.001220890896490552,0.0
1574,DoS/DDoS,DoS/DDoS,0.0,0.0,0.9750919040899498,0.0249080959100502,0.0
1575,Web Attack,Brute Force,0.0,0.5852397627149704,0.00043546273942595337,0.029399736035397566,0.38492503851020593
1576,DoS/DDoS,DoS/DDoS,0.0,0.0,0.9968580961413173,0.0031419038586828953,0.0
1577,DoS/DDoS,DoS/DDoS,0.0,0.0,1.0,0.0,0.0
1578,Brute Force,Brute Force,0.0,1.0,0.0,0.0,0.0
1579,Brute Force,Brute Force,0.0,0.9999754714906288,0.0,2.452850937120762e-05,0.0
1580,Web Attack,Web Attack,0.0,0.27020613894072804,0.0004319168863920788,0.0013863944073601836,0.7279755497655198
1581,Brute Force,Brute Force,0.0,1.0,0.0,0.0,0.0
1582,Brute Force,Brute Force,0.0,1.0,0.0,0.0,0.0
1583,DoS/DDoS,DoS/DDoS,0.0,0.0,1.0,0.0,0.0
1584,DoS/DDoS,DoS/DDoS,0.0,0.0,1.0,0.0,0.0
1585,Brute Force,Brute Force,0.0,1.0,0.0,0.0,0.0
1586,DoS/DDoS,DoS/DDoS,0.0,0.0,1.0,0.0,0.0
1587,DoS/DDoS,DoS/DDoS,0.0,0.0,1.0,0.0,0.0
1588,Normal,Normal,0.0,0.0,0.0,1.0,0.0
1589,Normal,Normal,0.0,6.819473810748967e-06,0.0,0.9999931805261891,0.0
1590,DoS/DDoS,DoS/DDoS,0.0,0.0,1.0,0.0,0.0
1591,Brute Force,Brute Force,0.0,1.0,0.0,0.0,0.0
1592,DoS/DDoS,DoS/DDoS,0.0,0.0,1.0,0.0,0.0
1593,Normal,Bot,0.7538051546766649,0.0,0.00010474303355153435,0.24609010228978312,0.0
1594,DoS/DDoS,DoS/DDoS,0.0,0.0,1.0,0.0,0.0
1595,Normal,Normal,0.0,6.819473810748967e-06,0.0,0.9999931805261891,0.0
1596,Bot,Bot,0.9511378237033052,0.0,0.00010474303355153435,0.04875743326314302,0.0
1597,DoS/DDoS,DoS/DDoS,0.0,0.0,1.0,0.0,0.0
1598,Normal,Normal,0.0,6.819473810748967e-06,0.0,0.9999931805261891,0.0
1599,Normal,Normal,0.0010252159614789497,0.03951034205111623,0.004055791570993761,0.917896616658072,0.037512033758338795
1600,Normal,Normal,0.0,6.819473810748967e-06,0.0,0.9999931805261891,0.0
1601,DoS/DDoS,DoS/DDoS,0.0,0.0,1.0,0.0,0.0
1602,DoS/DDoS,DoS/DDoS,0.0,0.0,1.0,0.0,0.0
1603,Brute Force,Brute Force,0.0,0.9999754714906288,0.0,2.452850937120762e-05,0.0
1604,Normal,Normal,0.0,0.0,0.0,1.0,0.0
1605,Brute Force,Brute Force,0.0,1.0,0.0,0.0,0.0
1606,DoS/DDoS,DoS/DDoS,0.0,0.0,1.0,0.0,0.0
1607,Normal,Normal,0.0,0.0,0.007532858414959928,0.99246714158504,0.0
1608,Brute Force,Brute Force,0.0,1.0,0.0,0.0,0.0
1609,Normal,Normal,0.0,6.819473810748967e-06,0.0,0.9999931805261891,0.0
1610,DoS/DDoS,DoS/DDoS,0.0,0.0,0.9964230786431579,0.003576921356842063,0.0
1611,Brute Force,Brute Force,0.0,0.9999754714906288,0.0,2.452850937120762e-05,0.0
1612,DoS/DDoS,DoS/DDoS,0.00010988690357994182,0.04835545671534756,0.49432137177119495,0.3192658168975689,0.1379474677123085
1613,DoS/DDoS,DoS/DDoS,0.0,0.0,1.0,0.0,0.0
1614,Brute Force,Brute Force,0.0,1.0,0.0,0.0,0.0
1615,DoS/DDoS,DoS/DDoS,0.0,0.0,1.0,0.0,0.0
1616,Normal,Normal,0.0,0.0,0.004969261562656374,0.9950307384373437,0.0
1617,DoS/DDoS,DoS/DDoS,0.0,0.0,1.0,0.0,0.0
1618,Brute Force,Brute Force,0.0,1.0,0.0,0.0,0.0
1619,Normal,Normal,0.0,6.819473810748967e-06,0.0,0.9999931805261891,0.0
1620,Brute Force,Brute Force,0.0,1.0,0.0,0.0,0.0
1621,Normal,Normal,0.0,0.0,0.0,1.0,0.0
1622,DoS/DDoS,DoS/DDoS,0.0,0.0,1.0,0.0,0.0
1623,Brute Force,Brute Force,0.0,1.0,0.0,0.0,0.0
1624,Normal,Normal,0.0,0.0,0.0075082713721583835,0.9924917286278416,0.0
1625,Normal,Normal,0.0,0.0,0.0,1.0,0.0
1626,Normal,Normal,0.0,6.819473810748967e-06,0.0,0.9999931805261891,0.0
1627,Normal,Normal,0.0010252159614789497,0.03951034205111623,0.004055791570993761,0.917896616658072,0.037512033758338795
1628,Normal,Normal,0.0,6.819473810748967e-06,0.0,0.9999931805261891,0.0
1629,Brute Force,Brute Force,0.0,1.0,0.0,0.0,0.0
1630,Normal,Normal,0.0,0.0,0.0,1.0,0.0
1631,DoS/DDoS,DoS/DDoS,0.0,0.0,1.0,0.0,0.0
1632,DoS/DDoS,DoS/DDoS,0.0,0.0,1.0,0.0,0.0
1633,Normal,Normal,0.18280391698657453,0.0,5.5998206946025015e-05,0.8171400848064796,0.0
1634,Brute Force,Brute Force,0.0,1.0,0.0,0.0,0.0
1635,Normal,Normal,0.0,0.0,0.0,1.0,0.0
1636,Normal,Normal,0.0,0.0,0.004969261562656374,0.9950307384373437,0.0
1637,DoS/DDoS,DoS/DDoS,0.0,0.0,1.0,0.0,0.0
1638,DoS/DDoS,DoS/DDoS,0.0,0.0,1.0,0.0,0.0
1639,Normal,Normal,0.0,0.0,0.0033528794813119755,0.9966471205186881,0.0
1640,Bot,Bot,0.9416109370497133,0.0,0.00010474303355153435,0.05828431991673507,0.0
1641,Normal,Normal,0.0,6.819473810748967e-06,0.0,0.9999931805261891,0.0
1642,Brute Force,Brute Force,0.0,0.9999754714906288,0.0,2.452850937120762e-05,0.0
1643,Brute Force,Brute Force,0.0,1.0,0.0,0.0,0.0
1644,DoS/DDoS,DoS/DDoS,0.0,0.0,1.0,0.0,0.0
1645,Normal,Normal,0.0,0.0,0.0,1.0,0.0
1646,Brute Force,Brute Force,0.0,1.0,0.0,0.0,0.0
1647,DoS/DDoS,DoS/DDoS,0.0,0.0,1.0,0.0,0.0
1648,Normal,Normal,0.0,6.819473810748967e-06,0.0,0.9999931805261891,0.0
1649,Normal,Normal,0.0,0.0,0.0,1.0,0.0
1650,DoS/DDoS,DoS/DDoS,0.0,0.0,1.0,0.0,0.0
1651,Web Attack,Brute Force,0.0,0.6278871347786541,0.0004985439319532886,0.010022791259041661,0.3615915300303506
1652,Brute Force,Brute Force,0.0,1.0,0.0,0.0,0.0
1653,Bot,Bot,1.0,0.0,0.0,0.0,0.0
1654,Brute Force,Brute Force,0.0,0.9999754714906288,0.0,2.452850937120762e-05,0.0
1655,Normal,Normal,0.0,6.819473810748967e-06,0.0,0.9999931805261891,0.0
1656,Brute Force,Web Attack,0.00032907647963916875,0.27909507857656174,0.04688227670132088,0.1675137452491155,0.5061798229933622
1657,DoS/DDoS,DoS/DDoS,0.0,0.0,1.0,0.0,0.0
1658,DoS/DDoS,DoS/DDoS,0.0,0.0,1.0,0.0,0.0
1659,Brute Force,Brute Force,0.0,1.0,0.0,0.0,0.0
1660,DoS/DDoS,DoS/DDoS,0.0,0.0,1.0,0.0,0.0
1661,DoS/DDoS,DoS/DDoS,0.0,0.0,1.0,0.0,0.0
1662,Normal,Normal,0.0,0.0,0.0,1.0,0.0
1663,DoS/DDoS,DoS/DDoS,0.0,0.0,1.0,0.0,0.0
1664,Brute Force,Brute Force,0.0,1.0,0.0,0.0,0.0
1665,Brute Force,Brute Force,0.0,1.0,0.0,0.0,0.0
1666,DoS/DDoS,DoS/DDoS,0.0,0.0,0.9999126761156112,8.732388438904994e-05,0.0
1667,Normal,Normal,0.0,0.0,0.0,1.0,0.0
1668,Bot,Bot,0.9511378237033052,0.0,0.00010474303355153435,0.04875743326314302,0.0
1669,Normal,Normal,0.0,6.819473810748967e-06,0.0,0.9999931805261891,0.0
1670,Normal,Normal,0.0,6.819473810748967e-06,0.0,0.9999931805261891,0.0
1671,DoS/DDoS,DoS/DDoS,0.0,0.0,1.0,0.0,0.0
1672,Bot,Bot,0.9432668652727518,0.0,0.00010474303355153435,0.05662839169369659,0.0
1673,Normal,Normal,0.0,0.0,0.0,1.0,0.0
1674,Normal,Bot,0.9512827114327415,0.0,0.00010474303355153435,0.04861254553370692,0.0
1675,DoS/DDoS,DoS/DDoS,0.0,0.0,1.0,0.0,0.0
1676,Bot,Bot,0.9530532288751753,0.0,0.00010474303355153435,0.04684202809127319,0.0
1677,Normal,Normal,0.0,0.0,0.0,1.0,0.0
1678,Normal,Normal,0.0,6.819473810748967e-06,0.0,0.9999931805261891,0.0
1679,DoS/DDoS,DoS/DDoS,0.0,0.0,1.0,0.0,0.0
1680,Normal,Normal,0.0,6.819473810748967e-06,0.0,0.9999931805261891,0.0
1681,Normal,Normal,0.0,0.0,0.0,1.0,0.0
1682,DoS/DDoS,DoS/DDoS,0.0,0.0,1.0,0.0,0.0
1683,Bot,Bot,0.9998796520520149,0.0,5.39913091401014e-06,0.0001149488170712409,0.0
1684,Normal,Bot,0.7577830372535801,0.0,0.00010474303355153435,0.24211221971286784,0.0
1685,Normal,Normal,0.0,0.0,0.0,1.0,0.0
1686,Brute Force,Brute Force,0.0,1.0,0.0,0.0,0.0
1687,Normal,Bot,0.7717874471582783,0.0,0.00010474303355153435,0.22810780980816958,0.0
1688,Normal,Normal,0.0,0.0,0.0,1.0,0.0
1689,DoS/DDoS,DoS/DDoS,0.0,0.0,1.0,0.0,0.0
1690,Brute Force,Brute Force,0.0,1.0,0.0,0.0,0.0
1691,DoS/DDoS,DoS/DDoS,0.0,0.0,1.0,0.0,0.0
1692,DoS/DDoS,DoS/DDoS,0.0,0.0,1.0,0.0,0.0
1693,Normal,Normal,0.0,0.0,0.0,1.0,0.0
1694,DoS/DDoS,DoS/DDoS,0.0,0.0,1.0,0.0,0.0
1695,Normal,Normal,0.0,0.0,0.0,1.0,0.0
1696,Normal,Normal,0.0,6.819473810748967e-06,0.0,0.9999931805261891,0.0
1697,Normal,Normal,0.0,6.819473810748967e-06,0.0,0.9999931805261891,0.0
1698,DoS/DDoS,DoS/DDoS,0.0,0.0,1.0,0.0,0.0
1699,Brute Force,Brute Force,0.0,1.0,0.0,0.0,0.0
1700,Brute Force,Brute Force,0.0,0.9999754714906288,0.0,2.452850937120762e-05,0.0
1701,Normal,Normal,0.0,0.0,3.273209551560448e-05,0.9999672679044843,0.0
1702,Normal,Normal,0.0,0.0,0.008436784265702097,0.9915632157342977,0.0
1703,DoS/DDoS,DoS/DDoS,0.0,0.0,1.0,0.0,0.0
1704,Normal,Bot,0.7577830372535801,0.0,0.00010474303355153435,0.24211221971286784,0.0
1705,Normal,Normal,0.0,0.0,0.0,1.0,0.0
1706,DoS/DDoS,DoS/DDoS,0.0,0.0,1.0,0.0,0.0
1707,Normal,Normal,0.0,0.02,0.054963615481217636,0.9250363845187823,0.0
1708,Brute Force,Brute Force,0.0,1.0,0.0,0.0,0.0
1709,DoS/DDoS,DoS/DDoS,0.0,0.0,1.0,0.0,0.0
1710,DoS/DDoS,DoS/DDoS,0.0,0.0,0.9999915125871316,8.487412868436374e-06,0.0
1711,DoS/DDoS,DoS/DDoS,0.0,0.0,1.0,0.0,0.0
1712,DoS/DDoS,DoS/DDoS,0.0,0.0,1.0,0.0,0.0
1713,Normal,Normal,0.0,6.819473810748967e-06,0.0,0.9999931805261891,0.0
1714,Normal,Normal,0.0,6.819473810748967e-06,0.0,0.9999931805261891,0.0
1715,DoS/DDoS,DoS/DDoS,0.0,0.0,1.0,0.0,0.0
1716,Brute Force,Brute Force,0.0,1.0,0.0,0.0,0.0
1717,Brute Force,Brute Force,0.0,0.9999754714906288,0.0,2.452850937120762e-05,0.0
1718,Normal,Normal,0.0,0.0,0.0,1.0,0.0
1719,Brute Force,Brute Force,0.0,1.0,0.0,0.0,0.0
1720,Normal,Normal,0.0,0.0,0.0,1.0,0.0
1721,Brute Force,Web Attack,0.00032907647963916875,0.27909507857656174,0.04688227670132088,0.1675137452491155,0.5061798229933622
1722,Bot,Bot,1.0,0.0,0.0,0.0,0.0
1723,DoS/DDoS,DoS/DDoS,0.0,0.0001543506670166707,0.9809645191105375,0.018881130222446044,0.0
1724,DoS/DDoS,DoS/DDoS,0.0,0.0,1.0,0.0,0.0
1725,Normal,Normal,0.0,6.819473810748967e-06,0.0,0.9999931805261891,0.0
1726,DoS/DDoS,DoS/DDoS,0.0,0.0,1.0,0.0,0.0
1727,Brute Force,Brute Force,0.0,0.9999754714906288,0.0,2.452850937120762e-05,0.0
1728,Brute Force,Brute Force,0.0,1.0,0.0,0.0,0.0
1729,DoS/DDoS,DoS/DDoS,0.0,0.0,0.9999915125871316,8.487412868436374e-06,0.0
1730,DoS/DDoS,DoS/DDoS,0.0,0.0,1.0,0.0,0.0
1731,Normal,Normal,0.0,6.819473810748967e-06,0.0,0.9999931805261891,0.0
1732,DoS/DDoS,DoS/DDoS,0.0,0.0,1.0,0.0,0.0
1733,DoS/DDoS,DoS/DDoS,0.0,0.0,1.0,0.0,0.0
1734,DoS/DDoS,DoS/DDoS,0.0,0.0,1.0,0.0,0.0
1735,DoS/DDoS,DoS/DDoS,0.0,0.0,1.0,0.0,0.0
1736,DoS/DDoS,DoS/DDoS,0.0,0.0,1.0,0.0,0.0
1737,Normal,Normal,0.0,6.819473810748967e-06,0.0,0.9999931805261891,0.0
1738,DoS/DDoS,DoS/DDoS,0.0,0.0,1.0,0.0,0.0
1739,DoS/DDoS,DoS/DDoS,0.0,0.0,1.0,0.0,0.0
1740,DoS/DDoS,DoS/DDoS,0.0,0.0,1.0,0.0,0.0
1741,Normal,Normal,0.0,6.819473810748967e-06,0.0,0.9999931805261891,0.0
1742,Brute Force,Brute Force,0.0,1.0,0.0,0.0,0.0
1743,Normal,Normal,0.01409317075097328,0.008273442424754173,0.0007946972990394691,0.9697486373740548,0.007090052151178238
1744,Brute Force,Brute Force,0.0,0.9979130508522487,0.002086949147751364,0.0,0.0
1745,DoS/DDoS,DoS/DDoS,0.0,0.0,1.0,0.0,0.0
1746,Normal,Normal,0.0,0.0,0.01,0.99,0.0
1747,Normal,Normal,0.0,0.0,0.0,1.0,0.0
1748,DoS/DDoS,DoS/DDoS,0.0,0.0,1.0,0.0,0.0
1749,DoS/DDoS,DoS/DDoS,0.0,0.0,1.0,0.0,0.0
1750,Normal,Normal,0.0010252159614789497,0.03011704405671127,0.0030713680039593473,0.939008349771479,0.026778022206371346
1751,DoS/DDoS,DoS/DDoS,0.0,0.0,0.9998416181564367,0.00015838184356323625,0.0
1752,Normal,Normal,0.0,6.819473810748967e-06,0.0,0.9999931805261891,0.0
1753,DoS/DDoS,DoS/DDoS,0.0,0.0,1.0,0.0,0.0
1754,Normal,Normal,0.0,6.819473810748967e-06,0.0,0.9999931805261891,0.0
1755,Normal,Normal,0.0,6.819473810748967e-06,0.0,0.9999931805261891,0.0
1756,DoS/DDoS,DoS/DDoS,0.0,0.0,1.0,0.0,0.0
1757,DoS/DDoS,DoS/DDoS,0.0,0.0,1.0,0.0,0.0
1758,Bot,Bot,0.9786608455605637,0.0,0.0,0.021339154439436382,0.0
1759,DoS/DDoS,DoS/DDoS,0.0,0.0,1.0,0.0,0.0
1760,Brute Force,Brute Force,0.0,1.0,0.0,0.0,0.0
1761,Normal,Normal,0.0,6.819473810748967e-06,0.0,0.9999931805261891,0.0
1762,Normal,Normal,0.0,0.0,0.0,1.0,0.0
1763,DoS/DDoS,DoS/DDoS,0.0,0.0,1.0,0.0,0.0
1764,Normal,Normal,0.0,6.819473810748967e-06,0.0,0.9999931805261891,0.0
1765,DoS/DDoS,DoS/DDoS,0.0,0.0,1.0,0.0,0.0
1766,Brute Force,Web Attack,0.00032907647963916875,0.27909507857656174,0.04688227670132088,0.1675137452491155,0.5061798229933622
1767,Normal,Normal,0.0,6.819473810748967e-06,0.0,0.9999931805261891,0.0
1768,Brute Force,Brute Force,0.0,0.9050115236930679,0.00037865738613959845,0.001090389442837566,0.09351942947795483
1769,Brute Force,Brute Force,0.0,1.0,0.0,0.0,0.0
1770,Brute Force,Brute Force,0.0,1.0,0.0,0.0,0.0
1771,Normal,Normal,0.0,0.0,0.0,1.0,0.0
1772,Bot,Bot,0.9427576574222317,0.0,0.00010474303355153435,0.0571375995442169,0.0
1773,DoS/DDoS,DoS/DDoS,0.0,0.01,0.9537025268057117,0.01663036729235325,0.019667105901934948
1774,Brute Force,Brute Force,0.0,1.0,0.0,0.0,0.0
1775,Normal,Normal,0.0,0.0,0.0,1.0,0.0
1776,DoS/DDoS,DoS/DDoS,0.0,0.0,1.0,0.0,0.0
1777,DoS/DDoS,DoS/DDoS,0.0,0.0,1.0,0.0,0.0
1778,Normal,Normal,0.0010252159614789497,0.03951034205111623,0.004055791570993761,0.917896616658072,0.037512033758338795
1779,Normal,Normal,0.0,6.819473810748967e-06,0.0,0.9999931805261891,0.0
1780,DoS/DDoS,DoS/DDoS,0.0,0.0,1.0,0.0,0.0
1781,Normal,Normal,0.0,6.819473810748967e-06,0.0,0.9999931805261891,0.0
1782,Normal,Normal,0.0,6.819473810748967e-06,0.0,0.9999931805261891,0.0
1783,Normal,Normal,0.0010252159614789497,0.03951034205111623,0.004055791570993761,0.917896616658072,0.037512033758338795
1784,Bot,Bot,0.94211132948691,0.0,0.00010474303355153435,0.057783927479538456,0.0
1785,Brute Force,Brute Force,0.0,1.0,0.0,0.0,0.0
1786,Normal,Normal,0.0,0.0,0.0,1.0,0.0
1787,Brute Force,Brute Force,0.0,0.9999754714906288,0.0,2.452850937120762e-05,0.0
1788,DoS/DDoS,DoS/DDoS,0.0,0.0,0.9949778238786752,0.005022176121324844,0.0
1789,Brute Force,Brute Force,0.0,0.9999754714906288,0.0,2.452850937120762e-05,0.0
1790,Bot,Bot,1.0,0.0,0.0,0.0,0.0
1791,Brute Force,Web Attack,0.0,0.4724586605716592,0.00043546273942595337,0.007478093510363321,0.5196277831785513
1792,Normal,Normal,0.0,6.819473810748967e-06,0.0,0.9999931805261891,0.0
1793,DoS/DDoS,DoS/DDoS,0.0,0.0,0.9837631909986243,0.01623680900137577,0.0
1794,Normal,Normal,0.0,6.819473810748967e-06,0.0,0.9999931805261891,0.0
1795,DoS/DDoS,DoS/DDoS,0.0,0.0,1.0,0.0,0.0
1796,Normal,Normal,0.0,6.819473810748967e-06,0.0,0.9999931805261891,0.0
1797,Brute Force,Brute Force,0.0,1.0,0.0,0.0,0.0
1798,DoS/DDoS,DoS/DDoS,0.0,0.0,1.0,0.0,0.0
1799,Normal,Normal,0.0,6.819473810748967e-06,0.0,0.9999931805261891,0.0
1800,Normal,Normal,0.0,0.0,0.0,1.0,0.0
1801,DoS/DDoS,DoS/DDoS,0.0,0.0,1.0,0.0,0.0
1802,Normal,Normal,0.0,0.0,0.0,1.0,0.0
1803,DoS/DDoS,DoS/DDoS,0.0,0.0,1.0,0.0,0.0
1804,Brute Force,Brute Force,0.00032907647963916875,0.8143775198950687,0.009900706119193418,0.0901561238119944,0.08523657369410437
1805,Normal,Normal,0.0,0.0,0.0,1.0,0.0
1806,Brute Force,Brute Force,0.0,0.9999754714906288,0.0,2.452850937120762e-05,0.0
1807,DoS/DDoS,DoS/DDoS,0.0,0.0,1.0,0.0,0.0
1808,Brute Force,Brute Force,0.0,1.0,0.0,0.0,0.0
1809,Normal,Normal,0.0,6.819473810748967e-06,0.0,0.9999931805261891,0.0
1810,DoS/DDoS,DoS/DDoS,0.0,0.0,1.0,0.0,0.0
1811,Bot,Bot,0.9407925282887107,0.0,0.00010474303355153435,0.05910272867773766,0.0
1812,Brute Force,Brute Force,0.0,0.9999754714906288,0.0,2.452850937120762e-05,0.0
1813,DoS/DDoS,DoS/DDoS,0.0,0.0,1.0,0.0,0.0
1814,Normal,Normal,0.0,0.0,0.0,1.0,0.0
1815,Brute Force,Brute Force,0.0,1.0,0.0,0.0,0.0
1816,DoS/DDoS,DoS/DDoS,0.0,0.0,1.0,0.0,0.0
1817,Normal,Normal,0.0,0.0,0.0,1.0,0.0
1818,DoS/DDoS,DoS/DDoS,0.0,0.0,1.0,0.0,0.0
1819,DoS/DDoS,DoS/DDoS,0.0,0.0,1.0,0.0,0.0
1820,Normal,Normal,0.0,6.819473810748967e-06,0.0,0.9999931805261891,0.0
1821,DoS/DDoS,DoS/DDoS,0.0,0.0,1.0,0.0,0.0
1822,Brute Force,Brute Force,0.0,1.0,0.0,0.0,0.0
1823,Normal,Normal,0.0,0.0,0.0,1.0,0.0
1824,Brute Force,Brute Force,0.0,1.0,0.0,0.0,0.0
1825,Brute Force,Brute Force,0.0,1.0,0.0,0.0,0.0
1826,Normal,Normal,0.0,6.819473810748967e-06,0.0,0.9999931805261891,0.0
1827,Normal,Normal,0.0,6.819473810748967e-06,0.0,0.9999931805261891,0.0
1828,Normal,Bot,0.9510023210088561,0.0,0.00010474303355153435,0.04889293595759241,0.0
1829,DoS/DDoS,DoS/DDoS,0.0,0.0001543506670166707,0.9992003610584387,0.0006452882745447497,0.0
1830,Normal,Normal,0.0,6.819473810748967e-06,0.0,0.9999931805261891,0.0
1831,Normal,Normal,0.0,6.819473810748967e-06,0.005447616680523536,0.9945455638456657,0.0
1832,DoS/DDoS,DoS/DDoS,0.0,0.0,0.999023673034044,0.0009763269659559715,0.0
1833,DoS/DDoS,DoS/DDoS,0.0,0.0,1.0,0.0,0.0
1834,Brute Force,Brute Force,0.0,0.8232725300404411,0.0004169715476717681,0.015798167271806225,0.16051233114008068
1835,Brute Force,Brute Force,0.0,1.0,0.0,0.0,0.0
1836,Brute Force,Brute Force,0.0,1.0,0.0,0.0,0.0
1837,Normal,Normal,0.0,0.0,0.10888196247121126,0.8911180375287887,0.0
1838,Brute Force,Brute Force,0.0,1.0,0.0,0.0,0.0
1839,DoS/DDoS,DoS/DDoS,0.0,0.0,1.0,0.0,0.0
1840,Normal,Normal,0.0,0.0,0.0,1.0,0.0
1841,Normal,Normal,0.0,0.0,0.0,1.0,0.0
1842,DoS/DDoS,DoS/DDoS,0.0,0.0,0.9999238448224069,7.615517759312038e-05,0.0
1843,Brute Force,Brute Force,0.0,0.9930638479667864,0.0,0.006936152033213514,0.0
1844,DoS/DDoS,DoS/DDoS,0.0,0.0,1.0,0.0,0.0
1845,Normal,Normal,0.0,0.0,0.0,1.0,0.0
1846,Normal,Normal,0.0,0.0,0.0024735492144918243,0.9975264507855082,0.0
1847,DoS/DDoS,DoS/DDoS,0.0,0.0,0.9998865803330991,0.00011341966690102105,0.0
1848,Normal,Normal,0.0010252159614789497,0.03951034205111623,0.004055791570993761,0.917896616658072,0.037512033758338795
1849,Normal,Normal,0.0,6.819473810748967e-06,0.0,0.9999931805261891,0.0
1850,Normal,Normal,0.0,0.10649336646195678,0.0,0.8935066335380433,0.0
1851,DoS/DDoS,DoS/DDoS,0.0,0.0,1.0,0.0,0.0
1852,Normal,Normal,0.0,0.0,0.0,1.0,0.0
1853,Normal,Normal,0.0,0.0,0.0,1.0,0.0
1854,Normal,Normal,0.0,0.006542442103309046,0.0,0.993457557896691,0.0
1855,DoS/DDoS,DoS/DDoS,0.0,0.0,1.0,0.0,0.0
1856,Normal,Normal,0.0,6.819473810748967e-06,0.0,0.9999931805261891,0.0
1857,Normal,Bot,0.9290208434532998,0.0,0.00010474303355153435,0.0708744135131486,0.0
1858,Normal,Normal,0.0,0.0,0.0,1.0,0.0
1859,Normal,Normal,0.0,0.0,0.0,1.0,0.0
1860,Normal,Normal,0.00010988690357994182,0.007922931133784714,0.019315303493483517,0.9430671489432718,0.029584729525879757
1861,DoS/DDoS,DoS/DDoS,0.0,0.0,1.0,0.0,0.0
1862,Normal,Normal,0.0,0.0,0.0,1.0,0.0
1863,Brute Force,Brute Force,0.00032907647963916875,0.8143775198950687,0.009900706119193418,0.0901561238119944,0.08523657369410437
1864,Normal,Normal,0.0,6.819473810748967e-06,0.0,0.9999931805261891,0.0
1865,Normal,Normal,0.0,6.819473810748967e-06,0.0,0.9999931805261891,0.0
1866,Normal,Normal,0.0,0.0,0.0,1.0,0.0
1867,DoS/DDoS,DoS/DDoS,0.0,0.0,1.0,0.0,0.0
1868,DoS/DDoS,DoS/DDoS,0.0,0.0,1.0,0.0,0.0
1869,Brute Force,Brute Force,0.0,1.0,0.0,0.0,0.0
1870,DoS/DDoS,DoS/DDoS,0.0,0.0,1.0,0.0,0.0
1871,Normal,Normal,0.0,0.0,0.0,1.0,0.0
1872,DoS/DDoS,DoS/DDoS,0.0,0.0,0.9950190792054492,0.004980920794550836,0.0
1873,DoS/DDoS,DoS/DDoS,0.0,0.0,1.0,0.0,0.0
1874,Normal,Normal,0.0,0.0,0.0,1.0,0.0
1875,DoS/DDoS,DoS/DDoS,0.0,0.0,1.0,0.0,0.0
1876,Bot,Bot,0.9432668652727518,0.0,0.00010474303355153435,0.05662839169369659,0.0
1877,Brute Force,Brute Force,0.0,1.0,0.0,0.0,0.0
1878,Normal,Normal,0.0,0.0,0.0,1.0,0.0
1879,Normal,Normal,0.0,0.0,0.0,1.0,0.0
1880,DoS/DDoS,DoS/DDoS,0.0,0.0,1.0,0.0,0.0
1881,Normal,Normal,0.0010252159614789497,0.011550745855543255,0.0017704558737125131,0.9688544279219181,0.016799154387347363
1882,Normal,Normal,0.0,0.0,0.0,1.0,0.0
1883,DoS/DDoS,DoS/DDoS,0.0,0.0,1.0,0.0,0.0
1884,DoS/DDoS,DoS/DDoS,0.0,0.0,1.0,0.0,0.0
1885,Normal,Normal,0.0,0.0,0.0,1.0,0.0
1886,Bot,Bot,0.943575492691303,0.0,0.00010474303355153435,0.05631976427514547,0.0
1887,Normal,Normal,0.0,6.819473810748967e-06,0.0,0.9999931805261891,0.0
1888,Normal,Normal,0.0,6.819473810748967e-06,0.0,0.9999931805261891,0.0
1889,DoS/DDoS,DoS/DDoS,0.0,0.0,1.0,0.0,0.0
1890,DoS/DDoS,DoS/DDoS,0.0,0.0,0.9916501842589723,0.008349815741027698,0.0
1891,Normal,Normal,0.0,0.0,0.0,1.0,0.0
1892,Bot,Bot,0.9347605624511085,0.0,0.00010474303355153435,0.06513469451533971,0.0
1893,DoS/DDoS,DoS/DDoS,0.0,0.0,1.0,0.0,0.0
1894,Brute Force,Brute Force,0.0,1.0,0.0,0.0,0.0
1895,DoS/DDoS,DoS/DDoS,0.0,0.0,1.0,0.0,0.0
1896,DoS/DDoS,DoS/DDoS,0.0,0.0,1.0,0.0,0.0
1897,Brute Force,Web Attack,0.0,0.1029316183170277,0.00043286010853947827,0.002341969460661782,0.8942935521137712
1898,Normal,Normal,0.0,0.0,0.0,1.0,0.0
1899,Normal,Normal,0.002534935653512463,0.025613920902158017,0.011658143871144267,0.902437194817327,0.057755804755858266
1900,DoS/DDoS,DoS/DDoS,0.0,0.0,0.9998865803330991,0.00011341966690102105,0.0
1901,Normal,Normal,0.0,6.819473810748967e-06,0.0,0.9999931805261891,0.0
1902,DoS/DDoS,DoS/DDoS,0.0,0.0,1.0,0.0,0.0
1903,Normal,Normal,0.0,6.819473810748967e-06,0.0,0.9999931805261891,0.0
1904,DoS/DDoS,DoS/DDoS,0.0,0.0,0.9999126761156112,8.732388438904994e-05,0.0
1905,DoS/DDoS,DoS/DDoS,0.0,0.0,1.0,0.0,0.0
1906,Brute Force,Brute Force,0.0,1.0,0.0,0.0,0.0
1907,DoS/DDoS,DoS/DDoS,0.0,0.0,1.0,0.0,0.0
1908,Brute Force,Brute Force,0.0,1.0,0.0,0.0,0.0
1909,DoS/DDoS,DoS/DDoS,0.0,0.0,1.0,0.0,0.0
1910,Brute Force,Brute Force,0.0,1.0,0.0,0.0,0.0
1911,Normal,Normal,0.0010252159614789497,0.03951034205111623,0.004055791570993761,0.917896616658072,0.037512033758338795
1912,Normal,Normal,0.0,6.819473810748967e-06,0.0,0.9999931805261891,0.0
1913,DoS/DDoS,DoS/DDoS,0.0,0.0,0.9999915125871316,8.487412868436374e-06,0.0
1914,Normal,Normal,0.0,6.819473810748967e-06,0.0,0.9999931805261891,0.0
1915,DoS/DDoS,DoS/DDoS,0.00010988690357994182,0.03864795988683345,0.6961496828039034,0.15928393850434597,0.10580853190133718
1916,Normal,Normal,0.0,0.0,0.0,1.0,0.0
1917,DoS/DDoS,DoS/DDoS,0.0,0.0,1.0,0.0,0.0
1918,DoS/DDoS,DoS/DDoS,0.0,0.0,1.0,0.0,0.0
1919,Normal,Normal,0.0,6.819473810748967e-06,0.0004783551178671626,0.9995148254083221,0.0
1920,Normal,Normal,0.0,6.819473810748967e-06,0.0,0.9999931805261891,0.0
1921,DoS/DDoS,DoS/DDoS,0.0,0.0,1.0,0.0,0.0
1922,Normal,Normal,0.0,0.0,0.0,1.0,0.0
1923,DoS/DDoS,DoS/DDoS,0.0,0.0,1.0,0.0,0.0
1924,Normal,Normal,0.0,6.819473810748967e-06,0.0,0.9999931805261891,0.0
1925,Brute Force,Brute Force,0.0,1.0,0.0,0.0,0.0
1926,DoS/DDoS,DoS/DDoS,0.0,0.0,1.0,0.0,0.0
1927,Normal,Normal,0.0,6.819473810748967e-06,0.0,0.9999931805261891,0.0
1928,Normal,Normal,0.0,0.0,0.0,1.0,0.0
1929,DoS/DDoS,DoS/DDoS,0.0,0.0,1.0,0.0,0.0
1930,DoS/DDoS,DoS/DDoS,0.0,0.0,1.0,0.0,0.0
1931,DoS/DDoS,DoS/DDoS,0.0,0.0,1.0,0.0,0.0
1932,DoS/DDoS,DoS/DDoS,0.0,0.0,1.0,0.0,0.0
1933,Normal,Normal,0.0,6.819473810748967e-06,0.0,0.9999931805261891,0.0
1934,DoS/DDoS,DoS/DDoS,0.0,0.0,1.0,0.0,0.0
1935,Normal,Normal,0.0,0.0,0.0,1.0,0.0
1936,Normal,Normal,0.036667441771170275,0.0,0.00037465224236921666,0.9629579059864607,0.0
1937,Normal,Normal,0.0,0.0,0.0,1.0,0.0
1938,Normal,Normal,0.0,0.0,0.0,1.0,0.0
1939,Normal,Normal,0.0,0.0,0.0,1.0,0.0
1940,Brute Force,Brute Force,0.0,1.0,0.0,0.0,0.0
1941,Normal,Normal,0.0,0.0,0.00329661459569821,0.9967033854043018,0.0
1942,Normal,Normal,0.0,0.0,0.0,1.0,0.0
1943,DoS/DDoS,DoS/DDoS,0.0,0.0,0.9968580961413173,0.0031419038586828953,0.0
1944,Normal,Normal,0.0,6.819473810748967e-06,0.0,0.9999931805261891,0.0
1945,Normal,Normal,0.0,6.819473810748967e-06,0.0,0.9999931805261891,0.0
1946,Brute Force,Brute Force,0.0,1.0,0.0,0.0,0.0
1947,Normal,Normal,0.0,6.819473810748967e-06,0.0,0.9999931805261891,0.0
1948,Web Attack,Web Attack,0.0,0.13389131317728778,0.032043910505414795,0.11988481246813822,0.714179963849159
1949,Brute Force,Brute Force,0.0,1.0,0.0,0.0,0.0
1950,Normal,Normal,0.0,6.819473810748967e-06,0.0,0.9999931805261891,0.0
1951,Normal,Normal,0.0,6.819473810748967e-06,0.0,0.9999931805261891,0.0
1952,DoS/DDoS,DoS/DDoS,0.0,0.0,0.9998865803330991,0.00011341966690102105,0.0
1953,DoS/DDoS,DoS/DDoS,0.0,0.0,1.0,0.0,0.0
1954,Brute Force,Brute Force,0.0,0.9999754714906288,0.0,2.452850937120762e-05,0.0
1955,Normal,Normal,0.0,0.0,0.0,1.0,0.0
1956,Brute Force,Brute Force,0.0,1.0,0.0,0.0,0.0
1957,DoS/DDoS,DoS/DDoS,0.0,0.0,0.9998865803330991,0.00011341966690102105,0.0
1958,Normal,Normal,0.0,0.0,0.0,1.0,0.0
1959,Normal,Normal,0.0,6.819473810748967e-06,0.0,0.9999931805261891,0.0
1960,DoS/DDoS,DoS/DDoS,0.0,0.0,1.0,0.0,0.0
1961,Normal,Normal,0.0,6.819473810748967e-06,0.0,0.9999931805261891,0.0
1962,DoS/DDoS,DoS/DDoS,0.0,0.0038230018572700353,0.9101184801835547,0.07335206916476401,0.012706448794411183
1963,DoS/DDoS,DoS/DDoS,0.0,0.0,1.0,0.0,0.0
1964,Normal,Normal,0.0,0.0,0.02,0.98,0.0
1965,Normal,Normal,0.0,0.0,0.0,1.0,0.0
1966,DoS/DDoS,DoS/DDoS,0.0,0.0,1.0,0.0,0.0
1967,DoS/DDoS,DoS/DDoS,0.0,0.0,1.0,0.0,0.0
1968,Normal,Normal,0.0,0.0,0.0,1.0,0.0
1969,DoS/DDoS,DoS/DDoS,0.0,0.0,1.0,0.0,0.0
1970,DoS/DDoS,DoS/DDoS,0.0,0.0,0.9998865803330991,0.00011341966690102105,0.0
1971,DoS/DDoS,DoS/DDoS,0.0,0.0,1.0,0.0,0.0
1972,Normal,Normal,0.0,0.0,0.0,1.0,0.0
1973,Normal,Normal,0.0,6.819473810748967e-06,0.0,0.9999931805261891,0.0
1974,DoS/DDoS,DoS/DDoS,0.0,0.0,1.0,0.0,0.0
1975,Normal,Normal,0.0010252159614789497,0.03951034205111623,0.004055791570993761,0.917896616658072,0.037512033758338795
1976,DoS/DDoS,DoS/DDoS,0.0,0.0,1.0,0.0,0.0
1977,DoS/DDoS,DoS/DDoS,0.0,0.0,1.0,0.0,0.0
1978,DoS/DDoS,DoS/DDoS,0.0,0.0,1.0,0.0,0.0
1979,Normal,Normal,0.0,6.819473810748967e-06,0.00015952406381871526,0.9998336564623704,0.0
1980,DoS/DDoS,DoS/DDoS,0.0,0.0,1.0,0.0,0.0
1981,Normal,Normal,0.0,0.0,0.0,1.0,0.0
1982,DoS/DDoS,Web Attack,0.00010988690357994182,0.00997463899530191,0.08216411982098074,0.07047823831240196,0.8372731159677353
1983,Normal,Normal,0.0,6.819473810748967e-06,0.0004783551178671626,0.9995148254083221,0.0
1984,DoS/DDoS,DoS/DDoS,0.0,0.0,1.0,0.0,0.0
1985,Normal,Normal,0.0,6.819473810748967e-06,0.0,0.9999931805261891,0.0
1986,Normal,Normal,0.0,0.0,0.0,1.0,0.0
1987,DoS/DDoS,DoS/DDoS,0.0,0.0,1.0,0.0,0.0
1988,DoS/DDoS,DoS/DDoS,0.0,0.0,1.0,0.0,0.0
1989,Normal,Normal,0.0,0.004825884479043581,0.0,0.9951741155209564,0.0
1990,Brute Force,Web Attack,0.0,0.1757112999797899,0.00043546273942595337,0.0050358549274548085,0.8188173823533291
1991,Brute Force,Brute Force,0.0,1.0,0.0,0.0,0.0
1992,Normal,Normal,0.0010252159614789497,0.03951034205111623,0.004055791570993761,0.917896616658072,0.037512033758338795
1993,Brute Force,Brute Force,0.0,0.9999754714906288,0.0,2.452850937120762e-05,0.0
1994,Normal,Normal,0.0,0.0065603464332277895,0.0,0.9934396535667722,0.0
1995,Normal,Normal,0.0,0.0,0.0,1.0,0.0
1996,Normal,Normal,0.0,6.819473810748967e-06,0.0,0.9999931805261891,0.0
1997,Normal,Normal,0.0,0.0,0.0,1.0,0.0
1998,DoS/DDoS,DoS/DDoS,0.0,0.0,1.0,0.0,0.0
1999,Brute Force,Brute Force,0.0,1.0,0.0,0.0,0.0
2000,Normal,Normal,0.0,0.0,0.0,1.0,0.0
2001,DoS/DDoS,DoS/DDoS,0.0,0.0,1.0,0.0,0.0
2002,Normal,Normal,0.0,0.0,0.004983026621404323,0.9950169733785956,0.0
2003,Brute Force,Brute Force,0.0,1.0,0.0,0.0,0.0
2004,Normal,Normal,0.0010252159614789497,0.03951034205111623,0.004055791570993761,0.917896616658072,0.037512033758338795
2005,DoS/DDoS,DoS/DDoS,0.0,0.0,0.9999126761156112,8.732388438904994e-05,0.0
2006,Bot,Bot,1.0,0.0,0.0,0.0,0.0
2007,DoS/DDoS,DoS/DDoS,0.0,0.0,0.9999126761156112,8.732388438904994e-05,0.0
2008,DoS/DDoS,DoS/DDoS,0.0,0.0,1.0,0.0,0.0
2009,DoS/DDoS,DoS/DDoS,0.0,0.0,1.0,0.0,0.0
2010,Normal,Normal,0.0,6.819473810748967e-06,0.0,0.9999931805261891,0.0
2011,Brute Force,Brute Force,0.0,0.9999754714906288,0.0,2.452850937120762e-05,0.0
2012,Normal,Normal,0.00010988690357994182,0.01791385711387395,0.07654637607601888,0.8648824255863574,0.04054745432016963
2013,Normal,Normal,0.0,0.0,0.0,1.0,0.0
2014,DoS/DDoS,DoS/DDoS,0.0,0.0,0.9968580961413173,0.0031419038586828953,0.0
2015,DoS/DDoS,DoS/DDoS,0.0,0.0,1.0,0.0,0.0
2016,DoS/DDoS,DoS/DDoS,0.0,0.0,1.0,0.0,0.0
2017,Normal,Normal,0.0,0.03,0.004978444436526882,0.965021555563473,0.0
2018,Brute Force,Brute Force,0.0,1.0,0.0,0.0,0.0
2019,Brute Force,Brute Force,0.0,0.9999754714906288,0.0,2.452850937120762e-05,0.0
2020,DoS/DDoS,DoS/DDoS,0.0,0.0,1.0,0.0,0.0
2021,Normal,Normal,0.0,0.013057733069626976,0.0,0.9869422669303731,0.0
2022,DoS/DDoS,DoS/DDoS,0.0,0.0,1.0,0.0,0.0
2023,Normal,Bot,0.7797799778198055,0.0,0.00010474303355153435,0.22011527914664242,0.0
2024,Normal,Normal,0.0,6.819473810748967e-06,0.0,0.9999931805261891,0.0
2025,Normal,Normal,0.0,6.819473810748967e-06,0.0,0.9999931805261891,0.0
2026,DoS/DDoS,DoS/DDoS,0.0,0.0,0.9962499232710458,0.0037500767289541837,0.0
2027,DoS/DDoS,DoS/DDoS,0.0,0.0,1.0,0.0,0.0
2028,Normal,Normal,0.00032907647963916875,0.025613920902158017,0.011658143871144267,0.9046430539912003,0.057755804755858266
2029,Normal,Normal,0.01409317075097328,0.008273442424754173,0.0007946972990394691,0.9697486373740548,0.007090052151178238
2030,Normal,Normal,0.0,6.819473810748967e-06,0.0,0.9999931805261891,0.0
2031,Normal,Normal,0.0010252159614789497,0.03951034205111623,0.004055791570993761,0.917896616658072,0.037512033758338795
2032,Brute Force,Brute Force,0.0,1.0,0.0,0.0,0.0
2033,Bot,Bot,0.9315027792963332,0.0,0.00010474303355153435,0.06839247767011529,0.0
2034,DoS/DDoS,DoS/DDoS,0.0,0.0,1.0,0.0,0.0
2035,DoS/DDoS,DoS/DDoS,0.0,0.0,1.0,0.0,0.0
2036,Brute Force,Brute Force,0.0,1.0,0.0,0.0,0.0
2037,Normal,Normal,0.00010988690357994182,0.002276730837940569,0.016145205697130405,0.8954833783259899,0.08598479823535915
2038,DoS/DDoS,DoS/DDoS,0.0,0.0,1.0,0.0,0.0
2039,Brute Force,Brute Force,0.0,1.0,0.0,0.0,0.0
2040,Brute Force,Brute Force,0.0,1.0,0.0,0.0,0.0
2041,Brute Force,Brute Force,0.0,1.0,0.0,0.0,0.0
2042,Normal,Normal,0.0,6.819473810748967e-06,0.0,0.9999931805261891,0.0
2043,Normal,Normal,0.0,6.819473810748967e-06,0.0,0.9999931805261891,0.0
2044,DoS/DDoS,DoS/DDoS,0.0,0.0,1.0,0.0,0.0
2045,Bot,Bot,0.999928535227931,0.0,5.39913091401014e-06,6.606564115514711e-05,0.0
2046,DoS/DDoS,DoS/DDoS,0.0,0.0,1.0,0.0,0.0
2047,Brute Force,Brute Force,0.0,1.0,0.0,0.0,0.0
2048,DoS/DDoS,DoS/DDoS,0.0,0.0,1.0,0.0,0.0
2049,Brute Force,Brute Force,0.0,1.0,0.0,0.0,0.0
2050,Bot,Bot,0.9998534234277665,0.0,5.39913091401014e-06,0.00014117744131969903,0.0
2051,Normal,Normal,0.0,0.0,0.0,1.0,0.0
2052,Normal,Normal,0.0,0.0,0.0001677912773176141,0.9998322087226823,0.0
2053,DoS/DDoS,DoS/DDoS,0.0,0.0,0.9968580961413173,0.0031419038586828953,0.0
2054,Normal,Normal,0.03465585275698918,0.0011596403129744248,0.014994823462211275,0.9491896834678252,0.0
2055,Normal,Normal,0.0,6.819473810748967e-06,0.0,0.9999931805261891,0.0
2056,Bot,Bot,1.0,0.0,0.0,0.0,0.0
2057,DoS/DDoS,DoS/DDoS,0.0,0.0,1.0,0.0,0.0
2058,Brute Force,Brute Force,0.0,1.0,0.0,0.0,0.0
2059,Normal,Normal,0.0,6.819473810748967e-06,0.0,0.9999931805261891,0.0
2060,Normal,Normal,0.0,6.819473810748967e-06,0.0,0.9999931805261891,0.0
2061,DoS/DDoS,DoS/DDoS,0.0,0.0001543506670166707,0.9967352685496291,0.003110380783354333,0.0
2062,Normal,Normal,0.0,6.819473810748967e-06,0.0,0.9999931805261891,0.0
2063,Normal,Normal,0.0,0.0,0.009346030555804836,0.990653969444195,0.0
2064,Normal,Normal,0.0,0.0,0.0,1.0,0.0
2065,DoS/DDoS,DoS/DDoS,0.0,0.0,1.0,0.0,0.0
2066,Normal,Normal,0.0,6.819473810748967e-06,0.0,0.9999931805261891,0.0
2067,Brute Force,Brute Force,0.0,0.9999754714906288,0.0,2.452850937120762e-05,0.0
2068,Brute Force,Brute Force,0.0,1.0,0.0,0.0,0.0
2069,Brute Force,Brute Force,0.0,1.0,0.0,0.0,0.0
2070,DoS/DDoS,DoS/DDoS,0.0,0.0,1.0,0.0,0.0
2071,Brute Force,Brute Force,0.0,0.9999754714906288,0.0,2.452850937120762e-05,0.0
2072,Normal,Normal,0.0,0.0,0.0,1.0,0.0
2073,DoS/DDoS,DoS/DDoS,0.0,0.0,1.0,0.0,0.0
2074,Brute Force,Brute Force,0.0,1.0,0.0,0.0,0.0
2075,DoS/DDoS,DoS/DDoS,0.0,0.0,1.0,0.0,0.0
2076,Normal,Normal,0.0,0.0,0.11003696369445339,0.8899630363055465,0.0
2077,Normal,Normal,0.01770411607175686,0.0,0.0001480138277669143,0.9821478701004763,0.0
2078,DoS/DDoS,DoS/DDoS,0.0,0.0,1.0,0.0,0.0
2079,Bot,Bot,0.999928535227931,0.0,5.39913091401014e-06,6.606564115514711e-05,0.0
2080,DoS/DDoS,DoS/DDoS,0.0,0.0,1.0,0.0,0.0
2081,Bot,Bot,0.9539210039344478,0.0,0.00010474303355153435,0.04597425303200056,0.0
2082,DoS/DDoS,DoS/DDoS,0.0,0.0,1.0,0.0,0.0
2083,DoS/DDoS,DoS/DDoS,0.0,0.0,1.0,0.0,0.0
2084,DoS/DDoS,DoS/DDoS,0.0,0.0,1.0,0.0,0.0
2085,DoS/DDoS,DoS/DDoS,0.0,0.0,0.999954120721542,4.5879278458127466e-05,0.0
2086,DoS/DDoS,DoS/DDoS,0.0,0.0,0.9999915125871316,8.487412868436374e-06,0.0
2087,Normal,Normal,0.00010988690357994182,0.06258349536374522,0.22532296346664374,0.5549911010868821,0.15699255317914868
2088,Normal,Normal,0.0010252159614789497,0.03951034205111623,0.004055791570993761,0.917896616658072,0.037512033758338795
2089,Normal,Normal,0.00010988690357994182,0.010841257161236717,0.03341996691629817,0.8970813086105369,0.058547580408347975
2090,Normal,Normal,0.0,0.0,0.016690886641021987,0.983309113358978,0.0
2091,Normal,Bot,0.9233276813058753,0.0,0.00010474303355153435,0.07656757566057323,0.0
2092,DoS/DDoS,DoS/DDoS,0.0,0.0,1.0,0.0,0.0
2093,DoS/DDoS,DoS/DDoS,0.0,0.0,1.0,0.0,0.0
2094,Brute Force,Web Attack,0.0,0.2754356974181576,0.00043546273942595337,0.003911785273620744,0.7202170545687953
2095,DoS/DDoS,DoS/DDoS,0.0,0.0,1.0,0.0,0.0
2096,Normal,Normal,0.0,0.0,3.273209551560448e-05,0.9999672679044843,0.0
2097,Normal,Normal,0.0,0.0,0.0003903588054569994,0.999609641194543,0.0
2098,DoS/DDoS,DoS/DDoS,0.0,0.0,1.0,0.0,0.0
2099,DoS/DDoS,DoS/DDoS,0.0,0.0,1.0,0.0,0.0
2100,Brute Force,Brute Force,0.0,0.5988168691063173,0.0004319168863920788,0.003416035927100009,0.39733517808019037
2101,Normal,Normal,0.0,0.0,0.0,1.0,0.0
2102,DoS/DDoS,DoS/DDoS,0.0,0.0,1.0,0.0,0.0
2103,Normal,Normal,0.0,6.819473810748967e-06,0.0,0.9999931805261891,0.0
2104,DoS/DDoS,DoS/DDoS,0.0,0.0,0.9974501995677456,0.0025498004322544263,0.0
2105,DoS/DDoS,DoS/DDoS,0.0,0.0,1.0,0.0,0.0
2106,DoS/DDoS,DoS/DDoS,0.0,0.0,1.0,0.0,0.0
2107,DoS/DDoS,DoS/DDoS,0.0,0.0,1.0,0.0,0.0
2108,Normal,Normal,0.0,0.0,0.0,1.0,0.0
2109,DoS/DDoS,DoS/DDoS,0.0,0.0,1.0,0.0,0.0
2110,DoS/DDoS,DoS/DDoS,0.0,0.0,1.0,0.0,0.0
2111,Brute Force,Brute Force,0.0,0.9999754714906288,0.0,2.452850937120762e-05,0.0
2112,Normal,Normal,0.0,0.0,0.004998035784436271,0.9950019642155639,0.0
2113,DoS/DDoS,DoS/DDoS,0.0,0.0,1.0,0.0,0.0
2114,Normal,Normal,0.00010988690357994182,0.008985590372732308,0.24523394341943258,0.7051231249840856,0.04054745432016963
2115,Brute Force,Brute Force,0.0,0.9999754714906288,0.0,2.452850937120762e-05,0.0
2116,DoS/DDoS,DoS/DDoS,0.0,0.0,1.0,0.0,0.0
2117,Normal,Normal,0.0,6.819473810748967e-06,0.0,0.9999931805261891,0.0
2118,Normal,Normal,0.0,0.0,0.057016794653103456,0.9429832053468965,0.0
2119,Normal,Normal,0.0,6.819473810748967e-06,0.0,0.9999931805261891,0.0
2120,Normal,Normal,0.0,0.0,0.0,1.0,0.0
2121,DoS/DDoS,DoS/DDoS,0.0,0.011158320266505832,0.8867417284294635,0.047276303701554785,0.0548236476024758
2122,DoS/DDoS,DoS/DDoS,0.0,0.0,0.9984619120281298,0.0015380879718702584,0.0
2123,Normal,Normal,0.0,0.0,0.0,1.0,0.0
2124,Normal,Normal,0.008877343104386815,0.0,0.0,0.9911226568956133,0.0
2125,DoS/DDoS,DoS/DDoS,0.0,0.0,1.0,0.0,0.0
2126,Web Attack,Brute Force,0.0,0.6189482458871884,0.00043546273942595337,0.002765195282609152,0.37785109609077616
2127,Brute Force,Brute Force,0.0,1.0,0.0,0.0,0.0
2128,DoS/DDoS,DoS/DDoS,0.0,0.0,1.0,0.0,0.0
2129,DoS/DDoS,DoS/DDoS,0.0,0.0,1.0,0.0,0.0
2130,Brute Force,Brute Force,0.0,1.0,0.0,0.0,0.0
2131,Normal,Normal,0.0,6.819473810748967e-06,0.0,0.9999931805261891,0.0
2132,Normal,Normal,0.0,0.0,0.01498227140861717,0.9850177285913828,0.0
2133,DoS/DDoS,DoS/DDoS,0.0,0.0,1.0,0.0,0.0
2134,Bot,Bot,0.999928535227931,0.0,5.39913091401014e-06,6.606564115514711e-05,0.0
2135,Normal,Normal,0.0,6.819473810748967e-06,0.0,0.9999931805261891,0.0
2136,DoS/DDoS,DoS/DDoS,0.0,0.0,1.0,0.0,0.0
2137,Normal,Normal,0.0,6.819473810748967e-06,0.0,0.9999931805261891,0.0
2138,DoS/DDoS,DoS/DDoS,0.0,0.0,0.7893681005411161,0.21063189945888414,0.0
2139,DoS/DDoS,DoS/DDoS,0.0,0.0,0.9965163249022087,0.003483675097791449,0.0
2140,Normal,Normal,0.0,6.819473810748967e-06,0.0,0.9999931805261891,0.0
2141,Brute Force,Brute Force,0.0,1.0,0.0,0.0,0.0
2142,Normal,Normal,0.00010988690357994182,0.039764261403038105,0.006442707220550365,0.9450120033405348,0.008671141132296722
2143,Brute Force,Brute Force,0.0,1.0,0.0,0.0,0.0
2144,DoS/DDoS,DoS/DDoS,0.0,0.0,1.0,0.0,0.0
2145,Brute Force,Brute Force,0.0,1.0,0.0,0.0,0.0
2146,Brute Force,Brute Force,0.0,1.0,0.0,0.0,0.0
2147,Brute Force,Brute Force,0.0,1.0,0.0,0.0,0.0
2148,Normal,Normal,0.0,6.819473810748967e-06,0.0,0.9999931805261891,0.0
2149,DoS/DDoS,DoS/DDoS,0.0,0.0,0.9934005387622102,0.006599461237789673,0.0
2150,DoS/DDoS,DoS/DDoS,0.0,0.0,1.0,0.0,0.0
2151,Normal,Normal,0.0,6.819473810748967e-06,0.0,0.9999931805261891,0.0
2152,Brute Force,Web Attack,0.0,0.022428915056673535,0.0004402115070105195,0.0016083608107585485,0.9755225126255573
2153,Normal,Normal,0.0,6.819473810748967e-06,0.0,0.9999931805261891,0.0
2154,DoS/DDoS,DoS/DDoS,0.0,0.0,0.9999915125871316,8.487412868436374e-06,0.0
2155,Normal,Normal,0.0,6.819473810748967e-06,0.0,0.9999931805261891,0.0
2156,Brute Force,Brute Force,0.0,1.0,0.0,0.0,0.0
2157,Normal,Normal,0.0,6.819473810748967e-06,0.0,0.9999931805261891,0.0
2158,Brute Force,Brute Force,0.0,0.7899975478201232,0.00037865738613959845,0.00511204337258135,0.20451175142115585
2159,Brute Force,Brute Force,0.0,0.9999754714906288,0.0,2.452850937120762e-05,0.0
2160,Brute Force,Brute Force,0.0,1.0,0.0,0.0,0.0
2161,Normal,Normal,0.0,6.819473810748967e-06,0.010770638878678223,0.9892225416475111,0.0
2162,Brute Force,Brute Force,0.0,0.9999754714906288,0.0,2.452850937120762e-05,0.0
2163,Normal,Normal,0.0,0.0,0.0012322691883820968,0.9987677308116178,0.0
2164,DoS/DDoS,DoS/DDoS,0.0,0.0,1.0,0.0,0.0
2165,Brute Force,Brute Force,0.0,1.0,0.0,0.0,0.0
2166,Normal,Normal,0.0010252159614789497,0.03951034205111623,0.004055791570993761,0.917896616658072,0.037512033758338795
2167,Brute Force,Brute Force,0.0,1.0,0.0,0.0,0.0
2168,DoS/DDoS,DoS/DDoS,0.0,0.0,1.0,0.0,0.0
2169,DoS/DDoS,DoS/DDoS,0.0,0.0,1.0,0.0,0.0
2170,DoS/DDoS,DoS/DDoS,0.0,0.0,1.0,0.0,0.0
2171,Brute Force,Brute Force,0.0,1.0,0.0,0.0,0.0
2172,DoS/DDoS,DoS/DDoS,0.0,0.0,1.0,0.0,0.0
2173,DoS/DDoS,DoS/DDoS,0.0,0.0,1.0,0.0,0.0
2174,Brute Force,Brute Force,0.0,0.49713547464211155,0.0004255609830866665,0.010585701841971384,0.4918532625328303
2175,Normal,Normal,0.0,0.0,0.0,1.0,0.0
2176,DoS/DDoS,DoS/DDoS,0.0,0.0,0.9999126761156112,8.732388438904994e-05,0.0
2177,Brute Force,Brute Force,0.0,1.0,0.0,0.0,0.0
2178,Web Attack,Brute Force,0.0,0.6741091362596804,0.00043546273942595337,0.005056098804748983,0.3203993021961443
2179,Normal,Normal,0.0,0.198838781473207,0.03417075565239297,0.7669904628744,0.0
2180,DoS/DDoS,DoS/DDoS,0.0,0.0,1.0,0.0,0.0
2181,Normal,Normal,0.0,6.819473810748967e-06,0.0,0.9999931805261891,0.0
2182,Bot,Bot,0.9539210039344478,0.0,0.00010474303355153435,0.04597425303200056,0.0
2183,DoS/DDoS,DoS/DDoS,0.0,0.0,1.0,0.0,0.0
2184,Brute Force,Web Attack,0.0,0.43438531858562895,0.00043826923453317774,0.011732336413999435,0.5534440757658383
2185,DoS/DDoS,DoS/DDoS,0.0,0.0,1.0,0.0,0.0
2186,Brute Force,Brute Force,0.0,1.0,0.0,0.0,0.0
2187,DoS/DDoS,DoS/DDoS,0.0,0.0,1.0,0.0,0.0
2188,DoS/DDoS,DoS/DDoS,0.0,0.0,1.0,0.0,0.0
2189,Normal,Normal,0.0010252159614789497,0.03951034205111623,0.004055791570993761,0.917896616658072,0.037512033758338795
2190,Normal,Normal,0.02751944740041863,0.0,0.006288208478316336,0.966192344121265,0.0
2191,Normal,Normal,0.0,6.819473810748967e-06,0.0,0.9999931805261891,0.0
2192,Normal,Normal,0.0,0.0,0.0,1.0,0.0
2193,Brute Force,Brute Force,0.0,1.0,0.0,0.0,0.0
2194,Brute Force,Web Attack,0.0,0.27420337005524364,0.0013636628222773904,0.021936705163731737,0.7024962619587471
2195,Normal,Normal,0.0,0.0,0.0,1.0,0.0
2196,Normal,Normal,0.0,0.0,0.0,1.0,0.0
2197,DoS/DDoS,DoS/DDoS,0.0,0.0,1.0,0.0,0.0
2198,Normal,Normal,0.0,6.819473810748967e-06,0.0,0.9999931805261891,0.0
2199,Normal,Normal,0.0,6.819473810748967e-06,0.0,0.9999931805261891,0.0
2200,Web Attack,Web Attack,0.0,0.14131741027941735,0.0004985439319532886,0.0028332194158459368,0.855350826372783
2201,Brute Force,Brute Force,0.0,1.0,0.0,0.0,0.0
2202,DoS/DDoS,DoS/DDoS,0.0,0.0,0.9912291808494369,0.008770819150563033,0.0
2203,DoS/DDoS,DoS/DDoS,0.0,0.0,1.0,0.0,0.0
2204,DoS/DDoS,DoS/DDoS,0.0,0.0,1.0,0.0,0.0
2205,DoS/DDoS,DoS/DDoS,0.0,0.0,1.0,0.0,0.0
2206,Normal,Normal,0.0,0.0,0.0,0.9801718454092726,0.019828154590727363
2207,DoS/DDoS,DoS/DDoS,0.0,0.0,0.9999915125871316,8.487412868436374e-06,0.0
2208,Brute Force,Brute Force,0.0,0.9999754714906288,0.0,2.452850937120762e-05,0.0
2209,DoS/DDoS,DoS/DDoS,0.0,0.0,1.0,0.0,0.0
2210,DoS/DDoS,DoS/DDoS,0.0,0.0,1.0,0.0,0.0
2211,Brute Force,Brute Force,0.0,0.9999754714906288,0.0,2.452850937120762e-05,0.0
2212,DoS/DDoS,DoS/DDoS,0.0,0.0,0.9999915125871316,8.487412868436374e-06,0.0
2213,Brute Force,Brute Force,0.0,0.9999754714906288,0.0,2.452850937120762e-05,0.0
2214,Normal,Normal,0.0,0.0,0.0,1.0,0.0
2215,Web Attack,Web Attack,0.0,0.278119436983682,0.00043286010853947827,0.0015053441115999752,0.7199423587961782
2216,Normal,Normal,0.0,0.22498169787593952,0.06010775563711142,0.6677485260576467,0.0471620204293024
2217,Normal,Normal,0.0,0.0,0.01,0.99,0.0
2218,DoS/DDoS,DoS/DDoS,0.0,0.0,1.0,0.0,0.0
2219,DoS/DDoS,DoS/DDoS,0.0,0.0,1.0,0.0,0.0
2220,DoS/DDoS,DoS/DDoS,0.0,0.0,1.0,0.0,0.0
2221,Normal,Normal,0.0,0.0,0.0,1.0,0.0
2222,Normal,Normal,0.0,6.819473810748967e-06,0.0,0.9999931805261891,0.0
2223,Bot,Bot,0.999928535227931,0.0,5.39913091401014e-06,6.606564115514711e-05,0.0
2224,Normal,Normal,0.0010252159614789497,0.03951034205111623,0.004055791570993761,0.917896616658072,0.037512033758338795
2225,DoS/DDoS,DoS/DDoS,0.0,0.0,1.0,0.0,0.0
2226,DoS/DDoS,DoS/DDoS,0.0,0.0,1.0,0.0,0.0
2227,DoS/DDoS,DoS/DDoS,0.0,0.0,1.0,0.0,0.0
2228,Brute Force,Brute Force,0.0,0.6197211205127998,0.0004402115070105195,0.004586769620215416,0.3752518983599741
2229,DoS/DDoS,DoS/DDoS,0.0,0.0,1.0,0.0,0.0
2230,DoS/DDoS,DoS/DDoS,0.0,0.0,1.0,0.0,0.0
2231,DoS/DDoS,DoS/DDoS,0.0,0.0,1.0,0.0,0.0
2232,DoS/DDoS,DoS/DDoS,0.0,0.0,1.0,0.0,0.0
2233,Normal,Normal,0.0,6.819473810748967e-06,0.0,0.9999931805261891,0.0
2234,DoS/DDoS,DoS/DDoS,0.0,0.0,1.0,0.0,0.0
2235,Normal,Normal,0.0,0.0,0.04649972086115773,0.953500279138842,0.0
2236,Normal,Normal,0.0,0.0,0.060319118552589666,0.9299209488347472,0.009759932612663204
2237,Brute Force,Brute Force,0.0,1.0,0.0,0.0,0.0
2238,Normal,Normal,0.0010252159614789497,0.03951034205111623,0.004055791570993761,0.917896616658072,0.037512033758338795
2239,Normal,Normal,0.0,0.0,0.0,1.0,0.0
2240,DoS/DDoS,DoS/DDoS,0.0,0.0,1.0,0.0,0.0
2241,Normal,Normal,0.0,6.819473810748967e-06,0.0,0.9999931805261891,0.0
2242,Normal,Normal,0.0,6.819473810748967e-06,0.0,0.9999931805261891,0.0
2243,Normal,Normal,0.0010252159614789497,0.03951034205111623,0.004055791570993761,0.917896616658072,0.037512033758338795
2244,Normal,Normal,0.0,6.819473810748967e-06,0.0,0.9999931805261891,0.0
2245,Brute Force,Brute Force,0.0,1.0,0.0,0.0,0.0
2246,Normal,Normal,0.0,6.819473810748967e-06,0.0,0.9999931805261891,0.0
2247,Normal,Normal,0.0,0.0,0.01,0.99,0.0
2248,Brute Force,Brute Force,0.0,0.9999754714906288,0.0,2.452850937120762e-05,0.0
2249,DoS/DDoS,DoS/DDoS,0.0,0.0,1.0,0.0,0.0
2250,Brute Force,Brute Force,0.0,1.0,0.0,0.0,0.0
2251,DoS/DDoS,DoS/DDoS,0.0,0.0,1.0,0.0,0.0
2252,Normal,Normal,0.0,0.0,0.0,1.0,0.0
2253,Normal,Normal,0.0,6.819473810748967e-06,0.00015952406381871526,0.9998336564623704,0.0
2254,DoS/DDoS,DoS/DDoS,0.0,0.0,1.0,0.0,0.0
2255,Web Attack,Web Attack,0.0,0.16065408600480155,0.0004985439319532886,0.003926621475604722,0.8349207485876404
2256,Normal,Normal,0.0,0.0,0.0,1.0,0.0
2257,DoS/DDoS,DoS/DDoS,0.0,0.0,1.0,0.0,0.0
2258,Normal,Normal,0.0,0.0,0.0,1.0,0.0
2259,Brute Force,Brute Force,0.0,1.0,0.0,0.0,0.0
2260,DoS/DDoS,DoS/DDoS,0.0,0.0,1.0,0.0,0.0
2261,Normal,Bot,0.7577830372535801,0.0,0.00010474303355153435,0.24211221971286784,0.0
2262,Normal,Normal,0.0,6.819473810748967e-06,0.0,0.9999931805261891,0.0
2263,DoS/DDoS,DoS/DDoS,0.0,0.0,1.0,0.0,0.0
2264,DoS/DDoS,DoS/DDoS,0.0,0.0,1.0,0.0,0.0
2265,Bot,Bot,0.9427576574222317,0.0,0.00010474303355153435,0.0571375995442169,0.0
2266,Brute Force,Brute Force,0.0,1.0,0.0,0.0,0.0
2267,DoS/DDoS,DoS/DDoS,0.0,0.0,1.0,0.0,0.0
2268,Brute Force,Brute Force,0.0,0.9999754714906288,0.0,2.452850937120762e-05,0.0
2269,Brute Force,Brute Force,0.0,1.0,0.0,0.0,0.0
2270,DoS/DDoS,DoS/DDoS,0.0,0.0,1.0,0.0,0.0
2271,DoS/DDoS,DoS/DDoS,0.0,0.0,0.9929049682777021,0.007095031722297972,0.0
2272,Normal,Normal,0.0010252159614789497,0.03951034205111623,0.004055791570993761,0.917896616658072,0.037512033758338795
2273,Normal,Normal,0.0,6.819473810748967e-06,0.0,0.9999931805261891,0.0
2274,Brute Force,Brute Force,0.0,1.0,0.0,0.0,0.0
2275,DoS/DDoS,DoS/DDoS,0.0,0.0,1.0,0.0,0.0
2276,Web Attack,Web Attack,0.0,0.2913099886237014,0.0004402115070105195,0.0019098683484469906,0.7063399315208411
2277,DoS/DDoS,DoS/DDoS,0.0,0.0,1.0,0.0,0.0
2278,DoS/DDoS,DoS/DDoS,0.0,0.0,1.0,0.0,0.0
2279,Normal,Normal,0.0,0.0,0.0,1.0,0.0
2280,Bot,Bot,0.9432303446923338,0.0,0.00010474303355153435,0.0566649122741148,0.0
2281,DoS/DDoS,DoS/DDoS,0.0,0.0,1.0,0.0,0.0
2282,Brute Force,Brute Force,0.0,1.0,0.0,0.0,0.0
2283,DoS/DDoS,DoS/DDoS,0.0,0.0,1.0,0.0,0.0
2284,Brute Force,Web Attack,0.0,0.2946107861007126,0.0004205368348072181,0.0033208709534368287,0.7016478061110432
2285,DoS/DDoS,DoS/DDoS,0.0,0.0,1.0,0.0,0.0
2286,DoS/DDoS,DoS/DDoS,0.0,0.007251339826879672,0.9209460043110189,0.02218659491922989,0.04961606094287134
2287,DoS/DDoS,DoS/DDoS,0.0,0.0,1.0,0.0,0.0
2288,DoS/DDoS,DoS/DDoS,0.0,0.0,1.0,0.0,0.0
2289,Bot,Bot,1.0,0.0,0.0,0.0,0.0
2290,Normal,Normal,0.01409317075097328,0.008273442424754173,0.0007946972990394691,0.9697486373740548,0.007090052151178238
2291,Brute Force,Web Attack,0.0,0.4429430003146328,0.00043546273942595337,0.007478093510363321,0.5491434434355777
2292,Normal,Normal,0.0,0.0,0.0,1.0,0.0
2293,Normal,Normal,0.0,0.0,0.0,1.0,0.0
2294,Brute Force,Brute Force,0.0,1.0,0.0,0.0,0.0
2295,DoS/DDoS,DoS/DDoS,0.0,0.0,1.0,0.0,0.0
2296,Normal,Normal,0.0,0.0,0.004972683449384039,0.985369667687138,0.009657648863477898
2297,Normal,Normal,0.0,0.0,0.0,1.0,0.0
2298,DoS/DDoS,DoS/DDoS,0.0,0.0,1.0,0.0,0.0
2299,DoS/DDoS,DoS/DDoS,0.0,0.0,1.0,0.0,0.0
2300,Normal,Normal,0.002534935653512463,0.025613920902158017,0.011658143871144267,0.902437194817327,0.057755804755858266
2301,Brute Force,Brute Force,0.0,1.0,0.0,0.0,0.0
2302,Brute Force,Brute Force,0.0,1.0,0.0,0.0,0.0
2303,DoS/DDoS,DoS/DDoS,0.0,0.0,0.988301429117004,0.01169857088299599,0.0
2304,Normal,Normal,0.0,6.819473810748967e-06,0.0,0.9999931805261891,0.0
2305,Brute Force,Brute Force,0.0,1.0,0.0,0.0,0.0
2306,DoS/DDoS,DoS/DDoS,0.0,0.0,1.0,0.0,0.0
2307,DoS/DDoS,DoS/DDoS,0.0,0.0,0.9999126761156112,8.732388438904994e-05,0.0
2308,Brute Force,Brute Force,0.0,0.9999754714906288,0.0,2.452850937120762e-05,0.0
2309,Normal,Normal,0.0,6.819473810748967e-06,0.0,0.9999931805261891,0.0
2310,DoS/DDoS,DoS/DDoS,0.0,0.0,1.0,0.0,0.0
2311,Normal,Normal,0.0,0.006508107601462181,0.03976283813885713,0.9145833282977793,0.039145725961901336
2312,Normal,Normal,0.0,0.0,0.0,1.0,0.0
2313,DoS/DDoS,DoS/DDoS,0.0,0.0,1.0,0.0,0.0
2314,DoS/DDoS,DoS/DDoS,0.0,0.0,1.0,0.0,0.0
2315,Normal,Normal,0.0,0.0,0.0,1.0,0.0
2316,DoS/DDoS,DoS/DDoS,0.0,0.0,1.0,0.0,0.0
2317,Normal,Normal,0.0,0.0,0.0,1.0,0.0
2318,DoS/DDoS,DoS/DDoS,0.0,0.006566744730679158,0.993345931384932,8.732388438904994e-05,0.0
2319,DoS/DDoS,DoS/DDoS,0.0,0.0,1.0,0.0,0.0
2320,Normal,Normal,0.0,0.0,0.0,0.9703200275292498,0.02967997247075017
2321,Normal,Normal,0.0,0.0,0.0,1.0,0.0
2322,DoS/DDoS,DoS/DDoS,0.0,0.0,1.0,0.0,0.0
2323,Normal,Normal,0.0,0.0,0.0,1.0,0.0
2324,Brute Force,Web Attack,0.0,0.41779505279680534,0.00037865738613959845,0.0057458530474740355,0.5760804367695808
2325,DoS/DDoS,DoS/DDoS,0.0,0.0,0.9997557786241573,0.0002442213758426344,0.0
2326,DoS/DDoS,DoS/DDoS,0.0,0.0,1.0,0.0,0.0
2327,Normal,Normal,0.0,6.819473810748967e-06,0.0,0.9999931805261891,0.0
2328,Brute Force,Brute Force,0.0,1.0,0.0,0.0,0.0
2329,Brute Force,Brute Force,0.0,1.0,0.0,0.0,0.0
2330,Normal,Normal,0.0,6.819473810748967e-06,0.0,0.9999931805261891,0.0
2331,Normal,Normal,0.0,6.819473810748967e-06,0.0,0.9999931805261891,0.0
2332,DoS/DDoS,DoS/DDoS,0.0,0.0,0.998790598323471,0.0012094016765291427,0.0
2333,Normal,Normal,0.0,0.0,0.0,1.0,0.0
2334,DoS/DDoS,DoS/DDoS,0.0,0.0038230018572700353,0.973938022393707,0.009532526954611691,0.012706448794411183
2335,Brute Force,Brute Force,0.0,1.0,0.0,0.0,0.0
2336,Normal,Normal,0.0,0.0,0.0,1.0,0.0
2337,DoS/DDoS,DoS/DDoS,0.0,0.0,1.0,0.0,0.0
2338,DoS/DDoS,DoS/DDoS,0.0,0.0,1.0,0.0,0.0
2339,DoS/DDoS,DoS/DDoS,0.0,0.0,1.0,0.0,0.0
2340,DoS/DDoS,DoS/DDoS,0.0,0.0,1.0,0.0,0.0
2341,DoS/DDoS,DoS/DDoS,0.0,0.0,1.0,0.0,0.0
2342,Brute Force,Brute Force,0.0,1.0,0.0,0.0,0.0
2343,Normal,Normal,0.0,6.819473810748967e-06,0.0,0.9999931805261891,0.0
2344,DoS/DDoS,DoS/DDoS,0.0,0.0,0.9999915125871316,8.487412868436374e-06,0.0
2345,DoS/DDoS,DoS/DDoS,0.0,0.0,1.0,0.0,0.0
2346,Normal,Normal,0.0,6.819473810748967e-06,0.0,0.9999931805261891,0.0
2347,DoS/DDoS,DoS/DDoS,0.0,0.0,1.0,0.0,0.0
2348,Normal,Normal,0.0,6.819473810748967e-06,0.0,0.9999931805261891,0.0
2349,DoS/DDoS,DoS/DDoS,0.0,0.0,0.9998865803330991,0.00011341966690102105,0.0
2350,DoS/DDoS,DoS/DDoS,0.0,0.0,1.0,0.0,0.0
2351,Normal,Normal,0.0,0.09749375533484443,0.021844493598823553,0.8715543998411277,0.0091073512252042
2352,Brute Force,Brute Force,0.0,1.0,0.0,0.0,0.0
2353,DoS/DDoS,DoS/DDoS,0.0,0.0,1.0,0.0,0.0
2354,Brute Force,Web Attack,0.0,0.41968784347793503,0.00043286010853947827,0.004032377590787828,0.5758469188227374
2355,Normal,Normal,0.0,6.819473810748967e-06,0.0,0.9999931805261891,0.0
2356,DoS/DDoS,DoS/DDoS,0.0,0.0036948219668649523,0.9762894778601361,0.007309251378587731,0.012706448794411183
2357,Brute Force,Brute Force,0.0,1.0,0.0,0.0,0.0
2358,Bot,Bot,0.9811234962265573,0.0,5.39913091401014e-06,0.018871104642528835,0.0
2359,Brute Force,Brute Force,0.0,1.0,0.0,0.0,0.0
2360,DoS/DDoS,DoS/DDoS,0.0,0.0,1.0,0.0,0.0
2361,Brute Force,Brute Force,0.0,1.0,0.0,0.0,0.0
2362,Normal,Normal,0.0,6.819473810748967e-06,0.0,0.9999931805261891,0.0
2363,Brute Force,Brute Force,0.0,1.0,0.0,0.0,0.0
2364,Brute Force,Brute Force,0.0,1.0,0.0,0.0,0.0
2365,Normal,Normal,0.0,6.819473810748967e-06,0.0,0.9999931805261891,0.0
2366,Normal,Normal,0.0,6.819473810748967e-06,0.0,0.9999931805261891,0.0
2367,Brute Force,Brute Force,0.0,1.0,0.0,0.0,0.0
2368,DoS/DDoS,DoS/DDoS,0.0,0.0,1.0,0.0,0.0
2369,DoS/DDoS,DoS/DDoS,0.0,0.0,1.0,0.0,0.0
2370,Brute Force,Brute Force,0.0,0.9999754714906288,0.0,2.452850937120762e-05,0.0
2371,DoS/DDoS,DoS/DDoS,0.0,0.0,1.0,0.0,0.0
2372,Normal,Normal,0.0,0.0,0.11829826961123038,0.8817017303887695,0.0
2373,Brute Force,Brute Force,0.0,1.0,0.0,0.0,0.0
2374,Normal,Normal,0.0010252159614789497,0.03951034205111623,0.004055791570993761,0.917896616658072,0.037512033758338795
2375,DoS/DDoS,DoS/DDoS,0.0,0.0,1.0,0.0,0.0
2376,DoS/DDoS,DoS/DDoS,0.0,0.0,1.0,0.0,0.0
2377,DoS/DDoS,DoS/DDoS,0.0,0.0,1.0,0.0,0.0
2378,Brute Force,Brute Force,0.0,1.0,0.0,0.0,0.0
2379,Normal,Normal,0.0,6.819473810748967e-06,0.0,0.9999931805261891,0.0
2380,Normal,Normal,0.06497889291164405,0.0,0.015026757044542517,0.9199943500438136,0.0
2381,Bot,Bot,0.943575492691303,0.0,0.00010474303355153435,0.05631976427514547,0.0
2382,Normal,Normal,0.0,0.0,0.0,1.0,0.0
2383,Brute Force,Brute Force,0.0,1.0,0.0,0.0,0.0
2384,Brute Force,Brute Force,0.0,1.0,0.0,0.0,0.0
2385,Brute Force,Brute Force,0.0,0.9999754714906288,0.0,2.452850937120762e-05,0.0
2386,Brute Force,Brute Force,0.0,1.0,0.0,0.0,0.0
2387,Normal,Normal,0.0,0.0,0.0,1.0,0.0
2388,Normal,Normal,0.0,0.0,0.0,1.0,0.0
2389,Normal,Normal,0.0,0.0,0.007532858414959928,0.99246714158504,0.0
2390,Normal,Normal,0.0,6.819473810748967e-06,0.0,0.9999931805261891,0.0
2391,Normal,Normal,0.0,0.10565615472160376,0.02333946033236669,0.8420122573883922,0.02899212755763727
2392,DoS/DDoS,DoS/DDoS,0.0,0.0,1.0,0.0,0.0
2393,Brute Force,Brute Force,0.0,1.0,0.0,0.0,0.0
2394,Normal,Normal,0.0,0.00483155389368687,0.007759819103959489,0.9874086270023535,0.0
2395,Normal,Normal,0.0010252159614789497,0.03951034205111623,0.004055791570993761,0.917896616658072,0.037512033758338795
2396,Normal,Normal,0.0,0.0,3.273209551560448e-05,0.9999672679044843,0.0
2397,DoS/DDoS,DoS/DDoS,0.0,0.0,1.0,0.0,0.0
2398,Normal,Normal,0.0,0.00011797947025953614,0.014567409287075584,0.9762727821319028,0.009041829110761962
2399,DoS/DDoS,DoS/DDoS,0.0,0.0,0.9998865803330991,0.00011341966690102105,0.0
2400,Normal,Normal,0.0,6.819473810748967e-06,0.00015952406381871526,0.9998336564623704,0.0
2401,DoS/DDoS,DoS/DDoS,0.0,0.0,1.0,0.0,0.0
2402,Brute Force,Brute Force,0.0,1.0,0.0,0.0,0.0
2403,DoS/DDoS,DoS/DDoS,0.0,0.0,1.0,0.0,0.0
2404,Normal,Normal,0.0,0.0,0.01,0.99,0.0
2405,Normal,Normal,0.0,0.0,0.0,1.0,0.0
2406,DoS/DDoS,DoS/DDoS,0.0,0.0,1.0,0.0,0.0
2407,Brute Force,Brute Force,0.0,1.0,0.0,0.0,0.0
2408,DoS/DDoS,DoS/DDoS,0.0,0.0,1.0,0.0,0.0
2409,DoS/DDoS,DoS/DDoS,0.0,0.0,0.9994360078834549,0.0005639921165450961,0.0
2410,DoS/DDoS,DoS/DDoS,0.0,0.0,1.0,0.0,0.0
2411,DoS/DDoS,DoS/DDoS,0.0,0.0,1.0,0.0,0.0
2412,Normal,Normal,0.0,6.819473810748967e-06,0.0,0.9999931805261891,0.0
2413,Brute Force,Brute Force,0.0,0.9933676477670427,0.0,0.006632352232957269,0.0
2414,DoS/DDoS,DoS/DDoS,0.0,0.0,1.0,0.0,0.0
2415,Normal,Normal,0.0,6.819473810748967e-06,0.0,0.9999931805261891,0.0
2416,DoS/DDoS,DoS/DDoS,0.0,0.0,1.0,0.0,0.0
2417,Normal,Normal,0.0,6.819473810748967e-06,0.0,0.9999931805261891,0.0
2418,Normal,Normal,0.0,0.0,0.0,1.0,0.0
2419,Normal,Normal,0.0,0.03980852635217952,0.06675565520150893,0.8934358184463116,0.0
2420,Normal,Normal,0.0,0.0,0.0,1.0,0.0
2421,Normal,Normal,0.0,0.0,0.0,1.0,0.0
2422,Normal,Bot,0.943575492691303,0.0,0.00010474303355153435,0.05631976427514547,0.0
2423,Bot,Bot,0.9962640786536692,0.0,5.39913091401014e-06,0.0037305222154170596,0.0
2424,DoS/DDoS,DoS/DDoS,0.0,0.0,1.0,0.0,0.0
2425,Normal,Normal,0.0,6.819473810748967e-06,0.0,0.9999931805261891,0.0
2426,DoS/DDoS,DoS/DDoS,0.0,0.0,1.0,0.0,0.0
2427,Normal,Normal,0.0,0.0,0.0,1.0,0.0
2428,DoS/DDoS,DoS/DDoS,0.0,0.0,1.0,0.0,0.0
2429,Brute Force,Brute Force,0.0,0.884410681785398,0.00037865738613959845,0.0026061655969663055,0.1126044952314961
2430,Normal,Normal,0.0010252159614789497,0.03951034205111623,0.004055791570993761,0.917896616658072,0.037512033758338795
2431,Brute Force,Brute Force,0.0,0.885647406549773,0.00037865738613959845,0.001090389442837566,0.11288354662124966
2432,DoS/DDoS,DoS/DDoS,0.0,0.0,1.0,0.0,0.0
2433,DoS/DDoS,DoS/DDoS,0.0,0.0,0.9998865803330991,0.00011341966690102105,0.0
2434,Bot,Bot,1.0,0.0,0.0,0.0,0.0
2435,DoS/DDoS,DoS/DDoS,0.0,0.0,0.9968580961413173,0.0031419038586828953,0.0
2436,Brute Force,Brute Force,0.0,0.8886903745707118,0.00037865738613959845,0.007998295695486365,0.10293267234766207
2437,Normal,Normal,0.0,6.819473810748967e-06,0.0,0.9999931805261891,0.0
2438,Normal,Normal,0.0,6.819473810748967e-06,0.0,0.9999931805261891,0.0
2439,Normal,Normal,0.0,6.819473810748967e-06,0.0,0.9999931805261891,0.0
2440,DoS/DDoS,DoS/DDoS,0.0,0.0,1.0,0.0,0.0
2441,Normal,Normal,0.0,6.819473810748967e-06,0.0,0.9999931805261891,0.0
2442,Normal,Normal,0.0,6.819473810748967e-06,0.0,0.9999931805261891,0.0
2443,Normal,Normal,0.00010988690357994182,0.015505807588643712,0.040123870308778925,0.8862762648648536,0.05798417033414374
2444,Normal,Normal,0.0,0.0,0.0,1.0,0.0
2445,DoS/DDoS,DoS/DDoS,0.0,0.0,1.0,0.0,0.0
2446,DoS/DDoS,DoS/DDoS,0.0,0.0,1.0,0.0,0.0
2447,DoS/DDoS,DoS/DDoS,0.0,0.0,0.989348558770945,0.010651441229055257,0.0
2448,Normal,Normal,0.0,0.0,0.00500572655690766,0.9949942734430922,0.0
2449,Normal,Normal,0.09862312582774066,0.0,0.000796061104242402,0.9005808130680171,0.0
2450,Brute Force,Brute Force,0.0,1.0,0.0,0.0,0.0
2451,Normal,Normal,0.0,6.819473810748967e-06,0.0,0.9999931805261891,0.0
2452,Brute Force,Brute Force,0.0,0.9999754714906288,0.0,2.452850937120762e-05,0.0
2453,Brute Force,Brute Force,0.0,1.0,0.0,0.0,0.0
2454,Normal,Normal,0.0,0.0,0.0,1.0,0.0
2455,Normal,Bot,0.7609587313819369,0.0,0.00010474303355153435,0.238936525584511,0.0
2456,Brute Force,Brute Force,0.0,0.9999754714906288,0.0,2.452850937120762e-05,0.0
2457,DoS/DDoS,DoS/DDoS,0.0,0.0,1.0,0.0,0.0
2458,DoS/DDoS,DoS/DDoS,0.0,0.0,1.0,0.0,0.0
2459,DoS/DDoS,DoS/DDoS,0.0,0.0,0.9994389958886832,0.0005610041113167833,0.0
2460,DoS/DDoS,DoS/DDoS,0.0,0.0,1.0,0.0,0.0
2461,DoS/DDoS,DoS/DDoS,0.0,0.0,1.0,0.0,0.0
2462,Normal,Normal,0.0,6.819473810748967e-06,0.0,0.9999931805261891,0.0
2463,Brute Force,Brute Force,0.0,1.0,0.0,0.0,0.0
2464,Normal,Normal,0.03732661585408872,0.0,0.0,0.9626733841459112,0.0
2465,Normal,Normal,0.0,6.819473810748967e-06,0.0,0.9999931805261891,0.0
2466,Normal,Normal,0.01770411607175686,0.0,0.000925705479276787,0.9813701784489665,0.0
2467,DoS/DDoS,DoS/DDoS,0.0,0.0,1.0,0.0,0.0
2468,Normal,Normal,0.0,6.819473810748967e-06,0.0,0.9999931805261891,0.0
2469,Brute Force,Brute Force,0.0,0.9999754714906288,0.0,2.452850937120762e-05,0.0
2470,DoS/DDoS,DoS/DDoS,0.0,0.0,1.0,0.0,0.0
2471,Normal,Normal,0.0,0.0,0.0,1.0,0.0
2472,DoS/DDoS,DoS/DDoS,0.0,0.0,1.0,0.0,0.0
2473,Brute Force,Brute Force,0.0,0.9999754714906288,0.0,2.452850937120762e-05,0.0
2474,DoS/DDoS,DoS/DDoS,0.0,0.0,1.0,0.0,0.0
2475,Normal,Normal,0.0010252159614789497,0.03951034205111623,0.004055791570993761,0.917896616658072,0.037512033758338795
2476,Brute Force,Web Attack,0.0,0.42511785692619797,0.0004255609830866665,0.003346708294368296,0.5711098737963468
2477,Normal,Normal,0.0,6.819473810748967e-06,0.0,0.9999931805261891,0.0
2478,DoS/DDoS,DoS/DDoS,0.0,0.0,0.9981738479172552,0.0018261520827449046,0.0
2479,Brute Force,Brute Force,0.0,0.9999754714906288,0.0,2.452850937120762e-05,0.0
2480,Brute Force,Brute Force,0.0,1.0,0.0,0.0,0.0
2481,Normal,Normal,0.0,6.819473810748967e-06,0.0,0.9999931805261891,0.0
2482,Normal,Normal,0.0,6.819473810748967e-06,0.0,0.9999931805261891,0.0
2483,Normal,Bot,0.9536779011390705,0.0,0.00010474303355153435,0.046217355827377904,0.0
2484,Normal,Normal,0.0,0.0,0.01,0.99,0.0
2485,Brute Force,Brute Force,0.00032907647963916875,0.8143775198950687,0.009900706119193418,0.0901561238119944,0.08523657369410437
2486,Normal,Normal,0.0,0.09585386731234789,0.05155472624767641,0.7007051750526587,0.15188623138731697
2487,DoS/DDoS,DoS/DDoS,0.0,0.0,1.0,0.0,0.0
2488,Normal,Normal,0.0,0.0,0.0,1.0,0.0
2489,DoS/DDoS,DoS/DDoS,0.0,0.0,1.0,0.0,0.0
2490,Normal,Normal,0.0,6.819473810748967e-06,0.0,0.9999931805261891,0.0
2491,DoS/DDoS,DoS/DDoS,0.0,0.0,1.0,0.0,0.0
2492,Brute Force,Brute Force,0.0,1.0,0.0,0.0,0.0
2493,Brute Force,Brute Force,0.0,1.0,0.0,0.0,0.0
2494,Normal,Normal,0.0,6.819473810748967e-06,0.0,0.9999931805261891,0.0
2495,Normal,Normal,0.0,6.819473810748967e-06,0.0,0.9999931805261891,0.0
2496,Brute Force,Brute Force,0.0,1.0,0.0,0.0,0.0
2497,Bot,Bot,1.0,0.0,0.0,0.0,0.0
2498,DoS/DDoS,DoS/DDoS,0.0,0.0,1.0,0.0,0.0
2499,DoS/DDoS,DoS/DDoS,0.0,0.0,1.0,0.0,0.0
2500,Normal,Normal,0.0,6.819473810748967e-06,0.0,0.9999931805261891,0.0
2501,Normal,Normal,0.0,6.819473810748967e-06,0.0,0.9999931805261891,0.0
2502,DoS/DDoS,DoS/DDoS,0.0,0.0,1.0,0.0,0.0
2503,Normal,Normal,0.0,6.819473810748967e-06,0.0,0.9999931805261891,0.0
2504,Brute Force,Brute Force,0.0,1.0,0.0,0.0,0.0
2505,DoS/DDoS,DoS/DDoS,0.0,0.0,1.0,0.0,0.0
2506,Normal,Normal,0.0,6.819473810748967e-06,0.0,0.9999931805261891,0.0
2507,Normal,Normal,0.0,6.819473810748967e-06,0.0,0.9999931805261891,0.0
2508,DoS/DDoS,DoS/DDoS,0.0,0.0,1.0,0.0,0.0
2509,Normal,Normal,0.0010252159614789497,0.03951034205111623,0.004055791570993761,0.917896616658072,0.037512033758338795
2510,DoS/DDoS,DoS/DDoS,0.0,0.0,1.0,0.0,0.0
2511,Brute Force,Brute Force,0.0,1.0,0.0,0.0,0.0
2512,Brute Force,Brute Force,0.0,1.0,0.0,0.0,0.0
2513,Normal,Normal,0.0,0.0,0.0,1.0,0.0
2514,DoS/DDoS,DoS/DDoS,0.0,0.0,1.0,0.0,0.0
2515,Normal,Normal,0.0,6.819473810748967e-06,0.0,0.9999931805261891,0.0
2516,DoS/DDoS,DoS/DDoS,0.0,0.0,1.0,0.0,0.0
2517,Bot,Bot,0.9418665819312269,0.0,0.00010474303355153435,0.05802867503522156,0.0
2518,Normal,Normal,0.0,6.819473810748967e-06,0.0,0.9999931805261891,0.0
2519,Brute Force,Brute Force,0.0,0.9999754714906288,0.0,2.452850937120762e-05,0.0
2520,Brute Force,Brute Force,0.0,1.0,0.0,0.0,0.0
2521,Normal,Normal,0.0,6.819473810748967e-06,0.0,0.9999931805261891,0.0
2522,DoS/DDoS,DoS/DDoS,0.0,0.0,1.0,0.0,0.0
2523,DoS/DDoS,DoS/DDoS,0.0,0.0,1.0,0.0,0.0
2524,DoS/DDoS,DoS/DDoS,0.0,0.0,1.0,0.0,0.0
2525,Brute Force,Brute Force,0.0,1.0,0.0,0.0,0.0
2526,DoS/DDoS,DoS/DDoS,0.0,0.0001543506670166707,0.9967352685496291,0.003110380783354333,0.0
2527,DoS/DDoS,DoS/DDoS,0.0,0.0,0.9968580961413173,0.0031419038586828953,0.0
2528,DoS/DDoS,DoS/DDoS,0.0,0.0,1.0,0.0,0.0
2529,Normal,Normal,0.0,6.819473810748967e-06,0.0,0.9999931805261891,0.0
2530,DoS/DDoS,DoS/DDoS,0.0,0.0,1.0,0.0,0.0
2531,DoS/DDoS,DoS/DDoS,0.0,0.0,1.0,0.0,0.0
2532,Brute Force,Brute Force,0.0,0.9999754714906288,0.0,2.452850937120762e-05,0.0
2533,DoS/DDoS,DoS/DDoS,0.0,0.0,1.0,0.0,0.0
2534,DoS/DDoS,DoS/DDoS,0.0,0.0,1.0,0.0,0.0
2535,DoS/DDoS,DoS/DDoS,0.0,0.0,1.0,0.0,0.0
2536,DoS/DDoS,DoS/DDoS,0.0,0.0,1.0,0.0,0.0
2537,DoS/DDoS,DoS/DDoS,0.0,0.0,1.0,0.0,0.0
2538,Normal,Normal,0.0,6.819473810748967e-06,0.0,0.9999931805261891,0.0
2539,Normal,Normal,0.0,6.819473810748967e-06,0.0,0.9999931805261891,0.0
2540,Normal,Normal,0.0,0.0,0.0,1.0,0.0
2541,DoS/DDoS,DoS/DDoS,0.0,0.0,1.0,0.0,0.0
2542,Brute Force,Web Attack,0.0,0.058908072144836315,0.0004985439319532886,0.001974640975137923,0.9386187429480722
2543,DoS/DDoS,DoS/DDoS,0.0,0.0,1.0,0.0,0.0
2544,Brute Force,Brute Force,0.0,0.9999754714906288,0.0,2.452850937120762e-05,0.0
2545,Normal,Normal,0.0010252159614789497,0.03951034205111623,0.004055791570993761,0.917896616658072,0.037512033758338795
2546,Normal,Normal,0.0,6.819473810748967e-06,0.0,0.9999931805261891,0.0
2547,DoS/DDoS,DoS/DDoS,0.0,0.0,0.9997557786241573,0.0002442213758426344,0.0
2548,DoS/DDoS,DoS/DDoS,0.0,0.0,0.9999126761156112,8.732388438904994e-05,0.0
2549,Brute Force,Brute Force,0.0,1.0,0.0,0.0,0.0
2550,Brute Force,Brute Force,0.0,1.0,0.0,0.0,0.0
2551,Normal,Normal,0.0010252159614789497,0.03951034205111623,0.004055791570993761,0.917896616658072,0.037512033758338795
2552,Brute Force,Brute Force,0.0,1.0,0.0,0.0,0.0
2553,DoS/DDoS,DoS/DDoS,0.0,0.0,1.0,0.0,0.0
2554,DoS/DDoS,DoS/DDoS,0.0,0.0,1.0,0.0,0.0
2555,DoS/DDoS,DoS/DDoS,0.0,0.0,1.0,0.0,0.0
2556,Normal,Normal,0.0,6.819473810748967e-06,0.0,0.9999931805261891,0.0
2557,Normal,Normal,0.01770411607175686,0.0,0.007020580113564213,0.975275303814679,0.0
2558,Brute Force,Brute Force,0.0,1.0,0.0,0.0,0.0
2559,DoS/DDoS,DoS/DDoS,0.0,0.0,1.0,0.0,0.0
2560,Normal,Normal,0.15477880328783214,0.008273442424754173,0.0007946972990394691,0.8290630048371959,0.007090052151178238
2561,Normal,Normal,0.0,6.819473810748967e-06,0.0,0.9999931805261891,0.0
2562,Brute Force,Brute Force,0.0,0.9999754714906288,0.0,2.452850937120762e-05,0.0
2563,Brute Force,Brute Force,0.0,1.0,0.0,0.0,0.0
2564,Normal,Normal,0.00032907647963916875,0.025613920902158017,0.011658143871144267,0.9046430539912003,0.057755804755858266
2565,DoS/DDoS,DoS/DDoS,0.0,0.0,1.0,0.0,0.0
2566,Brute Force,Brute Force,0.0,1.0,0.0,0.0,0.0
2567,Normal,Normal,0.0,0.0,0.0,1.0,0.0
2568,DoS/DDoS,DoS/DDoS,0.0,0.0,0.9950440040068689,0.004955995993131082,0.0
2569,Brute Force,Brute Force,0.0,1.0,0.0,0.0,0.0
2570,DoS/DDoS,DoS/DDoS,0.0,0.0,1.0,0.0,0.0
2571,Brute Force,Brute Force,0.0,1.0,0.0,0.0,0.0
2572,DoS/DDoS,DoS/DDoS,0.0,0.0,1.0,0.0,0.0
2573,Normal,Normal,0.0,0.0,0.0,1.0,0.0
2574,Brute Force,Brute Force,0.0,1.0,0.0,0.0,0.0
2575,Brute Force,Brute Force,0.0,1.0,0.0,0.0,0.0
2576,Brute Force,Brute Force,0.0,1.0,0.0,0.0,0.0
2577,Brute Force,Brute Force,0.0,0.9979142792944613,0.0,0.0020857207055387035,0.0
2578,Normal,Bot,0.872479031807642,0.0,0.00010474303355153435,0.12741622515880635,0.0
2579,Normal,Normal,0.0,0.0,0.0,1.0,0.0
2580,Normal,Normal,0.0,6.819473810748967e-06,0.0,0.9999931805261891,0.0
2581,Brute Force,Brute Force,0.0,0.9999754714906288,0.0,2.452850937120762e-05,0.0
2582,Normal,Normal,0.0,6.819473810748967e-06,0.0,0.9999931805261891,0.0
2583,Normal,Normal,0.0,6.819473810748967e-06,0.0,0.9999931805261891,0.0
2584,DoS/DDoS,DoS/DDoS,0.0,0.0,1.0,0.0,0.0
2585,Brute Force,Brute Force,0.0,1.0,0.0,0.0,0.0
2586,Brute Force,Brute Force,0.0,1.0,0.0,0.0,0.0
2587,DoS/DDoS,DoS/DDoS,0.0,0.0,1.0,0.0,0.0
2588,Normal,Normal,0.0,6.819473810748967e-06,0.0,0.9999931805261891,0.0
2589,Normal,Normal,0.0,6.819473810748967e-06,0.0,0.9999931805261891,0.0
2590,DoS/DDoS,DoS/DDoS,0.0,0.0,1.0,0.0,0.0
2591,Brute Force,Brute Force,0.0,1.0,0.0,0.0,0.0
2592,Normal,Normal,0.0,6.819473810748967e-06,0.0,0.9999931805261891,0.0
2593,Normal,Normal,0.0,6.819473810748967e-06,0.0,0.9999931805261891,0.0
2594,DoS/DDoS,DoS/DDoS,0.0,0.0,1.0,0.0,0.0
2595,DoS/DDoS,DoS/DDoS,0.0,0.0,1.0,0.0,0.0
2596,Brute Force,Brute Force,0.0,1.0,0.0,0.0,0.0
2597,DoS/DDoS,DoS/DDoS,0.0,0.0,1.0,0.0,0.0
2598,Web Attack,Web Attack,0.0,0.19275377210083733,0.00043546273942595337,0.0020869054568477523,0.8047238597028888
2599,Normal,Normal,0.0010252159614789497,0.03951034205111623,0.004055791570993761,0.917896616658072,0.037512033758338795
2600,Brute Force,Brute Force,0.00032907647963916875,0.8143775198950687,0.009900706119193418,0.0901561238119944,0.08523657369410437
2601,DoS/DDoS,DoS/DDoS,0.0,0.0,1.0,0.0,0.0
2602,DoS/DDoS,DoS/DDoS,0.0,0.0,1.0,0.0,0.0
2603,DoS/DDoS,DoS/DDoS,0.0,0.0,1.0,0.0,0.0
2604,Brute Force,Brute Force,0.0,1.0,0.0,0.0,0.0
2605,DoS/DDoS,DoS/DDoS,0.0,0.0,1.0,0.0,0.0
2606,DoS/DDoS,DoS/DDoS,0.0,0.0,1.0,0.0,0.0
2607,DoS/DDoS,DoS/DDoS,0.0,0.0,1.0,0.0,0.0
2608,DoS/DDoS,DoS/DDoS,0.0,0.0,1.0,0.0,0.0
2609,DoS/DDoS,DoS/DDoS,0.0,0.0,1.0,0.0,0.0
2610,Normal,Normal,0.0010252159614789497,0.03951034205111623,0.004055791570993761,0.917896616658072,0.037512033758338795
2611,DoS/DDoS,DoS/DDoS,0.0,0.0,1.0,0.0,0.0
2612,Normal,Normal,0.0,0.0,0.0,1.0,0.0
2613,Brute Force,Brute Force,0.0,1.0,0.0,0.0,0.0
2614,DoS/DDoS,DoS/DDoS,0.0,0.0,1.0,0.0,0.0
2615,Normal,Normal,0.0,0.0,0.0049894306904088,0.9950105693095912,0.0
2616,DoS/DDoS,DoS/DDoS,0.0,0.0,1.0,0.0,0.0
2617,Normal,Normal,0.0,0.0,0.0,1.0,0.0
2618,Normal,Normal,0.0,6.819473810748967e-06,0.0,0.9999931805261891,0.0
2619,Brute Force,Brute Force,0.0,1.0,0.0,0.0,0.0
2620,Normal,Normal,0.0010252159614789497,0.03951034205111623,0.004055791570993761,0.917896616658072,0.037512033758338795
2621,DoS/DDoS,DoS/DDoS,0.0,0.0,1.0,0.0,0.0
2622,Normal,Normal,0.0,6.819473810748967e-06,0.0,0.9999931805261891,0.0
2623,Normal,Normal,0.0,0.0,0.0,1.0,0.0
2624,Normal,Normal,0.0,0.0,0.01766433875382605,0.9823356612461741,0.0
2625,Brute Force,Brute Force,0.0,0.9999754714906288,0.0,2.452850937120762e-05,0.0
2626,Normal,Normal,0.0,0.006552713251199097,0.09563623144624199,0.8978110553025589,0.0
2627,Normal,Normal,0.0004243179504733845,0.008273442424754173,0.0032860406356282996,0.980926146837966,0.007090052151178238
2628,DoS/DDoS,DoS/DDoS,0.0,0.0,1.0,0.0,0.0
2629,DoS/DDoS,DoS/DDoS,0.0,0.0,0.9948921111091918,0.005107888890808245,0.0
2630,Brute Force,Brute Force,0.0,0.9999754714906288,0.0,2.452850937120762e-05,0.0
2631,DoS/DDoS,DoS/DDoS,0.0,0.0,1.0,0.0,0.0
2632,Brute Force,Brute Force,0.0,1.0,0.0,0.0,0.0
2633,Brute Force,Brute Force,0.0,1.0,0.0,0.0,0.0
2634,DoS/DDoS,DoS/DDoS,0.0,0.0,1.0,0.0,0.0
2635,DoS/DDoS,DoS/DDoS,0.0,0.0,0.9998865803330991,0.00011341966690102105,0.0
2636,Normal,Normal,0.0,0.0,0.0033382513921279334,0.996661748607872,0.0
2637,Brute Force,Brute Force,0.0,0.6037110165411422,0.0021698124868311354,0.06947312953179724,0.3246460414402293
2638,Normal,Normal,0.0,0.0,0.0,1.0,0.0
2639,Normal,Normal,0.0,0.0,0.0,1.0,0.0
2640,Normal,Normal,0.0,0.0,0.16963172749806296,0.830368272501937,0.0
2641,DoS/DDoS,DoS/DDoS,0.0,0.0,1.0,0.0,0.0
2642,Normal,Normal,0.3473462624390153,0.0,0.0010709821641083216,0.6515827553968765,0.0
2643,Normal,Normal,0.0,0.0,0.0,1.0,0.0
2644,Bot,Bot,1.0,0.0,0.0,0.0,0.0
2645,Normal,Normal,0.0,0.0,0.0,1.0,0.0
2646,DoS/DDoS,DoS/DDoS,0.0,0.0,1.0,0.0,0.0
2647,Normal,Normal,0.0,6.819473810748967e-06,0.0,0.9999931805261891,0.0
2648,DoS/DDoS,DoS/DDoS,0.0,0.0,1.0,0.0,0.0
2649,DoS/DDoS,DoS/DDoS,0.0,0.0,1.0,0.0,0.0
2650,Web Attack,Web Attack,0.0,0.0,0.0,0.03110677309869299,0.968893226901307
2651,DoS/DDoS,DoS/DDoS,0.0,0.0,1.0,0.0,0.0
2652,Brute Force,Brute Force,0.0,1.0,0.0,0.0,0.0
2653,Normal,Normal,0.0,0.00481232220911677,0.005955265610438024,0.9892324121804452,0.0
2654,DoS/DDoS,DoS/DDoS,0.0,0.0,1.0,0.0,0.0
2655,Normal,Bot,0.9536779011390705,0.0,0.00010474303355153435,0.046217355827377904,0.0
2656,Normal,Normal,0.0,6.819473810748967e-06,0.0,0.9999931805261891,0.0
2657,DoS/DDoS,DoS/DDoS,0.0,0.0036948219668649523,0.926325068290692,0.057273660948031824,0.012706448794411183
2658,Brute Force,Brute Force,0.0,1.0,0.0,0.0,0.0
2659,Normal,Normal,0.0,0.014396516916534173,0.22083574883447754,0.7453821865774379,0.019385547671550273
2660,Brute Force,Brute Force,0.0,1.0,0.0,0.0,0.0
2661,DoS/DDoS,DoS/DDoS,0.0,0.0,1.0,0.0,0.0
2662,Normal,Normal,0.0010252159614789497,0.03951034205111623,0.004055791570993761,0.917896616658072,0.037512033758338795
2663,Normal,Normal,0.0,0.0,0.0003044502856662869,0.9996955497143337,0.0
2664,DoS/DDoS,DoS/DDoS,0.0,0.0,1.0,0.0,0.0
2665,Normal,Normal,0.0,6.819473810748967e-06,0.0,0.9999931805261891,0.0
2666,DoS/DDoS,DoS/DDoS,0.0,0.0,1.0,0.0,0.0
2667,DoS/DDoS,DoS/DDoS,0.0,0.0,1.0,0.0,0.0
2668,DoS/DDoS,DoS/DDoS,0.0,0.0,1.0,0.0,0.0
2669,Web Attack,Web Attack,0.0,0.4017155949214827,0.0004169715476717681,0.0012090654546105962,0.5966583680762347
2670,DoS/DDoS,DoS/DDoS,0.0,0.0,1.0,0.0,0.0
2671,Brute Force,Brute Force,0.0,0.9999754714906288,0.0,2.452850937120762e-05,0.0
2672,Normal,Normal,0.0,0.0,0.03293187737893775,0.9670681226210622,0.0
2673,Bot,Bot,0.999928535227931,0.0,5.39913091401014e-06,6.606564115514711e-05,0.0
2674,DoS/DDoS,DoS/DDoS,0.0,0.0,1.0,0.0,0.0
2675,Web Attack,Web Attack,0.0,0.02131550798240588,0.0004402115070105195,0.0016083608107585485,0.9766359196998249
2676,Normal,Normal,0.0,0.0,0.0,1.0,0.0
2677,DoS/DDoS,DoS/DDoS,0.0,0.0,0.9999915125871316,8.487412868436374e-06,0.0
2678,DoS/DDoS,DoS/DDoS,0.0,0.0,1.0,0.0,0.0
2679,Normal,Normal,0.0,0.0,0.0,1.0,0.0
2680,DoS/DDoS,DoS/DDoS,0.0,0.0,0.9999915125871316,8.487412868436374e-06,0.0
2681,Normal,Normal,0.0,6.819473810748967e-06,0.0,0.9999931805261891,0.0
2682,DoS/DDoS,DoS/DDoS,0.0,0.0,1.0,0.0,0.0
2683,Normal,Normal,0.0,0.0,0.0,1.0,0.0
2684,DoS/DDoS,DoS/DDoS,0.0,0.0,1.0,0.0,0.0
2685,Brute Force,Brute Force,0.0,1.0,0.0,0.0,0.0
2686,DoS/DDoS,DoS/DDoS,0.0,0.0,1.0,0.0,0.0
2687,Brute Force,Brute Force,0.0,1.0,0.0,0.0,0.0
2688,Normal,Normal,0.18280391698657453,0.0,5.5998206946025015e-05,0.8171400848064796,0.0
2689,Normal,Normal,0.0,0.0,0.0,1.0,0.0
2690,Brute Force,Brute Force,0.0,1.0,0.0,0.0,0.0
2691,Normal,Normal,0.0,0.0,0.0,1.0,0.0
2692,DoS/DDoS,DoS/DDoS,0.0,0.014970296357590366,0.9360582779521749,0.019375893018960106,0.029595532671274623
2693,DoS/DDoS,DoS/DDoS,0.0,0.0,1.0,0.0,0.0
2694,Normal,Normal,0.0,6.819473810748967e-06,0.0,0.9999931805261891,0.0
2695,DoS/DDoS,DoS/DDoS,0.0,0.0,1.0,0.0,0.0
2696,DoS/DDoS,DoS/DDoS,0.0,0.0,1.0,0.0,0.0
2697,DoS/DDoS,DoS/DDoS,0.0,0.0,1.0,0.0,0.0
2698,DoS/DDoS,DoS/DDoS,0.0,0.0,1.0,0.0,0.0
2699,Normal,Normal,0.0,6.819473810748967e-06,0.0,0.9999931805261891,0.0
2700,DoS/DDoS,DoS/DDoS,0.0,0.0,1.0,0.0,0.0
2701,Brute Force,Brute Force,0.0,1.0,0.0,0.0,0.0
2702,DoS/DDoS,DoS/DDoS,0.0,0.0,1.0,0.0,0.0
2703,Normal,Normal,0.0,0.0,0.0,1.0,0.0
2704,Normal,Normal,0.0,6.819473810748967e-06,0.0,0.9999931805261891,0.0
2705,Brute Force,Brute Force,0.0,1.0,0.0,0.0,0.0
2706,Brute Force,Brute Force,0.0,1.0,0.0,0.0,0.0
2707,DoS/DDoS,DoS/DDoS,0.0,0.0,1.0,0.0,0.0
2708,DoS/DDoS,DoS/DDoS,0.0,0.0,1.0,0.0,0.0
2709,DoS/DDoS,DoS/DDoS,0.0,0.0,0.9998865803330991,0.00011341966690102105,0.0
2710,Normal,Normal,0.0,0.0,3.273209551560448e-05,0.9999672679044843,0.0
2711,Normal,Normal,0.0,0.0,0.0003903588054569994,0.999609641194543,0.0
2712,DoS/DDoS,DoS/DDoS,0.0,0.0,0.9999126761156112,8.732388438904994e-05,0.0
2713,DoS/DDoS,DoS/DDoS,0.0,0.0,1.0,0.0,0.0
2714,DoS/DDoS,DoS/DDoS,0.0,0.0,1.0,0.0,0.0
2715,Normal,Normal,0.0,0.0,0.0,1.0,0.0
2716,DoS/DDoS,DoS/DDoS,0.0,0.0,1.0,0.0,0.0
2717,Normal,Normal,0.0,6.819473810748967e-06,0.0,0.9999931805261891,0.0
2718,DoS/DDoS,DoS/DDoS,0.0,0.0,1.0,0.0,0.0
2719,DoS/DDoS,DoS/DDoS,0.0,0.0031333302798516004,0.9281113893050759,0.06875528041507237,0.0
2720,Normal,Normal,0.0,6.819473810748967e-06,0.0,0.9999931805261891,0.0
2721,DoS/DDoS,DoS/DDoS,0.0,0.0,1.0,0.0,0.0
2722,DoS/DDoS,DoS/DDoS,0.0,0.0,1.0,0.0,0.0
2723,Normal,Normal,0.0,0.0,3.273209551560448e-05,0.9999672679044843,0.0
2724,DoS/DDoS,DoS/DDoS,0.0,0.0,1.0,0.0,0.0
2725,DoS/DDoS,DoS/DDoS,0.0,0.0,1.0,0.0,0.0
2726,Normal,Normal,0.0,0.0,0.012514336757481016,0.987485663242519,0.0
2727,Normal,Normal,0.0,0.00481232220911677,0.0,0.9951876777908832,0.0
2728,DoS/DDoS,DoS/DDoS,0.0,0.0,1.0,0.0,0.0
2729,DoS/DDoS,DoS/DDoS,0.0,0.0,1.0,0.0,0.0
2730,Normal,Normal,0.0,6.819473810748967e-06,0.0011741719155087,0.9988190086106806,0.0
2731,DoS/DDoS,DoS/DDoS,0.0,0.0,1.0,0.0,0.0
2732,Brute Force,Brute Force,0.00032907647963916875,0.8143775198950687,0.009900706119193418,0.0901561238119944,0.08523657369410437
2733,Normal,Normal,0.0,6.819473810748967e-06,0.0,0.9999931805261891,0.0
2734,DoS/DDoS,DoS/DDoS,0.0,0.0,1.0,0.0,0.0
2735,Brute Force,Web Attack,0.0,0.36883818500568516,0.0004186102716035083,0.009962040043271485,0.6207811646794394
2736,Normal,Normal,0.0,6.819473810748967e-06,0.0,0.9999931805261891,0.0
2737,Brute Force,Brute Force,0.00032907647963916875,0.8143775198950687,0.009900706119193418,0.0901561238119944,0.08523657369410437
2738,Normal,Normal,0.0,6.819473810748967e-06,0.0,0.9999931805261891,0.0
2739,Brute Force,Brute Force,0.0,0.9999754714906288,0.0,2.452850937120762e-05,0.0
2740,Normal,Normal,0.0,0.0,0.0,1.0,0.0
2741,DoS/DDoS,DoS/DDoS,0.0,0.0,0.8929796387241018,0.1070203612758983,0.0
2742,DoS/DDoS,DoS/DDoS,0.0,0.0,1.0,0.0,0.0
2743,Brute Force,Brute Force,0.0,1.0,0.0,0.0,0.0
2744,Normal,Normal,0.00010988690357994182,0.002276730837940569,0.035819659719553,0.9531225814066298,0.008671141132296722
2745,Brute Force,Brute Force,0.0,1.0,0.0,0.0,0.0
2746,DoS/DDoS,DoS/DDoS,0.0,0.0,1.0,0.0,0.0
2747,Brute Force,Brute Force,0.0,1.0,0.0,0.0,0.0
2748,DoS/DDoS,DoS/DDoS,0.0,0.0,0.8173246924199372,0.18267530758006273,0.0
2749,Normal,Normal,0.0,6.819473810748967e-06,0.0,0.9999931805261891,0.0
2750,Normal,Normal,0.0,0.001597226202074618,0.0,0.9984027737979254,0.0
2751,Brute Force,Brute Force,0.0,1.0,0.0,0.0,0.0
2752,DoS/DDoS,DoS/DDoS,0.0,0.0,1.0,0.0,0.0
2753,Web Attack,Web Attack,0.0,0.20461078610071262,0.0004205368348072181,0.0033208709534368287,0.7916478061110432
2754,DoS/DDoS,DoS/DDoS,0.0,0.0,1.0,0.0,0.0
2755,Normal,Normal,0.0,0.0,0.0,1.0,0.0
2756,Bot,Bot,1.0,0.0,0.0,0.0,0.0
2757,Normal,Normal,0.0,0.0,0.0,1.0,0.0
2758,DoS/DDoS,DoS/DDoS,0.0,0.0,1.0,0.0,0.0
2759,Normal,Normal,0.0,0.0,0.0,1.0,0.0
2760,DoS/DDoS,DoS/DDoS,0.0,0.0,1.0,0.0,0.0
2761,Normal,Normal,0.0,6.819473810748967e-06,0.0,0.9999931805261891,0.0
2762,Normal,Normal,0.0,6.819473810748967e-06,0.0,0.9999931805261891,0.0
2763,Normal,Normal,0.0,6.819473810748967e-06,0.0,0.9999931805261891,0.0
2764,DoS/DDoS,DoS/DDoS,0.0,0.0,1.0,0.0,0.0
2765,Brute Force,Brute Force,0.0,1.0,0.0,0.0,0.0
2766,Brute Force,Brute Force,0.0,0.9999754714906288,0.0,2.452850937120762e-05,0.0
2767,DoS/DDoS,DoS/DDoS,0.0,0.0,1.0,0.0,0.0
2768,Normal,Normal,0.0,0.0386389182582136,0.10416213568707745,0.8475325762526948,0.009666369802014112
2769,Normal,Normal,0.0,6.819473810748967e-06,0.0,0.9999931805261891,0.0
2770,DoS/DDoS,DoS/DDoS,0.0,0.0,1.0,0.0,0.0
2771,Normal,Normal,0.0,6.819473810748967e-06,0.0,0.9999931805261891,0.0
2772,DoS/DDoS,DoS/DDoS,0.0,0.0,1.0,0.0,0.0
2773,DoS/DDoS,DoS/DDoS,0.0,0.0,1.0,0.0,0.0
2774,Normal,Normal,0.0,0.0,0.0,1.0,0.0
2775,Normal,Normal,0.1152804387563554,0.011837241031424051,0.0014166636957555017,0.8627945153841682,0.008671141132296722
2776,DoS/DDoS,DoS/DDoS,0.0,0.0,1.0,0.0,0.0
2777,DoS/DDoS,DoS/DDoS,0.0,0.0,1.0,0.0,0.0
2778,DoS/DDoS,DoS/DDoS,0.0,0.0,1.0,0.0,0.0
2779,DoS/DDoS,DoS/DDoS,0.0,0.0,1.0,0.0,0.0
2780,Brute Force,Brute Force,0.0,1.0,0.0,0.0,0.0
2781,DoS/DDoS,DoS/DDoS,0.0,0.0,1.0,0.0,0.0
2782,DoS/DDoS,DoS/DDoS,0.0,0.0,1.0,0.0,0.0
2783,Brute Force,Brute Force,0.0,1.0,0.0,0.0,0.0
2784,DoS/DDoS,DoS/DDoS,0.0,0.0,0.9888616381888492,0.011138361811150903,0.0
2785,DoS/DDoS,DoS/DDoS,0.0,0.0,1.0,0.0,0.0
2786,DoS/DDoS,DoS/DDoS,0.0,0.0,1.0,0.0,0.0
2787,Brute Force,Brute Force,0.0,0.6606933753807276,0.0004985439319532886,0.004058824070537878,0.33474925661678084
2788,DoS/DDoS,DoS/DDoS,0.0,0.0,1.0,0.0,0.0
2789,Brute Force,Brute Force,0.0,1.0,0.0,0.0,0.0
2790,DoS/DDoS,DoS/DDoS,0.0,0.0,1.0,0.0,0.0
2791,DoS/DDoS,DoS/DDoS,0.0,0.0,1.0,0.0,0.0
2792,DoS/DDoS,DoS/DDoS,0.0,0.0,1.0,0.0,0.0
2793,Normal,Normal,0.0,6.819473810748967e-06,0.0,0.9999931805261891,0.0
2794,Bot,Bot,0.9422846648313152,0.0,0.00010474303355153435,0.05761059213513311,0.0
2795,Bot,Bot,1.0,0.0,0.0,0.0,0.0
2796,DoS/DDoS,DoS/DDoS,0.0,0.0,1.0,0.0,0.0
2797,Normal,Normal,0.0,0.0,0.007491699689407732,0.9925083003105922,0.0
2798,DoS/DDoS,DoS/DDoS,0.0,0.0,1.0,0.0,0.0
2799,Normal,Normal,0.0,0.0,0.034956164829341385,0.9650438351706586,0.0
2800,Brute Force,Web Attack,0.0,0.10490031194090264,0.00043286010853947827,0.002341969460661782,0.8923248584898961
2801,DoS/DDoS,DoS/DDoS,0.0,0.0,0.9999915125871316,8.487412868436374e-06,0.0
2802,DoS/DDoS,DoS/DDoS,0.0,0.0,1.0,0.0,0.0
2803,Brute Force,Brute Force,0.0,1.0,0.0,0.0,0.0
2804,Bot,Bot,1.0,0.0,0.0,0.0,0.0
2805,DoS/DDoS,DoS/DDoS,0.0,0.0,1.0,0.0,0.0
2806,DoS/DDoS,DoS/DDoS,0.0,0.0,1.0,0.0,0.0
2807,Bot,Bot,1.0,0.0,0.0,0.0,0.0
2808,DoS/DDoS,DoS/DDoS,0.0,0.0,1.0,0.0,0.0
2809,DoS/DDoS,DoS/DDoS,0.0,0.0,1.0,0.0,0.0
2810,Brute Force,Brute Force,0.0,1.0,0.0,0.0,0.0
2811,DoS/DDoS,DoS/DDoS,0.0,0.0,0.9968580961413173,0.0031419038586828953,0.0
2812,DoS/DDoS,DoS/DDoS,0.0,0.0,1.0,0.0,0.0
2813,Normal,Normal,0.0,0.0,0.0,1.0,0.0
2814,Normal,Bot,0.9533670619740754,0.0,0.00010474303355153435,0.04652819499237311,0.0
2815,Brute Force,Brute Force,0.0,1.0,0.0,0.0,0.0
2816,DoS/DDoS,DoS/DDoS,0.0,0.0,1.0,0.0,0.0
2817,DoS/DDoS,DoS/DDoS,0.0,0.0,1.0,0.0,0.0
2818,Normal,Normal,0.0,0.0,0.013296614595698211,0.9867033854043018,0.0
2819,Normal,Normal,0.0,0.0,0.007496115585876805,0.9925038844141233,0.0
2820,Brute Force,Brute Force,0.0,0.9999754714906288,0.0,2.452850937120762e-05,0.0
2821,Brute Force,Brute Force,0.0,1.0,0.0,0.0,0.0
2822,Normal,Normal,0.0,0.0,0.0,1.0,0.0
2823,DoS/DDoS,DoS/DDoS,0.0,0.0,1.0,0.0,0.0
2824,DoS/DDoS,DoS/DDoS,0.0,0.0,1.0,0.0,0.0
2825,Brute Force,Brute Force,0.0,1.0,0.0,0.0,0.0
2826,Normal,Normal,0.0,0.0,0.0,1.0,0.0
2827,DoS/DDoS,DoS/DDoS,0.0,0.0,1.0,0.0,0.0
2828,DoS/DDoS,DoS/DDoS,0.0,0.0,1.0,0.0,0.0
2829,Normal,Normal,0.0,6.819473810748967e-06,0.0,0.9999931805261891,0.0
2830,DoS/DDoS,DoS/DDoS,0.0,0.0,1.0,0.0,0.0
2831,DoS/DDoS,DoS/DDoS,0.0,0.0,1.0,0.0,0.0
2832,DoS/DDoS,DoS/DDoS,0.0,0.0,1.0,0.0,0.0
2833,Normal,Normal,0.0,0.0,0.007496115585876805,0.9925038844141233,0.0
2834,Normal,Normal,0.0010252159614789497,0.03951034205111623,0.004055791570993761,0.917896616658072,0.037512033758338795
2835,Normal,Normal,0.0,0.0,0.017525430950309787,0.9824745690496903,0.0
2836,Brute Force,Web Attack,0.0,0.08461284909362891,0.0004255609830866665,0.0015241037334774847,0.9134374861898068
2837,DoS/DDoS,DoS/DDoS,0.0,0.0,1.0,0.0,0.0
2838,Normal,Normal,0.0,0.0,0.0,1.0,0.0
2839,Brute Force,Brute Force,0.0,1.0,0.0,0.0,0.0
2840,Normal,Normal,0.0,6.819473810748967e-06,0.0,0.9999931805261891,0.0
2841,Brute Force,Brute Force,0.0,1.0,0.0,0.0,0.0
2842,DoS/DDoS,DoS/DDoS,0.0,0.0,1.0,0.0,0.0
2843,DoS/DDoS,DoS/DDoS,0.0,0.0,1.0,0.0,0.0
2844,DoS/DDoS,DoS/DDoS,0.0,0.0,0.9991163203841111,0.0008836796158889274,0.0
2845,Bot,Bot,0.9707331375429504,0.0,0.0,0.029266862457049646,0.0
2846,DoS/DDoS,DoS/DDoS,0.0,0.0,0.9987791091035095,0.001220890896490552,0.0
2847,DoS/DDoS,DoS/DDoS,0.0,0.0,1.0,0.0,0.0
2848,Brute Force,Brute Force,0.0,1.0,0.0,0.0,0.0
2849,Normal,Normal,0.0,6.819473810748967e-06,0.0,0.9999931805261891,0.0
2850,DoS/DDoS,DoS/DDoS,0.0,0.0,1.0,0.0,0.0
2851,Normal,Normal,0.0,6.819473810748967e-06,0.0,0.9999931805261891,0.0
2852,DoS/DDoS,DoS/DDoS,0.0,0.0,1.0,0.0,0.0
2853,Normal,Normal,0.0010252159614789497,0.03951034205111623,0.004055791570993761,0.917896616658072,0.037512033758338795
2854,Normal,Normal,0.0,0.0,0.0,1.0,0.0
2855,Normal,Normal,0.0,0.0,0.0,1.0,0.0
2856,Normal,Normal,0.0,0.0,0.0,1.0,0.0
2857,Brute Force,Brute Force,0.0,1.0,0.0,0.0,0.0
2858,DoS/DDoS,DoS/DDoS,0.0,0.0,1.0,0.0,0.0
2859,DoS/DDoS,DoS/DDoS,0.0,0.0,0.9958742063714503,0.004125793628549673,0.0
2860,DoS/DDoS,DoS/DDoS,0.0,0.0,1.0,0.0,0.0
2861,DoS/DDoS,DoS/DDoS,0.0,0.0,1.0,0.0,0.0
2862,Web Attack,Web Attack,0.0,0.1001812991577979,0.0004402115070105195,0.0070194662189485045,0.8923590231162428
2863,DoS/DDoS,DoS/DDoS,0.0,0.0,1.0,0.0,0.0
2864,Normal,Normal,0.0,6.819473810748967e-06,0.0,0.9999931805261891,0.0
2865,Brute Force,Brute Force,0.0,1.0,0.0,0.0,0.0
2866,Normal,Bot,0.9521305747723092,0.0,0.00010474303355153435,0.04776468219413931,0.0
2867,DoS/DDoS,DoS/DDoS,0.0,0.0,1.0,0.0,0.0
2868,Brute Force,Brute Force,0.0,1.0,0.0,0.0,0.0
2869,Normal,Normal,0.0010252159614789497,0.03951034205111623,0.004055791570993761,0.917896616658072,0.037512033758338795
2870,Brute Force,Brute Force,0.0,1.0,0.0,0.0,0.0
2871,Brute Force,Brute Force,0.0,1.0,0.0,0.0,0.0
2872,Web Attack,Web Attack,0.0,0.2525396294199612,0.00043286010853947827,0.00854019267864082,0.7384873177928581
2873,Normal,Normal,0.0,6.819473810748967e-06,0.0,0.9999931805261891,0.0
2874,DoS/DDoS,DoS/DDoS,0.0,0.0,1.0,0.0,0.0
2875,Normal,Normal,0.0,6.819473810748967e-06,0.0,0.9999931805261891,0.0
2876,DoS/DDoS,DoS/DDoS,0.0,0.0,1.0,0.0,0.0
2877,Brute Force,Brute Force,0.0,1.0,0.0,0.0,0.0
2878,DoS/DDoS,DoS/DDoS,0.0,0.0,1.0,0.0,0.0
2879,Brute Force,Brute Force,0.0,1.0,0.0,0.0,0.0
2880,DoS/DDoS,DoS/DDoS,0.0,0.0,1.0,0.0,0.0
2881,Normal,Normal,0.0010252159614789497,0.03951034205111623,0.004055791570993761,0.917896616658072,0.037512033758338795
2882,Normal,Normal,0.0,0.0,0.0,1.0,0.0
2883,Normal,Normal,0.0,0.0,0.0,1.0,0.0
2884,DoS/DDoS,DoS/DDoS,0.0,0.0,1.0,0.0,0.0
2885,DoS/DDoS,DoS/DDoS,0.0,0.0,1.0,0.0,0.0
2886,Brute Force,Brute Force,0.0,0.9999754714906288,0.0,2.452850937120762e-05,0.0
2887,DoS/DDoS,DoS/DDoS,0.0,0.0,1.0,0.0,0.0
2888,Bot,Bot,1.0,0.0,0.0,0.0,0.0
2889,Brute Force,Brute Force,0.0,0.9999754714906288,0.0,2.452850937120762e-05,0.0
2890,DoS/DDoS,DoS/DDoS,0.0,0.0,1.0,0.0,0.0
2891,Brute Force,Brute Force,0.0,0.9999754714906288,0.0,2.452850937120762e-05,0.0
2892,DoS/DDoS,DoS/DDoS,0.0,0.0,0.9999238448224069,7.615517759312038e-05,0.0
2893,DoS/DDoS,DoS/DDoS,0.0,0.0,0.9999915125871316,8.487412868436374e-06,0.0
2894,Normal,Normal,0.0,6.819473810748967e-06,0.0,0.9999931805261891,0.0
2895,DoS/DDoS,DoS/DDoS,0.0,0.0,0.9987791091035095,0.001220890896490552,0.0
2896,DoS/DDoS,DoS/DDoS,0.0,0.0,1.0,0.0,0.0
2897,Normal,Bot,0.7609587313819369,0.0,0.00010474303355153435,0.238936525584511,0.0
2898,DoS/DDoS,DoS/DDoS,0.0,0.0,1.0,0.0,0.0
2899,Brute Force,Brute Force,0.0,0.9999754714906288,0.0,2.452850937120762e-05,0.0
2900,DoS/DDoS,DoS/DDoS,0.0,0.0,1.0,0.0,0.0
2901,Normal,Normal,0.18280391698657453,0.0,5.5998206946025015e-05,0.8171400848064796,0.0
2902,Normal,Normal,0.0,0.0,0.0,0.99,0.01
2903,DoS/DDoS,DoS/DDoS,0.0,0.0001543506670166707,0.9794890327607613,0.02035661657222219,0.0
2904,Brute Force,Brute Force,0.0,1.0,0.0,0.0,0.0
2905,DoS/DDoS,DoS/DDoS,0.0,0.0,1.0,0.0,0.0
2906,Brute Force,Brute Force,0.0,0.9999754714906288,0.0,2.452850937120762e-05,0.0
2907,Normal,Normal,0.009118340096871319,0.0,0.1037121012427632,0.8871695586603656,0.0
2908,DoS/DDoS,DoS/DDoS,0.0,0.0,1.0,0.0,0.0
2909,Normal,Normal,0.0,6.819473810748967e-06,0.0,0.9999931805261891,0.0
2910,Brute Force,Brute Force,0.0,1.0,0.0,0.0,0.0
2911,DoS/DDoS,DoS/DDoS,0.0,0.0,1.0,0.0,0.0
2912,Brute Force,Brute Force,0.0,1.0,0.0,0.0,0.0
2913,Brute Force,Brute Force,0.0,1.0,0.0,0.0,0.0
2914,DoS/DDoS,DoS/DDoS,0.0,0.0,1.0,0.0,0.0
2915,Brute Force,Brute Force,0.0,0.9764933664619568,0.0,0.023506633538043227,0.0
2916,Normal,Normal,0.0,6.819473810748967e-06,0.0,0.9999931805261891,0.0
2917,DoS/DDoS,DoS/DDoS,0.0,0.0,1.0,0.0,0.0
2918,DoS/DDoS,DoS/DDoS,0.0,0.0,1.0,0.0,0.0
2919,Normal,Normal,0.0,6.819473810748967e-06,0.0,0.9999931805261891,0.0
2920,Bot,Bot,0.9535298324181097,0.0,0.00010474303355153435,0.046365424548338814,0.0
2921,DoS/DDoS,DoS/DDoS,0.0,0.0,0.9999915125871316,8.487412868436374e-06,0.0
2922,Normal,Normal,0.0010252159614789497,0.03951034205111623,0.004055791570993761,0.917896616658072,0.037512033758338795
2923,DoS/DDoS,DoS/DDoS,0.0,0.0,1.0,0.0,0.0
2924,Web Attack,Web Attack,0.0,0.3068457296791487,0.00043546273942595337,0.015770986538291527,0.6769478210431337
2925,Brute Force,Brute Force,0.0,1.0,0.0,0.0,0.0
2926,Normal,Normal,0.0010252159614789497,0.03951034205111623,0.004055791570993761,0.917896616658072,0.037512033758338795
2927,Normal,Normal,0.0,6.819473810748967e-06,0.0,0.9999931805261891,0.0
2928,Normal,Normal,0.0,6.819473810748967e-06,0.0,0.9999931805261891,0.0
2929,Normal,Normal,0.0,0.0,0.0,1.0,0.0
2930,DoS/DDoS,DoS/DDoS,0.0,0.0,1.0,0.0,0.0
2931,Normal,Normal,0.0010252159614789497,0.03951034205111623,0.004055791570993761,0.917896616658072,0.037512033758338795
2932,Brute Force,Brute Force,0.0,1.0,0.0,0.0,0.0
2933,Normal,Normal,0.0,0.0,0.0,1.0,0.0
2934,Brute Force,Brute Force,0.0,1.0,0.0,0.0,0.0
2935,Normal,Normal,0.0,0.0,0.0,1.0,0.0
2936,DoS/DDoS,DoS/DDoS,0.0,0.0,1.0,0.0,0.0
2937,Bot,Bot,0.9936900027037513,0.0,5.39913091401014e-06,0.006304598165334747,0.0
2938,Brute Force,Brute Force,0.0,0.9999754714906288,0.0,2.452850937120762e-05,0.0
2939,DoS/DDoS,DoS/DDoS,0.0,0.0,1.0,0.0,0.0
2940,Normal,Normal,0.01,0.006519867084756868,0.0,0.983480132915243,0.0
2941,DoS/DDoS,DoS/DDoS,0.0,0.0,1.0,0.0,0.0
2942,DoS/DDoS,DoS/DDoS,0.0,0.0,1.0,0.0,0.0
2943,DoS/DDoS,DoS/DDoS,0.0,0.0,1.0,0.0,0.0
2944,Brute Force,Brute Force,0.0,1.0,0.0,0.0,0.0
2945,DoS/DDoS,DoS/DDoS,0.0,0.007857122608079376,0.8388477583236285,0.14392671216108258,0.009368406907209567
2946,DoS/DDoS,DoS/DDoS,0.0,0.0,1.0,0.0,0.0
2947,Brute Force,Brute Force,0.0,0.9999754714906288,0.0,2.452850937120762e-05,0.0
2948,Brute Force,Brute Force,0.0,0.9948123222091168,0.0,0.00518767779088323,0.0
2949,Normal,Normal,0.0,6.819473810748967e-06,0.0,0.9999931805261891,0.0
2950,Normal,Normal,0.0,0.0,0.0,1.0,0.0
2951,DoS/DDoS,DoS/DDoS,0.0,0.0,0.9999915125871316,8.487412868436374e-06,0.0
2952,DoS/DDoS,DoS/DDoS,0.0,0.0,1.0,0.0,0.0
2953,DoS/DDoS,DoS/DDoS,0.0,0.0,1.0,0.0,0.0
2954,Bot,Bot,0.9998534234277665,0.0,5.39913091401014e-06,0.00014117744131969903,0.0
2955,Brute Force,Brute Force,0.0,1.0,0.0,0.0,0.0
2956,Normal,Normal,0.0,6.819473810748967e-06,0.010159524063818714,0.9898336564623704,0.0
2957,Brute Force,Brute Force,0.0,1.0,0.0,0.0,0.0
2958,Normal,Normal,0.0,6.819473810748967e-06,0.0,0.9999931805261891,0.0
2959,Brute Force,Brute Force,0.0,1.0,0.0,0.0,0.0
2960,DoS/DDoS,DoS/DDoS,0.0,0.0,1.0,0.0,0.0
2961,Normal,Normal,0.0,6.819473810748967e-06,0.0,0.9999931805261891,0.0
2962,DoS/DDoS,DoS/DDoS,0.0,0.0,1.0,0.0,0.0
2963,Bot,Bot,1.0,0.0,0.0,0.0,0.0
2964,DoS/DDoS,DoS/DDoS,0.0,0.0,1.0,0.0,0.0
2965,Normal,Normal,0.0,6.819473810748967e-06,0.0,0.9999931805261891,0.0
2966,Normal,Normal,0.0,0.0,0.0,1.0,0.0
2967,DoS/DDoS,DoS/DDoS,0.0,0.0,1.0,0.0,0.0
2968,Normal,Normal,0.0,0.0,0.0,1.0,0.0
2969,DoS/DDoS,DoS/DDoS,0.0,0.0,1.0,0.0,0.0
2970,DoS/DDoS,DoS/DDoS,0.0,0.0036948219668649523,0.8422661025844905,0.14133262665423343,0.012706448794411183
2971,DoS/DDoS,DoS/DDoS,0.0,0.0,1.0,0.0,0.0
2972,Normal,Normal,0.0,0.0,0.0,1.0,0.0
2973,DoS/DDoS,DoS/DDoS,0.0,0.0,1.0,0.0,0.0
2974,DoS/DDoS,DoS/DDoS,0.0,0.0,1.0,0.0,0.0
2975,Normal,Normal,0.0,6.819473810748967e-06,0.0,0.9999931805261891,0.0
2976,DoS/DDoS,DoS/DDoS,0.0,0.0,1.0,0.0,0.0
2977,Brute Force,Brute Force,0.0,0.5789589596993963,0.00043546273942595337,0.00818672004923041,0.4124188575119472
2978,DoS/DDoS,DoS/DDoS,0.0,0.0,1.0,0.0,0.0
2979,Brute Force,Brute Force,0.0,0.9950912925188569,0.0,0.004908707481143331,0.0
2980,DoS/DDoS,DoS/DDoS,0.0,0.0,1.0,0.0,0.0
2981,Brute Force,Web Attack,0.0,0.4190757316891976,0.00043826923453317774,0.01755151959642199,0.5629344794798471
2982,DoS/DDoS,DoS/DDoS,0.0,0.0001543506670166707,0.9983465870211299,0.0014990623118535302,0.0
2983,Normal,Normal,0.0010252159614789497,0.03951034205111623,0.004055791570993761,0.917896616658072,0.037512033758338795
2984,Normal,Normal,0.0,6.819473810748967e-06,0.0,0.9999931805261891,0.0
2985,DoS/DDoS,DoS/DDoS,0.0,0.0,1.0,0.0,0.0
2986,DoS/DDoS,DoS/DDoS,0.0,0.0,1.0,0.0,0.0
2987,DoS/DDoS,DoS/DDoS,0.0,0.0,1.0,0.0,0.0
2988,Normal,Normal,0.0,0.0,3.273209551560448e-05,0.9999672679044843,0.0
2989,DoS/DDoS,DoS/DDoS,0.0,0.0,1.0,0.0,0.0
2990,Normal,Normal,0.0,0.0,0.0,1.0,0.0
2991,Brute Force,Web Attack,0.0,0.17466851764637192,0.0004402115070105195,0.012840219053561752,0.8120510517930555
2992,Web Attack,Web Attack,0.0,0.038739178428999585,0.00043286010853947827,0.0026062546689384234,0.9582217067935224
2993,DoS/DDoS,DoS/DDoS,0.0,0.0,1.0,0.0,0.0
2994,Normal,Normal,0.0,0.0,3.273209551560448e-05,0.9999672679044843,0.0
2995,Normal,Normal,0.0,0.0,3.273209551560448e-05,0.9999672679044843,0.0
2996,Normal,Normal,0.0010252159614789497,0.03951034205111623,0.004055791570993761,0.917896616658072,0.037512033758338795
2997,Bot,Bot,0.997895177604628,0.0,0.0,0.0021048223953720087,0.0
2998,DoS/DDoS,DoS/DDoS,0.0,0.0,1.0,0.0,0.0
2999,Brute Force,Brute Force,0.0,1.0,0.0,0.0,0.0
3000,DoS/DDoS,DoS/DDoS,0.0,0.0,1.0,0.0,0.0
3001,DoS/DDoS,DoS/DDoS,0.0,0.0,1.0,0.0,0.0
3002,Normal,Normal,0.0,0.0,0.0,1.0,0.0
3003,DoS/DDoS,DoS/DDoS,0.0,0.0,1.0,0.0,0.0
3004,Bot,Bot,0.9530532288751753,0.0,0.00010474303355153435,0.04684202809127319,0.0
3005,DoS/DDoS,DoS/DDoS,0.0,0.0,1.0,0.0,0.0
3006,Brute Force,Web Attack,0.00032907647963916875,0.27909507857656174,0.04688227670132088,0.1675137452491155,0.5061798229933622
3007,DoS/DDoS,DoS/DDoS,0.0,0.0,1.0,0.0,0.0
3008,DoS/DDoS,DoS/DDoS,0.0,0.0,1.0,0.0,0.0
3009,Brute Force,Brute Force,0.0,0.9999754714906288,0.0,2.452850937120762e-05,0.0
3010,Normal,Normal,0.0,6.819473810748967e-06,0.0,0.9999931805261891,0.0
3011,Normal,Normal,0.00032907647963916875,0.025613920902158017,0.011658143871144267,0.9046430539912003,0.057755804755858266
3012,DoS/DDoS,DoS/DDoS,0.0,0.0,1.0,0.0,0.0
3013,DoS/DDoS,DoS/DDoS,0.0,0.0,1.0,0.0,0.0
3014,Normal,Normal,0.0,0.0,0.0,1.0,0.0
3015,Normal,Normal,0.0,0.01,0.0,0.99,0.0
3016,DoS/DDoS,DoS/DDoS,0.0,0.0,1.0,0.0,0.0
3017,DoS/DDoS,DoS/DDoS,0.0,0.0,1.0,0.0,0.0
3018,Normal,Normal,0.0,6.819473810748967e-06,0.0,0.9999931805261891,0.0
3019,DoS/DDoS,DoS/DDoS,0.0,0.0,1.0,0.0,0.0
3020,Normal,Normal,0.0010252159614789497,0.03951034205111623,0.004055791570993761,0.917896616658072,0.037512033758338795
3021,DoS/DDoS,DoS/DDoS,0.0,0.0,1.0,0.0,0.0
3022,DoS/DDoS,DoS/DDoS,0.0,0.0,1.0,0.0,0.0
3023,Brute Force,Brute Force,0.0,1.0,0.0,0.0,0.0
3024,Normal,Normal,0.0,0.0,0.0,1.0,0.0
3025,Normal,Normal,0.0,6.819473810748967e-06,0.0,0.9999931805261891,0.0
3026,DoS/DDoS,DoS/DDoS,0.0,0.0,1.0,0.0,0.0
3027,Brute Force,Brute Force,0.0,1.0,0.0,0.0,0.0
3028,Normal,Normal,0.0,0.0,0.0,1.0,0.0
3029,DoS/DDoS,DoS/DDoS,0.0,0.0,1.0,0.0,0.0
3030,Normal,Normal,0.0,6.819473810748967e-06,0.0,0.9999931805261891,0.0
3031,Brute Force,Brute Force,0.0,1.0,0.0,0.0,0.0
3032,Brute Force,Brute Force,0.0,1.0,0.0,0.0,0.0
3033,Brute Force,Brute Force,0.0,1.0,0.0,0.0,0.0
3034,Brute Force,Brute Force,0.0,1.0,0.0,0.0,0.0
3035,Brute Force,Brute Force,0.0,1.0,0.0,0.0,0.0
3036,Brute Force,Brute Force,0.0,1.0,0.0,0.0,0.0
3037,Normal,Normal,0.0,6.819473810748967e-06,0.0,0.9999931805261891,0.0
3038,Brute Force,Brute Force,0.0,1.0,0.0,0.0,0.0
3039,DoS/DDoS,DoS/DDoS,0.0,0.0,1.0,0.0,0.0
3040,Normal,Normal,0.0,6.819473810748967e-06,0.0,0.9999931805261891,0.0
3041,Normal,Normal,0.0,6.819473810748967e-06,0.0,0.9999931805261891,0.0
3042,DoS/DDoS,DoS/DDoS,0.0,0.0,0.9810391110695913,0.018960888930408842,0.0
3043,Normal,Normal,0.0,0.0,0.14943600788345493,0.8505639921165451,0.0
3044,Normal,Normal,0.0,0.0,0.0,1.0,0.0
3045,Normal,Normal,0.0,0.0,0.0,1.0,0.0
3046,Brute Force,Brute Force,0.0,0.6638920910661742,0.00043286010853947827,0.0015053441115999752,0.33416970471368607
3047,Normal,Normal,0.0,0.0,0.0,1.0,0.0
3048,Normal,Normal,0.0,6.819473810748967e-06,0.0,0.9999931805261891,0.0
3049,Normal,Normal,0.0,0.0,0.0,1.0,0.0
3050,Normal,Normal,0.0,6.819473810748967e-06,0.0,0.9999931805261891,0.0
3051,DoS/DDoS,DoS/DDoS,0.0,0.0,1.0,0.0,0.0
3052,DoS/DDoS,DoS/DDoS,0.0,0.0,1.0,0.0,0.0
3053,Brute Force,Brute Force,0.0,1.0,0.0,0.0,0.0
3054,Normal,Normal,0.0,0.0,0.0,1.0,0.0
3055,Normal,Normal,0.0,6.819473810748967e-06,0.0,0.9999931805261891,0.0
3056,DoS/DDoS,DoS/DDoS,0.0,0.0,1.0,0.0,0.0
3057,Brute Force,Brute Force,0.0,1.0,0.0,0.0,0.0
3058,DoS/DDoS,DoS/DDoS,0.0,0.0,1.0,0.0,0.0
3059,Normal,Normal,0.0,0.0,0.01,0.99,0.0
3060,DoS/DDoS,DoS/DDoS,0.0,0.0036948219668649523,0.9368945672365406,0.0467041620021832,0.012706448794411183
3061,Normal,Normal,0.0,0.0,0.0,1.0,0.0
3062,DoS/DDoS,DoS/DDoS,0.0,0.0,1.0,0.0,0.0
3063,Normal,Normal,0.0,0.21459080410881917,0.005021957228033846,0.7707140275223212,0.009673211140825777
3064,DoS/DDoS,DoS/DDoS,0.0,0.0,1.0,0.0,0.0
3065,Normal,Normal,0.0,0.0,0.0,1.0,0.0
3066,Normal,Normal,0.0,0.0393187214506915,0.0011264693169762369,0.7585887272824609,0.20096608194987142
3067,Brute Force,Brute Force,0.0,1.0,0.0,0.0,0.0
3068,DoS/DDoS,DoS/DDoS,0.0,0.0,1.0,0.0,0.0
3069,Normal,Normal,0.0010252159614789497,0.03951034205111623,0.004055791570993761,0.917896616658072,0.037512033758338795
3070,Brute Force,Brute Force,0.00032907647963916875,0.8143775198950687,0.009900706119193418,0.0901561238119944,0.08523657369410437
3071,Bot,Bot,0.9995116714942921,0.0,0.0,0.0004883285057079571,0.0
3072,Brute Force,Brute Force,0.0,0.9999754714906288,0.0,2.452850937120762e-05,0.0
3073,DoS/DDoS,DoS/DDoS,0.0,0.0,1.0,0.0,0.0
3074,Normal,Normal,0.0010252159614789497,0.03951034205111623,0.004055791570993761,0.917896616658072,0.037512033758338795
3075,DoS/DDoS,DoS/DDoS,0.0,0.0,0.9900869288315487,0.00991307116845127,0.0
3076,Bot,Bot,0.99,0.0,0.0,0.01,0.0
3077,DoS/DDoS,DoS/DDoS,0.0,0.0,1.0,0.0,0.0
3078,DoS/DDoS,DoS/DDoS,0.0,0.0,1.0,0.0,0.0
3079,Brute Force,Brute Force,0.0,1.0,0.0,0.0,0.0
3080,Brute Force,Brute Force,0.0,1.0,0.0,0.0,0.0
3081,Bot,Bot,1.0,0.0,0.0,0.0,0.0
3082,DoS/DDoS,DoS/DDoS,0.0,0.0,0.9998865803330991,0.00011341966690102105,0.0
3083,Normal,Normal,0.0,0.0,0.01837331380376062,0.9816266861962394,0.0
3084,Normal,Normal,0.0,0.0,0.0,1.0,0.0
3085,Normal,Normal,0.0,6.819473810748967e-06,0.0,0.9999931805261891,0.0
3086,DoS/DDoS,DoS/DDoS,0.0,0.0,1.0,0.0,0.0
3087,Normal,Normal,0.00010988690357994182,0.009021533596349211,0.023902339197527676,0.9184757883917424,0.048490451910800605
3088,DoS/DDoS,DoS/DDoS,0.0,0.0,0.9968580961413173,0.0031419038586828953,0.0
3089,Normal,Normal,0.00010988690357994182,0.015505807588643712,0.03488054684370808,0.8876054600394973,0.061898298624570865
3090,Brute Force,Brute Force,0.0,0.5127518739581336,0.0004203440985729727,0.017608777750359857,0.4692190041929335
3091,DoS/DDoS,DoS/DDoS,0.0,0.0,0.9999915125871316,8.487412868436374e-06,0.0
3092,Normal,DoS/DDoS,0.00010988690357994182,0.06282832770540547,0.4914735053568159,0.275195771675584,0.17039250835861444
3093,Normal,Normal,0.00032907647963916875,0.025613920902158017,0.011658143871144267,0.9046430539912003,0.057755804755858266
3094,Brute Force,Brute Force,0.0,1.0,0.0,0.0,0.0
3095,DoS/DDoS,DoS/DDoS,0.0,0.047394571291071184,0.8461604581122937,0.0774246009803993,0.029020369616235876
3096,Normal,Normal,0.0,6.819473810748967e-06,0.0,0.9999931805261891,0.0
3097,Normal,Normal,0.0,6.819473810748967e-06,0.0,0.9999931805261891,0.0
3098,Normal,Normal,0.0010252159614789497,0.03951034205111623,0.004055791570993761,0.917896616658072,0.037512033758338795
3099,Brute Force,Brute Force,0.0,1.0,0.0,0.0,0.0
3100,Normal,Normal,0.0,6.819473810748967e-06,0.0,0.9999931805261891,0.0
3101,Bot,Bot,1.0,0.0,0.0,0.0,0.0
3102,DoS/DDoS,DoS/DDoS,0.0,0.0,1.0,0.0,0.0
3103,Brute Force,Brute Force,0.0,0.9999754714906288,0.0,2.452850937120762e-05,0.0
3104,DoS/DDoS,DoS/DDoS,0.0,0.0,1.0,0.0,0.0
3105,Brute Force,Web Attack,0.0,0.4241105913803835,0.0004255609830866665,0.005107461992467601,0.5703563856440622
3106,Brute Force,Brute Force,0.0,1.0,0.0,0.0,0.0
3107,Brute Force,Brute Force,0.0,0.9999754714906288,0.0,2.452850937120762e-05,0.0
3108,Normal,Normal,0.0,6.819473810748967e-06,0.0,0.9999931805261891,0.0
3109,DoS/DDoS,DoS/DDoS,0.0,0.0,1.0,0.0,0.0
3110,Normal,Normal,0.00010988690357994182,0.00590720651051206,0.20692774029347852,0.7420620461665313,0.04499312012589826
3111,DoS/DDoS,DoS/DDoS,0.0,0.0,1.0,0.0,0.0
3112,Normal,Normal,0.0,0.0,0.0001677912773176141,0.9998322087226823,0.0
3113,Normal,Normal,0.0,0.0,0.01,0.99,0.0
3114,DoS/DDoS,DoS/DDoS,0.0,0.0,1.0,0.0,0.0
3115,Normal,Normal,0.0,0.0,0.0,1.0,0.0
3116,Normal,Normal,0.0,6.819473810748967e-06,0.0,0.9999931805261891,0.0
3117,Normal,Normal,0.011057129944920984,0.008273442424754173,0.0007946972990394691,0.9727846781801073,0.007090052151178238
3118,Brute Force,Brute Force,0.0,1.0,0.0,0.0,0.0
3119,DoS/DDoS,DoS/DDoS,0.0,0.0,1.0,0.0,0.0
3120,Normal,Normal,0.0,0.0,0.0,1.0,0.0
3121,DoS/DDoS,DoS/DDoS,0.0,0.0,1.0,0.0,0.0
3122,DoS/DDoS,DoS/DDoS,0.0,0.0,0.9998865803330991,0.00011341966690102105,0.0
3123,DoS/DDoS,DoS/DDoS,0.0,0.0,1.0,0.0,0.0
3124,DoS/DDoS,DoS/DDoS,0.0,0.0,0.9865949673165249,0.013405032683475235,0.0
3125,DoS/DDoS,DoS/DDoS,0.0,0.0,1.0,0.0,0.0
3126,DoS/DDoS,DoS/DDoS,0.0,0.0,1.0,0.0,0.0
3127,Brute Force,Brute Force,0.0,1.0,0.0,0.0,0.0
3128,Normal,Normal,0.0,6.819473810748967e-06,0.0,0.9999931805261891,0.0
3129,DoS/DDoS,DoS/DDoS,0.0,0.0,1.0,0.0,0.0
3130,Normal,Normal,0.0,6.819473810748967e-06,0.0,0.9999931805261891,0.0
3131,Brute Force,Brute Force,0.0,1.0,0.0,0.0,0.0
3132,DoS/DDoS,DoS/DDoS,0.0,0.0,1.0,0.0,0.0
3133,DoS/DDoS,DoS/DDoS,0.0,0.0,1.0,0.0,0.0
3134,DoS/DDoS,DoS/DDoS,0.0,0.0,1.0,0.0,0.0
3135,DoS/DDoS,DoS/DDoS,0.0,0.0,1.0,0.0,0.0
3136,Normal,Normal,0.0,6.819473810748967e-06,0.0,0.9999931805261891,0.0
3137,Brute Force,Brute Force,0.0,1.0,0.0,0.0,0.0
3138,DoS/DDoS,DoS/DDoS,0.0,0.0,1.0,0.0,0.0
3139,Normal,Normal,0.0,0.0,0.03581799309696129,0.9641820069030388,0.0
3140,DoS/DDoS,DoS/DDoS,0.0,0.0,1.0,0.0,0.0
3141,DoS/DDoS,DoS/DDoS,0.0,0.0,1.0,0.0,0.0
3142,Normal,Normal,0.0,6.819473810748967e-06,0.0,0.9999931805261891,0.0
3143,Brute Force,Brute Force,0.0,1.0,0.0,0.0,0.0
3144,Brute Force,Brute Force,0.0,1.0,0.0,0.0,0.0
3145,Brute Force,Brute Force,0.0,0.9999754714906288,0.0,2.452850937120762e-05,0.0
3146,DoS/DDoS,DoS/DDoS,0.0,0.0,1.0,0.0,0.0
3147,Normal,Normal,0.0,6.819473810748967e-06,0.0,0.9999931805261891,0.0
3148,Brute Force,Brute Force,0.0,0.9966544810053175,0.0,0.003345518994682573,0.0
3149,Brute Force,Brute Force,0.0,0.6807020633285084,0.00037865738613959845,0.0141286323878632,0.3047906468974886
3150,DoS/DDoS,DoS/DDoS,0.0,0.0,1.0,0.0,0.0
3151,Normal,Normal,0.0,6.819473810748967e-06,0.0,0.9999931805261891,0.0
3152,Bot,Bot,0.9427576574222317,0.0,0.00010474303355153435,0.0571375995442169,0.0
3153,Brute Force,Brute Force,0.0,1.0,0.0,0.0,0.0
3154,DoS/DDoS,DoS/DDoS,0.0,0.0,0.9998865803330991,0.00011341966690102105,0.0
3155,DoS/DDoS,DoS/DDoS,0.0,0.0,1.0,0.0,0.0
3156,Normal,Normal,0.0010252159614789497,0.03951034205111623,0.004055791570993761,0.917896616658072,0.037512033758338795
3157,DoS/DDoS,DoS/DDoS,0.0,0.0,1.0,0.0,0.0
3158,Brute Force,Brute Force,0.0,1.0,0.0,0.0,0.0
3159,Normal,DoS/DDoS,0.00010988690357994182,0.06282832770540547,0.42731301129613514,0.33544213744583756,0.17430663664904159
3160,Normal,Normal,0.0,0.0,0.0,1.0,0.0
3161,DoS/DDoS,DoS/DDoS,0.0,0.0,1.0,0.0,0.0
3162,DoS/DDoS,DoS/DDoS,0.0,0.0038230018572700353,0.973938022393707,0.009532526954611691,0.012706448794411183
3163,DoS/DDoS,Web Attack,0.00032907647963916875,0.27909507857656174,0.04688227670132088,0.1675137452491155,0.5061798229933622
3164,Normal,Normal,0.0,6.819473810748967e-06,0.0,0.9999931805261891,0.0
3165,Normal,Normal,0.0,6.819473810748967e-06,0.0,0.9999931805261891,0.0
3166,DoS/DDoS,DoS/DDoS,0.0,0.0,0.9999915125871316,8.487412868436374e-06,0.0
3167,DoS/DDoS,DoS/DDoS,0.0,0.0,1.0,0.0,0.0
3168,Normal,Normal,0.0010252159614789497,0.03951034205111623,0.004055791570993761,0.917896616658072,0.037512033758338795
3169,DoS/DDoS,DoS/DDoS,0.0,0.0,1.0,0.0,0.0
3170,DoS/DDoS,DoS/DDoS,0.0,0.0,1.0,0.0,0.0
3171,Normal,Normal,0.0,0.0,0.0,1.0,0.0
3172,DoS/DDoS,DoS/DDoS,0.0,0.0,1.0,0.0,0.0
3173,Normal,Normal,0.0,0.0,3.273209551560448e-05,0.9999672679044843,0.0
3174,Bot,Bot,0.9390117884009396,0.0,5.39913091401014e-06,0.060982812468146436,0.0
3175,Normal,Normal,0.0010252159614789497,0.03951034205111623,0.004055791570993761,0.917896616658072,0.037512033758338795
3176,DoS/DDoS,DoS/DDoS,0.0,0.0,1.0,0.0,0.0
3177,Normal,Normal,0.18280391698657453,0.0,5.5998206946025015e-05,0.8171400848064796,0.0
3178,Brute Force,Brute Force,0.0,0.9999754714906288,0.0,2.452850937120762e-05,0.0
3179,Normal,Normal,0.0,6.819473810748967e-06,0.0,0.9999931805261891,0.0
3180,DoS/DDoS,DoS/DDoS,0.0,0.0,1.0,0.0,0.0
3181,Normal,Normal,0.0,6.819473810748967e-06,0.0,0.9999931805261891,0.0
3182,Brute Force,Brute Force,0.0,1.0,0.0,0.0,0.0
3183,Normal,Normal,0.0,0.0,0.0,1.0,0.0
3184,Brute Force,Brute Force,0.0,1.0,0.0,0.0,0.0
3185,Brute Force,Brute Force,0.0,1.0,0.0,0.0,0.0
3186,DoS/DDoS,DoS/DDoS,0.0,0.0,0.9999915125871316,8.487412868436374e-06,0.0
3187,Normal,Normal,0.0010252159614789497,0.03951034205111623,0.004055791570993761,0.917896616658072,0.037512033758338795
3188,Normal,Normal,0.0010252159614789497,0.03951034205111623,0.004055791570993761,0.917896616658072,0.037512033758338795
3189,Normal,Normal,0.0,6.819473810748967e-06,0.0,0.9999931805261891,0.0
3190,Normal,Normal,0.0,0.0,0.005112193588752145,0.9948878064112479,0.0
3191,DoS/DDoS,DoS/DDoS,0.0,0.0,1.0,0.0,0.0
3192,Normal,Normal,0.0,6.819473810748967e-06,0.0,0.9999931805261891,0.0
3193,DoS/DDoS,DoS/DDoS,0.0,0.0,1.0,0.0,0.0
3194,DoS/DDoS,DoS/DDoS,0.0,0.0,1.0,0.0,0.0
3195,DoS/DDoS,DoS/DDoS,0.0,0.0,1.0,0.0,0.0
3196,Brute Force,Brute Force,0.0,1.0,0.0,0.0,0.0
3197,Normal,Normal,0.00010988690357994182,0.002276730837940569,0.011416663695755502,0.9775255774304271,0.008671141132296722
3198,DoS/DDoS,DoS/DDoS,0.0,0.0,1.0,0.0,0.0
3199,DoS/DDoS,DoS/DDoS,0.0,0.0,1.0,0.0,0.0
3200,Normal,Normal,0.0,0.028865779121375664,0.0,0.9711342208786243,0.0
3201,Normal,Normal,0.0,6.819473810748967e-06,0.0,0.9999931805261891,0.0
3202,Normal,Normal,0.0,0.0,0.0,1.0,0.0
3203,Brute Force,Brute Force,0.0,0.9999754714906288,0.0,2.452850937120762e-05,0.0
3204,DoS/DDoS,DoS/DDoS,0.0,0.0,0.9994360078834549,0.0005639921165450961,0.0
3205,DoS/DDoS,DoS/DDoS,0.0,0.0,1.0,0.0,0.0
3206,DoS/DDoS,DoS/DDoS,0.0,0.0,1.0,0.0,0.0
3207,Normal,Normal,0.0,6.819473810748967e-06,0.0,0.9999931805261891,0.0
3208,Web Attack,Brute Force,0.0,0.4894629865269704,0.0004255609830866665,0.029196369047187348,0.4809150834427555
3209,Brute Force,Brute Force,0.0,1.0,0.0,0.0,0.0
3210,Normal,Normal,0.0,0.01,0.0,0.99,0.0
3211,Normal,Normal,0.0,6.819473810748967e-06,0.0,0.9999931805261891,0.0
3212,Brute Force,Brute Force,0.0,0.9999754714906288,0.0,2.452850937120762e-05,0.0
3213,DoS/DDoS,DoS/DDoS,0.0,0.0,1.0,0.0,0.0
3214,Bot,Bot,0.999928535227931,0.0,5.39913091401014e-06,6.606564115514711e-05,0.0
3215,DoS/DDoS,DoS/DDoS,0.0,0.0,1.0,0.0,0.0
3216,Normal,Normal,0.0,6.819473810748967e-06,0.0,0.9999931805261891,0.0
3217,Brute Force,Brute Force,0.0,0.9999754714906288,0.0,2.452850937120762e-05,0.0
3218,DoS/DDoS,DoS/DDoS,0.0,0.0,1.0,0.0,0.0
3219,DoS/DDoS,DoS/DDoS,0.0,0.0,1.0,0.0,0.0
3220,DoS/DDoS,DoS/DDoS,0.0,0.0,1.0,0.0,0.0
3221,DoS/DDoS,DoS/DDoS,0.0,0.0,1.0,0.0,0.0
3222,Bot,Bot,0.943575492691303,0.0,0.00010474303355153435,0.05631976427514547,0.0
3223,Normal,DoS/DDoS,0.0,0.0,0.5150084033613446,0.4849915966386555,0.0
3224,DoS/DDoS,DoS/DDoS,0.0,0.0,1.0,0.0,0.0
3225,Normal,Normal,0.0,0.0,0.0,1.0,0.0
3226,Normal,Normal,0.0,0.0,0.0,1.0,0.0
3227,Brute Force,Brute Force,0.0,0.5115869671994188,0.0004255609830866665,0.011263859491873269,0.47672361232562116
3228,DoS/DDoS,DoS/DDoS,0.0,0.0,0.9998865803330991,0.00011341966690102105,0.0
3229,Brute Force,Brute Force,0.0,1.0,0.0,0.0,0.0
3230,Normal,Normal,0.0010252159614789497,0.03951034205111623,0.004055791570993761,0.917896616658072,0.037512033758338795
3231,DoS/DDoS,DoS/DDoS,0.0,0.0,1.0,0.0,0.0
3232,Normal,Normal,0.0,6.819473810748967e-06,0.0,0.9999931805261891,0.0
3233,Brute Force,Brute Force,0.0,0.9999754714906288,0.0,2.452850937120762e-05,0.0
3234,Brute Force,Brute Force,0.0,1.0,0.0,0.0,0.0
3235,Normal,Normal,0.0,0.0,0.0,1.0,0.0
3236,Normal,Normal,0.02825876746549699,0.0,7.784265509693152e-06,0.9717334482689934,0.0
3237,Normal,Normal,0.0,6.819473810748967e-06,0.0,0.9999931805261891,0.0
3238,Normal,Normal,0.3473462624390153,0.0,0.0008421581868621852,0.6518115793741227,0.0
3239,Normal,Normal,0.0,6.819473810748967e-06,0.0,0.9999931805261891,0.0
3240,DoS/DDoS,DoS/DDoS,0.0,0.0,1.0,0.0,0.0
3241,Brute Force,Brute Force,0.0,1.0,0.0,0.0,0.0
3242,DoS/DDoS,DoS/DDoS,0.0,0.0,1.0,0.0,0.0
3243,Normal,Normal,0.0,0.0,0.0,1.0,0.0
3244,DoS/DDoS,DoS/DDoS,0.0,0.0,1.0,0.0,0.0
3245,Brute Force,Brute Force,0.0,1.0,0.0,0.0,0.0
3246,Normal,Normal,0.0,0.0,0.0,1.0,0.0
3247,DoS/DDoS,DoS/DDoS,0.0,0.0,1.0,0.0,0.0
3248,Normal,Normal,0.00010988690357994182,0.008716435233609649,0.1623710837445047,0.7882551397981359,0.04054745432016963
3249,Normal,Normal,0.0,6.819473810748967e-06,0.0,0.9999931805261891,0.0
3250,DoS/DDoS,DoS/DDoS,0.0,0.0,1.0,0.0,0.0
3251,DoS/DDoS,DoS/DDoS,0.0,0.0,1.0,0.0,0.0
3252,Normal,Normal,0.0,6.819473810748967e-06,0.0,0.9999931805261891,0.0
3253,Brute Force,Web Attack,0.0,0.40739691783340015,0.0004203440985729727,0.004795140516113543,0.5873875975519133
3254,Brute Force,Brute Force,0.0,1.0,0.0,0.0,0.0
3255,DoS/DDoS,DoS/DDoS,0.0,0.0,1.0,0.0,0.0
3256,DoS/DDoS,DoS/DDoS,0.0,0.0,1.0,0.0,0.0
3257,Normal,Normal,0.0,6.819473810748967e-06,0.0,0.9999931805261891,0.0
3258,DoS/DDoS,DoS/DDoS,0.0,0.0,1.0,0.0,0.0
3259,Normal,Normal,0.0,6.819473810748967e-06,0.0,0.9999931805261891,0.0
3260,Normal,Normal,0.0,6.819473810748967e-06,0.0,0.9999931805261891,0.0
3261,DoS/DDoS,DoS/DDoS,0.0,0.0,1.0,0.0,0.0
3262,Normal,Normal,0.0,6.819473810748967e-06,0.0,0.9999931805261891,0.0
3263,Brute Force,Web Attack,0.0,0.2880447509897622,0.0004985439319532886,0.013616992208304512,0.6978397128699798
3264,DoS/DDoS,DoS/DDoS,0.0,0.0,1.0,0.0,0.0
3265,DoS/DDoS,DoS/DDoS,0.0,0.0,0.9308683296942661,0.06913167030573383,0.0
3266,DoS/DDoS,DoS/DDoS,0.00010988690357994182,0.04835545671534756,0.409101642715915,0.3969711338866282,0.14546187977852928
3267,DoS/DDoS,DoS/DDoS,0.0,0.0,1.0,0.0,0.0
3268,Normal,Normal,0.3473462624390153,0.0,0.0010709821641083216,0.6515827553968765,0.0
3269,DoS/DDoS,DoS/DDoS,0.0,0.0,1.0,0.0,0.0
3270,Normal,Normal,0.0,6.819473810748967e-06,0.0,0.9999931805261891,0.0
3271,Brute Force,Brute Force,0.0,1.0,0.0,0.0,0.0
3272,DoS/DDoS,DoS/DDoS,0.0,0.0,0.9352732394145895,0.06472676058541076,0.0
3273,Normal,Normal,0.0,6.819473810748967e-06,0.0,0.9999931805261891,0.0
3274,Brute Force,Brute Force,0.0,1.0,0.0,0.0,0.0
3275,Normal,Normal,0.0,0.0,0.0,1.0,0.0
3276,Brute Force,Web Attack,0.0,0.05031606635052321,0.0004402115070105195,0.0027912142531795357,0.9464525078892866
3277,Brute Force,Brute Force,0.0,1.0,0.0,0.0,0.0
3278,DoS/DDoS,DoS/DDoS,0.0,0.0,1.0,0.0,0.0
3279,Normal,Normal,0.0,6.819473810748967e-06,0.0,0.9999931805261891,0.0
3280,Normal,Normal,0.0,6.819473810748967e-06,0.0,0.9999931805261891,0.0
3281,DoS/DDoS,DoS/DDoS,0.0,0.0,1.0,0.0,0.0
3282,Normal,DoS/DDoS,0.00010988690357994182,0.008985590372732308,0.5140439244754758,0.4363131439280422,0.04054745432016963
3283,DoS/DDoS,DoS/DDoS,0.0,0.0,1.0,0.0,0.0
3284,Brute Force,Brute Force,0.0,0.9999754714906288,0.0,2.452850937120762e-05,0.0
3285,Normal,Normal,0.0,0.0,0.0,1.0,0.0
3286,Normal,Normal,0.0,6.819473810748967e-06,0.0,0.9999931805261891,0.0
3287,Normal,Normal,0.0,0.0,0.046655211092814015,0.953344788907186,0.0
3288,DoS/DDoS,DoS/DDoS,0.0,0.0,1.0,0.0,0.0
3289,Normal,Normal,0.0,0.0,0.0,1.0,0.0
3290,Normal,Normal,0.0,0.0,0.0,1.0,0.0
3291,Normal,Normal,0.0,0.0,0.0,1.0,0.0
3292,Normal,Normal,0.0,6.819473810748967e-06,0.0,0.9999931805261891,0.0
3293,DoS/DDoS,DoS/DDoS,0.0,0.0,1.0,0.0,0.0
3294,Normal,Normal,0.0010252159614789497,0.03951034205111623,0.004055791570993761,0.917896616658072,0.037512033758338795
3295,Normal,Normal,0.0,6.819473810748967e-06,0.0,0.9999931805261891,0.0
3296,DoS/DDoS,DoS/DDoS,0.0,0.0,1.0,0.0,0.0
3297,DoS/DDoS,DoS/DDoS,0.0,0.0,1.0,0.0,0.0
3298,DoS/DDoS,DoS/DDoS,0.0,0.0,1.0,0.0,0.0
3299,Brute Force,Brute Force,0.0,0.9999754714906288,0.0,2.452850937120762e-05,0.0
3300,Normal,Normal,0.0,6.819473810748967e-06,0.0,0.9999931805261891,0.0
3301,Brute Force,Brute Force,0.0,0.9999754714906288,0.0,2.452850937120762e-05,0.0
3302,Brute Force,Brute Force,0.0,1.0,0.0,0.0,0.0
3303,DoS/DDoS,DoS/DDoS,0.0,0.0,1.0,0.0,0.0
3304,DoS/DDoS,DoS/DDoS,0.0,0.0,1.0,0.0,0.0
3305,Normal,Normal,0.0,0.0,0.0013441143104052922,0.9986558856895946,0.0
3306,DoS/DDoS,DoS/DDoS,0.0,0.0,0.9898865803330991,0.00011341966690102105,0.01
3307,Brute Force,Brute Force,0.0,0.7958926332950987,0.00037865738613959845,0.021692532957120966,0.1820361763616406
3308,DoS/DDoS,DoS/DDoS,0.00010988690357994182,0.017017009835216083,0.5248621340285403,0.07972182413103379,0.37828914510162986
3309,Normal,Normal,0.0,0.0,0.004958893337146125,0.9950411066628538,0.0
3310,DoS/DDoS,DoS/DDoS,0.0,0.0,1.0,0.0,0.0
3311,Normal,Normal,0.0010252159614789497,0.03951034205111623,0.004055791570993761,0.917896616658072,0.037512033758338795
3312,DoS/DDoS,DoS/DDoS,0.0,0.0,0.99,0.01,0.0
3313,DoS/DDoS,DoS/DDoS,0.0,0.0,1.0,0.0,0.0
3314,Normal,Normal,0.0,6.819473810748967e-06,0.0,0.9999931805261891,0.0
3315,Brute Force,Web Attack,0.0,0.45803013822748073,0.00043546273942595337,0.00820045319577649,0.5333339458373165
3316,Brute Force,Brute Force,0.0,0.9999754714906288,0.0,2.452850937120762e-05,0.0
3317,Normal,Normal,0.0,0.0,0.0,0.9912709906985455,0.008729009301454524
3318,DoS/DDoS,DoS/DDoS,0.0,0.0,1.0,0.0,0.0
3319,Brute Force,Brute Force,0.0,0.9341274423588561,0.0,0.06587255764114387,0.0
3320,Normal,Normal,0.0,0.0,0.0,1.0,0.0
3321,DoS/DDoS,DoS/DDoS,0.0,0.0,1.0,0.0,0.0
3322,Brute Force,Brute Force,0.0,1.0,0.0,0.0,0.0
3323,Normal,Normal,0.0,6.819473810748967e-06,0.0,0.9999931805261891,0.0
3324,Bot,Bot,0.9511378237033052,0.0,0.00010474303355153435,0.04875743326314302,0.0
3325,DoS/DDoS,DoS/DDoS,0.0,0.0001543506670166707,0.996622449316301,0.0032232000166825484,0.0
3326,Bot,Bot,0.943575492691303,0.0,0.00010474303355153435,0.05631976427514547,0.0
3327,Normal,Normal,0.0,6.819473810748967e-06,0.0,0.9999931805261891,0.0
3328,DoS/DDoS,DoS/DDoS,0.0,0.0,0.9998865803330991,0.00011341966690102105,0.0
3329,Normal,Normal,0.0,6.819473810748967e-06,0.0,0.9999931805261891,0.0
3330,DoS/DDoS,DoS/DDoS,0.0,0.0,1.0,0.0,0.0
3331,DoS/DDoS,DoS/DDoS,0.0,0.0,1.0,0.0,0.0
3332,DoS/DDoS,DoS/DDoS,0.0,0.0,1.0,0.0,0.0
3333,Normal,Normal,0.0,0.0,0.00015952406381871526,0.9998404759361813,0.0
3334,DoS/DDoS,DoS/DDoS,0.0,0.0,0.9999126761156112,8.732388438904994e-05,0.0
3335,DoS/DDoS,DoS/DDoS,0.0,0.0,1.0,0.0,0.0
3336,DoS/DDoS,DoS/DDoS,0.0,0.0001543506670166707,0.9983465870211299,0.0014990623118535302,0.0
3337,DoS/DDoS,DoS/DDoS,0.0,0.0038230018572700353,0.973938022393707,0.009532526954611691,0.012706448794411183
3338,Normal,Normal,0.0,0.0,0.0003903588054569994,0.999609641194543,0.0
3339,Normal,Normal,0.0,6.819473810748967e-06,0.0,0.9999931805261891,0.0
3340,DoS/DDoS,DoS/DDoS,0.0,0.0,1.0,0.0,0.0
3341,Normal,Normal,0.0,6.819473810748967e-06,0.0,0.9999931805261891,0.0
3342,Normal,Normal,0.0,6.819473810748967e-06,0.0,0.9999931805261891,0.0
3343,Normal,Normal,0.0,6.819473810748967e-06,0.0,0.9999931805261891,0.0
3344,Normal,Normal,0.0,0.0,0.0,1.0,0.0
3345,DoS/DDoS,DoS/DDoS,0.0,0.0,1.0,0.0,0.0
3346,Brute Force,Brute Force,0.0,0.9999754714906288,0.0,2.452850937120762e-05,0.0
3347,Normal,Normal,0.0,6.819473810748967e-06,0.0,0.9999931805261891,0.0
3348,Normal,Normal,0.0,6.819473810748967e-06,0.0,0.9999931805261891,0.0
3349,Brute Force,Brute Force,0.0,0.8508426998952013,0.00037865738613959845,0.001090389442837566,0.1476882532758213
3350,DoS/DDoS,DoS/DDoS,0.0,0.0,0.9987791091035095,0.001220890896490552,0.0
3351,Normal,Normal,0.00010988690357994182,0.015505807588643712,0.034180955938892726,0.8852821744093039,0.06492117515957953
3352,DoS/DDoS,DoS/DDoS,0.0,0.0,1.0,0.0,0.0
3353,Brute Force,Brute Force,0.0,0.9999754714906288,0.0,2.452850937120762e-05,0.0
3354,DoS/DDoS,DoS/DDoS,0.0,0.0,1.0,0.0,0.0
3355,Brute Force,Brute Force,0.00032907647963916875,0.8143775198950687,0.009900706119193418,0.0901561238119944,0.08523657369410437
3356,DoS/DDoS,DoS/DDoS,0.0,0.0,1.0,0.0,0.0
3357,Normal,Normal,0.0,0.0,0.0,1.0,0.0
3358,Bot,Bot,0.9989635624889402,0.0,5.39913091401014e-06,0.0010310383801458401,0.0
3359,Normal,Normal,0.00010988690357994182,0.002276730837940569,0.02052769633296011,0.9348945406837195,0.04219114524179985
3360,DoS/DDoS,DoS/DDoS,0.0,0.0,1.0,0.0,0.0
3361,Normal,Normal,0.0,6.819473810748967e-06,0.0,0.9999931805261891,0.0
3362,Normal,Normal,0.008367201001132233,0.0,0.0,0.9916327989988677,0.0
3363,Brute Force,Brute Force,0.0,1.0,0.0,0.0,0.0
3364,Brute Force,Brute Force,0.0,1.0,0.0,0.0,0.0
3365,Normal,Normal,0.0,0.0,0.0,1.0,0.0
3366,Normal,Normal,0.0,0.2997717292646822,0.0,0.6804070121419808,0.01982125859333686
3367,DoS/DDoS,DoS/DDoS,0.0,0.0,1.0,0.0,0.0
3368,DoS/DDoS,DoS/DDoS,0.0,0.0036948219668649523,0.9279591881300319,0.0556395411086919,0.012706448794411183
3369,DoS/DDoS,DoS/DDoS,0.0,0.0,1.0,0.0,0.0
3370,Normal,Normal,0.0,6.819473810748967e-06,0.0,0.9999931805261891,0.0
3371,Web Attack,Brute Force,0.0,0.773695616257626,0.00037865738613959845,0.019544926860691796,0.2063807994955424
3372,Normal,Normal,0.0,0.0,3.273209551560448e-05,0.9999672679044843,0.0
3373,Normal,Normal,0.0,6.819473810748967e-06,0.0,0.9999931805261891,0.0
3374,Brute Force,Brute Force,0.0,1.0,0.0,0.0,0.0
3375,Normal,Normal,0.0,0.03038437884700422,0.02,0.9496156211529957,0.0
3376,DoS/DDoS,DoS/DDoS,0.0,0.0,1.0,0.0,0.0
3377,Brute Force,Brute Force,0.0,1.0,0.0,0.0,0.0
3378,Brute Force,Brute Force,0.0,1.0,0.0,0.0,0.0
3379,DoS/DDoS,DoS/DDoS,0.0,0.0,1.0,0.0,0.0
3380,Normal,Normal,0.0,0.0,0.0,1.0,0.0
3381,Normal,Normal,0.0,6.819473810748967e-06,0.0,0.9999931805261891,0.0
3382,Normal,Normal,0.0,6.819473810748967e-06,0.0,0.9999931805261891,0.0
3383,Brute Force,Brute Force,0.0,0.8589592755335042,0.00037865738613959845,0.009726654792135527,0.13093541228822056
3384,Normal,Normal,0.0,6.819473810748967e-06,0.0,0.9999931805261891,0.0
3385,Brute Force,Brute Force,0.0,0.9999754714906288,0.0,2.452850937120762e-05,0.0
3386,Brute Force,Web Attack,0.00032907647963916875,0.27909507857656174,0.04688227670132088,0.1675137452491155,0.5061798229933622
3387,DoS/DDoS,DoS/DDoS,0.0,0.0,1.0,0.0,0.0
3388,Normal,Normal,0.0,6.819473810748967e-06,0.0,0.9999931805261891,0.0
3389,Normal,Normal,0.0,0.0,0.0005630640014228599,0.9994369359985771,0.0
3390,Normal,Normal,0.0010252159614789497,0.03951034205111623,0.004055791570993761,0.917896616658072,0.037512033758338795
3391,Brute Force,Brute Force,0.0,0.9999754714906288,0.0,2.452850937120762e-05,0.0
3392,Normal,Normal,0.0,6.819473810748967e-06,0.0,0.9999931805261891,0.0
3393,Normal,Normal,0.0,0.0,0.0,1.0,0.0
3394,Brute Force,Brute Force,0.00032907647963916875,0.8143775198950687,0.009900706119193418,0.0901561238119944,0.08523657369410437
3395,Normal,Normal,0.14889260793341247,0.0,2.981511116338268e-05,0.8510775769554244,0.0
3396,Brute Force,Brute Force,0.0,1.0,0.0,0.0,0.0
3397,Normal,Normal,0.0,6.819473810748967e-06,0.0,0.9999931805261891,0.0
3398,Brute Force,Brute Force,0.0,0.9999754714906288,0.0,2.452850937120762e-05,0.0
3399,Normal,Normal,0.0,0.006552713251199097,0.0,0.9934472867488009,0.0
3400,Normal,Normal,0.0,6.819473810748967e-06,0.0,0.9999931805261891,0.0
3401,Normal,Normal,0.0,0.0,0.0,1.0,0.0
3402,DoS/DDoS,DoS/DDoS,0.0,0.0,1.0,0.0,0.0
3403,Normal,Normal,0.0,6.819473810748967e-06,0.0,0.9999931805261891,0.0
3404,Brute Force,Web Attack,0.0,0.3286274839665237,0.00043546273942595337,0.006658822245042692,0.6642782310490073
3405,DoS/DDoS,DoS/DDoS,0.0,0.0,1.0,0.0,0.0
3406,DoS/DDoS,DoS/DDoS,0.0,0.0,1.0,0.0,0.0
3407,Normal,Normal,0.0,0.0,0.0,1.0,0.0
3408,Normal,Normal,0.0,6.819473810748967e-06,0.0,0.9999931805261891,0.0
3409,Normal,Normal,0.0,0.0,0.0,1.0,0.0
3410,Bot,Bot,0.9989654873773789,0.0,5.39913091401014e-06,0.0010291134917072879,0.0
3411,DoS/DDoS,DoS/DDoS,0.0,0.0,1.0,0.0,0.0
3412,Brute Force,Brute Force,0.0,1.0,0.0,0.0,0.0
3413,Normal,Normal,0.0,0.0,0.0,1.0,0.0
3414,DoS/DDoS,DoS/DDoS,0.0,0.0,0.9987003671219048,0.0012996328780952155,0.0
3415,Normal,Normal,0.0,0.0,0.0,1.0,0.0
3416,Normal,Normal,0.0,0.0,0.0,1.0,0.0
3417,DoS/DDoS,DoS/DDoS,0.0,0.0,1.0,0.0,0.0
3418,Brute Force,Brute Force,0.0,1.0,0.0,0.0,0.0
3419,DoS/DDoS,DoS/DDoS,0.0,0.0,1.0,0.0,0.0
3420,Normal,Normal,0.0,0.0,0.02,0.98,0.0
3421,Normal,Normal,0.0,6.819473810748967e-06,0.0,0.9999931805261891,0.0
3422,Normal,Normal,0.0,0.0,0.0013723842037564804,0.9986276157962436,0.0
3423,Normal,Normal,0.0,6.819473810748967e-06,0.0,0.9999931805261891,0.0
3424,Normal,Normal,0.0,6.819473810748967e-06,0.008311199525030207,0.991681981001159,0.0
3425,Normal,Normal,0.003649978477912319,0.025613920902158017,0.011876692235649884,0.9011036036284215,0.057755804755858266
3426,DoS/DDoS,DoS/DDoS,0.0,0.0,1.0,0.0,0.0
3427,DoS/DDoS,DoS/DDoS,0.0,0.0,1.0,0.0,0.0
3428,Normal,Bot,0.914182440986671,0.0,0.00010474303355153435,0.08571281597977733,0.0
3429,Bot,Bot,1.0,0.0,0.0,0.0,0.0
3430,Normal,Normal,0.0,0.0065428704566635595,0.0,0.9934571295433365,0.0
3431,DoS/DDoS,DoS/DDoS,0.0,0.0,1.0,0.0,0.0
3432,DoS/DDoS,DoS/DDoS,0.0,0.0,1.0,0.0,0.0
3433,Normal,Normal,0.0,0.0,0.0,1.0,0.0
3434,Normal,Normal,0.0,6.819473810748967e-06,0.0,0.9999931805261891,0.0
3435,DoS/DDoS,DoS/DDoS,0.0,0.0,0.9998865803330991,0.00011341966690102105,0.0
3436,Brute Force,Brute Force,0.0,0.9999754714906288,0.0,2.452850937120762e-05,0.0
3437,Normal,Normal,0.0010252159614789497,0.03951034205111623,0.004055791570993761,0.917896616658072,0.037512033758338795
3438,Normal,Normal,0.0,6.819473810748967e-06,0.0,0.9999931805261891,0.0
3439,Web Attack,Web Attack,0.00032907647963916875,0.27909507857656174,0.04688227670132088,0.1675137452491155,0.5061798229933622
3440,Brute Force,Brute Force,0.0,1.0,0.0,0.0,0.0
3441,Brute Force,Brute Force,0.0,1.0,0.0,0.0,0.0
3442,Normal,Normal,0.0,0.0,0.0,1.0,0.0
3443,Brute Force,Brute Force,0.0,0.9999754714906288,0.0,2.452850937120762e-05,0.0
3444,Normal,Normal,0.0,0.0,0.0,1.0,0.0
3445,Brute Force,Brute Force,0.0,0.9999754714906288,0.0,2.452850937120762e-05,0.0
3446,Normal,Normal,0.0,0.0,0.0,1.0,0.0
3447,Brute Force,Brute Force,0.0,0.9999754714906288,0.0,2.452850937120762e-05,0.0
3448,Normal,Normal,0.0010252159614789497,0.03951034205111623,0.004055791570993761,0.917896616658072,0.037512033758338795
3449,DoS/DDoS,DoS/DDoS,0.0,0.0,0.9999915125871316,8.487412868436374e-06,0.0
3450,DoS/DDoS,DoS/DDoS,0.0,0.0,1.0,0.0,0.0
3451,DoS/DDoS,DoS/DDoS,0.0,0.0036948219668649523,0.9536001670867696,0.029998562151954098,0.012706448794411183
3452,DoS/DDoS,DoS/DDoS,0.0,0.0,1.0,0.0,0.0
3453,Normal,Normal,0.0,6.819473810748967e-06,0.0,0.9999931805261891,0.0
3454,DoS/DDoS,DoS/DDoS,0.0,0.0,0.9733928054176607,0.0266071945823393,0.0
3455,Normal,Normal,0.0,6.819473810748967e-06,0.0,0.9999931805261891,0.0
3456,Brute Force,Brute Force,0.0,1.0,0.0,0.0,0.0
3457,Brute Force,Web Attack,0.0,0.39679093771299717,0.0004255609830866665,0.0012618027543853743,0.6015216985495307
3458,Brute Force,Brute Force,0.0,1.0,0.0,0.0,0.0
3459,DoS/DDoS,DoS/DDoS,0.0,0.0,1.0,0.0,0.0
3460,Normal,Normal,0.0,6.819473810748967e-06,0.0,0.9999931805261891,0.0
3461,Normal,Normal,0.0010252159614789497,0.03951034205111623,0.004055791570993761,0.917896616658072,0.037512033758338795
3462,Brute Force,Web Attack,0.0,0.21777561992078,0.0004985439319532886,0.0018199865387811068,0.7799058496084852
3463,DoS/DDoS,DoS/DDoS,0.0,0.0,1.0,0.0,0.0
3464,Brute Force,Brute Force,0.0,1.0,0.0,0.0,0.0
3465,Normal,Normal,0.0,0.19534511607796418,0.0004985439319532886,0.4075364220950398,0.3966199178950425
3466,Normal,Normal,0.18280391698657453,0.0,5.5998206946025015e-05,0.8171400848064796,0.0
3467,DoS/DDoS,DoS/DDoS,0.0,0.0,1.0,0.0,0.0
3468,Normal,Normal,0.0,6.819473810748967e-06,0.0,0.9999931805261891,0.0
3469,Normal,Normal,0.0010252159614789497,0.03951034205111623,0.004055791570993761,0.917896616658072,0.037512033758338795
3470,Normal,Normal,0.0,0.0,0.0,1.0,0.0
3471,DoS/DDoS,DoS/DDoS,0.0,0.0,1.0,0.0,0.0
3472,DoS/DDoS,DoS/DDoS,0.0,0.0,1.0,0.0,0.0
3473,Normal,Normal,0.0010252159614789497,0.03951034205111623,0.004055791570993761,0.917896616658072,0.037512033758338795
3474,DoS/DDoS,Web Attack,0.00010988690357994182,0.032486138648455204,0.09400043463494104,0.2629363175571562,0.6104672222558676
3475,Brute Force,Brute Force,0.0,0.9965388235294117,0.0034611764705882353,0.0,0.0
3476,DoS/DDoS,DoS/DDoS,0.0,0.0,1.0,0.0,0.0
3477,Brute Force,Brute Force,0.0,0.9999754714906288,0.0,2.452850937120762e-05,0.0
3478,DoS/DDoS,DoS/DDoS,0.0,0.0,1.0,0.0,0.0
3479,Normal,Normal,0.036667441771170275,0.0,0.0008758919451295575,0.9624566662837003,0.0
3480,Normal,Normal,0.0,6.819473810748967e-06,0.0,0.9999931805261891,0.0
3481,Brute Force,Brute Force,0.0,0.9999754714906288,0.0,2.452850937120762e-05,0.0
3482,Normal,Normal,0.0,0.0,3.273209551560448e-05,0.9999672679044843,0.0
3483,Normal,Normal,0.01912649415473532,0.0,0.0,0.9808735058452647,0.0
3484,Brute Force,Brute Force,0.0,0.9999754714906288,0.0,2.452850937120762e-05,0.0
3485,Brute Force,Brute Force,0.0,1.0,0.0,0.0,0.0
3486,Brute Force,Brute Force,0.0,1.0,0.0,0.0,0.0
3487,Normal,Normal,0.0,0.007903016633775023,0.14620071948451344,0.7972806781187345,0.04861558576297699
3488,Normal,Normal,0.0,0.01,0.0,0.99,0.0
3489,Brute Force,Web Attack,0.0,0.11528911670033919,0.055879530120166124,0.12334418000015629,0.7054871731793384
3490,Bot,Bot,0.999928535227931,0.0,5.39913091401014e-06,6.606564115514711e-05,0.0
3491,Normal,Normal,0.01409317075097328,0.008273442424754173,0.0007946972990394691,0.9697486373740548,0.007090052151178238
3492,Normal,Normal,0.0,6.819473810748967e-06,0.0,0.9999931805261891,0.0
3493,DoS/DDoS,DoS/DDoS,0.0,0.0,0.9999126761156112,8.732388438904994e-05,0.0
3494,DoS/DDoS,DoS/DDoS,0.0,0.0,1.0,0.0,0.0
3495,Brute Force,Brute Force,0.00032907647963916875,0.8129655536751844,0.009296250769246686,0.1006775255904124,0.07673159348551731
3496,Normal,Normal,0.0,0.0,0.0,1.0,0.0
3497,DoS/DDoS,DoS/DDoS,0.0,0.0,1.0,0.0,0.0
3498,Normal,Normal,0.0,6.819473810748967e-06,0.0,0.9999931805261891,0.0
3499,Brute Force,Brute Force,0.0,0.9999754714906288,0.0,2.452850937120762e-05,0.0
3500,DoS/DDoS,DoS/DDoS,0.0,0.0,0.9987003671219048,0.0012996328780952155,0.0
3501,Brute Force,Brute Force,0.0,0.9999754714906288,0.0,2.452850937120762e-05,0.0
3502,Normal,Normal,0.0,0.0,0.01,0.99,0.0
3503,Normal,Normal,0.0,0.0,0.0,1.0,0.0
3504,DoS/DDoS,DoS/DDoS,0.0,0.0,1.0,0.0,0.0
3505,Normal,Normal,0.01,0.0,0.0,0.99,0.0
3506,Normal,Web Attack,0.0,0.2941209041104248,0.00043546273942595337,0.12587513423850635,0.5795684989116427
3507,Brute Force,Brute Force,0.0,0.9999754714906288,0.0,2.452850937120762e-05,0.0
3508,Normal,Normal,0.0,6.819473810748967e-06,0.0,0.9999931805261891,0.0
3509,DoS/DDoS,DoS/DDoS,0.0,0.0,1.0,0.0,0.0
3510,DoS/DDoS,DoS/DDoS,0.0,0.0,1.0,0.0,0.0
3511,Normal,Normal,0.0,0.0,0.0,1.0,0.0
3512,Normal,Normal,0.0,0.0,0.0,1.0,0.0
3513,DoS/DDoS,DoS/DDoS,0.0,0.0038230018572700353,0.970169021463055,0.013301527885263897,0.012706448794411183
3514,Normal,Normal,0.0,6.819473810748967e-06,0.0,0.9999931805261891,0.0
3515,Normal,Normal,0.0,6.819473810748967e-06,0.0,0.9999931805261891,0.0
3516,Brute Force,Brute Force,0.0,1.0,0.0,0.0,0.0
3517,Brute Force,Brute Force,0.0,0.9999754714906288,0.0,2.452850937120762e-05,0.0
3518,Normal,Normal,0.0,6.819473810748967e-06,0.0,0.9999931805261891,0.0
3519,DoS/DDoS,DoS/DDoS,0.0,0.0,1.0,0.0,0.0
3520,Normal,Normal,0.0,0.0,0.0,1.0,0.0
3521,DoS/DDoS,DoS/DDoS,0.0,0.0,1.0,0.0,0.0
3522,Normal,Normal,0.0,6.819473810748967e-06,0.0,0.9999931805261891,0.0
3523,Brute Force,Brute Force,0.0,1.0,0.0,0.0,0.0
3524,Brute Force,Brute Force,0.0,1.0,0.0,0.0,0.0
3525,Normal,Normal,0.0010252159614789497,0.03951034205111623,0.004055791570993761,0.917896616658072,0.037512033758338795
3526,Brute Force,Brute Force,0.0,1.0,0.0,0.0,0.0
3527,Normal,Normal,0.0,6.819473810748967e-06,0.0,0.9999931805261891,0.0
3528,Brute Force,Brute Force,0.0,0.9753905636785944,0.0,0.024609436321405588,0.0
3529,Normal,Normal,0.0,6.819473810748967e-06,0.0,0.9999931805261891,0.0
3530,Normal,Normal,0.0010252159614789497,0.03951034205111623,0.004055791570993761,0.917896616658072,0.037512033758338795
3531,DoS/DDoS,DoS/DDoS,0.0,0.0,1.0,0.0,0.0
3532,Brute Force,Brute Force,0.0,1.0,0.0,0.0,0.0
3533,DoS/DDoS,DoS/DDoS,0.0,0.0,0.999954120721542,4.5879278458127466e-05,0.0
3534,Brute Force,Brute Force,0.0,1.0,0.0,0.0,0.0
3535,DoS/DDoS,DoS/DDoS,0.0,0.0,1.0,0.0,0.0
3536,DoS/DDoS,DoS/DDoS,0.0,0.0,1.0,0.0,0.0
3537,Normal,Normal,0.0,0.17239712150859404,0.00037865738613959845,0.6175421230553806,0.2096820980498855
3538,Bot,Bot,0.999928535227931,0.0,5.39913091401014e-06,6.606564115514711e-05,0.0
3539,Bot,Bot,1.0,0.0,0.0,0.0,0.0
3540,Normal,Normal,0.0,6.819473810748967e-06,0.0,0.9999931805261891,0.0
3541,Brute Force,Brute Force,0.0,1.0,0.0,0.0,0.0
3542,Brute Force,Brute Force,0.0,1.0,0.0,0.0,0.0
3543,DoS/DDoS,DoS/DDoS,0.0,0.0,1.0,0.0,0.0
3544,Normal,Normal,0.0,6.819473810748967e-06,0.0,0.9999931805261891,0.0
3545,Bot,Bot,1.0,0.0,0.0,0.0,0.0
3546,DoS/DDoS,DoS/DDoS,0.0,0.0,1.0,0.0,0.0
3547,DoS/DDoS,DoS/DDoS,0.0,0.0,0.9949090954796901,0.00509090452030999,0.0
3548,Normal,Normal,0.0,6.819473810748967e-06,0.0,0.9999931805261891,0.0
3549,DoS/DDoS,DoS/DDoS,0.0,0.0,1.0,0.0,0.0
3550,DoS/DDoS,DoS/DDoS,0.0,0.0,1.0,0.0,0.0
3551,Normal,Normal,0.0,0.0,0.0,1.0,0.0
3552,Normal,Normal,0.0,6.819473810748967e-06,0.0,0.9999931805261891,0.0
3553,DoS/DDoS,DoS/DDoS,0.0,0.0,1.0,0.0,0.0
3554,Normal,Normal,0.0,0.0,0.0,1.0,0.0
3555,Normal,Normal,0.0,6.819473810748967e-06,0.0,0.9999931805261891,0.0
3556,DoS/DDoS,DoS/DDoS,0.0,0.0,1.0,0.0,0.0
3557,DoS/DDoS,DoS/DDoS,0.0,0.0,1.0,0.0,0.0
3558,Normal,Normal,0.0,6.819473810748967e-06,0.0,0.9999931805261891,0.0
3559,DoS/DDoS,DoS/DDoS,0.0,0.0,1.0,0.0,0.0
3560,Brute Force,Brute Force,0.0,1.0,0.0,0.0,0.0
3561,DoS/DDoS,DoS/DDoS,0.0,0.0,0.9984619120281298,0.0015380879718702584,0.0
3562,Normal,Normal,0.0,6.819473810748967e-06,0.0,0.9999931805261891,0.0
3563,Brute Force,Brute Force,0.0,1.0,0.0,0.0,0.0
3564,Normal,Normal,0.0,6.819473810748967e-06,0.0,0.9999931805261891,0.0
3565,Normal,Normal,0.0,6.819473810748967e-06,0.0,0.9999931805261891,0.0
3566,Normal,Normal,0.01770411607175686,0.0,3.7854604607592724e-06,0.9822920984677824,0.0
3567,Web Attack,Brute Force,0.0,0.6787369159077283,0.00043546273942595337,0.0015651319964767258,0.31926248935636864
3568,DoS/DDoS,DoS/DDoS,0.0,0.0,1.0,0.0,0.0
3569,DoS/DDoS,DoS/DDoS,0.0,0.0,1.0,0.0,0.0
3570,DoS/DDoS,DoS/DDoS,0.0,0.0,1.0,0.0,0.0
3571,Brute Force,Brute Force,0.0,0.9999754714906288,0.0,2.452850937120762e-05,0.0
3572,Normal,Normal,0.0,0.0,0.004983026621404323,0.9950169733785956,0.0
3573,Brute Force,Brute Force,0.0,1.0,0.0,0.0,0.0
3574,DoS/DDoS,DoS/DDoS,0.0,0.0,0.9794043698836383,0.020595630116361608,0.0
3575,Brute Force,Brute Force,0.0,0.6551214871532001,0.0004402115070105195,0.0063176865195422064,0.33812061482024697
3576,Brute Force,Brute Force,0.00010988690357994182,0.6711386294407947,0.010244333963399804,0.03690485134906255,0.28160229834316297
3577,Normal,Normal,0.0,0.0,0.0,1.0,0.0
3578,DoS/DDoS,DoS/DDoS,0.0,0.0,1.0,0.0,0.0
3579,DoS/DDoS,DoS/DDoS,0.0,0.0,1.0,0.0,0.0
3580,DoS/DDoS,DoS/DDoS,0.0,0.0,1.0,0.0,0.0
3581,DoS/DDoS,DoS/DDoS,0.0,0.0,1.0,0.0,0.0
3582,DoS/DDoS,DoS/DDoS,0.0,0.0,1.0,0.0,0.0
3583,DoS/DDoS,DoS/DDoS,0.0,0.0,1.0,0.0,0.0
3584,Normal,Normal,0.0,6.819473810748967e-06,0.0,0.9999931805261891,0.0
3585,Brute Force,Brute Force,0.0,1.0,0.0,0.0,0.0
3586,Brute Force,Brute Force,0.0,1.0,0.0,0.0,0.0
3587,Brute Force,Brute Force,0.0,0.9999754714906288,0.0,2.452850937120762e-05,0.0
3588,DoS/DDoS,DoS/DDoS,0.0,0.0,1.0,0.0,0.0
3589,Brute Force,Brute Force,0.0,0.9999754714906288,0.0,2.452850937120762e-05,0.0
3590,DoS/DDoS,DoS/DDoS,0.0,0.0,1.0,0.0,0.0
3591,Brute Force,Brute Force,0.0,0.9999754714906288,0.0,2.452850937120762e-05,0.0
3592,Normal,Normal,0.0,0.0,0.0,1.0,0.0
3593,Normal,Normal,0.0,0.0,0.0,1.0,0.0
3594,Normal,Normal,0.0,6.819473810748967e-06,0.0,0.9999931805261891,0.0
3595,Brute Force,Brute Force,0.0,1.0,0.0,0.0,0.0
3596,DoS/DDoS,DoS/DDoS,0.0,0.0,1.0,0.0,0.0
3597,Brute Force,Brute Force,0.0,0.7035173319974153,0.0,0.28732859066399036,0.009154077338594293
3598,Bot,Bot,1.0,0.0,0.0,0.0,0.0
3599,Brute Force,Brute Force,0.0,0.9999754714906288,0.0,2.452850937120762e-05,0.0
3600,Bot,Bot,1.0,0.0,0.0,0.0,0.0
3601,Normal,Normal,0.0010252159614789497,0.03951034205111623,0.004055791570993761,0.917896616658072,0.037512033758338795
3602,Normal,Bot,0.9539210039344478,0.0,0.00010474303355153435,0.04597425303200056,0.0
3603,Normal,Normal,0.0,0.0,0.0,1.0,0.0
3604,DoS/DDoS,DoS/DDoS,0.0,0.0,0.9933761972805771,0.00662380271942274,0.0
3605,DoS/DDoS,DoS/DDoS,0.0,0.014970296357590366,0.9332557838862915,0.023648502199537087,0.028125417556580993
3606,Normal,Normal,0.0,0.0,0.0,1.0,0.0
3607,Normal,Normal,0.00010988690357994182,0.015505807588643712,0.034180955938892726,0.8852821744093039,0.06492117515957953
3608,DoS/DDoS,DoS/DDoS,0.0,0.0,1.0,0.0,0.0
3609,Brute Force,Brute Force,0.0,1.0,0.0,0.0,0.0
3610,Normal,Normal,0.00010988690357994182,0.00880857574015873,0.028232928130804278,0.8954535706524669,0.06739503857298987
3611,DoS/DDoS,DoS/DDoS,0.0,0.0,1.0,0.0,0.0
3612,Bot,Bot,0.9432668652727518,0.0,0.00010474303355153435,0.05662839169369659,0.0
3613,Brute Force,Brute Force,0.0,1.0,0.0,0.0,0.0
3614,DoS/DDoS,DoS/DDoS,0.0,0.0,0.9999915125871316,8.487412868436374e-06,0.0
3615,Normal,Normal,0.0,6.819473810748967e-06,0.0,0.9999931805261891,0.0
3616,DoS/DDoS,DoS/DDoS,0.0,0.0,0.9300669100499609,0.0699330899500392,0.0
3617,Brute Force,Brute Force,0.0,1.0,0.0,0.0,0.0
3618,Normal,Web Attack,0.0,0.3136162476946556,0.00043546273942595337,0.09964035072543637,0.5863079388404819
3619,DoS/DDoS,DoS/DDoS,0.0,0.0,1.0,0.0,0.0
3620,DoS/DDoS,DoS/DDoS,0.0,0.0,1.0,0.0,0.0
3621,Brute Force,Brute Force,0.0,0.9972237017875853,0.0,0.0027762982124146063,0.0
3622,Normal,Normal,0.0,0.0,0.0003903588054569994,0.999609641194543,0.0
3623,Normal,Normal,0.0,6.819473810748967e-06,0.0,0.9999931805261891,0.0
3624,Bot,Bot,1.0,0.0,0.0,0.0,0.0
3625,DoS/DDoS,DoS/DDoS,0.0,0.0,1.0,0.0,0.0
3626,DoS/DDoS,DoS/DDoS,0.0,0.0,1.0,0.0,0.0
3627,DoS/DDoS,DoS/DDoS,0.0,0.0,1.0,0.0,0.0
3628,Brute Force,Brute Force,0.00032907647963916875,0.6395666937670487,0.009900706119193418,0.26496694994001435,0.08523657369410437
3629,DoS/DDoS,DoS/DDoS,0.0,0.0,1.0,0.0,0.0
3630,Normal,Normal,0.008751105409827315,0.03951034205111623,0.004055791570993761,0.9101707272097235,0.037512033758338795
3631,Brute Force,Brute Force,0.0,1.0,0.0,0.0,0.0
3632,Normal,Normal,0.0,0.0,0.0,0.9903041982105988,0.00969580178940124
3633,Normal,Normal,0.0,0.01652289969092442,0.01,0.9734771003090756,0.0
3634,Brute Force,Brute Force,0.0,1.0,0.0,0.0,0.0
3635,DoS/DDoS,DoS/DDoS,0.0,0.0,1.0,0.0,0.0
3636,DoS/DDoS,DoS/DDoS,0.0,0.0,1.0,0.0,0.0
3637,Brute Force,Brute Force,0.0,0.9999754714906288,0.0,2.452850937120762e-05,0.0
3638,DoS/DDoS,DoS/DDoS,0.0,0.0,1.0,0.0,0.0
3639,DoS/DDoS,DoS/DDoS,0.0,0.0,1.0,0.0,0.0
3640,DoS/DDoS,DoS/DDoS,0.0,0.0,1.0,0.0,0.0
3641,DoS/DDoS,DoS/DDoS,0.0,0.0,0.9984619120281298,0.0015380879718702584,0.0
3642,DoS/DDoS,DoS/DDoS,0.0,0.0,1.0,0.0,0.0
3643,DoS/DDoS,DoS/DDoS,0.0,0.0,1.0,0.0,0.0
3644,Normal,Normal,0.0,0.0,0.0,1.0,0.0
3645,Normal,Normal,0.0,0.0,0.0013441143104052922,0.9986558856895946,0.0
3646,Bot,Bot,0.9506901352514742,0.0,0.00010474303355153435,0.049205121714974244,0.0
3647,Brute Force,Brute Force,0.0,0.8956087652469082,0.00037865738613959845,0.001090389442837566,0.1029221879241145
3648,DoS/DDoS,DoS/DDoS,0.0,0.0,1.0,0.0,0.0
3649,Normal,Normal,0.0,6.819473810748967e-06,0.0,0.9999931805261891,0.0
3650,Bot,Bot,0.999928535227931,0.0,5.39913091401014e-06,6.606564115514711e-05,0.0
3651,DoS/DDoS,DoS/DDoS,0.0,0.0,1.0,0.0,0.0
3652,DoS/DDoS,DoS/DDoS,0.0,0.0,1.0,0.0,0.0
3653,Brute Force,Brute Force,0.0,1.0,0.0,0.0,0.0
3654,Normal,Normal,0.0,6.819473810748967e-06,0.0,0.9999931805261891,0.0
3655,DoS/DDoS,DoS/DDoS,0.0,0.0,1.0,0.0,0.0
3656,Brute Force,Brute Force,0.0,0.9999754714906288,0.0,2.452850937120762e-05,0.0
3657,Normal,Normal,0.0,6.819473810748967e-06,0.0,0.9999931805261891,0.0
3658,Brute Force,Brute Force,0.0,1.0,0.0,0.0,0.0
3659,Normal,Normal,0.0,0.0,0.0,1.0,0.0
3660,DoS/DDoS,DoS/DDoS,0.0,0.0,1.0,0.0,0.0
3661,Normal,Normal,0.0,6.819473810748967e-06,0.0,0.9999931805261891,0.0
3662,Brute Force,Brute Force,0.0,1.0,0.0,0.0,0.0
3663,DoS/DDoS,DoS/DDoS,0.0,0.008174957137702762,0.9447766091206983,0.007809496114417755,0.03923893762718136
3664,Normal,Bot,0.9388336031097232,0.0,0.00010474303355153435,0.061061653856725184,0.0
3665,Normal,Normal,0.0,0.0,0.0,1.0,0.0
3666,Normal,Normal,0.0,6.819473810748967e-06,0.0,0.9999931805261891,0.0
3667,Normal,Normal,0.0,0.0,0.0,1.0,0.0
3668,DoS/DDoS,DoS/DDoS,0.0,0.0,1.0,0.0,0.0
3669,Normal,Normal,0.0,6.819473810748967e-06,0.0,0.9999931805261891,0.0
3670,Normal,Normal,0.0,6.819473810748967e-06,0.0,0.9999931805261891,0.0
3671,Normal,Normal,0.0,0.0,0.0,1.0,0.0
3672,DoS/DDoS,DoS/DDoS,0.0,0.0,1.0,0.0,0.0
3673,DoS/DDoS,DoS/DDoS,0.0,0.0,0.993059814159551,0.006940185840449004,0.0
3674,Normal,Normal,0.0,6.819473810748967e-06,0.0,0.9999931805261891,0.0
3675,DoS/DDoS,DoS/DDoS,0.0,0.0,1.0,0.0,0.0
3676,Normal,Normal,0.0010252159614789497,0.03951034205111623,0.004055791570993761,0.917896616658072,0.037512033758338795
3677,DoS/DDoS,DoS/DDoS,0.0,0.0,0.999023673034044,0.0009763269659559715,0.0
3678,Normal,Normal,0.0010252159614789497,0.03951034205111623,0.004055791570993761,0.917896616658072,0.037512033758338795
3679,Normal,Normal,0.0,0.0,0.0,1.0,0.0
3680,DoS/DDoS,DoS/DDoS,0.0,0.0,1.0,0.0,0.0
3681,Brute Force,Brute Force,0.0,1.0,0.0,0.0,0.0
3682,Normal,Normal,0.0010252159614789497,0.03951034205111623,0.004055791570993761,0.917896616658072,0.037512033758338795
3683,Normal,Normal,0.0,6.819473810748967e-06,0.0,0.9999931805261891,0.0
3684,DoS/DDoS,DoS/DDoS,0.0,0.0,1.0,0.0,0.0
3685,Bot,Bot,0.9434781560777615,0.0,0.00010474303355153435,0.05641710088868703,0.0
3686,Normal,Normal,0.0,6.819473810748967e-06,0.0,0.9999931805261891,0.0
3687,Brute Force,Brute Force,0.0,1.0,0.0,0.0,0.0
3688,Brute Force,Brute Force,0.0,1.0,0.0,0.0,0.0
3689,Brute Force,Brute Force,0.0,1.0,0.0,0.0,0.0
3690,DoS/DDoS,DoS/DDoS,0.0,0.0,1.0,0.0,0.0
3691,Brute Force,Brute Force,0.0,1.0,0.0,0.0,0.0
3692,Brute Force,Brute Force,0.0,1.0,0.0,0.0,0.0
3693,Normal,Normal,0.0,6.819473810748967e-06,0.0,0.9999931805261891,0.0
3694,Normal,Normal,0.0,0.0,0.0,1.0,0.0
3695,DoS/DDoS,DoS/DDoS,0.0,0.0,1.0,0.0,0.0
3696,DoS/DDoS,DoS/DDoS,0.0,0.0,1.0,0.0,0.0
3697,Brute Force,Brute Force,0.0,1.0,0.0,0.0,0.0
3698,DoS/DDoS,DoS/DDoS,0.0,0.0,1.0,0.0,0.0
3699,DoS/DDoS,DoS/DDoS,0.0,0.0,1.0,0.0,0.0
3700,Normal,Normal,0.0,6.819473810748967e-06,0.0,0.9999931805261891,0.0
3701,Normal,Normal,0.18280391698657453,0.0,5.5998206946025015e-05,0.8171400848064796,0.0
3702,Normal,Normal,0.0,6.819473810748967e-06,0.0,0.9999931805261891,0.0
3703,Brute Force,Web Attack,0.0,0.03563944267162147,0.00043286010853947827,0.0020332758587536344,0.9618944213610854
3704,Brute Force,Brute Force,0.0,0.9999754714906288,0.0,2.452850937120762e-05,0.0
3705,Normal,Normal,0.0,0.0,0.0,1.0,0.0
3706,DoS/DDoS,DoS/DDoS,0.0,0.0,1.0,0.0,0.0
3707,Normal,Normal,0.0,0.0,0.0,1.0,0.0
3708,Brute Force,Brute Force,0.0,0.9999754714906288,0.0,2.452850937120762e-05,0.0
3709,DoS/DDoS,DoS/DDoS,0.0,0.0,1.0,0.0,0.0
3710,Normal,Normal,0.0,6.819473810748967e-06,0.0,0.9999931805261891,0.0
3711,DoS/DDoS,DoS/DDoS,0.0,0.0,1.0,0.0,0.0
3712,Normal,Normal,0.0,0.0,0.0001677912773176141,0.9998322087226823,0.0
3713,Brute Force,Brute Force,0.0,1.0,0.0,0.0,0.0
3714,Brute Force,Brute Force,0.0,0.9999754714906288,0.0,2.452850937120762e-05,0.0
3715,DoS/DDoS,DoS/DDoS,0.0,0.0,1.0,0.0,0.0
3716,Brute Force,Brute Force,0.0,1.0,0.0,0.0,0.0
3717,Normal,Normal,0.0010252159614789497,0.03011704405671127,0.0030713680039593473,0.939008349771479,0.026778022206371346
3718,Normal,Normal,0.0,6.819473810748967e-06,0.0,0.9999931805261891,0.0
3719,DoS/DDoS,DoS/DDoS,0.0,0.0,1.0,0.0,0.0
3720,Brute Force,Brute Force,0.0,0.9999754714906288,0.0,2.452850937120762e-05,0.0
3721,Brute Force,Brute Force,0.0,1.0,0.0,0.0,0.0
3722,Normal,Normal,0.0,6.819473810748967e-06,0.0,0.9999931805261891,0.0
3723,Normal,Normal,0.0,0.0,0.02692099414129675,0.963344788907186,0.009734216951517265
3724,Normal,Normal,0.0010252159614789497,0.011550745855543255,0.0010652997002062487,0.9767728741269179,0.009585864355853705
3725,Brute Force,Brute Force,0.0,0.9999754714906288,0.0,2.452850937120762e-05,0.0
3726,Brute Force,Brute Force,0.0,0.9999754714906288,0.0,2.452850937120762e-05,0.0
3727,Brute Force,Brute Force,0.0,1.0,0.0,0.0,0.0
3728,Normal,Normal,0.0,6.819473810748967e-06,0.0,0.9999931805261891,0.0
3729,Brute Force,Brute Force,0.0,1.0,0.0,0.0,0.0
3730,DoS/DDoS,DoS/DDoS,0.0,0.0,1.0,0.0,0.0
3731,Normal,Normal,0.0,6.819473810748967e-06,0.0,0.9999931805261891,0.0
3732,Normal,Normal,0.0,0.0,3.273209551560448e-05,0.9999672679044843,0.0
3733,Brute Force,Brute Force,0.0,1.0,0.0,0.0,0.0
3734,DoS/DDoS,DoS/DDoS,0.0,0.0,1.0,0.0,0.0
3735,DoS/DDoS,DoS/DDoS,0.0,0.0,1.0,0.0,0.0
3736,Normal,Normal,0.0,0.0,0.0,1.0,0.0
3737,DoS/DDoS,DoS/DDoS,0.0,0.0,1.0,0.0,0.0
3738,DoS/DDoS,DoS/DDoS,0.0,0.0,1.0,0.0,0.0
3739,Normal,Normal,0.0,0.0,0.0,1.0,0.0
3740,Brute Force,Brute Force,0.0,1.0,0.0,0.0,0.0
3741,Brute Force,Brute Force,0.0,1.0,0.0,0.0,0.0
3742,Normal,Normal,0.036667441771170275,0.0,0.0008758919451295575,0.9624566662837003,0.0
3743,Brute Force,Brute Force,0.0,1.0,0.0,0.0,0.0
3744,DoS/DDoS,DoS/DDoS,0.0,0.0,1.0,0.0,0.0
3745,DoS/DDoS,DoS/DDoS,0.0,0.0,1.0,0.0,0.0
3746,Brute Force,Brute Force,0.0,1.0,0.0,0.0,0.0
3747,Normal,Normal,0.0,0.0,0.0,1.0,0.0
3748,DoS/DDoS,DoS/DDoS,0.0,0.0,1.0,0.0,0.0
3749,DoS/DDoS,DoS/DDoS,0.0,0.0001543506670166707,0.9967352685496291,0.003110380783354333,0.0
3750,DoS/DDoS,DoS/DDoS,0.0,0.0,1.0,0.0,0.0
3751,Normal,Normal,0.01808135882405249,0.0,0.0008893996244936336,0.981029241551454,0.0
3752,Brute Force,Brute Force,0.0,1.0,0.0,0.0,0.0
3753,DoS/DDoS,DoS/DDoS,0.0,0.0,1.0,0.0,0.0
3754,DoS/DDoS,DoS/DDoS,0.0,0.0,1.0,0.0,0.0
3755,Normal,Normal,0.0,6.819473810748967e-06,0.0,0.9999931805261891,0.0
3756,Brute Force,Brute Force,0.0,1.0,0.0,0.0,0.0
3757,DoS/DDoS,DoS/DDoS,0.0,0.0,1.0,0.0,0.0
3758,DoS/DDoS,DoS/DDoS,0.0,0.0,0.9999126761156112,8.732388438904994e-05,0.0
3759,DoS/DDoS,DoS/DDoS,0.0,0.0,1.0,0.0,0.0
3760,DoS/DDoS,DoS/DDoS,0.0,0.0,1.0,0.0,0.0
3761,Normal,Normal,0.0,0.0,0.0,1.0,0.0
3762,DoS/DDoS,DoS/DDoS,0.0,0.0,1.0,0.0,0.0
3763,DoS/DDoS,DoS/DDoS,0.0,0.0,1.0,0.0,0.0
3764,DoS/DDoS,DoS/DDoS,0.0,0.004970296357590367,0.9143452026608648,0.03335830571430878,0.04732619526723617
3765,Normal,Normal,0.0,6.819473810748967e-06,0.0,0.9999931805261891,0.0
3766,Normal,Normal,0.0,6.819473810748967e-06,0.0,0.9999931805261891,0.0
3767,DoS/DDoS,DoS/DDoS,0.0,0.0,1.0,0.0,0.0
3768,Bot,Bot,1.0,0.0,0.0,0.0,0.0
3769,DoS/DDoS,DoS/DDoS,0.0,0.0,1.0,0.0,0.0
3770,Normal,Normal,0.0,6.819473810748967e-06,0.0,0.9999931805261891,0.0
3771,Normal,Normal,0.0,6.819473810748967e-06,0.0,0.9999931805261891,0.0
3772,DoS/DDoS,DoS/DDoS,0.0,0.0,1.0,0.0,0.0
3773,Brute Force,Web Attack,0.0,0.29858707591599987,0.0004558675133510343,0.0017035462840902544,0.6992535102865584
3774,DoS/DDoS,DoS/DDoS,0.0,0.0,1.0,0.0,0.0
3775,DoS/DDoS,DoS/DDoS,0.0,0.0,1.0,0.0,0.0
3776,DoS/DDoS,DoS/DDoS,0.0,0.0,1.0,0.0,0.0
3777,DoS/DDoS,DoS/DDoS,0.0,0.0,1.0,0.0,0.0
3778,Normal,Normal,0.12387246504693795,0.0,0.0,0.8761275349530621,0.0
3779,Brute Force,Brute Force,0.0,0.9050115236930679,0.00037865738613959845,0.001090389442837566,0.09351942947795483
3780,DoS/DDoS,DoS/DDoS,0.0,0.0,1.0,0.0,0.0
3781,DoS/DDoS,DoS/DDoS,0.0,0.0,1.0,0.0,0.0
3782,Brute Force,Brute Force,0.0,1.0,0.0,0.0,0.0
3783,Brute Force,Brute Force,0.0,1.0,0.0,0.0,0.0
3784,Brute Force,Brute Force,0.0,1.0,0.0,0.0,0.0
3785,Brute Force,Brute Force,0.0,1.0,0.0,0.0,0.0
3786,DoS/DDoS,DoS/DDoS,0.0,0.0,1.0,0.0,0.0
3787,Normal,Normal,0.0,6.819473810748967e-06,0.0,0.9999931805261891,0.0
3788,Brute Force,Brute Force,0.0,0.5234503401369887,0.0004985439319532886,0.011252206670946919,0.46479890926011097
3789,Brute Force,Brute Force,0.0,1.0,0.0,0.0,0.0
3790,DoS/DDoS,DoS/DDoS,0.0,0.0,1.0,0.0,0.0
3791,DoS/DDoS,DoS/DDoS,0.0,0.0,1.0,0.0,0.0
3792,Bot,Bot,0.9432668652727518,0.0,0.00010474303355153435,0.05662839169369659,0.0
3793,Normal,Normal,0.0,6.819473810748967e-06,0.0,0.9999931805261891,0.0
3794,Normal,Normal,0.0,0.18012933002354597,0.02225931549556627,0.7976113544808875,0.0
3795,DoS/DDoS,DoS/DDoS,0.0,0.0,1.0,0.0,0.0
3796,Normal,Normal,0.0,6.819473810748967e-06,0.0,0.9999931805261891,0.0
3797,Brute Force,Brute Force,0.0,1.0,0.0,0.0,0.0
3798,Brute Force,Brute Force,0.0,1.0,0.0,0.0,0.0
3799,Normal,Normal,0.0,6.819473810748967e-06,0.0,0.9999931805261891,0.0
3800,DoS/DDoS,DoS/DDoS,0.0,0.0,1.0,0.0,0.0
3801,DoS/DDoS,DoS/DDoS,0.0,0.0,1.0,0.0,0.0
3802,DoS/DDoS,DoS/DDoS,0.0,0.0,1.0,0.0,0.0
3803,Normal,Normal,0.0,0.0,0.0,1.0,0.0
3804,DoS/DDoS,DoS/DDoS,0.0,0.0,1.0,0.0,0.0
3805,DoS/DDoS,DoS/DDoS,0.0,0.0,0.9987003671219048,0.0012996328780952155,0.0
3806,DoS/DDoS,DoS/DDoS,0.0,0.0,1.0,0.0,0.0
3807,Normal,Normal,0.00010988690357994182,0.008716435233609649,0.11880030280082429,0.8318259207418164,0.04054745432016963
3808,Web Attack,Web Attack,0.0,0.11747348782519261,0.00043546273942595337,0.007601659237365227,0.874489390198016
3809,Normal,Normal,0.0010252159614789497,0.03951034205111623,0.004055791570993761,0.917896616658072,0.037512033758338795
3810,DoS/DDoS,DoS/DDoS,0.0,0.0,1.0,0.0,0.0
3811,DoS/DDoS,DoS/DDoS,0.0,0.0,1.0,0.0,0.0
3812,Normal,Bot,0.7609587313819369,0.0,0.00010474303355153435,0.238936525584511,0.0
3813,Brute Force,Brute Force,0.0,0.880864727151354,0.00037865738613959845,0.006661542419715001,0.11209507304279129
3814,Normal,Normal,0.0,0.0,0.0,1.0,0.0
3815,DoS/DDoS,DoS/DDoS,0.0,0.0,0.9998865803330991,0.00011341966690102105,0.0
3816,Brute Force,Web Attack,0.0,0.34003597157145793,0.0004319168863920788,0.010964956620145317,0.6485671549220045
3817,DoS/DDoS,DoS/DDoS,0.0,0.0,0.9966968411573734,0.003303158842626602,0.0
3818,Normal,Normal,0.0010252159614789497,0.03951034205111623,0.004055791570993761,0.917896616658072,0.037512033758338795
3819,DoS/DDoS,DoS/DDoS,0.0,0.0,1.0,0.0,0.0
3820,DoS/DDoS,DoS/DDoS,0.0,0.0,1.0,0.0,0.0
3821,Brute Force,Brute Force,0.0,0.9999754714906288,0.0,2.452850937120762e-05,0.0
3822,Brute Force,Brute Force,0.0,1.0,0.0,0.0,0.0
3823,DoS/DDoS,DoS/DDoS,0.0,0.0,1.0,0.0,0.0
3824,Normal,Normal,0.0,0.03994181469705513,0.06313701145296992,0.8880862634236709,0.008834910426303933
3825,DoS/DDoS,DoS/DDoS,0.0,0.0,1.0,0.0,0.0
3826,Normal,Normal,0.0,0.0,0.00550327385337217,0.9944967261466278,0.0
3827,Bot,Bot,1.0,0.0,0.0,0.0,0.0
3828,DoS/DDoS,DoS/DDoS,0.0,0.0,1.0,0.0,0.0
3829,DoS/DDoS,DoS/DDoS,0.0,0.0,1.0,0.0,0.0
3830,Normal,Normal,0.0,0.004884189325276939,0.05337601707018739,0.9417397936045355,0.0
3831,DoS/DDoS,DoS/DDoS,0.0,0.0001543506670166707,0.996622449316301,0.0032232000166825484,0.0
3832,DoS/DDoS,DoS/DDoS,0.0,0.0,1.0,0.0,0.0
3833,Normal,Normal,0.0,6.819473810748967e-06,0.0,0.9999931805261891,0.0
3834,Normal,Normal,0.0,0.0,0.0,1.0,0.0
3835,Normal,Normal,0.0,6.819473810748967e-06,0.0,0.9999931805261891,0.0
3836,Normal,Normal,0.0,0.0,0.0,1.0,0.0
3837,Normal,Normal,0.0,0.0,0.0,1.0,0.0
3838,DoS/DDoS,DoS/DDoS,0.0,0.0,1.0,0.0,0.0
3839,Brute Force,Brute Force,0.0,1.0,0.0,0.0,0.0
3840,Brute Force,Brute Force,0.0,1.0,0.0,0.0,0.0
3841,Normal,Normal,0.027229353194804132,0.0,0.00037089257484997995,0.9723997542303461,0.0
3842,DoS/DDoS,DoS/DDoS,0.0,0.0,1.0,0.0,0.0
3843,Normal,Normal,0.0,6.819473810748967e-06,0.0,0.9999931805261891,0.0
3844,DoS/DDoS,DoS/DDoS,0.0,0.0,1.0,0.0,0.0
3845,Normal,Normal,0.0,6.819473810748967e-06,0.0,0.9999931805261891,0.0
3846,DoS/DDoS,DoS/DDoS,0.0,0.0,1.0,0.0,0.0
3847,Brute Force,Brute Force,0.0,1.0,0.0,0.0,0.0
3848,Brute Force,Web Attack,0.0,0.4041412211864325,0.00043286010853947827,0.011798679122105716,0.583627239582922
3849,Normal,Normal,0.01409317075097328,0.008273442424754173,0.0007946972990394691,0.9697486373740548,0.007090052151178238
3850,DoS/DDoS,DoS/DDoS,0.0,0.15508133124692114,0.7087120905438853,0.09374922037093272,0.042457357838260906
3851,Bot,Bot,0.9884761476885253,0.0,0.0,0.011523852311474632,0.0
3852,Normal,Normal,0.0,6.819473810748967e-06,0.0,0.9999931805261891,0.0
3853,Brute Force,Brute Force,0.0,0.657088898449885,0.00037865738613959845,0.021744481626033818,0.3207879625379414
3854,Brute Force,Brute Force,0.0,1.0,0.0,0.0,0.0
3855,Brute Force,Brute Force,0.0,1.0,0.0,0.0,0.0
3856,Normal,Normal,0.0,6.819473810748967e-06,0.0,0.9999931805261891,0.0
3857,DoS/DDoS,DoS/DDoS,0.0,0.0,1.0,0.0,0.0
3858,DoS/DDoS,DoS/DDoS,0.0,0.0,1.0,0.0,0.0
3859,Normal,Normal,0.0,6.819473810748967e-06,0.0,0.9999931805261891,0.0
3860,Normal,Normal,0.0,0.0,0.0,0.9901725054018633,0.0098274945981368
3861,Normal,Normal,0.0,6.819473810748967e-06,0.0,0.9999931805261891,0.0
3862,DoS/DDoS,DoS/DDoS,0.0,0.0,1.0,0.0,0.0
3863,Normal,Normal,0.0,6.819473810748967e-06,0.0,0.9999931805261891,0.0
3864,Normal,Normal,0.0,0.0,0.0,1.0,0.0
3865,Normal,Normal,0.0,0.0,0.0,1.0,0.0
3866,Brute Force,Brute Force,0.0,0.9930638479667864,0.0,0.006936152033213514,0.0
3867,Normal,Normal,0.0,6.819473810748967e-06,0.0,0.9999931805261891,0.0
3868,DoS/DDoS,DoS/DDoS,0.0,0.0,1.0,0.0,0.0
3869,DoS/DDoS,DoS/DDoS,0.0,0.0,1.0,0.0,0.0
3870,DoS/DDoS,DoS/DDoS,0.0,0.0,0.9731420034300418,0.026857996569958117,0.0
3871,Brute Force,Brute Force,0.0,1.0,0.0,0.0,0.0
3872,Normal,Normal,0.0,0.0,0.0,1.0,0.0
3873,Normal,Normal,0.0,0.0,0.0,1.0,0.0
3874,Normal,Bot,0.7577830372535801,0.0,0.00010474303355153435,0.24211221971286784,0.0
3875,Brute Force,Brute Force,0.0,0.9999754714906288,0.0,2.452850937120762e-05,0.0
3876,DoS/DDoS,DoS/DDoS,0.0,0.0,1.0,0.0,0.0
3877,Brute Force,Brute Force,0.0,1.0,0.0,0.0,0.0
3878,Normal,Bot,0.9430802975349976,0.0,0.00010474303355153435,0.05681495943145094,0.0
3879,Brute Force,Web Attack,0.00032907647963916875,0.27909507857656174,0.04688227670132088,0.1675137452491155,0.5061798229933622
3880,DoS/DDoS,DoS/DDoS,0.0,0.0,1.0,0.0,0.0
3881,Normal,Normal,0.0,6.819473810748967e-06,0.0,0.9999931805261891,0.0
3882,DoS/DDoS,DoS/DDoS,0.0,0.0,1.0,0.0,0.0
3883,Normal,Bot,0.7577830372535801,0.0,0.00010474303355153435,0.24211221971286784,0.0
3884,DoS/DDoS,DoS/DDoS,0.0,0.0,1.0,0.0,0.0
3885,DoS/DDoS,DoS/DDoS,0.0,0.0,1.0,0.0,0.0
3886,DoS/DDoS,DoS/DDoS,0.0,0.0,1.0,0.0,0.0
3887,Brute Force,Brute Force,0.0,1.0,0.0,0.0,0.0
3888,Normal,Normal,0.0,6.819473810748967e-06,0.0,0.9999931805261891,0.0
3889,DoS/DDoS,DoS/DDoS,0.0,0.0,1.0,0.0,0.0
3890,Normal,Normal,0.0,6.819473810748967e-06,0.0,0.9999931805261891,0.0
3891,DoS/DDoS,DoS/DDoS,0.0,0.0,1.0,0.0,0.0
3892,DoS/DDoS,DoS/DDoS,0.0,0.0,0.9933284101195864,0.00667158988041355,0.0
3893,Brute Force,Brute Force,0.0,1.0,0.0,0.0,0.0
3894,DoS/DDoS,DoS/DDoS,0.0,0.0,0.9998865803330991,0.00011341966690102105,0.0
3895,Normal,Normal,0.0,6.819473810748967e-06,0.0,0.9999931805261891,0.0
3896,Normal,Normal,0.0,6.819473810748967e-06,0.0,0.9999931805261891,0.0
3897,Normal,Normal,0.0,6.819473810748967e-06,0.0,0.9999931805261891,0.0
3898,Normal,Normal,0.036667441771170275,0.0,0.0008758919451295575,0.9624566662837003,0.0
3899,DoS/DDoS,DoS/DDoS,0.0,0.0,0.9999126761156112,8.732388438904994e-05,0.0
3900,Normal,Normal,0.0,0.0,0.0,1.0,0.0
3901,DoS/DDoS,DoS/DDoS,0.0,0.0,1.0,0.0,0.0
3902,Normal,Normal,0.0,6.819473810748967e-06,0.0,0.9999931805261891,0.0
3903,DoS/DDoS,DoS/DDoS,0.0,0.0,1.0,0.0,0.0
3904,Normal,Normal,0.0,0.0,0.0,1.0,0.0
3905,Normal,Normal,0.0,0.0,0.0,1.0,0.0
3906,Normal,Normal,0.0,6.819473810748967e-06,0.0,0.9999931805261891,0.0
3907,Brute Force,Brute Force,0.0,0.802284491829405,0.0004186102716035083,0.0012394021253956272,0.1960574957735956
3908,Brute Force,Brute Force,0.0,1.0,0.0,0.0,0.0
3909,Normal,Normal,0.0,6.819473810748967e-06,0.0,0.9999931805261891,0.0
3910,Brute Force,Brute Force,0.0,1.0,0.0,0.0,0.0
3911,Brute Force,Brute Force,0.0,0.7603662233717771,0.00037865738613959845,0.001090389442837566,0.23816472979924552
3912,DoS/DDoS,DoS/DDoS,0.0,0.0,1.0,0.0,0.0
3913,Normal,Normal,0.0,6.819473810748967e-06,0.007504292459579339,0.99248888806661,0.0
3914,Normal,Normal,0.18280391698657453,0.0,5.5998206946025015e-05,0.8171400848064796,0.0
3915,DoS/DDoS,DoS/DDoS,0.0,0.0,0.9663380529581798,0.03366194704182015,0.0
3916,DoS/DDoS,DoS/DDoS,0.0,0.008174957137702762,0.9447766091206983,0.007809496114417755,0.03923893762718136
3917,Brute Force,Brute Force,0.0,0.8459960151102645,0.0004169715476717681,0.012458053442821854,0.14112895989924165
3918,Bot,Bot,1.0,0.0,0.0,0.0,0.0
3919,Normal,Normal,0.0,6.819473810748967e-06,0.0,0.9999931805261891,0.0
3920,DoS/DDoS,DoS/DDoS,0.0,0.0,1.0,0.0,0.0
3921,DoS/DDoS,DoS/DDoS,0.0,0.0,1.0,0.0,0.0
3922,Brute Force,Brute Force,0.0,0.9999754714906288,0.0,2.452850937120762e-05,0.0
3923,DoS/DDoS,DoS/DDoS,0.0,0.0,1.0,0.0,0.0
3924,Normal,Normal,0.0,6.819473810748967e-06,0.0,0.9999931805261891,0.0
3925,DoS/DDoS,DoS/DDoS,0.0,0.0,1.0,0.0,0.0
3926,DoS/DDoS,DoS/DDoS,0.0,0.0,1.0,0.0,0.0
3927,Brute Force,Brute Force,0.0,0.9999754714906288,0.0,2.452850937120762e-05,0.0
3928,DoS/DDoS,DoS/DDoS,0.0,0.0,1.0,0.0,0.0
3929,DoS/DDoS,DoS/DDoS,0.0,0.0,1.0,0.0,0.0
3930,DoS/DDoS,DoS/DDoS,0.0,0.0,0.9999126761156112,8.732388438904994e-05,0.0
3931,DoS/DDoS,DoS/DDoS,0.0,0.0,1.0,0.0,0.0
3932,Normal,Normal,0.0,0.0,0.08281238308990085,0.9171876169100992,0.0
3933,DoS/DDoS,DoS/DDoS,0.0,0.0,1.0,0.0,0.0
3934,Normal,Normal,0.00010988690357994182,0.015505807588643712,0.040123870308778925,0.8862762648648536,0.05798417033414374
3935,Web Attack,Web Attack,0.0,0.31810905749302876,0.0004255609830866665,0.0018229801011268665,0.6796424014227576
3936,DoS/DDoS,DoS/DDoS,0.0,0.0,1.0,0.0,0.0
3937,DoS/DDoS,DoS/DDoS,0.0,0.0,1.0,0.0,0.0
3938,DoS/DDoS,DoS/DDoS,0.0,0.09216141309603293,0.8309111684098712,0.027842478823005928,0.04908493967109015
3939,Normal,Normal,0.0,6.819473810748967e-06,0.0,0.9999931805261891,0.0
3940,Bot,Bot,0.9968629000317826,0.0,5.39913091401014e-06,0.0031317008373034205,0.0
3941,Brute Force,Brute Force,0.0,1.0,0.0,0.0,0.0
3942,DoS/DDoS,DoS/DDoS,0.0,0.0,1.0,0.0,0.0
3943,DoS/DDoS,DoS/DDoS,0.0,0.0,1.0,0.0,0.0
3944,DoS/DDoS,DoS/DDoS,0.0,0.0,1.0,0.0,0.0
3945,Brute Force,Brute Force,0.0,1.0,0.0,0.0,0.0
3946,Normal,Normal,0.0,6.819473810748967e-06,0.0,0.9999931805261891,0.0
3947,DoS/DDoS,DoS/DDoS,0.0,0.0,1.0,0.0,0.0
3948,DoS/DDoS,DoS/DDoS,0.0,0.0,0.9999915125871316,8.487412868436374e-06,0.0
3949,Normal,Normal,0.0,6.819473810748967e-06,0.0,0.9999931805261891,0.0
3950,Normal,Normal,0.0,0.0,0.0,1.0,0.0
3951,Normal,Normal,0.0,6.819473810748967e-06,0.0,0.9999931805261891,0.0
3952,Normal,Normal,0.0,6.819473810748967e-06,0.0,0.9999931805261891,0.0
3953,DoS/DDoS,DoS/DDoS,0.0,0.0,1.0,0.0,0.0
3954,DoS/DDoS,DoS/DDoS,0.0,0.0,1.0,0.0,0.0
3955,DoS/DDoS,DoS/DDoS,0.0,0.0001543506670166707,0.9959623490857701,0.0038833002472135002,0.0
3956,Normal,Normal,0.3736575849296935,0.0,0.0010709821641083216,0.6252714329061982,0.0
3957,DoS/DDoS,DoS/DDoS,0.0,0.0,1.0,0.0,0.0
3958,DoS/DDoS,DoS/DDoS,0.0,0.0,1.0,0.0,0.0
3959,DoS/DDoS,DoS/DDoS,0.0,0.0,1.0,0.0,0.0
3960,Normal,Normal,0.0,6.819473810748967e-06,0.0,0.9999931805261891,0.0
3961,Normal,Normal,0.0010252159614789497,0.03951034205111623,0.004055791570993761,0.917896616658072,0.037512033758338795
3962,DoS/DDoS,DoS/DDoS,0.0,0.0,0.9999915125871316,8.487412868436374e-06,0.0
3963,Normal,Normal,0.0,0.0,0.0,1.0,0.0
3964,Web Attack,Brute Force,0.0,0.8734886323281106,0.00037865738613959845,0.004540763974672772,0.12159194631107688
3965,DoS/DDoS,DoS/DDoS,0.0,0.0,1.0,0.0,0.0
3966,Brute Force,Brute Force,0.0,0.9999754714906288,0.0,2.452850937120762e-05,0.0
3967,Normal,Normal,0.0,0.0,0.0,1.0,0.0
3968,DoS/DDoS,DoS/DDoS,0.0,0.0,1.0,0.0,0.0
3969,Normal,Normal,0.0,6.819473810748967e-06,0.0,0.9999931805261891,0.0
3970,Brute Force,Web Attack,0.0,0.04112993210328373,0.0004402115070105195,0.0016083608107585485,0.956821495578947
3971,Normal,Normal,0.0,6.819473810748967e-06,0.0,0.9999931805261891,0.0
3972,Normal,Normal,0.0,6.819473810748967e-06,0.0,0.9999931805261891,0.0
3973,Normal,Normal,0.0,0.0,0.0,1.0,0.0
3974,Normal,Normal,0.0,6.819473810748967e-06,0.0,0.9999931805261891,0.0
3975,DoS/DDoS,DoS/DDoS,0.0,0.0,1.0,0.0,0.0
3976,Brute Force,Brute Force,0.00032907647963916875,0.8143775198950687,0.009900706119193418,0.0901561238119944,0.08523657369410437
3977,Brute Force,Brute Force,0.0,0.9999754714906288,0.0,2.452850937120762e-05,0.0
3978,Brute Force,Brute Force,0.0,0.9999754714906288,0.0,2.452850937120762e-05,0.0
3979,Normal,Normal,0.0,0.01,0.02,0.97,0.0
3980,Brute Force,Brute Force,0.0,1.0,0.0,0.0,0.0
3981,DoS/DDoS,DoS/DDoS,0.0,0.0,1.0,0.0,0.0
3982,Normal,Normal,0.0,6.819473810748967e-06,0.0,0.9999931805261891,0.0
3983,Brute Force,Brute Force,0.0,0.9961208943802837,0.0,0.003879105619716236,0.0
3984,Normal,Normal,0.0,0.0,0.0,1.0,0.0
3985,DoS/DDoS,DoS/DDoS,0.0,0.0,1.0,0.0,0.0
3986,DoS/DDoS,DoS/DDoS,0.0,0.0,1.0,0.0,0.0
3987,Normal,Normal,0.0010252159614789497,0.03951034205111623,0.004055791570993761,0.917896616658072,0.037512033758338795
3988,Normal,Normal,0.0,6.819473810748967e-06,0.0,0.9999931805261891,0.0
3989,DoS/DDoS,DoS/DDoS,0.0,0.0,1.0,0.0,0.0
3990,DoS/DDoS,DoS/DDoS,0.0,0.0,1.0,0.0,0.0
3991,DoS/DDoS,DoS/DDoS,0.0,0.0,1.0,0.0,0.0
3992,Normal,Normal,0.0,0.0,0.0,1.0,0.0
3993,Web Attack,Brute Force,0.0,0.6131132342702711,0.0004319168863920788,0.010513610864451734,0.3759412379788849
3994,DoS/DDoS,DoS/DDoS,0.0,0.0,0.999023673034044,0.0009763269659559715,0.0
3995,Brute Force,Brute Force,0.0,0.9999754714906288,0.0,2.452850937120762e-05,0.0
3996,Normal,Normal,0.0,0.00897020717969837,8.785483148621383e-05,0.9210651144220102,0.0698768235668053
3997,Normal,Normal,0.0,6.819473810748967e-06,0.0,0.9999931805261891,0.0
3998,Normal,Normal,0.0,0.0,0.0,1.0,0.0
3999,DoS/DDoS,DoS/DDoS,0.0,0.0,1.0,0.0,0.0
4000,DoS/DDoS,DoS/DDoS,0.0,0.0,1.0,0.0,0.0
4001,Brute Force,Brute Force,0.0,0.9999754714906288,0.0,2.452850937120762e-05,0.0
4002,DoS/DDoS,DoS/DDoS,0.0,0.0,1.0,0.0,0.0
4003,Normal,Normal,0.18280391698657453,0.0,5.5998206946025015e-05,0.8171400848064796,0.0
4004,DoS/DDoS,DoS/DDoS,0.0,0.0,1.0,0.0,0.0
4005,Brute Force,Brute Force,0.0,1.0,0.0,0.0,0.0
4006,Normal,Normal,0.0,6.819473810748967e-06,0.0,0.9999931805261891,0.0
4007,DoS/DDoS,DoS/DDoS,0.0,0.0,1.0,0.0,0.0
4008,Normal,Normal,0.0,0.0,0.0,1.0,0.0
4009,DoS/DDoS,DoS/DDoS,0.0,0.0,1.0,0.0,0.0
4010,Normal,Normal,0.0,6.819473810748967e-06,0.0,0.9999931805261891,0.0
4011,Normal,Normal,0.0,0.0,0.0,1.0,0.0
4012,DoS/DDoS,DoS/DDoS,0.0,0.0,1.0,0.0,0.0
4013,Normal,Normal,0.0,0.0,3.273209551560448e-05,0.9999672679044843,0.0
4014,DoS/DDoS,DoS/DDoS,0.0,0.0,1.0,0.0,0.0
4015,Brute Force,Brute Force,0.0,1.0,0.0,0.0,0.0
4016,Normal,Normal,0.0,6.819473810748967e-06,0.0,0.9999931805261891,0.0
4017,DoS/DDoS,DoS/DDoS,0.0,0.0,1.0,0.0,0.0
4018,DoS/DDoS,DoS/DDoS,0.0,0.0,1.0,0.0,0.0
4019,Normal,Normal,0.0010252159614789497,0.03951034205111623,0.004055791570993761,0.917896616658072,0.037512033758338795
4020,Normal,Normal,0.0,0.0,0.0,1.0,0.0
4021,Normal,Normal,0.0,6.819473810748967e-06,0.0,0.9999931805261891,0.0
4022,DoS/DDoS,DoS/DDoS,0.0,0.0,1.0,0.0,0.0
4023,DoS/DDoS,DoS/DDoS,0.0,0.0,1.0,0.0,0.0
4024,Brute Force,Brute Force,0.0,1.0,0.0,0.0,0.0
4025,Web Attack,Brute Force,0.0,0.5058138194215972,0.00037865738613959845,0.008158121028714896,0.4856494021635482
4026,DoS/DDoS,DoS/DDoS,0.0,0.0,1.0,0.0,0.0
4027,Brute Force,Brute Force,0.0,0.9999754714906288,0.0,2.452850937120762e-05,0.0
4028,Brute Force,Brute Force,0.0,1.0,0.0,0.0,0.0
4029,DoS/DDoS,DoS/DDoS,0.0,0.0,1.0,0.0,0.0
4030,Normal,Normal,0.0,6.819473810748967e-06,0.0,0.9999931805261891,0.0
4031,Brute Force,Brute Force,0.0,1.0,0.0,0.0,0.0
4032,Brute Force,Normal,0.0,0.16052772341962535,0.11017551483591106,0.5471017872672633,0.18219497447720023
4033,DoS/DDoS,DoS/DDoS,0.0,0.0001543506670166707,0.9656440241100062,0.03420162522297732,0.0
4034,DoS/DDoS,DoS/DDoS,0.0,0.0,1.0,0.0,0.0
4035,Brute Force,DoS/DDoS,0.00010988690357994182,0.04711528778538274,0.516385747663659,0.2920680151838383,0.14432106246354007
4036,Normal,Normal,0.0,0.0,0.0,1.0,0.0
4037,Normal,Normal,0.0,6.819473810748967e-06,0.0,0.9999931805261891,0.0
4038,DoS/DDoS,DoS/DDoS,0.0,0.0036948219668649523,0.9565794933794283,0.027019235859295557,0.012706448794411183
4039,Normal,Normal,0.005918060442485885,0.002276730837940569,0.0286402609057258,0.9544938066815508,0.008671141132296722
4040,DoS/DDoS,DoS/DDoS,0.0,0.0,1.0,0.0,0.0
4041,DoS/DDoS,DoS/DDoS,0.0,0.0,1.0,0.0,0.0
4042,DoS/DDoS,DoS/DDoS,0.0,0.0,1.0,0.0,0.0
4043,DoS/DDoS,DoS/DDoS,0.0,0.0,1.0,0.0,0.0
4044,Normal,Normal,0.0,6.819473810748967e-06,0.0,0.9999931805261891,0.0
4045,Normal,Normal,0.0,6.819473810748967e-06,0.0,0.9999931805261891,0.0
4046,Brute Force,Brute Force,0.0,1.0,0.0,0.0,0.0
4047,Normal,Normal,0.0010252159614789497,0.03951034205111623,0.004055791570993761,0.917896616658072,0.037512033758338795
4048,Brute Force,Brute Force,0.0,0.9999754714906288,0.0,2.452850937120762e-05,0.0
4049,Normal,Normal,0.0,6.819473810748967e-06,0.0,0.9999931805261891,0.0
4050,Brute Force,Brute Force,0.0,1.0,0.0,0.0,0.0
4051,Brute Force,Brute Force,0.0,0.5456385492363792,0.00043546273942595337,0.0015651319964767258,0.45236085602771786
4052,Normal,Normal,0.0,0.0,0.00010401136517345557,0.9998959886348265,0.0
4053,DoS/DDoS,DoS/DDoS,0.0,0.0,1.0,0.0,0.0
4054,Normal,Normal,0.0,6.819473810748967e-06,0.0,0.9999931805261891,0.0
4055,Normal,Normal,0.0,0.0,0.0,1.0,0.0
4056,Normal,Normal,0.0,0.0,0.0,1.0,0.0
4057,DoS/DDoS,DoS/DDoS,0.0,0.0,1.0,0.0,0.0
4058,DoS/DDoS,DoS/DDoS,0.0,0.0,1.0,0.0,0.0
4059,Brute Force,Brute Force,0.0,1.0,0.0,0.0,0.0
4060,Normal,Normal,0.0,0.0,0.0008040661950193345,0.9991959338049807,0.0
4061,Normal,Normal,0.0,0.006550084729806063,0.0075082713721583835,0.9859416438980355,0.0
4062,Normal,Normal,0.0,6.819473810748967e-06,0.0,0.9999931805261891,0.0
4063,Brute Force,Brute Force,0.0,0.9999754714906288,0.0,2.452850937120762e-05,0.0
4064,DoS/DDoS,DoS/DDoS,0.0,0.0,1.0,0.0,0.0
4065,Normal,Normal,0.0,6.819473810748967e-06,0.0,0.9999931805261891,0.0
4066,Normal,Normal,0.0,6.819473810748967e-06,0.0,0.9999931805261891,0.0
4067,DoS/DDoS,DoS/DDoS,0.0,0.0,1.0,0.0,0.0
4068,Bot,Bot,1.0,0.0,0.0,0.0,0.0
4069,Normal,Normal,0.0,0.0,0.0,1.0,0.0
4070,Normal,Normal,0.0,6.819473810748967e-06,0.0,0.9999931805261891,0.0
4071,DoS/DDoS,DoS/DDoS,0.0,0.0,1.0,0.0,0.0
4072,DoS/DDoS,DoS/DDoS,0.0,0.0,1.0,0.0,0.0
4073,DoS/DDoS,DoS/DDoS,0.0,0.008508858366682083,0.6465327591841024,0.34495838244921545,0.0
4074,DoS/DDoS,DoS/DDoS,0.0,0.0,1.0,0.0,0.0
4075,DoS/DDoS,DoS/DDoS,0.0,0.0,1.0,0.0,0.0
4076,Brute Force,Brute Force,0.0,0.5857736121850852,0.00043546273942595337,0.008806813276202781,0.4049841117992859
4077,Normal,Normal,0.0010252159614789497,0.03951034205111623,0.004055791570993761,0.917896616658072,0.037512033758338795
4078,DoS/DDoS,DoS/DDoS,0.0,0.0036948219668649523,0.9518620432173921,0.03173668602133181,0.012706448794411183
4079,Brute Force,Brute Force,0.0,1.0,0.0,0.0,0.0
4080,Normal,Normal,0.0,6.819473810748967e-06,0.0,0.9999931805261891,0.0
4081,Normal,Normal,0.0,0.0,0.0,1.0,0.0
4082,Normal,Normal,0.0,6.819473810748967e-06,0.0,0.9999931805261891,0.0
4083,DoS/DDoS,DoS/DDoS,0.0,0.0,1.0,0.0,0.0
4084,Brute Force,Brute Force,0.0,0.9999754714906288,0.0,2.452850937120762e-05,0.0
4085,Normal,Normal,0.0,6.819473810748967e-06,0.0,0.9999931805261891,0.0
4086,DoS/DDoS,DoS/DDoS,0.0,0.0,1.0,0.0,0.0
4087,DoS/DDoS,DoS/DDoS,0.0,0.0,1.0,0.0,0.0
4088,Normal,Normal,0.0,6.819473810748967e-06,0.0,0.9999931805261891,0.0
4089,DoS/DDoS,DoS/DDoS,0.0,0.0,1.0,0.0,0.0
4090,DoS/DDoS,DoS/DDoS,0.0,0.0,1.0,0.0,0.0
4091,Normal,Normal,0.0,6.819473810748967e-06,0.0,0.9999931805261891,0.0
4092,Brute Force,Brute Force,0.0,0.9858905973905824,0.0,0.014109402609417511,0.0
4093,DoS/DDoS,DoS/DDoS,0.0,0.0,1.0,0.0,0.0
4094,Normal,Normal,0.0,6.819473810748967e-06,0.0,0.9999931805261891,0.0
4095,DoS/DDoS,DoS/DDoS,0.0,0.0,0.9998416181564367,0.00015838184356323625,0.0
4096,DoS/DDoS,DoS/DDoS,0.0,0.0,1.0,0.0,0.0
4097,Brute Force,Brute Force,0.0,1.0,0.0,0.0,0.0
4098,Normal,Normal,0.31694044641467406,0.0,0.002503177596210088,0.680556375989116,0.0
4099,Normal,Normal,0.0,6.819473810748967e-06,0.0,0.9999931805261891,0.0
4100,Normal,Normal,0.0,6.819473810748967e-06,0.0,0.9999931805261891,0.0
4101,Brute Force,Brute Force,0.0,0.9999754714906288,0.0,2.452850937120762e-05,0.0
4102,Normal,Normal,0.00010988690357994182,0.015505807588643712,0.034180955938892726,0.8852821744093039,0.06492117515957953
4103,Normal,Normal,0.0,0.0,0.007479456469198131,0.9925205435308019,0.0
4104,Bot,Bot,0.999928535227931,0.0,5.39913091401014e-06,6.606564115514711e-05,0.0
4105,Normal,Normal,0.0,0.0,0.03248622331603445,0.9675137766839655,0.0
4106,Brute Force,Brute Force,0.0,1.0,0.0,0.0,0.0
4107,DoS/DDoS,DoS/DDoS,0.0,0.0,0.9850090025928426,0.005153613372447196,0.009837384034710218
4108,Normal,Normal,0.0,0.0,0.0,1.0,0.0
4109,DoS/DDoS,DoS/DDoS,0.0,0.0,0.9962499232710458,0.0037500767289541837,0.0
4110,Normal,Normal,0.0,6.819473810748967e-06,0.0,0.9999931805261891,0.0
4111,Normal,Normal,0.00010988690357994182,0.038126820100724206,0.3360260166388689,0.4819011843204267,0.14383609203640005
4112,DoS/DDoS,DoS/DDoS,0.0,0.0,1.0,0.0,0.0
4113,DoS/DDoS,DoS/DDoS,0.0,0.0,1.0,0.0,0.0
4114,Normal,Normal,0.0,0.0,0.0,1.0,0.0
4115,Normal,Normal,0.0,0.0,0.02,0.9603220209591228,0.01967797904087723
4116,DoS/DDoS,DoS/DDoS,0.0,0.0,1.0,0.0,0.0
4117,DoS/DDoS,DoS/DDoS,0.0,0.0,0.9712985831864702,0.02870141681352983,0.0
4118,Normal,Normal,0.0,0.0,0.0,1.0,0.0
4119,Normal,Normal,0.0,0.0,0.0,0.9901692420897719,0.009830757910228109
4120,DoS/DDoS,DoS/DDoS,0.0,0.0,0.9998865803330991,0.00011341966690102105,0.0
4121,DoS/DDoS,DoS/DDoS,0.0,0.0,1.0,0.0,0.0
4122,Normal,Normal,0.0,0.05896583005006693,0.04663081959728262,0.8304469394010708,0.06395641095157979
4123,Brute Force,Brute Force,0.0,1.0,0.0,0.0,0.0
4124,Normal,Normal,0.0,6.819473810748967e-06,0.0,0.9999931805261891,0.0
4125,DoS/DDoS,DoS/DDoS,0.0,0.0,1.0,0.0,0.0
4126,DoS/DDoS,DoS/DDoS,0.0,0.0038230018572700353,0.9761975731976433,0.007272976150675512,0.012706448794411183
4127,Normal,Normal,0.0010252159614789497,0.03951034205111623,0.004055791570993761,0.917896616658072,0.037512033758338795
4128,Normal,Normal,0.0,6.819473810748967e-06,0.0,0.9999931805261891,0.0
4129,Bot,Bot,1.0,0.0,0.0,0.0,0.0
4130,DoS/DDoS,DoS/DDoS,0.0,0.0,0.9999915125871316,8.487412868436374e-06,0.0
4131,DoS/DDoS,DoS/DDoS,0.0,0.0,1.0,0.0,0.0
4132,DoS/DDoS,DoS/DDoS,0.0,0.0,1.0,0.0,0.0
4133,DoS/DDoS,DoS/DDoS,0.0,0.0,1.0,0.0,0.0
4134,DoS/DDoS,DoS/DDoS,0.0,0.0,0.9949793034541821,0.00502069654581787,0.0
4135,Normal,Normal,0.0,0.016467536109942504,0.0,0.9835324638900574,0.0
4136,DoS/DDoS,DoS/DDoS,0.0,0.0,1.0,0.0,0.0
4137,Normal,Normal,0.0,6.819473810748967e-06,0.0,0.9999931805261891,0.0
4138,Normal,Normal,0.0,0.0,0.0,1.0,0.0
4139,Normal,Normal,0.0,0.04843063987203882,0.13506107016667632,0.7875939030768961,0.02891438688438874
4140,Normal,Normal,0.0,0.0,0.0024802564423989544,0.997519743557601,0.0
4141,DoS/DDoS,DoS/DDoS,0.0,0.0,1.0,0.0,0.0
4142,Brute Force,Brute Force,0.0,1.0,0.0,0.0,0.0
4143,Normal,Normal,0.17588565916158683,0.0,0.017827534544239767,0.8062868062941735,0.0
4144,Normal,Normal,0.0010252159614789497,0.03951034205111623,0.004055791570993761,0.917896616658072,0.037512033758338795
4145,Normal,Normal,0.0,6.819473810748967e-06,0.0,0.9999931805261891,0.0
4146,DoS/DDoS,DoS/DDoS,0.0,0.0,1.0,0.0,0.0
4147,DoS/DDoS,DoS/DDoS,0.0,0.0001543506670166707,0.9967352685496291,0.003110380783354333,0.0
4148,Normal,Normal,0.0,6.819473810748967e-06,0.0,0.9999931805261891,0.0
4149,Normal,Normal,0.0,0.0,0.0,1.0,0.0
4150,Brute Force,Brute Force,0.0,1.0,0.0,0.0,0.0
4151,Normal,Normal,0.0,0.0,0.0,1.0,0.0
4152,DoS/DDoS,DoS/DDoS,0.0,0.0,0.9928085709739943,0.007191429026005686,0.0
4153,Normal,Normal,0.009118340096871319,0.0,0.03906852721911011,0.9518131326840185,0.0
4154,DoS/DDoS,DoS/DDoS,0.0,0.0,1.0,0.0,0.0
4155,Normal,Normal,0.0,6.819473810748967e-06,0.0,0.9999931805261891,0.0
4156,Bot,Bot,1.0,0.0,0.0,0.0,0.0
4157,DoS/DDoS,DoS/DDoS,0.0,0.0,0.9999915125871316,8.487412868436374e-06,0.0
4158,Web Attack,Web Attack,0.0,0.10157942267004805,0.0004402115070105195,0.0029328358990436476,0.8950475299238976
4159,Normal,Normal,0.0004243179504733845,0.050613670009555106,0.006656250570510045,0.8724632199327351,0.06984254153672612
4160,DoS/DDoS,DoS/DDoS,0.0,0.0,1.0,0.0,0.0
4161,DoS/DDoS,DoS/DDoS,0.0,0.0,0.9998865803330991,0.00011341966690102105,0.0
4162,Brute Force,Brute Force,0.0,1.0,0.0,0.0,0.0
4163,DoS/DDoS,DoS/DDoS,0.0,0.0,1.0,0.0,0.0
4164,DoS/DDoS,DoS/DDoS,0.0,0.0,1.0,0.0,0.0
4165,Brute Force,Brute Force,0.0,1.0,0.0,0.0,0.0
4166,Brute Force,Brute Force,0.0,1.0,0.0,0.0,0.0
4167,Brute Force,Brute Force,0.0,0.8157526204554537,0.00037865738613959845,0.004722689395915667,0.17914603276249078
4168,DoS/DDoS,DoS/DDoS,0.0,0.00650414841055281,0.915419637313875,0.07807621427557214,0.0
4169,Brute Force,Brute Force,0.0,0.9015744465618094,0.00037865738613959845,0.004527466574096023,0.09351942947795483
4170,Brute Force,Brute Force,0.0,1.0,0.0,0.0,0.0
4171,Normal,Normal,0.0,0.004838575152041703,0.00015887880914423913,0.9759573526689294,0.019045193369884916
4172,Normal,Normal,0.0,6.819473810748967e-06,0.0,0.9999931805261891,0.0
4173,Brute Force,Brute Force,0.0,1.0,0.0,0.0,0.0
4174,Normal,Normal,0.0010252159614789497,0.03951034205111623,0.004055791570993761,0.917896616658072,0.037512033758338795
4175,DoS/DDoS,DoS/DDoS,0.0,0.0,1.0,0.0,0.0
4176,DoS/DDoS,DoS/DDoS,0.0,0.0,1.0,0.0,0.0
4177,Brute Force,Brute Force,0.0,0.9999754714906288,0.0,2.452850937120762e-05,0.0
4178,Normal,Normal,0.0,6.819473810748967e-06,0.0,0.9999931805261891,0.0
4179,Brute Force,Brute Force,0.0,1.0,0.0,0.0,0.0
4180,DoS/DDoS,DoS/DDoS,0.0,0.0,1.0,0.0,0.0
4181,Normal,Normal,0.0,0.0,0.0,1.0,0.0
4182,DoS/DDoS,DoS/DDoS,0.0,0.0,1.0,0.0,0.0
4183,Normal,Normal,0.0,0.0,0.0013441143104052922,0.9986558856895946,0.0
4184,Brute Force,Brute Force,0.0,1.0,0.0,0.0,0.0
4185,Brute Force,Brute Force,0.0,1.0,0.0,0.0,0.0
4186,Brute Force,Web Attack,0.0,0.11671874249184495,0.0004985439319532886,0.0029183503413573965,0.8798643632348444
4187,DoS/DDoS,DoS/DDoS,0.0,0.0,1.0,0.0,0.0
4188,Bot,Bot,0.9539210039344478,0.0,0.00010474303355153435,0.04597425303200056,0.0
4189,Brute Force,Brute Force,0.0,1.0,0.0,0.0,0.0
4190,Brute Force,Brute Force,0.0,1.0,0.0,0.0,0.0
4191,Brute Force,Brute Force,0.0,0.9950912925188569,0.0,0.004908707481143331,0.0
4192,Brute Force,Brute Force,0.0,1.0,0.0,0.0,0.0
4193,Normal,Normal,0.0,6.819473810748967e-06,0.0,0.9999931805261891,0.0
4194,Normal,Normal,0.0,6.819473810748967e-06,0.0,0.9999931805261891,0.0
4195,DoS/DDoS,DoS/DDoS,0.0,0.0,1.0,0.0,0.0
4196,DoS/DDoS,DoS/DDoS,0.0,0.0,0.9994360078834549,0.0005639921165450961,0.0
4197,Brute Force,Web Attack,0.00032907647963916875,0.27909507857656174,0.04688227670132088,0.1675137452491155,0.5061798229933622
4198,Brute Force,Brute Force,0.0,1.0,0.0,0.0,0.0
4199,Normal,Normal,0.0,6.819473810748967e-06,0.0,0.9999931805261891,0.0
4200,DoS/DDoS,DoS/DDoS,0.0,0.0038230018572700353,0.9761975731976433,0.007272976150675512,0.012706448794411183
4201,DoS/DDoS,DoS/DDoS,0.0,0.0,0.9932093182113281,0.006790681788671945,0.0
4202,DoS/DDoS,DoS/DDoS,0.0,0.0,1.0,0.0,0.0
4203,DoS/DDoS,DoS/DDoS,0.0,0.0,1.0,0.0,0.0
4204,Bot,Bot,0.9418665819312269,0.0,0.00010474303355153435,0.05802867503522156,0.0
4205,DoS/DDoS,DoS/DDoS,0.0,0.0,1.0,0.0,0.0
4206,Normal,Normal,0.0,0.0,0.0,1.0,0.0
4207,DoS/DDoS,DoS/DDoS,0.0,0.0,1.0,0.0,0.0
4208,Normal,Normal,0.0,0.0,0.0,1.0,0.0
4209,Brute Force,Brute Force,0.0,1.0,0.0,0.0,0.0
4210,Normal,Normal,0.0,6.819473810748967e-06,0.0,0.9999931805261891,0.0
4211,Brute Force,Brute Force,0.0,1.0,0.0,0.0,0.0
4212,DoS/DDoS,DoS/DDoS,0.0,0.0,1.0,0.0,0.0
4213,DoS/DDoS,DoS/DDoS,0.0,0.0,1.0,0.0,0.0
4214,Bot,Bot,1.0,0.0,0.0,0.0,0.0
4215,Normal,Normal,0.0,0.0,0.0,1.0,0.0
4216,Normal,Normal,0.0,0.0,0.0,1.0,0.0
4217,DoS/DDoS,DoS/DDoS,0.0,0.0,1.0,0.0,0.0
4218,DoS/DDoS,DoS/DDoS,0.0,0.0,1.0,0.0,0.0
4219,Brute Force,Brute Force,0.0,1.0,0.0,0.0,0.0
4220,Brute Force,Brute Force,0.00032907647963916875,0.8143775198950687,0.009900706119193418,0.0901561238119944,0.08523657369410437
4221,DoS/DDoS,DoS/DDoS,0.0,0.0,1.0,0.0,0.0
4222,DoS/DDoS,DoS/DDoS,0.0,0.0,0.9949753606627624,0.005024639337237537,0.0
4223,DoS/DDoS,DoS/DDoS,0.0,0.0,1.0,0.0,0.0
4224,Brute Force,Brute Force,0.0,1.0,0.0,0.0,0.0
4225,Brute Force,Brute Force,0.0,1.0,0.0,0.0,0.0
4226,Brute Force,Brute Force,0.0,1.0,0.0,0.0,0.0
4227,DoS/DDoS,DoS/DDoS,0.0,0.0,1.0,0.0,0.0
4228,Normal,Normal,0.0,0.0,0.0,1.0,0.0
4229,Brute Force,Brute Force,0.00032907647963916875,0.8143775198950687,0.009900706119193418,0.0901561238119944,0.08523657369410437
4230,Brute Force,Brute Force,0.0,0.9999754714906288,0.0,2.452850937120762e-05,0.0
4231,DoS/DDoS,DoS/DDoS,0.0,0.0,1.0,0.0,0.0
4232,DoS/DDoS,DoS/DDoS,0.0,0.0,1.0,0.0,0.0
4233,DoS/DDoS,DoS/DDoS,0.0,0.0,1.0,0.0,0.0
4234,Brute Force,Brute Force,0.0,1.0,0.0,0.0,0.0
4235,DoS/DDoS,DoS/DDoS,0.0,0.0,0.9974501995677456,0.0025498004322544263,0.0
4236,Normal,Normal,0.00010988690357994182,0.011597143730474324,0.024053390664372586,0.9151495138494944,0.04909006485207842
4237,Normal,Normal,0.0,6.819473810748967e-06,0.0,0.9999931805261891,0.0
4238,DoS/DDoS,DoS/DDoS,0.0,0.0,0.99,0.01,0.0
4239,Brute Force,Brute Force,0.0,0.9999754714906288,0.0,2.452850937120762e-05,0.0
4240,DoS/DDoS,DoS/DDoS,0.0,0.0,1.0,0.0,0.0
4241,Normal,Normal,0.0,6.819473810748967e-06,0.0,0.9999931805261891,0.0
4242,DoS/DDoS,DoS/DDoS,0.0,0.0,1.0,0.0,0.0
4243,DoS/DDoS,DoS/DDoS,0.0,0.0,1.0,0.0,0.0
4244,DoS/DDoS,DoS/DDoS,0.0,0.0,0.9987791091035095,0.001220890896490552,0.0
4245,DoS/DDoS,DoS/DDoS,0.0,0.0,1.0,0.0,0.0
4246,DoS/DDoS,DoS/DDoS,0.0,0.0,1.0,0.0,0.0
4247,Brute Force,Brute Force,0.0,1.0,0.0,0.0,0.0
4248,Bot,Bot,0.9411378237033052,0.0,0.00010474303355153435,0.05875743326314302,0.0
4249,Brute Force,Brute Force,0.0,1.0,0.0,0.0,0.0
4250,DoS/DDoS,DoS/DDoS,0.0,0.0,1.0,0.0,0.0
4251,DoS/DDoS,DoS/DDoS,0.0,0.0,1.0,0.0,0.0
4252,Normal,Normal,0.0,6.819473810748967e-06,0.0,0.9999931805261891,0.0
4253,Normal,Normal,0.008461261693451667,0.009746007079340414,0.0,0.9817927312272079,0.0
4254,Normal,Normal,0.0,6.819473810748967e-06,0.0,0.9999931805261891,0.0
4255,DoS/DDoS,DoS/DDoS,0.0,0.0,1.0,0.0,0.0
4256,DoS/DDoS,DoS/DDoS,0.0,0.0,1.0,0.0,0.0
4257,DoS/DDoS,DoS/DDoS,0.0,0.0,1.0,0.0,0.0
4258,DoS/DDoS,DoS/DDoS,0.0,0.0,1.0,0.0,0.0
4259,Normal,Normal,0.0,0.0,0.00010401136517345557,0.9998959886348265,0.0
4260,Normal,Normal,0.0,6.819473810748967e-06,0.0,0.9999931805261891,0.0
4261,DoS/DDoS,DoS/DDoS,0.0,0.0,0.9999915125871316,8.487412868436374e-06,0.0
4262,Bot,Bot,0.9531656820883542,0.0,0.00010474303355153435,0.04672957487809406,0.0
4263,DoS/DDoS,DoS/DDoS,0.0,0.0,1.0,0.0,0.0
4264,DoS/DDoS,DoS/DDoS,0.0,0.0,1.0,0.0,0.0
4265,Brute Force,Brute Force,0.0,1.0,0.0,0.0,0.0
4266,Normal,Normal,0.0,6.819473810748967e-06,0.0,0.9999931805261891,0.0
4267,DoS/DDoS,DoS/DDoS,0.0,0.0,1.0,0.0,0.0
4268,DoS/DDoS,DoS/DDoS,0.0,0.0,1.0,0.0,0.0
4269,DoS/DDoS,DoS/DDoS,0.0,0.0,1.0,0.0,0.0
4270,DoS/DDoS,DoS/DDoS,0.0,0.0,1.0,0.0,0.0
4271,Brute Force,Brute Force,0.0,1.0,0.0,0.0,0.0
4272,DoS/DDoS,DoS/DDoS,0.0,0.0,1.0,0.0,0.0
4273,Normal,Normal,0.0,6.819473810748967e-06,0.0,0.9999931805261891,0.0
4274,DoS/DDoS,DoS/DDoS,0.0,0.0,1.0,0.0,0.0
4275,Brute Force,Brute Force,0.0,0.9999754714906288,0.0,2.452850937120762e-05,0.0
4276,Normal,Normal,0.0,6.819473810748967e-06,0.0,0.9999931805261891,0.0
4277,Normal,Normal,0.0,6.819473810748967e-06,0.0,0.9999931805261891,0.0
4278,DoS/DDoS,DoS/DDoS,0.0,0.0,1.0,0.0,0.0
4279,Normal,Normal,0.0,6.819473810748967e-06,0.0,0.9999931805261891,0.0
4280,Web Attack,Brute Force,0.0,0.5981604551895121,0.00043546273942595337,0.010577540172764991,0.39082654189829674
4281,Normal,Normal,0.0,6.819473810748967e-06,0.0,0.9999931805261891,0.0
4282,DoS/DDoS,DoS/DDoS,0.0,0.0,1.0,0.0,0.0
4283,DoS/DDoS,DoS/DDoS,0.0,0.0,1.0,0.0,0.0
4284,Brute Force,Web Attack,0.0,0.30305252657175413,0.0004985439319532886,0.0067109081006493645,0.689738021395643
4285,DoS/DDoS,DoS/DDoS,0.0,0.0,1.0,0.0,0.0
4286,Brute Force,Brute Force,0.0,1.0,0.0,0.0,0.0
4287,Bot,Bot,1.0,0.0,0.0,0.0,0.0
4288,Normal,Normal,0.0010252159614789497,0.03951034205111623,0.004055791570993761,0.917896616658072,0.037512033758338795
4289,DoS/DDoS,DoS/DDoS,0.0,0.0,1.0,0.0,0.0
4290,DoS/DDoS,DoS/DDoS,0.0,0.0,1.0,0.0,0.0
4291,Brute Force,Brute Force,0.0,1.0,0.0,0.0,0.0
4292,DoS/DDoS,DoS/DDoS,0.0,0.0,1.0,0.0,0.0
4293,DoS/DDoS,DoS/DDoS,0.0,0.0,1.0,0.0,0.0
4294,Normal,Normal,0.0,6.819473810748967e-06,0.0,0.9999931805261891,0.0
4295,Brute Force,Brute Force,0.0,1.0,0.0,0.0,0.0
4296,DoS/DDoS,DoS/DDoS,0.0,0.0,1.0,0.0,0.0
4297,Normal,Normal,0.0,6.819473810748967e-06,0.0,0.9999931805261891,0.0
4298,Web Attack,Web Attack,0.0,0.29414591887029223,0.00043546273942595337,0.008541517688634802,0.6968771007016467
4299,Brute Force,Brute Force,0.0,1.0,0.0,0.0,0.0
4300,DoS/DDoS,DoS/DDoS,0.0,0.0,1.0,0.0,0.0
4301,Normal,Normal,0.0,0.0,0.0,1.0,0.0
4302,Normal,Normal,0.002630177124346679,0.008273442424754173,0.0007946972990394691,0.9812116310006814,0.007090052151178238
4303,Normal,Normal,0.0,6.819473810748967e-06,0.0,0.9999931805261891,0.0
4304,DoS/DDoS,DoS/DDoS,0.0,0.0,0.9999915125871316,8.487412868436374e-06,0.0
4305,Brute Force,Brute Force,0.0,1.0,0.0,0.0,0.0
4306,DoS/DDoS,DoS/DDoS,0.0,0.0,1.0,0.0,0.0
4307,DoS/DDoS,DoS/DDoS,0.0,0.0,1.0,0.0,0.0
4308,Brute Force,Brute Force,0.0,1.0,0.0,0.0,0.0
4309,DoS/DDoS,DoS/DDoS,0.0,0.0,1.0,0.0,0.0
4310,DoS/DDoS,DoS/DDoS,0.0,0.0,1.0,0.0,0.0
4311,DoS/DDoS,DoS/DDoS,0.0,0.0,1.0,0.0,0.0
4312,Normal,Normal,0.0,0.0,0.0,1.0,0.0
4313,Normal,Normal,0.0004243179504733845,0.008273442424754173,0.0007946972990394691,0.9834174901745548,0.007090052151178238
4314,DoS/DDoS,DoS/DDoS,0.0,0.0,1.0,0.0,0.0
4315,Normal,Normal,0.0,0.0,0.0,1.0,0.0
4316,DoS/DDoS,DoS/DDoS,0.0,0.0,1.0,0.0,0.0
4317,Brute Force,Brute Force,0.0,1.0,0.0,0.0,0.0
4318,DoS/DDoS,DoS/DDoS,0.0,0.0,1.0,0.0,0.0
4319,DoS/DDoS,DoS/DDoS,0.0,0.0,1.0,0.0,0.0
4320,DoS/DDoS,DoS/DDoS,0.0,0.0,0.9965865428489823,0.003413457151017748,0.0
4321,DoS/DDoS,DoS/DDoS,0.0,0.0,1.0,0.0,0.0
4322,Brute Force,Brute Force,0.0,1.0,0.0,0.0,0.0
4323,Brute Force,Brute Force,0.0,1.0,0.0,0.0,0.0
4324,Normal,Normal,0.0,6.819473810748967e-06,0.0,0.9999931805261891,0.0
4325,DoS/DDoS,DoS/DDoS,0.0,0.0,1.0,0.0,0.0
4326,Bot,Bot,0.943575492691303,0.0,0.00010474303355153435,0.05631976427514547,0.0
4327,DoS/DDoS,DoS/DDoS,0.0,0.0,1.0,0.0,0.0
4328,Normal,Normal,0.0,0.0,0.0,1.0,0.0
4329,DoS/DDoS,DoS/DDoS,0.0,0.0,1.0,0.0,0.0
4330,Normal,Normal,0.0,0.0,0.0,1.0,0.0
4331,DoS/DDoS,DoS/DDoS,0.0,0.0,1.0,0.0,0.0
4332,Normal,Normal,0.0,6.819473810748967e-06,0.0,0.9999931805261891,0.0
4333,Bot,Bot,0.999928535227931,0.0,5.39913091401014e-06,6.606564115514711e-05,0.0
4334,Brute Force,Brute Force,0.0,1.0,0.0,0.0,0.0
4335,DoS/DDoS,DoS/DDoS,0.0,0.0,1.0,0.0,0.0
4336,DoS/DDoS,DoS/DDoS,0.0,0.0,1.0,0.0,0.0
4337,Normal,Normal,0.0010252159614789497,0.03951034205111623,0.004055791570993761,0.917896616658072,0.037512033758338795
4338,DoS/DDoS,DoS/DDoS,0.0,0.0,0.8407290415649927,0.15927095843500738,0.0
4339,Normal,Normal,0.0,6.819473810748967e-06,0.0009602707589937064,0.9990329097671955,0.0
4340,Normal,Normal,0.0,6.819473810748967e-06,0.0,0.9999931805261891,0.0
4341,Normal,Normal,0.003649978477912319,0.025613920902158017,0.011876692235649884,0.9011036036284215,0.057755804755858266
4342,Normal,Normal,0.00010988690357994182,0.002276730837940569,0.03772015851956892,0.9512220826066138,0.008671141132296722
4343,Brute Force,Brute Force,0.0,1.0,0.0,0.0,0.0
4344,DoS/DDoS,DoS/DDoS,0.0,0.0,1.0,0.0,0.0
4345,Normal,Normal,0.0,6.819473810748967e-06,0.0,0.9999931805261891,0.0
4346,Brute Force,Brute Force,0.0,1.0,0.0,0.0,0.0
4347,Normal,Normal,0.0,6.819473810748967e-06,0.0,0.9999931805261891,0.0
4348,DoS/DDoS,DoS/DDoS,0.0,0.0,0.9999126761156112,8.732388438904994e-05,0.0
4349,DoS/DDoS,DoS/DDoS,0.0,0.0,1.0,0.0,0.0
4350,DoS/DDoS,DoS/DDoS,0.0,0.0,1.0,0.0,0.0
4351,Brute Force,Brute Force,0.0,1.0,0.0,0.0,0.0
4352,DoS/DDoS,DoS/DDoS,0.0,0.0,1.0,0.0,0.0
4353,DoS/DDoS,DoS/DDoS,0.0,0.0,1.0,0.0,0.0
4354,DoS/DDoS,DoS/DDoS,0.0,0.0,1.0,0.0,0.0
4355,Normal,Normal,0.0010252159614789497,0.03951034205111623,0.004055791570993761,0.917896616658072,0.037512033758338795
4356,Bot,Bot,1.0,0.0,0.0,0.0,0.0
4357,DoS/DDoS,Normal,0.12019775230017336,0.0,0.11456752907653128,0.7652347186232954,0.0
4358,Normal,Normal,0.0,0.09633731444223477,0.0013636628222773904,0.624881128633351,0.27741789410213663
4359,DoS/DDoS,DoS/DDoS,0.0,0.0,1.0,0.0,0.0
4360,Normal,Normal,0.0,6.819473810748967e-06,0.0,0.9999931805261891,0.0
4361,DoS/DDoS,DoS/DDoS,0.0,0.0,0.9999126761156112,8.732388438904994e-05,0.0
4362,Normal,Normal,0.0,6.819473810748967e-06,0.0,0.9999931805261891,0.0
4363,DoS/DDoS,DoS/DDoS,0.0,0.0,0.9738089206951921,0.02619107930480815,0.0
4364,DoS/DDoS,DoS/DDoS,0.0,0.0,1.0,0.0,0.0
4365,Bot,Bot,0.943575492691303,0.0,0.00010474303355153435,0.05631976427514547,0.0
4366,DoS/DDoS,DoS/DDoS,0.0,0.0,1.0,0.0,0.0
4367,Normal,Normal,0.0,6.819473810748967e-06,0.0,0.9999931805261891,0.0
4368,DoS/DDoS,DoS/DDoS,0.0,0.0,1.0,0.0,0.0
4369,Brute Force,Brute Force,0.0,0.9999754714906288,0.0,2.452850937120762e-05,0.0
4370,DoS/DDoS,DoS/DDoS,0.0,0.0,1.0,0.0,0.0
4371,Normal,Normal,0.0,0.0,0.007016794653103454,0.9929832053468965,0.0
4372,Normal,Normal,0.0,6.819473810748967e-06,0.0,0.9999931805261891,0.0
4373,Bot,Bot,0.943575492691303,0.0,0.00010474303355153435,0.05631976427514547,0.0
4374,Brute Force,Brute Force,0.0,0.9999754714906288,0.0,2.452850937120762e-05,0.0
4375,Normal,Normal,0.0,6.819473810748967e-06,0.0,0.9999931805261891,0.0
4376,DoS/DDoS,DoS/DDoS,0.0,0.0,1.0,0.0,0.0
4377,DoS/DDoS,DoS/DDoS,0.0,0.0,0.9999915125871316,8.487412868436374e-06,0.0
4378,DoS/DDoS,DoS/DDoS,0.0,0.0,1.0,0.0,0.0
4379,Normal,Normal,0.0,6.819473810748967e-06,0.0,0.9999931805261891,0.0
4380,DoS/DDoS,DoS/DDoS,0.0,0.0,1.0,0.0,0.0
4381,DoS/DDoS,DoS/DDoS,0.0,0.0,0.99033900650339,0.0,0.009660993496609935
4382,DoS/DDoS,DoS/DDoS,0.0,0.0,1.0,0.0,0.0
4383,Normal,Normal,0.0,6.819473810748967e-06,0.0,0.9999931805261891,0.0
4384,Normal,Normal,0.0,6.819473810748967e-06,0.0,0.9999931805261891,0.0
4385,Brute Force,Web Attack,0.0,0.1748966209308429,0.0004402115070105195,0.003917301918461124,0.8207458656436851
4386,Brute Force,Web Attack,0.00032907647963916875,0.27909507857656174,0.04688227670132088,0.1675137452491155,0.5061798229933622
4387,DoS/DDoS,DoS/DDoS,0.0,0.0,1.0,0.0,0.0
4388,Normal,Normal,0.0,0.0,0.0,1.0,0.0
4389,Normal,Normal,0.0,0.0,0.0,1.0,0.0
4390,DoS/DDoS,DoS/DDoS,0.0,0.0,1.0,0.0,0.0
4391,DoS/DDoS,DoS/DDoS,0.0,0.0,1.0,0.0,0.0
4392,DoS/DDoS,DoS/DDoS,0.0,0.0,1.0,0.0,0.0
4393,Normal,Normal,0.0,0.0,0.0,1.0,0.0
4394,Normal,Normal,0.0010252159614789497,0.011550745855543255,0.0013422713393679276,0.9579556785345816,0.028126088309028203
4395,DoS/DDoS,DoS/DDoS,0.0,0.0,1.0,0.0,0.0
4396,Web Attack,Brute Force,0.0,0.7369161842706812,0.00037865738613959845,0.004595268406995944,0.2581098899361831
4397,Brute Force,Brute Force,0.0,1.0,0.0,0.0,0.0
4398,Bot,Bot,1.0,0.0,0.0,0.0,0.0
4399,Normal,Normal,0.0,0.0,0.0,1.0,0.0
4400,Normal,Normal,0.0,0.0,0.0,1.0,0.0
4401,DoS/DDoS,DoS/DDoS,0.0,0.0,1.0,0.0,0.0
4402,DoS/DDoS,DoS/DDoS,0.0,0.0,1.0,0.0,0.0
4403,Normal,Normal,0.0,6.819473810748967e-06,0.0,0.9999931805261891,0.0
4404,Brute Force,Brute Force,0.0,1.0,0.0,0.0,0.0
4405,Brute Force,Brute Force,0.0,0.9999754714906288,0.0,2.452850937120762e-05,0.0
4406,DoS/DDoS,DoS/DDoS,0.0,0.0,0.9999915125871316,8.487412868436374e-06,0.0
4407,DoS/DDoS,Normal,0.0,0.01,0.30547135849061996,0.6654572867681628,0.01907135474121734
4408,DoS/DDoS,DoS/DDoS,0.0,0.0,1.0,0.0,0.0
4409,Normal,Normal,0.0,0.0,0.0049736057744101695,0.9950263942255898,0.0
4410,DoS/DDoS,DoS/DDoS,0.0,0.0,1.0,0.0,0.0
4411,Web Attack,Normal,0.0,0.0987024060377383,0.38752565443218046,0.4834877688356275,0.030284170694453695
4412,DoS/DDoS,DoS/DDoS,0.0,0.0,1.0,0.0,0.0
4413,Normal,Normal,0.0,6.819473810748967e-06,0.0,0.9999931805261891,0.0
4414,DoS/DDoS,DoS/DDoS,0.0,0.0,1.0,0.0,0.0
4415,Normal,Normal,0.0,6.819473810748967e-06,0.0,0.9999931805261891,0.0
4416,Brute Force,Brute Force,0.0,1.0,0.0,0.0,0.0
4417,Brute Force,Brute Force,0.0,1.0,0.0,0.0,0.0
4418,Brute Force,Brute Force,0.0,1.0,0.0,0.0,0.0
4419,Normal,Normal,0.0,0.019619287578377904,0.0,0.9707099849590395,0.009670727462582667
4420,Brute Force,Brute Force,0.0,0.9999754714906288,0.0,2.452850937120762e-05,0.0
4421,Brute Force,Brute Force,0.0,1.0,0.0,0.0,0.0
4422,Brute Force,Web Attack,0.00032907647963916875,0.27909507857656174,0.04688227670132088,0.1675137452491155,0.5061798229933622
4423,DoS/DDoS,DoS/DDoS,0.0,0.0,1.0,0.0,0.0
4424,DoS/DDoS,DoS/DDoS,0.0,0.0,0.9999126761156112,8.732388438904994e-05,0.0
4425,Bot,Bot,0.9540087712448273,0.0,0.00010474303355153435,0.0458864857216211,0.0
4426,Brute Force,Brute Force,0.0,0.9999754714906288,0.0,2.452850937120762e-05,0.0
4427,Normal,Normal,0.0,6.819473810748967e-06,0.0,0.9999931805261891,0.0
4428,DoS/DDoS,DoS/DDoS,0.0,0.0,1.0,0.0,0.0
4429,DoS/DDoS,DoS/DDoS,0.0,0.0,1.0,0.0,0.0
4430,DoS/DDoS,DoS/DDoS,0.0,0.0,1.0,0.0,0.0
4431,DoS/DDoS,DoS/DDoS,0.0,0.0,1.0,0.0,0.0
4432,Normal,Normal,0.0,0.0,0.0003753116770703256,0.9996246883229297,0.0
4433,DoS/DDoS,DoS/DDoS,0.0,0.0,1.0,0.0,0.0
4434,Normal,Normal,0.0,0.01,0.0,0.99,0.0
4435,Normal,Normal,0.0,6.819473810748967e-06,0.0,0.9999931805261891,0.0
4436,DoS/DDoS,DoS/DDoS,0.0,0.0,1.0,0.0,0.0
4437,Bot,Bot,0.9538955282481796,0.0,0.00010474303355153435,0.045999728718268795,0.0
4438,Normal,Normal,0.0,6.819473810748967e-06,0.0,0.9999931805261891,0.0
4439,DoS/DDoS,DoS/DDoS,0.0,0.0,1.0,0.0,0.0
4440,Brute Force,Brute Force,0.0,1.0,0.0,0.0,0.0
4441,DoS/DDoS,DoS/DDoS,0.0,0.0,0.9998865803330991,0.00011341966690102105,0.0
4442,Web Attack,Web Attack,0.0,0.19489662093084287,0.0004402115070105195,0.003917301918461124,0.8007458656436852
4443,Normal,Normal,0.0,0.0,0.0,1.0,0.0
4444,DoS/DDoS,DoS/DDoS,0.0,0.0,1.0,0.0,0.0
4445,Brute Force,Brute Force,0.0,1.0,0.0,0.0,0.0
4446,Normal,Normal,0.0,0.0,0.0,1.0,0.0
4447,Brute Force,Brute Force,0.0,0.9999754714906288,0.0,2.452850937120762e-05,0.0
4448,Normal,Normal,0.0,6.819473810748967e-06,0.0,0.9999931805261891,0.0
4449,Normal,Normal,0.0,0.0,0.0,1.0,0.0
4450,Normal,Normal,0.0,6.819473810748967e-06,0.0,0.9999931805261891,0.0
4451,Normal,Normal,0.0,0.0,3.273209551560448e-05,0.9999672679044843,0.0
4452,Bot,Bot,1.0,0.0,0.0,0.0,0.0
4453,Bot,Bot,0.9512827114327415,0.0,0.00010474303355153435,0.04861254553370692,0.0
4454,Brute Force,Brute Force,0.0,1.0,0.0,0.0,0.0
4455,DoS/DDoS,DoS/DDoS,0.0,0.0,0.9987003671219048,0.0012996328780952155,0.0
4456,DoS/DDoS,DoS/DDoS,0.0,0.0,1.0,0.0,0.0
4457,Brute Force,Brute Force,0.0,1.0,0.0,0.0,0.0
4458,Brute Force,Brute Force,0.0,0.9999754714906288,0.0,2.452850937120762e-05,0.0
4459,Normal,Normal,0.0,0.0,0.0,1.0,0.0
4460,Normal,Normal,0.009112456860063813,0.0,0.005056455921638467,0.9858310872182977,0.0
4461,DoS/DDoS,DoS/DDoS,0.0,0.0,1.0,0.0,0.0
4462,DoS/DDoS,DoS/DDoS,0.0,0.0,1.0,0.0,0.0
4463,Brute Force,Brute Force,0.0,1.0,0.0,0.0,0.0
4464,Bot,Bot,0.9538278695750254,0.0,0.00010474303355153435,0.04606738739142299,0.0
4465,Normal,Normal,0.00010988690357994182,0.011597143730474324,0.024752981569187937,0.9174727994796877,0.04606718831706974
4466,DoS/DDoS,DoS/DDoS,0.0,0.0,1.0,0.0,0.0
4467,Brute Force,Brute Force,0.00032907647963916875,0.8143775198950687,0.009900706119193418,0.0901561238119944,0.08523657369410437
4468,Normal,Normal,0.0,0.0,0.0,1.0,0.0
4469,Normal,Normal,0.0,6.819473810748967e-06,0.0,0.9999931805261891,0.0
4470,DoS/DDoS,DoS/DDoS,0.0,0.0,1.0,0.0,0.0
4471,Normal,Normal,0.0,6.819473810748967e-06,0.0,0.9999931805261891,0.0
4472,DoS/DDoS,DoS/DDoS,0.0,0.0,1.0,0.0,0.0
4473,Normal,Normal,0.0,0.0,0.005038563165036064,0.974961436834964,0.02
4474,DoS/DDoS,DoS/DDoS,0.0,0.0,1.0,0.0,0.0
4475,Brute Force,Brute Force,0.0,1.0,0.0,0.0,0.0
4476,Bot,Bot,1.0,0.0,0.0,0.0,0.0
4477,DoS/DDoS,DoS/DDoS,0.0,0.0,1.0,0.0,0.0
4478,Normal,Normal,0.0,6.819473810748967e-06,0.0,0.9999931805261891,0.0
4479,Normal,Normal,0.0,0.0,0.0,1.0,0.0
4480,DoS/DDoS,DoS/DDoS,0.0,0.0001543506670166707,0.9921556565092906,0.007689992823692681,0.0
4481,Normal,Normal,0.0,0.004825884479043581,0.04895249253721202,0.9462216229837443,0.0
4482,DoS/DDoS,DoS/DDoS,0.0,0.0,1.0,0.0,0.0
4483,Normal,Normal,0.0,6.819473810748967e-06,0.0,0.9999931805261891,0.0
4484,DoS/DDoS,DoS/DDoS,0.0,0.0,0.9999126761156112,8.732388438904994e-05,0.0
4485,Normal,Normal,0.0014461801131194069,0.001991071898586522,0.02794346915055263,0.9667441393584363,0.0018751394793052494
4486,DoS/DDoS,DoS/DDoS,0.0,0.0,1.0,0.0,0.0
4487,Normal,Normal,0.00010988690357994182,0.015505807588643712,0.040123870308778925,0.8862762648648536,0.05798417033414374
4488,Normal,Normal,0.0,6.819473810748967e-06,0.0,0.9999931805261891,0.0
4489,DoS/DDoS,DoS/DDoS,0.0,0.0,1.0,0.0,0.0
4490,Normal,Normal,0.0,0.0,0.0,1.0,0.0
4491,Brute Force,Brute Force,0.0,1.0,0.0,0.0,0.0
4492,DoS/DDoS,DoS/DDoS,0.0,0.0,1.0,0.0,0.0
4493,Brute Force,Brute Force,0.0,1.0,0.0,0.0,0.0
4494,Bot,Bot,0.999928535227931,0.0,5.39913091401014e-06,6.606564115514711e-05,0.0
4495,Bot,Bot,0.943575492691303,0.0,0.00010474303355153435,0.05631976427514547,0.0
4496,DoS/DDoS,DoS/DDoS,0.00010988690357994182,0.00911377026313739,0.8575493818462224,0.09267950666689069,0.04054745432016963
4497,Normal,Normal,0.0,6.819473810748967e-06,0.0,0.9999931805261891,0.0
4498,Web Attack,Web Attack,0.0,0.0,0.005056455921638467,0.027253829799216436,0.9676897142791451
4499,Normal,Normal,0.0,0.0,0.0,1.0,0.0
4500,DoS/DDoS,DoS/DDoS,0.0,0.0,1.0,0.0,0.0
4501,DoS/DDoS,DoS/DDoS,0.0,0.0001543506670166707,0.9992003610584387,0.0006452882745447497,0.0
4502,Normal,Normal,0.0,0.0,0.004969261562656374,0.9950307384373437,0.0
4503,Normal,Normal,0.0,6.819473810748967e-06,0.0,0.9999931805261891,0.0
4504,DoS/DDoS,DoS/DDoS,0.0,0.0,1.0,0.0,0.0
4505,Normal,Normal,0.00010988690357994182,0.010935428166912448,0.09605925178679234,0.8523479788225455,0.04054745432016963
4506,Normal,Normal,0.00010988690357994182,0.009353288450936905,0.2630414670865229,0.6869479032387905,0.04054745432016963
4507,Normal,Normal,0.0,6.819473810748967e-06,0.0,0.9999931805261891,0.0
4508,Normal,Normal,0.0,0.0,0.0,1.0,0.0
4509,Bot,Bot,0.943575492691303,0.0,0.00010474303355153435,0.05631976427514547,0.0
4510,DoS/DDoS,DoS/DDoS,0.0,0.0,1.0,0.0,0.0
4511,DoS/DDoS,DoS/DDoS,0.0,0.0,1.0,0.0,0.0
4512,DoS/DDoS,DoS/DDoS,0.0,0.0,1.0,0.0,0.0
4513,DoS/DDoS,DoS/DDoS,0.0,0.0,1.0,0.0,0.0
4514,DoS/DDoS,DoS/DDoS,0.0,0.0,1.0,0.0,0.0
4515,DoS/DDoS,DoS/DDoS,0.0,0.0,1.0,0.0,0.0
4516,DoS/DDoS,DoS/DDoS,0.0,0.0,1.0,0.0,0.0
4517,DoS/DDoS,DoS/DDoS,0.0,0.0,1.0,0.0,0.0
4518,Normal,Normal,0.0,6.819473810748967e-06,0.0,0.9999931805261891,0.0
4519,Brute Force,Brute Force,0.0,1.0,0.0,0.0,0.0
4520,Brute Force,Brute Force,0.0,1.0,0.0,0.0,0.0
4521,Brute Force,Brute Force,0.0,1.0,0.0,0.0,0.0
4522,Brute Force,Brute Force,0.0,0.9646756382236493,0.0,0.03532436177635067,0.0
4523,DoS/DDoS,DoS/DDoS,0.0,0.0,1.0,0.0,0.0
4524,DoS/DDoS,DoS/DDoS,0.0,0.0,1.0,0.0,0.0
4525,Brute Force,Brute Force,0.0,1.0,0.0,0.0,0.0
4526,DoS/DDoS,DoS/DDoS,0.0,0.0,1.0,0.0,0.0
4527,Normal,Normal,0.18280391698657453,0.0,5.5998206946025015e-05,0.8171400848064796,0.0
4528,Normal,Normal,0.0,6.819473810748967e-06,0.0,0.9999931805261891,0.0
4529,DoS/DDoS,DoS/DDoS,0.0,0.0,1.0,0.0,0.0
4530,DoS/DDoS,DoS/DDoS,0.0,0.0,1.0,0.0,0.0
4531,Normal,Normal,0.0,6.819473810748967e-06,0.0,0.9999931805261891,0.0
4532,Normal,Normal,0.0,0.0,0.02164786524448947,0.9783521347555105,0.0
4533,Normal,Normal,0.0,6.819473810748967e-06,0.0,0.9999931805261891,0.0
4534,Normal,Normal,0.0,6.819473810748967e-06,0.0,0.9999931805261891,0.0
4535,DoS/DDoS,DoS/DDoS,0.0,0.0,1.0,0.0,0.0
4536,DoS/DDoS,DoS/DDoS,0.0,0.0,1.0,0.0,0.0
4537,Brute Force,Web Attack,0.0,0.10157942267004805,0.0004402115070105195,0.0029328358990436476,0.8950475299238976
4538,DoS/DDoS,DoS/DDoS,0.0,0.0,1.0,0.0,0.0
4539,DoS/DDoS,DoS/DDoS,0.0,0.0,1.0,0.0,0.0
4540,Brute Force,Brute Force,0.0,0.9999754714906288,0.0,2.452850937120762e-05,0.0
4541,Brute Force,Brute Force,0.0,1.0,0.0,0.0,0.0
4542,Brute Force,Brute Force,0.0,1.0,0.0,0.0,0.0
4543,DoS/DDoS,DoS/DDoS,0.0,0.0,0.9999238448224069,7.615517759312038e-05,0.0
4544,Normal,Normal,0.0,6.819473810748967e-06,0.0,0.9999931805261891,0.0
4545,DoS/DDoS,DoS/DDoS,0.0,0.0,0.9969781585812776,0.0030218414187225006,0.0
4546,Normal,Normal,0.0,6.819473810748967e-06,0.0,0.9999931805261891,0.0
4547,DoS/DDoS,DoS/DDoS,0.0,0.0,1.0,0.0,0.0
4548,DoS/DDoS,DoS/DDoS,0.0,0.0001543506670166707,0.9487816688583888,0.05106398047459459,0.0
4549,Normal,Normal,0.0,0.0,0.0,1.0,0.0
4550,Normal,Normal,0.0,6.819473810748967e-06,0.0,0.9999931805261891,0.0
4551,Brute Force,Brute Force,0.0,0.9999754714906288,0.0,2.452850937120762e-05,0.0
4552,Brute Force,Brute Force,0.0,1.0,0.0,0.0,0.0
4553,Brute Force,Brute Force,0.0,1.0,0.0,0.0,0.0
4554,Normal,Normal,0.0,6.819473810748967e-06,0.0,0.9999931805261891,0.0
4555,Normal,Normal,0.0,6.819473810748967e-06,0.0,0.9999931805261891,0.0
4556,Normal,Normal,0.0,0.0,0.0,1.0,0.0
4557,Brute Force,Brute Force,0.0,1.0,0.0,0.0,0.0
4558,Brute Force,Brute Force,0.0,1.0,0.0,0.0,0.0
4559,Normal,Bot,0.7577830372535801,0.0,0.00010474303355153435,0.24211221971286784,0.0
4560,Normal,Normal,0.0,6.819473810748967e-06,0.0,0.9999931805261891,0.0
4561,DoS/DDoS,DoS/DDoS,0.0,0.0,1.0,0.0,0.0
4562,Normal,Normal,0.0,6.819473810748967e-06,0.0,0.9999931805261891,0.0
4563,DoS/DDoS,DoS/DDoS,0.0,0.0,1.0,0.0,0.0
4564,Brute Force,Brute Force,0.0,1.0,0.0,0.0,0.0
4565,Brute Force,Brute Force,0.0,0.9999754714906288,0.0,2.452850937120762e-05,0.0
4566,Normal,Normal,0.0,6.819473810748967e-06,0.0,0.9999931805261891,0.0
4567,Normal,Normal,0.0,0.0,0.0,1.0,0.0
4568,DoS/DDoS,DoS/DDoS,0.0,0.0,1.0,0.0,0.0
4569,DoS/DDoS,DoS/DDoS,0.0,0.0,1.0,0.0,0.0
4570,DoS/DDoS,DoS/DDoS,0.0,0.0,1.0,0.0,0.0
4571,DoS/DDoS,DoS/DDoS,0.0,0.0,1.0,0.0,0.0
4572,Brute Force,Brute Force,0.0,1.0,0.0,0.0,0.0
4573,Normal,Normal,0.0,6.819473810748967e-06,0.0,0.9999931805261891,0.0
4574,Normal,Normal,0.0,0.0,0.0,1.0,0.0
4575,Brute Force,Brute Force,0.0,1.0,0.0,0.0,0.0
4576,DoS/DDoS,DoS/DDoS,0.0,0.0,1.0,0.0,0.0
4577,Normal,Normal,0.0,0.0,0.0,1.0,0.0
4578,Brute Force,Brute Force,0.0,1.0,0.0,0.0,0.0
4579,DoS/DDoS,DoS/DDoS,0.0,0.0,1.0,0.0,0.0
4580,Brute Force,Brute Force,0.0,1.0,0.0,0.0,0.0
4581,Web Attack,Web Attack,0.0,0.41183834512315975,0.0004558675133510343,0.0037884119135103388,0.5839173754499787
4582,Web Attack,Web Attack,0.0,0.4136389288783311,0.00043546273942595337,0.0015651319964767258,0.5843604763857659
4583,Brute Force,Brute Force,0.0,0.5612723970837241,0.00043286010853947827,0.0015053441115999752,0.4367893986961363
4584,Normal,Normal,0.0,6.819473810748967e-06,0.0,0.9999931805261891,0.0
4585,DoS/DDoS,DoS/DDoS,0.0,0.0,1.0,0.0,0.0
4586,DoS/DDoS,DoS/DDoS,0.0,0.0,0.99,0.01,0.0
4587,DoS/DDoS,DoS/DDoS,0.0,0.0,0.9998865803330991,0.00011341966690102105,0.0
4588,DoS/DDoS,DoS/DDoS,0.0,0.0,1.0,0.0,0.0
4589,DoS/DDoS,DoS/DDoS,0.0,0.0,1.0,0.0,0.0
4590,DoS/DDoS,DoS/DDoS,0.0,0.0,1.0,0.0,0.0
4591,Normal,Normal,0.0,6.819473810748967e-06,0.0,0.9999931805261891,0.0
4592,Normal,Normal,0.0,6.819473810748967e-06,0.0,0.9999931805261891,0.0
4593,DoS/DDoS,DoS/DDoS,0.0,0.0,1.0,0.0,0.0
4594,Web Attack,Web Attack,0.0,0.3183849128944439,0.0004402115070105195,0.0016083608107585485,0.679566514787787
4595,Brute Force,Brute Force,0.0,1.0,0.0,0.0,0.0
4596,Normal,Normal,0.0,0.0,0.0,1.0,0.0
4597,DoS/DDoS,DoS/DDoS,0.0,0.0,1.0,0.0,0.0
4598,Brute Force,Brute Force,0.0,0.9999754714906288,0.0,2.452850937120762e-05,0.0
4599,DoS/DDoS,DoS/DDoS,0.0,0.0,1.0,0.0,0.0
4600,DoS/DDoS,DoS/DDoS,0.0,0.0,1.0,0.0,0.0
4601,Brute Force,Web Attack,0.00032907647963916875,0.27909507857656174,0.04688227670132088,0.1675137452491155,0.5061798229933622
4602,Web Attack,Web Attack,0.0,0.36227296934771636,0.00043546273942595337,0.0027469444051894964,0.634544623507668
4603,Bot,Bot,0.9434781560777615,0.0,0.00010474303355153435,0.05641710088868703,0.0
4604,DoS/DDoS,DoS/DDoS,0.0,0.0,1.0,0.0,0.0
4605,DoS/DDoS,DoS/DDoS,0.0,0.0,0.9956742958286866,0.004325704171313395,0.0
4606,DoS/DDoS,DoS/DDoS,0.0,0.0,0.99,0.01,0.0
4607,DoS/DDoS,DoS/DDoS,0.0,0.0,1.0,0.0,0.0
4608,Normal,Normal,0.0,6.819473810748967e-06,0.0,0.9999931805261891,0.0
4609,Normal,Normal,0.0,0.0,0.0,1.0,0.0
4610,Normal,Normal,0.0,0.0,0.010824564578107885,0.9797924467315353,0.00938298869035669
4611,Normal,Normal,0.0,0.0,0.0,1.0,0.0
4612,Brute Force,Brute Force,0.0,1.0,0.0,0.0,0.0
4613,Normal,Normal,0.0010252159614789497,0.03951034205111623,0.004055791570993761,0.917896616658072,0.037512033758338795
4614,DoS/DDoS,DoS/DDoS,0.0,0.0,1.0,0.0,0.0
4615,Brute Force,Brute Force,0.0,1.0,0.0,0.0,0.0
4616,DoS/DDoS,DoS/DDoS,0.0,0.0,1.0,0.0,0.0
4617,DoS/DDoS,DoS/DDoS,0.0,0.0,0.9874292662350119,0.012570733764988047,0.0
4618,Normal,Normal,0.0,0.0,0.0,1.0,0.0
4619,Brute Force,Brute Force,0.0,0.9999754714906288,0.0,2.452850937120762e-05,0.0
4620,DoS/DDoS,DoS/DDoS,0.0,0.0,1.0,0.0,0.0
4621,Normal,Normal,0.0,6.819473810748967e-06,0.0,0.9999931805261891,0.0
4622,DoS/DDoS,DoS/DDoS,0.0,0.0,0.9987791091035095,0.001220890896490552,0.0
4623,Normal,Normal,0.0,0.0,0.0,1.0,0.0
4624,Normal,Normal,0.0,0.0,0.0,1.0,0.0
4625,Normal,Normal,0.009243479408459696,0.001087812816944595,1.7901550215981186e-06,0.989666917619574,0.0
4626,Normal,Normal,0.0,0.0,0.0,1.0,0.0
4627,DoS/DDoS,DoS/DDoS,0.0,0.0,1.0,0.0,0.0
4628,Normal,Normal,0.0,0.0,0.0,1.0,0.0
4629,Normal,Normal,0.0,6.819473810748967e-06,0.0,0.9999931805261891,0.0
4630,Brute Force,Brute Force,0.0,0.9999754714906288,0.0,2.452850937120762e-05,0.0
4631,Normal,Normal,0.0,0.0,0.0,1.0,0.0
4632,Normal,Normal,0.0,6.819473810748967e-06,0.0,0.9999931805261891,0.0
4633,Brute Force,Brute Force,0.0,1.0,0.0,0.0,0.0
4634,DoS/DDoS,DoS/DDoS,0.0,0.0,1.0,0.0,0.0
4635,Brute Force,Brute Force,0.0,1.0,0.0,0.0,0.0
4636,Brute Force,Brute Force,0.0,1.0,0.0,0.0,0.0
4637,Normal,Normal,0.013764094271334112,0.0030770224573896223,0.020097037755137423,0.9524050165487224,0.010656828967416355
4638,Normal,Normal,0.0,6.819473810748967e-06,0.0,0.9999931805261891,0.0
4639,DoS/DDoS,DoS/DDoS,0.0,0.0,1.0,0.0,0.0
4640,Normal,Normal,0.0,6.819473810748967e-06,0.0,0.9999931805261891,0.0
4641,DoS/DDoS,DoS/DDoS,0.0,0.0,1.0,0.0,0.0
4642,Normal,Normal,0.0,6.819473810748967e-06,0.0,0.9999931805261891,0.0
4643,Normal,Normal,0.0,6.819473810748967e-06,0.0,0.9999931805261891,0.0
4644,DoS/DDoS,DoS/DDoS,0.0,0.0,1.0,0.0,0.0
4645,Normal,Normal,0.0,6.819473810748967e-06,0.0,0.9999931805261891,0.0
4646,Normal,Normal,0.0,6.819473810748967e-06,0.0,0.9999931805261891,0.0
4647,DoS/DDoS,DoS/DDoS,0.0,0.0,1.0,0.0,0.0
4648,Normal,Normal,0.0,6.819473810748967e-06,0.0,0.9999931805261891,0.0
4649,DoS/DDoS,DoS/DDoS,0.0,0.0,1.0,0.0,0.0
4650,DoS/DDoS,DoS/DDoS,0.0,0.0,1.0,0.0,0.0
4651,DoS/DDoS,DoS/DDoS,0.0,0.0,1.0,0.0,0.0
4652,DoS/DDoS,DoS/DDoS,0.0,0.0,1.0,0.0,0.0
4653,Normal,Normal,0.3735602483161519,0.0,0.0010709821641083216,0.6253687695197399,0.0
4654,Brute Force,Brute Force,0.0,0.8852223308978711,0.00037865738613959845,0.001090389442837566,0.11330862227315162
4655,DoS/DDoS,DoS/DDoS,0.0,0.0,1.0,0.0,0.0
4656,DoS/DDoS,DoS/DDoS,0.0,0.0036948219668649523,0.9762894778601361,0.007309251378587731,0.012706448794411183
4657,Brute Force,Brute Force,0.0,1.0,0.0,0.0,0.0
4658,Normal,Normal,0.0,6.819473810748967e-06,0.0,0.9999931805261891,0.0
4659,DoS/DDoS,DoS/DDoS,0.0,0.0,1.0,0.0,0.0
4660,Normal,Normal,0.0,6.819473810748967e-06,0.0,0.9999931805261891,0.0
4661,Normal,Normal,0.0,6.819473810748967e-06,0.0,0.9999931805261891,0.0
4662,Normal,Normal,0.0,0.0,0.0,1.0,0.0
4663,DoS/DDoS,DoS/DDoS,0.0,0.0,1.0,0.0,0.0
4664,Normal,Normal,0.0,6.819473810748967e-06,0.0,0.9999931805261891,0.0
4665,Brute Force,Brute Force,0.0,1.0,0.0,0.0,0.0
4666,Brute Force,Brute Force,0.0,1.0,0.0,0.0,0.0
4667,Normal,Normal,0.0,0.0,0.0,1.0,0.0
4668,Brute Force,Brute Force,0.0,0.9999754714906288,0.0,2.452850937120762e-05,0.0
4669,Brute Force,Web Attack,0.0,0.4628361707523873,0.00043286010853947827,0.01880031843103349,0.5179306507080395
4670,Normal,Normal,0.0,0.0,0.0,1.0,0.0
4671,DoS/DDoS,DoS/DDoS,0.0,0.0,1.0,0.0,0.0
4672,DoS/DDoS,DoS/DDoS,0.0,0.0,1.0,0.0,0.0
4673,Brute Force,Brute Force,0.0,1.0,0.0,0.0,0.0
4674,DoS/DDoS,DoS/DDoS,0.0,0.0,1.0,0.0,0.0
4675,Normal,Normal,0.0,6.819473810748967e-06,0.0,0.9999931805261891,0.0
4676,Normal,Normal,0.064019805040582,0.0,7.702813253983316e-06,0.9359724921461641,0.0
4677,DoS/DDoS,DoS/DDoS,0.0,0.0,0.810035451167372,0.18996454883262806,0.0
4678,DoS/DDoS,DoS/DDoS,0.0,0.0,1.0,0.0,0.0
4679,DoS/DDoS,DoS/DDoS,0.0,0.0,1.0,0.0,0.0
4680,Brute Force,Brute Force,0.0,1.0,0.0,0.0,0.0
4681,Normal,Normal,0.0,6.819473810748967e-06,0.0,0.9999931805261891,0.0
4682,Brute Force,Brute Force,0.00032907647963916875,0.8143775198950687,0.009900706119193418,0.0901561238119944,0.08523657369410437
4683,Normal,Normal,0.0,0.0,0.0,1.0,0.0
4684,Bot,Bot,0.9281703325020834,0.0,0.00010474303355153435,0.07172492446436478,0.0
4685,Normal,Normal,0.18280391698657453,0.0,5.5998206946025015e-05,0.8171400848064796,0.0
4686,Normal,Normal,0.0,0.006518807462362336,0.0,0.9934811925376377,0.0
4687,Bot,Bot,1.0,0.0,0.0,0.0,0.0
4688,Normal,Normal,0.0,0.0,0.0,1.0,0.0
4689,Brute Force,Brute Force,0.0,1.0,0.0,0.0,0.0
4690,Normal,Normal,0.0,0.0,0.0013441143104052922,0.9986558856895946,0.0
4691,DoS/DDoS,DoS/DDoS,0.0,0.0,1.0,0.0,0.0
4692,Bot,Bot,1.0,0.0,0.0,0.0,0.0
4693,DoS/DDoS,DoS/DDoS,0.0,0.0,1.0,0.0,0.0
4694,Brute Force,Brute Force,0.0,1.0,0.0,0.0,0.0
4695,Brute Force,Brute Force,0.0,0.9999754714906288,0.0,2.452850937120762e-05,0.0
4696,DoS/DDoS,DoS/DDoS,0.0,0.0,0.9994360078834549,0.0005639921165450961,0.0
4697,DoS/DDoS,DoS/DDoS,0.0,0.0001543506670166707,0.9967352685496291,0.003110380783354333,0.0
4698,Brute Force,Brute Force,0.0,1.0,0.0,0.0,0.0
4699,Brute Force,Brute Force,0.0,0.9990998792660628,0.0,0.000900120733937351,0.0
4700,DoS/DDoS,DoS/DDoS,0.0,0.0,1.0,0.0,0.0
4701,Normal,Normal,0.0010252159614789497,0.03951034205111623,0.004055791570993761,0.917896616658072,0.037512033758338795
4702,Normal,Normal,0.0,0.0,0.0,1.0,0.0
4703,DoS/DDoS,DoS/DDoS,0.0,0.0,1.0,0.0,0.0
4704,Normal,Normal,0.00010988690357994182,0.002276730837940569,0.0048027502365157225,0.9841394908896669,0.008671141132296722
4705,Normal,Normal,0.0,0.0,0.0,1.0,0.0
4706,Normal,Normal,0.0,0.0,0.0,1.0,0.0
4707,DoS/DDoS,DoS/DDoS,0.0,0.0,1.0,0.0,0.0
4708,Normal,Normal,0.0,0.0,0.0,1.0,0.0
4709,Normal,Normal,0.0,6.819473810748967e-06,0.0,0.9999931805261891,0.0
4710,Brute Force,Brute Force,0.0,1.0,0.0,0.0,0.0
4711,Brute Force,Brute Force,0.00010988690357994182,0.7004002828200069,0.22421636645449083,0.04956985057428358,0.0257036132476386
4712,Normal,Normal,0.0,0.0,0.0,1.0,0.0
4713,Normal,Normal,0.0,6.819473810748967e-06,0.0,0.9999931805261891,0.0
4714,Normal,Normal,0.0,0.0,0.0,1.0,0.0
4715,DoS/DDoS,DoS/DDoS,0.0,0.0,1.0,0.0,0.0
4716,DoS/DDoS,DoS/DDoS,0.0,0.0,1.0,0.0,0.0
4717,Normal,Normal,0.0,0.0065725240811746,0.05943176653667437,0.933995709382151,0.0
4718,DoS/DDoS,DoS/DDoS,0.0,0.0,1.0,0.0,0.0
4719,DoS/DDoS,DoS/DDoS,0.0,0.0,1.0,0.0,0.0
4720,Brute Force,Brute Force,0.0,1.0,0.0,0.0,0.0
4721,DoS/DDoS,DoS/DDoS,0.0,0.0,0.9987791091035095,0.001220890896490552,0.0
4722,Brute Force,Brute Force,0.0,0.9999754714906288,0.0,2.452850937120762e-05,0.0
4723,Brute Force,Brute Force,0.0,1.0,0.0,0.0,0.0
4724,DoS/DDoS,DoS/DDoS,0.0,0.0,1.0,0.0,0.0
4725,DoS/DDoS,DoS/DDoS,0.0,0.0,0.9999915125871316,8.487412868436374e-06,0.0
4726,DoS/DDoS,DoS/DDoS,0.0,0.0,1.0,0.0,0.0
4727,Brute Force,Brute Force,0.0,1.0,0.0,0.0,0.0
4728,Normal,Normal,0.0010252159614789497,0.03951034205111623,0.004055791570993761,0.917896616658072,0.037512033758338795
4729,DoS/DDoS,DoS/DDoS,0.0,0.0,1.0,0.0,0.0
4730,DoS/DDoS,DoS/DDoS,0.0,0.0,1.0,0.0,0.0
4731,Normal,Normal,0.0,6.819473810748967e-06,0.0,0.9999931805261891,0.0
4732,DoS/DDoS,DoS/DDoS,0.0,0.0,1.0,0.0,0.0
4733,Brute Force,Brute Force,0.0,0.9999754714906288,0.0,2.452850937120762e-05,0.0
4734,DoS/DDoS,DoS/DDoS,0.0,0.0,1.0,0.0,0.0
4735,Brute Force,Brute Force,0.0,0.8368457755921765,0.0004186102716035083,0.0012394021253956272,0.16149621201082406
4736,Normal,Normal,0.0,0.0,0.0,1.0,0.0
4737,DoS/DDoS,DoS/DDoS,0.0,0.0,1.0,0.0,0.0
4738,Brute Force,Brute Force,0.0,1.0,0.0,0.0,0.0
4739,Bot,Bot,0.999928535227931,0.0,5.39913091401014e-06,6.606564115514711e-05,0.0
4740,Normal,Normal,0.0,0.0,0.0,1.0,0.0
4741,Normal,Normal,0.0,6.819473810748967e-06,0.0,0.9999931805261891,0.0
4742,Brute Force,Brute Force,0.0,1.0,0.0,0.0,0.0
4743,Brute Force,Brute Force,0.0,1.0,0.0,0.0,0.0
4744,Bot,Bot,0.9531656820883542,0.0,0.00010474303355153435,0.04672957487809406,0.0
4745,DoS/DDoS,DoS/DDoS,0.0,0.0,1.0,0.0,0.0
4746,Brute Force,Brute Force,0.0,1.0,0.0,0.0,0.0
4747,Brute Force,Brute Force,0.0,0.9999754714906288,0.0,2.452850937120762e-05,0.0
4748,Brute Force,Brute Force,0.0,1.0,0.0,0.0,0.0
4749,Normal,Normal,0.0,6.819473810748967e-06,0.0,0.9999931805261891,0.0
4750,Normal,Normal,0.0,0.0,0.02,0.98,0.0
4751,DoS/DDoS,DoS/DDoS,0.0,0.0,1.0,0.0,0.0
4752,Normal,Normal,0.0,6.819473810748967e-06,0.0,0.9999931805261891,0.0
4753,DoS/DDoS,DoS/DDoS,0.0,0.0,1.0,0.0,0.0
4754,DoS/DDoS,DoS/DDoS,0.0,0.0,1.0,0.0,0.0
4755,Brute Force,Brute Force,0.0,0.9999754714906288,0.0,2.452850937120762e-05,0.0
4756,Brute Force,Web Attack,0.0,0.3029338891051112,0.00043286010853947827,0.001817455698397379,0.6948157950879518
4757,DoS/DDoS,DoS/DDoS,0.0,0.0,1.0,0.0,0.0
4758,Normal,Normal,0.0,0.0,0.023627541875402322,0.9763724581245978,0.0
4759,DoS/DDoS,DoS/DDoS,0.0,0.0,1.0,0.0,0.0
4760,Web Attack,Web Attack,0.0,0.28955013505913796,0.0004985439319532886,0.010219499326830363,0.6997318216820781
4761,Web Attack,Web Attack,0.0,0.2059756475413208,0.00043546273942595337,0.01104392584948432,0.7825449638697687
4762,Brute Force,Brute Force,0.0,1.0,0.0,0.0,0.0
4763,DoS/DDoS,DoS/DDoS,0.0,0.0,1.0,0.0,0.0
4764,Normal,Normal,0.0,0.0,0.0,1.0,0.0
4765,Brute Force,Brute Force,0.0,1.0,0.0,0.0,0.0
4766,Normal,Normal,0.0,0.0,0.0,1.0,0.0
4767,Brute Force,Brute Force,0.0,1.0,0.0,0.0,0.0
4768,Brute Force,Brute Force,0.0,1.0,0.0,0.0,0.0
4769,Normal,Normal,0.0,0.0,0.0,1.0,0.0
4770,Brute Force,Brute Force,0.0,1.0,0.0,0.0,0.0
4771,DoS/DDoS,DoS/DDoS,0.0,0.0,1.0,0.0,0.0
4772,Brute Force,Brute Force,0.0,1.0,0.0,0.0,0.0
4773,Normal,Normal,0.0,6.819473810748967e-06,0.0,0.9999931805261891,0.0
4774,DoS/DDoS,DoS/DDoS,0.0,0.0,1.0,0.0,0.0
4775,DoS/DDoS,DoS/DDoS,0.00010988690357994182,0.01138631032460875,0.8710662909193191,0.03920979453290177,0.07822771731959026
4776,Normal,Normal,0.0,6.819473810748967e-06,0.0,0.9999931805261891,0.0
4777,DoS/DDoS,DoS/DDoS,0.0,0.0,1.0,0.0,0.0
4778,Web Attack,Web Attack,0.0,0.028739178428999583,0.00043286010853947827,0.0023279103319093063,0.9685000511305516
4779,DoS/DDoS,DoS/DDoS,0.0,0.0,1.0,0.0,0.0
4780,Normal,Normal,0.0,0.0,0.0,1.0,0.0
4781,Normal,Normal,0.0,0.0,0.0,1.0,0.0
4782,DoS/DDoS,DoS/DDoS,0.0,0.0,1.0,0.0,0.0
4783,Bot,Bot,0.9538278695750254,0.0,0.00010474303355153435,0.04606738739142299,0.0
4784,DoS/DDoS,DoS/DDoS,0.0,0.0,0.9999238448224069,7.615517759312038e-05,0.0
4785,DoS/DDoS,DoS/DDoS,0.0,0.0,1.0,0.0,0.0
4786,Brute Force,Brute Force,0.0,1.0,0.0,0.0,0.0
4787,Brute Force,Brute Force,0.0,0.9999754714906288,0.0,2.452850937120762e-05,0.0
4788,Brute Force,Brute Force,0.0,0.9999754714906288,0.0,2.452850937120762e-05,0.0
4789,Normal,Normal,0.0,6.819473810748967e-06,0.0,0.9999931805261891,0.0
4790,Normal,Normal,0.0,6.819473810748967e-06,0.0,0.9999931805261891,0.0
4791,Normal,Normal,0.0,0.0,0.0,1.0,0.0
4792,DoS/DDoS,DoS/DDoS,0.0,0.0,1.0,0.0,0.0
4793,Normal,Normal,0.0,6.819473810748967e-06,0.0,0.9999931805261891,0.0
4794,DoS/DDoS,DoS/DDoS,0.0,0.0,1.0,0.0,0.0
4795,DoS/DDoS,DoS/DDoS,0.0,0.0,1.0,0.0,0.0
4796,Normal,Normal,0.0,6.819473810748967e-06,0.0,0.9999931805261891,0.0
4797,DoS/DDoS,DoS/DDoS,0.0,0.0,1.0,0.0,0.0
4798,Normal,Normal,0.0,0.0,0.001996122373335614,0.9980038776266644,0.0
4799,Normal,Normal,0.0,0.0,0.0,1.0,0.0
4800,Normal,Normal,0.0,0.0,0.0,1.0,0.0
4801,Normal,Normal,0.0,6.819473810748967e-06,0.0,0.9999931805261891,0.0
4802,Normal,Normal,0.0,0.0,0.0,1.0,0.0
4803,Brute Force,Brute Force,0.0,1.0,0.0,0.0,0.0
4804,DoS/DDoS,DoS/DDoS,0.0,0.0,0.9999126761156112,8.732388438904994e-05,0.0
4805,Normal,Normal,0.0,0.0,0.00495842889908257,0.9950415711009174,0.0
4806,Normal,Normal,0.0,0.0,0.0,1.0,0.0
4807,Normal,Normal,0.0,6.819473810748967e-06,0.0,0.9999931805261891,0.0
4808,Normal,Normal,0.0,0.0,0.03836406372271551,0.9616359362772845,0.0
4809,Normal,Normal,0.06708635546322235,0.0,0.017313366129035116,0.9059426295442645,0.009657648863477898
4810,DoS/DDoS,DoS/DDoS,0.0,0.0,1.0,0.0,0.0
4811,Normal,Normal,0.0,6.819473810748967e-06,0.0,0.9999931805261891,0.0
4812,Normal,Normal,0.0,6.819473810748967e-06,0.0,0.9999931805261891,0.0
4813,Normal,Normal,0.0,6.819473810748967e-06,0.0,0.9999931805261891,0.0
4814,Brute Force,Brute Force,0.0,0.9999754714906288,0.0,2.452850937120762e-05,0.0
4815,DoS/DDoS,DoS/DDoS,0.0,0.0,1.0,0.0,0.0
4816,Normal,Normal,0.0,0.0,0.0,1.0,0.0
4817,Brute Force,Brute Force,0.0,1.0,0.0,0.0,0.0
4818,Normal,Normal,0.0,6.819473810748967e-06,0.0,0.9999931805261891,0.0
4819,Bot,Bot,0.9390117884009396,0.0,5.39913091401014e-06,0.060982812468146436,0.0
4820,DoS/DDoS,DoS/DDoS,0.0,0.0,1.0,0.0,0.0
4821,DoS/DDoS,DoS/DDoS,0.0,0.0,1.0,0.0,0.0
4822,DoS/DDoS,DoS/DDoS,0.0,0.0,1.0,0.0,0.0
4823,DoS/DDoS,DoS/DDoS,0.0,0.0,1.0,0.0,0.0
4824,DoS/DDoS,DoS/DDoS,0.0,0.0,1.0,0.0,0.0
4825,Brute Force,Brute Force,0.0,1.0,0.0,0.0,0.0
4826,Normal,Normal,0.0,0.0,0.004994459338695264,0.9950055406613048,0.0
4827,Brute Force,Brute Force,0.0,1.0,0.0,0.0,0.0
4828,Bot,Bot,1.0,0.0,0.0,0.0,0.0
4829,Normal,Normal,0.0,6.819473810748967e-06,0.0,0.9999931805261891,0.0
4830,DoS/DDoS,DoS/DDoS,0.0,0.0,1.0,0.0,0.0
4831,Normal,Normal,0.0,0.0,0.0,1.0,0.0
4832,Normal,Normal,0.0,0.0,0.0,1.0,0.0
4833,DoS/DDoS,DoS/DDoS,0.0,0.0,1.0,0.0,0.0
4834,Normal,Normal,0.0,0.0,0.0,1.0,0.0
4835,Normal,Normal,0.0,6.819473810748967e-06,0.0,0.9999931805261891,0.0
4836,Normal,Normal,0.0,0.0,0.0299471870020225,0.9600528129979774,0.01
4837,DoS/DDoS,DoS/DDoS,0.0,0.0,1.0,0.0,0.0
4838,Normal,Normal,0.0,0.0,0.0,1.0,0.0
4839,Normal,Normal,0.0,0.0,0.0,1.0,0.0
4840,DoS/DDoS,DoS/DDoS,0.0,0.0,1.0,0.0,0.0
4841,Bot,Bot,0.9511378237033052,0.0,0.00010474303355153435,0.04875743326314302,0.0
4842,Normal,Normal,0.0,6.819473810748967e-06,0.0,0.9999931805261891,0.0
4843,Normal,Normal,0.0,6.819473810748967e-06,0.0,0.9999931805261891,0.0
4844,Bot,Bot,0.9418665819312269,0.0,0.00010474303355153435,0.05802867503522156,0.0
4845,Brute Force,Brute Force,0.0,0.9999754714906288,0.0,2.452850937120762e-05,0.0
4846,Brute Force,Brute Force,0.0,1.0,0.0,0.0,0.0
4847,Brute Force,Brute Force,0.0,1.0,0.0,0.0,0.0
4848,DoS/DDoS,DoS/DDoS,0.0,0.0,1.0,0.0,0.0
4849,Normal,Normal,0.00010988690357994182,0.06282832770540547,0.376437203268702,0.38329506893826215,0.17732951318405024
4850,DoS/DDoS,DoS/DDoS,0.0,0.0,1.0,0.0,0.0
4851,Normal,Normal,0.0,0.0,0.00996687788185844,0.9900331221181414,0.0
4852,Normal,Normal,0.0,0.006519867084756868,0.0,0.9934801329152431,0.0
4853,DoS/DDoS,DoS/DDoS,0.0,0.0,1.0,0.0,0.0
4854,DoS/DDoS,Web Attack,0.00010988690357994182,0.024400197861394367,0.15718300144830125,0.1590560897897477,0.6592508239969765
4855,DoS/DDoS,DoS/DDoS,0.0,0.0,1.0,0.0,0.0
4856,DoS/DDoS,DoS/DDoS,0.0,0.0,1.0,0.0,0.0
4857,Bot,Bot,0.9539210039344478,0.0,0.00010474303355153435,0.04597425303200056,0.0
4858,Brute Force,Brute Force,0.0,1.0,0.0,0.0,0.0
4859,Normal,Bot,0.7609587313819369,0.0,0.00010474303355153435,0.238936525584511,0.0
4860,DoS/DDoS,DoS/DDoS,0.0,0.0,1.0,0.0,0.0
4861,Brute Force,Brute Force,0.0,1.0,0.0,0.0,0.0
4862,Brute Force,Brute Force,0.0,1.0,0.0,0.0,0.0
4863,DoS/DDoS,DoS/DDoS,0.0,0.0,1.0,0.0,0.0
4864,Normal,Normal,0.0,6.819473810748967e-06,0.0,0.9999931805261891,0.0
4865,DoS/DDoS,DoS/DDoS,0.0,0.0,1.0,0.0,0.0
4866,Brute Force,Brute Force,0.0,1.0,0.0,0.0,0.0
4867,Normal,Normal,0.04065423145529837,0.025613920902158017,0.011658143871144267,0.864317899015541,0.057755804755858266
4868,Brute Force,Brute Force,0.0,1.0,0.0,0.0,0.0
4869,DoS/DDoS,DoS/DDoS,0.0,0.0,1.0,0.0,0.0
4870,DoS/DDoS,DoS/DDoS,0.0,0.0,1.0,0.0,0.0
4871,Normal,Normal,0.0,0.0,0.0,1.0,0.0
4872,DoS/DDoS,DoS/DDoS,0.0,0.0,1.0,0.0,0.0
4873,Normal,Normal,0.0,0.0,0.0,1.0,0.0
4874,Brute Force,Brute Force,0.0,1.0,0.0,0.0,0.0
4875,Normal,Normal,0.0,6.819473810748967e-06,0.0,0.9999931805261891,0.0
4876,DoS/DDoS,DoS/DDoS,0.0,0.0,1.0,0.0,0.0
4877,DoS/DDoS,DoS/DDoS,0.0,0.0,1.0,0.0,0.0
4878,Brute Force,Brute Force,0.0,1.0,0.0,0.0,0.0
4879,Normal,Normal,0.0,0.01,0.0,0.99,0.0
4880,DoS/DDoS,DoS/DDoS,0.0,0.0,1.0,0.0,0.0
4881,Normal,Normal,0.08128605560851719,0.0,0.0008827645451209296,0.9178311798463621,0.0
4882,Normal,Normal,0.0,6.819473810748967e-06,0.0,0.9999931805261891,0.0
4883,Normal,Normal,0.0,0.0,0.0,1.0,0.0
4884,DoS/DDoS,DoS/DDoS,0.0,0.0,0.9897780711077597,0.010221928892240453,0.0
4885,DoS/DDoS,DoS/DDoS,0.0,0.0,1.0,0.0,0.0
4886,Bot,Bot,1.0,0.0,0.0,0.0,0.0
4887,DoS/DDoS,DoS/DDoS,0.0,0.0,0.9999238448224069,7.615517759312038e-05,0.0
4888,DoS/DDoS,DoS/DDoS,0.0,0.0,1.0,0.0,0.0
4889,Brute Force,Brute Force,0.0,1.0,0.0,0.0,0.0
4890,Brute Force,Brute Force,0.0,1.0,0.0,0.0,0.0
4891,Bot,Bot,0.9512827114327415,0.0,0.00010474303355153435,0.04861254553370692,0.0
4892,Brute Force,Brute Force,0.0,1.0,0.0,0.0,0.0
4893,Brute Force,Brute Force,0.0,1.0,0.0,0.0,0.0
4894,Brute Force,Brute Force,0.0,1.0,0.0,0.0,0.0
4895,Brute Force,Brute Force,0.0,1.0,0.0,0.0,0.0
4896,DoS/DDoS,DoS/DDoS,0.0,0.0,1.0,0.0,0.0
4897,Normal,Normal,0.0,0.0,0.0,1.0,0.0
4898,Normal,Normal,0.0,0.0,0.0,1.0,0.0
4899,DoS/DDoS,DoS/DDoS,0.0,0.0,1.0,0.0,0.0
4900,Normal,Normal,0.0,0.0,0.0,1.0,0.0
4901,Brute Force,Brute Force,0.00032907647963916875,0.8143775198950687,0.009900706119193418,0.0901561238119944,0.08523657369410437
4902,Normal,Normal,0.0,0.0,0.0,1.0,0.0
4903,DoS/DDoS,DoS/DDoS,0.0,0.0,1.0,0.0,0.0
4904,DoS/DDoS,DoS/DDoS,0.0,0.0,1.0,0.0,0.0
4905,Brute Force,Brute Force,0.0,1.0,0.0,0.0,0.0
4906,Brute Force,Brute Force,0.0,1.0,0.0,0.0,0.0
4907,DoS/DDoS,DoS/DDoS,0.0,0.0001543506670166707,0.9983465870211299,0.0014990623118535302,0.0
4908,Brute Force,Brute Force,0.0,0.5259654002226669,0.00037865738613959845,0.02080071576676499,0.45285522662442845
4909,DoS/DDoS,DoS/DDoS,0.0,0.0,1.0,0.0,0.0
4910,Brute Force,Brute Force,0.0,1.0,0.0,0.0,0.0
4911,DoS/DDoS,DoS/DDoS,0.0,0.0,1.0,0.0,0.0
4912,Brute Force,Brute Force,0.0,1.0,0.0,0.0,0.0
4913,Bot,Bot,0.9432303446923338,0.0,0.00010474303355153435,0.0566649122741148,0.0
4914,Normal,Normal,0.0,6.819473810748967e-06,0.0,0.9999931805261891,0.0
4915,DoS/DDoS,DoS/DDoS,0.0,0.006597945972479012,0.8056922507663582,0.17770980326116276,0.01
4916,Brute Force,Web Attack,0.0,0.35002706794804916,0.0058024789206187885,0.054035980954347494,0.5901344721769844
4917,Brute Force,Brute Force,0.0,0.9999754714906288,0.0,2.452850937120762e-05,0.0
4918,DoS/DDoS,DoS/DDoS,0.0,0.0,1.0,0.0,0.0
4919,Normal,Normal,0.0,6.819473810748967e-06,0.0,0.9999931805261891,0.0
4920,DoS/DDoS,DoS/DDoS,0.0,0.0,1.0,0.0,0.0
4921,DoS/DDoS,DoS/DDoS,0.0,0.0,1.0,0.0,0.0
4922,Normal,Normal,0.0,0.0,0.0,1.0,0.0
4923,DoS/DDoS,DoS/DDoS,0.0,0.0,1.0,0.0,0.0
4924,Brute Force,Brute Force,0.0,0.9999754714906288,0.0,2.452850937120762e-05,0.0
4925,Brute Force,Brute Force,0.0,1.0,0.0,0.0,0.0
4926,Normal,Normal,0.0,0.0,0.0,1.0,0.0
4927,Brute Force,Brute Force,0.0,1.0,0.0,0.0,0.0
4928,Normal,Normal,0.0,0.0,0.0,1.0,0.0
4929,DoS/DDoS,DoS/DDoS,0.0,0.0,1.0,0.0,0.0
4930,DoS/DDoS,DoS/DDoS,0.0,0.0,1.0,0.0,0.0
4931,Normal,Normal,0.0,6.819473810748967e-06,0.0,0.9999931805261891,0.0
4932,Normal,Normal,0.0,0.006540948275862069,0.00332841011958645,0.9901306416045514,0.0
4933,DoS/DDoS,DoS/DDoS,0.0,0.0,0.9999915125871316,8.487412868436374e-06,0.0
4934,Normal,Normal,0.0,0.0,0.0013441143104052922,0.9986558856895946,0.0
4935,DoS/DDoS,DoS/DDoS,0.0,0.0,1.0,0.0,0.0
4936,DoS/DDoS,DoS/DDoS,0.0,0.0,1.0,0.0,0.0
4937,DoS/DDoS,DoS/DDoS,0.0,0.0001543506670166707,0.9967352685496291,0.003110380783354333,0.0
4938,Normal,Normal,0.027229353194804132,0.0,0.0008721322776103208,0.9718985145275856,0.0
4939,DoS/DDoS,DoS/DDoS,0.0,0.006528721720510195,0.9852383353456281,0.008232942933861665,0.0
4940,Normal,Normal,0.027229353194804132,0.0,0.0008721322776103208,0.9718985145275856,0.0
4941,DoS/DDoS,DoS/DDoS,0.0,0.0,1.0,0.0,0.0
4942,DoS/DDoS,DoS/DDoS,0.0,0.0,1.0,0.0,0.0
4943,Normal,Normal,0.0,0.0,0.0,1.0,0.0
4944,Normal,Normal,0.0,0.0,0.0,1.0,0.0
4945,DoS/DDoS,DoS/DDoS,0.0,0.0,1.0,0.0,0.0
4946,DoS/DDoS,DoS/DDoS,0.0,0.0,1.0,0.0,0.0
4947,DoS/DDoS,DoS/DDoS,0.0,0.0,1.0,0.0,0.0
4948,DoS/DDoS,DoS/DDoS,0.0,0.0,0.9641857042889365,0.035814295711063586,0.0
4949,DoS/DDoS,DoS/DDoS,0.0,0.0,1.0,0.0,0.0
4950,DoS/DDoS,DoS/DDoS,0.0,0.016780352981482866,0.6387481527643358,0.3159813274631096,0.028490166791071705
4951,Brute Force,Brute Force,0.0,1.0,0.0,0.0,0.0
4952,Normal,Normal,0.0,6.819473810748967e-06,0.0,0.9999931805261891,0.0
4953,Normal,Normal,0.0,6.819473810748967e-06,0.0,0.9999931805261891,0.0
4954,DoS/DDoS,DoS/DDoS,0.0,0.0,1.0,0.0,0.0
4955,Normal,Normal,0.0,0.0,0.0,1.0,0.0
4956,Normal,Normal,0.0,0.0,0.0,1.0,0.0
4957,Brute Force,Brute Force,0.0,0.9999754714906288,0.0,2.452850937120762e-05,0.0
4958,Brute Force,Brute Force,0.0,1.0,0.0,0.0,0.0
4959,DoS/DDoS,DoS/DDoS,0.0,0.0,1.0,0.0,0.0
4960,Normal,Normal,0.0,0.0,0.0,1.0,0.0
4961,Brute Force,Web Attack,0.0,0.01990393940675151,0.00043826923453317774,0.002110823969345727,0.9775469673893694
4962,Normal,Normal,0.0,6.819473810748967e-06,0.0,0.9999931805261891,0.0
4963,Brute Force,Brute Force,0.0,0.9999754714906288,0.0,2.452850937120762e-05,0.0
4964,Normal,Normal,0.0,6.819473810748967e-06,0.0,0.9999931805261891,0.0
4965,Bot,Bot,1.0,0.0,0.0,0.0,0.0
4966,DoS/DDoS,DoS/DDoS,0.0,0.0,1.0,0.0,0.0
4967,Web Attack,Web Attack,0.0,0.37261195068269465,0.00043546273942595337,0.03365871191367567,0.5932938746642032
4968,Normal,Normal,0.0,0.0,0.005013566583363085,0.994986433416637,0.0
4969,Normal,Normal,0.0,6.819473810748967e-06,0.0,0.9999931805261891,0.0
4970,Brute Force,Brute Force,0.0,0.6855713384160859,0.0004186102716035083,0.005324320644206516,0.30868573066810384
4971,Brute Force,Brute Force,0.0,1.0,0.0,0.0,0.0
4972,Web Attack,Web Attack,0.0,0.05957155148527851,0.026593192853302073,0.21885804541984438,0.694977210241575
4973,Normal,Normal,0.0,0.0,0.0,1.0,0.0
4974,Brute Force,Brute Force,0.0,1.0,0.0,0.0,0.0
4975,Bot,Bot,0.988390851689384,0.0,5.39913091401014e-06,0.011603749179702085,0.0
4976,DoS/DDoS,DoS/DDoS,0.0,0.0,1.0,0.0,0.0
4977,DoS/DDoS,DoS/DDoS,0.0,0.0,1.0,0.0,0.0
4978,Brute Force,Brute Force,0.0,1.0,0.0,0.0,0.0
4979,Normal,Normal,0.0,6.819473810748967e-06,0.0,0.9999931805261891,0.0
4980,Normal,Normal,0.0,6.819473810748967e-06,0.0,0.9999931805261891,0.0
4981,Brute Force,Brute Force,0.0,1.0,0.0,0.0,0.0
4982,Normal,Normal,0.0,6.819473810748967e-06,0.0,0.9999931805261891,0.0
4983,DoS/DDoS,DoS/DDoS,0.0,0.0,1.0,0.0,0.0
4984,DoS/DDoS,DoS/DDoS,0.0,0.0,1.0,0.0,0.0
4985,Normal,Normal,0.0,0.0,0.0,1.0,0.0
4986,DoS/DDoS,DoS/DDoS,0.0,0.0,0.8501980128381454,0.14980198716185456,0.0
4987,Normal,Normal,0.0,6.819473810748967e-06,0.0,0.9999931805261891,0.0
4988,Bot,Bot,1.0,0.0,0.0,0.0,0.0
4989,Normal,Normal,0.0010252159614789497,0.03951034205111623,0.004055791570993761,0.917896616658072,0.037512033758338795
4990,Brute Force,Brute Force,0.0,0.9999754714906288,0.0,2.452850937120762e-05,0.0
4991,Normal,Normal,0.0,6.819473810748967e-06,0.0,0.9999931805261891,0.0
4992,Normal,Normal,0.0,0.03372751220653943,0.0,0.9662724877934606,0.0
4993,DoS/DDoS,DoS/DDoS,0.0,0.0,1.0,0.0,0.0
4994,Normal,Normal,0.0,6.819473810748967e-06,0.0,0.9999931805261891,0.0
4995,DoS/DDoS,DoS/DDoS,0.0,0.0,0.9833040355353936,0.01669596446460637,0.0
4996,DoS/DDoS,DoS/DDoS,0.0,0.0,1.0,0.0,0.0
4997,Bot,Bot,0.9423196745732859,0.0,0.00010474303355153435,0.05757558239316232,0.0
4998,Bot,Bot,0.9969783842770796,0.0,5.39913091401014e-06,0.0030162165920064343,0.0
4999,Normal,Normal,0.0,0.0,0.017038374126796128,0.9732658240838026,0.00969580178940124
5000,Normal,Normal,0.0,0.0,0.0,1.0,0.0
5001,Bot,Bot,1.0,0.0,0.0,0.0,0.0
5002,DoS/DDoS,DoS/DDoS,0.0,0.0,1.0,0.0,0.0
5003,Normal,Normal,0.0,6.819473810748967e-06,0.0,0.9999931805261891,0.0
5004,Normal,Normal,0.0,6.819473810748967e-06,0.0,0.9999931805261891,0.0
5005,Normal,Normal,0.0,6.819473810748967e-06,0.0,0.9999931805261891,0.0
5006,Normal,Normal,0.0,6.819473810748967e-06,0.0,0.9999931805261891,0.0
5007,DoS/DDoS,DoS/DDoS,0.0,0.0,1.0,0.0,0.0
5008,Normal,Normal,0.0010252159614789497,0.03951034205111623,0.004055791570993761,0.917896616658072,0.037512033758338795
5009,Normal,Normal,0.0,0.0,0.0003903588054569994,0.999609641194543,0.0
5010,Brute Force,Brute Force,0.0,0.8669781542113901,0.00037865738613959845,0.0025991199088019916,0.13004406849366823
5011,DoS/DDoS,DoS/DDoS,0.0,0.0,1.0,0.0,0.0
5012,Brute Force,Brute Force,0.0,1.0,0.0,0.0,0.0
5013,Normal,Normal,0.0,0.010789376083661982,0.12945380467916834,0.8404284412175254,0.01932837801964428
5014,Normal,Normal,0.0,0.0,0.0,1.0,0.0
5015,Brute Force,Brute Force,0.0,0.9999754714906288,0.0,2.452850937120762e-05,0.0
5016,Normal,Normal,0.0,0.006550084729806063,0.0,0.9934499152701939,0.0
5017,Brute Force,Brute Force,0.0,1.0,0.0,0.0,0.0
5018,Normal,Normal,0.0,6.819473810748967e-06,0.0,0.9999931805261891,0.0
5019,Brute Force,Brute Force,0.00010988690357994182,0.9311172613281166,0.0061796087745523256,0.036889629746112665,0.0257036132476386
5020,DoS/DDoS,DoS/DDoS,0.0,0.0,1.0,0.0,0.0
5021,Normal,Normal,0.0,0.0,0.029265597002629744,0.9707344029973703,0.0
5022,DoS/DDoS,DoS/DDoS,0.0,0.0,1.0,0.0,0.0
5023,DoS/DDoS,DoS/DDoS,0.0,0.0,1.0,0.0,0.0
5024,Web Attack,Brute Force,0.0,0.49831579777148916,0.0006579625888037525,0.0027574297118220688,0.4982688099278848
5025,Normal,Normal,0.0010252159614789497,0.03951034205111623,0.004055791570993761,0.917896616658072,0.037512033758338795
5026,Normal,Normal,0.0,0.0,0.004991032355262214,0.9950089676447378,0.0
5027,Normal,Normal,0.0,0.0,0.0,1.0,0.0
5028,DoS/DDoS,DoS/DDoS,0.0,0.0,1.0,0.0,0.0
5029,Normal,Normal,0.027377711521434596,0.0,0.0,0.9726222884785654,0.0
5030,Brute Force,Brute Force,0.0,1.0,0.0,0.0,0.0
5031,Normal,Normal,0.0,0.0,0.0,1.0,0.0
5032,DoS/DDoS,DoS/DDoS,0.0,0.0,1.0,0.0,0.0
5033,Normal,Normal,0.0,0.0,0.0,1.0,0.0
5034,DoS/DDoS,DoS/DDoS,0.0,0.0,1.0,0.0,0.0
5035,Normal,Normal,0.0,0.0,0.0,1.0,0.0
5036,Normal,Normal,0.0,0.0011472275334608033,0.0,0.99,0.008852772466539198
5037,DoS/DDoS,DoS/DDoS,0.0,0.0,1.0,0.0,0.0
5038,Normal,Normal,0.0,0.0,0.0,1.0,0.0
5039,Normal,Normal,0.0,6.819473810748967e-06,0.0,0.9999931805261891,0.0
5040,DoS/DDoS,DoS/DDoS,0.0,0.0,1.0,0.0,0.0
5041,DoS/DDoS,DoS/DDoS,0.0,0.0,1.0,0.0,0.0
5042,DoS/DDoS,DoS/DDoS,0.0,0.0,0.953564031448431,0.046435968551569194,0.0
5043,DoS/DDoS,DoS/DDoS,0.0,0.0,0.9807362240872284,0.01926377591277166,0.0
5044,DoS/DDoS,DoS/DDoS,0.0,0.0,1.0,0.0,0.0
5045,Normal,Normal,0.01,0.0,0.0,0.99,0.0
5046,Bot,Bot,0.9994588367167226,0.0,5.39913091401014e-06,0.0005357641523634762,0.0
5047,DoS/DDoS,DoS/DDoS,0.0,0.0,1.0,0.0,0.0
5048,Normal,Normal,0.0,0.14795800149583602,0.0,0.8520419985041641,0.0
5049,DoS/DDoS,DoS/DDoS,0.0,0.0,1.0,0.0,0.0
5050,Brute Force,Brute Force,0.0,1.0,0.0,0.0,0.0
5051,Normal,Normal,0.008301458283528568,0.0,0.0,0.9916985417164714,0.0
5052,DoS/DDoS,DoS/DDoS,0.0,0.0001543506670166707,0.9964730913748605,0.0033725579581229508,0.0
5053,Brute Force,Brute Force,0.0,1.0,0.0,0.0,0.0
5054,Brute Force,Web Attack,0.00032907647963916875,0.27909507857656174,0.04688227670132088,0.1675137452491155,0.5061798229933622
5055,Normal,Normal,0.0,0.0,0.0,1.0,0.0
5056,Brute Force,Brute Force,0.0,1.0,0.0,0.0,0.0
5057,Brute Force,Brute Force,0.0,1.0,0.0,0.0,0.0
5058,DoS/DDoS,DoS/DDoS,0.0,0.0,1.0,0.0,0.0
5059,Normal,Normal,0.0,0.0,0.001996122373335614,0.9980038776266644,0.0
5060,Normal,Normal,0.0,0.0,0.0,1.0,0.0
5061,DoS/DDoS,DoS/DDoS,0.0,0.0,1.0,0.0,0.0
5062,Brute Force,Brute Force,0.0,1.0,0.0,0.0,0.0
5063,Web Attack,Brute Force,0.0,0.7038678071667396,0.00043546273942595337,0.0015651319964767258,0.2941315980973575
5064,DoS/DDoS,DoS/DDoS,0.0,0.0,0.9999915125871316,8.487412868436374e-06,0.0
5065,DoS/DDoS,DoS/DDoS,0.0,0.0,1.0,0.0,0.0
5066,Normal,Normal,0.00010988690357994182,0.015505807588643712,0.040123870308778925,0.8862762648648536,0.05798417033414374
5067,DoS/DDoS,DoS/DDoS,0.0,0.0,1.0,0.0,0.0
5068,Normal,Normal,0.0,6.819473810748967e-06,0.0,0.9999931805261891,0.0
5069,Bot,Bot,1.0,0.0,0.0,0.0,0.0
5070,DoS/DDoS,DoS/DDoS,0.0,0.0,1.0,0.0,0.0
5071,Normal,Normal,0.0,0.008496948631936306,0.0,0.9818052126606426,0.009697838707421138
5072,Normal,Normal,0.01409317075097328,0.008273442424754173,0.0007946972990394691,0.9697486373740548,0.007090052151178238
5073,Normal,Normal,0.0,0.0,0.0,1.0,0.0
5074,DoS/DDoS,DoS/DDoS,0.0,0.0,1.0,0.0,0.0
5075,Brute Force,Web Attack,0.00032907647963916875,0.27909507857656174,0.04688227670132088,0.1675137452491155,0.5061798229933622
5076,DoS/DDoS,DoS/DDoS,0.0,0.0,1.0,0.0,0.0
5077,Brute Force,Brute Force,0.0,0.9999754714906288,0.0,2.452850937120762e-05,0.0
5078,Normal,Normal,0.0,6.819473810748967e-06,0.0,0.9999931805261891,0.0
5079,Normal,Normal,0.0,6.819473810748967e-06,0.0,0.9999931805261891,0.0
5080,Normal,Normal,0.0,6.819473810748967e-06,0.0,0.9999931805261891,0.0
5081,DoS/DDoS,DoS/DDoS,0.0,0.0,1.0,0.0,0.0
5082,Bot,Bot,0.9523730117725365,0.0,0.00010474303355153435,0.047522245193911836,0.0
5083,DoS/DDoS,DoS/DDoS,0.0,0.0,1.0,0.0,0.0
5084,DoS/DDoS,DoS/DDoS,0.0,0.0,0.9999915125871316,8.487412868436374e-06,0.0
5085,Normal,Normal,0.0,6.819473810748967e-06,0.0,0.9999931805261891,0.0
5086,Normal,Normal,0.0,0.0,3.273209551560448e-05,0.9999672679044843,0.0
5087,Brute Force,Brute Force,0.0,1.0,0.0,0.0,0.0
5088,DoS/DDoS,DoS/DDoS,0.0,0.0,0.9987791091035095,0.001220890896490552,0.0
5089,Normal,Normal,0.0,6.819473810748967e-06,0.0,0.9999931805261891,0.0
5090,Brute Force,Brute Force,0.0,1.0,0.0,0.0,0.0
5091,Brute Force,Brute Force,0.0,1.0,0.0,0.0,0.0
5092,DoS/DDoS,DoS/DDoS,0.0,0.0,1.0,0.0,0.0
5093,Normal,Normal,0.00831056793673616,0.0,0.0,0.9916894320632639,0.0
5094,Brute Force,Brute Force,0.0,1.0,0.0,0.0,0.0
5095,DoS/DDoS,DoS/DDoS,0.0,0.0,0.99,0.01,0.0
5096,Brute Force,Brute Force,0.0,1.0,0.0,0.0,0.0
5097,Bot,Bot,0.9989635624889402,0.0,5.39913091401014e-06,0.0010310383801458401,0.0
5098,DoS/DDoS,DoS/DDoS,0.0,0.0,1.0,0.0,0.0
5099,Normal,Normal,0.009166504255180927,0.0,0.0,0.990833495744819,0.0
5100,Normal,Normal,0.0,0.0,0.0,1.0,0.0
5101,DoS/DDoS,DoS/DDoS,0.0,0.0,1.0,0.0,0.0
5102,Normal,Normal,0.0,0.0,0.0,1.0,0.0
5103,Bot,Bot,0.999928535227931,0.0,5.39913091401014e-06,6.606564115514711e-05,0.0
5104,DoS/DDoS,DoS/DDoS,0.0,0.0,0.999954120721542,4.5879278458127466e-05,0.0
5105,Normal,DoS/DDoS,0.0,0.0,0.6692868601152995,0.3307131398847007,0.0
5106,DoS/DDoS,DoS/DDoS,0.0,0.0,1.0,0.0,0.0
5107,DoS/DDoS,DoS/DDoS,0.0,0.0,1.0,0.0,0.0
5108,Normal,Normal,0.0,0.0,0.004462979531721016,0.995537020468279,0.0
5109,Brute Force,Brute Force,0.0,0.9999754714906288,0.0,2.452850937120762e-05,0.0
5110,Normal,Normal,0.0,6.819473810748967e-06,0.0,0.9999931805261891,0.0
5111,Brute Force,Brute Force,0.0,1.0,0.0,0.0,0.0
5112,Brute Force,Brute Force,0.0,0.9999754714906288,0.0,2.452850937120762e-05,0.0
5113,Normal,Normal,0.0,0.0,0.0,1.0,0.0
5114,Normal,Normal,0.0,6.819473810748967e-06,0.0,0.9999931805261891,0.0
5115,Brute Force,Brute Force,0.0,0.9999754714906288,0.0,2.452850937120762e-05,0.0
5116,Normal,Normal,0.0,6.819473810748967e-06,0.0,0.9999931805261891,0.0
5117,Brute Force,Web Attack,0.00032907647963916875,0.27909507857656174,0.04688227670132088,0.1675137452491155,0.5061798229933622
5118,DoS/DDoS,DoS/DDoS,0.0,0.0,1.0,0.0,0.0
5119,Normal,Normal,0.0010252159614789497,0.03951034205111623,0.004055791570993761,0.917896616658072,0.037512033758338795
5120,Brute Force,Web Attack,0.0,0.29429695050489846,0.0004985439319532886,0.0023095851570680893,0.7028949204060798
5121,DoS/DDoS,DoS/DDoS,0.0,0.0,1.0,0.0,0.0
5122,DoS/DDoS,DoS/DDoS,0.0,0.0,1.0,0.0,0.0
5123,DoS/DDoS,DoS/DDoS,0.0,0.0,1.0,0.0,0.0
5124,Normal,Normal,0.0010252159614789497,0.03951034205111623,0.004055791570993761,0.917896616658072,0.037512033758338795
5125,DoS/DDoS,DoS/DDoS,0.0,0.0,1.0,0.0,0.0
5126,Normal,Normal,0.0,0.0,0.0,1.0,0.0
5127,Normal,Normal,0.0,6.819473810748967e-06,0.0,0.9999931805261891,0.0
5128,DoS/DDoS,DoS/DDoS,0.0,0.0,0.9999126761156112,8.732388438904994e-05,0.0
5129,Normal,Normal,0.0,6.819473810748967e-06,0.0,0.9999931805261891,0.0
5130,Brute Force,Brute Force,0.0,1.0,0.0,0.0,0.0
5131,DoS/DDoS,DoS/DDoS,0.0,0.0,1.0,0.0,0.0
5132,Brute Force,Web Attack,0.0,0.03610702531836652,0.00043546273942595337,0.009942499700549492,0.953515012241658
5133,Normal,Normal,0.0,6.819473810748967e-06,0.0,0.9999931805261891,0.0
5134,Brute Force,Brute Force,0.0,1.0,0.0,0.0,0.0
5135,DoS/DDoS,DoS/DDoS,0.0,0.0,1.0,0.0,0.0
5136,DoS/DDoS,DoS/DDoS,0.0,0.0,1.0,0.0,0.0
5137,Normal,Normal,0.0,6.819473810748967e-06,0.0,0.9999931805261891,0.0
5138,Normal,Normal,0.0014461801131194069,0.015950020924806102,0.1623410665962834,0.8025554505248652,0.01770728184092606
5139,Brute Force,Brute Force,0.0,0.9999754714906288,0.0,2.452850937120762e-05,0.0
5140,DoS/DDoS,DoS/DDoS,0.0,0.0,0.9850057265569078,0.014994273443092341,0.0
5141,Normal,Web Attack,0.0,0.3496242742047373,0.00043546273942595337,0.260497140231572,0.3894431228242646
5142,Brute Force,Brute Force,0.0,1.0,0.0,0.0,0.0
5143,DoS/DDoS,DoS/DDoS,0.0,0.0,0.9999915125871316,8.487412868436374e-06,0.0
5144,Web Attack,Web Attack,0.0,0.10220874239389717,0.00043546273942595337,0.01052786555420803,0.8868279293124689
5145,DoS/DDoS,DoS/DDoS,0.0,0.0,0.9987791091035095,0.001220890896490552,0.0
5146,Brute Force,Brute Force,0.0,0.9999754714906288,0.0,2.452850937120762e-05,0.0
5147,Brute Force,Brute Force,0.0,1.0,0.0,0.0,0.0
5148,DoS/DDoS,DoS/DDoS,0.0,0.0,1.0,0.0,0.0
5149,Normal,Normal,0.0,6.819473810748967e-06,0.0,0.9999931805261891,0.0
5150,Bot,Bot,0.943575492691303,0.0,0.00010474303355153435,0.05631976427514547,0.0
5151,DoS/DDoS,DoS/DDoS,0.0,0.0,1.0,0.0,0.0
5152,DoS/DDoS,DoS/DDoS,0.0,0.0,1.0,0.0,0.0
5153,Normal,Normal,0.0,0.0,0.0,1.0,0.0
5154,DoS/DDoS,DoS/DDoS,0.0,0.0,1.0,0.0,0.0
5155,Brute Force,Brute Force,0.0,1.0,0.0,0.0,0.0
5156,Normal,Normal,0.0,0.0,0.011251957021569732,0.9887480429784303,0.0
5157,Normal,Normal,0.0,0.0,0.0,1.0,0.0
5158,Normal,Normal,0.0,0.0,0.004958577346093415,0.9950414226539066,0.0
5159,Normal,Normal,0.0010252159614789497,0.03951034205111623,0.004055791570993761,0.917896616658072,0.037512033758338795
5160,Normal,Normal,0.0,0.006529277069021917,0.0,0.993470722930978,0.0
5161,Normal,Normal,0.0,6.819473810748967e-06,0.0,0.9999931805261891,0.0
5162,DoS/DDoS,DoS/DDoS,0.0,0.0,1.0,0.0,0.0
5163,DoS/DDoS,DoS/DDoS,0.0,0.0,1.0,0.0,0.0
5164,Normal,Normal,0.0,0.0,0.0,1.0,0.0
5165,DoS/DDoS,DoS/DDoS,0.0,0.0,1.0,0.0,0.0
5166,DoS/DDoS,DoS/DDoS,0.0,0.0,1.0,0.0,0.0
5167,Brute Force,Brute Force,0.0,1.0,0.0,0.0,0.0
5168,Bot,Bot,0.9316182992825419,0.0,0.00010474303355153435,0.06827695768390642,0.0
5169,Brute Force,Brute Force,0.0,1.0,0.0,0.0,0.0
5170,Bot,Bot,1.0,0.0,0.0,0.0,0.0
5171,DoS/DDoS,DoS/DDoS,0.0,0.0,0.9997557786241573,0.0002442213758426344,0.0
5172,DoS/DDoS,DoS/DDoS,0.0,0.0,1.0,0.0,0.0
5173,Normal,Normal,0.0,6.819473810748967e-06,0.0,0.9999931805261891,0.0
5174,Normal,Normal,0.0,6.819473810748967e-06,0.0,0.9999931805261891,0.0
5175,Normal,Normal,0.0,0.0,0.0,1.0,0.0
5176,Normal,Bot,0.9411378237033052,0.0,0.00010474303355153435,0.05875743326314302,0.0
5177,DoS/DDoS,DoS/DDoS,0.0,0.0,0.9987791091035095,0.001220890896490552,0.0
5178,Normal,Normal,0.0,6.819473810748967e-06,0.0,0.9999931805261891,0.0
5179,Normal,Normal,0.0010252159614789497,0.03951034205111623,0.004055791570993761,0.917896616658072,0.037512033758338795
5180,Normal,Normal,0.0,0.0,0.0,1.0,0.0
5181,Brute Force,Brute Force,0.0,1.0,0.0,0.0,0.0
5182,DoS/DDoS,DoS/DDoS,0.0,0.0,1.0,0.0,0.0
5183,DoS/DDoS,DoS/DDoS,0.0,0.0,1.0,0.0,0.0
5184,Normal,Normal,0.0010252159614789497,0.03951034205111623,0.004055791570993761,0.917896616658072,0.037512033758338795
5185,Normal,Normal,0.17588565916158683,0.0,0.010590788995779182,0.813523551842634,0.0
5186,Brute Force,Brute Force,0.0,1.0,0.0,0.0,0.0
5187,Brute Force,Brute Force,0.0,0.9999754714906288,0.0,2.452850937120762e-05,0.0
5188,DoS/DDoS,DoS/DDoS,0.0,0.0,1.0,0.0,0.0
5189,DoS/DDoS,DoS/DDoS,0.0,0.0,1.0,0.0,0.0
5190,DoS/DDoS,DoS/DDoS,0.0,0.0,1.0,0.0,0.0
5191,Normal,Normal,0.0,6.819473810748967e-06,0.0,0.9999931805261891,0.0
5192,Normal,Normal,0.0,0.0,0.0,1.0,0.0
5193,Normal,Normal,0.0,6.819473810748967e-06,0.0,0.9999931805261891,0.0
5194,Normal,Normal,0.0,0.0,0.0007329383870117206,0.9992670616129884,0.0
5195,Normal,Normal,0.04263043247424781,0.0,0.00762818972984139,0.949741377795911,0.0
5196,DoS/DDoS,DoS/DDoS,0.0,0.0,1.0,0.0,0.0
5197,DoS/DDoS,DoS/DDoS,0.0,0.0,1.0,0.0,0.0
5198,DoS/DDoS,DoS/DDoS,0.0,0.0,1.0,0.0,0.0
5199,DoS/DDoS,DoS/DDoS,0.0,0.0,1.0,0.0,0.0
5200,Brute Force,Brute Force,0.0,0.9999754714906288,0.0,2.452850937120762e-05,0.0
5201,Normal,Normal,0.0010252159614789497,0.03011704405671127,0.0030713680039593473,0.939008349771479,0.026778022206371346
5202,DoS/DDoS,DoS/DDoS,0.0,0.0,1.0,0.0,0.0
5203,DoS/DDoS,DoS/DDoS,0.0,0.0,0.97775750415807,0.022242495841930082,0.0
5204,DoS/DDoS,DoS/DDoS,0.0,0.0001543506670166707,0.9925316598141586,0.0073139895188248545,0.0
5205,Normal,Normal,0.0,6.819473810748967e-06,0.0,0.9999931805261891,0.0
5206,Normal,Bot,0.7555477886730008,0.0,0.00010474303355153435,0.24434746829344733,0.0
5207,DoS/DDoS,DoS/DDoS,0.0,0.0,1.0,0.0,0.0
5208,DoS/DDoS,DoS/DDoS,0.0,0.0,1.0,0.0,0.0
5209,Brute Force,Web Attack,0.0,0.04380261862370578,0.00043546273942595337,0.006143175708852283,0.949618742928016
5210,Brute Force,Brute Force,0.0,1.0,0.0,0.0,0.0
5211,DoS/DDoS,DoS/DDoS,0.0,0.0,0.9998413014882138,0.00015869851178634286,0.0
5212,DoS/DDoS,DoS/DDoS,0.0,0.0,1.0,0.0,0.0
5213,DoS/DDoS,DoS/DDoS,0.0,0.0,1.0,0.0,0.0
5214,Normal,Normal,0.0,0.01575408533319284,0.041487026597512425,0.9341599171437477,0.008598970925547084
5215,DoS/DDoS,DoS/DDoS,0.0,0.0,0.9998865803330991,0.00011341966690102105,0.0
5216,Normal,Normal,0.003649978477912319,0.025613920902158017,0.011876692235649884,0.9011036036284215,0.057755804755858266
5217,DoS/DDoS,DoS/DDoS,0.0,0.0,1.0,0.0,0.0
5218,Web Attack,Web Attack,0.0,0.2525396294199612,0.00043286010853947827,0.00854019267864082,0.7384873177928581
5219,Normal,Normal,0.0,6.819473810748967e-06,0.0,0.9999931805261891,0.0
5220,Brute Force,Web Attack,0.00032907647963916875,0.27909507857656174,0.04688227670132088,0.1675137452491155,0.5061798229933622
5221,DoS/DDoS,DoS/DDoS,0.0,0.0,1.0,0.0,0.0
5222,Normal,Normal,0.0,0.0031660911523245443,0.0,0.9968339088476754,0.0
5223,DoS/DDoS,DoS/DDoS,0.0,0.0,0.9999915125871316,8.487412868436374e-06,0.0
5224,Normal,Normal,0.0,0.0,0.0,1.0,0.0
5225,DoS/DDoS,DoS/DDoS,0.0,0.0,1.0,0.0,0.0
5226,Normal,Normal,0.0,0.0,0.01,0.99,0.0
5227,Normal,Bot,0.9511378237033052,0.0,0.00010474303355153435,0.04875743326314302,0.0
5228,DoS/DDoS,DoS/DDoS,0.0,0.0036948219668649523,0.9764145202128843,0.007184209025839545,0.012706448794411183
5229,Bot,Bot,1.0,0.0,0.0,0.0,0.0
5230,Web Attack,Web Attack,0.0,0.45521922073410415,0.00043546273942595337,0.007478093510363321,0.5368672230161063
5231,DoS/DDoS,DoS/DDoS,0.0,0.0,1.0,0.0,0.0
5232,Normal,Normal,0.0010252159614789497,0.03951034205111623,0.004055791570993761,0.917896616658072,0.037512033758338795
5233,Normal,Normal,0.0,0.0,0.0001677912773176141,0.9998322087226823,0.0
5234,DoS/DDoS,DoS/DDoS,0.0,0.0,1.0,0.0,0.0
5235,DoS/DDoS,DoS/DDoS,0.0,0.0,0.999023673034044,0.0009763269659559715,0.0
5236,DoS/DDoS,DoS/DDoS,0.0,0.0,1.0,0.0,0.0
5237,Normal,Normal,0.0,0.013291408825966704,0.0,0.9867085911740332,0.0
5238,DoS/DDoS,DoS/DDoS,0.0,0.0,1.0,0.0,0.0
5239,Normal,Normal,0.0010252159614789497,0.03951034205111623,0.004055791570993761,0.917896616658072,0.037512033758338795
5240,Normal,Normal,0.0,0.0,0.0,1.0,0.0
5241,DoS/DDoS,DoS/DDoS,0.0,0.0,1.0,0.0,0.0
5242,DoS/DDoS,DoS/DDoS,0.0,0.0,0.9560793097099798,0.03407915155700452,0.009841538733015706
5243,Brute Force,Brute Force,0.0,1.0,0.0,0.0,0.0
5244,Brute Force,Brute Force,0.0,1.0,0.0,0.0,0.0
5245,Normal,Normal,0.0,6.819473810748967e-06,0.0,0.9999931805261891,0.0
5246,Normal,Normal,0.0,0.01,0.045578255754601615,0.9444217442453983,0.0
5247,Normal,Normal,0.0,0.0,0.0,1.0,0.0
5248,DoS/DDoS,DoS/DDoS,0.0,0.0,1.0,0.0,0.0
5249,DoS/DDoS,DoS/DDoS,0.0,0.0,1.0,0.0,0.0
5250,Normal,Normal,0.0,0.0,0.0003753116770703256,0.9996246883229297,0.0
5251,Normal,Normal,0.0,0.0,0.0,1.0,0.0
5252,DoS/DDoS,DoS/DDoS,0.0,0.0,0.9991163203841111,0.0008836796158889274,0.0
5253,DoS/DDoS,DoS/DDoS,0.0,0.0,1.0,0.0,0.0
5254,Normal,Normal,0.0,0.0,0.0,1.0,0.0
5255,Brute Force,Brute Force,0.0,0.9050115236930679,0.00037865738613959845,0.001090389442837566,0.09351942947795483
5256,Brute Force,Brute Force,0.00032907647963916875,0.8143775198950687,0.009900706119193418,0.0901561238119944,0.08523657369410437
5257,Normal,Normal,0.0,0.0,0.0,1.0,0.0
5258,DoS/DDoS,DoS/DDoS,0.0,0.0,1.0,0.0,0.0
5259,Normal,Normal,0.0,0.0,0.0,1.0,0.0
5260,DoS/DDoS,DoS/DDoS,0.0,0.0,1.0,0.0,0.0
5261,DoS/DDoS,DoS/DDoS,0.0,0.0,1.0,0.0,0.0
5262,Normal,Normal,0.0,6.819473810748967e-06,0.0,0.9999931805261891,0.0
5263,Bot,Bot,0.9539210039344478,0.0,0.00010474303355153435,0.04597425303200056,0.0
5264,Normal,Normal,0.0,6.819473810748967e-06,0.0,0.9999931805261891,0.0
5265,DoS/DDoS,DoS/DDoS,0.0,0.0,0.9998416181564367,0.00015838184356323625,0.0
5266,Brute Force,Brute Force,0.0,1.0,0.0,0.0,0.0
5267,Normal,Normal,0.0,0.0,0.0,1.0,0.0
5268,DoS/DDoS,DoS/DDoS,0.0,0.0,1.0,0.0,0.0
5269,DoS/DDoS,DoS/DDoS,0.0,0.0,1.0,0.0,0.0
5270,DoS/DDoS,DoS/DDoS,0.0,0.0,1.0,0.0,0.0
5271,Normal,Normal,0.0,6.819473810748967e-06,0.0,0.9999931805261891,0.0
5272,DoS/DDoS,DoS/DDoS,0.0,0.0,1.0,0.0,0.0
5273,Normal,Normal,0.0,6.819473810748967e-06,0.0,0.9999931805261891,0.0
5274,Bot,Bot,0.9530532288751753,0.0,0.00010474303355153435,0.04684202809127319,0.0
5275,DoS/DDoS,DoS/DDoS,0.0,0.0,1.0,0.0,0.0
5276,DoS/DDoS,DoS/DDoS,0.0,0.0,0.9967858035692286,0.0032141964307713226,0.0
5277,Brute Force,Brute Force,0.0,1.0,0.0,0.0,0.0
5278,DoS/DDoS,DoS/DDoS,0.0,0.0,0.9999915125871316,8.487412868436374e-06,0.0
5279,DoS/DDoS,DoS/DDoS,0.0,0.0,1.0,0.0,0.0
5280,Normal,Normal,0.0,0.0,0.0,1.0,0.0
5281,Normal,Normal,0.0,0.0,0.0,1.0,0.0
5282,Normal,Normal,0.0,6.819473810748967e-06,0.0,0.9999931805261891,0.0
5283,DoS/DDoS,DoS/DDoS,0.0,0.0,0.95048534431842,0.04951465568158011,0.0
5284,Brute Force,Brute Force,0.0,1.0,0.0,0.0,0.0
5285,DoS/DDoS,DoS/DDoS,0.0,0.0,1.0,0.0,0.0
5286,Normal,Normal,0.0010252159614789497,0.03951034205111623,0.004055791570993761,0.917896616658072,0.037512033758338795
5287,Normal,Normal,0.0,0.012169982707269631,0.0013206232788888072,0.9865093940138416,0.0
5288,DoS/DDoS,DoS/DDoS,0.0,0.0,1.0,0.0,0.0
5289,DoS/DDoS,DoS/DDoS,0.0,0.0,0.9994360078834549,0.0005639921165450961,0.0
5290,Normal,Normal,0.0,0.01622968654948774,0.0,0.9837703134505122,0.0
5291,Normal,Normal,0.0,6.819473810748967e-06,0.0,0.9999931805261891,0.0
5292,Brute Force,Brute Force,0.0,1.0,0.0,0.0,0.0
5293,DoS/DDoS,DoS/DDoS,0.0,0.008174957137702762,0.9447766091206983,0.007809496114417755,0.03923893762718136
5294,Normal,Normal,0.0,0.0,0.0,1.0,0.0
5295,Normal,Normal,0.07971987792800939,0.0011596403129744248,0.0,0.9191204817590162,0.0
5296,Normal,Normal,0.0,6.819473810748967e-06,0.0,0.9999931805261891,0.0
5297,Web Attack,Web Attack,0.0,0.07060912358275336,0.0004255609830866665,0.0015241037334774847,0.9274412117006825
5298,Brute Force,Brute Force,0.0,0.9050115236930679,0.00037865738613959845,0.001090389442837566,0.09351942947795483
5299,DoS/DDoS,DoS/DDoS,0.0,0.09564509654547983,0.7323395309896086,0.1295580146266509,0.042457357838260906
5300,Bot,Bot,1.0,0.0,0.0,0.0,0.0
5301,Normal,Normal,0.0,6.819473810748967e-06,0.0,0.9999931805261891,0.0
5302,Normal,Normal,0.0,0.0,0.0028786658210033494,0.9971213341789966,0.0
5303,Normal,Normal,0.01,0.0,0.015038682305964564,0.9749613176940355,0.0
5304,Normal,Normal,0.0,0.0,0.0,1.0,0.0
5305,DoS/DDoS,DoS/DDoS,0.0,0.0,1.0,0.0,0.0
5306,Normal,Normal,0.0,6.819473810748967e-06,0.0,0.9999931805261891,0.0
5307,Normal,Normal,0.0,0.0,0.0,1.0,0.0
5308,Normal,Normal,0.0,0.0,0.0,1.0,0.0
5309,Normal,Normal,0.0,0.0,0.0,1.0,0.0
5310,DoS/DDoS,DoS/DDoS,0.0,0.0,1.0,0.0,0.0
5311,Normal,Normal,0.0010252159614789497,0.03951034205111623,0.004055791570993761,0.917896616658072,0.037512033758338795
5312,Brute Force,Brute Force,0.0,1.0,0.0,0.0,0.0
5313,DoS/DDoS,DoS/DDoS,0.0,0.0,1.0,0.0,0.0
5314,Normal,Normal,0.0010252159614789497,0.03951034205111623,0.004055791570993761,0.917896616658072,0.037512033758338795
5315,Normal,Normal,0.0,6.819473810748967e-06,0.0,0.9999931805261891,0.0
5316,Normal,Normal,0.0,0.0,0.0,1.0,0.0
5317,DoS/DDoS,DoS/DDoS,0.0,0.0,1.0,0.0,0.0
5318,DoS/DDoS,DoS/DDoS,0.0,0.0,1.0,0.0,0.0
5319,Bot,Bot,0.9539210039344478,0.0,0.00010474303355153435,0.04597425303200056,0.0
5320,Bot,Bot,1.0,0.0,0.0,0.0,0.0
5321,Brute Force,Brute Force,0.0,1.0,0.0,0.0,0.0
5322,DoS/DDoS,DoS/DDoS,0.0,0.0,1.0,0.0,0.0
5323,Normal,Normal,0.0010252159614789497,0.03951034205111623,0.004055791570993761,0.917896616658072,0.037512033758338795
5324,Brute Force,Brute Force,0.0,1.0,0.0,0.0,0.0
5325,DoS/DDoS,DoS/DDoS,0.0,0.0,1.0,0.0,0.0
5326,Normal,Normal,0.0010252159614789497,0.03951034205111623,0.004055791570993761,0.917896616658072,0.037512033758338795
5327,DoS/DDoS,DoS/DDoS,0.0,0.0038230018572700353,0.973938022393707,0.009532526954611691,0.012706448794411183
5328,Bot,Bot,0.943575492691303,0.0,0.00010474303355153435,0.05631976427514547,0.0
5329,DoS/DDoS,DoS/DDoS,0.0,0.0,1.0,0.0,0.0
5330,Normal,Normal,0.0,6.819473810748967e-06,0.0,0.9999931805261891,0.0
5331,DoS/DDoS,DoS/DDoS,0.0,0.0,1.0,0.0,0.0
5332,Brute Force,Brute Force,0.0,1.0,0.0,0.0,0.0
5333,Brute Force,Web Attack,0.0,0.1461570996259011,0.0004402115070105195,0.012840219053561752,0.8405624698135263
5334,DoS/DDoS,DoS/DDoS,0.0,0.0,1.0,0.0,0.0
5335,Brute Force,Brute Force,0.0,1.0,0.0,0.0,0.0
5336,DoS/DDoS,DoS/DDoS,0.0,0.0,0.9994360078834549,0.0005639921165450961,0.0
5337,Normal,Normal,0.0,6.819473810748967e-06,0.0011741719155087,0.9988190086106806,0.0
5338,DoS/DDoS,DoS/DDoS,0.0,0.0,1.0,0.0,0.0
5339,Normal,Bot,0.7577830372535801,0.0,0.00010474303355153435,0.24211221971286784,0.0
5340,DoS/DDoS,DoS/DDoS,0.0,0.0,1.0,0.0,0.0
5341,Brute Force,Brute Force,0.0,0.9999754714906288,0.0,2.452850937120762e-05,0.0
5342,DoS/DDoS,DoS/DDoS,0.0,0.0,1.0,0.0,0.0
5343,Normal,Normal,0.0,6.819473810748967e-06,0.0,0.9999931805261891,0.0
5344,Brute Force,Brute Force,0.0,0.9646756382236493,0.0,0.03532436177635067,0.0
5345,Normal,DoS/DDoS,0.00010988690357994182,0.06282832770540547,0.4049370985317821,0.3578180502101907,0.17430663664904159
5346,Bot,Bot,0.9531656820883542,0.0,0.00010474303355153435,0.04672957487809406,0.0
5347,Normal,Normal,0.0,0.0,3.273209551560448e-05,0.9999672679044843,0.0
5348,Normal,Normal,0.0,0.0,0.0,1.0,0.0
5349,DoS/DDoS,DoS/DDoS,0.0,0.0,1.0,0.0,0.0
5350,DoS/DDoS,DoS/DDoS,0.0,0.0,1.0,0.0,0.0
5351,Bot,Bot,0.999928535227931,0.0,5.39913091401014e-06,6.606564115514711e-05,0.0
5352,Normal,Normal,0.0,6.819473810748967e-06,0.0,0.9999931805261891,0.0
5353,DoS/DDoS,DoS/DDoS,0.0,0.0038230018572700353,0.975190577026528,0.008279972321790776,0.012706448794411183
5354,Normal,Normal,0.0,0.016243506549253547,0.0014911416333179156,0.9734281148658175,0.008837236951610986
5355,Web Attack,Brute Force,0.0,0.7557786436113699,0.0004558675133510343,0.0017035462840902544,0.24206194259118866
5356,Normal,Normal,0.0,6.819473810748967e-06,0.0,0.9999931805261891,0.0
5357,Brute Force,Brute Force,0.0,1.0,0.0,0.0,0.0
5358,DoS/DDoS,DoS/DDoS,0.0,0.0,1.0,0.0,0.0
5359,Brute Force,Brute Force,0.0,1.0,0.0,0.0,0.0
5360,Normal,Normal,0.0,6.819473810748967e-06,0.0,0.9999931805261891,0.0
5361,Normal,Normal,0.0,0.0,0.0001677912773176141,0.9998322087226823,0.0
5362,Brute Force,Brute Force,0.0,0.9999754714906288,0.0,2.452850937120762e-05,0.0
5363,DoS/DDoS,DoS/DDoS,0.0,0.0038230018572700353,0.9761975731976433,0.007272976150675512,0.012706448794411183
5364,Normal,Normal,0.0,0.0,0.0,1.0,0.0
5365,DoS/DDoS,DoS/DDoS,0.0,0.0,1.0,0.0,0.0
5366,DoS/DDoS,DoS/DDoS,0.0,0.0,1.0,0.0,0.0
5367,DoS/DDoS,DoS/DDoS,0.0,0.0,1.0,0.0,0.0
5368,DoS/DDoS,DoS/DDoS,0.0,0.0,1.0,0.0,0.0
5369,DoS/DDoS,DoS/DDoS,0.0,0.0,1.0,0.0,0.0
5370,Normal,Normal,0.06,0.0,0.0,0.94,0.0
5371,Normal,Normal,0.0,6.819473810748967e-06,0.0,0.9999931805261891,0.0
5372,DoS/DDoS,DoS/DDoS,0.0,0.0,1.0,0.0,0.0
5373,DoS/DDoS,DoS/DDoS,0.0,0.0,0.9940851569241544,0.005914843075845559,0.0
5374,DoS/DDoS,DoS/DDoS,0.0,0.0,0.9999915125871316,8.487412868436374e-06,0.0
5375,Normal,Normal,0.0,0.0,0.0,1.0,0.0
5376,DoS/DDoS,DoS/DDoS,0.0,0.0,0.9999915125871316,8.487412868436374e-06,0.0
5377,DoS/DDoS,DoS/DDoS,0.0,0.0,1.0,0.0,0.0
5378,Brute Force,Brute Force,0.0,0.9999754714906288,0.0,2.452850937120762e-05,0.0
5379,DoS/DDoS,DoS/DDoS,0.0,0.0,1.0,0.0,0.0
5380,Brute Force,Web Attack,0.0,0.06333998550214352,0.00043546273942595337,0.00619762585587095,0.9300269259025596
5381,Brute Force,Brute Force,0.0,0.9999754714906288,0.0,2.452850937120762e-05,0.0
5382,DoS/DDoS,DoS/DDoS,0.0,0.0,1.0,0.0,0.0
5383,DoS/DDoS,DoS/DDoS,0.0,0.0,1.0,0.0,0.0
5384,Web Attack,Web Attack,0.0,0.10232471125760666,0.00043286010853947827,0.002341969460661782,0.8949004591731922
5385,Brute Force,Brute Force,0.0,0.9999754714906288,0.0,2.452850937120762e-05,0.0
5386,Brute Force,Brute Force,0.0,1.0,0.0,0.0,0.0
5387,Normal,Normal,0.0,6.819473810748967e-06,0.0,0.9999931805261891,0.0
5388,Brute Force,Brute Force,0.0,0.9999754714906288,0.0,2.452850937120762e-05,0.0
5389,DoS/DDoS,DoS/DDoS,0.0,0.0,0.9999126761156112,8.732388438904994e-05,0.0
5390,Normal,Normal,0.0010252159614789497,0.03951034205111623,0.004055791570993761,0.917896616658072,0.037512033758338795
5391,Normal,Normal,0.0,0.0,0.0,1.0,0.0
5392,DoS/DDoS,DoS/DDoS,0.0,0.0,1.0,0.0,0.0
5393,DoS/DDoS,DoS/DDoS,0.0,0.0,1.0,0.0,0.0
5394,Normal,Bot,0.9203929307283734,0.0,0.00010474303355153435,0.07950232623807485,0.0
5395,Normal,Normal,0.0,6.819473810748967e-06,0.0,0.9999931805261891,0.0
5396,Normal,Normal,0.0,6.819473810748967e-06,0.0,0.9999931805261891,0.0
5397,DoS/DDoS,DoS/DDoS,0.0,0.0,1.0,0.0,0.0
5398,Normal,Normal,0.0,6.819473810748967e-06,0.0,0.9999931805261891,0.0
5399,Normal,Normal,0.0,6.819473810748967e-06,0.0,0.9999931805261891,0.0
5400,Normal,Normal,0.0,0.0,0.0,1.0,0.0
5401,Bot,Bot,0.9531656820883542,0.0,0.00010474303355153435,0.04672957487809406,0.0
5402,DoS/DDoS,DoS/DDoS,0.0,0.0,1.0,0.0,0.0
5403,Brute Force,Brute Force,0.0,1.0,0.0,0.0,0.0
5404,Normal,Normal,0.0,0.0,0.0,1.0,0.0
5405,Normal,Normal,0.0,0.03554040373965343,0.0,0.9644595962603466,0.0
5406,Brute Force,Brute Force,0.0,1.0,0.0,0.0,0.0
5407,DoS/DDoS,DoS/DDoS,0.0,0.0,1.0,0.0,0.0
5408,DoS/DDoS,DoS/DDoS,0.0,0.05027883012904891,0.5830493836786088,0.10530520639743976,0.26136657979490246
5409,Normal,Normal,0.0,6.819473810748967e-06,0.0,0.9999931805261891,0.0
5410,Brute Force,Brute Force,0.0,1.0,0.0,0.0,0.0
5411,Brute Force,Brute Force,0.0,0.9999754714906288,0.0,2.452850937120762e-05,0.0
5412,Brute Force,Brute Force,0.0,1.0,0.0,0.0,0.0
5413,Normal,Normal,0.0,6.819473810748967e-06,0.0,0.9999931805261891,0.0
5414,DoS/DDoS,DoS/DDoS,0.0,0.0,0.9944425578930697,0.005557442106930235,0.0
5415,DoS/DDoS,DoS/DDoS,0.0,0.0,0.9994360078834549,0.0005639921165450961,0.0
5416,Normal,Normal,0.0,6.819473810748967e-06,0.0,0.9999931805261891,0.0
5417,DoS/DDoS,DoS/DDoS,0.0,0.0,0.9999126761156112,8.732388438904994e-05,0.0
5418,Brute Force,Brute Force,0.0,0.7598014418814922,0.0004186102716035083,0.003344754813079909,0.23643519303382418
5419,Brute Force,Brute Force,0.0,1.0,0.0,0.0,0.0
5420,Normal,Normal,0.0,0.0,0.0,1.0,0.0
5421,Normal,Normal,0.0,0.0,0.0,1.0,0.0
5422,Normal,Normal,0.0,0.0,0.0,1.0,0.0
5423,Normal,Normal,0.0,6.819473810748967e-06,0.0,0.9999931805261891,0.0
5424,DoS/DDoS,DoS/DDoS,0.0,0.0,1.0,0.0,0.0
5425,Normal,Normal,0.0,6.819473810748967e-06,0.0,0.9999931805261891,0.0
5426,DoS/DDoS,DoS/DDoS,0.0,0.0,1.0,0.0,0.0
5427,DoS/DDoS,DoS/DDoS,0.0,0.0038230018572700353,0.9241461935815356,0.05932435576678305,0.012706448794411183
5428,Normal,Bot,0.7609587313819369,0.0,0.00010474303355153435,0.238936525584511,0.0
5429,DoS/DDoS,DoS/DDoS,0.0,0.0,1.0,0.0,0.0
5430,DoS/DDoS,DoS/DDoS,0.0,0.0,0.9999915125871316,8.487412868436374e-06,0.0
5431,Brute Force,Brute Force,0.0,0.783830518268025,0.00043286010853947827,0.0015053441115999752,0.21423127751183516
5432,DoS/DDoS,DoS/DDoS,0.0,0.0,1.0,0.0,0.0
5433,DoS/DDoS,DoS/DDoS,0.0,0.0,1.0,0.0,0.0
5434,Bot,Bot,0.999928535227931,0.0,5.39913091401014e-06,6.606564115514711e-05,0.0
5435,Brute Force,Brute Force,0.0,1.0,0.0,0.0,0.0
5436,Web Attack,Web Attack,0.0,0.10338241225662889,0.0004985439319532886,0.001974640975137923,0.8941444028362797
5437,Normal,Normal,0.0,6.819473810748967e-06,0.0,0.9999931805261891,0.0
5438,Normal,Normal,0.0,0.0,0.027374421363044847,0.9726255786369552,0.0
5439,Brute Force,Brute Force,0.0,1.0,0.0,0.0,0.0
5440,DoS/DDoS,DoS/DDoS,0.0,0.0,0.9999915125871316,8.487412868436374e-06,0.0
5441,Brute Force,Brute Force,0.0,1.0,0.0,0.0,0.0
5442,DoS/DDoS,DoS/DDoS,0.0,0.0,0.9984619120281298,0.0015380879718702584,0.0
5443,DoS/DDoS,DoS/DDoS,0.0,0.0,1.0,0.0,0.0
5444,Bot,Bot,1.0,0.0,0.0,0.0,0.0
5445,Brute Force,Brute Force,0.0,1.0,0.0,0.0,0.0
5446,DoS/DDoS,DoS/DDoS,0.0,0.0,1.0,0.0,0.0
5447,Normal,Normal,0.0,6.819473810748967e-06,0.0,0.9999931805261891,0.0
5448,Normal,Normal,0.0,6.819473810748967e-06,0.0,0.9999931805261891,0.0
5449,DoS/DDoS,DoS/DDoS,0.0,0.0,1.0,0.0,0.0
5450,DoS/DDoS,DoS/DDoS,0.0,0.0038230018572700353,0.868872815864475,0.11459773348384372,0.012706448794411183
5451,DoS/DDoS,DoS/DDoS,0.0,0.0,1.0,0.0,0.0
5452,DoS/DDoS,DoS/DDoS,0.0,0.0,1.0,0.0,0.0
5453,DoS/DDoS,DoS/DDoS,0.0,0.0,1.0,0.0,0.0
5454,Brute Force,Web Attack,0.0,0.11994103454745415,0.00043546273942595337,0.0035496595677717256,0.8760738431453483
5455,Normal,Normal,0.0,6.819473810748967e-06,0.0,0.9999931805261891,0.0
5456,DoS/DDoS,DoS/DDoS,0.0,0.0,1.0,0.0,0.0
5457,Normal,Normal,0.0,6.819473810748967e-06,0.0,0.9999931805261891,0.0
5458,Brute Force,Web Attack,0.00032907647963916875,0.27909507857656174,0.04688227670132088,0.1675137452491155,0.5061798229933622
5459,Brute Force,Brute Force,0.0,1.0,0.0,0.0,0.0
5460,DoS/DDoS,DoS/DDoS,0.0,0.0,1.0,0.0,0.0
5461,Normal,Normal,0.0,0.0,0.0,1.0,0.0
5462,Brute Force,Brute Force,0.0,1.0,0.0,0.0,0.0
5463,DoS/DDoS,DoS/DDoS,0.0,0.0,1.0,0.0,0.0
5464,DoS/DDoS,DoS/DDoS,0.0,0.0,1.0,0.0,0.0
5465,DoS/DDoS,DoS/DDoS,0.0,0.0,1.0,0.0,0.0
5466,Brute Force,Brute Force,0.0,1.0,0.0,0.0,0.0
5467,Normal,Normal,0.0,0.0,0.01,0.99,0.0
5468,Brute Force,Brute Force,0.0,1.0,0.0,0.0,0.0
5469,DoS/DDoS,DoS/DDoS,0.0,0.0,1.0,0.0,0.0
5470,DoS/DDoS,DoS/DDoS,0.0,0.0,1.0,0.0,0.0
5471,DoS/DDoS,DoS/DDoS,0.0,0.0,0.9999126761156112,8.732388438904994e-05,0.0
5472,Brute Force,Brute Force,0.0,0.9999754714906288,0.0,2.452850937120762e-05,0.0
5473,Brute Force,Brute Force,0.0,0.9999754714906288,0.0,2.452850937120762e-05,0.0
5474,DoS/DDoS,DoS/DDoS,0.0,0.0,0.9998865803330991,0.00011341966690102105,0.0
5475,DoS/DDoS,DoS/DDoS,0.00010988690357994182,0.04835545671534756,0.5600040788459243,0.2535831098228396,0.1379474677123085
5476,DoS/DDoS,DoS/DDoS,0.0,0.0,0.9999915125871316,8.487412868436374e-06,0.0
5477,Normal,Normal,0.0,6.819473810748967e-06,0.0,0.9999931805261891,0.0
5478,DoS/DDoS,DoS/DDoS,0.0,0.0,1.0,0.0,0.0
5479,Brute Force,Brute Force,0.00032907647963916875,0.8143775198950687,0.009900706119193418,0.0901561238119944,0.08523657369410437
5480,DoS/DDoS,DoS/DDoS,0.0,0.0,0.9661291016679528,0.033870898332047206,0.0
5481,DoS/DDoS,DoS/DDoS,0.0,0.0,1.0,0.0,0.0
5482,Normal,Normal,0.0,0.0,0.0,1.0,0.0
5483,Brute Force,Brute Force,0.0,1.0,0.0,0.0,0.0
5484,DoS/DDoS,DoS/DDoS,0.0,0.0,1.0,0.0,0.0
5485,DoS/DDoS,DoS/DDoS,0.0,0.0,0.9999915125871316,8.487412868436374e-06,0.0
5486,DoS/DDoS,DoS/DDoS,0.0,0.0,1.0,0.0,0.0
5487,Normal,Normal,0.0,6.819473810748967e-06,0.0,0.9999931805261891,0.0
5488,Normal,Normal,0.0,6.819473810748967e-06,0.0,0.9999931805261891,0.0
5489,Brute Force,Brute Force,0.0,1.0,0.0,0.0,0.0
5490,DoS/DDoS,DoS/DDoS,0.0,0.0,0.999954120721542,4.5879278458127466e-05,0.0
5491,DoS/DDoS,DoS/DDoS,0.0,0.0,1.0,0.0,0.0
5492,DoS/DDoS,DoS/DDoS,0.0,0.0,0.9999126761156112,8.732388438904994e-05,0.0
5493,Normal,Normal,0.0,0.0,0.07083667057234223,0.9291633294276578,0.0
5494,DoS/DDoS,DoS/DDoS,0.0,0.0,1.0,0.0,0.0
5495,DoS/DDoS,DoS/DDoS,0.0,0.0,1.0,0.0,0.0
5496,DoS/DDoS,DoS/DDoS,0.0,0.0,1.0,0.0,0.0
5497,Normal,Normal,0.0,0.0,0.0,1.0,0.0
5498,DoS/DDoS,DoS/DDoS,0.0,0.0,0.9991163203841111,0.0008836796158889274,0.0
5499,Normal,Normal,0.0,0.0,0.0,1.0,0.0
5500,Normal,Normal,0.0,6.819473810748967e-06,0.0,0.9999931805261891,0.0
5501,DoS/DDoS,DoS/DDoS,0.0,0.0,0.9999126761156112,8.732388438904994e-05,0.0
5502,Brute Force,Brute Force,0.0,1.0,0.0,0.0,0.0
5503,Brute Force,Brute Force,0.0,1.0,0.0,0.0,0.0
5504,Normal,Normal,0.0,0.0,0.0,1.0,0.0
5505,Normal,Normal,0.0,6.819473810748967e-06,0.0,0.9999931805261891,0.0
5506,Brute Force,Brute Force,0.0,0.7114706080442389,0.0004186102716035083,0.004833484735290845,0.2832772969488667
5507,Bot,Bot,0.9540087712448273,0.0,0.00010474303355153435,0.0458864857216211,0.0
5508,Normal,Normal,0.0,0.03999704112126974,0.00016513503045667406,0.8058319955652791,0.1540058282829944
5509,Normal,Normal,0.00010988690357994182,0.002276730837940569,0.02052769633296011,0.9348945406837195,0.04219114524179985
5510,DoS/DDoS,DoS/DDoS,0.0,0.0,1.0,0.0,0.0
5511,Normal,Normal,0.0,6.819473810748967e-06,0.0,0.9999931805261891,0.0
5512,Normal,Normal,0.0,6.819473810748967e-06,0.0,0.9999931805261891,0.0
5513,Brute Force,Brute Force,0.0,0.6544633039499184,0.00043286010853947827,0.0015053441115999752,0.34359849182994173
5514,DoS/DDoS,DoS/DDoS,0.0,0.0,0.9999915125871316,8.487412868436374e-06,0.0
5515,DoS/DDoS,DoS/DDoS,0.0,0.0,1.0,0.0,0.0
5516,DoS/DDoS,DoS/DDoS,0.0,0.0,1.0,0.0,0.0
5517,Normal,Normal,0.0,6.819473810748967e-06,0.0,0.9999931805261891,0.0
5518,DoS/DDoS,DoS/DDoS,0.0,0.0,1.0,0.0,0.0
5519,Normal,Normal,0.0010252159614789497,0.03951034205111623,0.004055791570993761,0.917896616658072,0.037512033758338795
5520,Brute Force,Brute Force,0.0,1.0,0.0,0.0,0.0
5521,Bot,Bot,0.9970021348549213,0.0,5.39913091401014e-06,0.002992466014164841,0.0
5522,Normal,Normal,0.0,6.819473810748967e-06,0.0,0.9999931805261891,0.0
5523,Normal,Normal,0.01797510784729782,0.0,0.006206096770905331,0.9758187953817967,0.0
5524,Normal,Normal,0.0010252159614789497,0.03951034205111623,0.004055791570993761,0.917896616658072,0.037512033758338795
5525,Web Attack,Web Attack,0.0,0.27718475596951614,0.0004985439319532886,0.002290863425145507,0.7200258366733848
5526,Normal,Normal,0.0,0.0,0.0,1.0,0.0
5527,Normal,Normal,0.3473462624390153,0.0,0.0010709821641083216,0.6515827553968765,0.0
5528,DoS/DDoS,DoS/DDoS,0.0,0.0,1.0,0.0,0.0
5529,Normal,Normal,0.0010252159614789497,0.03951034205111623,0.004055791570993761,0.917896616658072,0.037512033758338795
5530,DoS/DDoS,DoS/DDoS,0.0,0.0,1.0,0.0,0.0
5531,Normal,Normal,0.00032907647963916875,0.025613920902158017,0.011658143871144267,0.9046430539912003,0.057755804755858266
5532,Brute Force,Brute Force,0.0,1.0,0.0,0.0,0.0
5533,Normal,Normal,0.0,0.0,0.0,1.0,0.0
5534,DoS/DDoS,DoS/DDoS,0.0,0.0,1.0,0.0,0.0
5535,Normal,Normal,0.0,0.0,0.0,1.0,0.0
5536,Brute Force,Brute Force,0.0,1.0,0.0,0.0,0.0
5537,Brute Force,Brute Force,0.0,1.0,0.0,0.0,0.0
5538,DoS/DDoS,DoS/DDoS,0.0,0.0,1.0,0.0,0.0
5539,Brute Force,Brute Force,0.0,1.0,0.0,0.0,0.0
5540,DoS/DDoS,DoS/DDoS,0.0,0.011951547863721884,0.9194480962487812,0.06014461954999129,0.008455736337505747
5541,Normal,Normal,0.0,6.819473810748967e-06,0.0,0.9999931805261891,0.0
5542,Brute Force,Brute Force,0.0,1.0,0.0,0.0,0.0
5543,Brute Force,Brute Force,0.0,1.0,0.0,0.0,0.0
5544,DoS/DDoS,DoS/DDoS,0.0,0.0,1.0,0.0,0.0
5545,Normal,Normal,0.0,6.819473810748967e-06,0.0,0.9999931805261891,0.0
5546,Normal,Normal,0.0,0.0,0.0,1.0,0.0
5547,Brute Force,Brute Force,0.0,0.6879308824027645,0.0004985439319532886,0.0018698420659467637,0.30970073159933525
5548,Bot,Bot,0.999928535227931,0.0,5.39913091401014e-06,6.606564115514711e-05,0.0
5549,DoS/DDoS,DoS/DDoS,0.0,0.0,1.0,0.0,0.0
5550,DoS/DDoS,DoS/DDoS,0.0,0.0,1.0,0.0,0.0
5551,DoS/DDoS,DoS/DDoS,0.0,0.0,1.0,0.0,0.0
5552,DoS/DDoS,DoS/DDoS,0.0,0.0,1.0,0.0,0.0
5553,Normal,Normal,0.0,0.0,0.0,1.0,0.0
5554,Brute Force,Brute Force,0.00032907647963916875,0.8143775198950687,0.009900706119193418,0.0901561238119944,0.08523657369410437
5555,Normal,Normal,0.0010252159614789497,0.03951034205111623,0.004055791570993761,0.917896616658072,0.037512033758338795
5556,Normal,Normal,0.0,0.0,0.0,1.0,0.0
5557,Normal,Normal,0.0,0.0,0.0,1.0,0.0
5558,DoS/DDoS,DoS/DDoS,0.0,0.0,1.0,0.0,0.0
5559,Brute Force,Brute Force,0.0,1.0,0.0,0.0,0.0
5560,Normal,Normal,0.0010252159614789497,0.03951034205111623,0.004055791570993761,0.917896616658072,0.037512033758338795
5561,DoS/DDoS,DoS/DDoS,0.0,0.0,1.0,0.0,0.0
5562,DoS/DDoS,DoS/DDoS,0.0,0.0,1.0,0.0,0.0
5563,Normal,Normal,0.0,6.819473810748967e-06,0.0,0.9999931805261891,0.0
5564,Brute Force,Brute Force,0.00010988690357994182,0.7626896134842239,0.061979893183075466,0.09829784873154879,0.07692275769757194
5565,Normal,Normal,0.0,0.0,0.0,1.0,0.0
5566,DoS/DDoS,DoS/DDoS,0.0,0.0,1.0,0.0,0.0
5567,DoS/DDoS,DoS/DDoS,0.0,0.0,1.0,0.0,0.0
5568,Brute Force,Brute Force,0.0,0.838183459987793,0.0004186102716035083,0.0012394021253956272,0.1601585276152078
5569,Brute Force,Brute Force,0.0,0.6197211205127998,0.0004402115070105195,0.004586769620215416,0.3752518983599741
5570,Bot,Bot,1.0,0.0,0.0,0.0,0.0
5571,DoS/DDoS,DoS/DDoS,0.0,0.0,1.0,0.0,0.0
5572,DoS/DDoS,DoS/DDoS,0.0,0.0,1.0,0.0,0.0
5573,Normal,Normal,0.0,0.0,0.0,1.0,0.0
5574,Brute Force,Brute Force,0.0,1.0,0.0,0.0,0.0
5575,Normal,Normal,0.0,0.0,0.0,1.0,0.0
5576,DoS/DDoS,DoS/DDoS,0.0,0.0,0.9999915125871316,8.487412868436374e-06,0.0
5577,Brute Force,Brute Force,0.0,1.0,0.0,0.0,0.0
5578,Web Attack,Web Attack,0.0,0.0,0.0003373893805309735,0.021443169056688697,0.9782194415627804
5579,DoS/DDoS,DoS/DDoS,0.0,0.0,1.0,0.0,0.0
5580,Normal,Normal,0.0,6.819473810748967e-06,0.0,0.9999931805261891,0.0
5581,DoS/DDoS,DoS/DDoS,0.0,0.0,0.9991163203841111,0.0008836796158889274,0.0
5582,DoS/DDoS,DoS/DDoS,0.0,0.0,1.0,0.0,0.0
5583,DoS/DDoS,DoS/DDoS,0.0,0.0,1.0,0.0,0.0
5584,Normal,Normal,0.0,0.0,0.0,1.0,0.0
5585,DoS/DDoS,DoS/DDoS,0.0,0.0,1.0,0.0,0.0
5586,Normal,Normal,0.0,0.0,0.0,1.0,0.0
5587,Normal,Normal,0.0,6.819473810748967e-06,0.0,0.9999931805261891,0.0
5588,Brute Force,Brute Force,0.0,1.0,0.0,0.0,0.0
5589,DoS/DDoS,DoS/DDoS,0.0,0.0,1.0,0.0,0.0
5590,Normal,Normal,0.0,6.819473810748967e-06,0.0,0.9999931805261891,0.0
5591,Normal,Normal,0.0,0.0,0.074822214645871,0.9158093784469195,0.009368406907209567
5592,Normal,Normal,0.0010252159614789497,0.03951034205111623,0.004055791570993761,0.917896616658072,0.037512033758338795
5593,Normal,Normal,0.0,6.819473810748967e-06,0.0,0.9999931805261891,0.0
5594,Normal,Normal,0.0,0.0,0.0,1.0,0.0
5595,Normal,Normal,0.0,0.0,0.0,1.0,0.0
5596,Normal,Normal,0.0,0.0,0.0,1.0,0.0
5597,DoS/DDoS,DoS/DDoS,0.0,0.0,0.9999915125871316,8.487412868436374e-06,0.0
5598,Normal,Normal,0.0,6.819473810748967e-06,0.0,0.9999931805261891,0.0
5599,Normal,Normal,0.0,6.819473810748967e-06,0.0,0.9999931805261891,0.0
5600,Normal,Normal,0.0,6.819473810748967e-06,0.0,0.9999931805261891,0.0
5601,Normal,Normal,0.0,0.0,0.01,0.99,0.0
5602,DoS/DDoS,DoS/DDoS,0.0,0.0,1.0,0.0,0.0
5603,Brute Force,Brute Force,0.0,1.0,0.0,0.0,0.0
5604,Normal,Web Attack,0.00010988690357994182,0.060446048964554897,0.2939771240072471,0.24146665507506146,0.4040002850495565
5605,Brute Force,Brute Force,0.0,0.9999754714906288,0.0,2.452850937120762e-05,0.0
5606,DoS/DDoS,DoS/DDoS,0.0,0.0,1.0,0.0,0.0
5607,DoS/DDoS,DoS/DDoS,0.0,0.0,1.0,0.0,0.0
5608,Normal,Normal,0.0,6.819473810748967e-06,0.0,0.9999931805261891,0.0
5609,Normal,Normal,0.17588565916158683,0.0,0.017827534544239767,0.8062868062941735,0.0
5610,DoS/DDoS,DoS/DDoS,0.0,0.0038230018572700353,0.973938022393707,0.009532526954611691,0.012706448794411183
5611,Brute Force,Brute Force,0.0,1.0,0.0,0.0,0.0
5612,DoS/DDoS,DoS/DDoS,0.0,0.0,1.0,0.0,0.0
5613,Normal,Normal,0.0,6.819473810748967e-06,0.0,0.9999931805261891,0.0
5614,Brute Force,Brute Force,0.0,1.0,0.0,0.0,0.0
5615,Normal,Normal,0.0,0.0,0.0,1.0,0.0
5616,Brute Force,Brute Force,0.0,0.9999754714906288,0.0,2.452850937120762e-05,0.0
5617,Brute Force,Brute Force,0.0,0.9964693810922998,0.0,0.0035306189077002003,0.0
5618,Brute Force,Brute Force,0.0,1.0,0.0,0.0,0.0
5619,DoS/DDoS,DoS/DDoS,0.0,0.0,1.0,0.0,0.0
5620,Normal,Normal,0.0,6.819473810748967e-06,0.0,0.9999931805261891,0.0
5621,DoS/DDoS,DoS/DDoS,0.0,0.0,1.0,0.0,0.0
5622,Normal,Normal,0.0010252159614789497,0.03951034205111623,0.004055791570993761,0.917896616658072,0.037512033758338795
5623,DoS/DDoS,DoS/DDoS,0.0,0.0,0.9940851569241544,0.005914843075845559,0.0
5624,Brute Force,Web Attack,0.0,0.09997745684150466,0.0004985439319532886,0.0033176229512173194,0.8962063762753247
5625,DoS/DDoS,DoS/DDoS,0.0,0.0,1.0,0.0,0.0
5626,Normal,Normal,0.0,6.819473810748967e-06,0.0,0.9999931805261891,0.0
5627,DoS/DDoS,DoS/DDoS,0.0,0.0,0.9999915125871316,8.487412868436374e-06,0.0
5628,Normal,Normal,0.0,6.819473810748967e-06,0.0,0.9999931805261891,0.0
5629,DoS/DDoS,DoS/DDoS,0.0,0.0,1.0,0.0,0.0
5630,DoS/DDoS,DoS/DDoS,0.0,0.0,1.0,0.0,0.0
5631,Normal,Normal,0.0,0.0,0.020592893608583324,0.9794071063914167,0.0
5632,DoS/DDoS,DoS/DDoS,0.0,0.0,1.0,0.0,0.0
5633,Brute Force,Brute Force,0.0,1.0,0.0,0.0,0.0
5634,DoS/DDoS,DoS/DDoS,0.0,0.004661826577866283,0.9091887322480346,0.031325793571623246,0.0548236476024758
5635,DoS/DDoS,DoS/DDoS,0.0,0.0,1.0,0.0,0.0
5636,DoS/DDoS,DoS/DDoS,0.0,0.0,1.0,0.0,0.0
5637,Brute Force,Brute Force,0.0,1.0,0.0,0.0,0.0
5638,Normal,Normal,0.0,6.819473810748967e-06,0.0,0.9999931805261891,0.0
5639,Normal,Normal,0.0,0.0,0.0,1.0,0.0
5640,Normal,Normal,0.0,6.819473810748967e-06,0.0,0.9999931805261891,0.0
5641,Brute Force,Brute Force,0.0,1.0,0.0,0.0,0.0
5642,DoS/DDoS,DoS/DDoS,0.0,0.0,1.0,0.0,0.0
5643,DoS/DDoS,DoS/DDoS,0.0,0.0,1.0,0.0,0.0
5644,Normal,Normal,0.0,0.0,0.0,1.0,0.0
5645,Normal,Normal,0.0,6.819473810748967e-06,0.0,0.9999931805261891,0.0
5646,Brute Force,Brute Force,0.0,1.0,0.0,0.0,0.0
5647,DoS/DDoS,DoS/DDoS,0.0,0.0,0.9999915125871316,8.487412868436374e-06,0.0
5648,Brute Force,Web Attack,0.0,0.31644846038697455,0.0004186102716035083,0.012153530664379299,0.6709793986770426
5649,Brute Force,Brute Force,0.0,0.996540948275862,0.0,0.003459051724137931,0.0
5650,Normal,Normal,0.0,0.00897020717969837,0.008123743486086217,0.9130292257674103,0.0698768235668053
5651,Brute Force,Brute Force,0.0,1.0,0.0,0.0,0.0
5652,Brute Force,Brute Force,0.0,1.0,0.0,0.0,0.0
5653,DoS/DDoS,Normal,0.0,0.0,0.3378111197153013,0.6437325301385814,0.018456350146117365
5654,DoS/DDoS,DoS/DDoS,0.0,0.0,1.0,0.0,0.0
5655,Normal,Normal,0.0,0.0,0.0,1.0,0.0
5656,Normal,Normal,0.0,6.819473810748967e-06,0.0,0.9999931805261891,0.0
5657,DoS/DDoS,DoS/DDoS,0.0,0.0,1.0,0.0,0.0
5658,Normal,Normal,0.0024490120814391596,0.0,0.021365956559334993,0.9761850313592259,0.0
5659,Normal,Normal,0.0,0.0,0.0,1.0,0.0
5660,DoS/DDoS,DoS/DDoS,0.0,0.0,1.0,0.0,0.0
5661,Normal,Normal,0.0,6.819473810748967e-06,0.0,0.9999931805261891,0.0
5662,Normal,Normal,0.0,0.0,0.0,1.0,0.0
5663,DoS/DDoS,DoS/DDoS,0.0,0.0,1.0,0.0,0.0
5664,Normal,Normal,0.0,6.819473810748967e-06,0.0,0.9999931805261891,0.0
5665,DoS/DDoS,DoS/DDoS,0.0,0.0,1.0,0.0,0.0
5666,DoS/DDoS,DoS/DDoS,0.0,0.0,1.0,0.0,0.0
5667,Normal,Normal,0.0,0.0,0.0,1.0,0.0
5668,Normal,Normal,0.0,0.0,0.0,1.0,0.0
5669,DoS/DDoS,DoS/DDoS,0.0,0.0,1.0,0.0,0.0
5670,Normal,Normal,0.0,0.001597226202074618,0.1119117093486672,0.8864910644492582,0.0
5671,Normal,Normal,0.0010252159614789497,0.03951034205111623,0.004055791570993761,0.917896616658072,0.037512033758338795
5672,DoS/DDoS,DoS/DDoS,0.0,0.0,1.0,0.0,0.0
5673,DoS/DDoS,DoS/DDoS,0.0,0.0,1.0,0.0,0.0
5674,DoS/DDoS,DoS/DDoS,0.0,0.0,1.0,0.0,0.0
5675,DoS/DDoS,DoS/DDoS,0.0,0.0,0.9998865803330991,0.00011341966690102105,0.0
5676,DoS/DDoS,DoS/DDoS,0.0,0.0,1.0,0.0,0.0
5677,Normal,Normal,0.0,6.819473810748967e-06,0.0,0.9999931805261891,0.0
5678,Normal,Bot,0.7577830372535801,0.0,0.00010474303355153435,0.24211221971286784,0.0
5679,Brute Force,Brute Force,0.0,1.0,0.0,0.0,0.0
5680,DoS/DDoS,DoS/DDoS,0.0,0.0,1.0,0.0,0.0
5681,Normal,Normal,0.0010252159614789497,0.03951034205111623,0.004055791570993761,0.917896616658072,0.037512033758338795
5682,Bot,Bot,1.0,0.0,0.0,0.0,0.0
5683,DoS/DDoS,DoS/DDoS,0.0,0.0,1.0,0.0,0.0
5684,Normal,Normal,0.0,6.819473810748967e-06,0.0,0.9999931805261891,0.0
5685,Normal,Normal,0.0,6.819473810748967e-06,0.0,0.9999931805261891,0.0
5686,Brute Force,Brute Force,0.0,0.6085406215917407,0.0004255609830866665,0.015354772786762918,0.3756790446384096
5687,DoS/DDoS,DoS/DDoS,0.0,0.0,1.0,0.0,0.0
5688,Normal,Normal,0.0,6.819473810748967e-06,0.0,0.9999931805261891,0.0
5689,DoS/DDoS,DoS/DDoS,0.0,0.0,1.0,0.0,0.0
5690,Normal,Normal,0.0,0.0,0.0007329383870117206,0.9992670616129884,0.0
5691,Brute Force,Brute Force,0.0,0.9999754714906288,0.0,2.452850937120762e-05,0.0
5692,Normal,Normal,0.19229049371768153,0.0,5.800219761633349e-05,0.8076515040847023,0.0
5693,DoS/DDoS,DoS/DDoS,0.0,0.0,1.0,0.0,0.0
5694,Normal,Normal,0.0010252159614789497,0.03951034205111623,0.004055791570993761,0.917896616658072,0.037512033758338795
5695,DoS/DDoS,DoS/DDoS,0.0,0.0,1.0,0.0,0.0
5696,DoS/DDoS,DoS/DDoS,0.0,0.0,1.0,0.0,0.0
5697,Normal,Normal,0.0,6.819473810748967e-06,0.0,0.9999931805261891,0.0
5698,DoS/DDoS,DoS/DDoS,0.0,0.0,1.0,0.0,0.0
5699,Normal,Normal,0.0,0.0,0.0,1.0,0.0
5700,Brute Force,Brute Force,0.00032907647963916875,0.8143775198950687,0.009900706119193418,0.0901561238119944,0.08523657369410437
5701,DoS/DDoS,DoS/DDoS,0.0,0.0,1.0,0.0,0.0
5702,Normal,Normal,0.0,0.0,0.0,1.0,0.0
5703,Brute Force,Brute Force,0.0,1.0,0.0,0.0,0.0
5704,Normal,Normal,0.0,6.819473810748967e-06,0.0,0.9999931805261891,0.0
5705,Normal,Normal,0.0,0.0,0.0,1.0,0.0
5706,Normal,Normal,0.0,0.0,0.0,1.0,0.0
5707,Brute Force,Brute Force,0.0,1.0,0.0,0.0,0.0
5708,DoS/DDoS,DoS/DDoS,0.0,0.0,1.0,0.0,0.0
5709,Brute Force,Brute Force,0.0,1.0,0.0,0.0,0.0
5710,Normal,Normal,0.0,0.0,0.0,1.0,0.0
5711,Brute Force,Brute Force,0.0,0.9994384316130183,0.0,0.0005615683869817862,0.0
5712,DoS/DDoS,DoS/DDoS,0.0,0.0,0.9949666321687306,0.005033367831269405,0.0
5713,DoS/DDoS,DoS/DDoS,0.0,0.0,1.0,0.0,0.0
5714,Normal,Normal,0.0,6.819473810748967e-06,0.0,0.9999931805261891,0.0
5715,Normal,Normal,0.0,6.819473810748967e-06,0.0,0.9999931805261891,0.0
5716,DoS/DDoS,DoS/DDoS,0.0,0.0,1.0,0.0,0.0
5717,DoS/DDoS,DoS/DDoS,0.0,0.0,1.0,0.0,0.0
5718,DoS/DDoS,DoS/DDoS,0.0,0.0,1.0,0.0,0.0
5719,DoS/DDoS,DoS/DDoS,0.0,0.0,0.9999915125871316,8.487412868436374e-06,0.0
5720,Normal,Normal,0.04263043247424781,0.0,3.7854604607592724e-06,0.9573657820652914,0.0
5721,Normal,Normal,0.0,0.0,0.0,1.0,0.0
5722,DoS/DDoS,DoS/DDoS,0.0,0.0,1.0,0.0,0.0
5723,Normal,Normal,0.0,6.819473810748967e-06,0.0,0.9999931805261891,0.0
5724,Normal,Normal,0.0,0.0,0.17498387552319639,0.8150161244768037,0.01
5725,Normal,Normal,0.0010252159614789497,0.03951034205111623,0.004055791570993761,0.917896616658072,0.037512033758338795
5726,Bot,Bot,0.9511378237033052,0.0,0.00010474303355153435,0.04875743326314302,0.0
5727,Brute Force,Brute Force,0.0,1.0,0.0,0.0,0.0
5728,Normal,Normal,0.0,0.0,0.0,1.0,0.0
5729,DoS/DDoS,DoS/DDoS,0.0,0.0,1.0,0.0,0.0
5730,Normal,Normal,0.0,0.0,0.0,1.0,0.0
5731,Brute Force,Brute Force,0.0,1.0,0.0,0.0,0.0
5732,Normal,Normal,0.0,0.0,0.0,1.0,0.0
5733,DoS/DDoS,DoS/DDoS,0.0,0.0,1.0,0.0,0.0
5734,DoS/DDoS,DoS/DDoS,0.0,0.0,0.9987791091035095,0.001220890896490552,0.0
5735,Brute Force,Brute Force,0.0,1.0,0.0,0.0,0.0
5736,Bot,Bot,1.0,0.0,0.0,0.0,0.0
5737,Brute Force,Brute Force,0.0,1.0,0.0,0.0,0.0
5738,Normal,Normal,0.0,0.0,0.0,1.0,0.0
5739,Normal,Normal,0.0,0.0,0.0,1.0,0.0
5740,DoS/DDoS,DoS/DDoS,0.0,0.0,1.0,0.0,0.0
5741,Normal,Normal,0.0,6.819473810748967e-06,0.0,0.9999931805261891,0.0
5742,Brute Force,Brute Force,0.0,0.9999754714906288,0.0,2.452850937120762e-05,0.0
5743,Normal,Bot,0.9411378237033052,0.0,0.00010474303355153435,0.05875743326314302,0.0
5744,Normal,Normal,0.0,0.0,0.007655931426745755,0.9923440685732543,0.0
5745,Normal,Normal,0.0,6.819473810748967e-06,0.0,0.9999931805261891,0.0
5746,DoS/DDoS,DoS/DDoS,0.0,0.005233039461610621,0.8967418285733543,0.03377269724630358,0.06425243471873146
5747,Brute Force,Brute Force,0.0,1.0,0.0,0.0,0.0
5748,Normal,Normal,0.0010252159614789497,0.03951034205111623,0.004055791570993761,0.917896616658072,0.037512033758338795
5749,Normal,Normal,0.0,0.0,0.0,1.0,0.0
5750,Brute Force,Brute Force,0.0,1.0,0.0,0.0,0.0
5751,Normal,Normal,0.0,0.0,0.0,1.0,0.0
5752,Normal,Normal,0.0,0.0,0.0,1.0,0.0
5753,Normal,Normal,0.0,6.819473810748967e-06,0.0,0.9999931805261891,0.0
5754,DoS/DDoS,DoS/DDoS,0.0,0.0,1.0,0.0,0.0
5755,Normal,Normal,0.00010988690357994182,0.015226240995080987,0.1343967699087475,0.8097196478724219,0.04054745432016963
5756,Normal,Normal,0.0,0.0,0.07643392322130475,0.9235660767786953,0.0
5757,DoS/DDoS,DoS/DDoS,0.0,0.008174957137702762,0.9447766091206983,0.007809496114417755,0.03923893762718136
5758,DoS/DDoS,DoS/DDoS,0.0,0.0036948219668649523,0.9283452831792397,0.05525344605948426,0.012706448794411183
5759,Normal,Normal,0.0,6.819473810748967e-06,0.0,0.9999931805261891,0.0
5760,Brute Force,Brute Force,0.0,1.0,0.0,0.0,0.0
5761,DoS/DDoS,DoS/DDoS,0.0,0.0,1.0,0.0,0.0
5762,Brute Force,Brute Force,0.0,1.0,0.0,0.0,0.0
5763,DoS/DDoS,DoS/DDoS,0.0,0.0,1.0,0.0,0.0
5764,Brute Force,Web Attack,0.0,0.03305969197398555,0.0004402115070105195,0.0016083608107585485,0.9648917357082454
5765,DoS/DDoS,DoS/DDoS,0.0,0.0,1.0,0.0,0.0
5766,Normal,Normal,0.0,0.0,0.0049822714086171695,0.9950177285913828,0.0
5767,Normal,Normal,0.0,0.0038838805723265236,0.008278357656183604,0.98783776177149,0.0
5768,Normal,Normal,0.0,0.0,0.0,1.0,0.0
5769,Normal,Normal,0.0,0.0,0.0,1.0,0.0
5770,DoS/DDoS,DoS/DDoS,0.0,0.0,1.0,0.0,0.0
5771,Normal,Normal,0.0,6.819473810748967e-06,0.0,0.9999931805261891,0.0
5772,Normal,Normal,0.00010988690357994182,0.010935428166912448,0.09886403568240086,0.8495431949269371,0.04054745432016963
5773,Normal,Normal,0.0,0.0,0.0,1.0,0.0
5774,Normal,Normal,0.0,6.819473810748967e-06,0.0,0.9999931805261891,0.0
5775,Normal,Normal,0.0,6.819473810748967e-06,0.0,0.9999931805261891,0.0
5776,DoS/DDoS,DoS/DDoS,0.0,0.0,1.0,0.0,0.0
5777,Brute Force,Brute Force,0.0,0.9999754714906288,0.0,2.452850937120762e-05,0.0
5778,Brute Force,Brute Force,0.0,1.0,0.0,0.0,0.0
5779,Brute Force,Brute Force,0.0,0.9999754714906288,0.0,2.452850937120762e-05,0.0
5780,Normal,Normal,0.0,6.819473810748967e-06,0.0,0.9999931805261891,0.0
5781,Normal,Normal,0.0,0.0,0.0,1.0,0.0
5782,Normal,Normal,0.0,0.0,0.0,1.0,0.0
5783,Normal,Normal,0.0,0.0,0.0,1.0,0.0
5784,DoS/DDoS,DoS/DDoS,0.0,0.0,1.0,0.0,0.0
5785,Brute Force,Brute Force,0.0,1.0,0.0,0.0,0.0
5786,Normal,Normal,0.0,6.819473810748967e-06,0.0,0.9999931805261891,0.0
5787,Brute Force,Brute Force,0.0,1.0,0.0,0.0,0.0
5788,Brute Force,Brute Force,0.0,1.0,0.0,0.0,0.0
5789,DoS/DDoS,DoS/DDoS,0.0,0.0,1.0,0.0,0.0
5790,DoS/DDoS,DoS/DDoS,0.0,0.0,1.0,0.0,0.0
5791,DoS/DDoS,DoS/DDoS,0.0,0.0,1.0,0.0,0.0
5792,Normal,Normal,0.0,6.819473810748967e-06,0.0,0.9999931805261891,0.0
5793,DoS/DDoS,DoS/DDoS,0.0,0.0,0.9999126761156112,8.732388438904994e-05,0.0
5794,DoS/DDoS,DoS/DDoS,0.0,0.0,1.0,0.0,0.0
5795,DoS/DDoS,DoS/DDoS,0.0,0.0,1.0,0.0,0.0
5796,DoS/DDoS,DoS/DDoS,0.0,0.0,1.0,0.0,0.0
5797,Normal,Normal,0.0,6.819473810748967e-06,0.0,0.9999931805261891,0.0
5798,Normal,Normal,0.0,0.0,0.0,1.0,0.0
5799,DoS/DDoS,DoS/DDoS,0.0,0.0,1.0,0.0,0.0
5800,DoS/DDoS,DoS/DDoS,0.0,0.0,1.0,0.0,0.0
5801,DoS/DDoS,DoS/DDoS,0.0,0.0,1.0,0.0,0.0
5802,DoS/DDoS,DoS/DDoS,0.0,0.0,0.9999915125871316,8.487412868436374e-06,0.0
5803,Bot,Bot,1.0,0.0,0.0,0.0,0.0
5804,DoS/DDoS,DoS/DDoS,0.0,0.0,1.0,0.0,0.0
5805,DoS/DDoS,DoS/DDoS,0.0,0.0,1.0,0.0,0.0
5806,Brute Force,Brute Force,0.0,0.9999754714906288,0.0,2.452850937120762e-05,0.0
5807,Normal,Normal,0.0,6.819473810748967e-06,0.0,0.9999931805261891,0.0
5808,Normal,Normal,0.0,0.0,0.019843588167807628,0.9801564118321925,0.0
5809,DoS/DDoS,DoS/DDoS,0.0,0.0,1.0,0.0,0.0
5810,Normal,Normal,0.0,0.0,3.273209551560448e-05,0.9999672679044843,0.0
5811,DoS/DDoS,DoS/DDoS,0.0,0.0,1.0,0.0,0.0
5812,Normal,Normal,0.0,0.0,0.0,1.0,0.0
5813,Normal,Normal,0.0,0.0,0.0,1.0,0.0
5814,Normal,Normal,0.0,6.819473810748967e-06,0.0,0.9999931805261891,0.0
5815,Normal,Normal,0.0,0.0,0.0,1.0,0.0
5816,DoS/DDoS,DoS/DDoS,0.0,0.0,0.9999915125871316,8.487412868436374e-06,0.0
5817,Normal,Normal,0.0,0.0,0.0,1.0,0.0
5818,DoS/DDoS,DoS/DDoS,0.0,0.0,1.0,0.0,0.0
5819,DoS/DDoS,DoS/DDoS,0.0,0.0,1.0,0.0,0.0
5820,Normal,Normal,0.0,0.0,0.0,1.0,0.0
5821,Bot,Bot,1.0,0.0,0.0,0.0,0.0
5822,DoS/DDoS,DoS/DDoS,0.0,0.0,1.0,0.0,0.0
5823,Bot,Bot,0.9519005631495834,0.0,0.00010474303355153435,0.047994693816865094,0.0
5824,Normal,Normal,0.0,6.819473810748967e-06,0.0,0.9999931805261891,0.0
5825,DoS/DDoS,DoS/DDoS,0.0,0.0,0.9846649820485144,0.015335017951485667,0.0
5826,Normal,Normal,0.0,0.0,0.0,1.0,0.0
5827,DoS/DDoS,DoS/DDoS,0.0,0.0,1.0,0.0,0.0
5828,DoS/DDoS,DoS/DDoS,0.0,0.0,1.0,0.0,0.0
5829,DoS/DDoS,DoS/DDoS,0.0,0.0,1.0,0.0,0.0
5830,Normal,Normal,0.0,6.819473810748967e-06,0.0,0.9999931805261891,0.0
5831,Bot,Bot,0.9415871525720467,0.0,0.00010474303355153435,0.05830810439440169,0.0
5832,Normal,Normal,0.0,6.819473810748967e-06,0.0,0.9999931805261891,0.0
5833,Brute Force,Brute Force,0.0,1.0,0.0,0.0,0.0
5834,Normal,Normal,0.15634688703100796,0.0,3.339794319433826e-05,0.8436197150257979,0.0
5835,Brute Force,Brute Force,0.0,1.0,0.0,0.0,0.0
5836,DoS/DDoS,DoS/DDoS,0.0,0.0,0.9999126761156112,8.732388438904994e-05,0.0
5837,DoS/DDoS,DoS/DDoS,0.0,0.0,1.0,0.0,0.0
5838,Normal,Normal,0.0,0.0,0.0,1.0,0.0
5839,Normal,Normal,0.0,0.0,0.0,1.0,0.0
5840,DoS/DDoS,DoS/DDoS,0.0,0.0,1.0,0.0,0.0
5841,Normal,Normal,0.00010988690357994182,0.015505807588643712,0.034180955938892726,0.8852821744093039,0.06492117515957953
5842,Normal,Normal,0.0,6.819473810748967e-06,0.0,0.9999931805261891,0.0
5843,Brute Force,Brute Force,0.0,1.0,0.0,0.0,0.0
5844,DoS/DDoS,DoS/DDoS,0.0,0.0,0.9392964425654858,0.06070355743451414,0.0
5845,Normal,Normal,0.0,6.819473810748967e-06,0.0,0.9999931805261891,0.0
5846,DoS/DDoS,DoS/DDoS,0.0,0.0,1.0,0.0,0.0
5847,DoS/DDoS,DoS/DDoS,0.0,0.0,0.9937638877308389,0.006236112269161098,0.0
5848,DoS/DDoS,DoS/DDoS,0.0,0.0,1.0,0.0,0.0
5849,Normal,Normal,0.0,0.02,0.0,0.970300860585198,0.009699139414802067
5850,DoS/DDoS,DoS/DDoS,0.0,0.0,1.0,0.0,0.0
5851,Normal,Normal,0.04,0.0,0.13381931639226569,0.8261806836077343,0.0
5852,DoS/DDoS,DoS/DDoS,0.0,0.0,1.0,0.0,0.0
5853,Normal,Normal,0.0,6.819473810748967e-06,0.0,0.9999931805261891,0.0
5854,Normal,Normal,0.0,0.0,0.0,1.0,0.0
5855,DoS/DDoS,DoS/DDoS,0.0,0.0,1.0,0.0,0.0
5856,Normal,Normal,0.0,0.0,0.0,1.0,0.0
5857,DoS/DDoS,DoS/DDoS,0.0,0.0,1.0,0.0,0.0
5858,Normal,Normal,0.0,6.819473810748967e-06,0.0,0.9999931805261891,0.0
5859,Brute Force,Brute Force,0.0,1.0,0.0,0.0,0.0
5860,Normal,Normal,0.0,0.0,0.0,1.0,0.0
5861,Normal,Normal,0.0,0.0,0.00010401136517345557,0.9998959886348265,0.0
5862,DoS/DDoS,DoS/DDoS,0.0,0.0,1.0,0.0,0.0
5863,Normal,Normal,0.0,6.819473810748967e-06,0.0,0.9999931805261891,0.0
5864,DoS/DDoS,DoS/DDoS,0.0,0.0,1.0,0.0,0.0
5865,DoS/DDoS,DoS/DDoS,0.0,0.0,1.0,0.0,0.0
5866,Normal,Bot,0.9315027792963332,0.0,0.00010474303355153435,0.06839247767011529,0.0
5867,DoS/DDoS,DoS/DDoS,0.0,0.0,1.0,0.0,0.0
5868,Normal,Normal,0.0,0.0,0.0,1.0,0.0
5869,Brute Force,Brute Force,0.0,0.9999754714906288,0.0,2.452850937120762e-05,0.0
5870,Normal,Normal,0.0,6.819473810748967e-06,0.0,0.9999931805261891,0.0
5871,Brute Force,Brute Force,0.0,1.0,0.0,0.0,0.0
5872,DoS/DDoS,DoS/DDoS,0.0,0.0,1.0,0.0,0.0
5873,DoS/DDoS,DoS/DDoS,0.0,0.0,1.0,0.0,0.0
5874,Normal,Normal,0.00010988690357994182,0.013536863377155029,0.056941695897060815,0.8705435222877356,0.05886803153446847
5875,Normal,Normal,0.0,6.819473810748967e-06,0.0,0.9999931805261891,0.0
5876,Normal,Normal,0.0,6.819473810748967e-06,0.0,0.9999931805261891,0.0
5877,Normal,Normal,0.0,0.0,0.0,1.0,0.0
5878,Brute Force,Web Attack,0.0,0.41417892524084854,0.0004402115070105195,0.015056202705043997,0.5703246605470966
5879,Normal,Normal,0.0,0.0,0.014996237772761474,0.9850037622272384,0.0
5880,Normal,Normal,0.0,0.01,0.006702484250564603,0.9832975157494355,0.0
5881,Normal,Normal,0.0,0.0,0.0,1.0,0.0
5882,DoS/DDoS,DoS/DDoS,0.0,0.0,1.0,0.0,0.0
5883,Normal,Normal,0.0,0.0,0.0,1.0,0.0
5884,Normal,Normal,0.0,0.0,0.04170682099938167,0.9582931790006184,0.0
5885,Normal,Bot,0.7577830372535801,0.0,0.00010474303355153435,0.24211221971286784,0.0
5886,Normal,Normal,0.0,6.819473810748967e-06,0.0,0.9999931805261891,0.0
5887,Normal,Normal,0.0010252159614789497,0.03951034205111623,0.004055791570993761,0.917896616658072,0.037512033758338795
5888,DoS/DDoS,DoS/DDoS,0.0,0.0,1.0,0.0,0.0
5889,Normal,Normal,0.0,0.0,0.0,1.0,0.0
5890,Normal,Normal,0.0,0.0,0.0,1.0,0.0
5891,Bot,Bot,0.943575492691303,0.0,0.00010474303355153435,0.05631976427514547,0.0
5892,DoS/DDoS,DoS/DDoS,0.0,0.0,1.0,0.0,0.0
5893,DoS/DDoS,DoS/DDoS,0.0,0.0,1.0,0.0,0.0
5894,DoS/DDoS,DoS/DDoS,0.0,0.0,1.0,0.0,0.0
5895,DoS/DDoS,DoS/DDoS,0.0,0.0,0.9968580961413173,0.0031419038586828953,0.0
5896,DoS/DDoS,DoS/DDoS,0.0,0.0,1.0,0.0,0.0
5897,DoS/DDoS,DoS/DDoS,0.0,0.0,1.0,0.0,0.0
5898,Brute Force,Web Attack,0.0,0.4162664933329863,0.0004203440985729727,0.004795140516113543,0.5785180220523272
5899,Brute Force,Brute Force,0.0,0.9999754714906288,0.0,2.452850937120762e-05,0.0
5900,Normal,Normal,0.0,6.819473810748967e-06,0.0,0.9999931805261891,0.0
5901,Normal,Normal,0.0,6.819473810748967e-06,0.0,0.9999931805261891,0.0
5902,DoS/DDoS,DoS/DDoS,0.0,0.0,0.9999915125871316,8.487412868436374e-06,0.0
5903,DoS/DDoS,DoS/DDoS,0.0,0.0001543506670166707,0.9913772429150941,0.008468406417889285,0.0
5904,Normal,Normal,0.0,6.819473810748967e-06,0.0,0.9999931805261891,0.0
5905,Brute Force,Brute Force,0.0,1.0,0.0,0.0,0.0
5906,Normal,Normal,0.0,6.819473810748967e-06,0.0,0.9999931805261891,0.0
5907,DoS/DDoS,DoS/DDoS,0.0,0.0,1.0,0.0,0.0
5908,Normal,Normal,0.0,6.819473810748967e-06,0.0,0.9999931805261891,0.0
5909,Bot,Bot,1.0,0.0,0.0,0.0,0.0
5910,Normal,Normal,0.0,6.819473810748967e-06,0.0,0.9999931805261891,0.0
5911,DoS/DDoS,DoS/DDoS,0.0,0.0,1.0,0.0,0.0
5912,DoS/DDoS,DoS/DDoS,0.0,0.0,1.0,0.0,0.0
5913,Normal,Normal,0.0,6.819473810748967e-06,0.0,0.9999931805261891,0.0
5914,Normal,Normal,0.0,6.819473810748967e-06,0.0,0.9999931805261891,0.0
5915,Brute Force,Web Attack,0.0,0.3704909055462561,0.0004255609830866665,0.001183920451055935,0.6278996130196011
5916,DoS/DDoS,DoS/DDoS,0.0,0.0,1.0,0.0,0.0
5917,Normal,Normal,0.0,0.0,0.0,1.0,0.0
5918,Bot,Bot,0.9923695589608341,0.0,5.39913091401014e-06,0.007625041908251996,0.0
5919,DoS/DDoS,DoS/DDoS,0.0,0.0,0.9999915125871316,8.487412868436374e-06,0.0
5920,Normal,Normal,0.0,6.819473810748967e-06,0.0,0.9999931805261891,0.0
5921,Normal,Normal,0.0,6.819473810748967e-06,0.0,0.9999931805261891,0.0
5922,Web Attack,Brute Force,0.0,0.8730694555423526,0.00037865738613959845,0.004531249657891329,0.12202063741361632
5923,Brute Force,Brute Force,0.0,0.9999754714906288,0.0,2.452850937120762e-05,0.0
5924,DoS/DDoS,DoS/DDoS,0.0,0.0,1.0,0.0,0.0
5925,DoS/DDoS,DoS/DDoS,0.0,0.0,1.0,0.0,0.0
5926,Normal,Normal,0.0,6.819473810748967e-06,0.0,0.9999931805261891,0.0
5927,DoS/DDoS,DoS/DDoS,0.0,0.0,1.0,0.0,0.0
5928,Brute Force,Brute Force,0.0,1.0,0.0,0.0,0.0
5929,Bot,Bot,0.9991463335285314,0.0,0.0,0.0008536664714685406,0.0
5930,DoS/DDoS,DoS/DDoS,0.0,0.0,1.0,0.0,0.0
5931,DoS/DDoS,DoS/DDoS,0.0,0.0,1.0,0.0,0.0
5932,Normal,Normal,0.0,6.819473810748967e-06,0.0,0.9999931805261891,0.0
5933,Brute Force,Brute Force,0.0,1.0,0.0,0.0,0.0
5934,Normal,Normal,0.0,6.819473810748967e-06,0.0,0.9999931805261891,0.0
5935,DoS/DDoS,DoS/DDoS,0.0,0.0,1.0,0.0,0.0
5936,DoS/DDoS,DoS/DDoS,0.0,0.0,1.0,0.0,0.0
5937,DoS/DDoS,DoS/DDoS,0.0,0.0,1.0,0.0,0.0
5938,Normal,Normal,0.0,0.011372340076836263,0.0,0.9886276599231638,0.0
5939,Normal,Normal,0.18280391698657453,0.0,5.5998206946025015e-05,0.8171400848064796,0.0
5940,DoS/DDoS,DoS/DDoS,0.0,0.0,0.9999126761156112,8.732388438904994e-05,0.0
5941,Normal,Normal,0.0,0.0,3.273209551560448e-05,0.9999672679044843,0.0
5942,Normal,Normal,0.0,6.819473810748967e-06,0.0,0.9999931805261891,0.0
5943,Brute Force,Brute Force,0.0,1.0,0.0,0.0,0.0
5944,DoS/DDoS,DoS/DDoS,0.0,0.0,1.0,0.0,0.0
5945,Web Attack,Brute Force,0.0,0.5343662697840418,0.00037865738613959845,0.010732795651095956,0.4545222771787226
5946,DoS/DDoS,DoS/DDoS,0.0,0.0,1.0,0.0,0.0
5947,Normal,Normal,0.0,0.0,0.04051698551813144,0.9594830144818687,0.0
5948,Brute Force,Brute Force,0.0,1.0,0.0,0.0,0.0
5949,DoS/DDoS,DoS/DDoS,0.0,0.0,1.0,0.0,0.0
5950,Normal,Normal,0.00010988690357994182,0.008716435233609649,0.17228060452314056,0.7783456190195001,0.04054745432016963
5951,Brute Force,Brute Force,0.0,0.9999754714906288,0.0,2.452850937120762e-05,0.0
5952,Brute Force,Brute Force,0.0,1.0,0.0,0.0,0.0
5953,DoS/DDoS,DoS/DDoS,0.0,0.0,1.0,0.0,0.0
5954,Normal,Normal,0.0,0.0,0.0,1.0,0.0
5955,Normal,Normal,0.0,0.0,0.0,1.0,0.0
5956,Normal,Normal,0.0,6.819473810748967e-06,0.0,0.9999931805261891,0.0
5957,Normal,Normal,0.0,6.819473810748967e-06,0.0,0.9999931805261891,0.0
5958,Normal,Normal,0.0,0.037947071224202454,0.14676211714399048,0.7472956425173568,0.06799516911445022
5959,Brute Force,Brute Force,0.00010988690357994182,0.7104002828200069,0.22471435855850572,0.0390718584702687,0.0257036132476386
5960,Normal,Normal,0.0,0.0,0.0,1.0,0.0
5961,Normal,Normal,0.0,6.819473810748967e-06,0.0,0.9999931805261891,0.0
5962,Normal,Normal,0.0,0.0,0.0,1.0,0.0
5963,Normal,Normal,0.0,0.0,0.0,0.9903277792952746,0.009672220704725485
5964,Normal,Normal,0.0,0.0,0.0,0.98,0.02
5965,Normal,Normal,0.0,0.010418195216991815,0.012114717157339845,0.9577988867601054,0.01966820086556296
5966,Brute Force,Brute Force,0.0,1.0,0.0,0.0,0.0
5967,Brute Force,Brute Force,0.0,0.9999754714906288,0.0,2.452850937120762e-05,0.0
5968,DoS/DDoS,DoS/DDoS,0.0,0.0,1.0,0.0,0.0
5969,DoS/DDoS,DoS/DDoS,0.0,0.0,1.0,0.0,0.0
5970,DoS/DDoS,DoS/DDoS,0.0,0.0,1.0,0.0,0.0
5971,Brute Force,Brute Force,0.0,1.0,0.0,0.0,0.0
5972,Normal,Normal,0.0010252159614789497,0.03951034205111623,0.004055791570993761,0.917896616658072,0.037512033758338795
5973,Brute Force,Brute Force,0.0,0.9999754714906288,0.0,2.452850937120762e-05,0.0
5974,Normal,Normal,0.0,6.819473810748967e-06,0.00015952406381871526,0.9998336564623704,0.0
5975,DoS/DDoS,DoS/DDoS,0.0,0.0,1.0,0.0,0.0
5976,Normal,Normal,0.0,6.819473810748967e-06,0.0,0.9999931805261891,0.0
5977,Normal,DoS/DDoS,0.0,0.0,0.7032127544134599,0.29678724558654,0.0
5978,Bot,Bot,0.9690825201860649,0.0,0.0,0.030917479813935094,0.0
5979,DoS/DDoS,DoS/DDoS,0.0,0.0,1.0,0.0,0.0
5980,Normal,Normal,0.0,0.0,0.0,1.0,0.0
5981,DoS/DDoS,DoS/DDoS,0.0,0.0,1.0,0.0,0.0
5982,Brute Force,Brute Force,0.0,1.0,0.0,0.0,0.0
5983,Normal,Normal,0.0,0.0,0.0,1.0,0.0
5984,Normal,Normal,0.0,6.819473810748967e-06,0.0,0.9999931805261891,0.0
5985,DoS/DDoS,DoS/DDoS,0.0,0.0,1.0,0.0,0.0
5986,Normal,Normal,0.03,0.0,0.01724102167325832,0.9527589783267416,0.0
5987,DoS/DDoS,DoS/DDoS,0.0,0.0,1.0,0.0,0.0
5988,DoS/DDoS,DoS/DDoS,0.0,0.0,1.0,0.0,0.0
5989,DoS/DDoS,DoS/DDoS,0.0,0.0,1.0,0.0,0.0
5990,DoS/DDoS,DoS/DDoS,0.0,0.0,1.0,0.0,0.0
5991,Normal,Normal,0.003649978477912319,0.025613920902158017,0.011876692235649884,0.9011036036284215,0.057755804755858266
5992,Brute Force,Brute Force,0.0,1.0,0.0,0.0,0.0
5993,DoS/DDoS,DoS/DDoS,0.0,0.0,1.0,0.0,0.0
5994,Bot,Bot,0.9967160813505541,0.0,5.39913091401014e-06,0.0032785195185319627,0.0
5995,Normal,Normal,0.0,0.0,0.0005630640014228599,0.9994369359985771,0.0
5996,Normal,Normal,0.0,6.819473810748967e-06,0.0,0.9999931805261891,0.0
5997,Normal,Normal,0.00032907647963916875,0.025613920902158017,0.011658143871144267,0.9046430539912003,0.057755804755858266
5998,DoS/DDoS,DoS/DDoS,0.0,0.0,1.0,0.0,0.0
5999,Normal,Normal,0.0,0.0,0.0033040355353936303,0.9966959644646064,0.0
6000,Brute Force,Brute Force,0.0,1.0,0.0,0.0,0.0
6001,DoS/DDoS,DoS/DDoS,0.0,0.0,1.0,0.0,0.0
6002,Normal,Normal,0.0,6.819473810748967e-06,0.0,0.9999931805261891,0.0
6003,Brute Force,Brute Force,0.0,0.9999754714906288,0.0,2.452850937120762e-05,0.0
6004,DoS/DDoS,DoS/DDoS,0.0,0.0,1.0,0.0,0.0
6005,Normal,Normal,0.0,0.0,0.0,1.0,0.0
6006,Normal,Normal,0.0,6.819473810748967e-06,0.0,0.9999931805261891,0.0
6007,Normal,Normal,0.0,6.819473810748967e-06,0.0,0.9999931805261891,0.0
6008,Normal,Normal,0.0,6.819473810748967e-06,0.0,0.9999931805261891,0.0
6009,Normal,Normal,0.0,6.819473810748967e-06,0.0,0.9999931805261891,0.0
6010,Normal,Normal,0.0,0.0,0.0,1.0,0.0
6011,Brute Force,Brute Force,0.0,0.9999754714906288,0.0,2.452850937120762e-05,0.0
6012,Bot,Bot,0.9997009058835219,0.0,5.39913091401014e-06,0.00029369498556416505,0.0
6013,Brute Force,Brute Force,0.0,1.0,0.0,0.0,0.0
6014,Normal,Normal,0.0,0.0,0.0,1.0,0.0
6015,Normal,Normal,0.0010252159614789497,0.03951034205111623,0.004055791570993761,0.917896616658072,0.037512033758338795
6016,Normal,Normal,0.0,6.819473810748967e-06,0.0,0.9999931805261891,0.0
6017,DoS/DDoS,DoS/DDoS,0.0,0.0038230018572700353,0.973938022393707,0.009532526954611691,0.012706448794411183
6018,DoS/DDoS,DoS/DDoS,0.0,0.0,1.0,0.0,0.0
6019,Brute Force,Brute Force,0.0,0.8118356041333086,0.00037865738613959845,0.001090389442837566,0.18669534903771418
6020,Brute Force,Brute Force,0.0,0.9999754714906288,0.0,2.452850937120762e-05,0.0
6021,Brute Force,Web Attack,0.0,0.4246881840504564,0.0004169323966251578,0.0014293419883441801,0.5734655415645742
6022,Normal,Normal,0.0,0.0,0.0,1.0,0.0
6023,Normal,Normal,0.0,0.01,0.0,0.99,0.0
6024,Brute Force,Brute Force,0.0,1.0,0.0,0.0,0.0
6025,Brute Force,Brute Force,0.0,1.0,0.0,0.0,0.0
6026,Brute Force,Brute Force,0.0,1.0,0.0,0.0,0.0
6027,Normal,Normal,0.0,0.010789376083661982,0.06323490828210404,0.925975715634234,0.0
6028,Brute Force,Web Attack,0.0,0.49749881036900256,0.00037865738613959845,0.0038721208544370087,0.49825041139042064
6029,DoS/DDoS,DoS/DDoS,0.0,0.0,1.0,0.0,0.0
6030,Normal,Normal,0.0,6.819473810748967e-06,0.0,0.9999931805261891,0.0
6031,Normal,Normal,0.0010252159614789497,0.03951034205111623,0.004055791570993761,0.917896616658072,0.037512033758338795
6032,Normal,Normal,0.0,6.819473810748967e-06,0.0,0.9999931805261891,0.0
6033,Bot,Bot,0.943575492691303,0.0,0.00010474303355153435,0.05631976427514547,0.0
6034,DoS/DDoS,DoS/DDoS,0.0,0.0,1.0,0.0,0.0
6035,DoS/DDoS,DoS/DDoS,0.0,0.0,1.0,0.0,0.0
6036,Normal,Normal,0.0,0.0,0.0,1.0,0.0
6037,Normal,Normal,0.0,6.819473810748967e-06,0.0,0.9999931805261891,0.0
6038,Normal,Normal,0.0,6.819473810748967e-06,0.0,0.9999931805261891,0.0
6039,Normal,Normal,0.0,6.819473810748967e-06,0.0,0.9999931805261891,0.0
6040,Normal,Normal,0.0,0.0,0.0,1.0,0.0
6041,Brute Force,Brute Force,0.0,1.0,0.0,0.0,0.0
6042,Brute Force,Brute Force,0.0,1.0,0.0,0.0,0.0
6043,DoS/DDoS,DoS/DDoS,0.0,0.0,1.0,0.0,0.0
6044,Normal,Normal,0.0,0.0,0.0,1.0,0.0
6045,Bot,Bot,0.999928535227931,0.0,5.39913091401014e-06,6.606564115514711e-05,0.0
6046,DoS/DDoS,DoS/DDoS,0.0,0.0,1.0,0.0,0.0
6047,Bot,Bot,0.9512827114327415,0.0,0.00010474303355153435,0.04861254553370692,0.0
6048,DoS/DDoS,DoS/DDoS,0.0,0.0,1.0,0.0,0.0
6049,Normal,Normal,0.00010988690357994182,0.015505807588643712,0.03488054684370808,0.8876054600394973,0.061898298624570865
6050,Normal,Normal,0.0,0.008496948631936306,0.0,0.9915030513680637,0.0
6051,Normal,Normal,0.0,0.0,0.0,1.0,0.0
6052,Normal,Normal,0.0,0.0,0.0,1.0,0.0
6053,Brute Force,Brute Force,0.0,1.0,0.0,0.0,0.0
6054,Normal,Normal,0.0,0.0,0.027530389788754245,0.9724696102112458,0.0
6055,Bot,Bot,0.9512827114327415,0.0,0.00010474303355153435,0.04861254553370692,0.0
6056,Normal,Normal,0.0,6.819473810748967e-06,0.0,0.9999931805261891,0.0
6057,DoS/DDoS,DoS/DDoS,0.0,0.0,1.0,0.0,0.0
6058,Normal,Normal,0.0010252159614789497,0.03011704405671127,0.0030713680039593473,0.939008349771479,0.026778022206371346
6059,Normal,Normal,0.0,6.819473810748967e-06,0.0,0.9999931805261891,0.0
6060,Brute Force,Brute Force,0.0,1.0,0.0,0.0,0.0
6061,DoS/DDoS,DoS/DDoS,0.0,0.0,0.9999915125871316,8.487412868436374e-06,0.0
6062,Brute Force,Brute Force,0.0,1.0,0.0,0.0,0.0
6063,Normal,Web Attack,0.0,0.31909462509787234,0.0004255609830866665,0.2384478236129102,0.44203199030613066
6064,Normal,Normal,0.0,0.006521170202822693,0.01,0.9737796903823752,0.009699139414802067
6065,DoS/DDoS,DoS/DDoS,0.0,0.0,1.0,0.0,0.0
6066,Normal,Normal,0.31694044641467406,0.0,0.0027958448143245145,0.6802637087710015,0.0
6067,DoS/DDoS,DoS/DDoS,0.0,0.0001543506670166707,0.9965493296890102,0.0032963196439731806,0.0
6068,Normal,Bot,0.9411378237033052,0.0,0.00010474303355153435,0.05875743326314302,0.0
6069,Normal,Normal,0.0,6.819473810748967e-06,0.0,0.9999931805261891,0.0
6070,Normal,Normal,0.0,6.819473810748967e-06,0.0,0.9999931805261891,0.0
6071,DoS/DDoS,DoS/DDoS,0.0,0.0,1.0,0.0,0.0
6072,DoS/DDoS,DoS/DDoS,0.0,0.0,0.9920094785396816,0.007990521460318615,0.0
6073,DoS/DDoS,DoS/DDoS,0.0,0.0,1.0,0.0,0.0
6074,Normal,Normal,0.0,6.819473810748967e-06,0.0,0.9999931805261891,0.0
6075,DoS/DDoS,DoS/DDoS,0.0,0.0,1.0,0.0,0.0
6076,DoS/DDoS,DoS/DDoS,0.0,0.0,1.0,0.0,0.0
6077,Normal,Normal,0.0010252159614789497,0.03951034205111623,0.004055791570993761,0.917896616658072,0.037512033758338795
6078,Brute Force,Brute Force,0.0,1.0,0.0,0.0,0.0
6079,Normal,Normal,0.0010252159614789497,0.03951034205111623,0.004055791570993761,0.917896616658072,0.037512033758338795
6080,Normal,Normal,0.0,0.0,0.0,1.0,0.0
6081,Normal,Normal,0.0,0.0,3.273209551560448e-05,0.9999672679044843,0.0
6082,Normal,Normal,0.18280391698657453,0.0,5.5998206946025015e-05,0.8171400848064796,0.0
6083,DoS/DDoS,DoS/DDoS,0.0,0.0,1.0,0.0,0.0
6084,Normal,Normal,0.0,0.0,0.0,1.0,0.0
6085,DoS/DDoS,DoS/DDoS,0.0,0.0,1.0,0.0,0.0
6086,Brute Force,Brute Force,0.0,1.0,0.0,0.0,0.0
6087,DoS/DDoS,DoS/DDoS,0.0,0.0,1.0,0.0,0.0
6088,Normal,Normal,0.0,6.819473810748967e-06,0.0,0.9999931805261891,0.0
6089,Normal,Normal,0.0,6.819473810748967e-06,0.0,0.9999931805261891,0.0
6090,DoS/DDoS,DoS/DDoS,0.0,0.0,1.0,0.0,0.0
6091,Brute Force,Brute Force,0.0,1.0,0.0,0.0,0.0
6092,DoS/DDoS,DoS/DDoS,0.0,0.0,1.0,0.0,0.0
6093,DoS/DDoS,DoS/DDoS,0.0,0.0,1.0,0.0,0.0
6094,Normal,Normal,0.0,6.819473810748967e-06,0.0,0.9999931805261891,0.0
6095,DoS/DDoS,DoS/DDoS,0.0,0.0001543506670166707,0.8790080060463897,0.12083764328659358,0.0
6096,DoS/DDoS,DoS/DDoS,0.0,0.0,1.0,0.0,0.0
6097,DoS/DDoS,DoS/DDoS,0.0,0.0,0.9999915125871316,8.487412868436374e-06,0.0
6098,DoS/DDoS,DoS/DDoS,0.0,0.0,1.0,0.0,0.0
6099,DoS/DDoS,DoS/DDoS,0.0,0.0,0.9999126761156112,8.732388438904994e-05,0.0
6100,DoS/DDoS,DoS/DDoS,0.0,0.0,1.0,0.0,0.0
6101,Brute Force,Brute Force,0.0,1.0,0.0,0.0,0.0
6102,DoS/DDoS,DoS/DDoS,0.0,0.0,1.0,0.0,0.0
6103,Brute Force,Brute Force,0.0,0.9999754714906288,0.0,2.452850937120762e-05,0.0
6104,DoS/DDoS,DoS/DDoS,0.0,0.022592197945658414,0.9200445504904099,0.017767718892657006,0.03959553267127462
6105,DoS/DDoS,DoS/DDoS,0.0,0.0,1.0,0.0,0.0
6106,DoS/DDoS,DoS/DDoS,0.0,0.0,0.7902341708985204,0.20976582910147956,0.0
6107,Brute Force,Brute Force,0.0,1.0,0.0,0.0,0.0
6108,DoS/DDoS,DoS/DDoS,0.0,0.0,1.0,0.0,0.0
6109,Normal,Normal,0.0,0.0,0.0,1.0,0.0
6110,Normal,Normal,0.0,0.0,0.055008403361344535,0.9449915966386554,0.0
6111,Normal,Normal,0.0010252159614789497,0.03951034205111623,0.004055791570993761,0.917896616658072,0.037512033758338795
6112,DoS/DDoS,DoS/DDoS,0.0,0.0,0.9949622688745038,0.005037731125496226,0.0
6113,Normal,Normal,0.0,6.819473810748967e-06,0.0,0.9999931805261891,0.0
6114,DoS/DDoS,DoS/DDoS,0.0,0.0,1.0,0.0,0.0
6115,Brute Force,Brute Force,0.0,1.0,0.0,0.0,0.0
6116,Normal,Normal,0.0010252159614789497,0.03951034205111623,0.004055791570993761,0.917896616658072,0.037512033758338795
6117,Brute Force,Brute Force,0.0,1.0,0.0,0.0,0.0
6118,DoS/DDoS,DoS/DDoS,0.0,0.0,1.0,0.0,0.0
6119,DoS/DDoS,DoS/DDoS,0.0,0.0,1.0,0.0,0.0
6120,Normal,Normal,0.0,6.819473810748967e-06,0.0,0.9999931805261891,0.0
6121,Normal,Normal,0.0,0.0,0.0,1.0,0.0
6122,Normal,Normal,0.00010988690357994182,0.011597143730474324,0.024752981569187937,0.9174727994796877,0.04606718831706974
6123,Bot,Bot,0.9533670619740754,0.0,0.00010474303355153435,0.04652819499237311,0.0
6124,Brute Force,Web Attack,0.00032907647963916875,0.27909507857656174,0.04688227670132088,0.1675137452491155,0.5061798229933622
6125,DoS/DDoS,DoS/DDoS,0.0,0.0,1.0,0.0,0.0
6126,Normal,Normal,0.0,6.819473810748967e-06,0.0,0.9999931805261891,0.0
6127,DoS/DDoS,DoS/DDoS,0.0,0.0,1.0,0.0,0.0
6128,DoS/DDoS,DoS/DDoS,0.0,0.0,1.0,0.0,0.0
6129,DoS/DDoS,DoS/DDoS,0.0,0.0,1.0,0.0,0.0
6130,DoS/DDoS,DoS/DDoS,0.0,0.0,1.0,0.0,0.0
6131,DoS/DDoS,DoS/DDoS,0.0,0.0,0.9968580961413173,0.0031419038586828953,0.0
6132,DoS/DDoS,DoS/DDoS,0.0,0.0,1.0,0.0,0.0
6133,Normal,Normal,0.0,6.819473810748967e-06,0.0,0.9999931805261891,0.0
6134,Brute Force,Brute Force,0.0,1.0,0.0,0.0,0.0
6135,Bot,Bot,0.5448046004356438,0.0,0.0,0.4551953995643562,0.0
6136,Bot,Bot,0.999928535227931,0.0,5.39913091401014e-06,6.606564115514711e-05,0.0
6137,Bot,Bot,0.9967913622877755,0.0,0.0,0.003208637712224498,0.0
6138,Normal,Normal,0.0,6.819473810748967e-06,0.0,0.9999931805261891,0.0
6139,Normal,Normal,0.0,6.819473810748967e-06,0.0,0.9999931805261891,0.0
6140,Bot,Bot,0.993435718817507,0.0,0.0,0.006564281182492925,0.0
6141,DoS/DDoS,DoS/DDoS,0.0,0.0,1.0,0.0,0.0
6142,DoS/DDoS,DoS/DDoS,0.0,0.0,1.0,0.0,0.0
6143,DoS/DDoS,DoS/DDoS,0.0,0.0,1.0,0.0,0.0
6144,Normal,Normal,0.0,0.0,0.0,1.0,0.0
6145,Brute Force,Brute Force,0.0,0.9015919199097165,0.00037865738613959845,0.004509993226188938,0.09351942947795483
6146,Brute Force,Brute Force,0.0,0.9999754714906288,0.0,2.452850937120762e-05,0.0
6147,Brute Force,Brute Force,0.00032907647963916875,0.5498742181753881,0.019677086880983508,0.3753527507271625,0.05476686773682657
6148,Brute Force,Brute Force,0.0,0.9999754714906288,0.0,2.452850937120762e-05,0.0
6149,Normal,Normal,0.0,0.0,0.0,1.0,0.0
6150,Normal,Normal,0.0,6.819473810748967e-06,0.0,0.9999931805261891,0.0
6151,DoS/DDoS,DoS/DDoS,0.0,0.0,1.0,0.0,0.0
6152,Normal,Normal,0.0,0.0,0.00751948190584635,0.9924805180941536,0.0
6153,DoS/DDoS,DoS/DDoS,0.0,0.0,1.0,0.0,0.0
6154,Normal,Normal,0.0,6.819473810748967e-06,0.0,0.9999931805261891,0.0
6155,DoS/DDoS,DoS/DDoS,0.0,0.0,1.0,0.0,0.0
6156,Normal,Normal,0.0,6.819473810748967e-06,0.0,0.9999931805261891,0.0
6157,DoS/DDoS,DoS/DDoS,0.0,0.0,1.0,0.0,0.0
6158,Brute Force,Brute Force,0.0,1.0,0.0,0.0,0.0
6159,Normal,Normal,0.0,0.0,0.00010401136517345557,0.9998959886348265,0.0
6160,Normal,Normal,0.0,6.819473810748967e-06,0.0,0.9999931805261891,0.0
6161,Brute Force,Brute Force,0.0,0.9999754714906288,0.0,2.452850937120762e-05,0.0
6162,Bot,Bot,1.0,0.0,0.0,0.0,0.0
6163,Normal,Normal,0.0,0.0,0.004958893337146125,0.9950411066628538,0.0
6164,DoS/DDoS,DoS/DDoS,0.0,0.0,0.9966633153800121,0.003336684619988031,0.0
6165,Brute Force,Brute Force,0.0,1.0,0.0,0.0,0.0
6166,DoS/DDoS,DoS/DDoS,0.0,0.0,1.0,0.0,0.0
6167,Normal,Normal,0.0,6.819473810748967e-06,0.0,0.9999931805261891,0.0
6168,DoS/DDoS,DoS/DDoS,0.0,0.0,1.0,0.0,0.0
6169,DoS/DDoS,DoS/DDoS,0.0,0.0,1.0,0.0,0.0
6170,Brute Force,Brute Force,0.0,1.0,0.0,0.0,0.0
6171,Brute Force,Brute Force,0.0,0.9999754714906288,0.0,2.452850937120762e-05,0.0
6172,Normal,Normal,0.0,6.819473810748967e-06,0.0,0.9999931805261891,0.0
6173,DoS/DDoS,DoS/DDoS,0.0,0.0,1.0,0.0,0.0
6174,Normal,Normal,0.0,0.0,0.0,1.0,0.0
6175,Normal,Normal,0.0,6.819473810748967e-06,0.0,0.9999931805261891,0.0
6176,DoS/DDoS,DoS/DDoS,0.0,0.0,1.0,0.0,0.0
6177,DoS/DDoS,DoS/DDoS,0.0,0.0,1.0,0.0,0.0
6178,DoS/DDoS,DoS/DDoS,0.0,0.0,1.0,0.0,0.0
6179,DoS/DDoS,DoS/DDoS,0.0,0.0,1.0,0.0,0.0
6180,DoS/DDoS,DoS/DDoS,0.0,0.0,1.0,0.0,0.0
6181,Brute Force,Brute Force,0.0,1.0,0.0,0.0,0.0
6182,DoS/DDoS,DoS/DDoS,0.0,0.0,1.0,0.0,0.0
6183,DoS/DDoS,DoS/DDoS,0.0,0.0,1.0,0.0,0.0
6184,Web Attack,Web Attack,0.0,0.26672414215442564,0.00043286010853947827,0.006914032667296583,0.7259289650697381
6185,DoS/DDoS,DoS/DDoS,0.0,0.0,1.0,0.0,0.0
6186,Normal,Normal,0.0,0.0,0.00010401136517345557,0.9998959886348265,0.0
6187,DoS/DDoS,DoS/DDoS,0.0,0.0,1.0,0.0,0.0
6188,Normal,Normal,0.0,6.819473810748967e-06,0.0,0.9999931805261891,0.0
6189,DoS/DDoS,DoS/DDoS,0.0,0.0,1.0,0.0,0.0
6190,Normal,Normal,0.0,6.819473810748967e-06,0.0,0.9999931805261891,0.0
6191,Normal,Normal,0.0,0.0,0.0,1.0,0.0
6192,Normal,Normal,0.016084875673389037,0.0,0.0,0.9839151243266109,0.0
6193,Normal,Normal,0.0,0.0,0.0,1.0,0.0
6194,Normal,Normal,0.0,6.819473810748967e-06,0.0,0.9999931805261891,0.0
6195,Brute Force,Brute Force,0.0,1.0,0.0,0.0,0.0
6196,Normal,Normal,0.0,6.819473810748967e-06,0.0,0.9999931805261891,0.0
6197,Normal,Normal,0.0,6.819473810748967e-06,0.0,0.9999931805261891,0.0
6198,Brute Force,Brute Force,0.0,1.0,0.0,0.0,0.0
6199,Normal,Normal,0.0,6.819473810748967e-06,0.0,0.9999931805261891,0.0
6200,Normal,Normal,0.04579325800891352,0.011159640312974424,0.039694522259550655,0.9033525794185613,0.0
6201,Normal,Normal,0.0,0.0,0.0,1.0,0.0
6202,DoS/DDoS,DoS/DDoS,0.0,0.0,1.0,0.0,0.0
6203,Brute Force,Brute Force,0.0,0.9999754714906288,0.0,2.452850937120762e-05,0.0
6204,Normal,Normal,0.0,6.819473810748967e-06,0.0,0.9999931805261891,0.0
6205,DoS/DDoS,DoS/DDoS,0.0,0.0,0.9987003671219048,0.0012996328780952155,0.0
6206,Bot,Bot,0.9794570160632793,0.0,5.39913091401014e-06,0.020537584805806954,0.0
6207,Normal,Normal,0.0,6.819473810748967e-06,0.0,0.9999931805261891,0.0
6208,Normal,Normal,0.0,0.0,0.018351840900071838,0.9816481590999281,0.0
6209,DoS/DDoS,DoS/DDoS,0.0,0.0,1.0,0.0,0.0
6210,DoS/DDoS,DoS/DDoS,0.0,0.0,0.987112515199649,0.012887484800351052,0.0
6211,Bot,Bot,0.999928535227931,0.0,5.39913091401014e-06,6.606564115514711e-05,0.0
6212,Normal,Normal,0.0,6.819473810748967e-06,0.0,0.9999931805261891,0.0
6213,DoS/DDoS,DoS/DDoS,0.0,0.0,1.0,0.0,0.0
6214,Bot,Bot,0.9997009058835219,0.0,5.39913091401014e-06,0.00029369498556416505,0.0
6215,DoS/DDoS,DoS/DDoS,0.0,0.0,1.0,0.0,0.0
6216,DoS/DDoS,DoS/DDoS,0.0,0.0,1.0,0.0,0.0
6217,Normal,Bot,0.9227690405498917,0.0,0.00010474303355153435,0.07712621641655665,0.0
6218,DoS/DDoS,DoS/DDoS,0.0,0.0,1.0,0.0,0.0
6219,Normal,Normal,0.0,6.819473810748967e-06,0.0,0.9999931805261891,0.0
6220,Normal,Normal,0.0,6.819473810748967e-06,0.0,0.9999931805261891,0.0
6221,DoS/DDoS,DoS/DDoS,0.0,0.0,1.0,0.0,0.0
6222,Normal,Normal,0.0,0.024526636716723938,0.08789702647381104,0.7964991022924066,0.09107723451705839
6223,DoS/DDoS,DoS/DDoS,0.0,0.0,1.0,0.0,0.0
6224,Normal,Normal,0.0010252159614789497,0.03951034205111623,0.004055791570993761,0.917896616658072,0.037512033758338795
6225,Normal,Normal,0.0,6.819473810748967e-06,0.0,0.9999931805261891,0.0
6226,Web Attack,Web Attack,0.0,0.044036735108396494,0.00043286010853947827,0.0065915192864412575,0.9489388854966228
6227,DoS/DDoS,DoS/DDoS,0.0,0.0,1.0,0.0,0.0
6228,Normal,Normal,0.0,0.0,0.0,1.0,0.0
6229,Brute Force,Brute Force,0.0,1.0,0.0,0.0,0.0
6230,Normal,Normal,0.0,0.0,0.0,1.0,0.0
6231,Normal,Normal,0.0,6.819473810748967e-06,0.0,0.9999931805261891,0.0
6232,DoS/DDoS,DoS/DDoS,0.0,0.0,1.0,0.0,0.0
6233,Normal,Normal,0.0010252159614789497,0.03951034205111623,0.004055791570993761,0.917896616658072,0.037512033758338795
6234,Normal,Normal,0.0,0.0,0.00010401136517345557,0.9998959886348265,0.0
6235,Normal,Normal,0.0,6.819473810748967e-06,0.0,0.9999931805261891,0.0
6236,Bot,Bot,1.0,0.0,0.0,0.0,0.0
6237,DoS/DDoS,DoS/DDoS,0.0,0.0,1.0,0.0,0.0
6238,DoS/DDoS,DoS/DDoS,0.0,0.0,1.0,0.0,0.0
6239,Brute Force,Brute Force,0.0,1.0,0.0,0.0,0.0
6240,DoS/DDoS,DoS/DDoS,0.0,0.0038230018572700353,0.973938022393707,0.009532526954611691,0.012706448794411183
6241,Brute Force,Brute Force,0.0,1.0,0.0,0.0,0.0
6242,Web Attack,Web Attack,0.0,0.0936007659495198,0.0004985439319532886,0.0023095851570680893,0.9035911049614588
6243,DoS/DDoS,DoS/DDoS,0.0,0.0,1.0,0.0,0.0
6244,DoS/DDoS,DoS/DDoS,0.0,0.0,1.0,0.0,0.0
6245,Normal,Normal,0.0010252159614789497,0.03011704405671127,0.0030713680039593473,0.939008349771479,0.026778022206371346
6246,DoS/DDoS,DoS/DDoS,0.0,0.0,1.0,0.0,0.0
6247,Brute Force,Brute Force,0.0,0.9627914054333079,0.0,0.03720859456669215,0.0
6248,Normal,Normal,0.01770411607175686,0.0,3.7854604607592724e-06,0.9822920984677824,0.0
6249,Normal,Normal,0.00010988690357994182,0.015505807588643712,0.03488054684370808,0.8876054600394973,0.061898298624570865
6250,DoS/DDoS,DoS/DDoS,0.0,0.0,1.0,0.0,0.0
6251,Normal,Normal,0.0,0.0,0.0,1.0,0.0
6252,Normal,Normal,0.0010252159614789497,0.03951034205111623,0.004055791570993761,0.917896616658072,0.037512033758338795
6253,DoS/DDoS,DoS/DDoS,0.0,0.0,1.0,0.0,0.0
6254,Normal,Normal,0.0,6.819473810748967e-06,0.0,0.9999931805261891,0.0
6255,Brute Force,Brute Force,0.0,1.0,0.0,0.0,0.0
6256,Web Attack,Web Attack,0.0,0.01058830955687413,0.0,0.07258199060826094,0.9168296998348648
6257,DoS/DDoS,DoS/DDoS,0.0,0.0,1.0,0.0,0.0
6258,Normal,Normal,0.0,6.819473810748967e-06,0.0,0.9999931805261891,0.0
6259,Brute Force,Brute Force,0.0,1.0,0.0,0.0,0.0
6260,Normal,Normal,0.0,6.819473810748967e-06,0.0,0.9999931805261891,0.0
6261,Brute Force,Brute Force,0.0,1.0,0.0,0.0,0.0
6262,Brute Force,Brute Force,0.0,1.0,0.0,0.0,0.0
6263,Normal,Normal,0.0,0.0,0.01,0.99,0.0
6264,Normal,Bot,0.872479031807642,0.0,0.00010474303355153435,0.12741622515880635,0.0
6265,DoS/DDoS,DoS/DDoS,0.0,0.0,1.0,0.0,0.0
6266,Normal,Normal,0.0,0.0,0.0003903588054569994,0.999609641194543,0.0
6267,DoS/DDoS,DoS/DDoS,0.0,0.0,0.9974501995677456,0.0025498004322544263,0.0
6268,DoS/DDoS,DoS/DDoS,0.0,0.0,1.0,0.0,0.0
6269,Brute Force,Brute Force,0.0,0.5414332106559301,0.0004402115070105195,0.008028558341206875,0.45009801949585226
6270,DoS/DDoS,DoS/DDoS,0.0,0.0,1.0,0.0,0.0
6271,Brute Force,Brute Force,0.0,1.0,0.0,0.0,0.0
6272,DoS/DDoS,DoS/DDoS,0.0,0.0,0.9999915125871316,8.487412868436374e-06,0.0
6273,Normal,Normal,0.0,6.819473810748967e-06,0.0,0.9999931805261891,0.0
6274,Brute Force,Brute Force,0.0,1.0,0.0,0.0,0.0
6275,DoS/DDoS,DoS/DDoS,0.0,0.0,1.0,0.0,0.0
6276,Normal,Normal,0.008877343104386815,0.0,0.0,0.9911226568956133,0.0
6277,Normal,Normal,0.0,0.0,0.0,1.0,0.0
6278,Normal,Normal,0.0,6.819473810748967e-06,0.0,0.9999931805261891,0.0
6279,Brute Force,Brute Force,0.00032907647963916875,0.8143775198950687,0.009900706119193418,0.0901561238119944,0.08523657369410437
6280,Normal,Normal,0.0,0.0,0.0,1.0,0.0
6281,Normal,Normal,0.0,0.0,0.0,1.0,0.0
6282,DoS/DDoS,DoS/DDoS,0.0,0.0,1.0,0.0,0.0
6283,Brute Force,Brute Force,0.0,1.0,0.0,0.0,0.0
6284,Normal,Normal,0.0,0.0,0.0,1.0,0.0
6285,Bot,Bot,0.999928535227931,0.0,5.39913091401014e-06,6.606564115514711e-05,0.0
6286,Normal,Normal,0.0004243179504733845,0.0577878387270574,0.007566805670257701,0.8434948381926901,0.09072619945952116
6287,Brute Force,Brute Force,0.0,0.9999754714906288,0.0,2.452850937120762e-05,0.0
6288,DoS/DDoS,DoS/DDoS,0.0,0.0,0.9999126761156112,8.732388438904994e-05,0.0
6289,Brute Force,Brute Force,0.0,0.9999754714906288,0.0,2.452850937120762e-05,0.0
6290,Brute Force,Brute Force,0.0,1.0,0.0,0.0,0.0
6291,Normal,Normal,0.0,6.819473810748967e-06,0.0,0.9999931805261891,0.0
6292,Normal,Normal,0.0,6.819473810748967e-06,0.0,0.9999931805261891,0.0
6293,DoS/DDoS,DoS/DDoS,0.0,0.0,1.0,0.0,0.0
6294,Brute Force,Brute Force,0.0,1.0,0.0,0.0,0.0
6295,Normal,Normal,0.0,6.819473810748967e-06,0.0,0.9999931805261891,0.0
6296,Brute Force,Brute Force,0.0,0.9997832924415677,0.0,0.00021670755843235126,0.0
6297,Brute Force,Brute Force,0.0,1.0,0.0,0.0,0.0
6298,Brute Force,Brute Force,0.0,1.0,0.0,0.0,0.0
6299,DoS/DDoS,DoS/DDoS,0.0,0.016390553732206502,0.8037713885979291,0.15066101547798277,0.02917704219188197
6300,DoS/DDoS,DoS/DDoS,0.0,0.0,1.0,0.0,0.0
6301,DoS/DDoS,DoS/DDoS,0.0,0.0,1.0,0.0,0.0
6302,Normal,Normal,0.0,6.819473810748967e-06,0.0,0.9999931805261891,0.0
6303,DoS/DDoS,DoS/DDoS,0.0,0.0,0.9998865803330991,0.00011341966690102105,0.0
6304,Normal,Normal,0.0,0.0,0.0072744388096840406,0.992725561190316,0.0
6305,Bot,Bot,0.9998534234277665,0.0,5.39913091401014e-06,0.00014117744131969903,0.0
6306,Normal,Normal,0.0,6.819473810748967e-06,0.0,0.9999931805261891,0.0
6307,Bot,Bot,0.999928535227931,0.0,5.39913091401014e-06,6.606564115514711e-05,0.0
6308,Brute Force,Brute Force,0.0,0.9999754714906288,0.0,2.452850937120762e-05,0.0
6309,DoS/DDoS,DoS/DDoS,0.0,0.0,1.0,0.0,0.0
6310,DoS/DDoS,DoS/DDoS,0.0,0.0,1.0,0.0,0.0
6311,Normal,Normal,0.0,0.0,0.0,1.0,0.0
6312,Normal,Normal,0.0,0.00481232220911677,0.0,0.9951876777908832,0.0
6313,Normal,Normal,0.008877343104386815,0.0,0.01,0.9811226568956133,0.0
6314,DoS/DDoS,DoS/DDoS,0.0,0.0,0.9999126761156112,8.732388438904994e-05,0.0
6315,Brute Force,Brute Force,0.0,1.0,0.0,0.0,0.0
6316,Web Attack,Web Attack,0.0,0.28446208633543046,0.0004985439319532886,0.015755976224052143,0.6992833935085637
6317,Normal,Normal,0.008367201001132233,0.02,0.0,0.9716327989988678,0.0
6318,Normal,Normal,0.0,0.0,0.00010401136517345557,0.9998959886348265,0.0
6319,Normal,Web Attack,0.0,0.31335274084338516,0.0004402115070105195,0.2889706690048745,0.3972363786447297
6320,Brute Force,Brute Force,0.0,1.0,0.0,0.0,0.0
6321,DoS/DDoS,DoS/DDoS,0.0,0.0,0.9998865803330991,0.00011341966690102105,0.0
6322,DoS/DDoS,DoS/DDoS,0.0,0.0,1.0,0.0,0.0
6323,Normal,Normal,0.0,6.819473810748967e-06,0.0,0.9999931805261891,0.0
6324,Normal,Normal,0.0,0.0,0.0,1.0,0.0
6325,Bot,Bot,0.9506901352514742,0.0,0.00010474303355153435,0.049205121714974244,0.0
6326,DoS/DDoS,DoS/DDoS,0.0,0.0,1.0,0.0,0.0
6327,DoS/DDoS,DoS/DDoS,0.0,0.0,1.0,0.0,0.0
6328,DoS/DDoS,DoS/DDoS,0.0,0.0,1.0,0.0,0.0
6329,Normal,Normal,0.0,0.0,0.017705810926232274,0.9822941890737676,0.0
6330,Normal,Normal,0.003649978477912319,0.025613920902158017,0.011876692235649884,0.9011036036284215,0.057755804755858266
6331,Brute Force,Brute Force,0.0,0.8571653650924221,0.00037865738613959845,0.004540304713031503,0.1379156728084066
6332,Brute Force,Brute Force,0.0,0.9999754714906288,0.0,2.452850937120762e-05,0.0
6333,Normal,Normal,0.0,0.0,3.273209551560448e-05,0.9999672679044843,0.0
6334,DoS/DDoS,DoS/DDoS,0.0,0.0,1.0,0.0,0.0
6335,Normal,Normal,0.0,0.0,0.0,1.0,0.0
6336,Normal,Normal,0.044897761361843126,0.0,3.7854604607592724e-06,0.9550984531776961,0.0
6337,Normal,Normal,0.0,6.819473810748967e-06,0.0,0.9999931805261891,0.0
6338,Normal,Normal,0.0,6.819473810748967e-06,0.0,0.9999931805261891,0.0
6339,Normal,Normal,0.0,6.819473810748967e-06,0.0,0.9999931805261891,0.0
6340,Normal,Normal,0.0010252159614789497,0.03951034205111623,0.004055791570993761,0.917896616658072,0.037512033758338795
6341,Normal,Normal,0.0,6.819473810748967e-06,0.0,0.9999931805261891,0.0
6342,Normal,Normal,0.06206237921075912,0.004992556716196241,0.0,0.9329450640730447,0.0
6343,DoS/DDoS,DoS/DDoS,0.0,0.0,0.9968580961413173,0.0031419038586828953,0.0
6344,DoS/DDoS,DoS/DDoS,0.0,0.0,1.0,0.0,0.0
6345,DoS/DDoS,DoS/DDoS,0.0,0.0,1.0,0.0,0.0
6346,Brute Force,Brute Force,0.0,1.0,0.0,0.0,0.0
6347,Normal,Normal,0.0,0.0,0.0,1.0,0.0
6348,DoS/DDoS,DoS/DDoS,0.0,0.0,1.0,0.0,0.0
6349,DoS/DDoS,DoS/DDoS,0.0,0.0,1.0,0.0,0.0
6350,DoS/DDoS,DoS/DDoS,0.0,0.0,1.0,0.0,0.0
6351,Normal,Normal,0.0010252159614789497,0.03951034205111623,0.004055791570993761,0.917896616658072,0.037512033758338795
6352,DoS/DDoS,DoS/DDoS,0.0,0.0,1.0,0.0,0.0
6353,Normal,Normal,0.0010252159614789497,0.03951034205111623,0.004055791570993761,0.917896616658072,0.037512033758338795
6354,Normal,Normal,0.0,0.0,0.0,1.0,0.0
6355,DoS/DDoS,DoS/DDoS,0.0,0.0,1.0,0.0,0.0
6356,Normal,Normal,0.0,6.819473810748967e-06,0.0,0.9999931805261891,0.0
6357,Brute Force,Brute Force,0.0,1.0,0.0,0.0,0.0
6358,Brute Force,Brute Force,0.0,1.0,0.0,0.0,0.0
6359,Brute Force,Brute Force,0.0,1.0,0.0,0.0,0.0
6360,Normal,Normal,0.0,0.0,0.0,1.0,0.0
6361,Normal,Normal,0.0,0.0,0.0,1.0,0.0
6362,Brute Force,Brute Force,0.0,1.0,0.0,0.0,0.0
6363,Normal,Normal,0.03819920467666825,0.0,0.036702484250564604,0.9250983110727671,0.0
6364,DoS/DDoS,DoS/DDoS,0.0,0.0,1.0,0.0,0.0
6365,Normal,Normal,0.0,0.0,0.01,0.99,0.0
6366,DoS/DDoS,DoS/DDoS,0.0,0.0,1.0,0.0,0.0
6367,DoS/DDoS,DoS/DDoS,0.0,0.0,1.0,0.0,0.0
6368,Brute Force,Brute Force,0.0,1.0,0.0,0.0,0.0
6369,Bot,Bot,1.0,0.0,0.0,0.0,0.0
6370,Normal,Normal,0.0,0.0,0.0,1.0,0.0
6371,Normal,Normal,0.0,0.0,0.0072744388096840406,0.992725561190316,0.0
6372,Normal,Normal,0.0,0.0,0.0,1.0,0.0
6373,DoS/DDoS,DoS/DDoS,0.0,0.0,1.0,0.0,0.0
6374,Normal,Normal,0.0,0.02,0.006979980785854106,0.9730200192141458,0.0
6375,Normal,Normal,0.0,0.0,0.0024872915366092926,0.9975127084633907,0.0
6376,DoS/DDoS,DoS/DDoS,0.0,0.0,1.0,0.0,0.0
6377,Normal,Normal,0.0,6.819473810748967e-06,0.0,0.9999931805261891,0.0
6378,Normal,Normal,0.0,6.819473810748967e-06,0.0,0.9999931805261891,0.0
6379,Normal,Normal,0.0,0.0,0.0,1.0,0.0
6380,Normal,Bot,0.7577830372535801,0.0,0.00010474303355153435,0.24211221971286784,0.0
6381,DoS/DDoS,DoS/DDoS,0.0,0.0,1.0,0.0,0.0
6382,Normal,Normal,0.0,6.819473810748967e-06,0.0,0.9999931805261891,0.0
6383,DoS/DDoS,DoS/DDoS,0.0,0.0,1.0,0.0,0.0
6384,Normal,Normal,0.0,6.819473810748967e-06,0.0,0.9999931805261891,0.0
6385,DoS/DDoS,DoS/DDoS,0.0,0.0,1.0,0.0,0.0
6386,Normal,Normal,0.0,6.819473810748967e-06,0.0,0.9999931805261891,0.0
6387,Brute Force,Web Attack,0.0,0.10130716558886858,0.00043546273942595337,0.0015651319964767258,0.8966922396752288
6388,Brute Force,Brute Force,0.0,0.9999754714906288,0.0,2.452850937120762e-05,0.0
6389,DoS/DDoS,DoS/DDoS,0.0,0.0,0.9987545748593203,0.0012454251406796932,0.0
6390,Brute Force,Brute Force,0.0,1.0,0.0,0.0,0.0
6391,Normal,Normal,0.0010252159614789497,0.03951034205111623,0.004055791570993761,0.917896616658072,0.037512033758338795
6392,Normal,Normal,0.0,0.0,0.0,1.0,0.0
6393,DoS/DDoS,DoS/DDoS,0.0,0.0,1.0,0.0,0.0
6394,Brute Force,Brute Force,0.00032907647963916875,0.8143775198950687,0.009900706119193418,0.0901561238119944,0.08523657369410437
6395,DoS/DDoS,DoS/DDoS,0.0,0.0,1.0,0.0,0.0
6396,Brute Force,Brute Force,0.0,1.0,0.0,0.0,0.0
6397,DoS/DDoS,Web Attack,0.00032907647963916875,0.27909507857656174,0.04688227670132088,0.1675137452491155,0.5061798229933622
6398,Normal,Normal,0.0,6.819473810748967e-06,0.0,0.9999931805261891,0.0
6399,Normal,Normal,0.0,0.0,0.0,1.0,0.0
6400,Normal,Normal,0.0,0.0,0.0,1.0,0.0
6401,DoS/DDoS,DoS/DDoS,0.0,0.0,1.0,0.0,0.0
6402,Brute Force,Brute Force,0.0,1.0,0.0,0.0,0.0
6403,Normal,Normal,0.0,0.0,0.005034023299725676,0.9949659767002743,0.0
6404,Normal,Normal,0.0010252159614789497,0.03951034205111623,0.004055791570993761,0.917896616658072,0.037512033758338795
6405,DoS/DDoS,DoS/DDoS,0.0,0.0,0.9999126761156112,8.732388438904994e-05,0.0
6406,Normal,Normal,0.0,6.819473810748967e-06,0.0,0.9999931805261891,0.0
6407,Normal,Normal,0.0,6.819473810748967e-06,0.0,0.9999931805261891,0.0
6408,Brute Force,Web Attack,0.0,0.36301386122693347,0.0006579625888037525,0.003086702249239403,0.6332414739350232
6409,DoS/DDoS,DoS/DDoS,0.0,0.0,1.0,0.0,0.0
6410,DoS/DDoS,DoS/DDoS,0.0,0.0,1.0,0.0,0.0
6411,DoS/DDoS,DoS/DDoS,0.0,0.0,1.0,0.0,0.0
6412,Brute Force,Brute Force,0.0,1.0,0.0,0.0,0.0
6413,Normal,Normal,0.0,6.819473810748967e-06,0.0,0.9999931805261891,0.0
6414,DoS/DDoS,DoS/DDoS,0.0,0.0,1.0,0.0,0.0
6415,Normal,Normal,0.0,0.0,0.0,1.0,0.0
6416,DoS/DDoS,DoS/DDoS,0.0,0.0,1.0,0.0,0.0
6417,DoS/DDoS,DoS/DDoS,0.0,0.0,1.0,0.0,0.0
6418,DoS/DDoS,DoS/DDoS,0.0,0.0,1.0,0.0,0.0
6419,Brute Force,Brute Force,0.0,1.0,0.0,0.0,0.0
6420,DoS/DDoS,DoS/DDoS,0.0,0.0001543506670166707,0.9860839110720316,0.013761738260951853,0.0
6421,DoS/DDoS,DoS/DDoS,0.0,0.0,1.0,0.0,0.0
6422,Normal,Normal,0.0,0.0,0.0,1.0,0.0
6423,DoS/DDoS,DoS/DDoS,0.0,0.0,1.0,0.0,0.0
6424,DoS/DDoS,DoS/DDoS,0.0,0.0,1.0,0.0,0.0
6425,DoS/DDoS,DoS/DDoS,0.0,0.0,0.9998865803330991,0.00011341966690102105,0.0
6426,Bot,Bot,0.9836301519082614,0.0,5.39913091401014e-06,0.016364448960824816,0.0
6427,DoS/DDoS,DoS/DDoS,0.0,0.0,1.0,0.0,0.0
6428,Normal,Normal,0.0,6.819473810748967e-06,0.0,0.9999931805261891,0.0
6429,Normal,Normal,0.0,0.0,0.0,1.0,0.0
6430,Normal,Normal,0.0,0.0,0.0001677912773176141,0.9998322087226823,0.0
6431,DoS/DDoS,DoS/DDoS,0.0,0.0,1.0,0.0,0.0
6432,Normal,Normal,0.0,0.01,0.0,0.99,0.0
6433,DoS/DDoS,DoS/DDoS,0.0,0.0,0.9994360078834549,0.0005639921165450961,0.0
6434,Brute Force,Brute Force,0.0,0.7317352084730845,0.0004985439319532886,0.0070683312237038885,0.26069791637125816
6435,Brute Force,Brute Force,0.0,1.0,0.0,0.0,0.0
6436,DoS/DDoS,DoS/DDoS,0.0,0.0,1.0,0.0,0.0
6437,Normal,Normal,0.0,6.819473810748967e-06,0.0,0.9999931805261891,0.0
6438,Brute Force,Brute Force,0.0,0.9999754714906288,0.0,2.452850937120762e-05,0.0
6439,DoS/DDoS,DoS/DDoS,0.0,0.0,1.0,0.0,0.0
6440,Normal,Normal,0.0,6.819473810748967e-06,0.0,0.9999931805261891,0.0
6441,DoS/DDoS,DoS/DDoS,0.0,0.0,0.9950386823059645,0.004961317694035438,0.0
6442,Brute Force,Brute Force,0.0,1.0,0.0,0.0,0.0
6443,Normal,Normal,0.0,6.819473810748967e-06,0.0,0.9999931805261891,0.0
6444,DoS/DDoS,DoS/DDoS,0.0,0.0,1.0,0.0,0.0
6445,Normal,Normal,0.0,6.819473810748967e-06,0.0,0.9999931805261891,0.0
6446,Normal,Normal,0.0,0.0,0.0003903588054569994,0.999609641194543,0.0
6447,Normal,Normal,0.0,0.0,0.0,1.0,0.0
6448,Normal,Normal,0.00010988690357994182,0.008985590372732308,0.2579294466701598,0.6924276217333581,0.04054745432016963
6449,DoS/DDoS,DoS/DDoS,0.0,0.0,1.0,0.0,0.0
6450,Brute Force,Brute Force,0.0,1.0,0.0,0.0,0.0
6451,Brute Force,Brute Force,0.0,0.9999754714906288,0.0,2.452850937120762e-05,0.0
6452,DoS/DDoS,DoS/DDoS,0.0,0.0,1.0,0.0,0.0
6453,DoS/DDoS,DoS/DDoS,0.0,0.0,1.0,0.0,0.0
6454,DoS/DDoS,DoS/DDoS,0.0,0.0,1.0,0.0,0.0
6455,Normal,Normal,0.0,6.819473810748967e-06,0.0,0.9999931805261891,0.0
6456,Normal,Normal,0.0,6.819473810748967e-06,0.0,0.9999931805261891,0.0
6457,Normal,Normal,0.0,6.819473810748967e-06,0.0,0.9999931805261891,0.0
6458,Normal,Normal,0.0,6.819473810748967e-06,0.0,0.9999931805261891,0.0
6459,Brute Force,Brute Force,0.0,1.0,0.0,0.0,0.0
6460,DoS/DDoS,DoS/DDoS,0.0,0.0,1.0,0.0,0.0
6461,Normal,Normal,0.0,0.0,0.0,1.0,0.0
6462,Normal,Normal,0.0,6.819473810748967e-06,0.0,0.9999931805261891,0.0
6463,Normal,Normal,0.0,6.819473810748967e-06,0.0,0.9999931805261891,0.0
6464,Normal,Normal,0.0,0.0,0.0,1.0,0.0
6465,Normal,Normal,0.0,6.819473810748967e-06,0.0,0.9999931805261891,0.0
6466,DoS/DDoS,DoS/DDoS,0.0,0.0,1.0,0.0,0.0
6467,Brute Force,Brute Force,0.0,1.0,0.0,0.0,0.0
6468,Normal,Normal,0.0,6.819473810748967e-06,0.0,0.9999931805261891,0.0
6469,Normal,Normal,0.0,6.819473810748967e-06,0.0,0.9999931805261891,0.0
6470,Normal,Normal,0.0,6.819473810748967e-06,0.0,0.9999931805261891,0.0
6471,Brute Force,Brute Force,0.0,1.0,0.0,0.0,0.0
6472,DoS/DDoS,DoS/DDoS,0.0,0.0,1.0,0.0,0.0
6473,DoS/DDoS,DoS/DDoS,0.0,0.0,1.0,0.0,0.0
6474,DoS/DDoS,DoS/DDoS,0.0,0.0,1.0,0.0,0.0
6475,Brute Force,Brute Force,0.00032907647963916875,0.8143775198950687,0.009900706119193418,0.0901561238119944,0.08523657369410437
6476,DoS/DDoS,DoS/DDoS,0.00010988690357994182,0.002579980652115805,0.5344235152998432,0.45122135429329424,0.011665262851166792
6477,DoS/DDoS,DoS/DDoS,0.0,0.0,1.0,0.0,0.0
6478,Brute Force,Brute Force,0.0,1.0,0.0,0.0,0.0
6479,Normal,Normal,0.0,0.0,0.0,1.0,0.0
6480,DoS/DDoS,DoS/DDoS,0.0,0.0,1.0,0.0,0.0
6481,Brute Force,Web Attack,0.0,0.34486530993067077,0.00043286010853947827,0.00483877438702805,0.6498630555737619
6482,Normal,Normal,0.0,6.819473810748967e-06,0.0,0.9999931805261891,0.0
6483,DoS/DDoS,DoS/DDoS,0.0,0.0,1.0,0.0,0.0
6484,DoS/DDoS,DoS/DDoS,0.0,0.0,1.0,0.0,0.0
6485,DoS/DDoS,DoS/DDoS,0.0,0.0,1.0,0.0,0.0
6486,DoS/DDoS,DoS/DDoS,0.0,0.0,1.0,0.0,0.0
6487,Normal,Normal,0.0,0.0,3.273209551560448e-05,0.9999672679044843,0.0
6488,Brute Force,Brute Force,0.0,1.0,0.0,0.0,0.0
6489,DoS/DDoS,DoS/DDoS,0.0,0.0,1.0,0.0,0.0
6490,Brute Force,Brute Force,0.0,1.0,0.0,0.0,0.0
6491,Normal,Normal,0.0,6.819473810748967e-06,0.0,0.9999931805261891,0.0
6492,DoS/DDoS,DoS/DDoS,0.0,0.0,1.0,0.0,0.0
6493,Normal,Normal,0.0,0.0,0.0,1.0,0.0
6494,DoS/DDoS,DoS/DDoS,0.0,0.0,1.0,0.0,0.0
6495,Normal,Normal,0.0,0.0,0.0,1.0,0.0
6496,DoS/DDoS,DoS/DDoS,0.0,0.0,0.9994360078834549,0.0005639921165450961,0.0
6497,DoS/DDoS,DoS/DDoS,0.0,0.0001543506670166707,0.9967352685496291,0.003110380783354333,0.0
6498,DoS/DDoS,DoS/DDoS,0.0,0.0,1.0,0.0,0.0
6499,Normal,Normal,0.0,6.819473810748967e-06,0.0,0.9999931805261891,0.0
6500,DoS/DDoS,DoS/DDoS,0.0,0.0,1.0,0.0,0.0
6501,Normal,Normal,0.0,6.819473810748967e-06,0.0,0.9999931805261891,0.0
6502,Normal,Normal,0.0,6.819473810748967e-06,0.0,0.9999931805261891,0.0
6503,DoS/DDoS,DoS/DDoS,0.0,0.0,0.9999915125871316,8.487412868436374e-06,0.0
6504,Normal,Normal,0.0,0.0,0.30344056021503263,0.6965594397849675,0.0
6505,DoS/DDoS,DoS/DDoS,0.0,0.0,1.0,0.0,0.0
6506,DoS/DDoS,DoS/DDoS,0.0,0.0,1.0,0.0,0.0
6507,Normal,Normal,0.0,6.819473810748967e-06,0.0,0.9999931805261891,0.0
6508,Normal,Normal,0.0,6.819473810748967e-06,0.0,0.9999931805261891,0.0
6509,Brute Force,Brute Force,0.0,0.7279420927367716,0.0013636628222773904,0.012566307967132368,0.25812793647381843
6510,Brute Force,Brute Force,0.0,1.0,0.0,0.0,0.0
6511,Brute Force,Brute Force,0.0,0.9999754714906288,0.0,2.452850937120762e-05,0.0
6512,DoS/DDoS,DoS/DDoS,0.0,0.0,1.0,0.0,0.0
6513,Normal,Normal,0.0,0.0,0.0,1.0,0.0
6514,DoS/DDoS,DoS/DDoS,0.0,0.0,1.0,0.0,0.0
6515,DoS/DDoS,DoS/DDoS,0.0,0.0,1.0,0.0,0.0
6516,DoS/DDoS,DoS/DDoS,0.0,0.0,0.9998865803330991,0.00011341966690102105,0.0
6517,Normal,Normal,0.0,6.819473810748967e-06,0.0,0.9999931805261891,0.0
6518,Normal,Normal,0.0,6.819473810748967e-06,0.0,0.9999931805261891,0.0
6519,DoS/DDoS,DoS/DDoS,0.0,0.0,1.0,0.0,0.0
6520,Normal,Normal,0.0,0.0,0.0,1.0,0.0
6521,DoS/DDoS,DoS/DDoS,0.0,0.0,1.0,0.0,0.0
6522,Normal,Normal,0.0,0.0,0.0003753116770703256,0.9996246883229297,0.0
6523,Brute Force,Web Attack,0.0,0.30999564124766193,0.0004985439319532886,0.00847918304328723,0.6810266317770973
6524,Normal,Normal,0.0,0.0,0.0,1.0,0.0
6525,Brute Force,Brute Force,0.0,1.0,0.0,0.0,0.0
6526,Normal,Normal,0.0,6.819473810748967e-06,0.0,0.9999931805261891,0.0
6527,DoS/DDoS,DoS/DDoS,0.0,0.0,1.0,0.0,0.0
6528,Bot,Bot,1.0,0.0,0.0,0.0,0.0
6529,DoS/DDoS,DoS/DDoS,0.0,0.0,1.0,0.0,0.0
6530,Bot,Bot,0.9506901352514742,0.0,0.00010474303355153435,0.049205121714974244,0.0
6531,DoS/DDoS,DoS/DDoS,0.0,0.0,1.0,0.0,0.0
6532,DoS/DDoS,DoS/DDoS,0.0,0.0,0.9999915125871316,8.487412868436374e-06,0.0
6533,Normal,Normal,0.0,6.819473810748967e-06,0.0,0.9999931805261891,0.0
6534,Brute Force,Brute Force,0.0,0.8838130323426644,0.00037865738613959845,0.0031873728090625448,0.1126209374621333
6535,Web Attack,Web Attack,0.0,0.38283797537840747,0.0004255609830866665,0.025182240852231527,0.5915542227862741
6536,Normal,Normal,0.0,6.819473810748967e-06,0.0,0.9999931805261891,0.0
6537,Brute Force,Brute Force,0.0,1.0,0.0,0.0,0.0
6538,Brute Force,Brute Force,0.0,1.0,0.0,0.0,0.0
6539,DoS/DDoS,DoS/DDoS,0.0,0.0,1.0,0.0,0.0
6540,DoS/DDoS,DoS/DDoS,0.0,0.0,0.9999126761156112,8.732388438904994e-05,0.0
6541,Normal,Normal,0.0,0.0,0.0,1.0,0.0
6542,DoS/DDoS,DoS/DDoS,0.0,0.0,1.0,0.0,0.0
6543,Normal,Normal,0.0,6.819473810748967e-06,0.0,0.9999931805261891,0.0
6544,DoS/DDoS,DoS/DDoS,0.0,0.0,1.0,0.0,0.0
6545,DoS/DDoS,DoS/DDoS,0.0,0.0,1.0,0.0,0.0
6546,Normal,Normal,0.0,0.0,0.007374421363044849,0.9926255786369552,0.0
6547,Brute Force,Brute Force,0.0,1.0,0.0,0.0,0.0
6548,Normal,Normal,0.0,6.819473810748967e-06,0.0,0.9999931805261891,0.0
6549,Normal,Normal,0.0,0.21797842363001105,0.0004255609830866665,0.4281269295114841,0.3534690858754182
6550,DoS/DDoS,DoS/DDoS,0.0,0.0,1.0,0.0,0.0
6551,DoS/DDoS,DoS/DDoS,0.0,0.0,0.99033900650339,0.0,0.009660993496609935
6552,Brute Force,Brute Force,0.0,1.0,0.0,0.0,0.0
6553,Brute Force,Brute Force,0.0,1.0,0.0,0.0,0.0
6554,Brute Force,Brute Force,0.0,1.0,0.0,0.0,0.0
6555,Brute Force,Brute Force,0.0,0.9999754714906288,0.0,2.452850937120762e-05,0.0
6556,DoS/DDoS,DoS/DDoS,0.0,0.0,1.0,0.0,0.0
6557,Bot,Bot,0.9529419748929971,0.0,0.00010474303355153435,0.046953282073451244,0.0
6558,Normal,Normal,0.0,6.819473810748967e-06,0.0,0.9999931805261891,0.0
6559,DoS/DDoS,DoS/DDoS,0.0,0.0,1.0,0.0,0.0
6560,DoS/DDoS,DoS/DDoS,0.0,0.0,1.0,0.0,0.0
6561,Normal,Normal,0.0,6.819473810748967e-06,0.0,0.9999931805261891,0.0
6562,Normal,Normal,0.0,0.0,0.0,1.0,0.0
6563,Brute Force,Brute Force,0.0,1.0,0.0,0.0,0.0
6564,Brute Force,Brute Force,0.0,0.9999754714906288,0.0,2.452850937120762e-05,0.0
6565,Brute Force,Brute Force,0.0,1.0,0.0,0.0,0.0
6566,Normal,Normal,0.0,6.819473810748967e-06,0.0,0.9999931805261891,0.0
6567,Brute Force,Web Attack,0.0,0.1274123617738633,0.0004985439319532886,0.004320722696682236,0.867768371597501
6568,Normal,Normal,0.0,0.0,0.004987267314658728,0.9950127326853412,0.0
6569,Normal,Normal,0.0,0.0,0.0,1.0,0.0
6570,Normal,Normal,0.0,0.0,0.0,1.0,0.0
6571,DoS/DDoS,DoS/DDoS,0.0,0.0,1.0,0.0,0.0
6572,Brute Force,Brute Force,0.0,1.0,0.0,0.0,0.0
6573,DoS/DDoS,DoS/DDoS,0.0,0.0,1.0,0.0,0.0
6574,DoS/DDoS,DoS/DDoS,0.0,0.0,0.9903060722782595,0.00030116539488808257,0.009392762326852435
6575,Brute Force,Brute Force,0.0,0.9842875742084015,0.0,0.01571242579159841,0.0
6576,DoS/DDoS,DoS/DDoS,0.0,0.0,1.0,0.0,0.0
6577,Normal,Normal,0.0,0.0,0.0,1.0,0.0
6578,Normal,Normal,0.0,0.0,0.037369264518794736,0.9626307354812053,0.0
6579,DoS/DDoS,DoS/DDoS,0.0,0.0,1.0,0.0,0.0
6580,DoS/DDoS,DoS/DDoS,0.0,0.0,1.0,0.0,0.0
6581,DoS/DDoS,DoS/DDoS,0.0,0.0,1.0,0.0,0.0
6582,Normal,Normal,0.0,6.819473810748967e-06,0.0,0.9999931805261891,0.0
6583,Normal,Normal,0.0,6.819473810748967e-06,0.0,0.9999931805261891,0.0
6584,Brute Force,Brute Force,0.0,1.0,0.0,0.0,0.0
6585,Normal,Normal,0.0,0.0,0.0,1.0,0.0
6586,Normal,Normal,0.0,0.0,0.0,0.9810799101745861,0.018920089825413933
6587,Normal,Normal,0.0,0.0,0.0003903588054569994,0.999609641194543,0.0
6588,Normal,Normal,0.0,0.0,0.0,1.0,0.0
6589,Normal,Normal,0.0,0.0,0.0,1.0,0.0
6590,Normal,Normal,0.0,0.0,0.0,1.0,0.0
6591,Normal,Normal,0.0,0.0,0.0003903588054569994,0.999609641194543,0.0
6592,Normal,Bot,0.7997799778198055,0.0,0.00010474303355153435,0.20011527914664243,0.0
6593,Brute Force,Brute Force,0.0,1.0,0.0,0.0,0.0
6594,Normal,Normal,0.0,0.0,0.07498947902722568,0.9250105209727744,0.0
6595,Brute Force,Brute Force,0.0,0.9999754714906288,0.0,2.452850937120762e-05,0.0
6596,DoS/DDoS,DoS/DDoS,0.0,0.0,1.0,0.0,0.0
6597,DoS/DDoS,DoS/DDoS,0.0,0.0,1.0,0.0,0.0
6598,Normal,Normal,0.0,0.001087812816944595,0.0,0.9989121871830554,0.0
6599,Normal,Normal,0.0,0.0,0.0,1.0,0.0
6600,DoS/DDoS,DoS/DDoS,0.0,0.0,1.0,0.0,0.0
6601,Normal,Normal,0.0,6.819473810748967e-06,0.0,0.9999931805261891,0.0
6602,DoS/DDoS,DoS/DDoS,0.0,0.0,1.0,0.0,0.0
6603,DoS/DDoS,DoS/DDoS,0.0,0.0,0.9998865803330991,0.00011341966690102105,0.0
6604,Normal,Normal,0.0010252159614789497,0.03951034205111623,0.004055791570993761,0.917896616658072,0.037512033758338795
6605,Brute Force,Brute Force,0.0,0.9999754714906288,0.0,2.452850937120762e-05,0.0
6606,DoS/DDoS,DoS/DDoS,0.0,0.0,1.0,0.0,0.0
6607,Normal,Normal,0.0,0.19293951012677749,0.03914931329659281,0.7679111765766297,0.0
6608,DoS/DDoS,DoS/DDoS,0.0,0.0,1.0,0.0,0.0
6609,DoS/DDoS,DoS/DDoS,0.0,0.0,1.0,0.0,0.0
6610,DoS/DDoS,DoS/DDoS,0.0,0.0,1.0,0.0,0.0
6611,Normal,Normal,0.0,0.017872473313649783,0.009979633068695695,0.9721478936176544,0.0
6612,Normal,Normal,0.0010252159614789497,0.03951034205111623,0.004055791570993761,0.917896616658072,0.037512033758338795
6613,Brute Force,Brute Force,0.0,1.0,0.0,0.0,0.0
6614,Normal,Normal,0.0,0.0,0.054989026280816505,0.9450109737191835,0.0
6615,Normal,Normal,0.0,0.0,0.00010401136517345557,0.9998959886348265,0.0
6616,Brute Force,Brute Force,0.0,1.0,0.0,0.0,0.0
6617,Normal,Normal,0.0,0.0,0.0,1.0,0.0
6618,Bot,Bot,1.0,0.0,0.0,0.0,0.0
6619,Normal,Normal,0.0,0.0,0.0,1.0,0.0
6620,Brute Force,Brute Force,0.0,1.0,0.0,0.0,0.0
6621,Normal,Normal,0.0,6.819473810748967e-06,0.0,0.9999931805261891,0.0
6622,DoS/DDoS,DoS/DDoS,0.0,0.0,1.0,0.0,0.0
6623,Normal,Normal,0.0,0.0,0.0,1.0,0.0
6624,DoS/DDoS,DoS/DDoS,0.0,0.0,1.0,0.0,0.0
6625,DoS/DDoS,DoS/DDoS,0.0,0.0,1.0,0.0,0.0
6626,Normal,Normal,0.0,6.819473810748967e-06,0.0,0.9999931805261891,0.0
6627,Brute Force,Brute Force,0.0,1.0,0.0,0.0,0.0
6628,DoS/DDoS,DoS/DDoS,0.0,0.0,1.0,0.0,0.0
6629,Brute Force,Brute Force,0.0,0.8426568524491117,0.00037865738613959845,0.001090389442837566,0.15587410072191107
6630,Normal,Normal,0.0,0.0,0.0,1.0,0.0
6631,Normal,Normal,0.0,0.0,0.0,1.0,0.0
6632,Normal,Normal,0.0,6.819473810748967e-06,0.0,0.9999931805261891,0.0
6633,DoS/DDoS,DoS/DDoS,0.0,0.0,1.0,0.0,0.0
6634,DoS/DDoS,DoS/DDoS,0.0,0.0,1.0,0.0,0.0
6635,Normal,Normal,0.0,0.0,0.029581898642458068,0.9704181013575419,0.0
6636,Normal,Normal,0.0,0.0,0.0,1.0,0.0
6637,DoS/DDoS,DoS/DDoS,0.0,0.0,1.0,0.0,0.0
6638,DoS/DDoS,DoS/DDoS,0.0,0.0,1.0,0.0,0.0
6639,DoS/DDoS,DoS/DDoS,0.0,0.0001543506670166707,0.9967352685496291,0.003110380783354333,0.0
6640,DoS/DDoS,DoS/DDoS,0.0,0.0,0.9949844337090714,0.005015566290928609,0.0
6641,Brute Force,Brute Force,0.0,1.0,0.0,0.0,0.0
6642,DoS/DDoS,DoS/DDoS,0.0,0.0,1.0,0.0,0.0
6643,DoS/DDoS,DoS/DDoS,0.0,0.0,1.0,0.0,0.0
6644,DoS/DDoS,DoS/DDoS,0.0,0.0,1.0,0.0,0.0
6645,Normal,Normal,0.0,0.0,0.0,1.0,0.0
6646,Normal,Normal,0.0,0.0,0.03523785852257877,0.9647621414774212,0.0
6647,DoS/DDoS,DoS/DDoS,0.0,0.0,1.0,0.0,0.0
6648,Brute Force,Brute Force,0.0,1.0,0.0,0.0,0.0
6649,Brute Force,Brute Force,0.0,1.0,0.0,0.0,0.0
6650,DoS/DDoS,DoS/DDoS,0.0,0.0,1.0,0.0,0.0
6651,Normal,Normal,0.0,0.028410510069380886,0.0,0.9715894899306191,0.0
6652,Brute Force,Brute Force,0.0,1.0,0.0,0.0,0.0
6653,Normal,Normal,0.0,0.0,0.0,1.0,0.0
6654,DoS/DDoS,DoS/DDoS,0.0,0.0,1.0,0.0,0.0
6655,Normal,Normal,0.0,0.0,0.0,1.0,0.0
6656,DoS/DDoS,DoS/DDoS,0.0,0.0,1.0,0.0,0.0
6657,Normal,Normal,0.0,0.0,0.0,1.0,0.0
6658,DoS/DDoS,DoS/DDoS,0.0,0.008174957137702762,0.9447766091206983,0.007809496114417755,0.03923893762718136
6659,DoS/DDoS,DoS/DDoS,0.0,0.0,1.0,0.0,0.0
6660,Brute Force,Brute Force,0.0,0.9999754714906288,0.0,2.452850937120762e-05,0.0
6661,Brute Force,Brute Force,0.0,1.0,0.0,0.0,0.0
6662,DoS/DDoS,DoS/DDoS,0.0,0.0,1.0,0.0,0.0
6663,DoS/DDoS,DoS/DDoS,0.0,0.0,1.0,0.0,0.0
6664,Normal,Normal,0.0,6.819473810748967e-06,0.0,0.9999931805261891,0.0
6665,Brute Force,Brute Force,0.0,0.9999754714906288,0.0,2.452850937120762e-05,0.0
6666,Normal,Normal,0.0,0.0,0.22292254799787772,0.7770774520021222,0.0
6667,DoS/DDoS,DoS/DDoS,0.0,0.0,1.0,0.0,0.0
6668,DoS/DDoS,DoS/DDoS,0.0,0.0,0.960997894071254,0.039002105928745937,0.0
6669,DoS/DDoS,DoS/DDoS,0.0,0.0,1.0,0.0,0.0
6670,Normal,Normal,0.0,0.11868209075138181,0.0004985439319532886,0.5544038511386737,0.326415514177991
6671,DoS/DDoS,DoS/DDoS,0.0,0.0,1.0,0.0,0.0
6672,Normal,Normal,0.0,6.819473810748967e-06,0.0,0.9999931805261891,0.0
6673,Normal,Normal,0.0,6.819473810748967e-06,0.0,0.9999931805261891,0.0
6674,Brute Force,Brute Force,0.0,1.0,0.0,0.0,0.0
6675,Normal,Normal,0.0,6.819473810748967e-06,0.0,0.9999931805261891,0.0
6676,Normal,Normal,0.04,6.819473810748967e-06,0.03,0.9299931805261892,0.0
6677,DoS/DDoS,DoS/DDoS,0.0,0.0,0.9834714980538347,0.016528501946165508,0.0
6678,DoS/DDoS,DoS/DDoS,0.0,0.09216141309603293,0.8309111684098712,0.027842478823005928,0.04908493967109015
6679,Bot,Bot,1.0,0.0,0.0,0.0,0.0
6680,DoS/DDoS,DoS/DDoS,0.0,0.0,1.0,0.0,0.0
6681,Brute Force,Brute Force,0.0,1.0,0.0,0.0,0.0
6682,Brute Force,Brute Force,0.0,1.0,0.0,0.0,0.0
6683,Brute Force,Brute Force,0.0,1.0,0.0,0.0,0.0
6684,DoS/DDoS,DoS/DDoS,0.0,0.0,0.9999126761156112,8.732388438904994e-05,0.0
6685,Normal,Normal,0.0,0.0,0.0,1.0,0.0
6686,Normal,Normal,0.027710043734621128,0.0,0.0,0.972289956265379,0.0
6687,Normal,Normal,0.0,6.819473810748967e-06,0.0,0.9999931805261891,0.0
6688,Normal,Normal,0.0,6.819473810748967e-06,0.0,0.9999931805261891,0.0
6689,DoS/DDoS,DoS/DDoS,0.0,0.0,1.0,0.0,0.0
6690,Brute Force,Brute Force,0.00032907647963916875,0.8143775198950687,0.009900706119193418,0.0901561238119944,0.08523657369410437
6691,Normal,Normal,0.0,0.0,0.0,1.0,0.0
6692,Brute Force,Brute Force,0.0,1.0,0.0,0.0,0.0
6693,Web Attack,Brute Force,0.0,0.5996377271842328,0.0004402115070105195,0.011218476868920468,0.38870358443983605
6694,Normal,Normal,0.0,0.0031781745308799413,0.004462979531721016,0.9923588459373991,0.0
6695,Normal,Normal,0.0,0.18636268116980953,0.00043546273942595337,0.5132241896625936,0.2999776664281706
6696,Normal,Normal,0.0,0.0,0.0,1.0,0.0
6697,Brute Force,Brute Force,0.0,1.0,0.0,0.0,0.0
6698,Brute Force,Brute Force,0.0,0.8459960151102645,0.0004169715476717681,0.012458053442821854,0.14112895989924165
6699,Normal,Normal,0.17588565916158683,0.0,0.017827534544239767,0.8062868062941735,0.0
6700,Brute Force,Web Attack,0.00032907647963916875,0.27909507857656174,0.04688227670132088,0.1675137452491155,0.5061798229933622
6701,Normal,Normal,0.0,6.819473810748967e-06,0.0,0.9999931805261891,0.0
6702,DoS/DDoS,DoS/DDoS,0.0,0.0,0.999581898642458,0.00041810135754193273,0.0
6703,DoS/DDoS,DoS/DDoS,0.0,0.0,1.0,0.0,0.0
6704,Brute Force,Brute Force,0.0,1.0,0.0,0.0,0.0
6705,DoS/DDoS,DoS/DDoS,0.0,0.0,1.0,0.0,0.0
6706,DoS/DDoS,DoS/DDoS,0.0,0.0,1.0,0.0,0.0
6707,DoS/DDoS,DoS/DDoS,0.0,0.0,1.0,0.0,0.0
6708,DoS/DDoS,DoS/DDoS,0.0,0.0,0.9999126761156112,8.732388438904994e-05,0.0
6709,Normal,Normal,0.0,0.0,0.00010401136517345557,0.9998959886348265,0.0
6710,DoS/DDoS,DoS/DDoS,0.0,0.0,0.9965163249022087,0.003483675097791449,0.0
6711,DoS/DDoS,DoS/DDoS,0.0,0.0,1.0,0.0,0.0
6712,Web Attack,Web Attack,0.00010988690357994182,0.00997463899530191,0.08216411982098074,0.07047823831240196,0.8372731159677353
6713,Normal,Normal,0.0,0.0,0.0,1.0,0.0
6714,DoS/DDoS,DoS/DDoS,0.0,0.0,1.0,0.0,0.0
6715,DoS/DDoS,DoS/DDoS,0.0,0.0,1.0,0.0,0.0
6716,DoS/DDoS,DoS/DDoS,0.0,0.0,1.0,0.0,0.0
6717,Brute Force,Brute Force,0.0,0.9034894145048864,0.00037865738613959845,0.0026124986310189792,0.09351942947795483
6718,DoS/DDoS,DoS/DDoS,0.0,0.0,1.0,0.0,0.0
6719,Normal,Normal,0.0,0.0,0.003314961752268732,0.9966850382477312,0.0
6720,Brute Force,Brute Force,0.0,1.0,0.0,0.0,0.0
6721,Normal,Normal,0.0,6.819473810748967e-06,0.0,0.9999931805261891,0.0
6722,Brute Force,Brute Force,0.0,1.0,0.0,0.0,0.0
6723,Normal,Normal,0.0,6.819473810748967e-06,0.0,0.9999931805261891,0.0
6724,Normal,Normal,0.0,0.0,0.007513262481021702,0.9924867375189783,0.0
6725,DoS/DDoS,DoS/DDoS,0.0,0.0,1.0,0.0,0.0
6726,DoS/DDoS,DoS/DDoS,0.0,0.0,1.0,0.0,0.0
6727,Brute Force,Brute Force,0.0,1.0,0.0,0.0,0.0
6728,Brute Force,Brute Force,0.0,1.0,0.0,0.0,0.0
6729,DoS/DDoS,DoS/DDoS,0.0,0.0,1.0,0.0,0.0
6730,DoS/DDoS,DoS/DDoS,0.0,0.0,1.0,0.0,0.0
6731,Normal,Normal,0.0,6.819473810748967e-06,0.0,0.9999931805261891,0.0
6732,Brute Force,Brute Force,0.0,0.9999754714906288,0.0,2.452850937120762e-05,0.0
6733,Normal,Normal,0.0,0.0,0.0,1.0,0.0
6734,DoS/DDoS,DoS/DDoS,0.0,0.0,1.0,0.0,0.0
6735,DoS/DDoS,DoS/DDoS,0.0,0.0,1.0,0.0,0.0
6736,Normal,Normal,0.0,6.819473810748967e-06,0.0,0.9999931805261891,0.0
6737,Normal,Normal,0.008461261693451667,6.819473810748967e-06,0.0009602707589937064,0.9905716480737439,0.0
6738,DoS/DDoS,DoS/DDoS,0.0,0.0,1.0,0.0,0.0
6739,Normal,Normal,0.0,0.0,0.0,1.0,0.0
6740,Normal,Bot,0.9436779011390705,0.0,0.00010474303355153435,0.0562173558273779,0.0
6741,DoS/DDoS,DoS/DDoS,0.0,0.0,1.0,0.0,0.0
6742,Normal,Normal,0.0,0.0,0.0,1.0,0.0
6743,Normal,Normal,0.0,0.0,0.0,1.0,0.0
6744,DoS/DDoS,DoS/DDoS,0.0,0.0,1.0,0.0,0.0
6745,Normal,Normal,0.0,0.021454020146311977,0.0674416373534032,0.9014471996431419,0.009657142857142857
6746,Normal,Normal,0.0,0.0,0.0,1.0,0.0
6747,DoS/DDoS,DoS/DDoS,0.0,0.0,1.0,0.0,0.0
6748,DoS/DDoS,DoS/DDoS,0.0,0.0,1.0,0.0,0.0
6749,Normal,Normal,0.0,0.0,0.0,1.0,0.0
6750,Normal,Normal,0.0,6.819473810748967e-06,0.0,0.9999931805261891,0.0
6751,Web Attack,Web Attack,0.0,0.46634039008979983,0.0004186102716035083,0.009962040043271485,0.5232789595953251
6752,Normal,Normal,0.0,6.819473810748967e-06,0.0,0.9999931805261891,0.0
6753,DoS/DDoS,DoS/DDoS,0.0,0.0,1.0,0.0,0.0
6754,Brute Force,Brute Force,0.0,1.0,0.0,0.0,0.0
6755,Normal,Normal,0.0,6.819473810748967e-06,0.0,0.9999931805261891,0.0
6756,Normal,Normal,0.0,6.819473810748967e-06,0.0,0.9999931805261891,0.0
6757,Normal,Normal,0.0,6.819473810748967e-06,0.0,0.9999931805261891,0.0
6758,DoS/DDoS,DoS/DDoS,0.0,0.0,1.0,0.0,0.0
6759,Brute Force,Brute Force,0.0,1.0,0.0,0.0,0.0
6760,Brute Force,Brute Force,0.0,1.0,0.0,0.0,0.0
6761,DoS/DDoS,DoS/DDoS,0.0,0.0,1.0,0.0,0.0
6762,Bot,Bot,1.0,0.0,0.0,0.0,0.0
6763,DoS/DDoS,DoS/DDoS,0.0,0.0,1.0,0.0,0.0
6764,DoS/DDoS,DoS/DDoS,0.0,0.0,1.0,0.0,0.0
6765,DoS/DDoS,DoS/DDoS,0.0,0.0,1.0,0.0,0.0
6766,Normal,Normal,0.0,0.0,0.0,1.0,0.0
6767,DoS/DDoS,DoS/DDoS,0.0,0.0,1.0,0.0,0.0
6768,Web Attack,Brute Force,0.0,0.5362900684504582,0.00043546273942595337,0.0039048436837620434,0.4593696251263536
6769,DoS/DDoS,DoS/DDoS,0.0,0.0,1.0,0.0,0.0
6770,Brute Force,Brute Force,0.0,1.0,0.0,0.0,0.0
6771,Normal,Normal,0.0,6.819473810748967e-06,0.0,0.9999931805261891,0.0
6772,Normal,Normal,0.0,0.0,0.0,1.0,0.0
6773,Brute Force,Brute Force,0.0,1.0,0.0,0.0,0.0
6774,DoS/DDoS,DoS/DDoS,0.0,0.0,0.9999915125871316,8.487412868436374e-06,0.0
6775,DoS/DDoS,DoS/DDoS,0.0,0.0,1.0,0.0,0.0
6776,Normal,Normal,0.0010252159614789497,0.03951034205111623,0.004055791570993761,0.917896616658072,0.037512033758338795
6777,DoS/DDoS,DoS/DDoS,0.0,0.0,1.0,0.0,0.0
6778,DoS/DDoS,DoS/DDoS,0.0,0.0,1.0,0.0,0.0
6779,Web Attack,Web Attack,0.0,0.3147200747617406,0.00043546273942595337,0.006148939132462691,0.6786955233663705
6780,Normal,Normal,0.0010252159614789497,0.03011704405671127,0.0030713680039593473,0.939008349771479,0.026778022206371346
6781,Normal,Normal,0.0,6.819473810748967e-06,0.0,0.9999931805261891,0.0
6782,Normal,Normal,0.0,0.0,0.0,1.0,0.0
6783,DoS/DDoS,DoS/DDoS,0.0,0.0,1.0,0.0,0.0
6784,DoS/DDoS,DoS/DDoS,0.0,0.0,1.0,0.0,0.0
6785,DoS/DDoS,DoS/DDoS,0.0,0.0,0.9998416181564367,0.00015838184356323625,0.0
6786,DoS/DDoS,DoS/DDoS,0.0,0.0,0.9994360078834549,0.0005639921165450961,0.0
6787,DoS/DDoS,DoS/DDoS,0.0,0.0001543506670166707,0.97797601585729,0.021869633475693363,0.0
6788,Normal,Normal,0.0,6.819473810748967e-06,0.0,0.9999931805261891,0.0
6789,DoS/DDoS,DoS/DDoS,0.0,0.0,1.0,0.0,0.0
6790,Normal,Normal,0.0,6.819473810748967e-06,0.0,0.9999931805261891,0.0
6791,Brute Force,Brute Force,0.0,0.9999754714906288,0.0,2.452850937120762e-05,0.0
6792,Normal,Normal,0.0,6.819473810748967e-06,0.0,0.9999931805261891,0.0
6793,Brute Force,Brute Force,0.0,0.9999754714906288,0.0,2.452850937120762e-05,0.0
6794,Bot,Bot,0.9536779011390705,0.0,0.00010474303355153435,0.046217355827377904,0.0
6795,DoS/DDoS,DoS/DDoS,0.0,0.0,1.0,0.0,0.0
6796,Brute Force,Brute Force,0.0,1.0,0.0,0.0,0.0
6797,DoS/DDoS,DoS/DDoS,0.0,0.0,1.0,0.0,0.0
6798,Normal,Normal,0.0,6.819473810748967e-06,0.0,0.9999931805261891,0.0
6799,Normal,Normal,0.0,0.0,0.0,1.0,0.0
6800,Normal,Normal,0.003649978477912319,0.025613920902158017,0.011876692235649884,0.9011036036284215,0.057755804755858266
6801,Normal,Normal,0.0,0.0,0.0,1.0,0.0
6802,Normal,Normal,0.0,6.819473810748967e-06,0.0,0.9999931805261891,0.0
6803,Web Attack,Brute Force,0.0,0.8076833218136654,0.0004255609830866665,0.012931395758149162,0.17895972144509847
6804,DoS/DDoS,DoS/DDoS,0.0,0.0,1.0,0.0,0.0
6805,Normal,Normal,0.0010252159614789497,0.03951034205111623,0.004055791570993761,0.917896616658072,0.037512033758338795
6806,Brute Force,Brute Force,0.0,0.9999754714906288,0.0,2.452850937120762e-05,0.0
6807,Normal,Normal,0.0,0.0,0.0,1.0,0.0
6808,Brute Force,Brute Force,0.0,1.0,0.0,0.0,0.0
6809,Brute Force,Brute Force,0.0,0.9999754714906288,0.0,2.452850937120762e-05,0.0
6810,DoS/DDoS,DoS/DDoS,0.0,0.0,1.0,0.0,0.0
6811,DoS/DDoS,DoS/DDoS,0.0,0.0,0.9842991810113957,0.01570081898860436,0.0
6812,Normal,Normal,0.0,0.060958968615467214,0.08428864999159201,0.8254236428051439,0.029328738587796756
6813,DoS/DDoS,DoS/DDoS,0.0,0.0,1.0,0.0,0.0
6814,DoS/DDoS,DoS/DDoS,0.0,0.0,0.9898912151618964,0.010108784838103808,0.0
6815,Normal,Normal,0.0,6.819473810748967e-06,0.0,0.9999931805261891,0.0
6816,Brute Force,Brute Force,0.0,1.0,0.0,0.0,0.0
6817,Brute Force,Brute Force,0.0,0.8240616143611313,0.0004186102716035083,0.006413028958316807,0.16910674640894807
6818,Brute Force,Brute Force,0.0,0.9999754714906288,0.0,2.452850937120762e-05,0.0
6819,Normal,Normal,0.0,0.009674241820984137,0.03125442933898797,0.9590713288400278,0.0
6820,DoS/DDoS,DoS/DDoS,0.0,0.0,1.0,0.0,0.0
6821,Normal,Normal,0.0,6.819473810748967e-06,0.0,0.9999931805261891,0.0
6822,Brute Force,Brute Force,0.0,1.0,0.0,0.0,0.0
6823,DoS/DDoS,DoS/DDoS,0.0,0.0,1.0,0.0,0.0
6824,Normal,Normal,0.0,0.0,0.0,1.0,0.0
6825,Normal,Normal,0.0,0.0,0.0,1.0,0.0
6826,DoS/DDoS,DoS/DDoS,0.0,0.0,1.0,0.0,0.0
6827,DoS/DDoS,DoS/DDoS,0.0,0.0,1.0,0.0,0.0
6828,Brute Force,Brute Force,0.0,1.0,0.0,0.0,0.0
6829,Normal,Normal,0.0,6.819473810748967e-06,0.0,0.9999931805261891,0.0
6830,DoS/DDoS,DoS/DDoS,0.0,0.0,1.0,0.0,0.0
6831,Normal,Normal,0.0,0.0,3.273209551560448e-05,0.9999672679044843,0.0
6832,DoS/DDoS,DoS/DDoS,0.0,0.0,1.0,0.0,0.0
6833,Normal,Normal,0.0,6.819473810748967e-06,0.0,0.9999931805261891,0.0
6834,DoS/DDoS,DoS/DDoS,0.0,0.0,1.0,0.0,0.0
6835,Normal,Normal,0.0,0.02,0.0,0.98,0.0
6836,DoS/DDoS,DoS/DDoS,0.0,0.0,1.0,0.0,0.0
6837,Normal,Normal,0.0,0.0,3.273209551560448e-05,0.9999672679044843,0.0
6838,Normal,Normal,0.0,0.0,0.0,1.0,0.0
6839,DoS/DDoS,DoS/DDoS,0.0,0.0,1.0,0.0,0.0
6840,Bot,Bot,1.0,0.0,0.0,0.0,0.0
6841,Brute Force,Brute Force,0.0,1.0,0.0,0.0,0.0
6842,DoS/DDoS,DoS/DDoS,0.0,0.0,0.9991163203841111,0.0008836796158889274,0.0
6843,DoS/DDoS,DoS/DDoS,0.0,0.0,1.0,0.0,0.0
6844,DoS/DDoS,DoS/DDoS,0.0,0.0,1.0,0.0,0.0
6845,DoS/DDoS,DoS/DDoS,0.0,0.0,1.0,0.0,0.0
6846,Bot,Bot,0.999928535227931,0.0,5.39913091401014e-06,6.606564115514711e-05,0.0
6847,DoS/DDoS,DoS/DDoS,0.0,0.0,1.0,0.0,0.0
6848,DoS/DDoS,DoS/DDoS,0.0,0.0001543506670166707,0.9860839110720316,0.013761738260951853,0.0
6849,Normal,Normal,0.0,0.0,0.01,0.99,0.0
6850,Brute Force,Brute Force,0.0,1.0,0.0,0.0,0.0
6851,DoS/DDoS,DoS/DDoS,0.0,0.0,0.969073302671216,0.03092669732878401,0.0
6852,DoS/DDoS,DoS/DDoS,0.0,0.0,0.9735146805195984,0.02648531948040156,0.0
6853,Normal,Normal,0.0,6.819473810748967e-06,0.0,0.9999931805261891,0.0
6854,DoS/DDoS,DoS/DDoS,0.0,0.0,1.0,0.0,0.0
6855,Normal,Normal,0.0,6.819473810748967e-06,0.0,0.9999931805261891,0.0
6856,Normal,Normal,0.0,6.819473810748967e-06,0.0,0.9999931805261891,0.0
6857,Normal,Normal,0.0,0.0,0.0,1.0,0.0
6858,DoS/DDoS,DoS/DDoS,0.0,0.0,1.0,0.0,0.0
6859,Bot,Bot,1.0,0.0,0.0,0.0,0.0
6860,DoS/DDoS,DoS/DDoS,0.0,0.0,1.0,0.0,0.0
6861,Normal,Normal,0.0,6.819473810748967e-06,0.0,0.9999931805261891,0.0
6862,DoS/DDoS,DoS/DDoS,0.0,0.0,1.0,0.0,0.0
6863,Brute Force,Web Attack,0.0,0.2097614958615505,0.0004985439319532886,0.006991587709485989,0.7827483724970099
6864,DoS/DDoS,DoS/DDoS,0.0,0.0,1.0,0.0,0.0
6865,Normal,Normal,0.0,0.0,0.0,1.0,0.0
6866,Brute Force,Brute Force,0.0,1.0,0.0,0.0,0.0
6867,Bot,Bot,0.999928535227931,0.0,5.39913091401014e-06,6.606564115514711e-05,0.0
6868,Brute Force,Brute Force,0.0,1.0,0.0,0.0,0.0
6869,Brute Force,Brute Force,0.0,0.9999754714906288,0.0,2.452850937120762e-05,0.0
6870,Normal,Normal,0.0,6.819473810748967e-06,0.0,0.9999931805261891,0.0
6871,Normal,Normal,0.0,0.0,0.0,1.0,0.0
6872,Normal,Normal,0.0,0.0,0.0003903588054569994,0.999609641194543,0.0
6873,Normal,Normal,0.0010252159614789497,0.03951034205111623,0.004055791570993761,0.917896616658072,0.037512033758338795
6874,Normal,Normal,0.0,0.0,0.021669765650418133,0.9783302343495818,0.0
6875,DoS/DDoS,DoS/DDoS,0.0,0.0,1.0,0.0,0.0
6876,DoS/DDoS,DoS/DDoS,0.0,0.0,1.0,0.0,0.0
6877,Bot,Bot,0.999928535227931,0.0,5.39913091401014e-06,6.606564115514711e-05,0.0
6878,Brute Force,Brute Force,0.0,0.8734886323281106,0.00037865738613959845,0.004540763974672772,0.12159194631107688
6879,Normal,Normal,0.0,0.0,0.0,1.0,0.0
6880,DoS/DDoS,DoS/DDoS,0.0,0.0,1.0,0.0,0.0
6881,Normal,Normal,0.0,0.0,0.0,1.0,0.0
6882,DoS/DDoS,DoS/DDoS,0.00010988690357994182,0.00911377026313739,0.8560210091783226,0.09420787933479031,0.04054745432016963
6883,Normal,Normal,0.0,0.0,0.0,1.0,0.0
6884,Brute Force,Brute Force,0.0,1.0,0.0,0.0,0.0
6885,Normal,Normal,0.18280391698657453,0.0,5.5998206946025015e-05,0.8171400848064796,0.0
6886,Normal,Normal,0.0,0.0,0.0,1.0,0.0
6887,Brute Force,Brute Force,0.0,1.0,0.0,0.0,0.0
6888,Bot,Bot,0.9416421040949071,0.0,0.00010474303355153435,0.05825315287154131,0.0
6889,Normal,Normal,0.0,6.819473810748967e-06,0.0,0.9999931805261891,0.0
6890,Normal,Normal,0.0,0.0,0.0,1.0,0.0
6891,DoS/DDoS,DoS/DDoS,0.0,0.0,1.0,0.0,0.0
6892,Normal,Normal,0.0,0.0,0.0,1.0,0.0
6893,Normal,Normal,0.18280391698657453,0.0,5.5998206946025015e-05,0.8171400848064796,0.0
6894,Brute Force,Brute Force,0.0,1.0,0.0,0.0,0.0
6895,Normal,Normal,0.0,0.0,0.0,1.0,0.0
6896,Brute Force,Brute Force,0.0,1.0,0.0,0.0,0.0
6897,Brute Force,Brute Force,0.0,1.0,0.0,0.0,0.0
6898,DoS/DDoS,DoS/DDoS,0.0,0.0,1.0,0.0,0.0
6899,Brute Force,Brute Force,0.0,1.0,0.0,0.0,0.0
6900,Normal,Normal,0.0010252159614789497,0.03951034205111623,0.004055791570993761,0.917896616658072,0.037512033758338795
6901,Normal,Normal,0.0,6.819473810748967e-06,0.0,0.9999931805261891,0.0
6902,Normal,Normal,0.0,6.819473810748967e-06,0.0,0.9999931805261891,0.0
6903,Bot,Bot,1.0,0.0,0.0,0.0,0.0
6904,Bot,Bot,0.943575492691303,0.0,0.00010474303355153435,0.05631976427514547,0.0
6905,Brute Force,Brute Force,0.0,0.9999754714906288,0.0,2.452850937120762e-05,0.0
6906,Normal,Normal,0.18280391698657453,0.0,5.5998206946025015e-05,0.8171400848064796,0.0
6907,Brute Force,Brute Force,0.0,1.0,0.0,0.0,0.0
6908,DoS/DDoS,DoS/DDoS,0.0,0.0001543506670166707,0.9967352685496291,0.003110380783354333,0.0
6909,DoS/DDoS,DoS/DDoS,0.0,0.0,1.0,0.0,0.0
6910,DoS/DDoS,DoS/DDoS,0.0,0.0,1.0,0.0,0.0
6911,DoS/DDoS,DoS/DDoS,0.0,0.0,1.0,0.0,0.0
6912,Brute Force,Brute Force,0.0,1.0,0.0,0.0,0.0
6913,DoS/DDoS,DoS/DDoS,0.0,0.0,1.0,0.0,0.0
6914,DoS/DDoS,DoS/DDoS,0.0,0.0,1.0,0.0,0.0
6915,Brute Force,Brute Force,0.0,1.0,0.0,0.0,0.0
6916,Brute Force,Brute Force,0.0,0.6442237293094223,0.0004186102716035083,0.026439353444035082,0.32891830697493885
6917,DoS/DDoS,DoS/DDoS,0.0,0.0,1.0,0.0,0.0
6918,DoS/DDoS,DoS/DDoS,0.0,0.0,1.0,0.0,0.0
6919,Normal,Normal,0.0,6.819473810748967e-06,0.0,0.9999931805261891,0.0
6920,DoS/DDoS,DoS/DDoS,0.0,0.0,1.0,0.0,0.0
6921,Brute Force,Brute Force,0.0,0.9999754714906288,0.0,2.452850937120762e-05,0.0
6922,Normal,Normal,0.0,0.0,0.0,1.0,0.0
6923,Normal,Normal,0.0,0.0,0.0,1.0,0.0
6924,Normal,Normal,0.0010252159614789497,0.03951034205111623,0.004055791570993761,0.917896616658072,0.037512033758338795
6925,Brute Force,Brute Force,0.0,1.0,0.0,0.0,0.0
6926,Normal,Normal,0.0,6.819473810748967e-06,0.0,0.9999931805261891,0.0
6927,DoS/DDoS,DoS/DDoS,0.0,0.0,1.0,0.0,0.0
6928,Brute Force,Brute Force,0.0,1.0,0.0,0.0,0.0
6929,Normal,Normal,0.0,6.819473810748967e-06,0.0,0.9999931805261891,0.0
6930,Normal,Normal,0.00010988690357994182,0.015505807588643712,0.040123870308778925,0.8862762648648536,0.05798417033414374
6931,Brute Force,Brute Force,0.0,1.0,0.0,0.0,0.0
6932,DoS/DDoS,DoS/DDoS,0.0,0.0,1.0,0.0,0.0
6933,DoS/DDoS,DoS/DDoS,0.0,0.0,1.0,0.0,0.0
6934,DoS/DDoS,DoS/DDoS,0.0,0.0,1.0,0.0,0.0
6935,Brute Force,Brute Force,0.0,1.0,0.0,0.0,0.0
6936,DoS/DDoS,DoS/DDoS,0.0,0.0,1.0,0.0,0.0
6937,Brute Force,Brute Force,0.0,1.0,0.0,0.0,0.0
6938,DoS/DDoS,DoS/DDoS,0.0,0.0,1.0,0.0,0.0
6939,Brute Force,Brute Force,0.0,1.0,0.0,0.0,0.0
6940,DoS/DDoS,DoS/DDoS,0.0,0.0,1.0,0.0,0.0
6941,Bot,Bot,0.9508528138359477,0.0,0.00010474303355153435,0.04904244313050081,0.0
6942,DoS/DDoS,DoS/DDoS,0.0,0.0,1.0,0.0,0.0
6943,Normal,Normal,0.0,6.819473810748967e-06,0.0,0.9999931805261891,0.0
6944,DoS/DDoS,DoS/DDoS,0.0,0.0,1.0,0.0,0.0
6945,Normal,Normal,0.0,0.0,0.0,1.0,0.0
6946,Normal,Normal,0.0,0.0,0.0,1.0,0.0
6947,DoS/DDoS,DoS/DDoS,0.0,0.0,0.9919293442737279,0.00807065572627211,0.0
6948,Normal,Normal,0.05404768478367425,0.0,0.0004950500912523006,0.9454572651250737,0.0
6949,Normal,Normal,0.0,0.0,0.0,1.0,0.0
6950,DoS/DDoS,DoS/DDoS,0.0,0.009725363205933646,0.8657473317614738,0.1053523333531252,0.019174971679467336
6951,Normal,Normal,0.0,0.0,0.0,1.0,0.0
6952,Normal,Normal,0.0,6.819473810748967e-06,0.0,0.9999931805261891,0.0
6953,DoS/DDoS,DoS/DDoS,0.0,0.0,1.0,0.0,0.0
6954,DoS/DDoS,DoS/DDoS,0.0,0.0,1.0,0.0,0.0
6955,Normal,Normal,0.0,0.007888923415915704,0.0,0.9921110765840843,0.0
6956,DoS/DDoS,DoS/DDoS,0.0,0.0,0.9974501995677456,0.0025498004322544263,0.0
6957,Normal,Bot,0.7609587313819369,0.0,0.00010474303355153435,0.238936525584511,0.0
6958,Bot,Bot,0.999928535227931,0.0,5.39913091401014e-06,6.606564115514711e-05,0.0
6959,Brute Force,Brute Force,0.0,1.0,0.0,0.0,0.0
6960,Brute Force,Brute Force,0.0,0.9965388235294117,0.0034611764705882353,0.0,0.0
6961,Normal,Normal,0.0,6.819473810748967e-06,0.0,0.9999931805261891,0.0
6962,DoS/DDoS,DoS/DDoS,0.0,0.0,1.0,0.0,0.0
6963,Normal,Normal,0.0,0.0,0.024433098383551385,0.9755669016164485,0.0
6964,DoS/DDoS,DoS/DDoS,0.0,0.0,1.0,0.0,0.0
6965,Normal,Normal,0.0,6.819473810748967e-06,0.0,0.9999931805261891,0.0
6966,DoS/DDoS,DoS/DDoS,0.0,0.0,1.0,0.0,0.0
6967,Normal,Normal,0.0,0.0,0.0,1.0,0.0
6968,DoS/DDoS,DoS/DDoS,0.0,0.0,1.0,0.0,0.0
6969,DoS/DDoS,DoS/DDoS,0.0,0.0,1.0,0.0,0.0
6970,Normal,Normal,0.0010252159614789497,0.03951034205111623,0.004055791570993761,0.917896616658072,0.037512033758338795
6971,DoS/DDoS,DoS/DDoS,0.0,0.0,1.0,0.0,0.0
6972,Normal,Normal,0.0,0.0,0.0,1.0,0.0
6973,Normal,Normal,0.0,0.0,0.0004464394850779397,0.9995535605149221,0.0
6974,Brute Force,Web Attack,0.00032907647963916875,0.27909507857656174,0.04688227670132088,0.1675137452491155,0.5061798229933622
6975,DoS/DDoS,DoS/DDoS,0.0,0.0,1.0,0.0,0.0
6976,Brute Force,Brute Force,0.0,1.0,0.0,0.0,0.0
6977,DoS/DDoS,DoS/DDoS,0.0,0.0,1.0,0.0,0.0
6978,Brute Force,Brute Force,0.0,1.0,0.0,0.0,0.0
6979,Normal,Normal,0.0,0.04807478639113667,0.0,0.9055366487155182,0.046388564893345106
6980,Web Attack,Brute Force,0.0,0.6166223882781101,0.0004402115070105195,0.002775922790993783,0.38016147742388534
6981,Normal,Normal,0.0,0.0,0.0,1.0,0.0
6982,Normal,Normal,0.0,0.0,0.0,0.9806285178236398,0.019371482176360227
6983,Normal,Normal,0.00010988690357994182,0.010935428166912448,0.10633123372612038,0.8420759968832175,0.04054745432016963
6984,Normal,Normal,0.0010252159614789497,0.03951034205111623,0.004055791570993761,0.917896616658072,0.037512033758338795
6985,DoS/DDoS,DoS/DDoS,0.0,0.0,0.9999126761156112,8.732388438904994e-05,0.0
6986,Normal,Normal,0.0,6.819473810748967e-06,0.0,0.9999931805261891,0.0
6987,Normal,Normal,0.0,6.819473810748967e-06,0.0,0.9999931805261891,0.0
6988,Normal,Normal,0.0,0.01,0.0033860865407602195,0.9866139134592398,0.0
6989,DoS/DDoS,DoS/DDoS,0.0,0.0,1.0,0.0,0.0
6990,DoS/DDoS,DoS/DDoS,0.0,0.0038230018572700353,0.9634611389282789,0.020009410420039786,0.012706448794411183
6991,DoS/DDoS,DoS/DDoS,0.0,0.0,1.0,0.0,0.0
6992,DoS/DDoS,DoS/DDoS,0.0,0.0,1.0,0.0,0.0
6993,DoS/DDoS,DoS/DDoS,0.0,0.0,1.0,0.0,0.0
6994,DoS/DDoS,DoS/DDoS,0.0,0.0,1.0,0.0,0.0
6995,Brute Force,Brute Force,0.0,1.0,0.0,0.0,0.0
6996,DoS/DDoS,DoS/DDoS,0.0,0.0,1.0,0.0,0.0
6997,Brute Force,Brute Force,0.0,0.9999754714906288,0.0,2.452850937120762e-05,0.0
6998,Normal,Normal,0.0,0.00899882699249992,0.023564322209108264,0.9586551613102806,0.008781689488111106
6999,DoS/DDoS,DoS/DDoS,0.0,0.0,1.0,0.0,0.0
7000,Normal,Normal,0.0,0.0078635425793505,0.055548697974786766,0.9365877594458627,0.0
7001,DoS/DDoS,DoS/DDoS,0.0,0.0,1.0,0.0,0.0
7002,Normal,Normal,0.01409317075097328,0.008273442424754173,0.0007946972990394691,0.9697486373740548,0.007090052151178238
7003,DoS/DDoS,DoS/DDoS,0.0,0.0,1.0,0.0,0.0
7004,DoS/DDoS,DoS/DDoS,0.0,0.0,1.0,0.0,0.0
7005,DoS/DDoS,DoS/DDoS,0.0,0.0,1.0,0.0,0.0
7006,Normal,Normal,0.0,0.0,0.0,1.0,0.0
7007,Brute Force,Brute Force,0.0,1.0,0.0,0.0,0.0
7008,Bot,Bot,0.9427576574222317,0.0,0.00010474303355153435,0.0571375995442169,0.0
7009,DoS/DDoS,DoS/DDoS,0.0,0.0,1.0,0.0,0.0
7010,Normal,Normal,0.0,0.0,0.0,1.0,0.0
7011,DoS/DDoS,DoS/DDoS,0.0,0.0,0.9912291808494369,0.008770819150563033,0.0
7012,Normal,Web Attack,0.0,0.35614221360500486,0.00043546273942595337,0.14454082994440173,0.49888149371116725
7013,DoS/DDoS,DoS/DDoS,0.0,0.0,1.0,0.0,0.0
7014,DoS/DDoS,DoS/DDoS,0.0,0.0,1.0,0.0,0.0
7015,Normal,Normal,0.0,0.0,0.0,1.0,0.0
7016,Web Attack,Web Attack,0.0,0.20764830181302416,0.00043286010853947827,0.0015053441115999752,0.7904134939668361
7017,DoS/DDoS,DoS/DDoS,0.0,0.0,1.0,0.0,0.0
7018,Normal,Normal,0.0,0.0,0.0,1.0,0.0
7019,DoS/DDoS,DoS/DDoS,0.00010988690357994182,0.019905314501266935,0.4574146958974859,0.12459128714446362,0.3979788155532036
7020,Normal,Normal,0.0,0.0,3.273209551560448e-05,0.9999672679044843,0.0
7021,DoS/DDoS,DoS/DDoS,0.0,0.0,0.989671425129209,0.010328574870790917,0.0
7022,Brute Force,Brute Force,0.0,1.0,0.0,0.0,0.0
7023,Normal,Normal,0.0010252159614789497,0.03951034205111623,0.004055791570993761,0.917896616658072,0.037512033758338795
7024,Normal,Normal,0.0,6.819473810748967e-06,0.0,0.9999931805261891,0.0
7025,Normal,Normal,0.0,6.819473810748967e-06,0.0,0.9999931805261891,0.0
7026,DoS/DDoS,DoS/DDoS,0.0,0.0,1.0,0.0,0.0
7027,DoS/DDoS,DoS/DDoS,0.0,0.0001543506670166707,0.9909212424229161,0.008924406910067377,0.0
7028,Normal,Normal,0.0,6.819473810748967e-06,0.0,0.9999931805261891,0.0
7029,Normal,Normal,0.0,6.819473810748967e-06,0.0,0.9999931805261891,0.0
7030,Normal,Normal,0.0,6.819473810748967e-06,0.0,0.9999931805261891,0.0
7031,Normal,Bot,0.7577830372535801,0.0,0.00010474303355153435,0.24211221971286784,0.0
7032,Web Attack,Brute Force,0.0,0.7873171753933432,0.00037865738613959845,0.00405644753501304,0.2082477196855038
7033,Brute Force,Brute Force,0.0,0.7344411736006933,0.0004255609830866665,0.009455129642475336,0.25567813577374465
7034,Brute Force,Brute Force,0.0,0.9997832924415677,0.0,0.00021670755843235126,0.0
7035,Normal,Normal,0.0,0.0,0.016655211092814013,0.983344788907186,0.0
7036,Web Attack,Web Attack,0.0,0.3113005258230893,0.00043286010853947827,0.012792485486545435,0.6754741285818257
7037,Normal,Normal,0.0,0.0,0.0,1.0,0.0
7038,Normal,Normal,0.0,0.0,3.273209551560448e-05,0.9999672679044843,0.0
7039,Normal,Normal,0.0010252159614789497,0.03951034205111623,0.004055791570993761,0.917896616658072,0.037512033758338795
7040,DoS/DDoS,DoS/DDoS,0.0,0.0,1.0,0.0,0.0
7041,DoS/DDoS,DoS/DDoS,0.0,0.0,1.0,0.0,0.0
7042,DoS/DDoS,DoS/DDoS,0.0,0.0,1.0,0.0,0.0
7043,Normal,Normal,0.0,6.819473810748967e-06,0.0,0.9999931805261891,0.0
7044,Brute Force,Brute Force,0.0,1.0,0.0,0.0,0.0
7045,DoS/DDoS,DoS/DDoS,0.0,0.0,1.0,0.0,0.0
7046,Normal,Normal,0.0,6.819473810748967e-06,0.0,0.9999931805261891,0.0
7047,Normal,Normal,0.0,0.0,0.0666294872877551,0.9333705127122448,0.0
7048,Bot,Bot,0.943575492691303,0.0,0.00010474303355153435,0.05631976427514547,0.0
7049,Normal,Normal,0.0010252159614789497,0.03951034205111623,0.004055791570993761,0.917896616658072,0.037512033758338795
7050,Brute Force,Brute Force,0.0,1.0,0.0,0.0,0.0
7051,DoS/DDoS,DoS/DDoS,0.0,0.0,1.0,0.0,0.0
7052,Brute Force,Brute Force,0.0,0.9999754714906288,0.0,2.452850937120762e-05,0.0
7053,DoS/DDoS,DoS/DDoS,0.0,0.0,1.0,0.0,0.0
7054,Normal,Normal,0.0,0.0,0.0,1.0,0.0
7055,DoS/DDoS,DoS/DDoS,0.0,0.0,0.9998865803330991,0.00011341966690102105,0.0
7056,DoS/DDoS,DoS/DDoS,0.0,0.0001543506670166707,0.9607481395702926,0.039097509762690816,0.0
7057,Normal,Normal,0.0,0.0,0.004994823462211275,0.9950051765377887,0.0
7058,DoS/DDoS,DoS/DDoS,0.0,0.0,1.0,0.0,0.0
7059,DoS/DDoS,DoS/DDoS,0.0,0.0,1.0,0.0,0.0
7060,Normal,Normal,0.0,6.819473810748967e-06,0.0,0.9999931805261891,0.0
7061,Normal,Normal,0.0,6.819473810748967e-06,0.0,0.9999931805261891,0.0
7062,DoS/DDoS,DoS/DDoS,0.0,0.0,0.9714457979213263,0.028554202078673784,0.0
7063,DoS/DDoS,DoS/DDoS,0.0,0.0,1.0,0.0,0.0
7064,Normal,Normal,0.0,0.0,0.034061845442992525,0.9659381545570076,0.0
7065,DoS/DDoS,DoS/DDoS,0.0,0.0,1.0,0.0,0.0
7066,DoS/DDoS,DoS/DDoS,0.0,0.0,1.0,0.0,0.0
7067,DoS/DDoS,DoS/DDoS,0.0,0.0,1.0,0.0,0.0
7068,Brute Force,Brute Force,0.0,0.9999754714906288,0.0,2.452850937120762e-05,0.0
7069,DoS/DDoS,DoS/DDoS,0.0,0.0,1.0,0.0,0.0
7070,Normal,Normal,0.0010252159614789497,0.03951034205111623,0.004055791570993761,0.917896616658072,0.037512033758338795
7071,DoS/DDoS,DoS/DDoS,0.0,0.0,0.9725268531807643,0.02747314681923587,0.0
7072,Brute Force,Web Attack,0.0,0.13891354913408077,0.0004402115070105195,0.0016083608107585485,0.85903787854815
7073,Normal,Normal,0.0010252159614789497,0.03951034205111623,0.004055791570993761,0.917896616658072,0.037512033758338795
7074,Normal,Normal,0.0,6.819473810748967e-06,0.0,0.9999931805261891,0.0
7075,DoS/DDoS,DoS/DDoS,0.0,0.0036948219668649523,0.9672218586973885,0.016376870541335315,0.012706448794411183
7076,DoS/DDoS,DoS/DDoS,0.0,0.0,1.0,0.0,0.0
7077,Normal,Normal,0.0,0.0,0.0,1.0,0.0
7078,Brute Force,Brute Force,0.0,1.0,0.0,0.0,0.0
7079,Normal,Normal,0.0,0.0,0.00010401136517345557,0.9998959886348265,0.0
7080,Normal,Normal,0.0,6.819473810748967e-06,0.0,0.9999931805261891,0.0
7081,Normal,Normal,0.0,0.0,3.273209551560448e-05,0.9999672679044843,0.0
7082,DoS/DDoS,DoS/DDoS,0.0,0.0,1.0,0.0,0.0
7083,Normal,Normal,0.37253560564315724,0.0,0.0010709821641083216,0.6263934121927346,0.0
7084,DoS/DDoS,DoS/DDoS,0.0,0.0,1.0,0.0,0.0
7085,DoS/DDoS,DoS/DDoS,0.0,0.0,1.0,0.0,0.0
7086,Web Attack,Web Attack,0.0,0.0,0.000918206363258673,0.04133484426449166,0.9577469493722497
7087,DoS/DDoS,DoS/DDoS,0.0,0.0,1.0,0.0,0.0
7088,DoS/DDoS,DoS/DDoS,0.0,0.0,1.0,0.0,0.0
7089,DoS/DDoS,DoS/DDoS,0.0,0.0,0.9990864388663888,0.0009135611336111649,0.0
7090,Normal,Normal,0.01,0.0,0.0,0.99,0.0
7091,Normal,Normal,0.0,6.819473810748967e-06,0.0,0.9999931805261891,0.0
7092,Normal,Normal,0.036667441771170275,0.0,0.0008758919451295575,0.9624566662837003,0.0
7093,DoS/DDoS,DoS/DDoS,0.0,0.0,1.0,0.0,0.0
7094,DoS/DDoS,DoS/DDoS,0.0,0.0,1.0,0.0,0.0
7095,Normal,Normal,0.00010988690357994182,0.015505807588643712,0.034180955938892726,0.8852821744093039,0.06492117515957953
7096,DoS/DDoS,DoS/DDoS,0.0,0.0,1.0,0.0,0.0
7097,Brute Force,Web Attack,0.0,0.20715257223745442,0.0004186102716035083,0.001259088283607651,0.7911697292073344
7098,Brute Force,Brute Force,0.0,1.0,0.0,0.0,0.0
7099,DoS/DDoS,DoS/DDoS,0.0,0.0,1.0,0.0,0.0
7100,Normal,Normal,0.0,6.819473810748967e-06,0.0,0.9999931805261891,0.0
7101,DoS/DDoS,DoS/DDoS,0.0,0.0,1.0,0.0,0.0
7102,Normal,Normal,0.0,6.819473810748967e-06,0.0,0.9999931805261891,0.0
7103,Normal,Normal,0.0,0.0,0.0,1.0,0.0
7104,Normal,Normal,0.0,0.0,0.0,1.0,0.0
7105,Normal,Normal,0.0,0.0,0.0,1.0,0.0
7106,Normal,Normal,0.0,0.0,0.0,1.0,0.0
7107,DoS/DDoS,DoS/DDoS,0.0,0.0,1.0,0.0,0.0
7108,Normal,Normal,0.0,6.819473810748967e-06,0.0,0.9999931805261891,0.0
7109,Normal,Normal,0.0,0.0,0.0,1.0,0.0
7110,DoS/DDoS,DoS/DDoS,0.0,0.0,1.0,0.0,0.0
7111,Normal,Normal,0.0,0.0,0.0,1.0,0.0
7112,Normal,Normal,0.0,0.0,0.0,1.0,0.0
7113,Brute Force,Brute Force,0.0,1.0,0.0,0.0,0.0
7114,Normal,Normal,0.0,6.819473810748967e-06,0.0,0.9999931805261891,0.0
7115,Brute Force,Brute Force,0.0,0.9486386104365819,0.0,0.05136138956341804,0.0
7116,Normal,Normal,0.0,0.0,0.0,1.0,0.0
7117,Normal,Normal,0.0,0.0,0.0,1.0,0.0
7118,Normal,Normal,0.0,0.06498696927840912,0.3016245608994773,0.5577096403623137,0.07567882945979976
7119,Normal,Normal,0.0,0.0,0.0,1.0,0.0
7120,DoS/DDoS,DoS/DDoS,0.0,0.0001543506670166707,0.9774642322555657,0.022381417077417667,0.0
7121,Normal,Normal,0.0,0.0,0.0,1.0,0.0
7122,DoS/DDoS,DoS/DDoS,0.0,0.0,1.0,0.0,0.0
7123,Normal,Normal,0.0,0.0,0.0,1.0,0.0
7124,DoS/DDoS,DoS/DDoS,0.0,0.0,1.0,0.0,0.0
7125,DoS/DDoS,DoS/DDoS,0.0,0.0,1.0,0.0,0.0
7126,Brute Force,Brute Force,0.0,0.5869280039030967,0.00037865738613959845,0.013309092302565053,0.3993842464081985
7127,Normal,Normal,0.0,0.0,0.004216236191174399,0.9957837638088256,0.0
7128,Normal,Normal,0.0,0.0,0.0,1.0,0.0
7129,Brute Force,Brute Force,0.0,1.0,0.0,0.0,0.0
7130,DoS/DDoS,DoS/DDoS,0.0,0.0,1.0,0.0,0.0
7131,Brute Force,Brute Force,0.0,1.0,0.0,0.0,0.0
7132,DoS/DDoS,DoS/DDoS,0.0,0.0,1.0,0.0,0.0
7133,Normal,Normal,0.0,6.819473810748967e-06,0.0,0.9999931805261891,0.0
7134,DoS/DDoS,DoS/DDoS,0.0,0.0,1.0,0.0,0.0
7135,Bot,Bot,0.999928535227931,0.0,5.39913091401014e-06,6.606564115514711e-05,0.0
7136,DoS/DDoS,DoS/DDoS,0.0,0.0,1.0,0.0,0.0
7137,Normal,Normal,0.0,0.0,0.0,1.0,0.0
7138,Brute Force,Brute Force,0.0,1.0,0.0,0.0,0.0
7139,Normal,Normal,0.0010252159614789497,0.03951034205111623,0.004055791570993761,0.917896616658072,0.037512033758338795
7140,Bot,Bot,0.942327639860401,0.0,0.00010474303355153435,0.057567617106047575,0.0
7141,Normal,Normal,0.0,6.819473810748967e-06,0.0,0.9999931805261891,0.0
7142,Brute Force,Brute Force,0.0,0.8734886323281106,0.00037865738613959845,0.004540763974672772,0.12159194631107688
7143,DoS/DDoS,DoS/DDoS,0.0,0.0,1.0,0.0,0.0
7144,DoS/DDoS,DoS/DDoS,0.0,0.0,0.9991163203841111,0.0008836796158889274,0.0
7145,DoS/DDoS,DoS/DDoS,0.0,0.0,1.0,0.0,0.0
7146,Bot,Bot,0.9534945156704798,0.0,0.00010474303355153435,0.04640074129596864,0.0
7147,DoS/DDoS,DoS/DDoS,0.0,0.0,1.0,0.0,0.0
7148,Normal,Normal,0.0,6.819473810748967e-06,0.0,0.9999931805261891,0.0
7149,Bot,Bot,0.9931012362269145,0.0,5.39913091401014e-06,0.006893364642171554,0.0
7150,Normal,Normal,0.0,0.0,0.0,1.0,0.0
7151,DoS/DDoS,DoS/DDoS,0.0,0.0,0.9987791091035095,0.001220890896490552,0.0
7152,Brute Force,Brute Force,0.0,1.0,0.0,0.0,0.0
7153,Normal,Normal,0.0,6.819473810748967e-06,0.0,0.9999931805261891,0.0
7154,DoS/DDoS,DoS/DDoS,0.0,0.0,1.0,0.0,0.0
7155,DoS/DDoS,DoS/DDoS,0.0,0.0,1.0,0.0,0.0
7156,Normal,Normal,0.0,6.819473810748967e-06,0.0,0.9999931805261891,0.0
7157,DoS/DDoS,DoS/DDoS,0.0,0.0,1.0,0.0,0.0
7158,Normal,Normal,0.0,6.819473810748967e-06,0.0,0.9999931805261891,0.0
7159,Brute Force,Brute Force,0.0,0.9999754714906288,0.0,2.452850937120762e-05,0.0
7160,Normal,Normal,0.0,0.0,0.0,1.0,0.0
7161,Normal,Normal,0.0,6.819473810748967e-06,0.0,0.9999931805261891,0.0
7162,DoS/DDoS,DoS/DDoS,0.0,0.0,1.0,0.0,0.0
7163,DoS/DDoS,DoS/DDoS,0.0,0.0,0.9987791091035095,0.001220890896490552,0.0
7164,Normal,Normal,0.0,0.0,0.11790006011622454,0.8820999398837754,0.0
7165,DoS/DDoS,DoS/DDoS,0.0,0.0,1.0,0.0,0.0
7166,DoS/DDoS,DoS/DDoS,0.0,0.0,1.0,0.0,0.0
7167,Normal,Normal,0.0,6.819473810748967e-06,0.0,0.9999931805261891,0.0
7168,DoS/DDoS,DoS/DDoS,0.0,0.0,1.0,0.0,0.0
7169,Brute Force,Brute Force,0.0,1.0,0.0,0.0,0.0
7170,Normal,Normal,0.0,6.819473810748967e-06,0.0,0.9999931805261891,0.0
7171,Bot,Bot,0.9540087712448273,0.0,0.00010474303355153435,0.0458864857216211,0.0
7172,Normal,Normal,0.0,0.0,0.0,1.0,0.0
7173,DoS/DDoS,DoS/DDoS,0.0,0.0,1.0,0.0,0.0
7174,Normal,Normal,0.0,0.0,0.005098516873253565,0.9850698759964709,0.009831607130275487
7175,Brute Force,Brute Force,0.0,0.9999754714906288,0.0,2.452850937120762e-05,0.0
7176,Normal,Normal,0.0,6.819473810748967e-06,0.0,0.9999931805261891,0.0
7177,DoS/DDoS,DoS/DDoS,0.0,0.01,0.8609950349921028,0.1290049650078971,0.0
7178,DoS/DDoS,DoS/DDoS,0.0,0.0,1.0,0.0,0.0
7179,DoS/DDoS,DoS/DDoS,0.0,0.0,1.0,0.0,0.0
7180,DoS/DDoS,DoS/DDoS,0.0,0.014970296357590366,0.9215518450681963,0.016151663306977225,0.04732619526723617
7181,DoS/DDoS,DoS/DDoS,0.0,0.0,1.0,0.0,0.0
7182,DoS/DDoS,DoS/DDoS,0.0,0.0,1.0,0.0,0.0
7183,DoS/DDoS,DoS/DDoS,0.0,0.0,1.0,0.0,0.0
7184,Brute Force,Brute Force,0.0,0.9999754714906288,0.0,2.452850937120762e-05,0.0
7185,Brute Force,Brute Force,0.0,1.0,0.0,0.0,0.0
7186,Normal,Normal,0.0,0.04404244725793213,0.004966632168730596,0.9419464587948658,0.009044461778471138
7187,DoS/DDoS,DoS/DDoS,0.0,0.0,1.0,0.0,0.0
7188,Normal,Normal,0.0010252159614789497,0.03011704405671127,0.0030713680039593473,0.939008349771479,0.026778022206371346
7189,Brute Force,Brute Force,0.0,1.0,0.0,0.0,0.0
7190,Normal,Normal,0.0,6.819473810748967e-06,0.0,0.9999931805261891,0.0
7191,Normal,Normal,0.0,0.0,0.0,1.0,0.0
7192,Normal,Normal,0.0,0.0,0.0,1.0,0.0
7193,DoS/DDoS,DoS/DDoS,0.0,0.0,1.0,0.0,0.0
7194,Normal,Normal,0.0,0.0,0.0,1.0,0.0
7195,Normal,Normal,0.0,6.819473810748967e-06,0.0,0.9999931805261891,0.0
7196,Normal,Normal,0.0,0.0,0.0,1.0,0.0
7197,Normal,Normal,0.0,6.819473810748967e-06,0.0,0.9999931805261891,0.0
7198,Normal,Normal,0.0010252159614789497,0.03951034205111623,0.004055791570993761,0.917896616658072,0.037512033758338795
7199,DoS/DDoS,DoS/DDoS,0.0,0.0,1.0,0.0,0.0
7200,Normal,Normal,0.0,0.022717278838816867,0.0,0.9772827211611832,0.0
7201,Normal,Normal,0.0,6.819473810748967e-06,0.0,0.9999931805261891,0.0
7202,Brute Force,Brute Force,0.0,0.9999754714906288,0.0,2.452850937120762e-05,0.0
7203,Normal,Normal,0.0,0.0,0.007133079109043491,0.9928669208909565,0.0
7204,Normal,Normal,0.0,6.819473810748967e-06,0.0,0.9999931805261891,0.0
7205,Brute Force,Brute Force,0.0,1.0,0.0,0.0,0.0
7206,Brute Force,Brute Force,0.0,1.0,0.0,0.0,0.0
7207,Normal,Normal,0.0003648994426957801,0.0136668167382494,0.06877474935868731,0.9025152766585282,0.014678257801839243
7208,Normal,Normal,0.0,0.0,0.0,1.0,0.0
7209,DoS/DDoS,DoS/DDoS,0.0,0.012000704607694928,0.7941036855364092,0.10914466137784443,0.08475094847805144
7210,DoS/DDoS,DoS/DDoS,0.0,0.0,1.0,0.0,0.0
7211,Normal,Normal,0.0,0.0,0.0,1.0,0.0
7212,Normal,Web Attack,0.0,0.33935123560179487,0.0004402115070105195,0.29442979508526684,0.3657787578059277
7213,DoS/DDoS,DoS/DDoS,0.0,0.007251339826879672,0.917752935588408,0.025379663641840824,0.04961606094287134
7214,Brute Force,Brute Force,0.0,0.9999754714906288,0.0,2.452850937120762e-05,0.0
7215,Brute Force,Brute Force,0.0,0.9999754714906288,0.0,2.452850937120762e-05,0.0
7216,DoS/DDoS,DoS/DDoS,0.0,0.0,1.0,0.0,0.0
7217,Brute Force,Brute Force,0.0,0.9050115236930679,0.00037865738613959845,0.001090389442837566,0.09351942947795483
7218,Brute Force,Brute Force,0.0,1.0,0.0,0.0,0.0
7219,Normal,Normal,0.0,6.819473810748967e-06,0.0,0.9999931805261891,0.0
7220,Normal,Normal,0.0,0.0,0.0,1.0,0.0
7221,DoS/DDoS,DoS/DDoS,0.0,0.0,1.0,0.0,0.0
7222,Brute Force,Brute Force,0.0,1.0,0.0,0.0,0.0
7223,Normal,Normal,0.0,0.0,3.273209551560448e-05,0.9999672679044843,0.0
7224,DoS/DDoS,DoS/DDoS,0.0,0.0,1.0,0.0,0.0
7225,DoS/DDoS,DoS/DDoS,0.0,0.0,1.0,0.0,0.0
7226,Normal,Normal,0.0,0.0,0.0,1.0,0.0
7227,DoS/DDoS,DoS/DDoS,0.0,0.0,1.0,0.0,0.0
7228,DoS/DDoS,DoS/DDoS,0.0,0.0,1.0,0.0,0.0
7229,Normal,Normal,0.0010252159614789497,0.03951034205111623,0.004055791570993761,0.917896616658072,0.037512033758338795
7230,DoS/DDoS,DoS/DDoS,0.0,0.0,1.0,0.0,0.0
7231,Brute Force,Brute Force,0.0,0.5787895340640229,0.00043286010853947827,0.008241990097800722,0.41253561572963676
7232,DoS/DDoS,DoS/DDoS,0.0,0.0,1.0,0.0,0.0
7233,DoS/DDoS,DoS/DDoS,0.0,0.0,1.0,0.0,0.0
7234,DoS/DDoS,DoS/DDoS,0.0,0.0,1.0,0.0,0.0
7235,Normal,Normal,0.18280391698657453,0.0,5.5998206946025015e-05,0.8171400848064796,0.0
7236,DoS/DDoS,DoS/DDoS,0.0,0.0,1.0,0.0,0.0
7237,Normal,Normal,0.0,6.819473810748967e-06,0.0,0.9999931805261891,0.0
7238,Brute Force,Brute Force,0.0,1.0,0.0,0.0,0.0
7239,DoS/DDoS,DoS/DDoS,0.0,0.0,0.9998416181564367,0.00015838184356323625,0.0
7240,DoS/DDoS,DoS/DDoS,0.0,0.0,1.0,0.0,0.0
7241,Normal,Normal,0.0,6.819473810748967e-06,0.0,0.9999931805261891,0.0
7242,Brute Force,Brute Force,0.0,1.0,0.0,0.0,0.0
7243,DoS/DDoS,DoS/DDoS,0.0,0.0,1.0,0.0,0.0
7244,Brute Force,Brute Force,0.0,0.9999754714906288,0.0,2.452850937120762e-05,0.0
7245,Brute Force,Brute Force,0.0,1.0,0.0,0.0,0.0
7246,Normal,Normal,0.0,6.819473810748967e-06,0.0,0.9999931805261891,0.0
7247,Normal,Normal,0.0,6.819473810748967e-06,0.0,0.9999931805261891,0.0
7248,Brute Force,Brute Force,0.0,0.9999754714906288,0.0,2.452850937120762e-05,0.0
7249,DoS/DDoS,DoS/DDoS,0.0,0.0,1.0,0.0,0.0
7250,Normal,Normal,0.0,6.819473810748967e-06,0.0,0.9999931805261891,0.0
7251,Brute Force,Brute Force,0.0,1.0,0.0,0.0,0.0
7252,Normal,Normal,0.0,6.819473810748967e-06,0.0,0.9999931805261891,0.0
7253,Normal,Normal,0.0,0.0519919672541764,0.0013636628222773904,0.7147756305380313,0.23186873938551478
7254,DoS/DDoS,DoS/DDoS,0.0,0.008174957137702762,0.9447766091206983,0.007809496114417755,0.03923893762718136
7255,DoS/DDoS,DoS/DDoS,0.0,0.0,1.0,0.0,0.0
7256,Brute Force,Brute Force,0.0,1.0,0.0,0.0,0.0
7257,DoS/DDoS,DoS/DDoS,0.0,0.0,1.0,0.0,0.0
7258,DoS/DDoS,DoS/DDoS,0.0,0.0,1.0,0.0,0.0
7259,Brute Force,Brute Force,0.0,1.0,0.0,0.0,0.0
7260,Normal,Normal,0.0,6.819473810748967e-06,0.0,0.9999931805261891,0.0
7261,Normal,Normal,0.0,0.0,0.0,1.0,0.0
7262,Brute Force,Brute Force,0.0,1.0,0.0,0.0,0.0
7263,DoS/DDoS,DoS/DDoS,0.0,0.0,1.0,0.0,0.0
7264,Bot,Bot,0.9538278695750254,0.0,0.00010474303355153435,0.04606738739142299,0.0
7265,DoS/DDoS,DoS/DDoS,0.0,0.0,1.0,0.0,0.0
7266,Normal,Normal,0.009243479408459696,0.001087812816944595,1.7901550215981186e-06,0.989666917619574,0.0
7267,Normal,Normal,0.0010252159614789497,0.03951034205111623,0.004055791570993761,0.917896616658072,0.037512033758338795
7268,DoS/DDoS,DoS/DDoS,0.0,0.0,1.0,0.0,0.0
7269,Brute Force,Brute Force,0.0,0.9999754714906288,0.0,2.452850937120762e-05,0.0
7270,Normal,Normal,0.0,0.0,0.0,1.0,0.0
7271,DoS/DDoS,DoS/DDoS,0.0,0.0,1.0,0.0,0.0
7272,Normal,Normal,0.0,6.819473810748967e-06,0.0,0.9999931805261891,0.0
7273,DoS/DDoS,DoS/DDoS,0.0,0.0,1.0,0.0,0.0
7274,Normal,Normal,0.0,6.819473810748967e-06,0.0,0.9999931805261891,0.0
7275,DoS/DDoS,DoS/DDoS,0.0,0.0,1.0,0.0,0.0
7276,Normal,Normal,0.0,0.0,0.0,1.0,0.0
7277,Bot,Bot,1.0,0.0,0.0,0.0,0.0
7278,Normal,Normal,0.0,0.0,0.0,1.0,0.0
7279,DoS/DDoS,DoS/DDoS,0.0,0.0,1.0,0.0,0.0
7280,Normal,Normal,0.0,0.02,0.0,0.98,0.0
7281,Normal,Normal,0.0,6.819473810748967e-06,0.0,0.9999931805261891,0.0
7282,Normal,Normal,0.0,0.0,0.0,1.0,0.0
7283,Normal,Normal,0.0,0.0,0.0,1.0,0.0
7284,Normal,Normal,0.0,0.0,3.273209551560448e-05,0.9999672679044843,0.0
7285,DoS/DDoS,DoS/DDoS,0.0,0.0,1.0,0.0,0.0
7286,Normal,Normal,0.0009657974537013453,0.020256699814655672,0.0021504971258624766,0.9558345125487645,0.020792493057015634
7287,DoS/DDoS,DoS/DDoS,0.0,0.02374229252609997,0.6032556033369936,0.3268488686890273,0.046153235447879346
7288,DoS/DDoS,DoS/DDoS,0.0,0.0,1.0,0.0,0.0
7289,Web Attack,Web Attack,0.0,0.038739178428999585,0.00043286010853947827,0.0026062546689384234,0.9582217067935224
7290,DoS/DDoS,DoS/DDoS,0.0,0.0,1.0,0.0,0.0
7291,DoS/DDoS,DoS/DDoS,0.0,0.0,1.0,0.0,0.0
7292,Normal,Normal,0.0010252159614789497,0.03951034205111623,0.004055791570993761,0.917896616658072,0.037512033758338795
7293,DoS/DDoS,DoS/DDoS,0.0,0.0,1.0,0.0,0.0
7294,Normal,Normal,0.0,0.0,0.01,0.99,0.0
7295,Normal,Normal,0.0,6.819473810748967e-06,0.0,0.9999931805261891,0.0
7296,Brute Force,Brute Force,0.0,1.0,0.0,0.0,0.0
7297,Brute Force,Brute Force,0.0,1.0,0.0,0.0,0.0
7298,Normal,Normal,0.0010252159614789497,0.03951034205111623,0.004055791570993761,0.917896616658072,0.037512033758338795
7299,DoS/DDoS,DoS/DDoS,0.0,0.0,1.0,0.0,0.0
7300,Normal,Normal,0.18280391698657453,0.0,5.5998206946025015e-05,0.8171400848064796,0.0
7301,Normal,Normal,0.0,6.819473810748967e-06,0.0,0.9999931805261891,0.0
7302,Normal,Normal,0.00010988690357994182,0.015505807588643712,0.034180955938892726,0.8852821744093039,0.06492117515957953
7303,Normal,Normal,0.0,0.0,0.0,1.0,0.0
7304,Normal,Bot,0.7577830372535801,0.0,0.00010474303355153435,0.24211221971286784,0.0
7305,Normal,Normal,0.0,6.819473810748967e-06,0.0,0.9999931805261891,0.0
7306,Brute Force,Brute Force,0.0,1.0,0.0,0.0,0.0
7307,Normal,Normal,0.0,0.0,0.0,1.0,0.0
7308,DoS/DDoS,DoS/DDoS,0.0,0.0,1.0,0.0,0.0
7309,Brute Force,Brute Force,0.0,0.9999754714906288,0.0,2.452850937120762e-05,0.0
7310,DoS/DDoS,DoS/DDoS,0.0,0.0,1.0,0.0,0.0
7311,Brute Force,Brute Force,0.0,1.0,0.0,0.0,0.0
7312,Brute Force,Brute Force,0.0,1.0,0.0,0.0,0.0
7313,Normal,Normal,0.0,6.819473810748967e-06,0.0,0.9999931805261891,0.0
7314,DoS/DDoS,DoS/DDoS,0.0,0.0,1.0,0.0,0.0
7315,DoS/DDoS,DoS/DDoS,0.0,0.0,0.6846411232302441,0.315358876769756,0.0
7316,DoS/DDoS,DoS/DDoS,0.0,0.0,1.0,0.0,0.0
7317,Normal,Bot,0.7577830372535801,0.0,0.00010474303355153435,0.24211221971286784,0.0
7318,Normal,Normal,0.0,0.0,0.0,1.0,0.0
7319,Normal,Normal,0.0,0.0,0.0,1.0,0.0
7320,DoS/DDoS,DoS/DDoS,0.0,0.0,1.0,0.0,0.0
7321,Normal,Normal,0.0,0.030190072208795306,0.0015586947795914684,0.8515638133704309,0.11668741964118247
7322,DoS/DDoS,DoS/DDoS,0.0,0.0,1.0,0.0,0.0
7323,DoS/DDoS,DoS/DDoS,0.0,0.0,1.0,0.0,0.0
7324,Bot,Bot,1.0,0.0,0.0,0.0,0.0
7325,DoS/DDoS,DoS/DDoS,0.0,0.0,1.0,0.0,0.0
7326,Brute Force,Brute Force,0.0,1.0,0.0,0.0,0.0
7327,Brute Force,Brute Force,0.0,1.0,0.0,0.0,0.0
7328,Brute Force,Brute Force,0.0,1.0,0.0,0.0,0.0
7329,Normal,Normal,0.0,6.819473810748967e-06,0.0,0.9999931805261891,0.0
7330,DoS/DDoS,DoS/DDoS,0.0,0.0,1.0,0.0,0.0
7331,Normal,Normal,0.0,0.0,0.007525608965179509,0.9924743910348205,0.0
7332,Brute Force,Brute Force,0.0,1.0,0.0,0.0,0.0
7333,Normal,Normal,0.0,0.0,0.0,1.0,0.0
7334,Brute Force,Brute Force,0.0,0.9999754714906288,0.0,2.452850937120762e-05,0.0
7335,Brute Force,Brute Force,0.0,1.0,0.0,0.0,0.0
7336,Normal,Normal,0.0,6.819473810748967e-06,0.0,0.9999931805261891,0.0
7337,DoS/DDoS,DoS/DDoS,0.0,0.0,1.0,0.0,0.0
7338,DoS/DDoS,DoS/DDoS,0.0,0.0,0.999023673034044,0.0009763269659559715,0.0
7339,DoS/DDoS,DoS/DDoS,0.0,0.0,1.0,0.0,0.0
7340,Bot,Bot,1.0,0.0,0.0,0.0,0.0
7341,Brute Force,Brute Force,0.0,1.0,0.0,0.0,0.0
7342,Brute Force,Brute Force,0.0,1.0,0.0,0.0,0.0
7343,DoS/DDoS,DoS/DDoS,0.0,0.0,1.0,0.0,0.0
7344,Normal,Normal,0.027710043734621128,0.0,0.0,0.972289956265379,0.0
7345,DoS/DDoS,DoS/DDoS,0.0,0.0,1.0,0.0,0.0
7346,Brute Force,Brute Force,0.0,1.0,0.0,0.0,0.0
7347,Brute Force,Brute Force,0.0,0.8637134682082922,0.00037865738613959845,0.004549441166975497,0.13135843323859253
7348,Normal,Normal,0.0,0.0,0.0,1.0,0.0
7349,Normal,Normal,0.0,6.819473810748967e-06,0.0,0.9999931805261891,0.0
7350,Normal,Normal,0.0,0.0,0.0,1.0,0.0
7351,Normal,Normal,0.0010252159614789497,0.03951034205111623,0.004055791570993761,0.917896616658072,0.037512033758338795
7352,DoS/DDoS,DoS/DDoS,0.0,0.0,1.0,0.0,0.0
7353,Normal,Normal,0.00010988690357994182,0.002276730837940569,0.0048027502365157225,0.9841394908896669,0.008671141132296722
7354,Brute Force,Brute Force,0.0,0.9999754714906288,0.0,2.452850937120762e-05,0.0
7355,Normal,Normal,0.0,6.819473810748967e-06,0.0,0.9999931805261891,0.0
7356,Brute Force,Brute Force,0.0,1.0,0.0,0.0,0.0
7357,Brute Force,Web Attack,0.0,0.46407261335682165,0.0004255609830866665,0.014901611646031614,0.5206002140140601
7358,Normal,Normal,0.0,0.0,0.03940077248906051,0.9605992275109395,0.0
7359,Brute Force,Brute Force,0.0,1.0,0.0,0.0,0.0
7360,DoS/DDoS,DoS/DDoS,0.0,0.0,1.0,0.0,0.0
7361,Bot,Bot,0.9418665819312269,0.0,0.00010474303355153435,0.05802867503522156,0.0
7362,Normal,Normal,0.0,6.819473810748967e-06,0.0,0.9999931805261891,0.0
7363,Normal,Normal,0.0,6.819473810748967e-06,0.0,0.9999931805261891,0.0
7364,Bot,Bot,0.9996973696521059,0.0,5.39913091401014e-06,0.0002972312169802411,0.0
7365,Normal,Normal,0.18280391698657453,0.0,5.5998206946025015e-05,0.8171400848064796,0.0
7366,Brute Force,Brute Force,0.0,1.0,0.0,0.0,0.0
7367,Normal,Normal,0.018358138529126246,0.0,0.0055014221608459535,0.9761404393100278,0.0
7368,DoS/DDoS,DoS/DDoS,0.0,0.0,1.0,0.0,0.0
7369,Normal,Normal,0.0,0.0,0.0,1.0,0.0
7370,DoS/DDoS,DoS/DDoS,0.0,0.0,1.0,0.0,0.0
7371,Normal,Normal,0.0,6.819473810748967e-06,0.0,0.9999931805261891,0.0
7372,DoS/DDoS,DoS/DDoS,0.0,0.0,0.9999915125871316,8.487412868436374e-06,0.0
7373,DoS/DDoS,DoS/DDoS,0.0,0.006772891047249211,0.8371099935517325,0.057676533672763555,0.09844058172825446
7374,DoS/DDoS,DoS/DDoS,0.0,0.0,1.0,0.0,0.0
7375,DoS/DDoS,DoS/DDoS,0.0,0.0001543506670166707,0.9631998726080049,0.036645776724978596,0.0
7376,Normal,Normal,0.00010988690357994182,0.002276730837940569,0.0048027502365157225,0.9841394908896669,0.008671141132296722
7377,DoS/DDoS,DoS/DDoS,0.0,0.0,0.9987545748593203,0.0012454251406796932,0.0
7378,Normal,Normal,0.0,0.0,0.04332958389401527,0.9566704161059847,0.0
7379,Normal,Normal,0.0010252159614789497,0.03011704405671127,0.0030713680039593473,0.939008349771479,0.026778022206371346
7380,Normal,Normal,0.0,6.819473810748967e-06,0.0,0.9999931805261891,0.0
7381,Brute Force,Brute Force,0.0,0.5979768520117014,0.0004186102716035083,0.0015686746628129611,0.40003586305388206
7382,Normal,Normal,0.0,6.819473810748967e-06,0.0,0.9999931805261891,0.0
7383,Brute Force,Brute Force,0.0,1.0,0.0,0.0,0.0
7384,Brute Force,Brute Force,0.0,0.9999754714906288,0.0,2.452850937120762e-05,0.0
7385,Brute Force,Brute Force,0.0,1.0,0.0,0.0,0.0
7386,Brute Force,Web Attack,0.0,0.4238415375060617,0.00043546273942595337,0.0015651319964767258,0.5741578677580356
7387,DoS/DDoS,DoS/DDoS,0.0,0.0036948219668649523,0.9762061918408134,0.007392537397910417,0.012706448794411183
7388,DoS/DDoS,DoS/DDoS,0.0,0.0,1.0,0.0,0.0
7389,Normal,Normal,0.0,6.819473810748967e-06,0.0,0.9999931805261891,0.0
7390,Normal,Bot,0.7609587313819369,0.0,0.00010474303355153435,0.238936525584511,0.0
7391,Normal,Normal,0.0,6.819473810748967e-06,0.0,0.9999931805261891,0.0
7392,Normal,Normal,0.0,6.819473810748967e-06,0.0,0.9999931805261891,0.0
7393,Normal,Normal,0.0,0.0,0.003261956218101394,0.9893386238270279,0.007399419954870685
7394,Brute Force,Brute Force,0.0,1.0,0.0,0.0,0.0
7395,DoS/DDoS,DoS/DDoS,0.0,0.0,1.0,0.0,0.0
7396,Normal,Normal,0.02751944740041863,0.0,0.008271683084769787,0.9642088695148116,0.0
7397,Normal,Normal,0.0,6.819473810748967e-06,0.0,0.9999931805261891,0.0
7398,Normal,Normal,0.0,0.0,0.0,1.0,0.0
7399,Normal,Normal,0.0,0.004807538787268751,0.05496926156265637,0.9402231996500748,0.0
7400,Normal,Normal,0.0,6.819473810748967e-06,0.0,0.9999931805261891,0.0
7401,Normal,Normal,0.0,0.0,0.0,1.0,0.0
7402,Brute Force,Brute Force,0.0,1.0,0.0,0.0,0.0
7403,Normal,Normal,0.0,0.0,0.0003903588054569994,0.999609641194543,0.0
7404,DoS/DDoS,DoS/DDoS,0.0,0.0,1.0,0.0,0.0
7405,DoS/DDoS,DoS/DDoS,0.0,0.0,1.0,0.0,0.0
7406,Bot,Bot,0.9536779011390705,0.0,0.00010474303355153435,0.046217355827377904,0.0
7407,DoS/DDoS,DoS/DDoS,0.0,0.0,1.0,0.0,0.0
7408,DoS/DDoS,DoS/DDoS,0.0,0.0,1.0,0.0,0.0
7409,Brute Force,Brute Force,0.0,1.0,0.0,0.0,0.0
7410,Brute Force,Brute Force,0.0,1.0,0.0,0.0,0.0
7411,Normal,Normal,0.0010252159614789497,0.03951034205111623,0.004055791570993761,0.917896616658072,0.037512033758338795
7412,Normal,Normal,0.0,6.819473810748967e-06,0.0,0.9999931805261891,0.0
7413,Brute Force,Brute Force,0.0,0.9999754714906288,0.0,2.452850937120762e-05,0.0
7414,DoS/DDoS,DoS/DDoS,0.0,0.0,1.0,0.0,0.0
7415,Normal,Normal,0.0,0.012256417943967302,0.025056825159412474,0.9626867568966202,0.0
7416,DoS/DDoS,DoS/DDoS,0.0,0.0,1.0,0.0,0.0
7417,DoS/DDoS,DoS/DDoS,0.0,0.0,0.9987791091035095,0.001220890896490552,0.0
7418,DoS/DDoS,DoS/DDoS,0.0,0.0,1.0,0.0,0.0
7419,Brute Force,Brute Force,0.0,0.9999754714906288,0.0,2.452850937120762e-05,0.0
7420,Bot,Bot,0.9436779011390705,0.0,0.00010474303355153435,0.0562173558273779,0.0
7421,Brute Force,Brute Force,0.0,0.9999754714906288,0.0,2.452850937120762e-05,0.0
7422,DoS/DDoS,DoS/DDoS,0.0,0.0,0.9999915125871316,8.487412868436374e-06,0.0
7423,Normal,Normal,0.0,0.01,0.0,0.99,0.0
7424,DoS/DDoS,DoS/DDoS,0.0,0.0,1.0,0.0,0.0
7425,Normal,Normal,0.0,0.0,0.0,0.9909172942092962,0.009082705790703713
7426,DoS/DDoS,DoS/DDoS,0.0,0.0,1.0,0.0,0.0
7427,Brute Force,Web Attack,0.0,0.03300086344327154,0.0004402115070105195,0.0016083608107585485,0.9649505642389593
7428,Normal,DoS/DDoS,0.00010988690357994182,0.008985590372732308,0.6875880358537465,0.2627690325497715,0.04054745432016963
7429,Normal,Normal,0.0,6.819473810748967e-06,0.0,0.9999931805261891,0.0
7430,DoS/DDoS,DoS/DDoS,0.0,0.0,1.0,0.0,0.0
7431,Normal,Normal,0.0,0.0,0.0,1.0,0.0
7432,DoS/DDoS,DoS/DDoS,0.0,0.0,1.0,0.0,0.0
7433,DoS/DDoS,DoS/DDoS,0.0,0.0,0.9987003671219048,0.0012996328780952155,0.0
7434,Brute Force,Brute Force,0.0,0.9999754714906288,0.0,2.452850937120762e-05,0.0
7435,DoS/DDoS,DoS/DDoS,0.0,0.0,1.0,0.0,0.0
7436,Normal,Normal,0.0,0.0,0.0,1.0,0.0
7437,Brute Force,Normal,0.0,0.04420293718660946,0.0,0.7726341449501106,0.18316291786327987
7438,Brute Force,Brute Force,0.0,1.0,0.0,0.0,0.0
7439,Normal,Normal,0.0,6.819473810748967e-06,0.0,0.9999931805261891,0.0
7440,Normal,Normal,0.0,0.0,0.0,1.0,0.0
7441,Brute Force,Brute Force,0.0,0.9999754714906288,0.0,2.452850937120762e-05,0.0
7442,DoS/DDoS,DoS/DDoS,0.0,0.0,0.9657866609866348,0.03421333901336518,0.0
7443,DoS/DDoS,DoS/DDoS,0.0,0.0,1.0,0.0,0.0
7444,DoS/DDoS,DoS/DDoS,0.0,0.0,0.9944723979853473,0.0055276020146528115,0.0
7445,Normal,Normal,0.0,0.0,0.0,1.0,0.0
7446,Brute Force,Brute Force,0.0,1.0,0.0,0.0,0.0
7447,Normal,Normal,0.0010252159614789497,0.03951034205111623,0.004055791570993761,0.917896616658072,0.037512033758338795
7448,DoS/DDoS,DoS/DDoS,0.0,0.0,1.0,0.0,0.0
7449,Normal,Normal,0.0,0.01,0.08672134987221343,0.9032786501277866,0.0
7450,Brute Force,Brute Force,0.0,0.9999754714906288,0.0,2.452850937120762e-05,0.0
7451,Web Attack,Brute Force,0.0,0.7826435244091874,0.0004402115070105195,0.010280344383976896,0.20663591969982484
7452,DoS/DDoS,DoS/DDoS,0.0,0.0,1.0,0.0,0.0
7453,DoS/DDoS,DoS/DDoS,0.0,0.0,1.0,0.0,0.0
7454,Brute Force,Brute Force,0.0,1.0,0.0,0.0,0.0
7455,Brute Force,Web Attack,0.0,0.025686609799730337,0.00043286010853947827,0.0017631579556412627,0.972117372136089
7456,Normal,Normal,0.0,6.819473810748967e-06,0.0,0.9999931805261891,0.0
7457,Normal,Normal,0.0,0.0,0.0,1.0,0.0
7458,DoS/DDoS,DoS/DDoS,0.0,0.0038230018572700353,0.9714061170573526,0.01206443229096627,0.012706448794411183
7459,Normal,Normal,0.01830510496183206,0.0,0.0,0.9816948950381679,0.0
7460,DoS/DDoS,DoS/DDoS,0.0,0.0,1.0,0.0,0.0
7461,DoS/DDoS,DoS/DDoS,0.0,0.0,0.9987791091035095,0.001220890896490552,0.0
7462,Normal,Normal,0.0,6.819473810748967e-06,0.0,0.9999931805261891,0.0
7463,DoS/DDoS,DoS/DDoS,0.0,0.0,1.0,0.0,0.0
7464,Normal,Normal,0.0,6.819473810748967e-06,0.0,0.9999931805261891,0.0
7465,DoS/DDoS,DoS/DDoS,0.0,0.0,1.0,0.0,0.0
7466,Brute Force,Brute Force,0.0,1.0,0.0,0.0,0.0
7467,Normal,Normal,0.0,0.0,0.0684493847279132,0.9224432640468827,0.0091073512252042
7468,Bot,Bot,1.0,0.0,0.0,0.0,0.0
7469,Normal,Normal,0.0,0.02790301663377502,0.01,0.9527381637820532,0.009358819584171698
7470,Normal,Normal,0.0,0.0,0.006694449074845807,0.9933055509251543,0.0
7471,DoS/DDoS,DoS/DDoS,0.0,0.0,1.0,0.0,0.0
7472,Brute Force,Brute Force,0.0,1.0,0.0,0.0,0.0
7473,Normal,Normal,0.0,6.819473810748967e-06,0.0,0.9999931805261891,0.0
7474,DoS/DDoS,DoS/DDoS,0.0,0.0,1.0,0.0,0.0
7475,Normal,Normal,0.0,0.0,0.004994459338695264,0.9950055406613048,0.0
7476,DoS/DDoS,DoS/DDoS,0.0,0.0,0.9998865803330991,0.00011341966690102105,0.0
7477,DoS/DDoS,DoS/DDoS,0.0,0.0038230018572700353,0.973938022393707,0.009532526954611691,0.012706448794411183
7478,Normal,Normal,0.0,6.819473810748967e-06,0.0,0.9999931805261891,0.0
7479,Bot,Bot,0.9916552803827918,0.0,5.39913091401014e-06,0.008339320486294339,0.0
7480,DoS/DDoS,DoS/DDoS,0.0,0.0,1.0,0.0,0.0
7481,Normal,Normal,0.0,0.0,0.007374421363044849,0.9926255786369552,0.0
7482,DoS/DDoS,DoS/DDoS,0.0,0.0,1.0,0.0,0.0
7483,Normal,Normal,0.0,6.819473810748967e-06,0.0,0.9999931805261891,0.0
7484,DoS/DDoS,DoS/DDoS,0.0,0.0,1.0,0.0,0.0
7485,Normal,Normal,0.0,0.0,0.0,1.0,0.0
7486,Normal,Normal,0.0,0.00489432810044981,0.0,0.9951056718995501,0.0
7487,Brute Force,Brute Force,0.0,1.0,0.0,0.0,0.0
7488,Brute Force,Brute Force,0.0,1.0,0.0,0.0,0.0
7489,Normal,Normal,0.0,6.819473810748967e-06,0.0,0.9999931805261891,0.0
7490,DoS/DDoS,DoS/DDoS,0.0,0.0,1.0,0.0,0.0
7491,Normal,Normal,0.0,0.0,0.01934603055580484,0.980653969444195,0.0
7492,DoS/DDoS,DoS/DDoS,0.0,0.0,1.0,0.0,0.0
7493,Normal,Normal,0.0,6.819473810748967e-06,0.0,0.9999931805261891,0.0
7494,Brute Force,Brute Force,0.0,0.9999754714906288,0.0,2.452850937120762e-05,0.0
7495,Brute Force,Brute Force,0.0,1.0,0.0,0.0,0.0
7496,DoS/DDoS,DoS/DDoS,0.0,0.0,1.0,0.0,0.0
7497,Normal,Normal,0.0,6.819473810748967e-06,0.0,0.9999931805261891,0.0
7498,DoS/DDoS,DoS/DDoS,0.0,0.0,0.9999915125871316,8.487412868436374e-06,0.0
7499,DoS/DDoS,DoS/DDoS,0.0,0.0,1.0,0.0,0.0
7500,Normal,Normal,0.0,6.819473810748967e-06,0.0,0.9999931805261891,0.0
7501,Normal,Normal,0.0,6.819473810748967e-06,0.0,0.9999931805261891,0.0
7502,Normal,Normal,0.0,6.819473810748967e-06,0.0,0.9999931805261891,0.0
7503,Normal,Normal,0.0,0.0,0.004462979531721016,0.995537020468279,0.0
7504,Brute Force,Brute Force,0.0,0.9999754714906288,0.0,2.452850937120762e-05,0.0
7505,DoS/DDoS,DoS/DDoS,0.0,0.0,1.0,0.0,0.0
7506,Brute Force,Brute Force,0.0,1.0,0.0,0.0,0.0
7507,Normal,Normal,0.0,0.0,0.02,0.9703361748934415,0.009663825106558504
7508,DoS/DDoS,DoS/DDoS,0.0,0.0,1.0,0.0,0.0
7509,Normal,Normal,0.0,6.819473810748967e-06,0.0,0.9999931805261891,0.0
7510,DoS/DDoS,DoS/DDoS,0.0,0.0,1.0,0.0,0.0
7511,Normal,Normal,0.0,6.819473810748967e-06,0.0,0.9999931805261891,0.0
7512,Normal,Normal,0.0010252159614789497,0.03011704405671127,0.0030713680039593473,0.939008349771479,0.026778022206371346
7513,Brute Force,Brute Force,0.0,1.0,0.0,0.0,0.0
7514,DoS/DDoS,DoS/DDoS,0.0,0.0,1.0,0.0,0.0
7515,Brute Force,Brute Force,0.0,1.0,0.0,0.0,0.0
7516,Normal,Normal,0.0,0.0,0.0,1.0,0.0
7517,Normal,Normal,0.0,0.0,0.0,1.0,0.0
7518,Normal,Normal,0.0,0.0,0.0332198381108303,0.9667801618891696,0.0
7519,DoS/DDoS,DoS/DDoS,0.0,0.0,1.0,0.0,0.0
7520,Normal,Normal,0.0,0.02,0.0,0.9516296582642615,0.028370341735738526
7521,Brute Force,Brute Force,0.0,1.0,0.0,0.0,0.0
7522,Normal,Normal,0.036667441771170275,0.0,0.0008758919451295575,0.9624566662837003,0.0
7523,Brute Force,Brute Force,0.0,0.9999754714906288,0.0,2.452850937120762e-05,0.0
7524,Brute Force,Web Attack,0.0,0.4190757316891976,0.00043826923453317774,0.01755151959642199,0.5629344794798471
7525,Web Attack,Brute Force,0.0,0.9050115236930679,0.00037865738613959845,0.001090389442837566,0.09351942947795483
7526,Normal,Normal,0.0,0.0,0.0,1.0,0.0
7527,Normal,Normal,0.0,6.819473810748967e-06,0.0,0.9999931805261891,0.0
7528,Normal,Normal,0.0,0.0,0.0,1.0,0.0
7529,Normal,Normal,0.0,0.0,0.0,1.0,0.0
7530,Normal,Normal,0.0,6.819473810748967e-06,0.0,0.9999931805261891,0.0
7531,Normal,Normal,0.0,0.0,0.0,1.0,0.0
7532,Brute Force,Brute Force,0.0,0.9999754714906288,0.0,2.452850937120762e-05,0.0
7533,Brute Force,Brute Force,0.0,1.0,0.0,0.0,0.0
7534,DoS/DDoS,DoS/DDoS,0.0,0.0,1.0,0.0,0.0
7535,Normal,Normal,0.0,0.0,0.03591224256661012,0.9640877574333899,0.0
7536,Normal,Normal,0.0,6.819473810748967e-06,0.0,0.9999931805261891,0.0
7537,Bot,Bot,1.0,0.0,0.0,0.0,0.0
7538,Brute Force,Brute Force,0.0,1.0,0.0,0.0,0.0
7539,DoS/DDoS,DoS/DDoS,0.0,0.0,1.0,0.0,0.0
7540,DoS/DDoS,DoS/DDoS,0.0,0.0,1.0,0.0,0.0
7541,Normal,Normal,0.0,0.0,0.0,1.0,0.0
7542,DoS/DDoS,DoS/DDoS,0.0,0.0,1.0,0.0,0.0
7543,Brute Force,Brute Force,0.0,1.0,0.0,0.0,0.0
7544,Normal,Bot,0.8655727595776896,0.0,9.706650567092592e-05,0.13433017391663923,0.0
7545,DoS/DDoS,DoS/DDoS,0.0,0.0,0.9999915125871316,8.487412868436374e-06,0.0
7546,DoS/DDoS,DoS/DDoS,0.0,0.0,1.0,0.0,0.0
7547,Normal,Normal,0.0,0.0,0.0,1.0,0.0
7548,Brute Force,Brute Force,0.0,1.0,0.0,0.0,0.0
7549,Normal,Bot,0.7577830372535801,0.0,0.00010474303355153435,0.24211221971286784,0.0
7550,Normal,Normal,0.0,0.006497032571615496,0.004979303454182129,0.9885236639742024,0.0
7551,Normal,Normal,0.0,0.0,0.0,1.0,0.0
7552,Bot,Bot,0.9535140364761254,0.0,0.00010474303355153435,0.046381220490323075,0.0
7553,Normal,Normal,0.0,6.819473810748967e-06,0.0,0.9999931805261891,0.0
7554,Normal,Normal,0.0,0.0,0.0003903588054569994,0.999609641194543,0.0
7555,Brute Force,Brute Force,0.0,1.0,0.0,0.0,0.0
7556,Normal,Normal,0.0,6.819473810748967e-06,0.0,0.9999931805261891,0.0
7557,Normal,Normal,0.0,0.0,0.01,0.99,0.0
7558,Brute Force,Brute Force,0.0,1.0,0.0,0.0,0.0
7559,DoS/DDoS,DoS/DDoS,0.0,0.0,0.9999915125871316,8.487412868436374e-06,0.0
7560,DoS/DDoS,DoS/DDoS,0.0,0.0,1.0,0.0,0.0
7561,Web Attack,Normal,0.0,0.014701147487022424,0.22501474107548217,0.5859689281818171,0.17431518325567835
7562,DoS/DDoS,DoS/DDoS,0.0,0.0,1.0,0.0,0.0
7563,DoS/DDoS,DoS/DDoS,0.0,0.0,1.0,0.0,0.0
7564,Brute Force,Brute Force,0.0,1.0,0.0,0.0,0.0
7565,Brute Force,Brute Force,0.0,1.0,0.0,0.0,0.0
7566,DoS/DDoS,DoS/DDoS,0.0,0.0,1.0,0.0,0.0
7567,DoS/DDoS,DoS/DDoS,0.0,0.0,1.0,0.0,0.0
7568,Normal,Normal,0.0,6.819473810748967e-06,0.0,0.9999931805261891,0.0
7569,Normal,Normal,0.0,6.819473810748967e-06,0.0,0.9999931805261891,0.0
7570,Brute Force,Web Attack,0.0,0.09687322383746302,0.00043546273942595337,0.0016505657233014984,0.9010407476998094
7571,Normal,Normal,0.02732661585408872,0.0,0.0,0.9726733841459112,0.0
7572,Normal,Normal,0.0,6.819473810748967e-06,0.0,0.9999931805261891,0.0
7573,DoS/DDoS,DoS/DDoS,0.0,0.0,1.0,0.0,0.0
7574,Normal,Normal,0.0,6.819473810748967e-06,0.0,0.9999931805261891,0.0
7575,DoS/DDoS,DoS/DDoS,0.0,0.0,1.0,0.0,0.0
7576,Brute Force,Brute Force,0.0,1.0,0.0,0.0,0.0
7577,Normal,Normal,0.00010988690357994182,0.002276730837940569,0.011416663695755502,0.9775255774304271,0.008671141132296722
7578,DoS/DDoS,DoS/DDoS,0.0,0.0,1.0,0.0,0.0
7579,Normal,Normal,0.0,6.819473810748967e-06,0.047435812714792094,0.9525573678113972,0.0
7580,Brute Force,Brute Force,0.0,0.9999754714906288,0.0,2.452850937120762e-05,0.0
7581,Brute Force,Brute Force,0.0,0.9999754714906288,0.0,2.452850937120762e-05,0.0
7582,Normal,Normal,0.0,0.0,0.0,1.0,0.0
7583,DoS/DDoS,DoS/DDoS,0.0,0.0001543506670166707,0.9992003610584387,0.0006452882745447497,0.0
7584,DoS/DDoS,DoS/DDoS,0.0,0.0,1.0,0.0,0.0
7585,DoS/DDoS,DoS/DDoS,0.0,0.016390553732206502,0.8235992701963388,0.13083313387957307,0.02917704219188197
7586,DoS/DDoS,DoS/DDoS,0.0,0.0,0.9994389958886832,0.0005610041113167833,0.0
7587,DoS/DDoS,DoS/DDoS,0.0,0.0,1.0,0.0,0.0
7588,DoS/DDoS,DoS/DDoS,0.0,0.0,1.0,0.0,0.0
7589,DoS/DDoS,DoS/DDoS,0.0,0.004661826577866283,0.9144753335937361,0.018822201331882032,0.06204063849651553
7590,DoS/DDoS,DoS/DDoS,0.0,0.0,1.0,0.0,0.0
7591,DoS/DDoS,DoS/DDoS,0.0,0.0,1.0,0.0,0.0
7592,DoS/DDoS,DoS/DDoS,0.0,0.0,1.0,0.0,0.0
7593,Brute Force,Brute Force,0.0,1.0,0.0,0.0,0.0
7594,Normal,Normal,0.009243479408459696,0.001087812816944595,1.7901550215981186e-06,0.989666917619574,0.0
7595,Normal,Normal,0.0,0.0,0.0,1.0,0.0
7596,DoS/DDoS,DoS/DDoS,0.0,0.0,1.0,0.0,0.0
7597,Normal,Normal,0.0,6.819473810748967e-06,0.0,0.9999931805261891,0.0
7598,Brute Force,Brute Force,0.0,1.0,0.0,0.0,0.0
7599,Normal,Normal,0.0,6.819473810748967e-06,0.0,0.9999931805261891,0.0
7600,Normal,Normal,0.0,6.819473810748967e-06,0.0,0.9999931805261891,0.0
7601,DoS/DDoS,DoS/DDoS,0.0,0.0,1.0,0.0,0.0
7602,DoS/DDoS,DoS/DDoS,0.0,0.0,0.996957714361838,0.0030422856381618567,0.0
7603,DoS/DDoS,DoS/DDoS,0.0,0.0,1.0,0.0,0.0
7604,DoS/DDoS,DoS/DDoS,0.0,0.0,1.0,0.0,0.0
7605,DoS/DDoS,DoS/DDoS,0.0,0.0,1.0,0.0,0.0
7606,Normal,Normal,0.0,0.004833183670649997,0.0,0.99516681632935,0.0
7607,DoS/DDoS,DoS/DDoS,0.0,0.0,1.0,0.0,0.0
7608,Normal,Normal,0.0,0.0,3.273209551560448e-05,0.9999672679044843,0.0
7609,DoS/DDoS,DoS/DDoS,0.0,0.0,1.0,0.0,0.0
7610,Normal,Web Attack,0.0,0.33821267754755224,0.00043546273942595337,0.22164788625553952,0.4397039734574822
7611,DoS/DDoS,DoS/DDoS,0.0,0.0,1.0,0.0,0.0
7612,Normal,Normal,0.0,0.0,0.010778929995625276,0.9892210700043748,0.0
7613,DoS/DDoS,DoS/DDoS,0.0,0.0,0.9905299721055667,0.009470027894433186,0.0
7614,Brute Force,Brute Force,0.0,1.0,0.0,0.0,0.0
7615,Normal,Normal,0.0,0.016570161102031286,0.0,0.9646389306264693,0.018790908271499374
7616,DoS/DDoS,DoS/DDoS,0.0,0.0,1.0,0.0,0.0
7617,Brute Force,Brute Force,0.0,1.0,0.0,0.0,0.0
7618,DoS/DDoS,DoS/DDoS,0.0,0.0,1.0,0.0,0.0
7619,DoS/DDoS,DoS/DDoS,0.0,0.0,1.0,0.0,0.0
7620,Normal,Normal,0.0,6.819473810748967e-06,0.0,0.9999931805261891,0.0
7621,Normal,Normal,0.0,0.0,0.014996237772761474,0.9850037622272384,0.0
7622,DoS/DDoS,DoS/DDoS,0.0,0.0,0.9484387689586307,0.05156123104136934,0.0
7623,Brute Force,Brute Force,0.0,1.0,0.0,0.0,0.0
7624,DoS/DDoS,DoS/DDoS,0.0,0.0,0.9974501995677456,0.0025498004322544263,0.0
7625,DoS/DDoS,DoS/DDoS,0.0,0.0,1.0,0.0,0.0
7626,Normal,Normal,0.0,6.819473810748967e-06,0.0,0.9999931805261891,0.0
7627,DoS/DDoS,DoS/DDoS,0.0,0.0,1.0,0.0,0.0
7628,DoS/DDoS,DoS/DDoS,0.0,0.0,1.0,0.0,0.0
7629,Normal,Normal,0.0010252159614789497,0.03951034205111623,0.004055791570993761,0.917896616658072,0.037512033758338795
7630,Normal,Normal,0.0,6.819473810748967e-06,0.0,0.9999931805261891,0.0
7631,DoS/DDoS,DoS/DDoS,0.0,0.0038230018572700353,0.9761975731976433,0.007272976150675512,0.012706448794411183
7632,Bot,Bot,1.0,0.0,0.0,0.0,0.0
7633,Normal,Normal,0.0,6.819473810748967e-06,0.0,0.9999931805261891,0.0
7634,DoS/DDoS,DoS/DDoS,0.0,0.0,1.0,0.0,0.0
7635,DoS/DDoS,DoS/DDoS,0.0,0.0,1.0,0.0,0.0
7636,DoS/DDoS,DoS/DDoS,0.0,0.0,0.9999915125871316,8.487412868436374e-06,0.0
7637,Normal,Normal,0.0,6.819473810748967e-06,0.0,0.9999931805261891,0.0
7638,Brute Force,Brute Force,0.0,1.0,0.0,0.0,0.0
7639,DoS/DDoS,DoS/DDoS,0.0,0.0,1.0,0.0,0.0
7640,Normal,Normal,0.0,6.819473810748967e-06,0.0,0.9999931805261891,0.0
7641,Normal,Normal,0.0,0.0,0.0,1.0,0.0
7642,DoS/DDoS,DoS/DDoS,0.0,0.0,1.0,0.0,0.0
7643,Brute Force,Brute Force,0.0,1.0,0.0,0.0,0.0
7644,DoS/DDoS,DoS/DDoS,0.0,0.0,1.0,0.0,0.0
7645,DoS/DDoS,DoS/DDoS,0.0,0.0,1.0,0.0,0.0
7646,Normal,Normal,0.0,0.0,0.0,1.0,0.0
7647,Brute Force,Brute Force,0.0,1.0,0.0,0.0,0.0
7648,Normal,Normal,0.0,0.0,0.0,1.0,0.0
7649,DoS/DDoS,DoS/DDoS,0.0,0.0,1.0,0.0,0.0
7650,Normal,Normal,0.0,6.819473810748967e-06,0.0,0.9999931805261891,0.0
7651,Normal,Normal,0.0,0.0,0.0033040355353936303,0.9966959644646064,0.0
7652,Brute Force,Brute Force,0.0,1.0,0.0,0.0,0.0
7653,Normal,Normal,0.0,0.0,0.0,1.0,0.0
7654,Brute Force,Brute Force,0.0,1.0,0.0,0.0,0.0
7655,Brute Force,Brute Force,0.0,1.0,0.0,0.0,0.0
7656,DoS/DDoS,DoS/DDoS,0.0,0.0,1.0,0.0,0.0
7657,Bot,Bot,0.9998796520520149,0.0,5.39913091401014e-06,0.0001149488170712409,0.0
7658,DoS/DDoS,DoS/DDoS,0.0,0.0,1.0,0.0,0.0
7659,Brute Force,Brute Force,0.0,1.0,0.0,0.0,0.0
7660,Normal,Normal,0.0,0.0,0.0035234348031423684,0.9964765651968577,0.0
7661,DoS/DDoS,DoS/DDoS,0.0,0.0,1.0,0.0,0.0
7662,DoS/DDoS,DoS/DDoS,0.0,0.0,1.0,0.0,0.0
7663,Brute Force,Brute Force,0.0,0.9221975957917489,0.0,0.07780240420825107,0.0
7664,Normal,Normal,0.0,6.819473810748967e-06,0.0,0.9999931805261891,0.0
7665,Normal,Normal,0.0,6.819473810748967e-06,0.0,0.9999931805261891,0.0
7666,DoS/DDoS,DoS/DDoS,0.0,0.0,1.0,0.0,0.0
7667,Brute Force,Brute Force,0.0,1.0,0.0,0.0,0.0
7668,Brute Force,Brute Force,0.0,1.0,0.0,0.0,0.0
7669,Brute Force,Brute Force,0.0,1.0,0.0,0.0,0.0
7670,DoS/DDoS,DoS/DDoS,0.0,0.0,1.0,0.0,0.0
7671,Brute Force,Brute Force,0.0,0.5892584760289721,0.0006636545785357181,0.0028476387005047545,0.40723023069198727
7672,DoS/DDoS,DoS/DDoS,0.0,0.0,1.0,0.0,0.0
7673,Normal,Normal,0.0,0.0,0.00600429061784897,0.9939957093821511,0.0
7674,DoS/DDoS,DoS/DDoS,0.0,0.0,1.0,0.0,0.0
7675,DoS/DDoS,DoS/DDoS,0.0,0.0,1.0,0.0,0.0
7676,DoS/DDoS,DoS/DDoS,0.0,0.0,1.0,0.0,0.0
7677,Brute Force,Brute Force,0.0,1.0,0.0,0.0,0.0
7678,Normal,Normal,0.0,0.0,0.15548704043395706,0.8445129595660431,0.0
7679,DoS/DDoS,DoS/DDoS,0.0,0.0,1.0,0.0,0.0
7680,DoS/DDoS,DoS/DDoS,0.0,0.0,1.0,0.0,0.0
7681,Normal,Normal,0.0,6.819473810748967e-06,0.0,0.9999931805261891,0.0
7682,DoS/DDoS,DoS/DDoS,0.0,0.0,1.0,0.0,0.0
7683,Normal,Normal,0.0,0.0,3.273209551560448e-05,0.9999672679044843,0.0
7684,Normal,Normal,0.0010252159614789497,0.03951034205111623,0.004055791570993761,0.917896616658072,0.037512033758338795
7685,Brute Force,Brute Force,0.0,0.9999754714906288,0.0,2.452850937120762e-05,0.0
7686,Brute Force,Brute Force,0.0,1.0,0.0,0.0,0.0
7687,Normal,Normal,0.0,0.0,0.0,1.0,0.0
7688,Brute Force,Brute Force,0.0,1.0,0.0,0.0,0.0
7689,Normal,Normal,0.0,6.819473810748967e-06,0.0,0.9999931805261891,0.0
7690,Brute Force,Brute Force,0.0,0.7559267676567303,0.0004985439319532886,0.001974640975137923,0.24160004743617833
7691,Bot,Bot,0.949855707677436,0.0,0.00010474303355153435,0.05003954928901251,0.0
7692,DoS/DDoS,DoS/DDoS,0.0,0.0,1.0,0.0,0.0
7693,Normal,Normal,0.0,0.0,0.0,1.0,0.0
7694,Bot,Bot,0.9535298324181097,0.0,0.00010474303355153435,0.046365424548338814,0.0
7695,Normal,Normal,0.0,0.0,0.0,1.0,0.0
7696,Brute Force,Brute Force,0.0,0.9965388235294117,0.0034611764705882353,0.0,0.0
7697,DoS/DDoS,DoS/DDoS,0.0,0.0,1.0,0.0,0.0
7698,DoS/DDoS,DoS/DDoS,0.0,0.0,1.0,0.0,0.0
7699,Normal,Normal,0.18280391698657453,0.0,5.5998206946025015e-05,0.8171400848064796,0.0
7700,DoS/DDoS,DoS/DDoS,0.0,0.0,1.0,0.0,0.0
7701,DoS/DDoS,DoS/DDoS,0.0,0.0,1.0,0.0,0.0
7702,Normal,Normal,0.0,0.0,3.273209551560448e-05,0.9999672679044843,0.0
7703,Brute Force,Brute Force,0.0,1.0,0.0,0.0,0.0
7704,Normal,Normal,0.0,6.819473810748967e-06,0.0,0.9999931805261891,0.0
7705,DoS/DDoS,DoS/DDoS,0.0,0.0,1.0,0.0,0.0
7706,DoS/DDoS,DoS/DDoS,0.0,0.0,1.0,0.0,0.0
7707,Bot,Bot,1.0,0.0,0.0,0.0,0.0
7708,Normal,Normal,0.0,6.819473810748967e-06,0.0,0.9999931805261891,0.0
7709,Normal,Normal,0.0,6.819473810748967e-06,0.0,0.9999931805261891,0.0
7710,DoS/DDoS,DoS/DDoS,0.0,0.0,1.0,0.0,0.0
7711,DoS/DDoS,DoS/DDoS,0.0,0.0,1.0,0.0,0.0
7712,DoS/DDoS,DoS/DDoS,0.0,0.0,1.0,0.0,0.0
7713,DoS/DDoS,DoS/DDoS,0.0,0.0,1.0,0.0,0.0
7714,DoS/DDoS,DoS/DDoS,0.0,0.0,1.0,0.0,0.0
7715,Normal,Normal,0.0,0.0,0.0,1.0,0.0
7716,Brute Force,Brute Force,0.0,1.0,0.0,0.0,0.0
7717,DoS/DDoS,DoS/DDoS,0.0,0.0,1.0,0.0,0.0
7718,Brute Force,Brute Force,0.0,0.9999754714906288,0.0,2.452850937120762e-05,0.0
7719,DoS/DDoS,DoS/DDoS,0.0,0.0,1.0,0.0,0.0
7720,DoS/DDoS,DoS/DDoS,0.0,0.0,0.9994389958886832,0.0005610041113167833,0.0
7721,Normal,Normal,0.009243479408459696,0.0,1.7901550215981186e-06,0.9907547304365187,0.0
7722,DoS/DDoS,DoS/DDoS,0.0,0.0,1.0,0.0,0.0
7723,Normal,Normal,0.0,0.0,0.0,1.0,0.0
7724,Normal,Normal,0.0,6.819473810748967e-06,0.0,0.9999931805261891,0.0
7725,DoS/DDoS,DoS/DDoS,0.0,0.0,1.0,0.0,0.0
7726,Brute Force,Web Attack,0.0,0.37854348149565115,0.00043286010853947827,0.004674664824830381,0.6163489935709787
7727,Brute Force,Brute Force,0.0,1.0,0.0,0.0,0.0
7728,Normal,Normal,0.0,0.0,0.0,1.0,0.0
7729,Normal,Normal,0.0,6.819473810748967e-06,0.0,0.9999931805261891,0.0
7730,Normal,Normal,0.0,6.819473810748967e-06,0.0,0.9999931805261891,0.0
7731,Normal,Normal,0.0,6.819473810748967e-06,0.0,0.9999931805261891,0.0
7732,Brute Force,Brute Force,0.0,1.0,0.0,0.0,0.0
7733,Normal,Normal,0.0,6.819473810748967e-06,0.0,0.9999931805261891,0.0
7734,DoS/DDoS,DoS/DDoS,0.0,0.0,1.0,0.0,0.0
7735,DoS/DDoS,DoS/DDoS,0.0,0.0001543506670166707,0.9631998726080049,0.036645776724978596,0.0
7736,Normal,Normal,0.0,0.0,0.0,1.0,0.0
7737,DoS/DDoS,DoS/DDoS,0.0,0.0,0.9997557786241573,0.0002442213758426344,0.0
7738,Normal,Normal,0.0,0.0,0.0,1.0,0.0
7739,DoS/DDoS,DoS/DDoS,0.0,0.0,1.0,0.0,0.0
7740,Brute Force,Brute Force,0.0,1.0,0.0,0.0,0.0
7741,Normal,Normal,0.0,6.819473810748967e-06,0.0,0.9999931805261891,0.0
7742,DoS/DDoS,DoS/DDoS,0.0,0.0,1.0,0.0,0.0
7743,DoS/DDoS,DoS/DDoS,0.0,0.0,1.0,0.0,0.0
7744,Normal,Normal,0.0,6.819473810748967e-06,0.0,0.9999931805261891,0.0
7745,Brute Force,Brute Force,0.0,1.0,0.0,0.0,0.0
7746,Normal,Normal,0.11098472004704656,0.0,0.006179525688532223,0.8828357542644214,0.0
7747,Normal,Normal,0.0,6.819473810748967e-06,0.0,0.9999931805261891,0.0
7748,DoS/DDoS,DoS/DDoS,0.0,0.0,1.0,0.0,0.0
7749,Normal,Normal,0.0,6.819473810748967e-06,0.0,0.9999931805261891,0.0
7750,Normal,Normal,0.0,0.0,0.033679455010821105,0.9663205449891789,0.0
7751,Normal,Normal,0.0,0.0,0.0,1.0,0.0
7752,Normal,Normal,0.0,0.0,0.0,1.0,0.0
7753,DoS/DDoS,DoS/DDoS,0.0,0.0,1.0,0.0,0.0
7754,Normal,Bot,0.9431656820883542,0.0,0.00010474303355153435,0.05672957487809405,0.0
7755,Normal,Bot,0.7609587313819369,0.0,0.00010474303355153435,0.238936525584511,0.0
7756,Brute Force,Brute Force,0.0,1.0,0.0,0.0,0.0
7757,DoS/DDoS,DoS/DDoS,0.0,0.0,1.0,0.0,0.0
7758,Normal,Normal,0.0,0.0,0.0,1.0,0.0
7759,Normal,Normal,0.0,6.819473810748967e-06,0.0,0.9999931805261891,0.0
7760,Web Attack,Web Attack,0.0,0.062097924343142805,0.0004402115070105195,0.012904849747515679,0.9245570144023307
7761,Brute Force,Brute Force,0.0,1.0,0.0,0.0,0.0
7762,DoS/DDoS,DoS/DDoS,0.0,0.0,0.9987791091035095,0.001220890896490552,0.0
7763,DoS/DDoS,DoS/DDoS,0.0,0.0,1.0,0.0,0.0
7764,DoS/DDoS,DoS/DDoS,0.0,0.0,0.9994360078834549,0.0005639921165450961,0.0
7765,Brute Force,Brute Force,0.0,1.0,0.0,0.0,0.0
7766,Normal,Normal,0.0,0.0,0.0,1.0,0.0
7767,Normal,Normal,0.0,0.0,0.0,1.0,0.0
7768,DoS/DDoS,DoS/DDoS,0.0,0.0,1.0,0.0,0.0
7769,Normal,Normal,0.0010252159614789497,0.03951034205111623,0.004055791570993761,0.917896616658072,0.037512033758338795
7770,Normal,Normal,0.0,0.03184094669830345,0.12677417107210773,0.8413848822295888,0.0
7771,Normal,Normal,0.0,0.0,0.0,1.0,0.0
7772,Brute Force,Brute Force,0.0,0.9800333962722237,0.0,0.010293392586950376,0.009673211140825777
7773,Brute Force,Brute Force,0.0,1.0,0.0,0.0,0.0
7774,DoS/DDoS,DoS/DDoS,0.0,0.0,1.0,0.0,0.0
7775,Normal,Normal,0.04497467779408687,0.013605111228069254,0.12225748753979004,0.708023851628509,0.11113887180954483
7776,Normal,Normal,0.0,6.819473810748967e-06,0.0,0.9999931805261891,0.0
7777,Normal,Normal,0.0,6.819473810748967e-06,0.0,0.9999931805261891,0.0
7778,Brute Force,Brute Force,0.0,1.0,0.0,0.0,0.0
7779,Brute Force,Brute Force,0.0,1.0,0.0,0.0,0.0
7780,DoS/DDoS,DoS/DDoS,0.0,0.0,1.0,0.0,0.0
7781,DoS/DDoS,DoS/DDoS,0.0,0.0,1.0,0.0,0.0
7782,Web Attack,Web Attack,0.0,0.3791016315504488,0.00043546273942595337,0.00838943473076257,0.6120734709793624
7783,Normal,Normal,0.0,6.819473810748967e-06,0.0,0.9999931805261891,0.0
7784,Normal,Normal,0.0010252159614789497,0.03951034205111623,0.004055791570993761,0.917896616658072,0.037512033758338795
7785,DoS/DDoS,DoS/DDoS,0.0,0.0,1.0,0.0,0.0
7786,DoS/DDoS,DoS/DDoS,0.0,0.0,1.0,0.0,0.0
7787,Normal,Normal,0.0,6.819473810748967e-06,0.0,0.9999931805261891,0.0
7788,DoS/DDoS,DoS/DDoS,0.0,0.0,0.9999915125871316,8.487412868436374e-06,0.0
7789,DoS/DDoS,DoS/DDoS,0.0,0.0,1.0,0.0,0.0
7790,Brute Force,Brute Force,0.0,1.0,0.0,0.0,0.0
7791,DoS/DDoS,DoS/DDoS,0.0,0.0,1.0,0.0,0.0
7792,Brute Force,Web Attack,0.0,0.3625205924726584,0.0004255609830866665,0.04584756408826889,0.591206282455986
7793,Brute Force,Brute Force,0.0,1.0,0.0,0.0,0.0
7794,Brute Force,Brute Force,0.0,1.0,0.0,0.0,0.0
7795,DoS/DDoS,DoS/DDoS,0.0,0.0,1.0,0.0,0.0
7796,Web Attack,Web Attack,0.0,0.3113005258230893,0.00043286010853947827,0.012792485486545435,0.6754741285818257
7797,DoS/DDoS,DoS/DDoS,0.0,0.017999068138169004,0.7558770343592418,0.12244313233871587,0.10368076516387317
7798,DoS/DDoS,DoS/DDoS,0.0,0.0,1.0,0.0,0.0
7799,Bot,Bot,1.0,0.0,0.0,0.0,0.0
7800,Normal,Normal,0.0,6.819473810748967e-06,0.0,0.9999931805261891,0.0
7801,Normal,Normal,0.002534935653512463,0.025613920902158017,0.011658143871144267,0.902437194817327,0.057755804755858266
7802,Bot,Bot,0.999928535227931,0.0,5.39913091401014e-06,6.606564115514711e-05,0.0
7803,Normal,Normal,0.0010252159614789497,0.03951034205111623,0.004055791570993761,0.917896616658072,0.037512033758338795
7804,Brute Force,Brute Force,0.0,1.0,0.0,0.0,0.0
7805,DoS/DDoS,DoS/DDoS,0.0,0.0,1.0,0.0,0.0
7806,DoS/DDoS,DoS/DDoS,0.0,0.0,1.0,0.0,0.0
7807,DoS/DDoS,DoS/DDoS,0.0,0.0038230018572700353,0.973938022393707,0.009532526954611691,0.012706448794411183
7808,DoS/DDoS,DoS/DDoS,0.0,0.0,1.0,0.0,0.0
7809,DoS/DDoS,DoS/DDoS,0.0,0.0,1.0,0.0,0.0
7810,DoS/DDoS,DoS/DDoS,0.0,0.0,1.0,0.0,0.0
7811,Normal,Normal,0.0,0.0,0.0,1.0,0.0
7812,DoS/DDoS,DoS/DDoS,0.0,0.0,1.0,0.0,0.0
7813,Normal,Normal,0.0,6.819473810748967e-06,0.0,0.9999931805261891,0.0
7814,DoS/DDoS,DoS/DDoS,0.0,0.0,1.0,0.0,0.0
7815,DoS/DDoS,DoS/DDoS,0.0,0.0,1.0,0.0,0.0
7816,DoS/DDoS,DoS/DDoS,0.0,0.0,1.0,0.0,0.0
7817,Brute Force,Brute Force,0.0,1.0,0.0,0.0,0.0
7818,DoS/DDoS,DoS/DDoS,0.0,0.0,1.0,0.0,0.0
7819,Normal,Normal,0.0010252159614789497,0.03951034205111623,0.004055791570993761,0.917896616658072,0.037512033758338795
7820,Brute Force,Brute Force,0.0,1.0,0.0,0.0,0.0
7821,DoS/DDoS,DoS/DDoS,0.0,0.0001543506670166707,0.9734859503777229,0.026359698955260597,0.0
7822,DoS/DDoS,DoS/DDoS,0.0,0.0,1.0,0.0,0.0
7823,DoS/DDoS,DoS/DDoS,0.0,0.0,0.9949715063976202,0.005028493602379843,0.0
7824,Normal,Normal,0.0,0.0,0.06421522618291102,0.9065782728162937,0.029206501000795283
7825,Brute Force,Brute Force,0.0,1.0,0.0,0.0,0.0
7826,Brute Force,Brute Force,0.0,0.9999754714906288,0.0,2.452850937120762e-05,0.0
7827,Normal,Normal,0.0,6.819473810748967e-06,0.0,0.9999931805261891,0.0
7828,DoS/DDoS,DoS/DDoS,0.0,0.0,1.0,0.0,0.0
7829,DoS/DDoS,DoS/DDoS,0.0,0.0,1.0,0.0,0.0
7830,Normal,Normal,0.18280391698657453,0.0,5.5998206946025015e-05,0.8171400848064796,0.0
7831,DoS/DDoS,DoS/DDoS,0.0,0.0,1.0,0.0,0.0
7832,Brute Force,Web Attack,0.00032907647963916875,0.27909507857656174,0.04688227670132088,0.1675137452491155,0.5061798229933622
7833,Normal,Normal,0.0,6.819473810748967e-06,0.0,0.9999931805261891,0.0
7834,Normal,Normal,0.0,6.819473810748967e-06,0.0,0.9999931805261891,0.0
7835,DoS/DDoS,DoS/DDoS,0.0,0.0,1.0,0.0,0.0
7836,Normal,Normal,0.0,6.819473810748967e-06,0.0,0.9999931805261891,0.0
7837,DoS/DDoS,DoS/DDoS,0.0,0.0,0.9797780711077597,0.020221928892240452,0.0
7838,Normal,Normal,0.0,0.01,0.0,0.99,0.0
7839,DoS/DDoS,DoS/DDoS,0.0,0.0,0.9966633153800121,0.003336684619988031,0.0
7840,Normal,Normal,0.0,0.0,0.0,1.0,0.0
7841,DoS/DDoS,DoS/DDoS,0.0,0.0,1.0,0.0,0.0
7842,Brute Force,Brute Force,0.0,1.0,0.0,0.0,0.0
7843,DoS/DDoS,DoS/DDoS,0.0,0.0,1.0,0.0,0.0
7844,Brute Force,Brute Force,0.0,1.0,0.0,0.0,0.0
7845,Normal,Normal,0.0,0.0,0.0,1.0,0.0
7846,Normal,Normal,0.0,0.010323097797264645,0.08254455399129519,0.8653272471595238,0.04180510105191627
7847,DoS/DDoS,DoS/DDoS,0.0,0.0,1.0,0.0,0.0
7848,Normal,Normal,0.027229353194804132,0.0,0.00037089257484997995,0.9723997542303461,0.0
7849,DoS/DDoS,DoS/DDoS,0.0,0.0,1.0,0.0,0.0
7850,DoS/DDoS,DoS/DDoS,0.0,0.0,1.0,0.0,0.0
7851,DoS/DDoS,DoS/DDoS,0.0,0.0,1.0,0.0,0.0
7852,Normal,Normal,0.0,6.819473810748967e-06,0.0,0.9999931805261891,0.0
7853,Brute Force,Brute Force,0.0,1.0,0.0,0.0,0.0
7854,DoS/DDoS,DoS/DDoS,0.0,0.0,1.0,0.0,0.0
7855,Normal,Normal,0.0,6.819473810748967e-06,0.0,0.9999931805261891,0.0
7856,Normal,Normal,0.0,0.0,0.0,1.0,0.0
7857,Normal,Normal,0.0,6.819473810748967e-06,0.0,0.9999931805261891,0.0
7858,DoS/DDoS,DoS/DDoS,0.0,0.0,1.0,0.0,0.0
7859,Brute Force,Brute Force,0.0,1.0,0.0,0.0,0.0
7860,DoS/DDoS,DoS/DDoS,0.0,0.0,1.0,0.0,0.0
7861,Normal,Normal,0.0,0.0,0.0,1.0,0.0
7862,DoS/DDoS,DoS/DDoS,0.0,0.0,1.0,0.0,0.0
7863,Bot,Bot,0.9536779011390705,0.0,0.00010474303355153435,0.046217355827377904,0.0
7864,Normal,Normal,0.0,6.819473810748967e-06,0.0,0.9999931805261891,0.0
7865,Brute Force,Brute Force,0.0,1.0,0.0,0.0,0.0
7866,DoS/DDoS,DoS/DDoS,0.0,0.0,1.0,0.0,0.0
7867,Normal,Normal,0.0,6.819473810748967e-06,0.0,0.9999931805261891,0.0
7868,Brute Force,Brute Force,0.0,1.0,0.0,0.0,0.0
7869,DoS/DDoS,DoS/DDoS,0.0,0.0,1.0,0.0,0.0
7870,Normal,Normal,0.00010988690357994182,0.011597143730474324,0.024752981569187937,0.9174727994796877,0.04606718831706974
7871,Normal,Bot,0.7577830372535801,0.0,0.00010474303355153435,0.24211221971286784,0.0
7872,Normal,Normal,0.04263043247424781,0.0,3.7854604607592724e-06,0.9573657820652914,0.0
7873,Bot,Bot,0.9432668652727518,0.0,0.00010474303355153435,0.05662839169369659,0.0
7874,DoS/DDoS,DoS/DDoS,0.00010988690357994182,0.00911377026313739,0.8375545669633593,0.11267432154975386,0.04054745432016963
7875,Bot,Bot,0.9536779011390705,0.0,0.00010474303355153435,0.046217355827377904,0.0
7876,Brute Force,Brute Force,0.0,0.9999754714906288,0.0,2.452850937120762e-05,0.0
7877,Brute Force,Brute Force,0.0,1.0,0.0,0.0,0.0
7878,DoS/DDoS,DoS/DDoS,0.0,0.0036948219668649523,0.9546984830144376,0.028900246224286125,0.012706448794411183
7879,Bot,Bot,0.9511378237033052,0.0,0.00010474303355153435,0.04875743326314302,0.0
7880,DoS/DDoS,DoS/DDoS,0.0,0.0,0.9999915125871316,8.487412868436374e-06,0.0
7881,Brute Force,Brute Force,0.0,0.9999754714906288,0.0,2.452850937120762e-05,0.0
7882,DoS/DDoS,DoS/DDoS,0.0,0.0,1.0,0.0,0.0
7883,Bot,Bot,0.9539210039344478,0.0,0.00010474303355153435,0.04597425303200056,0.0
7884,Normal,Normal,0.0,0.0,0.0033279459999049294,0.9966720540000951,0.0
7885,Normal,Normal,0.0,6.819473810748967e-06,0.0,0.9999931805261891,0.0
7886,DoS/DDoS,DoS/DDoS,0.0,0.0,1.0,0.0,0.0
7887,DoS/DDoS,DoS/DDoS,0.0,0.0,1.0,0.0,0.0
7888,DoS/DDoS,DoS/DDoS,0.0,0.0,0.9998865803330991,0.00011341966690102105,0.0
7889,Normal,Normal,0.0,6.819473810748967e-06,0.0,0.9999931805261891,0.0
7890,DoS/DDoS,DoS/DDoS,0.0,0.0,1.0,0.0,0.0
7891,Brute Force,Brute Force,0.0,0.9999754714906288,0.0,2.452850937120762e-05,0.0
7892,Normal,Normal,0.0,0.0,0.0,1.0,0.0
7893,DoS/DDoS,DoS/DDoS,0.0,0.0,0.9570236682449805,0.023675095198058837,0.019301236556960717
7894,Brute Force,Brute Force,0.0,1.0,0.0,0.0,0.0
7895,Normal,Normal,0.0,0.0,0.033679455010821105,0.9663205449891789,0.0
7896,Normal,Normal,0.0,0.0,0.006664920468616058,0.9933350795313839,0.0
7897,Normal,Normal,0.0,0.0,0.0,1.0,0.0
7898,Normal,Normal,0.0,0.0,0.0,1.0,0.0
7899,DoS/DDoS,DoS/DDoS,0.0,0.0,1.0,0.0,0.0
7900,DoS/DDoS,DoS/DDoS,0.0,0.0,1.0,0.0,0.0
7901,Brute Force,Brute Force,0.0,1.0,0.0,0.0,0.0
7902,DoS/DDoS,DoS/DDoS,0.00010988690357994182,0.06282832770540547,0.4843233333102814,0.2823459437221185,0.17039250835861444
7903,Normal,Normal,0.0,0.0,0.0,1.0,0.0
7904,DoS/DDoS,DoS/DDoS,0.0,0.0,0.9912291808494369,0.008770819150563033,0.0
7905,DoS/DDoS,DoS/DDoS,0.0,0.0,1.0,0.0,0.0
7906,Normal,Normal,0.0,6.819473810748967e-06,0.0,0.9999931805261891,0.0
7907,DoS/DDoS,DoS/DDoS,0.0,0.006573433115060804,0.9867549770045255,0.00667158988041355,0.0
7908,DoS/DDoS,DoS/DDoS,0.0,0.0,1.0,0.0,0.0
7909,Brute Force,Brute Force,0.0,1.0,0.0,0.0,0.0
7910,Bot,Bot,0.9427576574222317,0.0,0.00010474303355153435,0.0571375995442169,0.0
7911,Normal,Web Attack,0.0,0.30323050026055204,0.00037865738613959845,0.34204192338473954,0.3543489189685686
7912,Normal,Normal,0.0010252159614789497,0.03951034205111623,0.004055791570993761,0.917896616658072,0.037512033758338795
7913,DoS/DDoS,DoS/DDoS,0.0,0.0,1.0,0.0,0.0
7914,Normal,Normal,0.0,6.819473810748967e-06,0.0,0.9999931805261891,0.0
7915,Normal,Normal,0.0,0.0,0.02596663408291587,0.9643494816195635,0.009683884297520661
7916,DoS/DDoS,DoS/DDoS,0.0,0.0,0.9994360078834549,0.0005639921165450961,0.0
7917,Brute Force,Brute Force,0.0,1.0,0.0,0.0,0.0
7918,DoS/DDoS,DoS/DDoS,0.0,0.0,1.0,0.0,0.0
7919,Normal,Normal,0.14822777921427177,0.0,0.0010379292909649868,0.8507342914947632,0.0
7920,Normal,Normal,0.0,0.0,0.0,1.0,0.0
7921,DoS/DDoS,DoS/DDoS,0.0,0.0,1.0,0.0,0.0
7922,Normal,Normal,0.0,6.819473810748967e-06,0.0,0.9999931805261891,0.0
7923,Normal,Normal,0.0,6.819473810748967e-06,0.0,0.9999931805261891,0.0
7924,Brute Force,Brute Force,0.0,1.0,0.0,0.0,0.0
7925,DoS/DDoS,DoS/DDoS,0.0,0.0,1.0,0.0,0.0
7926,DoS/DDoS,DoS/DDoS,0.0,0.0,1.0,0.0,0.0
7927,Brute Force,Brute Force,0.0,0.6855713384160859,0.0004186102716035083,0.005324320644206516,0.30868573066810384
7928,DoS/DDoS,DoS/DDoS,0.0,0.0,1.0,0.0,0.0
7929,DoS/DDoS,DoS/DDoS,0.0,0.0,1.0,0.0,0.0
7930,Normal,Normal,0.0,6.819473810748967e-06,0.0,0.9999931805261891,0.0
7931,Normal,Normal,0.0,0.0,3.273209551560448e-05,0.9999672679044843,0.0
7932,Normal,Normal,0.0,6.819473810748967e-06,0.0,0.9999931805261891,0.0
7933,Normal,Normal,0.0,6.819473810748967e-06,0.0,0.9999931805261891,0.0
7934,Normal,Normal,0.0,0.049649601871103045,0.01,0.940350398128897,0.0
7935,DoS/DDoS,DoS/DDoS,0.0,0.0,1.0,0.0,0.0
7936,Brute Force,Brute Force,0.0,0.664845473270034,0.00043286010853947827,0.015964507846655235,0.31875715877477095
7937,DoS/DDoS,DoS/DDoS,0.0,0.0,1.0,0.0,0.0
7938,Brute Force,Brute Force,0.0,1.0,0.0,0.0,0.0
7939,DoS/DDoS,DoS/DDoS,0.0,0.0,1.0,0.0,0.0
7940,DoS/DDoS,DoS/DDoS,0.0,0.0,1.0,0.0,0.0
7941,Brute Force,Brute Force,0.0,1.0,0.0,0.0,0.0
7942,Normal,Normal,0.0,6.819473810748967e-06,0.0,0.9999931805261891,0.0
7943,Brute Force,Brute Force,0.0,1.0,0.0,0.0,0.0
7944,Brute Force,Brute Force,0.0,1.0,0.0,0.0,0.0
7945,DoS/DDoS,DoS/DDoS,0.0,0.0,1.0,0.0,0.0
7946,Bot,Bot,1.0,0.0,0.0,0.0,0.0
7947,Brute Force,Brute Force,0.0,1.0,0.0,0.0,0.0
7948,Normal,Normal,0.036667441771170275,0.0,0.00037465224236921666,0.9629579059864607,0.0
7949,DoS/DDoS,DoS/DDoS,0.0,0.0,1.0,0.0,0.0
7950,DoS/DDoS,DoS/DDoS,0.0,0.0,1.0,0.0,0.0
7951,Bot,Bot,1.0,0.0,0.0,0.0,0.0
7952,DoS/DDoS,DoS/DDoS,0.0,0.0,1.0,0.0,0.0
7953,Normal,Normal,0.0,0.0,0.02,0.98,0.0
7954,Brute Force,Brute Force,0.0,0.9999754714906288,0.0,2.452850937120762e-05,0.0
7955,Brute Force,Brute Force,0.0,1.0,0.0,0.0,0.0
7956,DoS/DDoS,DoS/DDoS,0.0,0.0,1.0,0.0,0.0
7957,DoS/DDoS,DoS/DDoS,0.0,0.0036948219668649523,0.927329746867622,0.056268982371101804,0.012706448794411183
7958,DoS/DDoS,DoS/DDoS,0.0,0.0,1.0,0.0,0.0
7959,Normal,Normal,0.0,6.819473810748967e-06,0.0,0.9999931805261891,0.0
7960,DoS/DDoS,DoS/DDoS,0.0,0.0,1.0,0.0,0.0
7961,Normal,Normal,0.0,6.819473810748967e-06,0.0,0.9999931805261891,0.0
7962,DoS/DDoS,DoS/DDoS,0.0,0.0,1.0,0.0,0.0
7963,DoS/DDoS,DoS/DDoS,0.0,0.0,1.0,0.0,0.0
7964,DoS/DDoS,DoS/DDoS,0.0,0.0,1.0,0.0,0.0
7965,Brute Force,Brute Force,0.0,0.9999754714906288,0.0,2.452850937120762e-05,0.0
7966,DoS/DDoS,DoS/DDoS,0.0,0.0,1.0,0.0,0.0
7967,Brute Force,Brute Force,0.0,1.0,0.0,0.0,0.0
7968,Normal,Normal,0.0,6.819473810748967e-06,0.0,0.9999931805261891,0.0
7969,DoS/DDoS,DoS/DDoS,0.0,0.0,1.0,0.0,0.0
7970,Normal,Normal,0.0,0.0,0.0013441143104052922,0.9986558856895946,0.0
7971,Brute Force,Brute Force,0.0,0.9999754714906288,0.0,2.452850937120762e-05,0.0
7972,Normal,Normal,0.0,6.819473810748967e-06,0.0,0.9999931805261891,0.0
7973,DoS/DDoS,DoS/DDoS,0.0,0.0,1.0,0.0,0.0
7974,DoS/DDoS,DoS/DDoS,0.0,0.0,1.0,0.0,0.0
7975,Normal,Normal,0.0,0.01,0.0,0.99,0.0
7976,Normal,DoS/DDoS,0.00010988690357994182,0.014693036743551113,0.7333835810756583,0.21126604095704096,0.04054745432016963
7977,Brute Force,Brute Force,0.0,0.9999754714906288,0.0,2.452850937120762e-05,0.0
7978,Normal,Normal,0.0,0.006706837297611936,0.021578034392671072,0.9358788474861539,0.035836280823562945
7979,DoS/DDoS,DoS/DDoS,0.0,0.0,1.0,0.0,0.0
7980,Normal,Normal,0.0,0.021371541084454933,0.18129904428675328,0.7973294146287917,0.0
7981,DoS/DDoS,DoS/DDoS,0.0,0.0,1.0,0.0,0.0
7982,Normal,Normal,0.002630177124346679,0.008273442424754173,0.0007946972990394691,0.9812116310006814,0.007090052151178238
7983,Normal,Normal,0.0,6.819473810748967e-06,0.0,0.9999931805261891,0.0
7984,Bot,Bot,0.9031186881136403,0.0,0.00010474303355153435,0.09677656885280829,0.0
7985,DoS/DDoS,DoS/DDoS,0.0,0.0,0.9998416181564367,0.00015838184356323625,0.0
