row_id,true_label,predicted_label,prob_Botnet ARES,prob_Brute Force,prob_Dos/DDos,prob_Infiltration,prob_Normal,prob_PortScan,prob_Web Attack
0,Normal,Normal,0.0,0.008652899537118763,0.17991257769656754,0.0,0.6281812240830011,0.015004548649552873,0.1682487500337595
1,PortScan,PortScan,0.0,0.0,0.0,0.0,0.001268828059435457,0.9987311719405646,0.0
2,PortScan,PortScan,0.0,0.0,0.0,0.0,0.0038068239457884918,0.9961931760542118,0.0
3,Botnet ARES,Botnet ARES,0.9942400076709913,0.0,0.0,0.0,0.005759992329008527,0.0,0.0
4,Dos/DDos,Dos/DDos,0.0,0.0,0.9974823529411765,0.0,0.0025176470588235294,0.0,0.0
5,Dos/DDos,Dos/DDos,0.0,0.0,0.8341940831627178,0.0,0.16580591683728219,0.0,0.0
6,Dos/DDos,Dos/DDos,0.008475499092558984,0.0040192334888983165,0.8082243141290288,0.0,0.17775645238207285,0.0015245009074410165,0.0
7,Normal,Normal,0.0,0.0,0.0,0.0,1.0,0.0,0.0
8,PortScan,PortScan,0.0,0.0,0.0,0.0,0.003406148951395409,0.9965938510486048,0.0
9,Dos/DDos,Dos/DDos,0.0,0.0,1.0,0.0,0.0,0.0,0.0
10,Normal,Normal,0.0,0.0,0.0,0.0,1.0,0.0,0.0
11,Dos/DDos,Dos/DDos,0.0,0.0,0.7002733580976809,0.0,0.299726641902319,0.0,0.0
12,Brute Force,Brute Force,0.0,0.999975398192537,0.0,0.0,2.4601807462940075e-05,0.0,0.0
13,Dos/DDos,Dos/DDos,0.0,0.005228976097580453,0.9261198760132853,0.0,0.06297188550984976,0.00024068119919666296,0.005438581180088006
14,Normal,Normal,0.0,0.0,0.0,0.0,1.0,0.0,0.0
15,Normal,Normal,0.0,0.0,0.0,0.0,1.0,0.0,0.0
16,Dos/DDos,Dos/DDos,0.0,0.003983483972893301,0.9778175181586568,0.0,0.01098506346080421,0.0,0.007213934407645568
17,Dos/DDos,Dos/DDos,0.0,0.0,1.0,0.0,0.0,0.0,0.0
18,Normal,Normal,0.0,0.0,0.0,0.0,1.0,0.0,0.0
19,Dos/DDos,Dos/DDos,0.0,0.0,1.0,0.0,0.0,0.0,0.0
20,Dos/DDos,Dos/DDos,0.0,0.0,1.0,0.0,0.0,0.0,0.0
21,PortScan,PortScan,0.035802535224141584,0.0,0.006672446406052963,0.029851768146417254,0.08493616807253543,0.842737082150853,0.0
22,PortScan,PortScan,0.0,0.0,0.0,0.0,7.417036449015093e-05,0.9999258296355099,0.0
23,Brute Force,Brute Force,0.0,0.9998667055532651,0.0,0.0,0.00013329444673491696,0.0,0.0
24,Brute Force,Brute Force,0.0,0.999975398192537,0.0,0.0,2.4601807462940075e-05,0.0,0.0
25,Brute Force,Brute Force,0.0,1.0,0.0,0.0,0.0,0.0,0.0
26,Brute Force,Brute Force,0.0,0.999975398192537,0.0,0.0,2.4601807462940075e-05,0.0,0.0
27,PortScan,PortScan,0.0,0.0,0.0,0.0,0.00010940824429178676,0.9998905917557083,0.0
28,Dos/DDos,Dos/DDos,0.0,0.0005642355865321211,0.9587915157971437,0.0,0.03517209779767823,0.004655033348508014,0.000817117470137905
29,Dos/DDos,Dos/DDos,0.0,0.0,1.0,0.0,0.0,0.0,0.0
30,Normal,Normal,0.0,0.0,0.0,0.0,1.0,0.0,0.0
31,Dos/DDos,Dos/DDos,0.0,0.0007443191035267758,0.9876993794402925,0.0,0.007558945925355023,8.682529175821345e-05,0.003910530239067575
32,PortScan,PortScan,0.0,0.0,0.0,0.0,7.417036449015093e-05,0.9999258296355099,0.0
33,Brute Force,Brute Force,0.0,0.9998667055532651,0.0,0.0,0.00013329444673491696,0.0,0.0
34,PortScan,PortScan,0.0,0.0,0.0,0.0,0.0013708639541191328,0.998629136045881,0.0
35,Web Attack,Web Attack,0.0,0.0,1.4083720890171383e-05,0.0,0.001344424375867432,0.00011614221844780474,0.9985253496847944
36,PortScan,PortScan,0.0,0.0,0.0,0.0,8.56493160846622e-05,0.9999143506839154,0.0
37,Dos/DDos,Dos/DDos,0.0,0.0,0.746633636874401,0.0,0.24837801542110127,0.004988347704497786,0.0
38,Dos/DDos,Dos/DDos,0.0,0.0,1.0,0.0,0.0,0.0,0.0
39,PortScan,PortScan,0.0,0.0,0.0,0.0,0.0038139298749177565,0.9961860701250825,0.0
40,Dos/DDos,Dos/DDos,0.0,0.0,1.0,0.0,0.0,0.0,0.0
41,Dos/DDos,Dos/DDos,0.0,0.0,0.6782334968980247,0.0,0.32176650310197547,0.0,0.0
42,PortScan,PortScan,0.0,0.0,0.0,0.0,0.011851904868399883,0.9881480951316003,0.0
43,Brute Force,Brute Force,0.0,0.9606661601799914,0.0029766544270049353,0.0,0.013071659635060575,0.0,0.023285525757943223
44,Dos/DDos,Dos/DDos,0.0,0.0,0.7982867894035064,0.0,0.20171321059649341,0.0,0.0
45,Brute Force,Brute Force,0.0,1.0,0.0,0.0,0.0,0.0,0.0
46,Normal,Normal,0.0,0.0,0.0,0.0,1.0,0.0,0.0
47,Normal,Normal,0.0,0.0,0.0,0.0,1.0,0.0,0.0
48,PortScan,PortScan,0.0,0.0,0.0,0.0,0.00010940824429178676,0.9998905917557083,0.0
49,Dos/DDos,Dos/DDos,0.0,0.00032747601458640906,0.9250371796180019,0.0,0.06586912702459405,0.00014479321798189455,0.008621424124835637
50,PortScan,PortScan,0.0,0.0,0.0,0.0,0.001268828059435457,0.9987311719405646,0.0
51,Normal,Normal,0.0,0.0,0.0,0.0,1.0,0.0,0.0
52,Dos/DDos,Dos/DDos,0.0,0.003983483972893301,0.9810029584985736,0.0,0.011067821129049226,0.0,0.00394573639948369
53,Dos/DDos,Dos/DDos,0.0,0.0,1.0,0.0,0.0,0.0,0.0
54,Normal,Normal,0.0,0.0,0.0,0.0,1.0,0.0,0.0
55,Brute Force,Brute Force,0.0,0.9998667055532651,0.0,0.0,0.00013329444673491696,0.0,0.0
56,Brute Force,Brute Force,0.0,1.0,0.0,0.0,0.0,0.0,0.0
57,Dos/DDos,Dos/DDos,0.0,0.0,1.0,0.0,0.0,0.0,0.0
58,Dos/DDos,Dos/DDos,0.0,0.0,1.0,0.0,0.0,0.0,0.0
59,Dos/DDos,Dos/DDos,0.0,0.0,1.0,0.0,0.0,0.0,0.0
60,Normal,Normal,0.019390430412934236,0.00386949853604127,0.023834337004294402,0.0,0.9015911622902216,0.0,0.05131457175650842
61,Botnet ARES,Botnet ARES,1.0,0.0,0.0,0.0,0.0,0.0,0.0
62,Normal,Normal,0.0,0.0,0.025038051750380513,0.0,0.9749619482496195,0.0,0.0
63,Dos/DDos,Dos/DDos,0.0,0.0,0.7216665993981826,0.0,0.2783334006018174,0.0,0.0
64,Dos/DDos,Dos/DDos,0.0,0.0,0.7056847929586396,0.0,0.2910008086192694,0.0033143984220907296,0.0
65,PortScan,PortScan,0.0,0.0,0.0,0.0,0.00010940824429178676,0.9998905917557083,0.0
66,Dos/DDos,Dos/DDos,0.0,0.0007443191035267758,0.9869302150186618,0.0,0.008293693213609463,0.00012124242513444596,0.003910530239067575
67,PortScan,PortScan,0.0,0.0,0.0,0.0,0.002643876133466521,0.9973561238665336,0.0
68,PortScan,PortScan,0.0,0.0,0.0,0.0,0.002368294758802016,0.9976317052411982,0.0
69,Dos/DDos,Dos/DDos,0.0,0.0,0.945181988666107,0.0,0.034096273725681414,0.0,0.02072173760821155
70,Normal,Normal,0.0,0.0,0.0,0.0,1.0,0.0,0.0
71,Brute Force,Brute Force,0.0,0.999975398192537,0.0,0.0,2.4601807462940075e-05,0.0,0.0
72,Dos/DDos,Dos/DDos,0.0,0.0007443191035267758,0.9869302150186618,0.0,0.008293693213609463,0.00012124242513444596,0.003910530239067575
73,PortScan,PortScan,0.0,0.0,0.0,0.0,7.417036449015093e-05,0.9999258296355099,0.0
74,Brute Force,Brute Force,0.0,0.9998667055532651,0.0,0.0,0.00013329444673491696,0.0,0.0
75,Dos/DDos,Dos/DDos,0.0,0.0,1.0,0.0,0.0,0.0,0.0
76,Normal,Normal,0.0,0.0,0.0,0.0,1.0,0.0,0.0
77,Dos/DDos,Dos/DDos,0.0,0.0,1.0,0.0,0.0,0.0,0.0
78,Botnet ARES,Botnet ARES,0.8994609805848061,0.001252511891965271,0.0,0.0,0.0990379846780706,0.0002485228451580894,0.0
79,Normal,Normal,0.0,0.0,0.0,0.0,1.0,0.0,0.0
80,Dos/DDos,Dos/DDos,0.0,0.0,1.0,0.0,0.0,0.0,0.0
81,Brute Force,Brute Force,0.0,0.9631939092393665,0.0029766544270049353,0.0,0.012323334924409615,0.0,0.021506101409219
82,Botnet ARES,Botnet ARES,1.0,0.0,0.0,0.0,0.0,0.0,0.0
83,Dos/DDos,Dos/DDos,0.0,0.003983483972893301,0.9803068290003795,0.0,0.012557273218238836,3.4417133376232516e-05,0.003117996675111967
84,Dos/DDos,Dos/DDos,0.0,0.0,1.0,0.0,0.0,0.0,0.0
85,Normal,Normal,0.0,0.0,0.0,0.0,1.0,0.0,0.0
86,Brute Force,Brute Force,0.0,0.9783641438998112,0.0,0.0,0.02163585610018886,0.0,0.0
87,Normal,Normal,0.0,0.0,0.0,0.0,1.0,0.0,0.0
88,Normal,Normal,0.0,0.0,0.0,0.0,1.0,0.0,0.0
89,PortScan,PortScan,0.0,0.0,0.0,0.0,0.0016976913101470557,0.9983023086898529,0.0
90,PortScan,PortScan,0.0,0.0,0.0,0.0,0.0010488510706976421,0.9989511489293024,0.0
91,Normal,Normal,0.0,0.0,0.0,0.0,1.0,0.0,0.0
92,Dos/DDos,Dos/DDos,0.0,0.0,0.9779434250764527,0.0,0.0220565749235474,0.0,0.0
93,PortScan,PortScan,0.0,0.0,0.0,0.0,0.00010940824429178676,0.9998905917557083,0.0
94,Brute Force,Brute Force,0.0,0.9482827064266475,0.0029766544270049353,0.0,0.015388841423102649,0.0,0.03335179772324501
95,PortScan,PortScan,0.0,0.0,0.015871123209282963,0.0,0.035607171126817196,0.9485217056638998,0.0
96,PortScan,PortScan,0.0,0.0,0.0,0.0,7.417036449015093e-05,0.9999258296355099,0.0
97,Dos/DDos,Dos/DDos,0.0,0.0,1.0,0.0,0.0,0.0,0.0
98,Normal,Normal,0.0,0.0,0.0,0.0,1.0,0.0,0.0
99,Normal,Normal,0.0,0.0,0.0,0.0,1.0,0.0,0.0
100,Normal,Normal,0.0,0.0,0.0,0.0,1.0,0.0,0.0
101,Normal,Normal,0.0,0.0,0.0,0.0,1.0,0.0,0.0
102,Dos/DDos,Dos/DDos,0.0,0.0,1.0,0.0,0.0,0.0,0.0
103,Brute Force,Brute Force,0.0,1.0,0.0,0.0,0.0,0.0,0.0
104,Brute Force,Brute Force,0.0,0.9613919817729704,0.0029766544270049353,0.0,0.012323334924409615,0.0,0.023308028875615148
105,Dos/DDos,Dos/DDos,0.0,0.003983483972893301,0.9815127929338593,0.0,0.009805789849195758,0.0,0.004697933244051386
106,PortScan,PortScan,0.0,0.0,0.0,0.0,0.0012545663175091539,0.9987454336824909,0.0
107,Dos/DDos,Dos/DDos,0.0,0.0,1.0,0.0,0.0,0.0,0.0
108,PortScan,PortScan,0.0,0.0,0.0,0.0,0.0013005154745725836,0.9986994845254274,0.0
109,PortScan,PortScan,0.0,0.0,0.0,0.0,0.0013708639541191328,0.998629136045881,0.0
110,Brute Force,Brute Force,0.0,0.999975398192537,0.0,0.0,2.4601807462940075e-05,0.0,0.0
111,Normal,Normal,0.0,0.0,0.0,0.0,1.0,0.0,0.0
112,Normal,Normal,0.0,0.0,0.2045067303702309,0.0,0.795493269629769,0.0,0.0
113,Normal,Normal,0.0,0.004927960641911679,0.0,0.0,0.99,0.005072039358088321,0.0
114,Dos/DDos,Dos/DDos,0.0,0.0,1.0,0.0,0.0,0.0,0.0
115,PortScan,PortScan,0.0,0.0,0.0,0.0,0.002779715469408512,0.9972202845305916,0.0
116,Dos/DDos,Dos/DDos,0.0,0.0,1.0,0.0,0.0,0.0,0.0
117,PortScan,PortScan,0.0,0.0,0.0,0.0,0.00010940824429178676,0.9998905917557083,0.0
118,PortScan,PortScan,0.0,0.0,0.0,0.0,0.002199916599990163,0.99780008340001,0.0
119,PortScan,PortScan,0.0,0.0,0.0,0.0,0.001440679331418862,0.9985593206685812,0.0
120,Dos/DDos,Dos/DDos,0.0,0.0,1.0,0.0,0.0,0.0,0.0
121,Dos/DDos,Dos/DDos,0.0,0.0,1.0,0.0,0.0,0.0,0.0
122,Dos/DDos,Dos/DDos,0.0,0.0,0.9083473326110006,0.0,0.0916526673889993,0.0,0.0
123,Dos/DDos,Dos/DDos,0.0,0.0,1.0,0.0,0.0,0.0,0.0
124,Brute Force,Brute Force,0.0,1.0,0.0,0.0,0.0,0.0,0.0
125,Dos/DDos,Dos/DDos,0.0,0.0,1.0,0.0,0.0,0.0,0.0
126,Dos/DDos,Dos/DDos,0.0,0.003983483972893301,0.9815127929338593,0.0,0.009805789849195758,0.0,0.004697933244051386
127,PortScan,PortScan,0.0,0.0,0.0,0.0,0.0035049851002136325,0.9964950148997866,0.0
128,Dos/DDos,Dos/DDos,0.0,0.0,1.0,0.0,0.0,0.0,0.0
129,Normal,Normal,0.0,0.0,0.0,0.0,1.0,0.0,0.0
130,Brute Force,Brute Force,0.0,0.966727187630533,0.0029766544270049353,0.0,0.011254272568067127,0.0,0.019041885374395086
131,Normal,Normal,0.0,0.0,0.01,0.0,0.99,0.0,0.0
132,Normal,Normal,0.0,0.0,0.0,0.0,0.9903421296094436,0.009657870390556354,0.0
133,Dos/DDos,Dos/DDos,0.0,0.0,0.8695476791635695,0.0,0.13045232083643046,0.0,0.0
134,Normal,Normal,0.0,0.0,0.0,0.0,1.0,0.0,0.0
135,Brute Force,Brute Force,0.0,0.6551182618816606,0.0029313858695652175,0.0,0.32932320767383916,0.0049249320250620635,0.007702212549873051
136,Normal,Normal,0.0,0.0,0.02,0.0,0.9749736503103408,0.005026349689659211,0.0
137,Normal,Normal,0.0,0.0,0.0,0.0,1.0,0.0,0.0
138,PortScan,PortScan,0.0,0.0,0.0,0.0,0.00010940824429178676,0.9998905917557083,0.0
139,PortScan,PortScan,0.0,0.0,0.0,0.0,0.006409014717764114,0.993590985282236,0.0
140,Dos/DDos,Dos/DDos,0.0,0.003983483972893301,0.9810733482813874,0.0,0.011383865185460695,0.0,0.0035593025602583604
141,Normal,Normal,0.0,0.0,0.0,0.0,1.0,0.0,0.0
142,Dos/DDos,Dos/DDos,0.0,0.0,1.0,0.0,0.0,0.0,0.0
143,Normal,Normal,0.0,0.0,0.07819302124033571,0.02990138590542236,0.8919055928542418,0.0,0.0
144,Brute Force,Brute Force,0.0,1.0,0.0,0.0,0.0,0.0,0.0
145,Normal,Normal,0.0,0.0,0.0,0.0,1.0,0.0,0.0
146,Dos/DDos,Dos/DDos,0.0,0.005025647143027555,0.8614368776166202,0.0,0.13353747524035214,0.0,0.0
147,PortScan,PortScan,0.0,0.0,0.0,0.0,0.0035049851002136325,0.9964950148997866,0.0
148,Dos/DDos,Dos/DDos,0.0,0.0,0.9829934263910698,0.0,0.017006573608930098,0.0,0.0
149,Normal,Normal,0.0,0.0,0.0,0.0,1.0,0.0,0.0
150,PortScan,PortScan,0.0,0.0,0.0,0.0,0.00010940824429178676,0.9998905917557083,0.0
151,PortScan,PortScan,0.0,0.0,0.0,0.0,7.417036449015093e-05,0.9999258296355099,0.0
152,Dos/DDos,Dos/DDos,0.0,0.003983483972893301,0.9798112217760826,0.0,0.012558163449529798,3.4417133376232516e-05,0.00361271366811785
153,Normal,Normal,0.0,0.0,0.0,0.0,1.0,0.0,0.0
154,PortScan,PortScan,0.0,0.0,0.0,0.0,0.00010940824429178676,0.9998905917557083,0.0
155,PortScan,PortScan,0.0,0.0,0.0,0.0,0.0013826716838337488,0.9986173283161663,0.0
156,Dos/DDos,Dos/DDos,0.0,0.0,1.0,0.0,0.0,0.0,0.0
157,PortScan,PortScan,0.0,0.0,0.0,0.0,7.417036449015093e-05,0.9999258296355099,0.0
158,Normal,Normal,0.0,0.0,0.0,0.0,1.0,0.0,0.0
159,Dos/DDos,Dos/DDos,0.0,0.003983483972893301,0.9798112217760826,0.0,0.012558163449529798,3.4417133376232516e-05,0.00361271366811785
160,PortScan,PortScan,0.0,0.0,0.0,0.0,0.0013851256960454358,0.9986148743039546,0.0
161,Web Attack,Web Attack,0.0,0.0,1.4083720890171383e-05,0.0,0.0014186302283242169,6.30767990631958e-05,0.9985042092517221
162,Brute Force,Brute Force,0.0,0.9998667055532651,0.0,0.0,0.00013329444673491696,0.0,0.0
163,Normal,Normal,0.0,0.0,0.0,0.0,0.9903421296094436,0.009657870390556354,0.0
164,Normal,Normal,0.0,0.0,0.0,0.0,1.0,0.0,0.0
165,PortScan,PortScan,0.0,0.0,0.0,0.0,0.001509970432581729,0.9984900295674183,0.0
166,Normal,Normal,0.0,0.0,0.0049690817874227045,0.0,0.9950309182125773,0.0,0.0
167,PortScan,PortScan,0.0,0.0,0.0,0.0,0.002643876133466521,0.9973561238665336,0.0
168,Brute Force,Brute Force,0.0,0.999975398192537,0.0,0.0,2.4601807462940075e-05,0.0,0.0
169,Normal,Normal,0.0,0.040148943778029605,0.03306000575301347,0.0,0.9267620178393057,2.9032629651224354e-05,0.0
170,Dos/DDos,Dos/DDos,0.0,0.0,1.0,0.0,0.0,0.0,0.0
171,Normal,Normal,0.0,0.0,0.01,0.0,0.99,0.0,0.0
172,Dos/DDos,Dos/DDos,0.0,0.0,0.9422542818092036,0.0,0.057745718190796234,0.0,0.0
173,Brute Force,Brute Force,0.0,1.0,0.0,0.0,0.0,0.0,0.0
174,Dos/DDos,Dos/DDos,0.0,0.003983483972893301,0.9810875754923762,0.0,0.010122724136898189,0.0,0.0048062163978319404
175,Normal,Normal,0.1587748509874728,0.0,0.0,0.0,0.8412251490125274,0.0,0.0
176,PortScan,PortScan,0.0,0.0,0.0,0.0,0.0016976913101470557,0.9983023086898529,0.0
177,Normal,Normal,0.0,0.0,0.0,0.0,1.0,0.0,0.0
178,PortScan,PortScan,0.0,0.0,0.0,0.0,7.417036449015093e-05,0.9999258296355099,0.0
179,Normal,Normal,0.0,0.0,0.0,0.0,1.0,0.0,0.0
180,Normal,Dos/DDos,0.0,0.0,0.6245529755434571,0.0,0.3754470244565428,0.0,0.0
181,PortScan,PortScan,0.0,0.0,0.0,0.0,0.0060208114543397065,0.9939791885456605,0.0
182,Dos/DDos,Dos/DDos,0.0,0.0007443191035267758,0.9869302150186618,0.0,0.008293693213609463,0.00012124242513444596,0.003910530239067575
183,Dos/DDos,Dos/DDos,0.0,0.0,1.0,0.0,0.0,0.0,0.0
184,PortScan,PortScan,0.0,0.0,0.0,0.0,0.000958385865128954,0.999041614134871,0.0
185,Brute Force,Brute Force,0.0,0.95750424851781,0.0029766544270049353,0.0,0.013258428709283907,0.0,0.026260668345901083
186,Normal,Normal,0.0,0.0,0.0,0.0,1.0,0.0,0.0
187,Normal,Normal,0.01,0.0,0.07239810173281397,0.0,0.917601898267186,0.0,0.0
188,Dos/DDos,Dos/DDos,0.0,0.003983483972893301,0.9810875754923762,0.0,0.010122724136898189,0.0,0.0048062163978319404
189,PortScan,PortScan,0.0,0.0,0.0,0.0,0.0035119069994339674,0.9964880930005663,0.0
190,PortScan,PortScan,0.0,0.0,0.0,0.0,0.00010940824429178676,0.9998905917557083,0.0
191,Brute Force,Brute Force,0.0,0.9525098629501096,0.0029766544270049353,0.0,0.014263692656602543,0.0,0.03024978996628299
192,Brute Force,Brute Force,0.0,0.999975398192537,0.0,0.0,2.4601807462940075e-05,0.0,0.0
193,Normal,Normal,0.0,0.0,0.0,0.0,1.0,0.0,0.0
194,PortScan,PortScan,0.0,0.0,0.0,0.0,7.417036449015093e-05,0.9999258296355099,0.0
195,Normal,Normal,0.0,0.0,0.013056393382473967,0.0,0.9700504344515671,0.0,0.01689317216595884
196,PortScan,PortScan,0.0,0.0,0.0,0.0,7.417036449015093e-05,0.9999258296355099,0.0
197,Brute Force,Brute Force,0.0,0.9998667055532651,0.0,0.0,0.00013329444673491696,0.0,0.0
198,Dos/DDos,Dos/DDos,0.0,0.0,1.0,0.0,0.0,0.0,0.0
199,Dos/DDos,Dos/DDos,0.0,0.0,0.9746034139468361,0.0,0.025396586053163785,0.0,0.0
200,PortScan,PortScan,0.0,0.0,0.0,0.0,0.0024377422151419096,0.9975622577848582,0.0
201,PortScan,PortScan,0.0,0.0,0.0,0.0,0.0013708639541191328,0.998629136045881,0.0
202,PortScan,PortScan,0.0,0.0,0.0,0.0,7.417036449015093e-05,0.9999258296355099,0.0
203,Web Attack,Web Attack,0.0,0.0,1.4083720890171383e-05,0.0,0.0014186302283242169,6.30767990631958e-05,0.9985042092517221
204,PortScan,PortScan,0.0,0.0,0.0,0.0,0.00010940824429178676,0.9998905917557083,0.0
205,Brute Force,Brute Force,0.0,1.0,0.0,0.0,0.0,0.0,0.0
206,Normal,Normal,0.0,0.0,0.0,0.0,1.0,0.0,0.0
207,PortScan,PortScan,0.0,0.0,0.0,0.0,0.0012545663175091539,0.9987454336824909,0.0
208,PortScan,PortScan,0.0,0.0,0.0,0.0,0.0017248012932773783,0.9982751987067228,0.0
209,PortScan,PortScan,0.0,0.0,0.0,0.0,0.002134621236087131,0.9978653787639131,0.0
210,Brute Force,Brute Force,0.0,1.0,0.0,0.0,0.0,0.0,0.0
211,Normal,Normal,0.0,0.0,0.0,0.0,1.0,0.0,0.0
212,Normal,Normal,0.0,0.0,0.1895776516612583,0.0,0.8104223483387417,0.0,0.0
213,Dos/DDos,Dos/DDos,0.0,0.00032747601458640906,0.9761638490240998,0.0,0.014320929861649966,0.00014479321798189455,0.009042951881681941
214,PortScan,PortScan,0.0,0.0,0.0,0.0,5.9816016913240886e-05,0.9999401839830868,0.0
215,Dos/DDos,Dos/DDos,0.0,0.0,0.8954939326198931,0.0,0.1045060673801067,0.0,0.0
216,Dos/DDos,Dos/DDos,0.0,0.0,1.0,0.0,0.0,0.0,0.0
217,Dos/DDos,Dos/DDos,0.0,0.0,0.9849253200568989,0.0,0.015074679943100997,0.0,0.0
218,Dos/DDos,Dos/DDos,0.0,0.0007443191035267758,0.976696537422526,0.0,0.018561787943121272,8.682529175821345e-05,0.003910530239067575
219,Normal,Normal,0.0,0.0,0.0,0.0,1.0,0.0,0.0
220,Brute Force,Brute Force,0.0,0.9606661601799914,0.0029766544270049353,0.0,0.013071659635060575,0.0,0.023285525757943223
221,Normal,Normal,0.0,0.0,0.0,0.0,1.0,0.0,0.0
222,Brute Force,Brute Force,0.0,1.0,0.0,0.0,0.0,0.0,0.0
223,Dos/DDos,Dos/DDos,0.0,0.0,1.0,0.0,0.0,0.0,0.0
224,Web Attack,Web Attack,0.0,0.0,1.4083720890171383e-05,0.0,0.0010767330448849778,5.853123184749522e-05,0.9988506520023772
225,Brute Force,Brute Force,0.0,0.9606661601799914,0.0029766544270049353,0.0,0.013071659635060575,0.0,0.023285525757943223
226,Botnet ARES,Botnet ARES,0.999774330969387,0.0,0.0,0.0,0.00022566903061300287,0.0,0.0
227,Dos/DDos,Dos/DDos,0.0,0.0,0.7257385069456216,0.0,0.27426149305437836,0.0,0.0
228,PortScan,PortScan,0.0,0.0,0.0,0.0,0.0013851256960454358,0.9986148743039546,0.0
229,Dos/DDos,Dos/DDos,0.0,0.03998736230382388,0.6868658350053751,0.0,0.2653756530161806,0.0,0.00777114967462039
230,PortScan,PortScan,0.0,0.0,0.0,0.0,0.0017304427881984746,0.9982695572118017,0.0
231,PortScan,PortScan,0.0,0.0,0.0,0.0,7.417036449015093e-05,0.9999258296355099,0.0
232,PortScan,PortScan,0.0,0.0,0.0,0.0,7.417036449015093e-05,0.9999258296355099,0.0
233,Dos/DDos,Normal,0.0,0.0008876636222063219,0.34160226400125665,0.00992131451052997,0.6213259542370928,0.0,0.026262803628914252
234,Normal,Normal,0.0,0.0,0.0,0.0,1.0,0.0,0.0
235,Brute Force,Brute Force,0.0,0.999975398192537,0.0,0.0,2.4601807462940075e-05,0.0,0.0
236,PortScan,PortScan,0.0,0.0,0.0,0.0,0.03310996908937532,0.9668900309106248,0.0
237,Dos/DDos,Dos/DDos,0.0,0.0,1.0,0.0,0.0,0.0,0.0
238,Brute Force,Brute Force,0.0,1.0,0.0,0.0,0.0,0.0,0.0
239,Normal,Normal,0.0,0.003983483972893301,0.10436792020873734,0.0,0.8870449911187624,0.0,0.004603604699606786
240,Dos/DDos,Dos/DDos,0.0,0.0,1.0,0.0,0.0,0.0,0.0
241,Dos/DDos,Dos/DDos,0.0,0.0,1.0,0.0,0.0,0.0,0.0
242,PortScan,PortScan,0.0,0.0,0.0,0.0,0.00010940824429178676,0.9998905917557083,0.0
243,PortScan,PortScan,0.0,0.0,0.0,0.0,0.00010940824429178676,0.9998905917557083,0.0
244,PortScan,PortScan,0.0,0.0,0.0,0.0,0.00010940824429178676,0.9998905917557083,0.0
245,Normal,Normal,0.0,0.0,0.0,0.0,1.0,0.0,0.0
246,Normal,Normal,0.0,0.0,0.0,0.0,1.0,0.0,0.0
247,Normal,Normal,0.0,0.0,0.01,0.0,0.99,0.0,0.0
248,Brute Force,Brute Force,0.0,1.0,0.0,0.0,0.0,0.0,0.0
249,Dos/DDos,Dos/DDos,0.0,0.0,1.0,0.0,0.0,0.0,0.0
250,Normal,Normal,0.0,0.0,0.0,0.0,1.0,0.0,0.0
251,PortScan,PortScan,0.0,0.0,0.0,0.0,0.00010940824429178676,0.9998905917557083,0.0
252,Normal,Normal,0.0,0.0,0.0,0.0,1.0,0.0,0.0
253,PortScan,PortScan,0.0,0.0,0.0,0.0,0.003174287752805543,0.9968257122471946,0.0
254,PortScan,PortScan,0.0,0.0,0.0,0.0,0.0017304427881984746,0.9982695572118017,0.0
255,Normal,Normal,0.0,0.006740694401000938,0.0,0.009942624910351422,0.9833166806886475,0.0,0.0
256,Dos/DDos,Dos/DDos,0.0,0.0,1.0,0.0,0.0,0.0,0.0
257,PortScan,PortScan,0.0,0.0,0.0,0.0,0.00010940824429178676,0.9998905917557083,0.0
258,Normal,Normal,0.019203426124197003,0.0,0.0,0.0,0.9648045879959194,0.005991985879883604,0.01
259,Dos/DDos,Dos/DDos,0.0,0.0,1.0,0.0,0.0,0.0,0.0
260,Brute Force,Brute Force,0.0,1.0,0.0,0.0,0.0,0.0,0.0
261,PortScan,PortScan,0.0,0.0,0.0,0.0,0.0027104243682456457,0.9972895756317546,0.0
262,PortScan,PortScan,0.0,0.0,0.0,0.0,0.0018200521295441874,0.9981799478704559,0.0
263,PortScan,PortScan,0.0,0.0,0.0,0.0,0.00010940824429178676,0.9998905917557083,0.0
264,Dos/DDos,Dos/DDos,0.0,0.0,1.0,0.0,0.0,0.0,0.0
265,Botnet ARES,Botnet ARES,1.0,0.0,0.0,0.0,0.0,0.0,0.0
266,Dos/DDos,Dos/DDos,0.0,0.003983483972893301,0.9810029584985736,0.0,0.011067821129049226,0.0,0.00394573639948369
267,Normal,Normal,0.02,0.0,0.2902937588017943,0.06981348553057398,0.6173369421295,0.002555813538131809,0.0
268,Dos/DDos,Dos/DDos,0.0,0.0,1.0,0.0,0.0,0.0,0.0
269,Dos/DDos,Dos/DDos,0.0,0.0,0.9899485064710117,0.0,0.010051493528988322,0.0,0.0
270,Normal,Normal,0.0,0.010461456243337023,0.013652598801395431,0.0,0.9361787299565911,0.0,0.039707214998676396
271,PortScan,PortScan,0.0,0.0,0.0,0.0,0.001063112812623945,0.998936887187376,0.0
272,Normal,Normal,0.0,0.03771030185234563,0.0029439974316081796,0.0,0.9054246485450433,0.0,0.05392105217100292
273,Normal,Normal,0.0,0.0,0.0,0.0,1.0,0.0,0.0
274,Brute Force,Brute Force,0.0,1.0,0.0,0.0,0.0,0.0,0.0
275,Normal,Normal,0.0,0.0,0.0,0.0,1.0,0.0,0.0
276,Dos/DDos,Dos/DDos,0.0,0.0,1.0,0.0,0.0,0.0,0.0
277,Brute Force,Brute Force,0.0,1.0,0.0,0.0,0.0,0.0,0.0
278,Normal,Normal,0.0,0.0,0.0,0.0,1.0,0.0,0.0
279,Dos/DDos,Dos/DDos,0.0,0.0,1.0,0.0,0.0,0.0,0.0
280,Normal,Normal,0.0,0.0,0.0,0.0,1.0,0.0,0.0
281,Dos/DDos,Dos/DDos,0.0,0.003983483972893301,0.9803087492464158,0.0,0.0116619058727535,0.0007180616740088106,0.0033277992339283955
282,PortScan,PortScan,0.0,0.0,0.0,0.0,0.01612204074120968,0.9838779592587906,0.0
283,Dos/DDos,Dos/DDos,0.0,0.0,1.0,0.0,0.0,0.0,0.0
284,Normal,Normal,0.0,0.0,0.0,0.0,0.9903421296094436,0.009657870390556354,0.0
285,Normal,Normal,0.0,0.0,0.0,0.0,1.0,0.0,0.0
286,Dos/DDos,Dos/DDos,0.0,0.0,1.0,0.0,0.0,0.0,0.0
287,Normal,Normal,0.027903406963684017,0.0,0.0,0.0,0.972096593036316,0.0,0.0
288,Normal,Normal,0.0,0.0,0.0,0.0,1.0,0.0,0.0
289,PortScan,PortScan,0.0,0.0,0.0,0.0,7.417036449015093e-05,0.9999258296355099,0.0
290,PortScan,PortScan,0.0,0.0,0.0,0.0,7.417036449015093e-05,0.9999258296355099,0.0
291,Normal,Normal,0.0,0.0,0.0,0.0,1.0,0.0,0.0
292,PortScan,PortScan,0.0,0.0,0.0,0.0,7.417036449015093e-05,0.9999258296355099,0.0
293,Brute Force,Brute Force,0.0,1.0,0.0,0.0,0.0,0.0,0.0
294,Dos/DDos,Dos/DDos,0.0,0.003983483972893301,0.9820630007614999,0.0,0.010502495859128881,0.0,0.0034510194064778068
295,Normal,Normal,0.0,0.0,0.0,0.0,1.0,0.0,0.0
296,Dos/DDos,Dos/DDos,0.0,0.0,1.0,0.0,0.0,0.0,0.0
297,Brute Force,Brute Force,0.0,0.959731007525243,0.0029766544270049353,0.0,0.01276546330221945,0.0,0.024526874745532622
298,Dos/DDos,Dos/DDos,0.0,0.0,0.8387447274623266,0.0,0.1612552725376733,0.0,0.0
299,Normal,Normal,0.0,0.0049952852428099956,0.0,0.0,0.99500471475719,0.0,0.0
300,PortScan,PortScan,0.0,0.0,0.0,0.0,0.00010940824429178676,0.9998905917557083,0.0
301,PortScan,PortScan,0.0,0.0,0.0,0.0,0.0034851590630856476,0.9965148409369146,0.0
302,Normal,Normal,0.0,0.0,0.0,0.0,1.0,0.0,0.0
303,Dos/DDos,Dos/DDos,0.0,0.0,1.0,0.0,0.0,0.0,0.0
304,Normal,Normal,0.0,0.0,0.0,0.0,1.0,0.0,0.0
305,Brute Force,Brute Force,0.0,0.9482827064266475,0.0029766544270049353,0.0,0.015388841423102649,0.0,0.03335179772324501
306,Dos/DDos,Dos/DDos,0.0,0.0,1.0,0.0,0.0,0.0,0.0
307,Dos/DDos,Dos/DDos,0.0,0.003983483972893301,0.9766257814361657,0.0,0.01247540578128478,3.4417133376232516e-05,0.006880911676279728
308,Brute Force,Brute Force,0.0,0.99,0.0,0.0,0.01,0.0,0.0
309,Normal,PortScan,0.03380246567858931,0.0,0.022693562273850634,0.039735884404861185,0.16406077756734458,0.7340039324306684,0.005703377644685787
310,Botnet ARES,Botnet ARES,0.9944291444412334,0.0,0.0,0.0,0.005570855558766586,0.0,0.0
311,PortScan,PortScan,0.0,0.0,0.0,0.0,0.0017248012932773783,0.9982751987067228,0.0
312,PortScan,PortScan,0.0,0.0,0.0,0.0,7.417036449015093e-05,0.9999258296355099,0.0
313,Brute Force,Brute Force,0.0,1.0,0.0,0.0,0.0,0.0,0.0
314,PortScan,PortScan,0.0,0.0,0.0,0.0,8.56493160846622e-05,0.9999143506839154,0.0
315,Dos/DDos,Dos/DDos,0.0,0.0,0.982457230895495,0.0,0.017542769104505033,0.0,0.0
316,Normal,Normal,0.0,0.051028210007149626,0.0029439974316081796,0.0,0.87326568872617,0.0,0.07276210383507212
317,PortScan,PortScan,0.0,0.0,0.0,0.0,7.417036449015093e-05,0.9999258296355099,0.0
318,Normal,Normal,0.0,0.0,0.2621465474557313,0.0,0.7378534525442688,0.0,0.0
319,Dos/DDos,Dos/DDos,0.0,0.0,1.0,0.0,0.0,0.0,0.0
320,Brute Force,Brute Force,0.0,1.0,0.0,0.0,0.0,0.0,0.0
321,PortScan,PortScan,0.0,0.0,0.0,0.0,0.001440679331418862,0.9985593206685812,0.0
322,Normal,Normal,0.0,0.0,0.0,0.0,1.0,0.0,0.0
323,Brute Force,Brute Force,0.0,1.0,0.0,0.0,0.0,0.0,0.0
324,Brute Force,Brute Force,0.0,1.0,0.0,0.0,0.0,0.0,0.0
325,Dos/DDos,Dos/DDos,0.0,0.0,1.0,0.0,0.0,0.0,0.0
326,Normal,Normal,0.0,0.0,0.0,0.0,1.0,0.0,0.0
327,PortScan,PortScan,0.0,0.0,0.0,0.0,0.001396933425760052,0.9986030665742399,0.0
328,PortScan,PortScan,0.0,0.0,0.0,0.0,0.001063112812623945,0.998936887187376,0.0
329,PortScan,PortScan,0.0,0.0,0.0,0.0,0.0012854081067334554,0.9987145918932666,0.0
330,Normal,Normal,0.0,0.0,0.0,0.0,1.0,0.0,0.0
331,Normal,Normal,0.0,0.016767940759478808,0.0,0.0,0.976676705912991,0.006555353327530269,0.0
332,Normal,Normal,0.0,0.0,0.0,0.0,1.0,0.0,0.0
333,Brute Force,Brute Force,0.0,0.999975398192537,0.0,0.0,2.4601807462940075e-05,0.0,0.0
334,Brute Force,Brute Force,0.0,1.0,0.0,0.0,0.0,0.0,0.0
335,PortScan,PortScan,0.0,0.0,0.0,0.0,0.00010940824429178676,0.9998905917557083,0.0
336,Brute Force,Brute Force,0.0,0.9482827064266475,0.0029766544270049353,0.0,0.015388841423102649,0.0,0.03335179772324501
337,Brute Force,Brute Force,0.0,1.0,0.0,0.0,0.0,0.0,0.0
338,PortScan,PortScan,0.0,0.0,0.0,0.0,7.417036449015093e-05,0.9999258296355099,0.0
339,Dos/DDos,Dos/DDos,0.0,0.0,0.9980276434001383,0.0,0.0019723565998617833,0.0,0.0
340,Dos/DDos,Dos/DDos,0.0,0.0,1.0,0.0,0.0,0.0,0.0
341,Normal,Normal,0.0,0.01499271750709547,0.0029439974316081796,0.0,0.9699496585329748,0.01,0.002113626528321562
342,Dos/DDos,Dos/DDos,0.0,0.0,1.0,0.0,0.0,0.0,0.0
343,Normal,Normal,0.0,0.0,0.026571594938044972,0.02994462390401477,0.9434837811579402,0.0,0.0
344,PortScan,PortScan,0.0,0.0,0.0,0.0,7.417036449015093e-05,0.9999258296355099,0.0
345,PortScan,PortScan,0.0,0.0,0.0,0.0,7.417036449015093e-05,0.9999258296355099,0.0
346,Normal,Normal,0.0,0.0,0.09782953701919996,0.0,0.9021704629808001,0.0,0.0
347,Normal,Normal,0.0,0.0,0.0,0.0,1.0,0.0,0.0
348,Brute Force,Brute Force,0.0,1.0,0.0,0.0,0.0,0.0,0.0
349,PortScan,PortScan,0.0,0.0,0.0,0.0,0.0031156910669122816,0.9968843089330879,0.0
350,Botnet ARES,Botnet ARES,0.9943482769487144,0.0,0.0,0.0,0.005651723051285312,0.0,0.0
351,PortScan,PortScan,0.0,0.0,0.0,0.0,0.0014028033590947247,0.9985971966409053,0.0
352,Normal,Normal,0.0,0.0,0.0,0.0,1.0,0.0,0.0
353,Normal,Normal,0.0,0.0,0.0,0.0,1.0,0.0,0.0
354,PortScan,PortScan,0.0,0.0,0.0,0.0,0.0010488510706976421,0.9989511489293024,0.0
355,Dos/DDos,Dos/DDos,0.0,0.0,1.0,0.0,0.0,0.0,0.0
356,PortScan,PortScan,0.0,0.0,0.0,0.0,7.417036449015093e-05,0.9999258296355099,0.0
357,PortScan,PortScan,0.0,0.0,0.0,0.0,0.00010940824429178676,0.9998905917557083,0.0
358,PortScan,PortScan,0.0,0.0,0.0,0.0,7.417036449015093e-05,0.9999258296355099,0.0
359,Dos/DDos,Dos/DDos,0.0,0.0,1.0,0.0,0.0,0.0,0.0
360,Dos/DDos,Dos/DDos,0.0,0.0,1.0,0.0,0.0,0.0,0.0
361,PortScan,PortScan,0.0,0.0,0.0,0.0,0.002199916599990163,0.99780008340001,0.0
362,PortScan,PortScan,0.0,0.0,0.0,0.0,7.417036449015093e-05,0.9999258296355099,0.0
363,PortScan,PortScan,0.0,0.0,0.0,0.0,7.417036449015093e-05,0.9999258296355099,0.0
364,Normal,Normal,0.0,0.020901222587858842,0.13079828768836452,0.0,0.8035330613812214,0.004767428342555214,0.04
365,Dos/DDos,Dos/DDos,0.0,0.0,1.0,0.0,0.0,0.0,0.0
366,PortScan,PortScan,0.0,0.0,0.0,0.0,0.0033823849904575567,0.9966176150095427,0.0
367,Dos/DDos,Dos/DDos,0.0037492377827463047,0.0057060342643231,0.5601280763087143,0.0,0.4105240661016609,0.010758722380617848,0.009133863161937383
368,PortScan,PortScan,0.0,0.0,0.0,0.0,0.0013708639541191328,0.998629136045881,0.0
369,Normal,Normal,0.0,0.0,0.0,0.0,1.0,0.0,0.0
370,PortScan,PortScan,0.0,0.0,0.0,0.0,0.007667172798154404,0.9923328272018458,0.0
371,Dos/DDos,Dos/DDos,0.0,0.005228976097580453,0.8872990945218081,0.0,0.08897472646026852,0.004261391120368359,0.01423581179997423
372,Normal,Normal,0.005721040189125296,0.0,0.01906297061598938,0.0,0.9503234572937344,0.004765791787014945,0.020126740114136076
373,Brute Force,Brute Force,0.0,0.9925410225921522,0.0,0.0,0.0074589774078478,0.0,0.0
374,Dos/DDos,Dos/DDos,0.0,0.0,0.9815756770430191,0.0,0.018424322956980863,0.0,0.0
375,Normal,Normal,0.03530828694291512,0.09798925377955588,0.0,0.0,0.8099395471634105,0.0567629121141186,0.0
376,PortScan,PortScan,0.0,0.0,0.0,0.0,7.417036449015093e-05,0.9999258296355099,0.0
377,Normal,Normal,0.0,0.0,0.0,0.0,1.0,0.0,0.0
378,PortScan,PortScan,0.0,0.0,0.0,0.0,0.0036773019368120806,0.9963226980631882,0.0
379,Brute Force,Brute Force,0.0,0.9401022752516905,0.0029766544270049353,0.0,0.018991047905427275,0.0,0.037930022415877354
380,PortScan,PortScan,0.0,0.0,0.0,0.0,0.0014028033590947247,0.9985971966409053,0.0
381,Dos/DDos,Dos/DDos,0.0,0.0,1.0,0.0,0.0,0.0,0.0
382,Brute Force,Brute Force,0.0,0.999975398192537,0.0,0.0,2.4601807462940075e-05,0.0,0.0
383,Dos/DDos,Dos/DDos,0.0,0.0,1.0,0.0,0.0,0.0,0.0
384,Normal,Normal,0.0,0.0,0.02,0.0,0.9749736503103408,0.005026349689659211,0.0
385,Normal,Normal,0.0,0.0,0.012509106684593357,0.0,0.9874908933154067,0.0,0.0
386,Dos/DDos,Dos/DDos,0.0,0.0,1.0,0.0,0.0,0.0,0.0
387,PortScan,PortScan,0.0,0.0,0.0,0.0,0.0024568433805013026,0.9975431566194989,0.0
388,Dos/DDos,Dos/DDos,0.0,0.003983483972893301,0.9811533694882654,0.0,0.010917410139357287,0.0,0.00394573639948369
389,Normal,Normal,0.0005438969991889703,0.025904073461030398,0.0029439974316081796,0.0,0.9690799811671518,0.0,0.0015280509410204313
390,Brute Force,Brute Force,0.0,0.999975398192537,0.0,0.0,2.4601807462940075e-05,0.0,0.0
391,Normal,Normal,0.0,0.0,0.0,0.0,1.0,0.0,0.0
392,Brute Force,Brute Force,0.0,0.999975398192537,0.0,0.0,2.4601807462940075e-05,0.0,0.0
393,Normal,Normal,0.0,0.0,0.0,0.05980311284260955,0.9401968871573905,0.0,0.0
394,Normal,Normal,0.0,0.0,0.004925320056899004,0.0,0.9950746799431011,0.0,0.0
395,Dos/DDos,Dos/DDos,0.0,0.0,1.0,0.0,0.0,0.0,0.0
396,Brute Force,Brute Force,0.0,1.0,0.0,0.0,0.0,0.0,0.0
397,Brute Force,Brute Force,0.0,0.9525098629501096,0.0029766544270049353,0.0,0.014263692656602543,0.0,0.03024978996628299
398,Dos/DDos,Dos/DDos,0.0,0.003983483972893301,0.9814985657228705,0.0,0.011066930897758263,0.0,0.0034510194064778068
399,Dos/DDos,Dos/DDos,0.0,0.0,1.0,0.0,0.0,0.0,0.0
400,Normal,Normal,0.0,0.0,0.0,0.0,1.0,0.0,0.0
401,Dos/DDos,Dos/DDos,0.0,0.0,1.0,0.0,0.0,0.0,0.0
402,Dos/DDos,Dos/DDos,0.0,0.0,0.6552285161038901,0.0,0.3447714838961098,0.0,0.0
403,Normal,Normal,0.0,0.0,0.0,0.0,1.0,0.0,0.0
404,PortScan,PortScan,0.0,0.0,0.0,0.0,0.00010940824429178676,0.9998905917557083,0.0
405,Dos/DDos,Dos/DDos,0.0,0.003983483972893301,0.9805892401450342,0.0,0.01146265546768682,3.4417133376232516e-05,0.003930203281009192
406,Dos/DDos,Dos/DDos,0.0,0.0,1.0,0.0,0.0,0.0,0.0
407,PortScan,PortScan,0.0,0.0,0.0,0.0,0.008916898073963652,0.9910831019260364,0.0
408,Dos/DDos,Dos/DDos,0.0,0.0,1.0,0.0,0.0,0.0,0.0
409,Normal,Normal,0.0,0.0,0.37639597925277085,0.0,0.6236040207472292,0.0,0.0
410,PortScan,PortScan,0.0,0.0,0.0,0.0,0.0013708639541191328,0.998629136045881,0.0
411,Dos/DDos,Dos/DDos,0.0,0.0,0.9974791210092994,0.0,0.002520878990700705,0.0,0.0
412,Dos/DDos,Dos/DDos,0.0,0.0,1.0,0.0,0.0,0.0,0.0
413,Dos/DDos,Dos/DDos,0.0,0.0,0.960740968125122,0.0,0.039259031874878024,0.0,0.0
414,Normal,Normal,0.0,0.0,0.020841801747052583,0.0,0.9571812523260067,0.01427377850612619,0.00770316742081448
415,Dos/DDos,Dos/DDos,0.0,0.0,0.9081185004963176,0.0,0.09188149950368246,0.0,0.0
416,Normal,Normal,0.0,0.0,0.0,0.0,1.0,0.0,0.0
417,Dos/DDos,Dos/DDos,0.0,0.0,1.0,0.0,0.0,0.0,0.0
418,Dos/DDos,Dos/DDos,0.0,0.0032753533157322563,0.7426521797054655,0.0,0.15984504888713347,0.0,0.09422741809166886
419,Dos/DDos,Dos/DDos,0.0,0.0,0.9414809392158174,0.0,0.043196500034213624,0.0,0.01532256074996916
420,Normal,Normal,0.0,0.0,0.01469200603690369,0.0,0.9853079939630963,0.0,0.0
421,Dos/DDos,Dos/DDos,0.0,0.0,0.8570456921853794,0.0,0.14295430781462076,0.0,0.0
422,PortScan,PortScan,0.0,0.0,0.0,0.0,0.002199916599990163,0.99780008340001,0.0
423,PortScan,PortScan,0.0,0.0,0.0,0.0,0.0019289317511306753,0.9980710682488695,0.0
424,Brute Force,Brute Force,0.0,0.966727187630533,0.0029766544270049353,0.0,0.011254272568067127,0.0,0.019041885374395086
425,Botnet ARES,Botnet ARES,1.0,0.0,0.0,0.0,0.0,0.0,0.0
426,PortScan,PortScan,0.0,0.0,0.0,0.0,0.0006534376512755176,0.9993465623487245,0.0
427,PortScan,PortScan,0.0,0.0,0.0,0.0,0.00010940824429178676,0.9998905917557083,0.0
428,Dos/DDos,Dos/DDos,0.0,0.0,1.0,0.0,0.0,0.0,0.0
429,Normal,Normal,0.0,0.0,0.0,0.0,1.0,0.0,0.0
430,Dos/DDos,Dos/DDos,0.0,0.003983483972893301,0.9814281759400566,0.0,0.010750886841346795,0.0,0.0038374532457031356
431,Normal,Normal,0.007138208597362563,0.02495266666119181,0.059011177524169976,0.0,0.8818740373765078,0.020020037623923508,0.007003872216844144
432,Brute Force,Brute Force,0.0,1.0,0.0,0.0,0.0,0.0,0.0
433,Dos/DDos,Dos/DDos,0.0,0.0,0.9784834165127287,0.0,0.0033114797771177915,0.018205103710153547,0.0
434,Dos/DDos,Dos/DDos,0.0,0.0,1.0,0.0,0.0,0.0,0.0
435,Dos/DDos,Dos/DDos,0.0,0.0,1.0,0.0,0.0,0.0,0.0
436,Dos/DDos,Dos/DDos,0.0,0.0,0.9583537232732485,0.0,0.035635165618570726,0.006011111108180847,0.0
437,Normal,Normal,0.0,0.0,0.0033487004212701694,0.0,0.9966512995787298,0.0,0.0
438,Dos/DDos,Dos/DDos,0.0,0.0,1.0,0.0,0.0,0.0,0.0
439,Brute Force,Brute Force,0.0,1.0,0.0,0.0,0.0,0.0,0.0
440,Normal,Normal,0.0,0.003408192313775107,0.0,0.0,0.989977261370186,0.006614546316038853,0.0
441,Normal,Normal,0.0,0.0,0.0,0.0,1.0,0.0,0.0
442,Normal,Normal,0.0,0.0,0.0,0.0,1.0,0.0,0.0
443,Brute Force,Brute Force,0.0,0.999975398192537,0.0,0.0,2.4601807462940075e-05,0.0,0.0
444,Dos/DDos,Dos/DDos,0.0,0.0,0.7727023046149835,0.0,0.22729769538501643,0.0,0.0
445,Brute Force,Brute Force,0.0,0.999975398192537,0.0,0.0,2.4601807462940075e-05,0.0,0.0
446,Normal,Normal,0.0,0.0,0.0,0.0,1.0,0.0,0.0
447,PortScan,PortScan,0.0,0.0,0.0,0.0,5.9790855037425386e-05,0.9999402091449626,0.0
448,PortScan,PortScan,0.0,0.0,0.0,0.0,0.0010488510706976421,0.9989511489293024,0.0
449,PortScan,PortScan,0.0,0.0,0.0,0.0,0.014784627007711477,0.9852153729922887,0.0
450,Brute Force,Brute Force,0.0,0.9998930490496046,0.0,0.0,0.00010695095039544507,0.0,0.0
451,Normal,Normal,0.0,0.01111859327259419,0.07043945066223635,0.0,0.6992943090140499,0.01497551601990165,0.20417213103121784
452,Normal,Normal,0.0,0.0,0.02835212731332537,0.0,0.9716478726866745,0.0,0.0
453,Normal,Normal,0.0,0.0,0.010042665262228887,0.0,0.9899573347377713,0.0,0.0
454,Normal,Normal,0.0,0.0,0.0,0.0,1.0,0.0,0.0
455,Normal,Normal,0.0,0.0,0.0066874270144024915,0.0,0.9933125729855975,0.0,0.0
456,Dos/DDos,Dos/DDos,0.0,0.0,1.0,0.0,0.0,0.0,0.0
457,PortScan,PortScan,0.0,0.0,0.0,0.0,0.0013708639541191328,0.998629136045881,0.0
458,Brute Force,Brute Force,0.0,0.9510410879280008,0.006724646684267743,0.0,0.028234514714295424,0.0,0.013999750673435974
459,Normal,Normal,0.0,0.0,0.0,0.0,1.0,0.0,0.0
460,PortScan,PortScan,0.0,0.0,0.0,0.0,0.0017390630352036819,0.9982609369647963,0.0
461,Normal,Normal,0.0,0.0,0.02333911808787568,0.0,0.9766608819121242,0.0,0.0
462,Normal,Normal,0.0,0.0,0.0,0.0,1.0,0.0,0.0
463,Normal,Normal,0.0,0.0,0.0,0.0,1.0,0.0,0.0
464,Normal,Normal,0.0,0.0,0.0,0.0,1.0,0.0,0.0
465,PortScan,PortScan,0.0,0.0,0.0,0.0,7.417036449015093e-05,0.9999258296355099,0.0
466,Dos/DDos,Dos/DDos,0.0,0.0,1.0,0.0,0.0,0.0,0.0
467,Dos/DDos,Dos/DDos,0.0,0.0,1.0,0.0,0.0,0.0,0.0
468,Brute Force,Brute Force,0.0,0.999975398192537,0.0,0.0,2.4601807462940075e-05,0.0,0.0
469,Dos/DDos,Dos/DDos,0.0,0.0,1.0,0.0,0.0,0.0,0.0
470,Brute Force,Brute Force,0.0,0.999975398192537,0.0,0.0,2.4601807462940075e-05,0.0,0.0
471,Dos/DDos,Dos/DDos,0.0,0.0007443191035267758,0.9869302150186618,0.0,0.008293693213609463,0.00012124242513444596,0.003910530239067575
472,PortScan,PortScan,0.0,0.0,0.0,0.0,7.417036449015093e-05,0.9999258296355099,0.0
473,Normal,Normal,0.0,0.0,0.0,0.0,1.0,0.0,0.0
474,Dos/DDos,Dos/DDos,0.0,0.0,1.0,0.0,0.0,0.0,0.0
475,Dos/DDos,Dos/DDos,0.0,0.0005642355865321211,0.9914636341199922,0.0,0.006606776893840031,0.00020505660381482473,0.0011602967958208664
476,Dos/DDos,Dos/DDos,0.0,0.0,0.9319461145595893,0.0,0.05805388544041062,0.0,0.01
477,Dos/DDos,Dos/DDos,0.0,0.0,1.0,0.0,0.0,0.0,0.0
478,PortScan,PortScan,0.0,0.0,0.0,0.0,5.9816016913240886e-05,0.9999401839830868,0.0
479,Normal,Normal,0.0,0.0,0.0,0.0,1.0,0.0,0.0
480,Dos/DDos,Dos/DDos,0.0,0.006641375038711674,0.9492124724956408,0.0,0.04414615246564764,0.0,0.0
481,PortScan,PortScan,0.0,0.0,0.0,0.0,7.417036449015093e-05,0.9999258296355099,0.0
482,PortScan,PortScan,0.0,0.0,0.0,0.0,7.417036449015093e-05,0.9999258296355099,0.0
483,Dos/DDos,Dos/DDos,0.0,0.0,1.0,0.0,0.0,0.0,0.0
484,Brute Force,Brute Force,0.0,1.0,0.0,0.0,0.0,0.0,0.0
485,Normal,Normal,0.0,0.0,0.0,0.0,1.0,0.0,0.0
486,Dos/DDos,Dos/DDos,0.0,0.0,1.0,0.0,0.0,0.0,0.0
487,Dos/DDos,Dos/DDos,0.0,0.0,0.9867544691283436,0.0,0.01324553087165647,0.0,0.0
488,Brute Force,Brute Force,0.0,1.0,0.0,0.0,0.0,0.0,0.0
489,PortScan,PortScan,0.0,0.0,0.0,0.0,0.00010940824429178676,0.9998905917557083,0.0
490,Normal,Normal,0.0,0.061442308718258794,0.05290224652063086,0.0,0.8283799849519763,2.7552570450159033e-05,0.057247907238683754
491,PortScan,PortScan,0.0,0.0,0.0,0.0,7.417036449015093e-05,0.9999258296355099,0.0
492,Dos/DDos,Dos/DDos,0.0,0.0,0.9412199238075276,0.01975360548701903,0.031009751111083225,0.008016719594370076,0.0
493,Normal,Normal,0.0,0.0,0.0,0.0,1.0,0.0,0.0
494,Dos/DDos,Dos/DDos,0.0,0.0,0.9899595326147821,0.0,0.010040467385217902,0.0,0.0
495,PortScan,PortScan,0.0,0.0,0.0,0.0,0.0017248012932773783,0.9982751987067228,0.0
496,PortScan,PortScan,0.0,0.0,0.0,0.0,0.0021265789949318674,0.9978734210050684,0.0
497,Dos/DDos,Dos/DDos,0.0,0.0,1.0,0.0,0.0,0.0,0.0
498,Dos/DDos,Dos/DDos,0.0,0.0,1.0,0.0,0.0,0.0,0.0
499,Normal,Normal,0.01,0.0,0.04656513360429692,0.01976651272795966,0.8536683536677434,0.0,0.07
500,PortScan,PortScan,0.0,0.0,0.0,0.0,7.417036449015093e-05,0.9999258296355099,0.0
501,Botnet ARES,Botnet ARES,0.994465925907663,0.0,0.0,0.0,0.005534074092336643,0.0,0.0
502,PortScan,PortScan,0.0,0.0,0.0,0.0,0.002058003582222666,0.9979419964177775,0.0
503,PortScan,PortScan,0.0,0.0,0.0,0.0,0.0013708639541191328,0.998629136045881,0.0
504,Normal,Normal,0.0,0.0,0.0,0.0,1.0,0.0,0.0
505,PortScan,PortScan,0.0,0.0,0.0,0.0,0.00010940824429178676,0.9998905917557083,0.0
506,Normal,Normal,0.0,0.0,0.0,0.0,1.0,0.0,0.0
507,PortScan,PortScan,0.0,0.0,0.0,0.0,0.0013826716838337488,0.9986173283161663,0.0
508,Normal,Normal,0.0,0.025488261155623065,0.07398215547837797,0.0,0.8404131974012308,0.0,0.060116385964768274
509,PortScan,PortScan,0.0,0.0,0.0,0.0,0.0024568433805013026,0.9975431566194989,0.0
510,Dos/DDos,Dos/DDos,0.0,0.0,0.9860632383469479,0.0,0.0,0.013936761653052023,0.0
511,Brute Force,Brute Force,0.0,0.9606661601799914,0.0029766544270049353,0.0,0.013071659635060575,0.0,0.023285525757943223
512,Normal,Normal,0.0,0.0,0.0,0.0,1.0,0.0,0.0
513,Normal,Normal,0.0,0.0,0.0,0.0,1.0,0.0,0.0
514,Dos/DDos,Dos/DDos,0.0,0.0,0.9629800565956149,0.019964421252371918,0.005060813657257333,0.0019947084947557403,0.01
515,Dos/DDos,Dos/DDos,0.0,0.0,1.0,0.0,0.0,0.0,0.0
516,Normal,Normal,0.0,0.0,0.0,0.0,1.0,0.0,0.0
517,Botnet ARES,Botnet ARES,0.9921174621840734,0.0,0.0,0.0,0.00788253781592632,0.0,0.0
518,Normal,Normal,0.009310887136692496,0.04175787655068763,0.017372267411794394,0.0,0.8045159360751226,0.03940198579923895,0.08764104702646376
519,Normal,Normal,0.0,0.0,0.0,0.0,1.0,0.0,0.0
520,Brute Force,Brute Force,0.0,1.0,0.0,0.0,0.0,0.0,0.0
521,Dos/DDos,Dos/DDos,0.0,0.0,1.0,0.0,0.0,0.0,0.0
522,Dos/DDos,Dos/DDos,0.0,0.0,0.9932366771159874,0.0,0.006763322884012539,0.0,0.0
523,Brute Force,Brute Force,0.0,0.962706150113201,0.0029766544270049353,0.0,0.01276546330221945,0.0,0.021551732157574756
524,Dos/DDos,Dos/DDos,0.0,0.0,1.0,0.0,0.0,0.0,0.0
525,Normal,Normal,0.0,0.0,0.4204472966547796,0.0,0.5536397055480545,0.025912997797165938,0.0
526,Brute Force,Brute Force,0.0,0.9998667055532651,0.0,0.0,0.00013329444673491696,0.0,0.0
527,PortScan,PortScan,0.0,0.0,0.0,0.0,0.00010940824429178676,0.9998905917557083,0.0
528,Dos/DDos,Dos/DDos,0.0,0.0,1.0,0.0,0.0,0.0,0.0
529,Normal,Normal,0.0,0.0,0.0,0.0,1.0,0.0,0.0
530,Dos/DDos,Dos/DDos,0.0,0.003983483972893301,0.9802364392175655,0.0,0.012241229161827365,3.4417133376232516e-05,0.003504430514337296
531,PortScan,PortScan,0.0,0.0,0.0,0.0,0.0010488510706976421,0.9989511489293024,0.0
532,Brute Force,Brute Force,0.0,1.0,0.0,0.0,0.0,0.0,0.0
533,PortScan,PortScan,0.0,0.0,0.0,0.0,0.000958385865128954,0.999041614134871,0.0
534,PortScan,PortScan,0.0,0.0,0.0,0.0,0.00010940824429178676,0.9998905917557083,0.0
535,PortScan,PortScan,0.0,0.0,0.0,0.0,0.0011043365323201682,0.9988956634676798,0.0
536,Dos/DDos,Dos/DDos,0.0,0.0,1.0,0.0,0.0,0.0,0.0
537,Dos/DDos,Dos/DDos,0.0,0.0,1.0,0.0,0.0,0.0,0.0
538,Normal,Normal,0.0,0.0,0.0022383053839364524,0.0,0.99,0.0,0.007761694616063548
539,Dos/DDos,Dos/DDos,0.0,0.003983483972893301,0.9803068290003795,0.0,0.012557273218238836,3.4417133376232516e-05,0.003117996675111967
540,Dos/DDos,Dos/DDos,0.0,0.0,1.0,0.0,0.0,0.0,0.0
541,Normal,Normal,0.0,0.0,0.0,0.0,1.0,0.0,0.0
542,Dos/DDos,Dos/DDos,0.0,0.0,0.9488410201950457,0.0,0.043380007926036225,0.0,0.007778971878918144
543,PortScan,PortScan,0.0,0.0,0.0,0.0,7.417036449015093e-05,0.9999258296355099,0.0
544,PortScan,PortScan,0.0,0.0,0.0,0.0,0.0013708639541191328,0.998629136045881,0.0
545,Brute Force,Brute Force,0.0,1.0,0.0,0.0,0.0,0.0,0.0
546,Normal,Normal,0.0,0.04765533115231052,0.0029439974316081796,0.0,0.9018125999786183,0.0,0.047588071437462916
547,PortScan,PortScan,0.0,0.0,0.0,0.0,0.004931413706702635,0.9950685862932975,0.0
548,Brute Force,Brute Force,0.0,1.0,0.0,0.0,0.0,0.0,0.0
549,Brute Force,Brute Force,0.0,0.999975398192537,0.0,0.0,2.4601807462940075e-05,0.0,0.0
550,PortScan,PortScan,0.0,0.0,0.0,0.0,0.002229162826075262,0.9977708371739249,0.0
551,PortScan,PortScan,0.0,0.0,0.0,0.0,0.0017390630352036819,0.9982609369647963,0.0
552,Dos/DDos,Dos/DDos,0.0,0.003983483972893301,0.96481382308056,0.0,0.026614392964737173,0.0007180616740088106,0.003870238307800533
553,PortScan,PortScan,0.0,0.0,0.0,0.0,0.0035119069994339674,0.9964880930005663,0.0
554,PortScan,PortScan,0.0,0.0,0.0,0.0,8.56493160846622e-05,0.9999143506839154,0.0
555,Normal,Normal,0.0,0.0,0.0,0.0,1.0,0.0,0.0
556,PortScan,PortScan,0.0,0.0,0.0,0.0,7.417036449015093e-05,0.9999258296355099,0.0
557,Dos/DDos,Dos/DDos,0.0,0.0043109599874797105,0.9012395355449001,0.0,0.09018491128948326,6.465722503306258e-05,0.004199935953103796
558,PortScan,PortScan,0.0,0.0,0.0,0.0,0.00010940824429178676,0.9998905917557083,0.0
559,Dos/DDos,Dos/DDos,0.0,0.0,1.0,0.0,0.0,0.0,0.0
560,Web Attack,Web Attack,0.0,0.0,1.4083720890171383e-05,0.0,0.0013977305287910119,6.30767990631958e-05,0.9985251089512555
561,PortScan,PortScan,0.0,0.0,0.0,0.0,0.0017248012932773783,0.9982751987067228,0.0
562,Normal,Normal,0.0,0.0,0.0,0.0,1.0,0.0,0.0
563,Normal,Normal,0.0,0.0,0.0,0.0,1.0,0.0,0.0
564,Normal,Normal,0.033603204438752636,0.0,0.0,0.0,0.9663967955612474,0.0,0.0
565,Normal,Normal,0.0,0.0,0.0,0.0,1.0,0.0,0.0
566,Dos/DDos,Dos/DDos,0.0,0.0,0.96,0.0,0.04,0.0,0.0
567,PortScan,PortScan,0.0,0.0,0.0,0.0,0.002526378115398788,0.9974736218846013,0.0
568,Dos/DDos,Dos/DDos,0.0,0.005228976097580453,0.9495512875441001,0.0,0.039540473979034665,0.00024068119919666296,0.005438581180088006
569,Brute Force,Brute Force,0.0,0.966727187630533,0.0029766544270049353,0.0,0.011254272568067127,0.0,0.019041885374395086
570,PortScan,PortScan,0.0,0.0,0.0,0.0,0.00010940824429178676,0.9998905917557083,0.0
571,PortScan,PortScan,0.0,0.0,0.0,0.0,0.00010940824429178676,0.9998905917557083,0.0
572,Dos/DDos,Dos/DDos,0.0,0.003983483972893301,0.9802364392175655,0.0,0.012241229161827365,3.4417133376232516e-05,0.003504430514337296
573,PortScan,PortScan,0.0,0.0,0.0,0.0,0.0011043365323201682,0.9988956634676798,0.0
574,PortScan,PortScan,0.0,0.0,0.0,0.0,0.0016622234901200867,0.99833777650988,0.0
575,PortScan,PortScan,0.0,0.0,0.0,0.0,0.0015099093910888595,0.9984900906089113,0.0
576,Web Attack,Web Attack,0.0,0.0,1.4083720890171383e-05,0.0,0.0014186302283242169,6.30767990631958e-05,0.9985042092517221
577,Dos/DDos,Dos/DDos,0.0,0.0005033863982289575,0.983102433388535,0.0,0.015295288751802562,5.927272130805441e-05,0.0010396187401256031
578,PortScan,PortScan,0.0,0.0,0.0,0.0,0.005866890856109555,0.9941331091438905,0.0
579,Normal,Normal,0.0,0.0,0.0,0.0,1.0,0.0,0.0
580,Dos/DDos,Dos/DDos,0.0,0.0,0.8540687628322652,0.0,0.13858038021944594,0.007350856948288771,0.0
581,Brute Force,Brute Force,0.0,1.0,0.0,0.0,0.0,0.0,0.0
582,Brute Force,Brute Force,0.0,1.0,0.0,0.0,0.0,0.0,0.0
583,Dos/DDos,Dos/DDos,0.0,0.003983483972893301,0.9798112217760826,0.0,0.012558163449529798,3.4417133376232516e-05,0.00361271366811785
584,Brute Force,Brute Force,0.0,1.0,0.0,0.0,0.0,0.0,0.0
585,Dos/DDos,Dos/DDos,0.0,0.0,0.8215960916340314,0.0,0.17840390836596867,0.0,0.0
586,Normal,Normal,0.0,0.025778501988958414,0.1503587939958082,0.02970708958476763,0.7358991702797718,0.0,0.05825644415069398
587,PortScan,PortScan,0.0,0.0,0.0,0.0,7.417036449015093e-05,0.9999258296355099,0.0
588,Normal,Normal,0.01,0.0,0.006698156753166775,0.0,0.9298081394742208,0.0534937037726123,0.0
589,PortScan,PortScan,0.0,0.0,0.0,0.0,7.417036449015093e-05,0.9999258296355099,0.0
590,Normal,Normal,0.0,0.005083746166548715,0.0,0.0,0.9949162538334514,0.0,0.0
591,Dos/DDos,Dos/DDos,0.0,0.0007443191035267758,0.987064107417973,0.0,0.008159800814298335,0.00012124242513444596,0.003910530239067575
592,Dos/DDos,Dos/DDos,0.0,0.0007443191035267758,0.9869302150186618,0.0,0.008293693213609463,0.00012124242513444596,0.003910530239067575
593,PortScan,PortScan,0.0,0.0,0.0,0.0,0.002643876133466521,0.9973561238665336,0.0
594,PortScan,PortScan,0.0,0.0,0.0,0.0,7.417036449015093e-05,0.9999258296355099,0.0
595,Botnet ARES,Botnet ARES,1.0,0.0,0.0,0.0,0.0,0.0,0.0
596,Brute Force,Brute Force,0.0,0.999975398192537,0.0,0.0,2.4601807462940075e-05,0.0,0.0
597,PortScan,PortScan,0.0,0.0,0.0,0.0,0.010403929630391892,0.9895960703696082,0.0
598,Brute Force,Brute Force,0.0,0.9525098629501096,0.0029766544270049353,0.0,0.014263692656602543,0.0,0.03024978996628299
599,PortScan,PortScan,0.0,0.0,0.0,0.0,0.0013708639541191328,0.998629136045881,0.0
600,Dos/DDos,Dos/DDos,0.0,0.0,1.0,0.0,0.0,0.0,0.0
601,Normal,Normal,0.0,0.0,0.01,0.0,0.99,0.0,0.0
602,Dos/DDos,Dos/DDos,0.0,0.0,1.0,0.0,0.0,0.0,0.0
603,Web Attack,Web Attack,0.0,0.0,1.4083720890171383e-05,0.0,0.0013977305287910119,6.30767990631958e-05,0.9985251089512555
604,PortScan,PortScan,0.0,0.0,0.0,0.0,0.002199916599990163,0.99780008340001,0.0
605,Dos/DDos,Dos/DDos,0.0,0.003983483972893301,0.9778175181586568,0.0,0.01098506346080421,0.0,0.007213934407645568
606,Brute Force,Brute Force,0.0,1.0,0.0,0.0,0.0,0.0,0.0
607,Normal,Normal,0.01,0.01,0.020597550522770854,0.059660150791736866,0.8310486181290192,0.010241707470787221,0.05845197308568581
608,Normal,Normal,0.0,0.0,0.0,0.0,1.0,0.0,0.0
609,Web Attack,Web Attack,0.0,0.0,1.4083720890171383e-05,0.0,0.0014186302283242169,6.30767990631958e-05,0.9985042092517221
610,Dos/DDos,Dos/DDos,0.0,0.0,0.8888588826952858,0.0,0.09192878642932117,0.0,0.019212330875393136
611,Dos/DDos,Dos/DDos,0.0,0.014091940491444233,0.7117515789645226,0.0,0.10470323068063679,0.00023529669547165479,0.16921795316792462
612,Normal,Normal,0.0,0.0,0.0,0.0,1.0,0.0,0.0
613,Dos/DDos,Dos/DDos,0.0,0.003983483972893301,0.9802364392175655,0.0,0.012241229161827365,3.4417133376232516e-05,0.003504430514337296
614,Dos/DDos,Dos/DDos,0.0,0.0,1.0,0.0,0.0,0.0,0.0
615,Brute Force,Brute Force,0.0,0.999975398192537,0.0,0.0,2.4601807462940075e-05,0.0,0.0
616,Normal,Normal,0.007885006470696987,0.0,0.0,0.0,0.992114993529303,0.0,0.0
617,Brute Force,Brute Force,0.0,0.9998667055532651,0.0,0.0,0.00013329444673491696,0.0,0.0
618,Normal,Normal,0.0,0.0,0.26449286819421663,0.0,0.7288730008234157,0.0066341309823677586,0.0
619,Web Attack,Web Attack,0.0,0.0,1.4083720890171383e-05,0.0,0.001550279110412039,6.30767990631958e-05,0.9983725603696344
620,Dos/DDos,Dos/DDos,0.0,0.0,1.0,0.0,0.0,0.0,0.0
621,Normal,Normal,0.0,0.047174857292616015,0.10504092842700709,0.0,0.8256211527425572,5.927272130805441e-05,0.02210378881651157
622,Dos/DDos,Dos/DDos,0.0,0.0,1.0,0.0,0.0,0.0,0.0
623,Normal,Normal,0.0,0.0,0.016621513944223107,0.00995546179090483,0.973423024264872,0.0,0.0
624,PortScan,PortScan,0.0,0.0,0.0,0.0,7.417036449015093e-05,0.9999258296355099,0.0
625,Web Attack,Web Attack,0.0,0.0,1.4083720890171383e-05,0.0,0.0014186302283242169,6.30767990631958e-05,0.9985042092517221
626,Brute Force,Brute Force,0.0,1.0,0.0,0.0,0.0,0.0,0.0
627,PortScan,PortScan,0.0,0.0,0.0,0.0,0.00010940824429178676,0.9998905917557083,0.0
628,Normal,Normal,0.0,0.0,0.0,0.0,1.0,0.0,0.0
629,Dos/DDos,Dos/DDos,0.0,0.0,1.0,0.0,0.0,0.0,0.0
630,Dos/DDos,Dos/DDos,0.0,0.0,0.9849912188268353,0.0,0.01,0.005008781173164735,0.0
631,Dos/DDos,Dos/DDos,0.0,0.003983483972893301,0.9766257814361657,0.0,0.01247540578128478,3.4417133376232516e-05,0.006880911676279728
632,Normal,Normal,0.0,0.04947947701114185,0.003078639010419189,0.0,0.880127720432062,0.0,0.06731416354637693
633,PortScan,PortScan,0.0,0.0,0.0,0.0,0.001532701481143675,0.9984672985188564,0.0
634,Normal,Normal,0.0,0.0,0.0,0.0,1.0,0.0,0.0
635,Normal,Dos/DDos,0.0,0.0,0.9507334818509392,0.0,0.04926651814906084,0.0,0.0
636,PortScan,PortScan,0.0,0.0,0.0,0.0,0.002229162826075262,0.9977708371739249,0.0
637,PortScan,PortScan,0.0,0.0,0.0,0.0,7.417036449015093e-05,0.9999258296355099,0.0
638,Dos/DDos,Dos/DDos,0.0,0.0,1.0,0.0,0.0,0.0,0.0
639,PortScan,PortScan,0.0,0.0,0.0,0.0,0.001978219536121109,0.9980217804638791,0.0
640,PortScan,PortScan,0.0,0.0,0.0,0.0,0.0017892038873217873,0.9982107961126782,0.0
641,Normal,Normal,0.0,0.0,0.0,0.0,1.0,0.0,0.0
642,PortScan,PortScan,0.0,0.0,0.0,0.0,0.004119931000825461,0.9958800689991747,0.0
643,PortScan,PortScan,0.0,0.0,0.0,0.0,0.00153553191903505,0.998464468080965,0.0
644,Brute Force,Brute Force,0.0,1.0,0.0,0.0,0.0,0.0,0.0
645,Dos/DDos,Dos/DDos,0.0,0.003983483972893301,0.9814281759400566,0.0,0.010750886841346795,0.0,0.0038374532457031356
646,PortScan,PortScan,0.0,0.0,0.0,0.0,7.417036449015093e-05,0.9999258296355099,0.0
647,Normal,Normal,0.0,0.0,0.0,0.0,1.0,0.0,0.0
648,Normal,Normal,0.06941699175924013,0.0,0.0,0.0,0.9305830082407597,0.0,0.0
649,Dos/DDos,Dos/DDos,0.0,0.0,0.9947536361158623,0.0,0.0052463638841376715,0.0,0.0
650,Dos/DDos,Dos/DDos,0.0,0.0,0.9875249431122003,0.0,0.012475056887799756,0.0,0.0
651,Normal,Normal,0.0,0.0,0.016734791927001516,0.0,0.9832652080729984,0.0,0.0
652,Brute Force,Brute Force,0.0,1.0,0.0,0.0,0.0,0.0,0.0
653,Normal,Normal,0.0,0.0,0.0,0.0,1.0,0.0,0.0
654,Brute Force,Brute Force,0.0,0.999975398192537,0.0,0.0,2.4601807462940075e-05,0.0,0.0
655,PortScan,PortScan,0.0,0.0,0.0,0.0,0.001509970432581729,0.9984900295674183,0.0
656,Dos/DDos,Dos/DDos,0.0,0.0,1.0,0.0,0.0,0.0,0.0
657,Web Attack,Web Attack,0.0,0.0,1.4083720890171383e-05,0.0,0.0010767330448849778,5.853123184749522e-05,0.9988506520023772
658,PortScan,PortScan,0.0,0.0,0.0,0.0,0.0013708639541191328,0.998629136045881,0.0
659,Dos/DDos,Dos/DDos,0.0,0.0,1.0,0.0,0.0,0.0,0.0
660,PortScan,PortScan,0.0,0.0343486077389475,0.003341161734773759,0.0,0.09909964678483782,0.8492430066412328,0.013967577100208328
661,Dos/DDos,Dos/DDos,0.0,0.0,1.0,0.0,0.0,0.0,0.0
662,Dos/DDos,Dos/DDos,0.0,0.0,1.0,0.0,0.0,0.0,0.0
663,Dos/DDos,Dos/DDos,0.0,0.0,0.9949643649959107,0.0,0.005035635004089263,0.0,0.0
664,Brute Force,Brute Force,0.0,1.0,0.0,0.0,0.0,0.0,0.0
665,Normal,Normal,0.0,0.01,0.014994082840236686,0.02,0.9487468174717526,0.0,0.006259099688010698
666,PortScan,PortScan,0.0,0.0,0.0,0.0,0.00010940824429178676,0.9998905917557083,0.0
667,PortScan,PortScan,0.0,0.0,0.0,0.0,0.002199916599990163,0.99780008340001,0.0
668,PortScan,PortScan,0.0,0.0,0.0,0.0,7.417036449015093e-05,0.9999258296355099,0.0
669,Botnet ARES,Botnet ARES,1.0,0.0,0.0,0.0,0.0,0.0,0.0
670,PortScan,PortScan,0.0,0.0,0.0,0.0,0.0033823849904575567,0.9966176150095427,0.0
671,PortScan,PortScan,0.0,0.0,0.0,0.0,0.003862340862516677,0.9961376591374836,0.0
672,Brute Force,Brute Force,0.0,0.999975398192537,0.0,0.0,2.4601807462940075e-05,0.0,0.0
673,Brute Force,Brute Force,0.0,1.0,0.0,0.0,0.0,0.0,0.0
674,PortScan,PortScan,0.0,0.0,0.0,0.0,0.0016976913101470557,0.9983023086898529,0.0
675,PortScan,PortScan,0.0,0.0,0.0,0.0,0.0016806873033864906,0.9983193126966136,0.0
676,Dos/DDos,Dos/DDos,0.0,0.0,1.0,0.0,0.0,0.0,0.0
677,Normal,Normal,0.0,0.0,0.0,0.0,1.0,0.0,0.0
678,Normal,Normal,0.0,0.0,0.0316620474010019,0.0,0.9683379525989981,0.0,0.0
679,Normal,Normal,0.0,0.0,0.0,0.0,1.0,0.0,0.0
680,Dos/DDos,Dos/DDos,0.0,0.0,1.0,0.0,0.0,0.0,0.0
681,Normal,Normal,0.0,0.0,0.0,0.0,1.0,0.0,0.0
682,Normal,Dos/DDos,0.0,0.0,0.5180383408773721,0.0,0.4819616591226278,0.0,0.0
683,PortScan,PortScan,0.0,0.0,0.0,0.0,0.001063112812623945,0.998936887187376,0.0
684,Dos/DDos,Dos/DDos,0.0,0.0,1.0,0.0,0.0,0.0,0.0
685,Normal,Normal,0.0,0.0042244166781911195,0.02842284396560294,0.0,0.9498636858968601,2.7552570450159033e-05,0.0174615008888957
686,Dos/DDos,Dos/DDos,0.0,0.0,0.9600646997836596,0.0,0.03993530021634046,0.0,0.0
687,PortScan,PortScan,0.0,0.0,0.0,0.0,0.0016622234901200867,0.99833777650988,0.0
688,PortScan,PortScan,0.0,0.0,0.0,0.0,0.00153553191903505,0.998464468080965,0.0
689,Brute Force,Brute Force,0.0,1.0,0.0,0.0,0.0,0.0,0.0
690,Dos/DDos,Dos/DDos,0.0,0.0,1.0,0.0,0.0,0.0,0.0
691,PortScan,PortScan,0.0,0.0,0.0,0.0,7.417036449015093e-05,0.9999258296355099,0.0
692,Botnet ARES,Botnet ARES,1.0,0.0,0.0,0.0,0.0,0.0,0.0
693,Normal,Normal,0.0,0.0,0.0,0.0,1.0,0.0,0.0
694,PortScan,PortScan,0.0,0.0,0.0,0.0,7.417036449015093e-05,0.9999258296355099,0.0
695,Dos/DDos,Dos/DDos,0.0,0.0,0.9774450729383746,0.0,0.01,0.002554927061625483,0.01
696,Dos/DDos,Dos/DDos,0.0,0.003983483972893301,0.9814281759400566,0.0,0.010750886841346795,0.0,0.0038374532457031356
697,Normal,Normal,0.0,0.0,0.0,0.0,1.0,0.0,0.0
698,Normal,Normal,0.0,0.0631371598410599,0.0029439974316081796,0.0,0.8437326285016497,0.0,0.09018621422568236
699,Dos/DDos,Dos/DDos,0.0,0.0,1.0,0.0,0.0,0.0,0.0
700,Dos/DDos,Dos/DDos,0.0,0.0,1.0,0.0,0.0,0.0,0.0
701,PortScan,PortScan,0.0,0.0,0.0,0.0,0.0014028033590947247,0.9985971966409053,0.0
702,Normal,Normal,0.0,0.0,0.003392587889850012,0.0,0.9966074121101499,0.0,0.0
703,Brute Force,Brute Force,0.0,0.9388543345597631,0.0029766544270049353,0.0,0.020238988597354787,0.0,0.037930022415877354
704,Brute Force,Brute Force,0.0,1.0,0.0,0.0,0.0,0.0,0.0
705,Normal,Normal,0.0,0.0,0.0,0.0,1.0,0.0,0.0
706,PortScan,PortScan,0.0,0.0,0.0,0.0,0.0025148155526011702,0.9974851844473989,0.0
707,PortScan,PortScan,0.0,0.0,0.0,0.0,0.0011043365323201682,0.9988956634676798,0.0
708,PortScan,PortScan,0.0,0.0,0.0,0.0,0.0010488510706976421,0.9989511489293024,0.0
709,Normal,Normal,0.0,0.0,0.0,0.0,1.0,0.0,0.0
710,Dos/DDos,Dos/DDos,0.0,0.003983483972893301,0.9805365730237078,0.0,0.012028923596920814,0.0,0.0034510194064778068
711,Normal,Normal,0.0,0.0,0.0,0.00985493898227032,0.9876631929830579,0.0024818680346718556,0.0
712,Normal,Normal,0.0,0.0,0.0,0.0,1.0,0.0,0.0
713,Normal,Normal,0.0,0.0,0.0,0.0,1.0,0.0,0.0
714,Dos/DDos,Dos/DDos,0.0,0.0,1.0,0.0,0.0,0.0,0.0
715,Dos/DDos,Dos/DDos,0.0,0.0,1.0,0.0,0.0,0.0,0.0
716,Dos/DDos,Dos/DDos,0.0,0.0,1.0,0.0,0.0,0.0,0.0
717,Dos/DDos,Dos/DDos,0.0,0.0,1.0,0.0,0.0,0.0,0.0
718,Normal,Normal,0.0,0.0,0.0,0.0,1.0,0.0,0.0
719,Normal,Normal,0.0,0.0,0.007036344755970925,0.0,0.9929636552440292,0.0,0.0
720,Normal,Normal,0.0,0.0,0.0,0.0,1.0,0.0,0.0
721,Dos/DDos,Dos/DDos,0.0,0.0,1.0,0.0,0.0,0.0,0.0
722,Dos/DDos,Dos/DDos,0.0,0.0,0.99,0.0,0.01,0.0,0.0
723,PortScan,PortScan,0.0,0.0,0.0,0.0,0.001532701481143675,0.9984672985188564,0.0
724,Dos/DDos,Dos/DDos,0.0,0.0,1.0,0.0,0.0,0.0,0.0
725,PortScan,PortScan,0.0,0.0,0.0,0.0,0.0013708639541191328,0.998629136045881,0.0
726,PortScan,PortScan,0.0,0.0,0.0,0.0,7.417036449015093e-05,0.9999258296355099,0.0
727,PortScan,PortScan,0.0,0.0,0.0,0.0,0.0019495741385205986,0.9980504258614795,0.0
728,Brute Force,Brute Force,0.0,0.966727187630533,0.0029766544270049353,0.0,0.011254272568067127,0.0,0.019041885374395086
729,Dos/DDos,Dos/DDos,0.0,0.0,0.8690245946207165,0.0,0.1309754053792834,0.0,0.0
730,Dos/DDos,Dos/DDos,0.0,0.0,1.0,0.0,0.0,0.0,0.0
731,Normal,Normal,0.0,0.0,0.0,0.0,1.0,0.0,0.0
732,Dos/DDos,Dos/DDos,0.0,0.0,0.8544140186737321,0.0,0.145585981326268,0.0,0.0
733,PortScan,PortScan,0.0,0.0,0.0,0.0,0.00010940824429178676,0.9998905917557083,0.0
734,Normal,Normal,0.0,0.0,0.0,0.0,1.0,0.0,0.0
735,Normal,Normal,0.0,0.006714575847523825,0.01,0.0,0.9766528118131035,0.006632612339372655,0.0
736,PortScan,PortScan,0.0,0.0,0.0,0.0,0.0013080523585861754,0.9986919476414138,0.0
737,PortScan,PortScan,0.0,0.0,0.0,0.0,0.0012545663175091539,0.9987454336824909,0.0
738,PortScan,PortScan,0.0,0.0,0.0,0.0,7.417036449015093e-05,0.9999258296355099,0.0
739,Web Attack,Web Attack,0.0,0.0,1.4083720890171383e-05,0.0,0.0013977305287910119,6.30767990631958e-05,0.9985251089512555
740,Brute Force,Brute Force,0.0,0.9998667055532651,0.0,0.0,0.00013329444673491696,0.0,0.0
741,Normal,Normal,0.0,0.0,0.0,0.009977050368401982,0.980022949631598,0.01,0.0
742,PortScan,PortScan,0.0,0.0,0.0,0.0,0.00010940824429178676,0.9998905917557083,0.0
743,Dos/DDos,Dos/DDos,0.0,0.0,1.0,0.0,0.0,0.0,0.0
744,Dos/DDos,Dos/DDos,0.0,0.0007443191035267758,0.9869302150186618,0.0,0.008293693213609463,0.00012124242513444596,0.003910530239067575
745,Dos/DDos,Dos/DDos,0.0,0.003983483972893301,0.9798816115588964,0.0,0.012874207505941268,3.4417133376232516e-05,0.003226279828892521
746,Dos/DDos,Dos/DDos,0.0,0.003983483972893301,0.9695238850888301,0.0,0.011530308789133742,3.4417133376232516e-05,0.014927905015766232
747,Normal,Normal,0.0,0.0,0.0,0.0,1.0,0.0,0.0
748,Normal,Normal,0.0,0.06310091554580623,0.0029439974316081796,0.0,0.8067563819531057,0.0,0.12719870506947986
749,PortScan,PortScan,0.0,0.0,0.0,0.0,7.417036449015093e-05,0.9999258296355099,0.0
750,Brute Force,Brute Force,0.0,1.0,0.0,0.0,0.0,0.0,0.0
751,Brute Force,Brute Force,0.0,1.0,0.0,0.0,0.0,0.0,0.0
752,Dos/DDos,Dos/DDos,0.0,0.0,0.9898945503172455,0.0,0.01010544968275453,0.0,0.0
753,PortScan,PortScan,0.0,0.0,0.0,0.0,0.0015178542559857607,0.9984821457440143,0.0
754,Dos/DDos,Dos/DDos,0.0,0.0,0.9779496109701191,0.0,0.022050389029880924,0.0,0.0
755,PortScan,PortScan,0.0,0.0,0.0,0.0,0.0010488510706976421,0.9989511489293024,0.0
756,PortScan,PortScan,0.0,0.0,0.0,0.0,0.00010940824429178676,0.9998905917557083,0.0
757,Normal,Normal,0.0,0.0,0.0,0.0,1.0,0.0,0.0
758,PortScan,PortScan,0.0,0.0,0.0,0.0,0.0024568433805013026,0.9975431566194989,0.0
759,PortScan,PortScan,0.0,0.0,0.0,0.0,7.417036449015093e-05,0.9999258296355099,0.0
760,Brute Force,Brute Force,0.0,0.999975398192537,0.0,0.0,2.4601807462940075e-05,0.0,0.0
761,Dos/DDos,Dos/DDos,0.0,0.0,0.9349931421341409,0.0,0.06500685786585912,0.0,0.0
762,Dos/DDos,Dos/DDos,0.0,0.003983483972893301,0.9794814049301683,0.0,0.012731975060797197,3.4417133376232516e-05,0.0037687189027646585
763,Dos/DDos,Dos/DDos,0.0,0.025013688846565886,0.9283059844874434,0.0,0.046680326665990764,0.0,0.0
764,Dos/DDos,Dos/DDos,0.0,0.0,1.0,0.0,0.0,0.0,0.0
765,Normal,Normal,0.0,0.0,0.0,0.0,1.0,0.0,0.0
766,PortScan,PortScan,0.0,0.0,0.0,0.0,0.002199916599990163,0.99780008340001,0.0
767,Dos/DDos,Dos/DDos,0.0,0.0,1.0,0.0,0.0,0.0,0.0
768,Normal,Normal,0.0,0.0025580011897679954,0.027521322889469103,0.0,0.9498936673188271,0.020027008601935764,0.0
769,Brute Force,Brute Force,0.0,1.0,0.0,0.0,0.0,0.0,0.0
770,PortScan,PortScan,0.0,0.0,0.0,0.0,7.417036449015093e-05,0.9999258296355099,0.0
771,PortScan,PortScan,0.0,0.0,0.0,0.0,0.0013708639541191328,0.998629136045881,0.0
772,Normal,Normal,0.0,0.0,1.4083720890171383e-05,0.0,0.6675001112490742,5.561617899280442e-05,0.33243018885104286
773,PortScan,PortScan,0.0,0.0,0.0,0.0,0.0018200521295441874,0.9981799478704559,0.0
774,PortScan,PortScan,0.0,0.0,0.0,0.0,0.0031156910669122816,0.9968843089330879,0.0
775,PortScan,PortScan,0.0,0.0,0.0,0.0,7.417036449015093e-05,0.9999258296355099,0.0
776,Dos/DDos,Dos/DDos,0.0,0.0,0.9949871103820014,0.0,0.005012889617998594,0.0,0.0
777,PortScan,PortScan,0.0,0.0,0.0,0.0,0.0024568433805013026,0.9975431566194989,0.0
778,Normal,Normal,0.01,0.01,0.04341439045772278,0.009941107184923439,0.8589552738275138,0.0,0.06768922852983988
779,PortScan,PortScan,0.0,0.0,0.0,0.0,0.0012545663175091539,0.9987454336824909,0.0
780,Dos/DDos,Dos/DDos,0.0,0.003983483972893301,0.9778175181586568,0.0,0.01098506346080421,0.0,0.007213934407645568
781,Brute Force,Brute Force,0.0,1.0,0.0,0.0,0.0,0.0,0.0
782,PortScan,PortScan,0.0,0.0,0.0,0.0,0.0016420042152960868,0.998357995784704,0.0
783,Botnet ARES,Botnet ARES,0.999774330969387,0.0,0.0,0.0,0.00022566903061300287,0.0,0.0
784,PortScan,PortScan,0.0,0.0,0.0,0.0,0.001509970432581729,0.9984900295674183,0.0
785,PortScan,PortScan,0.0,0.0,0.0,0.0,7.417036449015093e-05,0.9999258296355099,0.0
786,Normal,Normal,0.0,0.003983483972893301,0.0755030825475414,0.0,0.9157652312530401,0.0,0.004748202226525226
787,Normal,Normal,0.0,0.0,0.0,0.0,1.0,0.0,0.0
788,Normal,Normal,0.0,0.03771030185234563,0.0029439974316081796,0.0,0.9054246485450433,0.0,0.05392105217100292
789,Dos/DDos,Dos/DDos,0.0,0.0,1.0,0.0,0.0,0.0,0.0
790,Normal,Normal,0.0,0.0,0.15442084835362468,0.0,0.8390142928883624,0.006564858758012889,0.0
791,Normal,Normal,0.0,0.0,0.0,0.0,1.0,0.0,0.0
792,Normal,Normal,0.0,0.004988251879699248,0.021280888581569256,0.0,0.9350579318131292,0.0,0.03867292772560229
793,Dos/DDos,Dos/DDos,0.0,0.0,0.936682499039538,0.0,0.06331750096046183,0.0,0.0
794,Normal,Normal,0.08976185906348683,0.0,0.0,0.0,0.9102381409365132,0.0,0.0
795,Brute Force,Brute Force,0.0,0.999975398192537,0.0,0.0,2.4601807462940075e-05,0.0,0.0
796,Dos/DDos,Dos/DDos,0.0,0.0,0.9947728116875078,0.0,0.0,0.0,0.005227188312492261
797,Normal,Normal,0.0,0.0,0.0,0.0,1.0,0.0,0.0
798,Normal,Normal,0.0,0.0,0.0,0.0,1.0,0.0,0.0
799,Dos/DDos,Dos/DDos,0.0,0.0,1.0,0.0,0.0,0.0,0.0
800,Normal,Normal,0.0,0.0,0.0,0.0,1.0,0.0,0.0
801,Normal,Normal,0.04535294679014206,0.00020904546153226817,8.545250296530551e-05,0.0,0.9453990318791066,0.0,0.008953523366253668
802,PortScan,PortScan,0.0,0.0,0.0,0.0,8.56493160846622e-05,0.9999143506839154,0.0
803,Normal,Normal,0.0,0.0,0.0,0.0,1.0,0.0,0.0
804,Dos/DDos,Dos/DDos,0.0,0.0,0.7636830744912231,0.0,0.23463657841684438,0.0016803470919324575,0.0
805,Normal,Normal,0.0,0.0,0.0,0.0,1.0,0.0,0.0
806,Dos/DDos,Dos/DDos,0.0,0.0,1.0,0.0,0.0,0.0,0.0
807,PortScan,PortScan,0.0,0.0,0.0,0.0,0.0031156910669122816,0.9968843089330879,0.0
808,PortScan,PortScan,0.0,0.0,0.0,0.0,0.00010940824429178676,0.9998905917557083,0.0
809,Dos/DDos,Dos/DDos,0.0,0.0,1.0,0.0,0.0,0.0,0.0
810,PortScan,PortScan,0.0,0.0,0.0,0.0,0.00010940824429178676,0.9998905917557083,0.0
811,Normal,Normal,0.0,0.0,1.4083720890171383e-05,0.0,0.5963442602082019,6.0161746208505e-05,0.40358149432469953
812,PortScan,PortScan,0.0,0.0,0.0,0.0,0.002643876133466521,0.9973561238665336,0.0
813,PortScan,PortScan,0.0,0.0,0.0,0.0,7.417036449015093e-05,0.9999258296355099,0.0
814,Normal,Normal,0.0,0.0,0.0,0.0,1.0,0.0,0.0
815,PortScan,PortScan,0.0,0.0,0.0,0.0,0.002199916599990163,0.99780008340001,0.0
816,Normal,Normal,0.0056080808080808085,0.0,0.131084184848958,0.009968775297791142,0.7581209590880705,0.018327202421876222,0.07689079753522321
817,Dos/DDos,Dos/DDos,0.0,0.0,1.0,0.0,0.0,0.0,0.0
818,Dos/DDos,Dos/DDos,0.0,0.0,1.0,0.0,0.0,0.0,0.0
819,Brute Force,Brute Force,0.0,0.9606661601799914,0.0029766544270049353,0.0,0.013071659635060575,0.0,0.023285525757943223
820,PortScan,PortScan,0.0,0.0,0.0,0.0,0.002134621236087131,0.9978653787639131,0.0
821,Dos/DDos,Dos/DDos,0.0,0.0,1.0,0.0,0.0,0.0,0.0
822,Normal,Normal,0.0,0.0,0.0,0.0,1.0,0.0,0.0
823,PortScan,PortScan,0.0,0.0,0.0,0.0,0.00153553191903505,0.998464468080965,0.0
824,Dos/DDos,Dos/DDos,0.0,0.0005642355865321211,0.9923330390484287,0.0,0.0057029548320273096,0.00023947373719105728,0.0011602967958208664
825,PortScan,PortScan,0.0,0.0,0.0,0.0,7.417036449015093e-05,0.9999258296355099,0.0
826,Brute Force,Brute Force,0.0,0.9998667055532651,0.0,0.0,0.00013329444673491696,0.0,0.0
827,PortScan,PortScan,0.0,0.0,0.0,0.0,0.00010940824429178676,0.9998905917557083,0.0
828,Normal,Normal,0.0,0.0,0.0,0.0,1.0,0.0,0.0
829,Normal,Normal,0.0,0.0,0.0,0.0,1.0,0.0,0.0
830,PortScan,PortScan,0.0,0.0,0.0,0.0,7.417036449015093e-05,0.9999258296355099,0.0
831,PortScan,PortScan,0.0,0.0,0.0,0.0,7.417036449015093e-05,0.9999258296355099,0.0
832,PortScan,PortScan,0.0,0.0,0.0,0.0,0.0035049851002136325,0.9964950148997866,0.0
833,Dos/DDos,Dos/DDos,0.0,0.0,0.9654902968592343,0.0,0.0345097031407657,0.0,0.0
834,Botnet ARES,Botnet ARES,0.9918020444780201,0.0,0.0,0.0,0.008197955521979643,0.0,0.0
835,Normal,Normal,0.2746236454517507,0.0,0.0,0.0,0.7253763545482492,0.0,0.0
836,PortScan,PortScan,0.0,0.0,0.0,0.0,0.0013580039633584676,0.9986419960366415,0.0
837,PortScan,PortScan,0.0,0.0,0.0,0.0,0.00010940824429178676,0.9998905917557083,0.0
838,Normal,Normal,0.0,0.0004168430889403668,0.13107751647543556,0.0,0.8676319377653847,5.658520010138338e-05,0.000817117470137905
839,Normal,Normal,0.0,0.0,0.0,0.0,1.0,0.0,0.0
840,PortScan,PortScan,0.0,0.0,0.0,0.0,0.003522005643906805,0.9964779943560934,0.0
841,PortScan,PortScan,0.0,0.0,0.0,0.0,0.00010940824429178676,0.9998905917557083,0.0
842,Normal,Normal,0.0,0.0,0.0,0.0,1.0,0.0,0.0
843,Normal,Normal,0.01650482462858018,0.0,0.0,0.0,0.9634951753714199,0.02,0.0
844,PortScan,PortScan,0.0,0.0,0.0,0.0,0.002199916599990163,0.99780008340001,0.0
845,Normal,Normal,0.07431471669326645,0.0,0.0,0.0,0.9256852833067335,0.0,0.0
846,Normal,Normal,0.0,0.0,0.0,0.0,1.0,0.0,0.0
847,Dos/DDos,Dos/DDos,0.0,0.0,1.0,0.0,0.0,0.0,0.0
848,Normal,Normal,0.0,0.0,0.20581218767810536,0.0,0.7941878123218946,0.0,0.0
849,PortScan,PortScan,0.0,0.0,0.0,0.0,7.417036449015093e-05,0.9999258296355099,0.0
850,Web Attack,Web Attack,0.0,0.0,1.4083720890171383e-05,0.0,0.0010767330448849778,5.853123184749522e-05,0.9988506520023772
851,Dos/DDos,Dos/DDos,0.0,0.0,1.0,0.0,0.0,0.0,0.0
852,Normal,Normal,0.0,0.01,0.0,0.01991798439919615,0.8873163415434607,0.018366961762729436,0.06439871229461383
853,Brute Force,Brute Force,0.0,1.0,0.0,0.0,0.0,0.0,0.0
854,PortScan,PortScan,0.0,0.0,0.0,0.0,0.0014028033590947247,0.9985971966409053,0.0
855,PortScan,PortScan,0.0,0.0,0.0,0.0,0.0007067214612540124,0.9992932785387459,0.0
856,Botnet ARES,Botnet ARES,0.9918616591916896,0.0,0.0,0.0,0.008138340808310496,0.0,0.0
857,Normal,Normal,0.0,0.0,0.012465279784853256,0.009973360495181384,0.9775613597199653,0.0,0.0
858,Dos/DDos,Dos/DDos,0.0,0.0,0.8890827030989062,0.0,0.1009172969010936,0.0,0.01
859,Web Attack,Web Attack,0.0,0.0,1.4083720890171383e-05,0.0,0.0013872884381312548,6.30767990631958e-05,0.9985355510419153
860,PortScan,PortScan,0.0,0.0,0.0,0.0,0.00010940824429178676,0.9998905917557083,0.0
861,Brute Force,Brute Force,0.0,0.9998667055532651,0.0,0.0,0.00013329444673491696,0.0,0.0
862,PortScan,PortScan,0.0,0.0,0.0,0.0,0.00010940824429178676,0.9998905917557083,0.0
863,Dos/DDos,Dos/DDos,0.0,0.0,1.0,0.0,0.0,0.0,0.0
864,Dos/DDos,Dos/DDos,0.0,0.003983483972893301,0.9808712640390088,0.0,0.011992838179609453,3.4417133376232516e-05,0.003117996675111967
865,Normal,Normal,0.0,0.010427589361701876,0.15656511851493096,0.0,0.8158412938533094,0.0,0.017165998270057697
866,Dos/DDos,Dos/DDos,0.0,0.0,1.0,0.0,0.0,0.0,0.0
867,Normal,Normal,0.0,0.0,0.0,0.0,1.0,0.0,0.0
868,PortScan,PortScan,0.0,0.0,0.0,0.0,0.0018200521295441874,0.9981799478704559,0.0
869,Normal,Normal,0.0,0.0,0.0,0.0,1.0,0.0,0.0
870,Dos/DDos,Dos/DDos,0.0,0.0,1.0,0.0,0.0,0.0,0.0
871,PortScan,PortScan,0.0,0.0,0.0,0.0,0.0017248012932773783,0.9982751987067228,0.0
872,Brute Force,Brute Force,0.0,0.9604793911057681,0.0029766544270049353,0.0,0.013258428709283907,0.0,0.023285525757943223
873,Dos/DDos,Dos/DDos,0.0,0.0,1.0,0.0,0.0,0.0,0.0
874,PortScan,PortScan,0.0,0.0,0.0,0.0,0.00010940824429178676,0.9998905917557083,0.0
875,Brute Force,Brute Force,0.0,0.9604793911057681,0.0029766544270049353,0.0,0.013258428709283907,0.0,0.023285525757943223
876,PortScan,PortScan,0.0,0.0,0.0,0.0,0.00010940824429178676,0.9998905917557083,0.0
877,PortScan,PortScan,0.0,0.0,0.0,0.0,0.0013708639541191328,0.998629136045881,0.0
878,PortScan,PortScan,0.0,0.0,0.0,0.0,0.0017248012932773783,0.9982751987067228,0.0
879,Dos/DDos,Dos/DDos,0.0,0.0,1.0,0.0,0.0,0.0,0.0
880,Normal,Normal,0.0,0.0,0.0,0.0,1.0,0.0,0.0
881,Normal,Normal,0.0,0.0,0.0,0.0,1.0,0.0,0.0
882,PortScan,PortScan,0.0,0.0,0.0,0.0,0.0012883652323876355,0.9987116347676124,0.0
883,Dos/DDos,Dos/DDos,0.0,0.003983483972893301,0.9805892401450342,0.0,0.01146265546768682,3.4417133376232516e-05,0.003930203281009192
884,Botnet ARES,Botnet ARES,0.999774330969387,0.0,0.0,0.0,0.00022566903061300287,0.0,0.0
885,Dos/DDos,Dos/DDos,0.0,0.0,0.9298798547482187,0.0,0.07012014525178123,0.0,0.0
886,PortScan,PortScan,0.0,0.0,0.0,0.0,7.417036449015093e-05,0.9999258296355099,0.0
887,Normal,Normal,0.0,0.0,0.06328161495683844,0.0,0.9113722508980726,0.0,0.025346134145089065
888,Dos/DDos,Dos/DDos,0.0,0.0,0.8049917634580822,0.0,0.19500823654191773,0.0,0.0
889,Normal,Normal,0.0,0.0,0.0,0.0,1.0,0.0,0.0
890,PortScan,PortScan,0.0,0.0,0.0,0.0,0.0035049851002136325,0.9964950148997866,0.0
891,Normal,Normal,0.0,0.0,0.2314814337712482,0.0,0.7685185662287517,0.0,0.0
892,Botnet ARES,Botnet ARES,1.0,0.0,0.0,0.0,0.0,0.0,0.0
893,Dos/DDos,Dos/DDos,0.0,0.0,0.9466807625796434,0.0,0.0184186346943838,0.0074614557188956605,0.027439147007077072
894,PortScan,PortScan,0.0,0.0,0.0,0.0,7.417036449015093e-05,0.9999258296355099,0.0
895,PortScan,PortScan,0.0,0.0,0.0,0.0,0.0006820537407787308,0.9993179462592212,0.0
896,Normal,Normal,0.0,0.0,0.0,0.0,1.0,0.0,0.0
897,Normal,Normal,0.0,0.0,0.006634915677701437,0.0,0.9833650843222986,0.0,0.01
898,Dos/DDos,Dos/DDos,0.0,0.0,1.0,0.0,0.0,0.0,0.0
899,Brute Force,Brute Force,0.0,1.0,0.0,0.0,0.0,0.0,0.0
900,Normal,Normal,0.0,0.0,0.0,0.0,1.0,0.0,0.0
901,Web Attack,Web Attack,0.0,0.0,0.0,0.0,0.0,0.0,1.0
902,Normal,Normal,0.0,0.0,0.0,0.0,1.0,0.0,0.0
903,Dos/DDos,Dos/DDos,0.0,0.003983483972893301,0.9802364392175655,0.0,0.012241229161827365,3.4417133376232516e-05,0.003504430514337296
904,Normal,Normal,0.0,0.0,0.0,0.0,1.0,0.0,0.0
905,Normal,Normal,0.0,0.06073400294521294,0.0029439974316081796,0.0,0.851891411266517,0.0,0.0844305883566618
906,Normal,Normal,0.0,0.0,0.005082469368520264,0.0,0.9949175306314797,0.0,0.0
907,Dos/DDos,Dos/DDos,0.0,0.0,1.0,0.0,0.0,0.0,0.0
908,Normal,Normal,0.0,0.0,0.012511412852627881,0.0,0.9874885871473721,0.0,0.0
909,Normal,Normal,0.0,0.0,0.0,0.0,1.0,0.0,0.0
910,Dos/DDos,Dos/DDos,0.0,0.0,1.0,0.0,0.0,0.0,0.0
911,PortScan,PortScan,0.0,0.0,0.0,0.0,0.001396933425760052,0.9986030665742399,0.0
912,Brute Force,Brute Force,0.0,0.999975398192537,0.0,0.0,2.4601807462940075e-05,0.0,0.0
913,Dos/DDos,Dos/DDos,0.0,0.0,0.9949690817874227,0.0,0.005030918212577295,0.0,0.0
914,Dos/DDos,Dos/DDos,0.0,0.0,1.0,0.0,0.0,0.0,0.0
915,Normal,Normal,0.0,0.0,0.0,0.0,1.0,0.0,0.0
916,Dos/DDos,Dos/DDos,0.0,0.0,0.830190324228899,0.0,0.16980967577110076,0.0,0.0
917,PortScan,PortScan,0.0,0.0,0.0,0.0,0.0017892038873217873,0.9982107961126782,0.0
918,Dos/DDos,Dos/DDos,0.0,0.0,0.9933163994284807,0.0,0.006683600571519289,0.0,0.0
919,Dos/DDos,Dos/DDos,0.0,0.0,1.0,0.0,0.0,0.0,0.0
920,PortScan,PortScan,0.0,0.0,0.0,0.0,0.001978219536121109,0.9980217804638791,0.0
921,Normal,Normal,0.0,0.0,0.0,0.0,1.0,0.0,0.0
922,Normal,Normal,0.0,0.0,0.0,0.0,1.0,0.0,0.0
923,PortScan,PortScan,0.0,0.0,0.0,0.0,7.417036449015093e-05,0.9999258296355099,0.0
924,Brute Force,Brute Force,0.0,0.999975398192537,0.0,0.0,2.4601807462940075e-05,0.0,0.0
925,PortScan,PortScan,0.0,0.0,0.0,0.0,7.417036449015093e-05,0.9999258296355099,0.0
926,Dos/DDos,Dos/DDos,0.0,0.003983483972893301,0.9815127929338593,0.0,0.009805789849195758,0.0,0.004697933244051386
927,Normal,Normal,0.0,0.0,0.0,0.0,1.0,0.0,0.0
928,Dos/DDos,Dos/DDos,0.0,0.0005642355865321211,0.9914636341199922,0.0,0.006606776893840031,0.00020505660381482473,0.0011602967958208664
929,Dos/DDos,Dos/DDos,0.0,0.0,1.0,0.0,0.0,0.0,0.0
930,PortScan,PortScan,0.0,0.0,0.0,0.0,7.417036449015093e-05,0.9999258296355099,0.0
931,Normal,Normal,0.0,0.0,0.0,0.0,1.0,0.0,0.0
932,Normal,Normal,0.0,0.0,0.005045656754858348,0.0,0.9849543432451416,0.003759594496741492,0.006240405503258508
933,Normal,Normal,0.025809724558222846,0.0,0.024563662340736096,0.0,0.5233923632734313,0.13127419457815465,0.29496005524945496
934,Brute Force,Brute Force,0.0,1.0,0.0,0.0,0.0,0.0,0.0
935,Dos/DDos,Dos/DDos,0.0,0.0,0.9733476122481357,0.0,0.026652387751864192,0.0,0.0
936,PortScan,PortScan,0.0,0.0,0.0,0.0,7.417036449015093e-05,0.9999258296355099,0.0
937,Dos/DDos,Dos/DDos,0.0,0.0,1.0,0.0,0.0,0.0,0.0
938,Normal,Normal,0.0,0.0,0.0,0.0,1.0,0.0,0.0
939,Dos/DDos,Dos/DDos,0.0,0.0005642355865321211,0.9914636341199922,0.0,0.006606776893840031,0.00020505660381482473,0.0011602967958208664
940,Dos/DDos,Dos/DDos,0.0,0.0,1.0,0.0,0.0,0.0,0.0
941,Normal,Normal,0.0,0.01,0.026713416043769745,0.009972822876048682,0.9533137610801816,0.0,0.0
942,Dos/DDos,Dos/DDos,0.0,0.0,1.0,0.0,0.0,0.0,0.0
943,Normal,Normal,0.0,0.0,0.0,0.0,1.0,0.0,0.0
944,PortScan,PortScan,0.0,0.0,0.0,0.0,0.00010940824429178676,0.9998905917557083,0.0
945,Normal,Normal,0.0,0.0,0.0,0.0,1.0,0.0,0.0
946,Dos/DDos,Dos/DDos,0.0,0.0,1.0,0.0,0.0,0.0,0.0
947,Brute Force,Brute Force,0.0,1.0,0.0,0.0,0.0,0.0,0.0
948,Normal,Normal,0.0,0.0,0.0,0.0,1.0,0.0,0.0
949,Brute Force,Brute Force,0.0,0.9998667055532651,0.0,0.0,0.00013329444673491696,0.0,0.0
950,Normal,Normal,0.0,0.0,0.0,0.0,1.0,0.0,0.0
951,Brute Force,Brute Force,0.0,0.999975398192537,0.0,0.0,2.4601807462940075e-05,0.0,0.0
952,Brute Force,Brute Force,0.0,1.0,0.0,0.0,0.0,0.0,0.0
953,Normal,Normal,0.10429802062415895,0.008716341196257658,0.0,0.0,0.8769856381795833,0.01,0.0
954,Dos/DDos,Dos/DDos,0.0,0.0,1.0,0.0,0.0,0.0,0.0
955,PortScan,PortScan,0.0,0.0,0.0,0.0,0.0010488510706976421,0.9989511489293024,0.0
956,Dos/DDos,Dos/DDos,0.0,0.0,0.7532930260405781,0.0,0.24670697395942198,0.0,0.0
957,Normal,Normal,0.0,0.0,0.01,0.0,0.99,0.0,0.0
958,PortScan,PortScan,0.0,0.0,0.0,0.0,7.417036449015093e-05,0.9999258296355099,0.0
959,Normal,Normal,0.0,0.004940730203888098,0.01,0.0,0.9850592697961119,0.0,0.0
960,Dos/DDos,Dos/DDos,0.0,0.0,0.8824291530399235,0.0,0.11757084696007639,0.0,0.0
961,Botnet ARES,Botnet ARES,0.999774330969387,0.0,0.0,0.0,0.00022566903061300287,0.0,0.0
962,PortScan,PortScan,0.0,0.0,0.0,0.0,0.002643876133466521,0.9973561238665336,0.0
963,Brute Force,Brute Force,0.0,1.0,0.0,0.0,0.0,0.0,0.0
964,PortScan,PortScan,0.0,0.0,0.0,0.0,0.002930293391669669,0.9970697066083304,0.0
965,Brute Force,Brute Force,0.0,1.0,0.0,0.0,0.0,0.0,0.0
966,Dos/DDos,Dos/DDos,0.0,0.0,0.9760012691105914,0.0,0.023998730889408598,0.0,0.0
967,PortScan,PortScan,0.0,0.0,0.0,0.0,0.00010940824429178676,0.9998905917557083,0.0
968,Brute Force,Brute Force,0.0,0.999975398192537,0.0,0.0,2.4601807462940075e-05,0.0,0.0
969,Dos/DDos,Dos/DDos,0.0,0.0,1.0,0.0,0.0,0.0,0.0
970,Normal,Normal,0.0,0.0,0.0,0.0,1.0,0.0,0.0
971,Normal,Normal,0.0,0.0,0.0,0.0,1.0,0.0,0.0
972,Dos/DDos,Dos/DDos,0.0,0.0,0.9596001364521194,0.0,0.03275238282347673,0.0,0.007647480724403802
973,Normal,Normal,0.0,0.0,0.0,0.0,1.0,0.0,0.0
974,Dos/DDos,Dos/DDos,0.0,0.0,1.0,0.0,0.0,0.0,0.0
975,Normal,Normal,0.0,0.0,0.0,0.0,1.0,0.0,0.0
976,Dos/DDos,Dos/DDos,0.0,0.003983483972893301,0.9802364392175655,0.0,0.012241229161827365,3.4417133376232516e-05,0.003504430514337296
977,Dos/DDos,Dos/DDos,0.0,0.003983483972893301,0.9803068290003795,0.0,0.012557273218238836,3.4417133376232516e-05,0.003117996675111967
978,Normal,Normal,0.008020622353157798,0.006714575847523825,0.0396675896909988,0.039758645534431564,0.8958104955549285,0.01002807101895937,0.0
979,Dos/DDos,Dos/DDos,0.0,0.00032747601458640906,0.955916773615301,0.0,0.034989533027295246,0.00014479321798189455,0.008621424124835637
980,Normal,Normal,0.0,0.0,0.0,0.0,1.0,0.0,0.0
981,Normal,Normal,0.0,0.0,0.01672748538011696,0.0,0.9832725146198831,0.0,0.0
982,Normal,Normal,0.0,0.0,0.0,0.0,1.0,0.0,0.0
983,Normal,Normal,0.0,0.0,0.0,0.0,1.0,0.0,0.0
984,Normal,Normal,0.0,0.0,0.01,0.02997357840321654,0.9600264215967834,0.0,0.0
985,Dos/DDos,Dos/DDos,0.0,0.0,1.0,0.0,0.0,0.0,0.0
986,PortScan,PortScan,0.0,0.0,0.0,0.0,0.0013708639541191328,0.998629136045881,0.0
987,Dos/DDos,Dos/DDos,0.0,0.0,1.0,0.0,0.0,0.0,0.0
988,PortScan,PortScan,0.0,0.0,0.0,0.0,0.0013851256960454358,0.9986148743039546,0.0
989,Dos/DDos,Dos/DDos,0.0,0.0,1.0,0.0,0.0,0.0,0.0
990,Brute Force,Brute Force,0.0,0.999975398192537,0.0,0.0,2.4601807462940075e-05,0.0,0.0
991,Dos/DDos,Dos/DDos,0.0,0.0,1.0,0.0,0.0,0.0,0.0
992,Dos/DDos,Dos/DDos,0.0,0.003983483972893301,0.9805365730237078,0.0,0.012028923596920814,0.0,0.0034510194064778068
993,Brute Force,Brute Force,0.0,1.0,0.0,0.0,0.0,0.0,0.0
994,PortScan,PortScan,0.0,0.0,0.0,0.0,0.00010940824429178676,0.9998905917557083,0.0
995,Dos/DDos,Dos/DDos,0.0,0.0,1.0,0.0,0.0,0.0,0.0
996,Dos/DDos,Dos/DDos,0.0,0.0,1.0,0.0,0.0,0.0,0.0
997,Dos/DDos,Dos/DDos,0.0,0.003983483972893301,0.9802364392175655,0.0,0.012241229161827365,3.4417133376232516e-05,0.003504430514337296
998,Web Attack,Web Attack,0.0,0.0,1.4083720890171383e-05,0.0,0.0014052859806130125,6.30767990631958e-05,0.9985175534994335
999,PortScan,PortScan,0.0,0.0,0.0,0.0,7.417036449015093e-05,0.9999258296355099,0.0
1000,PortScan,PortScan,0.0,0.0,0.0,0.0,7.417036449015093e-05,0.9999258296355099,0.0
1001,Web Attack,Web Attack,0.0,0.0,1.4083720890171383e-05,0.0,0.002574977455628502,0.00011159665123210415,0.9972993421722491
1002,Dos/DDos,Dos/DDos,0.0,0.0,0.7804167736679887,0.0,0.18871505042680092,0.03086817590521029,0.0
1003,Normal,Normal,0.007525300180732917,0.0005134639524565267,8.545250296530551e-05,0.0,0.9817190990780513,0.0,0.010156684285793898
1004,PortScan,PortScan,0.0,0.0,0.0,0.0,0.0013708639541191328,0.998629136045881,0.0
1005,PortScan,PortScan,0.0,0.0,0.0,0.0,0.0038068239457884918,0.9961931760542118,0.0
1006,Brute Force,Brute Force,0.0,0.9998667055532651,0.0,0.0,0.00013329444673491696,0.0,0.0
1007,Dos/DDos,Dos/DDos,0.0,0.0008876636222063219,0.9941951758218588,0.0,0.004917160555934901,0.0,0.0
1008,PortScan,PortScan,0.0,0.0,0.0,0.0,0.0007209832031803154,0.9992790167968196,0.0
1009,Dos/DDos,Dos/DDos,0.0,0.0,1.0,0.0,0.0,0.0,0.0
1010,Normal,Normal,0.0,0.0,0.0,0.0,1.0,0.0,0.0
1011,PortScan,PortScan,0.0,0.0,0.0,0.0,0.0017390630352036819,0.9982609369647963,0.0
1012,Normal,Normal,0.0,0.0,0.005011104617182935,0.0,0.994988895382817,0.0,0.0
1013,Brute Force,Brute Force,0.0,0.9998667055532651,0.0,0.0,0.00013329444673491696,0.0,0.0
1014,Dos/DDos,Dos/DDos,0.0,0.0,1.0,0.0,0.0,0.0,0.0
1015,Normal,Normal,0.0,0.0,0.08857029482147638,0.0,0.9114297051785236,0.0,0.0
1016,Normal,Normal,0.0,0.0,0.0,0.0,1.0,0.0,0.0
1017,Dos/DDos,Dos/DDos,0.0,0.0,1.0,0.0,0.0,0.0,0.0
1018,Brute Force,Brute Force,0.0,1.0,0.0,0.0,0.0,0.0,0.0
1019,Dos/DDos,Dos/DDos,0.0,0.0,1.0,0.0,0.0,0.0,0.0
1020,PortScan,PortScan,0.0,0.0,0.0,0.0,0.0011678408231380996,0.9988321591768619,0.0
1021,Dos/DDos,Dos/DDos,0.0,0.0,1.0,0.0,0.0,0.0,0.0
1022,Dos/DDos,Dos/DDos,0.0,0.004961715160796324,0.8802987805349102,0.009909720845400734,0.10482978345889253,0.0,0.0
1023,Dos/DDos,Dos/DDos,0.0,0.0,0.9516191893184133,0.0,0.04838081068158668,0.0,0.0
1024,Dos/DDos,Dos/DDos,0.0,0.0,1.0,0.0,0.0,0.0,0.0
1025,Dos/DDos,Dos/DDos,0.0,0.0,0.9414282487769232,0.0,0.05857175122307666,0.0,0.0
1026,PortScan,PortScan,0.0,0.0,0.0,0.0,7.417036449015093e-05,0.9999258296355099,0.0
1027,Normal,Normal,0.0,0.0,0.016180761859468026,0.0,0.9838192381405321,0.0,0.0
1028,Brute Force,Brute Force,0.0,1.0,0.0,0.0,0.0,0.0,0.0
1029,Normal,Normal,0.0,0.0,0.016671826625387,0.0,0.9833281733746131,0.0,0.0
1030,Brute Force,Brute Force,0.0,0.9482827064266475,0.0029766544270049353,0.0,0.015388841423102649,0.0,0.03335179772324501
1031,PortScan,PortScan,0.0,0.0,0.0,0.0,0.002643876133466521,0.9973561238665336,0.0
1032,Web Attack,Web Attack,0.0,0.0,1.4083720890171383e-05,0.0,0.0014186302283242169,6.30767990631958e-05,0.9985042092517221
1033,Normal,Normal,0.0,0.0,0.0,0.0,0.9903421296094436,0.009657870390556354,0.0
1034,Brute Force,Brute Force,0.0,1.0,0.0,0.0,0.0,0.0,0.0
1035,Dos/DDos,Dos/DDos,0.0,0.0,1.0,0.0,0.0,0.0,0.0
1036,Normal,Normal,0.0,0.0,0.0,0.0,1.0,0.0,0.0
1037,Normal,Normal,0.0,0.0,0.012481986774669352,0.0,0.9653751300870285,0.0,0.02214288313830215
1038,Dos/DDos,Dos/DDos,0.0,0.0,0.9041527777046293,0.019923700605241637,0.07592352169012892,0.0,0.0
1039,PortScan,PortScan,0.0,0.0,0.0,0.0,0.0022201319948397815,0.9977798680051605,0.0
1040,Botnet ARES,Botnet ARES,0.9921292868477377,0.0,0.0,0.0,0.007870713152261967,0.0,0.0
1041,PortScan,PortScan,0.0,0.0,0.0,0.0,0.0029702683519857785,0.9970297316480145,0.0
1042,Dos/DDos,Dos/DDos,0.0,0.0,1.0,0.0,0.0,0.0,0.0
1043,PortScan,PortScan,0.0,0.0,0.0,0.0,0.006169705567034872,0.9938302944329651,0.0
1044,PortScan,PortScan,0.0,0.0,0.0,0.0,8.56493160846622e-05,0.9999143506839154,0.0
1045,Dos/DDos,Dos/DDos,0.0,0.0,1.0,0.0,0.0,0.0,0.0
1046,Normal,Normal,0.05932732682568154,0.0005134639524565267,0.0020451552210724363,0.0,0.9369108930812493,0.0,0.0012031609195402302
1047,PortScan,PortScan,0.0,0.0,0.0,0.0,7.417036449015093e-05,0.9999258296355099,0.0
1048,Botnet ARES,Botnet ARES,1.0,0.0,0.0,0.0,0.0,0.0,0.0
1049,PortScan,PortScan,0.0,0.0,0.0,0.0,7.417036449015093e-05,0.9999258296355099,0.0
1050,Normal,Normal,0.0,0.006714575847523825,0.0,0.0,0.9932854241524761,0.0,0.0
1051,Dos/DDos,Dos/DDos,0.0,0.003983483972893301,0.9798816115588964,0.0,0.012874207505941268,3.4417133376232516e-05,0.003226279828892521
1052,PortScan,PortScan,0.0,0.0,0.0,0.0,0.00010940824429178676,0.9998905917557083,0.0
1053,PortScan,PortScan,0.0,0.0,0.0,0.0,7.417036449015093e-05,0.9999258296355099,0.0
1054,Normal,Normal,0.0,0.0,0.0,0.0,1.0,0.0,0.0
1055,Normal,Normal,0.0,0.0,0.0,0.0,1.0,0.0,0.0
1056,Normal,Normal,0.17475608463174577,0.0,0.0,0.0,0.8252439153682544,0.0,0.0
1057,Brute Force,Brute Force,0.0,1.0,0.0,0.0,0.0,0.0,0.0
1058,PortScan,PortScan,0.0,0.0,0.0,0.0,7.417036449015093e-05,0.9999258296355099,0.0
1059,Normal,Normal,0.0,0.016679322891947478,0.016700404858299597,0.009894228558289262,0.9467260436914637,0.0,0.01
1060,Dos/DDos,Dos/DDos,0.0,0.0,1.0,0.0,0.0,0.0,0.0
1061,Dos/DDos,Dos/DDos,0.0,0.0,0.641400669430328,0.0,0.358599330569672,0.0,0.0
1062,Dos/DDos,Dos/DDos,0.0,0.0,0.993266378972146,0.0,0.00673362102785406,0.0,0.0
1063,Normal,Normal,0.0,0.0042244166781911195,0.01879328161911321,0.0,0.9742664013954041,2.7552570450159033e-05,0.002688347736841298
1064,Dos/DDos,Dos/DDos,0.0,0.0,1.0,0.0,0.0,0.0,0.0
1065,PortScan,PortScan,0.0,0.0,0.0,0.0,0.0015099093910888595,0.9984900906089113,0.0
1066,Dos/DDos,Dos/DDos,0.0,0.0,1.0,0.0,0.0,0.0,0.0
1067,PortScan,PortScan,0.0,0.0,0.0,0.0,0.0033005058274889194,0.9966994941725111,0.0
1068,Normal,Normal,0.0,0.0,0.0,0.0,1.0,0.0,0.0
1069,Normal,Normal,0.0,0.0,0.0,0.0,1.0,0.0,0.0
1070,Dos/DDos,Dos/DDos,0.0,0.003983483972893301,0.9772533888154254,0.0,0.011530308789133742,3.4417133376232516e-05,0.00719840128917107
1071,Normal,Normal,0.0,0.0,0.0028736099810143757,0.0,0.9971263900189856,0.0,0.0
1072,Normal,Normal,0.0,0.0,0.0,0.0,1.0,0.0,0.0
1073,Normal,Dos/DDos,0.0,0.0,0.7429569362076494,0.0,0.2570430637923506,0.0,0.0
1074,PortScan,PortScan,0.0,0.0,0.0,0.0,7.417036449015093e-05,0.9999258296355099,0.0
1075,Normal,Normal,0.01,0.03,0.0,0.0,0.9523716067498165,0.0,0.007628393250183418
1076,PortScan,PortScan,0.0,0.0,0.0,0.0,0.0012883652323876355,0.9987116347676124,0.0
1077,PortScan,PortScan,0.0,0.0,0.0,0.0,0.00010940824429178676,0.9998905917557083,0.0
1078,Normal,Normal,0.0,0.003983483972893301,0.2149713598559207,0.0,0.7712681059706111,0.007488876839796086,0.0022881733607785747
1079,Dos/DDos,Dos/DDos,0.0,0.0,0.9947728116875078,0.0,0.0,0.0,0.005227188312492261
1080,Dos/DDos,Dos/DDos,0.0,0.0,0.850081396693153,0.0,0.13167249625159805,0.018246107055249212,0.0
1081,Brute Force,Brute Force,0.0,0.999975398192537,0.0,0.0,2.4601807462940075e-05,0.0,0.0
1082,Dos/DDos,Dos/DDos,0.0,0.0,0.8777315044646116,0.0,0.12226849553538827,0.0,0.0
1083,Normal,Normal,0.0,0.0,0.0,0.0,1.0,0.0,0.0
1084,Normal,Normal,0.0,0.0,0.0060108097857007395,0.029836445020880956,0.9641527451934183,0.0,0.0
1085,Dos/DDos,Dos/DDos,0.0,0.0,1.0,0.0,0.0,0.0,0.0
1086,Dos/DDos,Dos/DDos,0.0,0.0043109599874797105,0.8463064485714453,0.0,0.14515241539631424,3.0240091656830056e-05,0.004199935953103796
1087,Normal,Normal,0.0,0.0,0.0,0.0,1.0,0.0,0.0
1088,Dos/DDos,Dos/DDos,0.0,0.0,1.0,0.0,0.0,0.0,0.0
1089,PortScan,PortScan,0.0,0.0,0.0,0.0,0.00010940824429178676,0.9998905917557083,0.0
1090,Normal,Normal,0.0,0.0,0.0,0.0,1.0,0.0,0.0
1091,Normal,Normal,0.0,0.0,0.0,0.0,1.0,0.0,0.0
1092,Normal,Normal,0.03261292562963943,0.020032017075773748,0.013385814374557192,0.02985236730861064,0.7656218136042758,0.13849506200714315,0.0
1093,Normal,Normal,0.0,0.0,0.009481271274268965,0.0,0.9905187287257311,0.0,0.0
1094,Normal,Normal,0.0,0.0,0.0,0.0,1.0,0.0,0.0
1095,Normal,Normal,0.0,0.0,0.0,0.0,1.0,0.0,0.0
1096,Brute Force,Brute Force,0.0,0.9998667055532651,0.0,0.0,0.00013329444673491696,0.0,0.0
1097,Dos/DDos,Dos/DDos,0.0,0.0,1.0,0.0,0.0,0.0,0.0
1098,Brute Force,Brute Force,0.0,1.0,0.0,0.0,0.0,0.0,0.0
1099,Brute Force,Brute Force,0.0,1.0,0.0,0.0,0.0,0.0,0.0
1100,PortScan,PortScan,0.0,0.0,0.0,0.0,0.00010940824429178676,0.9998905917557083,0.0
1101,Dos/DDos,Dos/DDos,0.0,0.0,1.0,0.0,0.0,0.0,0.0
1102,Dos/DDos,Dos/DDos,0.0,0.0007443191035267758,0.9869302150186618,0.0,0.008293693213609463,0.00012124242513444596,0.003910530239067575
1103,Dos/DDos,Dos/DDos,0.0,0.0,0.9882960078908707,0.0,0.006651299578729831,0.005052692530399538,0.0
1104,Brute Force,Brute Force,0.0,1.0,0.0,0.0,0.0,0.0,0.0
1105,Normal,Normal,0.0,0.0,0.0,0.0,1.0,0.0,0.0
1106,Normal,Normal,0.0066181480334468875,0.030334485854815966,0.04589217492022869,0.019938909933285124,0.8827379871975976,0.014478294060625917,0.0
1107,Dos/DDos,Dos/DDos,0.0,0.003983483972893301,0.9814281759400566,0.0,0.010750886841346795,0.0,0.0038374532457031356
1108,Brute Force,Brute Force,0.0,0.962706150113201,0.0029766544270049353,0.0,0.01276546330221945,0.0,0.021551732157574756
1109,Dos/DDos,Dos/DDos,0.0,0.0,0.9933556899311157,0.0,0.00664431006888429,0.0,0.0
1110,PortScan,PortScan,0.0,0.0,0.0,0.0,0.0033823849904575567,0.9966176150095427,0.0
1111,Dos/DDos,Dos/DDos,0.0,0.008010468551203461,0.7733333558219627,0.0,0.2175572841654002,5.927272130805441e-05,0.0010396187401256031
1112,Normal,Normal,0.0,0.0,0.0,0.0,1.0,0.0,0.0
1113,Botnet ARES,Botnet ARES,1.0,0.0,0.0,0.0,0.0,0.0,0.0
1114,PortScan,PortScan,0.0,0.0,0.0,0.0,0.00010940824429178676,0.9998905917557083,0.0
1115,Web Attack,Web Attack,0.0,0.0,1.4083720890171383e-05,0.0,0.0014119945962276126,6.30767990631958e-05,0.9985108448838189
1116,Dos/DDos,Dos/DDos,0.0,0.0,1.0,0.0,0.0,0.0,0.0
1117,PortScan,PortScan,0.0,0.0,0.0,0.0,0.002199916599990163,0.99780008340001,0.0
1118,Dos/DDos,Dos/DDos,0.0,0.003983483972893301,0.9802364392175655,0.0,0.012241229161827365,3.4417133376232516e-05,0.003504430514337296
1119,Dos/DDos,Dos/DDos,0.0,0.0,1.0,0.0,0.0,0.0,0.0
1120,Dos/DDos,Dos/DDos,0.0,0.0,0.9463053530013734,0.0,0.05369464699862667,0.0,0.0
1121,Normal,Normal,0.0,0.003983483972893301,0.016125120284342005,0.0,0.9702800321186996,0.0,0.009611363624065079
1122,Dos/DDos,Dos/DDos,0.0,0.0007443191035267758,0.9869302150186618,0.0,0.008293693213609463,0.00012124242513444596,0.003910530239067575
1123,PortScan,PortScan,0.0,0.0,0.0,0.0,0.00010940824429178676,0.9998905917557083,0.0
1124,PortScan,PortScan,0.0,0.0,0.0,0.0,7.417036449015093e-05,0.9999258296355099,0.0
1125,Dos/DDos,Dos/DDos,0.0,0.0,1.0,0.0,0.0,0.0,0.0
1126,Normal,Normal,0.0,0.0,0.0,0.0,1.0,0.0,0.0
1127,Normal,Normal,0.0,0.0,0.0,0.0,1.0,0.0,0.0
1128,Normal,Normal,0.0,0.014927960641911677,0.01823405673084474,0.0,0.9617659432691553,0.005072039358088321,0.0
1129,Dos/DDos,Dos/DDos,0.0,0.00032747601458640906,0.9721061577346223,0.0,0.018800148907973796,0.00014479321798189455,0.008621424124835637
1130,PortScan,PortScan,0.0,0.0,0.0,0.0,0.002643876133466521,0.9973561238665336,0.0
1131,Normal,Normal,0.0,0.0,0.0,0.0,1.0,0.0,0.0
1132,PortScan,PortScan,0.0,0.0,0.0,0.0,7.417036449015093e-05,0.9999258296355099,0.0
1133,Dos/DDos,Dos/DDos,0.0,0.003983483972893301,0.9803068290003795,0.0,0.012557273218238836,3.4417133376232516e-05,0.003117996675111967
1134,Normal,Normal,0.0,0.0,0.024751903903316642,0.0,0.9561940794950127,0.0050017620110419355,0.014052254590628796
1135,Normal,Normal,0.0,0.0,0.0,0.0,1.0,0.0,0.0
1136,PortScan,PortScan,0.0,0.0,0.0,0.0,0.0017304427881984746,0.9982695572118017,0.0
1137,Dos/DDos,Dos/DDos,0.0,0.0,0.8733274539291468,0.0,0.12667254607085332,0.0,0.0
1138,Dos/DDos,Dos/DDos,0.0,0.0,1.0,0.0,0.0,0.0,0.0
1139,Web Attack,Web Attack,0.0,0.0,1.4083720890171383e-05,0.0,0.0035822664875034527,0.00011159665123210415,0.9962920531403741
1140,Dos/DDos,Dos/DDos,0.0,0.003983483972893301,0.9803068290003795,0.0,0.012557273218238836,3.4417133376232516e-05,0.003117996675111967
1141,PortScan,PortScan,0.0,0.0,0.0,0.0,7.417036449015093e-05,0.9999258296355099,0.0
1142,Normal,Normal,0.0,0.0,0.0,0.0,0.9838159988427599,0.0,0.01618400115723998
1143,Dos/DDos,Dos/DDos,0.0,0.0,1.0,0.0,0.0,0.0,0.0
1144,PortScan,PortScan,0.0,0.0,0.0,0.0,0.00010940824429178676,0.9998905917557083,0.0
1145,Normal,Normal,0.17862419245988295,0.0,0.0,0.0,0.8213758075401171,0.0,0.0
1146,PortScan,PortScan,0.0,0.0,0.0,0.0,7.417036449015093e-05,0.9999258296355099,0.0
1147,PortScan,PortScan,0.0,0.0,0.0,0.0,7.417036449015093e-05,0.9999258296355099,0.0
1148,Normal,Normal,0.0,0.0,0.0,0.0,1.0,0.0,0.0
1149,PortScan,PortScan,0.0,0.0,0.0,0.0,0.0013708639541191328,0.998629136045881,0.0
1150,PortScan,PortScan,0.0,0.0,0.0,0.0,0.0017248012932773783,0.9982751987067228,0.0
1151,Dos/DDos,Dos/DDos,0.0,0.003983483972893301,0.9245444123306497,0.0,0.06951180072305413,3.4417133376232516e-05,0.0019258858400268378
1152,Normal,Normal,0.0,0.0,0.0,0.0,0.9923186292380605,0.0,0.007681370761939482
1153,Botnet ARES,Botnet ARES,0.994465925907663,0.0,0.0,0.0,0.005534074092336643,0.0,0.0
1154,Brute Force,Brute Force,0.0,1.0,0.0,0.0,0.0,0.0,0.0
1155,PortScan,PortScan,0.0,0.0,0.0,0.0,7.417036449015093e-05,0.9999258296355099,0.0
1156,Brute Force,Brute Force,0.0,1.0,0.0,0.0,0.0,0.0,0.0
1157,Dos/DDos,Dos/DDos,0.0,0.0,1.0,0.0,0.0,0.0,0.0
1158,Normal,Normal,0.0,0.0,0.0,0.0,1.0,0.0,0.0
1159,PortScan,PortScan,0.0,0.0,0.0,0.0,0.0012883652323876355,0.9987116347676124,0.0
1160,Normal,Normal,0.0,0.0,0.0,0.0,1.0,0.0,0.0
1161,Normal,Normal,0.0,0.0,0.0,0.0,1.0,0.0,0.0
1162,Dos/DDos,Dos/DDos,0.0,0.0005642355865321211,0.9914636341199922,0.0,0.006606776893840031,0.00020505660381482473,0.0011602967958208664
1163,Brute Force,Brute Force,0.0,1.0,0.0,0.0,0.0,0.0,0.0
1164,PortScan,PortScan,0.0,0.0,0.0,0.0,0.00010940824429178676,0.9998905917557083,0.0
1165,Dos/DDos,Dos/DDos,0.0,0.0,1.0,0.0,0.0,0.0,0.0
1166,PortScan,PortScan,0.0,0.0,0.0,0.0,7.417036449015093e-05,0.9999258296355099,0.0
1167,Normal,Normal,0.0,0.019869738685351083,0.012318337976972677,0.0,0.9283309856025487,0.0,0.03948093773512765
1168,Brute Force,Brute Force,0.0,0.999975398192537,0.0,0.0,2.4601807462940075e-05,0.0,0.0
1169,Normal,Normal,0.0,0.0,0.0,0.0,1.0,0.0,0.0
1170,Normal,Normal,0.0,0.0,0.0,0.0,1.0,0.0,0.0
1171,PortScan,PortScan,0.0,0.0,0.0,0.0,0.00010940824429178676,0.9998905917557083,0.0
1172,Normal,Normal,0.0,0.0,0.0,0.0,1.0,0.0,0.0
1173,Normal,Normal,0.0,0.0,0.0,0.0,1.0,0.0,0.0
1174,Botnet ARES,Botnet ARES,0.9586006472731543,0.005022389818524629,0.0,0.0,0.03637696290832096,0.0,0.0
1175,PortScan,PortScan,0.0,0.0,0.0,0.0,7.417036449015093e-05,0.9999258296355099,0.0
1176,PortScan,PortScan,0.0,0.0,0.0,0.0,0.002779715469408512,0.9972202845305916,0.0
1177,Web Attack,Web Attack,0.0,0.0,1.4083720890171383e-05,0.0,0.020641335088632834,0.00011159665123210415,0.9792329845392448
1178,Normal,Normal,0.06678085515228513,0.0,0.0,0.0,0.9332191448477148,0.0,0.0
1179,Brute Force,Brute Force,0.0,1.0,0.0,0.0,0.0,0.0,0.0
1180,Brute Force,Brute Force,0.0,0.9998930490496046,0.0,0.0,0.00010695095039544507,0.0,0.0
1181,PortScan,PortScan,0.0,0.0,0.0,0.0,0.002199916599990163,0.99780008340001,0.0
1182,PortScan,PortScan,0.0,0.0,0.0,0.0,7.417036449015093e-05,0.9999258296355099,0.0
1183,Dos/DDos,Dos/DDos,0.0,0.0,0.9441884139898324,0.0,0.05581158601016758,0.0,0.0
1184,Dos/DDos,Dos/DDos,0.0,0.0,0.9285007964531853,0.009981783621099319,0.061517419925715196,0.0,0.0
1185,PortScan,PortScan,0.0,0.0,0.0,0.0,0.0016003478380821065,0.998399652161918,0.0
1186,PortScan,PortScan,0.0,0.0,0.0,0.0,7.417036449015093e-05,0.9999258296355099,0.0
1187,Dos/DDos,Dos/DDos,0.0,0.003983483972893301,0.9798112217760826,0.0,0.012558163449529798,3.4417133376232516e-05,0.00361271366811785
1188,Brute Force,Brute Force,0.0,0.9606661601799914,0.0029766544270049353,0.0,0.013071659635060575,0.0,0.023285525757943223
1189,Normal,Normal,0.0,0.0,0.0,0.0,1.0,0.0,0.0
1190,PortScan,PortScan,0.0,0.0,0.0,0.0,0.0011043365323201682,0.9988956634676798,0.0
1191,Dos/DDos,Dos/DDos,0.0,0.0,0.9732532264227346,0.0,0.02674677357726534,0.0,0.0
1192,PortScan,PortScan,0.0,0.0,0.0,0.0,0.0019495741385205986,0.9980504258614795,0.0
1193,Dos/DDos,Dos/DDos,0.0,0.0,1.0,0.0,0.0,0.0,0.0
1194,PortScan,PortScan,0.0,0.0,0.0,0.0,0.00010940824429178676,0.9998905917557083,0.0
1195,PortScan,PortScan,0.0,0.0,0.0,0.0,0.001532701481143675,0.9984672985188564,0.0
1196,Dos/DDos,Dos/DDos,0.0,0.0,1.0,0.0,0.0,0.0,0.0
1197,Dos/DDos,Dos/DDos,0.0,0.0,1.0,0.0,0.0,0.0,0.0
1198,PortScan,PortScan,0.0,0.0,0.0,0.0,0.0050633499761324275,0.9949366500238677,0.0
1199,PortScan,PortScan,0.0,0.0,0.0,0.0,0.00010940824429178676,0.9998905917557083,0.0
1200,Dos/DDos,Dos/DDos,0.0,0.003983483972893301,0.9814281759400566,0.0,0.010750886841346795,0.0,0.0038374532457031356
1201,Normal,Normal,0.0,0.0,0.01,0.0,0.99,0.0,0.0
1202,Brute Force,Brute Force,0.0,1.0,0.0,0.0,0.0,0.0,0.0
1203,Normal,Normal,0.0,0.0,0.0,0.0,1.0,0.0,0.0
1204,PortScan,PortScan,0.0,0.0,0.0,0.0,0.002229162826075262,0.9977708371739249,0.0
1205,PortScan,PortScan,0.0,0.0,0.0,0.0,0.001268828059435457,0.9987311719405646,0.0
1206,Dos/DDos,Dos/DDos,0.0,0.0,0.9599412971155484,0.0,0.04005870288445153,0.0,0.0
1207,PortScan,PortScan,0.0,0.0,0.0,0.0,0.00010940824429178676,0.9998905917557083,0.0
1208,Dos/DDos,Dos/DDos,0.0,0.0,1.0,0.0,0.0,0.0,0.0
1209,Normal,Normal,0.17607585919174226,0.0,0.0,0.0,0.8239241408082576,0.0,0.0
1210,Brute Force,Brute Force,0.0,1.0,0.0,0.0,0.0,0.0,0.0
1211,Dos/DDos,Dos/DDos,0.0,0.0,0.8529700895821868,0.0,0.1470299104178131,0.0,0.0
1212,Normal,Normal,0.0,0.0,0.0,0.0,1.0,0.0,0.0
1213,Web Attack,Web Attack,0.0,0.0,1.4083720890171383e-05,0.0,0.006130803448057428,6.30767990631958e-05,0.9937920360319891
1214,Normal,Normal,0.0,0.0,0.0,0.0,1.0,0.0,0.0
1215,Normal,Normal,0.0,0.062115929709569695,0.0029439974316081796,0.0,0.8434792876908722,0.0,0.09146078516795007
1216,Normal,Normal,0.0,0.0,0.0,0.0,1.0,0.0,0.0
1217,Normal,Normal,0.0,0.005063586512658967,0.0,0.0,0.994936413487341,0.0,0.0
1218,Normal,Normal,0.009310887136692496,0.06280522871546755,0.0191826468639185,0.0,0.7406083612674809,0.03940198579923895,0.1286908902172014
1219,Dos/DDos,Dos/DDos,0.0,0.0,1.0,0.0,0.0,0.0,0.0
1220,Normal,Normal,0.0,0.0,0.0,0.0,1.0,0.0,0.0
1221,Botnet ARES,Botnet ARES,0.9931852763228742,0.0,0.0,0.0,0.006814723677125565,0.0,0.0
1222,Normal,Normal,0.0,0.0,0.0,0.0,1.0,0.0,0.0
1223,PortScan,PortScan,0.0,0.0,0.0,0.0,7.417036449015093e-05,0.9999258296355099,0.0
1224,PortScan,PortScan,0.0,0.0,0.0,0.0,0.00010940824429178676,0.9998905917557083,0.0
1225,Normal,Normal,0.0,0.0,0.0,0.0,1.0,0.0,0.0
1226,PortScan,PortScan,0.0,0.0,0.0,0.0,0.0016622234901200867,0.99833777650988,0.0
1227,PortScan,PortScan,0.0,0.0,0.0,0.0,0.0016976913101470557,0.9983023086898529,0.0
1228,Normal,Normal,0.0,0.0,0.0,0.0,1.0,0.0,0.0
1229,Normal,Normal,0.0,0.0,0.0,0.0,1.0,0.0,0.0
1230,Dos/DDos,Dos/DDos,0.0,0.003983483972893301,0.9811533694882654,0.0,0.010917410139357287,0.0,0.00394573639948369
1231,Normal,Normal,0.0,0.010461456243337023,0.01697508864623676,0.0,0.9498909530628475,3.4417133376232516e-05,0.022638084914202425
1232,Dos/DDos,Dos/DDos,0.0,0.0,1.0,0.0,0.0,0.0,0.0
1233,Brute Force,Brute Force,0.0,1.0,0.0,0.0,0.0,0.0,0.0
1234,Dos/DDos,Dos/DDos,0.0,0.0,1.0,0.0,0.0,0.0,0.0
1235,Normal,Normal,0.0,0.0,0.0,0.0,1.0,0.0,0.0
1236,Normal,Normal,0.0,0.0,0.0,0.0,1.0,0.0,0.0
1237,Normal,Normal,0.0,0.0,0.0,0.0,1.0,0.0,0.0
1238,Normal,Normal,0.0,0.0,0.0,0.0,1.0,0.0,0.0
1239,Normal,Normal,0.0,0.0,0.0,0.0,1.0,0.0,0.0
1240,Dos/DDos,Dos/DDos,0.0,0.0,0.6344824665077414,0.0,0.36551753349225863,0.0,0.0
1241,Dos/DDos,Dos/DDos,0.0,0.0,0.9991205143289352,0.0,0.0008794856710647951,0.0,0.0
1242,Web Attack,Web Attack,0.0,0.07455399411546773,0.004118773383477628,0.0,0.044263055771136844,0.0001145531263250645,0.876949623603593
1243,Dos/DDos,Dos/DDos,0.0,0.0,1.0,0.0,0.0,0.0,0.0
1244,PortScan,PortScan,0.0,0.0,0.0,0.0,0.0016976913101470557,0.9983023086898529,0.0
1245,Normal,Normal,0.0,0.0,0.0,0.0,1.0,0.0,0.0
1246,Brute Force,Brute Force,0.0,1.0,0.0,0.0,0.0,0.0,0.0
1247,PortScan,PortScan,0.05580253522414158,0.0,0.06218115712620558,0.009952885747938752,0.2440880733937739,0.6279753485079403,0.0
1248,Normal,Normal,0.0,0.0,0.0,0.009978138303992636,0.9850600752140393,0.004961786481967996,0.0
1249,PortScan,PortScan,0.0,0.0,0.0,0.0,7.417036449015093e-05,0.9999258296355099,0.0
1250,Dos/DDos,Dos/DDos,0.0,0.0,0.9769995329685202,0.0,0.023000467031479895,0.0,0.0
1251,PortScan,PortScan,0.0,0.0,0.0,0.0,0.004119931000825461,0.9958800689991747,0.0
1252,Normal,Normal,0.0,0.0,0.0,0.0,1.0,0.0,0.0
1253,Dos/DDos,Dos/DDos,0.0,0.0,1.0,0.0,0.0,0.0,0.0
1254,Dos/DDos,Dos/DDos,0.0,0.003983483972893301,0.9814281759400566,0.0,0.010750886841346795,0.0,0.0038374532457031356
1255,Normal,Normal,0.0,0.0,0.0,0.0,0.9903421296094436,0.009657870390556354,0.0
1256,PortScan,PortScan,0.0,0.0,0.0,0.0,4.542509013737644e-05,0.9999545749098627,0.0
1257,Dos/DDos,Dos/DDos,0.0,0.0,1.0,0.0,0.0,0.0,0.0
1258,Dos/DDos,Dos/DDos,0.0,0.0,1.0,0.0,0.0,0.0,0.0
1259,Dos/DDos,Dos/DDos,0.0,0.0,0.9957762028076871,0.0,0.004223797192312934,0.0,0.0
1260,Normal,Normal,0.0,0.0,8.396732598527578e-06,0.0,0.6718696497563235,5.450783935412988e-05,0.328067445671724
1261,PortScan,PortScan,0.0,0.0,0.0,0.0,0.00010940824429178676,0.9998905917557083,0.0
1262,Dos/DDos,Dos/DDos,0.0,0.003983483972893301,0.9802364392175655,0.0,0.012241229161827365,3.4417133376232516e-05,0.003504430514337296
1263,PortScan,PortScan,0.0,0.0,0.0,0.0,5.9790855037425386e-05,0.9999402091449626,0.0
1264,Dos/DDos,Dos/DDos,0.0,0.0,1.0,0.0,0.0,0.0,0.0
1265,Dos/DDos,Dos/DDos,0.0,0.0,1.0,0.0,0.0,0.0,0.0
1266,PortScan,PortScan,0.0,0.0,0.0,0.0,7.417036449015093e-05,0.9999258296355099,0.0
1267,Normal,Normal,0.0,0.003983483972893301,0.11376165308522693,0.0,0.877651258242273,0.0,0.004603604699606786
1268,Dos/DDos,Dos/DDos,0.0,0.0,1.0,0.0,0.0,0.0,0.0
1269,Normal,Normal,0.0,0.04109736080440572,0.003078639010419189,0.0,0.8720166164853853,0.0,0.08380738369978978
1270,PortScan,PortScan,0.0,0.0,0.0,0.0,0.0033005058274889194,0.9966994941725111,0.0
1271,Normal,Dos/DDos,0.0,0.0,0.8284830680863672,0.0,0.1715169319136328,0.0,0.0
1272,Brute Force,Brute Force,0.0,0.9606661601799914,0.0029766544270049353,0.0,0.013071659635060575,0.0,0.023285525757943223
1273,Dos/DDos,Dos/DDos,0.0,0.0,1.0,0.0,0.0,0.0,0.0
1274,PortScan,PortScan,0.0,0.0,0.0,0.0,0.0014028033590947247,0.9985971966409053,0.0
1275,Normal,Normal,0.0,0.0,0.016180761859468026,0.0,0.9838192381405321,0.0,0.0
1276,Dos/DDos,Dos/DDos,0.0,0.0,1.0,0.0,0.0,0.0,0.0
1277,Normal,Normal,0.0,0.0,0.0,0.0,1.0,0.0,0.0
1278,Normal,Normal,0.07431471669326645,0.0,0.0,0.0,0.9256852833067335,0.0,0.0
1279,PortScan,PortScan,0.0,0.0,0.0,0.0,0.00010940824429178676,0.9998905917557083,0.0
1280,Brute Force,Brute Force,0.0,1.0,0.0,0.0,0.0,0.0,0.0
1281,Dos/DDos,Dos/DDos,0.0,0.0,0.7680039099852813,0.0,0.21529810044224898,0.016697989572469613,0.0
1282,Normal,Dos/DDos,0.0,0.0,0.8655363419645852,0.0,0.12607063133920163,0.00839302669621307,0.0
1283,Dos/DDos,Dos/DDos,0.0,0.0005642355865321211,0.9914636341199922,0.0,0.006606776893840031,0.00020505660381482473,0.0011602967958208664
1284,Normal,Normal,0.0,0.0,0.0,0.0,1.0,0.0,0.0
1285,Brute Force,Brute Force,0.0,0.962706150113201,0.0029766544270049353,0.0,0.01276546330221945,0.0,0.021551732157574756
1286,PortScan,PortScan,0.0,0.0,0.0,0.0,0.0009462356229440059,0.999053764377056,0.0
1287,PortScan,PortScan,0.0,0.0,0.0,0.0,0.004119931000825461,0.9958800689991747,0.0
1288,Dos/DDos,Dos/DDos,0.0,0.0,1.0,0.0,0.0,0.0,0.0
1289,Botnet ARES,Botnet ARES,0.9942400076709913,0.0,0.0,0.0,0.005759992329008527,0.0,0.0
1290,Normal,Normal,0.0,0.0,0.0,0.00978883153449085,0.9702111684655091,0.0,0.02
1291,PortScan,PortScan,0.0,0.0,0.0,0.0,7.417036449015093e-05,0.9999258296355099,0.0
1292,Normal,Normal,0.0,0.0,0.0,0.0,1.0,0.0,0.0
1293,Normal,Normal,0.0,0.0,0.0,0.0,1.0,0.0,0.0
1294,Dos/DDos,Dos/DDos,0.0,0.003983483972893301,0.9808640465968252,0.0,0.011296132169676329,3.4417133376232516e-05,0.0038219201272286373
1295,Dos/DDos,Dos/DDos,0.0,0.0,1.0,0.0,0.0,0.0,0.0
1296,Normal,Normal,0.0,0.0,0.010677178183511694,0.0,0.9800161207074578,0.009306701109030494,0.0
1297,Botnet ARES,Botnet ARES,0.9876721981120695,0.0,0.0,0.009837328767123288,0.00249047312080731,0.0,0.0
1298,PortScan,PortScan,0.0,0.0,0.0,0.0,7.417036449015093e-05,0.9999258296355099,0.0
1299,PortScan,PortScan,0.0,0.0,0.0,0.0,0.0013708639541191328,0.998629136045881,0.0
1300,Dos/DDos,Dos/DDos,0.0,0.0,1.0,0.0,0.0,0.0,0.0
1301,Normal,Normal,0.19014106997268868,0.0,0.0,0.0,0.793242484067435,0.016616445959876297,0.0
1302,Normal,Normal,0.02,0.0,0.03976348713386203,0.0,0.9402365128661381,0.0,0.0
1303,PortScan,PortScan,0.0,0.0,0.0,0.0,7.417036449015093e-05,0.9999258296355099,0.0
1304,Dos/DDos,Dos/DDos,0.0,0.006584973468685289,0.7719323935089574,0.0,0.07308681950411208,0.00023529669547165479,0.14816051682277345
1305,Normal,Normal,0.0,0.0,0.03308924375256679,0.009986098239110288,0.9569246580083229,0.0,0.0
1306,Dos/DDos,Dos/DDos,0.0,0.0,0.726599327414553,0.0,0.27340067258544687,0.0,0.0
1307,Brute Force,Brute Force,0.0,0.9525098629501096,0.0029766544270049353,0.0,0.014263692656602543,0.0,0.03024978996628299
1308,Botnet ARES,Botnet ARES,0.9996696914371873,0.0,0.0,0.0,0.0003303085628127412,0.0,0.0
1309,Normal,Normal,0.0,0.0,0.0,0.0,1.0,0.0,0.0
1310,Normal,Normal,0.0,0.0,0.0,0.0,1.0,0.0,0.0
1311,Dos/DDos,Dos/DDos,0.0,0.0,1.0,0.0,0.0,0.0,0.0
1312,Normal,Normal,0.01,0.0,0.0048971918693455525,0.0,0.9751028081306543,0.0,0.01
1313,Dos/DDos,Dos/DDos,0.0,0.0,1.0,0.0,0.0,0.0,0.0
1314,PortScan,PortScan,0.0,0.0,0.0,0.0,0.00010940824429178676,0.9998905917557083,0.0
1315,Normal,Normal,0.0,0.0,0.0,0.0,1.0,0.0,0.0
1316,Brute Force,Brute Force,0.0,0.9998667055532651,0.0,0.0,0.00013329444673491696,0.0,0.0
1317,PortScan,PortScan,0.0,0.0,0.0,0.0,0.00127398572293491,0.9987260142770651,0.0
1318,PortScan,PortScan,0.0,0.0,0.0,0.0,7.417036449015093e-05,0.9999258296355099,0.0
1319,Dos/DDos,Dos/DDos,0.0,0.0007443191035267758,0.9869302150186618,0.0,0.008293693213609463,0.00012124242513444596,0.003910530239067575
1320,Dos/DDos,Dos/DDos,0.0,0.0,1.0,0.0,0.0,0.0,0.0
1321,Brute Force,Brute Force,0.0,1.0,0.0,0.0,0.0,0.0,0.0
1322,PortScan,PortScan,0.0,0.0,0.0,0.0,7.417036449015093e-05,0.9999258296355099,0.0
1323,Dos/DDos,Dos/DDos,0.0,0.0,1.0,0.0,0.0,0.0,0.0
1324,Dos/DDos,Dos/DDos,0.0,0.0,0.9291150557342982,0.0,0.07088494426570163,0.0,0.0
1325,Normal,Normal,0.0,0.0,0.0,0.0,0.9903421296094436,0.009657870390556354,0.0
1326,Brute Force,Brute Force,0.0,1.0,0.0,0.0,0.0,0.0,0.0
1327,Dos/DDos,Dos/DDos,0.0,0.006641375038711674,0.6950824051235628,0.0,0.22014884958832578,0.008978281520760417,0.06914908872863919
1328,Brute Force,Brute Force,0.0,0.833693279241544,0.004991846456768919,0.0,0.15029866400440528,0.0,0.01101621029728166
1329,Normal,Normal,0.0,0.01,0.20101462584464727,0.0,0.7108739436530271,0.0,0.07811143050232564
1330,PortScan,PortScan,0.0,0.0,0.0,0.0,0.0017304427881984746,0.9982695572118017,0.0
1331,Brute Force,Brute Force,0.0,0.999975398192537,0.0,0.0,2.4601807462940075e-05,0.0,0.0
1332,PortScan,PortScan,0.0,0.0,0.0,0.0,0.0017248012932773783,0.9982751987067228,0.0
1333,Normal,Normal,0.0,0.0,0.0,0.0,1.0,0.0,0.0
1334,Dos/DDos,Dos/DDos,0.0,0.0,1.0,0.0,0.0,0.0,0.0
1335,Normal,Normal,0.0,0.0,0.016684504603761707,0.019784036687848273,0.9469238303389347,0.016607628369455448,0.0
1336,Web Attack,Web Attack,0.0,0.0,1.4083720890171383e-05,0.0,0.0013977305287910119,6.30767990631958e-05,0.9985251089512555
1337,PortScan,PortScan,0.0,0.0,0.0,0.0,0.0013708639541191328,0.998629136045881,0.0
1338,Dos/DDos,Dos/DDos,0.0,0.0,0.9860273399358348,0.0,0.003972660064165155,0.0,0.01
1339,Brute Force,Brute Force,0.0,1.0,0.0,0.0,0.0,0.0,0.0
1340,Dos/DDos,Dos/DDos,0.0,0.0,1.0,0.0,0.0,0.0,0.0
1341,PortScan,PortScan,0.0,0.0,0.0,0.0,7.417036449015093e-05,0.9999258296355099,0.0
1342,PortScan,PortScan,0.0,0.0,0.0,0.0,0.00010940824429178676,0.9998905917557083,0.0
1343,Dos/DDos,Dos/DDos,0.0,0.0,1.0,0.0,0.0,0.0,0.0
1344,PortScan,PortScan,0.0,0.0,0.0,0.0,0.00010940824429178676,0.9998905917557083,0.0
1345,PortScan,PortScan,0.0,0.0,0.0,0.0,0.0013851256960454358,0.9986148743039546,0.0
1346,Dos/DDos,Dos/DDos,0.0,0.0,0.9933672431332655,0.0,0.006632756866734486,0.0,0.0
1347,Web Attack,Web Attack,0.0,0.0,1.4083720890171383e-05,0.0,0.0014186302283242169,6.30767990631958e-05,0.9985042092517221
1348,Dos/DDos,Dos/DDos,0.0,0.0,1.0,0.0,0.0,0.0,0.0
1349,PortScan,PortScan,0.0,0.0,0.0,0.0,0.002930293391669669,0.9970697066083304,0.0
1350,Brute Force,Brute Force,0.0,1.0,0.0,0.0,0.0,0.0,0.0
1351,Dos/DDos,Dos/DDos,0.0,0.003983483972893301,0.9798112217760826,0.0,0.012558163449529798,3.4417133376232516e-05,0.00361271366811785
1352,Normal,Normal,0.03519415943251567,0.0,0.005008828722778105,0.0,0.9521338804407874,0.0,0.007663131403918749
1353,Brute Force,Brute Force,0.0,1.0,0.0,0.0,0.0,0.0,0.0
1354,PortScan,PortScan,0.0,0.0,0.0,0.0,7.417036449015093e-05,0.9999258296355099,0.0
1355,Dos/DDos,Dos/DDos,0.0,0.0,1.0,0.0,0.0,0.0,0.0
1356,PortScan,PortScan,0.0,0.0,0.0,0.0,7.417036449015093e-05,0.9999258296355099,0.0
1357,Dos/DDos,Dos/DDos,0.0,0.0,0.7857722315651238,0.0,0.21422776843487645,0.0,0.0
1358,Normal,Normal,0.0,0.0,0.05408765003179503,0.0,0.9459123499682051,0.0,0.0
1359,Dos/DDos,Dos/DDos,0.0,0.0,0.8962656516758343,0.0,0.10373434832416593,0.0,0.0
1360,Dos/DDos,Dos/DDos,0.0,0.0,1.0,0.0,0.0,0.0,0.0
1361,Normal,Normal,0.0,0.0,0.0,0.0,1.0,0.0,0.0
1362,Dos/DDos,Dos/DDos,0.0,0.0,1.0,0.0,0.0,0.0,0.0
1363,PortScan,PortScan,0.0,0.0,0.0,0.0,0.00010940824429178676,0.9998905917557083,0.0
1364,Dos/DDos,Dos/DDos,0.0,0.0,1.0,0.0,0.0,0.0,0.0
1365,Normal,Normal,0.0,0.0,0.0,0.0,1.0,0.0,0.0
1366,Normal,Normal,0.0,0.0,0.01,0.0,0.99,0.0,0.0
1367,Dos/DDos,Dos/DDos,0.0,0.0,1.0,0.0,0.0,0.0,0.0
1368,PortScan,PortScan,0.0,0.0,0.0,0.0,7.417036449015093e-05,0.9999258296355099,0.0
1369,Dos/DDos,Dos/DDos,0.0,0.0,1.0,0.0,0.0,0.0,0.0
1370,Normal,Normal,0.0,0.0,0.0,0.0,1.0,0.0,0.0
1371,PortScan,PortScan,0.0,0.0,0.0,0.0,0.0013851256960454358,0.9986148743039546,0.0
1372,Normal,Normal,0.0,0.0,0.0,0.0,1.0,0.0,0.0
1373,PortScan,PortScan,0.0,0.0,0.0,0.0,7.417036449015093e-05,0.9999258296355099,0.0
1374,PortScan,PortScan,0.0,0.0,0.0,0.0,0.0010488510706976421,0.9989511489293024,0.0
1375,Dos/DDos,Dos/DDos,0.0,0.0,0.9923652205481939,0.0,0.0,0.0,0.007634779451806135
1376,PortScan,PortScan,0.0,0.0,0.0,0.0,0.0027104243682456457,0.9972895756317546,0.0
1377,PortScan,PortScan,0.0,0.0,0.0,0.0,0.00010940824429178676,0.9998905917557083,0.0
1378,Web Attack,Web Attack,0.0,0.0,1.4083720890171383e-05,0.0,0.0014084435075517265,6.30767990631958e-05,0.9985143959724947
1379,Botnet ARES,Botnet ARES,1.0,0.0,0.0,0.0,0.0,0.0,0.0
1380,Normal,Normal,0.0,0.0,0.0,0.0,1.0,0.0,0.0
1381,Normal,Normal,0.0,0.05964526339042744,0.0029439974316081796,0.0,0.8279614508775818,0.0,0.10944928830038249
1382,Dos/DDos,Dos/DDos,0.0,0.003983483972893301,0.9803068290003795,0.0,0.012557273218238836,3.4417133376232516e-05,0.003117996675111967
1383,PortScan,PortScan,0.0,0.0,0.0,0.0,8.56493160846622e-05,0.9999143506839154,0.0
1384,Normal,Normal,0.0,0.0,0.0,0.0,0.9836443846858488,0.0,0.01635561531415105
1385,Dos/DDos,Dos/DDos,0.0,0.0,1.0,0.0,0.0,0.0,0.0
1386,PortScan,PortScan,0.0,0.0,0.0,0.0,0.0011678408231380996,0.9988321591768619,0.0
1387,PortScan,PortScan,0.0,0.0,0.0,0.0,7.417036449015093e-05,0.9999258296355099,0.0
1388,PortScan,PortScan,0.0,0.0,0.17176045391602712,0.029897644088497665,0.11973367868322457,0.6786082233122507,0.0
1389,PortScan,PortScan,0.0,0.0,0.0,0.0,0.0016622234901200867,0.99833777650988,0.0
1390,PortScan,PortScan,0.0,0.0,0.0,0.0,0.00010940824429178676,0.9998905917557083,0.0
1391,PortScan,PortScan,0.0,0.0,0.0,0.0,0.00010940824429178676,0.9998905917557083,0.0
1392,Dos/DDos,Dos/DDos,0.008475499092558984,0.0,0.972558420349809,0.0,0.017441579650190876,0.0015245009074410165,0.0
1393,PortScan,PortScan,0.0,0.0,0.0,0.0,0.0014028033590947247,0.9985971966409053,0.0
1394,Normal,Normal,0.0,0.0,0.01,0.009986098239110288,0.9800139017608898,0.0,0.0
1395,Normal,Normal,0.0,0.0,0.03849745337984511,0.0,0.9386743991441712,0.0051120760474122765,0.017716071428571428
1396,Brute Force,Brute Force,0.0,1.0,0.0,0.0,0.0,0.0,0.0
1397,Normal,Normal,0.0,0.0,0.0,0.0,1.0,0.0,0.0
1398,Normal,Normal,0.0,0.0,0.0,0.0,1.0,0.0,0.0
1399,Dos/DDos,Dos/DDos,0.0,0.0,1.0,0.0,0.0,0.0,0.0
1400,Normal,Normal,0.13114410681968183,0.0,0.0,0.0,0.8688558931803181,0.0,0.0
1401,Dos/DDos,Dos/DDos,0.0,0.0,0.7495972390734928,0.0,0.2504027609265073,0.0,0.0
1402,PortScan,PortScan,0.0,0.0,0.0,0.0,0.00010940824429178676,0.9998905917557083,0.0
1403,Normal,Normal,0.0,0.0,0.0,0.0,1.0,0.0,0.0
1404,PortScan,PortScan,0.0,0.0,0.0,0.0,7.417036449015093e-05,0.9999258296355099,0.0
1405,Normal,Normal,0.0,0.0,0.0,0.0,1.0,0.0,0.0
1406,Normal,Normal,0.0,0.0,0.01,0.0,0.99,0.0,0.0
1407,PortScan,PortScan,0.0,0.0,0.0,0.0,0.0034535306966057087,0.9965464693033945,0.0
1408,Normal,Normal,0.0,0.0,0.33287304656168787,0.0,0.652067781840679,0.015059171597633134,0.0
1409,Normal,Normal,0.0,0.0,0.09834402772692133,0.0,0.9016559722730787,0.0,0.0
1410,Normal,Normal,0.0,0.0793681362199798,0.003100115855743763,0.0,0.7735219735333717,0.0,0.1440097743909047
1411,Dos/DDos,Dos/DDos,0.0,0.0,1.0,0.0,0.0,0.0,0.0
1412,Dos/DDos,Dos/DDos,0.0,0.0005642355865321211,0.9923330390484287,0.0,0.0057029548320273096,0.00023947373719105728,0.0011602967958208664
1413,Dos/DDos,Dos/DDos,0.0,0.0,1.0,0.0,0.0,0.0,0.0
1414,Brute Force,Brute Force,0.0,0.9606661601799914,0.0029766544270049353,0.0,0.013071659635060575,0.0,0.023285525757943223
1415,Dos/DDos,Dos/DDos,0.0,0.0,1.0,0.0,0.0,0.0,0.0
1416,Normal,Normal,0.0,0.043882264154484846,0.0029439974316081796,0.0,0.9009386055064713,0.0,0.05223513290743572
1417,Normal,Normal,0.0,0.0,0.0,0.0,1.0,0.0,0.0
1418,Dos/DDos,Dos/DDos,0.0,0.0,0.9923652205481939,0.0,0.0,0.0,0.007634779451806135
1419,Dos/DDos,Dos/DDos,0.0,0.0,1.0,0.0,0.0,0.0,0.0
1420,PortScan,PortScan,0.0,0.0,0.0,0.0,8.56493160846622e-05,0.9999143506839154,0.0
1421,Normal,Normal,0.0,0.0,0.0,0.0,1.0,0.0,0.0
1422,PortScan,PortScan,0.0,0.0,0.0,0.0,0.001532701481143675,0.9984672985188564,0.0
1423,Dos/DDos,Dos/DDos,0.0,0.0,1.0,0.0,0.0,0.0,0.0
1424,Normal,Normal,0.0,0.0,0.0,0.0,0.99,0.01,0.0
1425,Normal,Normal,0.0,0.0,0.02,0.0,0.9749736503103408,0.005026349689659211,0.0
1426,PortScan,PortScan,0.0,0.0,0.0,0.0,0.001401556619375782,0.9985984433806243,0.0
1427,PortScan,PortScan,0.0,0.0,0.0,0.0,0.006774053529955912,0.9932259464700443,0.0
1428,Dos/DDos,Dos/DDos,0.0,0.0,1.0,0.0,0.0,0.0,0.0
1429,PortScan,PortScan,0.0,0.0,0.0,0.0,0.001978219536121109,0.9980217804638791,0.0
1430,Brute Force,Brute Force,0.0,0.962706150113201,0.0029766544270049353,0.0,0.01276546330221945,0.0,0.021551732157574756
1431,PortScan,PortScan,0.0,0.0,0.0,0.0,7.417036449015093e-05,0.9999258296355099,0.0
1432,Dos/DDos,Dos/DDos,0.0,0.0,0.9900308560713121,0.0,0.0049472219000116,0.005021922028676383,0.0
1433,PortScan,PortScan,0.0,0.0,0.0,0.0,0.0013708639541191328,0.998629136045881,0.0
1434,PortScan,PortScan,0.0,0.0,0.0,0.0,0.0011678408231380996,0.9988321591768619,0.0
1435,Dos/DDos,Dos/DDos,0.0,0.0,0.994943486020226,0.0,0.005056513979773945,0.0,0.0
1436,Normal,Normal,0.0,0.0,0.0,0.0,1.0,0.0,0.0
1437,Dos/DDos,Dos/DDos,0.0,0.0,1.0,0.0,0.0,0.0,0.0
1438,Dos/DDos,Dos/DDos,0.0,0.0,1.0,0.0,0.0,0.0,0.0
1439,Dos/DDos,Dos/DDos,0.0,0.0008917116011185303,0.9572688850059033,0.0,0.024926479957587774,0.006792216721571102,0.010120706713819228
1440,Dos/DDos,Dos/DDos,0.0,0.0,1.0,0.0,0.0,0.0,0.0
1441,PortScan,PortScan,0.0,0.0,0.0,0.0,0.00010940824429178676,0.9998905917557083,0.0
1442,PortScan,PortScan,0.0,0.0,0.0,0.0,0.002398517915991191,0.9976014820840088,0.0
1443,Dos/DDos,Dos/DDos,0.0,0.0,1.0,0.0,0.0,0.0,0.0
1444,Normal,Normal,0.0,0.0,0.0,0.0,1.0,0.0,0.0
1445,Dos/DDos,Dos/DDos,0.0,0.0,1.0,0.0,0.0,0.0,0.0
1446,Dos/DDos,Dos/DDos,0.0,0.0,1.0,0.0,0.0,0.0,0.0
1447,Normal,Normal,0.0,0.0,0.0,0.0,1.0,0.0,0.0
1448,Brute Force,Brute Force,0.0,1.0,0.0,0.0,0.0,0.0,0.0
1449,PortScan,PortScan,0.0,0.0,0.0,0.0,0.0035049851002136325,0.9964950148997866,0.0
1450,Dos/DDos,Dos/DDos,0.0,0.0,1.0,0.0,0.0,0.0,0.0
1451,Normal,Normal,0.0,0.0,0.0,0.0,1.0,0.0,0.0
1452,PortScan,PortScan,0.0,0.0,0.0,0.0,0.001440679331418862,0.9985593206685812,0.0
1453,Normal,Normal,0.0,0.004192529434425569,0.012318337976972677,0.0,0.9819610816475811,0.0,0.0015280509410204313
1454,PortScan,PortScan,0.0,0.0,0.0,0.0,0.0010488510706976421,0.9989511489293024,0.0
1455,Web Attack,Web Attack,0.0,0.0,1.4083720890171383e-05,0.0,0.0012636372494429348,0.00011159665123210415,0.9986106823784346
1456,Dos/DDos,Dos/DDos,0.0,0.0,1.0,0.0,0.0,0.0,0.0
1457,Normal,Normal,0.0,0.003372622976583373,0.013374041020823547,0.009953161592505854,0.9526259934993588,0.0,0.020674180910728326
1458,Brute Force,Brute Force,0.0,0.962706150113201,0.0029766544270049353,0.0,0.01276546330221945,0.0,0.021551732157574756
1459,Brute Force,Brute Force,0.0,0.9998667055532651,0.0,0.0,0.00013329444673491696,0.0,0.0
1460,Normal,Normal,0.0,0.0,0.0,0.0,1.0,0.0,0.0
1461,PortScan,PortScan,0.0,0.0,0.0,0.0,0.00010940824429178676,0.9998905917557083,0.0
1462,Normal,Normal,0.0,0.0,0.0,0.0,1.0,0.0,0.0
1463,Web Attack,Web Attack,0.0,0.0,1.4083720890171383e-05,0.0,0.0014084435075517265,6.30767990631958e-05,0.9985143959724947
1464,Brute Force,Brute Force,0.0,0.9606661601799914,0.0029766544270049353,0.0,0.013071659635060575,0.0,0.023285525757943223
1465,Normal,Normal,0.0,0.0,0.016604243304497765,0.0,0.9833957566955023,0.0,0.0
1466,Dos/DDos,Dos/DDos,0.0,0.0,1.0,0.0,0.0,0.0,0.0
1467,Brute Force,Brute Force,0.0,1.0,0.0,0.0,0.0,0.0,0.0
1468,Dos/DDos,Dos/DDos,0.0,0.0,1.0,0.0,0.0,0.0,0.0
1469,Normal,Normal,0.0,0.0,0.0,0.0,1.0,0.0,0.0
1470,PortScan,PortScan,0.0,0.0,0.0,0.0,0.0013851256960454358,0.9986148743039546,0.0
1471,Dos/DDos,Dos/DDos,0.0,0.0,1.0,0.0,0.0,0.0,0.0
1472,Dos/DDos,Dos/DDos,0.0,0.0,1.0,0.0,0.0,0.0,0.0
1473,Dos/DDos,Dos/DDos,0.0,0.003983483972893301,0.9814281759400566,0.0,0.010750886841346795,0.0,0.0038374532457031356
1474,PortScan,PortScan,0.0,0.0,0.0,0.0,7.417036449015093e-05,0.9999258296355099,0.0
1475,Dos/DDos,Dos/DDos,0.0,0.003983483972893301,0.9814281759400566,0.0,0.010750886841346795,0.0,0.0038374532457031356
1476,Normal,Normal,0.0,0.0,0.0,0.0,1.0,0.0,0.0
1477,Brute Force,Brute Force,0.0,1.0,0.0,0.0,0.0,0.0,0.0
1478,Normal,Normal,0.0,0.0,0.0,0.0,1.0,0.0,0.0
1479,PortScan,PortScan,0.0,0.0,0.0,0.0,0.00010940824429178676,0.9998905917557083,0.0
1480,Normal,Normal,0.0,0.0,0.0,0.0,1.0,0.0,0.0
1481,Botnet ARES,Botnet ARES,1.0,0.0,0.0,0.0,0.0,0.0,0.0
1482,Dos/DDos,Dos/DDos,0.0,0.0,1.0,0.0,0.0,0.0,0.0
1483,PortScan,PortScan,0.0,0.0,0.0,0.0,0.00010940824429178676,0.9998905917557083,0.0
1484,PortScan,PortScan,0.0,0.0,0.0,0.0,0.0024568433805013026,0.9975431566194989,0.0
1485,PortScan,PortScan,0.0,0.0,0.0,0.0,0.0012052785325187203,0.9987947214674814,0.0
1486,Dos/DDos,Dos/DDos,0.0,0.0,1.0,0.0,0.0,0.0,0.0
1487,Dos/DDos,Dos/DDos,0.0,0.00017591038364254844,0.9159431827723202,0.0,0.08385187421438622,2.9032629651224354e-05,0.0
1488,Dos/DDos,Dos/DDos,0.0,0.0,1.0,0.0,0.0,0.0,0.0
1489,Normal,Normal,0.0,0.0,0.0,0.0,1.0,0.0,0.0
1490,Dos/DDos,Dos/DDos,0.0,0.0,0.7121404081669462,0.0,0.2845340466617143,0.003325545171339564,0.0
1491,Dos/DDos,Dos/DDos,0.0,0.0,0.9979434250764527,0.0,0.0020565749235474007,0.0,0.0
1492,Dos/DDos,Dos/DDos,0.0,0.0,1.0,0.0,0.0,0.0,0.0
1493,Normal,Normal,0.0,0.0,0.0,0.0,1.0,0.0,0.0
1494,Dos/DDos,Dos/DDos,0.0,0.003983483972893301,0.9814281759400566,0.0,0.010750886841346795,0.0,0.0038374532457031356
1495,Normal,Normal,0.0,0.01,0.01,0.0,0.98,0.0,0.0
1496,PortScan,PortScan,0.0,0.0,0.0,0.0,0.0013080523585861754,0.9986919476414138,0.0
1497,Normal,Dos/DDos,0.0,0.0,0.8687019771308195,0.0,0.12625857862097625,0.005039444248204403,0.0
1498,PortScan,PortScan,0.0,0.0,0.0,0.0,7.417036449015093e-05,0.9999258296355099,0.0
1499,Dos/DDos,Dos/DDos,0.0,0.0,1.0,0.0,0.0,0.0,0.0
1500,Brute Force,Brute Force,0.0,1.0,0.0,0.0,0.0,0.0,0.0
1501,Brute Force,Brute Force,0.0,0.999975398192537,0.0,0.0,2.4601807462940075e-05,0.0,0.0
1502,PortScan,PortScan,0.0,0.0,0.0,0.0,7.417036449015093e-05,0.9999258296355099,0.0
1503,Normal,Normal,0.0,0.0714081261531894,0.003100115855743763,0.0,0.7771436822079067,0.0,0.1483480757831602
1504,PortScan,PortScan,0.0,0.0,0.0,0.0,0.00010940824429178676,0.9998905917557083,0.0
1505,PortScan,PortScan,0.0,0.0,0.0,0.0,0.001440679331418862,0.9985593206685812,0.0
1506,Dos/DDos,Dos/DDos,0.0,0.0,0.9949912188268353,0.0,0.0,0.005008781173164735,0.0
1507,Normal,Normal,0.0,0.0,0.0,0.0,0.9903421296094436,0.009657870390556354,0.0
1508,Brute Force,Brute Force,0.0,1.0,0.0,0.0,0.0,0.0,0.0
1509,PortScan,PortScan,0.0,0.0,0.0,0.0,0.001509970432581729,0.9984900295674183,0.0
1510,PortScan,PortScan,0.0,0.0,0.0,0.0,7.417036449015093e-05,0.9999258296355099,0.0
1511,Dos/DDos,Dos/DDos,0.0,0.0,1.0,0.0,0.0,0.0,0.0
1512,Normal,Normal,0.0,0.0,0.0,0.0,1.0,0.0,0.0
1513,Dos/DDos,Dos/DDos,0.0,0.0,1.0,0.0,0.0,0.0,0.0
1514,Normal,Normal,0.0,0.0,0.0,0.0,1.0,0.0,0.0
1515,Dos/DDos,Dos/DDos,0.0,0.0,1.0,0.0,0.0,0.0,0.0
1516,Dos/DDos,Dos/DDos,0.0,0.0,1.0,0.0,0.0,0.0,0.0
1517,Dos/DDos,Dos/DDos,0.0,0.003983483972893301,0.9808640465968252,0.0,0.011296132169676329,3.4417133376232516e-05,0.0038219201272286373
1518,Normal,Normal,0.0,0.0,0.0,0.0,1.0,0.0,0.0
1519,Dos/DDos,Dos/DDos,0.0,0.0,0.9991205143289352,0.0,0.0008794856710647951,0.0,0.0
1520,Dos/DDos,Dos/DDos,0.0,0.0,1.0,0.0,0.0,0.0,0.0
1521,Brute Force,Brute Force,0.0,0.999975398192537,0.0,0.0,2.4601807462940075e-05,0.0,0.0
1522,Normal,Normal,0.0,0.0,0.0,0.0,1.0,0.0,0.0
1523,Dos/DDos,Dos/DDos,0.0,0.003983483972893301,0.9810029584985736,0.0,0.011067821129049226,0.0,0.00394573639948369
1524,PortScan,PortScan,0.0,0.0,0.0,0.0,7.417036449015093e-05,0.9999258296355099,0.0
1525,Normal,Normal,0.0,0.0,0.0,0.0,1.0,0.0,0.0
1526,Dos/DDos,Dos/DDos,0.0,0.0,0.9882559631837928,0.0,0.008387183585965675,0.003356853230241541,0.0
1527,Brute Force,Brute Force,0.0,0.9998667055532651,0.0,0.0,0.00013329444673491696,0.0,0.0
1528,Dos/DDos,Dos/DDos,0.0,0.0,1.0,0.0,0.0,0.0,0.0
1529,Normal,Normal,0.0,0.051882633906988815,0.003078639010419189,0.0,0.8646186693090212,0.0,0.08042005777357086
1530,Dos/DDos,Dos/DDos,0.0,0.0,1.0,0.0,0.0,0.0,0.0
1531,PortScan,PortScan,0.0,0.0,0.0,0.0,0.0038817755120723126,0.996118224487928,0.0
1532,Dos/DDos,Dos/DDos,0.0,0.003983483972893301,0.9810733482813874,0.0,0.011383865185460695,0.0,0.0035593025602583604
1533,Dos/DDos,Dos/DDos,0.0,0.0,1.0,0.0,0.0,0.0,0.0
1534,Brute Force,Brute Force,0.0,1.0,0.0,0.0,0.0,0.0,0.0
1535,Normal,Normal,0.0,0.0,0.0315264007367715,0.0,0.9684735992632285,0.0,0.0
1536,Normal,Normal,0.0,0.0,0.0,0.0,1.0,0.0,0.0
1537,Dos/DDos,Dos/DDos,0.0,0.0,1.0,0.0,0.0,0.0,0.0
1538,PortScan,PortScan,0.0,0.0,0.0,0.0,7.417036449015093e-05,0.9999258296355099,0.0
1539,Dos/DDos,Dos/DDos,0.0,0.0,1.0,0.0,0.0,0.0,0.0
1540,PortScan,PortScan,0.0,0.0,0.0,0.0,0.0031156910669122816,0.9968843089330879,0.0
1541,Dos/DDos,Dos/DDos,0.0,0.0,1.0,0.0,0.0,0.0,0.0
1542,Normal,Normal,0.01,0.012414417215570444,0.02,0.0,0.9293582377518965,0.028227345032533054,0.0
1543,Dos/DDos,Dos/DDos,0.0,0.005228976097580453,0.956967411914547,0.0,0.030637361110931773,0.00024068119919666296,0.006925569677743949
1544,PortScan,PortScan,0.0,0.0,0.0,0.0,7.417036449015093e-05,0.9999258296355099,0.0
1545,Dos/DDos,Dos/DDos,0.0,0.0,1.0,0.0,0.0,0.0,0.0
1546,Normal,Normal,0.0,0.0,0.0,0.0,1.0,0.0,0.0
1547,Brute Force,Brute Force,0.0,1.0,0.0,0.0,0.0,0.0,0.0
1548,Dos/DDos,Dos/DDos,0.0,0.0,1.0,0.0,0.0,0.0,0.0
1549,Dos/DDos,Dos/DDos,0.0,0.0,1.0,0.0,0.0,0.0,0.0
1550,Botnet ARES,Botnet ARES,1.0,0.0,0.0,0.0,0.0,0.0,0.0
1551,Dos/DDos,Dos/DDos,0.0,0.0,1.0,0.0,0.0,0.0,0.0
1552,Dos/DDos,Dos/DDos,0.0,0.0,0.8039938570500229,0.0,0.1960061429499769,0.0,0.0
1553,PortScan,PortScan,0.0,0.0,0.0,0.0,0.0014028033590947247,0.9985971966409053,0.0
1554,PortScan,PortScan,0.0,0.0,0.0,0.0,7.417036449015093e-05,0.9999258296355099,0.0
1555,Dos/DDos,Dos/DDos,0.0,0.0,0.9866634415037734,0.0,0.013336558496226659,0.0,0.0
1556,Dos/DDos,Dos/DDos,0.0,0.0007443191035267758,0.987064107417973,0.0,0.008159800814298335,0.00012124242513444596,0.003910530239067575
1557,PortScan,PortScan,0.0,0.0,0.0,0.0,0.0012545663175091539,0.9987454336824909,0.0
1558,Normal,Normal,0.009484748436247447,0.009768995264274655,0.0004299390422660507,0.0,0.9628653425443054,0.0,0.017450974712906245
1559,PortScan,PortScan,0.0,0.0,0.0,0.0,0.0018200521295441874,0.9981799478704559,0.0
1560,PortScan,PortScan,0.0,0.0,0.0,0.0,0.0012854081067334554,0.9987145918932666,0.0
1561,PortScan,PortScan,0.0,0.0,0.0,0.0,0.0013293878738552545,0.9986706121261447,0.0
1562,Dos/DDos,Dos/DDos,0.0,0.00032747601458640906,0.9569551761102594,0.0,0.03352960277549045,0.00014479321798189455,0.009042951881681941
1563,Normal,Normal,0.0,0.0,0.0,0.0,1.0,0.0,0.0
1564,Dos/DDos,Dos/DDos,0.0,0.0,1.0,0.0,0.0,0.0,0.0
1565,Normal,Normal,0.0,0.0,0.0,0.0,1.0,0.0,0.0
1566,Dos/DDos,Dos/DDos,0.0,0.003983483972893301,0.9803068290003795,0.0,0.012557273218238836,3.4417133376232516e-05,0.003117996675111967
1567,PortScan,PortScan,0.0,0.0,0.0,0.0,7.417036449015093e-05,0.9999258296355099,0.0
1568,Normal,Normal,0.0,0.05343136690299659,0.0029439974316081796,0.0,0.8651069059613026,0.0,0.07851772970409267
1569,PortScan,PortScan,0.0,0.0,0.0,0.0,0.0033005058274889194,0.9966994941725111,0.0
1570,PortScan,PortScan,0.0,0.0,0.0,0.0,0.0013851256960454358,0.9986148743039546,0.0
1571,Brute Force,Brute Force,0.0,0.962706150113201,0.0029766544270049353,0.0,0.01276546330221945,0.0,0.021551732157574756
1572,Normal,Normal,0.0,0.01,0.0,0.0,0.99,0.0,0.0
1573,Normal,Normal,0.0,0.0,0.01,0.0,0.99,0.0,0.0
1574,Normal,Dos/DDos,0.0,0.008860290505994607,0.7346807012638817,0.0,0.0874960864141447,0.00026971382884788734,0.16869320798713106
1575,Brute Force,Brute Force,0.0,1.0,0.0,0.0,0.0,0.0,0.0
1576,PortScan,PortScan,0.0,0.0,0.0,0.0,0.004119931000825461,0.9958800689991747,0.0
1577,PortScan,PortScan,0.0,0.0,0.0,0.0,0.00153553191903505,0.998464468080965,0.0
1578,Brute Force,Brute Force,0.0,0.9606661601799914,0.0029766544270049353,0.0,0.013071659635060575,0.0,0.023285525757943223
1579,Normal,Normal,0.00957854121837204,0.0,0.0,0.0,0.9807635883910716,0.009657870390556354,0.0
1580,Normal,Normal,0.0,0.0,0.0,0.0,1.0,0.0,0.0
1581,PortScan,PortScan,0.0,0.0,0.0,0.0,7.417036449015093e-05,0.9999258296355099,0.0
1582,PortScan,PortScan,0.0,0.0,0.0,0.0,0.001532701481143675,0.9984672985188564,0.0
1583,Dos/DDos,Dos/DDos,0.0,0.003983483972893301,0.9802364392175655,0.0,0.012241229161827365,3.4417133376232516e-05,0.003504430514337296
1584,Normal,Normal,0.0,0.0,0.0,0.0,1.0,0.0,0.0
1585,Dos/DDos,Dos/DDos,0.0,0.003983483972893301,0.9810733482813874,0.0,0.011383865185460695,0.0,0.0035593025602583604
1586,Dos/DDos,Dos/DDos,0.0,0.003983483972893301,0.9802364392175655,0.0,0.012241229161827365,3.4417133376232516e-05,0.003504430514337296
1587,PortScan,PortScan,0.0,0.0,0.0,0.0,7.417036449015093e-05,0.9999258296355099,0.0
1588,PortScan,PortScan,0.0,0.0,0.0,0.0,8.56493160846622e-05,0.9999143506839154,0.0
1589,Dos/DDos,Dos/DDos,0.0,0.0,1.0,0.0,0.0,0.0,0.0
1590,Dos/DDos,Dos/DDos,0.0,0.0008917116011185303,0.9887377739771941,0.0,0.007412155306681418,0.0011799713359058048,0.001778387779100164
1591,PortScan,PortScan,0.0,0.0,0.0,0.0,0.00010940824429178676,0.9998905917557083,0.0
1592,Dos/DDos,Dos/DDos,0.0,0.0007443191035267758,0.9869302150186618,0.0,0.008293693213609463,0.00012124242513444596,0.003910530239067575
1593,Normal,Normal,0.03,0.0,0.05833971051462178,0.0297076199128831,0.7720101381342068,0.009942531438288351,0.1
1594,PortScan,PortScan,0.0,0.0,0.0,0.0,0.00010940824429178676,0.9998905917557083,0.0
1595,Normal,Normal,0.0,0.0,0.0,0.0,1.0,0.0,0.0
1596,Normal,Normal,0.0,0.06965438117087455,0.0029439974316081796,0.0,0.7753334073236797,0.0,0.15206821407383755
1597,Normal,Normal,0.0,0.0,0.0,0.0,1.0,0.0,0.0
1598,PortScan,PortScan,0.0,0.0,0.0,0.0,0.001063112812623945,0.998936887187376,0.0
1599,Brute Force,Brute Force,0.0,0.962706150113201,0.0029766544270049353,0.0,0.01276546330221945,0.0,0.021551732157574756
1600,Dos/DDos,Dos/DDos,0.0,0.0,1.0,0.0,0.0,0.0,0.0
1601,PortScan,PortScan,0.0,0.0,0.0,0.0,0.00010940824429178676,0.9998905917557083,0.0
1602,Brute Force,Brute Force,0.0,0.9400800073199993,0.0029766544270049353,0.0,0.01901331583711849,0.0,0.037930022415877354
1603,Brute Force,Brute Force,0.0,0.9925410225921522,0.0,0.0,0.0074589774078478,0.0,0.0
1604,Dos/DDos,Dos/DDos,0.0,0.0,0.9282745888917934,0.0,0.0717254111082065,0.0,0.0
1605,PortScan,PortScan,0.0,0.0,0.0,0.0,0.0010488510706976421,0.9989511489293024,0.0
1606,PortScan,PortScan,0.0,0.0,0.0,0.0,0.001509970432581729,0.9984900295674183,0.0
1607,PortScan,PortScan,0.0,0.0,0.0,0.0,0.0016622234901200867,0.99833777650988,0.0
1608,Dos/DDos,Dos/DDos,0.0,0.0022977874501269495,0.8182527390879935,0.0,0.07468400099527246,0.008519842021450957,0.09624563044515626
1609,Normal,Normal,0.0,0.0,0.0,0.0,1.0,0.0,0.0
1610,Normal,Normal,0.0,0.021175562430389858,0.003078639010419189,0.0,0.9080798039771613,0.0,0.06766599458202971
1611,Dos/DDos,Dos/DDos,0.0,0.005228976097580453,0.9522713854902217,0.0,0.03234868087289153,0.00020626406582043046,0.009944693473485837
1612,Dos/DDos,Dos/DDos,0.0,0.0,1.0,0.0,0.0,0.0,0.0
1613,Brute Force,Brute Force,0.0,0.9998930490496046,0.0,0.0,0.00010695095039544507,0.0,0.0
1614,Normal,Normal,0.0,0.0,0.0,0.0,1.0,0.0,0.0
1615,Dos/DDos,Dos/DDos,0.0,0.0,1.0,0.0,0.0,0.0,0.0
1616,Dos/DDos,Dos/DDos,0.0,0.0,1.0,0.0,0.0,0.0,0.0
1617,Normal,Normal,0.0,0.051028210007149626,0.0029439974316081796,0.0,0.87326568872617,0.0,0.07276210383507212
1618,Brute Force,Brute Force,0.0,1.0,0.0,0.0,0.0,0.0,0.0
1619,Normal,Normal,0.0,0.0,0.0,0.0,1.0,0.0,0.0
1620,Dos/DDos,Dos/DDos,0.0,0.0,1.0,0.0,0.0,0.0,0.0
1621,Dos/DDos,Dos/DDos,0.0,0.0,1.0,0.0,0.0,0.0,0.0
1622,PortScan,PortScan,0.0,0.0,0.0,0.0,7.417036449015093e-05,0.9999258296355099,0.0
1623,Normal,Normal,0.0,0.0,0.0,0.0,1.0,0.0,0.0
1624,Dos/DDos,Dos/DDos,0.0,0.0,1.0,0.0,0.0,0.0,0.0
1625,Normal,Normal,0.09944251485351113,0.0,0.0,0.0,0.9005574851464888,0.0,0.0
1626,Normal,Normal,0.0,0.0,0.0,0.0,1.0,0.0,0.0
1627,Dos/DDos,Dos/DDos,0.0,0.0,0.9925115452930728,0.0,0.0,0.007488454706927176,0.0
1628,PortScan,PortScan,0.0,0.0,0.0,0.0,0.00010940824429178676,0.9998905917557083,0.0
1629,Normal,Normal,0.0,0.01344101135619683,0.032582694226562944,0.0,0.9099548456411694,0.0440214487760708,0.0
1630,PortScan,PortScan,0.0,0.0,0.0,0.0,0.001268828059435457,0.9987311719405646,0.0
1631,PortScan,PortScan,0.0,0.0,0.0,0.0,0.00207745614537608,0.9979225438546241,0.0
1632,PortScan,PortScan,0.0,0.0,0.0,0.0,0.0014028033590947247,0.9985971966409053,0.0
1633,Dos/DDos,Dos/DDos,0.0,0.0,0.9847234569181775,0.0,0.01527654308182248,0.0,0.0
1634,Normal,Normal,0.0,0.003983483972893301,0.3185900177822202,0.0,0.5329544083844653,0.0025205545724566623,0.14195153528796461
1635,Dos/DDos,Dos/DDos,0.0,0.00032747601458640906,0.9675578754701167,0.0,0.022926903415633144,0.00014479321798189455,0.009042951881681941
1636,PortScan,PortScan,0.0,0.0,0.0,0.0,0.00202281691283012,0.99797718308717,0.0
1637,Dos/DDos,Dos/DDos,0.0,0.0,0.9250538676794318,0.0,0.06629390904983085,0.003328704775129214,0.005323518495608066
1638,Normal,Normal,0.0,0.0,0.0,0.0,1.0,0.0,0.0
1639,Normal,Normal,0.0,0.0,0.0,0.0,1.0,0.0,0.0
1640,PortScan,PortScan,0.0,0.0,0.0,0.0,0.001268828059435457,0.9987311719405646,0.0
1641,Dos/DDos,Dos/DDos,0.0,0.0,0.8613057086667504,0.0,0.04770746395255029,0.0,0.09098682738069934
1642,Normal,Normal,0.0,0.0,0.0,0.0,0.993379676638288,0.006620323361712099,0.0
1643,Normal,Normal,0.0,0.0,0.0,0.0,1.0,0.0,0.0
1644,PortScan,PortScan,0.0,0.0,0.0,0.0,0.0017390630352036819,0.9982609369647963,0.0
1645,Dos/DDos,Dos/DDos,0.0,0.003983483972893301,0.9802364392175655,0.0,0.012241229161827365,3.4417133376232516e-05,0.003504430514337296
1646,Brute Force,Brute Force,0.0,0.9998667055532651,0.0,0.0,0.00013329444673491696,0.0,0.0
1647,Dos/DDos,Dos/DDos,0.0,0.003983483972893301,0.9811533694882654,0.0,0.010917410139357287,0.0,0.00394573639948369
1648,Normal,Normal,0.056793090772964454,0.008901761009542035,0.0,0.0,0.9343051482174936,0.0,0.0
1649,Brute Force,Brute Force,0.0,0.9998667055532651,0.0,0.0,0.00013329444673491696,0.0,0.0
1650,Normal,Normal,0.0,0.0,0.01,0.01,0.98,0.0,0.0
1651,Dos/DDos,Dos/DDos,0.0,0.0,1.0,0.0,0.0,0.0,0.0
1652,Dos/DDos,Dos/DDos,0.0,0.0,1.0,0.0,0.0,0.0,0.0
1653,Normal,Normal,0.0,0.0,0.0,0.0,1.0,0.0,0.0
1654,Normal,Normal,0.0,0.0,0.0,0.0,1.0,0.0,0.0
1655,PortScan,PortScan,0.0,0.0,0.0,0.0,0.0017892038873217873,0.9982107961126782,0.0
1656,Normal,Normal,0.0,0.0,0.0,0.0,1.0,0.0,0.0
1657,Dos/DDos,Dos/DDos,0.0,0.003983483972893301,0.9778175181586568,0.0,0.01098506346080421,0.0,0.007213934407645568
1658,Dos/DDos,Dos/DDos,0.0,0.005081583599988699,0.6980635543324865,0.0,0.29132407109195374,9.220979548322161e-05,0.005438581180088006
1659,Brute Force,Brute Force,0.0,1.0,0.0,0.0,0.0,0.0,0.0
1660,Dos/DDos,Dos/DDos,0.0,0.0005033863982289575,0.9895024631507312,0.0,0.008895258989606364,5.927272130805441e-05,0.0010396187401256031
1661,Dos/DDos,Dos/DDos,0.0,0.0,1.0,0.0,0.0,0.0,0.0
1662,Dos/DDos,Dos/DDos,0.0,0.003983483972893301,0.9812237592710793,0.0,0.011233454195768756,0.0,0.0035593025602583604
1663,Normal,Normal,0.0,0.0,0.0,0.0,0.9903421296094436,0.009657870390556354,0.0
1664,Brute Force,Brute Force,0.0,0.6120382400975702,0.012931385869565217,0.0,0.325556671326296,0.007234119304214007,0.0422395834023545
1665,PortScan,PortScan,0.0,0.0,0.0,0.0,0.0017304427881984746,0.9982695572118017,0.0
1666,PortScan,PortScan,0.0,0.0,0.0,0.0,7.417036449015093e-05,0.9999258296355099,0.0
1667,PortScan,PortScan,0.0,0.0,0.0,0.0,0.0012545663175091539,0.9987454336824909,0.0
1668,Dos/DDos,Dos/DDos,0.0,0.0,0.9323633109599667,0.0,0.06763668904003334,0.0,0.0
1669,PortScan,PortScan,0.0,0.0,0.0,0.0,7.417036449015093e-05,0.9999258296355099,0.0
1670,PortScan,PortScan,0.0,0.0,0.0,0.0,0.0016976913101470557,0.9983023086898529,0.0
1671,Normal,Normal,0.0,0.0,0.0,0.0,1.0,0.0,0.0
1672,Normal,Normal,0.0,0.0,0.18261614383974742,0.0,0.8173838561602527,0.0,0.0
1673,Dos/DDos,Dos/DDos,0.0,0.0,1.0,0.0,0.0,0.0,0.0
1674,Normal,Normal,0.0,0.0,0.0,0.0,1.0,0.0,0.0
1675,Dos/DDos,Dos/DDos,0.0,0.0,0.9850881146147685,0.0,0.009921998568470232,0.004989886816761122,0.0
1676,Normal,Normal,0.0,0.0,0.0,0.0,0.9883396456237666,0.011660354376233412,0.0
1677,Brute Force,Brute Force,0.0,1.0,0.0,0.0,0.0,0.0,0.0
1678,Normal,Normal,0.0,0.0,0.0,0.0,1.0,0.0,0.0
1679,PortScan,PortScan,0.0,0.0,0.0,0.0,0.0015099093910888595,0.9984900906089113,0.0
1680,PortScan,PortScan,0.0,0.0,0.0,0.0,0.00010940824429178676,0.9998905917557083,0.0
1681,Normal,Dos/DDos,0.0,0.0,0.6837625642609996,0.0,0.31623743573900065,0.0,0.0
1682,Dos/DDos,Dos/DDos,0.0,0.0,1.0,0.0,0.0,0.0,0.0
1683,Brute Force,Brute Force,0.0,1.0,0.0,0.0,0.0,0.0,0.0
1684,Dos/DDos,Dos/DDos,0.0,0.0,0.9107818419693389,0.0,0.0892181580306611,0.0,0.0
1685,Web Attack,Web Attack,0.0,0.0,1.4083720890171383e-05,0.0,0.0017700433773855779,6.30767990631958e-05,0.9981527961026608
1686,Dos/DDos,Dos/DDos,0.0,0.0049863938231379775,0.8084952405233988,0.0,0.07628561453581173,0.022288098234072976,0.0879446528835786
1687,Normal,Normal,0.0,0.0,0.008027643400138217,0.0,0.8837465601412301,0.0,0.10822579645863178
1688,PortScan,PortScan,0.0,0.0,0.0,0.0,7.417036449015093e-05,0.9999258296355099,0.0
1689,Normal,Normal,0.02058933503469161,0.05194926595170207,0.004784683877141845,0.0,0.9084836132375027,0.0,0.014193101898961686
1690,Dos/DDos,Dos/DDos,0.0,0.0,1.0,0.0,0.0,0.0,0.0
1691,Brute Force,Brute Force,0.0,0.9522623620034456,0.0029766544270049353,0.0,0.014501835760378135,0.0,0.030259147809171466
1692,Brute Force,Brute Force,0.0,0.9998667055532651,0.0,0.0,0.00013329444673491696,0.0,0.0
1693,Brute Force,Brute Force,0.0,1.0,0.0,0.0,0.0,0.0,0.0
1694,PortScan,PortScan,0.0,0.0,0.0,0.0,0.0038068239457884918,0.9961931760542118,0.0
1695,Dos/DDos,Dos/DDos,0.0,0.0,0.7656450658294149,0.0,0.23435493417058514,0.0,0.0
1696,PortScan,PortScan,0.0,0.0,0.0,0.0,0.0035049851002136325,0.9964950148997866,0.0
1697,Dos/DDos,Dos/DDos,0.0,0.0,0.9730800847973939,0.0,0.026919915202606007,0.0,0.0
1698,Normal,Normal,0.014652738643691116,0.0011729406024615654,0.0005153915452313562,0.0,0.9085061287153305,0.0,0.07515280049328528
1699,Normal,Normal,0.0010500405594745178,0.008805100123345358,0.0005153915452313562,0.0,0.9713483001307114,0.0,0.018281167641237345
1700,PortScan,PortScan,0.0,0.0,0.0,0.0,0.001978219536121109,0.9980217804638791,0.0
1701,Normal,Normal,0.0,0.0,0.01508184968335524,0.0,0.9849181503166448,0.0,0.0
1702,Normal,Normal,0.0,0.0,0.0,0.0,1.0,0.0,0.0
1703,PortScan,PortScan,0.0,0.0,0.0,0.0,7.417036449015093e-05,0.9999258296355099,0.0
1704,Normal,Normal,0.0,0.0,0.0,0.0,1.0,0.0,0.0
1705,PortScan,PortScan,0.0,0.0,0.0,0.0,0.003041698562117294,0.9969583014378827,0.0
1706,Dos/DDos,Dos/DDos,0.0,0.0007443191035267758,0.9876993794402925,0.0,0.007558945925355023,8.682529175821345e-05,0.003910530239067575
1707,Dos/DDos,Dos/DDos,0.0,0.0,1.0,0.0,0.0,0.0,0.0
1708,PortScan,PortScan,0.0,0.0,0.0,0.0,0.0020803420431876486,0.9979196579568125,0.0
1709,PortScan,PortScan,0.0,0.0,0.0,0.0,0.001063112812623945,0.998936887187376,0.0
1710,Brute Force,Brute Force,0.0,0.999975398192537,0.0,0.0,2.4601807462940075e-05,0.0,0.0
1711,Normal,Normal,0.0,0.0,0.0,0.0,1.0,0.0,0.0
1712,Normal,Dos/DDos,0.0,0.0005033863982289575,0.6345697775007723,0.0,0.35878469306947397,0.0051025242913992986,0.0010396187401256031
1713,Dos/DDos,Dos/DDos,0.0,0.0,1.0,0.0,0.0,0.0,0.0
1714,Brute Force,Brute Force,0.0,0.9525098629501096,0.0029766544270049353,0.0,0.014263692656602543,0.0,0.03024978996628299
1715,Normal,Normal,0.0,0.0,0.06117836828498779,0.019784036687848273,0.9140897699597468,0.004947825067417048,0.0
1716,Normal,Normal,0.0,0.0,0.0,0.0,1.0,0.0,0.0
1717,Normal,Normal,0.0,0.0,0.0,0.0,1.0,0.0,0.0
1718,Dos/DDos,Dos/DDos,0.0,0.0,0.8409015038024533,0.0,0.15238346686062956,0.006715029336917228,0.0
1719,Dos/DDos,Dos/DDos,0.0,0.0,1.0,0.0,0.0,0.0,0.0
1720,Web Attack,Web Attack,0.0,0.0,1.4083720890171383e-05,0.0,0.0014084435075517265,6.30767990631958e-05,0.9985143959724947
1721,PortScan,PortScan,0.0,0.0,0.0,0.0,0.00010940824429178676,0.9998905917557083,0.0
1722,Dos/DDos,Dos/DDos,0.0,0.0,1.0,0.0,0.0,0.0,0.0
1723,Dos/DDos,Dos/DDos,0.0,0.0,1.0,0.0,0.0,0.0,0.0
1724,Normal,Normal,0.0,0.0,0.0,0.0,0.995038213518032,0.004961786481967996,0.0
1725,Dos/DDos,Dos/DDos,0.0,0.0,1.0,0.0,0.0,0.0,0.0
1726,Normal,Normal,0.0,0.0,0.0,0.0,1.0,0.0,0.0
1727,PortScan,PortScan,0.0,0.0,0.0,0.0,0.002643876133466521,0.9973561238665336,0.0
1728,Normal,Normal,0.0,0.0,0.0,0.0,1.0,0.0,0.0
1729,Dos/DDos,Dos/DDos,0.0,0.0,1.0,0.0,0.0,0.0,0.0
1730,Normal,Normal,0.0,0.0,0.0,0.0,1.0,0.0,0.0
1731,Dos/DDos,Dos/DDos,0.0,0.0043109599874797105,0.8652853561718383,0.0,0.12522120194060335,3.0240091656830056e-05,0.005152241808421793
1732,Dos/DDos,Dos/DDos,0.0,0.0,1.0,0.0,0.0,0.0,0.0
1733,Normal,Normal,0.0,0.0,0.0,0.0,0.9954273089772605,0.0,0.004572691022739519
1734,Dos/DDos,Dos/DDos,0.0,0.0,1.0,0.0,0.0,0.0,0.0
1735,Normal,Normal,0.0,0.0,0.005051210428305399,0.0,0.9816138865028617,0.003334903068832902,0.01
1736,Botnet ARES,Botnet ARES,0.999774330969387,0.0,0.0,0.0,0.00022566903061300287,0.0,0.0
1737,Brute Force,Brute Force,0.0,1.0,0.0,0.0,0.0,0.0,0.0
1738,Brute Force,Brute Force,0.0,1.0,0.0,0.0,0.0,0.0,0.0
1739,Normal,Normal,0.0,0.0,0.0,0.0,1.0,0.0,0.0
1740,Normal,Normal,0.0,0.01386949853604127,0.058305806092818956,0.0,0.6624162452391171,0.017584418457006912,0.24782403167501585
1741,Normal,Normal,0.0,0.0,0.0,0.0,1.0,0.0,0.0
1742,Brute Force,Brute Force,0.0,0.999975398192537,0.0,0.0,2.4601807462940075e-05,0.0,0.0
1743,PortScan,PortScan,0.0,0.0,0.0,0.0,7.417036449015093e-05,0.9999258296355099,0.0
1744,Botnet ARES,Botnet ARES,1.0,0.0,0.0,0.0,0.0,0.0,0.0
1745,Normal,Normal,0.0,0.0,0.0,0.0,1.0,0.0,0.0
1746,Normal,Dos/DDos,0.0,0.0,0.9335376044178194,0.0,0.06646239558218042,0.0,0.0
1747,Normal,Normal,0.0,0.0,0.0,0.0,1.0,0.0,0.0
1748,Web Attack,Web Attack,0.0,0.0,1.4083720890171383e-05,0.0,0.0014186302283242169,6.30767990631958e-05,0.9985042092517221
1749,PortScan,PortScan,0.0,0.0,0.0,0.0,7.417036449015093e-05,0.9999258296355099,0.0
1750,Normal,Normal,0.0,0.0,0.0,0.0,0.99,0.0,0.01
1751,PortScan,PortScan,0.0,0.0,0.0,0.0,7.417036449015093e-05,0.9999258296355099,0.0
1752,Normal,Dos/DDos,0.0,0.01059747110170934,0.50426254451918,0.0,0.3371304652597861,0.00026971382884788734,0.1477398052904767
1753,Dos/DDos,Dos/DDos,0.0,0.0,1.0,0.0,0.0,0.0,0.0
1754,Normal,Normal,0.0,0.0,0.0,0.0,1.0,0.0,0.0
1755,PortScan,PortScan,0.0,0.0,0.0,0.0,7.417036449015093e-05,0.9999258296355099,0.0
1756,PortScan,PortScan,0.0,0.0,0.0,0.0,0.019931387308325943,0.9800686126916743,0.0
1757,Dos/DDos,Dos/DDos,0.0,0.0,1.0,0.0,0.0,0.0,0.0
1758,Dos/DDos,Dos/DDos,0.0,0.0,1.0,0.0,0.0,0.0,0.0
1759,Normal,Normal,0.0,0.0,0.0,0.0,1.0,0.0,0.0
1760,PortScan,PortScan,0.0,0.0,0.0,0.0,0.001401556619375782,0.9985984433806243,0.0
1761,Normal,Normal,0.0,0.005107666824420255,0.260695780009923,0.0,0.7341965531656568,0.0,0.0
1762,Normal,Normal,0.0,0.0,0.02,0.0,0.98,0.0,0.0
1763,Normal,Normal,0.0,0.0,0.11392995423875232,0.0,0.8611065593065952,0.004963486454652533,0.02
1764,Dos/DDos,Dos/DDos,0.0,0.0,0.9214341345736595,0.0,0.07856586542634053,0.0,0.0
1765,Brute Force,Brute Force,0.0,0.999975398192537,0.0,0.0,2.4601807462940075e-05,0.0,0.0
1766,Dos/DDos,Dos/DDos,0.0,0.0,1.0,0.0,0.0,0.0,0.0
1767,Brute Force,Brute Force,0.0,0.999975398192537,0.0,0.0,2.4601807462940075e-05,0.0,0.0
1768,PortScan,PortScan,0.0,0.0,0.0,0.0,0.00010940824429178676,0.9998905917557083,0.0
1769,PortScan,PortScan,0.0,0.0,0.0,0.0,0.0033978436017547396,0.9966021563982455,0.0
1770,Dos/DDos,Dos/DDos,0.0,0.0,0.99,0.0,0.01,0.0,0.0
1771,Brute Force,Brute Force,0.0,1.0,0.0,0.0,0.0,0.0,0.0
1772,Dos/DDos,Dos/DDos,0.0,0.0,1.0,0.0,0.0,0.0,0.0
1773,Normal,Normal,0.0,0.0,0.0,0.0,1.0,0.0,0.0
1774,PortScan,PortScan,0.0,0.0,0.0,0.0,0.012811081175112484,0.9871889188248875,0.0
1775,PortScan,PortScan,0.0,0.0,0.0,0.0,0.00010940824429178676,0.9998905917557083,0.0
1776,PortScan,PortScan,0.0,0.0,0.0,0.0,0.001509970432581729,0.9984900295674183,0.0
1777,Normal,Normal,0.01,0.0,0.01093482335151687,0.0,0.9790651766484831,0.0,0.0
1778,PortScan,PortScan,0.0,0.0,0.0,0.0,7.417036449015093e-05,0.9999258296355099,0.0
1779,PortScan,PortScan,0.0,0.0,0.0,0.0,7.417036449015093e-05,0.9999258296355099,0.0
1780,Dos/DDos,Dos/DDos,0.0,0.003983483972893301,0.9803068290003795,0.0,0.012557273218238836,3.4417133376232516e-05,0.003117996675111967
1781,PortScan,PortScan,0.0,0.0,0.0,0.0,0.0038817755120723126,0.996118224487928,0.0
1782,Dos/DDos,Dos/DDos,0.0,0.0,1.0,0.0,0.0,0.0,0.0
1783,Dos/DDos,Dos/DDos,0.0,0.0,0.9480663047948444,0.0,0.051933695205155485,0.0,0.0
1784,Normal,Normal,0.0,0.0,0.003285375494071146,0.0,0.9967146245059288,0.0,0.0
1785,Normal,Normal,0.0,0.0,0.0,0.0,1.0,0.0,0.0
1786,Brute Force,Brute Force,0.0,1.0,0.0,0.0,0.0,0.0,0.0
1787,PortScan,PortScan,0.0,0.0,0.0,0.0,0.00010940824429178676,0.9998905917557083,0.0
1788,Normal,Normal,0.013979276138519812,0.00020904546153226817,0.0,0.0,0.9788831458345321,0.0,0.0069285325654157934
1789,Dos/DDos,Dos/DDos,0.0,0.0,1.0,0.0,0.0,0.0,0.0
1790,Normal,Normal,0.0,0.0,0.0049690817874227045,0.0,0.9950309182125773,0.0,0.0
1791,Normal,Normal,0.0,0.0,0.0,0.0,1.0,0.0,0.0
1792,Normal,Normal,0.0,0.0,0.0,0.0,1.0,0.0,0.0
1793,PortScan,PortScan,0.0,0.0,0.0,0.0,0.0014028033590947247,0.9985971966409053,0.0
1794,Brute Force,Brute Force,0.0,1.0,0.0,0.0,0.0,0.0,0.0
1795,Dos/DDos,Dos/DDos,0.0,0.003983483972893301,0.9810875754923762,0.0,0.010122724136898189,0.0,0.0048062163978319404
1796,Normal,Normal,0.0,0.0,0.0,0.0,1.0,0.0,0.0
1797,Dos/DDos,Dos/DDos,0.0,0.0,1.0,0.0,0.0,0.0,0.0
1798,PortScan,PortScan,0.0,0.0,0.0,0.0,0.001063112812623945,0.998936887187376,0.0
1799,Dos/DDos,Dos/DDos,0.0,0.0,0.9253046572130014,0.0,0.0746953427869986,0.0,0.0
1800,Brute Force,Brute Force,0.0,1.0,0.0,0.0,0.0,0.0,0.0
1801,Dos/DDos,Dos/DDos,0.0,0.0,0.9339399671208242,0.0,0.06606003287917592,0.0,0.0
1802,PortScan,PortScan,0.0,0.0,0.0,0.0,0.0011043365323201682,0.9988956634676798,0.0
1803,Normal,Normal,0.0,0.0,0.0,0.0,1.0,0.0,0.0
1804,Dos/DDos,Dos/DDos,0.0,0.0,1.0,0.0,0.0,0.0,0.0
1805,Botnet ARES,Botnet ARES,0.9941259566131372,0.0,0.0,0.0,0.005874043386862775,0.0,0.0
1806,PortScan,PortScan,0.0,0.0,0.0,0.0,7.417036449015093e-05,0.9999258296355099,0.0
1807,PortScan,PortScan,0.0,0.0,0.0,0.0,7.417036449015093e-05,0.9999258296355099,0.0
1808,Normal,Normal,0.0,0.0,0.0,0.0,0.992168609865471,0.0,0.007831390134529149
1809,Normal,Normal,0.0,0.0,0.0,0.0,1.0,0.0,0.0
1810,PortScan,PortScan,0.0,0.0,0.0,0.0,7.417036449015093e-05,0.9999258296355099,0.0
1811,Dos/DDos,Dos/DDos,0.0,0.003983483972893301,0.9808640465968252,0.0,0.011296132169676329,3.4417133376232516e-05,0.0038219201272286373
1812,PortScan,PortScan,0.0,0.0,0.0,0.0,7.417036449015093e-05,0.9999258296355099,0.0
1813,Web Attack,Web Attack,0.0,0.0,1.4083720890171383e-05,0.0,0.001550279110412039,6.30767990631958e-05,0.9983725603696344
1814,Dos/DDos,Dos/DDos,0.0,0.0,0.99,0.0,0.004953795765586618,0.005046204234413381,0.0
1815,PortScan,PortScan,0.0,0.0,0.0,0.0,0.001509970432581729,0.9984900295674183,0.0
1816,Botnet ARES,Botnet ARES,1.0,0.0,0.0,0.0,0.0,0.0,0.0
1817,Brute Force,Brute Force,0.0,0.999975398192537,0.0,0.0,2.4601807462940075e-05,0.0,0.0
1818,PortScan,PortScan,0.0,0.0,0.0,0.0,0.00010940824429178676,0.9998905917557083,0.0
1819,Dos/DDos,Dos/DDos,0.0,0.04100554609860762,0.653451382837313,0.0,0.3055430710640794,0.0,0.0
1820,Normal,Normal,0.01820450762837815,0.00020904546153226817,8.545250296530551e-05,0.0,0.9725474710408706,0.0,0.008953523366253668
1821,Dos/DDos,Dos/DDos,0.0,0.003983483972893301,0.9798816115588964,0.0,0.012874207505941268,3.4417133376232516e-05,0.003226279828892521
1822,Dos/DDos,Dos/DDos,0.0,0.0,1.0,0.0,0.0,0.0,0.0
1823,Dos/DDos,Dos/DDos,0.0,0.0,0.994890467732386,0.0,0.0051095322676139735,0.0,0.0
1824,Normal,Normal,0.0,0.05899171788497625,0.003078639010419189,0.0,0.8619125056900326,0.0,0.07601713741457189
1825,Brute Force,Brute Force,0.0,1.0,0.0,0.0,0.0,0.0,0.0
1826,Normal,Normal,0.0,0.0,0.0,0.0,0.9903421296094436,0.009657870390556354,0.0
1827,Dos/DDos,Dos/DDos,0.0,0.0,1.0,0.0,0.0,0.0,0.0
1828,PortScan,PortScan,0.0,0.0,0.0,0.0,0.001978219536121109,0.9980217804638791,0.0
1829,Brute Force,Brute Force,0.0,1.0,0.0,0.0,0.0,0.0,0.0
1830,Dos/DDos,Dos/DDos,0.0,0.0,0.9579840916910155,0.0,0.04201590830898454,0.0,0.0
1831,Dos/DDos,Dos/DDos,0.0,0.0,0.7800617135650103,0.0,0.21993828643498986,0.0,0.0
1832,Normal,Normal,0.0,0.0,0.0,0.0,1.0,0.0,0.0
1833,Dos/DDos,Dos/DDos,0.0,0.0007443191035267758,0.9534136631694394,0.0,0.04184466219620809,8.682529175821345e-05,0.003910530239067575
1834,Dos/DDos,Dos/DDos,0.0,0.0,0.8889232923271828,0.0,0.11107670767281709,0.0,0.0
1835,Dos/DDos,Dos/DDos,0.0,0.0,1.0,0.0,0.0,0.0,0.0
1836,PortScan,PortScan,0.0,0.0,0.0,0.0,7.417036449015093e-05,0.9999258296355099,0.0
1837,PortScan,PortScan,0.0,0.0,0.0,0.0,0.0019495741385205986,0.9980504258614795,0.0
1838,Dos/DDos,Dos/DDos,0.0,0.0,0.8779109177863519,0.0,0.11710073450915029,0.004988347704497786,0.0
1839,Normal,Normal,0.0,0.017381258919712428,0.033028976765888174,0.0,0.8213316281151468,0.02002755257045016,0.10823058362880258
1840,Brute Force,Brute Force,0.0,0.99,0.0,0.0,0.01,0.0,0.0
1841,Dos/DDos,Dos/DDos,0.0,0.0,0.890990157846538,0.0,0.1090098421534618,0.0,0.0
1842,Dos/DDos,Dos/DDos,0.0,0.0,1.0,0.0,0.0,0.0,0.0
1843,Dos/DDos,Dos/DDos,0.0,0.0005642355865321211,0.9528062912812224,0.0,0.04484259197576351,0.00020505660381482473,0.0015818245526671715
1844,Normal,Normal,0.0,0.0,0.007453885342858817,0.0,0.9925461146571412,0.0,0.0
1845,Normal,Normal,0.0,0.04947947701114185,0.003078639010419189,0.0,0.8714703773122229,0.0,0.07597150666621613
1846,PortScan,PortScan,0.0,0.0,0.0,0.0,0.014088329941822561,0.9859116700581777,0.0
1847,Dos/DDos,Dos/DDos,0.0,0.0,1.0,0.0,0.0,0.0,0.0
1848,Dos/DDos,Dos/DDos,0.0,0.0,1.0,0.0,0.0,0.0,0.0
1849,Normal,Normal,0.14325198674428216,0.0,0.0,0.0,0.8567480132557176,0.0,0.0
1850,PortScan,PortScan,0.0,0.0,0.0,0.0,0.002930293391669669,0.9970697066083304,0.0
1851,PortScan,PortScan,0.0,0.0,0.0,0.0,0.00010940824429178676,0.9998905917557083,0.0
1852,PortScan,PortScan,0.0,0.0,0.0,0.0,0.0032347386820588205,0.9967652613179413,0.0
1853,Dos/DDos,Dos/DDos,0.0,0.0,1.0,0.0,0.0,0.0,0.0
1854,PortScan,PortScan,0.0,0.0,0.0,0.0,0.00010940824429178676,0.9998905917557083,0.0
1855,Normal,Normal,0.0,0.0,0.0,0.0,1.0,0.0,0.0
1856,Normal,Normal,0.0,0.0,0.0,0.0,1.0,0.0,0.0
1857,PortScan,PortScan,0.0,0.0,0.0,0.0,7.417036449015093e-05,0.9999258296355099,0.0
1858,Normal,Normal,0.0,0.0,0.0,0.0,1.0,0.0,0.0
1859,Brute Force,Brute Force,0.0,0.999975398192537,0.0,0.0,2.4601807462940075e-05,0.0,0.0
1860,Normal,Normal,0.0,0.0,0.0,0.0,1.0,0.0,0.0
1861,Dos/DDos,Dos/DDos,0.0,0.003983483972893301,0.9808640465968252,0.0,0.011296132169676329,3.4417133376232516e-05,0.0038219201272286373
1862,Dos/DDos,Dos/DDos,0.0,0.003983483972893301,0.9799616327657746,0.0,0.012407752459837858,3.4417133376232516e-05,0.00361271366811785
1863,Dos/DDos,Dos/DDos,0.0,0.0,1.0,0.0,0.0,0.0,0.0
1864,Normal,Normal,0.0,0.0,0.0,0.0,1.0,0.0,0.0
1865,PortScan,PortScan,0.0,0.0,0.0,0.0,0.00010940824429178676,0.9998905917557083,0.0
1866,Normal,Normal,0.0,0.03771030185234563,0.0029439974316081796,0.0,0.9054246485450433,0.0,0.05392105217100292
1867,Normal,Normal,0.0,0.0,0.0,0.0,1.0,0.0,0.0
1868,PortScan,PortScan,0.0,0.0,0.0,0.0,7.417036449015093e-05,0.9999258296355099,0.0
1869,PortScan,PortScan,0.0,0.0,0.0,0.0,7.417036449015093e-05,0.9999258296355099,0.0
1870,Dos/DDos,Dos/DDos,0.0,0.0,1.0,0.0,0.0,0.0,0.0
1871,PortScan,PortScan,0.0,0.0,0.0,0.0,0.0017248012932773783,0.9982751987067228,0.0
1872,Dos/DDos,Dos/DDos,0.0,0.0,1.0,0.0,0.0,0.0,0.0
1873,Dos/DDos,Dos/DDos,0.0,0.003983483972893301,0.9810875754923762,0.0,0.010122724136898189,0.0,0.0048062163978319404
1874,Normal,Normal,0.0,0.0,0.0,0.0,1.0,0.0,0.0
1875,Normal,Normal,0.0,0.0,0.005028511579192366,0.0,0.9733377200641534,0.0,0.021633768356654107
1876,Dos/DDos,Dos/DDos,0.0,0.0,1.0,0.0,0.0,0.0,0.0
1877,Dos/DDos,Dos/DDos,0.0,0.0043109599874797105,0.9114450820672652,0.0,0.07997936476711826,6.465722503306258e-05,0.004199935953103796
1878,Normal,Normal,0.0,0.0,0.023333173372247336,0.0,0.9381607834086245,0.01174631458981728,0.026759728629310843
1879,Dos/DDos,Dos/DDos,0.0,0.003983483972893301,0.9802364392175655,0.0,0.012241229161827365,3.4417133376232516e-05,0.003504430514337296
1880,Normal,Normal,0.0,0.0,0.0,0.0,1.0,0.0,0.0
1881,Normal,Normal,0.0,0.05954494568760855,0.003078639010419189,0.0,0.8762928998918496,0.0,0.06108351541012268
1882,Dos/DDos,Dos/DDos,0.0,0.003983483972893301,0.9799616327657746,0.0,0.012407752459837858,3.4417133376232516e-05,0.00361271366811785
1883,PortScan,PortScan,0.0,0.0,0.0,0.0,0.0022683871252259804,0.9977316128747742,0.0
1884,Dos/DDos,Dos/DDos,0.0,0.0,0.8806004461327663,0.0,0.11939955386723368,0.0,0.0
1885,Dos/DDos,Dos/DDos,0.0,0.004400163180579909,0.94832246543411,0.0,0.0314485821405556,0.00020626406582043046,0.015622525178934088
1886,Normal,Normal,0.0,0.0,0.0,0.0,1.0,0.0,0.0
1887,Dos/DDos,Dos/DDos,0.0,0.0,1.0,0.0,0.0,0.0,0.0
1888,PortScan,PortScan,0.0,0.0,0.0,0.0,0.006906987930119747,0.9930930120698804,0.0
1889,Normal,Normal,0.0,0.0,0.0,0.0,1.0,0.0,0.0
1890,PortScan,PortScan,0.0,0.0,0.0,0.0,8.56493160846622e-05,0.9999143506839154,0.0
1891,Brute Force,Brute Force,0.0,1.0,0.0,0.0,0.0,0.0,0.0
1892,Normal,Normal,0.0,0.0,0.2071990876135624,0.0,0.7928009123864377,0.0,0.0
1893,Dos/DDos,Dos/DDos,0.0,0.0,1.0,0.0,0.0,0.0,0.0
1894,Brute Force,Brute Force,0.0,0.9606661601799914,0.0029766544270049353,0.0,0.013071659635060575,0.0,0.023285525757943223
1895,Brute Force,Brute Force,0.0,0.9998930490496046,0.0,0.0,0.00010695095039544507,0.0,0.0
1896,Dos/DDos,Dos/DDos,0.0,0.0,0.8415478069967467,0.0,0.15845219300325325,0.0,0.0
1897,Dos/DDos,Dos/DDos,0.0,0.0,1.0,0.0,0.0,0.0,0.0
1898,Normal,Normal,0.0,0.0,0.04665209638672922,0.0,0.9484082575333457,0.004939646079924997,0.0
1899,Brute Force,Brute Force,0.0,1.0,0.0,0.0,0.0,0.0,0.0
1900,PortScan,PortScan,0.0,0.0,0.0,0.0,0.002182266089782836,0.9978177339102173,0.0
1901,Brute Force,Brute Force,0.0,0.9525098629501096,0.0029766544270049353,0.0,0.014263692656602543,0.0,0.03024978996628299
1902,Dos/DDos,Dos/DDos,0.0,0.0,1.0,0.0,0.0,0.0,0.0
1903,Brute Force,Brute Force,0.0,0.9854714796345081,0.0,0.0,0.014528520365491801,0.0,0.0
1904,Normal,Normal,0.0,0.0,0.0,0.0,1.0,0.0,0.0
1905,Dos/DDos,Dos/DDos,0.0,0.0,1.0,0.0,0.0,0.0,0.0
1906,Dos/DDos,Dos/DDos,0.0,0.0,1.0,0.0,0.0,0.0,0.0
1907,Normal,Normal,0.0,0.0,0.0,0.0,1.0,0.0,0.0
1908,Normal,Normal,0.0,0.0,0.07596234693775765,0.0,0.9240376530622422,0.0,0.0
1909,Brute Force,Brute Force,0.0,1.0,0.0,0.0,0.0,0.0,0.0
1910,PortScan,PortScan,0.0,0.0,0.0,0.0,0.0038817755120723126,0.996118224487928,0.0
1911,Dos/DDos,Dos/DDos,0.0,0.0,1.0,0.0,0.0,0.0,0.0
1912,Brute Force,Brute Force,0.0,1.0,0.0,0.0,0.0,0.0,0.0
1913,Normal,Normal,0.0,0.0,0.06496358938219403,0.009976619125555294,0.9150597914922507,0.0,0.01
1914,PortScan,PortScan,0.0,0.0,0.0,0.0,7.417036449015093e-05,0.9999258296355099,0.0
1915,Normal,Normal,0.0,0.0,0.0,0.0,1.0,0.0,0.0
1916,Web Attack,Web Attack,0.0,0.0,1.4083720890171383e-05,0.0,0.0014084435075517265,6.30767990631958e-05,0.9985143959724947
1917,Dos/DDos,Dos/DDos,0.0,0.0,1.0,0.0,0.0,0.0,0.0
1918,Dos/DDos,Dos/DDos,0.0,0.003983483972893301,0.9802364392175655,0.0,0.012241229161827365,3.4417133376232516e-05,0.003504430514337296
1919,Dos/DDos,Dos/DDos,0.0,0.0,1.0,0.0,0.0,0.0,0.0
1920,PortScan,PortScan,0.0,0.0,0.0,0.0,0.007667172798154404,0.9923328272018458,0.0
1921,Normal,Normal,0.0,0.030648743278329657,0.015624821432709863,0.0,0.8695783493754868,0.0,0.08414808591347347
1922,Dos/DDos,Dos/DDos,0.0,0.0,1.0,0.0,0.0,0.0,0.0
1923,Normal,Dos/DDos,0.0,0.0,0.9616623308035912,0.0,0.03833766919640897,0.0,0.0
1924,PortScan,PortScan,0.0,0.0,0.0,0.0,0.0017248012932773783,0.9982751987067228,0.0
1925,Normal,Normal,0.0,0.0,0.0,0.0,1.0,0.0,0.0
1926,PortScan,PortScan,0.0,0.0,0.0,0.0,0.0017390630352036819,0.9982609369647963,0.0
1927,Normal,Normal,0.01,0.0020159491147291974,0.09516018794230868,0.019871316572046497,0.8087558029984007,0.0,0.06419674337251492
1928,PortScan,PortScan,0.0,0.0,0.0,0.0,7.417036449015093e-05,0.9999258296355099,0.0
1929,Normal,Normal,0.0,0.0,0.0,0.0,1.0,0.0,0.0
1930,Normal,Normal,0.01,0.0,0.01,0.0,0.98,0.0,0.0
1931,PortScan,PortScan,0.0,0.0,0.0,0.0,0.002643876133466521,0.9973561238665336,0.0
1932,Brute Force,Brute Force,0.0,0.999975398192537,0.0,0.0,2.4601807462940075e-05,0.0,0.0
1933,Normal,Normal,0.0,0.0,0.0,0.0,1.0,0.0,0.0
1934,Normal,Normal,0.0,0.0,0.0,0.0,1.0,0.0,0.0
1935,Normal,Normal,0.0,0.0,0.0,0.0,1.0,0.0,0.0
1936,Dos/DDos,Dos/DDos,0.0,0.0,1.0,0.0,0.0,0.0,0.0
1937,Normal,Normal,0.009390430412934235,0.006609940357852883,0.004994082840236686,0.0,0.9390115486782904,0.009993997710685789,0.03
1938,PortScan,PortScan,0.0,0.0,0.0,0.0,0.00010940824429178676,0.9998905917557083,0.0
1939,Normal,Normal,0.0,0.012181058175869983,0.033268898906648865,0.0,0.9387183558956049,0.006788735140194316,0.009042951881681941
1940,Web Attack,Web Attack,0.0,0.0,1.4083720890171383e-05,0.0,0.0012636372494429348,0.00011159665123210415,0.9986106823784346
1941,Brute Force,Brute Force,0.0,0.999975398192537,0.0,0.0,2.4601807462940075e-05,0.0,0.0
1942,Normal,Dos/DDos,0.0,0.0,0.9100893136180664,0.0,0.08487666479582384,0.005034021586109807,0.0
1943,Normal,Normal,0.0,0.0,0.0,0.0,0.8208413495562545,0.02541104455458452,0.15374760588916103
1944,Dos/DDos,Dos/DDos,0.0,0.0,0.9911505178840399,0.0,0.008849482115960134,0.0,0.0
1945,PortScan,PortScan,0.0,0.0,0.0,0.0,0.0015861797737117727,0.9984138202262882,0.0
1946,Dos/DDos,Dos/DDos,0.0,0.0,1.0,0.0,0.0,0.0,0.0
1947,Brute Force,Brute Force,0.0,1.0,0.0,0.0,0.0,0.0,0.0
1948,Normal,Normal,0.0,0.0,0.0,0.0,1.0,0.0,0.0
1949,Brute Force,Brute Force,0.0,1.0,0.0,0.0,0.0,0.0,0.0
1950,Botnet ARES,Botnet ARES,0.9921174621840734,0.0,0.0,0.0,0.00788253781592632,0.0,0.0
1951,Brute Force,Brute Force,0.0,1.0,0.0,0.0,0.0,0.0,0.0
1952,Normal,Normal,0.0,0.0,0.0,0.0,1.0,0.0,0.0
1953,Dos/DDos,Dos/DDos,0.0,0.003983483972893301,0.9808640465968252,0.0,0.011296132169676329,3.4417133376232516e-05,0.0038219201272286373
1954,Normal,Dos/DDos,0.0,0.0,0.8888817586577189,0.0,0.1111182413422813,0.0,0.0
1955,Normal,Normal,0.0,0.0,0.0,0.0,1.0,0.0,0.0
1956,PortScan,PortScan,0.0,0.0,0.0,0.0,0.0036773019368120806,0.9963226980631882,0.0
1957,Dos/DDos,Dos/DDos,0.0,0.0,1.0,0.0,0.0,0.0,0.0
1958,PortScan,PortScan,0.0,0.0,0.0,0.0,0.001396933425760052,0.9986030665742399,0.0
1959,Dos/DDos,Dos/DDos,0.0,0.0,1.0,0.0,0.0,0.0,0.0
1960,Normal,Normal,0.0,0.0,0.0,0.0,1.0,0.0,0.0
1961,Brute Force,Brute Force,0.0,1.0,0.0,0.0,0.0,0.0,0.0
1962,Dos/DDos,Dos/DDos,0.0,0.0,1.0,0.0,0.0,0.0,0.0
1963,PortScan,PortScan,0.0,0.0,0.0,0.0,7.417036449015093e-05,0.9999258296355099,0.0
1964,Brute Force,Brute Force,0.0,1.0,0.0,0.0,0.0,0.0,0.0
1965,Normal,Normal,0.0,0.0,0.0,0.0,1.0,0.0,0.0
1966,Brute Force,Brute Force,0.0,1.0,0.0,0.0,0.0,0.0,0.0
1967,Dos/DDos,Dos/DDos,0.0,0.0,1.0,0.0,0.0,0.0,0.0
1968,Dos/DDos,Dos/DDos,0.0,0.0,1.0,0.0,0.0,0.0,0.0
1969,Normal,Normal,0.0,0.006714846818538884,0.004969325153374233,0.0,0.9883158280280869,0.0,0.0
1970,Dos/DDos,Dos/DDos,0.0,0.0,1.0,0.0,0.0,0.0,0.0
1971,Dos/DDos,Dos/DDos,0.0,0.0,1.0,0.0,0.0,0.0,0.0
1972,Normal,Normal,0.0,0.0,0.01,0.0,0.9887968390804598,0.0,0.0012031609195402302
1973,Dos/DDos,Dos/DDos,0.0,0.0,1.0,0.0,0.0,0.0,0.0
1974,PortScan,PortScan,0.0,0.0,0.0,0.0,0.0027104243682456457,0.9972895756317546,0.0
1975,Normal,Normal,0.0,0.0,0.010545025250869025,0.0,0.989454974749131,0.0,0.0
1976,PortScan,PortScan,0.0,0.0,0.0,0.0,0.0015178542559857607,0.9984821457440143,0.0
1977,Brute Force,Brute Force,0.0,0.9606661601799914,0.0029766544270049353,0.0,0.013071659635060575,0.0,0.023285525757943223
1978,Dos/DDos,Dos/DDos,0.0,0.0,1.0,0.0,0.0,0.0,0.0
1979,PortScan,PortScan,0.0,0.0,0.0,0.0,0.00010940824429178676,0.9998905917557083,0.0
1980,Brute Force,Brute Force,0.0,1.0,0.0,0.0,0.0,0.0,0.0
1981,PortScan,PortScan,0.0,0.0,0.0,0.0,0.00010940824429178676,0.9998905917557083,0.0
1982,Dos/DDos,Dos/DDos,0.0,0.003983483972893301,0.9805892401450342,0.0,0.01146265546768682,3.4417133376232516e-05,0.003930203281009192
1983,Normal,Normal,0.0,0.0,0.0,0.0,1.0,0.0,0.0
1984,PortScan,PortScan,0.0,0.0,0.0,0.0,0.00010940824429178676,0.9998905917557083,0.0
1985,Dos/DDos,Dos/DDos,0.0,0.0,1.0,0.0,0.0,0.0,0.0
1986,Web Attack,Web Attack,0.0,0.0,1.4083720890171383e-05,0.0,0.0012400978345856212,5.853123184749522e-05,0.9986872872126766
1987,PortScan,PortScan,0.0,0.0,0.0,0.0,0.001532701481143675,0.9984672985188564,0.0
1988,PortScan,PortScan,0.0,0.0,0.0,0.0,0.0016925768831415292,0.9983074231168585,0.0
1989,PortScan,PortScan,0.0,0.0,0.0,0.0,0.001509970432581729,0.9984900295674183,0.0
1990,Normal,Normal,0.0,0.0,0.0,0.0,1.0,0.0,0.0
1991,Dos/DDos,Dos/DDos,0.0,0.0,1.0,0.0,0.0,0.0,0.0
1992,PortScan,PortScan,0.0,0.0,0.0,0.0,0.002643876133466521,0.9973561238665336,0.0
1993,PortScan,PortScan,0.0,0.0,0.0,0.0,0.0013708639541191328,0.998629136045881,0.0
1994,Dos/DDos,Dos/DDos,0.0,0.0,1.0,0.0,0.0,0.0,0.0
1995,Normal,Normal,0.0,0.0,0.0,0.0,1.0,0.0,0.0
1996,Normal,Normal,0.0,0.0,0.029728951966965775,0.009986098239110288,0.9602849497939239,0.0,0.0
1997,Normal,Normal,0.0,0.0,0.0,0.0,1.0,0.0,0.0
1998,Dos/DDos,Dos/DDos,0.0,0.003983483972893301,0.96481382308056,0.0,0.026614392964737173,0.0007180616740088106,0.003870238307800533
1999,Dos/DDos,Dos/DDos,0.0,0.0,0.8851034085583761,0.0,0.1148965914416238,0.0,0.0
2000,Dos/DDos,Dos/DDos,0.0,0.0,1.0,0.0,0.0,0.0,0.0
2001,Normal,Normal,0.0,0.0,0.014952270081490105,0.0,0.9773668326681481,0.0,0.007680897250361794
2002,Normal,Normal,0.0,0.0,0.0,0.0,1.0,0.0,0.0
2003,Normal,Normal,0.0,0.057816182356524505,0.0029439974316081796,0.0,0.8640895971532352,0.0,0.07515022305863199
2004,Normal,Normal,0.0,0.0,0.0,0.0,1.0,0.0,0.0
2005,Normal,Normal,0.004962379905081607,0.0050130115921457295,0.045049324999556516,0.0,0.9149752835032161,0.03,0.0
2006,PortScan,PortScan,0.0,0.0,0.0,0.0,7.417036449015093e-05,0.9999258296355099,0.0
2007,Dos/DDos,Dos/DDos,0.0,0.00017591038364254844,0.9410031617738234,0.0,0.05879189521288307,2.9032629651224354e-05,0.0
2008,PortScan,PortScan,0.0,0.0,0.0,0.0,0.0021798750410848278,0.9978201249589153,0.0
2009,Dos/DDos,Dos/DDos,0.0,0.0,0.9900084868987657,0.0,0.004982731928069549,0.005008781173164735,0.0
2010,Dos/DDos,Dos/DDos,0.0,0.0,1.0,0.0,0.0,0.0,0.0
2011,Normal,Dos/DDos,0.0,0.0,0.8751728363981868,0.0,0.12482716360181327,0.0,0.0
2012,Brute Force,Brute Force,0.0,1.0,0.0,0.0,0.0,0.0,0.0
2013,PortScan,PortScan,0.0,0.0,0.0,0.0,0.002199916599990163,0.99780008340001,0.0
2014,Dos/DDos,Dos/DDos,0.0,0.0,1.0,0.0,0.0,0.0,0.0
2015,Dos/DDos,Dos/DDos,0.0,0.0,0.9683952360857088,0.0,0.03160476391429121,0.0,0.0
2016,Dos/DDos,Dos/DDos,0.0,0.0,1.0,0.0,0.0,0.0,0.0
2017,Normal,Normal,0.0,0.0,0.0,0.0,1.0,0.0,0.0
2018,Normal,Normal,0.0,0.051882633906988815,0.003078639010419189,0.0,0.8646186693090212,0.0,0.08042005777357086
2019,PortScan,PortScan,0.0,0.0,0.0,0.0,7.417036449015093e-05,0.9999258296355099,0.0
2020,PortScan,PortScan,0.0,0.0,0.0,0.0,0.001978219536121109,0.9980217804638791,0.0
2021,Normal,Normal,0.0,0.0,0.0,0.0,1.0,0.0,0.0
2022,PortScan,PortScan,0.0,0.0,0.0,0.0,0.0013708639541191328,0.998629136045881,0.0
2023,Dos/DDos,Dos/DDos,0.0,0.0,0.9991205143289352,0.0,0.0008794856710647951,0.0,0.0
2024,Normal,Normal,0.0,0.062115929709569695,0.0029439974316081796,0.0,0.83477670104329,0.0,0.10016337181553213
2025,Normal,Normal,0.0,0.0,0.0,0.0,1.0,0.0,0.0
2026,Brute Force,Brute Force,0.0,1.0,0.0,0.0,0.0,0.0,0.0
2027,Brute Force,Brute Force,0.0,1.0,0.0,0.0,0.0,0.0,0.0
2028,Dos/DDos,Dos/DDos,0.0,0.0,1.0,0.0,0.0,0.0,0.0
2029,PortScan,PortScan,0.0,0.0,0.0,0.0,0.0013708639541191328,0.998629136045881,0.0
2030,Dos/DDos,Dos/DDos,0.0,0.0,1.0,0.0,0.0,0.0,0.0
2031,PortScan,PortScan,0.0,0.0,0.0,0.0,0.001532701481143675,0.9984672985188564,0.0
2032,Dos/DDos,Dos/DDos,0.0,0.003983483972893301,0.9803068290003795,0.0,0.012557273218238836,3.4417133376232516e-05,0.003117996675111967
2033,Normal,Normal,0.0,0.0,0.0,0.0,1.0,0.0,0.0
2034,Normal,Normal,0.0,0.0,0.0032832872382457527,0.0,0.9967167127617543,0.0,0.0
2035,PortScan,PortScan,0.0,0.0,0.0,0.0,0.003171445246623568,0.9968285547533765,0.0
2036,Normal,Normal,0.0,0.0,0.0,0.0,1.0,0.0,0.0
2037,PortScan,PortScan,0.0,0.0,0.0,0.0,0.00010940824429178676,0.9998905917557083,0.0
2038,Brute Force,Brute Force,0.0,1.0,0.0,0.0,0.0,0.0,0.0
2039,PortScan,PortScan,0.0,0.0,0.0,0.0,0.0016976913101470557,0.9983023086898529,0.0
2040,Dos/DDos,Dos/DDos,0.0,0.0,1.0,0.0,0.0,0.0,0.0
2041,Dos/DDos,Dos/DDos,0.0,0.0,1.0,0.0,0.0,0.0,0.0
2042,Normal,Normal,0.0,0.003983483972893301,0.24271116070056464,0.0,0.7137061522848431,0.0,0.039599203041698866
2043,PortScan,PortScan,0.0,0.0,0.0,0.0,0.002643876133466521,0.9973561238665336,0.0
2044,Dos/DDos,Dos/DDos,0.0,0.0,0.9915597921114405,0.0,0.008440207888559365,0.0,0.0
2045,PortScan,PortScan,0.0,0.0,0.0,0.0,0.001978219536121109,0.9980217804638791,0.0
2046,Dos/DDos,Dos/DDos,0.0,0.0,0.98,0.0,0.014014094432699084,0.005985905567300917,0.0
2047,Botnet ARES,Botnet ARES,0.994465925907663,0.0,0.0,0.0,0.005534074092336643,0.0,0.0
2048,Brute Force,Brute Force,0.0,0.9525098629501096,0.0029766544270049353,0.0,0.014263692656602543,0.0,0.03024978996628299
2049,Normal,Normal,0.0,0.0,0.04338304552590267,0.0,0.9566169544740972,0.0,0.0
2050,Brute Force,Brute Force,0.0,0.6286352830556181,0.0029313858695652175,0.0,0.33809773248412384,0.0049249320250620635,0.025410666565630926
2051,PortScan,PortScan,0.0,0.0,0.0,0.0,7.417036449015093e-05,0.9999258296355099,0.0
2052,PortScan,PortScan,0.0,0.0,0.0,0.0,0.0012545663175091539,0.9987454336824909,0.0
2053,Normal,Normal,0.0,0.0,0.0,0.0,1.0,0.0,0.0
2054,PortScan,PortScan,0.0,0.0,0.0,0.0,0.0013708639541191328,0.998629136045881,0.0
2055,Dos/DDos,Dos/DDos,0.0,0.0,1.0,0.0,0.0,0.0,0.0
2056,Dos/DDos,Dos/DDos,0.0,0.0,1.0,0.0,0.0,0.0,0.0
2057,Brute Force,Brute Force,0.0,0.999975398192537,0.0,0.0,2.4601807462940075e-05,0.0,0.0
2058,Brute Force,Brute Force,0.0,0.9667787467370023,0.0029766544270049353,0.0,0.011254272568067127,0.0,0.018990326267925833
2059,Normal,Normal,0.0,0.0,0.0,0.0,1.0,0.0,0.0
2060,Dos/DDos,Dos/DDos,0.0,0.0,1.0,0.0,0.0,0.0,0.0
2061,Brute Force,Brute Force,0.0,1.0,0.0,0.0,0.0,0.0,0.0
2062,Normal,Normal,0.0,0.0,0.0,0.0,1.0,0.0,0.0
2063,Brute Force,Brute Force,0.0,0.999975398192537,0.0,0.0,2.4601807462940075e-05,0.0,0.0
2064,Brute Force,Brute Force,0.0,0.999975398192537,0.0,0.0,2.4601807462940075e-05,0.0,0.0
2065,Normal,Normal,0.0,0.003983483972893301,0.13321809933050924,0.0,0.8603958336704137,3.4417133376232516e-05,0.0023681658928073
2066,Normal,Normal,0.0,0.0,0.0,0.0,1.0,0.0,0.0
2067,PortScan,PortScan,0.0,0.0,0.0,0.0,7.417036449015093e-05,0.9999258296355099,0.0
2068,PortScan,PortScan,0.0,0.0,0.0,0.0,0.00010940824429178676,0.9998905917557083,0.0
2069,Brute Force,Brute Force,0.0,0.999975398192537,0.0,0.0,2.4601807462940075e-05,0.0,0.0
2070,Normal,Normal,0.23478132926023612,0.0,0.06955473528669888,0.0,0.6890639831061505,0.0065999523469144625,0.0
2071,Dos/DDos,Dos/DDos,0.0,0.0007443191035267758,0.9876993794402925,0.0,0.007558945925355023,8.682529175821345e-05,0.003910530239067575
2072,Normal,Normal,0.0,0.0,0.018027643400138217,0.0,0.9719723565998618,0.0,0.01
2073,Normal,Normal,0.0,0.0,0.0,0.0,1.0,0.0,0.0
2074,PortScan,PortScan,0.0,0.0,0.0,0.0,7.417036449015093e-05,0.9999258296355099,0.0
2075,Normal,Normal,0.0,0.0,0.016071099039849043,0.0,0.983928900960151,0.0,0.0
2076,PortScan,PortScan,0.0,0.0,0.0,0.0,0.00010940824429178676,0.9998905917557083,0.0
2077,Normal,Normal,0.0,0.051028210007149626,0.0029439974316081796,0.0,0.87326568872617,0.0,0.07276210383507212
2078,Brute Force,Brute Force,0.0,1.0,0.0,0.0,0.0,0.0,0.0
2079,Normal,Normal,0.0,0.0,0.0005450252508690235,0.0,0.9994549747491309,0.0,0.0
2080,Dos/DDos,Dos/DDos,0.0,0.0,1.0,0.0,0.0,0.0,0.0
2081,PortScan,PortScan,0.0,0.0,0.0,0.0,0.0038068239457884918,0.9961931760542118,0.0
2082,Brute Force,Brute Force,0.0,1.0,0.0,0.0,0.0,0.0,0.0
2083,Dos/DDos,Dos/DDos,0.0,0.0,1.0,0.0,0.0,0.0,0.0
2084,Brute Force,Brute Force,0.0,0.9616293676443687,0.0,0.0,0.028370632355631437,0.0,0.01
2085,PortScan,PortScan,0.0,0.0,0.0,0.0,0.002643876133466521,0.9973561238665336,0.0
2086,PortScan,PortScan,0.0,0.0,0.0,0.0,0.002134621236087131,0.9978653787639131,0.0
2087,Web Attack,Web Attack,0.0,0.0,1.4083720890171383e-05,0.0,0.0014084435075517265,6.30767990631958e-05,0.9985143959724947
2088,PortScan,PortScan,0.0,0.0,0.0,0.0,7.417036449015093e-05,0.9999258296355099,0.0
2089,PortScan,PortScan,0.0,0.0,0.0,0.0,7.417036449015093e-05,0.9999258296355099,0.0
2090,Dos/DDos,Dos/DDos,0.0,0.0,0.9297203163171632,0.0,0.07027968368283669,0.0,0.0
2091,Brute Force,Brute Force,0.0,0.9606661601799914,0.0029766544270049353,0.0,0.013071659635060575,0.0,0.023285525757943223
2092,PortScan,PortScan,0.0,0.0,0.0,0.0,0.00010940824429178676,0.9998905917557083,0.0
2093,Normal,Normal,0.0,0.0,0.0,0.0,1.0,0.0,0.0
2094,Normal,Normal,0.0,0.0,0.22077051248260143,0.0,0.7759039423460592,0.003325545171339564,0.0
2095,Botnet ARES,Botnet ARES,0.9996696914371873,0.0,0.0,0.0,0.0003303085628127412,0.0,0.0
2096,Normal,Normal,0.0,0.0,0.0,0.0,1.0,0.0,0.0
2097,Brute Force,Brute Force,0.0,1.0,0.0,0.0,0.0,0.0,0.0
2098,PortScan,PortScan,0.0,0.0,0.0,0.0,0.001321576169128699,0.9986784238308714,0.0
2099,PortScan,PortScan,0.0,0.0,0.0,0.0,0.00047709407523288173,0.9995229059247671,0.0
2100,Normal,Normal,0.0,0.007940398942561884,0.015051210428305399,0.0,0.9719743690430229,0.005034021586109807,0.0
2101,Botnet ARES,Botnet ARES,0.999774330969387,0.0,0.0,0.0,0.00022566903061300287,0.0,0.0
2102,Brute Force,Brute Force,0.0,0.9482827064266475,0.0029766544270049353,0.0,0.015388841423102649,0.0,0.03335179772324501
2103,Dos/DDos,Dos/DDos,0.0,0.003983483972893301,0.9766257814361657,0.0,0.01247540578128478,3.4417133376232516e-05,0.006880911676279728
2104,PortScan,PortScan,0.0,0.0,0.0,0.0,0.00010940824429178676,0.9998905917557083,0.0
2105,Dos/DDos,Dos/DDos,0.0,0.0,1.0,0.0,0.0,0.0,0.0
2106,PortScan,PortScan,0.0,0.0,0.0,0.0,0.0016003478380821065,0.998399652161918,0.0
2107,Normal,Normal,0.0,0.0,0.01741190897233331,0.0,0.9521222403231863,0.008793648043007345,0.021672202661473162
2108,PortScan,PortScan,0.0,0.0,0.0,0.0,0.0035049851002136325,0.9964950148997866,0.0
2109,Dos/DDos,Dos/DDos,0.0,0.003983483972893301,0.9812237592710793,0.0,0.011233454195768756,0.0,0.0035593025602583604
2110,PortScan,PortScan,0.0,0.0,0.0,0.0,0.00010940824429178676,0.9998905917557083,0.0
2111,Normal,Normal,0.0,0.0,0.004890064667842446,0.0,0.9812091375177482,0.0,0.013900797814409315
2112,Web Attack,Web Attack,0.0,0.0,1.4083720890171383e-05,0.0,0.0013977305287910119,6.30767990631958e-05,0.9985251089512555
2113,Normal,Normal,0.0,0.0,0.0,0.0,1.0,0.0,0.0
2114,Dos/DDos,Dos/DDos,0.0,0.0,1.0,0.0,0.0,0.0,0.0
2115,Normal,Normal,0.0,0.0,0.0,0.00978883153449085,0.9571246675787306,0.0,0.033086500886778426
2116,Normal,Normal,0.0,0.03325173210894638,0.05519413164024179,0.0,0.903096669911783,3.4417133376232516e-05,0.008423049205652722
2117,Dos/DDos,Dos/DDos,0.0,0.0007443191035267758,0.987064107417973,0.0,0.008159800814298335,0.00012124242513444596,0.003910530239067575
2118,Normal,Normal,0.0,0.0,0.0,0.0,1.0,0.0,0.0
2119,Normal,Normal,0.0,0.01,0.0,0.0,0.99,0.0,0.0
2120,Dos/DDos,Dos/DDos,0.0,0.0,1.0,0.0,0.0,0.0,0.0
2121,PortScan,PortScan,0.0,0.0,0.0,0.0,0.00010940824429178676,0.9998905917557083,0.0
2122,Dos/DDos,Dos/DDos,0.0,0.0005642355865321211,0.9285750127734638,0.0,0.015069556902802117,0.05497407726706423,0.000817117470137905
2123,Dos/DDos,Dos/DDos,0.0,0.0,1.0,0.0,0.0,0.0,0.0
2124,Normal,Normal,0.0,0.0,0.0,0.0,1.0,0.0,0.0
2125,Dos/DDos,Dos/DDos,0.0,0.005228976097580453,0.9224525203859654,0.0,0.05686464980919562,0.00020626406582043046,0.015247589641438283
2126,Normal,Normal,0.0,0.0,0.01,0.0,0.99,0.0,0.0
2127,Normal,Normal,0.0,0.00997539819253706,0.0,0.0,0.990024601807463,0.0,0.0
2128,Normal,Normal,0.01,0.0,0.004950553331763598,0.0,0.9519649935824672,0.016748682014059706,0.01633577107170945
2129,Brute Force,Brute Force,0.0,1.0,0.0,0.0,0.0,0.0,0.0
2130,Dos/DDos,Dos/DDos,0.0,0.0007443191035267758,0.9869302150186618,0.0,0.008293693213609463,0.00012124242513444596,0.003910530239067575
2131,Dos/DDos,Dos/DDos,0.0,0.0,1.0,0.0,0.0,0.0,0.0
2132,Normal,Normal,0.029399467539018707,0.0,0.0,0.0,0.9706005324609812,0.0,0.0
2133,Dos/DDos,Dos/DDos,0.0,0.0,1.0,0.0,0.0,0.0,0.0
2134,Dos/DDos,Dos/DDos,0.0,0.0,1.0,0.0,0.0,0.0,0.0
2135,Normal,Normal,0.007885006470696987,0.0,0.0,0.0,0.992114993529303,0.0,0.0
2136,Normal,Normal,0.0,0.0,0.0,0.0,0.9922288503253796,0.0,0.00777114967462039
2137,Brute Force,Brute Force,0.0,0.9606661601799914,0.0029766544270049353,0.0,0.013071659635060575,0.0,0.023285525757943223
2138,Web Attack,Web Attack,0.0,0.0,1.4083720890171383e-05,0.0,0.0010767330448849778,5.853123184749522e-05,0.9988506520023772
2139,PortScan,PortScan,0.0,0.0,0.0,0.0,7.417036449015093e-05,0.9999258296355099,0.0
2140,Normal,Normal,0.0,0.0,0.0,0.0,1.0,0.0,0.0
2141,Dos/DDos,Dos/DDos,0.0,0.0,1.0,0.0,0.0,0.0,0.0
2142,Dos/DDos,Dos/DDos,0.0,0.0,0.9923981247746124,0.0,0.0,0.0,0.007601875225387666
2143,PortScan,PortScan,0.0,0.0,0.0,0.0,0.00010940824429178676,0.9998905917557083,0.0
2144,Dos/DDos,Dos/DDos,0.0,0.003983483972893301,0.9802364392175655,0.0,0.012241229161827365,3.4417133376232516e-05,0.003504430514337296
2145,Normal,Normal,0.0,0.062115929709569695,0.0029439974316081796,0.0,0.8501717413736557,0.0,0.08476833148516655
2146,Normal,Normal,0.0,0.00506590774404906,0.08498717175137584,0.0,0.8761096532465831,0.007404453646182993,0.026432813611809082
2147,Brute Force,Brute Force,0.0,0.9998667055532651,0.0,0.0,0.00013329444673491696,0.0,0.0
2148,Brute Force,Brute Force,0.0,0.9525098629501096,0.0029766544270049353,0.0,0.014263692656602543,0.0,0.03024978996628299
2149,Normal,Normal,0.0,0.006714846818538884,0.0,0.0,0.9932851531814612,0.0,0.0
2150,PortScan,PortScan,0.0,0.0,0.0,0.0,5.9816016913240886e-05,0.9999401839830868,0.0
2151,Dos/DDos,Dos/DDos,0.0,0.0,0.986651380851867,0.0,0.013348619148132979,0.0,0.0
2152,PortScan,PortScan,0.0,0.0,0.0,0.0,0.0024568433805013026,0.9975431566194989,0.0
2153,Normal,Normal,0.01,0.0,0.0,0.0,0.99,0.0,0.0
2154,PortScan,PortScan,0.0,0.0,0.0,0.0,0.00010940824429178676,0.9998905917557083,0.0
2155,Dos/DDos,Dos/DDos,0.0,0.0,1.0,0.0,0.0,0.0,0.0
2156,Dos/DDos,Dos/DDos,0.0,0.0,0.9544223510887676,0.0,0.04557764891123238,0.0,0.0
2157,Dos/DDos,Dos/DDos,0.0,0.0,0.9833487004212702,0.0,0.01665129957872983,0.0,0.0
2158,Dos/DDos,Dos/DDos,0.0,0.0,1.0,0.0,0.0,0.0,0.0
2159,Brute Force,Brute Force,0.0,1.0,0.0,0.0,0.0,0.0,0.0
2160,Dos/DDos,Dos/DDos,0.0,0.0,1.0,0.0,0.0,0.0,0.0
2161,Dos/DDos,Dos/DDos,0.0,0.0,1.0,0.0,0.0,0.0,0.0
2162,Brute Force,Brute Force,0.0,0.9998667055532651,0.0,0.0,0.00013329444673491696,0.0,0.0
2163,Normal,Normal,0.0,0.0,0.0,0.0,1.0,0.0,0.0
2164,Web Attack,Web Attack,0.0,0.0,1.4083720890171383e-05,0.0,0.0014186302283242169,6.30767990631958e-05,0.9985042092517221
2165,PortScan,PortScan,0.0,0.0,0.0,0.0,7.417036449015093e-05,0.9999258296355099,0.0
2166,Normal,Normal,0.007931162790697674,0.0,0.01,0.00992131451052997,0.9721475226987724,0.0,0.0
2167,Dos/DDos,Dos/DDos,0.0,0.0,0.99,0.0,0.004014094432699084,0.005985905567300917,0.0
2168,Dos/DDos,Dos/DDos,0.0,0.0,1.0,0.0,0.0,0.0,0.0
2169,Normal,Normal,0.0,0.0,0.20636293064862404,0.0,0.7887525576852957,0.0048845116660804315,0.0
2170,Dos/DDos,Dos/DDos,0.0,0.0,0.8919072316028234,0.0,0.10809276839717674,0.0,0.0
2171,Brute Force,Brute Force,0.0,1.0,0.0,0.0,0.0,0.0,0.0
2172,PortScan,PortScan,0.0,0.0,0.0,0.0,0.0035049851002136325,0.9964950148997866,0.0
2173,Web Attack,Web Attack,0.0,0.0,1.4083720890171383e-05,0.0,0.0013872884381312548,6.30767990631958e-05,0.9985355510419153
2174,PortScan,PortScan,0.0,0.0,0.0,0.0,0.0035649136144217707,0.9964350863855784,0.0
2175,PortScan,PortScan,0.0,0.0,0.0,0.0,0.003375995624461996,0.9966240043755383,0.0
2176,Normal,Normal,0.0,0.0,0.0,0.0,1.0,0.0,0.0
2177,Dos/DDos,Dos/DDos,0.0,0.003983483972893301,0.9804388291553423,0.0,0.01161306645737876,3.4417133376232516e-05,0.003930203281009192
2178,PortScan,PortScan,0.0,0.0,0.0,0.0,0.0017390630352036819,0.9982609369647963,0.0
2179,PortScan,PortScan,0.0,0.0,0.0,0.0,7.417036449015093e-05,0.9999258296355099,0.0
2180,PortScan,PortScan,0.0,0.0,0.0,0.0,7.417036449015093e-05,0.9999258296355099,0.0
2181,Normal,Normal,0.0,0.0,0.0033009936624677255,0.0,0.9891976822629133,0.007501324074618961,0.0
2182,Dos/DDos,Dos/DDos,0.0,0.003983483972893301,0.9814281759400566,0.0,0.010750886841346795,0.0,0.0038374532457031356
2183,PortScan,PortScan,0.0,0.0,0.0,0.0,0.00010940824429178676,0.9998905917557083,0.0
2184,Dos/DDos,Dos/DDos,0.0,0.0,0.9949242961911522,0.0,0.005075703808847884,0.0,0.0
2185,Brute Force,Brute Force,0.0,1.0,0.0,0.0,0.0,0.0,0.0
2186,Normal,Normal,0.0,0.0,0.0,0.0,1.0,0.0,0.0
2187,Dos/DDos,Dos/DDos,0.0,0.0,1.0,0.0,0.0,0.0,0.0
2188,Brute Force,Brute Force,0.0,0.9525098629501096,0.0029766544270049353,0.0,0.014263692656602543,0.0,0.03024978996628299
2189,Normal,Normal,0.0,0.059207078057456446,0.0029439974316081796,0.0,0.8425699599588878,0.0,0.09527896455204748
2190,Normal,Normal,0.0,0.0,0.0,0.0,1.0,0.0,0.0
2191,Botnet ARES,Botnet ARES,0.999774330969387,0.0,0.0,0.0,0.00022566903061300287,0.0,0.0
2192,Dos/DDos,Dos/DDos,0.0,0.0,0.8655521639799789,0.0,0.1344478360200209,0.0,0.0
2193,PortScan,PortScan,0.0,0.0,0.0,0.0,0.0027104243682456457,0.9972895756317546,0.0
2194,Normal,Normal,0.0,0.012015949114729198,0.03744775813293717,0.03,0.9138853382390174,0.00665095451331605,0.0
2195,Dos/DDos,Dos/DDos,0.0,0.0,1.0,0.0,0.0,0.0,0.0
2196,PortScan,PortScan,0.0,0.0,0.0,0.0,0.0010488510706976421,0.9989511489293024,0.0
2197,PortScan,PortScan,0.0,0.0,0.0,0.0,0.002368294758802016,0.9976317052411982,0.0
2198,Dos/DDos,Dos/DDos,0.0,0.0,1.0,0.0,0.0,0.0,0.0
2199,PortScan,PortScan,0.0,0.0,0.0,0.0,7.417036449015093e-05,0.9999258296355099,0.0
2200,PortScan,PortScan,0.0,0.0,0.0,0.0,0.0017390630352036819,0.9982609369647963,0.0
2201,Normal,Normal,0.0,0.0,0.0,0.0,1.0,0.0,0.0
2202,Web Attack,Web Attack,0.0,0.0,1.4083720890171383e-05,0.0,0.0014186302283242169,6.30767990631958e-05,0.9985042092517221
2203,Dos/DDos,Dos/DDos,0.0,0.0,0.9933740410208236,0.0,0.006625958979176453,0.0,0.0
2204,Botnet ARES,Botnet ARES,0.994465925907663,0.0,0.0,0.0,0.005534074092336643,0.0,0.0
2205,PortScan,PortScan,0.0,0.0,0.0,0.0,0.0033823849904575567,0.9966176150095427,0.0
2206,PortScan,PortScan,0.0,0.0,0.0,0.0,7.417036449015093e-05,0.9999258296355099,0.0
2207,Normal,Normal,0.0,0.0,0.0,0.0,1.0,0.0,0.0
2208,PortScan,PortScan,0.0,0.0,0.0,0.0,0.0017248012932773783,0.9982751987067228,0.0
2209,Brute Force,Brute Force,0.0,0.999975398192537,0.0,0.0,2.4601807462940075e-05,0.0,0.0
2210,Dos/DDos,Dos/DDos,0.0,0.003983483972893301,0.9808640465968252,0.0,0.011296132169676329,3.4417133376232516e-05,0.0038219201272286373
2211,Dos/DDos,Dos/DDos,0.0,0.0,0.8777211649901158,0.0,0.11729299597282974,0.004985839037054519,0.0
2212,PortScan,PortScan,0.0,0.0,0.0,0.0,0.003572578311752247,0.9964274216882479,0.0
2213,Normal,Normal,0.023266102689567757,0.008805100123345358,0.0005153915452313562,0.0,0.9296048276202399,0.0,0.03780857802161558
2214,Normal,Normal,0.007794606575544883,0.01,0.08730846038138002,0.02989422855828926,0.8500414673666505,0.014961237118135273,0.0
2215,Dos/DDos,Dos/DDos,0.0,0.0,1.0,0.0,0.0,0.0,0.0
2216,Normal,Normal,0.0,0.0,0.0,0.0,1.0,0.0,0.0
2217,PortScan,PortScan,0.0,0.0,0.0,0.0,0.00010940824429178676,0.9998905917557083,0.0
2218,Dos/DDos,Dos/DDos,0.0,0.0,1.0,0.0,0.0,0.0,0.0
2219,Brute Force,Brute Force,0.0,1.0,0.0,0.0,0.0,0.0,0.0
2220,Normal,Normal,0.0,0.0,0.0,0.0,1.0,0.0,0.0
2221,Web Attack,Web Attack,0.0,0.0,1.4083720890171383e-05,0.0,0.0037518407365597574,6.30767990631958e-05,0.9961709987434868
2222,PortScan,PortScan,0.0,0.0,0.0,0.0,0.00010940824429178676,0.9998905917557083,0.0
2223,Normal,Normal,0.0,0.007940398942561884,0.04980435733860399,0.04997652582159624,0.8645332830753248,0.0,0.027745434821912857
2224,Normal,Normal,0.0,0.004551892692777529,0.41947408121403085,0.0,0.5708991800078429,5.779266210698909e-05,0.005017053423241701
2225,Normal,Normal,0.0,0.0,0.0,0.0,1.0,0.0,0.0
2226,Normal,Normal,0.0,0.0,0.004925320056899004,0.0,0.9950746799431011,0.0,0.0
2227,PortScan,PortScan,0.0,0.0,0.0,0.0,7.417036449015093e-05,0.9999258296355099,0.0
2228,Botnet ARES,Botnet ARES,0.999774330969387,0.0,0.0,0.0,0.00022566903061300287,0.0,0.0
2229,Normal,Normal,0.0,0.0,0.0,0.0,1.0,0.0,0.0
2230,PortScan,PortScan,0.0,0.0,0.0,0.0,7.417036449015093e-05,0.9999258296355099,0.0
2231,Botnet ARES,Botnet ARES,0.999774330969387,0.0,0.0,0.0,0.00022566903061300287,0.0,0.0
2232,PortScan,PortScan,0.0,0.0,0.0,0.0,0.003406148951395409,0.9965938510486048,0.0
2233,Dos/DDos,Dos/DDos,0.0,0.003983483972893301,0.9766257814361657,0.0,0.01247540578128478,3.4417133376232516e-05,0.006880911676279728
2234,PortScan,PortScan,0.0,0.0,0.0,0.0,7.417036449015093e-05,0.9999258296355099,0.0
2235,PortScan,PortScan,0.0,0.0,0.0,0.0,7.417036449015093e-05,0.9999258296355099,0.0
2236,Brute Force,Brute Force,0.0,0.999975398192537,0.0,0.0,2.4601807462940075e-05,0.0,0.0
2237,Normal,Normal,0.0,0.0,0.0,0.0,1.0,0.0,0.0
2238,Normal,Normal,0.0,0.0,0.0,0.0,1.0,0.0,0.0
2239,Brute Force,Brute Force,0.0,1.0,0.0,0.0,0.0,0.0,0.0
2240,Dos/DDos,Dos/DDos,0.0,0.0,1.0,0.0,0.0,0.0,0.0
2241,Normal,Normal,0.0,0.0,0.0,0.0,1.0,0.0,0.0
2242,Normal,Normal,0.0,0.0,0.01,0.0,0.982373610613123,0.0,0.007626389386877017
2243,Brute Force,Brute Force,0.0,0.999975398192537,0.0,0.0,2.4601807462940075e-05,0.0,0.0
2244,Brute Force,Brute Force,0.0,0.999975398192537,0.0,0.0,2.4601807462940075e-05,0.0,0.0
2245,PortScan,PortScan,0.0,0.0,0.0,0.0,0.0013437422214321643,0.9986562577785679,0.0
2246,Normal,Normal,0.0,0.0,1.4083720890171383e-05,0.0,0.5721278372247997,6.0161746208505e-05,0.42779791730810174
2247,Dos/DDos,Dos/DDos,0.0,0.003983483972893301,0.9804388291553423,0.0,0.01161306645737876,3.4417133376232516e-05,0.003930203281009192
2248,Normal,Normal,0.0,0.0,0.07974918029024729,0.0,0.9202508197097526,0.0,0.0
2249,Dos/DDos,Dos/DDos,0.0,0.003983483972893301,0.9802364392175655,0.0,0.012241229161827365,3.4417133376232516e-05,0.003504430514337296
2250,Dos/DDos,Dos/DDos,0.0,0.003983483972893301,0.9808640465968252,0.0,0.011296132169676329,3.4417133376232516e-05,0.0038219201272286373
2251,Normal,Normal,0.0,0.008893323121181263,0.08362083211381277,0.0,0.8998275158666558,0.0,0.007658328898350187
2252,PortScan,PortScan,0.0,0.0,0.0,0.0,0.00010940824429178676,0.9998905917557083,0.0
2253,Dos/DDos,Dos/DDos,0.0,0.0,0.8525127350419025,0.0,0.14748726495809758,0.0,0.0
2254,Brute Force,Brute Force,0.0,1.0,0.0,0.0,0.0,0.0,0.0
2255,Dos/DDos,Dos/DDos,0.0,0.0,1.0,0.0,0.0,0.0,0.0
2256,Normal,Normal,0.0,0.0,0.0,0.0,1.0,0.0,0.0
2257,Brute Force,Brute Force,0.0,1.0,0.0,0.0,0.0,0.0,0.0
2258,Normal,Normal,0.0,0.0,0.1359133676917075,0.0,0.8640866323082923,0.0,0.0
2259,Normal,Normal,0.0,0.037548530544671936,0.09275568006198225,0.0,0.5669100135057168,0.011613131195762938,0.2911726446918661
2260,Brute Force,Brute Force,0.0,0.9998667055532651,0.0,0.0,0.00013329444673491696,0.0,0.0
2261,Dos/DDos,Dos/DDos,0.0,0.0,1.0,0.0,0.0,0.0,0.0
2262,Normal,Normal,0.0,0.0,0.0,0.0,0.9733277680132234,0.0,0.02667223198677658
2263,Dos/DDos,Dos/DDos,0.0,0.0,1.0,0.0,0.0,0.0,0.0
2264,PortScan,PortScan,0.0,0.0,0.0,0.0,7.417036449015093e-05,0.9999258296355099,0.0
2265,Normal,Normal,0.10207591236750384,0.0,0.0,0.0,0.8979240876324962,0.0,0.0
2266,Dos/DDos,Dos/DDos,0.0,0.0,1.0,0.0,0.0,0.0,0.0
2267,Dos/DDos,Dos/DDos,0.0,0.003983483972893301,0.9808640465968252,0.0,0.011296132169676329,3.4417133376232516e-05,0.0038219201272286373
2268,PortScan,PortScan,0.0,0.0,0.0,0.0,0.0036773019368120806,0.9963226980631882,0.0
2269,Dos/DDos,Dos/DDos,0.0,0.006641375038711674,0.8427305728893429,0.0,0.13414615246564762,0.0,0.016481899606297756
2270,Normal,Normal,0.0,0.0,0.0,0.0,1.0,0.0,0.0
2271,Dos/DDos,Dos/DDos,0.0,0.0,1.0,0.0,0.0,0.0,0.0
2272,Dos/DDos,Dos/DDos,0.0,0.003983483972893301,0.9810029584985736,0.0,0.011067821129049226,0.0,0.00394573639948369
2273,Dos/DDos,Dos/DDos,0.0,0.0,1.0,0.0,0.0,0.0,0.0
2274,Dos/DDos,Dos/DDos,0.0,0.0,1.0,0.0,0.0,0.0,0.0
2275,PortScan,PortScan,0.0,0.0,0.0,0.0,0.0016003478380821065,0.998399652161918,0.0
2276,Dos/DDos,Dos/DDos,0.0,0.0,1.0,0.0,0.0,0.0,0.0
2277,Normal,Normal,0.0,0.0,0.0,0.0,1.0,0.0,0.0
2278,PortScan,PortScan,0.0,0.0,0.0,0.0,0.001978219536121109,0.9980217804638791,0.0
2279,Dos/DDos,Dos/DDos,0.0,0.003983483972893301,0.9804388291553423,0.0,0.01161306645737876,3.4417133376232516e-05,0.003930203281009192
2280,PortScan,PortScan,0.0,0.0,0.0,0.0,0.0024568433805013026,0.9975431566194989,0.0
2281,Botnet ARES,Botnet ARES,1.0,0.0,0.0,0.0,0.0,0.0,0.0
2282,Brute Force,Brute Force,0.0,1.0,0.0,0.0,0.0,0.0,0.0
2283,Dos/DDos,Dos/DDos,0.0,0.0,1.0,0.0,0.0,0.0,0.0
2284,Normal,Normal,0.0,0.0,0.0,0.0,1.0,0.0,0.0
2285,Normal,Normal,0.0,0.0,0.0,0.0,1.0,0.0,0.0
2286,Normal,Normal,0.0,0.0,0.0,0.0,1.0,0.0,0.0
2287,Normal,Normal,0.0,0.0,0.0,0.0,1.0,0.0,0.0
2288,Normal,Normal,0.0,0.0,0.0,0.0,1.0,0.0,0.0
2289,Dos/DDos,Dos/DDos,0.0,0.0,1.0,0.0,0.0,0.0,0.0
2290,PortScan,PortScan,0.0,0.0,0.0,0.0,7.417036449015093e-05,0.9999258296355099,0.0
2291,Brute Force,Brute Force,0.0,0.9522623620034456,0.0029766544270049353,0.0,0.014501835760378135,0.0,0.030259147809171466
2292,PortScan,PortScan,0.0,0.0,0.0,0.0,0.00010940824429178676,0.9998905917557083,0.0
2293,Dos/DDos,Dos/DDos,0.0,0.0008917116011185303,0.9554775636737871,0.0,0.02075381741693525,0.021098519529059036,0.001778387779100164
2294,Normal,Normal,0.0,0.0,0.0,0.0,1.0,0.0,0.0
2295,Web Attack,Web Attack,0.0,0.0,1.4083720890171383e-05,0.0,0.0010767330448849778,5.853123184749522e-05,0.9988506520023772
2296,PortScan,PortScan,0.0,0.0,0.0,0.0,0.0038908235566433953,0.9961091764433568,0.0
2297,Brute Force,Brute Force,0.0,1.0,0.0,0.0,0.0,0.0,0.0
2298,Brute Force,Brute Force,0.0,1.0,0.0,0.0,0.0,0.0,0.0
2299,Dos/DDos,Dos/DDos,0.0,0.003983483972893301,0.9810029584985736,0.0,0.011067821129049226,0.0,0.00394573639948369
2300,PortScan,PortScan,0.0,0.0,0.0,0.0,0.0024075555955108685,0.9975924444044892,0.0
2301,Normal,Normal,0.0,0.0,0.0,0.0,1.0,0.0,0.0
2302,PortScan,PortScan,0.0,0.0,0.0,0.0,0.00010940824429178676,0.9998905917557083,0.0
2303,PortScan,PortScan,0.0,0.0,0.0,0.0,0.006526570118856185,0.993473429881144,0.0
2304,Dos/DDos,Dos/DDos,0.0,0.0,1.0,0.0,0.0,0.0,0.0
2305,PortScan,PortScan,0.0,0.0,0.0,0.0,0.002207479523732675,0.9977925204762674,0.0
2306,Brute Force,Brute Force,0.0,0.9998667055532651,0.0,0.0,0.00013329444673491696,0.0,0.0
2307,Normal,Normal,0.0,0.0,0.0,0.0,1.0,0.0,0.0
2308,Web Attack,Web Attack,0.0,0.1156811857680302,0.0034598891941967067,0.0,0.04123596446566999,0.0,0.8396229605721035
2309,Normal,Normal,0.0,0.0,0.046724432805202325,0.0,0.9499882572351328,0.0032873099596649087,0.0
2310,PortScan,PortScan,0.0,0.0,0.0,0.0,0.00010940824429178676,0.9998905917557083,0.0
2311,Dos/DDos,Dos/DDos,0.0,0.003983483972893301,0.9808640465968252,0.0,0.011296132169676329,3.4417133376232516e-05,0.0038219201272286373
2312,Brute Force,Brute Force,0.0,1.0,0.0,0.0,0.0,0.0,0.0
2313,Brute Force,Brute Force,0.0,0.9631939092393665,0.0029766544270049353,0.0,0.012323334924409615,0.0,0.021506101409219
2314,Normal,Normal,0.149870084272395,0.02580774417183756,0.0,0.0,0.797553861912101,0.02676830964366656,0.0
2315,PortScan,PortScan,0.0,0.0,0.0,0.0,0.002145319043553574,0.9978546809564465,0.0
2316,Normal,Normal,0.0,0.0,0.0,0.0,1.0,0.0,0.0
2317,Dos/DDos,Dos/DDos,0.0,0.0,1.0,0.0,0.0,0.0,0.0
2318,PortScan,PortScan,0.0,0.0,0.0,0.0,7.417036449015093e-05,0.9999258296355099,0.0
2319,Dos/DDos,Dos/DDos,0.0,0.003983483972893301,0.9802364392175655,0.0,0.012241229161827365,3.4417133376232516e-05,0.003504430514337296
2320,PortScan,PortScan,0.0,0.0,0.0,0.0,0.00010940824429178676,0.9998905917557083,0.0
2321,Normal,Normal,0.0,0.0,0.0,0.0,1.0,0.0,0.0
2322,Normal,Normal,0.0,0.0,0.0,0.0,1.0,0.0,0.0
2323,Brute Force,Brute Force,0.0,0.9998667055532651,0.0,0.0,0.00013329444673491696,0.0,0.0
2324,PortScan,PortScan,0.0,0.0,0.0,0.0,0.0024568433805013026,0.9975431566194989,0.0
2325,Dos/DDos,Dos/DDos,0.0,0.0,0.8090637150315687,0.0,0.1909362849684315,0.0,0.0
2326,Brute Force,Brute Force,0.0,0.9606661601799914,0.0029766544270049353,0.0,0.013071659635060575,0.0,0.023285525757943223
2327,Brute Force,Brute Force,0.0,0.999975398192537,0.0,0.0,2.4601807462940075e-05,0.0,0.0
2328,PortScan,PortScan,0.0,0.0,0.0,0.0,0.002199916599990163,0.99780008340001,0.0
2329,Dos/DDos,Dos/DDos,0.0,0.003983483972893301,0.9804388291553423,0.0,0.01161306645737876,3.4417133376232516e-05,0.003930203281009192
2330,PortScan,PortScan,0.0,0.0,0.0,0.0,0.00010940824429178676,0.9998905917557083,0.0
2331,Dos/DDos,Dos/DDos,0.0,0.0,1.0,0.0,0.0,0.0,0.0
2332,Dos/DDos,Dos/DDos,0.006630299251870324,0.0,0.6951990295798887,0.0,0.2755103336379998,0.005056139936177757,0.01760419759406337
2333,PortScan,PortScan,0.0,0.0,0.0,0.0,0.0035049851002136325,0.9964950148997866,0.0
2334,PortScan,PortScan,0.0,0.0,0.0,0.0,7.417036449015093e-05,0.9999258296355099,0.0
2335,Brute Force,Brute Force,0.0,0.9998667055532651,0.0,0.0,0.00013329444673491696,0.0,0.0
2336,Dos/DDos,Dos/DDos,0.0,0.0,1.0,0.0,0.0,0.0,0.0
2337,PortScan,PortScan,0.0,0.0,0.0,0.0,0.00010940824429178676,0.9998905917557083,0.0
2338,Dos/DDos,Dos/DDos,0.0,0.0,0.9974823529411765,0.0,0.0025176470588235294,0.0,0.0
2339,Dos/DDos,Dos/DDos,0.0,0.003983483972893301,0.9815127929338593,0.0,0.009805789849195758,0.0,0.004697933244051386
2340,Dos/DDos,Dos/DDos,0.0,0.003983483972893301,0.9808640465968252,0.0,0.011296132169676329,3.4417133376232516e-05,0.0038219201272286373
2341,PortScan,PortScan,0.0,0.0,0.0,0.0,7.417036449015093e-05,0.9999258296355099,0.0
2342,Normal,Normal,0.0,0.0,0.01,0.02966937646266649,0.9603306235373336,0.0,0.0
2343,PortScan,PortScan,0.0,0.0,0.0,0.0,0.003406148951395409,0.9965938510486048,0.0
2344,Dos/DDos,Dos/DDos,0.0,0.0,1.0,0.0,0.0,0.0,0.0
2345,Dos/DDos,Dos/DDos,0.0,0.0,1.0,0.0,0.0,0.0,0.0
2346,Normal,Normal,0.0,0.0,0.0,0.0,1.0,0.0,0.0
2347,Normal,Normal,0.0,0.0,0.0,0.0,0.9923473011363636,0.0,0.007652698863636363
2348,Brute Force,Brute Force,0.0,0.9998667055532651,0.0,0.0,0.00013329444673491696,0.0,0.0
2349,Dos/DDos,Dos/DDos,0.0,0.0,0.7465648761129429,0.0,0.2434564808202593,0.009978643066797863,0.0
2350,PortScan,PortScan,0.0,0.0,0.0,0.0,0.0017390630352036819,0.9982609369647963,0.0
2351,Normal,Normal,0.0,0.0,0.0,0.0,1.0,0.0,0.0
2352,Brute Force,Brute Force,0.0,1.0,0.0,0.0,0.0,0.0,0.0
2353,Dos/DDos,Dos/DDos,0.0,0.0,1.0,0.0,0.0,0.0,0.0
2354,PortScan,PortScan,0.0,0.0,0.0,0.0,7.417036449015093e-05,0.9999258296355099,0.0
2355,Dos/DDos,Dos/DDos,0.0,0.0,1.0,0.0,0.0,0.0,0.0
2356,Dos/DDos,Dos/DDos,0.0,0.0,1.0,0.0,0.0,0.0,0.0
2357,Dos/DDos,Dos/DDos,0.0,0.0,1.0,0.0,0.0,0.0,0.0
2358,Normal,Normal,0.0,0.0,0.0,0.0,1.0,0.0,0.0
2359,Normal,Normal,0.0,0.0,0.0,0.0,1.0,0.0,0.0
2360,Brute Force,Brute Force,0.0,1.0,0.0,0.0,0.0,0.0,0.0
2361,Normal,Normal,0.0,0.0,0.0,0.0,1.0,0.0,0.0
2362,Dos/DDos,Dos/DDos,0.0,0.0,0.99,0.0,0.01,0.0,0.0
2363,Normal,Normal,0.0,0.0,0.0,0.0,1.0,0.0,0.0
2364,Brute Force,Brute Force,0.0,0.9998667055532651,0.0,0.0,0.00013329444673491696,0.0,0.0
2365,PortScan,PortScan,0.0,0.0,0.0,0.0,7.417036449015093e-05,0.9999258296355099,0.0
2366,Dos/DDos,Dos/DDos,0.0,0.0,0.9913312613841767,0.0,0.008668738615823247,0.0,0.0
2367,Normal,Normal,0.0,0.003983483972893301,0.20022415991492978,0.0,0.7938867087120972,3.4417133376232516e-05,0.0018712302667033926
2368,Normal,Normal,0.0,0.00994527818699707,0.020225677756573922,0.0,0.9058559405309248,0.022166000480777034,0.04180710304472707
2369,Normal,Normal,0.0,0.0,0.0,0.0,1.0,0.0,0.0
2370,PortScan,PortScan,0.0,0.0,0.0,0.0,0.002199916599990163,0.99780008340001,0.0
2371,Dos/DDos,Dos/DDos,0.0,0.0,1.0,0.0,0.0,0.0,0.0
2372,Dos/DDos,Dos/DDos,0.0,0.0,1.0,0.0,0.0,0.0,0.0
2373,Normal,Normal,0.0,0.04574346459374584,0.020150352692363947,0.0,0.8575394537799377,0.01,0.06656672893395252
2374,Dos/DDos,Dos/DDos,0.0,0.0,0.531513628722328,0.0,0.145978303948362,0.009710623411624831,0.3127974439176853
2375,Dos/DDos,Dos/DDos,0.0,0.0,1.0,0.0,0.0,0.0,0.0
2376,PortScan,PortScan,0.0,0.0,0.0,0.0,7.417036449015093e-05,0.9999258296355099,0.0
2377,Normal,Normal,0.0,0.0,0.0,0.0,1.0,0.0,0.0
2378,PortScan,PortScan,0.0,0.0,0.0,0.0,0.0023454604626852405,0.997654539537315,0.0
2379,PortScan,PortScan,0.0,0.0,0.0,0.0,0.00367223319262242,0.9963277668073778,0.0
2380,Normal,Normal,0.0,0.0,0.0,0.0,1.0,0.0,0.0
2381,Normal,Normal,0.0,0.0,0.0,0.0,1.0,0.0,0.0
2382,PortScan,PortScan,0.0,0.0,0.0,0.0,0.0013708639541191328,0.998629136045881,0.0
2383,PortScan,PortScan,0.0,0.0,0.0,0.0,7.417036449015093e-05,0.9999258296355099,0.0
2384,Dos/DDos,Dos/DDos,0.0,0.0,1.0,0.0,0.0,0.0,0.0
2385,Normal,Normal,0.0,0.010901222587858844,0.10760885114633302,0.0,0.8538270865801644,0.001456350010127608,0.026206489675516226
2386,Botnet ARES,Botnet ARES,1.0,0.0,0.0,0.0,0.0,0.0,0.0
2387,PortScan,PortScan,0.0,0.0,0.0,0.0,0.00010940824429178676,0.9998905917557083,0.0
2388,Dos/DDos,Dos/DDos,0.0,0.0,1.0,0.0,0.0,0.0,0.0
2389,Normal,Normal,0.0,0.04947947701114185,0.003078639010419189,0.0,0.8714703773122229,0.0,0.07597150666621613
2390,PortScan,PortScan,0.0,0.0,0.0,0.0,0.00010940824429178676,0.9998905917557083,0.0
2391,Dos/DDos,Dos/DDos,0.0,0.003983483972893301,0.9810029584985736,0.0,0.011067821129049226,0.0,0.00394573639948369
2392,Normal,Normal,0.0,0.0,0.0,0.0,1.0,0.0,0.0
2393,PortScan,PortScan,0.0,0.0,0.0,0.0,7.417036449015093e-05,0.9999258296355099,0.0
2394,Dos/DDos,Dos/DDos,0.0,0.0,0.9947536361158623,0.0,0.0052463638841376715,0.0,0.0
2395,Normal,Normal,0.0,0.0,0.0,0.0,1.0,0.0,0.0
2396,Web Attack,Web Attack,0.0,0.0,1.4083720890171383e-05,0.0,0.0014186302283242169,6.30767990631958e-05,0.9985042092517221
2397,Normal,Brute Force,0.0,0.6321639934772886,0.0029766544270049353,0.0,0.25547845249962686,0.0,0.1093808995960795
2398,Dos/DDos,Dos/DDos,0.0,0.0,1.0,0.0,0.0,0.0,0.0
2399,Dos/DDos,Dos/DDos,0.0,0.0,1.0,0.0,0.0,0.0,0.0
2400,PortScan,PortScan,0.0,0.0,0.0,0.0,7.417036449015093e-05,0.9999258296355099,0.0
2401,Normal,Normal,0.0,0.0,0.0,0.0,1.0,0.0,0.0
2402,Normal,Normal,0.0,0.0,0.0033504873294346984,0.01,0.9866495126705653,0.0,0.0
2403,Normal,Normal,0.14473932180160667,0.0,0.0,0.0,0.8552606781983934,0.0,0.0
2404,PortScan,PortScan,0.0,0.0,0.0,0.0,0.001063112812623945,0.998936887187376,0.0
2405,Brute Force,Brute Force,0.0,0.999975398192537,0.0,0.0,2.4601807462940075e-05,0.0,0.0
2406,PortScan,PortScan,0.0,0.0,0.0,0.0,7.417036449015093e-05,0.9999258296355099,0.0
2407,PortScan,PortScan,0.0,0.0,0.0,0.0,7.417036449015093e-05,0.9999258296355099,0.0
2408,PortScan,PortScan,0.0,0.0,0.0,0.0,0.00010940824429178676,0.9998905917557083,0.0
2409,PortScan,PortScan,0.0,0.0,0.0,0.0,0.00010940824429178676,0.9998905917557083,0.0
2410,PortScan,PortScan,0.0,0.0,0.0,0.0,0.0007067214612540124,0.9992932785387459,0.0
2411,Brute Force,Brute Force,0.0,1.0,0.0,0.0,0.0,0.0,0.0
2412,Web Attack,Web Attack,0.0,0.0,1.4083720890171383e-05,0.0,0.0014084435075517265,6.30767990631958e-05,0.9985143959724947
2413,Normal,Normal,0.0,0.0,0.3371830146854634,0.0,0.6628169853145366,0.0,0.0
2414,Dos/DDos,Dos/DDos,0.0,0.0,0.8635775165499456,0.0,0.13642248345005425,0.0,0.0
2415,Normal,Normal,0.0,0.0,0.0,0.0,1.0,0.0,0.0
2416,Dos/DDos,Dos/DDos,0.0,0.0,1.0,0.0,0.0,0.0,0.0
2417,Normal,Normal,0.01,0.0,0.0048971918693455525,0.00978883153449085,0.9265997791924957,0.0,0.048714197403667836
2418,Normal,Normal,0.0,0.0,0.0,0.0,0.9903421296094436,0.009657870390556354,0.0
2419,PortScan,PortScan,0.0,0.0,0.0,0.0,7.417036449015093e-05,0.9999258296355099,0.0
2420,Dos/DDos,Dos/DDos,0.0,0.003983483972893301,0.9799616327657746,0.0,0.012407752459837858,3.4417133376232516e-05,0.00361271366811785
2421,Dos/DDos,Dos/DDos,0.0,0.0,1.0,0.0,0.0,0.0,0.0
2422,PortScan,PortScan,0.0,0.0,0.0,0.0,7.417036449015093e-05,0.9999258296355099,0.0
2423,Brute Force,Brute Force,0.0,0.9999350475432024,0.0,0.0,6.495245679765435e-05,0.0,0.0
2424,Normal,Normal,0.0,0.004973759541984733,0.0,0.0,0.9950262404580152,0.0,0.0
2425,Normal,Normal,0.0,0.0,0.0,0.0,1.0,0.0,0.0
2426,Normal,Normal,0.008825489379425238,0.0,0.023747769865505378,0.0,0.9303783581429298,0.012997939999946608,0.02405044261219288
2427,PortScan,PortScan,0.0,0.0,0.0,0.0,0.0019289317511306753,0.9980710682488695,0.0
2428,Brute Force,Brute Force,0.0,0.999975398192537,0.0,0.0,2.4601807462940075e-05,0.0,0.0
2429,PortScan,PortScan,0.0,0.0,0.0,0.0,7.417036449015093e-05,0.9999258296355099,0.0
2430,PortScan,PortScan,0.0,0.0,0.0,0.0,0.007035747050799956,0.9929642529492001,0.0
2431,Normal,Normal,0.0,0.0,0.0,0.0,1.0,0.0,0.0
2432,Dos/DDos,Dos/DDos,0.0,0.0,1.0,0.0,0.0,0.0,0.0
2433,Dos/DDos,Dos/DDos,0.0,0.003983483972893301,0.9803068290003795,0.0,0.012557273218238836,3.4417133376232516e-05,0.003117996675111967
2434,Normal,Normal,0.0,0.01673448784654811,0.028347682820696374,0.0,0.9549178293327556,0.0,0.0
2435,Dos/DDos,Dos/DDos,0.0,0.0,0.875490723177418,0.0,0.12450927682258209,0.0,0.0
2436,PortScan,PortScan,0.0,0.0,0.0,0.0,0.00010940824429178676,0.9998905917557083,0.0
2437,PortScan,PortScan,0.0,0.0,0.0,0.0,7.417036449015093e-05,0.9999258296355099,0.0
2438,PortScan,PortScan,0.0,0.0,0.0,0.0,7.417036449015093e-05,0.9999258296355099,0.0
2439,PortScan,PortScan,0.0,0.0,0.0,0.0,0.0017248012932773783,0.9982751987067228,0.0
2440,PortScan,PortScan,0.0,0.0,0.0,0.0,0.002643876133466521,0.9973561238665336,0.0
2441,Normal,Normal,0.0,0.0,0.0,0.0,1.0,0.0,0.0
2442,Dos/DDos,Dos/DDos,0.0,0.0,1.0,0.0,0.0,0.0,0.0
2443,Normal,Normal,0.0,0.0,0.0,0.0,1.0,0.0,0.0
2444,Normal,Normal,0.0,0.0,0.0,0.0,1.0,0.0,0.0
2445,PortScan,PortScan,0.0,0.0,0.0,0.0,0.002199916599990163,0.99780008340001,0.0
2446,Normal,Normal,0.0,0.0,0.0,0.0,1.0,0.0,0.0
2447,PortScan,PortScan,0.0,0.0,0.0,0.0,0.002643876133466521,0.9973561238665336,0.0
2448,PortScan,PortScan,0.0,0.0,0.0,0.0,7.417036449015093e-05,0.9999258296355099,0.0
2449,Normal,Normal,0.014491644987971586,0.008805100123345358,0.0004299390422660507,0.0,0.9669456715714333,0.0,0.009327644274983678
2450,Normal,Normal,0.0,0.0,0.0,0.0,1.0,0.0,0.0
2451,PortScan,PortScan,0.0,0.0,0.0,0.0,0.0012883652323876355,0.9987116347676124,0.0
2452,Botnet ARES,Botnet ARES,0.9996696914371873,0.0,0.0,0.0,0.0003303085628127412,0.0,0.0
2453,Brute Force,Brute Force,0.0,1.0,0.0,0.0,0.0,0.0,0.0
2454,Dos/DDos,Dos/DDos,0.0,0.0,1.0,0.0,0.0,0.0,0.0
2455,PortScan,PortScan,0.0,0.0,0.0,0.0,0.00010940824429178676,0.9998905917557083,0.0
2456,Normal,Normal,0.0,0.0,0.0,0.0,1.0,0.0,0.0
2457,Dos/DDos,Dos/DDos,0.0,0.003983483972893301,0.9821029798401179,0.0,0.00997595843283201,0.0007180616740088106,0.003219516080147842
2458,Dos/DDos,Dos/DDos,0.0,0.003983483972893301,0.9805892401450342,0.0,0.01146265546768682,3.4417133376232516e-05,0.003930203281009192
2459,PortScan,PortScan,0.0,0.0,0.0,0.0,7.417036449015093e-05,0.9999258296355099,0.0
2460,Normal,Normal,0.0,0.0,0.054912979917622326,0.0,0.8195097678152367,0.002007969527371907,0.12356928273976912
2461,PortScan,PortScan,0.0,0.0,0.0,0.0,0.00010940824429178676,0.9998905917557083,0.0
2462,Dos/DDos,Dos/DDos,0.0,0.0,1.0,0.0,0.0,0.0,0.0
2463,Dos/DDos,Dos/DDos,0.0,0.0,0.7073622007101754,0.0,0.2926377992898247,0.0,0.0
2464,Dos/DDos,Dos/DDos,0.0,0.0007443191035267758,0.9879202536476942,0.0,0.0077251823414233945,0.00012124242513444596,0.0034890024822212696
2465,Dos/DDos,Dos/DDos,0.0,0.0,0.8345518679955187,0.0,0.16544813200448136,0.0,0.0
2466,Normal,Normal,0.0,0.0,0.0,0.0,1.0,0.0,0.0
2467,Normal,Normal,0.0,0.0,0.0,0.0,1.0,0.0,0.0
2468,PortScan,PortScan,0.0,0.0,0.0,0.0,0.00010940824429178676,0.9998905917557083,0.0
2469,Dos/DDos,Dos/DDos,0.0,0.003983483972893301,0.9794814049301683,0.0,0.012731975060797197,3.4417133376232516e-05,0.0037687189027646585
2470,Dos/DDos,Dos/DDos,0.0,0.0007443191035267758,0.9875654870409813,0.0,0.007692838324666151,8.682529175821345e-05,0.003910530239067575
2471,Web Attack,Web Attack,0.0,0.0,1.4083720890171383e-05,0.0,0.0014186302283242169,6.30767990631958e-05,0.9985042092517221
2472,Dos/DDos,Dos/DDos,0.0,0.0,1.0,0.0,0.0,0.0,0.0
2473,Normal,Normal,0.0,0.0,0.0,0.0,1.0,0.0,0.0
2474,Normal,Normal,0.0,0.0,0.14158968882163475,0.0,0.8550430281949746,0.003367282983390787,0.0
2475,Dos/DDos,Dos/DDos,0.0,0.0,0.9455813938791371,0.0,0.05441860612086294,0.0,0.0
2476,Normal,Normal,0.0,0.013327352923837714,0.06281819053067107,0.01974313354958833,0.9041113229959028,0.0,0.0
2477,Brute Force,Brute Force,0.0,0.999975398192537,0.0,0.0,2.4601807462940075e-05,0.0,0.0
2478,PortScan,PortScan,0.0,0.0,0.0,0.0,0.0010488510706976421,0.9989511489293024,0.0
2479,Normal,Normal,0.0,0.0,0.16660163693339677,0.0,0.8288925631964341,0.004505799870169153,0.0
2480,Dos/DDos,Dos/DDos,0.0,0.003983483972893301,0.9799616327657746,0.0,0.012407752459837858,3.4417133376232516e-05,0.00361271366811785
2481,Dos/DDos,Dos/DDos,0.0,0.0,0.9420266855565919,0.0,0.04164787268667462,0.0,0.016325441756733575
2482,Normal,Normal,0.0,0.0,0.0,0.0,1.0,0.0,0.0
2483,Brute Force,Brute Force,0.0,0.9525098629501096,0.0029766544270049353,0.0,0.014263692656602543,0.0,0.03024978996628299
2484,Normal,Normal,0.0,0.0,0.054436832036251784,0.0,0.9455631679637483,0.0,0.0
2485,Normal,Normal,0.0,0.0,0.04338101423987535,0.0,0.9533316758004596,0.0032873099596649087,0.0
2486,Normal,Normal,0.09501727869516624,0.0,0.0,0.0,0.9049827213048337,0.0,0.0
2487,Normal,Normal,0.0,0.0,0.0,0.0,1.0,0.0,0.0
2488,Normal,Normal,0.0,0.033008375391295565,0.03075352899775396,0.0,0.9089433613143193,0.0,0.027294734296631026
2489,Dos/DDos,Dos/DDos,0.0,0.0,1.0,0.0,0.0,0.0,0.0
2490,PortScan,PortScan,0.0,0.0,0.0,0.0,0.00010940824429178676,0.9998905917557083,0.0
2491,Normal,Normal,0.0,0.0,0.0,0.0,1.0,0.0,0.0
2492,Dos/DDos,Dos/DDos,0.0,0.0005033863982289575,0.9874923287320881,0.0,0.010905393408249505,5.927272130805441e-05,0.0010396187401256031
2493,Dos/DDos,Dos/DDos,0.0,0.0,0.5792796797890989,0.0,0.4207203202109011,0.0,0.0
2494,Dos/DDos,Dos/DDos,0.0,0.003983483972893301,0.9766257814361657,0.0,0.01247540578128478,3.4417133376232516e-05,0.006880911676279728
2495,Normal,Normal,0.0,0.003353293413173653,0.0,0.0,0.9966467065868264,0.0,0.0
2496,PortScan,PortScan,0.0,0.0,0.0,0.0,0.003522005643906805,0.9964779943560934,0.0
2497,Normal,Normal,0.0,0.0,0.0,0.0,1.0,0.0,0.0
2498,Dos/DDos,Dos/DDos,0.0,0.003983483972893301,0.9798112217760826,0.0,0.012558163449529798,3.4417133376232516e-05,0.00361271366811785
2499,Brute Force,Brute Force,0.0,1.0,0.0,0.0,0.0,0.0,0.0
2500,PortScan,PortScan,0.0,0.0,0.0,0.0,0.0035049851002136325,0.9964950148997866,0.0
2501,Normal,Normal,0.0,0.0,0.0,0.0,1.0,0.0,0.0
2502,PortScan,PortScan,0.0,0.0,0.0,0.0,0.0013141921626821204,0.9986858078373179,0.0
2503,Normal,Normal,0.0010500405594745178,0.008805100123345358,0.0005153915452313562,0.0,0.9713483001307114,0.0,0.018281167641237345
2504,Normal,Normal,0.0,0.0,0.0,0.0,1.0,0.0,0.0
2505,Dos/DDos,Dos/DDos,0.0,0.0,1.0,0.0,0.0,0.0,0.0
2506,Botnet ARES,Botnet ARES,1.0,0.0,0.0,0.0,0.0,0.0,0.0
2507,Dos/DDos,Dos/DDos,0.0,0.0,1.0,0.0,0.0,0.0,0.0
2508,Normal,Normal,0.0,0.0,0.3333325989825843,0.0,0.6666674010174155,0.0,0.0
2509,Dos/DDos,Dos/DDos,0.0,0.003983483972893301,0.9799616327657746,0.0,0.012407752459837858,3.4417133376232516e-05,0.00361271366811785
2510,Normal,Normal,0.0,0.0,0.0,0.0,1.0,0.0,0.0
2511,Normal,Normal,0.0,0.0,0.0,0.0,1.0,0.0,0.0
2512,Dos/DDos,Dos/DDos,0.0,0.003983483972893301,0.9804460465975258,0.0,0.012309772467311885,3.4417133376232516e-05,0.003226279828892521
2513,Normal,Normal,0.0,0.0,0.0,0.0,0.9903421296094436,0.009657870390556354,0.0
2514,PortScan,PortScan,0.0,0.0,0.0,0.0,0.00010940824429178676,0.9998905917557083,0.0
2515,PortScan,PortScan,0.0,0.0,0.0,0.0,0.003371757495857443,0.9966282425041426,0.0
2516,Dos/DDos,Dos/DDos,0.0,0.0,1.0,0.0,0.0,0.0,0.0
2517,Dos/DDos,Dos/DDos,0.0,0.003983483972893301,0.972613982790352,0.0,0.010039966468653173,0.0,0.01336256676810116
2518,PortScan,PortScan,0.0,0.0,0.0,0.0,0.0012545663175091539,0.9987454336824909,0.0
2519,PortScan,PortScan,0.0,0.0,0.0,0.0,0.0020969330446242505,0.9979030669553759,0.0
2520,Normal,Normal,0.0,0.047689198033945675,0.0029439974316081796,0.0,0.8788558974579018,0.0,0.07051090707654417
2521,Dos/DDos,Dos/DDos,0.0,0.0,1.0,0.0,0.0,0.0,0.0
2522,Normal,Normal,0.0,0.0,0.0,0.0,1.0,0.0,0.0
2523,Normal,Normal,0.0,0.0,0.01,0.0,0.9659452976900524,0.0,0.0240547023099475
2524,Normal,Normal,0.0,0.0,0.005051210428305399,0.009983652498832322,0.9849651370728623,0.0,0.0
2525,Normal,Normal,0.008370422542377914,0.013130831474753035,0.0049703696114443445,0.0,0.9663107268272617,0.0,0.007217649544162795
2526,PortScan,PortScan,0.0,0.0,0.0,0.0,0.0013437422214321643,0.9986562577785679,0.0
2527,Web Attack,Web Attack,0.0,0.05365090375596972,0.004118773383477628,0.0,0.0534889778575566,0.0001145531263250645,0.8886267918766716
2528,Brute Force,Brute Force,0.0,1.0,0.0,0.0,0.0,0.0,0.0
2529,Dos/DDos,Dos/DDos,0.0,0.0,1.0,0.0,0.0,0.0,0.0
2530,PortScan,PortScan,0.0,0.0,0.0,0.0,0.00010940824429178676,0.9998905917557083,0.0
2531,PortScan,PortScan,0.0,0.0,0.0,0.0,0.00010940824429178676,0.9998905917557083,0.0
2532,Normal,Normal,0.0056080808080808085,0.0,0.13441597282608672,0.009968775297791142,0.7547891711109418,0.018327202421876222,0.07689079753522321
2533,PortScan,PortScan,0.0,0.0,0.0,0.0,0.0014028033590947247,0.9985971966409053,0.0
2534,PortScan,PortScan,0.0,0.0,0.0,0.0,7.417036449015093e-05,0.9999258296355099,0.0
2535,PortScan,PortScan,0.0,0.0,0.0,0.0,7.417036449015093e-05,0.9999258296355099,0.0
2536,PortScan,PortScan,0.0,0.0,0.0,0.0,0.001978219536121109,0.9980217804638791,0.0
2537,PortScan,PortScan,0.0,0.0,0.0,0.0,0.0011043365323201682,0.9988956634676798,0.0
2538,PortScan,PortScan,0.0,0.0,0.0,0.0,0.0014028033590947247,0.9985971966409053,0.0
2539,PortScan,PortScan,0.0,0.0,0.0,0.0,0.00010940824429178676,0.9998905917557083,0.0
2540,Normal,Normal,0.0,0.003983483972893301,0.315370037107735,0.0,0.6787408315192919,3.4417133376232516e-05,0.0018712302667033926
2541,Normal,Normal,0.03,0.0,0.076591168190431,0.009984023006870107,0.8771433725474292,0.0,0.006281436255269661
2542,Normal,Normal,0.0,0.0,0.0,0.0,1.0,0.0,0.0
2543,PortScan,PortScan,0.0,0.0,0.0,0.0,0.0015178542559857607,0.9984821457440143,0.0
2544,Dos/DDos,Dos/DDos,0.0,0.0,1.0,0.0,0.0,0.0,0.0
2545,Normal,Normal,0.0,0.05060239906267792,0.003100115855743763,0.0,0.8590362456451518,0.0,0.08726123943642639
2546,Normal,Normal,0.0,0.0,0.0,0.0,1.0,0.0,0.0
2547,Normal,Normal,0.0,0.006544054075296707,0.0,0.0,0.9857527785038889,0.0,0.00770316742081448
2548,Normal,Normal,0.0,0.0,0.0,0.0,1.0,0.0,0.0
2549,Dos/DDos,Dos/DDos,0.0,0.0,1.0,0.0,0.0,0.0,0.0
2550,Brute Force,Brute Force,0.0,1.0,0.0,0.0,0.0,0.0,0.0
2551,Normal,Normal,0.0,0.0,0.0,0.009977050368401982,0.980022949631598,0.01,0.0
2552,Normal,Normal,0.008848397993653395,0.0,0.0,0.0,0.9911516020063467,0.0,0.0
2553,Botnet ARES,Botnet ARES,0.9921292868477377,0.0,0.0,0.0,0.007870713152261967,0.0,0.0
2554,Web Attack,Web Attack,0.0,0.0,1.4083720890171383e-05,0.0,0.0012400978345856212,5.853123184749522e-05,0.9986872872126766
2555,Normal,Normal,0.0,0.0,0.0,0.0,1.0,0.0,0.0
2556,PortScan,PortScan,0.0,0.0,0.0,0.0,0.0013437422214321643,0.9986562577785679,0.0
2557,Normal,Normal,0.0,0.003983483972893301,0.08489681542403099,0.0,0.9063714983765504,0.0,0.004748202226525226
2558,Normal,Normal,0.0,0.0,0.006565942713251494,0.0,0.9934340572867485,0.0,0.0
2559,Brute Force,Brute Force,0.0,0.9606661601799914,0.0029766544270049353,0.0,0.013071659635060575,0.0,0.023285525757943223
2560,Normal,Normal,0.0,0.0,0.004996470588235295,0.009967730369307995,0.9767983963690502,0.008237402673406629,0.0
2561,PortScan,PortScan,0.0,0.0,0.0,0.0,7.417036449015093e-05,0.9999258296355099,0.0
2562,Normal,Normal,0.0,0.0,0.01580385924690143,0.0,0.9779386249883237,0.0,0.0062575157647748935
2563,Normal,Normal,0.0996051618140692,0.0,0.0,0.0,0.9003948381859308,0.0,0.0
2564,Web Attack,Web Attack,0.0,0.0,1.4083720890171383e-05,0.0,0.0014186302283242169,6.30767990631958e-05,0.9985042092517221
2565,PortScan,PortScan,0.0,0.0,0.0,0.0,0.0036773019368120806,0.9963226980631882,0.0
2566,Normal,Normal,0.0,0.0,0.0,0.0,1.0,0.0,0.0
2567,Normal,Normal,0.0,0.0,0.0,0.0,1.0,0.0,0.0
2568,Dos/DDos,Dos/DDos,0.0,0.0003233028812343028,0.9697268887162022,0.0,0.027942571574780303,0.0020072368277832993,0.0
2569,Dos/DDos,Dos/DDos,0.0,0.003983483972893301,0.972613982790352,0.0,0.010039966468653173,0.0,0.01336256676810116
2570,Normal,Normal,0.0,0.0,0.0,0.0,1.0,0.0,0.0
2571,PortScan,PortScan,0.0,0.0,0.0,0.0,0.0012545663175091539,0.9987454336824909,0.0
2572,Normal,Normal,0.0,0.0,0.0,0.0,1.0,0.0,0.0
2573,Dos/DDos,Dos/DDos,0.0,0.003983483972893301,0.9804388291553423,0.0,0.01161306645737876,3.4417133376232516e-05,0.003930203281009192
2574,PortScan,PortScan,0.0,0.0,0.0,0.0,0.00010940824429178676,0.9998905917557083,0.0
2575,Dos/DDos,Dos/DDos,0.0,0.0,0.9826754898266765,0.0,0.005074679943100996,0.012249830230222478,0.0
2576,Dos/DDos,Dos/DDos,0.0,0.0032753533157322563,0.6842450696679081,0.0,0.18267497029487426,0.015608478522503131,0.11419612819898191
2577,PortScan,PortScan,0.0,0.0,0.0,0.0,7.417036449015093e-05,0.9999258296355099,0.0
2578,Normal,Normal,0.0,0.0,0.0,0.0,1.0,0.0,0.0
2579,Dos/DDos,Dos/DDos,0.0,0.0,1.0,0.0,0.0,0.0,0.0
2580,PortScan,PortScan,0.0,0.0,0.0,0.0,7.417036449015093e-05,0.9999258296355099,0.0
2581,PortScan,PortScan,0.0,0.0,0.0,0.0,0.0013708639541191328,0.998629136045881,0.0
2582,Dos/DDos,Dos/DDos,0.0,0.0,0.9348266287199926,0.0,0.05764607334251834,0.007527297937489167,0.0
2583,Normal,Normal,0.0,0.0,0.0,0.0,1.0,0.0,0.0
2584,PortScan,PortScan,0.0,0.0,0.0,0.0,7.417036449015093e-05,0.9999258296355099,0.0
2585,Normal,Normal,0.0,0.0,0.0,0.0,1.0,0.0,0.0
2586,Normal,Normal,0.0,0.0,0.3380416900256432,0.0,0.6619583099743568,0.0,0.0
2587,Normal,Normal,0.0,0.05343136690299659,0.0029439974316081796,0.0,0.8651069059613026,0.0,0.07851772970409267
2588,PortScan,PortScan,0.0,0.0,0.0,0.0,0.0033005058274889194,0.9966994941725111,0.0
2589,Normal,Normal,0.11259647420610878,0.0,0.005965741564094165,0.0,0.8814377842297969,0.0,0.0
2590,Brute Force,Brute Force,0.0,0.962706150113201,0.0029766544270049353,0.0,0.01276546330221945,0.0,0.021551732157574756
2591,PortScan,PortScan,0.0,0.0,0.0,0.0,0.00010940824429178676,0.9998905917557083,0.0
2592,Normal,Normal,0.0,0.0,0.2077465584035507,0.0,0.7888861586130583,0.003367282983390787,0.0
2593,PortScan,PortScan,0.0,0.0,0.0,0.0,7.417036449015093e-05,0.9999258296355099,0.0
2594,Normal,Normal,0.0,0.0,0.0,0.0,1.0,0.0,0.0
2595,Normal,Normal,0.0,0.0,0.0,0.0,1.0,0.0,0.0
2596,Dos/DDos,Dos/DDos,0.0,0.0,1.0,0.0,0.0,0.0,0.0
2597,Dos/DDos,Dos/DDos,0.0,0.0007443191035267758,0.9869302150186618,0.0,0.008293693213609463,0.00012124242513444596,0.003910530239067575
2598,Normal,Normal,0.0,0.0,0.0,0.0,1.0,0.0,0.0
2599,Dos/DDos,Dos/DDos,0.0,0.0,1.0,0.0,0.0,0.0,0.0
2600,Dos/DDos,Dos/DDos,0.0,0.0,1.0,0.0,0.0,0.0,0.0
2601,PortScan,PortScan,0.0,0.0,0.0,0.0,0.0013708639541191328,0.998629136045881,0.0
2602,Normal,Normal,0.0,0.0,0.0,0.0,1.0,0.0,0.0
2603,PortScan,PortScan,0.0,0.0,0.0,0.0,0.002134621236087131,0.9978653787639131,0.0
2604,Normal,Normal,0.0,0.0,0.01425153301206744,0.0,0.9857484669879326,0.0,0.0
2605,PortScan,PortScan,0.0,0.0,0.0,0.0,0.0013708639541191328,0.998629136045881,0.0
2606,Brute Force,Brute Force,0.0,0.999975398192537,0.0,0.0,2.4601807462940075e-05,0.0,0.0
2607,Dos/DDos,Dos/DDos,0.0,0.0,1.0,0.0,0.0,0.0,0.0
2608,Brute Force,Brute Force,0.0,1.0,0.0,0.0,0.0,0.0,0.0
2609,PortScan,PortScan,0.0,0.0,0.0,0.0,7.417036449015093e-05,0.9999258296355099,0.0
2610,Normal,Normal,0.09726952220914438,0.0,0.0,0.0,0.9027304777908557,0.0,0.0
2611,PortScan,PortScan,0.0,0.0,0.0,0.0,0.0007209832031803154,0.9992790167968196,0.0
2612,Botnet ARES,Botnet ARES,1.0,0.0,0.0,0.0,0.0,0.0,0.0
2613,PortScan,PortScan,0.0,0.0,0.0,0.0,0.0020435286437652904,0.9979564713562348,0.0
2614,PortScan,PortScan,0.0,0.0,0.0,0.0,7.417036449015093e-05,0.9999258296355099,0.0
2615,Normal,Normal,0.0,0.0,0.0,0.0,1.0,0.0,0.0
2616,PortScan,PortScan,0.0,0.0,0.0,0.0,7.417036449015093e-05,0.9999258296355099,0.0
2617,PortScan,PortScan,0.0,0.0,0.0,0.0,0.0019495741385205986,0.9980504258614795,0.0
2618,PortScan,PortScan,0.0,0.0,0.0,0.0,0.0036773019368120806,0.9963226980631882,0.0
2619,Normal,Normal,0.0,0.0,0.013393967570629623,0.0,0.9841247944283233,0.002481238001047181,0.0
2620,Botnet ARES,Botnet ARES,1.0,0.0,0.0,0.0,0.0,0.0,0.0
2621,Dos/DDos,Dos/DDos,0.0,0.0,1.0,0.0,0.0,0.0,0.0
2622,Normal,Normal,0.0,0.0,0.0,0.0,1.0,0.0,0.0
2623,Normal,Normal,0.0,0.0,0.0,0.0,1.0,0.0,0.0
2624,PortScan,PortScan,0.0,0.0,0.0,0.0,7.417036449015093e-05,0.9999258296355099,0.0
2625,Dos/DDos,Dos/DDos,0.0,0.0,0.8602673124879299,0.0,0.13722607414424937,0.0025066133678208224,0.0
2626,Normal,Normal,0.0,0.0,0.0,0.0,1.0,0.0,0.0
2627,PortScan,PortScan,0.0,0.0,0.0,0.0,0.0017892038873217873,0.9982107961126782,0.0
2628,Dos/DDos,Dos/DDos,0.0,0.0,0.9807451920459858,0.00997907463380609,0.009275733320208236,0.0,0.0
2629,Dos/DDos,Dos/DDos,0.0,0.0,0.9874529732580729,0.0,0.012547026741927177,0.0,0.0
2630,Normal,Normal,0.0,0.0,0.0,0.0,1.0,0.0,0.0
2631,Normal,Normal,0.0,0.0,0.0,0.0,1.0,0.0,0.0
2632,PortScan,PortScan,0.0,0.0,0.0,0.0,7.417036449015093e-05,0.9999258296355099,0.0
2633,Dos/DDos,Dos/DDos,0.0,0.003983483972893301,0.9810733482813874,0.0,0.011383865185460695,0.0,0.0035593025602583604
2634,Normal,Normal,0.0,0.0,0.0,0.0,1.0,0.0,0.0
2635,Brute Force,Brute Force,0.0,1.0,0.0,0.0,0.0,0.0,0.0
2636,Brute Force,Brute Force,0.0,1.0,0.0,0.0,0.0,0.0,0.0
2637,Brute Force,Brute Force,0.0,0.999975398192537,0.0,0.0,2.4601807462940075e-05,0.0,0.0
2638,Normal,Normal,0.0,0.0,0.01750831922470664,0.029920411505389453,0.952571269269904,0.0,0.0
2639,Dos/DDos,Dos/DDos,0.0,0.0,1.0,0.0,0.0,0.0,0.0
2640,Normal,Normal,0.0,0.0,0.0,0.0,1.0,0.0,0.0
2641,Dos/DDos,Dos/DDos,0.0,0.0,0.99,0.0,0.01,0.0,0.0
2642,Normal,Normal,0.0,0.0,0.0,0.0,1.0,0.0,0.0
2643,Web Attack,Web Attack,0.0,0.0,1.4083720890171383e-05,0.0,0.0014186302283242169,6.30767990631958e-05,0.9985042092517221
2644,Normal,Normal,0.0,0.0,0.0,0.0,1.0,0.0,0.0
2645,Normal,Normal,0.0,0.0,0.005017433751743374,0.0,0.9887243123964592,0.0,0.006258253851797505
2646,PortScan,PortScan,0.0,0.0,0.0,0.0,0.0011043365323201682,0.9988956634676798,0.0
2647,PortScan,PortScan,0.0,0.0,0.0,0.0,0.001401556619375782,0.9985984433806243,0.0
2648,Dos/DDos,Dos/DDos,0.0,0.0032753533157322563,0.49503296895888615,0.0,0.401167838224041,0.017410175466851717,0.08311366403448889
2649,Dos/DDos,Dos/DDos,0.0,0.0,1.0,0.0,0.0,0.0,0.0
2650,Normal,Normal,0.0,0.0020159491147291974,0.05629772620312882,0.0,0.941686324682142,0.0,0.0
2651,Dos/DDos,Dos/DDos,0.0,0.0,1.0,0.0,0.0,0.0,0.0
2652,Normal,Normal,0.0,0.0,0.0,0.0,1.0,0.0,0.0
2653,Brute Force,Brute Force,0.0,0.9998667055532651,0.0,0.0,0.00013329444673491696,0.0,0.0
2654,PortScan,PortScan,0.0,0.0,0.0,0.0,0.001978219536121109,0.9980217804638791,0.0
2655,PortScan,PortScan,0.0,0.0,0.0,0.0,0.0016622234901200867,0.99833777650988,0.0
2656,Dos/DDos,Dos/DDos,0.0,0.0,1.0,0.0,0.0,0.0,0.0
2657,Brute Force,Brute Force,0.0,0.9998667055532651,0.0,0.0,0.00013329444673491696,0.0,0.0
2658,Normal,Normal,0.0,0.0,0.0,0.0,0.9948770642201835,0.0,0.005122935779816515
2659,Brute Force,Brute Force,0.0,0.9606661601799914,0.0029766544270049353,0.0,0.013071659635060575,0.0,0.023285525757943223
2660,PortScan,PortScan,0.0,0.0,0.0,0.0,7.417036449015093e-05,0.9999258296355099,0.0
2661,Normal,Normal,0.0,0.01,0.03238324903229256,0.0,0.9576167509677075,0.0,0.0
2662,Normal,Normal,0.0,0.0,0.020356816542271144,0.01,0.9354758275984258,0.0,0.03416735585930285
2663,Normal,Normal,0.0,0.0,0.0,0.0,1.0,0.0,0.0
2664,Normal,Normal,0.3228450817035457,0.0,0.005052778099988401,0.0,0.672102140196466,0.0,0.0
2665,Dos/DDos,Dos/DDos,0.0,0.0,1.0,0.0,0.0,0.0,0.0
2666,Dos/DDos,Dos/DDos,0.0,0.0,0.99,0.0,0.0,0.0,0.01
2667,Dos/DDos,Dos/DDos,0.0,0.0,0.8974257868976607,0.0,0.10257421310233931,0.0,0.0
2668,Brute Force,Brute Force,0.0,0.9950221962616823,0.0,0.0,0.004977803738317757,0.0,0.0
2669,PortScan,PortScan,0.0,0.0,0.0,0.0,0.0020969330446242505,0.9979030669553759,0.0
2670,Normal,Normal,0.0,0.0,0.0,0.0,1.0,0.0,0.0
2671,Dos/DDos,Dos/DDos,0.0,0.0,1.0,0.0,0.0,0.0,0.0
2672,PortScan,PortScan,0.0,0.0,0.0,0.0,0.00010940824429178676,0.9998905917557083,0.0
2673,Brute Force,Brute Force,0.0,1.0,0.0,0.0,0.0,0.0,0.0
2674,Normal,Normal,0.0,0.051028210007149626,0.0029439974316081796,0.0,0.870928372745378,0.0,0.07509941981586413
2675,Botnet ARES,Botnet ARES,0.9945652196633213,0.0,0.0,0.0,0.0054347803366787415,0.0,0.0
2676,Dos/DDos,Dos/DDos,0.0,0.0,1.0,0.0,0.0,0.0,0.0
2677,PortScan,PortScan,0.0,0.0,0.0,0.0,0.0017248012932773783,0.9982751987067228,0.0
2678,Normal,Normal,0.0,0.0015872535134445894,0.0338273988917762,0.0,0.8278442735355689,0.022580044046193414,0.11416103001301689
2679,PortScan,PortScan,0.0,0.0,0.0,0.0,0.00010940824429178676,0.9998905917557083,0.0
2680,Normal,Normal,0.0,0.0,0.0,0.0,1.0,0.0,0.0
2681,Brute Force,Brute Force,0.0,1.0,0.0,0.0,0.0,0.0,0.0
2682,Dos/DDos,Dos/DDos,0.0,0.003983483972893301,0.9814985657228705,0.0,0.011066930897758263,0.0,0.0034510194064778068
2683,Dos/DDos,Dos/DDos,0.0,0.0,0.9540388126146389,0.0,0.04596118738536125,0.0,0.0
2684,Normal,Normal,0.0,0.0,0.0,0.0,1.0,0.0,0.0
2685,Normal,Normal,0.0,0.0,0.0,0.0,1.0,0.0,0.0
2686,Dos/DDos,Dos/DDos,0.0,0.003983483972893301,0.9808640465968252,0.0,0.011296132169676329,3.4417133376232516e-05,0.0038219201272286373
2687,PortScan,PortScan,0.0,0.0,0.0,0.0,0.004119931000825461,0.9958800689991747,0.0
2688,Normal,Normal,0.0,0.0,0.0,0.0,1.0,0.0,0.0
2689,Dos/DDos,Dos/DDos,0.0,0.0,1.0,0.0,0.0,0.0,0.0
2690,PortScan,PortScan,0.0,0.0,0.0,0.0,7.417036449015093e-05,0.9999258296355099,0.0
2691,Normal,Normal,0.0,0.0,0.04989643808586474,0.02984667717717829,0.8768955098936471,0.03340031624405199,0.009961058599258013
2692,Brute Force,Brute Force,0.0,0.9606661601799914,0.0029766544270049353,0.0,0.013071659635060575,0.0,0.023285525757943223
2693,Dos/DDos,Dos/DDos,0.0,0.0,1.0,0.0,0.0,0.0,0.0
2694,Normal,Normal,0.0,0.0,0.0,0.0,1.0,0.0,0.0
2695,Normal,Normal,0.0,0.024952439894960356,0.050149123477110084,0.0,0.8682126381326221,0.006685798495307531,0.05
2696,Normal,Normal,0.0,0.0,0.0,0.0,1.0,0.0,0.0
2697,Normal,Normal,0.0,0.01,0.010869613087520493,0.0,0.9681519904392539,0.0033256976095892904,0.007652698863636363
2698,PortScan,PortScan,0.03,0.0,0.05257410142818482,0.019906123999049345,0.16160350547297384,0.7359162690997922,0.0
2699,PortScan,PortScan,0.0,0.0,0.0,0.0,0.0035049851002136325,0.9964950148997866,0.0
2700,Dos/DDos,Dos/DDos,0.0,0.003983483972893301,0.9798816115588964,0.0,0.012874207505941268,3.4417133376232516e-05,0.003226279828892521
2701,PortScan,PortScan,0.0,0.0,0.0,0.0,7.417036449015093e-05,0.9999258296355099,0.0
2702,Normal,Normal,0.0,0.0,0.0,0.0,1.0,0.0,0.0
2703,Brute Force,Brute Force,0.0,0.966727187630533,0.0029766544270049353,0.0,0.011254272568067127,0.0,0.019041885374395086
2704,PortScan,PortScan,0.0,0.0,0.0,0.0,0.0038908235566433953,0.9961091764433568,0.0
2705,PortScan,PortScan,0.0,0.0,0.0,0.0,7.417036449015093e-05,0.9999258296355099,0.0
2706,PortScan,PortScan,0.0,0.0,0.0,0.0,0.00010940824429178676,0.9998905917557083,0.0
2707,Dos/DDos,Dos/DDos,0.0,0.003983483972893301,0.9808640465968252,0.0,0.011296132169676329,3.4417133376232516e-05,0.0038219201272286373
2708,PortScan,PortScan,0.0,0.0,0.0,0.0,7.417036449015093e-05,0.9999258296355099,0.0
2709,Dos/DDos,Dos/DDos,0.0,0.003983483972893301,0.9804388291553423,0.0,0.01161306645737876,3.4417133376232516e-05,0.003930203281009192
2710,Normal,Normal,0.0,0.0,0.0,0.0,1.0,0.0,0.0
2711,Dos/DDos,Dos/DDos,0.0,0.0,1.0,0.0,0.0,0.0,0.0
2712,PortScan,PortScan,0.0,0.0,0.0,0.0,0.0035119069994339674,0.9964880930005663,0.0
2713,PortScan,PortScan,0.0,0.0,0.0,0.0,0.00153553191903505,0.998464468080965,0.0
2714,PortScan,PortScan,0.0,0.0,0.0,0.0,7.417036449015093e-05,0.9999258296355099,0.0
2715,Normal,Normal,0.062449199266193973,0.0,0.0,0.0,0.9375508007338061,0.0,0.0
2716,Dos/DDos,Dos/DDos,0.0,0.0,1.0,0.0,0.0,0.0,0.0
2717,PortScan,PortScan,0.0,0.0,0.0,0.0,0.0024568433805013026,0.9975431566194989,0.0
2718,PortScan,PortScan,0.0,0.0,0.0,0.0,7.417036449015093e-05,0.9999258296355099,0.0
2719,Normal,Normal,0.0,0.0,0.0,0.0,1.0,0.0,0.0
2720,PortScan,PortScan,0.0,0.0,0.03247428213518895,0.0,0.061840033876020016,0.9056856839887908,0.0
2721,Dos/DDos,Dos/DDos,0.0,0.003983483972893301,0.9820630007614999,0.0,0.010502495859128881,0.0,0.0034510194064778068
2722,Dos/DDos,Dos/DDos,0.0,0.0,1.0,0.0,0.0,0.0,0.0
2723,Normal,Normal,0.0,0.0,0.016474717121823544,0.0,0.9658226779577713,0.0,0.01770260492040521
2724,Normal,Normal,0.0,0.0,0.0,0.0,0.9723334560176666,0.0,0.02766654398233346
2725,Dos/DDos,Dos/DDos,0.0,0.0005033863982289575,0.9925363311272143,0.0,0.005861391013123309,5.927272130805441e-05,0.0010396187401256031
2726,PortScan,PortScan,0.0,0.0,0.0,0.0,0.0018200521295441874,0.9981799478704559,0.0
2727,PortScan,PortScan,0.0,0.0,0.0,0.0,0.0010488510706976421,0.9989511489293024,0.0
2728,Dos/DDos,Dos/DDos,0.019776420255872312,0.03836914432574737,0.8466276389666634,0.0,0.09522679645171703,0.0,0.0
2729,Botnet ARES,Botnet ARES,0.999774330969387,0.0,0.0,0.0,0.00022566903061300287,0.0,0.0
2730,PortScan,PortScan,0.0,0.0,0.0,0.0,0.0013826716838337488,0.9986173283161663,0.0
2731,Dos/DDos,Dos/DDos,0.0,0.0,1.0,0.0,0.0,0.0,0.0
2732,PortScan,PortScan,0.0,0.0,0.0,0.0,7.417036449015093e-05,0.9999258296355099,0.0
2733,Normal,Normal,0.0,0.0,0.0,0.0,1.0,0.0,0.0
2734,Normal,Normal,0.0,0.0,0.0,0.0,1.0,0.0,0.0
2735,PortScan,PortScan,0.0,0.0,0.0,0.0,0.00010940824429178676,0.9998905917557083,0.0
2736,Dos/DDos,Dos/DDos,0.0,0.0,1.0,0.0,0.0,0.0,0.0
2737,Normal,Normal,0.0,0.0033917436261741256,0.0,0.0,0.9966082563738259,0.0,0.0
2738,Normal,Normal,0.0,0.0,1.4083720890171383e-05,0.0,0.5534655214030074,6.0161746208505e-05,0.4464602331298939
2739,PortScan,PortScan,0.0,0.0,0.0,0.0,0.002199916599990163,0.99780008340001,0.0
2740,Dos/DDos,Dos/DDos,0.0,0.0,1.0,0.0,0.0,0.0,0.0
2741,PortScan,PortScan,0.0,0.0,0.0,0.0,7.417036449015093e-05,0.9999258296355099,0.0
2742,Normal,Normal,0.0,0.0,0.0,0.0,1.0,0.0,0.0
2743,Dos/DDos,Dos/DDos,0.0,0.003983483972893301,0.9698752425773409,0.0,0.022271035141964955,0.0,0.003870238307800533
2744,PortScan,PortScan,0.0,0.0,0.0,0.0,7.417036449015093e-05,0.9999258296355099,0.0
2745,Dos/DDos,Dos/DDos,0.0,0.0,1.0,0.0,0.0,0.0,0.0
2746,Brute Force,Brute Force,0.0,1.0,0.0,0.0,0.0,0.0,0.0
2747,Normal,Normal,0.0,0.0,0.0,0.0,1.0,0.0,0.0
2748,Dos/DDos,Dos/DDos,0.0,0.0,1.0,0.0,0.0,0.0,0.0
2749,PortScan,PortScan,0.0,0.0,0.0,0.0,0.0019495741385205986,0.9980504258614795,0.0
2750,Normal,Normal,0.0,0.0,0.013267280018872375,0.0,0.9767327199811277,0.0,0.01
2751,Dos/DDos,Dos/DDos,0.0,0.0,0.6983650793147425,0.0,0.30163492068525755,0.0,0.0
2752,Dos/DDos,Dos/DDos,0.0,0.0,1.0,0.0,0.0,0.0,0.0
2753,Normal,Normal,0.0,0.0,0.0,0.0,1.0,0.0,0.0
2754,Dos/DDos,Dos/DDos,0.0,0.0,1.0,0.0,0.0,0.0,0.0
2755,Normal,Normal,0.0,0.010947151868995262,0.003078639010419189,0.0,0.9194458148576078,0.0,0.0665283942629777
2756,PortScan,PortScan,0.0,0.0,0.0,0.0,7.417036449015093e-05,0.9999258296355099,0.0
2757,PortScan,PortScan,0.0,0.0,0.0,0.0,0.0010488510706976421,0.9989511489293024,0.0
2758,PortScan,PortScan,0.0,0.0,0.0,0.0,0.0017248012932773783,0.9982751987067228,0.0
2759,Dos/DDos,Dos/DDos,0.0,0.0,1.0,0.0,0.0,0.0,0.0
2760,PortScan,PortScan,0.0,0.0,0.0,0.0,0.002643876133466521,0.9973561238665336,0.0
2761,Normal,Normal,0.0,0.0,0.0,0.0,1.0,0.0,0.0
2762,Brute Force,Brute Force,0.0,1.0,0.0,0.0,0.0,0.0,0.0
2763,PortScan,PortScan,0.0,0.0,0.0,0.0,0.001509970432581729,0.9984900295674183,0.0
2764,Dos/DDos,Dos/DDos,0.0,0.011249263126876215,0.8295180562991594,0.0,0.08188823756080112,0.002557572939844682,0.07478687007331856
2765,PortScan,PortScan,0.0,0.0,0.0,0.0,7.417036449015093e-05,0.9999258296355099,0.0
2766,Brute Force,Brute Force,0.0,1.0,0.0,0.0,0.0,0.0,0.0
2767,PortScan,PortScan,0.0,0.0,0.0,0.0,0.00153553191903505,0.998464468080965,0.0
2768,Normal,Normal,0.0,0.0,0.0,0.0,1.0,0.0,0.0
2769,PortScan,PortScan,0.0,0.0,0.0,0.0,0.002229162826075262,0.9977708371739249,0.0
2770,Dos/DDos,Dos/DDos,0.0,0.0007443191035267758,0.9869302150186618,0.0,0.008293693213609463,0.00012124242513444596,0.003910530239067575
2771,PortScan,PortScan,0.0,0.0,0.0,0.0,0.0016003478380821065,0.998399652161918,0.0
2772,Normal,Normal,0.0,0.0,0.0,0.0,1.0,0.0,0.0
2773,Normal,Normal,0.0,0.0,0.0,0.0,1.0,0.0,0.0
2774,Dos/DDos,Dos/DDos,0.0,0.0,1.0,0.0,0.0,0.0,0.0
2775,Brute Force,Brute Force,0.0,1.0,0.0,0.0,0.0,0.0,0.0
2776,Dos/DDos,Dos/DDos,0.0,0.003983483972893301,0.9808712640390088,0.0,0.011992838179609453,3.4417133376232516e-05,0.003117996675111967
2777,Dos/DDos,Dos/DDos,0.0,0.0,0.970144344764485,0.0,0.02985565523551505,0.0,0.0
2778,Normal,Normal,0.0,0.0,0.0,0.0,1.0,0.0,0.0
2779,Brute Force,Brute Force,0.0,1.0,0.0,0.0,0.0,0.0,0.0
2780,Dos/DDos,Dos/DDos,0.0,0.003983483972893301,0.9742596206757936,0.0,0.018117923195145894,0.000752478807385043,0.002886493348782002
2781,Normal,Normal,0.009154743561523222,0.005978234929120328,0.3869752047983301,0.0,0.5828326451133933,0.015059171597633134,0.0
2782,Dos/DDos,Dos/DDos,0.0,0.0,1.0,0.0,0.0,0.0,0.0
2783,Normal,Normal,0.0,0.0,0.0,0.0,1.0,0.0,0.0
2784,PortScan,PortScan,0.0,0.0,0.0,0.0,0.0006820537407787308,0.9993179462592212,0.0
2785,Normal,Normal,0.0,0.0,0.0,0.0,1.0,0.0,0.0
2786,PortScan,PortScan,0.0,0.0,0.0,0.0,0.002058003582222666,0.9979419964177775,0.0
2787,Normal,Normal,0.0,0.0,0.0,0.0,1.0,0.0,0.0
2788,PortScan,PortScan,0.0,0.0,0.0,0.0,0.00153553191903505,0.998464468080965,0.0
2789,Normal,Normal,0.0,0.0,0.01,0.0,0.99,0.0,0.0
2790,Dos/DDos,Dos/DDos,0.0,0.0,0.9701024474584036,0.00996,0.019937552541596588,0.0,0.0
2791,Dos/DDos,Dos/DDos,0.0,0.0,1.0,0.0,0.0,0.0,0.0
2792,Normal,Normal,0.0,0.0,0.030137641001718212,0.03972993871941429,0.9023612706042472,0.0,0.02777114967462039
2793,Normal,Normal,0.03161799224917344,0.006650624854459365,0.03171904632736851,0.0,0.7280687148149653,0.03,0.17194362175403335
2794,Normal,Normal,0.0,0.0,0.0,0.0,1.0,0.0,0.0
2795,Dos/DDos,Dos/DDos,0.0,0.0,0.9729748301413947,0.0,0.027025169858605275,0.0,0.0
2796,Dos/DDos,Dos/DDos,0.0,0.0,0.9891326696846587,0.0,0.010867330315341326,0.0,0.0
2797,PortScan,PortScan,0.0,0.0,0.0,0.0,0.001063112812623945,0.998936887187376,0.0
2798,PortScan,PortScan,0.0,0.0,0.0,0.0,0.00010940824429178676,0.9998905917557083,0.0
2799,Dos/DDos,Dos/DDos,0.0,0.0,0.8142636141768803,0.0,0.18573638582311983,0.0,0.0
2800,PortScan,PortScan,0.0,0.0,0.0,0.0,0.002199916599990163,0.99780008340001,0.0
2801,PortScan,PortScan,0.01,0.0,0.022107301835648206,0.009952885747938752,0.05404613791475582,0.9038936745016573,0.0
2802,PortScan,PortScan,0.0,0.0,0.0,0.0,7.417036449015093e-05,0.9999258296355099,0.0
2803,Normal,Normal,0.0,0.0,0.0,0.0,1.0,0.0,0.0
2804,PortScan,PortScan,0.0,0.0,0.0,0.0,0.0014028033590947247,0.9985971966409053,0.0
2805,Dos/DDos,Dos/DDos,0.0,0.003983483972893301,0.980911243117627,0.0,0.011466300753312581,0.000752478807385043,0.002886493348782002
2806,PortScan,PortScan,0.0,0.0,0.0,0.0,7.417036449015093e-05,0.9999258296355099,0.0
2807,Dos/DDos,Dos/DDos,0.0,0.0,1.0,0.0,0.0,0.0,0.0
2808,PortScan,PortScan,0.0,0.0,0.0,0.0,7.417036449015093e-05,0.9999258296355099,0.0
2809,Dos/DDos,Dos/DDos,0.0,0.0,1.0,0.0,0.0,0.0,0.0
2810,PortScan,PortScan,0.0,0.0,0.0,0.0,0.00010940824429178676,0.9998905917557083,0.0
2811,Web Attack,Web Attack,0.0,0.0,1.4083720890171383e-05,0.0,0.0013977305287910119,6.30767990631958e-05,0.9985251089512555
2812,Brute Force,Brute Force,0.0,1.0,0.0,0.0,0.0,0.0,0.0
2813,Dos/DDos,Dos/DDos,0.0,0.003983483972893301,0.9802364392175655,0.0,0.012241229161827365,3.4417133376232516e-05,0.003504430514337296
2814,Normal,Normal,0.0,0.0,0.0,0.0,1.0,0.0,0.0
2815,Normal,Normal,0.0,0.0,0.0,0.0,1.0,0.0,0.0
2816,PortScan,PortScan,0.0,0.0,0.0,0.0,0.0009462356229440059,0.999053764377056,0.0
2817,Dos/DDos,Dos/DDos,0.0,0.0,0.9124709980657897,0.0,0.08752900193421045,0.0,0.0
2818,Dos/DDos,Dos/DDos,0.0,0.0,1.0,0.0,0.0,0.0,0.0
2819,PortScan,PortScan,0.0,0.0,0.0,0.0,0.00010940824429178676,0.9998905917557083,0.0
2820,PortScan,PortScan,0.0,0.0,0.0,0.0,5.9790855037425386e-05,0.9999402091449626,0.0
2821,Normal,Normal,0.02,0.0,0.004950553331763598,0.009894664529425234,0.9580604749468853,0.00709430719192599,0.0
2822,Normal,Normal,0.0,0.0,0.0,0.0,1.0,0.0,0.0
2823,PortScan,PortScan,0.0,0.0,0.0,0.0,0.00010940824429178676,0.9998905917557083,0.0
2824,Normal,Normal,0.0,0.0,0.0,0.0,0.9903421296094436,0.009657870390556354,0.0
2825,PortScan,PortScan,0.0,0.0,0.0,0.0,7.417036449015093e-05,0.9999258296355099,0.0
2826,Botnet ARES,Botnet ARES,0.999774330969387,0.0,0.0,0.0,0.00022566903061300287,0.0,0.0
2827,PortScan,PortScan,0.0,0.0,0.0,0.0,7.417036449015093e-05,0.9999258296355099,0.0
2828,Dos/DDos,Dos/DDos,0.0,0.0,1.0,0.0,0.0,0.0,0.0
2829,Normal,Normal,0.0,0.0,0.0,0.0,1.0,0.0,0.0
2830,Normal,Normal,0.0,0.010461456243337023,0.026975088646236756,0.0,0.9537631564488258,3.4417133376232516e-05,0.00876588152822426
2831,Dos/DDos,Dos/DDos,0.0,0.0,1.0,0.0,0.0,0.0,0.0
2832,PortScan,PortScan,0.0,0.0,0.0,0.0,0.0027104243682456457,0.9972895756317546,0.0
2833,Normal,Normal,0.0,0.0,0.0,0.0,1.0,0.0,0.0
2834,Normal,Normal,0.0,0.0,0.0,0.0,1.0,0.0,0.0
2835,Normal,Normal,0.0,0.0,0.0,0.0,1.0,0.0,0.0
2836,Dos/DDos,Dos/DDos,0.0,0.0,1.0,0.0,0.0,0.0,0.0
2837,Brute Force,Brute Force,0.0,0.999975398192537,0.0,0.0,2.4601807462940075e-05,0.0,0.0
2838,Normal,Normal,0.0,0.0,0.0,0.0,1.0,0.0,0.0
2839,Brute Force,Brute Force,0.0,0.999975398192537,0.0,0.0,2.4601807462940075e-05,0.0,0.0
2840,Normal,Normal,0.0,0.0,0.0,0.0,1.0,0.0,0.0
2841,Dos/DDos,Dos/DDos,0.0,0.003983483972893301,0.9809234124225489,0.0,0.01130969128478312,0.0,0.0037834123197744807
2842,PortScan,PortScan,0.0,0.0,0.0,0.0,7.417036449015093e-05,0.9999258296355099,0.0
2843,Normal,Normal,0.0,0.005044070983664356,0.05359821346516665,0.13944771796279923,0.7810211264516218,0.0,0.02088887113674807
2844,Dos/DDos,Dos/DDos,0.0,0.0,1.0,0.0,0.0,0.0,0.0
2845,Dos/DDos,Dos/DDos,0.0,0.0,1.0,0.0,0.0,0.0,0.0
2846,PortScan,PortScan,0.0,0.0,0.0,0.0,0.00010940824429178676,0.9998905917557083,0.0
2847,Normal,Normal,0.0,0.0,0.0,0.0,1.0,0.0,0.0
2848,Dos/DDos,Dos/DDos,0.0,0.0,0.9966953259340317,0.0,0.0,0.0033046740659684226,0.0
2849,Normal,Normal,0.0,0.010548821427988747,0.0,0.0,0.9217619500421713,0.003865075858005597,0.06382415267183428
2850,Normal,Normal,0.0039074550128534715,0.018716341196257657,0.001965569428679531,0.0,0.9486423247185428,0.02676830964366656,0.0
2851,Dos/DDos,Dos/DDos,0.0,0.0,1.0,0.0,0.0,0.0,0.0
2852,Dos/DDos,Dos/DDos,0.0,0.0,1.0,0.0,0.0,0.0,0.0
2853,Brute Force,Brute Force,0.0,0.999975398192537,0.0,0.0,2.4601807462940075e-05,0.0,0.0
2854,PortScan,PortScan,0.0,0.0,0.0,0.0,7.417036449015093e-05,0.9999258296355099,0.0
2855,Dos/DDos,Dos/DDos,0.0,0.0,0.9815491500205902,0.0,0.018450849979409868,0.0,0.0
2856,Brute Force,Brute Force,0.0,0.9998667055532651,0.0,0.0,0.00013329444673491696,0.0,0.0
2857,PortScan,PortScan,0.0,0.0,0.0,0.0,7.417036449015093e-05,0.9999258296355099,0.0
2858,Dos/DDos,Dos/DDos,0.0,0.0,1.0,0.0,0.0,0.0,0.0
2859,Web Attack,Web Attack,0.0,0.0,1.4083720890171383e-05,0.0,0.0014186302283242169,6.30767990631958e-05,0.9985042092517221
2860,PortScan,PortScan,0.0,0.0,0.0,0.0,0.00010940824429178676,0.9998905917557083,0.0
2861,Normal,Normal,0.0,0.0,0.2241448486933181,0.0,0.7758551513066818,0.0,0.0
2862,PortScan,PortScan,0.0,0.0,0.0,0.0,0.0012545663175091539,0.9987454336824909,0.0
2863,Normal,Normal,0.0,0.005051158414677173,0.0,0.0,0.9949488415853227,0.0,0.0
2864,Dos/DDos,Dos/DDos,0.0,0.0,0.8446873454289013,0.0,0.15531265457109858,0.0,0.0
2865,PortScan,PortScan,0.0,0.0,0.0,0.0,0.0016003478380821065,0.998399652161918,0.0
2866,Normal,Normal,0.08915474356152324,0.00386949853604127,0.028297012441556385,0.0,0.8692871697403267,0.009391575720552478,0.0
2867,Normal,Normal,0.0,0.0,0.0,0.0,1.0,0.0,0.0
2868,Normal,Normal,0.0,0.0,0.0,0.0,1.0,0.0,0.0
2869,Dos/DDos,Dos/DDos,0.0,0.003983483972893301,0.9798816115588964,0.0,0.012874207505941268,3.4417133376232516e-05,0.003226279828892521
2870,Dos/DDos,Dos/DDos,0.0,0.0,1.0,0.0,0.0,0.0,0.0
2871,Dos/DDos,Dos/DDos,0.0,0.0,1.0,0.0,0.0,0.0,0.0
2872,Brute Force,Brute Force,0.0,1.0,0.0,0.0,0.0,0.0,0.0
2873,Normal,Normal,0.0,0.0,0.0,0.0,1.0,0.0,0.0
2874,Dos/DDos,Dos/DDos,0.0,0.0,1.0,0.0,0.0,0.0,0.0
2875,Dos/DDos,Dos/DDos,0.0,0.0,1.0,0.0,0.0,0.0,0.0
2876,Normal,Normal,0.0,0.0,0.0,0.0,1.0,0.0,0.0
2877,Dos/DDos,Dos/DDos,0.0,0.0,1.0,0.0,0.0,0.0,0.0
2878,Dos/DDos,Dos/DDos,0.0,0.0,0.9744501388394003,0.0,0.025549861160599673,0.0,0.0
2879,Normal,Normal,0.0,0.0,0.0,0.019910106576705427,0.9800898934232946,0.0,0.0
2880,Normal,Normal,0.0,0.0,0.0,0.0,1.0,0.0,0.0
2881,Dos/DDos,Dos/DDos,0.0,0.0,0.9638746754319544,0.0,0.028438387217319887,0.0,0.007686937350725703
2882,PortScan,PortScan,0.0,0.0,0.0,0.0,0.0012545663175091539,0.9987454336824909,0.0
2883,Brute Force,Brute Force,0.0,0.999975398192537,0.0,0.0,2.4601807462940075e-05,0.0,0.0
2884,Dos/DDos,Dos/DDos,0.0,0.0,1.0,0.0,0.0,0.0,0.0
2885,Brute Force,Brute Force,0.0,1.0,0.0,0.0,0.0,0.0,0.0
2886,Dos/DDos,Dos/DDos,0.0,0.0,1.0,0.0,0.0,0.0,0.0
2887,Normal,Normal,0.0,0.0,0.0,0.0,1.0,0.0,0.0
2888,Normal,Normal,0.0,0.03498825187969925,0.01,0.0,0.9550117481203008,0.0,0.0
2889,Dos/DDos,Dos/DDos,0.0,0.0,1.0,0.0,0.0,0.0,0.0
2890,Dos/DDos,Dos/DDos,0.0,0.003983483972893301,0.9804388291553423,0.0,0.01161306645737876,3.4417133376232516e-05,0.003930203281009192
2891,Brute Force,Brute Force,0.0,1.0,0.0,0.0,0.0,0.0,0.0
2892,PortScan,PortScan,0.0,0.0,0.0,0.0,0.0013708639541191328,0.998629136045881,0.0
2893,Dos/DDos,Dos/DDos,0.0,0.003983483972893301,0.9798112217760826,0.0,0.012558163449529798,3.4417133376232516e-05,0.00361271366811785
2894,PortScan,PortScan,0.0,0.0,0.0,0.0,0.0018200521295441874,0.9981799478704559,0.0
2895,PortScan,PortScan,0.0,0.0,0.0,0.0,0.002643876133466521,0.9973561238665336,0.0
2896,Brute Force,Brute Force,0.0,1.0,0.0,0.0,0.0,0.0,0.0
2897,Normal,Normal,0.0,0.012540789784819106,0.008360355186166452,0.0,0.9344331646379238,0.04466569039109047,0.0
2898,Normal,Normal,0.0,0.0,0.0,0.0,1.0,0.0,0.0
2899,Dos/DDos,Dos/DDos,0.0,0.0,1.0,0.0,0.0,0.0,0.0
2900,Dos/DDos,Dos/DDos,0.0,0.0,0.8150875163943954,0.0,0.18491248360560456,0.0,0.0
2901,PortScan,PortScan,0.0,0.0,0.0,0.0,0.003522005643906805,0.9964779943560934,0.0
2902,Dos/DDos,Dos/DDos,0.0,0.003983483972893301,0.9798112217760826,0.0,0.012558163449529798,3.4417133376232516e-05,0.00361271366811785
2903,PortScan,PortScan,0.0,0.0,0.0,0.0,0.009811533886513533,0.9901884661134867,0.0
2904,Dos/DDos,Dos/DDos,0.0,0.0,0.9899486600690937,0.0,0.010051339930906384,0.0,0.0
2905,PortScan,PortScan,0.0,0.0,0.0,0.0,0.0024075555955108685,0.9975924444044892,0.0
2906,Dos/DDos,Dos/DDos,0.0,0.0,1.0,0.0,0.0,0.0,0.0
2907,Dos/DDos,Dos/DDos,0.0,0.003983483972893301,0.9808640465968252,0.0,0.011296132169676329,3.4417133376232516e-05,0.0038219201272286373
2908,Normal,Normal,0.0,0.051028210007149626,0.0029439974316081796,0.0,0.8875599013647971,0.0,0.0584678911964451
2909,Dos/DDos,Dos/DDos,0.0,0.0,0.9263304987159102,0.0,0.07366950128408975,0.0,0.0
2910,PortScan,PortScan,0.0,0.0,0.0,0.0,0.0014028033590947247,0.9985971966409053,0.0
2911,Brute Force,Brute Force,0.0,1.0,0.0,0.0,0.0,0.0,0.0
2912,PortScan,PortScan,0.0,0.0,0.0,0.0,0.00010940824429178676,0.9998905917557083,0.0
2913,PortScan,PortScan,0.0,0.0,0.0,0.0,7.417036449015093e-05,0.9999258296355099,0.0
2914,PortScan,PortScan,0.0,0.0,0.0,0.0,7.417036449015093e-05,0.9999258296355099,0.0
2915,PortScan,PortScan,0.0,0.0,0.0,0.0,0.0014028033590947247,0.9985971966409053,0.0
2916,Dos/DDos,Dos/DDos,0.0,0.0,0.9425350072221131,0.0,0.05746499277788661,0.0,0.0
2917,PortScan,PortScan,0.0,0.0,0.0,0.0,0.00010940824429178676,0.9998905917557083,0.0
2918,Dos/DDos,Dos/DDos,0.0,0.0,0.9138215441199903,0.0,0.0861784558800096,0.0,0.0
2919,PortScan,PortScan,0.0,0.0,0.0,0.00997197571228398,0.02251874511343205,0.9675092791742839,0.0
2920,Dos/DDos,Dos/DDos,0.0,0.0,0.9113545401932379,0.0,0.07864545980676213,0.0,0.01
2921,PortScan,PortScan,0.0,0.0,0.0,0.0,0.0019995985977301666,0.99800040140227,0.0
2922,Dos/DDos,Dos/DDos,0.0,0.003983483972893301,0.9803068290003795,0.0,0.012557273218238836,3.4417133376232516e-05,0.003117996675111967
2923,Normal,Normal,0.007885006470696987,0.0,0.0,0.009978138303992636,0.9685349013793256,0.004961786481967996,0.008640167364016736
2924,Normal,Normal,0.0,0.0,0.01,0.0,0.99,0.0,0.0
2925,PortScan,PortScan,0.0,0.0,0.0,0.0,0.00010940824429178676,0.9998905917557083,0.0
2926,Normal,Normal,0.0,0.0631371598410599,0.0029439974316081796,0.0,0.8340372032637005,0.0,0.09988163946363138
2927,PortScan,PortScan,0.0,0.0,0.0,0.0,7.417036449015093e-05,0.9999258296355099,0.0
2928,PortScan,PortScan,0.0,0.0,0.0,0.0,7.417036449015093e-05,0.9999258296355099,0.0
2929,Normal,Normal,0.0,0.0,0.0,0.0,1.0,0.0,0.0
2930,PortScan,PortScan,0.0,0.0,0.0,0.0,0.002229162826075262,0.9977708371739249,0.0
2931,PortScan,PortScan,0.0,0.0,0.0,0.0,0.0014028033590947247,0.9985971966409053,0.0
2932,Normal,Normal,0.0,0.0,5.669887801231044e-06,0.0,0.861061190680674,3.222642711607088e-05,0.1389009130044087
2933,PortScan,PortScan,0.0,0.0,0.0,0.0,0.00010940824429178676,0.9998905917557083,0.0
2934,Dos/DDos,Dos/DDos,0.0,0.0,1.0,0.0,0.0,0.0,0.0
2935,Brute Force,Brute Force,0.0,0.999975398192537,0.0,0.0,2.4601807462940075e-05,0.0,0.0
2936,Dos/DDos,Dos/DDos,0.0,0.0,1.0,0.0,0.0,0.0,0.0
2937,Dos/DDos,Dos/DDos,0.0,0.003983483972893301,0.9811533694882654,0.0,0.010917410139357287,0.0,0.00394573639948369
2938,PortScan,PortScan,0.0,0.0,0.0,0.0,0.0013826716838337488,0.9986173283161663,0.0
2939,Dos/DDos,Dos/DDos,0.0,0.0,1.0,0.0,0.0,0.0,0.0
2940,Dos/DDos,Dos/DDos,0.0,0.005958065522999908,0.828423729363651,0.0,0.10418143156989962,0.00024068119919666296,0.06119609234425256
2941,Normal,Normal,0.0,0.0,0.0,0.0,1.0,0.0,0.0
2942,Dos/DDos,Dos/DDos,0.0,0.0,1.0,0.0,0.0,0.0,0.0
2943,Normal,Normal,0.016571604747957453,0.0,0.07238722640029244,0.0,0.891481936041023,0.019559232810727006,0.0
2944,Normal,Normal,0.0,0.0,0.0,0.0,1.0,0.0,0.0
2945,Brute Force,Brute Force,0.0,1.0,0.0,0.0,0.0,0.0,0.0
2946,PortScan,PortScan,0.0,0.0,0.0,0.0,0.004119931000825461,0.9958800689991747,0.0
2947,Botnet ARES,Botnet ARES,0.999774330969387,0.0,0.0,0.0,0.00022566903061300287,0.0,0.0
2948,PortScan,PortScan,0.0,0.0,0.0,0.0,0.0013708639541191328,0.998629136045881,0.0
2949,PortScan,PortScan,0.0,0.0,0.0,0.0,7.417036449015093e-05,0.9999258296355099,0.0
2950,Normal,Normal,0.01,0.0,0.0,0.0,0.99,0.0,0.0
2951,Normal,Normal,0.0,0.013365585171873766,0.027477230787546877,0.0,0.9241043150923868,0.0,0.035052868948192456
2952,Brute Force,Brute Force,0.0,0.999975398192537,0.0,0.0,2.4601807462940075e-05,0.0,0.0
2953,PortScan,PortScan,0.0,0.0,0.0,0.0,0.0033005058274889194,0.9966994941725111,0.0
2954,Dos/DDos,Dos/DDos,0.0,0.0,0.8166977919923764,0.0,0.1833022080076235,0.0,0.0
2955,Normal,Normal,0.0,0.0,0.0,0.0,1.0,0.0,0.0
2956,Dos/DDos,Dos/DDos,0.0,0.0,1.0,0.0,0.0,0.0,0.0
2957,PortScan,PortScan,0.0,0.0,0.0,0.0,0.0035049851002136325,0.9964950148997866,0.0
2958,Dos/DDos,Dos/DDos,0.0,0.0,0.98,0.0,0.02,0.0,0.0
2959,Dos/DDos,Dos/DDos,0.0,0.0,0.9949114219114219,0.0,0.005088578088578088,0.0,0.0
2960,Normal,Normal,0.0,0.0,0.0,0.0,1.0,0.0,0.0
2961,Normal,Normal,0.0,0.0,0.0,0.0,1.0,0.0,0.0
2962,Botnet ARES,Botnet ARES,0.9921174621840734,0.0,0.0,0.0,0.00788253781592632,0.0,0.0
2963,Brute Force,Brute Force,0.0,0.9525098629501096,0.0029766544270049353,0.0,0.014263692656602543,0.0,0.03024978996628299
2964,PortScan,PortScan,0.0,0.0,0.0,0.0,0.002398656397563298,0.9976013436024368,0.0
2965,PortScan,PortScan,0.0,0.0,0.0,0.0,0.002199916599990163,0.99780008340001,0.0
2966,Normal,Normal,0.0,0.0,0.0,0.0,1.0,0.0,0.0
2967,Normal,Normal,0.0,0.0,0.0,0.0,1.0,0.0,0.0
2968,Dos/DDos,Dos/DDos,0.0,0.0,1.0,0.0,0.0,0.0,0.0
2969,Dos/DDos,Dos/DDos,0.0,0.0,0.8751724590751515,0.0,0.12482754092484838,0.0,0.0
2970,Normal,Normal,0.0,0.0,0.0,0.0,1.0,0.0,0.0
2971,Dos/DDos,Dos/DDos,0.0,0.003983483972893301,0.9814281759400566,0.0,0.010750886841346795,0.0,0.0038374532457031356
2972,Normal,Normal,0.0,0.0,0.0,0.0,1.0,0.0,0.0
2973,PortScan,PortScan,0.0,0.0,0.0,0.0,7.417036449015093e-05,0.9999258296355099,0.0
2974,Normal,Normal,0.0739623529626383,0.0,0.0,0.0,0.9260376470373618,0.0,0.0
2975,Brute Force,Brute Force,0.0,0.962706150113201,0.0029766544270049353,0.0,0.01276546330221945,0.0,0.021551732157574756
2976,PortScan,PortScan,0.0,0.0,0.0,0.0,0.002398517915991191,0.9976014820840088,0.0
2977,PortScan,PortScan,0.0,0.0,0.0,0.0,7.417036449015093e-05,0.9999258296355099,0.0
2978,PortScan,PortScan,0.0,0.0,0.0,0.0,0.0018448909821727564,0.9981551090178273,0.0
2979,Normal,Normal,0.0,0.0,0.0,0.0,1.0,0.0,0.0
2980,Normal,Normal,0.0,0.0,0.0,0.0,1.0,0.0,0.0
2981,PortScan,PortScan,0.0,0.0,0.0,0.0,0.00010940824429178676,0.9998905917557083,0.0
2982,Normal,Normal,0.0,0.0,0.0,0.0,1.0,0.0,0.0
2983,Normal,Normal,0.0,0.0,0.0,0.0,1.0,0.0,0.0
2984,Dos/DDos,Dos/DDos,0.0,0.0,1.0,0.0,0.0,0.0,0.0
2985,Normal,Normal,0.0,0.0,0.0,0.0,1.0,0.0,0.0
2986,Dos/DDos,Dos/DDos,0.0,0.0,1.0,0.0,0.0,0.0,0.0
2987,PortScan,PortScan,0.0,0.0,0.0,0.0,0.0019495741385205986,0.9980504258614795,0.0
2988,Normal,Normal,0.0,0.0,0.0,0.0,1.0,0.0,0.0
2989,Normal,Normal,0.0,0.0,0.0,0.0,1.0,0.0,0.0
2990,Dos/DDos,Dos/DDos,0.0,0.0,1.0,0.0,0.0,0.0,0.0
2991,PortScan,PortScan,0.0,0.0,0.0,0.0,0.001978219536121109,0.9980217804638791,0.0
2992,PortScan,PortScan,0.0,0.0,0.0,0.0,7.417036449015093e-05,0.9999258296355099,0.0
2993,PortScan,PortScan,0.0,0.0,0.0,0.0,0.00010940824429178676,0.9998905917557083,0.0
2994,Normal,Normal,0.0,0.0,0.0,0.0,1.0,0.0,0.0
2995,PortScan,PortScan,0.0,0.0,0.0,0.0,0.002199916599990163,0.99780008340001,0.0
2996,Normal,Normal,0.0,0.0,0.0,0.0,1.0,0.0,0.0
2997,Dos/DDos,Dos/DDos,0.0,0.0,1.0,0.0,0.0,0.0,0.0
2998,Normal,Normal,0.27843404726189414,0.0,0.0,0.0,0.721565952738106,0.0,0.0
2999,Brute Force,Brute Force,0.0,0.999975398192537,0.0,0.0,2.4601807462940075e-05,0.0,0.0
3000,PortScan,PortScan,0.0,0.0,0.0,0.0,0.00010940824429178676,0.9998905917557083,0.0
3001,Normal,Normal,0.0,0.0,0.0,0.0,0.9916518237435143,0.008348176256485712,0.0
3002,Normal,Normal,0.0,0.04098637249979869,0.01,0.0,0.9423933041384893,0.006620323361712099,0.0
3003,PortScan,PortScan,0.0,0.0,0.0,0.0,0.00010940824429178676,0.9998905917557083,0.0
3004,PortScan,PortScan,0.0,0.0,0.0,0.0,7.417036449015093e-05,0.9999258296355099,0.0
3005,PortScan,PortScan,0.0,0.0,0.0,0.0,0.002643876133466521,0.9973561238665336,0.0
3006,PortScan,PortScan,0.0,0.0,0.0,0.0,0.00153553191903505,0.998464468080965,0.0
3007,Normal,Brute Force,0.05,0.54405783435,0.034413928904549695,0.019922703176435734,0.3433955235929502,0.008210009976064291,0.0
3008,Normal,Normal,0.0,0.0,0.0,0.0,1.0,0.0,0.0
3009,Brute Force,Brute Force,0.0,1.0,0.0,0.0,0.0,0.0,0.0
3010,Normal,Normal,0.0,0.04947947701114185,0.003078639010419189,0.0,0.880127720432062,0.0,0.06731416354637693
3011,Dos/DDos,Dos/DDos,0.0,0.0,1.0,0.0,0.0,0.0,0.0
3012,Dos/DDos,Dos/DDos,0.0,0.0007443191035267758,0.9869302150186618,0.0,0.008293693213609463,0.00012124242513444596,0.003910530239067575
3013,Normal,Normal,0.0,0.0,0.1257620433087083,0.0,0.7788952287004192,0.028456607114278384,0.06688612087659421
3014,Brute Force,Brute Force,0.0,1.0,0.0,0.0,0.0,0.0,0.0
3015,Dos/DDos,Dos/DDos,0.0,0.0005033863982289575,0.968113538005718,0.0,0.030284184134619627,5.927272130805441e-05,0.0010396187401256031
3016,Normal,Normal,0.0,0.006714846818538884,0.017459168411606343,0.0,0.9758259847698548,0.0,0.0
3017,Normal,Normal,0.0,0.0,0.0049690817874227045,0.0,0.9950309182125773,0.0,0.0
3018,Normal,Normal,0.0,0.0,0.00502598016060463,0.0,0.9949740198393954,0.0,0.0
3019,PortScan,PortScan,0.0,0.0,0.0,0.0,7.417036449015093e-05,0.9999258296355099,0.0
3020,Brute Force,Brute Force,0.0,0.999975398192537,0.0,0.0,2.4601807462940075e-05,0.0,0.0
3021,PortScan,PortScan,0.0,0.0,0.0,0.0,7.417036449015093e-05,0.9999258296355099,0.0
3022,Dos/DDos,Dos/DDos,0.0,0.0,1.0,0.0,0.0,0.0,0.0
3023,Normal,Normal,0.0010500405594745178,0.00020904546153226817,0.0,0.0,0.9987409139789931,0.0,0.0
3024,PortScan,PortScan,0.0,0.0,0.0,0.0,0.0012545663175091539,0.9987454336824909,0.0
3025,Dos/DDos,Dos/DDos,0.0,0.0,1.0,0.0,0.0,0.0,0.0
3026,Brute Force,Brute Force,0.0,0.9606661601799914,0.0029766544270049353,0.0,0.013071659635060575,0.0,0.023285525757943223
3027,Brute Force,Brute Force,0.0,1.0,0.0,0.0,0.0,0.0,0.0
3028,Dos/DDos,Dos/DDos,0.0,0.0,1.0,0.0,0.0,0.0,0.0
3029,Botnet ARES,Botnet ARES,0.9996696914371873,0.0,0.0,0.0,0.0003303085628127412,0.0,0.0
3030,Dos/DDos,Dos/DDos,0.0,0.0,1.0,0.0,0.0,0.0,0.0
3031,Botnet ARES,Botnet ARES,0.999774330969387,0.0,0.0,0.0,0.00022566903061300287,0.0,0.0
3032,Normal,Normal,0.0,0.0,0.0,0.0,1.0,0.0,0.0
3033,Dos/DDos,Dos/DDos,0.0,0.0,1.0,0.0,0.0,0.0,0.0
3034,Normal,Normal,0.0,0.0,0.0,0.0,1.0,0.0,0.0
3035,Dos/DDos,Dos/DDos,0.0,0.0,1.0,0.0,0.0,0.0,0.0
3036,PortScan,PortScan,0.0,0.0,0.0,0.0,0.001509970432581729,0.9984900295674183,0.0
3037,Brute Force,Brute Force,0.0,0.962706150113201,0.0029766544270049353,0.0,0.01276546330221945,0.0,0.021551732157574756
3038,Dos/DDos,Dos/DDos,0.0,0.003983483972893301,0.979344836301217,0.0,0.013519265917401387,3.4417133376232516e-05,0.003117996675111967
3039,Dos/DDos,Dos/DDos,0.0,0.0,1.0,0.0,0.0,0.0,0.0
3040,Brute Force,Brute Force,0.0,1.0,0.0,0.0,0.0,0.0,0.0
3041,Dos/DDos,Dos/DDos,0.0,0.0,1.0,0.0,0.0,0.0,0.0
3042,Dos/DDos,Dos/DDos,0.0,0.003983483972893301,0.9695238850888301,0.0,0.011530308789133742,3.4417133376232516e-05,0.014927905015766232
3043,Dos/DDos,Dos/DDos,0.0,0.003983483972893301,0.9810029584985736,0.0,0.011067821129049226,0.0,0.00394573639948369
3044,PortScan,PortScan,0.0,0.0,0.0,0.0,7.417036449015093e-05,0.9999258296355099,0.0
3045,Brute Force,Brute Force,0.0,0.962706150113201,0.0029766544270049353,0.0,0.01276546330221945,0.0,0.021551732157574756
3046,PortScan,PortScan,0.0,0.0,0.0,0.0,0.001866594758079979,0.9981334052419202,0.0
3047,PortScan,PortScan,0.0,0.0,0.0,0.0,7.417036449015093e-05,0.9999258296355099,0.0
3048,Normal,Normal,0.0,0.019145185945568383,0.012318337976972677,0.0,0.9229834523461219,0.0,0.045553023731337156
3049,Normal,Normal,0.0,0.0,0.0,0.0,1.0,0.0,0.0
3050,PortScan,PortScan,0.0,0.0,0.0,0.0,7.417036449015093e-05,0.9999258296355099,0.0
3051,PortScan,PortScan,0.0,0.0,0.0,0.0,0.002779715469408512,0.9972202845305916,0.0
3052,Dos/DDos,Dos/DDos,0.0,0.0,1.0,0.0,0.0,0.0,0.0
3053,Normal,Normal,0.0,0.0,0.006961383587386519,0.0,0.9830386164126135,0.01,0.0
3054,Normal,Normal,0.0,0.003353293413173653,0.0,0.0,0.9966467065868264,0.0,0.0
3055,Brute Force,Brute Force,0.0,1.0,0.0,0.0,0.0,0.0,0.0
3056,Dos/DDos,Dos/DDos,0.0,0.0,0.877549133473256,0.0,0.11721430472342456,0.0,0.005236561803319297
3057,PortScan,PortScan,0.0,0.0,0.0,0.0,0.0016420042152960868,0.998357995784704,0.0
3058,Dos/DDos,Dos/DDos,0.0,0.008010468551203461,0.7699275115577418,0.0,0.22096312842962124,5.927272130805441e-05,0.0010396187401256031
3059,Brute Force,Brute Force,0.0,1.0,0.0,0.0,0.0,0.0,0.0
3060,Dos/DDos,Dos/DDos,0.0,0.003983483972893301,0.9799616327657746,0.0,0.012407752459837858,3.4417133376232516e-05,0.00361271366811785
3061,PortScan,PortScan,0.0,0.0,0.0,0.0,7.417036449015093e-05,0.9999258296355099,0.0
3062,Botnet ARES,Botnet ARES,0.999774330969387,0.0,0.0,0.0,0.00022566903061300287,0.0,0.0
3063,PortScan,PortScan,0.0,0.0,0.0,0.0,7.417036449015093e-05,0.9999258296355099,0.0
3064,PortScan,PortScan,0.0,0.0,0.0,0.0,0.0027104243682456457,0.9972895756317546,0.0
3065,Brute Force,Brute Force,0.0,0.9998930490496046,0.0,0.0,0.00010695095039544507,0.0,0.0
3066,Normal,Normal,0.0,0.0,0.0,0.0,1.0,0.0,0.0
3067,Normal,Normal,0.0,0.0,0.0,0.0,1.0,0.0,0.0
3068,PortScan,PortScan,0.0,0.0,0.0,0.0,0.00010940824429178676,0.9998905917557083,0.0
3069,Brute Force,Brute Force,0.0,0.999975398192537,0.0,0.0,2.4601807462940075e-05,0.0,0.0
3070,PortScan,PortScan,0.0,0.0,0.0,0.0,7.417036449015093e-05,0.9999258296355099,0.0
3071,PortScan,PortScan,0.0,0.0,0.0,0.0,7.417036449015093e-05,0.9999258296355099,0.0
3072,PortScan,PortScan,0.0,0.0,0.0,0.0,7.417036449015093e-05,0.9999258296355099,0.0
3073,PortScan,PortScan,0.0,0.0,0.0,0.0,7.417036449015093e-05,0.9999258296355099,0.0
3074,Dos/DDos,Dos/DDos,0.0,0.0,0.8255542024549137,0.0,0.17444579754508646,0.0,0.0
3075,PortScan,PortScan,0.0,0.0,0.0,0.0,0.002398517915991191,0.9976014820840088,0.0
3076,PortScan,PortScan,0.0,0.0,0.0,0.0,0.00010940824429178676,0.9998905917557083,0.0
3077,Normal,Normal,0.0,0.0,0.0,0.0,1.0,0.0,0.0
3078,Brute Force,Brute Force,0.0,1.0,0.0,0.0,0.0,0.0,0.0
3079,Normal,Normal,0.0,0.0,0.012873609981014375,0.009952752185211433,0.9771736378337742,0.0,0.0
3080,PortScan,PortScan,0.0,0.0,0.0,0.0,7.417036449015093e-05,0.9999258296355099,0.0
3081,Normal,Normal,0.0,0.0,0.0,0.0,1.0,0.0,0.0
3082,PortScan,PortScan,0.0,0.0,0.0,0.0,0.0016420042152960868,0.998357995784704,0.0
3083,Dos/DDos,Dos/DDos,0.0,0.003983483972893301,0.9811515628878031,0.0,0.010763211505172714,0.0,0.004101741634130498
3084,Normal,Normal,0.0,0.0,0.0,0.0,0.9903421296094436,0.009657870390556354,0.0
3085,Dos/DDos,Dos/DDos,0.0,0.0,1.0,0.0,0.0,0.0,0.0
3086,Normal,Normal,0.0,0.0,0.0,0.0,1.0,0.0,0.0
3087,Brute Force,Brute Force,0.0,1.0,0.0,0.0,0.0,0.0,0.0
3088,Normal,Normal,0.0,0.0,0.0,0.0,1.0,0.0,0.0
3089,Dos/DDos,Dos/DDos,0.0,0.0,1.0,0.0,0.0,0.0,0.0
3090,Brute Force,Brute Force,0.0,0.9998667055532651,0.0,0.0,0.00013329444673491696,0.0,0.0
3091,PortScan,PortScan,0.0,0.0,0.0,0.0,0.001063112812623945,0.998936887187376,0.0
3092,Brute Force,Brute Force,0.0,0.962706150113201,0.0029766544270049353,0.0,0.01276546330221945,0.0,0.021551732157574756
3093,PortScan,PortScan,0.0,0.0,0.0,0.0,0.002930293391669669,0.9970697066083304,0.0
3094,PortScan,PortScan,0.0,0.0,0.0,0.0,0.0010985497219752327,0.9989014502780248,0.0
3095,PortScan,PortScan,0.0,0.0,0.0,0.0,0.002398517915991191,0.9976014820840088,0.0
3096,Normal,Normal,0.0,0.0,0.0,0.0,1.0,0.0,0.0
3097,Botnet ARES,Botnet ARES,1.0,0.0,0.0,0.0,0.0,0.0,0.0
3098,PortScan,PortScan,0.0,0.0,0.0,0.0,0.0038068239457884918,0.9961931760542118,0.0
3099,PortScan,PortScan,0.0,0.0,0.0,0.0,0.003406148951395409,0.9965938510486048,0.0
3100,Normal,Normal,0.0,0.0,0.0,0.0,1.0,0.0,0.0
3101,PortScan,PortScan,0.0,0.0,0.0,0.0,7.417036449015093e-05,0.9999258296355099,0.0
3102,PortScan,PortScan,0.0,0.0,0.0,0.0,7.417036449015093e-05,0.9999258296355099,0.0
3103,PortScan,PortScan,0.0,0.0,0.0,0.0,0.0025148155526011702,0.9974851844473989,0.0
3104,Dos/DDos,Dos/DDos,0.0,0.0,1.0,0.0,0.0,0.0,0.0
3105,Normal,Normal,0.0,0.0,0.0,0.0,1.0,0.0,0.0
3106,Normal,Normal,0.0,0.0,0.0,0.0,1.0,0.0,0.0
3107,Normal,Normal,0.0,0.0,0.0,0.0,1.0,0.0,0.0
3108,Brute Force,Brute Force,0.0,0.9522623620034456,0.0029766544270049353,0.0,0.014501835760378135,0.0,0.030259147809171466
3109,PortScan,PortScan,0.0,0.0,0.0,0.0,0.00047709407523288173,0.9995229059247671,0.0
3110,Normal,Normal,0.0,0.020275449034116457,0.01307487799736883,0.0,0.9451396437949998,0.0,0.021510029173514852
3111,Dos/DDos,Dos/DDos,0.0,0.003983483972893301,0.9772533888154254,0.0,0.011530308789133742,3.4417133376232516e-05,0.00719840128917107
3112,PortScan,PortScan,0.0,0.0,0.0,0.0,0.0017390630352036819,0.9982609369647963,0.0
3113,PortScan,PortScan,0.0,0.0,0.0,0.0,7.417036449015093e-05,0.9999258296355099,0.0
3114,PortScan,PortScan,0.0,0.0,0.0,0.0,0.000958385865128954,0.999041614134871,0.0
3115,Normal,Normal,0.0,0.0,0.0,0.0,1.0,0.0,0.0
3116,Normal,Normal,0.0,0.0,0.0,0.0,1.0,0.0,0.0
3117,Normal,Normal,0.0,0.0,0.0,0.0,1.0,0.0,0.0
3118,Brute Force,Brute Force,0.0,1.0,0.0,0.0,0.0,0.0,0.0
3119,PortScan,PortScan,0.0,0.0,0.0,0.0,7.417036449015093e-05,0.9999258296355099,0.0
3120,Normal,Normal,0.0,0.0,0.0,0.0,1.0,0.0,0.0
3121,Normal,Normal,0.0,0.0,0.0,0.0,1.0,0.0,0.0
3122,PortScan,PortScan,0.0,0.0,0.0,0.0,0.002643876133466521,0.9973561238665336,0.0
3123,Normal,Normal,0.0,0.0,0.0,0.0,1.0,0.0,0.0
3124,Brute Force,Brute Force,0.0,0.999975398192537,0.0,0.0,2.4601807462940075e-05,0.0,0.0
3125,Brute Force,Brute Force,0.0,1.0,0.0,0.0,0.0,0.0,0.0
3126,Normal,Normal,0.0,0.006707201516108655,0.0,0.009957884885353298,0.9833349135985381,0.0,0.0
3127,PortScan,PortScan,0.0,0.0,0.0,0.0,0.00010940824429178676,0.9998905917557083,0.0
3128,Dos/DDos,Dos/DDos,0.0,0.0,1.0,0.0,0.0,0.0,0.0
3129,Dos/DDos,Dos/DDos,0.0,0.0,1.0,0.0,0.0,0.0,0.0
3130,Brute Force,Brute Force,0.0,1.0,0.0,0.0,0.0,0.0,0.0
3131,Normal,Normal,0.01,0.0,0.01,0.00978883153449085,0.8884397024005249,0.0,0.08177146606498407
3132,Normal,Normal,0.007138208597362563,0.003983483972893301,0.19414365393799815,0.0,0.7922674654706726,3.4417133376232516e-05,0.0024327708876970143
3133,PortScan,PortScan,0.0,0.0,0.0,0.0,0.0014028033590947247,0.9985971966409053,0.0
3134,Dos/DDos,Dos/DDos,0.0,0.0,0.9288238463028666,0.0,0.07117615369713344,0.0,0.0
3135,Dos/DDos,Dos/DDos,0.0,0.0005642355865321211,0.9914636341199922,0.0,0.006606776893840031,0.00020505660381482473,0.0011602967958208664
3136,Dos/DDos,Dos/DDos,0.0,0.0,1.0,0.0,0.0,0.0,0.0
3137,Normal,Normal,0.0,0.0,0.22974053625792112,0.0,0.7702594637420791,0.0,0.0
3138,Dos/DDos,Dos/DDos,0.0,0.003983483972893301,0.9778175181586568,0.0,0.01098506346080421,0.0,0.007213934407645568
3139,Normal,Normal,0.0,0.0,0.01824833003623619,0.0,0.9817516699637637,0.0,0.0
3140,Dos/DDos,Dos/DDos,0.0,0.0,1.0,0.0,0.0,0.0,0.0
3141,Dos/DDos,Dos/DDos,0.0,0.0,1.0,0.0,0.0,0.0,0.0
3142,Dos/DDos,Dos/DDos,0.0,0.003983483972893301,0.9816377833200167,0.0,0.010819430146831314,0.0,0.0035593025602583604
3143,Botnet ARES,Botnet ARES,0.999774330969387,0.0,0.0,0.0,0.00022566903061300287,0.0,0.0
3144,Brute Force,Brute Force,0.0,0.9998667055532651,0.0,0.0,0.00013329444673491696,0.0,0.0
3145,Dos/DDos,Dos/DDos,0.0,0.0012694093638165097,0.7664570921582048,0.0,0.2322734984779786,0.0,0.0
3146,PortScan,PortScan,0.0,0.0,0.0,0.0,0.0012545663175091539,0.9987454336824909,0.0
3147,PortScan,PortScan,0.0,0.0,0.0,0.0,0.0036773019368120806,0.9963226980631882,0.0
3148,Botnet ARES,Botnet ARES,0.994465925907663,0.0,0.0,0.0,0.005534074092336643,0.0,0.0
3149,PortScan,PortScan,0.0,0.0,0.0,0.0,0.005066156674200544,0.9949338433257995,0.0
3150,PortScan,PortScan,0.0,0.0,0.0,0.0,0.00010940824429178676,0.9998905917557083,0.0
3151,PortScan,PortScan,0.0,0.0,0.0,0.0,0.0016622234901200867,0.99833777650988,0.0
3152,Brute Force,Brute Force,0.0,0.9606661601799914,0.0029766544270049353,0.0,0.013071659635060575,0.0,0.023285525757943223
3153,PortScan,PortScan,0.0,0.0,0.0,0.0,7.417036449015093e-05,0.9999258296355099,0.0
3154,Normal,Normal,0.0,0.0,0.007512928728526423,0.0,0.9924870712714735,0.0,0.0
3155,Dos/DDos,Dos/DDos,0.0,0.003983483972893301,0.9798816115588964,0.0,0.012874207505941268,3.4417133376232516e-05,0.003226279828892521
3156,PortScan,PortScan,0.0,0.0,0.0,0.0,7.417036449015093e-05,0.9999258296355099,0.0
3157,Normal,Normal,0.0,0.0,0.0,0.0,1.0,0.0,0.0
3158,PortScan,PortScan,0.0,0.0,0.0,0.0,0.003849746629127394,0.9961502533708729,0.0
3159,PortScan,PortScan,0.0,0.0,0.0,0.0,0.002930293391669669,0.9970697066083304,0.0
3160,Normal,Normal,0.0,0.0,0.009236000375558788,0.0,0.9907639996244413,0.0,0.0
3161,PortScan,PortScan,0.0,0.0,0.0,0.0,0.00010940824429178676,0.9998905917557083,0.0
3162,Normal,Normal,0.02,0.01,0.14256980501998573,0.0,0.7685796829517926,0.0,0.05885051202822175
3163,Brute Force,Brute Force,0.0,0.962706150113201,0.0029766544270049353,0.0,0.01276546330221945,0.0,0.021551732157574756
3164,Dos/DDos,Dos/DDos,0.0,0.0,0.9882993258405584,0.0,0.011700674159441675,0.0,0.0
3165,PortScan,PortScan,0.0,0.0,0.0,0.0,7.417036449015093e-05,0.9999258296355099,0.0
3166,Web Attack,Web Attack,0.0,0.0,1.4083720890171383e-05,0.0,0.002717302246578064,6.30767990631958e-05,0.9972055372334684
3167,Dos/DDos,Dos/DDos,0.0,0.008010468551203461,0.7801024952632215,0.0,0.21078814472414126,5.927272130805441e-05,0.0010396187401256031
3168,Dos/DDos,Dos/DDos,0.0,0.0,1.0,0.0,0.0,0.0,0.0
3169,Dos/DDos,Dos/DDos,0.0,0.0,1.0,0.0,0.0,0.0,0.0
3170,PortScan,PortScan,0.0,0.0,0.0,0.0,0.00010940824429178676,0.9998905917557083,0.0
3171,Dos/DDos,Dos/DDos,0.0,0.0,1.0,0.0,0.0,0.0,0.0
3172,Botnet ARES,Botnet ARES,0.9928872822686376,0.0,0.0,0.0,0.00711271773136216,0.0,0.0
3173,Brute Force,Brute Force,0.0,0.9998930490496046,0.0,0.0,0.00010695095039544507,0.0,0.0
3174,PortScan,PortScan,0.0,0.0,0.0,0.0,0.016603313944731624,0.9833966860552685,0.0
3175,Dos/DDos,Dos/DDos,0.0,0.0,0.8784909645756468,0.0,0.04166054319315768,0.0,0.07984849223119551
3176,PortScan,PortScan,0.0,0.0,0.0,0.0,0.0016976913101470557,0.9983023086898529,0.0
3177,PortScan,PortScan,0.0,0.0,0.0,0.0,7.417036449015093e-05,0.9999258296355099,0.0
3178,PortScan,PortScan,0.0,0.0,0.0,0.0,0.0013437422214321643,0.9986562577785679,0.0
3179,Brute Force,Brute Force,0.0,1.0,0.0,0.0,0.0,0.0,0.0
3180,Normal,Normal,0.0,0.0030188679245283017,0.009006258692628652,0.0,0.9854936353817959,0.002481238001047181,0.0
3181,Dos/DDos,Normal,0.0,0.0,0.4123576897746165,0.0,0.46025420653779103,0.049516684216285974,0.07787141947130641
3182,Dos/DDos,Dos/DDos,0.0,0.0,1.0,0.0,0.0,0.0,0.0
3183,PortScan,PortScan,0.0,0.0,0.0,0.0,0.00010940824429178676,0.9998905917557083,0.0
3184,Normal,Normal,0.0,0.0,0.0,0.0,0.9903421296094436,0.009657870390556354,0.0
3185,Dos/DDos,Dos/DDos,0.0,0.0,1.0,0.0,0.0,0.0,0.0
3186,Brute Force,Brute Force,0.0,1.0,0.0,0.0,0.0,0.0,0.0
3187,PortScan,PortScan,0.0,0.0,0.0,0.0,0.001509970432581729,0.9984900295674183,0.0
3188,Brute Force,Brute Force,0.0,0.9525098629501096,0.0029766544270049353,0.0,0.014263692656602543,0.0,0.03024978996628299
3189,PortScan,PortScan,0.0,0.0,0.0,0.0,0.00010940824429178676,0.9998905917557083,0.0
3190,Normal,Normal,0.0,0.0,0.0,0.0,1.0,0.0,0.0
3191,PortScan,PortScan,0.0,0.0,0.0,0.0,0.0007209832031803154,0.9992790167968196,0.0
3192,Normal,Normal,0.0,0.0,0.0,0.0,1.0,0.0,0.0
3193,PortScan,PortScan,0.0,0.0,0.0,0.0,0.00010940824429178676,0.9998905917557083,0.0
3194,Dos/DDos,Dos/DDos,0.0,0.005228976097580453,0.9478235759862149,0.0,0.0367964903768984,0.00020626406582043046,0.009944693473485837
3195,Dos/DDos,Dos/DDos,0.0,0.0,1.0,0.0,0.0,0.0,0.0
3196,PortScan,PortScan,0.0,0.0,0.0,0.0,0.0017304427881984746,0.9982695572118017,0.0
3197,Dos/DDos,Dos/DDos,0.0,0.0,1.0,0.0,0.0,0.0,0.0
3198,Botnet ARES,Botnet ARES,0.9996696914371873,0.0,0.0,0.0,0.0003303085628127412,0.0,0.0
3199,Brute Force,Brute Force,0.0,1.0,0.0,0.0,0.0,0.0,0.0
3200,PortScan,PortScan,0.0,0.0,0.0,0.0,0.0013708639541191328,0.998629136045881,0.0
3201,Dos/DDos,Dos/DDos,0.0,0.003983483972893301,0.980911243117627,0.0,0.011466300753312581,0.000752478807385043,0.002886493348782002
3202,Dos/DDos,Dos/DDos,0.0,0.0,1.0,0.0,0.0,0.0,0.0
3203,Dos/DDos,Dos/DDos,0.0,0.003983483972893301,0.9798112217760826,0.0,0.012558163449529798,3.4417133376232516e-05,0.00361271366811785
3204,Brute Force,Brute Force,0.0,1.0,0.0,0.0,0.0,0.0,0.0
3205,PortScan,PortScan,0.0,0.0,0.0,0.0,7.417036449015093e-05,0.9999258296355099,0.0
3206,Dos/DDos,Dos/DDos,0.0,0.0,1.0,0.0,0.0,0.0,0.0
3207,PortScan,PortScan,0.0,0.0,0.0,0.0,0.00010940824429178676,0.9998905917557083,0.0
3208,Dos/DDos,Dos/DDos,0.0,0.0,1.0,0.0,0.0,0.0,0.0
3209,Dos/DDos,Dos/DDos,0.0,0.005228976097580453,0.9619373942571015,0.0,0.025667378768377328,0.00024068119919666296,0.006925569677743949
3210,Dos/DDos,Dos/DDos,0.0,0.0,1.0,0.0,0.0,0.0,0.0
3211,Normal,Normal,0.0,0.0,0.0,0.0,1.0,0.0,0.0
3212,Web Attack,Web Attack,0.0,0.0,1.4083720890171383e-05,0.0,0.0010767330448849778,5.853123184749522e-05,0.9988506520023772
3213,PortScan,PortScan,0.0,0.0,0.0,0.0,0.0010488510706976421,0.9989511489293024,0.0
3214,PortScan,PortScan,0.0,0.0,0.0,0.0,0.0038817755120723126,0.996118224487928,0.0
3215,Dos/DDos,Dos/DDos,0.0,0.005228976097580453,0.9534917871662795,0.0,0.0355999743568554,0.00024068119919666296,0.005438581180088006
3216,Dos/DDos,Dos/DDos,0.0,0.0,0.9485582833245327,0.0,0.05144171667546736,0.0,0.0
3217,Dos/DDos,Dos/DDos,0.0,0.0,1.0,0.0,0.0,0.0,0.0
3218,Dos/DDos,Dos/DDos,0.0,0.003983483972893301,0.979344836301217,0.0,0.013519265917401387,3.4417133376232516e-05,0.003117996675111967
3219,Normal,Normal,0.0,0.0,0.0,0.0,1.0,0.0,0.0
3220,PortScan,PortScan,0.0,0.0,0.0,0.0,5.9816016913240886e-05,0.9999401839830868,0.0
3221,Normal,Normal,0.04254163886408424,0.0005134639524565267,0.0071459499499403785,0.0,0.9385957863139786,0.0,0.011203160919540229
3222,PortScan,PortScan,0.0,0.0,0.0,0.0,0.00010940824429178676,0.9998905917557083,0.0
3223,Dos/DDos,Dos/DDos,0.0,0.003983483972893301,0.9812379864820682,0.0,0.00997231314720625,0.0,0.0048062163978319404
3224,Brute Force,Brute Force,0.0,0.999975398192537,0.0,0.0,2.4601807462940075e-05,0.0,0.0
3225,Normal,Normal,0.0,0.0,0.0,0.0,1.0,0.0,0.0
3226,Normal,Normal,0.0,0.0,0.006662639914119063,0.0,0.9856991869918699,0.0,0.007638173094011019
3227,PortScan,PortScan,0.0,0.0,0.0,0.0,0.002643876133466521,0.9973561238665336,0.0
3228,PortScan,PortScan,0.0,0.0,0.0,0.0,0.0016925768831415292,0.9983074231168585,0.0
3229,Normal,Normal,0.0,0.0,0.0,0.0,1.0,0.0,0.0
3230,Normal,Normal,0.0,0.0,0.0,0.0,1.0,0.0,0.0
3231,Normal,Normal,0.0,0.0,0.11408952668400757,0.0,0.8259176780913937,0.028851430919510722,0.03114136430508812
3232,Normal,Normal,0.0,0.0012694093638165097,0.37426371060896246,0.009923362749651648,0.6145435172775695,0.0,0.0
3233,Dos/DDos,Dos/DDos,0.0,0.0,0.8840724425806011,0.0,0.1108881131711946,0.005039444248204403,0.0
3234,Normal,Normal,0.0,0.0,0.0,0.0,1.0,0.0,0.0
3235,Botnet ARES,Botnet ARES,0.9996696914371873,0.0,0.0,0.0,0.0003303085628127412,0.0,0.0
3236,Dos/DDos,Dos/DDos,0.0,0.0,1.0,0.0,0.0,0.0,0.0
3237,PortScan,PortScan,0.0,0.0,0.0,0.0,0.001401556619375782,0.9985984433806243,0.0
3238,Normal,Normal,0.01,0.0,0.0,0.0,0.98,0.0,0.01
3239,Normal,Normal,0.0,0.0,0.0,0.0,0.9903421296094436,0.009657870390556354,0.0
3240,Normal,Normal,0.0,0.0,0.0,0.0,1.0,0.0,0.0
3241,Brute Force,Brute Force,0.0,0.9482827064266475,0.0029766544270049353,0.0,0.015388841423102649,0.0,0.03335179772324501
3242,Normal,Normal,0.0,0.0,0.0,0.0,1.0,0.0,0.0
3243,Normal,Normal,0.006505823627287854,0.0,0.0066745098039215685,0.0,0.9768196665687907,0.01,0.0
3244,Normal,Normal,0.0,0.04128144293456873,0.003078639010419189,0.0,0.8721325121238553,0.0,0.0835074059311566
3245,PortScan,PortScan,0.0,0.0,0.0,0.0,0.0013826716838337488,0.9986173283161663,0.0
3246,Normal,Normal,0.0,0.0,0.0,0.0,0.9833673876606274,0.016632612339372653,0.0
3247,Dos/DDos,Dos/DDos,0.0,0.0,1.0,0.0,0.0,0.0,0.0
3248,PortScan,PortScan,0.0,0.0,0.0,0.0,7.417036449015093e-05,0.9999258296355099,0.0
3249,Brute Force,Brute Force,0.0,0.9998667055532651,0.0,0.0,0.00013329444673491696,0.0,0.0
3250,Dos/DDos,Dos/DDos,0.0,0.0,1.0,0.0,0.0,0.0,0.0
3251,Dos/DDos,Dos/DDos,0.0,0.0,0.987934746954375,0.0,0.012065253045625078,0.0,0.0
3252,Normal,Normal,0.0,0.0,0.0,0.0,1.0,0.0,0.0
3253,Normal,Normal,0.0,0.0,0.003781919543843905,0.0,0.9875044478709525,0.0,0.008713632585203657
3254,Brute Force,Brute Force,0.0,0.962706150113201,0.0029766544270049353,0.0,0.01276546330221945,0.0,0.021551732157574756
3255,PortScan,PortScan,0.0,0.0,0.0,0.0,7.417036449015093e-05,0.9999258296355099,0.0
3256,Normal,Normal,0.0,0.0,0.0,0.0,1.0,0.0,0.0
3257,Normal,Normal,0.03659680173886042,0.028446098232277638,0.06424011353225474,0.0,0.8707169864966072,0.0,0.0
3258,Dos/DDos,Dos/DDos,0.0,0.003983483972893301,0.9804460465975258,0.0,0.012309772467311885,3.4417133376232516e-05,0.003226279828892521
3259,Normal,Normal,0.0,0.0,0.0,0.0,1.0,0.0,0.0
3260,PortScan,PortScan,0.0,0.0,0.0,0.0,0.01392000340674026,0.9860799965932598,0.0
3261,Dos/DDos,Dos/DDos,0.0,0.0,1.0,0.0,0.0,0.0,0.0
3262,Dos/DDos,Dos/DDos,0.0,0.0,0.9922870605291771,0.0,0.0,0.0,0.007712939470822761
3263,Web Attack,Web Attack,0.0,0.07020749541881541,0.004118773383477628,0.0,0.0583884942348405,0.0001145531263250645,0.8671706838365418
3264,Normal,Normal,0.0,0.0,0.0,0.0,1.0,0.0,0.0
3265,Brute Force,Brute Force,0.0,0.999975398192537,0.0,0.0,2.4601807462940075e-05,0.0,0.0
3266,Normal,Normal,0.0,0.0,0.0,0.0,1.0,0.0,0.0
3267,Dos/DDos,Dos/DDos,0.0,0.003983483972893301,0.9802364392175655,0.0,0.012241229161827365,3.4417133376232516e-05,0.003504430514337296
3268,Dos/DDos,Dos/DDos,0.0,0.0008917116011185303,0.884065458701225,0.0,0.036392357718478735,0.07721526352576061,0.0014352084534172028
3269,Dos/DDos,Dos/DDos,0.0,0.0007443191035267758,0.987064107417973,0.0,0.008159800814298335,0.00012124242513444596,0.003910530239067575
3270,Normal,Normal,0.0,0.0,0.0,0.0,1.0,0.0,0.0
3271,Dos/DDos,Dos/DDos,0.0,0.0,1.0,0.0,0.0,0.0,0.0
3272,Web Attack,Web Attack,0.0,0.06784528520609813,0.004118773383477628,0.0,0.0514383237582423,0.0001145531263250645,0.8764830645258571
3273,PortScan,PortScan,0.0,0.0,0.0,0.0,0.00010940824429178676,0.9998905917557083,0.0
3274,Brute Force,Brute Force,0.0,1.0,0.0,0.0,0.0,0.0,0.0
3275,PortScan,PortScan,0.0,0.0,0.0,0.0,0.0019289317511306753,0.9980710682488695,0.0
3276,Normal,Normal,0.0,0.0,0.0,0.0,1.0,0.0,0.0
3277,PortScan,PortScan,0.0,0.0,0.0,0.0,0.00010940824429178676,0.9998905917557083,0.0
3278,Brute Force,Brute Force,0.0,1.0,0.0,0.0,0.0,0.0,0.0
3279,PortScan,PortScan,0.0,0.0,0.0,0.0,0.00010940824429178676,0.9998905917557083,0.0
3280,Normal,Normal,0.0,0.004551892692777529,0.40778706663483716,0.0,0.5825517774536604,9.220979548322161e-05,0.005017053423241701
3281,Dos/DDos,Dos/DDos,0.0,0.0,0.8441829308965572,0.0,0.15581706910344287,0.0,0.0
3282,Dos/DDos,Dos/DDos,0.0,0.003983483972893301,0.9810029584985736,0.0,0.011067821129049226,0.0,0.00394573639948369
3283,Normal,Normal,0.0,0.0,0.0,0.0,1.0,0.0,0.0
3284,Dos/DDos,Dos/DDos,0.0,0.0,0.9359124593412083,0.0,0.06408754065879183,0.0,0.0
3285,Dos/DDos,Dos/DDos,0.0,0.0,1.0,0.0,0.0,0.0,0.0
3286,Normal,Normal,0.02,0.03236485629709339,0.03965777209751424,0.0,0.8531578808645444,0.024819490740848146,0.03
3287,PortScan,PortScan,0.0,0.0,0.0,0.0,7.417036449015093e-05,0.9999258296355099,0.0
3288,PortScan,PortScan,0.0,0.0,0.0,0.0,0.0035049851002136325,0.9964950148997866,0.0
3289,Dos/DDos,Dos/DDos,0.0,0.0,1.0,0.0,0.0,0.0,0.0
3290,Brute Force,Brute Force,0.0,0.9998667055532651,0.0,0.0,0.00013329444673491696,0.0,0.0
3291,PortScan,PortScan,0.0,0.0,0.0,0.0,0.002199916599990163,0.99780008340001,0.0
3292,PortScan,PortScan,0.0,0.0,0.0,0.0,0.0011678408231380996,0.9988321591768619,0.0
3293,Normal,Normal,0.0,0.0,0.0,0.0,1.0,0.0,0.0
3294,PortScan,PortScan,0.0,0.0,0.0,0.0,0.002779715469408512,0.9972202845305916,0.0
3295,Web Attack,Web Attack,0.0,0.0,1.4083720890171383e-05,0.0,0.0014119945962276126,6.30767990631958e-05,0.9985108448838189
3296,Dos/DDos,Dos/DDos,0.0,0.0,0.9712197393425455,0.0,0.028780260657454537,0.0,0.0
3297,Normal,Normal,0.0,0.0,0.0,0.0,1.0,0.0,0.0
3298,Dos/DDos,Dos/DDos,0.0,0.0,0.988322138830746,0.0,0.011677861169253973,0.0,0.0
3299,PortScan,PortScan,0.0,0.0,0.0,0.0,0.00352450123282325,0.996475498767177,0.0
3300,Normal,Normal,0.0,0.0,0.0,0.0,1.0,0.0,0.0
3301,Normal,Normal,0.06794934204418981,0.0,0.00330173284637501,0.0,0.9287489251094353,0.0,0.0
3302,Dos/DDos,Dos/DDos,0.0,0.0,0.9866065178501984,0.0,0.013393482149801662,0.0,0.0
3303,Brute Force,Brute Force,0.0,1.0,0.0,0.0,0.0,0.0,0.0
3304,Normal,Normal,0.0,0.0,0.0,0.0,1.0,0.0,0.0
3305,Brute Force,Brute Force,0.0,0.999975398192537,0.0,0.0,2.4601807462940075e-05,0.0,0.0
3306,Dos/DDos,Dos/DDos,0.0,0.0,1.0,0.0,0.0,0.0,0.0
3307,Dos/DDos,Dos/DDos,0.0,0.0,1.0,0.0,0.0,0.0,0.0
3308,Normal,Normal,0.0,0.0,0.0,0.0,1.0,0.0,0.0
3309,PortScan,PortScan,0.0,0.0,0.0,0.0,0.00010940824429178676,0.9998905917557083,0.0
3310,Dos/DDos,Dos/DDos,0.0,0.0,1.0,0.0,0.0,0.0,0.0
3311,PortScan,PortScan,0.0,0.0,0.0,0.0,0.0017248012932773783,0.9982751987067228,0.0
3312,Dos/DDos,Dos/DDos,0.0,0.003983483972893301,0.9798112217760826,0.0,0.012558163449529798,3.4417133376232516e-05,0.00361271366811785
3313,Dos/DDos,Dos/DDos,0.0,0.0,1.0,0.0,0.0,0.0,0.0
3314,Normal,Normal,0.01,0.0,0.06634937357544944,0.0,0.9036506264245506,0.01,0.01
3315,Normal,Normal,0.0,0.0,0.0,0.0,1.0,0.0,0.0
3316,Normal,Normal,0.0,0.0,0.0,0.0,1.0,0.0,0.0
3317,Dos/DDos,Dos/DDos,0.0,0.0,1.0,0.0,0.0,0.0,0.0
3318,Dos/DDos,Dos/DDos,0.0,0.0,1.0,0.0,0.0,0.0,0.0
3319,Normal,Normal,0.0,0.0,0.0,0.0,1.0,0.0,0.0
3320,Normal,Normal,0.0,0.0,0.0,0.0,1.0,0.0,0.0
3321,PortScan,PortScan,0.0,0.0,0.0,0.0,0.0033823849904575567,0.9966176150095427,0.0
3322,Normal,Normal,0.0,0.0,0.0,0.0,1.0,0.0,0.0
3323,Normal,Normal,0.0,0.0,0.0,0.0,1.0,0.0,0.0
3324,Dos/DDos,Dos/DDos,0.0,0.0,0.9866953259340316,0.0,0.0,0.013304674065968422,0.0
3325,PortScan,PortScan,0.0,0.0,0.0,0.0,0.0033005058274889194,0.9966994941725111,0.0
3326,Normal,Normal,0.0,0.0,0.005026938393066293,0.0,0.9949730616069337,0.0,0.0
3327,PortScan,PortScan,0.0,0.0,0.0,0.0,0.00010940824429178676,0.9998905917557083,0.0
3328,Dos/DDos,Dos/DDos,0.0,0.0,1.0,0.0,0.0,0.0,0.0
3329,Brute Force,Brute Force,0.0,0.999975398192537,0.0,0.0,2.4601807462940075e-05,0.0,0.0
3330,Dos/DDos,Dos/DDos,0.0,0.0,1.0,0.0,0.0,0.0,0.0
3331,PortScan,PortScan,0.0,0.0,0.0,0.0,0.003806653767665708,0.9961933462323346,0.0
3332,Dos/DDos,Dos/DDos,0.0,0.0,1.0,0.0,0.0,0.0,0.0
3333,Normal,Normal,0.0,0.0,0.013200319583233986,0.0,0.986799680416766,0.0,0.0
3334,Normal,Normal,0.0,0.0,0.0,0.0,1.0,0.0,0.0
3335,Normal,Normal,0.0,0.0,0.0,0.0,0.9413330782832028,0.0160516202160563,0.042615301500740894
3336,Dos/DDos,Dos/DDos,0.0,0.0,1.0,0.0,0.0,0.0,0.0
3337,Dos/DDos,Dos/DDos,0.0,0.0,0.9716546229304864,0.0,0.028345377069513594,0.0,0.0
3338,Dos/DDos,Dos/DDos,0.0,0.0,0.7948437339869052,0.0,0.20515626601309475,0.0,0.0
3339,Dos/DDos,Dos/DDos,0.0,0.0,0.99,0.0,0.01,0.0,0.0
3340,Normal,Normal,0.0,0.0,0.0,0.0,1.0,0.0,0.0
3341,PortScan,PortScan,0.0,0.0,0.0,0.0,0.00153553191903505,0.998464468080965,0.0
3342,Dos/DDos,Dos/DDos,0.0,0.003983483972893301,0.9810441137969527,0.0,0.011644602996225464,0.0,0.0033277992339283955
3343,Dos/DDos,Dos/DDos,0.0,0.00017591038364254844,0.930574703979688,0.0,0.06922035300701838,2.9032629651224354e-05,0.0
3344,Normal,Normal,0.0,0.0,0.0,0.0,1.0,0.0,0.0
3345,Web Attack,Web Attack,0.0,0.0,1.4083720890171383e-05,0.0,0.0014186302283242169,6.30767990631958e-05,0.9985042092517221
3346,Brute Force,Brute Force,0.0,1.0,0.0,0.0,0.0,0.0,0.0
3347,PortScan,PortScan,0.0,0.0,0.0,0.0,0.00010940824429178676,0.9998905917557083,0.0
3348,Dos/DDos,Dos/DDos,0.0,0.0,1.0,0.0,0.0,0.0,0.0
3349,PortScan,PortScan,0.0,0.0,0.0,0.0,0.002368294758802016,0.9976317052411982,0.0
3350,PortScan,PortScan,0.0,0.0,0.0,0.0,0.0024568433805013026,0.9975431566194989,0.0
3351,Brute Force,Brute Force,0.0,1.0,0.0,0.0,0.0,0.0,0.0
3352,PortScan,PortScan,0.0,0.0,0.0,0.0,7.417036449015093e-05,0.9999258296355099,0.0
3353,Normal,Normal,0.0,0.0,0.0,0.0,1.0,0.0,0.0
3354,Brute Force,Brute Force,0.0,1.0,0.0,0.0,0.0,0.0,0.0
3355,PortScan,PortScan,0.0,0.0,0.0,0.0,0.0014028033590947247,0.9985971966409053,0.0
3356,Normal,Normal,0.0,0.0,0.0,0.0,1.0,0.0,0.0
3357,Brute Force,Brute Force,0.0,1.0,0.0,0.0,0.0,0.0,0.0
3358,PortScan,PortScan,0.0,0.0,0.0,0.0,0.0022683871252259804,0.9977316128747742,0.0
3359,Normal,Normal,0.0,0.0,0.0,0.0,1.0,0.0,0.0
3360,Normal,Normal,0.0,0.0,0.25731076543614473,0.0,0.7426892345638553,0.0,0.0
3361,Dos/DDos,Dos/DDos,0.0,0.0,1.0,0.0,0.0,0.0,0.0
3362,Dos/DDos,Dos/DDos,0.0,0.0,1.0,0.0,0.0,0.0,0.0
3363,Dos/DDos,Dos/DDos,0.0,0.0,1.0,0.0,0.0,0.0,0.0
3364,Dos/DDos,Dos/DDos,0.0,0.003983483972893301,0.9808640465968252,0.0,0.011296132169676329,3.4417133376232516e-05,0.0038219201272286373
3365,Normal,Normal,0.0,0.0,0.0,0.0,1.0,0.0,0.0
3366,Dos/DDos,Dos/DDos,0.0,0.0,0.9573882135849923,0.0,0.04261178641500749,0.0,0.0
3367,Brute Force,Brute Force,0.0,0.9998667055532651,0.0,0.0,0.00013329444673491696,0.0,0.0
3368,PortScan,PortScan,0.0,0.0,0.0,0.0,0.0032474138089288052,0.9967525861910712,0.0
3369,Normal,Normal,0.0,0.0,0.0,0.0,1.0,0.0,0.0
3370,Brute Force,Brute Force,0.0,0.9525098629501096,0.0029766544270049353,0.0,0.014263692656602543,0.0,0.03024978996628299
3371,Normal,Normal,0.0,0.0,0.0,0.0,1.0,0.0,0.0
3372,Dos/DDos,Dos/DDos,0.0,0.0,1.0,0.0,0.0,0.0,0.0
3373,Brute Force,Brute Force,0.0,0.999975398192537,0.0,0.0,2.4601807462940075e-05,0.0,0.0
3374,Brute Force,Brute Force,0.0,1.0,0.0,0.0,0.0,0.0,0.0
3375,Dos/DDos,Dos/DDos,0.0,0.005958065522999908,0.7716615109622953,0.0,0.12278320470466127,0.00024068119919666296,0.09935653761084662
3376,PortScan,PortScan,0.0,0.0,0.0,0.0,0.00010940824429178676,0.9998905917557083,0.0
3377,Normal,Normal,0.0,0.0,0.0,0.0,1.0,0.0,0.0
3378,Dos/DDos,Dos/DDos,0.0,0.0,1.0,0.0,0.0,0.0,0.0
3379,Brute Force,Brute Force,0.0,0.999975398192537,0.0,0.0,2.4601807462940075e-05,0.0,0.0
3380,Dos/DDos,Dos/DDos,0.0,0.0,1.0,0.0,0.0,0.0,0.0
3381,PortScan,PortScan,0.0,0.0,0.0,0.0,7.417036449015093e-05,0.9999258296355099,0.0
3382,PortScan,PortScan,0.0,0.0,0.0,0.0,0.0038068239457884918,0.9961931760542118,0.0
3383,PortScan,PortScan,0.0,0.0,0.0,0.0,0.00202281691283012,0.99797718308717,0.0
3384,Dos/DDos,Dos/DDos,0.0,0.0,0.9775381521353366,0.0,0.02,0.0024618478646634334,0.0
3385,Normal,Normal,0.0,0.006585964079436664,0.0034140359205633354,0.0,0.982302536231884,0.0,0.007697463768115942
3386,Normal,Normal,0.0,0.005378558249736692,0.22684679802007154,0.009944158466356831,0.7465511151155769,0.010119073352436987,0.0011602967958208664
3387,Normal,Normal,0.0,0.0,0.06315226455548148,0.009910013844023995,0.9269377216004945,0.0,0.0
3388,PortScan,PortScan,0.0,0.0,0.0,0.0,0.00010940824429178676,0.9998905917557083,0.0
3389,Normal,Normal,0.0,0.0,0.0,0.0,1.0,0.0,0.0
3390,Normal,Normal,0.006611698817672682,0.0,0.04501604659455604,0.0,0.8971386134340817,0.03596713260294673,0.015266508550742727
3391,Dos/DDos,Dos/DDos,0.0,0.0,0.9924292540649805,0.0,0.007570745935019512,0.0,0.0
3392,Dos/DDos,Dos/DDos,0.0,0.0,0.9582738441296965,0.0,0.04172615587030362,0.0,0.0
3393,Normal,Normal,0.0,0.0,0.010008396732598528,0.0,0.7717139206241902,4.345111844812994e-05,0.2182342315247632
3394,Dos/DDos,Dos/DDos,0.0,0.0,1.0,0.0,0.0,0.0,0.0
3395,Normal,Normal,0.0,0.0,0.0,0.0,1.0,0.0,0.0
3396,Normal,Normal,0.0,0.0,0.348829454369891,0.0,0.651170545630109,0.0,0.0
3397,Dos/DDos,Dos/DDos,0.0,0.0,1.0,0.0,0.0,0.0,0.0
3398,Normal,Normal,0.0,0.013477472883642549,0.03306000575301347,0.0,0.9534334887336928,2.9032629651224354e-05,0.0
3399,Botnet ARES,Botnet ARES,0.9976278897874507,0.0,0.0,0.0,0.0023721102125494457,0.0,0.0
3400,Brute Force,Brute Force,0.0,1.0,0.0,0.0,0.0,0.0,0.0
3401,Dos/DDos,Dos/DDos,0.0,0.003983483972893301,0.9810875754923762,0.0,0.010122724136898189,0.0,0.0048062163978319404
3402,Dos/DDos,Dos/DDos,0.0,0.0,1.0,0.0,0.0,0.0,0.0
3403,PortScan,PortScan,0.0,0.0,0.0,0.0,0.0038817755120723126,0.996118224487928,0.0
3404,Dos/DDos,Dos/DDos,0.0,0.0,0.8160089136453129,0.0,0.1839910863546871,0.0,0.0
3405,Web Attack,Web Attack,0.0,0.0,0.005010607475235478,0.0,0.00642210647397891,0.010063076799063195,0.9785042092517222
3406,Normal,Normal,0.0,0.0042244166781911195,0.12755358382151605,0.0,0.8654716820596252,6.196970382639155e-05,0.002688347736841298
3407,Normal,Normal,0.0,0.0,0.0,0.0,1.0,0.0,0.0
3408,Brute Force,Brute Force,0.0,1.0,0.0,0.0,0.0,0.0,0.0
3409,Botnet ARES,Botnet ARES,0.9996696914371873,0.0,0.0,0.0,0.0003303085628127412,0.0,0.0
3410,PortScan,PortScan,0.0,0.0,0.0,0.0,7.417036449015093e-05,0.9999258296355099,0.0
3411,Normal,Normal,0.0,0.0,0.006634915677701437,0.0,0.9933650843222986,0.0,0.0
3412,Normal,Normal,0.0,0.0,0.0,0.0,1.0,0.0,0.0
3413,Dos/DDos,Dos/DDos,0.0,0.0,0.9974973919091226,0.0,0.0025026080908774778,0.0,0.0
3414,Dos/DDos,Dos/DDos,0.0,0.0,1.0,0.0,0.0,0.0,0.0
3415,Dos/DDos,Dos/DDos,0.0,0.003983483972893301,0.9802364392175655,0.0,0.012241229161827365,3.4417133376232516e-05,0.003504430514337296
3416,PortScan,PortScan,0.0,0.0,0.0,0.0,0.0010488510706976421,0.9989511489293024,0.0
3417,Normal,Normal,0.0,0.0,0.0,0.0,1.0,0.0,0.0
3418,Normal,Normal,0.07526485000474405,0.0,0.0,0.0,0.9247351499952559,0.0,0.0
3419,Dos/DDos,Dos/DDos,0.0,0.0,1.0,0.0,0.0,0.0,0.0
3420,PortScan,PortScan,0.0,0.0,0.0,0.0,0.006194610586877194,0.9938053894131228,0.0
3421,Dos/DDos,Dos/DDos,0.0,0.0,1.0,0.0,0.0,0.0,0.0
3422,Dos/DDos,Dos/DDos,0.0,0.0,0.9474718650444983,0.0,0.039746987587943504,0.005059311981020166,0.007721835386538118
3423,PortScan,PortScan,0.0,0.0,0.0,0.0,0.0010488510706976421,0.9989511489293024,0.0
3424,Brute Force,Brute Force,0.0,1.0,0.0,0.0,0.0,0.0,0.0
3425,Normal,Normal,0.0,0.0,0.0,0.0,1.0,0.0,0.0
3426,PortScan,PortScan,0.0,0.0,0.0,0.0,0.00010940824429178676,0.9998905917557083,0.0
3427,Dos/DDos,Dos/DDos,0.0,0.0,1.0,0.0,0.0,0.0,0.0
3428,Normal,Normal,0.0,0.0,0.0,0.0,1.0,0.0,0.0
3429,PortScan,PortScan,0.0,0.0,0.0,0.0,7.417036449015093e-05,0.9999258296355099,0.0
3430,Normal,Normal,0.0,0.0,0.046339191342140956,0.0,0.9197555877330567,0.0,0.03390522092480228
3431,PortScan,PortScan,0.0,0.0,0.0,0.0,0.001063112812623945,0.998936887187376,0.0
3432,PortScan,PortScan,0.0,0.0,0.0,0.0,0.0013708639541191328,0.998629136045881,0.0
3433,Dos/DDos,Dos/DDos,0.0,0.0008917116011185303,0.941867960277697,0.0,0.04311355607313325,0.00023529669547165479,0.013891475352579619
3434,Normal,Normal,0.0,0.0,0.0,0.0,1.0,0.0,0.0
3435,Dos/DDos,Dos/DDos,0.0,0.0,1.0,0.0,0.0,0.0,0.0
3436,Normal,Normal,0.0,0.0,0.0,0.0,1.0,0.0,0.0
3437,PortScan,PortScan,0.0,0.0,0.0,0.0,0.0016976913101470557,0.9983023086898529,0.0
3438,Dos/DDos,Dos/DDos,0.0,0.0,1.0,0.0,0.0,0.0,0.0
3439,Brute Force,Brute Force,0.0,0.9606661601799914,0.0029766544270049353,0.0,0.013071659635060575,0.0,0.023285525757943223
3440,Dos/DDos,Dos/DDos,0.0,0.003983483972893301,0.9808640465968252,0.0,0.011296132169676329,3.4417133376232516e-05,0.0038219201272286373
3441,Brute Force,Brute Force,0.0,0.999975398192537,0.0,0.0,2.4601807462940075e-05,0.0,0.0
3442,Normal,Normal,0.0,0.0,0.0,0.0,1.0,0.0,0.0
3443,PortScan,PortScan,0.0,0.0,0.0,0.0,0.0016976913101470557,0.9983023086898529,0.0
3444,Dos/DDos,Dos/DDos,0.0,0.0,1.0,0.0,0.0,0.0,0.0
3445,PortScan,PortScan,0.0,0.0,0.0,0.0,0.0012711463648071525,0.998728853635193,0.0
3446,PortScan,PortScan,0.0,0.0,0.0,0.0,7.417036449015093e-05,0.9999258296355099,0.0
3447,Normal,Normal,0.0,0.0,0.0,0.0,1.0,0.0,0.0
3448,Web Attack,Normal,0.0,0.0,0.007283691097622986,0.0,0.6479341236327966,0.03619612882654652,0.3085860564430337
3449,Web Attack,Web Attack,0.0,0.04961690537702396,0.004118773383477628,0.0,0.06156002208788946,0.0001145531263250645,0.8845897460252843
3450,Dos/DDos,Dos/DDos,0.0,0.0,1.0,0.0,0.0,0.0,0.0
3451,PortScan,PortScan,0.0,0.0,0.0,0.0,7.417036449015093e-05,0.9999258296355099,0.0
3452,Normal,Normal,0.0,0.0,0.0,0.0,1.0,0.0,0.0
3453,Brute Force,Brute Force,0.0,0.999975398192537,0.0,0.0,2.4601807462940075e-05,0.0,0.0
3454,Brute Force,Brute Force,0.0,0.999975398192537,0.0,0.0,2.4601807462940075e-05,0.0,0.0
3455,PortScan,PortScan,0.0,0.0,0.0,0.0,0.001532701481143675,0.9984672985188564,0.0
3456,PortScan,PortScan,0.0,0.0,0.0,0.0,0.0012545663175091539,0.9987454336824909,0.0
3457,Dos/DDos,Dos/DDos,0.0,0.0,0.9873201225921001,0.0,0.012679877407900093,0.0,0.0
3458,PortScan,PortScan,0.0,0.0,0.0,0.0,7.417036449015093e-05,0.9999258296355099,0.0
3459,Normal,Normal,0.0,0.0,0.0,0.0,1.0,0.0,0.0
3460,PortScan,PortScan,0.0,0.0,0.0,0.0,0.0024568433805013026,0.9975431566194989,0.0
3461,PortScan,PortScan,0.0,0.0,0.0,0.0,0.001978219536121109,0.9980217804638791,0.0
3462,PortScan,PortScan,0.0,0.0,0.0,0.0,8.56493160846622e-05,0.9999143506839154,0.0
3463,Normal,Normal,0.0,0.0,0.0,0.0,1.0,0.0,0.0
3464,Normal,Normal,0.0,0.0,0.0,0.0,1.0,0.0,0.0
3465,Dos/DDos,Dos/DDos,0.0,0.0006507788958207118,0.9430002746897362,0.0,0.04638544933500799,0.00934540609615584,0.0006180909832792979
3466,Normal,Normal,0.0,0.0,0.024969458847609344,0.029806198578955674,0.9251462338013693,0.0024818680346718556,0.01759624073739382
3467,Dos/DDos,Dos/DDos,0.0,0.003983483972893301,0.9815127929338593,0.0,0.009805789849195758,0.0,0.004697933244051386
3468,Normal,Normal,0.0,0.0,0.0,0.0,1.0,0.0,0.0
3469,Dos/DDos,Dos/DDos,0.0,0.0,1.0,0.0,0.0,0.0,0.0
3470,Dos/DDos,Dos/DDos,0.0,0.0,1.0,0.0,0.0,0.0,0.0
3471,PortScan,PortScan,0.0,0.0,0.0,0.0,0.0013708639541191328,0.998629136045881,0.0
3472,Normal,Normal,0.01,0.0,0.02779569172775263,0.0,0.9622043082722475,0.0,0.0
3473,PortScan,PortScan,0.0,0.0,0.0,0.0,0.0010488510706976421,0.9989511489293024,0.0
3474,Normal,Normal,0.0,0.0,0.0,0.0,1.0,0.0,0.0
3475,Brute Force,Brute Force,0.0,1.0,0.0,0.0,0.0,0.0,0.0
3476,PortScan,PortScan,0.0,0.0,0.0,0.0,7.417036449015093e-05,0.9999258296355099,0.0
3477,Dos/DDos,Dos/DDos,0.0,0.008010468551203461,0.7801024952632215,0.0,0.21078814472414126,5.927272130805441e-05,0.0010396187401256031
3478,Dos/DDos,Dos/DDos,0.0,0.003983483972893301,0.9799616327657746,0.0,0.012407752459837858,3.4417133376232516e-05,0.00361271366811785
3479,Normal,Normal,0.0,0.0,0.0,0.0,1.0,0.0,0.0
3480,Dos/DDos,Dos/DDos,0.0,0.0,0.9909199529399649,0.0,0.009080047060035169,0.0,0.0
3481,Normal,Normal,0.0,0.0,0.0,0.0,1.0,0.0,0.0
3482,Normal,Normal,0.0,0.0,0.0,0.0,1.0,0.0,0.0
3483,Normal,Normal,0.0,0.0,0.022850603885347206,0.0,0.977149396114653,0.0,0.0
3484,Dos/DDos,Dos/DDos,0.0,0.0,1.0,0.0,0.0,0.0,0.0
3485,Brute Force,Brute Force,0.0,1.0,0.0,0.0,0.0,0.0,0.0
3486,PortScan,PortScan,0.0,0.0,0.0,0.0,0.00010940824429178676,0.9998905917557083,0.0
3487,Dos/DDos,Dos/DDos,0.0,0.0,1.0,0.0,0.0,0.0,0.0
3488,Dos/DDos,Dos/DDos,0.0,0.0,1.0,0.0,0.0,0.0,0.0
3489,Brute Force,Brute Force,0.0,0.9998667055532651,0.0,0.0,0.00013329444673491696,0.0,0.0
3490,PortScan,PortScan,0.0,0.0,0.0,0.0,7.417036449015093e-05,0.9999258296355099,0.0
3491,Normal,Normal,0.06523077186780774,0.0,0.0,0.0,0.9347692281321923,0.0,0.0
3492,Brute Force,Brute Force,0.0,1.0,0.0,0.0,0.0,0.0,0.0
3493,Normal,Normal,0.0,0.0,0.0,0.0,0.9956276965168894,0.0,0.004372303483110597
3494,PortScan,PortScan,0.0,0.0,0.0,0.0,0.0024568433805013026,0.9975431566194989,0.0
3495,Normal,Normal,0.0,0.0,0.0,0.0,1.0,0.0,0.0
3496,PortScan,PortScan,0.0,0.0,0.0,0.0,0.0016368897882905603,0.9983631102117095,0.0
3497,PortScan,PortScan,0.0,0.0,0.0,0.0,0.0034885561820750775,0.9965114438179249,0.0
3498,Normal,Normal,0.0,0.027729382472859963,0.0029439974316081796,0.0,0.9655075683760873,0.0,0.003819051719444615
3499,Dos/DDos,Dos/DDos,0.0,0.0,1.0,0.0,0.0,0.0,0.0
3500,Dos/DDos,Dos/DDos,0.0,0.0,1.0,0.0,0.0,0.0,0.0
3501,PortScan,PortScan,0.0,0.0,0.0,0.0,0.00010940824429178676,0.9998905917557083,0.0
3502,Normal,Normal,0.0,0.0,0.0,0.0,1.0,0.0,0.0
3503,PortScan,PortScan,0.0,0.0,0.0,0.0,0.001509970432581729,0.9984900295674183,0.0
3504,PortScan,PortScan,0.0,0.0,0.0,0.0,0.0017390630352036819,0.9982609369647963,0.0
3505,Dos/DDos,Dos/DDos,0.0,0.0,1.0,0.0,0.0,0.0,0.0
3506,Normal,Normal,0.0,0.0,0.0,0.0,1.0,0.0,0.0
3507,PortScan,PortScan,0.0,0.0,0.0,0.0,0.0024568433805013026,0.9975431566194989,0.0
3508,Normal,Normal,0.01,0.0,0.0048971918693455525,0.0,0.9851028081306543,0.0,0.0
3509,PortScan,PortScan,0.0,0.0,0.0,0.0,0.002199916599990163,0.99780008340001,0.0
3510,Normal,Normal,0.0,0.003983483972893301,0.13321809933050924,0.0,0.8603958336704137,3.4417133376232516e-05,0.0023681658928073
3511,Normal,Normal,0.009154743561523222,0.0,0.008405725953568734,0.0,0.9478476147420827,0.02588253405799295,0.008709381684832434
3512,PortScan,PortScan,0.0,0.0,0.0,0.0,0.00010940824429178676,0.9998905917557083,0.0
3513,Normal,Normal,0.0,0.0,0.0,0.0,1.0,0.0,0.0
3514,PortScan,PortScan,0.0,0.0,0.0,0.0,7.417036449015093e-05,0.9999258296355099,0.0
3515,Normal,Normal,0.0,0.05902590038172683,0.009721629799966871,0.0,0.8287060160535147,0.0,0.1025464537647917
3516,Dos/DDos,Dos/DDos,0.0,0.003983483972893301,0.9802364392175655,0.0,0.012241229161827365,3.4417133376232516e-05,0.003504430514337296
3517,Dos/DDos,Dos/DDos,0.0,0.0,1.0,0.0,0.0,0.0,0.0
3518,Normal,Normal,0.0,0.0,0.0,0.0,1.0,0.0,0.0
3519,Web Attack,Web Attack,0.0,0.0,1.4083720890171383e-05,0.0,0.0010767330448849778,5.853123184749522e-05,0.9988506520023772
3520,Dos/DDos,Dos/DDos,0.0,0.0,1.0,0.0,0.0,0.0,0.0
3521,Dos/DDos,Dos/DDos,0.0,0.0,1.0,0.0,0.0,0.0,0.0
3522,PortScan,PortScan,0.0,0.0,0.0,0.0,0.00010940824429178676,0.9998905917557083,0.0
3523,Normal,Normal,0.0,0.0,0.0,0.0,1.0,0.0,0.0
3524,Dos/DDos,Dos/DDos,0.0,0.0,0.7820849278590919,0.009923362749651648,0.20799170939125652,0.0,0.0
3525,Normal,Normal,0.0,0.04947947701114185,0.003078639010419189,0.0,0.8714703773122229,0.0,0.07597150666621613
3526,Dos/DDos,Dos/DDos,0.0,0.0,0.9544310324428679,0.0,0.04556896755713221,0.0,0.0
3527,Normal,Normal,0.0,0.0,0.0,0.0,1.0,0.0,0.0
3528,Normal,Normal,0.0,0.0,0.0,0.0,1.0,0.0,0.0
3529,PortScan,PortScan,0.0,0.0,0.0,0.0,8.56493160846622e-05,0.9999143506839154,0.0
3530,Brute Force,Brute Force,0.0,1.0,0.0,0.0,0.0,0.0,0.0
3531,PortScan,PortScan,0.0,0.0,0.0,0.0,0.003406148951395409,0.9965938510486048,0.0
3532,Dos/DDos,Dos/DDos,0.0,0.0,0.9226236021543289,0.0,0.07737639784567096,0.0,0.0
3533,Normal,Normal,0.12659946114856854,0.0,0.0,0.0,0.8734005388514315,0.0,0.0
3534,PortScan,PortScan,0.0,0.0,0.0,0.0,0.0017892038873217873,0.9982107961126782,0.0
3535,PortScan,PortScan,0.0,0.0,0.0,0.0,0.002930293391669669,0.9970697066083304,0.0
3536,Dos/DDos,Dos/DDos,0.0,0.0,1.0,0.0,0.0,0.0,0.0
3537,Normal,Normal,0.0,0.0,0.0,0.0,1.0,0.0,0.0
3538,Dos/DDos,Dos/DDos,0.0,0.003983483972893301,0.9804388291553423,0.0,0.01161306645737876,3.4417133376232516e-05,0.003930203281009192
3539,Dos/DDos,Dos/DDos,0.0,0.0,1.0,0.0,0.0,0.0,0.0
3540,Dos/DDos,Dos/DDos,0.0,0.003983483972893301,0.9815127929338593,0.0,0.009805789849195758,0.0,0.004697933244051386
3541,PortScan,PortScan,0.0,0.0,0.0,0.0,0.0010488510706976421,0.9989511489293024,0.0
3542,Dos/DDos,Dos/DDos,0.0,0.0,1.0,0.0,0.0,0.0,0.0
3543,Normal,Normal,0.0,0.0,0.0,0.0,1.0,0.0,0.0
3544,Dos/DDos,Dos/DDos,0.0,0.0,1.0,0.0,0.0,0.0,0.0
3545,Brute Force,Brute Force,0.0,0.962706150113201,0.0029766544270049353,0.0,0.01276546330221945,0.0,0.021551732157574756
3546,Dos/DDos,Dos/DDos,0.0,0.0,1.0,0.0,0.0,0.0,0.0
3547,Dos/DDos,Dos/DDos,0.0,0.0,1.0,0.0,0.0,0.0,0.0
3548,Dos/DDos,Dos/DDos,0.0,0.0,1.0,0.0,0.0,0.0,0.0
3549,Normal,Normal,0.0,0.061203241308584594,0.003078639010419189,0.0,0.8464594869186657,0.0,0.08925863276233055
3550,Normal,Normal,0.0,0.020080253425605186,0.02835270780152501,0.0,0.9239143399092334,0.0,0.027652698863636364
3551,PortScan,PortScan,0.0,0.0,0.0,0.0,0.001401556619375782,0.9985984433806243,0.0
3552,Dos/DDos,Dos/DDos,0.0,0.0,1.0,0.0,0.0,0.0,0.0
3553,PortScan,PortScan,0.0,0.0,0.0,0.0,0.0017390630352036819,0.9982609369647963,0.0
3554,Dos/DDos,Dos/DDos,0.0,0.01,0.9780057404250013,0.0,0.005393328755404258,0.006600930819594541,0.0
3555,Dos/DDos,Dos/DDos,0.0,0.0,1.0,0.0,0.0,0.0,0.0
3556,Brute Force,Brute Force,0.0,0.999975398192537,0.0,0.0,2.4601807462940075e-05,0.0,0.0
3557,PortScan,PortScan,0.0,0.0,0.0,0.0,0.0010488510706976421,0.9989511489293024,0.0
3558,Brute Force,Brute Force,0.0,1.0,0.0,0.0,0.0,0.0,0.0
3559,Dos/DDos,Dos/DDos,0.0,0.0,1.0,0.0,0.0,0.0,0.0
3560,Normal,Normal,0.0,0.019976487669751516,0.007351526949528988,0.019982208516190248,0.9249683965468372,0.0,0.027721380317692165
3561,Normal,Normal,0.0,0.0,0.0,0.0,1.0,0.0,0.0
3562,PortScan,PortScan,0.0,0.0,0.0,0.0,7.417036449015093e-05,0.9999258296355099,0.0
3563,Dos/DDos,Dos/DDos,0.0,0.0,1.0,0.0,0.0,0.0,0.0
3564,Dos/DDos,Dos/DDos,0.0,0.0,1.0,0.0,0.0,0.0,0.0
3565,Normal,Normal,0.0,0.0,0.0,0.0,1.0,0.0,0.0
3566,Dos/DDos,Dos/DDos,0.0,0.0,1.0,0.0,0.0,0.0,0.0
3567,Normal,Normal,0.0,0.0,0.0,0.0,1.0,0.0,0.0
3568,PortScan,PortScan,0.0,0.0,0.0,0.0,0.0027104243682456457,0.9972895756317546,0.0
3569,Dos/DDos,Dos/DDos,0.0,0.0,1.0,0.0,0.0,0.0,0.0
3570,Dos/DDos,Dos/DDos,0.0,0.0,0.9849315275081666,0.0,0.015068472491833296,0.0,0.0
3571,PortScan,PortScan,0.0,0.0,0.0,0.0,0.00010940824429178676,0.9998905917557083,0.0
3572,Normal,Normal,0.0,0.00017591038364254844,0.01975330149236184,0.0,0.9800417554943445,2.9032629651224354e-05,0.0
3573,PortScan,PortScan,0.0,0.0,0.0,0.0,0.0021842485059551586,0.9978157514940449,0.0
3574,Dos/DDos,Dos/DDos,0.0,0.0,1.0,0.0,0.0,0.0,0.0
3575,Dos/DDos,Dos/DDos,0.0,0.0,0.883501428457383,0.0,0.09058557374545087,0.025912997797165938,0.0
3576,PortScan,PortScan,0.0,0.0,0.0,0.0,0.001532701481143675,0.9984672985188564,0.0
3577,Normal,Normal,0.0,0.0,0.0,0.0,1.0,0.0,0.0
3578,Normal,Normal,0.0,0.0,0.0,0.0,1.0,0.0,0.0
3579,Dos/DDos,Dos/DDos,0.0,0.0,1.0,0.0,0.0,0.0,0.0
3580,Normal,Normal,0.0,0.0,0.0,0.0,1.0,0.0,0.0
3581,Normal,Normal,0.0,0.0,0.01,0.0,0.99,0.0,0.0
3582,Brute Force,Brute Force,0.0,0.966727187630533,0.0029766544270049353,0.0,0.011254272568067127,0.0,0.019041885374395086
3583,Dos/DDos,Dos/DDos,0.0,0.0,0.9581977510541871,0.0,0.031802248945812794,0.0,0.01
3584,Web Attack,Web Attack,0.0,0.0,1.4083720890171383e-05,0.0,0.0014186302283242169,6.30767990631958e-05,0.9985042092517221
3585,Dos/DDos,Dos/DDos,0.0,0.0007443191035267758,0.9875654870409813,0.0,0.007692838324666151,8.682529175821345e-05,0.003910530239067575
3586,PortScan,PortScan,0.0,0.0,0.0,0.0,7.417036449015093e-05,0.9999258296355099,0.0
3587,Normal,Normal,0.0,0.0,0.009602588659736299,0.0,0.9903974113402637,0.0,0.0
3588,Dos/DDos,Dos/DDos,0.0,0.0,1.0,0.0,0.0,0.0,0.0
3589,PortScan,PortScan,0.0,0.0,0.0,0.0,0.00047709407523288173,0.9995229059247671,0.0
3590,Normal,Normal,0.0,0.0,0.0,0.0,1.0,0.0,0.0
3591,Brute Force,Brute Force,0.0,1.0,0.0,0.0,0.0,0.0,0.0
3592,Web Attack,Web Attack,0.0,0.07968712611881276,0.004118773383477628,0.0,0.043686171418233444,0.0001145531263250645,0.8723933759531515
3593,Dos/DDos,Dos/DDos,0.0,0.0,0.7890924087451348,0.0,0.20841883563184324,0.0024887556230220797,0.0
3594,Dos/DDos,Dos/DDos,0.0,0.0,0.8981137001081404,0.0,0.10188629989185939,0.0,0.0
3595,Botnet ARES,Botnet ARES,0.9941259566131372,0.0,0.0,0.0,0.005874043386862775,0.0,0.0
3596,Normal,Normal,0.0,0.0,0.0,0.0,1.0,0.0,0.0
3597,Dos/DDos,Dos/DDos,0.0,0.003983483972893301,0.9799616327657746,0.0,0.012407752459837858,3.4417133376232516e-05,0.00361271366811785
3598,Dos/DDos,Dos/DDos,0.0,0.0,1.0,0.0,0.0,0.0,0.0
3599,Normal,Normal,0.0,0.0,0.0,0.0,1.0,0.0,0.0
3600,Brute Force,Brute Force,0.0,0.842613383770023,0.009386945559276723,0.0,0.1267183769236975,0.004982983217932167,0.016298310529070666
3601,Dos/DDos,Dos/DDos,0.0,0.0,0.8479934766017201,0.0,0.1520065233982801,0.0,0.0
3602,Normal,Normal,0.0,0.0,0.0,0.0,1.0,0.0,0.0
3603,Dos/DDos,Dos/DDos,0.0,0.0,0.9118977171926562,0.0,0.08810228280734378,0.0,0.0
3604,PortScan,PortScan,0.0,0.0,0.0,0.0,0.0018200521295441874,0.9981799478704559,0.0
3605,PortScan,PortScan,0.0,0.0,0.0,0.0,0.00010940824429178676,0.9998905917557083,0.0
3606,Dos/DDos,Dos/DDos,0.0,0.0,0.7729122121209626,0.0,0.22708778787903744,0.0,0.0
3607,Dos/DDos,Dos/DDos,0.0,0.0,1.0,0.0,0.0,0.0,0.0
3608,Dos/DDos,Dos/DDos,0.0,0.0,1.0,0.0,0.0,0.0,0.0
3609,Brute Force,Brute Force,0.0,1.0,0.0,0.0,0.0,0.0,0.0
3610,Dos/DDos,Dos/DDos,0.0,0.003983483972893301,0.9808640465968252,0.0,0.011296132169676329,3.4417133376232516e-05,0.0038219201272286373
3611,Dos/DDos,Dos/DDos,0.0,0.0,1.0,0.0,0.0,0.0,0.0
3612,Normal,Normal,0.0,0.004977348593228421,0.0,0.0,0.9883554566036343,0.00666719480313713,0.0
3613,Brute Force,Brute Force,0.0,0.999975398192537,0.0,0.0,2.4601807462940075e-05,0.0,0.0
3614,Dos/DDos,Dos/DDos,0.0,0.0,0.8836370978920854,0.0,0.11636290210791456,0.0,0.0
3615,Normal,Normal,0.0,0.0,0.006727485380116959,0.0,0.9932725146198831,0.0,0.0
3616,Dos/DDos,Dos/DDos,0.0,0.0,0.9757780309312436,0.0,0.02422196906875651,0.0,0.0
3617,Normal,Normal,0.009854784135881468,0.010513463952456528,0.015394485665610254,0.0,0.8370796695546501,0.07998562049054728,0.04717197620085432
3618,Normal,Normal,0.0,0.04032747601458641,0.12616627175908027,0.0,0.7994564609937332,0.014531421638075923,0.01951836959452403
3619,Dos/DDos,Dos/DDos,0.0,0.0,1.0,0.0,0.0,0.0,0.0
3620,Dos/DDos,Dos/DDos,0.0,0.0,1.0,0.0,0.0,0.0,0.0
3621,Normal,Web Attack,0.0,0.0,1.4083720890171383e-05,0.0,0.4655210143247858,5.561617899280442e-05,0.5344092857753313
3622,PortScan,PortScan,0.0,0.0,0.0,0.0,0.0025148155526011702,0.9974851844473989,0.0
3623,Brute Force,Brute Force,0.0,0.9388543345597631,0.0029766544270049353,0.0,0.020238988597354787,0.0,0.037930022415877354
3624,Normal,Normal,0.0,0.0,0.0,0.0,1.0,0.0,0.0
3625,Dos/DDos,Dos/DDos,0.0,0.0,1.0,0.0,0.0,0.0,0.0
3626,PortScan,PortScan,0.0,0.0,0.0,0.0,7.417036449015093e-05,0.9999258296355099,0.0
3627,Dos/DDos,Dos/DDos,0.0,0.0,1.0,0.0,0.0,0.0,0.0
3628,Web Attack,Web Attack,0.0,0.0,1.4083720890171383e-05,0.0,0.0014084435075517265,6.30767990631958e-05,0.9985143959724947
3629,PortScan,PortScan,0.0,0.0,0.0,0.0,7.417036449015093e-05,0.9999258296355099,0.0
3630,Dos/DDos,Dos/DDos,0.0,0.003983483972893301,0.9802364392175655,0.0,0.012241229161827365,3.4417133376232516e-05,0.003504430514337296
3631,PortScan,PortScan,0.0,0.0,0.0,0.0,0.0017248012932773783,0.9982751987067228,0.0
3632,PortScan,PortScan,0.0,0.0,0.0,0.0,0.0024075555955108685,0.9975924444044892,0.0
3633,Brute Force,Brute Force,0.0,0.999975398192537,0.0,0.0,2.4601807462940075e-05,0.0,0.0
3634,Dos/DDos,Dos/DDos,0.0,0.005958065522999908,0.8204764285290458,0.0,0.10351565366515585,0.00024068119919666296,0.0698091710836017
3635,PortScan,PortScan,0.0,0.0,0.0,0.0,7.417036449015093e-05,0.9999258296355099,0.0
3636,Dos/DDos,Dos/DDos,0.0,0.0,0.8394422646432369,0.0,0.1605577353567629,0.0,0.0
3637,Brute Force,Brute Force,0.0,1.0,0.0,0.0,0.0,0.0,0.0
3638,Botnet ARES,Botnet ARES,1.0,0.0,0.0,0.0,0.0,0.0,0.0
3639,PortScan,PortScan,0.0,0.0,0.0,0.0,0.00010940824429178676,0.9998905917557083,0.0
3640,Normal,Normal,0.0,0.0,0.0,0.0,0.9903421296094436,0.009657870390556354,0.0
3641,PortScan,PortScan,0.0,0.0,0.0,0.0,5.9816016913240886e-05,0.9999401839830868,0.0
3642,Dos/DDos,Dos/DDos,0.0,0.0,0.9843003657911211,0.0,0.01569963420887888,0.0,0.0
3643,Normal,Normal,0.0,0.0,0.0,0.0,1.0,0.0,0.0
3644,Web Attack,Web Attack,0.0,0.0,0.0,0.0,0.0,0.0,1.0
3645,PortScan,PortScan,0.0,0.0,0.0,0.0,0.002643876133466521,0.9973561238665336,0.0
3646,Web Attack,Web Attack,0.0,0.0,1.4083720890171383e-05,0.0,0.0014186302283242169,6.30767990631958e-05,0.9985042092517221
3647,Normal,Normal,0.0,0.0,0.005378128128039531,0.0,0.9946218718719605,0.0,0.0
3648,Web Attack,Web Attack,0.0,0.0,0.0,0.0,0.0012161754350668947,0.0,0.9987838245649331
3649,Normal,Normal,0.03299272521720019,0.0,0.005965741564094165,0.0,0.9610415332187057,0.0,0.0
3650,Normal,Normal,0.0,0.0,0.0,0.0,1.0,0.0,0.0
3651,PortScan,PortScan,0.0,0.0,0.0,0.0,0.002643876133466521,0.9973561238665336,0.0
3652,PortScan,PortScan,0.0,0.0,0.0,0.0,7.417036449015093e-05,0.9999258296355099,0.0
3653,Normal,Normal,0.0,0.06965438117087455,0.0029439974316081796,0.0,0.7753334073236797,0.0,0.15206821407383755
3654,Normal,Normal,0.0,0.0,0.0,0.0,1.0,0.0,0.0
3655,PortScan,PortScan,0.0,0.0,0.0,0.0,0.00010940824429178676,0.9998905917557083,0.0
3656,Dos/DDos,Dos/DDos,0.0,0.0,1.0,0.0,0.0,0.0,0.0
3657,Dos/DDos,Dos/DDos,0.0,0.0,1.0,0.0,0.0,0.0,0.0
3658,Dos/DDos,Dos/DDos,0.0,0.0,0.7600431620826836,0.0,0.23995683791731615,0.0,0.0
3659,Normal,Normal,0.0,0.0,0.0,0.0,1.0,0.0,0.0
3660,Dos/DDos,Dos/DDos,0.0,0.0,1.0,0.0,0.0,0.0,0.0
3661,PortScan,PortScan,0.0,0.0,0.0,0.0,0.0038068239457884918,0.9961931760542118,0.0
3662,Dos/DDos,Dos/DDos,0.0,0.0007443191035267758,0.9876993794402925,0.0,0.007558945925355023,8.682529175821345e-05,0.003910530239067575
3663,Normal,Normal,0.0,0.003983483972893301,0.0755030825475414,0.0,0.9157652312530401,0.0,0.004748202226525226
3664,Normal,Normal,0.0,0.0,0.0,0.0,1.0,0.0,0.0
3665,Dos/DDos,Dos/DDos,0.0,0.0,0.9996025886597363,0.0,0.00039741134026370113,0.0,0.0
3666,PortScan,PortScan,0.0,0.0,0.0,0.0,7.417036449015093e-05,0.9999258296355099,0.0
3667,Normal,Normal,0.0,0.0,0.0,0.0,1.0,0.0,0.0
3668,Dos/DDos,Dos/DDos,0.0,0.0,1.0,0.0,0.0,0.0,0.0
3669,PortScan,PortScan,0.0,0.0,0.0,0.0,0.0012854081067334554,0.9987145918932666,0.0
3670,Brute Force,Brute Force,0.0,0.9606661601799914,0.0029766544270049353,0.0,0.013071659635060575,0.0,0.023285525757943223
3671,PortScan,PortScan,0.0,0.0,0.0,0.0,7.417036449015093e-05,0.9999258296355099,0.0
3672,PortScan,PortScan,0.0,0.0,0.0,0.0,7.417036449015093e-05,0.9999258296355099,0.0
3673,Botnet ARES,Botnet ARES,1.0,0.0,0.0,0.0,0.0,0.0,0.0
3674,Normal,Normal,0.0,0.0,0.0,0.0,1.0,0.0,0.0
3675,PortScan,PortScan,0.0,0.0,0.0,0.0,0.005118446459667855,0.9948815535403323,0.0
3676,PortScan,PortScan,0.0,0.0,0.0,0.0,0.0014028033590947247,0.9985971966409053,0.0
3677,PortScan,PortScan,0.0,0.0,0.0,0.0,0.0010488510706976421,0.9989511489293024,0.0
3678,Brute Force,Brute Force,0.0,0.9606661601799914,0.0029766544270049353,0.0,0.013071659635060575,0.0,0.023285525757943223
3679,PortScan,PortScan,0.0,0.0,0.0,0.0,7.417036449015093e-05,0.9999258296355099,0.0
3680,Dos/DDos,Dos/DDos,0.0,0.0,1.0,0.0,0.0,0.0,0.0
3681,PortScan,PortScan,0.0,0.0,0.0,0.0,7.417036449015093e-05,0.9999258296355099,0.0
3682,Dos/DDos,Dos/DDos,0.0,0.0,1.0,0.0,0.0,0.0,0.0
3683,Normal,Normal,0.0,0.0,0.0,0.0,1.0,0.0,0.0
3684,Brute Force,Brute Force,0.0,1.0,0.0,0.0,0.0,0.0,0.0
3685,Botnet ARES,Botnet ARES,1.0,0.0,0.0,0.0,0.0,0.0,0.0
3686,Normal,Normal,0.0,0.0,0.03326728001887238,0.0,0.9567327199811276,0.0,0.01
3687,Dos/DDos,Dos/DDos,0.0,0.0005642355865321211,0.9914636341199922,0.0,0.006606776893840031,0.00020505660381482473,0.0011602967958208664
3688,Dos/DDos,Dos/DDos,0.0,0.0,1.0,0.0,0.0,0.0,0.0
3689,Dos/DDos,Dos/DDos,0.0,0.0,1.0,0.0,0.0,0.0,0.0
3690,Normal,Dos/DDos,0.0,0.0,0.809832379149246,0.0,0.18767886522773192,0.0024887556230220797,0.0
3691,Dos/DDos,Dos/DDos,0.0,0.0005642355865321211,0.9890007385062134,0.0,0.009035255374242646,0.00023947373719105728,0.0011602967958208664
3692,Normal,Normal,0.0,0.0,0.0,0.0,1.0,0.0,0.0
3693,PortScan,PortScan,0.0,0.0,0.0,0.0,0.0013826716838337488,0.9986173283161663,0.0
3694,Dos/DDos,Dos/DDos,0.0,0.0007443191035267758,0.9869302150186618,0.0,0.008293693213609463,0.00012124242513444596,0.003910530239067575
3695,Dos/DDos,Dos/DDos,0.0,0.003983483972893301,0.9802364392175655,0.0,0.012241229161827365,3.4417133376232516e-05,0.003504430514337296
3696,Dos/DDos,Dos/DDos,0.0,0.0,0.7980875038570777,0.0,0.20191249614292223,0.0,0.0
3697,Normal,Normal,0.0,0.05646238871313823,0.0029439974316081796,0.0,0.7999184741807338,0.0,0.14067513967451983
3698,Dos/DDos,Dos/DDos,0.0,0.003983483972893301,0.9635035598189958,0.0,0.010039966468653173,0.0,0.022472989739457345
3699,Dos/DDos,Dos/DDos,0.0,0.0,0.9093132177864579,0.0,0.09068678221354215,0.0,0.0
3700,Dos/DDos,Dos/DDos,0.0,0.0,1.0,0.0,0.0,0.0,0.0
3701,Normal,Normal,0.0,0.0,0.0,0.0,1.0,0.0,0.0
3702,Normal,Normal,0.0,0.0,0.0,0.0,1.0,0.0,0.0
3703,PortScan,PortScan,0.0,0.0,0.0,0.0,7.417036449015093e-05,0.9999258296355099,0.0
3704,Normal,Normal,0.0,0.02501632843480289,0.030002308486692674,0.0,0.7088999969063465,0.23608136617215789,0.0
3705,PortScan,PortScan,0.0,0.0,0.0,0.0,0.0035049851002136325,0.9964950148997866,0.0
3706,PortScan,PortScan,0.0,0.0,0.0,0.0,0.0015178542559857607,0.9984821457440143,0.0
3707,Brute Force,Brute Force,0.0,0.999975398192537,0.0,0.0,2.4601807462940075e-05,0.0,0.0
3708,Normal,Normal,0.006611698817672682,0.0,0.01,0.0,0.9833883011823273,0.0,0.0
3709,Normal,Normal,0.16363718368620028,0.0,0.0,0.0,0.8363628163137998,0.0,0.0
3710,Dos/DDos,Dos/DDos,0.0,0.0,1.0,0.0,0.0,0.0,0.0
3711,Web Attack,Web Attack,0.0,0.0,1.4083720890171383e-05,0.0,0.0014186302283242169,6.30767990631958e-05,0.9985042092517221
3712,Web Attack,Web Attack,0.0,0.0,1.4083720890171383e-05,0.0,0.0010767330448849778,5.853123184749522e-05,0.9988506520023772
3713,Normal,Normal,0.0,0.0,0.0,0.0,1.0,0.0,0.0
3714,Normal,Normal,0.0,0.0,0.0,0.0,1.0,0.0,0.0
3715,Brute Force,Brute Force,0.0,1.0,0.0,0.0,0.0,0.0,0.0
3716,Dos/DDos,Dos/DDos,0.0,0.003983483972893301,0.9808640465968252,0.0,0.011296132169676329,3.4417133376232516e-05,0.0038219201272286373
3717,Dos/DDos,Dos/DDos,0.0,0.0,1.0,0.0,0.0,0.0,0.0
3718,Dos/DDos,Dos/DDos,0.0,0.0,1.0,0.0,0.0,0.0,0.0
3719,Normal,Normal,0.0,0.0,0.0,0.0,1.0,0.0,0.0
3720,PortScan,PortScan,0.0,0.0,0.0,0.0,0.0016622234901200867,0.99833777650988,0.0
3721,Dos/DDos,Dos/DDos,0.0,0.0,1.0,0.0,0.0,0.0,0.0
3722,Brute Force,Brute Force,0.0,1.0,0.0,0.0,0.0,0.0,0.0
3723,Dos/DDos,Dos/DDos,0.0,0.0,1.0,0.0,0.0,0.0,0.0
3724,Normal,Normal,0.0,0.005022421524663677,0.0,0.0,0.9949775784753363,0.0,0.0
3725,Dos/DDos,Dos/DDos,0.0,0.0,1.0,0.0,0.0,0.0,0.0
3726,Dos/DDos,Dos/DDos,0.0,0.0,1.0,0.0,0.0,0.0,0.0
3727,Brute Force,Brute Force,0.0,0.962706150113201,0.0029766544270049353,0.0,0.01276546330221945,0.0,0.021551732157574756
3728,Dos/DDos,Dos/DDos,0.0,0.0,0.9004598660203055,0.0,0.0995401339796945,0.0,0.0
3729,PortScan,PortScan,0.0,0.0,0.0,0.0,0.00207745614537608,0.9979225438546241,0.0
3730,Normal,Normal,0.0,0.0,0.0,0.0,1.0,0.0,0.0
3731,Normal,Normal,0.0,0.0,0.4396659387906183,0.0,0.5603340612093817,0.0,0.0
3732,Dos/DDos,Dos/DDos,0.0,0.0,0.8735115630484661,0.0,0.04336777602312006,0.0831206609284138,0.0
3733,Normal,Normal,0.0,0.0,0.0,0.0,1.0,0.0,0.0
3734,Botnet ARES,Botnet ARES,0.9942400076709913,0.0,0.0,0.0,0.005759992329008527,0.0,0.0
3735,PortScan,PortScan,0.0,0.0,0.0,0.0,0.00010940824429178676,0.9998905917557083,0.0
3736,Normal,Normal,0.02,0.02332016051916157,0.027494205052005945,0.0,0.9291856344288325,0.0,0.0
3737,PortScan,PortScan,0.0,0.0,0.0,0.0,0.002199916599990163,0.99780008340001,0.0
3738,PortScan,PortScan,0.0,0.0,0.0,0.0,0.002643876133466521,0.9973561238665336,0.0
3739,Dos/DDos,Dos/DDos,0.0,0.0,1.0,0.0,0.0,0.0,0.0
3740,Web Attack,Web Attack,0.0,0.0,0.0,0.0,0.004013465720152998,0.0,0.995986534279847
3741,Brute Force,Brute Force,0.0,0.9606661601799914,0.0029766544270049353,0.0,0.013071659635060575,0.0,0.023285525757943223
3742,Brute Force,Brute Force,0.0,0.9606661601799914,0.0029766544270049353,0.0,0.013071659635060575,0.0,0.023285525757943223
3743,Brute Force,Brute Force,0.0,1.0,0.0,0.0,0.0,0.0,0.0
3744,Dos/DDos,Dos/DDos,0.0,0.00032747601458640906,0.9326205901833403,0.0,0.058285716459255774,0.00014479321798189455,0.008621424124835637
3745,Normal,Normal,0.0,0.0,0.0,0.0,1.0,0.0,0.0
3746,Botnet ARES,Botnet ARES,0.999774330969387,0.0,0.0,0.0,0.00022566903061300287,0.0,0.0
3747,Web Attack,Web Attack,0.0,0.0,1.4083720890171383e-05,0.0,0.0014186302283242169,6.30767990631958e-05,0.9985042092517221
3748,Dos/DDos,Dos/DDos,0.0,0.0,1.0,0.0,0.0,0.0,0.0
3749,Dos/DDos,Dos/DDos,0.0,0.003983483972893301,0.9800320225485885,0.0,0.012723796516249329,3.4417133376232516e-05,0.003226279828892521
3750,Brute Force,Brute Force,0.0,0.9998930490496046,0.0,0.0,0.00010695095039544507,0.0,0.0
3751,Normal,Normal,0.0,0.0,0.0,0.0,1.0,0.0,0.0
3752,Normal,Normal,0.0,0.0,0.0,0.009943529411764705,0.9854188990207728,0.0,0.004637571567462462
3753,Normal,Normal,0.0,0.0,0.07917408134985929,0.0,0.9033066186573562,0.007519299992784343,0.01
3754,Dos/DDos,Dos/DDos,0.0,0.003983483972893301,0.9814281759400566,0.0,0.010750886841346795,0.0,0.0038374532457031356
3755,Brute Force,Brute Force,0.0,0.962706150113201,0.0029766544270049353,0.0,0.01276546330221945,0.0,0.021551732157574756
3756,PortScan,PortScan,0.0,0.0,0.0,0.0,7.417036449015093e-05,0.9999258296355099,0.0
3757,PortScan,PortScan,0.0,0.0,0.0,0.0,0.00010940824429178676,0.9998905917557083,0.0
3758,Dos/DDos,Dos/DDos,0.0,0.0,1.0,0.0,0.0,0.0,0.0
3759,Dos/DDos,Dos/DDos,0.0,0.005228976097580453,0.9502529944756866,0.0,0.037351778549792325,0.00024068119919666296,0.006925569677743949
3760,Dos/DDos,Dos/DDos,0.0,0.0,1.0,0.0,0.0,0.0,0.0
3761,Normal,Normal,0.0,0.0,0.0,0.0,1.0,0.0,0.0
3762,Botnet ARES,Botnet ARES,1.0,0.0,0.0,0.0,0.0,0.0,0.0
3763,PortScan,PortScan,0.0,0.0,0.0,0.0,0.00010940824429178676,0.9998905917557083,0.0
3764,Normal,Normal,0.0,0.02584975939984523,0.0,0.0,0.9591058251080312,0.015044415492123653,0.0
3765,Brute Force,Brute Force,0.0,1.0,0.0,0.0,0.0,0.0,0.0
3766,Brute Force,Brute Force,0.0,1.0,0.0,0.0,0.0,0.0,0.0
3767,Normal,Normal,0.0,0.08931657711351056,0.003100115855743763,0.0,0.7744245581929329,0.0,0.1331587488378129
3768,Dos/DDos,Dos/DDos,0.0,0.0,1.0,0.0,0.0,0.0,0.0
3769,Dos/DDos,Dos/DDos,0.0,0.0,1.0,0.0,0.0,0.0,0.0
3770,PortScan,PortScan,0.0,0.0,0.0,0.0,7.417036449015093e-05,0.9999258296355099,0.0
3771,Brute Force,Brute Force,0.0,1.0,0.0,0.0,0.0,0.0,0.0
3772,PortScan,PortScan,0.0,0.0,0.0,0.0,0.0011678408231380996,0.9988321591768619,0.0
3773,Normal,Normal,0.01,0.0,0.02296210521529777,0.0,0.9670378947847023,0.0,0.0
3774,Dos/DDos,Dos/DDos,0.0,0.0,1.0,0.0,0.0,0.0,0.0
3775,PortScan,PortScan,0.0,0.0,0.0,0.0,0.0024568433805013026,0.9975431566194989,0.0
3776,Normal,Normal,0.0,0.006619915848527349,0.041766623449603045,0.0,0.9416134607018697,0.0,0.01
3777,Brute Force,Brute Force,0.0,1.0,0.0,0.0,0.0,0.0,0.0
3778,Normal,Normal,0.014956501565943628,0.011677876039293489,0.05495948231151649,0.0,0.8228384237720736,0.009977948303435655,0.08558976800773724
3779,Brute Force,Brute Force,0.0,1.0,0.0,0.0,0.0,0.0,0.0
3780,Dos/DDos,Dos/DDos,0.0,0.003983483972893301,0.9802364392175655,0.0,0.012241229161827365,3.4417133376232516e-05,0.003504430514337296
3781,Brute Force,Brute Force,0.0,0.962706150113201,0.0029766544270049353,0.0,0.01276546330221945,0.0,0.021551732157574756
3782,Dos/DDos,Dos/DDos,0.0,0.0,1.0,0.0,0.0,0.0,0.0
3783,Web Attack,Web Attack,0.0,0.0,1.4083720890171383e-05,0.0,0.0010767330448849778,5.853123184749522e-05,0.9988506520023772
3784,PortScan,PortScan,0.0,0.0,0.0,0.0,7.417036449015093e-05,0.9999258296355099,0.0
3785,Brute Force,Brute Force,0.0,1.0,0.0,0.0,0.0,0.0,0.0
3786,PortScan,PortScan,0.0,0.0,0.0,0.0,7.417036449015093e-05,0.9999258296355099,0.0
3787,Dos/DDos,Dos/DDos,0.0,0.0,0.9670846680512446,0.0,0.03291533194875541,0.0,0.0
3788,Dos/DDos,Dos/DDos,0.0,0.0,1.0,0.0,0.0,0.0,0.0
3789,PortScan,PortScan,0.0,0.0,0.0,0.0,0.0018200521295441874,0.9981799478704559,0.0
3790,Dos/DDos,Dos/DDos,0.0,0.0,1.0,0.0,0.0,0.0,0.0
3791,Dos/DDos,Dos/DDos,0.0,0.0,1.0,0.0,0.0,0.0,0.0
3792,Brute Force,Brute Force,0.0,0.999975398192537,0.0,0.0,2.4601807462940075e-05,0.0,0.0
3793,Normal,Normal,0.0,0.04109736080440572,0.003078639010419189,0.0,0.8840516031566801,0.0,0.07177239702849489
3794,Normal,Normal,0.0,0.0,0.0,0.0,1.0,0.0,0.0
3795,PortScan,PortScan,0.0,0.0,0.0,0.0,7.417036449015093e-05,0.9999258296355099,0.0
3796,Normal,Normal,0.006222222222222221,0.003408192313775107,0.0,0.0,0.9837550391479638,0.006614546316038853,0.0
3797,Normal,Normal,0.0,0.0,0.0,0.0,1.0,0.0,0.0
3798,Normal,Normal,0.0,0.0,0.0,0.0,1.0,0.0,0.0
3799,Dos/DDos,Dos/DDos,0.0,0.0,0.9933470420752926,0.0,0.00665295792470737,0.0,0.0
3800,Normal,Normal,0.0,0.0,0.0,0.0,1.0,0.0,0.0
3801,Normal,Normal,0.0,0.0,0.0,0.0,1.0,0.0,0.0
3802,Dos/DDos,Dos/DDos,0.0,0.0,1.0,0.0,0.0,0.0,0.0
3803,PortScan,PortScan,0.0,0.0,0.0,0.0,0.0032791012240659325,0.9967208987759341,0.0
3804,Normal,Normal,0.0,0.0,0.0,0.0,1.0,0.0,0.0
3805,Dos/DDos,Dos/DDos,0.0,0.0,1.0,0.0,0.0,0.0,0.0
3806,Dos/DDos,Dos/DDos,0.0,0.0,0.958911355128605,0.0,0.04108864487139492,0.0,0.0
3807,PortScan,PortScan,0.0,0.0,0.0,0.0,7.417036449015093e-05,0.9999258296355099,0.0
3808,Dos/DDos,Dos/DDos,0.0,0.003983483972893301,0.9798816115588964,0.0,0.012874207505941268,3.4417133376232516e-05,0.003226279828892521
3809,Normal,Normal,0.0,0.0,0.0,0.0,1.0,0.0,0.0
3810,Dos/DDos,Dos/DDos,0.0,0.0,0.8698925012021677,0.0,0.1301074987978323,0.0,0.0
3811,Normal,Normal,0.0,0.0,0.013200319583233986,0.0,0.986799680416766,0.0,0.0
3812,Brute Force,Brute Force,0.0,0.9998667055532651,0.0,0.0,0.00013329444673491696,0.0,0.0
3813,Brute Force,Brute Force,0.0,0.9606661601799914,0.0029766544270049353,0.0,0.013071659635060575,0.0,0.023285525757943223
3814,PortScan,PortScan,0.0,0.0,0.0,0.0,7.417036449015093e-05,0.9999258296355099,0.0
3815,Dos/DDos,Dos/DDos,0.0,0.0,1.0,0.0,0.0,0.0,0.0
3816,PortScan,PortScan,0.0,0.0,0.0,0.0,0.00010940824429178676,0.9998905917557083,0.0
3817,Dos/DDos,Dos/DDos,0.0,0.0,0.9991205143289352,0.0,0.0008794856710647951,0.0,0.0
3818,PortScan,PortScan,0.0,0.0,0.0,0.0,0.00207745614537608,0.9979225438546241,0.0
3819,Dos/DDos,Dos/DDos,0.0,0.0,1.0,0.0,0.0,0.0,0.0
3820,Dos/DDos,Dos/DDos,0.0,0.0,1.0,0.0,0.0,0.0,0.0
3821,Normal,Normal,0.0,0.013270127447932855,0.015072320422176601,0.0,0.9553800632300496,0.0,0.016277488899841007
3822,Normal,Normal,0.0,0.0,0.0,0.0,1.0,0.0,0.0
3823,PortScan,PortScan,0.0,0.0,0.0,0.0,7.417036449015093e-05,0.9999258296355099,0.0
3824,Dos/DDos,Dos/DDos,0.0,0.0,0.99,0.0,0.01,0.0,0.0
3825,Normal,Normal,0.0,0.0,0.0,0.0,1.0,0.0,0.0
3826,Normal,Dos/DDos,0.0,0.0,0.8723982437211837,0.0,0.12760175627881631,0.0,0.0
3827,PortScan,PortScan,0.0,0.0,0.0,0.0,7.417036449015093e-05,0.9999258296355099,0.0
3828,Dos/DDos,Dos/DDos,0.0,0.0007443191035267758,0.9876993794402925,0.0,0.007558945925355023,8.682529175821345e-05,0.003910530239067575
3829,Dos/DDos,Dos/DDos,0.0,0.0,0.9850908877682656,0.0,0.014909112231734491,0.0,0.0
3830,PortScan,PortScan,0.0,0.0,0.0,0.0,0.002088291821949033,0.9979117081780511,0.0
3831,Dos/DDos,Dos/DDos,0.0,0.0,0.7721117812712148,0.0,0.22788821872878515,0.0,0.0
3832,Normal,Normal,0.0,0.0,0.0,0.0,1.0,0.0,0.0
3833,PortScan,PortScan,0.0,0.0,0.0,0.0,7.417036449015093e-05,0.9999258296355099,0.0
3834,Normal,Normal,0.0,0.0,0.0,0.0,1.0,0.0,0.0
3835,Normal,Normal,0.0,0.0,0.0,0.0,1.0,0.0,0.0
3836,Dos/DDos,Dos/DDos,0.0,0.003983483972893301,0.9798112217760826,0.0,0.012558163449529798,3.4417133376232516e-05,0.00361271366811785
3837,Botnet ARES,Botnet ARES,1.0,0.0,0.0,0.0,0.0,0.0,0.0
3838,Brute Force,Brute Force,0.0,1.0,0.0,0.0,0.0,0.0,0.0
3839,PortScan,PortScan,0.0,0.0,0.0,0.0,0.03881877483041803,0.9472136480693736,0.013967577100208328
3840,Dos/DDos,Dos/DDos,0.0,0.003983483972893301,0.9800320225485885,0.0,0.012723796516249329,3.4417133376232516e-05,0.003226279828892521
3841,PortScan,PortScan,0.0,0.0,0.0,0.0,7.417036449015093e-05,0.9999258296355099,0.0
3842,Normal,Normal,0.0,0.0,0.0,0.0,1.0,0.0,0.0
3843,PortScan,PortScan,0.0,0.0,0.0,0.0,0.00010940824429178676,0.9998905917557083,0.0
3844,Brute Force,Brute Force,0.0,1.0,0.0,0.0,0.0,0.0,0.0
3845,Normal,Normal,0.0,0.0,0.016671295224870784,0.0,0.97,0.013328704775129215,0.0
3846,Dos/DDos,Dos/DDos,0.0,0.0,1.0,0.0,0.0,0.0,0.0
3847,Normal,Normal,0.0,0.0,0.0,0.0,1.0,0.0,0.0
3848,Normal,Normal,0.0,0.0,0.0,0.0,1.0,0.0,0.0
3849,Dos/DDos,Dos/DDos,0.0,0.0,1.0,0.0,0.0,0.0,0.0
3850,Normal,Normal,0.0,0.0,0.0,0.0,1.0,0.0,0.0
3851,Dos/DDos,Dos/DDos,0.0,0.0,1.0,0.0,0.0,0.0,0.0
3852,Brute Force,Brute Force,0.0,0.9998667055532651,0.0,0.0,0.00013329444673491696,0.0,0.0
3853,Dos/DDos,Dos/DDos,0.0,0.003983483972893301,0.9810029584985736,0.0,0.011067821129049226,0.0,0.00394573639948369
3854,PortScan,PortScan,0.0,0.0,0.0,0.0,0.001532701481143675,0.9984672985188564,0.0
3855,Dos/DDos,Dos/DDos,0.0,0.0,0.6554715452357154,0.0,0.3445284547642845,0.0,0.0
3856,PortScan,PortScan,0.0,0.0,0.0,0.0,0.0016622234901200867,0.99833777650988,0.0
3857,Dos/DDos,Dos/DDos,0.0,0.0,0.8602428115596287,0.0,0.13975718844037147,0.0,0.0
3858,Botnet ARES,Botnet ARES,0.999774330969387,0.0,0.0,0.0,0.00022566903061300287,0.0,0.0
3859,Normal,Normal,0.0,0.0,0.0,0.0,1.0,0.0,0.0
3860,Brute Force,Brute Force,0.0,1.0,0.0,0.0,0.0,0.0,0.0
3861,Dos/DDos,Dos/DDos,0.0,0.003983483972893301,0.9802364392175655,0.0,0.012241229161827365,3.4417133376232516e-05,0.003504430514337296
3862,Normal,Normal,0.0,0.051028210007149626,0.0029439974316081796,0.0,0.87326568872617,0.0,0.07276210383507212
3863,Normal,Normal,0.0,0.0,0.0,0.0,1.0,0.0,0.0
3864,Botnet ARES,Botnet ARES,0.9402475543646888,0.001252511891965271,0.0,0.0,0.05825141089818769,0.0002485228451580894,0.0
3865,Normal,Normal,0.0,0.02339034488432025,0.017477230787546878,0.0,0.9064263281154311,0.0,0.052706096212701586
3866,Brute Force,Brute Force,0.0,1.0,0.0,0.0,0.0,0.0,0.0
3867,Normal,Normal,0.0,0.0,0.0,0.0,1.0,0.0,0.0
3868,Normal,Normal,0.14055100012418348,0.0,0.0,0.0,0.8594489998758165,0.0,0.0
3869,Normal,Normal,0.0,0.0,0.0,0.0,1.0,0.0,0.0
3870,Normal,Normal,0.018808605574822952,0.012853498779220594,0.02436880402866212,0.0,0.8979466807993175,0.03,0.016022410817976868
3871,PortScan,PortScan,0.0,0.0,0.0,0.0,7.417036449015093e-05,0.9999258296355099,0.0
3872,Normal,Normal,0.0,0.0,0.251348904012306,0.0,0.7486510959876942,0.0,0.0
3873,Dos/DDos,Dos/DDos,0.0,0.0,0.9933142015046924,0.0,0.0,0.006685798495307531,0.0
3874,Normal,Normal,0.0,0.0,0.0,0.0,1.0,0.0,0.0
3875,PortScan,PortScan,0.0,0.0,0.0,0.0,7.417036449015093e-05,0.9999258296355099,0.0
3876,Brute Force,Brute Force,0.0,0.9604793911057681,0.0029766544270049353,0.0,0.013258428709283907,0.0,0.023285525757943223
3877,Brute Force,Brute Force,0.0,1.0,0.0,0.0,0.0,0.0,0.0
3878,Dos/DDos,Dos/DDos,0.0,0.0,0.977417276817167,0.0,0.018076923312663796,0.004505799870169153,0.0
3879,PortScan,PortScan,0.0,0.0,0.0,0.0,0.00010940824429178676,0.9998905917557083,0.0
3880,Dos/DDos,Dos/DDos,0.0,0.003983483972893301,0.9812237592710793,0.0,0.011233454195768756,0.0,0.0035593025602583604
3881,Dos/DDos,Dos/DDos,0.0,0.0,1.0,0.0,0.0,0.0,0.0
3882,Web Attack,Web Attack,0.0,0.0,1.4083720890171383e-05,0.0,0.0014084435075517265,6.30767990631958e-05,0.9985143959724947
3883,Dos/DDos,Dos/DDos,0.0,0.0,1.0,0.0,0.0,0.0,0.0
3884,Web Attack,Web Attack,0.0,0.0,1.4083720890171383e-05,0.0,0.0013872884381312548,6.30767990631958e-05,0.9985355510419153
3885,Dos/DDos,Dos/DDos,0.0,0.0005642355865321211,0.9621998434069894,0.0,0.026872262954981532,0.009546540581359158,0.000817117470137905
3886,Dos/DDos,Dos/DDos,0.0,0.011249263126876215,0.8333183950453997,0.0,0.07808789881456073,0.002557572939844682,0.07478687007331856
3887,Brute Force,Brute Force,0.0,0.999975398192537,0.0,0.0,2.4601807462940075e-05,0.0,0.0
3888,Dos/DDos,Dos/DDos,0.0,0.003983483972893301,0.9815127929338593,0.0,0.009805789849195758,0.0,0.004697933244051386
3889,PortScan,PortScan,0.0,0.0,0.0,0.0,0.001978219536121109,0.9980217804638791,0.0
3890,PortScan,PortScan,0.0,0.0,0.0,0.0,0.0034851590630856476,0.9965148409369146,0.0
3891,Dos/DDos,Dos/DDos,0.0,0.0,0.6398310473786816,0.0,0.3601689526213184,0.0,0.0
3892,Dos/DDos,Dos/DDos,0.0,0.0,0.9966953259340317,0.0,0.0,0.0033046740659684226,0.0
3893,Dos/DDos,Dos/DDos,0.0,0.0007443191035267758,0.9875654870409813,0.0,0.007692838324666151,8.682529175821345e-05,0.003910530239067575
3894,Normal,Normal,0.0,0.02347747288364255,0.016317818253013466,0.0,0.9601756762336927,2.9032629651224354e-05,0.0
3895,Dos/DDos,Dos/DDos,0.0,0.003983483972893301,0.9808640465968252,0.0,0.011296132169676329,3.4417133376232516e-05,0.0038219201272286373
3896,Normal,Normal,0.0,0.0,0.0,0.0,1.0,0.0,0.0
3897,Brute Force,Brute Force,0.0,1.0,0.0,0.0,0.0,0.0,0.0
3898,PortScan,PortScan,0.0,0.0,0.0,0.0,0.012811081175112484,0.9871889188248875,0.0
3899,Dos/DDos,Dos/DDos,0.0,0.0,1.0,0.0,0.0,0.0,0.0
3900,Dos/DDos,Dos/DDos,0.0,0.0,1.0,0.0,0.0,0.0,0.0
3901,Dos/DDos,Dos/DDos,0.0,0.00032747601458640906,0.9129862736142087,0.0,0.06107576948701304,0.00014479321798189455,0.025465687666210032
3902,PortScan,PortScan,0.0,0.0,0.0,0.0,0.0015178542559857607,0.9984821457440143,0.0
3903,Dos/DDos,Dos/DDos,0.0,0.003983483972893301,0.9802364392175655,0.0,0.012241229161827365,3.4417133376232516e-05,0.003504430514337296
3904,PortScan,PortScan,0.0,0.0,0.0,0.0,0.007730449201593091,0.9922695507984072,0.0
3905,Dos/DDos,Dos/DDos,0.0,0.0,1.0,0.0,0.0,0.0,0.0
3906,Dos/DDos,Dos/DDos,0.0,0.0,0.9444092989195632,0.0,0.05559070108043653,0.0,0.0
3907,Dos/DDos,Dos/DDos,0.0,0.0,0.8856832169156322,0.0,0.11431678308436755,0.0,0.0
3908,Brute Force,Brute Force,0.0,0.999975398192537,0.0,0.0,2.4601807462940075e-05,0.0,0.0
3909,Botnet ARES,Botnet ARES,0.981429846034693,0.0,0.0,0.0,0.018570153965307142,0.0,0.0
3910,Dos/DDos,Dos/DDos,0.0,0.0,1.0,0.0,0.0,0.0,0.0
3911,PortScan,PortScan,0.0,0.0,0.0,0.0,0.0017390630352036819,0.9982609369647963,0.0
3912,PortScan,PortScan,0.0,0.0,0.0,0.0,0.0013708639541191328,0.998629136045881,0.0
3913,PortScan,PortScan,0.0,0.0,0.0,0.0,0.0013851256960454358,0.9986148743039546,0.0
3914,Dos/DDos,Dos/DDos,0.0,0.006641375038711674,0.9053748123997191,0.0,0.08087887244677525,0.007104940114793803,0.0
3915,PortScan,PortScan,0.0,0.0,0.0,0.0,0.0010488510706976421,0.9989511489293024,0.0
3916,Dos/DDos,Dos/DDos,0.0,0.0,1.0,0.0,0.0,0.0,0.0
3917,Normal,Normal,0.0,0.0,0.0,0.0,1.0,0.0,0.0
3918,Brute Force,Brute Force,0.0,0.962706150113201,0.0029766544270049353,0.0,0.01276546330221945,0.0,0.021551732157574756
3919,Dos/DDos,Dos/DDos,0.0,0.0,1.0,0.0,0.0,0.0,0.0
3920,Normal,Normal,0.0,0.009962011421683981,0.047295798401418565,0.0,0.9125681323849641,0.00249577651372417,0.027678281278209066
3921,Normal,Normal,0.0,0.0,0.0,0.0,1.0,0.0,0.0
3922,Normal,Normal,0.0,0.0,0.0,0.0,1.0,0.0,0.0
3923,Normal,Normal,0.0,0.0,0.0,0.0,1.0,0.0,0.0
3924,Web Attack,Web Attack,0.0,0.004632212486517052,0.2609679786948866,0.0,0.34073807107904536,0.0033256976095892904,0.39033604012996165
3925,PortScan,PortScan,0.0,0.0,0.0,0.0,7.417036449015093e-05,0.9999258296355099,0.0
3926,PortScan,PortScan,0.0,0.0,0.0,0.0,0.0035049851002136325,0.9964950148997866,0.0
3927,Dos/DDos,Dos/DDos,0.0,0.0,1.0,0.0,0.0,0.0,0.0
3928,Normal,Normal,0.0,0.0,0.0,0.0,1.0,0.0,0.0
3929,Brute Force,Brute Force,0.0,1.0,0.0,0.0,0.0,0.0,0.0
3930,Dos/DDos,Dos/DDos,0.0,0.0,1.0,0.0,0.0,0.0,0.0
3931,Dos/DDos,Dos/DDos,0.0,0.0,0.8140735382322586,0.0,0.1859264617677414,0.0,0.0
3932,Dos/DDos,Dos/DDos,0.0,0.003983483972893301,0.9814281759400566,0.0,0.010750886841346795,0.0,0.0038374532457031356
3933,Brute Force,Brute Force,0.0,0.999975398192537,0.0,0.0,2.4601807462940075e-05,0.0,0.0
3934,Normal,Normal,0.0,0.0,0.0,0.0,0.9833673876606274,0.016632612339372653,0.0
3935,Dos/DDos,Dos/DDos,0.0,0.0,1.0,0.0,0.0,0.0,0.0
3936,Dos/DDos,Dos/DDos,0.0,0.0007443191035267758,0.987064107417973,0.0,0.008159800814298335,0.00012124242513444596,0.003910530239067575
3937,Normal,Normal,0.0,0.0,0.0,0.0,1.0,0.0,0.0
3938,PortScan,PortScan,0.0,0.0,0.0,0.0,0.001978219536121109,0.9980217804638791,0.0
3939,Brute Force,Brute Force,0.0,0.999975398192537,0.0,0.0,2.4601807462940075e-05,0.0,0.0
3940,Normal,Normal,0.047992280813435026,0.0,0.0,0.0,0.9520077191865649,0.0,0.0
3941,PortScan,PortScan,0.0,0.0,0.0,0.0,7.417036449015093e-05,0.9999258296355099,0.0
3942,Botnet ARES,Botnet ARES,0.999774330969387,0.0,0.0,0.0,0.00022566903061300287,0.0,0.0
3943,Brute Force,Brute Force,0.0,0.999975398192537,0.0,0.0,2.4601807462940075e-05,0.0,0.0
3944,Dos/DDos,Dos/DDos,0.0,0.0,1.0,0.0,0.0,0.0,0.0
3945,PortScan,PortScan,0.0,0.0,0.0,0.0,0.00010940824429178676,0.9998905917557083,0.0
3946,Brute Force,Brute Force,0.0,0.9606661601799914,0.0029766544270049353,0.0,0.013071659635060575,0.0,0.023285525757943223
3947,PortScan,PortScan,0.0,0.0,0.0,0.0,0.0013708639541191328,0.998629136045881,0.0
3948,Normal,Normal,0.0,0.0,0.0,0.0,1.0,0.0,0.0
3949,Botnet ARES,Botnet ARES,1.0,0.0,0.0,0.0,0.0,0.0,0.0
3950,PortScan,PortScan,0.0,0.0,0.0,0.0,7.417036449015093e-05,0.9999258296355099,0.0
3951,Dos/DDos,Dos/DDos,0.0,0.0,0.9949114219114219,0.0,0.005088578088578088,0.0,0.0
3952,PortScan,PortScan,0.0,0.0,0.0,0.0,7.417036449015093e-05,0.9999258296355099,0.0
3953,Dos/DDos,Dos/DDos,0.0,0.003983483972893301,0.9812379864820682,0.0,0.00997231314720625,0.0,0.0048062163978319404
3954,Brute Force,Brute Force,0.0,1.0,0.0,0.0,0.0,0.0,0.0
3955,Normal,Normal,0.007138208597362563,0.003983483972893301,0.18135024168226152,0.0,0.8023351187921196,3.4417133376232516e-05,0.005158529821986756
3956,PortScan,PortScan,0.0,0.0,0.0,0.0,0.0013826716838337488,0.9986173283161663,0.0
3957,PortScan,PortScan,0.0,0.0,0.0,0.0,0.00010940824429178676,0.9998905917557083,0.0
3958,Dos/DDos,Dos/DDos,0.0,0.0007443191035267758,0.9869302150186618,0.0,0.008293693213609463,0.00012124242513444596,0.003910530239067575
3959,PortScan,PortScan,0.0,0.0,0.0,0.0,0.0010488510706976421,0.9989511489293024,0.0
3960,PortScan,PortScan,0.0,0.0,0.0,0.0,0.0012545663175091539,0.9987454336824909,0.0
3961,PortScan,PortScan,0.0,0.0,0.0,0.0,0.0017248012932773783,0.9982751987067228,0.0
3962,PortScan,PortScan,0.0,0.0,0.0,0.0,7.417036449015093e-05,0.9999258296355099,0.0
3963,Dos/DDos,Dos/DDos,0.0,0.003983483972893301,0.9804388291553423,0.0,0.01161306645737876,3.4417133376232516e-05,0.003930203281009192
3964,Normal,Normal,0.0,0.0,0.0,0.0,1.0,0.0,0.0
3965,Dos/DDos,Dos/DDos,0.0,0.003983483972893301,0.9810875754923762,0.0,0.010122724136898189,0.0,0.0048062163978319404
3966,PortScan,PortScan,0.0,0.0,0.0,0.0,7.417036449015093e-05,0.9999258296355099,0.0
3967,Dos/DDos,Dos/DDos,0.0,0.0,0.9882928947469574,0.0,0.011707105253042489,0.0,0.0
3968,Brute Force,Brute Force,0.0,1.0,0.0,0.0,0.0,0.0,0.0
3969,Normal,Normal,0.0,0.0,0.0,0.019910106576705427,0.9800898934232946,0.0,0.0
3970,PortScan,PortScan,0.0,0.0,0.0,0.0,0.001765337667085487,0.9982346623329146,0.0
3971,Brute Force,Brute Force,0.0,0.9998667055532651,0.0,0.0,0.00013329444673491696,0.0,0.0
3972,Dos/DDos,Dos/DDos,0.0,0.0,1.0,0.0,0.0,0.0,0.0
3973,Dos/DDos,Dos/DDos,0.0,0.0,0.9566988294843404,0.0,0.04,0.003301170515659602,0.0
3974,Normal,Normal,0.0,0.0,0.3574888465266284,0.0,0.6425111534733716,0.0,0.0
3975,Normal,Normal,0.0,0.00667147089438706,0.0,0.0,0.9933285291056129,0.0,0.0
3976,Dos/DDos,Dos/DDos,0.0,0.0,0.9466012761733499,0.0,0.05339872382665008,0.0,0.0
3977,Normal,Normal,0.0,0.0,0.0,0.0,1.0,0.0,0.0
3978,Normal,Normal,0.0,0.0,0.0,0.0,1.0,0.0,0.0
3979,Normal,Normal,0.0,0.0,0.0,0.0,1.0,0.0,0.0
3980,Brute Force,Brute Force,0.0,1.0,0.0,0.0,0.0,0.0,0.0
3981,PortScan,PortScan,0.0,0.0,0.0,0.0,0.0016368897882905603,0.9983631102117095,0.0
3982,Dos/DDos,Dos/DDos,0.0,0.0,1.0,0.0,0.0,0.0,0.0
3983,PortScan,PortScan,0.0,0.020962034589167476,0.0,0.0,0.007249643910939205,0.9717883214998934,0.0
3984,PortScan,PortScan,0.0,0.0,0.0,0.0,0.004119931000825461,0.9958800689991747,0.0
3985,Dos/DDos,Dos/DDos,0.0,0.0,0.9842510117989,0.0,0.009737877092919242,0.006011111108180847,0.0
3986,Dos/DDos,Dos/DDos,0.0,0.0,0.9750035731300619,0.0,0.024996426869938065,0.0,0.0
3987,Normal,Normal,0.0,0.0,0.02751750291715286,0.0,0.9624824970828472,0.0,0.01
3988,Dos/DDos,Dos/DDos,0.0,0.0,1.0,0.0,0.0,0.0,0.0
3989,Normal,Normal,0.0,0.0,0.0,0.0,1.0,0.0,0.0
3990,Normal,Normal,0.0,0.0,0.0,0.0,1.0,0.0,0.0
3991,Dos/DDos,Dos/DDos,0.0,0.0,1.0,0.0,0.0,0.0,0.0
3992,Dos/DDos,Dos/DDos,0.0,0.0,1.0,0.0,0.0,0.0,0.0
3993,Normal,Normal,0.0,0.0,0.0,0.0,1.0,0.0,0.0
3994,PortScan,PortScan,0.0,0.0,0.0,0.0,0.0013708639541191328,0.998629136045881,0.0
3995,Dos/DDos,Dos/DDos,0.0,0.0,1.0,0.0,0.0,0.0,0.0
3996,Brute Force,Brute Force,0.0,1.0,0.0,0.0,0.0,0.0,0.0
3997,Normal,Normal,0.0,0.0,0.0,0.0,1.0,0.0,0.0
3998,PortScan,PortScan,0.0,0.0,0.0,0.0,7.417036449015093e-05,0.9999258296355099,0.0
3999,Brute Force,Brute Force,0.0,1.0,0.0,0.0,0.0,0.0,0.0
4000,Normal,Normal,0.0,0.005052077098048605,0.009592891496659595,0.0,0.9509679727296846,0.026667194803137128,0.007719863872469998
4001,Dos/DDos,Dos/DDos,0.0,0.0,1.0,0.0,0.0,0.0,0.0
4002,Dos/DDos,Dos/DDos,0.0,0.0,1.0,0.0,0.0,0.0,0.0
4003,Dos/DDos,Dos/DDos,0.0,0.0,1.0,0.0,0.0,0.0,0.0
4004,PortScan,PortScan,0.0,0.0,0.0,0.0,7.417036449015093e-05,0.9999258296355099,0.0
4005,Dos/DDos,Dos/DDos,0.0,0.0007443191035267758,0.987064107417973,0.0,0.008159800814298335,0.00012124242513444596,0.003910530239067575
4006,PortScan,PortScan,0.0,0.0,0.0,0.0,7.417036449015093e-05,0.9999258296355099,0.0
4007,Normal,Normal,0.0,0.0,0.0,0.0,1.0,0.0,0.0
4008,Dos/DDos,Dos/DDos,0.0,0.0,0.9925115452930728,0.0,0.0,0.007488454706927176,0.0
4009,Dos/DDos,Dos/DDos,0.0,0.0,0.9825298316045209,0.0,0.01747016839547916,0.0,0.0
4010,Normal,Normal,0.0,0.0,0.0,0.01,0.99,0.0,0.0
4011,Dos/DDos,Dos/DDos,0.0,0.0,1.0,0.0,0.0,0.0,0.0
4012,Infiltration,Infiltration,0.01,0.0,3.317535545023697e-05,0.8690362719802698,0.11075934643859905,0.0,0.010171206225680933
4013,PortScan,PortScan,0.0,0.0,0.0,0.0,7.417036449015093e-05,0.9999258296355099,0.0
4014,Normal,Normal,0.0,0.0,0.0,0.0,1.0,0.0,0.0
4015,Dos/DDos,Dos/DDos,0.0,0.0,1.0,0.0,0.0,0.0,0.0
4016,Dos/DDos,Dos/DDos,0.0,0.0,1.0,0.0,0.0,0.0,0.0
4017,Dos/DDos,Dos/DDos,0.0,0.0,1.0,0.0,0.0,0.0,0.0
4018,Brute Force,Brute Force,0.0,1.0,0.0,0.0,0.0,0.0,0.0
4019,Web Attack,Web Attack,0.0,0.0,1.4083720890171383e-05,0.0,0.0014119945962276126,6.30767990631958e-05,0.9985108448838189
4020,Brute Force,Brute Force,0.0,0.999975398192537,0.0,0.0,2.4601807462940075e-05,0.0,0.0
4021,Normal,Normal,0.0,0.0,0.0,0.0,1.0,0.0,0.0
4022,PortScan,PortScan,0.0,0.0,0.0,0.0,7.417036449015093e-05,0.9999258296355099,0.0
4023,Normal,Normal,0.0,0.0,0.0,0.0,1.0,0.0,0.0
4024,Normal,Normal,0.015968670488315007,0.03809643495738415,0.034786828029251475,0.0,0.8016166369397216,0.02940198579923895,0.08012944378608874
4025,Normal,Normal,0.0,0.0,0.0,0.0,1.0,0.0,0.0
4026,Botnet ARES,Botnet ARES,0.9921292868477377,0.0,0.0,0.0,0.007870713152261967,0.0,0.0
4027,PortScan,PortScan,0.0,0.0,0.0,0.0,0.003522005643906805,0.9964779943560934,0.0
4028,Dos/DDos,Dos/DDos,0.0,0.003983483972893301,0.9804388291553423,0.0,0.01161306645737876,3.4417133376232516e-05,0.003930203281009192
4029,Normal,Normal,0.0,0.0,0.27989959032491524,0.0,0.7201004096750846,0.0,0.0
4030,PortScan,PortScan,0.0,0.0,0.0,0.0,7.417036449015093e-05,0.9999258296355099,0.0
4031,Normal,Normal,0.0,0.0,0.0,0.0,1.0,0.0,0.0
4032,Dos/DDos,Dos/DDos,0.0,0.0,0.9799707512752491,0.0,0.020029248724750887,0.0,0.0
4033,Dos/DDos,Dos/DDos,0.0,0.0,1.0,0.0,0.0,0.0,0.0
4034,Brute Force,Brute Force,0.0,0.9525098629501096,0.0029766544270049353,0.0,0.014263692656602543,0.0,0.03024978996628299
4035,Brute Force,Brute Force,0.0,0.9482827064266475,0.0029766544270049353,0.0,0.015388841423102649,0.0,0.03335179772324501
4036,PortScan,PortScan,0.0,0.0,0.0,0.0,0.001509970432581729,0.9984900295674183,0.0
4037,Dos/DDos,Dos/DDos,0.0,0.0,0.9799697038332335,0.0,0.020030296166766517,0.0,0.0
4038,Brute Force,Brute Force,0.0,0.999975398192537,0.0,0.0,2.4601807462940075e-05,0.0,0.0
4039,Dos/DDos,Dos/DDos,0.0,0.0,1.0,0.0,0.0,0.0,0.0
4040,PortScan,PortScan,0.0,0.0,0.0,0.0,0.00010940824429178676,0.9998905917557083,0.0
4041,PortScan,PortScan,0.0,0.0,0.0,0.0,7.417036449015093e-05,0.9999258296355099,0.0
4042,Dos/DDos,Dos/DDos,0.0,0.003983483972893301,0.9820630007614999,0.0,0.010502495859128881,0.0,0.0034510194064778068
4043,Dos/DDos,Dos/DDos,0.0,0.0,1.0,0.0,0.0,0.0,0.0
4044,Normal,Normal,0.0,0.0,0.0,0.0,1.0,0.0,0.0
4045,Normal,Normal,0.0,0.0,0.0,0.0,1.0,0.0,0.0
4046,Normal,Normal,0.0,0.0,0.029998246275168002,0.00995702005730659,0.9500447336675254,0.0,0.01
4047,Brute Force,Brute Force,0.0,0.9525098629501096,0.0029766544270049353,0.0,0.014263692656602543,0.0,0.03024978996628299
4048,Botnet ARES,Botnet ARES,0.9942705141134917,0.0,0.0,0.0,0.00572948588650808,0.0,0.0
4049,Dos/DDos,Dos/DDos,0.0,0.003983483972893301,0.9810875754923762,0.0,0.010122724136898189,0.0,0.0048062163978319404
4050,Normal,Normal,0.31671240220434316,0.0,0.0,0.0,0.683287597795657,0.0,0.0
4051,PortScan,PortScan,0.0,0.0,0.0,0.0,0.00010940824429178676,0.9998905917557083,0.0
4052,PortScan,PortScan,0.0,0.0,0.0,0.0,0.002526378115398788,0.9974736218846013,0.0
4053,PortScan,PortScan,0.0,0.0,0.0,0.0,0.00010940824429178676,0.9998905917557083,0.0
4054,Normal,Normal,0.0,0.0,0.0,0.0,1.0,0.0,0.0
4055,Normal,Normal,0.0,0.0,0.0,0.0,1.0,0.0,0.0
4056,PortScan,PortScan,0.0,0.0,0.0,0.0,0.00010940824429178676,0.9998905917557083,0.0
4057,Brute Force,Brute Force,0.0,1.0,0.0,0.0,0.0,0.0,0.0
4058,PortScan,PortScan,0.0,0.0,0.0,0.0,0.0012545663175091539,0.9987454336824909,0.0
4059,PortScan,PortScan,0.0,0.0,0.0,0.0,0.002199916599990163,0.99780008340001,0.0
4060,Normal,Normal,0.0,0.0,0.0,0.0,1.0,0.0,0.0
4061,Dos/DDos,Dos/DDos,0.0,0.0,1.0,0.0,0.0,0.0,0.0
4062,Normal,Normal,0.0,0.0,0.0066897202137692555,0.0,0.9842087184234716,0.00910156136275928,0.0
4063,Dos/DDos,Dos/DDos,0.0,0.0007443191035267758,0.9879202536476942,0.0,0.0077251823414233945,0.00012124242513444596,0.0034890024822212696
4064,Normal,Normal,0.0,0.0,0.0,0.0,1.0,0.0,0.0
4065,PortScan,PortScan,0.0,0.0,0.0,0.0,0.0017390630352036819,0.9982609369647963,0.0
4066,Dos/DDos,Dos/DDos,0.0,0.0,0.8519688250344031,0.0,0.13422717577321575,0.013803999192381337,0.0
4067,Dos/DDos,Dos/DDos,0.0,0.003983483972893301,0.9810875754923762,0.0,0.010122724136898189,0.0,0.0048062163978319404
4068,Dos/DDos,Dos/DDos,0.0,0.0,1.0,0.0,0.0,0.0,0.0
4069,Brute Force,Brute Force,0.0,0.9667787467370023,0.0029766544270049353,0.0,0.011254272568067127,0.0,0.018990326267925833
4070,Dos/DDos,Dos/DDos,0.0,0.0,0.9637991906601201,0.0,0.0362008093398801,0.0,0.0
4071,PortScan,PortScan,0.0,0.0,0.0,0.0,0.00010940824429178676,0.9998905917557083,0.0
4072,PortScan,PortScan,0.0,0.0,0.0,0.0,0.005028923846177362,0.9949710761538229,0.0
4073,PortScan,PortScan,0.0,0.0,0.0,0.0,7.417036449015093e-05,0.9999258296355099,0.0
4074,PortScan,PortScan,0.0,0.0,0.0,0.0,0.0014028033590947247,0.9985971966409053,0.0
4075,Normal,Normal,0.0,0.004953506103610575,0.12304404406532272,0.0,0.6575526508929067,2.7552570450159033e-05,0.2144222463677097
4076,PortScan,PortScan,0.0,0.0,0.0,0.0,0.0024568433805013026,0.9975431566194989,0.0
4077,PortScan,PortScan,0.0,0.0,0.0,0.0,7.417036449015093e-05,0.9999258296355099,0.0
4078,Dos/DDos,Dos/DDos,0.0,0.003983483972893301,0.9802364392175655,0.0,0.012241229161827365,3.4417133376232516e-05,0.003504430514337296
4079,PortScan,PortScan,0.0,0.0,0.0,0.0,0.0023768346136486046,0.9976231653863514,0.0
4080,Dos/DDos,Dos/DDos,0.0,0.003983483972893301,0.9778175181586568,0.0,0.01098506346080421,0.0,0.007213934407645568
4081,Dos/DDos,Dos/DDos,0.0,0.0,1.0,0.0,0.0,0.0,0.0
4082,Brute Force,Brute Force,0.0,0.999975398192537,0.0,0.0,2.4601807462940075e-05,0.0,0.0
4083,Brute Force,Brute Force,0.0,1.0,0.0,0.0,0.0,0.0,0.0
4084,Normal,Normal,0.0,0.0,0.0,0.0,1.0,0.0,0.0
4085,Dos/DDos,Dos/DDos,0.0,0.0,1.0,0.0,0.0,0.0,0.0
4086,Dos/DDos,Dos/DDos,0.0,0.0,1.0,0.0,0.0,0.0,0.0
4087,PortScan,PortScan,0.0,0.0,0.0,0.0,7.417036449015093e-05,0.9999258296355099,0.0
4088,Dos/DDos,Dos/DDos,0.0,0.0,1.0,0.0,0.0,0.0,0.0
4089,Normal,Normal,0.0,0.00997539819253706,0.0,0.0,0.990024601807463,0.0,0.0
4090,Dos/DDos,Dos/DDos,0.0,0.003983483972893301,0.9815127929338593,0.0,0.009805789849195758,0.0,0.004697933244051386
4091,Normal,Normal,0.0,0.0,0.010854274250716332,0.0,0.9891457257492837,0.0,0.0
4092,Brute Force,Brute Force,0.0,0.9525098629501096,0.0029766544270049353,0.0,0.014263692656602543,0.0,0.03024978996628299
4093,Dos/DDos,Dos/DDos,0.0,0.0,1.0,0.0,0.0,0.0,0.0
4094,Normal,Normal,0.09961492411721651,0.0,0.0,0.0,0.9003850758827835,0.0,0.0
4095,Dos/DDos,Dos/DDos,0.0,0.0,1.0,0.0,0.0,0.0,0.0
4096,Normal,Normal,0.0,0.0,0.0,0.0,0.965939373229398,0.0,0.03406062677060196
4097,Brute Force,Brute Force,0.0,1.0,0.0,0.0,0.0,0.0,0.0
4098,Brute Force,Brute Force,0.0,0.9606661601799914,0.0029766544270049353,0.0,0.013071659635060575,0.0,0.023285525757943223
4099,PortScan,PortScan,0.0,0.0,0.0,0.0,7.417036449015093e-05,0.9999258296355099,0.0
4100,Brute Force,Brute Force,0.0,1.0,0.0,0.0,0.0,0.0,0.0
4101,Dos/DDos,Dos/DDos,0.0,0.0007443191035267758,0.987064107417973,0.0,0.008159800814298335,0.00012124242513444596,0.003910530239067575
4102,Dos/DDos,Dos/DDos,0.0,0.0,1.0,0.0,0.0,0.0,0.0
4103,PortScan,PortScan,0.0,0.0,0.0,0.0,0.016183173540358944,0.9838168264596412,0.0
4104,PortScan,PortScan,0.0,0.0,0.0,0.0,0.002199916599990163,0.99780008340001,0.0
4105,Dos/DDos,Dos/DDos,0.0,0.0,1.0,0.0,0.0,0.0,0.0
4106,Normal,Normal,0.0,0.006544054075296707,0.055223364803468546,0.0,0.7700617126167087,0.005081735857932495,0.16308913264659367
4107,PortScan,PortScan,0.0,0.0,0.0,0.0,0.003406148951395409,0.9965938510486048,0.0
4108,PortScan,PortScan,0.0,0.0,0.0,0.0,0.001440679331418862,0.9985593206685812,0.0
4109,PortScan,PortScan,0.0,0.0,0.0,0.0,7.417036449015093e-05,0.9999258296355099,0.0
4110,Brute Force,Brute Force,0.0,0.9998667055532651,0.0,0.0,0.00013329444673491696,0.0,0.0
4111,Dos/DDos,Dos/DDos,0.0,0.0007443191035267758,0.9842522328349176,0.0,0.010971675397353704,0.00012124242513444596,0.003910530239067575
4112,Dos/DDos,Dos/DDos,0.0,0.003983483972893301,0.9799616327657746,0.0,0.012407752459837858,3.4417133376232516e-05,0.00361271366811785
4113,Brute Force,Brute Force,0.0,0.962706150113201,0.0029766544270049353,0.0,0.01276546330221945,0.0,0.021551732157574756
4114,Dos/DDos,Dos/DDos,0.0,0.003994227789970494,0.565621366697353,0.0,0.35253247087444634,0.04510717576014306,0.032744758878087206
4115,PortScan,PortScan,0.0,0.0,0.0,0.0,0.0017248012932773783,0.9982751987067228,0.0
4116,Normal,Normal,0.0,0.0,0.0,0.0,1.0,0.0,0.0
4117,Botnet ARES,Botnet ARES,0.9942400076709913,0.0,0.0,0.0,0.005759992329008527,0.0,0.0
4118,Normal,Normal,0.0,0.0,0.0049922793680959735,0.0,0.995007720631904,0.0,0.0
4119,Brute Force,Brute Force,0.0,0.9613919817729704,0.0029766544270049353,0.0,0.012323334924409615,0.0,0.023308028875615148
4120,PortScan,PortScan,0.0,0.0,0.0,0.0,0.0035049851002136325,0.9964950148997866,0.0
4121,Brute Force,Brute Force,0.0,1.0,0.0,0.0,0.0,0.0,0.0
4122,PortScan,PortScan,0.0,0.0,0.0,0.0,0.001063112812623945,0.998936887187376,0.0
4123,Normal,Normal,0.0,0.0,0.0,0.0,1.0,0.0,0.0
4124,Dos/DDos,Dos/DDos,0.0,0.0049863938231379775,0.9251141062860446,0.0,0.04628561453581174,0.008378304300687528,0.015235581054318173
4125,Normal,Normal,0.0,0.0,0.0,0.0,1.0,0.0,0.0
4126,PortScan,PortScan,0.0,0.0,0.0,0.0,0.00010940824429178676,0.9998905917557083,0.0
4127,Dos/DDos,Dos/DDos,0.0,0.0,1.0,0.0,0.0,0.0,0.0
4128,Normal,Normal,0.0,0.0,0.010864061200075926,0.0,0.9591359387999241,0.0,0.03
4129,Web Attack,Web Attack,0.0,0.0,1.4083720890171383e-05,0.0,0.0010767330448849778,5.853123184749522e-05,0.9988506520023772
4130,PortScan,PortScan,0.0,0.0,0.0,0.0,0.00010940824429178676,0.9998905917557083,0.0
4131,PortScan,PortScan,0.0,0.0,0.0,0.0,7.417036449015093e-05,0.9999258296355099,0.0
4132,Brute Force,Brute Force,0.0,0.962706150113201,0.0029766544270049353,0.0,0.01276546330221945,0.0,0.021551732157574756
4133,PortScan,PortScan,0.0,0.0,0.0,0.0,0.0024568433805013026,0.9975431566194989,0.0
4134,Normal,Normal,0.0,0.009823309961622987,0.03716977895093519,0.0,0.8353856021124796,0.012580044046193416,0.10504126492876882
4135,Dos/DDos,Dos/DDos,0.0,0.0,1.0,0.0,0.0,0.0,0.0
4136,Normal,Normal,0.0,0.0,0.0,0.0,1.0,0.0,0.0
4137,Normal,Normal,0.0,0.0,0.0,0.0,1.0,0.0,0.0
4138,PortScan,PortScan,0.0,0.0,0.0,0.0,0.00010940824429178676,0.9998905917557083,0.0
4139,Normal,Normal,0.0,0.0,0.0,0.0,1.0,0.0,0.0
4140,Brute Force,Brute Force,0.0,1.0,0.0,0.0,0.0,0.0,0.0
4141,PortScan,PortScan,0.0,0.0,0.0,0.0,0.00010940824429178676,0.9998905917557083,0.0
4142,Botnet ARES,Botnet ARES,1.0,0.0,0.0,0.0,0.0,0.0,0.0
4143,PortScan,PortScan,0.0,0.0,0.0,0.0,0.00010940824429178676,0.9998905917557083,0.0
4144,Normal,Normal,0.0,0.0,0.0,0.0,1.0,0.0,0.0
4145,Dos/DDos,Dos/DDos,0.0,0.003983483972893301,0.9802364392175655,0.0,0.012241229161827365,3.4417133376232516e-05,0.003504430514337296
4146,Brute Force,Brute Force,0.0,1.0,0.0,0.0,0.0,0.0,0.0
4147,Normal,Normal,0.0,0.06073400294521294,0.0029439974316081796,0.0,0.8330774319153927,0.0,0.1032445677077859
4148,Normal,Normal,0.0,0.0,0.0,0.0,1.0,0.0,0.0
4149,Normal,Normal,0.0,0.0,0.4910305843511903,0.0,0.5056438704774702,0.003325545171339564,0.0
4150,Dos/DDos,Dos/DDos,0.0,0.0,1.0,0.0,0.0,0.0,0.0
4151,Dos/DDos,Dos/DDos,0.0,0.0,1.0,0.0,0.0,0.0,0.0
4152,PortScan,PortScan,0.0,0.0,0.0,0.0,0.002199916599990163,0.99780008340001,0.0
4153,Dos/DDos,Dos/DDos,0.0,0.0,1.0,0.0,0.0,0.0,0.0
4154,PortScan,PortScan,0.0,0.0,0.0,0.0,0.00010940824429178676,0.9998905917557083,0.0
4155,Dos/DDos,Dos/DDos,0.0,0.0,1.0,0.0,0.0,0.0,0.0
4156,Dos/DDos,Dos/DDos,0.0,0.0,0.9975030606890922,0.0,0.002496939310907713,0.0,0.0
4157,Normal,Normal,0.0,0.005010091416359966,0.013228262187925739,0.009828610603290678,0.934209524993864,0.0,0.03772351079855963
4158,Normal,Normal,0.0,0.0,0.005027058823529411,0.0,0.9949729411764706,0.0,0.0
4159,Normal,Normal,0.0,0.0,0.0,0.0,1.0,0.0,0.0
4160,Dos/DDos,Dos/DDos,0.0,0.0,1.0,0.0,0.0,0.0,0.0
4161,Brute Force,Brute Force,0.0,0.966727187630533,0.0029766544270049353,0.0,0.011254272568067127,0.0,0.019041885374395086
4162,Normal,Normal,0.0,0.0,0.0,0.0,1.0,0.0,0.0
4163,Dos/DDos,Dos/DDos,0.0,0.0,1.0,0.0,0.0,0.0,0.0
4164,Normal,Normal,0.0,0.0,0.0,0.0,1.0,0.0,0.0
4165,PortScan,PortScan,0.0,0.0,0.0,0.0,0.00010940824429178676,0.9998905917557083,0.0
4166,Dos/DDos,Dos/DDos,0.0,0.0005033863982289575,0.9710614033463517,0.0,0.027336318793985837,5.927272130805441e-05,0.0010396187401256031
4167,PortScan,PortScan,0.0,0.0,0.0,0.0,7.417036449015093e-05,0.9999258296355099,0.0
4168,PortScan,PortScan,0.0,0.0,0.0,0.0,7.417036449015093e-05,0.9999258296355099,0.0
4169,PortScan,PortScan,0.0,0.0,0.0,0.0,7.417036449015093e-05,0.9999258296355099,0.0
4170,Brute Force,Brute Force,0.0,0.999975398192537,0.0,0.0,2.4601807462940075e-05,0.0,0.0
4171,Dos/DDos,Dos/DDos,0.0,0.0,1.0,0.0,0.0,0.0,0.0
4172,Normal,Normal,0.0,0.0,0.0,0.0,1.0,0.0,0.0
4173,Normal,Normal,0.0,0.0,0.24089189978820688,0.0,0.759108100211793,0.0,0.0
4174,Normal,Normal,0.0,0.0,0.13679650076581115,0.0,0.863203499234189,0.0,0.0
4175,Normal,Normal,0.0,0.0,0.0,0.0,1.0,0.0,0.0
4176,Normal,Normal,0.09944251485351113,0.0,0.0,0.0,0.9005574851464888,0.0,0.0
4177,Dos/DDos,Dos/DDos,0.0,0.0043109599874797105,0.914848350982696,0.0,0.07657609585168741,6.465722503306258e-05,0.004199935953103796
4178,Normal,Normal,0.0,0.0,0.0,0.0,1.0,0.0,0.0
4179,Normal,Normal,0.0,0.0,0.0,0.0,1.0,0.0,0.0
4180,Dos/DDos,Dos/DDos,0.0,0.0,1.0,0.0,0.0,0.0,0.0
4181,Brute Force,Brute Force,0.0,0.999975398192537,0.0,0.0,2.4601807462940075e-05,0.0,0.0
4182,Normal,Normal,0.0,0.0,0.0,0.0,1.0,0.0,0.0
4183,Normal,Normal,0.0,0.0,0.0,0.0,1.0,0.0,0.0
4184,Dos/DDos,Dos/DDos,0.0,0.0,1.0,0.0,0.0,0.0,0.0
4185,Dos/DDos,Dos/DDos,0.0,0.0,1.0,0.0,0.0,0.0,0.0
4186,Dos/DDos,Dos/DDos,0.0,0.0,0.9274445361838977,0.0,0.07255546381610228,0.0,0.0
4187,Brute Force,Brute Force,0.0,0.999975398192537,0.0,0.0,2.4601807462940075e-05,0.0,0.0
4188,Normal,Normal,0.0,0.0,0.0,0.0,1.0,0.0,0.0
4189,Brute Force,Brute Force,0.0,1.0,0.0,0.0,0.0,0.0,0.0
4190,Dos/DDos,Dos/DDos,0.0,0.003983483972893301,0.9810029584985736,0.0,0.011067821129049226,0.0,0.00394573639948369
4191,Normal,Normal,0.02,0.0,0.049919752566528704,0.0,0.8861873851632366,0.026803752555775363,0.01708910971445932
4192,Normal,Normal,0.0,0.0,0.0,0.0,1.0,0.0,0.0
4193,Dos/DDos,Dos/DDos,0.0,0.003983483972893301,0.9816377833200167,0.0,0.010819430146831314,0.0,0.0035593025602583604
4194,Dos/DDos,Dos/DDos,0.0,0.0,0.8980410670230521,0.0,0.10195893297694777,0.0,0.0
4195,Normal,Normal,0.0,0.0,0.0,0.0,1.0,0.0,0.0
4196,Web Attack,Normal,0.0,0.005065424967582224,0.011227370330461159,0.0,0.5647113397526056,0.07995246630574605,0.3390433986436049
4197,Dos/DDos,Dos/DDos,0.0,0.0,0.9478677227043029,0.0,0.04877975707167732,0.003352520224019913,0.0
4198,Normal,Normal,0.0,0.0,0.006693295739348371,0.0,0.9933067042606516,0.0,0.0
4199,PortScan,PortScan,0.0,0.0,0.0,0.0,7.417036449015093e-05,0.9999258296355099,0.0
4200,Normal,Normal,0.0,0.0,0.0699739493404451,0.0,0.926626460818886,0.0033995898406688745,0.0
4201,Dos/DDos,Dos/DDos,0.0,0.0,1.0,0.0,0.0,0.0,0.0
4202,PortScan,PortScan,0.0,0.0,0.0,0.0,0.001978219536121109,0.9980217804638791,0.0
4203,PortScan,PortScan,0.0,0.0,0.0,0.0,0.0035119069994339674,0.9964880930005663,0.0
4204,PortScan,PortScan,0.0,0.0,0.0,0.0,0.00010940824429178676,0.9998905917557083,0.0
4205,PortScan,PortScan,0.0,0.0,0.0,0.0,0.00010940824429178676,0.9998905917557083,0.0
4206,Botnet ARES,Botnet ARES,0.9921174621840734,0.0,0.0,0.0,0.00788253781592632,0.0,0.0
4207,Normal,Normal,0.045786797953067684,0.0,0.0,0.0,0.9542132020469323,0.0,0.0
4208,Brute Force,Brute Force,0.0,0.999975398192537,0.0,0.0,2.4601807462940075e-05,0.0,0.0
4209,Dos/DDos,Dos/DDos,0.0,0.0,1.0,0.0,0.0,0.0,0.0
4210,Normal,Normal,0.0,0.0,0.0,0.0,0.9903421296094436,0.009657870390556354,0.0
4211,PortScan,PortScan,0.0,0.0,0.0,0.0,0.0013708639541191328,0.998629136045881,0.0
4212,PortScan,PortScan,0.0,0.0,0.0,0.0,7.417036449015093e-05,0.9999258296355099,0.0
4213,Normal,Normal,0.0,0.0,0.0033384972889233156,0.0,0.9841179597988102,0.012543542912266448,0.0
4214,Botnet ARES,Botnet ARES,0.9938294651894872,0.0,0.0,0.0,0.006170534810512575,0.0,0.0
4215,Dos/DDos,Dos/DDos,0.0,0.0,0.8228135935171781,0.0,0.1771864064828221,0.0,0.0
4216,Dos/DDos,Dos/DDos,0.0,0.0007443191035267758,0.9885555256700137,0.0,0.007124327452480083,8.682529175821345e-05,0.0034890024822212696
4217,Dos/DDos,Normal,0.0,0.005081583599988699,0.3580080729426273,0.0,0.6318010802386588,9.220979548322161e-05,0.005017053423241701
4218,Brute Force,Brute Force,0.0,1.0,0.0,0.0,0.0,0.0,0.0
4219,Brute Force,Brute Force,0.0,1.0,0.0,0.0,0.0,0.0,0.0
4220,Dos/DDos,Dos/DDos,0.0,0.0,1.0,0.0,0.0,0.0,0.0
4221,Normal,Normal,0.0,0.0,0.0,0.0,1.0,0.0,0.0
4222,Dos/DDos,Dos/DDos,0.0,0.003983483972893301,0.9804388291553423,0.0,0.01161306645737876,3.4417133376232516e-05,0.003930203281009192
4223,PortScan,PortScan,0.0,0.0,0.0,0.0,0.0013708639541191328,0.998629136045881,0.0
4224,Brute Force,Brute Force,0.0,0.962706150113201,0.0029766544270049353,0.0,0.01276546330221945,0.0,0.021551732157574756
4225,Normal,Dos/DDos,0.0,0.0,0.6751923877720231,0.0,0.3180688803993645,0.006738731828612752,0.0
4226,Dos/DDos,Dos/DDos,0.0,0.0,1.0,0.0,0.0,0.0,0.0
4227,Dos/DDos,Dos/DDos,0.0,0.0,1.0,0.0,0.0,0.0,0.0
4228,Dos/DDos,Dos/DDos,0.0,0.0,1.0,0.0,0.0,0.0,0.0
4229,Normal,Normal,0.0,0.0,0.0,0.0,1.0,0.0,0.0
4230,Dos/DDos,Dos/DDos,0.0,0.003983483972893301,0.9803068290003795,0.0,0.012557273218238836,3.4417133376232516e-05,0.003117996675111967
4231,Normal,Normal,0.0,0.0,0.01,0.0,0.99,0.0,0.0
4232,Dos/DDos,Dos/DDos,0.0,0.0,0.9537952247598034,0.0,0.04620477524019665,0.0,0.0
4233,Normal,Normal,0.0,0.0,0.0,0.0,1.0,0.0,0.0
4234,Normal,Normal,0.0,0.0,0.0,0.0,1.0,0.0,0.0
4235,Dos/DDos,Dos/DDos,0.0,0.0,1.0,0.0,0.0,0.0,0.0
4236,Brute Force,Brute Force,0.0,1.0,0.0,0.0,0.0,0.0,0.0
4237,Normal,Normal,0.0,0.0049952852428099956,0.01750831922470664,0.06987266925217223,0.8976237262803111,0.0,0.01
4238,Dos/DDos,Dos/DDos,0.0,0.0,1.0,0.0,0.0,0.0,0.0
4239,Normal,Normal,0.0,0.0,0.0,0.0,1.0,0.0,0.0
4240,Dos/DDos,Dos/DDos,0.0,0.0,1.0,0.0,0.0,0.0,0.0
4241,Dos/DDos,Dos/DDos,0.0,0.0,0.8064605716109463,0.0,0.19353942838905372,0.0,0.0
4242,Dos/DDos,Dos/DDos,0.0,0.0,1.0,0.0,0.0,0.0,0.0
4243,Dos/DDos,Dos/DDos,0.0,0.0007443191035267758,0.979573790927215,0.0,0.015650117305056263,0.00012124242513444596,0.003910530239067575
4244,Dos/DDos,Dos/DDos,0.0,0.0,1.0,0.0,0.0,0.0,0.0
4245,Normal,Normal,0.0,0.016742029049721427,0.003078639010419189,0.0,0.9368282066266065,0.0,0.043351125313252956
4246,Dos/DDos,Dos/DDos,0.0,0.0,0.7767283204523204,0.0,0.22327167954767974,0.0,0.0
4247,Dos/DDos,Dos/DDos,0.0,0.0,0.834946283000754,0.0,0.16505371699924587,0.0,0.0
4248,PortScan,PortScan,0.0,0.0,0.0,0.0,7.417036449015093e-05,0.9999258296355099,0.0
4249,PortScan,PortScan,0.0,0.0,0.0,0.0,0.00010940824429178676,0.9998905917557083,0.0
4250,Dos/DDos,Dos/DDos,0.0,0.0,1.0,0.0,0.0,0.0,0.0
4251,PortScan,PortScan,0.0,0.0,0.0,0.0,0.002199916599990163,0.99780008340001,0.0
4252,Brute Force,Brute Force,0.0,0.962706150113201,0.0029766544270049353,0.0,0.01276546330221945,0.0,0.021551732157574756
4253,Botnet ARES,Botnet ARES,0.9885676053339629,0.0,0.0,0.0,0.01143239466603676,0.0,0.0
4254,Botnet ARES,Botnet ARES,1.0,0.0,0.0,0.0,0.0,0.0,0.0
4255,Normal,Normal,0.0,0.0,0.0,0.009978138303992636,0.9764199078500226,0.004961786481967996,0.008640167364016736
4256,Normal,Normal,0.0,0.41141889461222303,0.0029439974316081796,0.0,0.5440201346389225,0.0,0.04161697331724609
4257,PortScan,PortScan,0.0,0.0,0.0,0.0,0.0015099093910888595,0.9984900906089113,0.0
4258,PortScan,PortScan,0.0,0.0,0.0,0.0,0.00010940824429178676,0.9998905917557083,0.0
4259,Brute Force,Brute Force,0.0,1.0,0.0,0.0,0.0,0.0,0.0
4260,Normal,Normal,0.0,0.0,0.0,0.0,1.0,0.0,0.0
4261,PortScan,PortScan,0.0,0.0,0.0,0.0,0.002134621236087131,0.9978653787639131,0.0
4262,Dos/DDos,Dos/DDos,0.0,0.0,0.7867904175699982,0.0,0.21320958243000177,0.0,0.0
4263,PortScan,PortScan,0.0,0.0,0.0,0.0,7.417036449015093e-05,0.9999258296355099,0.0
4264,Dos/DDos,Dos/DDos,0.0,0.003983483972893301,0.9799616327657746,0.0,0.012407752459837858,3.4417133376232516e-05,0.00361271366811785
4265,Dos/DDos,Dos/DDos,0.0,0.003983483972893301,0.9814281759400566,0.0,0.010750886841346795,0.0,0.0038374532457031356
4266,Dos/DDos,Dos/DDos,0.0,0.0,1.0,0.0,0.0,0.0,0.0
4267,PortScan,PortScan,0.0,0.0,0.0,0.0,7.417036449015093e-05,0.9999258296355099,0.0
4268,Normal,Normal,0.0,0.0,0.0,0.0,1.0,0.0,0.0
4269,PortScan,PortScan,0.0,0.0,0.0,0.0,7.417036449015093e-05,0.9999258296355099,0.0
4270,Dos/DDos,Dos/DDos,0.0,0.0,1.0,0.0,0.0,0.0,0.0
4271,PortScan,PortScan,0.0,0.0,0.0,0.0,0.0013708639541191328,0.998629136045881,0.0
4272,Normal,Normal,0.0,0.0,0.0,0.0,1.0,0.0,0.0
4273,PortScan,PortScan,0.0,0.0,0.0,0.0,7.417036449015093e-05,0.9999258296355099,0.0
4274,PortScan,PortScan,0.0,0.0,0.0,0.0,0.005796402824046507,0.9942035971759536,0.0
4275,Dos/DDos,Dos/DDos,0.0,0.0,1.0,0.0,0.0,0.0,0.0
4276,Dos/DDos,Dos/DDos,0.0,0.0,0.9816234080985313,0.0,0.013323899371069182,0.005052692530399538,0.0
4277,Normal,Normal,0.0,0.0,0.0,0.0,0.9923462246777163,0.0,0.007653775322283609
4278,Normal,Normal,0.0,0.0,0.0,0.0,1.0,0.0,0.0
4279,Dos/DDos,Dos/DDos,0.0,0.0,0.9907922494022432,0.0,0.009207750597756892,0.0,0.0
4280,Dos/DDos,Dos/DDos,0.0,0.0,1.0,0.0,0.0,0.0,0.0
4281,PortScan,PortScan,0.0,0.0,0.0,0.0,0.003406148951395409,0.9965938510486048,0.0
4282,Normal,Normal,0.0,0.0,0.0,0.0,1.0,0.0,0.0
4283,Dos/DDos,Dos/DDos,0.0,0.0,1.0,0.0,0.0,0.0,0.0
4284,Dos/DDos,Dos/DDos,0.0,0.0,0.9949114219114219,0.0,0.005088578088578088,0.0,0.0
4285,PortScan,PortScan,0.0,0.0,0.0,0.0,0.001268828059435457,0.9987311719405646,0.0
4286,Dos/DDos,Dos/DDos,0.0,0.0,1.0,0.0,0.0,0.0,0.0
4287,Normal,Normal,0.0,0.0,0.0,0.0,1.0,0.0,0.0
4288,PortScan,PortScan,0.0,0.0,0.0,0.0,0.0010488510706976421,0.9989511489293024,0.0
4289,Normal,Normal,0.1686812226218123,0.0,0.0,0.0,0.8313187773781877,0.0,0.0
4290,Dos/DDos,Dos/DDos,0.0,0.0,1.0,0.0,0.0,0.0,0.0
4291,Normal,Normal,0.0,0.0,0.006693295739348371,0.0,0.9933067042606516,0.0,0.0
4292,PortScan,PortScan,0.0,0.0,0.0,0.0,0.00010940824429178676,0.9998905917557083,0.0
4293,Normal,Normal,0.0,0.0,0.0,0.0,1.0,0.0,0.0
4294,Normal,Normal,0.05359647716506512,0.0,0.0,0.0,0.9464035228349349,0.0,0.0
4295,PortScan,PortScan,0.0,0.0,0.0,0.0,0.0013708639541191328,0.998629136045881,0.0
4296,Dos/DDos,Dos/DDos,0.0,0.0,1.0,0.0,0.0,0.0,0.0
4297,Dos/DDos,Dos/DDos,0.0,0.0,1.0,0.0,0.0,0.0,0.0
4298,Normal,Normal,0.0,0.003983483972893301,0.09524097784801448,0.0,0.8881904284861433,0.0,0.012585109692948824
4299,PortScan,PortScan,0.0,0.0,0.0,0.0,7.417036449015093e-05,0.9999258296355099,0.0
4300,Brute Force,Brute Force,0.0,1.0,0.0,0.0,0.0,0.0,0.0
4301,Normal,Normal,0.0,0.0,0.0,0.0,1.0,0.0,0.0
4302,Brute Force,Brute Force,0.0,1.0,0.0,0.0,0.0,0.0,0.0
4303,PortScan,PortScan,0.0,0.0,0.0,0.0,0.0013708639541191328,0.998629136045881,0.0
4304,Dos/DDos,Dos/DDos,0.0,0.0005033863982289575,0.9925363311272143,0.0,0.005861391013123309,5.927272130805441e-05,0.0010396187401256031
4305,PortScan,PortScan,0.0,0.0,0.0,0.0,7.417036449015093e-05,0.9999258296355099,0.0
4306,Dos/DDos,Dos/DDos,0.0,0.0,1.0,0.0,0.0,0.0,0.0
4307,Normal,Normal,0.0,0.0,0.006684542586750789,0.0,0.9933154574132491,0.0,0.0
4308,Normal,Normal,0.0,0.0,0.0,0.0,0.9933673876606274,0.006632612339372655,0.0
4309,Normal,Normal,0.0,0.0,0.01,0.0,0.99,0.0,0.0
4310,Dos/DDos,Dos/DDos,0.0,0.0,1.0,0.0,0.0,0.0,0.0
4311,Normal,Normal,0.0,0.00386949853604127,0.01243496601827982,0.0,0.943695535445679,0.0,0.04
4312,Botnet ARES,Botnet ARES,0.9942400076709913,0.0,0.0,0.0,0.005759992329008527,0.0,0.0
4313,PortScan,PortScan,0.0,0.0,0.0,0.0,7.417036449015093e-05,0.9999258296355099,0.0
4314,PortScan,PortScan,0.0,0.0,0.0,0.0,7.417036449015093e-05,0.9999258296355099,0.0
4315,PortScan,PortScan,0.0,0.0,0.0,0.0,7.417036449015093e-05,0.9999258296355099,0.0
4316,PortScan,PortScan,0.0,0.0,0.0,0.0,0.0016925768831415292,0.9983074231168585,0.0
4317,PortScan,PortScan,0.0,0.0,0.0,0.0,0.002643876133466521,0.9973561238665336,0.0
4318,Normal,Normal,0.046865660294833446,0.0,0.0,0.0,0.9531343397051664,0.0,0.0
4319,Dos/DDos,Dos/DDos,0.0,0.0043109599874797105,0.7271945557893297,0.0,0.2642298910450538,6.465722503306258e-05,0.004199935953103796
4320,Normal,Normal,0.0,0.003983483972893301,0.09510278589007984,0.0,0.8986171005892458,3.4417133376232516e-05,0.0022622124144046087
4321,PortScan,PortScan,0.0,0.0,0.0,0.0,0.0017892038873217873,0.9982107961126782,0.0
4322,Normal,Normal,0.0,0.0,0.0,0.0,1.0,0.0,0.0
4323,Dos/DDos,Dos/DDos,0.0,0.003983483972893301,0.9815127929338593,0.0,0.009805789849195758,0.0,0.004697933244051386
4324,PortScan,PortScan,0.0,0.0,0.0,0.0,7.417036449015093e-05,0.9999258296355099,0.0
4325,PortScan,PortScan,0.0,0.0,0.0,0.0,0.00010940824429178676,0.9998905917557083,0.0
4326,Brute Force,Brute Force,0.0,1.0,0.0,0.0,0.0,0.0,0.0
4327,Normal,Normal,0.0,0.0,0.0,0.0,1.0,0.0,0.0
4328,Dos/DDos,Dos/DDos,0.0,0.0,1.0,0.0,0.0,0.0,0.0
4329,Brute Force,Brute Force,0.0,0.999975398192537,0.0,0.0,2.4601807462940075e-05,0.0,0.0
4330,Dos/DDos,Dos/DDos,0.0,0.003983483972893301,0.9810029584985736,0.0,0.011067821129049226,0.0,0.00394573639948369
4331,Brute Force,Brute Force,0.0,1.0,0.0,0.0,0.0,0.0,0.0
4332,Dos/DDos,Dos/DDos,0.0,0.003983483972893301,0.9766257814361657,0.0,0.01247540578128478,3.4417133376232516e-05,0.006880911676279728
4333,Normal,Normal,0.0,0.0,0.0,0.0,1.0,0.0,0.0
4334,Normal,Normal,0.017907020515716167,0.0066793228919474765,0.0,0.0,0.9754136565923364,0.0,0.0
4335,PortScan,PortScan,0.0,0.0,0.0,0.0,0.0010488510706976421,0.9989511489293024,0.0
4336,PortScan,PortScan,0.0,0.0,0.0,0.0,0.0017892038873217873,0.9982107961126782,0.0
4337,PortScan,PortScan,0.0,0.0,0.0,0.0,0.00010940824429178676,0.9998905917557083,0.0
4338,Normal,Normal,0.0,0.0,0.0,0.0,1.0,0.0,0.0
4339,Botnet ARES,Botnet ARES,0.994465925907663,0.0,0.0,0.0,0.005534074092336643,0.0,0.0
4340,Dos/DDos,Dos/DDos,0.0,0.0,1.0,0.0,0.0,0.0,0.0
4341,Normal,Normal,0.0,0.0,0.0,0.0,1.0,0.0,0.0
4342,Normal,Normal,0.0,0.0,0.0,0.0,1.0,0.0,0.0
4343,Dos/DDos,Dos/DDos,0.0,0.003983483972893301,0.9817881943097087,0.0,0.010669019157139375,0.0,0.0035593025602583604
4344,Dos/DDos,Dos/DDos,0.0,0.0,1.0,0.0,0.0,0.0,0.0
4345,Dos/DDos,Dos/DDos,0.0,0.0,1.0,0.0,0.0,0.0,0.0
4346,Normal,Normal,0.07648355862896039,0.04124255337787599,0.10413018916812597,0.0,0.7333091961856555,0.02,0.024834502639382264
4347,Dos/DDos,Dos/DDos,0.0,0.0,1.0,0.0,0.0,0.0,0.0
4348,Normal,Normal,0.0,0.0,0.0,0.0,1.0,0.0,0.0
4349,Dos/DDos,Dos/DDos,0.0,0.0,1.0,0.0,0.0,0.0,0.0
4350,Dos/DDos,Dos/DDos,0.0,0.003983483972893301,0.9722209786798921,0.0,0.016562718924667038,3.4417133376232516e-05,0.00719840128917107
4351,PortScan,PortScan,0.0,0.0,0.0,0.0,0.00010940824429178676,0.9998905917557083,0.0
4352,Normal,Normal,0.0,0.0,0.0,0.0,1.0,0.0,0.0
4353,Dos/DDos,Dos/DDos,0.0,0.0,1.0,0.0,0.0,0.0,0.0
4354,Dos/DDos,Dos/DDos,0.0,0.0,1.0,0.0,0.0,0.0,0.0
4355,PortScan,PortScan,0.0,0.0,0.0,0.0,0.0024075555955108685,0.9975924444044892,0.0
4356,Dos/DDos,Dos/DDos,0.0,0.0,0.918937613855049,0.0,0.0810623861449511,0.0,0.0
4357,PortScan,PortScan,0.0,0.0,0.0,0.0,0.0018200521295441874,0.9981799478704559,0.0
4358,Dos/DDos,Dos/DDos,0.0,0.0,1.0,0.0,0.0,0.0,0.0
4359,Dos/DDos,Dos/DDos,0.0,0.0007443191035267758,0.9885555256700137,0.0,0.007124327452480083,8.682529175821345e-05,0.0034890024822212696
4360,Dos/DDos,Dos/DDos,0.0,0.0,0.9548975697333475,0.0,0.045102430266652574,0.0,0.0
4361,Normal,Normal,0.0,0.0,0.004890064667842446,0.0,0.9888983660475881,0.0,0.006211569284569431
4362,Web Attack,Web Attack,0.0,0.0,1.4083720890171383e-05,0.0,0.0010767330448849778,5.853123184749522e-05,0.9988506520023772
4363,Normal,Normal,0.0,0.0,0.0,0.0,1.0,0.0,0.0
4364,PortScan,PortScan,0.0,0.0,0.0,0.0,0.00010940824429178676,0.9998905917557083,0.0
4365,Dos/DDos,Dos/DDos,0.0,0.0007443191035267758,0.9876993794402925,0.0,0.007558945925355023,8.682529175821345e-05,0.003910530239067575
4366,PortScan,PortScan,0.0,0.0,0.0,0.0,0.0017248012932773783,0.9982751987067228,0.0
4367,Dos/DDos,Dos/DDos,0.0,0.0,0.9345361173475052,0.0,0.06546388265249488,0.0,0.0
4368,Dos/DDos,Dos/DDos,0.0,0.0,0.99,0.0,0.01,0.0,0.0
4369,Web Attack,Web Attack,0.0,0.0,1.4083720890171383e-05,0.0,0.0014084435075517265,6.30767990631958e-05,0.9985143959724947
4370,Normal,Normal,0.0,0.0033917436261741256,0.0,0.0,0.9966082563738259,0.0,0.0
4371,Brute Force,Brute Force,0.0,1.0,0.0,0.0,0.0,0.0,0.0
4372,PortScan,PortScan,0.0,0.0,0.0,0.0,0.00010940824429178676,0.9998905917557083,0.0
4373,Normal,Normal,0.0,0.0,0.0,0.0,1.0,0.0,0.0
4374,PortScan,PortScan,0.0,0.0,0.0,0.0,0.0016003478380821065,0.998399652161918,0.0
4375,Normal,Normal,0.0,0.006585964079436664,0.013451436986093,0.0,0.9390385826856513,0.03322655248070294,0.007697463768115942
4376,PortScan,PortScan,0.0,0.0,0.0,0.0,0.0016622234901200867,0.99833777650988,0.0
4377,PortScan,PortScan,0.0,0.0,0.0,0.0,0.003702546957101694,0.9962974530428985,0.0
4378,Normal,Normal,0.0,0.0,0.0,0.0,0.9903421296094436,0.009657870390556354,0.0
4379,Normal,Normal,0.0,0.0,0.0,0.0,1.0,0.0,0.0
4380,PortScan,PortScan,0.0,0.0,0.0,0.0,0.0018200521295441874,0.9981799478704559,0.0
4381,Brute Force,Brute Force,0.0,1.0,0.0,0.0,0.0,0.0,0.0
4382,Brute Force,Brute Force,0.0,1.0,0.0,0.0,0.0,0.0,0.0
4383,Dos/DDos,Dos/DDos,0.0,0.00032747601458640906,0.9811743950751896,0.0,0.00931038381056021,0.00014479321798189455,0.009042951881681941
4384,Dos/DDos,Dos/DDos,0.0,0.0,1.0,0.0,0.0,0.0,0.0
4385,PortScan,PortScan,0.0,0.0,0.0,0.0,0.00010940824429178676,0.9998905917557083,0.0
4386,Normal,Normal,0.0,0.0,0.0,0.0,0.9903421296094436,0.009657870390556354,0.0
4387,Normal,Normal,0.0,0.0,0.0,0.0,1.0,0.0,0.0
4388,Normal,Normal,0.0,0.0,0.0,0.0,1.0,0.0,0.0
4389,PortScan,PortScan,0.0,0.0,0.0,0.0,7.417036449015093e-05,0.9999258296355099,0.0
4390,Dos/DDos,Dos/DDos,0.0,0.005228976097580453,0.9575201779050663,0.0,0.0300845951204126,0.00024068119919666296,0.006925569677743949
4391,Normal,Normal,0.0,0.051028210007149626,0.0029439974316081796,0.0,0.8875599013647971,0.0,0.0584678911964451
4392,Brute Force,Brute Force,0.0,0.999975398192537,0.0,0.0,2.4601807462940075e-05,0.0,0.0
4393,PortScan,PortScan,0.0,0.0,0.0,0.0,0.0019995985977301666,0.99800040140227,0.0
4394,Dos/DDos,Dos/DDos,0.0,0.0,0.9774529732580729,0.0,0.022547026741927177,0.0,0.0
4395,PortScan,PortScan,0.0,0.0,0.0,0.0,7.417036449015093e-05,0.9999258296355099,0.0
4396,Dos/DDos,Dos/DDos,0.0,0.003983483972893301,0.9815127929338593,0.0,0.009805789849195758,0.0,0.004697933244051386
4397,Dos/DDos,Dos/DDos,0.0,0.003983483972893301,0.9814985657228705,0.0,0.011066930897758263,0.0,0.0034510194064778068
4398,Web Attack,Web Attack,0.0,0.0,1.4083720890171383e-05,0.0,0.0014186302283242169,6.30767990631958e-05,0.9985042092517221
4399,Brute Force,Brute Force,0.0,1.0,0.0,0.0,0.0,0.0,0.0
4400,Dos/DDos,Dos/DDos,0.0,0.0,0.9991205143289352,0.0,0.0008794856710647951,0.0,0.0
4401,Normal,Normal,0.0,0.0,0.0,0.0,1.0,0.0,0.0
4402,PortScan,PortScan,0.0,0.0,0.0,0.0,0.00047709407523288173,0.9995229059247671,0.0
4403,Dos/DDos,Dos/DDos,0.0,0.0,1.0,0.0,0.0,0.0,0.0
4404,PortScan,PortScan,0.0,0.0,0.0,0.0,0.00010940824429178676,0.9998905917557083,0.0
4405,Dos/DDos,Dos/DDos,0.0,0.0,1.0,0.0,0.0,0.0,0.0
4406,Dos/DDos,Dos/DDos,0.0,0.0,1.0,0.0,0.0,0.0,0.0
4407,Brute Force,Brute Force,0.0,1.0,0.0,0.0,0.0,0.0,0.0
4408,Normal,Normal,0.0,0.0,0.015066366437544443,0.0,0.9849336335624556,0.0,0.0
4409,Normal,Normal,0.0,0.0,0.0,0.0,1.0,0.0,0.0
4410,Normal,Normal,0.0,0.0,0.0,0.0,1.0,0.0,0.0
4411,Normal,Normal,0.0,0.0,0.016151113300148144,0.0,0.983848886699852,0.0,0.0
4412,Normal,Normal,0.0,0.0,0.0,0.0,1.0,0.0,0.0
4413,Dos/DDos,Dos/DDos,0.0,0.0,1.0,0.0,0.0,0.0,0.0
4414,PortScan,PortScan,0.0,0.0,0.0,0.0,0.0018200521295441874,0.9981799478704559,0.0
4415,Dos/DDos,Dos/DDos,0.0,0.0,1.0,0.0,0.0,0.0,0.0
4416,PortScan,PortScan,0.0,0.0,0.0,0.0,0.00010940824429178676,0.9998905917557083,0.0
4417,Normal,Normal,0.0,0.0,0.0,0.0,1.0,0.0,0.0
4418,PortScan,PortScan,0.0,0.0,0.0,0.0,7.417036449015093e-05,0.9999258296355099,0.0
4419,PortScan,PortScan,0.0,0.0,0.0,0.0,7.417036449015093e-05,0.9999258296355099,0.0
4420,PortScan,PortScan,0.0,0.0,0.0,0.0,7.417036449015093e-05,0.9999258296355099,0.0
4421,Brute Force,Brute Force,0.0,1.0,0.0,0.0,0.0,0.0,0.0
4422,Brute Force,Brute Force,0.0,1.0,0.0,0.0,0.0,0.0,0.0
4423,Brute Force,Brute Force,0.0,0.9400800073199993,0.0029766544270049353,0.0,0.01901331583711849,0.0,0.037930022415877354
4424,PortScan,PortScan,0.0,0.0,0.0,0.0,0.0014028033590947247,0.9985971966409053,0.0
4425,PortScan,PortScan,0.0,0.0,0.0,0.0,0.00010940824429178676,0.9998905917557083,0.0
4426,Brute Force,Brute Force,0.0,0.9982009597927275,0.0,0.0,0.0017990402072725487,0.0,0.0
4427,Brute Force,Brute Force,0.0,0.966727187630533,0.0029766544270049353,0.0,0.011254272568067127,0.0,0.019041885374395086
4428,Normal,Normal,0.0,0.0,0.0,0.0,1.0,0.0,0.0
4429,PortScan,PortScan,0.0,0.0,0.0,0.0,0.0024568433805013026,0.9975431566194989,0.0
4430,Brute Force,Brute Force,0.0,1.0,0.0,0.0,0.0,0.0,0.0
4431,PortScan,PortScan,0.0,0.0,0.0,0.0,0.0016420042152960868,0.998357995784704,0.0
4432,Normal,Normal,0.0,0.0,0.0,0.0,1.0,0.0,0.0
4433,Dos/DDos,Dos/DDos,0.0,0.0,0.9932995245641838,0.0,0.006700475435816164,0.0,0.0
4434,Normal,Normal,0.0,0.0,0.0,0.0,0.9903421296094436,0.009657870390556354,0.0
4435,Normal,Normal,0.0,0.0,0.0,0.0,1.0,0.0,0.0
4436,Normal,Normal,0.0,0.02,0.039869861485066695,0.0,0.8646401387150852,0.006696867921580879,0.06879313187826723
4437,Dos/DDos,Dos/DDos,0.0,0.0,1.0,0.0,0.0,0.0,0.0
4438,Dos/DDos,Dos/DDos,0.0,0.0,0.9933163994284807,0.0,0.006683600571519289,0.0,0.0
4439,Normal,Normal,0.0,0.0,0.0,0.0,1.0,0.0,0.0
4440,Normal,Normal,0.0,0.0,0.0,0.0,1.0,0.0,0.0
4441,Dos/DDos,Dos/DDos,0.0,0.0,1.0,0.0,0.0,0.0,0.0
4442,Brute Force,Brute Force,0.0,1.0,0.0,0.0,0.0,0.0,0.0
4443,Dos/DDos,Dos/DDos,0.0,0.0,1.0,0.0,0.0,0.0,0.0
4444,PortScan,PortScan,0.0,0.0,0.0,0.0,7.417036449015093e-05,0.9999258296355099,0.0
4445,PortScan,PortScan,0.0,0.0,0.0,0.0,7.417036449015093e-05,0.9999258296355099,0.0
4446,Dos/DDos,Dos/DDos,0.0,0.0,0.98,0.0,0.02,0.0,0.0
4447,Normal,Normal,0.0,0.0,0.0,0.0,1.0,0.0,0.0
4448,Dos/DDos,Dos/DDos,0.0,0.0,1.0,0.0,0.0,0.0,0.0
4449,PortScan,PortScan,0.0,0.0,0.0,0.0,7.417036449015093e-05,0.9999258296355099,0.0
4450,PortScan,PortScan,0.0,0.0,0.0,0.0,0.0017248012932773783,0.9982751987067228,0.0
4451,Normal,Normal,0.0,0.0,0.0,0.0,1.0,0.0,0.0
4452,Normal,Normal,0.0,0.0042244166781911195,0.02940704452753358,0.0,0.9575621863513328,2.7552570450159033e-05,0.008778799872492358
4453,Dos/DDos,Dos/DDos,0.0,0.0,1.0,0.0,0.0,0.0,0.0
4454,PortScan,PortScan,0.0,0.0,0.0,0.0,7.417036449015093e-05,0.9999258296355099,0.0
4455,PortScan,PortScan,0.0,0.0,0.0,0.0,0.0024568433805013026,0.9975431566194989,0.0
4456,PortScan,PortScan,0.0,0.0,0.0,0.0,7.417036449015093e-05,0.9999258296355099,0.0
4457,Normal,Normal,0.0,0.0,0.0,0.0,1.0,0.0,0.0
4458,Dos/DDos,Dos/DDos,0.0,0.0,1.0,0.0,0.0,0.0,0.0
4459,PortScan,PortScan,0.0,0.0,0.0,0.0,0.00010940824429178676,0.9998905917557083,0.0
4460,Botnet ARES,Botnet ARES,1.0,0.0,0.0,0.0,0.0,0.0,0.0
4461,PortScan,PortScan,0.0,0.0,0.0,0.0,0.00010940824429178676,0.9998905917557083,0.0
4462,Normal,Normal,0.0,0.0,0.0,0.0,1.0,0.0,0.0
4463,PortScan,PortScan,0.0,0.0,0.0,0.0,7.417036449015093e-05,0.9999258296355099,0.0
4464,PortScan,PortScan,0.0,0.0,0.0,0.0,0.00010940824429178676,0.9998905917557083,0.0
4465,Normal,Normal,0.0,0.0,0.0,0.0,1.0,0.0,0.0
4466,PortScan,PortScan,0.0,0.0,0.0,0.0,0.00010940824429178676,0.9998905917557083,0.0
4467,Normal,Normal,0.0,0.0,0.412635748512572,0.0,0.5873642514874279,0.0,0.0
4468,Normal,Normal,0.0,0.0,0.0,0.0,1.0,0.0,0.0
4469,Web Attack,Web Attack,0.0,0.0,1.4083720890171383e-05,0.0,0.0012636372494429348,0.00011159665123210415,0.9986106823784346
4470,Brute Force,Brute Force,0.0,1.0,0.0,0.0,0.0,0.0,0.0
4471,PortScan,PortScan,0.0,0.0,0.0,0.0,7.417036449015093e-05,0.9999258296355099,0.0
4472,Normal,Normal,0.0,0.0,0.0,0.0,1.0,0.0,0.0
4473,PortScan,PortScan,0.0,0.0,0.0,0.0,0.00010940824429178676,0.9998905917557083,0.0
4474,Dos/DDos,Dos/DDos,0.0,0.0,0.7975457587667522,0.0,0.20245424123324784,0.0,0.0
4475,PortScan,PortScan,0.0,0.0,0.0,0.0,0.001063112812623945,0.998936887187376,0.0
4476,Normal,Normal,0.0,0.0,0.0,0.0,1.0,0.0,0.0
4477,Normal,Normal,0.0,0.0,0.0,0.0,1.0,0.0,0.0
4478,Dos/DDos,Dos/DDos,0.0,0.06810389664128624,0.562847466596127,0.0,0.2624103998111221,0.07286383317326564,0.03377440377819893
4479,Brute Force,Brute Force,0.0,0.9998667055532651,0.0,0.0,0.00013329444673491696,0.0,0.0
4480,Dos/DDos,Dos/DDos,0.0,0.0,0.9215083832493165,0.0,0.07849161675068353,0.0,0.0
4481,Brute Force,Brute Force,0.0,0.966727187630533,0.0029766544270049353,0.0,0.011254272568067127,0.0,0.019041885374395086
4482,PortScan,PortScan,0.0,0.0,0.0,0.0,0.0013826716838337488,0.9986173283161663,0.0
4483,Dos/DDos,Dos/DDos,0.0,0.0,1.0,0.0,0.0,0.0,0.0
4484,PortScan,PortScan,0.0,0.0,0.0,0.0,0.002779715469408512,0.9972202845305916,0.0
4485,Dos/DDos,Dos/DDos,0.0,0.0,1.0,0.0,0.0,0.0,0.0
4486,PortScan,PortScan,0.0,0.0,0.0,0.0,0.00010940824429178676,0.9998905917557083,0.0
4487,Normal,Normal,0.02,0.03832016051916157,0.007230843735597601,0.009978898007033997,0.908356796526351,0.0,0.016113301211855745
4488,Botnet ARES,Botnet ARES,0.9944423417781368,0.0,0.0,0.0,0.005557658221862875,0.0,0.0
4489,Dos/DDos,Dos/DDos,0.0,0.0,1.0,0.0,0.0,0.0,0.0
4490,Normal,Normal,0.0,0.0,0.06918127852470135,0.0,0.9288328765347876,0.001985844940511086,0.0
4491,Dos/DDos,Dos/DDos,0.0,0.0,0.9242029461531256,0.0,0.07579705384687424,0.0,0.0
4492,Normal,Normal,0.0,0.0,0.0,0.0,1.0,0.0,0.0
4493,PortScan,PortScan,0.0,0.0,0.0,0.0,0.001063112812623945,0.998936887187376,0.0
4494,PortScan,PortScan,0.0,0.0,0.0,0.0,0.00010940824429178676,0.9998905917557083,0.0
4495,Normal,Normal,0.0,0.0,0.004704922149673531,0.0,0.9050170167820678,0.004982983217932167,0.08529507785032646
4496,PortScan,PortScan,0.0,0.0,0.0,0.0,7.417036449015093e-05,0.9999258296355099,0.0
4497,Normal,Normal,0.0,0.0,0.0,0.0,1.0,0.0,0.0
4498,Normal,Normal,0.0,0.0,0.004203942759931952,0.0,0.906662134436239,0.08913392280382895,0.0
4499,PortScan,PortScan,0.0,0.0,0.0,0.0,0.00010940824429178676,0.9998905917557083,0.0
4500,Dos/DDos,Dos/DDos,0.0,0.0,1.0,0.0,0.0,0.0,0.0
4501,Dos/DDos,Dos/DDos,0.0,0.0008917116011185303,0.9896480314842521,0.0,0.007412155306681418,0.00026971382884788734,0.001778387779100164
4502,Normal,Normal,0.0,0.0,0.0,0.0,1.0,0.0,0.0
4503,PortScan,PortScan,0.0,0.0,0.0,0.0,7.417036449015093e-05,0.9999258296355099,0.0
4504,Dos/DDos,Dos/DDos,0.0,0.003983483972893301,0.9802364392175655,0.0,0.012241229161827365,3.4417133376232516e-05,0.003504430514337296
4505,Normal,Normal,0.0,0.0,0.0,0.0,1.0,0.0,0.0
4506,Dos/DDos,Dos/DDos,0.0,0.0,1.0,0.0,0.0,0.0,0.0
4507,PortScan,PortScan,0.0,0.0,0.0,0.0,0.0013005154745725836,0.9986994845254274,0.0
4508,PortScan,PortScan,0.0,0.0,0.0,0.0,0.0012545663175091539,0.9987454336824909,0.0
4509,Normal,Normal,0.01,0.0,0.012955315797011506,0.0,0.9620446842029885,0.005,0.01
4510,Normal,Normal,0.0,0.0,0.0,0.0,1.0,0.0,0.0
4511,Normal,Normal,0.0,0.0,0.013328060740272065,0.009977116704805493,0.9553768666468818,0.0,0.021317955908040757
4512,PortScan,PortScan,0.0,0.0,0.0,0.0,7.417036449015093e-05,0.9999258296355099,0.0
4513,Normal,Normal,0.0,0.0,0.0,0.0,1.0,0.0,0.0
4514,Dos/DDos,Dos/DDos,0.0,0.0,1.0,0.0,0.0,0.0,0.0
4515,Normal,Normal,0.0,0.0,0.0,0.0,1.0,0.0,0.0
4516,PortScan,PortScan,0.0,0.0,0.0,0.0,7.417036449015093e-05,0.9999258296355099,0.0
4517,Dos/DDos,Dos/DDos,0.0,0.003983483972893301,0.9798112217760826,0.0,0.012558163449529798,3.4417133376232516e-05,0.00361271366811785
4518,Dos/DDos,Dos/DDos,0.0,0.0,1.0,0.0,0.0,0.0,0.0
4519,Dos/DDos,Dos/DDos,0.0,0.0,0.586501848390584,0.0,0.41349815160941605,0.0,0.0
4520,Normal,Normal,0.0,0.0,0.0,0.0,0.9903421296094436,0.009657870390556354,0.0
4521,Normal,Normal,0.0,0.02599637249153877,0.01793806341784127,0.0,0.8713486429831976,0.03,0.05471692110742255
4522,PortScan,PortScan,0.0,0.0,0.0,0.0,0.0012545663175091539,0.9987454336824909,0.0
4523,PortScan,PortScan,0.0,0.0,0.0,0.0,7.417036449015093e-05,0.9999258296355099,0.0
4524,PortScan,PortScan,0.0,0.0,0.0,0.0,0.00010940824429178676,0.9998905917557083,0.0
4525,Dos/DDos,Dos/DDos,0.0,0.0,1.0,0.0,0.0,0.0,0.0
4526,Dos/DDos,Dos/DDos,0.0,0.0,1.0,0.0,0.0,0.0,0.0
4527,Dos/DDos,Dos/DDos,0.0,0.0,0.9178125416282075,0.0,0.08218745837179248,0.0,0.0
4528,Normal,Normal,0.0,0.0,0.0,0.0,0.9848770642201835,0.0,0.015122935779816516
4529,Dos/DDos,Dos/DDos,0.0,0.0,1.0,0.0,0.0,0.0,0.0
4530,Normal,Normal,0.0,0.0,0.0,0.0,0.9923462246777163,0.0,0.007653775322283609
4531,PortScan,PortScan,0.0,0.0,0.0,0.0,0.0009462356229440059,0.999053764377056,0.0
4532,Normal,Normal,0.0,0.006714575847523825,0.0,0.0,0.9932854241524761,0.0,0.0
4533,Normal,Normal,0.0,0.0,0.0,0.0,1.0,0.0,0.0
4534,Normal,Normal,0.0,0.0,0.0,0.0,1.0,0.0,0.0
4535,Dos/DDos,Dos/DDos,0.0,0.0,1.0,0.0,0.0,0.0,0.0
4536,PortScan,PortScan,0.0,0.0,0.0,0.0,0.001440679331418862,0.9985593206685812,0.0
4537,Dos/DDos,Dos/DDos,0.0,0.0,1.0,0.0,0.0,0.0,0.0
4538,Dos/DDos,Dos/DDos,0.0,0.0,1.0,0.0,0.0,0.0,0.0
4539,Brute Force,Brute Force,0.0,0.9606661601799914,0.0029766544270049353,0.0,0.013071659635060575,0.0,0.023285525757943223
4540,Dos/DDos,Dos/DDos,0.0,0.0,0.9340818102734929,0.0,0.065918189726507,0.0,0.0
4541,Botnet ARES,Botnet ARES,0.9965716047479575,0.0,0.0,0.0,0.003428395252042546,0.0,0.0
4542,Normal,Normal,0.0,0.0,0.0,0.0,1.0,0.0,0.0
4543,PortScan,PortScan,0.0,0.0,0.0,0.0,0.0024568433805013026,0.9975431566194989,0.0
4544,Normal,Normal,0.0,0.0,0.15722907525643887,0.0,0.8377599102508075,0.005011014492753623,0.0
4545,Normal,Normal,0.0,0.0,0.0,0.0,1.0,0.0,0.0
4546,Dos/DDos,Dos/DDos,0.0,0.0,1.0,0.0,0.0,0.0,0.0
4547,Dos/DDos,Dos/DDos,0.0,0.003983483972893301,0.9804388291553423,0.0,0.01161306645737876,3.4417133376232516e-05,0.003930203281009192
4548,Dos/DDos,Dos/DDos,0.0,0.0,1.0,0.0,0.0,0.0,0.0
4549,Dos/DDos,Dos/DDos,0.0,0.0,1.0,0.0,0.0,0.0,0.0
4550,Web Attack,Web Attack,0.0,0.0,1.4083720890171383e-05,0.0,0.0012636372494429348,0.00011159665123210415,0.9986106823784346
4551,Dos/DDos,Dos/DDos,0.0,0.0,0.9950160465945561,0.0,0.004983953405443956,0.0,0.0
4552,Normal,Normal,0.0,0.0,0.0,0.0,1.0,0.0,0.0
4553,Normal,Normal,0.0,0.0,0.0,0.0,0.9903421296094436,0.009657870390556354,0.0
4554,Brute Force,Brute Force,0.0,1.0,0.0,0.0,0.0,0.0,0.0
4555,Dos/DDos,Dos/DDos,0.0,0.0,1.0,0.0,0.0,0.0,0.0
4556,Normal,Normal,0.006611698817672682,0.0,0.01,0.0,0.9733883011823273,0.01,0.0
4557,Dos/DDos,Dos/DDos,0.0,0.0,1.0,0.0,0.0,0.0,0.0
4558,Normal,Normal,0.014962379905081606,0.0050130115921457295,0.05504932499955651,0.0,0.8949752835032162,0.03,0.0
4559,Normal,Normal,0.0,0.0,0.0,0.0,1.0,0.0,0.0
4560,Dos/DDos,Dos/DDos,0.0,0.0,1.0,0.0,0.0,0.0,0.0
4561,Dos/DDos,Dos/DDos,0.0,0.0,1.0,0.0,0.0,0.0,0.0
4562,Dos/DDos,Dos/DDos,0.0,0.0,0.9900845788863313,0.0,0.009915421113668608,0.0,0.0
4563,Normal,Normal,0.0,0.0,0.0,0.0,1.0,0.0,0.0
4564,Normal,Normal,0.0,0.04083801148797529,0.0029439974316081796,0.0,0.8949822376113105,0.0,0.06123575346910602
4565,Normal,Normal,0.0,0.0,0.0,0.0,1.0,0.0,0.0
4566,PortScan,PortScan,0.0,0.0,0.0,0.0,0.006262024415897487,0.9937379755841026,0.0
4567,Dos/DDos,Dos/DDos,0.0,0.0,1.0,0.0,0.0,0.0,0.0
4568,PortScan,PortScan,0.0,0.0,0.0,0.0,0.008485152380170754,0.9915148476198293,0.0
4569,Dos/DDos,Dos/DDos,0.0,0.0,0.9932366771159874,0.0,0.006763322884012539,0.0,0.0
4570,Brute Force,Brute Force,0.0,1.0,0.0,0.0,0.0,0.0,0.0
4571,Brute Force,Brute Force,0.0,0.9400800073199993,0.0029766544270049353,0.0,0.01901331583711849,0.0,0.037930022415877354
4572,PortScan,PortScan,0.0,0.0,0.0,0.0,7.417036449015093e-05,0.9999258296355099,0.0
4573,PortScan,PortScan,0.0,0.0,0.0,0.0,0.0034556973152231984,0.996544302684777,0.0
4574,Normal,Normal,0.0,0.0,0.01580385924690143,0.0,0.9779386249883237,0.0,0.0062575157647748935
4575,Dos/DDos,Dos/DDos,0.0,0.0,1.0,0.0,0.0,0.0,0.0
4576,Normal,Normal,0.0,0.0,0.0,0.0,1.0,0.0,0.0
4577,Normal,Normal,0.0,0.0,0.0,0.0,1.0,0.0,0.0
4578,Normal,Normal,0.0,0.0,0.0,0.0,1.0,0.0,0.0
4579,PortScan,PortScan,0.0,0.0,0.0,0.0,0.00010940824429178676,0.9998905917557083,0.0
4580,PortScan,PortScan,0.0,0.0,0.0,0.0,0.0023454604626852405,0.997654539537315,0.0
4581,PortScan,PortScan,0.0,0.0,0.0,0.0,0.0016622234901200867,0.99833777650988,0.0
4582,Dos/DDos,Dos/DDos,0.0,0.0,1.0,0.0,0.0,0.0,0.0
4583,PortScan,PortScan,0.0,0.0,0.0,0.0,0.00010940824429178676,0.9998905917557083,0.0
4584,Dos/DDos,Dos/DDos,0.0,0.00032747601458640906,0.9554327111225984,0.0,0.03547359551999771,0.00014479321798189455,0.008621424124835637
4585,Brute Force,Brute Force,0.0,1.0,0.0,0.0,0.0,0.0,0.0
4586,Dos/DDos,Dos/DDos,0.0,0.0005642355865321211,0.9923330390484287,0.0,0.0057029548320273096,0.00023947373719105728,0.0011602967958208664
4587,PortScan,PortScan,0.0,0.0,0.0,0.0,0.002199916599990163,0.99780008340001,0.0
4588,Brute Force,Brute Force,0.0,1.0,0.0,0.0,0.0,0.0,0.0
4589,Normal,Normal,0.0,0.0,0.0,0.019723426391599973,0.9701070245669844,0.0,0.010169549041415584
4590,Normal,Normal,0.0,0.0,0.016153066780176976,0.0,0.9838469332198231,0.0,0.0
4591,Normal,Normal,0.0,0.0,0.0,0.0,1.0,0.0,0.0
4592,PortScan,PortScan,0.0,0.0,0.0,0.0,7.417036449015093e-05,0.9999258296355099,0.0
4593,Dos/DDos,Dos/DDos,0.0,0.0,1.0,0.0,0.0,0.0,0.0
4594,Dos/DDos,Dos/DDos,0.0,0.0,1.0,0.0,0.0,0.0,0.0
4595,Dos/DDos,Dos/DDos,0.0,0.0,1.0,0.0,0.0,0.0,0.0
4596,Dos/DDos,Dos/DDos,0.0,0.0,0.9925114128526279,0.0,0.007488587147372118,0.0,0.0
4597,Normal,Normal,0.23893370790274457,0.0,0.0,0.0,0.7610662920972554,0.0,0.0
4598,PortScan,PortScan,0.0,0.0,0.0,0.0,0.00010940824429178676,0.9998905917557083,0.0
4599,PortScan,PortScan,0.0,0.0,0.0,0.0,0.021689160165453837,0.9783108398345461,0.0
4600,Dos/DDos,Dos/DDos,0.0,0.0,0.9544637329895785,0.0,0.04553626701042135,0.0,0.0
4601,PortScan,PortScan,0.0,0.0,0.0,0.0,0.0024568433805013026,0.9975431566194989,0.0
4602,PortScan,PortScan,0.0,0.0,0.0,0.0,0.00010940824429178676,0.9998905917557083,0.0
4603,Dos/DDos,Dos/DDos,0.0,0.0,0.989960913759418,0.0,0.005030918212577295,0.005008168028004667,0.0
4604,PortScan,PortScan,0.0,0.0,0.0,0.0,0.0033823849904575567,0.9966176150095427,0.0
4605,Botnet ARES,Botnet ARES,1.0,0.0,0.0,0.0,0.0,0.0,0.0
4606,PortScan,PortScan,0.0,0.0,0.0,0.0,0.00010940824429178676,0.9998905917557083,0.0
4607,Brute Force,Brute Force,0.0,1.0,0.0,0.0,0.0,0.0,0.0
4608,Dos/DDos,Dos/DDos,0.0,0.003983483972893301,0.9722209786798921,0.0,0.016562718924667038,3.4417133376232516e-05,0.00719840128917107
4609,PortScan,PortScan,0.0,0.0,0.0,0.0,7.417036449015093e-05,0.9999258296355099,0.0
4610,PortScan,PortScan,0.0,0.0,0.0,0.0,0.0019495741385205986,0.9980504258614795,0.0
4611,Botnet ARES,Botnet ARES,0.9931461513476666,0.0,0.0,0.0,0.006853848652333139,0.0,0.0
4612,Normal,Normal,0.0,0.0,0.0,0.0,1.0,0.0,0.0
4613,Dos/DDos,Dos/DDos,0.0,0.003983483972893301,0.9810029584985736,0.0,0.011067821129049226,0.0,0.00394573639948369
4614,PortScan,PortScan,0.0,0.0,0.0,0.0,7.417036449015093e-05,0.9999258296355099,0.0
4615,Normal,Normal,0.0,0.0,0.0,0.0,1.0,0.0,0.0
4616,Normal,Normal,0.0,0.0,0.0,0.0,1.0,0.0,0.0
4617,PortScan,PortScan,0.0,0.0,0.0,0.0,0.00010940824429178676,0.9998905917557083,0.0
4618,Dos/DDos,Dos/DDos,0.0,0.0,1.0,0.0,0.0,0.0,0.0
4619,Dos/DDos,Dos/DDos,0.0,0.0,1.0,0.0,0.0,0.0,0.0
4620,Dos/DDos,Dos/DDos,0.0,0.0,1.0,0.0,0.0,0.0,0.0
4621,PortScan,PortScan,0.0,0.0,0.0,0.0,7.417036449015093e-05,0.9999258296355099,0.0
4622,PortScan,PortScan,0.0,0.0,0.0,0.0,0.00010940824429178676,0.9998905917557083,0.0
4623,PortScan,PortScan,0.0,0.0,0.0,0.0,0.00367223319262242,0.9963277668073778,0.0
4624,Dos/DDos,Dos/DDos,0.0,0.0,1.0,0.0,0.0,0.0,0.0
4625,Normal,Normal,0.0,0.0,0.0,0.0,1.0,0.0,0.0
4626,Normal,Normal,0.0,0.016609940357852883,0.026674251230043845,0.0,0.8803345828720672,0.018366961762729436,0.05801426377730657
4627,Dos/DDos,Dos/DDos,0.0,0.0,1.0,0.0,0.0,0.0,0.0
4628,PortScan,PortScan,0.0,0.0,0.0,0.0,0.00010940824429178676,0.9998905917557083,0.0
4629,Dos/DDos,Dos/DDos,0.0,0.0,1.0,0.0,0.0,0.0,0.0
4630,Dos/DDos,Dos/DDos,0.0,0.0,0.9657843764651163,0.0,0.0342156235348838,0.0,0.0
4631,Normal,Normal,0.014491644987971586,0.008805100123345358,0.0004299390422660507,0.0,0.9669456715714333,0.0,0.009327644274983678
4632,Brute Force,Brute Force,0.0,0.962706150113201,0.0029766544270049353,0.0,0.01276546330221945,0.0,0.021551732157574756
4633,Botnet ARES,Botnet ARES,0.999774330969387,0.0,0.0,0.0,0.00022566903061300287,0.0,0.0
4634,Brute Force,Brute Force,0.0,0.9982009597927275,0.0,0.0,0.0017990402072725487,0.0,0.0
4635,PortScan,PortScan,0.0,0.0,0.0,0.0,7.417036449015093e-05,0.9999258296355099,0.0
4636,PortScan,PortScan,0.0,0.0,0.0,0.0,0.00207745614537608,0.9979225438546241,0.0
4637,Normal,Normal,0.0,0.0,0.0,0.0,1.0,0.0,0.0
4638,Normal,Normal,0.0,0.0,0.0,0.0,1.0,0.0,0.0
4639,Dos/DDos,Dos/DDos,0.0,0.0,0.9816051999582395,0.0,0.018394800041760515,0.0,0.0
4640,Normal,Normal,0.012725056052599245,0.016554751295856564,0.01126553198700149,0.0,0.873099166051474,0.05664205482680073,0.02971343978626788
4641,Brute Force,Brute Force,0.0,0.999975398192537,0.0,0.0,2.4601807462940075e-05,0.0,0.0
4642,Normal,Normal,0.0,0.0,0.2973897190647161,0.0,0.702610280935284,0.0,0.0
4643,Normal,Normal,0.0037996733805117045,0.0,0.0,0.0,0.9962003266194883,0.0,0.0
4644,Dos/DDos,Dos/DDos,0.0,0.003983483972893301,0.9810875754923762,0.0,0.010122724136898189,0.0,0.0048062163978319404
4645,Normal,Normal,0.0,0.0,0.0,0.0,1.0,0.0,0.0
4646,Web Attack,Web Attack,0.0,0.0,1.4083720890171383e-05,0.0,0.0010767330448849778,5.853123184749522e-05,0.9988506520023772
4647,Dos/DDos,Dos/DDos,0.0,0.0,0.9991205143289352,0.0,0.0008794856710647951,0.0,0.0
4648,Brute Force,Brute Force,0.0,0.9606661601799914,0.0029766544270049353,0.0,0.013071659635060575,0.0,0.023285525757943223
4649,Dos/DDos,Dos/DDos,0.0,0.0,0.8775629515616313,0.0,0.12243704843836872,0.0,0.0
4650,Normal,Normal,0.0,0.018297002427755452,0.03642452763998907,0.0,0.9203330585352861,0.013342099513732471,0.011603311883236784
4651,Dos/DDos,Dos/DDos,0.0,0.0,1.0,0.0,0.0,0.0,0.0
4652,Dos/DDos,Dos/DDos,0.0,0.0,0.9974725469358838,0.0,0.0025274530641161887,0.0,0.0
4653,PortScan,PortScan,0.0,0.0,0.0,0.0,0.002199916599990163,0.99780008340001,0.0
4654,Web Attack,Web Attack,0.0,0.0,1.4083720890171383e-05,0.0,0.001550279110412039,6.30767990631958e-05,0.9983725603696344
4655,PortScan,PortScan,0.0,0.0,0.0,0.0,0.0010488510706976421,0.9989511489293024,0.0
4656,Dos/DDos,Dos/DDos,0.0,0.003983483972893301,0.9814281759400566,0.0,0.010750886841346795,0.0,0.0038374532457031356
4657,PortScan,PortScan,0.0,0.0,0.0,0.0,0.00010940824429178676,0.9998905917557083,0.0
4658,PortScan,PortScan,0.0,0.0,0.0,0.0,0.00010940824429178676,0.9998905917557083,0.0
4659,PortScan,PortScan,0.0,0.0,0.0,0.0,0.0012545663175091539,0.9987454336824909,0.0
4660,PortScan,PortScan,0.0,0.0,0.0,0.0,0.00010940824429178676,0.9998905917557083,0.0
4661,Normal,Normal,0.0,0.0,0.006687054026503568,0.0,0.9933129459734964,0.0,0.0
4662,PortScan,PortScan,0.0,0.0,0.0,0.0,0.01612204074120968,0.9838779592587906,0.0
4663,Dos/DDos,Dos/DDos,0.0,0.0,1.0,0.0,0.0,0.0,0.0
4664,Normal,Normal,0.0,0.0,0.0,0.0,1.0,0.0,0.0
4665,PortScan,PortScan,0.0,0.0,0.0,0.0,7.417036449015093e-05,0.9999258296355099,0.0
4666,Normal,Normal,0.0,0.0,0.0,0.0,1.0,0.0,0.0
4667,Normal,Normal,0.0,0.0,0.0,0.0,1.0,0.0,0.0
4668,PortScan,PortScan,0.0,0.0,0.0,0.0,0.00202281691283012,0.99797718308717,0.0
4669,PortScan,PortScan,0.0,0.0,0.0,0.0,0.0033823849904575567,0.9966176150095427,0.0
4670,Dos/DDos,Dos/DDos,0.0,0.0,0.981602906958539,0.0,0.01512792197657423,0.003269171064886681,0.0
4671,Brute Force,Brute Force,0.0,1.0,0.0,0.0,0.0,0.0,0.0
4672,PortScan,PortScan,0.0,0.0,0.0,0.0,0.0033823849904575567,0.9966176150095427,0.0
4673,Dos/DDos,Dos/DDos,0.0,0.003983483972893301,0.9803068290003795,0.0,0.012557273218238836,3.4417133376232516e-05,0.003117996675111967
4674,Normal,Normal,0.0,0.0,0.2658472231517966,0.0,0.7341527768482033,0.0,0.0
4675,Dos/DDos,Dos/DDos,0.0,0.0,0.98,0.0,0.02,0.0,0.0
4676,Brute Force,Brute Force,0.0,0.999975398192537,0.0,0.0,2.4601807462940075e-05,0.0,0.0
4677,PortScan,PortScan,0.0,0.0,0.0,0.0,7.417036449015093e-05,0.9999258296355099,0.0
4678,Normal,Normal,0.0,0.0,0.0,0.0,1.0,0.0,0.0
4679,Dos/DDos,Dos/DDos,0.0,0.0,1.0,0.0,0.0,0.0,0.0
4680,Dos/DDos,Dos/DDos,0.0,0.0,0.851504779020829,0.0,0.14849522097917126,0.0,0.0
4681,PortScan,PortScan,0.0,0.0,0.0,0.0,0.0023768346136486046,0.9976231653863514,0.0
4682,Normal,Normal,0.0,0.0,0.0,0.0,1.0,0.0,0.0
4683,PortScan,PortScan,0.0,0.0,0.0,0.0,0.0031156910669122816,0.9968843089330879,0.0
4684,Normal,Normal,0.0,0.0,0.0,0.0,1.0,0.0,0.0
4685,Dos/DDos,Dos/DDos,0.0,0.0,1.0,0.0,0.0,0.0,0.0
4686,Brute Force,Brute Force,0.0,0.999975398192537,0.0,0.0,2.4601807462940075e-05,0.0,0.0
4687,PortScan,PortScan,0.0,0.0,0.0,0.0,0.0033005058274889194,0.9966994941725111,0.0
4688,Normal,Normal,0.0,0.0,0.0,0.0,1.0,0.0,0.0
4689,Normal,Normal,0.0,0.0,0.0,0.0,1.0,0.0,0.0
4690,Dos/DDos,Dos/DDos,0.0,0.0,0.7628022589220194,0.0,0.2371977410779805,0.0,0.0
4691,Normal,Normal,0.1733270496927009,0.0,0.07668603202425381,0.0,0.7433093200945546,0.006677598188490669,0.0
4692,Dos/DDos,Dos/DDos,0.0,0.0,1.0,0.0,0.0,0.0,0.0
4693,PortScan,PortScan,0.0,0.0,0.0,0.0,0.0038817755120723126,0.996118224487928,0.0
4694,Botnet ARES,Botnet ARES,1.0,0.0,0.0,0.0,0.0,0.0,0.0
4695,Dos/DDos,Dos/DDos,0.0,0.0,1.0,0.0,0.0,0.0,0.0
4696,Dos/DDos,Dos/DDos,0.00792205358815814,0.041763496857633274,0.6269228417346269,0.0,0.2910794809402032,0.018355910914624785,0.013956215964753852
4697,Dos/DDos,Dos/DDos,0.0,0.0,1.0,0.0,0.0,0.0,0.0
4698,Dos/DDos,Dos/DDos,0.0,0.0,1.0,0.0,0.0,0.0,0.0
4699,Dos/DDos,Dos/DDos,0.0,0.0,1.0,0.0,0.0,0.0,0.0
4700,Dos/DDos,Dos/DDos,0.0,0.0,1.0,0.0,0.0,0.0,0.0
4701,Normal,Normal,0.03793824138580305,0.005084884673925771,0.02749303486235436,0.009969476402911482,0.8977148293784214,0.0065999523469144625,0.015199580949669533
4702,Normal,Normal,0.0,0.0,0.0,0.0,1.0,0.0,0.0
4703,PortScan,PortScan,0.0,0.0,0.0,0.0,0.002643876133466521,0.9973561238665336,0.0
4704,Dos/DDos,Dos/DDos,0.0,0.0,1.0,0.0,0.0,0.0,0.0
4705,PortScan,PortScan,0.0,0.0,0.0,0.0,0.001509970432581729,0.9984900295674183,0.0
4706,Dos/DDos,Dos/DDos,0.0,0.003983483972893301,0.9815127929338593,0.0,0.009805789849195758,0.0,0.004697933244051386
4707,Dos/DDos,Dos/DDos,0.0,0.0,1.0,0.0,0.0,0.0,0.0
4708,Dos/DDos,Dos/DDos,0.0,0.0,0.9006316978230694,0.0,0.09432885792872625,0.005039444248204403,0.0
4709,PortScan,PortScan,0.0,0.0,0.0,0.0,0.00010940824429178676,0.9998905917557083,0.0
4710,Dos/DDos,Dos/DDos,0.0,0.0,1.0,0.0,0.0,0.0,0.0
4711,Normal,Normal,0.0,0.0,0.0,0.0,1.0,0.0,0.0
4712,Web Attack,Web Attack,0.0,0.0,1.4083720890171383e-05,0.0,0.0014052859806130125,6.30767990631958e-05,0.9985175534994335
4713,PortScan,PortScan,0.0,0.0,0.0,0.0,7.417036449015093e-05,0.9999258296355099,0.0
4714,Normal,Normal,0.0,0.0,0.0,0.009943529411764705,0.982465388478393,0.0,0.007591082109842306
4715,Normal,Normal,0.013979276138519812,0.00020904546153226817,0.0,0.0,0.9722793872111081,0.006603758623423995,0.0069285325654157934
4716,Botnet ARES,Botnet ARES,1.0,0.0,0.0,0.0,0.0,0.0,0.0
4717,PortScan,PortScan,0.0,0.0,0.0,0.0,0.00010940824429178676,0.9998905917557083,0.0
4718,Normal,Normal,0.0,0.01,0.011651300561026326,0.0,0.9783486994389736,0.0,0.0
4719,PortScan,PortScan,0.0,0.0,0.0,0.0,0.002199916599990163,0.99780008340001,0.0
4720,Dos/DDos,Dos/DDos,0.0,0.0,0.9996025886597363,0.0,0.00039741134026370113,0.0,0.0
4721,PortScan,PortScan,0.0,0.0,0.0,0.0,0.0012218585798167189,0.9987781414201834,0.0
4722,Brute Force,Brute Force,0.0,1.0,0.0,0.0,0.0,0.0,0.0
4723,Normal,Normal,0.0,0.04947947701114185,0.003078639010419189,0.0,0.8714703773122229,0.0,0.07597150666621613
4724,Normal,Normal,0.0,0.0,0.0,0.0,1.0,0.0,0.0
4725,Normal,Normal,0.0,0.0,0.0,0.0,1.0,0.0,0.0
4726,Botnet ARES,Botnet ARES,0.994465925907663,0.0,0.0,0.0,0.005534074092336643,0.0,0.0
4727,Dos/DDos,Dos/DDos,0.0,0.0,0.3870128690171206,0.0,0.3104099855757287,0.02535550760854326,0.2772216377986075
4728,Normal,Normal,0.0,0.0042244166781911195,0.02842284396560294,0.0,0.9498636858968601,2.7552570450159033e-05,0.0174615008888957
4729,PortScan,PortScan,0.0,0.0,0.0,0.0,7.417036449015093e-05,0.9999258296355099,0.0
4730,Dos/DDos,Dos/DDos,0.0,0.0,0.9098805857613936,0.0,0.09011941423860613,0.0,0.0
4731,Web Attack,Web Attack,0.0,0.0,1.4083720890171383e-05,0.0,0.0014052859806130125,6.30767990631958e-05,0.9985175534994335
4732,Dos/DDos,Dos/DDos,0.0,0.0,1.0,0.0,0.0,0.0,0.0
4733,PortScan,PortScan,0.0,0.0,0.0,0.0,0.001509970432581729,0.9984900295674183,0.0
4734,Brute Force,Brute Force,0.0,1.0,0.0,0.0,0.0,0.0,0.0
4735,Dos/DDos,Dos/DDos,0.0,0.003983483972893301,0.9805365730237078,0.0,0.012028923596920814,0.0,0.0034510194064778068
4736,Normal,Normal,0.0,0.0,0.0,0.0,1.0,0.0,0.0
4737,Dos/DDos,Dos/DDos,0.0,0.0,1.0,0.0,0.0,0.0,0.0
4738,Web Attack,Web Attack,0.0,0.0,1.4083720890171383e-05,0.0,0.0010767330448849778,5.853123184749522e-05,0.9988506520023772
4739,Normal,Normal,0.0,0.0,0.0,0.0,1.0,0.0,0.0
4740,Dos/DDos,Dos/DDos,0.0,0.0,1.0,0.0,0.0,0.0,0.0
4741,Normal,Normal,0.019154743561523222,0.0,0.0033913998744507217,0.0,0.9724920700820582,0.004961786481967996,0.0
4742,Dos/DDos,Dos/DDos,0.0,0.003983483972893301,0.9810875754923762,0.0,0.010122724136898189,0.0,0.0048062163978319404
4743,Normal,Normal,0.0,0.0,0.0,0.0,1.0,0.0,0.0
4744,Dos/DDos,Dos/DDos,0.0,0.0,1.0,0.0,0.0,0.0,0.0
4745,Brute Force,Brute Force,0.0,1.0,0.0,0.0,0.0,0.0,0.0
4746,Botnet ARES,Botnet ARES,0.999774330969387,0.0,0.0,0.0,0.00022566903061300287,0.0,0.0
4747,PortScan,PortScan,0.0,0.0,0.0,0.0,0.0038068239457884918,0.9961931760542118,0.0
4748,PortScan,PortScan,0.0,0.0,0.0,0.0,7.417036449015093e-05,0.9999258296355099,0.0
4749,Dos/DDos,Dos/DDos,0.0,0.0,0.9400070884179665,0.0,0.0599929115820334,0.0,0.0
4750,Dos/DDos,Dos/DDos,0.0,0.0005033863982289575,0.9775693035728829,0.0,0.020828418567454793,5.927272130805441e-05,0.0010396187401256031
4751,PortScan,PortScan,0.0,0.0,0.0,0.0,0.002229162826075262,0.9977708371739249,0.0
4752,Normal,Normal,0.0,0.01692817785217064,0.051793042412288236,0.0,0.9118762382906839,3.4417133376232516e-05,0.019368124311481015
4753,Dos/DDos,Dos/DDos,0.0,0.0,1.0,0.0,0.0,0.0,0.0
4754,PortScan,PortScan,0.0,0.0,0.0,0.0,0.0020969330446242505,0.9979030669553759,0.0
4755,Normal,Normal,0.0,0.0,0.0,0.0,1.0,0.0,0.0
4756,Normal,Normal,0.0,0.0,0.0,0.0,1.0,0.0,0.0
4757,Normal,Normal,0.0,0.0,0.01334870042127017,0.0,0.9866512995787298,0.0,0.0
4758,PortScan,PortScan,0.0,0.0,0.0,0.0,0.00010940824429178676,0.9998905917557083,0.0
4759,Dos/DDos,Dos/DDos,0.0,0.0,0.8755611992317376,0.0,0.12443880076826254,0.0,0.0
4760,Brute Force,Brute Force,0.0,1.0,0.0,0.0,0.0,0.0,0.0
4761,Dos/DDos,Dos/DDos,0.0,0.0005642355865321211,0.9502548551914698,0.0,0.047359610932140014,0.00023947373719105728,0.0015818245526671715
4762,Normal,Normal,0.0,0.0,1.4083720890171383e-05,0.0,0.5552608385248711,6.0161746208505e-05,0.4446649160080303
4763,Normal,Normal,0.0,0.021175562430389858,0.003078639010419189,0.0,0.8982395975418055,0.0,0.0775062010173854
4764,Normal,Normal,0.0,0.0,0.004974079679627634,0.0,0.9925301438066483,0.00249577651372417,0.0
4765,Normal,Normal,0.0,0.0,0.0,0.0,1.0,0.0,0.0
4766,PortScan,PortScan,0.0,0.0,0.0,0.0,7.417036449015093e-05,0.9999258296355099,0.0
4767,PortScan,PortScan,0.0,0.0,0.0,0.0,0.0016622234901200867,0.99833777650988,0.0
4768,Dos/DDos,Dos/DDos,0.0,0.0,1.0,0.0,0.0,0.0,0.0
4769,PortScan,PortScan,0.0,0.0,0.0,0.0,0.0007067214612540124,0.9992932785387459,0.0
4770,Dos/DDos,Dos/DDos,0.0,0.0,0.9949242961911522,0.0,0.005075703808847884,0.0,0.0
4771,Dos/DDos,Dos/DDos,0.0,0.003983483972893301,0.9744305501877011,0.0,0.018665055357247242,3.4417133376232516e-05,0.002886493348782002
4772,Normal,Normal,0.0,0.0,0.0,0.0,1.0,0.0,0.0
4773,Normal,Normal,0.0,0.0,0.0075150406983602695,0.0,0.9824849593016398,0.01,0.0
4774,PortScan,PortScan,0.0,0.0,0.0,0.0,0.00010940824429178676,0.9998905917557083,0.0
4775,Normal,Normal,0.0,0.0,0.0,0.0,1.0,0.0,0.0
4776,PortScan,PortScan,0.0,0.0,0.0,0.0,0.005889744605320678,0.9941102553946796,0.0
4777,Normal,Normal,0.0,0.0,0.0,0.0,1.0,0.0,0.0
4778,Normal,Normal,0.0,0.00997539819253706,0.0,0.0,0.990024601807463,0.0,0.0
4779,PortScan,PortScan,0.0,0.0,0.0,0.0,0.004119931000825461,0.9958800689991747,0.0
4780,Brute Force,Brute Force,0.0,1.0,0.0,0.0,0.0,0.0,0.0
4781,Normal,Normal,0.0,0.0,0.0,0.0,0.9903421296094436,0.009657870390556354,0.0
4782,Brute Force,Brute Force,0.0,0.999975398192537,0.0,0.0,2.4601807462940075e-05,0.0,0.0
4783,PortScan,PortScan,0.0,0.0,0.0,0.0,0.0012545663175091539,0.9987454336824909,0.0
4784,Dos/DDos,Dos/DDos,0.0,0.0,1.0,0.0,0.0,0.0,0.0
4785,PortScan,PortScan,0.0,0.0,0.0,0.0,0.002643876133466521,0.9973561238665336,0.0
4786,PortScan,PortScan,0.0,0.0,0.0,0.0,0.00010940824429178676,0.9998905917557083,0.0
4787,PortScan,PortScan,0.0,0.0,0.0,0.0,7.417036449015093e-05,0.9999258296355099,0.0
4788,PortScan,PortScan,0.0,0.0,0.0,0.0,0.00010940824429178676,0.9998905917557083,0.0
4789,Normal,Normal,0.0,0.04083801148797529,0.0029439974316081796,0.0,0.9154038073613853,0.0,0.040814183719031207
4790,PortScan,PortScan,0.0,0.0,0.0,0.0,7.417036449015093e-05,0.9999258296355099,0.0
4791,Dos/DDos,Dos/DDos,0.0,0.0,1.0,0.0,0.0,0.0,0.0
4792,PortScan,PortScan,0.0,0.0,0.0,0.0,7.417036449015093e-05,0.9999258296355099,0.0
4793,Brute Force,Brute Force,0.0,1.0,0.0,0.0,0.0,0.0,0.0
4794,Normal,Normal,0.0,0.0,0.0,0.0,1.0,0.0,0.0
4795,Dos/DDos,Dos/DDos,0.0,0.003983483972893301,0.9810029584985736,0.0,0.011067821129049226,0.0,0.00394573639948369
4796,Brute Force,Brute Force,0.0,0.9576910175920333,0.0029766544270049353,0.0,0.013071659635060575,0.0,0.026260668345901083
4797,Normal,Normal,0.05,0.0,0.0,0.019904039417495696,0.9151252579154981,0.014970702667006246,0.0
4798,Dos/DDos,Dos/DDos,0.0,0.0,1.0,0.0,0.0,0.0,0.0
4799,Dos/DDos,Dos/DDos,0.0,0.0,1.0,0.0,0.0,0.0,0.0
4800,Brute Force,Brute Force,0.0,1.0,0.0,0.0,0.0,0.0,0.0
4801,Normal,Normal,0.0,0.0,0.0,0.0,1.0,0.0,0.0
4802,Web Attack,Web Attack,0.0,0.0,1.4083720890171383e-05,0.0,0.001550279110412039,6.30767990631958e-05,0.9983725603696344
4803,PortScan,PortScan,0.0,0.0,0.0,0.0,7.417036449015093e-05,0.9999258296355099,0.0
4804,PortScan,PortScan,0.0,0.0,0.0,0.0,7.417036449015093e-05,0.9999258296355099,0.0
4805,Botnet ARES,Botnet ARES,0.9924741127423644,0.0,0.0,0.0,0.007525887257635478,0.0,0.0
4806,Dos/DDos,Dos/DDos,0.0,0.0007443191035267758,0.9875654870409813,0.0,0.007692838324666151,8.682529175821345e-05,0.003910530239067575
4807,Dos/DDos,Dos/DDos,0.0,0.003983483972893301,0.9808640465968252,0.0,0.011296132169676329,3.4417133376232516e-05,0.0038219201272286373
4808,Brute Force,Brute Force,0.0,0.9606661601799914,0.0029766544270049353,0.0,0.013071659635060575,0.0,0.023285525757943223
4809,Normal,Normal,0.008397455817252526,0.00020904546153226817,0.0,0.0,0.9813361316507054,0.010057367070509624,0.0
4810,Dos/DDos,Dos/DDos,0.0,0.0,1.0,0.0,0.0,0.0,0.0
4811,Normal,Normal,0.0,0.0,0.0,0.0,1.0,0.0,0.0
4812,PortScan,PortScan,0.0,0.0,0.0,0.0,0.0016003478380821065,0.998399652161918,0.0
4813,Normal,Normal,0.0,0.0,0.008277353224478841,0.0,0.9917226467755212,0.0,0.0
4814,Brute Force,Brute Force,0.0,0.9998667055532651,0.0,0.0,0.00013329444673491696,0.0,0.0
4815,Dos/DDos,Dos/DDos,0.0,0.00032747601458640906,0.9695332932203737,0.0,0.021373013422222312,0.00014479321798189455,0.008621424124835637
4816,Dos/DDos,Dos/DDos,0.0,0.0,0.7831672124055052,0.0,0.16089261747589528,0.055940170118599364,0.0
4817,Web Attack,Web Attack,0.0,0.0,1.4083720890171383e-05,0.0,0.0012400978345856212,5.853123184749522e-05,0.9986872872126766
4818,Dos/DDos,Dos/DDos,0.0,0.0,0.7526643276266423,0.0,0.24733567237335774,0.0,0.0
4819,Dos/DDos,Dos/DDos,0.0,0.0,1.0,0.0,0.0,0.0,0.0
4820,PortScan,PortScan,0.0,0.0,0.0,0.0,0.001532701481143675,0.9984672985188564,0.0
4821,Normal,Normal,0.0,0.0,0.01334870042127017,0.0,0.9866512995787298,0.0,0.0
4822,Normal,Normal,0.0,0.0,0.011655808041509326,0.0,0.9883441919584907,0.0,0.0
4823,Normal,Normal,0.0,0.0,0.0,0.0,1.0,0.0,0.0
4824,PortScan,PortScan,0.0,0.0,0.0,0.0,0.003522005643906805,0.9964779943560934,0.0
4825,PortScan,PortScan,0.0,0.0,0.0,0.0,0.003702546957101694,0.9962974530428985,0.0
4826,PortScan,PortScan,0.0,0.0,0.0,0.0,0.001401556619375782,0.9985984433806243,0.0
4827,Dos/DDos,Dos/DDos,0.0,0.003983483972893301,0.9816377833200167,0.0,0.010819430146831314,0.0,0.0035593025602583604
4828,Normal,Normal,0.0,0.01,0.013671759082160801,0.0,0.9763282409178392,0.0,0.0
4829,Normal,Normal,0.0,0.0,0.0,0.0,1.0,0.0,0.0
4830,Normal,Normal,0.0,0.0,0.0,0.0,1.0,0.0,0.0
4831,Dos/DDos,Dos/DDos,0.0,0.0,0.9962522782984439,0.0,0.003747721701556077,0.0,0.0
4832,PortScan,PortScan,0.0,0.0,0.0,0.0,8.56493160846622e-05,0.9999143506839154,0.0
4833,Brute Force,Brute Force,0.0,0.999975398192537,0.0,0.0,2.4601807462940075e-05,0.0,0.0
4834,Normal,Normal,0.0,0.0,0.0,0.0,1.0,0.0,0.0
4835,Brute Force,Brute Force,0.0,1.0,0.0,0.0,0.0,0.0,0.0
4836,Normal,Normal,0.0,0.0,0.0,0.0,1.0,0.0,0.0
4837,Brute Force,Brute Force,0.0,0.9522623620034456,0.0029766544270049353,0.0,0.014501835760378135,0.0,0.030259147809171466
4838,PortScan,PortScan,0.0,0.0,0.0,0.0,0.0017892038873217873,0.9982107961126782,0.0
4839,Botnet ARES,Botnet ARES,1.0,0.0,0.0,0.0,0.0,0.0,0.0
4840,PortScan,PortScan,0.0,0.0,0.0,0.0,0.00010940824429178676,0.9998905917557083,0.0
4841,Brute Force,Brute Force,0.0,1.0,0.0,0.0,0.0,0.0,0.0
4842,Dos/DDos,Dos/DDos,0.0037492377827463047,0.01472326581518183,0.5605559375537872,0.0,0.4202941951436972,5.927272130805441e-05,0.0006180909832792979
4843,Dos/DDos,Dos/DDos,0.0,0.003983483972893301,0.9815127929338593,0.0,0.009805789849195758,0.0,0.004697933244051386
4844,Botnet ARES,Botnet ARES,0.9925259765984521,0.0,0.0,0.0,0.007474023401547588,0.0,0.0
4845,PortScan,PortScan,0.0,0.0,0.0,0.0,0.00010940824429178676,0.9998905917557083,0.0
4846,Normal,Normal,0.0,0.03498538095951338,0.020043055299719996,0.0,0.9260424190322074,0.004929560790813307,0.013999583917745752
4847,Brute Force,Brute Force,0.0,1.0,0.0,0.0,0.0,0.0,0.0
4848,Normal,Normal,0.0,0.0,0.0,0.0,1.0,0.0,0.0
4849,Normal,Normal,0.08885728709233746,0.00020904546153226817,8.545250296530551e-05,0.0,0.9018946915769114,0.0,0.008953523366253668
4850,Normal,Normal,0.0,0.0,0.0,0.0,1.0,0.0,0.0
4851,Dos/DDos,Dos/DDos,0.0,0.0043109599874797105,0.911923902668471,0.0,0.07858265544397065,3.0240091656830056e-05,0.005152241808421793
4852,Dos/DDos,Dos/DDos,0.0,0.003983483972893301,0.9816377833200167,0.0,0.010819430146831314,0.0,0.0035593025602583604
4853,Dos/DDos,Dos/DDos,0.0,0.003983483972893301,0.9621453789003706,0.0,0.02625294222670841,0.0007180616740088106,0.006900133226018692
4854,PortScan,PortScan,0.0,0.0,0.0,0.0,7.417036449015093e-05,0.9999258296355099,0.0
4855,Dos/DDos,Dos/DDos,0.0,0.003983483972893301,0.9724922496724449,0.0,0.01977701104471408,0.000752478807385043,0.002994776502562556
4856,Normal,Normal,0.0,0.0,0.0,0.0,1.0,0.0,0.0
4857,Normal,Normal,0.0,0.0,0.0,0.0,1.0,0.0,0.0
4858,PortScan,PortScan,0.0,0.0,0.0,0.0,0.00010940824429178676,0.9998905917557083,0.0
4859,Dos/DDos,Dos/DDos,0.0,0.003983483972893301,0.9799616327657746,0.0,0.012407752459837858,3.4417133376232516e-05,0.00361271366811785
4860,PortScan,PortScan,0.0,0.0,0.0,0.0,0.00010940824429178676,0.9998905917557083,0.0
4861,Brute Force,Brute Force,0.0,0.999975398192537,0.0,0.0,2.4601807462940075e-05,0.0,0.0
4862,PortScan,PortScan,0.0,0.0,0.0,0.0,0.00153553191903505,0.998464468080965,0.0
4863,Dos/DDos,Dos/DDos,0.0,0.0,1.0,0.0,0.0,0.0,0.0
4864,Dos/DDos,Dos/DDos,0.0,0.003983483972893301,0.9810875754923762,0.0,0.010122724136898189,0.0,0.0048062163978319404
4865,Normal,Normal,0.2836483418034767,0.0,0.0,0.0,0.7163516581965235,0.0,0.0
4866,Normal,Normal,0.0,0.0049863938231379775,0.015577016130806212,0.0,0.9676468196811348,0.0,0.011789770364921206
4867,Normal,Normal,0.0,0.0,0.0,0.0,0.9923067080972399,0.0,0.007693291902760007
4868,Dos/DDos,Dos/DDos,0.0,0.0,1.0,0.0,0.0,0.0,0.0
4869,Dos/DDos,Dos/DDos,0.0,0.0,0.9323633109599667,0.0,0.06763668904003334,0.0,0.0
4870,Dos/DDos,Dos/DDos,0.0,0.0,1.0,0.0,0.0,0.0,0.0
4871,Brute Force,Brute Force,0.0,1.0,0.0,0.0,0.0,0.0,0.0
4872,Dos/DDos,Dos/DDos,0.0,0.003983483972893301,0.9772533888154254,0.0,0.011530308789133742,3.4417133376232516e-05,0.00719840128917107
4873,Dos/DDos,Dos/DDos,0.0,0.0,1.0,0.0,0.0,0.0,0.0
4874,Normal,Normal,0.0,0.0,0.0,0.0,1.0,0.0,0.0
4875,Normal,Normal,0.0,0.0,0.0,0.0,1.0,0.0,0.0
4876,PortScan,PortScan,0.0,0.0,0.0,0.0,7.417036449015093e-05,0.9999258296355099,0.0
4877,Dos/DDos,Dos/DDos,0.0,0.0,0.3870128690171206,0.0,0.31558689597097617,0.02535550760854326,0.27204472740336
4878,Dos/DDos,Dos/DDos,0.0,0.0,1.0,0.0,0.0,0.0,0.0
4879,Dos/DDos,Dos/DDos,0.0,0.0,0.9462474682853774,0.0,0.053752531714622666,0.0,0.0
4880,PortScan,PortScan,0.0,0.0,0.0,0.0,0.0024568433805013026,0.9975431566194989,0.0
4881,Normal,Normal,0.0,0.0,0.0,0.0,1.0,0.0,0.0
4882,Dos/DDos,Dos/DDos,0.0,0.0,1.0,0.0,0.0,0.0,0.0
4883,Brute Force,Brute Force,0.0,0.9606661601799914,0.0029766544270049353,0.0,0.013071659635060575,0.0,0.023285525757943223
4884,Brute Force,Brute Force,0.0,0.9606661601799914,0.0029766544270049353,0.0,0.013071659635060575,0.0,0.023285525757943223
4885,Brute Force,Brute Force,0.0,0.999975398192537,0.0,0.0,2.4601807462940075e-05,0.0,0.0
4886,Dos/DDos,Web Attack,0.0,0.01,0.23396661992984108,0.0,0.3533636635012727,0.01229778600142351,0.3903719305674628
4887,PortScan,PortScan,0.0,0.0,0.0,0.0,0.001401556619375782,0.9985984433806243,0.0
4888,Normal,Normal,0.0,0.0,0.3826299686988405,0.0,0.6173700313011596,0.0,0.0
4889,Dos/DDos,Dos/DDos,0.0,0.0,1.0,0.0,0.0,0.0,0.0
4890,Normal,Normal,0.0,0.0,0.0,0.0,1.0,0.0,0.0
4891,Dos/DDos,Dos/DDos,0.0,0.0,1.0,0.0,0.0,0.0,0.0
4892,PortScan,PortScan,0.0,0.0,0.0,0.0,0.00010940824429178676,0.9998905917557083,0.0
4893,Dos/DDos,Dos/DDos,0.0,0.0,1.0,0.0,0.0,0.0,0.0
4894,Normal,Normal,0.0,0.0,0.0,0.0,1.0,0.0,0.0
4895,Normal,Normal,0.01,0.0,0.0,0.0,0.9850519556333918,0.00494804436660829,0.0
4896,PortScan,PortScan,0.0,0.0,0.0,0.0,0.0023293652964004315,0.9976706347035997,0.0
4897,Normal,Normal,0.01650482462858018,0.0,0.020934823351516866,0.009853351955307262,0.9527070000645957,0.0,0.0
4898,PortScan,PortScan,0.0,0.0,0.0,0.0,7.417036449015093e-05,0.9999258296355099,0.0
4899,PortScan,PortScan,0.0,0.0,0.0,0.0,7.417036449015093e-05,0.9999258296355099,0.0
4900,Normal,Normal,0.0,0.0,0.0,0.0,1.0,0.0,0.0
4901,Normal,Normal,0.0,0.07524403191770837,0.0029439974316081796,0.0,0.780232010036441,0.0,0.14157996061424247
4902,Normal,Normal,0.0,0.0,0.0,0.0,1.0,0.0,0.0
4903,PortScan,PortScan,0.0,0.0,0.0,0.0,0.00010940824429178676,0.9998905917557083,0.0
4904,PortScan,PortScan,0.0,0.0,0.0,0.0,0.0035049851002136325,0.9964950148997866,0.0
4905,Dos/DDos,Dos/DDos,0.0,0.003983483972893301,0.9811533694882654,0.0,0.010917410139357287,0.0,0.00394573639948369
4906,Normal,Normal,0.0,0.0,0.0,0.0,1.0,0.0,0.0
4907,Dos/DDos,Dos/DDos,0.0,0.0,1.0,0.0,0.0,0.0,0.0
4908,PortScan,PortScan,0.0,0.0,0.0,0.0,0.0024375858599648827,0.9975624141400352,0.0
4909,Dos/DDos,Dos/DDos,0.0,0.0,0.6368257050474833,0.009948896631823462,0.3532253983206932,0.0,0.0
4910,Normal,Normal,0.0,0.0,0.03390170840159139,0.0,0.9246215538262598,0.01,0.03147673777214886
4911,Normal,Normal,0.0,0.0,0.0,0.0,1.0,0.0,0.0
4912,Normal,Normal,0.0,0.0,0.0,0.0,0.9615790688330162,0.0,0.0384209311669838
4913,Dos/DDos,Dos/DDos,0.0,0.0,0.8090022819920181,0.0,0.18352061468046216,0.007477103327519865,0.0
4914,PortScan,PortScan,0.0,0.0,0.0,0.0,7.417036449015093e-05,0.9999258296355099,0.0
4915,Normal,Normal,0.0,0.0,0.01,0.0,0.99,0.0,0.0
4916,PortScan,PortScan,0.0,0.0,0.0,0.0,7.417036449015093e-05,0.9999258296355099,0.0
4917,PortScan,PortScan,0.0,0.0,0.0,0.0,0.003406148951395409,0.9965938510486048,0.0
4918,Dos/DDos,Dos/DDos,0.0,0.0,1.0,0.0,0.0,0.0,0.0
4919,Normal,Normal,0.0,0.0,0.0,0.0,1.0,0.0,0.0
4920,Normal,Normal,0.0,0.0,0.0,0.0,1.0,0.0,0.0
4921,PortScan,PortScan,0.0,0.0,0.0,0.0,0.002643876133466521,0.9973561238665336,0.0
4922,Normal,Normal,0.0,0.0,0.0,0.0,1.0,0.0,0.0
4923,Normal,Normal,0.0,0.0,0.09392995423875233,0.0,0.8785507457684631,0.007519299992784343,0.02
4924,Normal,Normal,0.0,0.0,0.0,0.0,1.0,0.0,0.0
4925,Dos/DDos,Dos/DDos,0.0,0.0,0.9866146517748359,0.0,0.013385348225164127,0.0,0.0
4926,Botnet ARES,Botnet ARES,1.0,0.0,0.0,0.0,0.0,0.0,0.0
4927,Dos/DDos,Dos/DDos,0.0,0.0,0.9042449764139345,0.0,0.09575502358606544,0.0,0.0
4928,Dos/DDos,Dos/DDos,0.0,0.0,1.0,0.0,0.0,0.0,0.0
4929,Normal,Normal,0.0,0.0,0.0,0.0,1.0,0.0,0.0
4930,PortScan,PortScan,0.0,0.0,0.0,0.0,0.0018200521295441874,0.9981799478704559,0.0
4931,Botnet ARES,Botnet ARES,0.9908574429365224,0.0,0.0,0.0,0.009142557063477419,0.0,0.0
4932,Normal,Dos/DDos,0.0,0.0,0.6075590952585369,0.0,0.39244090474146304,0.0,0.0
4933,Brute Force,Brute Force,0.0,0.9998667055532651,0.0,0.0,0.00013329444673491696,0.0,0.0
4934,Brute Force,Brute Force,0.0,0.962706150113201,0.0029766544270049353,0.0,0.01276546330221945,0.0,0.021551732157574756
4935,Brute Force,Brute Force,0.0,1.0,0.0,0.0,0.0,0.0,0.0
4936,Normal,Normal,0.0,0.0,0.0,0.009779896979835268,0.9569660672587997,0.0,0.033254035761365035
4937,Dos/DDos,Dos/DDos,0.0,0.0,1.0,0.0,0.0,0.0,0.0
4938,Dos/DDos,Dos/DDos,0.0,0.0,1.0,0.0,0.0,0.0,0.0
4939,Web Attack,Web Attack,0.0,0.0,1.4083720890171383e-05,0.0,0.0026824216805844655,6.30767990631958e-05,0.9972404177994619
4940,Normal,Normal,0.0,0.0,0.0,0.0,1.0,0.0,0.0
4941,Brute Force,Brute Force,0.0,1.0,0.0,0.0,0.0,0.0,0.0
4942,Dos/DDos,Dos/DDos,0.0,0.0,1.0,0.0,0.0,0.0,0.0
4943,PortScan,PortScan,0.0,0.0,0.0,0.0,0.0035049851002136325,0.9964950148997866,0.0
4944,PortScan,PortScan,0.0,0.0,0.0,0.0,0.0016420042152960868,0.998357995784704,0.0
4945,PortScan,PortScan,0.0,0.0,0.0,0.0,0.0013708639541191328,0.998629136045881,0.0
4946,PortScan,PortScan,0.0,0.0,0.0,0.0,0.001978219536121109,0.9980217804638791,0.0
4947,Normal,Normal,0.0,0.0,0.0,0.0,0.992168609865471,0.0,0.007831390134529149
4948,Normal,Normal,0.0,0.031776753402809936,0.003078639010419189,0.0,0.8913786149950834,0.0,0.07376599259168748
4949,Dos/DDos,Dos/DDos,0.0,0.0,1.0,0.0,0.0,0.0,0.0
4950,Dos/DDos,Dos/DDos,0.0,0.0,0.9566328853498799,0.0,0.04336711465011999,0.0,0.0
4951,PortScan,PortScan,0.0,0.0,0.0,0.0,7.417036449015093e-05,0.9999258296355099,0.0
4952,PortScan,PortScan,0.0,0.0,0.0,0.0,7.417036449015093e-05,0.9999258296355099,0.0
4953,Normal,Normal,0.0,0.0,0.0,0.0,1.0,0.0,0.0
4954,PortScan,PortScan,0.0,0.0,0.0,0.0,0.00010940824429178676,0.9998905917557083,0.0
4955,Dos/DDos,Dos/DDos,0.0,0.0,1.0,0.0,0.0,0.0,0.0
4956,Brute Force,Brute Force,0.0,1.0,0.0,0.0,0.0,0.0,0.0
4957,Dos/DDos,Dos/DDos,0.0,0.0,1.0,0.0,0.0,0.0,0.0
4958,Brute Force,Brute Force,0.0,1.0,0.0,0.0,0.0,0.0,0.0
4959,Dos/DDos,Dos/DDos,0.0,0.0,1.0,0.0,0.0,0.0,0.0
4960,PortScan,PortScan,0.0,0.0,0.0,0.0,0.013962333951274296,0.9860376660487256,0.0
4961,PortScan,PortScan,0.0,0.0,0.0,0.0,7.417036449015093e-05,0.9999258296355099,0.0
4962,PortScan,PortScan,0.0,0.0,0.0,0.0,0.002199916599990163,0.99780008340001,0.0
4963,Dos/DDos,Dos/DDos,0.0,0.0,1.0,0.0,0.0,0.0,0.0
4964,PortScan,PortScan,0.0,0.0,0.0,0.0,0.0014028033590947247,0.9985971966409053,0.0
4965,Dos/DDos,Dos/DDos,0.0,0.0,1.0,0.0,0.0,0.0,0.0
4966,PortScan,PortScan,0.0,0.0,0.0,0.0,0.0013826716838337488,0.9986173283161663,0.0
4967,Dos/DDos,Dos/DDos,0.0,0.003983483972893301,0.9808640465968252,0.0,0.011296132169676329,3.4417133376232516e-05,0.0038219201272286373
4968,Brute Force,Brute Force,0.0,1.0,0.0,0.0,0.0,0.0,0.0
4969,PortScan,PortScan,0.0,0.0,0.0,0.0,0.0014028033590947247,0.9985971966409053,0.0
4970,Brute Force,Brute Force,0.0,0.999975398192537,0.0,0.0,2.4601807462940075e-05,0.0,0.0
4971,Dos/DDos,Dos/DDos,0.0,0.0,1.0,0.0,0.0,0.0,0.0
4972,Normal,Normal,0.0,0.0,0.0,0.0,1.0,0.0,0.0
4973,Normal,Normal,0.0,0.0,0.0,0.0,1.0,0.0,0.0
4974,Normal,Normal,0.0,0.0,0.0,0.0,1.0,0.0,0.0
4975,Normal,Normal,0.0,0.0,0.0,0.0,1.0,0.0,0.0
4976,Brute Force,Brute Force,0.0,1.0,0.0,0.0,0.0,0.0,0.0
4977,Brute Force,Brute Force,0.0,0.999975398192537,0.0,0.0,2.4601807462940075e-05,0.0,0.0
4978,Brute Force,Brute Force,0.0,1.0,0.0,0.0,0.0,0.0,0.0
4979,Web Attack,Web Attack,0.0,0.0,0.024588317513119153,0.0,0.06760423765370749,0.002038752279822834,0.9057686925533504
4980,PortScan,PortScan,0.0,0.0,0.0,0.0,7.417036449015093e-05,0.9999258296355099,0.0
4981,PortScan,PortScan,0.0,0.0,0.0,0.0,7.417036449015093e-05,0.9999258296355099,0.0
4982,Brute Force,Brute Force,0.0,1.0,0.0,0.0,0.0,0.0,0.0
4983,Normal,Normal,0.01,0.048401836170889376,0.016774869194044507,0.019887323943661973,0.7655092357195303,0.0,0.13942673497187372
4984,Normal,Normal,0.0,0.0,0.0,0.0,1.0,0.0,0.0
4985,PortScan,PortScan,0.0,0.0,0.0,0.0,0.001063112812623945,0.998936887187376,0.0
4986,Dos/DDos,Dos/DDos,0.0,0.0008876636222063219,0.9941951758218588,0.0,0.004917160555934901,0.0,0.0
4987,Dos/DDos,Dos/DDos,0.0,0.0,1.0,0.0,0.0,0.0,0.0
4988,PortScan,PortScan,0.0,0.0,0.0,0.0,0.00010940824429178676,0.9998905917557083,0.0
4989,Web Attack,Web Attack,0.0,0.0,1.4083720890171383e-05,0.0,0.0014084435075517265,6.30767990631958e-05,0.9985143959724947
4990,Normal,Normal,0.0,0.0,0.015003573130061936,0.0,0.984996426869938,0.0,0.0
4991,PortScan,PortScan,0.0,0.0,0.0,0.0,0.002779715469408512,0.9972202845305916,0.0
4992,Dos/DDos,Dos/DDos,0.0,0.0,1.0,0.0,0.0,0.0,0.0
4993,Dos/DDos,Dos/DDos,0.0,0.0,1.0,0.0,0.0,0.0,0.0
4994,PortScan,PortScan,0.0,0.0,0.0,0.0,7.417036449015093e-05,0.9999258296355099,0.0
4995,Dos/DDos,Dos/DDos,0.0,0.003983483972893301,0.9815127929338593,0.0,0.009805789849195758,0.0,0.004697933244051386
4996,Botnet ARES,Botnet ARES,0.994465925907663,0.0,0.0,0.0,0.005534074092336643,0.0,0.0
4997,PortScan,PortScan,0.0,0.0,0.0,0.0,0.001532701481143675,0.9984672985188564,0.0
4998,Web Attack,Web Attack,0.0,0.0,1.4083720890171383e-05,0.0,0.0010767330448849778,5.853123184749522e-05,0.9988506520023772
4999,PortScan,PortScan,0.0,0.0,0.0,0.0,0.00010940824429178676,0.9998905917557083,0.0
5000,Brute Force,Brute Force,0.0,1.0,0.0,0.0,0.0,0.0,0.0
5001,Normal,Normal,0.0,0.0,0.0,0.0,1.0,0.0,0.0
5002,PortScan,PortScan,0.0,0.0,0.0,0.0,7.417036449015093e-05,0.9999258296355099,0.0
5003,Dos/DDos,Dos/DDos,0.0,0.0,0.9119475225361494,0.0,0.08191272652189677,0.0,0.00613975094195388
5004,PortScan,PortScan,0.0,0.0,0.0,0.0,0.001063112812623945,0.998936887187376,0.0
5005,Dos/DDos,Dos/DDos,0.0,0.0,1.0,0.0,0.0,0.0,0.0
5006,Normal,Normal,0.0,0.0,0.0,0.009972822876048682,0.9900271771239514,0.0,0.0
5007,Normal,Normal,0.0,0.0,0.0,0.0,1.0,0.0,0.0
5008,Brute Force,Brute Force,0.0,1.0,0.0,0.0,0.0,0.0,0.0
5009,Normal,Normal,0.009484748436247447,0.0011729406024615654,0.0004299390422660507,0.0,0.9720469727934197,0.0,0.016865399125605116
5010,Web Attack,Web Attack,0.0,0.08021996442530527,0.004118773383477628,0.0,0.04916914005452729,0.0001145531263250645,0.8663775690103651
5011,Normal,Normal,0.0,0.0,0.0,0.0,1.0,0.0,0.0
5012,Normal,Normal,0.0,0.0,0.0,0.0,1.0,0.0,0.0
5013,Dos/DDos,Dos/DDos,0.0,0.0,1.0,0.0,0.0,0.0,0.0
5014,Brute Force,Brute Force,0.0,0.962706150113201,0.0029766544270049353,0.0,0.01276546330221945,0.0,0.021551732157574756
5015,PortScan,PortScan,0.0,0.0,0.0,0.0,7.417036449015093e-05,0.9999258296355099,0.0
5016,PortScan,PortScan,0.0,0.0,0.0,0.0,7.417036449015093e-05,0.9999258296355099,0.0
5017,Dos/DDos,Dos/DDos,0.0,0.0,0.8639356416960798,0.0,0.13606435830392027,0.0,0.0
5018,Brute Force,Brute Force,0.0,1.0,0.0,0.0,0.0,0.0,0.0
5019,Web Attack,Web Attack,0.0,0.0,1.4083720890171383e-05,0.0,0.0010767330448849778,5.853123184749522e-05,0.9988506520023772
5020,PortScan,PortScan,0.0,0.0,0.0,0.0,0.0019495741385205986,0.9980504258614795,0.0
5021,PortScan,PortScan,0.0,0.0,0.0,0.0,0.0019495741385205986,0.9980504258614795,0.0
5022,Normal,Normal,0.0,0.0,0.0,0.0,1.0,0.0,0.0
5023,Dos/DDos,Dos/DDos,0.0,0.0,1.0,0.0,0.0,0.0,0.0
5024,PortScan,PortScan,0.0,0.0,0.0,0.0,0.00010940824429178676,0.9998905917557083,0.0
5025,PortScan,PortScan,0.0,0.0,0.0,0.0,0.00010940824429178676,0.9998905917557083,0.0
5026,Dos/DDos,Dos/DDos,0.0,0.0,1.0,0.0,0.0,0.0,0.0
5027,Dos/DDos,Dos/DDos,0.0,0.00017591038364254844,0.9075755528294879,0.0,0.09221950415721857,2.9032629651224354e-05,0.0
5028,Dos/DDos,Dos/DDos,0.0,0.003983483972893301,0.9810875754923762,0.0,0.010122724136898189,0.0,0.0048062163978319404
5029,PortScan,PortScan,0.0,0.0,0.0,0.0,0.00010940824429178676,0.9998905917557083,0.0
5030,Dos/DDos,Dos/DDos,0.0,0.0,1.0,0.0,0.0,0.0,0.0
5031,Dos/DDos,Dos/DDos,0.0,0.003983483972893301,0.9814281759400566,0.0,0.010750886841346795,0.0,0.0038374532457031356
5032,Normal,Normal,0.0,0.0,0.0,0.0,0.9903421296094436,0.009657870390556354,0.0
5033,PortScan,PortScan,0.0,0.0,0.0,0.0,0.002199916599990163,0.99780008340001,0.0
5034,PortScan,PortScan,0.0,0.0,0.0,0.0,7.417036449015093e-05,0.9999258296355099,0.0
5035,Dos/DDos,Dos/DDos,0.0,0.0,1.0,0.0,0.0,0.0,0.0
5036,Dos/DDos,Dos/DDos,0.0,0.0,1.0,0.0,0.0,0.0,0.0
5037,Brute Force,Brute Force,0.0,1.0,0.0,0.0,0.0,0.0,0.0
5038,Dos/DDos,Dos/DDos,0.0,0.0,0.9699112923917592,0.0,0.030088707608240877,0.0,0.0
5039,Brute Force,Brute Force,0.0,0.9998667055532651,0.0,0.0,0.00013329444673491696,0.0,0.0
5040,Normal,Normal,0.0,0.04947947701114185,0.003078639010419189,0.0,0.8714703773122229,0.0,0.07597150666621613
5041,Dos/DDos,Dos/DDos,0.0,0.0,1.0,0.0,0.0,0.0,0.0
5042,PortScan,PortScan,0.0,0.0049864017973276584,0.06711651877724703,0.0,0.048856846966739455,0.7922044819309249,0.08683575052776119
5043,PortScan,PortScan,0.0,0.0,0.0,0.0,0.0013708639541191328,0.998629136045881,0.0
5044,PortScan,PortScan,0.0,0.0,0.0,0.0,0.00153553191903505,0.998464468080965,0.0
5045,Dos/DDos,Dos/DDos,0.0,0.0,1.0,0.0,0.0,0.0,0.0
5046,PortScan,PortScan,0.0,0.0,0.0,0.0,0.0014028033590947247,0.9985971966409053,0.0
5047,Brute Force,Brute Force,0.0,0.999975398192537,0.0,0.0,2.4601807462940075e-05,0.0,0.0
5048,Dos/DDos,Dos/DDos,0.0,0.003983483972893301,0.9799616327657746,0.0,0.012407752459837858,3.4417133376232516e-05,0.00361271366811785
5049,PortScan,PortScan,0.0,0.0,0.0,0.0,7.417036449015093e-05,0.9999258296355099,0.0
5050,Normal,Normal,0.0,0.0,0.0,0.0,1.0,0.0,0.0
5051,Normal,Normal,0.01783091696479006,0.07144489907774865,0.020231199414341115,0.03976651272795966,0.8077924423980016,0.01293402941715879,0.03
5052,Normal,Normal,0.0,0.0,0.0,0.0,1.0,0.0,0.0
5053,Dos/DDos,Dos/DDos,0.0,0.0,0.9140104568858703,0.0,0.08598954311412971,0.0,0.0
5054,Dos/DDos,Dos/DDos,0.0,0.0,0.946745534428552,0.0,0.053254465571447945,0.0,0.0
5055,Normal,Normal,0.036124885135698684,0.0,0.0,0.0,0.9638751148643013,0.0,0.0
5056,Brute Force,Brute Force,0.0,1.0,0.0,0.0,0.0,0.0,0.0
5057,Normal,Normal,0.0,0.0,0.0,0.0,1.0,0.0,0.0
5058,PortScan,PortScan,0.0,0.0,0.0,0.0,0.0038908235566433953,0.9961091764433568,0.0
5059,Normal,Normal,0.0,0.0,0.0,0.0,1.0,0.0,0.0
5060,Dos/DDos,Dos/DDos,0.0,0.0,1.0,0.0,0.0,0.0,0.0
5061,Normal,Normal,0.0,0.0,0.0,0.0,1.0,0.0,0.0
5062,PortScan,PortScan,0.0,0.0,0.0,0.0,0.0033823849904575567,0.9966176150095427,0.0
5063,Normal,Normal,0.0,0.0,0.0,0.0,1.0,0.0,0.0
5064,PortScan,PortScan,0.0,0.0,0.0,0.0,0.00010940824429178676,0.9998905917557083,0.0
5065,Web Attack,Normal,0.0,0.008543427996474005,0.06131867187403159,0.0,0.6326436965557384,0.08239480098700007,0.2150994025867558
5066,Dos/DDos,Dos/DDos,0.0,0.0,0.9833830455259027,0.0,0.01661695447409733,0.0,0.0
5067,Web Attack,Web Attack,0.0,0.0,1.4083720890171383e-05,0.0,0.0014186302283242169,6.30767990631958e-05,0.9985042092517221
5068,Brute Force,Brute Force,0.0,1.0,0.0,0.0,0.0,0.0,0.0
5069,Dos/DDos,Dos/DDos,0.0,0.0,1.0,0.0,0.0,0.0,0.0
5070,Normal,Normal,0.0,0.003983483972893301,0.20548665722338733,0.0,0.7743803043104743,0.0,0.016149554493245018
5071,Normal,Normal,0.0,0.04083801148797529,0.0029439974316081796,0.0,0.902161987314505,0.0,0.05405600376591141
5072,PortScan,PortScan,0.0,0.0,0.0,0.0,0.002229162826075262,0.9977708371739249,0.0
5073,Brute Force,Brute Force,0.0,1.0,0.0,0.0,0.0,0.0,0.0
5074,Normal,Normal,0.0,0.0,0.0,0.0,1.0,0.0,0.0
5075,PortScan,PortScan,0.0,0.0,0.0,0.0,0.0036773019368120806,0.9963226980631882,0.0
5076,PortScan,PortScan,0.0,0.0,0.0,0.0,0.0038068239457884918,0.9961931760542118,0.0
5077,PortScan,PortScan,0.0,0.0,0.0,0.0,0.002643876133466521,0.9973561238665336,0.0
5078,Normal,Normal,0.0,0.0,0.0,0.0,1.0,0.0,0.0
5079,PortScan,PortScan,0.0,0.0,0.0,0.0,7.417036449015093e-05,0.9999258296355099,0.0
5080,PortScan,PortScan,0.0,0.0,0.0,0.0,0.00010940824429178676,0.9998905917557083,0.0
5081,Dos/DDos,Dos/DDos,0.0,0.0,1.0,0.0,0.0,0.0,0.0
5082,Normal,Normal,0.0,0.0,0.0,0.0,1.0,0.0,0.0
5083,Normal,Normal,0.0,0.003983483972893301,0.02607677887485711,0.0,0.96803408975217,3.4417133376232516e-05,0.0018712302667033926
5084,Dos/DDos,Dos/DDos,0.0,0.0,1.0,0.0,0.0,0.0,0.0
5085,PortScan,PortScan,0.0,0.0,0.0,0.0,0.00010940824429178676,0.9998905917557083,0.0
5086,Dos/DDos,Dos/DDos,0.0,0.003983483972893301,0.9798816115588964,0.0,0.012874207505941268,3.4417133376232516e-05,0.003226279828892521
5087,Dos/DDos,Dos/DDos,0.0,0.0,1.0,0.0,0.0,0.0,0.0
5088,PortScan,PortScan,0.0,0.0,0.0,0.0,7.417036449015093e-05,0.9999258296355099,0.0
5089,Normal,Normal,0.0,0.0,0.0,0.0,1.0,0.0,0.0
5090,Normal,Normal,0.0,0.0,0.0,0.0,1.0,0.0,0.0
5091,PortScan,PortScan,0.0,0.0,0.0,0.0,0.002229162826075262,0.9977708371739249,0.0
5092,PortScan,PortScan,0.0,0.0,0.0,0.0,7.417036449015093e-05,0.9999258296355099,0.0
5093,Brute Force,Brute Force,0.0,1.0,0.0,0.0,0.0,0.0,0.0
5094,PortScan,PortScan,0.0,0.0,0.0,0.0,0.003702546957101694,0.9962974530428985,0.0
5095,PortScan,PortScan,0.0,0.0,0.0,0.0,0.002930293391669669,0.9970697066083304,0.0
5096,Normal,Normal,0.13802107513624298,0.0,0.0,0.0,0.861978924863757,0.0,0.0
5097,Dos/DDos,Dos/DDos,0.0,0.0,0.9422542818092036,0.0,0.057745718190796234,0.0,0.0
5098,Dos/DDos,Dos/DDos,0.0,0.003983483972893301,0.9811533694882654,0.0,0.010917410139357287,0.0,0.00394573639948369
5099,Brute Force,Brute Force,0.0,1.0,0.0,0.0,0.0,0.0,0.0
5100,Dos/DDos,Dos/DDos,0.0,0.0,1.0,0.0,0.0,0.0,0.0
5101,Normal,Normal,0.0,0.0,0.0,0.0,1.0,0.0,0.0
5102,Dos/DDos,Dos/DDos,0.0,0.0,1.0,0.0,0.0,0.0,0.0
5103,Brute Force,Brute Force,0.0,0.999975398192537,0.0,0.0,2.4601807462940075e-05,0.0,0.0
5104,Normal,Normal,0.0,0.0,0.0,0.0,1.0,0.0,0.0
5105,Dos/DDos,Dos/DDos,0.0,0.0,1.0,0.0,0.0,0.0,0.0
5106,Botnet ARES,Botnet ARES,1.0,0.0,0.0,0.0,0.0,0.0,0.0
5107,Dos/DDos,Dos/DDos,0.0,0.0,1.0,0.0,0.0,0.0,0.0
5108,PortScan,PortScan,0.0,0.0,0.0,0.0,7.417036449015093e-05,0.9999258296355099,0.0
5109,Dos/DDos,Dos/DDos,0.0,0.0043109599874797105,0.9114450820672652,0.0,0.07997936476711826,6.465722503306258e-05,0.004199935953103796
5110,Normal,Normal,0.0,0.0,0.0,0.0,1.0,0.0,0.0
5111,Dos/DDos,Dos/DDos,0.0,0.0,1.0,0.0,0.0,0.0,0.0
5112,PortScan,PortScan,0.0,0.0,0.0,0.0,0.0033823849904575567,0.9966176150095427,0.0
5113,Dos/DDos,Dos/DDos,0.0,0.0,1.0,0.0,0.0,0.0,0.0
5114,Normal,Normal,0.0,0.0,0.0,0.0,1.0,0.0,0.0
5115,PortScan,PortScan,0.0,0.0,0.0,0.0,7.417036449015093e-05,0.9999258296355099,0.0
5116,PortScan,PortScan,0.0,0.0,0.0,0.0,0.002643876133466521,0.9973561238665336,0.0
5117,Web Attack,Web Attack,0.0,0.0,1.4083720890171383e-05,0.0,0.00502594528774896,6.30767990631958e-05,0.9948968941922974
5118,Normal,Normal,0.0,0.07756683938595599,0.003100115855743763,0.0,0.8305685826532619,0.0,0.08876446210503806
5119,PortScan,PortScan,0.0,0.0,0.0,0.0,0.00010940824429178676,0.9998905917557083,0.0
5120,PortScan,PortScan,0.0,0.0,0.0,0.0,7.417036449015093e-05,0.9999258296355099,0.0
5121,Normal,Normal,0.0,0.0,0.012464872000542028,0.0,0.987535127999458,0.0,0.0
5122,PortScan,PortScan,0.0,0.0,0.0,0.0,0.001978219536121109,0.9980217804638791,0.0
5123,Normal,Normal,0.0,0.0,0.0,0.0,1.0,0.0,0.0
5124,Dos/DDos,Dos/DDos,0.0,0.0,1.0,0.0,0.0,0.0,0.0
5125,PortScan,PortScan,0.0,0.0,0.0,0.0,0.0013826716838337488,0.9986173283161663,0.0
5126,Brute Force,Brute Force,0.0,1.0,0.0,0.0,0.0,0.0,0.0
5127,Dos/DDos,Dos/DDos,0.0,0.003983483972893301,0.9798816115588964,0.0,0.012874207505941268,3.4417133376232516e-05,0.003226279828892521
5128,Brute Force,Brute Force,0.0,1.0,0.0,0.0,0.0,0.0,0.0
5129,Brute Force,Brute Force,0.0,1.0,0.0,0.0,0.0,0.0,0.0
5130,Normal,Normal,0.0,0.0,0.04469094290671366,0.01,0.9453090570932862,0.0,0.0
5131,PortScan,PortScan,0.0,0.0,0.0,0.0,0.0012545663175091539,0.9987454336824909,0.0
5132,Dos/DDos,Dos/DDos,0.0,0.0,0.9440991110441864,0.0,0.05590088895581349,0.0,0.0
5133,Normal,Normal,0.0,0.028465793347164176,0.003078639010419189,0.0,0.9105102414713835,0.0,0.05794532617103323
5134,PortScan,PortScan,0.0,0.0,0.0,0.0,0.014362038674469349,0.9856379613255309,0.0
5135,PortScan,PortScan,0.0,0.0,0.0,0.0,0.001978219536121109,0.9980217804638791,0.0
5136,Dos/DDos,Dos/DDos,0.0,0.0,0.8800754187056734,0.0,0.11992458129432639,0.0,0.0
5137,Normal,Normal,0.0,0.0,0.0,0.00978883153449085,0.9614969710618412,0.0,0.028714197403667832
5138,Dos/DDos,Dos/DDos,0.0,0.003983483972893301,0.9766257814361657,0.0,0.01247540578128478,3.4417133376232516e-05,0.006880911676279728
5139,Dos/DDos,Dos/DDos,0.0,0.0,1.0,0.0,0.0,0.0,0.0
5140,Normal,Normal,0.0,0.0,0.0,0.0,1.0,0.0,0.0
5141,PortScan,PortScan,0.0,0.0,0.0,0.0,0.00010940824429178676,0.9998905917557083,0.0
5142,Normal,Normal,0.036124885135698684,0.0,0.0,0.0,0.9638751148643013,0.0,0.0
5143,Web Attack,Web Attack,0.0,0.0,1.4083720890171383e-05,0.0,0.0014084435075517265,6.30767990631958e-05,0.9985143959724947
5144,Dos/DDos,Dos/DDos,0.0,0.0,1.0,0.0,0.0,0.0,0.0
5145,PortScan,PortScan,0.0,0.0,0.0,0.0,0.00010940824429178676,0.9998905917557083,0.0
5146,Normal,Normal,0.0,0.0,0.0,0.009944623904014767,0.9824269828458018,0.0,0.007628393250183418
5147,Dos/DDos,Dos/DDos,0.0,0.0,1.0,0.0,0.0,0.0,0.0
5148,Web Attack,Web Attack,0.0,0.0,1.4083720890171383e-05,0.0,0.0014186302283242169,6.30767990631958e-05,0.9985042092517221
5149,Dos/DDos,Dos/DDos,0.0,0.003983483972893301,0.9804388291553423,0.0,0.01161306645737876,3.4417133376232516e-05,0.003930203281009192
5150,Normal,Normal,0.009310887136692496,0.03975156239318506,0.01294399743160818,0.0,0.7719314147252058,0.05658001993537873,0.1094821183779296
5151,PortScan,PortScan,0.0,0.0,0.0,0.0,0.00010940824429178676,0.9998905917557083,0.0
5152,Normal,Normal,0.0,0.0,0.0,0.0,1.0,0.0,0.0
5153,Brute Force,Brute Force,0.0,1.0,0.0,0.0,0.0,0.0,0.0
5154,PortScan,PortScan,0.0,0.0,0.0,0.0,0.00010940824429178676,0.9998905917557083,0.0
5155,PortScan,PortScan,0.0,0.0,0.0,0.0,0.0013708639541191328,0.998629136045881,0.0
5156,Dos/DDos,Dos/DDos,0.0,0.0,1.0,0.0,0.0,0.0,0.0
5157,PortScan,PortScan,0.0,0.0,0.0,0.0,0.0014028033590947247,0.9985971966409053,0.0
5158,PortScan,PortScan,0.0,0.0,0.0,0.0,0.0035427111836460086,0.9964572888163542,0.0
5159,Dos/DDos,Dos/DDos,0.0,0.0,0.8097068545199904,0.0,0.1902931454800097,0.0,0.0
5160,PortScan,PortScan,0.0,0.0,0.0,0.0,0.002643876133466521,0.9973561238665336,0.0
5161,Dos/DDos,Dos/DDos,0.0,0.0,0.9010396605685246,0.0,0.09896033943147531,0.0,0.0
5162,Web Attack,Web Attack,0.0,0.0,1.4083720890171383e-05,0.0,0.0012636372494429348,0.00011159665123210415,0.9986106823784346
5163,PortScan,PortScan,0.0,0.0,0.0,0.0,0.00010940824429178676,0.9998905917557083,0.0
5164,Brute Force,Brute Force,0.0,0.9998667055532651,0.0,0.0,0.00013329444673491696,0.0,0.0
5165,Normal,Normal,0.0,0.0,0.0,0.0,1.0,0.0,0.0
5166,PortScan,PortScan,0.0,0.0,0.0,0.0,8.56493160846622e-05,0.9999143506839154,0.0
5167,Normal,Normal,0.0,0.0,0.0,0.009969668688754083,0.990030331311246,0.0,0.0
5168,PortScan,PortScan,0.0,0.0,0.0,0.0,0.003522005643906805,0.9964779943560934,0.0
5169,Dos/DDos,Dos/DDos,0.0,0.003983483972893301,0.9810029584985736,0.0,0.011067821129049226,0.0,0.00394573639948369
5170,Dos/DDos,Dos/DDos,0.0,0.0,1.0,0.0,0.0,0.0,0.0
5171,Dos/DDos,Dos/DDos,0.0,0.0,1.0,0.0,0.0,0.0,0.0
5172,Normal,Normal,0.0,0.0,0.0,0.0,1.0,0.0,0.0
5173,Normal,Normal,0.0,0.005911188586217384,0.05836172709381558,0.0,0.9242707343098394,0.001456350010127608,0.01
5174,PortScan,PortScan,0.0,0.0,0.0,0.0,0.0013826716838337488,0.9986173283161663,0.0
5175,Brute Force,Brute Force,0.0,0.95750424851781,0.0029766544270049353,0.0,0.013258428709283907,0.0,0.026260668345901083
5176,Dos/DDos,Dos/DDos,0.0,0.0,0.8211190087191359,0.0,0.17888099128086407,0.0,0.0
5177,PortScan,PortScan,0.0,0.0,0.0,0.0,0.0034535306966057087,0.9965464693033945,0.0
5178,Dos/DDos,Dos/DDos,0.0,0.0006507788958207118,0.83833626325451,0.0,0.11861891339629164,0.03566486321906742,0.006729181234310272
5179,Web Attack,Web Attack,0.0,0.0,1.4083720890171383e-05,0.0,0.00501281157774843,5.742289220882068e-05,0.9949156818091525
5180,Dos/DDos,Dos/DDos,0.0,0.0,1.0,0.0,0.0,0.0,0.0
5181,Normal,Normal,0.0,0.0,0.0,0.0,1.0,0.0,0.0
5182,Dos/DDos,Dos/DDos,0.0,0.0,0.7049108683081252,0.0,0.2899845979826899,0.005104533709184872,0.0
5183,PortScan,PortScan,0.0,0.0,0.0,0.0,0.0019495741385205986,0.9980504258614795,0.0
5184,Dos/DDos,Dos/DDos,0.0,0.0,1.0,0.0,0.0,0.0,0.0
5185,Normal,Normal,0.0,0.0,0.0,0.0,0.9923462246777163,0.0,0.007653775322283609
5186,PortScan,PortScan,0.0,0.0,0.0,0.0,0.0024390626540678807,0.9975609373459323,0.0
5187,PortScan,PortScan,0.0,0.0,0.0,0.0,7.417036449015093e-05,0.9999258296355099,0.0
5188,Brute Force,Brute Force,0.0,1.0,0.0,0.0,0.0,0.0,0.0
5189,Normal,Dos/DDos,0.0,0.0,0.9264901867666185,0.0,0.07350981323338139,0.0,0.0
5190,PortScan,PortScan,0.0,0.0,0.0,0.0,0.0013708639541191328,0.998629136045881,0.0
5191,Dos/DDos,Dos/DDos,0.0,0.0,1.0,0.0,0.0,0.0,0.0
5192,Brute Force,Brute Force,0.0,1.0,0.0,0.0,0.0,0.0,0.0
5193,Normal,Normal,0.0,0.0,0.0,0.0,1.0,0.0,0.0
5194,Dos/DDos,Dos/DDos,0.0,0.0043109599874797105,0.8934584252580156,0.0,0.09704813285442615,3.0240091656830056e-05,0.005152241808421793
5195,Normal,Normal,0.0,0.0,0.002444405224144017,0.0,0.9925445802831024,0.005011014492753623,0.0
5196,Dos/DDos,Dos/DDos,0.0,0.0,1.0,0.0,0.0,0.0,0.0
5197,Dos/DDos,Dos/DDos,0.0,0.0,1.0,0.0,0.0,0.0,0.0
5198,Normal,Normal,0.0,0.0,0.0,0.0,1.0,0.0,0.0
5199,Normal,Normal,0.0,0.0,0.0,0.0,1.0,0.0,0.0
5200,Brute Force,Brute Force,0.0,1.0,0.0,0.0,0.0,0.0,0.0
5201,Dos/DDos,Dos/DDos,0.0,0.0,0.8702703438926279,0.0,0.12972965610737186,0.0,0.0
5202,Dos/DDos,Dos/DDos,0.0,0.0,0.9729252124554947,0.0,0.02707478754450531,0.0,0.0
5203,Normal,Normal,0.0,0.019869738685351083,0.012318337976972677,0.0,0.9283309856025487,0.0,0.03948093773512765
5204,PortScan,PortScan,0.0,0.0,0.0,0.0,0.00010940824429178676,0.9998905917557083,0.0
5205,PortScan,PortScan,0.0,0.0,0.0,0.0,0.0033823849904575567,0.9966176150095427,0.0
5206,Normal,Normal,0.0,0.0,0.0,0.0,1.0,0.0,0.0
5207,PortScan,PortScan,0.0,0.0,0.0,0.0,0.0016622234901200867,0.99833777650988,0.0
5208,PortScan,PortScan,0.0,0.0,0.0,0.0,7.417036449015093e-05,0.9999258296355099,0.0
5209,Dos/DDos,Dos/DDos,0.0,0.003983483972893301,0.9811533694882654,0.0,0.010917410139357287,0.0,0.00394573639948369
5210,Dos/DDos,Dos/DDos,0.0,0.0,0.99,0.0,0.01,0.0,0.0
5211,PortScan,PortScan,0.0,0.0,0.0,0.0,0.0017304427881984746,0.9982695572118017,0.0
5212,PortScan,PortScan,0.0,0.0,0.0,0.0,7.417036449015093e-05,0.9999258296355099,0.0
5213,Normal,Normal,0.0,0.0,0.0,0.0,1.0,0.0,0.0
5214,Normal,Web Attack,0.0,0.04643196272854782,0.18362690542865226,0.0,0.3320249118077776,0.0025137517004790912,0.43540246833454305
5215,Brute Force,Brute Force,0.0,1.0,0.0,0.0,0.0,0.0,0.0
5216,PortScan,PortScan,0.0,0.0,0.0,0.0,0.0019289317511306753,0.9980710682488695,0.0
5217,PortScan,PortScan,0.0,0.0,0.0,0.0,7.417036449015093e-05,0.9999258296355099,0.0
5218,Brute Force,Brute Force,0.0,0.999975398192537,0.0,0.0,2.4601807462940075e-05,0.0,0.0
5219,Brute Force,Brute Force,0.0,1.0,0.0,0.0,0.0,0.0,0.0
5220,Dos/DDos,Dos/DDos,0.0,0.0,1.0,0.0,0.0,0.0,0.0
5221,PortScan,PortScan,0.0,0.0,0.0,0.0,7.417036449015093e-05,0.9999258296355099,0.0
5222,Normal,Normal,0.0,0.0,0.0,0.0,1.0,0.0,0.0
5223,PortScan,PortScan,0.0,0.0,0.0,0.0,7.417036449015093e-05,0.9999258296355099,0.0
5224,Normal,Normal,0.0,0.0,0.0,0.0,1.0,0.0,0.0
5225,Brute Force,Brute Force,0.0,0.999975398192537,0.0,0.0,2.4601807462940075e-05,0.0,0.0
5226,Normal,Normal,0.0,0.0,0.02927759011332317,0.0,0.9707224098866769,0.0,0.0
5227,Dos/DDos,Dos/DDos,0.0,0.0,0.8539466910597915,0.0,0.1443729618482762,0.0016803470919324575,0.0
5228,Brute Force,Brute Force,0.0,1.0,0.0,0.0,0.0,0.0,0.0
5229,Normal,Normal,0.0,0.0,0.0,0.0,1.0,0.0,0.0
5230,Normal,Normal,0.0,0.0,0.0,0.0,1.0,0.0,0.0
5231,Dos/DDos,Dos/DDos,0.0,0.0,1.0,0.0,0.0,0.0,0.0
5232,PortScan,PortScan,0.0,0.0,0.0,0.0,7.417036449015093e-05,0.9999258296355099,0.0
5233,Normal,Normal,0.0,0.05662274348587987,0.009721629799966871,0.0,0.8341831832504782,0.0,0.099472443463675
5234,Dos/DDos,Dos/DDos,0.0,0.0043109599874797105,0.507396501655189,0.0,0.4831100564572526,3.0240091656830056e-05,0.005152241808421793
5235,PortScan,PortScan,0.0,0.0,0.0,0.0,0.002398656397563298,0.9976013436024368,0.0
5236,PortScan,PortScan,0.0,0.0,0.0,0.0,0.00207745614537608,0.9979225438546241,0.0
5237,PortScan,PortScan,0.0,0.0,0.0,0.0,0.00010940824429178676,0.9998905917557083,0.0
5238,Normal,Normal,0.041779285722433696,0.0,0.022586645725434115,0.0,0.9305875569242251,0.005046511627906977,0.0
5239,Dos/DDos,Dos/DDos,0.0,0.0,1.0,0.0,0.0,0.0,0.0
5240,Brute Force,Brute Force,0.0,0.999975398192537,0.0,0.0,2.4601807462940075e-05,0.0,0.0
5241,PortScan,PortScan,0.0,0.0,0.0,0.0,7.417036449015093e-05,0.9999258296355099,0.0
5242,Normal,Normal,0.0,0.0,0.0,0.0,1.0,0.0,0.0
5243,Brute Force,Brute Force,0.0,0.9606661601799914,0.0029766544270049353,0.0,0.013071659635060575,0.0,0.023285525757943223
5244,Dos/DDos,Dos/DDos,0.0,0.0,1.0,0.0,0.0,0.0,0.0
5245,Dos/DDos,Dos/DDos,0.0,0.0,1.0,0.0,0.0,0.0,0.0
5246,PortScan,PortScan,0.0,0.0,0.0,0.0,7.417036449015093e-05,0.9999258296355099,0.0
5247,Normal,Normal,0.0,0.0,0.0,0.0,1.0,0.0,0.0
5248,Dos/DDos,Dos/DDos,0.0,0.0,1.0,0.0,0.0,0.0,0.0
5249,Normal,Normal,0.0,0.0,0.0,0.0,1.0,0.0,0.0
5250,PortScan,PortScan,0.0,0.0,0.0,0.0,0.0013436496157815574,0.9986563503842184,0.0
5251,Normal,Normal,0.056806535385649594,0.0,0.0,0.0,0.9431934646143503,0.0,0.0
5252,Dos/DDos,Dos/DDos,0.0,0.003983483972893301,0.9778175181586568,0.0,0.01098506346080421,0.0,0.007213934407645568
5253,Brute Force,Brute Force,0.0,0.9998667055532651,0.0,0.0,0.00013329444673491696,0.0,0.0
5254,Normal,Normal,0.0,0.0,0.017578921051651077,0.019946022060549167,0.9124750568877996,0.0024068351208871115,0.04759316487911289
5255,Brute Force,Brute Force,0.0,1.0,0.0,0.0,0.0,0.0,0.0
5256,Normal,Normal,0.0,0.0,0.0,0.0,1.0,0.0,0.0
5257,Normal,Normal,0.0,0.0,0.0,0.0,0.9903421296094436,0.009657870390556354,0.0
5258,PortScan,PortScan,0.0,0.0,0.0,0.0,7.417036449015093e-05,0.9999258296355099,0.0
5259,Brute Force,Brute Force,0.0,1.0,0.0,0.0,0.0,0.0,0.0
5260,Dos/DDos,Dos/DDos,0.0,0.0,1.0,0.0,0.0,0.0,0.0
5261,PortScan,PortScan,0.0,0.0,0.0,0.0,0.0033005058274889194,0.9966994941725111,0.0
5262,PortScan,PortScan,0.0,0.0,0.0,0.0,0.0023454604626852405,0.997654539537315,0.0
5263,PortScan,PortScan,0.0,0.0,0.0,0.0,7.417036449015093e-05,0.9999258296355099,0.0
5264,Dos/DDos,Dos/DDos,0.0,0.0,0.6775736209448998,0.0,0.3199376234320781,0.0024887556230220797,0.0
5265,Normal,Normal,0.0,0.0,0.0,0.0,1.0,0.0,0.0
5266,PortScan,PortScan,0.0,0.0,0.0,0.0,7.417036449015093e-05,0.9999258296355099,0.0
5267,PortScan,PortScan,0.0,0.0,0.0,0.0,7.417036449015093e-05,0.9999258296355099,0.0
5268,Brute Force,Brute Force,0.0,0.999975398192537,0.0,0.0,2.4601807462940075e-05,0.0,0.0
5269,PortScan,PortScan,0.0,0.0,0.0,0.0,0.0034851590630856476,0.9965148409369146,0.0
5270,PortScan,PortScan,0.0,0.0,0.0,0.0,7.417036449015093e-05,0.9999258296355099,0.0
5271,Brute Force,Brute Force,0.0,0.999975398192537,0.0,0.0,2.4601807462940075e-05,0.0,0.0
5272,Normal,Normal,0.0,0.0,0.431733027088354,0.0,0.5682669729116461,0.0,0.0
5273,PortScan,PortScan,0.0,0.0,0.0,0.0,0.0014028033590947247,0.9985971966409053,0.0
5274,Web Attack,Web Attack,0.0,0.0,1.4083720890171383e-05,0.0,0.0014186302283242169,6.30767990631958e-05,0.9985042092517221
5275,PortScan,PortScan,0.0,0.0,0.0,0.0,0.00010940824429178676,0.9998905917557083,0.0
5276,Brute Force,Brute Force,0.0,0.9998667055532651,0.0,0.0,0.00013329444673491696,0.0,0.0
5277,PortScan,PortScan,0.0,0.0,0.0,0.0,0.0033823849904575567,0.9966176150095427,0.0
5278,Web Attack,Web Attack,0.0,0.0,1.4083720890171383e-05,0.0,0.003712479999503786,6.30767990631958e-05,0.9962103594805427
5279,Normal,Normal,0.0,0.0,0.0,0.0,1.0,0.0,0.0
5280,Dos/DDos,Dos/DDos,0.0,0.0,1.0,0.0,0.0,0.0,0.0
5281,PortScan,PortScan,0.0,0.0,0.0,0.0,0.002199916599990163,0.99780008340001,0.0
5282,PortScan,PortScan,0.0,0.0,0.0,0.0,7.417036449015093e-05,0.9999258296355099,0.0
5283,Normal,Normal,0.0,0.0,0.0,0.0,1.0,0.0,0.0
5284,Dos/DDos,Dos/DDos,0.0,0.003983483972893301,0.9801297925323156,0.0,0.012254788276934154,0.0,0.0036319352178568144
5285,Normal,Normal,0.0,0.0,0.0,0.0,1.0,0.0,0.0
5286,Normal,Normal,0.0,0.0,0.0,0.0,1.0,0.0,0.0
5287,Dos/DDos,Dos/DDos,0.0,0.006641375038711674,0.7960024410237271,0.0,0.1543995541991872,0.0,0.04295662973837395
5288,Brute Force,Brute Force,0.0,0.9606661601799914,0.0029766544270049353,0.0,0.013071659635060575,0.0,0.023285525757943223
5289,PortScan,PortScan,0.0,0.0,0.0,0.0,0.00010940824429178676,0.9998905917557083,0.0
5290,Dos/DDos,Dos/DDos,0.0,0.0,1.0,0.0,0.0,0.0,0.0
5291,Normal,Normal,0.0,0.0007443191035267758,0.37131693186147335,0.0,0.6256520082072948,8.682529175821345e-05,0.0021999155359464693
5292,PortScan,PortScan,0.0,0.0,0.0,0.0,7.417036449015093e-05,0.9999258296355099,0.0
5293,Dos/DDos,Dos/DDos,0.0,0.0,1.0,0.0,0.0,0.0,0.0
5294,Normal,Normal,0.0,0.0,0.00573367428691951,0.0,0.9942663257130805,0.0,0.0
5295,Normal,Dos/DDos,0.0,0.0,0.9144938512630764,0.0,0.0855061487369237,0.0,0.0
5296,Web Attack,Web Attack,0.0,0.05392387764036215,0.004118773383477628,0.0,0.06389743466736389,0.0001145531263250645,0.8779453611824717
5297,PortScan,PortScan,0.0,0.0,0.0,0.0,0.00010940824429178676,0.9998905917557083,0.0
5298,Normal,Normal,0.02793958605258251,0.01,0.0,0.0,0.9483955875484424,0.006001694995056265,0.007663131403918749
5299,Web Attack,Web Attack,0.0,0.0,1.4083720890171383e-05,0.0,0.0010767330448849778,5.853123184749522e-05,0.9988506520023772
5300,Normal,Normal,0.009202825428859737,0.0007290894254194553,0.20739393578114676,0.0,0.782674149364574,0.0,0.0
5301,Normal,Normal,0.0,0.0,0.0,0.0,1.0,0.0,0.0
5302,Normal,Normal,0.0,0.0,0.0,0.01,0.763186625792052,0.0,0.22681337420794812
5303,PortScan,PortScan,0.0,0.0,0.0,0.0,7.417036449015093e-05,0.9999258296355099,0.0
5304,Normal,Normal,0.0,0.0,0.0,0.0,1.0,0.0,0.0
5305,Dos/DDos,Dos/DDos,0.0,0.0,1.0,0.0,0.0,0.0,0.0
5306,PortScan,PortScan,0.0,0.0,0.0,0.0,0.00010940824429178676,0.9998905917557083,0.0
5307,Normal,Normal,0.0,0.005010091416359966,0.012511412852627881,0.0,0.9784903278279227,0.003988167903089492,0.0
5308,Normal,Normal,0.0,0.0,0.0,0.0,1.0,0.0,0.0
5309,Dos/DDos,Dos/DDos,0.0,0.003983483972893301,0.9814281759400566,0.0,0.010750886841346795,0.0,0.0038374532457031356
5310,Dos/DDos,Dos/DDos,0.0,0.003983483972893301,0.9820630007614999,0.0,0.010502495859128881,0.0,0.0034510194064778068
5311,Brute Force,Brute Force,0.0,0.9606661601799914,0.0029766544270049353,0.0,0.013071659635060575,0.0,0.023285525757943223
5312,Dos/DDos,Dos/DDos,0.0,0.0,1.0,0.0,0.0,0.0,0.0
5313,Dos/DDos,Dos/DDos,0.0,0.0,1.0,0.0,0.0,0.0,0.0
5314,PortScan,PortScan,0.0,0.0,0.0,0.0,0.0035049851002136325,0.9964950148997866,0.0
5315,Normal,Normal,0.0,0.00017591038364254844,0.0192810512297124,0.0,0.9754820920979477,0.005060946288697295,0.0
5316,PortScan,PortScan,0.0,0.0,0.0,0.0,5.9816016913240886e-05,0.9999401839830868,0.0
5317,Brute Force,Brute Force,0.0,1.0,0.0,0.0,0.0,0.0,0.0
5318,Dos/DDos,Dos/DDos,0.0,0.0,1.0,0.0,0.0,0.0,0.0
5319,Dos/DDos,Dos/DDos,0.0,0.0,1.0,0.0,0.0,0.0,0.0
5320,PortScan,PortScan,0.0,0.0,0.0,0.0,0.00010940824429178676,0.9998905917557083,0.0
5321,Normal,Normal,0.0,0.0,0.0,0.0,1.0,0.0,0.0
5322,Dos/DDos,Dos/DDos,0.0,0.0007443191035267758,0.9869302150186618,0.0,0.008293693213609463,0.00012124242513444596,0.003910530239067575
5323,Normal,Normal,0.0,0.0,0.0,0.0,1.0,0.0,0.0
5324,Normal,Normal,0.0,0.0,0.0,0.0,1.0,0.0,0.0
5325,Dos/DDos,Dos/DDos,0.0,0.0,1.0,0.0,0.0,0.0,0.0
5326,Brute Force,Brute Force,0.0,1.0,0.0,0.0,0.0,0.0,0.0
5327,Web Attack,Web Attack,0.0,0.0,1.4083720890171383e-05,0.0,0.0014186302283242169,6.30767990631958e-05,0.9985042092517221
5328,Dos/DDos,Dos/DDos,0.0,0.003983483972893301,0.9803068290003795,0.0,0.012557273218238836,3.4417133376232516e-05,0.003117996675111967
5329,PortScan,PortScan,0.0,0.0,0.0,0.0,0.00010940824429178676,0.9998905917557083,0.0
5330,Normal,Normal,0.0,0.0,0.0,0.0,1.0,0.0,0.0
5331,Brute Force,Brute Force,0.0,0.9482827064266475,0.0029766544270049353,0.0,0.015388841423102649,0.0,0.03335179772324501
5332,PortScan,PortScan,0.0,0.0,0.0,0.0,7.417036449015093e-05,0.9999258296355099,0.0
5333,Normal,Normal,0.0,0.0,0.0,0.0,1.0,0.0,0.0
5334,Dos/DDos,Dos/DDos,0.0,0.0003233028812343028,0.956336402797183,0.0,0.04133305749379938,0.0020072368277832993,0.0
5335,Dos/DDos,Dos/DDos,0.0,0.0,1.0,0.0,0.0,0.0,0.0
5336,Dos/DDos,Dos/DDos,0.0,0.0,1.0,0.0,0.0,0.0,0.0
5337,Web Attack,Web Attack,0.0,0.0,1.4083720890171383e-05,0.0,0.0014186302283242169,6.0161746208505e-05,0.9985071243045769
5338,Brute Force,Brute Force,0.0,1.0,0.0,0.0,0.0,0.0,0.0
5339,Dos/DDos,Dos/DDos,0.0,0.0,1.0,0.0,0.0,0.0,0.0
5340,Dos/DDos,Dos/DDos,0.0,0.0,1.0,0.0,0.0,0.0,0.0
5341,Botnet ARES,Botnet ARES,1.0,0.0,0.0,0.0,0.0,0.0,0.0
5342,Brute Force,Brute Force,0.0,1.0,0.0,0.0,0.0,0.0,0.0
5343,Normal,Normal,0.0,0.0,0.0,0.0,1.0,0.0,0.0
5344,Dos/DDos,Dos/DDos,0.0,0.0,1.0,0.0,0.0,0.0,0.0
5345,Dos/DDos,Dos/DDos,0.0,0.0,1.0,0.0,0.0,0.0,0.0
5346,Brute Force,Brute Force,0.0,1.0,0.0,0.0,0.0,0.0,0.0
5347,PortScan,PortScan,0.0,0.0,0.0,0.0,0.00685479131252476,0.9931452086874754,0.0
5348,PortScan,PortScan,0.0,0.0,0.0,0.0,0.0006534376512755176,0.9993465623487245,0.0
5349,Normal,Normal,0.0,0.0,0.0,0.0,1.0,0.0,0.0
5350,Dos/DDos,Dos/DDos,0.0,0.0,1.0,0.0,0.0,0.0,0.0
5351,Dos/DDos,Dos/DDos,0.0,0.0005033863982289575,0.9912011139975894,0.0,0.007196608142748216,5.927272130805441e-05,0.0010396187401256031
5352,Brute Force,Brute Force,0.0,0.999975398192537,0.0,0.0,2.4601807462940075e-05,0.0,0.0
5353,PortScan,PortScan,0.0,0.0,0.0,0.0,0.0010488510706976421,0.9989511489293024,0.0
5354,Dos/DDos,Dos/DDos,0.0,0.0,0.8842483883894545,0.0,0.11074924418630303,0.005002367424242424,0.0
5355,Web Attack,Web Attack,0.0013157188142066236,0.04692376493639395,0.004381716036449439,0.0,0.11981192797837294,0.0,0.8275668722345776
5356,Normal,Normal,0.014437217102515958,0.01410590746833964,0.19894653755422909,0.009967570071809127,0.7065144771222396,0.05602829068086673,0.0
5357,PortScan,PortScan,0.0,0.0,0.0,0.0,0.0009073061605424212,0.9990926938394576,0.0
5358,PortScan,PortScan,0.0,0.004927960641911679,0.3123290185416878,0.0,0.27661278565162073,0.39209238878335406,0.014037846381425774
5359,Normal,Normal,0.0,0.0,0.0,0.0,0.9903421296094436,0.009657870390556354,0.0
5360,Normal,Normal,0.0,0.0,0.2783193150038303,0.0,0.7216806849961696,0.0,0.0
5361,PortScan,PortScan,0.0,0.0,0.0,0.0,7.417036449015093e-05,0.9999258296355099,0.0
5362,PortScan,PortScan,0.0,0.0,0.0,0.0,0.001978219536121109,0.9980217804638791,0.0
5363,Normal,Normal,0.0,0.0,0.0,0.0,1.0,0.0,0.0
5364,Dos/DDos,Dos/DDos,0.0,0.0,1.0,0.0,0.0,0.0,0.0
5365,PortScan,PortScan,0.0,0.0,0.0,0.0,0.0033005058274889194,0.9966994941725111,0.0
5366,Normal,Normal,0.0,0.0,0.0,0.0,1.0,0.0,0.0
5367,Dos/DDos,Dos/DDos,0.0,0.0,1.0,0.0,0.0,0.0,0.0
5368,Normal,Normal,0.0,0.0,0.0,0.0,1.0,0.0,0.0
5369,Brute Force,Brute Force,0.0,1.0,0.0,0.0,0.0,0.0,0.0
5370,Normal,Normal,0.0,0.0,0.0,0.0,1.0,0.0,0.0
5371,Normal,Normal,0.0,0.0,0.0,0.0,1.0,0.0,0.0
5372,Dos/DDos,Dos/DDos,0.0,0.0,1.0,0.0,0.0,0.0,0.0
5373,PortScan,PortScan,0.0,0.0,0.0,0.0,0.0013708639541191328,0.998629136045881,0.0
5374,PortScan,PortScan,0.0,0.0,0.0,0.0,7.417036449015093e-05,0.9999258296355099,0.0
5375,PortScan,PortScan,0.0,0.0,0.0,0.0,0.0012711463648071525,0.998728853635193,0.0
5376,PortScan,PortScan,0.0,0.0,0.0,0.0,0.00010940824429178676,0.9998905917557083,0.0
5377,PortScan,PortScan,0.0,0.0,0.0,0.0,0.002199916599990163,0.99780008340001,0.0
5378,PortScan,PortScan,0.0,0.0,0.0,0.0,0.00010940824429178676,0.9998905917557083,0.0
5379,Normal,Normal,0.0,0.0,0.0,0.0,1.0,0.0,0.0
5380,Normal,Normal,0.0,0.0,0.0,0.0,1.0,0.0,0.0
5381,Dos/DDos,Dos/DDos,0.0,0.0,0.9258034482286199,0.0,0.07419655177138008,0.0,0.0
5382,Normal,Normal,0.0,0.0,0.012611451154833584,0.0,0.9807559365057936,0.006632612339372655,0.0
5383,PortScan,PortScan,0.0,0.0,0.0,0.0,0.00202281691283012,0.99797718308717,0.0
5384,Normal,Normal,0.0,0.0,0.0,0.0,1.0,0.0,0.0
5385,Botnet ARES,Botnet ARES,0.9945652196633213,0.0,0.0,0.0,0.0054347803366787415,0.0,0.0
5386,PortScan,PortScan,0.0,0.0,0.0,0.0,7.417036449015093e-05,0.9999258296355099,0.0
5387,Dos/DDos,Dos/DDos,0.0,0.0005033863982289575,0.9812192270862647,0.009981886911324617,0.007196608142748216,5.927272130805441e-05,0.0010396187401256031
5388,PortScan,PortScan,0.0,0.0,0.0,0.0,0.0012545663175091539,0.9987454336824909,0.0
5389,Normal,Normal,0.0,0.0,0.0,0.0,1.0,0.0,0.0
5390,PortScan,PortScan,0.0,0.0,0.0,0.0,0.00010940824429178676,0.9998905917557083,0.0
5391,PortScan,PortScan,0.0,0.0,0.0,0.0,0.00010940824429178676,0.9998905917557083,0.0
5392,Normal,Normal,0.0,0.0,0.1574496669009317,0.0,0.8425503330990682,0.0,0.0
5393,Dos/DDos,Dos/DDos,0.0,0.0,1.0,0.0,0.0,0.0,0.0
5394,Dos/DDos,Dos/DDos,0.0,0.0,0.7092075224785768,0.0,0.2759162336921357,0.007104940114793803,0.007771303714493809
5395,PortScan,PortScan,0.0,0.0,0.0,0.0,7.417036449015093e-05,0.9999258296355099,0.0
5396,Dos/DDos,Dos/DDos,0.0,0.0,0.9385471351322455,0.0,0.06145286486775436,0.0,0.0
5397,PortScan,PortScan,0.0,0.0,0.0,0.0,7.417036449015093e-05,0.9999258296355099,0.0
5398,Normal,Normal,0.0,0.0,0.0,0.0,1.0,0.0,0.0
5399,PortScan,PortScan,0.0,0.0,0.0,0.0,0.00726826393147403,0.992731736068526,0.0
5400,Dos/DDos,Dos/DDos,0.0,0.0,1.0,0.0,0.0,0.0,0.0
5401,Dos/DDos,Dos/DDos,0.0,0.0,1.0,0.0,0.0,0.0,0.0
5402,Normal,Normal,0.0,0.0,0.00872768192048012,0.0,0.9912723180795199,0.0,0.0
5403,Normal,Normal,0.0,0.0,0.0,0.0,1.0,0.0,0.0
5404,PortScan,PortScan,0.0,0.0,0.0,0.0,7.417036449015093e-05,0.9999258296355099,0.0
5405,Normal,Normal,0.0,0.0,0.01900625869262865,0.0,0.9809937413073713,0.0,0.0
5406,Normal,Normal,0.0,0.006714575847523825,0.0,0.0,0.9932854241524761,0.0,0.0
5407,Dos/DDos,Dos/DDos,0.0,0.0,1.0,0.0,0.0,0.0,0.0
5408,Dos/DDos,Dos/DDos,0.0,0.0,1.0,0.0,0.0,0.0,0.0
5409,Brute Force,Brute Force,0.0,1.0,0.0,0.0,0.0,0.0,0.0
5410,Dos/DDos,Dos/DDos,0.0,0.0,1.0,0.0,0.0,0.0,0.0
5411,Normal,Normal,0.0,0.0,0.25560268573005684,0.0,0.7443973142699432,0.0,0.0
5412,Dos/DDos,Dos/DDos,0.0,0.0,1.0,0.0,0.0,0.0,0.0
5413,PortScan,PortScan,0.0,0.0,0.0,0.0,7.417036449015093e-05,0.9999258296355099,0.0
5414,PortScan,PortScan,0.0,0.0,0.0,0.0,0.00010940824429178676,0.9998905917557083,0.0
5415,Dos/DDos,Dos/DDos,0.0,0.0,0.9791145411369461,0.0,0.020885458863054023,0.0,0.0
5416,PortScan,PortScan,0.0,0.0,0.0,0.0,0.0016003478380821065,0.998399652161918,0.0
5417,Dos/DDos,Dos/DDos,0.0,0.0,1.0,0.0,0.0,0.0,0.0
5418,Normal,Normal,0.0,0.0,0.0,0.0,1.0,0.0,0.0
5419,Normal,Normal,0.0,0.0,0.0,0.0,1.0,0.0,0.0
5420,Dos/DDos,Dos/DDos,0.0,0.0,0.9850001721029237,0.0,0.014999827897076393,0.0,0.0
5421,PortScan,PortScan,0.0,0.0049934810951760104,0.0,0.0,0.015372346942180662,0.9796341719626434,0.0
5422,Brute Force,Brute Force,0.0,1.0,0.0,0.0,0.0,0.0,0.0
5423,Dos/DDos,Dos/DDos,0.0,0.0,1.0,0.0,0.0,0.0,0.0
5424,Normal,Normal,0.0,0.0,0.012461248228684859,0.0,0.9809061394319426,0.006632612339372655,0.0
5425,Normal,Normal,0.04799627213420317,0.00386949853604127,0.006565942713251494,0.0,0.9238790580866642,0.0,0.017689228529839885
5426,Dos/DDos,Dos/DDos,0.0,0.0,0.7934871077769192,0.0,0.20651289222308067,0.0,0.0
5427,Normal,Normal,0.0,0.0,0.0,0.0,1.0,0.0,0.0
5428,Normal,Normal,0.0,0.0,0.01,0.0,0.99,0.0,0.0
5429,Normal,Normal,0.0,0.0,0.0,0.0,1.0,0.0,0.0
5430,Normal,Normal,0.0,0.0,0.0,0.0,1.0,0.0,0.0
5431,Dos/DDos,Dos/DDos,0.0,0.0,1.0,0.0,0.0,0.0,0.0
5432,Dos/DDos,Dos/DDos,0.0,0.0,1.0,0.0,0.0,0.0,0.0
5433,PortScan,PortScan,0.0,0.0,0.0,0.0,7.417036449015093e-05,0.9999258296355099,0.0
5434,Dos/DDos,Dos/DDos,0.0,0.0,1.0,0.0,0.0,0.0,0.0
5435,Dos/DDos,Dos/DDos,0.0,0.0,0.9848980346968483,0.0,0.01510196530315177,0.0,0.0
5436,Dos/DDos,Dos/DDos,0.0,0.0,1.0,0.0,0.0,0.0,0.0
5437,Dos/DDos,Dos/DDos,0.0,0.003983483972893301,0.9814985657228705,0.0,0.011066930897758263,0.0,0.0034510194064778068
5438,PortScan,PortScan,0.0,0.0,0.0,0.0,0.001978219536121109,0.9980217804638791,0.0
5439,Web Attack,Web Attack,0.0,0.0,0.0,0.0,0.021535795866508077,0.0,0.9784642041334919
5440,PortScan,PortScan,0.0,0.0,0.0,0.0,0.0014028033590947247,0.9985971966409053,0.0
5441,PortScan,PortScan,0.0,0.0,0.0,0.0,0.0025148155526011702,0.9974851844473989,0.0
5442,PortScan,PortScan,0.0,0.0,0.0,0.0,7.417036449015093e-05,0.9999258296355099,0.0
5443,Normal,Normal,0.0010500405594745178,0.00020904546153226817,0.0004299390422660507,0.0,0.9895689062490446,0.0,0.008742068687682548
5444,Normal,Normal,0.0,0.01,0.011840618239197858,0.03981041623878962,0.8450436868491815,0.0,0.09330527867283106
5445,Dos/DDos,Dos/DDos,0.0,0.0005642355865321211,0.9846999581414692,0.0,0.013370452872363103,0.00020505660381482473,0.0011602967958208664
5446,PortScan,PortScan,0.0,0.0,0.0,0.0,0.00010940824429178676,0.9998905917557083,0.0
5447,Brute Force,Brute Force,0.0,0.999975398192537,0.0,0.0,2.4601807462940075e-05,0.0,0.0
5448,PortScan,PortScan,0.0,0.0,0.0,0.0,0.014362038674469349,0.9856379613255309,0.0
5449,PortScan,PortScan,0.0,0.0,0.0,0.0,7.417036449015093e-05,0.9999258296355099,0.0
5450,PortScan,PortScan,0.0,0.0,0.0,0.0,0.004119931000825461,0.9958800689991747,0.0
5451,Brute Force,Brute Force,0.0,0.999975398192537,0.0,0.0,2.4601807462940075e-05,0.0,0.0
5452,PortScan,PortScan,0.0,0.0,0.0,0.0,0.001978219536121109,0.9980217804638791,0.0
5453,Normal,Normal,0.0,0.0,0.0,0.0,1.0,0.0,0.0
5454,Dos/DDos,Dos/DDos,0.0,0.0,1.0,0.0,0.0,0.0,0.0
5455,Normal,Normal,0.0,0.0,0.0,0.0,1.0,0.0,0.0
5456,Dos/DDos,Dos/DDos,0.0,0.0,0.99,0.0,0.01,0.0,0.0
5457,Web Attack,Web Attack,0.0,0.0,1.4083720890171383e-05,0.0,0.0014084435075517265,6.30767990631958e-05,0.9985143959724947
5458,Dos/DDos,Dos/DDos,0.0,0.0,1.0,0.0,0.0,0.0,0.0
5459,Brute Force,Brute Force,0.0,0.9998667055532651,0.0,0.0,0.00013329444673491696,0.0,0.0
5460,Brute Force,Brute Force,0.0,0.9482827064266475,0.0029766544270049353,0.0,0.015388841423102649,0.0,0.03335179772324501
5461,Dos/DDos,Dos/DDos,0.0,0.00032747601458640906,0.9261066932851169,0.0,0.0647996133574791,0.00014479321798189455,0.008621424124835637
5462,Dos/DDos,Dos/DDos,0.0,0.0,1.0,0.0,0.0,0.0,0.0
5463,Normal,Normal,0.0,0.0,0.0,0.0,0.9903421296094436,0.009657870390556354,0.0
5464,Brute Force,Brute Force,0.0,1.0,0.0,0.0,0.0,0.0,0.0
5465,Normal,Normal,0.0,0.0,0.03694540247057778,0.07969639501688319,0.8780581007831393,0.0,0.005300101729399796
5466,Dos/DDos,Dos/DDos,0.0,0.0,1.0,0.0,0.0,0.0,0.0
5467,PortScan,PortScan,0.0,0.0,0.0,0.0,0.0024390626540678807,0.9975609373459323,0.0
5468,Normal,Normal,0.0,0.0,0.0,0.0,1.0,0.0,0.0
5469,Brute Force,Brute Force,0.0,1.0,0.0,0.0,0.0,0.0,0.0
5470,Normal,Normal,0.0,0.0,0.0,0.0,1.0,0.0,0.0
5471,PortScan,PortScan,0.0,0.0,0.0,0.0,0.00010940824429178676,0.9998905917557083,0.0
5472,Web Attack,Web Attack,0.0,0.0,1.4083720890171383e-05,0.0,0.0010767330448849778,5.853123184749522e-05,0.9988506520023772
5473,PortScan,PortScan,0.0,0.0,0.0,0.0,0.003756232803477323,0.9962437671965229,0.0
5474,Botnet ARES,Botnet ARES,0.9938294651894872,0.0,0.0,0.0,0.006170534810512575,0.0,0.0
5475,Normal,Normal,0.0,0.0033035784198574896,0.03252809106331528,0.0,0.9479108147520523,0.0,0.016257515764774896
5476,PortScan,PortScan,0.0,0.0,0.0,0.0,0.002398517915991191,0.9976014820840088,0.0
5477,Brute Force,Brute Force,0.0,1.0,0.0,0.0,0.0,0.0,0.0
5478,PortScan,PortScan,0.0,0.0,0.0,0.0,7.417036449015093e-05,0.9999258296355099,0.0
5479,Dos/DDos,Dos/DDos,0.0,0.0,0.9949114219114219,0.0,0.005088578088578088,0.0,0.0
5480,PortScan,PortScan,0.0,0.0,0.0,0.0,0.001268828059435457,0.9987311719405646,0.0
5481,PortScan,PortScan,0.0,0.0,0.0,0.0,0.0020969330446242505,0.9979030669553759,0.0
5482,Normal,Normal,0.0,0.0,0.0,0.0,1.0,0.0,0.0
5483,Brute Force,Brute Force,0.0,1.0,0.0,0.0,0.0,0.0,0.0
5484,PortScan,PortScan,0.0,0.0,0.0,0.0,0.00010940824429178676,0.9998905917557083,0.0
5485,Normal,Normal,0.0,0.0,0.024994082840236683,0.0,0.970835489969527,0.00417042719023637,0.0
5486,Normal,Normal,0.0,0.0,0.0,0.0,1.0,0.0,0.0
5487,Dos/DDos,Dos/DDos,0.0,0.0,0.8648295608351966,0.0,0.13517043916480356,0.0,0.0
5488,Brute Force,Brute Force,0.0,1.0,0.0,0.0,0.0,0.0,0.0
5489,PortScan,PortScan,0.0,0.0,0.0,0.0,0.0013436496157815574,0.9986563503842184,0.0
5490,Brute Force,Brute Force,0.0,0.999975398192537,0.0,0.0,2.4601807462940075e-05,0.0,0.0
5491,Dos/DDos,Dos/DDos,0.0,0.0,1.0,0.0,0.0,0.0,0.0
5492,PortScan,PortScan,0.0,0.0,0.0,0.0,0.0017390630352036819,0.9982609369647963,0.0
5493,Normal,Normal,0.0,0.0,0.017494205052005943,0.009828610603290678,0.9335903150786483,0.0,0.03908686926605505
5494,Web Attack,Web Attack,0.0,0.0,1.4083720890171383e-05,0.0,0.001550279110412039,6.30767990631958e-05,0.9983725603696344
5495,PortScan,PortScan,0.0,0.0,0.0,0.0,7.417036449015093e-05,0.9999258296355099,0.0
5496,PortScan,PortScan,0.0,0.0,0.0,0.0,7.417036449015093e-05,0.9999258296355099,0.0
5497,Normal,Normal,0.0,0.0,0.0,0.0,1.0,0.0,0.0
5498,Brute Force,Brute Force,0.0,0.999975398192537,0.0,0.0,2.4601807462940075e-05,0.0,0.0
5499,Brute Force,Brute Force,0.0,1.0,0.0,0.0,0.0,0.0,0.0
5500,PortScan,PortScan,0.0,0.0,0.0,0.0,0.0014028033590947247,0.9985971966409053,0.0
5501,Normal,Normal,0.0,0.0,0.0,0.0,1.0,0.0,0.0
5502,Brute Force,Brute Force,0.0,0.999975398192537,0.0,0.0,2.4601807462940075e-05,0.0,0.0
5503,Dos/DDos,Dos/DDos,0.0,0.0,1.0,0.0,0.0,0.0,0.0
5504,Web Attack,Web Attack,0.0,0.0,1.4083720890171383e-05,0.0,0.0010767330448849778,5.853123184749522e-05,0.9988506520023772
5505,Dos/DDos,Dos/DDos,0.0,0.0,1.0,0.0,0.0,0.0,0.0
5506,Normal,Normal,0.0,0.0,0.0,0.0,1.0,0.0,0.0
5507,Brute Force,Brute Force,0.0,1.0,0.0,0.0,0.0,0.0,0.0
5508,PortScan,PortScan,0.037901687454145266,0.0,0.09657959570521331,0.03974204529496882,0.1523150291782095,0.6734616423674633,0.0
5509,PortScan,PortScan,0.0,0.0,0.0,0.0,0.00010940824429178676,0.9998905917557083,0.0
5510,Normal,Normal,0.0,0.0,0.014824271002221287,0.0,0.9751757289977786,0.01,0.0
5511,Brute Force,Brute Force,0.0,1.0,0.0,0.0,0.0,0.0,0.0
5512,PortScan,PortScan,0.0,0.0,0.0,0.0,0.00010940824429178676,0.9998905917557083,0.0
5513,PortScan,PortScan,0.0,0.0,0.0,0.0,7.417036449015093e-05,0.9999258296355099,0.0
5514,Normal,Normal,0.0,0.0,0.026671826625387,0.0,0.9733281733746131,0.0,0.0
5515,Normal,Normal,0.0,0.0,0.0,0.0,0.9923462246777163,0.0,0.007653775322283609
5516,PortScan,PortScan,0.0,0.0,0.0,0.0,0.00010940824429178676,0.9998905917557083,0.0
5517,Dos/DDos,Dos/DDos,0.0,0.003983483972893301,0.9810029584985736,0.0,0.011067821129049226,0.0,0.00394573639948369
5518,Dos/DDos,Dos/DDos,0.0,0.0,1.0,0.0,0.0,0.0,0.0
5519,PortScan,PortScan,0.0,0.0,0.0,0.0,7.417036449015093e-05,0.9999258296355099,0.0
5520,PortScan,PortScan,0.0,0.0,0.0,0.0,7.417036449015093e-05,0.9999258296355099,0.0
5521,Normal,Normal,0.0,0.04083801148797529,0.0029439974316081796,0.0,0.8949822376113105,0.0,0.06123575346910602
5522,PortScan,PortScan,0.0,0.0,0.0,0.0,0.0007209832031803154,0.9992790167968196,0.0
5523,Dos/DDos,Dos/DDos,0.0,0.0,1.0,0.0,0.0,0.0,0.0
5524,Dos/DDos,Dos/DDos,0.0,0.003983483972893301,0.9814281759400566,0.0,0.010750886841346795,0.0,0.0038374532457031356
5525,Brute Force,Brute Force,0.0,1.0,0.0,0.0,0.0,0.0,0.0
5526,Dos/DDos,Dos/DDos,0.0,0.0,0.9536598919328815,0.0,0.04634010806711872,0.0,0.0
5527,Normal,Normal,0.0,0.047689198033945675,0.0029439974316081796,0.0,0.8652546426648046,0.0,0.08411216186964154
5528,PortScan,PortScan,0.0,0.0,0.0,0.0,0.003706357554046807,0.9962936424459534,0.0
5529,Dos/DDos,Dos/DDos,0.0,0.0,1.0,0.0,0.0,0.0,0.0
5530,PortScan,PortScan,0.0,0.0,0.03212337422090923,0.03988890917106096,0.0940940421063726,0.8338936745016572,0.0
5531,Brute Force,Brute Force,0.0,1.0,0.0,0.0,0.0,0.0,0.0
5532,Dos/DDos,Dos/DDos,0.0,0.0,1.0,0.0,0.0,0.0,0.0
5533,Normal,Normal,0.0,0.08931657711351056,0.003100115855743763,0.0,0.7956203241299916,0.0,0.11196298290075413
5534,PortScan,PortScan,0.0,0.0,0.0,0.0,0.001440679331418862,0.9985593206685812,0.0
5535,Normal,Normal,0.0,0.0,0.0,0.0,1.0,0.0,0.0
5536,Normal,Normal,0.0,0.010461456243337023,0.023040892920702456,0.0,0.9505176024711655,3.4417133376232516e-05,0.01594563123141887
5537,PortScan,PortScan,0.0,0.0,0.0,0.0,0.0012883652323876355,0.9987116347676124,0.0
5538,Dos/DDos,Dos/DDos,0.0,0.003983483972893301,0.9810029584985736,0.0,0.011067821129049226,0.0,0.00394573639948369
5539,Dos/DDos,Dos/DDos,0.0,0.0,1.0,0.0,0.0,0.0,0.0
5540,Normal,Normal,0.0,0.0,0.006634915677701437,0.0,0.9933650843222986,0.0,0.0
5541,Normal,Normal,0.0,0.0,0.0,0.0,1.0,0.0,0.0
5542,Normal,Normal,0.017883786316776007,0.0,0.004994082840236686,0.009894664529425234,0.9672274663135622,0.0,0.0
5543,PortScan,PortScan,0.0,0.0,0.0,0.0,7.417036449015093e-05,0.9999258296355099,0.0
5544,Normal,Normal,0.0,0.0,0.04331555769517184,0.0,0.9432848524641594,0.013399589840668875,0.0
5545,PortScan,PortScan,0.0,0.0,0.0,0.0,0.00010940824429178676,0.9998905917557083,0.0
5546,PortScan,PortScan,0.0,0.0,0.0,0.0,0.00367223319262242,0.9963277668073778,0.0
5547,Brute Force,Brute Force,0.0,1.0,0.0,0.0,0.0,0.0,0.0
5548,PortScan,PortScan,0.0,0.0,0.0,0.0,0.00010940824429178676,0.9998905917557083,0.0
5549,PortScan,PortScan,0.0,0.0,0.0,0.0,0.002643876133466521,0.9973561238665336,0.0
5550,Dos/DDos,Dos/DDos,0.0,0.003983483972893301,0.9810029584985736,0.0,0.011067821129049226,0.0,0.00394573639948369
5551,Normal,Normal,0.0,0.0,0.0,0.0,0.9932137710168135,0.0,0.00678622898318655
5552,Botnet ARES,Botnet ARES,0.999774330969387,0.0,0.0,0.0,0.00022566903061300287,0.0,0.0
5553,Dos/DDos,Dos/DDos,0.0,0.0,1.0,0.0,0.0,0.0,0.0
5554,Dos/DDos,Dos/DDos,0.0,0.0,1.0,0.0,0.0,0.0,0.0
5555,Normal,Normal,0.0,0.0,0.0,0.0,1.0,0.0,0.0
5556,Dos/DDos,Dos/DDos,0.0,0.003983483972893301,0.9816466076681638,0.0,0.011448997876784543,3.4417133376232516e-05,0.002886493348782002
5557,Normal,Normal,0.0,0.0,0.0,0.0,1.0,0.0,0.0
5558,PortScan,PortScan,0.0,0.0,0.0,0.0,0.00010940824429178676,0.9998905917557083,0.0
5559,Dos/DDos,Dos/DDos,0.0,0.0,0.8678130927581443,0.0,0.12320265962228362,0.008984247619572082,0.0
5560,Dos/DDos,Dos/DDos,0.0,0.0,1.0,0.0,0.0,0.0,0.0
5561,PortScan,PortScan,0.0,0.0,0.0,0.0,0.0016368897882905603,0.9983631102117095,0.0
5562,PortScan,PortScan,0.0,0.0,0.0,0.0,7.417036449015093e-05,0.9999258296355099,0.0
5563,Normal,Normal,0.0,0.0,0.0,0.0,1.0,0.0,0.0
5564,Dos/DDos,Dos/DDos,0.0,0.0007443191035267758,0.987064107417973,0.0,0.008159800814298335,0.00012124242513444596,0.003910530239067575
5565,PortScan,PortScan,0.0,0.0,0.0,0.0,0.0035049851002136325,0.9964950148997866,0.0
5566,Normal,Normal,0.0,0.0,0.004925320056899004,0.0,0.9950746799431011,0.0,0.0
5567,Normal,Normal,0.0,0.0,0.0,0.0,1.0,0.0,0.0
5568,Normal,Normal,0.0,0.0,0.0,0.0,1.0,0.0,0.0
5569,Normal,Dos/DDos,0.0,0.0,0.8651084875277089,0.0,0.1348915124722911,0.0,0.0
5570,Normal,Normal,0.0,0.0,0.0,0.0,1.0,0.0,0.0
5571,Dos/DDos,Dos/DDos,0.0,0.0,1.0,0.0,0.0,0.0,0.0
5572,Brute Force,Brute Force,0.0,1.0,0.0,0.0,0.0,0.0,0.0
5573,Normal,Normal,0.031568057046462386,0.0,0.0066745098039215685,0.0,0.961757433149616,0.0,0.0
5574,Dos/DDos,Dos/DDos,0.0,0.0,1.0,0.0,0.0,0.0,0.0
5575,Dos/DDos,Dos/DDos,0.0,0.0,0.99,0.0,0.01,0.0,0.0
5576,Normal,Normal,0.0,0.0,0.0,0.0,1.0,0.0,0.0
5577,Normal,Normal,0.0,0.0,0.0,0.0,0.9909007741027446,0.0,0.009099225897255453
5578,Dos/DDos,Dos/DDos,0.0,0.0,1.0,0.0,0.0,0.0,0.0
5579,Brute Force,Brute Force,0.0,0.9606661601799914,0.0029766544270049353,0.0,0.013071659635060575,0.0,0.023285525757943223
5580,Botnet ARES,Botnet ARES,0.9402475543646888,0.001252511891965271,0.0,0.0,0.05825141089818769,0.0002485228451580894,0.0
5581,Normal,Normal,0.0,0.0,0.0,0.0,1.0,0.0,0.0
5582,PortScan,PortScan,0.0,0.0,0.0,0.0,0.0024568433805013026,0.9975431566194989,0.0
5583,Normal,Normal,0.0,0.0,0.0,0.0,1.0,0.0,0.0
5584,Brute Force,Brute Force,0.0,0.9998930490496046,0.0,0.0,0.00010695095039544507,0.0,0.0
5585,Dos/DDos,Dos/DDos,0.0,0.0,1.0,0.0,0.0,0.0,0.0
5586,Dos/DDos,Dos/DDos,0.0,0.0,1.0,0.0,0.0,0.0,0.0
5587,Normal,Normal,0.0,0.0,0.0,0.0,1.0,0.0,0.0
5588,Dos/DDos,Dos/DDos,0.0,0.003983483972893301,0.9815127929338593,0.0,0.009805789849195758,0.0,0.004697933244051386
5589,Brute Force,Brute Force,0.0,1.0,0.0,0.0,0.0,0.0,0.0
5590,Dos/DDos,Dos/DDos,0.0,0.0,1.0,0.0,0.0,0.0,0.0
5591,Dos/DDos,Dos/DDos,0.0,0.0,1.0,0.0,0.0,0.0,0.0
5592,Normal,Normal,0.0,0.0,0.01,0.0,0.99,0.0,0.0
5593,PortScan,PortScan,0.0,0.0,0.0,0.0,0.00010940824429178676,0.9998905917557083,0.0
5594,Brute Force,Brute Force,0.0,1.0,0.0,0.0,0.0,0.0,0.0
5595,PortScan,PortScan,0.0,0.0,0.0,0.0,0.0010488510706976421,0.9989511489293024,0.0
5596,Dos/DDos,Dos/DDos,0.0,0.0,1.0,0.0,0.0,0.0,0.0
5597,PortScan,PortScan,0.0,0.0,0.0,0.0,0.0033005058274889194,0.9966994941725111,0.0
5598,Brute Force,Brute Force,0.0,0.962706150113201,0.0029766544270049353,0.0,0.01276546330221945,0.0,0.021551732157574756
5599,PortScan,PortScan,0.0,0.0,0.0,0.0,0.00010940824429178676,0.9998905917557083,0.0
5600,Dos/DDos,Dos/DDos,0.0,0.0,0.9908281800000127,0.0,0.009171819999987417,0.0,0.0
5601,PortScan,PortScan,0.0,0.0,0.0,0.0,0.001063112812623945,0.998936887187376,0.0
5602,Normal,Normal,0.0,0.0,0.0,0.0,1.0,0.0,0.0
5603,Normal,Normal,0.0,0.0,0.07753341965259915,0.0,0.7128539987131581,0.0020163705114865514,0.20759621112275617
5604,Normal,Normal,0.0,0.013277085633180885,0.0,0.0,0.9867229143668191,0.0,0.0
5605,Dos/DDos,Dos/DDos,0.0,0.0,1.0,0.0,0.0,0.0,0.0
5606,Dos/DDos,Dos/DDos,0.0,0.0,1.0,0.0,0.0,0.0,0.0
5607,Brute Force,Brute Force,0.0,0.9606661601799914,0.0029766544270049353,0.0,0.013071659635060575,0.0,0.023285525757943223
5608,Dos/DDos,Dos/DDos,0.0,0.0,1.0,0.0,0.0,0.0,0.0
5609,Normal,Normal,0.0,0.003983483972893301,0.08489681542403099,0.0,0.9063714983765504,0.0,0.004748202226525226
5610,Dos/DDos,Dos/DDos,0.0,0.0,1.0,0.0,0.0,0.0,0.0
5611,Dos/DDos,Dos/DDos,0.0,0.003983483972893301,0.9808640465968252,0.0,0.011296132169676329,3.4417133376232516e-05,0.0038219201272286373
5612,Dos/DDos,Dos/DDos,0.0,0.003983483972893301,0.9807905417432232,0.0,0.011131389041870235,0.000752478807385043,0.003342106434628087
5613,PortScan,PortScan,0.0,0.0,0.0,0.0,0.00010940824429178676,0.9998905917557083,0.0
5614,Dos/DDos,Dos/DDos,0.0,0.0,0.9374123028063935,0.0,0.06258769719360649,0.0,0.0
5615,Normal,Normal,0.0,0.0,0.0,0.0,1.0,0.0,0.0
5616,PortScan,PortScan,0.0,0.0,0.0,0.0,0.001978219536121109,0.9980217804638791,0.0
5617,Brute Force,Brute Force,0.0,0.999975398192537,0.0,0.0,2.4601807462940075e-05,0.0,0.0
5618,Normal,Normal,0.0,0.0,0.0,0.0,1.0,0.0,0.0
5619,Dos/DDos,Dos/DDos,0.0,0.0,1.0,0.0,0.0,0.0,0.0
5620,PortScan,PortScan,0.0,0.0,0.0,0.0,0.0038068239457884918,0.9961931760542118,0.0
5621,Dos/DDos,Dos/DDos,0.0,0.003983483972893301,0.979910012392329,0.0,0.01277317401491038,3.4417133376232516e-05,0.003298912486490975
5622,PortScan,PortScan,0.0,0.0,0.0,0.0,0.0013708639541191328,0.998629136045881,0.0
5623,PortScan,PortScan,0.0,0.0,0.0,0.0,0.002398517915991191,0.9976014820840088,0.0
5624,PortScan,PortScan,0.0,0.0,0.0,0.0,0.0035049851002136325,0.9964950148997866,0.0
5625,Dos/DDos,Dos/DDos,0.0,0.0,1.0,0.0,0.0,0.0,0.0
5626,PortScan,PortScan,0.0,0.0,0.0,0.0,0.0007067214612540124,0.9992932785387459,0.0
5627,Dos/DDos,Dos/DDos,0.0,0.0,1.0,0.0,0.0,0.0,0.0
5628,PortScan,PortScan,0.0,0.0,0.0,0.0,7.417036449015093e-05,0.9999258296355099,0.0
5629,Dos/DDos,Dos/DDos,0.0,0.0,0.8914607797380592,0.0,0.1085392202619408,0.0,0.0
5630,PortScan,PortScan,0.0,0.0,0.0,0.0,7.417036449015093e-05,0.9999258296355099,0.0
5631,PortScan,PortScan,0.0,0.0,0.0,0.0,0.0038817755120723126,0.996118224487928,0.0
5632,Brute Force,Brute Force,0.0,0.9606661601799914,0.0029766544270049353,0.0,0.013071659635060575,0.0,0.023285525757943223
5633,Normal,Normal,0.0,0.0,0.022850603885347206,0.0,0.977149396114653,0.0,0.0
5634,Dos/DDos,Dos/DDos,0.0,0.003983483972893301,0.9808640465968252,0.0,0.011296132169676329,3.4417133376232516e-05,0.0038219201272286373
5635,Brute Force,Brute Force,0.0,0.9998667055532651,0.0,0.0,0.00013329444673491696,0.0,0.0
5636,Normal,Normal,0.0,0.0,0.2706779415032964,0.0,0.7293220584967035,0.0,0.0
5637,Normal,Normal,0.0,0.0,0.0,0.0,1.0,0.0,0.0
5638,Dos/DDos,Dos/DDos,0.0,0.0,1.0,0.0,0.0,0.0,0.0
5639,Dos/DDos,Dos/DDos,0.0,0.003983483972893301,0.9804388291553423,0.0,0.01161306645737876,3.4417133376232516e-05,0.003930203281009192
5640,Brute Force,Brute Force,0.0,0.9998667055532651,0.0,0.0,0.00013329444673491696,0.0,0.0
5641,Brute Force,Brute Force,0.0,0.9606661601799914,0.0029766544270049353,0.0,0.013071659635060575,0.0,0.023285525757943223
5642,Dos/DDos,Dos/DDos,0.0,0.003983483972893301,0.9778175181586568,0.0,0.01098506346080421,0.0,0.007213934407645568
5643,PortScan,PortScan,0.0,0.0,0.0,0.0,0.00010940824429178676,0.9998905917557083,0.0
5644,PortScan,PortScan,0.0,0.0,0.0,0.0,0.00010940824429178676,0.9998905917557083,0.0
5645,Dos/DDos,Dos/DDos,0.0,0.005081583599988699,0.7164383225706014,0.0,0.27203141413189685,5.779266210698909e-05,0.006390887035406004
5646,Normal,Normal,0.0863346985159532,0.0,0.0,0.0,0.9136653014840468,0.0,0.0
5647,Dos/DDos,Dos/DDos,0.0,0.0,1.0,0.0,0.0,0.0,0.0
5648,Dos/DDos,Dos/DDos,0.0,0.0,0.9866146517748359,0.0,0.013385348225164127,0.0,0.0
5649,Dos/DDos,Dos/DDos,0.0,0.0,0.9284028804373742,0.0,0.07159711956262571,0.0,0.0
5650,Normal,Normal,0.0,0.0,0.0,0.0,1.0,0.0,0.0
5651,Botnet ARES,Botnet ARES,1.0,0.0,0.0,0.0,0.0,0.0,0.0
5652,PortScan,PortScan,0.0,0.0,0.0,0.0,0.00010940824429178676,0.9998905917557083,0.0
5653,PortScan,PortScan,0.0,0.0,0.0,0.0,0.0016368897882905603,0.9983631102117095,0.0
5654,Normal,Normal,0.0,0.003983483972893301,0.0755030825475414,0.0,0.9157652312530401,0.0,0.004748202226525226
5655,Dos/DDos,Dos/DDos,0.0,0.003983483972893301,0.9802364392175655,0.0,0.012241229161827365,3.4417133376232516e-05,0.003504430514337296
5656,Dos/DDos,Dos/DDos,0.0,0.0,0.8870704354386822,0.029934731455437676,0.08299483310588011,0.0,0.0
5657,Dos/DDos,Dos/DDos,0.0,0.0,0.8322544971039921,0.0,0.16774550289600781,0.0,0.0
5658,Dos/DDos,Dos/DDos,0.0,0.0,1.0,0.0,0.0,0.0,0.0
5659,PortScan,PortScan,0.0,0.0,0.0,0.0,0.0033823849904575567,0.9966176150095427,0.0
5660,PortScan,PortScan,0.0,0.0,0.0,0.0,7.417036449015093e-05,0.9999258296355099,0.0
5661,PortScan,PortScan,0.0,0.0,0.0,0.0,0.016207098012209938,0.9837929019877901,0.0
5662,Dos/DDos,Dos/DDos,0.0,0.0,0.9966393442622951,0.0,0.0033606557377049177,0.0,0.0
5663,Normal,Normal,0.0,0.0,0.0,0.0,1.0,0.0,0.0
5664,PortScan,PortScan,0.0,0.0,0.0,0.0,0.002398517915991191,0.9976014820840088,0.0
5665,Normal,Normal,0.0,0.0,0.0,0.0,1.0,0.0,0.0
5666,Normal,Normal,0.0,0.0,0.0,0.0,1.0,0.0,0.0
5667,PortScan,PortScan,0.0,0.0,0.0,0.0,0.0020897409762804416,0.9979102590237195,0.0
5668,Dos/DDos,Dos/DDos,0.0,0.0,0.9243546261538218,0.0,0.07564537384617806,0.0,0.0
5669,PortScan,PortScan,0.0,0.0,0.0,0.0,0.002199916599990163,0.99780008340001,0.0
5670,PortScan,PortScan,0.0,0.0,0.0,0.0,7.417036449015093e-05,0.9999258296355099,0.0
5671,Normal,Normal,0.0,0.0,0.0,0.0,1.0,0.0,0.0
5672,Dos/DDos,Dos/DDos,0.0,0.0,0.9908584202991227,0.0,0.009141579700877285,0.0,0.0
5673,Normal,Normal,0.0,0.0,0.0,0.0,1.0,0.0,0.0
5674,PortScan,PortScan,0.0,0.0,0.0,0.0,0.00010940824429178676,0.9998905917557083,0.0
5675,Dos/DDos,Dos/DDos,0.0,0.005228976097580453,0.9445834977926701,0.0,0.03440819649345972,0.00024068119919666296,0.015538648417093093
5676,Normal,Normal,0.01,0.0,0.012500871586287042,0.019828793774319068,0.7864504504293164,0.0,0.17121988421007747
5677,Normal,Normal,0.0,0.0,0.0,0.0,1.0,0.0,0.0
5678,Dos/DDos,Dos/DDos,0.0,0.0,0.99,0.0,0.01,0.0,0.0
5679,Normal,Normal,0.0,0.0,0.019945086759655707,0.0,0.9800549132403443,0.0,0.0
5680,Dos/DDos,Dos/DDos,0.0,0.0,1.0,0.0,0.0,0.0,0.0
5681,Brute Force,Brute Force,0.0,0.999975398192537,0.0,0.0,2.4601807462940075e-05,0.0,0.0
5682,Normal,Normal,0.0,0.0,0.01,0.0,0.99,0.0,0.0
5683,Dos/DDos,Dos/DDos,0.0,0.0007443191035267758,0.9869302150186618,0.0,0.008293693213609463,0.00012124242513444596,0.003910530239067575
5684,Normal,Normal,0.0,0.0,0.0,0.0,1.0,0.0,0.0
5685,PortScan,PortScan,0.0,0.0,0.0,0.0,0.0007067214612540124,0.9992932785387459,0.0
5686,PortScan,PortScan,0.0,0.0,0.0,0.0,0.0023454604626852405,0.997654539537315,0.0
5687,Normal,Normal,0.0,0.0,0.24982724996486985,0.0,0.7501727500351301,0.0,0.0
5688,PortScan,PortScan,0.0,0.0,0.0,0.0,0.0020451041633860125,0.9979548958366141,0.0
5689,PortScan,PortScan,0.0,0.0,0.0,0.0,0.004119931000825461,0.9958800689991747,0.0
5690,Dos/DDos,Dos/DDos,0.0,0.0,1.0,0.0,0.0,0.0,0.0
5691,Normal,Normal,0.0,0.051028210007149626,0.0029439974316081796,0.0,0.87326568872617,0.0,0.07276210383507212
5692,Normal,Normal,0.0,0.01386949853604127,0.03478930496884631,0.0,0.8631094003349605,0.022526097015430225,0.06570569914472169
5693,PortScan,PortScan,0.0,0.0,0.0,0.0,0.00010940824429178676,0.9998905917557083,0.0
5694,Dos/DDos,Dos/DDos,0.0,0.0008917116011185303,0.96695261114407,0.0,0.009394970287535064,0.020982319188176345,0.001778387779100164
5695,PortScan,PortScan,0.0,0.0,0.0,0.0,0.00212666340983039,0.9978733365901697,0.0
5696,PortScan,PortScan,0.0,0.0,0.0,0.0,0.0019495741385205986,0.9980504258614795,0.0
5697,Dos/DDos,Dos/DDos,0.0,0.0,1.0,0.0,0.0,0.0,0.0
5698,Normal,Normal,0.0,0.0,0.0,0.0,1.0,0.0,0.0
5699,PortScan,PortScan,0.0,0.0,0.0,0.0,0.0013708639541191328,0.998629136045881,0.0
5700,Brute Force,Brute Force,0.0,1.0,0.0,0.0,0.0,0.0,0.0
5701,Normal,Normal,0.0,0.0,0.0,0.0,1.0,0.0,0.0
5702,Normal,Normal,0.0,0.0,0.0,0.0,1.0,0.0,0.0
5703,Dos/DDos,Dos/DDos,0.0,0.0,1.0,0.0,0.0,0.0,0.0
5704,Dos/DDos,Dos/DDos,0.0,0.0,1.0,0.0,0.0,0.0,0.0
5705,PortScan,PortScan,0.0,0.0,0.0,0.0,7.417036449015093e-05,0.9999258296355099,0.0
5706,Brute Force,Brute Force,0.0,1.0,0.0,0.0,0.0,0.0,0.0
5707,PortScan,PortScan,0.0,0.0,0.0,0.0,0.0126944874447508,0.9873055125552495,0.0
5708,Normal,Normal,0.0,0.0,0.0,0.0,1.0,0.0,0.0
5709,Brute Force,Brute Force,0.0,1.0,0.0,0.0,0.0,0.0,0.0
5710,Normal,Normal,0.0,0.0,0.0,0.0,1.0,0.0,0.0
5711,Normal,Normal,0.0,0.2755246625780206,0.004784683877141845,0.0,0.6221923157125425,0.03145635001012761,0.06604198782216734
5712,PortScan,PortScan,0.0,0.0,0.0,0.0,0.00202281691283012,0.99797718308717,0.0
5713,PortScan,PortScan,0.0,0.0,0.0,0.0,0.002928751860709188,0.9970712481392912,0.0
5714,PortScan,PortScan,0.0,0.0,0.0,0.0,0.00010940824429178676,0.9998905917557083,0.0
5715,PortScan,PortScan,0.0,0.0,0.0,0.0,0.0007067214612540124,0.9992932785387459,0.0
5716,PortScan,PortScan,0.0,0.0,0.0,0.0,0.0018200521295441874,0.9981799478704559,0.0
5717,Normal,Normal,0.03,0.0030186780264020224,0.007494205052005943,0.0,0.9470058789205449,0.002481238001047181,0.01
5718,Normal,Normal,0.0,0.0,0.0,0.0,1.0,0.0,0.0
5719,Dos/DDos,Dos/DDos,0.0,0.0,1.0,0.0,0.0,0.0,0.0
5720,Normal,Normal,0.0,0.0,0.0,0.0,1.0,0.0,0.0
5721,PortScan,PortScan,0.0,0.0,0.0,0.0,0.00131425045007338,0.9986857495499268,0.0
5722,Brute Force,Brute Force,0.0,1.0,0.0,0.0,0.0,0.0,0.0
5723,Normal,Normal,0.0,0.007940398942561884,0.013180631683969291,0.01,0.9611628979448974,0.0,0.007716071428571428
5724,Dos/DDos,Dos/DDos,0.0,0.003983483972893301,0.9815127929338593,0.0,0.009805789849195758,0.0,0.004697933244051386
5725,Normal,Normal,0.0,0.0,0.0,0.0,1.0,0.0,0.0
5726,Normal,Normal,0.0,0.0,0.0,0.0,1.0,0.0,0.0
5727,PortScan,PortScan,0.0,0.0,0.0,0.0,0.00010940824429178676,0.9998905917557083,0.0
5728,PortScan,PortScan,0.0,0.0,0.0,0.0,7.417036449015093e-05,0.9999258296355099,0.0
5729,Normal,Normal,0.0,0.0,0.0,0.0,1.0,0.0,0.0
5730,Dos/DDos,Dos/DDos,0.0,0.003983483972893301,0.9800320225485885,0.0,0.012723796516249329,3.4417133376232516e-05,0.003226279828892521
5731,Normal,Normal,0.0,0.0,0.0,0.0,1.0,0.0,0.0
5732,Dos/DDos,Dos/DDos,0.0,0.0,1.0,0.0,0.0,0.0,0.0
5733,PortScan,PortScan,0.0,0.0,0.0,0.0,0.009148141038213164,0.9908518589617868,0.0
5734,Normal,Normal,0.0,0.0,0.0,0.0,1.0,0.0,0.0
5735,Normal,Normal,0.0,0.012015949114729198,0.03744775813293717,0.03,0.9138853382390174,0.00665095451331605,0.0
5736,Normal,Normal,0.0,0.0,0.3721656839018692,0.0,0.6278343160981307,0.0,0.0
5737,Normal,Normal,0.0,0.0,0.0,0.0,1.0,0.0,0.0
5738,Dos/DDos,Dos/DDos,0.0,0.0,1.0,0.0,0.0,0.0,0.0
5739,Normal,Normal,0.0,0.03771030185234563,0.0029439974316081796,0.0,0.9054246485450433,0.0,0.05392105217100292
5740,Brute Force,Brute Force,0.0,1.0,0.0,0.0,0.0,0.0,0.0
5741,Normal,Normal,0.0,0.048566661468454474,0.0029439974316081796,0.0,0.8186127232046936,0.0,0.1298766178952438
5742,Dos/DDos,Dos/DDos,0.0,0.0,1.0,0.0,0.0,0.0,0.0
5743,PortScan,PortScan,0.0,0.0,0.0,0.0,0.0027104243682456457,0.9972895756317546,0.0
5744,Normal,Normal,0.0,0.0,0.0,0.0,1.0,0.0,0.0
5745,Normal,Normal,0.0,0.023262942708402533,0.09179304241228824,0.0,0.8463666114338934,3.4417133376232516e-05,0.03854298631203968
5746,PortScan,PortScan,0.0,0.0,0.0,0.0,7.417036449015093e-05,0.9999258296355099,0.0
5747,Normal,Normal,0.0351747518242211,0.0,0.0,0.0,0.9648252481757789,0.0,0.0
5748,Dos/DDos,Dos/DDos,0.0,0.0,1.0,0.0,0.0,0.0,0.0
5749,PortScan,PortScan,0.0,0.0,0.0,0.0,0.0024568433805013026,0.9975431566194989,0.0
5750,Dos/DDos,Dos/DDos,0.0,0.0007443191035267758,0.9876993794402925,0.0,0.007558945925355023,8.682529175821345e-05,0.003910530239067575
5751,PortScan,PortScan,0.0,0.0,0.0,0.0,7.417036449015093e-05,0.9999258296355099,0.0
5752,Normal,Normal,0.0,0.0,0.0,0.0,1.0,0.0,0.0
5753,Normal,Normal,0.0,0.0,0.0,0.0,1.0,0.0,0.0
5754,PortScan,PortScan,0.0,0.0,0.0,0.0,0.0027104243682456457,0.9972895756317546,0.0
5755,Dos/DDos,Dos/DDos,0.0,0.0,1.0,0.0,0.0,0.0,0.0
5756,PortScan,PortScan,0.0,0.0,0.0,0.0,7.417036449015093e-05,0.9999258296355099,0.0
5757,Brute Force,Brute Force,0.0,0.999975398192537,0.0,0.0,2.4601807462940075e-05,0.0,0.0
5758,PortScan,PortScan,0.0,0.0,0.0,0.0,7.417036449015093e-05,0.9999258296355099,0.0
5759,PortScan,PortScan,0.0,0.0,0.0,0.0,7.417036449015093e-05,0.9999258296355099,0.0
5760,Normal,Normal,0.039202825428859736,0.003341722375147464,0.08236431769075069,0.0,0.8147536461110714,0.0,0.06033748839417075
5761,PortScan,PortScan,0.0,0.0,0.0,0.0,7.417036449015093e-05,0.9999258296355099,0.0
5762,Web Attack,Web Attack,0.0,0.0,1.4083720890171383e-05,0.0,0.0012636372494429348,0.00011159665123210415,0.9986106823784346
5763,Dos/DDos,Dos/DDos,0.0,0.0,0.9708254124509819,0.0,0.029174587549018326,0.0,0.0
5764,Normal,Normal,0.0,0.0,0.0,0.0,1.0,0.0,0.0
5765,Normal,Normal,0.02704010055571262,0.023341722375147464,0.13738425856015643,0.0,0.7976121891053403,0.014621729403643362,0.0
5766,Web Attack,Web Attack,0.0,0.0,1.4083720890171383e-05,0.0,0.0012636372494429348,0.00011159665123210415,0.9986106823784346
5767,PortScan,PortScan,0.0,0.0,0.0,0.0,7.417036449015093e-05,0.9999258296355099,0.0
5768,PortScan,PortScan,0.0,0.0,0.0,0.0,0.0035119069994339674,0.9964880930005663,0.0
5769,PortScan,PortScan,0.0,0.0,0.0,0.0,0.00010940824429178676,0.9998905917557083,0.0
5770,Dos/DDos,Dos/DDos,0.0,0.0,1.0,0.0,0.0,0.0,0.0
5771,PortScan,PortScan,0.0,0.0,0.0,0.0,0.0035049851002136325,0.9964950148997866,0.0
5772,Brute Force,Brute Force,0.0,1.0,0.0,0.0,0.0,0.0,0.0
5773,PortScan,PortScan,0.0,0.0,0.0,0.0,0.002643876133466521,0.9973561238665336,0.0
5774,PortScan,PortScan,0.0,0.0,0.0,0.0,0.0038068239457884918,0.9961931760542118,0.0
5775,Normal,Normal,0.0,0.0,0.0,0.0,1.0,0.0,0.0
5776,Normal,Normal,0.0,0.0,0.0,0.0,1.0,0.0,0.0
5777,PortScan,PortScan,0.0,0.0,0.0,0.0,7.417036449015093e-05,0.9999258296355099,0.0
5778,Dos/DDos,Dos/DDos,0.0,0.0,1.0,0.0,0.0,0.0,0.0
5779,Dos/DDos,Dos/DDos,0.0,0.0,1.0,0.0,0.0,0.0,0.0
5780,PortScan,PortScan,0.0,0.0,0.0,0.0,0.001532701481143675,0.9984672985188564,0.0
5781,Brute Force,Brute Force,0.0,1.0,0.0,0.0,0.0,0.0,0.0
5782,Normal,Normal,0.0,0.002510704091341579,0.018305328172857738,0.0,0.9209275235851068,0.0,0.05825644415069398
5783,PortScan,PortScan,0.0,0.0,0.0,0.0,0.00010940824429178676,0.9998905917557083,0.0
5784,Dos/DDos,Dos/DDos,0.0,0.003983483972893301,0.9804460465975258,0.0,0.012309772467311885,3.4417133376232516e-05,0.003226279828892521
5785,Brute Force,Brute Force,0.0,1.0,0.0,0.0,0.0,0.0,0.0
5786,Dos/DDos,Dos/DDos,0.0,0.0,1.0,0.0,0.0,0.0,0.0
5787,Normal,Normal,0.0,0.0,0.0,0.0,1.0,0.0,0.0
5788,Normal,Normal,0.0,0.051028210007149626,0.0029439974316081796,0.0,0.87326568872617,0.0,0.07276210383507212
5789,Normal,Normal,0.0,0.0,0.0,0.0,1.0,0.0,0.0
5790,Brute Force,Brute Force,0.0,1.0,0.0,0.0,0.0,0.0,0.0
5791,PortScan,PortScan,0.0,0.0,0.0,0.0,0.0036773019368120806,0.9963226980631882,0.0
5792,PortScan,PortScan,0.0,0.0,0.0,0.0,7.417036449015093e-05,0.9999258296355099,0.0
5793,Normal,Normal,0.0,0.0,0.0,0.0,1.0,0.0,0.0
5794,Brute Force,Brute Force,0.0,0.9998667055532651,0.0,0.0,0.00013329444673491696,0.0,0.0
5795,PortScan,PortScan,0.0,0.0,0.0,0.0,7.417036449015093e-05,0.9999258296355099,0.0
5796,Dos/DDos,Dos/DDos,0.0,0.0,1.0,0.0,0.0,0.0,0.0
5797,Normal,Normal,0.0,0.0,0.0,0.0,1.0,0.0,0.0
5798,Normal,Normal,0.0,0.004977348593228421,0.0,0.009952221691352127,0.9784032349122823,0.00666719480313713,0.0
5799,Normal,Normal,0.007845437616387336,0.003965654764697602,0.024973563623546,0.0,0.9458626615805865,0.011089878785868312,0.006262803628914252
5800,Dos/DDos,Dos/DDos,0.0,0.00032747601458640906,0.9558651554087294,0.0,0.034619623477020446,0.00014479321798189455,0.009042951881681941
5801,Normal,Normal,0.0,0.0,0.0,0.0,1.0,0.0,0.0
5802,Normal,Dos/DDos,0.0,0.0043109599874797105,0.9018925969164391,0.0,0.08861396119600251,3.0240091656830056e-05,0.005152241808421793
5803,Dos/DDos,Dos/DDos,0.0,0.003983483972893301,0.9635035598189958,0.0,0.010039966468653173,0.0,0.022472989739457345
5804,PortScan,PortScan,0.0,0.0,0.0,0.0,0.003745872938853857,0.9962541270611464,0.0
5805,Dos/DDos,Dos/DDos,0.0,0.0,0.8503049413312769,0.0,0.14969505866872307,0.0,0.0
5806,Dos/DDos,Dos/DDos,0.0,0.0,1.0,0.0,0.0,0.0,0.0
5807,Dos/DDos,Dos/DDos,0.0,0.00032747601458640906,0.9695332932203737,0.0,0.021373013422222312,0.00014479321798189455,0.008621424124835637
5808,Brute Force,Brute Force,0.0,1.0,0.0,0.0,0.0,0.0,0.0
5809,Normal,Normal,0.0,0.0,0.0,0.0,1.0,0.0,0.0
5810,Dos/DDos,Dos/DDos,0.0,0.0,1.0,0.0,0.0,0.0,0.0
5811,Dos/DDos,Dos/DDos,0.0,0.0,1.0,0.0,0.0,0.0,0.0
5812,Dos/DDos,Dos/DDos,0.0,0.0,1.0,0.0,0.0,0.0,0.0
5813,Dos/DDos,Dos/DDos,0.0,0.003983483972893301,0.9798112217760826,0.0,0.012558163449529798,3.4417133376232516e-05,0.00361271366811785
5814,PortScan,PortScan,0.0,0.0,0.0,0.0,0.0022683871252259804,0.9977316128747742,0.0
5815,PortScan,PortScan,0.0,0.0,0.0,0.0,7.417036449015093e-05,0.9999258296355099,0.0
5816,PortScan,PortScan,0.0,0.0,0.0,0.0,0.00010940824429178676,0.9998905917557083,0.0
5817,PortScan,PortScan,0.0,0.0,0.0,0.0,0.00010940824429178676,0.9998905917557083,0.0
5818,Dos/DDos,Dos/DDos,0.0,0.0,0.9866146517748359,0.0,0.013385348225164127,0.0,0.0
5819,Normal,Normal,0.0,0.0,0.0,0.0,1.0,0.0,0.0
5820,PortScan,PortScan,0.0,0.0,0.0,0.0,7.417036449015093e-05,0.9999258296355099,0.0
5821,PortScan,PortScan,0.0,0.0,0.0,0.0,0.0025148155526011702,0.9974851844473989,0.0
5822,Botnet ARES,Botnet ARES,0.9913888749517469,0.0,0.0,0.0,0.008611125048252961,0.0,0.0
5823,Normal,Normal,0.0,0.0,0.2087240827509788,0.0,0.791275917249021,0.0,0.0
5824,Brute Force,Brute Force,0.0,1.0,0.0,0.0,0.0,0.0,0.0
5825,Botnet ARES,Botnet ARES,0.999774330969387,0.0,0.0,0.0,0.00022566903061300287,0.0,0.0
5826,Dos/DDos,Dos/DDos,0.0,0.0,1.0,0.0,0.0,0.0,0.0
5827,PortScan,PortScan,0.0,0.0,0.0,0.0,7.417036449015093e-05,0.9999258296355099,0.0
5828,PortScan,PortScan,0.0,0.0,0.0,0.0,0.0024568433805013026,0.9975431566194989,0.0
5829,PortScan,PortScan,0.0,0.0,0.0,0.0,0.0007209832031803154,0.9992790167968196,0.0
5830,Dos/DDos,Dos/DDos,0.0,0.0,0.9603751695472036,0.019964421252371918,0.01766570070566878,0.0019947084947557403,0.0
5831,Dos/DDos,Dos/DDos,0.0,0.003983483972893301,0.9812379864820682,0.0,0.00997231314720625,0.0,0.0048062163978319404
5832,Dos/DDos,Dos/DDos,0.00792205358815814,0.035106901485127906,0.6582817804879677,0.0,0.26438618520085483,0.020346863273137582,0.013956215964753852
5833,Brute Force,Brute Force,0.0,1.0,0.0,0.0,0.0,0.0,0.0
5834,PortScan,PortScan,0.0,0.0,0.0,0.0,7.417036449015093e-05,0.9999258296355099,0.0
5835,Web Attack,Web Attack,0.0,0.1156811857680302,0.0034598891941967067,0.0,0.045844673369093966,0.0,0.8350142516686796
5836,PortScan,PortScan,0.0,0.0,0.0,0.0,0.0013708639541191328,0.998629136045881,0.0
5837,Normal,Normal,0.0,0.0,0.0,0.0,1.0,0.0,0.0
5838,Dos/DDos,Dos/DDos,0.0,0.0,1.0,0.0,0.0,0.0,0.0
5839,Normal,Normal,0.0,0.0,0.0,0.0,1.0,0.0,0.0
5840,Normal,Normal,0.0,0.0,0.0,0.0,1.0,0.0,0.0
5841,Normal,Normal,0.0,0.0,0.0542256247818861,0.009977050368401982,0.9083140790500656,0.027483245799646325,0.0
5842,Normal,Normal,0.0,0.0,0.0,0.0,1.0,0.0,0.0
5843,PortScan,PortScan,0.0,0.0,0.0,0.0,8.357494512036546e-05,0.9999164250548795,0.0
5844,Brute Force,Brute Force,0.0,1.0,0.0,0.0,0.0,0.0,0.0
5845,PortScan,PortScan,0.0,0.0,0.0,0.0,0.003944513042799956,0.9960554869572001,0.0
5846,Normal,Normal,0.0,0.0,0.0,0.0,0.992498675925381,0.007501324074618961,0.0
5847,Dos/DDos,Dos/DDos,0.0,0.0005642355865321211,0.9839901077733826,0.0,0.014045886107073366,0.00023947373719105728,0.0011602967958208664
5848,Normal,Normal,0.0,0.0,0.0,0.0,1.0,0.0,0.0
5849,PortScan,PortScan,0.0,0.0,0.0,0.0,0.001063112812623945,0.998936887187376,0.0
5850,Normal,Normal,0.0,0.0,0.0,0.0,1.0,0.0,0.0
5851,PortScan,PortScan,0.0,0.0,0.0,0.0,7.417036449015093e-05,0.9999258296355099,0.0
5852,PortScan,PortScan,0.0,0.0,0.0,0.0,7.417036449015093e-05,0.9999258296355099,0.0
5853,Normal,Normal,0.0,0.004192529434425569,0.0029439974316081796,0.0,0.9913354221929457,0.0,0.0015280509410204313
5854,Dos/DDos,Dos/DDos,0.0,0.003983483972893301,0.9804460465975258,0.0,0.012309772467311885,3.4417133376232516e-05,0.003226279828892521
5855,Normal,Normal,0.0,0.0,0.0,0.0,1.0,0.0,0.0
5856,PortScan,PortScan,0.0,0.0,0.0,0.0,0.0007209832031803154,0.9992790167968196,0.0
5857,Dos/DDos,Dos/DDos,0.0,0.0,1.0,0.0,0.0,0.0,0.0
5858,Dos/DDos,Dos/DDos,0.0,0.0,1.0,0.0,0.0,0.0,0.0
5859,Brute Force,Brute Force,0.0,1.0,0.0,0.0,0.0,0.0,0.0
5860,Dos/DDos,Dos/DDos,0.0,0.0,1.0,0.0,0.0,0.0,0.0
5861,Dos/DDos,Dos/DDos,0.0,0.0,1.0,0.0,0.0,0.0,0.0
5862,Normal,Normal,0.0,0.0,0.0,0.0,1.0,0.0,0.0
5863,Dos/DDos,Dos/DDos,0.0,0.003983483972893301,0.9804388291553423,0.0,0.01161306645737876,3.4417133376232516e-05,0.003930203281009192
5864,Dos/DDos,Dos/DDos,0.0,0.0,0.9504613700636275,0.0,0.04953862993637245,0.0,0.0
5865,Dos/DDos,Dos/DDos,0.0,0.0,0.8333546780875638,0.0,0.15831034918527723,0.008334972727158996,0.0
5866,Normal,Normal,0.0,0.0,0.0,0.0,1.0,0.0,0.0
5867,Dos/DDos,Dos/DDos,0.0,0.003983483972893301,0.9798112217760826,0.0,0.012558163449529798,3.4417133376232516e-05,0.00361271366811785
5868,Dos/DDos,Dos/DDos,0.0,0.0,1.0,0.0,0.0,0.0,0.0
5869,PortScan,PortScan,0.0,0.0,0.0,0.0,0.0038817755120723126,0.996118224487928,0.0
5870,PortScan,PortScan,0.0,0.0,0.0,0.0,7.417036449015093e-05,0.9999258296355099,0.0
5871,PortScan,PortScan,0.0,0.0,0.0,0.0,0.002199916599990163,0.99780008340001,0.0
5872,Brute Force,Brute Force,0.0,1.0,0.0,0.0,0.0,0.0,0.0
5873,Normal,Normal,0.08593581680389964,0.0,0.0,0.0,0.9140641831961004,0.0,0.0
5874,Brute Force,Brute Force,0.0,1.0,0.0,0.0,0.0,0.0,0.0
5875,Dos/DDos,Dos/DDos,0.0,0.0,1.0,0.0,0.0,0.0,0.0
5876,Normal,Normal,0.0,0.0,0.0,0.0,1.0,0.0,0.0
5877,Normal,Normal,0.0,0.0,0.0,0.0,1.0,0.0,0.0
5878,Botnet ARES,Botnet ARES,0.999774330969387,0.0,0.0,0.0,0.00022566903061300287,0.0,0.0
5879,Dos/DDos,Dos/DDos,0.0,0.003983483972893301,0.9802364392175655,0.0,0.012241229161827365,3.4417133376232516e-05,0.003504430514337296
5880,PortScan,PortScan,0.0,0.0,0.0,0.0,7.417036449015093e-05,0.9999258296355099,0.0
5881,Normal,Normal,0.0,0.004551892692777529,0.2603519073358526,0.0,0.731697551455766,9.220979548322161e-05,0.0033064387201205956
5882,Normal,Normal,0.0,0.0,0.0,0.0,1.0,0.0,0.0
5883,Normal,Normal,0.0,0.0,0.0,0.0,1.0,0.0,0.0
5884,Brute Force,Brute Force,0.0,1.0,0.0,0.0,0.0,0.0,0.0
5885,Normal,Normal,0.0,0.0,0.02497735971858874,0.0,0.9750226402814113,0.0,0.0
5886,PortScan,PortScan,0.0,0.0,0.0,0.0,7.417036449015093e-05,0.9999258296355099,0.0
5887,Dos/DDos,Dos/DDos,0.0,0.0,1.0,0.0,0.0,0.0,0.0
5888,PortScan,PortScan,0.0,0.0,0.0,0.0,0.001866594758079979,0.9981334052419202,0.0
5889,Normal,Normal,0.0,0.0,0.030053025738275084,0.009977050368401982,0.9308494044549157,0.019120519438407303,0.01
5890,PortScan,PortScan,0.0,0.0,0.0,0.0,0.0027104243682456457,0.9972895756317546,0.0
5891,Normal,Normal,0.15149097397537925,0.0,0.0,0.0,0.8485090260246209,0.0,0.0
5892,PortScan,PortScan,0.0,0.0,0.0,0.0,7.417036449015093e-05,0.9999258296355099,0.0
5893,Dos/DDos,Dos/DDos,0.0,0.003983483972893301,0.9816377833200167,0.0,0.010819430146831314,0.0,0.0035593025602583604
5894,Web Attack,Web Attack,0.0,0.0,1.4083720890171383e-05,0.0,0.0014186302283242169,6.30767990631958e-05,0.9985042092517221
5895,PortScan,PortScan,0.0,0.0,0.0,0.0,7.417036449015093e-05,0.9999258296355099,0.0
5896,Dos/DDos,Dos/DDos,0.0,0.0,1.0,0.0,0.0,0.0,0.0
5897,Normal,Normal,0.0,0.0,0.0,0.0,1.0,0.0,0.0
5898,PortScan,PortScan,0.0,0.0,0.0,0.0,0.0027104243682456457,0.9972895756317546,0.0
5899,Brute Force,Brute Force,0.0,0.9998667055532651,0.0,0.0,0.00013329444673491696,0.0,0.0
5900,Dos/DDos,Dos/DDos,0.0,0.0,1.0,0.0,0.0,0.0,0.0
5901,Dos/DDos,Dos/DDos,0.0,0.0,1.0,0.0,0.0,0.0,0.0
5902,Normal,Normal,0.0,0.0,0.0,0.0,1.0,0.0,0.0
5903,PortScan,PortScan,0.0,0.0,0.0,0.0,0.0013851256960454358,0.9986148743039546,0.0
5904,PortScan,PortScan,0.0,0.0,0.0,0.0,0.0038817755120723126,0.996118224487928,0.0
5905,PortScan,PortScan,0.0,0.0,0.0,0.0,0.0017892038873217873,0.9982107961126782,0.0
5906,Dos/DDos,Dos/DDos,0.0,0.0,0.8397324409883212,0.0,0.14960296430017428,0.010664594711504539,0.0
5907,Normal,Normal,0.0,0.0,0.00891013200932345,0.0,0.9770713191177588,0.0,0.014018548872917804
5908,PortScan,PortScan,0.0,0.0,0.0,0.0,0.002779715469408512,0.9972202845305916,0.0
5909,Normal,Normal,0.0,0.0,0.0,0.0,1.0,0.0,0.0
5910,Dos/DDos,Dos/DDos,0.0,0.003983483972893301,0.9808640465968252,0.0,0.011296132169676329,3.4417133376232516e-05,0.0038219201272286373
5911,PortScan,PortScan,0.0,0.0,0.0,0.0,0.001532701481143675,0.9984672985188564,0.0
5912,Normal,Normal,0.0,0.00017591038364254844,0.1626511431203655,0.0,0.7774248757562141,0.010051115677705613,0.04969695506207235
5913,PortScan,PortScan,0.0,0.0,0.0,0.0,0.0084556654429419,0.9915443345570583,0.0
5914,PortScan,PortScan,0.0,0.0,0.0,0.0,0.0016976913101470557,0.9983023086898529,0.0
5915,PortScan,PortScan,0.0,0.0,0.0,0.0,0.00010940824429178676,0.9998905917557083,0.0
5916,PortScan,PortScan,0.0,0.0,0.0,0.0,0.00010940824429178676,0.9998905917557083,0.0
5917,PortScan,PortScan,0.0,0.0,0.0,0.0,0.0011043365323201682,0.9988956634676798,0.0
5918,PortScan,PortScan,0.0,0.0,0.0,0.0,0.016615908178120906,0.9833840918218795,0.0
5919,Dos/DDos,Dos/DDos,0.0,0.0,1.0,0.0,0.0,0.0,0.0
5920,Dos/DDos,Dos/DDos,0.0,0.00017591038364254844,0.9159431827723202,0.0,0.08385187421438622,2.9032629651224354e-05,0.0
5921,PortScan,PortScan,0.0,0.0,0.0,0.0,0.006602305286715536,0.9933976947132844,0.0
5922,Dos/DDos,Dos/DDos,0.0,0.0,1.0,0.0,0.0,0.0,0.0
5923,Normal,Normal,0.0,0.0,0.0,0.0,1.0,0.0,0.0
5924,Normal,Normal,0.04793318233295583,0.00386949853604127,0.0,0.0,0.948197319131003,0.0,0.0
5925,Normal,Normal,0.0,0.0,0.0075150406983602695,0.0,0.9824849593016398,0.01,0.0
5926,Dos/DDos,Dos/DDos,0.0,0.0,1.0,0.0,0.0,0.0,0.0
5927,Normal,Normal,0.0,0.062115929709569695,0.0029439974316081796,0.0,0.83477670104329,0.0,0.10016337181553213
5928,Dos/DDos,Dos/DDos,0.0,0.0,0.9873506706952443,0.0,0.005003529411764705,0.0,0.007645799892990904
5929,Brute Force,Brute Force,0.0,0.9998667055532651,0.0,0.0,0.00013329444673491696,0.0,0.0
5930,Brute Force,Brute Force,0.0,1.0,0.0,0.0,0.0,0.0,0.0
5931,Dos/DDos,Dos/DDos,0.0,0.0,0.8933716444934268,0.0,0.09,0.01662835550657325,0.0
5932,Dos/DDos,Dos/DDos,0.0,0.0,1.0,0.0,0.0,0.0,0.0
5933,Dos/DDos,Dos/DDos,0.0,0.003983483972893301,0.9798112217760826,0.0,0.012558163449529798,3.4417133376232516e-05,0.00361271366811785
5934,Dos/DDos,Dos/DDos,0.0,0.003994227789970494,0.565621366697353,0.0,0.35253247087444634,0.04510717576014306,0.032744758878087206
5935,Dos/DDos,Dos/DDos,0.0,0.0,0.9517061716333266,0.0,0.0482938283666732,0.0,0.0
5936,Dos/DDos,Dos/DDos,0.0,0.0,1.0,0.0,0.0,0.0,0.0
5937,Dos/DDos,Dos/DDos,0.0,0.0,1.0,0.0,0.0,0.0,0.0
5938,Normal,Normal,0.018808605574822952,0.012853498779220594,0.02436880402866212,0.0,0.8979466807993175,0.03,0.016022410817976868
5939,PortScan,PortScan,0.0,0.0,0.0,0.0,7.417036449015093e-05,0.9999258296355099,0.0
5940,Dos/DDos,Dos/DDos,0.0,0.0,1.0,0.0,0.0,0.0,0.0
5941,Normal,Normal,0.0,0.0,0.0,0.0,0.9903421296094436,0.009657870390556354,0.0
5942,PortScan,PortScan,0.0,0.0,0.0,0.0,0.00010940824429178676,0.9998905917557083,0.0
5943,Dos/DDos,Dos/DDos,0.0,0.0,1.0,0.0,0.0,0.0,0.0
5944,Dos/DDos,Dos/DDos,0.0,0.0,0.9933556899311157,0.0,0.00664431006888429,0.0,0.0
5945,Normal,Normal,0.0,0.0,0.0,0.0,1.0,0.0,0.0
5946,PortScan,PortScan,0.0,0.0,0.0,0.0,0.001978219536121109,0.9980217804638791,0.0
5947,Normal,Normal,0.0,0.0,0.0005450252508690235,0.0,0.9994549747491309,0.0,0.0
5948,PortScan,PortScan,0.0,0.0,0.0,0.0,0.0035049851002136325,0.9964950148997866,0.0
5949,Dos/DDos,Dos/DDos,0.0,0.0,1.0,0.0,0.0,0.0,0.0
5950,PortScan,PortScan,0.0,0.0,0.0,0.0,0.0028536206884904854,0.9971463793115096,0.0
5951,Normal,Normal,0.0,0.058800433139251054,0.003100115855743763,0.0,0.8472083999704959,0.0,0.09089105103450924
5952,Normal,Normal,0.0,0.003983483972893301,0.09510278589007984,0.0,0.8986171005892458,3.4417133376232516e-05,0.0022622124144046087
5953,Web Attack,Web Attack,0.0,0.0,1.4083720890171383e-05,0.0,0.0014186302283242169,6.30767990631958e-05,0.9985042092517221
5954,Normal,Normal,0.0,0.0,0.0,0.0,1.0,0.0,0.0
5955,Normal,Normal,0.0,0.0,0.0,0.0,1.0,0.0,0.0
5956,PortScan,PortScan,0.0,0.0,0.0,0.0,7.417036449015093e-05,0.9999258296355099,0.0
5957,Normal,Normal,0.009993181415913434,0.0,0.03629588439908467,0.039737765760503405,0.9039445949701623,0.010028573454336212,0.0
5958,Normal,Normal,0.0,0.0,0.0,0.0,1.0,0.0,0.0
5959,Normal,Normal,0.0,0.0,0.0,0.0,1.0,0.0,0.0
5960,Normal,Normal,0.0,0.0,0.0,0.0,1.0,0.0,0.0
5961,PortScan,PortScan,0.0,0.0,0.0,0.0,7.417036449015093e-05,0.9999258296355099,0.0
5962,PortScan,PortScan,0.0,0.0,0.0,0.0,0.0033005058274889194,0.9966994941725111,0.0
5963,Brute Force,Brute Force,0.0,1.0,0.0,0.0,0.0,0.0,0.0
5964,Brute Force,Brute Force,0.0,1.0,0.0,0.0,0.0,0.0,0.0
5965,PortScan,PortScan,0.0,0.0,0.0,0.0,7.417036449015093e-05,0.9999258296355099,0.0
5966,Botnet ARES,Botnet ARES,0.994465925907663,0.0,0.0,0.0,0.005534074092336643,0.0,0.0
5967,PortScan,PortScan,0.0,0.0,0.0,0.0,0.00010940824429178676,0.9998905917557083,0.0
5968,PortScan,PortScan,0.0,0.0,0.0,0.0,7.417036449015093e-05,0.9999258296355099,0.0
5969,Dos/DDos,Dos/DDos,0.0,0.003983483972893301,0.9808640465968252,0.0,0.011296132169676329,3.4417133376232516e-05,0.0038219201272286373
5970,Normal,Normal,0.0,0.0,0.0,0.0,1.0,0.0,0.0
5971,Dos/DDos,Dos/DDos,0.0,0.005228976097580453,0.9409715425631417,0.0,0.04663323046233722,0.00024068119919666296,0.006925569677743949
5972,PortScan,PortScan,0.0,0.0,0.0,0.0,7.417036449015093e-05,0.9999258296355099,0.0
5973,PortScan,PortScan,0.0,0.0,0.0,0.0,0.001978219536121109,0.9980217804638791,0.0
5974,Brute Force,Brute Force,0.0,0.9998667055532651,0.0,0.0,0.00013329444673491696,0.0,0.0
5975,Dos/DDos,Dos/DDos,0.0,0.0,1.0,0.0,0.0,0.0,0.0
5976,Normal,Normal,0.0,0.0,0.0,0.0,1.0,0.0,0.0
5977,Brute Force,Brute Force,0.0,1.0,0.0,0.0,0.0,0.0,0.0
5978,PortScan,PortScan,0.0,0.0,0.0,0.0,0.004119931000825461,0.9958800689991747,0.0
5979,Dos/DDos,Dos/DDos,0.0,0.0,1.0,0.0,0.0,0.0,0.0
5980,Normal,Normal,0.01654165385797725,0.009635446877425194,0.0,0.0,0.9613416612635503,0.002481238001047181,0.01
5981,Normal,Normal,0.0,0.0,0.03571982693863653,0.0,0.9565694835319946,0.0,0.007710689529368844
5982,Normal,Normal,0.02,0.030804776531762345,0.0585783995414048,0.02980926278061638,0.8338753267187319,0.026932234427484585,0.0
5983,Brute Force,Brute Force,0.0,1.0,0.0,0.0,0.0,0.0,0.0
5984,Dos/DDos,Dos/DDos,0.0,0.0005033863982289575,0.9815400716635555,0.009981886911324617,0.0068757635654573155,5.927272130805441e-05,0.0010396187401256031
5985,Normal,Normal,0.0,0.0,0.0,0.0,1.0,0.0,0.0
5986,Dos/DDos,Dos/DDos,0.0,0.003983483972893301,0.9810733482813874,0.0,0.011383865185460695,0.0,0.0035593025602583604
5987,PortScan,PortScan,0.0,0.0,0.0,0.0,7.417036449015093e-05,0.9999258296355099,0.0
5988,Brute Force,Brute Force,0.0,0.999975398192537,0.0,0.0,2.4601807462940075e-05,0.0,0.0
5989,Normal,Normal,0.0,0.0,0.0,0.0,1.0,0.0,0.0
5990,Dos/DDos,Dos/DDos,0.0,0.0,1.0,0.0,0.0,0.0,0.0
5991,PortScan,PortScan,0.0,0.0,0.0,0.0,7.417036449015093e-05,0.9999258296355099,0.0
5992,PortScan,PortScan,0.0,0.0,0.0,0.0,7.417036449015093e-05,0.9999258296355099,0.0
5993,PortScan,PortScan,0.0,0.0,0.0,0.0,0.00010940824429178676,0.9998905917557083,0.0
5994,PortScan,PortScan,0.0,0.0,0.0,0.0,7.417036449015093e-05,0.9999258296355099,0.0
5995,Dos/DDos,Dos/DDos,0.0,0.0,1.0,0.0,0.0,0.0,0.0
5996,Dos/DDos,Dos/DDos,0.0,0.0,1.0,0.0,0.0,0.0,0.0
5997,Dos/DDos,Dos/DDos,0.0,0.003983483972893301,0.9810875754923762,0.0,0.010122724136898189,0.0,0.0048062163978319404
5998,Brute Force,Brute Force,0.0,1.0,0.0,0.0,0.0,0.0,0.0
5999,PortScan,PortScan,0.0,0.0,0.0,0.0,7.417036449015093e-05,0.9999258296355099,0.0
6000,PortScan,PortScan,0.0,0.0,0.0,0.0,0.00202281691283012,0.99797718308717,0.0
6001,Normal,Normal,0.0,0.0,0.0,0.0,1.0,0.0,0.0
6002,PortScan,PortScan,0.0,0.0,0.0,0.0,7.417036449015093e-05,0.9999258296355099,0.0
6003,Botnet ARES,Botnet ARES,1.0,0.0,0.0,0.0,0.0,0.0,0.0
6004,PortScan,PortScan,0.0,0.0,0.0,0.0,0.00010940824429178676,0.9998905917557083,0.0
6005,PortScan,PortScan,0.0,0.0,0.0,0.0,0.001532701481143675,0.9984672985188564,0.0
6006,Normal,Normal,0.0,0.0,0.0,0.0,1.0,0.0,0.0
6007,Normal,Normal,0.0,0.0,0.0,0.0,1.0,0.0,0.0
6008,Brute Force,Brute Force,0.0,1.0,0.0,0.0,0.0,0.0,0.0
6009,Dos/DDos,Dos/DDos,0.0,0.003983483972893301,0.9811533694882654,0.0,0.010917410139357287,0.0,0.00394573639948369
6010,Dos/DDos,Dos/DDos,0.0,0.0,0.9303829021445559,0.0,0.06961709785544401,0.0,0.0
6011,Normal,Normal,0.0,0.0,0.0,0.0,1.0,0.0,0.0
6012,Normal,Normal,0.0,0.0,0.0,0.0,1.0,0.0,0.0
6013,Dos/DDos,Dos/DDos,0.0,0.0,1.0,0.0,0.0,0.0,0.0
6014,Dos/DDos,Dos/DDos,0.0,0.0,0.9730800847973939,0.0,0.026919915202606007,0.0,0.0
6015,PortScan,PortScan,0.0,0.0,0.0,0.0,7.417036449015093e-05,0.9999258296355099,0.0
6016,PortScan,PortScan,0.0,0.0,0.0,0.0,8.56493160846622e-05,0.9999143506839154,0.0
6017,PortScan,PortScan,0.0,0.0,0.0,0.0,7.417036449015093e-05,0.9999258296355099,0.0
6018,PortScan,PortScan,0.0,0.0,0.0,0.0,7.417036449015093e-05,0.9999258296355099,0.0
6019,PortScan,PortScan,0.0,0.0,0.0,0.0,9.502873483906121e-05,0.9999049712651611,0.0
6020,PortScan,PortScan,0.0,0.0,0.0,0.0,0.0016003478380821065,0.998399652161918,0.0
6021,PortScan,PortScan,0.0,0.0,0.0,0.0,0.0013708639541191328,0.998629136045881,0.0
6022,Normal,Normal,0.15405035321247362,0.0,0.0,0.0,0.8459496467875266,0.0,0.0
6023,PortScan,PortScan,0.0,0.0,0.0,0.0,0.001268828059435457,0.9987311719405646,0.0
6024,PortScan,PortScan,0.0,0.0,0.0,0.0,0.0018448909821727564,0.9981551090178273,0.0
6025,PortScan,PortScan,0.0,0.0,0.0,0.0,7.417036449015093e-05,0.9999258296355099,0.0
6026,Brute Force,Brute Force,0.0,0.9606661601799914,0.0029766544270049353,0.0,0.013071659635060575,0.0,0.023285525757943223
6027,Brute Force,Brute Force,0.0,0.999975398192537,0.0,0.0,2.4601807462940075e-05,0.0,0.0
6028,Normal,Normal,0.0,0.0,0.03896414097041299,0.009968775297791142,0.9327807305430672,0.008286353188728685,0.01
6029,Dos/DDos,Dos/DDos,0.0,0.0,0.9933432114169851,0.0,0.0066567885830148945,0.0,0.0
6030,PortScan,PortScan,0.0,0.0,0.0,0.0,7.417036449015093e-05,0.9999258296355099,0.0
6031,Brute Force,Brute Force,0.0,0.9998667055532651,0.0,0.0,0.00013329444673491696,0.0,0.0
6032,PortScan,PortScan,0.0,0.0,0.0,0.0,7.417036449015093e-05,0.9999258296355099,0.0
6033,Brute Force,Brute Force,0.0,0.9998667055532651,0.0,0.0,0.00013329444673491696,0.0,0.0
6034,Normal,Normal,0.0,0.0,0.0,0.0,1.0,0.0,0.0
6035,Dos/DDos,Dos/DDos,0.0,0.0,1.0,0.0,0.0,0.0,0.0
6036,Dos/DDos,Dos/DDos,0.0,0.0,1.0,0.0,0.0,0.0,0.0
6037,PortScan,PortScan,0.0,0.0,0.0,0.0,0.0014028033590947247,0.9985971966409053,0.0
6038,PortScan,PortScan,0.0,0.0,0.0,0.0,0.00010940824429178676,0.9998905917557083,0.0
6039,Normal,Normal,0.007830916964790057,0.03587001819890198,0.0,0.01,0.8703323633998221,0.021187828473449643,0.0547788729630362
6040,PortScan,PortScan,0.0,0.0,0.0,0.0,7.417036449015093e-05,0.9999258296355099,0.0
6041,Normal,Normal,0.0,0.0,0.0,0.0,1.0,0.0,0.0
6042,PortScan,PortScan,0.0,0.0,0.0,0.0,0.001978219536121109,0.9980217804638791,0.0
6043,Web Attack,Web Attack,0.0,0.07020749541881541,0.004118773383477628,0.0,0.0583884942348405,0.0001145531263250645,0.8671706838365418
6044,Dos/DDos,Dos/DDos,0.0,0.0,1.0,0.0,0.0,0.0,0.0
6045,Dos/DDos,Dos/DDos,0.0,0.0,1.0,0.0,0.0,0.0,0.0
6046,Brute Force,Brute Force,0.0,0.999975398192537,0.0,0.0,2.4601807462940075e-05,0.0,0.0
6047,Brute Force,Brute Force,0.0,1.0,0.0,0.0,0.0,0.0,0.0
6048,Dos/DDos,Dos/DDos,0.0,0.0,1.0,0.0,0.0,0.0,0.0
6049,PortScan,PortScan,0.0,0.0,0.0,0.0,0.001978219536121109,0.9980217804638791,0.0
6050,Dos/DDos,Dos/DDos,0.0,0.0,0.97,0.0,0.03,0.0,0.0
6051,PortScan,PortScan,0.0,0.004927960641911679,0.3346249138867013,0.0,0.16886096542937173,0.4775483136605894,0.014037846381425774
6052,Dos/DDos,Dos/DDos,0.0,0.0,1.0,0.0,0.0,0.0,0.0
6053,Normal,Normal,0.0,0.0,0.0,0.0,1.0,0.0,0.0
6054,Dos/DDos,Dos/DDos,0.0,0.003983483972893301,0.9798112217760826,0.0,0.012558163449529798,3.4417133376232516e-05,0.00361271366811785
6055,Dos/DDos,Dos/DDos,0.0,0.0,1.0,0.0,0.0,0.0,0.0
6056,Dos/DDos,Dos/DDos,0.0,0.0,1.0,0.0,0.0,0.0,0.0
6057,Web Attack,Web Attack,0.0,0.0,1.4083720890171383e-05,0.0,0.0012636372494429348,0.00011159665123210415,0.9986106823784346
6058,Dos/DDos,Dos/DDos,0.0,0.0,1.0,0.0,0.0,0.0,0.0
6059,Normal,Normal,0.0,0.0,0.0,0.0,1.0,0.0,0.0
6060,PortScan,PortScan,0.0,0.0,0.0,0.0,0.002398517915991191,0.9976014820840088,0.0
6061,Dos/DDos,Dos/DDos,0.0,0.0,1.0,0.0,0.0,0.0,0.0
6062,PortScan,PortScan,0.0,0.0,0.0,0.0,7.417036449015093e-05,0.9999258296355099,0.0
6063,PortScan,PortScan,0.0,0.0,0.0,0.0,0.00010940824429178676,0.9998905917557083,0.0
6064,PortScan,PortScan,0.0,0.0,0.0,0.0,0.00010940824429178676,0.9998905917557083,0.0
6065,PortScan,PortScan,0.0,0.0,0.0,0.0,7.417036449015093e-05,0.9999258296355099,0.0
6066,PortScan,PortScan,0.0,0.0,0.0,0.0,0.0035049851002136325,0.9964950148997866,0.0
6067,Botnet ARES,Botnet ARES,1.0,0.0,0.0,0.0,0.0,0.0,0.0
6068,PortScan,PortScan,0.0,0.0,0.0,0.0,7.417036449015093e-05,0.9999258296355099,0.0
6069,Normal,Normal,0.0,0.0,0.0,0.0,1.0,0.0,0.0
6070,PortScan,PortScan,0.0,0.0,0.0,0.0,0.00010940824429178676,0.9998905917557083,0.0
6071,Dos/DDos,Dos/DDos,0.0,0.0,1.0,0.0,0.0,0.0,0.0
6072,Normal,Normal,0.0,0.0,0.0,0.0,1.0,0.0,0.0
6073,Brute Force,Brute Force,0.0,1.0,0.0,0.0,0.0,0.0,0.0
6074,Normal,Normal,0.0,0.0,0.0,0.0,0.9703949087841547,0.008757728598154107,0.020847362617691205
6075,Brute Force,Brute Force,0.0,1.0,0.0,0.0,0.0,0.0,0.0
6076,Normal,Normal,0.0,0.0,0.0,0.0,0.9613633584674954,0.0,0.03863664153250459
6077,Dos/DDos,Dos/DDos,0.0,0.0,1.0,0.0,0.0,0.0,0.0
6078,Brute Force,Brute Force,0.0,0.999975398192537,0.0,0.0,2.4601807462940075e-05,0.0,0.0
6079,PortScan,PortScan,0.0,0.0,0.0,0.0,0.0006677919988524277,0.9993322080011476,0.0
6080,Dos/DDos,Dos/DDos,0.0,0.0,1.0,0.0,0.0,0.0,0.0
6081,Normal,Normal,0.0,0.0171276443261934,0.06506773959976629,0.0,0.7364434738689296,0.012580044046193416,0.1687810981589173
6082,Normal,Normal,0.0,0.0,0.0,0.0,1.0,0.0,0.0
6083,Dos/DDos,Dos/DDos,0.0,0.003983483972893301,0.9805892401450342,0.0,0.01146265546768682,3.4417133376232516e-05,0.003930203281009192
6084,PortScan,PortScan,0.0,0.0,0.0,0.0,7.417036449015093e-05,0.9999258296355099,0.0
6085,Brute Force,Brute Force,0.0,1.0,0.0,0.0,0.0,0.0,0.0
6086,Normal,Normal,0.20818292806825858,0.0,0.0,0.0,0.7918170719317412,0.0,0.0
6087,Dos/DDos,Dos/DDos,0.0,0.0,1.0,0.0,0.0,0.0,0.0
6088,Botnet ARES,Botnet ARES,0.9925259765984521,0.0,0.0,0.0,0.007474023401547588,0.0,0.0
6089,Normal,Normal,0.0,0.0,0.0,0.0,1.0,0.0,0.0
6090,Web Attack,Web Attack,0.0,0.0,1.4083720890171383e-05,0.0,0.0012636372494429348,0.00011159665123210415,0.9986106823784346
6091,PortScan,PortScan,0.0,0.0,0.0,0.0,7.417036449015093e-05,0.9999258296355099,0.0
6092,Normal,Normal,0.0,0.0,0.0,0.0,1.0,0.0,0.0
6093,Dos/DDos,Dos/DDos,0.0,0.0,1.0,0.0,0.0,0.0,0.0
6094,Dos/DDos,Dos/DDos,0.0,0.0,1.0,0.0,0.0,0.0,0.0
6095,PortScan,PortScan,0.0,0.0,0.0,0.0,0.0021085072167986514,0.9978914927832016,0.0
6096,Dos/DDos,Dos/DDos,0.0,0.0,1.0,0.0,0.0,0.0,0.0
6097,PortScan,PortScan,0.0,0.0,0.0,0.0,0.0036936063040235224,0.9963063936959764,0.0
6098,Brute Force,Brute Force,0.0,0.999975398192537,0.0,0.0,2.4601807462940075e-05,0.0,0.0
6099,PortScan,PortScan,0.0,0.0,0.0,0.0,7.417036449015093e-05,0.9999258296355099,0.0
6100,PortScan,PortScan,0.0,0.0,0.0,0.0,7.417036449015093e-05,0.9999258296355099,0.0
6101,Normal,Normal,0.0,0.0,0.0,0.0,1.0,0.0,0.0
6102,Dos/DDos,Dos/DDos,0.0,0.0,0.99,0.0,0.01,0.0,0.0
6103,Normal,Normal,0.0,0.009823309961622987,0.04630076220133817,0.0,0.8239351130391286,0.022580044046193414,0.09736077075171692
6104,PortScan,PortScan,0.0,0.0,0.0,0.0,7.417036449015093e-05,0.9999258296355099,0.0
6105,PortScan,PortScan,0.0,0.0,0.0,0.0,0.00010940824429178676,0.9998905917557083,0.0
6106,Dos/DDos,Dos/DDos,0.0,0.0,1.0,0.0,0.0,0.0,0.0
6107,Brute Force,Brute Force,0.0,0.9998667055532651,0.0,0.0,0.00013329444673491696,0.0,0.0
6108,Dos/DDos,Dos/DDos,0.0,0.0,0.9875514742812481,0.0,0.012448525718751822,0.0,0.0
6109,Dos/DDos,Dos/DDos,0.0,0.0,0.9849918319719952,0.0,0.01,0.005008168028004667,0.0
6110,Normal,Normal,0.0,0.004551892692777529,0.21942285626137925,0.0,0.7709159878271182,9.220979548322161e-05,0.005017053423241701
6111,PortScan,PortScan,0.0,0.0,0.0,0.0,0.002229162826075262,0.9977708371739249,0.0
6112,PortScan,PortScan,0.0,0.0,0.0,0.0,0.00010940824429178676,0.9998905917557083,0.0
6113,Normal,Normal,0.0,0.0,0.0,0.0,0.99,0.01,0.0
6114,Brute Force,Brute Force,0.0,1.0,0.0,0.0,0.0,0.0,0.0
6115,Dos/DDos,Dos/DDos,0.0,0.004961715160796324,0.609282748017841,0.009967730369307995,0.3757878064520548,0.0,0.0
6116,Dos/DDos,Dos/DDos,0.0,0.0,1.0,0.0,0.0,0.0,0.0
6117,Dos/DDos,Dos/DDos,0.0,0.0,1.0,0.0,0.0,0.0,0.0
6118,Normal,Normal,0.0,0.0,0.0,0.0,1.0,0.0,0.0
6119,PortScan,PortScan,0.0,0.0,0.0,0.0,7.417036449015093e-05,0.9999258296355099,0.0
6120,Dos/DDos,Dos/DDos,0.0,0.003983483972893301,0.9808712640390088,0.0,0.011992838179609453,3.4417133376232516e-05,0.003117996675111967
6121,PortScan,PortScan,0.0,0.0,0.0,0.0,7.417036449015093e-05,0.9999258296355099,0.0
6122,PortScan,PortScan,0.0,0.0,0.0,0.0,0.002643876133466521,0.9973561238665336,0.0
6123,Brute Force,Brute Force,0.0,1.0,0.0,0.0,0.0,0.0,0.0
6124,PortScan,PortScan,0.0,0.0,0.0,0.0,7.417036449015093e-05,0.9999258296355099,0.0
6125,Normal,Normal,0.0,0.0,0.0,0.0,1.0,0.0,0.0
6126,Dos/DDos,Dos/DDos,0.0,0.0,0.8816088234890299,0.0,0.11204429145686078,0.0,0.006346885054109389
6127,Normal,Normal,0.006611698817672682,0.0,0.01,0.0,0.9667211063791902,0.01666719480313713,0.0
6128,Dos/DDos,Dos/DDos,0.0,0.0,1.0,0.0,0.0,0.0,0.0
6129,Botnet ARES,Botnet ARES,0.999774330969387,0.0,0.0,0.0,0.00022566903061300287,0.0,0.0
6130,Botnet ARES,Botnet ARES,0.9986192429577215,0.0,0.0,0.0,0.0013807570422784546,0.0,0.0
6131,Dos/DDos,Dos/DDos,0.0,0.0,1.0,0.0,0.0,0.0,0.0
6132,Brute Force,Brute Force,0.0,1.0,0.0,0.0,0.0,0.0,0.0
6133,PortScan,PortScan,0.0,0.0,0.0,0.0,0.00010940824429178676,0.9998905917557083,0.0
6134,PortScan,PortScan,0.0,0.0,0.0,0.0,0.00010940824429178676,0.9998905917557083,0.0
6135,Normal,Normal,0.0,0.0,0.0,0.0,1.0,0.0,0.0
6136,Dos/DDos,Dos/DDos,0.0,0.0,1.0,0.0,0.0,0.0,0.0
6137,PortScan,PortScan,0.0,0.0,0.0,0.0,0.0033823849904575567,0.9966176150095427,0.0
6138,PortScan,PortScan,0.0,0.0,0.0,0.0,0.0017248012932773783,0.9982751987067228,0.0
6139,Brute Force,Brute Force,0.0,0.999975398192537,0.0,0.0,2.4601807462940075e-05,0.0,0.0
6140,Dos/DDos,Dos/DDos,0.0,0.0,0.9821242121629143,0.0,0.0091651919452818,0.0,0.008710595891803946
6141,Dos/DDos,Dos/DDos,0.0,0.0,1.0,0.0,0.0,0.0,0.0
6142,Brute Force,Brute Force,0.0,0.9606661601799914,0.0029766544270049353,0.0,0.013071659635060575,0.0,0.023285525757943223
6143,PortScan,PortScan,0.0,0.0,0.0,0.0,0.0010488510706976421,0.9989511489293024,0.0
6144,PortScan,PortScan,0.0,0.0,0.0,0.0,0.0010488510706976421,0.9989511489293024,0.0
6145,PortScan,PortScan,0.0,0.0,0.0,0.0,0.0013708639541191328,0.998629136045881,0.0
6146,PortScan,PortScan,0.0,0.0,0.0,0.0,0.0024568433805013026,0.9975431566194989,0.0
6147,Web Attack,Web Attack,0.0,0.0,1.4083720890171383e-05,0.0,0.0013872884381312548,6.30767990631958e-05,0.9985355510419153
6148,PortScan,PortScan,0.0,0.0,0.0,0.0,0.003669205315932505,0.9963307946840678,0.0
6149,Brute Force,Brute Force,0.0,0.99,0.0,0.0,0.01,0.0,0.0
6150,Normal,Normal,0.0,0.0,0.0,0.0,0.9923186292380605,0.0,0.007681370761939482
6151,Brute Force,Brute Force,0.0,0.9606661601799914,0.0029766544270049353,0.0,0.013071659635060575,0.0,0.023285525757943223
6152,Normal,Normal,0.0,0.0,0.0,0.0,1.0,0.0,0.0
6153,PortScan,PortScan,0.0,0.0,0.0,0.0,0.0012545663175091539,0.9987454336824909,0.0
6154,Normal,Dos/DDos,0.0,0.0,0.9691391346431323,0.0,0.03086086535686767,0.0,0.0
6155,Dos/DDos,Dos/DDos,0.0,0.0,1.0,0.0,0.0,0.0,0.0
6156,PortScan,PortScan,0.0,0.0,0.0,0.0,0.0013851256960454358,0.9986148743039546,0.0
6157,Dos/DDos,Dos/DDos,0.0,0.0,0.8868398680720452,0.0,0.11316013192795489,0.0,0.0
6158,PortScan,PortScan,0.0,0.0,0.0,0.0,0.0016976913101470557,0.9983023086898529,0.0
6159,Dos/DDos,Dos/DDos,0.0,0.003983483972893301,0.9804460465975258,0.0,0.012309772467311885,3.4417133376232516e-05,0.003226279828892521
6160,PortScan,PortScan,0.0,0.0,0.0,0.0,0.0026463777483457756,0.9973536222516544,0.0
6161,Brute Force,Brute Force,0.0,1.0,0.0,0.0,0.0,0.0,0.0
6162,Dos/DDos,Dos/DDos,0.0,0.0,1.0,0.0,0.0,0.0,0.0
6163,Normal,Normal,0.0,0.0,0.0,0.0,1.0,0.0,0.0
6164,Normal,Normal,0.0,0.0,0.0,0.0,1.0,0.0,0.0
6165,Brute Force,Brute Force,0.0,1.0,0.0,0.0,0.0,0.0,0.0
6166,PortScan,PortScan,0.0,0.0,0.0,0.0,0.0016003478380821065,0.998399652161918,0.0
6167,Normal,Normal,0.0,0.0,0.0,0.0,1.0,0.0,0.0
6168,Botnet ARES,Botnet ARES,1.0,0.0,0.0,0.0,0.0,0.0,0.0
6169,Normal,Normal,0.0,0.0,0.0,0.0,1.0,0.0,0.0
6170,PortScan,PortScan,0.0,0.0,0.0,0.0,0.00010940824429178676,0.9998905917557083,0.0
6171,PortScan,PortScan,0.0,0.0,0.0,0.0,0.0015099093910888595,0.9984900906089113,0.0
6172,Normal,Dos/DDos,0.0,0.0,0.9333693875847644,0.0,0.06663061241523582,0.0,0.0
6173,Brute Force,Brute Force,0.0,1.0,0.0,0.0,0.0,0.0,0.0
6174,Brute Force,Brute Force,0.0,1.0,0.0,0.0,0.0,0.0,0.0
6175,Brute Force,Brute Force,0.0,0.999975398192537,0.0,0.0,2.4601807462940075e-05,0.0,0.0
6176,Brute Force,Brute Force,0.0,0.9998930490496046,0.0,0.0,0.00010695095039544507,0.0,0.0
6177,Dos/DDos,Dos/DDos,0.0,0.0,0.9351338453591707,0.0,0.061540609469489686,0.003325545171339564,0.0
6178,Normal,Normal,0.0,0.0,0.0,0.0,1.0,0.0,0.0
6179,Normal,Normal,0.0,0.0,0.0,0.0,1.0,0.0,0.0
6180,PortScan,PortScan,0.0,0.0,0.05343079240363026,0.0,0.08095901808170831,0.7777504842658791,0.08785970524878231
6181,Dos/DDos,Dos/DDos,0.0,0.0,0.8851431465670615,0.0,0.10709515881687492,0.0,0.007761694616063548
6182,Normal,Normal,0.09662083562652724,0.0,0.0,0.0,0.9033791643734727,0.0,0.0
6183,PortScan,PortScan,0.0,0.0,0.0,0.0,7.417036449015093e-05,0.9999258296355099,0.0
6184,Normal,Normal,0.0,0.003983483972893301,0.038264948865109595,0.0,0.9364571935540111,0.01942314334128253,0.0018712302667033926
6185,Normal,Normal,0.0,0.019145185945568383,0.017312403963205766,0.0,0.9275804828149589,0.0,0.035961927276267076
6186,PortScan,PortScan,0.0,0.0,0.0,0.0,0.0073592038432939285,0.9926407961567062,0.0
6187,Normal,Normal,0.0,0.017719721234667595,0.035302880382926935,0.0,0.9270176361619887,0.010050177090562482,0.009909585129854211
6188,Dos/DDos,Dos/DDos,0.0,0.006641375038711674,0.9131943711742515,0.0,0.05146609675481026,0.0,0.02869815703222648
6189,Dos/DDos,Dos/DDos,0.0,0.0,0.8400993354681299,0.0,0.15324510177843964,0.006655562753430441,0.0
6190,Dos/DDos,Dos/DDos,0.0,0.0,1.0,0.0,0.0,0.0,0.0
6191,PortScan,PortScan,0.0,0.0,0.0,0.0,7.417036449015093e-05,0.9999258296355099,0.0
6192,Dos/DDos,Dos/DDos,0.0,0.0,0.9517885609357477,0.009934777544840437,0.038276661519411934,0.0,0.0
6193,PortScan,PortScan,0.0,0.0,0.0,0.0,7.417036449015093e-05,0.9999258296355099,0.0
6194,Dos/DDos,Dos/DDos,0.0,0.003983483972893301,0.9816377833200167,0.0,0.010819430146831314,0.0,0.0035593025602583604
6195,Normal,Normal,0.0,0.0,0.0,0.0,1.0,0.0,0.0
6196,Dos/DDos,Dos/DDos,0.0,0.0,1.0,0.0,0.0,0.0,0.0
6197,PortScan,PortScan,0.0,0.0,0.0,0.0,0.0013708639541191328,0.998629136045881,0.0
6198,Web Attack,Web Attack,0.0,0.0,1.4083720890171383e-05,0.0,0.0014186302283242169,6.30767990631958e-05,0.9985042092517221
6199,Dos/DDos,Dos/DDos,0.0,0.0,1.0,0.0,0.0,0.0,0.0
6200,PortScan,PortScan,0.0,0.0,0.0,0.0,0.00010940824429178676,0.9998905917557083,0.0
6201,PortScan,PortScan,0.0,0.0,0.0,0.0,0.00010940824429178676,0.9998905917557083,0.0
6202,Dos/DDos,Dos/DDos,0.0,0.0,0.9996025886597363,0.0,0.00039741134026370113,0.0,0.0
6203,PortScan,PortScan,0.0,0.0,0.0,0.0,0.0035501631111215706,0.9964498368888784,0.0
6204,Brute Force,Brute Force,0.0,0.962706150113201,0.0029766544270049353,0.0,0.01276546330221945,0.0,0.021551732157574756
6205,PortScan,PortScan,0.0,0.0,0.0,0.0,0.0060751044588902335,0.9939248955411099,0.0
6206,Dos/DDos,Dos/DDos,0.0,0.0,1.0,0.0,0.0,0.0,0.0
6207,Normal,Normal,0.0,0.0,0.013928362493534414,0.0,0.9673987097808633,0.0,0.018672927725602285
6208,PortScan,PortScan,0.0,0.0,0.0,0.0,7.417036449015093e-05,0.9999258296355099,0.0
6209,Dos/DDos,Dos/DDos,0.0,0.0,1.0,0.0,0.0,0.0,0.0
6210,Normal,Normal,0.0,0.0,0.0,0.0,1.0,0.0,0.0
6211,Normal,Normal,0.0,0.0,0.0,0.0,1.0,0.0,0.0
6212,PortScan,PortScan,0.0,0.0,0.0,0.0,0.0036773019368120806,0.9963226980631882,0.0
6213,Normal,Normal,0.0,0.07117010214340669,0.003100115855743763,0.0,0.8258259267463093,0.0,0.09990385525454024
6214,Dos/DDos,Dos/DDos,0.0,0.0,1.0,0.0,0.0,0.0,0.0
6215,PortScan,PortScan,0.0,0.0,0.0,0.0,7.417036449015093e-05,0.9999258296355099,0.0
6216,PortScan,PortScan,0.0,0.0,0.0,0.0,7.417036449015093e-05,0.9999258296355099,0.0
6217,Dos/DDos,Dos/DDos,0.0,0.0,1.0,0.0,0.0,0.0,0.0
6218,Normal,Normal,0.0,0.0,0.0,0.0,1.0,0.0,0.0
6219,PortScan,PortScan,0.0,0.0,0.0,0.0,0.0033823849904575567,0.9966176150095427,0.0
6220,Normal,Normal,0.0,0.0,0.01806473855910979,0.0,0.9819352614408902,0.0,0.0
6221,Dos/DDos,Dos/DDos,0.0,0.0002409327052978184,0.9673499517688802,0.0,0.031186849026174593,6.196970382639155e-05,0.0011602967958208664
6222,PortScan,PortScan,0.0,0.0,0.0,0.0,0.010342402187438648,0.9896575978125616,0.0
6223,Normal,Normal,0.0,0.0,0.0,0.0,1.0,0.0,0.0
6224,PortScan,PortScan,0.0,0.0,0.0,0.0,7.417036449015093e-05,0.9999258296355099,0.0
6225,Dos/DDos,Dos/DDos,0.0,0.0,0.9108308646971703,0.0,0.0891691353028298,0.0,0.0
6226,PortScan,PortScan,0.0,0.0,0.0,0.0,0.004119931000825461,0.9958800689991747,0.0
6227,Normal,Normal,0.0,0.0,0.0,0.0,0.99,0.01,0.0
6228,Normal,Normal,0.0,0.013250957027012865,0.0,0.0,0.9867490429729869,0.0,0.0
6229,PortScan,PortScan,0.0,0.0,0.0,0.0,0.00010940824429178676,0.9998905917557083,0.0
6230,Normal,Normal,0.0,0.0,0.0,0.0,1.0,0.0,0.0
6231,PortScan,PortScan,0.0,0.0,0.0,0.0,7.417036449015093e-05,0.9999258296355099,0.0
6232,Dos/DDos,Dos/DDos,0.0,0.0,1.0,0.0,0.0,0.0,0.0
6233,Dos/DDos,Dos/DDos,0.0,0.0,1.0,0.0,0.0,0.0,0.0
6234,Normal,Normal,0.0,0.0,0.0,0.0,1.0,0.0,0.0
6235,Dos/DDos,Dos/DDos,0.0,0.0003233028812343028,0.8278930867145875,0.0,0.1604424094286845,0.005230110724462905,0.006111090251030974
6236,Normal,Normal,0.0,0.0,0.07148903325187045,0.0,0.9285109667481296,0.0,0.0
6237,Normal,Normal,0.0,0.0,0.003285375494071146,0.0,0.9967146245059288,0.0,0.0
6238,Dos/DDos,Dos/DDos,0.0,0.0005642355865321211,0.9681102261009714,0.0,0.020961880260999495,0.009546540581359158,0.000817117470137905
6239,Brute Force,Brute Force,0.0,0.999975398192537,0.0,0.0,2.4601807462940075e-05,0.0,0.0
6240,PortScan,PortScan,0.0,0.0,0.0,0.0,0.00010940824429178676,0.9998905917557083,0.0
6241,Normal,Normal,0.0,0.006585964079436664,0.02255195528273717,0.0,0.9430474643966282,0.012379636698789482,0.01543497954240835
6242,Normal,Normal,0.0,0.0,0.0,0.0,1.0,0.0,0.0
6243,Brute Force,Brute Force,0.0,0.999975398192537,0.0,0.0,2.4601807462940075e-05,0.0,0.0
6244,Botnet ARES,Botnet ARES,0.999774330969387,0.0,0.0,0.0,0.00022566903061300287,0.0,0.0
6245,Normal,Normal,0.0,0.0,0.0,0.0,1.0,0.0,0.0
6246,Brute Force,Brute Force,0.0,1.0,0.0,0.0,0.0,0.0,0.0
6247,Dos/DDos,Dos/DDos,0.0,0.0,1.0,0.0,0.0,0.0,0.0
6248,Dos/DDos,Dos/DDos,0.0,0.0,1.0,0.0,0.0,0.0,0.0
6249,Normal,Normal,0.0,0.0,0.019113791842512603,0.0,0.9653995746639141,0.0,0.015486633493573362
6250,Normal,Normal,0.0,0.0,0.01,0.0,0.99,0.0,0.0
6251,Normal,Normal,0.0,0.0,0.0,0.0,1.0,0.0,0.0
6252,Normal,Normal,0.0,0.01,0.01,0.0,0.98,0.0,0.0
6253,Normal,Normal,0.0,0.0,0.0,0.0,1.0,0.0,0.0
6254,Brute Force,Brute Force,0.0,0.9998667055532651,0.0,0.0,0.00013329444673491696,0.0,0.0
6255,Dos/DDos,Dos/DDos,0.0,0.0,1.0,0.0,0.0,0.0,0.0
6256,Dos/DDos,Dos/DDos,0.0,0.003983483972893301,0.9798112217760826,0.0,0.012558163449529798,3.4417133376232516e-05,0.00361271366811785
6257,Brute Force,Brute Force,0.0,1.0,0.0,0.0,0.0,0.0,0.0
6258,PortScan,PortScan,0.0,0.0,0.0,0.0,7.417036449015093e-05,0.9999258296355099,0.0
6259,Normal,Normal,0.0,0.0,0.0,0.0,1.0,0.0,0.0
6260,PortScan,PortScan,0.0,0.0,0.0,0.0,0.002779715469408512,0.9972202845305916,0.0
6261,PortScan,PortScan,0.0,0.0,0.0,0.0,0.00010940824429178676,0.9998905917557083,0.0
6262,PortScan,PortScan,0.0,0.0,0.0,0.0,7.417036449015093e-05,0.9999258296355099,0.0
6263,Normal,Normal,0.017310915286670087,0.009768995264274655,0.0004299390422660507,0.0,0.9550391756938827,0.0,0.017450974712906245
6264,Dos/DDos,Dos/DDos,0.0,0.0,1.0,0.0,0.0,0.0,0.0
6265,Dos/DDos,Dos/DDos,0.0,0.003983483972893301,0.9810029584985736,0.0,0.011067821129049226,0.0,0.00394573639948369
6266,Brute Force,Brute Force,0.0,1.0,0.0,0.0,0.0,0.0,0.0
6267,Dos/DDos,Dos/DDos,0.0,0.0,0.98158642159663,0.0,0.018413578403370042,0.0,0.0
6268,Botnet ARES,Botnet ARES,0.999774330969387,0.0,0.0,0.0,0.00022566903061300287,0.0,0.0
6269,PortScan,PortScan,0.0,0.0,0.0,0.0,7.417036449015093e-05,0.9999258296355099,0.0
6270,PortScan,PortScan,0.0,0.0,0.0,0.0,0.00010940824429178676,0.9998905917557083,0.0
6271,Normal,Normal,0.01,0.0,0.0,0.0,0.9619649935824672,0.011699235345823303,0.01633577107170945
6272,PortScan,PortScan,0.0,0.0,0.0,0.0,7.417036449015093e-05,0.9999258296355099,0.0
6273,Botnet ARES,Botnet ARES,0.9922463005553177,0.0,0.0,0.0,0.007753699444681969,0.0,0.0
6274,Normal,Normal,0.0,0.0,0.0,0.0,0.9949976325757575,0.005002367424242424,0.0
6275,Normal,Normal,0.0,0.0,0.08330378547164752,0.0,0.9166962145283526,0.0,0.0
6276,Brute Force,Brute Force,0.0,1.0,0.0,0.0,0.0,0.0,0.0
6277,Normal,Normal,0.0,0.0,0.0,0.0,1.0,0.0,0.0
6278,Dos/DDos,Dos/DDos,0.0,0.0,0.8178320969344539,0.0,0.1540139659400993,0.02815393712544691,0.0
6279,Normal,Normal,0.0,0.0,0.0,0.0,1.0,0.0,0.0
6280,Normal,Normal,0.0,0.0,0.0,0.0,1.0,0.0,0.0
6281,Normal,Normal,0.088652761100989,0.0,0.0,0.0,0.9113472388990108,0.0,0.0
6282,Dos/DDos,Dos/DDos,0.0,0.0,1.0,0.0,0.0,0.0,0.0
6283,PortScan,PortScan,0.0,0.0,0.0,0.0,7.417036449015093e-05,0.9999258296355099,0.0
6284,Brute Force,Brute Force,0.0,1.0,0.0,0.0,0.0,0.0,0.0
6285,Dos/DDos,Dos/DDos,0.0,0.0,1.0,0.0,0.0,0.0,0.0
6286,Dos/DDos,Dos/DDos,0.0,0.0,1.0,0.0,0.0,0.0,0.0
6287,Normal,Normal,0.0,0.0,0.0024341497227356747,0.0,0.9875658502772643,0.0,0.01
6288,Brute Force,Brute Force,0.0,0.9998667055532651,0.0,0.0,0.00013329444673491696,0.0,0.0
6289,Normal,Normal,0.0,0.0,0.0,0.0,1.0,0.0,0.0
6290,Botnet ARES,Botnet ARES,1.0,0.0,0.0,0.0,0.0,0.0,0.0
6291,Normal,Normal,0.0,0.0,0.006684542586750789,0.0,0.9933154574132491,0.0,0.0
6292,Dos/DDos,Dos/DDos,0.0,0.0,1.0,0.0,0.0,0.0,0.0
6293,Dos/DDos,Dos/DDos,0.0,0.0,1.0,0.0,0.0,0.0,0.0
6294,PortScan,PortScan,0.0,0.0,0.0,0.0,0.00202281691283012,0.99797718308717,0.0
6295,Normal,Normal,0.007138208597362563,0.003983483972893301,0.18135024168226152,0.0,0.8023351187921196,3.4417133376232516e-05,0.005158529821986756
6296,PortScan,PortScan,0.0,0.0,0.0,0.0,7.417036449015093e-05,0.9999258296355099,0.0
6297,Brute Force,Brute Force,0.0,1.0,0.0,0.0,0.0,0.0,0.0
6298,Normal,Normal,0.0,0.02499467392590839,0.0,0.0,0.9750053260740915,0.0,0.0
6299,PortScan,PortScan,0.0,0.0,0.0,0.0,0.0024375858599648827,0.9975624141400352,0.0
6300,Dos/DDos,Dos/DDos,0.0,0.003983483972893301,0.9799616327657746,0.0,0.012407752459837858,3.4417133376232516e-05,0.00361271366811785
6301,PortScan,PortScan,0.0,0.0,0.0,0.0,0.0014028033590947247,0.9985971966409053,0.0
6302,Dos/DDos,Dos/DDos,0.0,0.0,1.0,0.0,0.0,0.0,0.0
6303,Dos/DDos,Dos/DDos,0.0,0.0,0.7380022910953343,0.0,0.26199770890466584,0.0,0.0
6304,Normal,Normal,0.0,0.0,0.0,0.0,1.0,0.0,0.0
6305,Brute Force,Brute Force,0.0,0.999975398192537,0.0,0.0,2.4601807462940075e-05,0.0,0.0
6306,Normal,Normal,0.0,0.0,0.0,0.0,1.0,0.0,0.0
6307,PortScan,PortScan,0.0,0.0,0.0,0.0,0.002928751860709188,0.9970712481392912,0.0
6308,Brute Force,Brute Force,0.0,1.0,0.0,0.0,0.0,0.0,0.0
6309,Normal,Normal,0.0,0.0,0.0,0.0,1.0,0.0,0.0
6310,PortScan,PortScan,0.0,0.0,0.0,0.0,0.00010940824429178676,0.9998905917557083,0.0
6311,Normal,Normal,0.0,0.0,0.0,0.0,1.0,0.0,0.0
6312,Normal,Normal,0.0,0.0,0.0,0.0,1.0,0.0,0.0
6313,Web Attack,Web Attack,0.0,0.0,1.4083720890171383e-05,0.0,0.00502594528774896,6.30767990631958e-05,0.9948968941922974
6314,PortScan,PortScan,0.0,0.0,0.0,0.0,0.0035049851002136325,0.9964950148997866,0.0
6315,Normal,Normal,0.0,0.0,0.0,0.0,1.0,0.0,0.0
6316,Brute Force,Brute Force,0.0,1.0,0.0,0.0,0.0,0.0,0.0
6317,PortScan,PortScan,0.0,0.0,0.0,0.0,0.00202281691283012,0.99797718308717,0.0
6318,Normal,Normal,0.0,0.0,0.0,0.0,1.0,0.0,0.0
6319,Brute Force,Brute Force,0.0,0.999975398192537,0.0,0.0,2.4601807462940075e-05,0.0,0.0
6320,Dos/DDos,Dos/DDos,0.0,0.0,1.0,0.0,0.0,0.0,0.0
6321,PortScan,PortScan,0.0,0.0,0.0,0.0,0.0014028033590947247,0.9985971966409053,0.0
6322,Normal,Dos/DDos,0.0,0.0,0.9514532082165453,0.0,0.048546791783454425,0.0,0.0
6323,PortScan,PortScan,0.0,0.0,0.0,0.0,0.00010940824429178676,0.9998905917557083,0.0
6324,Normal,Normal,0.0,0.0,0.0,0.0,1.0,0.0,0.0
6325,Normal,Normal,0.0,0.051882633906988815,0.003078639010419189,0.0,0.8633115945473554,0.0,0.0817271325352367
6326,Normal,Normal,0.0,0.002742501144679755,0.038258510771980815,0.0,0.9447636327665826,2.9032629651224354e-05,0.014206322687105723
6327,PortScan,PortScan,0.0,0.0,0.0604974903091495,0.0,0.12123413049559564,0.7317181867328106,0.08655019246244429
6328,Dos/DDos,Dos/DDos,0.0,0.0007443191035267758,0.9869302150186618,0.0,0.008293693213609463,0.00012124242513444596,0.003910530239067575
6329,Brute Force,Brute Force,0.0,1.0,0.0,0.0,0.0,0.0,0.0
6330,PortScan,PortScan,0.0,0.0,0.0,0.0,0.002643876133466521,0.9973561238665336,0.0
6331,Brute Force,Brute Force,0.0,1.0,0.0,0.0,0.0,0.0,0.0
6332,Dos/DDos,Dos/DDos,0.0,0.0,1.0,0.0,0.0,0.0,0.0
6333,Normal,Normal,0.0,0.0,0.0,0.0,1.0,0.0,0.0
6334,PortScan,PortScan,0.0,0.0,0.0,0.0,0.0016420042152960868,0.998357995784704,0.0
6335,Dos/DDos,Dos/DDos,0.0,0.0,0.9492127850564419,0.0,0.05078721494355804,0.0,0.0
6336,Normal,Normal,0.0,0.0,0.002511412852627882,0.0,0.9974885871473721,0.0,0.0
6337,Web Attack,Web Attack,0.0,0.0,1.4083720890171383e-05,0.0,0.0014186302283242169,6.30767990631958e-05,0.9985042092517221
6338,Normal,Normal,0.0,0.0007443191035267758,0.188724755243876,0.0,0.7696725031184141,0.012594818010136004,0.028263604524046814
6339,Normal,Normal,0.0,0.0,0.0,0.0,1.0,0.0,0.0
6340,Normal,Dos/DDos,0.0,0.0,0.721954922070306,0.0,0.2780450779296941,0.0,0.0
6341,Botnet ARES,Botnet ARES,0.9939016401103978,0.0,0.0,0.0,0.006098359889602057,0.0,0.0
6342,Botnet ARES,Botnet ARES,0.999774330969387,0.0,0.0,0.0,0.00022566903061300287,0.0,0.0
6343,Dos/DDos,Dos/DDos,0.0,0.0,1.0,0.0,0.0,0.0,0.0
6344,Normal,Normal,0.008507343124165555,0.06073400294521294,0.0029439974316081796,0.0,0.8233435847407449,0.0,0.1044710717582683
6345,Dos/DDos,Dos/DDos,0.0,0.0,1.0,0.0,0.0,0.0,0.0
6346,Dos/DDos,Dos/DDos,0.0,0.0,0.7921781918794403,0.0,0.20782180812055967,0.0,0.0
6347,Normal,Normal,0.0,0.0,0.0,0.0,1.0,0.0,0.0
6348,PortScan,PortScan,0.0,0.0,0.0,0.0,0.0015099093910888595,0.9984900906089113,0.0
6349,PortScan,PortScan,0.0,0.0,0.0,0.0,0.001063112812623945,0.998936887187376,0.0
6350,Brute Force,Brute Force,0.0,1.0,0.0,0.0,0.0,0.0,0.0
6351,Web Attack,Web Attack,0.0,0.0,1.4083720890171383e-05,0.0,0.0013977305287910119,6.30767990631958e-05,0.9985251089512555
6352,PortScan,PortScan,0.0,0.0,0.0,0.0,0.00010940824429178676,0.9998905917557083,0.0
6353,PortScan,PortScan,0.0,0.0,0.0,0.0,7.417036449015093e-05,0.9999258296355099,0.0
6354,PortScan,PortScan,0.0,0.0,0.0,0.0,7.417036449015093e-05,0.9999258296355099,0.0
6355,Dos/DDos,Dos/DDos,0.0,0.0,0.8727788811692225,0.0,0.12722111883077747,0.0,0.0
6356,Normal,Normal,0.0,0.0,0.0,0.0,1.0,0.0,0.0
6357,Dos/DDos,Dos/DDos,0.0,0.0,1.0,0.0,0.0,0.0,0.0
6358,Brute Force,Brute Force,0.0,0.999975398192537,0.0,0.0,2.4601807462940075e-05,0.0,0.0
6359,PortScan,PortScan,0.0,0.0,0.0,0.0,0.00010940824429178676,0.9998905917557083,0.0
6360,Brute Force,Brute Force,0.0,1.0,0.0,0.0,0.0,0.0,0.0
6361,Normal,Normal,0.0,0.0,0.0,0.0,1.0,0.0,0.0
6362,Dos/DDos,Dos/DDos,0.0,0.003983483972893301,0.9814281759400566,0.0,0.010750886841346795,0.0,0.0038374532457031356
6363,Dos/DDos,Dos/DDos,0.0,0.0,0.96220901841268,0.0,0.02507693913683574,0.0074614557188956605,0.005252586731588558
6364,Normal,Normal,0.0,0.0,0.0,0.0,1.0,0.0,0.0
6365,Brute Force,Brute Force,0.0,1.0,0.0,0.0,0.0,0.0,0.0
6366,Dos/DDos,Dos/DDos,0.0,0.0,1.0,0.0,0.0,0.0,0.0
6367,Dos/DDos,Dos/DDos,0.0,0.0,1.0,0.0,0.0,0.0,0.0
6368,Normal,Normal,0.0,0.0,0.0,0.0,1.0,0.0,0.0
6369,Normal,Normal,0.0,0.0,0.0,0.0,1.0,0.0,0.0
6370,Normal,Normal,0.0,0.0,0.0,0.0,1.0,0.0,0.0
6371,Normal,Normal,0.0,0.0,0.025114015829943236,0.00990257798530456,0.9649834061847522,0.0,0.0
6372,Brute Force,Brute Force,0.0,0.7253388028274008,0.05836447968449132,0.0,0.1764368921543904,0.03985982533371736,0.0
6373,Normal,Normal,0.0,0.01,0.002495552129047563,0.0,0.9392452945371831,0.0,0.04825915333376949
6374,Normal,Normal,0.0,0.028385793358811817,0.006634222919937206,0.0,0.9649799837212509,0.0,0.0
6375,PortScan,PortScan,0.0,0.0,0.0,0.0,0.0013851256960454358,0.9986148743039546,0.0
6376,Normal,Normal,0.0,0.0,0.0,0.0,1.0,0.0,0.0
6377,Brute Force,Brute Force,0.0,1.0,0.0,0.0,0.0,0.0,0.0
6378,Normal,Normal,0.0,0.0,0.0,0.0,1.0,0.0,0.0
6379,Normal,Normal,0.019390430412934236,0.0,0.014943486020226056,0.0,0.846013987843661,0.0,0.11965209572317857
6380,Dos/DDos,Dos/DDos,0.0,0.0,1.0,0.0,0.0,0.0,0.0
6381,Dos/DDos,Dos/DDos,0.0,0.0,1.0,0.0,0.0,0.0,0.0
6382,PortScan,PortScan,0.0,0.0,0.0,0.0,7.417036449015093e-05,0.9999258296355099,0.0
6383,Normal,Normal,0.0,0.0,0.0,0.0,1.0,0.0,0.0
6384,Dos/DDos,Dos/DDos,0.0,0.0,1.0,0.0,0.0,0.0,0.0
6385,Dos/DDos,Dos/DDos,0.0,0.0,0.5774567820183593,0.0,0.4225432179816407,0.0,0.0
6386,Dos/DDos,Dos/DDos,0.0,0.0,0.992278164613462,0.0,0.0,0.0,0.007721835386538118
6387,Dos/DDos,Dos/DDos,0.0,0.0,1.0,0.0,0.0,0.0,0.0
6388,Normal,Normal,0.009202825428859737,0.0,0.0,0.0,0.9523762434041565,0.0,0.0384209311669838
6389,PortScan,PortScan,0.0,0.0,0.0,0.0,0.00010940824429178676,0.9998905917557083,0.0
6390,Brute Force,Brute Force,0.0,0.9998667055532651,0.0,0.0,0.00013329444673491696,0.0,0.0
6391,Normal,Normal,0.0,0.0,0.0,0.0,1.0,0.0,0.0
6392,PortScan,PortScan,0.0,0.0,0.0,0.0,0.0015178542559857607,0.9984821457440143,0.0
6393,Brute Force,Brute Force,0.0,1.0,0.0,0.0,0.0,0.0,0.0
6394,Brute Force,Brute Force,0.0,0.999975398192537,0.0,0.0,2.4601807462940075e-05,0.0,0.0
6395,Dos/DDos,Dos/DDos,0.0,0.0,1.0,0.0,0.0,0.0,0.0
6396,PortScan,PortScan,0.0,0.0,0.0,0.0,0.0027104243682456457,0.9972895756317546,0.0
6397,Brute Force,Brute Force,0.0,0.999975398192537,0.0,0.0,2.4601807462940075e-05,0.0,0.0
6398,PortScan,PortScan,0.0,0.0,0.0,0.0,7.417036449015093e-05,0.9999258296355099,0.0
6399,PortScan,PortScan,0.0,0.0,0.0,0.0,0.001978219536121109,0.9980217804638791,0.0
6400,Dos/DDos,Dos/DDos,0.0,0.003983483972893301,0.9798816115588964,0.0,0.012874207505941268,3.4417133376232516e-05,0.003226279828892521
6401,Dos/DDos,Dos/DDos,0.0,0.003983483972893301,0.9808640465968252,0.0,0.011296132169676329,3.4417133376232516e-05,0.0038219201272286373
6402,PortScan,PortScan,0.0,0.0,0.0,0.0,0.0010488510706976421,0.9989511489293024,0.0
6403,Dos/DDos,Dos/DDos,0.0,0.0016208010265379858,0.9109147647068326,0.0,0.0377091324143702,0.00023529669547165479,0.04952000515678759
6404,Normal,Normal,0.0,0.0,0.0,0.00978883153449085,0.9756384774427695,0.0,0.014572691022739519
6405,Brute Force,Brute Force,0.0,1.0,0.0,0.0,0.0,0.0,0.0
6406,Normal,Normal,0.0,0.0,0.0,0.0,1.0,0.0,0.0
6407,Dos/DDos,Dos/DDos,0.0,0.0,1.0,0.0,0.0,0.0,0.0
6408,Dos/DDos,Dos/DDos,0.0,0.0005642355865321211,0.9914636341199922,0.0,0.006606776893840031,0.00020505660381482473,0.0011602967958208664
6409,Dos/DDos,Dos/DDos,0.0,0.0,1.0,0.0,0.0,0.0,0.0
6410,Dos/DDos,Dos/DDos,0.0,0.0,1.0,0.0,0.0,0.0,0.0
6411,Normal,Normal,0.0,0.0,0.027553095917478575,0.0,0.9724469040825214,0.0,0.0
6412,Normal,Normal,0.006049725724869987,0.0,0.0,0.0,0.99395027427513,0.0,0.0
6413,Dos/DDos,Dos/DDos,0.0,0.0,1.0,0.0,0.0,0.0,0.0
6414,PortScan,PortScan,0.0,0.0,0.0,0.0,0.003522005643906805,0.9964779943560934,0.0
6415,Normal,Normal,0.0,0.0,0.0,0.0,1.0,0.0,0.0
6416,Dos/DDos,Dos/DDos,0.0,0.0,1.0,0.0,0.0,0.0,0.0
6417,Dos/DDos,Dos/DDos,0.0,0.0,0.9619879381519751,0.0,0.03801206184802495,0.0,0.0
6418,PortScan,PortScan,0.0,0.0,0.0,0.0,0.00202281691283012,0.99797718308717,0.0
6419,Dos/DDos,Dos/DDos,0.0,0.003983483972893301,0.9348348321954176,0.0,0.02732675793754573,0.0025137517004790912,0.03134117419366385
6420,Brute Force,Brute Force,0.0,0.999975398192537,0.0,0.0,2.4601807462940075e-05,0.0,0.0
6421,Dos/DDos,Dos/DDos,0.0,0.0,0.9949458526716648,0.0,0.005054147328335119,0.0,0.0
6422,PortScan,PortScan,0.0,0.0,0.0,0.0,0.0016622234901200867,0.99833777650988,0.0
6423,Dos/DDos,Dos/DDos,0.0,0.0,1.0,0.0,0.0,0.0,0.0
6424,PortScan,PortScan,0.0,0.0,0.0,0.0,7.417036449015093e-05,0.9999258296355099,0.0
6425,Normal,Botnet ARES,0.9799637671805964,0.0,0.0,0.019804898838932414,0.00023133398047131797,0.0,0.0
6426,Dos/DDos,Dos/DDos,0.0,0.0,1.0,0.0,0.0,0.0,0.0
6427,Normal,Normal,0.0005061435602855476,0.038623327334409874,0.026295616404336582,0.0,0.7507691169808721,0.03940198579923895,0.14440380992085675
6428,Brute Force,Brute Force,0.0,0.999975398192537,0.0,0.0,2.4601807462940075e-05,0.0,0.0
6429,Brute Force,Brute Force,0.0,0.9606661601799914,0.0029766544270049353,0.0,0.013071659635060575,0.0,0.023285525757943223
6430,Normal,Normal,0.0,0.0,0.0,0.0,1.0,0.0,0.0
6431,Normal,Normal,0.0,0.0,0.0,0.0,1.0,0.0,0.0
6432,Web Attack,Web Attack,0.0,0.0,0.0,0.0,0.0,0.0,1.0
6433,Normal,Normal,0.0,0.0,0.0,0.0,1.0,0.0,0.0
6434,Brute Force,Brute Force,0.0,0.999975398192537,0.0,0.0,2.4601807462940075e-05,0.0,0.0
6435,Dos/DDos,Dos/DDos,0.0,0.0,1.0,0.0,0.0,0.0,0.0
6436,Brute Force,Brute Force,0.0,0.9950094517958412,0.0,0.0,0.00499054820415879,0.0,0.0
6437,Normal,Normal,0.0,0.051882633906988815,0.003078639010419189,0.0,0.8633115945473554,0.0,0.0817271325352367
6438,Normal,Normal,0.0,0.0,0.0,0.0,0.99,0.0,0.01
6439,Normal,Normal,0.0,0.0,0.0,0.0,1.0,0.0,0.0
6440,PortScan,PortScan,0.0,0.0,0.0,0.0,0.0017248012932773783,0.9982751987067228,0.0
6441,PortScan,PortScan,0.0,0.0,0.0,0.0,7.417036449015093e-05,0.9999258296355099,0.0
6442,PortScan,PortScan,0.0,0.0,0.0,0.0,0.0022201319948397815,0.9977798680051605,0.0
6443,PortScan,PortScan,0.0,0.0,0.0,0.0,0.0033823849904575567,0.9966176150095427,0.0
6444,Normal,Normal,0.0,0.0,0.0,0.0,1.0,0.0,0.0
6445,Dos/DDos,Dos/DDos,0.0,0.003983483972893301,0.9820630007614999,0.0,0.010502495859128881,0.0,0.0034510194064778068
6446,Normal,Normal,0.0,0.0,0.0,0.0,1.0,0.0,0.0
6447,Normal,Normal,0.0,0.0,0.0,0.0,1.0,0.0,0.0
6448,Dos/DDos,Dos/DDos,0.0,0.0,0.9911505178840399,0.0,0.008849482115960134,0.0,0.0
6449,PortScan,PortScan,0.0,0.0,0.0,0.0,0.0038068239457884918,0.9961931760542118,0.0
6450,Normal,Normal,0.0,0.0,0.0,0.0,1.0,0.0,0.0
6451,PortScan,PortScan,0.0,0.0,0.0,0.0,0.00010940824429178676,0.9998905917557083,0.0
6452,Normal,Normal,0.0,0.005004710315591144,0.24789610594423567,0.009984874927283303,0.7295084156268861,0.0,0.007605893186003684
6453,Dos/DDos,Dos/DDos,0.0,0.0012694093638165097,0.8785952081385018,0.009923362749651648,0.11021201974803008,0.0,0.0
6454,Web Attack,Web Attack,0.0,0.0,1.4083720890171383e-05,0.0,0.0010767330448849778,5.853123184749522e-05,0.9988506520023772
6455,Web Attack,Web Attack,0.0,0.0,1.4083720890171383e-05,0.0,0.0014186302283242169,6.30767990631958e-05,0.9985042092517221
6456,Dos/DDos,Dos/DDos,0.0,0.0,1.0,0.0,0.0,0.0,0.0
6457,Brute Force,Brute Force,0.0,1.0,0.0,0.0,0.0,0.0,0.0
6458,Dos/DDos,Dos/DDos,0.0,0.0007443191035267758,0.9869302150186618,0.0,0.008293693213609463,0.00012124242513444596,0.003910530239067575
6459,PortScan,PortScan,0.0,0.0,0.0,0.0,0.00153553191903505,0.998464468080965,0.0
6460,Brute Force,Brute Force,0.0,0.999975398192537,0.0,0.0,2.4601807462940075e-05,0.0,0.0
6461,PortScan,PortScan,0.0,0.0,0.0,0.0,0.001063112812623945,0.998936887187376,0.0
6462,Dos/DDos,Dos/DDos,0.0,0.0,0.8384181096330248,0.0,0.16158189036697512,0.0,0.0
6463,PortScan,PortScan,0.0,0.0,0.0,0.0,8.56493160846622e-05,0.9999143506839154,0.0
6464,Brute Force,Brute Force,0.0,0.999975398192537,0.0,0.0,2.4601807462940075e-05,0.0,0.0
6465,Normal,Normal,0.0,0.0,0.0,0.0,1.0,0.0,0.0
6466,Dos/DDos,Dos/DDos,0.0,0.0,0.7107498563527783,0.0,0.2867613880241997,0.0024887556230220797,0.0
6467,Dos/DDos,Dos/DDos,0.0,0.0,1.0,0.0,0.0,0.0,0.0
6468,Normal,Normal,0.0,0.01,0.02,0.0,0.96,0.0,0.01
6469,Brute Force,Brute Force,0.0,0.962706150113201,0.0029766544270049353,0.0,0.01276546330221945,0.0,0.021551732157574756
6470,PortScan,PortScan,0.0,0.0,0.0,0.0,0.0017248012932773783,0.9982751987067228,0.0
6471,Normal,Normal,0.0,0.01,0.0034360589950143345,0.0,0.9518982506138951,0.03466569039109047,0.0
6472,Dos/DDos,Dos/DDos,0.0,0.0,0.7138274788256684,0.0,0.2861725211743316,0.0,0.0
6473,Normal,Normal,0.299251512777244,0.0,0.012520822414273767,0.12907672667361111,0.5231416517767035,0.028408855942098812,0.007600430416068866
6474,Normal,Normal,0.0,0.0,0.0,0.0,1.0,0.0,0.0
6475,Dos/DDos,Dos/DDos,0.0,0.0,1.0,0.0,0.0,0.0,0.0
6476,PortScan,PortScan,0.0,0.0,0.0,0.0,0.001978219536121109,0.9980217804638791,0.0
6477,Normal,Normal,0.0,0.004980726550636608,0.01,0.01,0.9750192734493635,0.0,0.0
6478,Brute Force,Brute Force,0.0,0.9998667055532651,0.0,0.0,0.00013329444673491696,0.0,0.0
6479,Normal,Normal,0.0,0.005051158414677173,0.0,0.01,0.9849488415853227,0.0,0.0
6480,Web Attack,Web Attack,0.0,0.07219987668227378,0.014118773383477633,0.0,0.044263055771136844,0.0001145531263250645,0.869303741036787
6481,PortScan,PortScan,0.0,0.0,0.0,0.0,7.417036449015093e-05,0.9999258296355099,0.0
6482,Brute Force,Brute Force,0.0,1.0,0.0,0.0,0.0,0.0,0.0
6483,PortScan,PortScan,0.0,0.0,0.0,0.0,0.00010940824429178676,0.9998905917557083,0.0
6484,Normal,Normal,0.0,0.0,0.0,0.0,1.0,0.0,0.0
6485,PortScan,PortScan,0.0,0.0,0.0,0.0,0.0033823849904575567,0.9966176150095427,0.0
6486,Brute Force,Brute Force,0.0,1.0,0.0,0.0,0.0,0.0,0.0
6487,PortScan,PortScan,0.0,0.0,0.0,0.0,0.00010940824429178676,0.9998905917557083,0.0
6488,Brute Force,Brute Force,0.0,0.9613919817729704,0.0029766544270049353,0.0,0.012323334924409615,0.0,0.023308028875615148
6489,Dos/DDos,Dos/DDos,0.0,0.003983483972893301,0.9798112217760826,0.0,0.012558163449529798,3.4417133376232516e-05,0.00361271366811785
6490,Web Attack,Web Attack,0.0,0.0,1.4083720890171383e-05,0.0,0.0014052859806130125,6.30767990631958e-05,0.9985175534994335
6491,Dos/DDos,Dos/DDos,0.0,0.003983483972893301,0.9635035598189958,0.0,0.010039966468653173,0.0,0.022472989739457345
6492,Brute Force,Brute Force,0.0,1.0,0.0,0.0,0.0,0.0,0.0
6493,Botnet ARES,Botnet ARES,0.994465925907663,0.0,0.0,0.0,0.005534074092336643,0.0,0.0
6494,Dos/DDos,Dos/DDos,0.0,0.0,1.0,0.0,0.0,0.0,0.0
6495,Dos/DDos,Dos/DDos,0.0,0.005228976097580453,0.9525307986272754,0.0,0.035073974398203485,0.00024068119919666296,0.006925569677743949
6496,Brute Force,Brute Force,0.0,0.9482827064266475,0.0029766544270049353,0.0,0.015388841423102649,0.0,0.03335179772324501
6497,Normal,Normal,0.0010500405594745178,0.00020904546153226817,8.545250296530551e-05,0.0,0.989701938109774,0.0,0.008953523366253668
6498,PortScan,PortScan,0.0,0.0,0.0,0.0,0.003077135471468581,0.9969228645285314,0.0
6499,Brute Force,Brute Force,0.0,1.0,0.0,0.0,0.0,0.0,0.0
6500,Dos/DDos,Dos/DDos,0.0,0.0,1.0,0.0,0.0,0.0,0.0
6501,PortScan,PortScan,0.0,0.0,0.0,0.0,7.417036449015093e-05,0.9999258296355099,0.0
6502,PortScan,PortScan,0.0,0.0,0.0,0.0,7.417036449015093e-05,0.9999258296355099,0.0
6503,Dos/DDos,Dos/DDos,0.0,0.0,1.0,0.0,0.0,0.0,0.0
6504,Botnet ARES,Botnet ARES,1.0,0.0,0.0,0.0,0.0,0.0,0.0
6505,Normal,Normal,0.0,0.0,0.0,0.0,1.0,0.0,0.0
6506,PortScan,PortScan,0.0,0.0,0.0,0.0,0.0007067214612540124,0.9992932785387459,0.0
6507,PortScan,PortScan,0.0,0.0,0.0,0.0,0.00047709407523288173,0.9995229059247671,0.0
6508,PortScan,PortScan,0.0,0.0,0.0,0.0,0.00010940824429178676,0.9998905917557083,0.0
6509,Normal,Normal,0.04359173444849401,0.0,0.0,0.0,0.9564082655515059,0.0,0.0
6510,Normal,Normal,0.0,0.0,0.0,0.0,1.0,0.0,0.0
6511,PortScan,PortScan,0.0,0.0,0.0,0.0,7.417036449015093e-05,0.9999258296355099,0.0
6512,PortScan,PortScan,0.0,0.0,0.0,0.0,0.001440679331418862,0.9985593206685812,0.0
6513,Dos/DDos,Dos/DDos,0.0,0.0,1.0,0.0,0.0,0.0,0.0
6514,Dos/DDos,Dos/DDos,0.0,0.0,0.99,0.0,0.01,0.0,0.0
6515,Dos/DDos,Dos/DDos,0.0,0.0,1.0,0.0,0.0,0.0,0.0
6516,Normal,Normal,0.0,0.01007357993934085,0.0,0.0,0.9899264200606592,0.0,0.0
6517,PortScan,PortScan,0.0,0.0,0.0,0.0,7.417036449015093e-05,0.9999258296355099,0.0
6518,Dos/DDos,Dos/DDos,0.0,0.0,1.0,0.0,0.0,0.0,0.0
6519,PortScan,PortScan,0.0,0.0,0.0,0.0,7.417036449015093e-05,0.9999258296355099,0.0
6520,Normal,Normal,0.0,0.37624970719212236,0.0029439974316081796,0.0,0.5791893220590232,0.0,0.04161697331724609
6521,PortScan,PortScan,0.0,0.0,0.0,0.0,0.00010940824429178676,0.9998905917557083,0.0
6522,Dos/DDos,Dos/DDos,0.0,0.003983483972893301,0.9814985657228705,0.0,0.011066930897758263,0.0,0.0034510194064778068
6523,Dos/DDos,Dos/DDos,0.0,0.0005642355865321211,0.9915743681228882,0.0,0.006496042890944033,0.00020505660381482473,0.0011602967958208664
6524,Dos/DDos,Dos/DDos,0.0,0.0,1.0,0.0,0.0,0.0,0.0
6525,Dos/DDos,Dos/DDos,0.0,0.003983483972893301,0.9812379864820682,0.0,0.00997231314720625,0.0,0.0048062163978319404
6526,Dos/DDos,Dos/DDos,0.0,0.0,1.0,0.0,0.0,0.0,0.0
6527,PortScan,PortScan,0.0,0.0,0.0,0.0,0.0010488510706976421,0.9989511489293024,0.0
6528,Normal,Normal,0.0,0.008805831927090786,0.014298942217320709,0.0,0.9697275222160396,2.9032629651224354e-05,0.007138671009897724
6529,Brute Force,Brute Force,0.0,0.999975398192537,0.0,0.0,2.4601807462940075e-05,0.0,0.0
6530,Normal,Normal,0.0,0.017731055787708283,0.15425809657183218,0.009981365012811553,0.7484195940089593,0.010034588902690773,0.05957529971599811
6531,Normal,Normal,0.0,0.0,0.02835212731332537,0.0,0.9716478726866745,0.0,0.0
6532,Dos/DDos,Dos/DDos,0.0,0.0,0.8316307427106342,0.0,0.16045245943584946,0.00791679785351616,0.0
6533,PortScan,PortScan,0.0,0.0,0.0,0.0,0.00010940824429178676,0.9998905917557083,0.0
6534,Normal,Normal,0.0,0.0,0.0,0.0,0.99,0.0,0.01
6535,Normal,Normal,0.0,0.0,0.0,0.0,1.0,0.0,0.0
6536,Dos/DDos,Dos/DDos,0.0,0.0,1.0,0.0,0.0,0.0,0.0
6537,Dos/DDos,Dos/DDos,0.0,0.003983483972893301,0.9810029584985736,0.0,0.011067821129049226,0.0,0.00394573639948369
6538,Normal,Normal,0.0,0.0,0.0,0.0,1.0,0.0,0.0
6539,Brute Force,Brute Force,0.0,0.999975398192537,0.0,0.0,2.4601807462940075e-05,0.0,0.0
6540,Dos/DDos,Dos/DDos,0.0,0.003983483972893301,0.9802364392175655,0.0,0.012241229161827365,3.4417133376232516e-05,0.003504430514337296
6541,Dos/DDos,Dos/DDos,0.0,0.0,0.99,0.0,0.003128804480155832,0.0,0.006871195519844169
6542,Brute Force,Brute Force,0.0,1.0,0.0,0.0,0.0,0.0,0.0
6543,PortScan,PortScan,0.0,0.0,0.0,0.0,0.002643876133466521,0.9973561238665336,0.0
6544,Normal,Normal,0.0,0.0004168430889403668,0.14845596331039115,0.0,0.8094066192948677,0.020056585200101385,0.02166398910569954
6545,Dos/DDos,Dos/DDos,0.0,0.0,1.0,0.0,0.0,0.0,0.0
6546,Brute Force,Brute Force,0.0,1.0,0.0,0.0,0.0,0.0,0.0
6547,Dos/DDos,Dos/DDos,0.0,0.0,1.0,0.0,0.0,0.0,0.0
6548,Dos/DDos,Dos/DDos,0.0,0.003983483972893301,0.9808712640390088,0.0,0.011992838179609453,3.4417133376232516e-05,0.003117996675111967
6549,Normal,Normal,0.0,0.0,0.0,0.0,1.0,0.0,0.0
6550,Normal,Normal,0.0,0.0047541075854022905,0.23899931637110844,0.0,0.7534962586028214,6.196970382639155e-05,0.002688347736841298
6551,Web Attack,Web Attack,0.0,0.0,1.4083720890171383e-05,0.0,0.001550279110412039,6.30767990631958e-05,0.9983725603696344
6552,PortScan,PortScan,0.0,0.0,0.0,0.0,0.0012545663175091539,0.9987454336824909,0.0
6553,PortScan,PortScan,0.0,0.0,0.0,0.0,0.0017892038873217873,0.9982107961126782,0.0
6554,PortScan,PortScan,0.0,0.0,0.0,0.0,7.417036449015093e-05,0.9999258296355099,0.0
6555,PortScan,PortScan,0.0,0.0,0.0,0.0,0.00010940824429178676,0.9998905917557083,0.0
6556,PortScan,PortScan,0.0,0.0,0.0,0.0,0.001509970432581729,0.9984900295674183,0.0
6557,PortScan,PortScan,0.0,0.0,0.0,0.0,0.0016976913101470557,0.9983023086898529,0.0
6558,Normal,Normal,0.0,0.0,0.0,0.0,1.0,0.0,0.0
6559,PortScan,PortScan,0.0,0.0,0.0,0.0,0.016456114272705925,0.9835438857272943,0.0
6560,Normal,Normal,0.0,0.0,0.0,0.0,0.9761435831806408,0.009967223803568117,0.01388919301579127
6561,Web Attack,Web Attack,0.0,0.0,1.4083720890171383e-05,0.0,0.0010767330448849778,5.853123184749522e-05,0.9988506520023772
6562,PortScan,PortScan,0.0,0.0,0.0,0.0,0.0038068239457884918,0.9961931760542118,0.0
6563,Normal,Normal,0.0,0.0,0.0,0.0,1.0,0.0,0.0
6564,PortScan,PortScan,0.0,0.0,0.0,0.0,0.0019495741385205986,0.9980504258614795,0.0
6565,Normal,Normal,0.0,0.0,0.0,0.0,1.0,0.0,0.0
6566,Dos/DDos,Dos/DDos,0.0,0.0,1.0,0.0,0.0,0.0,0.0
6567,Normal,Normal,0.0,0.02,0.04100785931270732,0.0,0.6957068909228218,0.024713463491641375,0.21857178627282947
6568,Normal,Normal,0.01,0.0,0.005032107413893753,0.0,0.9523660542058587,0.01494806305796402,0.01765377532228361
6569,Brute Force,Brute Force,0.0,0.9998667055532651,0.0,0.0,0.00013329444673491696,0.0,0.0
6570,Dos/DDos,Dos/DDos,0.0,0.00032747601458640906,0.9628970871387605,0.0,0.028009219503835673,0.00014479321798189455,0.008621424124835637
6571,Dos/DDos,Dos/DDos,0.0,0.0,1.0,0.0,0.0,0.0,0.0
6572,PortScan,PortScan,0.0,0.0,0.0,0.0,0.001509970432581729,0.9984900295674183,0.0
6573,Brute Force,Brute Force,0.0,0.999975398192537,0.0,0.0,2.4601807462940075e-05,0.0,0.0
6574,PortScan,PortScan,0.0,0.0,0.0,0.0,0.005775076153690252,0.9942249238463099,0.0
6575,PortScan,PortScan,0.0,0.0,0.0,0.0,7.417036449015093e-05,0.9999258296355099,0.0
6576,Dos/DDos,Dos/DDos,0.0,0.0,0.9400980220962496,0.0,0.05990197790375038,0.0,0.0
6577,Normal,Normal,0.01,0.01,0.0,0.0,0.9623368685960813,0.01,0.007663131403918749
6578,Normal,Normal,0.0,0.006650624854459365,0.03273250066424032,0.009967570071809127,0.7625696493549704,3.0403888302875634e-05,0.18804925116621793
6579,Dos/DDos,Dos/DDos,0.0,0.0,1.0,0.0,0.0,0.0,0.0
6580,Dos/DDos,Dos/DDos,0.0,0.0,0.9849765258215961,0.0,0.015023474178403756,0.0,0.0
6581,Normal,Normal,0.0,0.0,0.0,0.0,1.0,0.0,0.0
6582,Normal,Normal,0.0,0.1503723401089746,0.0,0.0,0.8269337925962787,0.014991654744873628,0.007702212549873051
6583,Normal,Normal,0.011488550845303435,0.00020904546153226817,8.545250296530551e-05,0.0,0.9792634278239453,0.0,0.008953523366253668
6584,Normal,Normal,0.0010500405594745178,0.010209045461532269,8.545250296530551e-05,0.0,0.979701938109774,0.0,0.008953523366253668
6585,Dos/DDos,Dos/DDos,0.0,0.003983483972893301,0.9803068290003795,0.0,0.012557273218238836,3.4417133376232516e-05,0.003117996675111967
6586,Dos/DDos,Dos/DDos,0.0,0.0,1.0,0.0,0.0,0.0,0.0
6587,Normal,Normal,0.0,0.0,0.0,0.0,1.0,0.0,0.0
6588,Normal,Normal,0.0,0.0,0.040321733886526184,0.009968775297791142,0.9397094908156827,0.0,0.01
6589,PortScan,PortScan,0.0,0.0,0.0,0.0,7.417036449015093e-05,0.9999258296355099,0.0
6590,Dos/DDos,Dos/DDos,0.0,0.0,0.890835153648144,0.0,0.10916484635185596,0.0,0.0
6591,Normal,Normal,0.01,0.0,0.07536183385240068,0.01994646807884312,0.7826009073369825,0.1120907907317736,0.0
6592,Normal,Normal,0.0,0.0,0.0,0.0,1.0,0.0,0.0
6593,Dos/DDos,Dos/DDos,0.0,0.0,1.0,0.0,0.0,0.0,0.0
6594,Brute Force,Brute Force,0.0,0.9606661601799914,0.0029766544270049353,0.0,0.013071659635060575,0.0,0.023285525757943223
6595,PortScan,PortScan,0.0,0.0,0.0,0.0,0.0016420042152960868,0.998357995784704,0.0
6596,Brute Force,Brute Force,0.0,0.999975398192537,0.0,0.0,2.4601807462940075e-05,0.0,0.0
6597,Dos/DDos,Dos/DDos,0.0,0.0,1.0,0.0,0.0,0.0,0.0
6598,Brute Force,Brute Force,0.0,0.962706150113201,0.0029766544270049353,0.0,0.01276546330221945,0.0,0.021551732157574756
6599,Brute Force,Brute Force,0.0,0.9606661601799914,0.0029766544270049353,0.0,0.013071659635060575,0.0,0.023285525757943223
6600,Dos/DDos,Dos/DDos,0.0,0.0,1.0,0.0,0.0,0.0,0.0
6601,Dos/DDos,Dos/DDos,0.0,0.0,1.0,0.0,0.0,0.0,0.0
6602,Brute Force,Brute Force,0.0,0.9606661601799914,0.0029766544270049353,0.0,0.013071659635060575,0.0,0.023285525757943223
6603,PortScan,PortScan,0.0,0.0,0.0,0.0,0.00010940824429178676,0.9998905917557083,0.0
6604,Dos/DDos,Dos/DDos,0.0,0.0,0.7580138379762267,0.0,0.2419861620237733,0.0,0.0
6605,Normal,Normal,0.0,0.0,0.0,0.0,1.0,0.0,0.0
6606,Brute Force,Brute Force,0.0,0.9667787467370023,0.0029766544270049353,0.0,0.011254272568067127,0.0,0.018990326267925833
6607,Dos/DDos,Dos/DDos,0.0,0.0,1.0,0.0,0.0,0.0,0.0
6608,PortScan,PortScan,0.0,0.0,0.0,0.0,7.417036449015093e-05,0.9999258296355099,0.0
6609,PortScan,PortScan,0.0,0.0,0.0,0.0,0.00010940824429178676,0.9998905917557083,0.0
6610,Normal,Normal,0.0,0.003983483972893301,0.11376165308522693,0.0,0.877651258242273,0.0,0.004603604699606786
6611,Dos/DDos,Dos/DDos,0.0,0.005020865625372601,0.7412801073145845,0.019944302622418194,0.21229594987885045,0.0,0.021458774558774558
6612,Brute Force,Brute Force,0.0,1.0,0.0,0.0,0.0,0.0,0.0
6613,Dos/DDos,Dos/DDos,0.0,0.0,1.0,0.0,0.0,0.0,0.0
6614,Dos/DDos,Dos/DDos,0.0,0.003983483972893301,0.9808640465968252,0.0,0.011296132169676329,3.4417133376232516e-05,0.0038219201272286373
6615,Normal,Normal,0.0,0.0,0.0,0.0,1.0,0.0,0.0
6616,PortScan,PortScan,0.0,0.0,0.0,0.0,0.00010940824429178676,0.9998905917557083,0.0
6617,Normal,Normal,0.0,0.0,0.0,0.0,1.0,0.0,0.0
6618,PortScan,PortScan,0.0,0.0,0.0,0.0,0.0024568433805013026,0.9975431566194989,0.0
6619,Botnet ARES,Botnet ARES,0.9996696914371873,0.0,0.0,0.0,0.0003303085628127412,0.0,0.0
6620,Dos/DDos,Dos/DDos,0.0,0.0,0.9848980346968483,0.0,0.01510196530315177,0.0,0.0
6621,Normal,Normal,0.0,0.0,0.0,0.0,1.0,0.0,0.0
6622,Dos/DDos,Dos/DDos,0.0,0.0,1.0,0.0,0.0,0.0,0.0
6623,Botnet ARES,Botnet ARES,0.9908574429365224,0.0,0.0,0.0,0.009142557063477419,0.0,0.0
6624,Dos/DDos,Dos/DDos,0.0,0.0,0.7953465381068705,0.0,0.20465346189312938,0.0,0.0
6625,Dos/DDos,Dos/DDos,0.0,0.0,0.7840628572930455,0.0,0.2159371427069545,0.0,0.0
6626,Normal,Normal,0.0,0.0,0.0,0.0,1.0,0.0,0.0
6627,Dos/DDos,Dos/DDos,0.0,0.0,1.0,0.0,0.0,0.0,0.0
6628,Normal,Normal,0.0,0.0,0.0,0.0,1.0,0.0,0.0
6629,Dos/DDos,Dos/DDos,0.0,0.0,1.0,0.0,0.0,0.0,0.0
6630,PortScan,PortScan,0.0,0.0,0.0,0.0,0.0013708639541191328,0.998629136045881,0.0
6631,Dos/DDos,Dos/DDos,0.0,0.0,0.9933672431332655,0.0,0.006632756866734486,0.0,0.0
6632,Brute Force,Brute Force,0.0,1.0,0.0,0.0,0.0,0.0,0.0
6633,Brute Force,Brute Force,0.0,1.0,0.0,0.0,0.0,0.0,0.0
6634,Dos/DDos,Dos/DDos,0.0,0.0,1.0,0.0,0.0,0.0,0.0
6635,Dos/DDos,Dos/DDos,0.0,0.0,1.0,0.0,0.0,0.0,0.0
6636,Normal,Normal,0.0,0.0,0.0,0.0,1.0,0.0,0.0
6637,Dos/DDos,Dos/DDos,0.0,0.0,0.9783415562113663,0.0,0.021658443788633595,0.0,0.0
6638,Normal,Normal,0.0,0.0,0.0,0.0,1.0,0.0,0.0
6639,Dos/DDos,Dos/DDos,0.0,0.003983483972893301,0.9798816115588964,0.0,0.012874207505941268,3.4417133376232516e-05,0.003226279828892521
6640,PortScan,PortScan,0.0,0.0,0.0,0.0,0.00010940824429178676,0.9998905917557083,0.0
6641,Botnet ARES,Botnet ARES,0.984975272770698,0.0,0.0,0.0,0.015024727229302245,0.0,0.0
6642,PortScan,PortScan,0.0,0.0,0.0,0.0,7.417036449015093e-05,0.9999258296355099,0.0
6643,Dos/DDos,Dos/DDos,0.0,0.0,0.926208251563136,0.0,0.07379174843686402,0.0,0.0
6644,PortScan,PortScan,0.0,0.0,0.0,0.0,7.417036449015093e-05,0.9999258296355099,0.0
6645,Brute Force,Brute Force,0.0,0.962706150113201,0.0029766544270049353,0.0,0.01276546330221945,0.0,0.021551732157574756
6646,Dos/DDos,Dos/DDos,0.0,0.0,1.0,0.0,0.0,0.0,0.0
6647,PortScan,PortScan,0.0,0.0,0.0,0.0,0.005796402824046507,0.9942035971759536,0.0
6648,PortScan,PortScan,0.0,0.0,0.0,0.0,7.417036449015093e-05,0.9999258296355099,0.0
6649,PortScan,PortScan,0.0,0.0,0.0,0.0,0.002643876133466521,0.9973561238665336,0.0
6650,Dos/DDos,Dos/DDos,0.0,0.0,1.0,0.0,0.0,0.0,0.0
6651,Dos/DDos,Dos/DDos,0.0,0.0,1.0,0.0,0.0,0.0,0.0
6652,Dos/DDos,Dos/DDos,0.0,0.0,0.990024800262496,0.0,0.009975199737503982,0.0,0.0
6653,Dos/DDos,Dos/DDos,0.0,0.003983483972893301,0.9810733482813874,0.0,0.011383865185460695,0.0,0.0035593025602583604
6654,Normal,Normal,0.0,0.022579631951912375,0.0,0.0,0.9623759525559641,0.015044415492123653,0.0
6655,PortScan,PortScan,0.0,0.0,0.0,0.0,0.00328282816443963,0.9967171718355604,0.0
6656,Normal,Normal,0.0,0.0,0.004925320056899005,0.00978883153449085,0.9452858484086102,0.0,0.04
6657,PortScan,PortScan,0.0,0.0,0.0,0.0,0.004657499895829471,0.9953425001041707,0.0
6658,PortScan,PortScan,0.0,0.0,0.0,0.0,7.417036449015093e-05,0.9999258296355099,0.0
6659,Dos/DDos,Dos/DDos,0.0,0.0,1.0,0.0,0.0,0.0,0.0
6660,Normal,Normal,0.0,0.019057510905150114,0.0071580716345326645,0.0,0.9504130136610996,0.0,0.023371403799217587
6661,PortScan,PortScan,0.0,0.0,0.0,0.0,0.0016622234901200867,0.99833777650988,0.0
6662,PortScan,PortScan,0.0,0.0,0.0,0.0,0.00010940824429178676,0.9998905917557083,0.0
6663,Dos/DDos,Dos/DDos,0.0,0.0,1.0,0.0,0.0,0.0,0.0
6664,Normal,Normal,0.0,0.0,0.0,0.0,1.0,0.0,0.0
6665,Dos/DDos,Dos/DDos,0.0,0.003983483972893301,0.9804388291553423,0.0,0.01161306645737876,3.4417133376232516e-05,0.003930203281009192
6666,Dos/DDos,Dos/DDos,0.0,0.0,1.0,0.0,0.0,0.0,0.0
6667,Brute Force,Brute Force,0.0,0.999975398192537,0.0,0.0,2.4601807462940075e-05,0.0,0.0
6668,Dos/DDos,Dos/DDos,0.0,0.0,1.0,0.0,0.0,0.0,0.0
6669,PortScan,PortScan,0.0,0.0,0.0,0.0,0.00010940824429178676,0.9998905917557083,0.0
6670,Dos/DDos,Dos/DDos,0.0,0.003983483972893301,0.9802364392175655,0.0,0.012241229161827365,3.4417133376232516e-05,0.003504430514337296
6671,Brute Force,Brute Force,0.0,0.999975398192537,0.0,0.0,2.4601807462940075e-05,0.0,0.0
6672,Normal,Normal,0.0,0.0,0.005045656754858348,0.0,0.9887080436595881,0.0,0.006246299585553582
6673,PortScan,PortScan,0.0,0.0,0.0,0.0,7.417036449015093e-05,0.9999258296355099,0.0
6674,Brute Force,Brute Force,0.0,0.999975398192537,0.0,0.0,2.4601807462940075e-05,0.0,0.0
6675,Dos/DDos,Dos/DDos,0.0,0.0,0.9003884726932181,0.0,0.029405527418300954,0.002554927061625483,0.0676510728268556
6676,Dos/DDos,Dos/DDos,0.0,0.0,0.8172903823070727,0.0,0.18270961769292746,0.0,0.0
6677,Web Attack,Web Attack,0.0,0.0,1.4083720890171383e-05,0.0,0.0013977305287910119,6.30767990631958e-05,0.9985251089512555
6678,Brute Force,Brute Force,0.0,0.962706150113201,0.0029766544270049353,0.0,0.01276546330221945,0.0,0.021551732157574756
6679,Normal,Normal,0.0,0.0,0.10617770729162687,0.0,0.893822292708373,0.0,0.0
6680,Normal,Normal,0.0,0.0,0.03902940615532721,0.0,0.9509734000133099,0.0,0.009997193831362923
6681,PortScan,PortScan,0.0,0.0,0.0,0.0,7.417036449015093e-05,0.9999258296355099,0.0
6682,PortScan,PortScan,0.0,0.0,0.0,0.0,0.002398517915991191,0.9976014820840088,0.0
6683,Normal,Normal,0.007903406963684015,0.0,0.0,0.0,0.987134806554348,0.004961786481967996,0.0
6684,Normal,Normal,0.0,0.0,0.0,0.0,1.0,0.0,0.0
6685,Brute Force,Brute Force,0.0,0.9998930490496046,0.0,0.0,0.00010695095039544507,0.0,0.0
6686,Brute Force,Brute Force,0.0,1.0,0.0,0.0,0.0,0.0,0.0
6687,PortScan,PortScan,0.0,0.0,0.0,0.0,7.417036449015093e-05,0.9999258296355099,0.0
6688,Normal,Normal,0.0,0.0,0.0,0.0,1.0,0.0,0.0
6689,Dos/DDos,Dos/DDos,0.0,0.0,1.0,0.0,0.0,0.0,0.0
6690,Brute Force,Brute Force,0.0,1.0,0.0,0.0,0.0,0.0,0.0
6691,Normal,Normal,0.0,0.0,0.0,0.0,1.0,0.0,0.0
6692,Dos/DDos,Dos/DDos,0.0,0.0,1.0,0.0,0.0,0.0,0.0
6693,Normal,Normal,0.0,0.0,0.009919386043132092,0.0,0.980080613956868,0.0,0.01
6694,Normal,Normal,0.0,0.0,0.026831328002391453,0.0,0.9731686719976085,0.0,0.0
6695,Brute Force,Brute Force,0.0,1.0,0.0,0.0,0.0,0.0,0.0
6696,Dos/DDos,Dos/DDos,0.0,0.0,0.9929237426131056,0.0,0.0070762573868944755,0.0,0.0
6697,Normal,Normal,0.0,0.0,0.0,0.0,1.0,0.0,0.0
6698,Brute Force,Brute Force,0.0,1.0,0.0,0.0,0.0,0.0,0.0
6699,PortScan,PortScan,0.0,0.0,0.0,0.0,0.0017390630352036819,0.9982609369647963,0.0
6700,Dos/DDos,Dos/DDos,0.0,0.003983483972893301,0.9815127929338593,0.0,0.009805789849195758,0.0,0.004697933244051386
6701,PortScan,PortScan,0.0,0.0,0.0,0.0,0.0033823849904575567,0.9966176150095427,0.0
6702,Normal,Normal,0.0,0.0,0.0,0.0,0.9644910142370555,0.0,0.03550898576294445
6703,Dos/DDos,Dos/DDos,0.0,0.003983483972893301,0.9804388291553423,0.0,0.01161306645737876,3.4417133376232516e-05,0.003930203281009192
6704,Dos/DDos,Dos/DDos,0.0,0.0,1.0,0.0,0.0,0.0,0.0
6705,Dos/DDos,Dos/DDos,0.0,0.0,1.0,0.0,0.0,0.0,0.0
6706,Dos/DDos,Dos/DDos,0.0,0.0,1.0,0.0,0.0,0.0,0.0
6707,Normal,Normal,0.0,0.043922456397901356,0.003078639010419189,0.0,0.9249262989050092,0.0,0.028072605686670252
6708,Normal,Normal,0.07925914683949045,0.0,0.0,0.0,0.9207408531605094,0.0,0.0
6709,PortScan,PortScan,0.0,0.0,0.0,0.0,7.417036449015093e-05,0.9999258296355099,0.0
6710,Normal,Normal,0.0,0.0,0.0,0.0,0.980929414460477,0.0099324814236475,0.009138104115875519
6711,Normal,Dos/DDos,0.0,0.0,0.8462850346662573,0.0,0.15371496533374265,0.0,0.0
6712,Normal,Normal,0.0,0.0,0.0,0.0,1.0,0.0,0.0
6713,Dos/DDos,Dos/DDos,0.0,0.0,1.0,0.0,0.0,0.0,0.0
6714,Normal,Normal,0.0,0.0,0.02671373752589821,0.0,0.9732862624741017,0.0,0.0
6715,Normal,Normal,0.0,0.0,0.0,0.0,1.0,0.0,0.0
6716,PortScan,PortScan,0.0,0.0,0.0,0.0,7.417036449015093e-05,0.9999258296355099,0.0
6717,Dos/DDos,Dos/DDos,0.0,0.0,1.0,0.0,0.0,0.0,0.0
6718,Dos/DDos,Dos/DDos,0.0,0.0,1.0,0.0,0.0,0.0,0.0
6719,Normal,Normal,0.0,0.0,0.0,0.0,1.0,0.0,0.0
6720,Normal,Normal,0.0,0.0,0.0005450252508690235,0.0,0.9994549747491309,0.0,0.0
6721,PortScan,PortScan,0.0,0.0,0.0,0.0,7.417036449015093e-05,0.9999258296355099,0.0
6722,Dos/DDos,Dos/DDos,0.0,0.0008876636222063219,0.997591594059131,0.0,0.0015207423186626712,0.0,0.0
6723,Dos/DDos,Dos/DDos,0.0,0.0,0.8311275806074471,0.0,0.16887241939255293,0.0,0.0
6724,PortScan,PortScan,0.0,0.0,0.0,0.0,7.417036449015093e-05,0.9999258296355099,0.0
6725,Dos/DDos,Dos/DDos,0.0,0.003983483972893301,0.9798816115588964,0.0,0.012874207505941268,3.4417133376232516e-05,0.003226279828892521
6726,Dos/DDos,Dos/DDos,0.0,0.0005642355865321211,0.9653206443054944,0.0,0.03232823895149164,0.00020505660381482473,0.0015818245526671715
6727,PortScan,PortScan,0.0,0.0,0.0,0.0,0.00010940824429178676,0.9998905917557083,0.0
6728,Brute Force,Brute Force,0.0,1.0,0.0,0.0,0.0,0.0,0.0
6729,PortScan,PortScan,0.0,0.0,0.0,0.0,0.00010940824429178676,0.9998905917557083,0.0
6730,PortScan,PortScan,0.0,0.0,0.0,0.0,0.001641757840984906,0.9983582421590151,0.0
6731,PortScan,PortScan,0.0,0.0,0.0,0.0,7.417036449015093e-05,0.9999258296355099,0.0
6732,Normal,Normal,0.0,0.0073796038179957234,0.01,0.0,0.9826203961820041,0.0,0.0
6733,Normal,Normal,0.01,0.0,0.003392587889850012,0.0,0.9866074121101499,0.0,0.0
6734,Dos/DDos,Dos/DDos,0.0,0.0,1.0,0.0,0.0,0.0,0.0
6735,Dos/DDos,Dos/DDos,0.0,0.0,0.9817602763292725,0.0,0.018239723670727317,0.0,0.0
6736,PortScan,PortScan,0.0,0.0,0.0,0.0,0.0015099093910888595,0.9984900906089113,0.0
6737,PortScan,PortScan,0.0,0.0,0.0,0.0,0.00010940824429178676,0.9998905917557083,0.0
6738,Dos/DDos,Dos/DDos,0.0,0.0,1.0,0.0,0.0,0.0,0.0
6739,PortScan,PortScan,0.0,0.0,0.0,0.0,0.0015099093910888595,0.9984900906089113,0.0
6740,Brute Force,Brute Force,0.0,1.0,0.0,0.0,0.0,0.0,0.0
6741,Dos/DDos,Dos/DDos,0.00792205358815814,0.026678612183707505,0.6386660949822525,0.0,0.25789376198329317,0.04488326129783494,0.023956215964753853
6742,PortScan,PortScan,0.0,0.0,0.0,0.0,0.001063112812623945,0.998936887187376,0.0
6743,Normal,Normal,0.0,0.0,0.0,0.0,1.0,0.0,0.0
6744,Normal,Normal,0.0,0.0,0.0,0.0,1.0,0.0,0.0
6745,Dos/DDos,Dos/DDos,0.0,0.0,1.0,0.0,0.0,0.0,0.0
6746,Brute Force,Brute Force,0.0,1.0,0.0,0.0,0.0,0.0,0.0
6747,Dos/DDos,Dos/DDos,0.0,0.0,1.0,0.0,0.0,0.0,0.0
6748,Dos/DDos,Dos/DDos,0.0,0.005958065522999908,0.8414206607498319,0.0,0.08289689735340094,0.00020626406582043046,0.06951811230794688
6749,Web Attack,Web Attack,0.0,0.0,1.4083720890171383e-05,0.0,0.0014186302283242169,6.30767990631958e-05,0.9985042092517221
6750,Dos/DDos,Dos/DDos,0.0,0.0,1.0,0.0,0.0,0.0,0.0
6751,Brute Force,Brute Force,0.0,1.0,0.0,0.0,0.0,0.0,0.0
6752,Web Attack,Web Attack,0.0,0.0,1.4083720890171383e-05,0.0,0.0014186302283242169,6.30767990631958e-05,0.9985042092517221
6753,PortScan,PortScan,0.0,0.0,0.0,0.0,7.417036449015093e-05,0.9999258296355099,0.0
6754,Normal,Normal,0.0,0.0,0.0,0.0,1.0,0.0,0.0
6755,PortScan,PortScan,0.0,0.0,0.0,0.0,7.417036449015093e-05,0.9999258296355099,0.0
6756,Normal,Normal,0.0,0.0,0.0,0.0,1.0,0.0,0.0
6757,PortScan,PortScan,0.0,0.0,0.0,0.0,0.00010940824429178676,0.9998905917557083,0.0
6758,Dos/DDos,Dos/DDos,0.0,0.0,0.9270388669135678,0.0,0.07296113308643208,0.0,0.0
6759,Brute Force,Brute Force,0.0,1.0,0.0,0.0,0.0,0.0,0.0
6760,Dos/DDos,Dos/DDos,0.0,0.0,1.0,0.0,0.0,0.0,0.0
6761,PortScan,PortScan,0.0,0.0,0.0,0.0,0.0006534376512755176,0.9993465623487245,0.0
6762,Normal,Normal,0.0,0.0,0.0,0.0,1.0,0.0,0.0
6763,PortScan,PortScan,0.0,0.0,0.0,0.0,7.417036449015093e-05,0.9999258296355099,0.0
6764,Web Attack,Web Attack,0.0,0.0,1.4083720890171383e-05,0.0,0.0014119945962276126,6.30767990631958e-05,0.9985108448838189
6765,PortScan,PortScan,0.0,0.0,0.0,0.0,0.0015178542559857607,0.9984821457440143,0.0
6766,Normal,Normal,0.0,0.0,0.0,0.0,1.0,0.0,0.0
6767,Normal,Normal,0.02641102456560815,0.0,0.051753051960343924,0.0,0.9067894118461407,0.015046511627906978,0.0
6768,PortScan,PortScan,0.0,0.0,0.0,0.0,7.417036449015093e-05,0.9999258296355099,0.0
6769,Normal,Normal,0.0,0.0,0.0,0.0,1.0,0.0,0.0
6770,Normal,Normal,0.0,0.0,0.0,0.0,1.0,0.0,0.0
6771,Normal,Normal,0.0,0.0,0.0,0.0,1.0,0.0,0.0
6772,Normal,Normal,0.0,0.0,0.006588459099556119,0.0,0.9934115409004438,0.0,0.0
6773,Dos/DDos,Dos/DDos,0.0,0.0,1.0,0.0,0.0,0.0,0.0
6774,Dos/DDos,Dos/DDos,0.0,0.0,1.0,0.0,0.0,0.0,0.0
6775,Normal,Normal,0.0,0.0,0.0,0.0,1.0,0.0,0.0
6776,PortScan,PortScan,0.0,0.0,0.0,0.0,0.00010940824429178676,0.9998905917557083,0.0
6777,Dos/DDos,Dos/DDos,0.0,0.0,1.0,0.0,0.0,0.0,0.0
6778,Botnet ARES,Botnet ARES,1.0,0.0,0.0,0.0,0.0,0.0,0.0
6779,PortScan,PortScan,0.0,0.0,0.0,0.0,0.0035119069994339674,0.9964880930005663,0.0
6780,Normal,Normal,0.006505823627287854,0.0,0.0075150406983602695,0.0,0.975979135674352,0.01,0.0
6781,Dos/DDos,Dos/DDos,0.0,0.0,1.0,0.0,0.0,0.0,0.0
6782,PortScan,PortScan,0.0,0.0,0.0,0.0,0.0016368897882905603,0.9983631102117095,0.0
6783,Dos/DDos,Dos/DDos,0.0,0.0008876636222063219,0.9941951758218588,0.0,0.004917160555934901,0.0,0.0
6784,Dos/DDos,Dos/DDos,0.0,0.003983483972893301,0.9810029584985736,0.0,0.011067821129049226,0.0,0.00394573639948369
6785,PortScan,PortScan,0.0,0.0,0.0,0.0,0.003522005643906805,0.9964779943560934,0.0
6786,Brute Force,Brute Force,0.0,0.966727187630533,0.0029766544270049353,0.0,0.011254272568067127,0.0,0.019041885374395086
6787,Normal,Normal,0.0,0.019057510905150114,0.017158071634532663,0.0,0.9475927633642942,0.0,0.016191654096022978
6788,Normal,Normal,0.0,0.0,0.013471201042400792,0.0,0.9765287989575993,0.01,0.0
6789,Brute Force,Brute Force,0.0,1.0,0.0,0.0,0.0,0.0,0.0
6790,Normal,Normal,0.0,0.0,0.0,0.0,1.0,0.0,0.0
6791,PortScan,PortScan,0.0,0.0,0.0,0.0,0.00202281691283012,0.99797718308717,0.0
6792,Dos/DDos,Dos/DDos,0.0,0.0,1.0,0.0,0.0,0.0,0.0
6793,Dos/DDos,Dos/DDos,0.0,0.0,0.9147911674405819,0.0,0.08520883255941798,0.0,0.0
6794,Normal,Normal,0.0,0.0,0.03832128238097702,0.0,0.9616787176190229,0.0,0.0
6795,Dos/DDos,Dos/DDos,0.0,0.0,1.0,0.0,0.0,0.0,0.0
6796,PortScan,PortScan,0.0,0.0,0.0,0.0,0.002398517915991191,0.9976014820840088,0.0
6797,Normal,Normal,0.0,0.0,0.0,0.0,1.0,0.0,0.0
6798,PortScan,PortScan,0.0,0.0,0.0,0.0,7.417036449015093e-05,0.9999258296355099,0.0
6799,Dos/DDos,Dos/DDos,0.0,0.0005033863982289575,0.9778246634209351,0.009981886911324617,0.010591171808077792,5.927272130805441e-05,0.0010396187401256031
6800,PortScan,PortScan,0.0,0.0,0.0,0.0,0.001978219536121109,0.9980217804638791,0.0
6801,Brute Force,Brute Force,0.0,0.962706150113201,0.0029766544270049353,0.0,0.01276546330221945,0.0,0.021551732157574756
6802,PortScan,PortScan,0.0,0.0,0.0,0.0,0.00010940824429178676,0.9998905917557083,0.0
6803,Normal,Normal,0.006596801738860425,0.0,0.0,0.0,0.9934031982611395,0.0,0.0
6804,PortScan,PortScan,0.0,0.0,0.0,0.0,0.0024568433805013026,0.9975431566194989,0.0
6805,Brute Force,Brute Force,0.0,1.0,0.0,0.0,0.0,0.0,0.0
6806,PortScan,PortScan,0.0,0.0,0.0,0.0,0.0017104189735034784,0.9982895810264965,0.0
6807,Dos/DDos,Dos/DDos,0.0,0.0,0.8032780484492011,0.0,0.19672195155079886,0.0,0.0
6808,Brute Force,Brute Force,0.0,0.9998667055532651,0.0,0.0,0.00013329444673491696,0.0,0.0
6809,Brute Force,Brute Force,0.0,0.999975398192537,0.0,0.0,2.4601807462940075e-05,0.0,0.0
6810,Normal,Normal,0.0,0.04109736080440572,0.003078639010419189,0.0,0.8791963661885799,0.0,0.07662763399659517
6811,Dos/DDos,Dos/DDos,0.0,0.0,0.842438587133944,0.0,0.15756141286605607,0.0,0.0
6812,PortScan,PortScan,0.0,0.0,0.0,0.0,7.417036449015093e-05,0.9999258296355099,0.0
6813,Dos/DDos,Dos/DDos,0.0,0.0,0.9980276434001383,0.0,0.0019723565998617833,0.0,0.0
6814,Normal,Normal,0.0,0.0,0.0,0.019915447786400104,0.9800845522135999,0.0,0.0
6815,PortScan,PortScan,0.0,0.0,0.0,0.0,0.00153553191903505,0.998464468080965,0.0
6816,PortScan,PortScan,0.0,0.0,0.0,0.0,7.417036449015093e-05,0.9999258296355099,0.0
6817,Web Attack,Web Attack,0.0,0.0,0.0,0.0,0.0,0.0,1.0
6818,Normal,Normal,0.0,0.004953506103610575,0.056570278799102834,0.0,0.9357258976566188,6.196970382639155e-05,0.002688347736841298
6819,Brute Force,Brute Force,0.0,0.9606661601799914,0.0029766544270049353,0.0,0.013071659635060575,0.0,0.023285525757943223
6820,Normal,Normal,0.04844984086578195,0.0,0.0,0.0,0.951550159134218,0.0,0.0
6821,Dos/DDos,Dos/DDos,0.0,0.003983483972893301,0.9808640465968252,0.0,0.011296132169676329,3.4417133376232516e-05,0.0038219201272286373
6822,Dos/DDos,Dos/DDos,0.0,0.0,1.0,0.0,0.0,0.0,0.0
6823,PortScan,PortScan,0.0,0.0,0.0,0.0,7.417036449015093e-05,0.9999258296355099,0.0
6824,PortScan,PortScan,0.0,0.0,0.0,0.0,7.417036449015093e-05,0.9999258296355099,0.0
6825,Normal,Normal,0.0,0.0,0.0,0.0,1.0,0.0,0.0
6826,Normal,Normal,0.0,0.0,0.17639085986963424,0.0,0.823609140130366,0.0,0.0
6827,Normal,Normal,0.0010500405594745178,0.008805100123345358,0.0004299390422660507,0.0,0.9510177535211354,0.01,0.02869716675377874
6828,Brute Force,Brute Force,0.0,0.9631939092393665,0.0029766544270049353,0.0,0.012323334924409615,0.0,0.021506101409219
6829,Dos/DDos,Dos/DDos,0.0,0.0,1.0,0.0,0.0,0.0,0.0
6830,Normal,Normal,0.0,0.0,0.0,0.0,1.0,0.0,0.0
6831,PortScan,PortScan,0.0,0.0,0.0,0.0,0.00010940824429178676,0.9998905917557083,0.0
6832,Dos/DDos,Dos/DDos,0.0,0.0,1.0,0.0,0.0,0.0,0.0
6833,Normal,Normal,0.0,0.0,0.06731489296570897,0.0,0.8732980265613649,0.005008781173164735,0.054378299299761394
6834,PortScan,PortScan,0.0,0.0,0.0,0.0,7.417036449015093e-05,0.9999258296355099,0.0
6835,Brute Force,Brute Force,0.0,1.0,0.0,0.0,0.0,0.0,0.0
6836,Dos/DDos,Dos/DDos,0.0,0.0,1.0,0.0,0.0,0.0,0.0
6837,Normal,Normal,0.0,0.0,0.0,0.0,1.0,0.0,0.0
6838,PortScan,PortScan,0.0,0.0,0.0,0.0,7.417036449015093e-05,0.9999258296355099,0.0
6839,Normal,Normal,0.0,0.0,0.0,0.0,1.0,0.0,0.0
6840,Dos/DDos,Dos/DDos,0.0,0.0005033863982289575,0.9908198823260352,0.0,0.007577839814302469,5.927272130805441e-05,0.0010396187401256031
6841,Normal,Normal,0.0,0.0,0.0,0.0,1.0,0.0,0.0
6842,PortScan,PortScan,0.0,0.0,0.0,0.0,7.417036449015093e-05,0.9999258296355099,0.0
6843,Dos/DDos,Dos/DDos,0.0,0.0,0.9933556899311157,0.0,0.00664431006888429,0.0,0.0
6844,Web Attack,Web Attack,0.0,0.0,1.4083720890171383e-05,0.0,0.0013872884381312548,6.30767990631958e-05,0.9985355510419153
6845,PortScan,PortScan,0.0,0.0,0.0,0.0,7.417036449015093e-05,0.9999258296355099,0.0
6846,PortScan,PortScan,0.0,0.0,0.0,0.0,0.00207745614537608,0.9979225438546241,0.0
6847,PortScan,PortScan,0.0,0.0,0.0,0.0,0.0012883652323876355,0.9987116347676124,0.0
6848,Brute Force,Brute Force,0.0,0.999975398192537,0.0,0.0,2.4601807462940075e-05,0.0,0.0
6849,Normal,Normal,0.0,0.0,0.015045656754858347,0.0,0.9773279538582647,0.0,0.007626389386877017
6850,PortScan,PortScan,0.0,0.0,0.0,0.0,0.0024438820192378545,0.9975561179807622,0.0
6851,Normal,Normal,0.0,0.0,0.0,0.0,1.0,0.0,0.0
6852,PortScan,PortScan,0.0,0.0,0.0,0.0,0.0011043365323201682,0.9988956634676798,0.0
6853,Brute Force,Brute Force,0.0,0.966727187630533,0.0029766544270049353,0.0,0.011254272568067127,0.0,0.019041885374395086
6854,PortScan,PortScan,0.0,0.0,0.0,0.0,0.0027104243682456457,0.9972895756317546,0.0
6855,Normal,Normal,0.0,0.0,0.0,0.0,1.0,0.0,0.0
6856,Dos/DDos,Dos/DDos,0.0,0.0007443191035267758,0.9869302150186618,0.0,0.008293693213609463,0.00012124242513444596,0.003910530239067575
6857,Normal,Normal,0.0,0.06321009207661626,0.003100115855743763,0.0,0.7840113956229005,0.0,0.14967839644473951
6858,PortScan,PortScan,0.0,0.0,0.0,0.0,0.001063112812623945,0.998936887187376,0.0
6859,Dos/DDos,Dos/DDos,0.0,0.0,0.99,0.0,0.01,0.0,0.0
6860,Normal,Dos/DDos,0.0,0.0,0.8317793428806479,0.0,0.16487846200360362,0.0033421951157482843,0.0
6861,Brute Force,Brute Force,0.0,0.999975398192537,0.0,0.0,2.4601807462940075e-05,0.0,0.0
6862,PortScan,PortScan,0.0,0.0,0.0,0.0,0.0019289317511306753,0.9980710682488695,0.0
6863,Botnet ARES,Botnet ARES,0.999774330969387,0.0,0.0,0.0,0.00022566903061300287,0.0,0.0
6864,Dos/DDos,Dos/DDos,0.0,0.003983483972893301,0.9772533888154254,0.0,0.011530308789133742,3.4417133376232516e-05,0.00719840128917107
6865,Botnet ARES,Botnet ARES,0.9996696914371873,0.0,0.0,0.0,0.0003303085628127412,0.0,0.0
6866,PortScan,PortScan,0.0,0.0,0.0,0.0,7.417036449015093e-05,0.9999258296355099,0.0
6867,PortScan,PortScan,0.0,0.0,0.0,0.0,0.00010940824429178676,0.9998905917557083,0.0
6868,Normal,Normal,0.0,0.0,0.0,0.0,1.0,0.0,0.0
6869,PortScan,PortScan,0.0,0.0,0.0,0.0,0.0007209832031803154,0.9992790167968196,0.0
6870,Normal,Normal,0.0,0.0,0.0,0.0,1.0,0.0,0.0
6871,Normal,Normal,0.0,0.0,0.0,0.0,1.0,0.0,0.0
6872,Normal,Normal,0.0,0.0,0.0,0.0,1.0,0.0,0.0
6873,Normal,Normal,0.0,0.0,0.0,0.0,1.0,0.0,0.0
6874,PortScan,PortScan,0.0,0.0,0.0,0.0,7.417036449015093e-05,0.9999258296355099,0.0
6875,Dos/DDos,Dos/DDos,0.0,0.0,1.0,0.0,0.0,0.0,0.0
6876,PortScan,PortScan,0.0,0.0,0.0,0.0,0.002779715469408512,0.9972202845305916,0.0
6877,PortScan,PortScan,0.0,0.0,0.0,0.0,7.417036449015093e-05,0.9999258296355099,0.0
6878,Dos/DDos,Dos/DDos,0.0,0.0,1.0,0.0,0.0,0.0,0.0
6879,Dos/DDos,Dos/DDos,0.0,0.0,1.0,0.0,0.0,0.0,0.0
6880,Normal,Normal,0.0,0.0,0.0,0.0,1.0,0.0,0.0
6881,Normal,Normal,0.0,0.0,0.0,0.0,1.0,0.0,0.0
6882,Normal,Normal,0.0010500405594745178,0.02880510012334536,0.0005153915452313562,0.0,0.9500903688183939,0.0,0.0195390989535548
6883,Dos/DDos,Dos/DDos,0.0,0.0,1.0,0.0,0.0,0.0,0.0
6884,Dos/DDos,Dos/DDos,0.0,0.0008917116011185303,0.9474282979484309,0.0,0.014053341981119086,0.03584826069023134,0.001778387779100164
6885,PortScan,PortScan,0.0,0.0,0.0,0.0,0.0016806873033864906,0.9983193126966136,0.0
6886,Normal,Normal,0.0,0.0,0.037521322889469105,0.0,0.9607894879213417,0.0016891891891891895,0.0
6887,Web Attack,Web Attack,0.0,0.0,1.4083720890171383e-05,0.0,0.0014186302283242169,6.30767990631958e-05,0.9985042092517221
6888,PortScan,PortScan,0.0,0.0,0.0,0.0,0.0018200521295441874,0.9981799478704559,0.0
6889,Normal,Normal,0.0,0.0,0.0,0.0,1.0,0.0,0.0
6890,Normal,Normal,0.0,0.0,0.0,0.0,1.0,0.0,0.0
6891,PortScan,PortScan,0.0,0.0,0.0,0.0,0.0010488510706976421,0.9989511489293024,0.0
6892,Web Attack,Web Attack,0.0,0.0,1.4083720890171383e-05,0.0,0.005887165806984421,0.006247361905025165,0.9878513885671002
6893,PortScan,PortScan,0.0,0.0,0.0,0.0,7.417036449015093e-05,0.9999258296355099,0.0
6894,Normal,Normal,0.18926468227809934,0.0,0.0,0.0,0.8107353177219008,0.0,0.0
6895,Normal,Normal,0.0,0.0,0.0,0.0,0.982373610613123,0.0,0.017626389386877016
6896,Normal,Normal,0.0,0.0,0.0,0.0,1.0,0.0,0.0
6897,Normal,Normal,0.0,0.0,0.0,0.0,1.0,0.0,0.0
6898,Web Attack,Web Attack,0.0,0.0,1.4083720890171383e-05,0.0,0.0014186302283242169,6.30767990631958e-05,0.9985042092517221
6899,Normal,Normal,0.0,0.0,0.0,0.0,1.0,0.0,0.0
6900,Normal,Normal,0.0,0.0,0.0,0.0,1.0,0.0,0.0
6901,Normal,Normal,0.0,0.0,0.0,0.0,1.0,0.0,0.0
6902,PortScan,PortScan,0.0,0.0,0.0,0.0,0.00010940824429178676,0.9998905917557083,0.0
6903,Normal,Normal,0.0,0.0,0.006680158791935861,0.0,0.9933198412080642,0.0,0.0
6904,Brute Force,Brute Force,0.0,1.0,0.0,0.0,0.0,0.0,0.0
6905,PortScan,PortScan,0.0,0.0,0.0,0.0,0.001063112812623945,0.998936887187376,0.0
6906,Normal,Normal,0.0,0.0,0.0,0.0,1.0,0.0,0.0
6907,PortScan,PortScan,0.0,0.0,0.0,0.0,7.417036449015093e-05,0.9999258296355099,0.0
6908,Web Attack,Web Attack,0.0,0.0,1.4083720890171383e-05,0.0,0.0010767330448849778,5.853123184749522e-05,0.9988506520023772
6909,PortScan,PortScan,0.0,0.0,0.0,0.0,5.9790855037425386e-05,0.9999402091449626,0.0
6910,PortScan,PortScan,0.0,0.0,0.0,0.0,7.417036449015093e-05,0.9999258296355099,0.0
6911,PortScan,PortScan,0.0,0.0,0.0,0.0,0.002643876133466521,0.9973561238665336,0.0
6912,PortScan,PortScan,0.0,0.0,0.0,0.0,7.417036449015093e-05,0.9999258296355099,0.0
6913,Brute Force,Brute Force,0.0,1.0,0.0,0.0,0.0,0.0,0.0
6914,PortScan,PortScan,0.0,0.0,0.0,0.0,0.00010940824429178676,0.9998905917557083,0.0
6915,PortScan,PortScan,0.0,0.0,0.0,0.0,0.0010488510706976421,0.9989511489293024,0.0
6916,PortScan,PortScan,0.0,0.0,0.0,0.0,0.0036773019368120806,0.9963226980631882,0.0
6917,PortScan,PortScan,0.0,0.0,0.0,0.0,0.0007067214612540124,0.9992932785387459,0.0
6918,PortScan,PortScan,0.0,0.0,0.0,0.0,0.002643876133466521,0.9973561238665336,0.0
6919,PortScan,PortScan,0.0,0.0,0.0,0.0,7.417036449015093e-05,0.9999258296355099,0.0
6920,PortScan,PortScan,0.0,0.0,0.0,0.0,0.001978219536121109,0.9980217804638791,0.0
6921,PortScan,PortScan,0.0,0.0,0.0,0.0,0.0019495741385205986,0.9980504258614795,0.0
6922,Botnet ARES,Botnet ARES,0.9906104481560175,0.0,0.0,0.0,0.00938955184398243,0.0,0.0
6923,Brute Force,Brute Force,0.0,0.999975398192537,0.0,0.0,2.4601807462940075e-05,0.0,0.0
6924,PortScan,PortScan,0.0,0.0,0.0,0.0,0.00010940824429178676,0.9998905917557083,0.0
6925,Brute Force,Brute Force,0.0,1.0,0.0,0.0,0.0,0.0,0.0
6926,PortScan,PortScan,0.0,0.0,0.0,0.0,7.417036449015093e-05,0.9999258296355099,0.0
6927,Brute Force,Brute Force,0.0,0.9522623620034456,0.0029766544270049353,0.0,0.014501835760378135,0.0,0.030259147809171466
6928,PortScan,PortScan,0.0,0.0,0.0,0.0,0.001532701481143675,0.9984672985188564,0.0
6929,PortScan,PortScan,0.0,0.0,0.0,0.0,7.417036449015093e-05,0.9999258296355099,0.0
6930,PortScan,PortScan,0.0,0.0,0.0,0.0,0.00010940824429178676,0.9998905917557083,0.0
6931,Brute Force,Brute Force,0.0,0.9998667055532651,0.0,0.0,0.00013329444673491696,0.0,0.0
6932,PortScan,PortScan,0.0,0.0,0.0,0.0,7.417036449015093e-05,0.9999258296355099,0.0
6933,PortScan,PortScan,0.0,0.0,0.0,0.0,7.417036449015093e-05,0.9999258296355099,0.0
6934,PortScan,PortScan,0.0,0.0,0.0,0.0,0.00010940824429178676,0.9998905917557083,0.0
6935,PortScan,PortScan,0.0,0.0,0.0,0.0,0.00153553191903505,0.998464468080965,0.0
6936,PortScan,PortScan,0.0,0.0,0.0,0.0,0.0016420042152960868,0.998357995784704,0.0
6937,PortScan,PortScan,0.0,0.0,0.0,0.0,0.001978219536121109,0.9980217804638791,0.0
6938,Brute Force,Brute Force,0.0,1.0,0.0,0.0,0.0,0.0,0.0
6939,Web Attack,Web Attack,0.0,0.0,1.4083720890171383e-05,0.0,0.0010767330448849778,5.853123184749522e-05,0.9988506520023772
6940,Brute Force,Brute Force,0.0,0.9631939092393665,0.0029766544270049353,0.0,0.012323334924409615,0.0,0.021506101409219
6941,PortScan,PortScan,0.0,0.0,0.0,0.0,0.0018200521295441874,0.9981799478704559,0.0
6942,PortScan,PortScan,0.0,0.0,0.0,0.0,0.00010940824429178676,0.9998905917557083,0.0
6943,PortScan,PortScan,0.0,0.0,0.0,0.0,7.417036449015093e-05,0.9999258296355099,0.0
6944,PortScan,PortScan,0.0,0.0,0.0,0.0,0.0016368897882905603,0.9983631102117095,0.0
6945,PortScan,PortScan,0.0,0.0,0.0,0.0,7.417036449015093e-05,0.9999258296355099,0.0
6946,PortScan,PortScan,0.0,0.0,0.0,0.0,0.000958385865128954,0.999041614134871,0.0
6947,PortScan,PortScan,0.0,0.0,0.0,0.0,0.00010940824429178676,0.9998905917557083,0.0
6948,Brute Force,Brute Force,0.0,0.9606661601799914,0.0029766544270049353,0.0,0.013071659635060575,0.0,0.023285525757943223
6949,PortScan,PortScan,0.0,0.0,0.0,0.0,7.417036449015093e-05,0.9999258296355099,0.0
6950,Brute Force,Brute Force,0.0,1.0,0.0,0.0,0.0,0.0,0.0
6951,PortScan,PortScan,0.0,0.0,0.0,0.0,0.0014028033590947247,0.9985971966409053,0.0
6952,PortScan,PortScan,0.0,0.0,0.0,0.0,0.016456114272705925,0.9835438857272943,0.0
6953,Web Attack,Web Attack,0.0,0.0,1.4083720890171383e-05,0.0,0.0013977305287910119,6.30767990631958e-05,0.9985251089512555
6954,Brute Force,Brute Force,0.0,1.0,0.0,0.0,0.0,0.0,0.0
6955,Botnet ARES,Botnet ARES,1.0,0.0,0.0,0.0,0.0,0.0,0.0
6956,PortScan,PortScan,0.0,0.0,0.0,0.0,7.417036449015093e-05,0.9999258296355099,0.0
6957,PortScan,PortScan,0.0,0.0,0.0,0.0,0.00010940824429178676,0.9998905917557083,0.0
6958,PortScan,PortScan,0.0,0.0,0.0,0.0,0.0038817755120723126,0.996118224487928,0.0
6959,PortScan,PortScan,0.0,0.0,0.0,0.0,7.417036449015093e-05,0.9999258296355099,0.0
6960,PortScan,PortScan,0.0,0.0,0.0,0.0,0.00010940824429178676,0.9998905917557083,0.0
6961,PortScan,PortScan,0.0,0.0,0.0,0.0,0.003756232803477323,0.9962437671965229,0.0
6962,PortScan,PortScan,0.0,0.0,0.0,0.0,0.0014028033590947247,0.9985971966409053,0.0
6963,PortScan,PortScan,0.0,0.0,0.0,0.0,7.417036449015093e-05,0.9999258296355099,0.0
6964,Brute Force,Brute Force,0.0,0.962706150113201,0.0029766544270049353,0.0,0.01276546330221945,0.0,0.021551732157574756
6965,PortScan,PortScan,0.0,0.0,0.0,0.0,0.00153553191903505,0.998464468080965,0.0
6966,PortScan,PortScan,0.0,0.0,0.0,0.0,0.0014028033590947247,0.9985971966409053,0.0
6967,PortScan,PortScan,0.0,0.0,0.0,0.0,8.56493160846622e-05,0.9999143506839154,0.0
6968,PortScan,PortScan,0.0,0.0,0.0,0.0,0.00010940824429178676,0.9998905917557083,0.0
6969,PortScan,PortScan,0.0,0.0,0.0,0.0,0.00010940824429178676,0.9998905917557083,0.0
6970,Brute Force,Brute Force,0.0,0.9525098629501096,0.0029766544270049353,0.0,0.014263692656602543,0.0,0.03024978996628299
6971,Botnet ARES,Botnet ARES,0.9886366000018192,0.0,0.0,0.0,0.011363399998180968,0.0,0.0
6972,Brute Force,Brute Force,0.0,1.0,0.0,0.0,0.0,0.0,0.0
6973,PortScan,PortScan,0.0,0.0,0.0,0.0,0.0014028033590947247,0.9985971966409053,0.0
6974,PortScan,PortScan,0.0,0.0,0.0,0.0,7.417036449015093e-05,0.9999258296355099,0.0
6975,PortScan,PortScan,0.0,0.0,0.0,0.0,0.0007209832031803154,0.9992790167968196,0.0
6976,Botnet ARES,Botnet ARES,1.0,0.0,0.0,0.0,0.0,0.0,0.0
6977,PortScan,PortScan,0.0,0.0,0.0,0.0,0.00010940824429178676,0.9998905917557083,0.0
6978,PortScan,PortScan,0.0,0.0,0.0,0.0,0.0024568433805013026,0.9975431566194989,0.0
6979,Brute Force,Brute Force,0.0,1.0,0.0,0.0,0.0,0.0,0.0
6980,PortScan,PortScan,0.0,0.0,0.0,0.0,0.0013708639541191328,0.998629136045881,0.0
6981,PortScan,PortScan,0.0,0.0,0.0,0.0,0.0031156910669122816,0.9968843089330879,0.0
6982,PortScan,PortScan,0.0,0.0,0.0,0.0,0.005866890856109555,0.9941331091438905,0.0
6983,Brute Force,Brute Force,0.0,0.9998667055532651,0.0,0.0,0.00013329444673491696,0.0,0.0
6984,PortScan,PortScan,0.0,0.0,0.0,0.0,0.0034851590630856476,0.9965148409369146,0.0
6985,Brute Force,Brute Force,0.0,1.0,0.0,0.0,0.0,0.0,0.0
6986,Brute Force,Brute Force,0.0,0.9998667055532651,0.0,0.0,0.00013329444673491696,0.0,0.0
6987,PortScan,PortScan,0.0,0.0,0.0,0.0,7.417036449015093e-05,0.9999258296355099,0.0
6988,Brute Force,Brute Force,0.0,1.0,0.0,0.0,0.0,0.0,0.0
6989,PortScan,PortScan,0.0,0.0,0.0,0.0,0.00010940824429178676,0.9998905917557083,0.0
6990,PortScan,PortScan,0.0,0.0,0.0,0.0,0.00010940824429178676,0.9998905917557083,0.0
6991,PortScan,PortScan,0.0,0.0,0.0,0.0,0.0035049851002136325,0.9964950148997866,0.0
6992,PortScan,PortScan,0.0,0.0,0.0,0.0,0.00010940824429178676,0.9998905917557083,0.0
6993,Botnet ARES,Botnet ARES,1.0,0.0,0.0,0.0,0.0,0.0,0.0
6994,PortScan,PortScan,0.0,0.0,0.0,0.0,0.00010940824429178676,0.9998905917557083,0.0
6995,Web Attack,Web Attack,0.0,0.0,1.4083720890171383e-05,0.0,0.0011901633936420696,5.853123184749522e-05,0.9987372216536202
6996,PortScan,PortScan,0.0,0.0,0.0,0.0,0.00010940824429178676,0.9998905917557083,0.0
6997,Brute Force,Brute Force,0.0,1.0,0.0,0.0,0.0,0.0,0.0
6998,PortScan,PortScan,0.0,0.0,0.0,0.0,7.417036449015093e-05,0.9999258296355099,0.0
6999,PortScan,PortScan,0.0,0.0,0.0,0.0,7.417036449015093e-05,0.9999258296355099,0.0
7000,PortScan,PortScan,0.0,0.0,0.0,0.0,7.417036449015093e-05,0.9999258296355099,0.0
7001,PortScan,PortScan,0.0,0.0,0.0,0.0,7.417036449015093e-05,0.9999258296355099,0.0
7002,PortScan,PortScan,0.0,0.0,0.0,0.0,0.005889744605320678,0.9941102553946796,0.0
7003,PortScan,PortScan,0.0,0.0,0.0,0.0,0.002643876133466521,0.9973561238665336,0.0
7004,PortScan,PortScan,0.0,0.0,0.0,0.0,0.00010940824429178676,0.9998905917557083,0.0
7005,PortScan,PortScan,0.0,0.0,0.0,0.0,0.00010940824429178676,0.9998905917557083,0.0
7006,Brute Force,Brute Force,0.0,0.966727187630533,0.0029766544270049353,0.0,0.011254272568067127,0.0,0.019041885374395086
7007,Brute Force,Brute Force,0.0,1.0,0.0,0.0,0.0,0.0,0.0
7008,PortScan,PortScan,0.0,0.0,0.0,0.0,0.0016003478380821065,0.998399652161918,0.0
7009,PortScan,PortScan,0.0,0.0,0.0,0.0,7.417036449015093e-05,0.9999258296355099,0.0
7010,PortScan,PortScan,0.0,0.0,0.0,0.0,0.00010940824429178676,0.9998905917557083,0.0
7011,Brute Force,Brute Force,0.0,0.962706150113201,0.0029766544270049353,0.0,0.01276546330221945,0.0,0.021551732157574756
7012,Brute Force,Brute Force,0.0,0.9495347203621517,0.0029766544270049353,0.0,0.014263692656602543,0.0,0.03322493255424085
7013,PortScan,PortScan,0.0,0.0,0.0,0.0,7.417036449015093e-05,0.9999258296355099,0.0
7014,Brute Force,Brute Force,0.0,1.0,0.0,0.0,0.0,0.0,0.0
7015,PortScan,PortScan,0.0,0.0,0.0,0.0,0.001532701481143675,0.9984672985188564,0.0
7016,Brute Force,Brute Force,0.0,0.999975398192537,0.0,0.0,2.4601807462940075e-05,0.0,0.0
7017,PortScan,PortScan,0.0,0.0,0.0,0.0,7.417036449015093e-05,0.9999258296355099,0.0
7018,PortScan,PortScan,0.0,0.0,0.0,0.0,0.0007209832031803154,0.9992790167968196,0.0
7019,PortScan,PortScan,0.0,0.0,0.0,0.0,7.417036449015093e-05,0.9999258296355099,0.0
7020,Brute Force,Brute Force,0.0,1.0,0.0,0.0,0.0,0.0,0.0
7021,Brute Force,Brute Force,0.0,1.0,0.0,0.0,0.0,0.0,0.0
7022,PortScan,PortScan,0.0,0.0,0.0,0.0,0.001978219536121109,0.9980217804638791,0.0
7023,Brute Force,Brute Force,0.0,0.9982009597927275,0.0,0.0,0.0017990402072725487,0.0,0.0
7024,PortScan,PortScan,0.0,0.0,0.0,0.0,7.417036449015093e-05,0.9999258296355099,0.0
7025,PortScan,PortScan,0.0,0.0,0.0,0.0,7.417036449015093e-05,0.9999258296355099,0.0
7026,PortScan,PortScan,0.0,0.0,0.0,0.0,0.00010940824429178676,0.9998905917557083,0.0
7027,PortScan,PortScan,0.0,0.0,0.0,0.0,0.002199916599990163,0.99780008340001,0.0
7028,PortScan,PortScan,0.0,0.0,0.0,0.0,0.005865649500881088,0.9941343504991188,0.0
7029,Brute Force,Brute Force,0.0,1.0,0.0,0.0,0.0,0.0,0.0
7030,PortScan,PortScan,0.0,0.0,0.0,0.0,0.0033823849904575567,0.9966176150095427,0.0
7031,Brute Force,Brute Force,0.0,1.0,0.0,0.0,0.0,0.0,0.0
7032,Brute Force,Brute Force,0.0,0.9576910175920333,0.0029766544270049353,0.0,0.013071659635060575,0.0,0.026260668345901083
7033,Brute Force,Brute Force,0.0,1.0,0.0,0.0,0.0,0.0,0.0
7034,Brute Force,Brute Force,0.0,1.0,0.0,0.0,0.0,0.0,0.0
7035,Botnet ARES,Botnet ARES,0.999774330969387,0.0,0.0,0.0,0.00022566903061300287,0.0,0.0
7036,PortScan,PortScan,0.0,0.0,0.0,0.0,0.001532701481143675,0.9984672985188564,0.0
7037,PortScan,PortScan,0.0,0.0,0.0,0.0,5.9790855037425386e-05,0.9999402091449626,0.0
7038,PortScan,PortScan,0.0,0.0,0.0,0.0,0.00010940824429178676,0.9998905917557083,0.0
7039,PortScan,PortScan,0.0,0.0,0.0,0.0,7.417036449015093e-05,0.9999258296355099,0.0
7040,PortScan,PortScan,0.0,0.0,0.0,0.0,0.001440679331418862,0.9985593206685812,0.0
7041,PortScan,PortScan,0.0,0.0,0.0,0.0,0.00010940824429178676,0.9998905917557083,0.0
7042,PortScan,PortScan,0.0,0.0,0.0,0.0,0.001440679331418862,0.9985593206685812,0.0
7043,PortScan,PortScan,0.0,0.0,0.0,0.0,0.001509970432581729,0.9984900295674183,0.0
7044,PortScan,PortScan,0.0,0.0,0.0,0.0,7.417036449015093e-05,0.9999258296355099,0.0
7045,Web Attack,Web Attack,0.0,0.0,1.4083720890171383e-05,0.0,0.001550279110412039,6.30767990631958e-05,0.9983725603696344
7046,Brute Force,Brute Force,0.0,0.999975398192537,0.0,0.0,2.4601807462940075e-05,0.0,0.0
7047,Brute Force,Brute Force,0.0,0.9667787467370023,0.0029766544270049353,0.0,0.011254272568067127,0.0,0.018990326267925833
7048,PortScan,PortScan,0.0,0.0,0.0,0.0,0.001978219536121109,0.9980217804638791,0.0
7049,PortScan,PortScan,0.0,0.0,0.0,0.0,7.417036449015093e-05,0.9999258296355099,0.0
7050,PortScan,PortScan,0.0,0.0,0.0,0.0,0.0007209832031803154,0.9992790167968196,0.0
7051,Brute Force,Brute Force,0.0,1.0,0.0,0.0,0.0,0.0,0.0
7052,Botnet ARES,Botnet ARES,1.0,0.0,0.0,0.0,0.0,0.0,0.0
7053,Brute Force,Brute Force,0.0,0.9525098629501096,0.0029766544270049353,0.0,0.014263692656602543,0.0,0.03024978996628299
7054,PortScan,PortScan,0.0,0.0,0.0,0.0,0.0016420042152960868,0.998357995784704,0.0
7055,PortScan,PortScan,0.04580253522414158,0.0,0.022107301835648206,0.009952885747938752,0.0641431031081324,0.8579941740841391,0.0
7056,Brute Force,Brute Force,0.0,1.0,0.0,0.0,0.0,0.0,0.0
7057,PortScan,PortScan,0.0,0.0,0.0,0.0,0.001268828059435457,0.9987311719405646,0.0
7058,PortScan,PortScan,0.0,0.0,0.0,0.0,0.0017390630352036819,0.9982609369647963,0.0
7059,PortScan,PortScan,0.0,0.0,0.0,0.0,0.00010940824429178676,0.9998905917557083,0.0
7060,PortScan,PortScan,0.0,0.0,0.0,0.0,0.002930293391669669,0.9970697066083304,0.0
7061,PortScan,PortScan,0.0,0.0,0.0,0.0,0.0035119069994339674,0.9964880930005663,0.0
7062,PortScan,PortScan,0.0,0.0,0.0,0.0,7.417036449015093e-05,0.9999258296355099,0.0
7063,PortScan,PortScan,0.0,0.0,0.0,0.0,7.417036449015093e-05,0.9999258296355099,0.0
7064,Botnet ARES,Botnet ARES,0.9943482769487144,0.0,0.0,0.0,0.005651723051285312,0.0,0.0
7065,PortScan,PortScan,0.0,0.0,0.0,0.0,7.417036449015093e-05,0.9999258296355099,0.0
7066,PortScan,PortScan,0.0,0.0,0.0,0.0,7.417036449015093e-05,0.9999258296355099,0.0
7067,PortScan,PortScan,0.0,0.0,0.0,0.0,7.417036449015093e-05,0.9999258296355099,0.0
7068,PortScan,PortScan,0.0,0.0,0.0,0.0,0.00010940824429178676,0.9998905917557083,0.0
7069,PortScan,PortScan,0.0,0.0,0.0,0.0,0.004931413706702635,0.9950685862932975,0.0
7070,Brute Force,Brute Force,0.0,1.0,0.0,0.0,0.0,0.0,0.0
7071,PortScan,PortScan,0.0,0.0,0.0,0.0,0.00010940824429178676,0.9998905917557083,0.0
7072,Brute Force,Brute Force,0.0,1.0,0.0,0.0,0.0,0.0,0.0
7073,PortScan,PortScan,0.0,0.0,0.0024720540288775037,0.009944158466356831,0.10987568955969972,0.8777080979450659,0.0
7074,PortScan,PortScan,0.0,0.0,0.0,0.0,0.001440679331418862,0.9985593206685812,0.0
7075,PortScan,PortScan,0.0,0.0,0.0,0.0,0.0017390630352036819,0.9982609369647963,0.0
7076,PortScan,PortScan,0.0,0.0,0.0,0.0,0.001532701481143675,0.9984672985188564,0.0
7077,Brute Force,Brute Force,0.0,1.0,0.0,0.0,0.0,0.0,0.0
7078,PortScan,PortScan,0.0,0.0,0.0,0.0,0.00010940824429178676,0.9998905917557083,0.0
7079,Brute Force,Brute Force,0.0,1.0,0.0,0.0,0.0,0.0,0.0
7080,Brute Force,Brute Force,0.0,1.0,0.0,0.0,0.0,0.0,0.0
7081,PortScan,PortScan,0.0,0.0,0.0,0.0,0.001063112812623945,0.998936887187376,0.0
7082,PortScan,PortScan,0.0,0.0,0.0,0.0,0.0014481674623413885,0.9985518325376588,0.0
7083,PortScan,PortScan,0.0,0.0,0.0,0.0,7.417036449015093e-05,0.9999258296355099,0.0
7084,PortScan,PortScan,0.0,0.0,0.0,0.0,7.417036449015093e-05,0.9999258296355099,0.0
7085,PortScan,PortScan,0.0,0.0,0.0,0.0,0.0035119069994339674,0.9964880930005663,0.0
7086,PortScan,PortScan,0.0,0.0,0.0,0.0,7.417036449015093e-05,0.9999258296355099,0.0
7087,PortScan,PortScan,0.0,0.0,0.0,0.0,0.0035049851002136325,0.9964950148997866,0.0
7088,PortScan,PortScan,0.0,0.0,0.0,0.0,0.0035119069994339674,0.9964880930005663,0.0
7089,PortScan,PortScan,0.0,0.0,0.0,0.0,8.56493160846622e-05,0.9999143506839154,0.0
7090,PortScan,PortScan,0.0,0.0,0.0,0.0,0.0036773019368120806,0.9963226980631882,0.0
7091,PortScan,PortScan,0.0,0.0,0.0,0.0,7.417036449015093e-05,0.9999258296355099,0.0
7092,PortScan,PortScan,0.0,0.0,0.0,0.0,0.002199916599990163,0.99780008340001,0.0
7093,Brute Force,Brute Force,0.0,1.0,0.0,0.0,0.0,0.0,0.0
7094,PortScan,PortScan,0.0,0.0,0.0,0.0,7.417036449015093e-05,0.9999258296355099,0.0
7095,Botnet ARES,Botnet ARES,0.9996696914371873,0.0,0.0,0.0,0.0003303085628127412,0.0,0.0
7096,Brute Force,Brute Force,0.0,1.0,0.0,0.0,0.0,0.0,0.0
7097,PortScan,PortScan,0.00798804408742761,0.0,0.002458868995836506,0.0,0.09507141959324525,0.880642363068292,0.013839304255198588
7098,PortScan,PortScan,0.0,0.0,0.0,0.0,7.417036449015093e-05,0.9999258296355099,0.0
7099,PortScan,PortScan,0.0,0.0,0.0,0.0,0.0017248012932773783,0.9982751987067228,0.0
7100,PortScan,PortScan,0.0,0.0,0.0,0.0,0.0013851256960454358,0.9986148743039546,0.0
7101,Brute Force,Brute Force,0.0,1.0,0.0,0.0,0.0,0.0,0.0
7102,Brute Force,Brute Force,0.0,1.0,0.0,0.0,0.0,0.0,0.0
7103,PortScan,PortScan,0.0,0.0,0.0,0.0,0.0024375858599648827,0.9975624141400352,0.0
7104,PortScan,PortScan,0.0,0.0,0.0,0.0,0.013773013104873635,0.9862269868951264,0.0
7105,PortScan,PortScan,0.0,0.0,0.0,0.0,7.417036449015093e-05,0.9999258296355099,0.0
7106,PortScan,PortScan,0.0,0.0,0.0,0.0,5.9790855037425386e-05,0.9999402091449626,0.0
7107,PortScan,PortScan,0.0,0.0,0.0,0.0,7.417036449015093e-05,0.9999258296355099,0.0
7108,PortScan,PortScan,0.0,0.01,0.021052000366947664,0.0,0.02705728016157143,0.941890719471481,0.0
7109,Web Attack,Web Attack,0.0,0.0,1.4083720890171383e-05,0.0,0.0014119945962276126,6.30767990631958e-05,0.9985108448838189
7110,Web Attack,Web Attack,0.0,0.0,1.4083720890171383e-05,0.0,0.0010767330448849778,5.853123184749522e-05,0.9988506520023772
7111,Brute Force,Brute Force,0.0,1.0,0.0,0.0,0.0,0.0,0.0
7112,Brute Force,Brute Force,0.0,1.0,0.0,0.0,0.0,0.0,0.0
7113,Brute Force,Brute Force,0.0,1.0,0.0,0.0,0.0,0.0,0.0
7114,Brute Force,Brute Force,0.0,0.9606661601799914,0.0029766544270049353,0.0,0.013071659635060575,0.0,0.023285525757943223
7115,Brute Force,Brute Force,0.0,1.0,0.0,0.0,0.0,0.0,0.0
7116,Brute Force,Brute Force,0.0,1.0,0.0,0.0,0.0,0.0,0.0
7117,Brute Force,Brute Force,0.0,1.0,0.0,0.0,0.0,0.0,0.0
7118,Brute Force,Brute Force,0.0,1.0,0.0,0.0,0.0,0.0,0.0
7119,Brute Force,Brute Force,0.0,0.9998667055532651,0.0,0.0,0.00013329444673491696,0.0,0.0
7120,Brute Force,Brute Force,0.0,0.9998667055532651,0.0,0.0,0.00013329444673491696,0.0,0.0
7121,Botnet ARES,Botnet ARES,1.0,0.0,0.0,0.0,0.0,0.0,0.0
7122,Brute Force,Brute Force,0.0,0.999975398192537,0.0,0.0,2.4601807462940075e-05,0.0,0.0
7123,Brute Force,Brute Force,0.0,0.999975398192537,0.0,0.0,2.4601807462940075e-05,0.0,0.0
7124,Web Attack,Web Attack,0.0,0.0,1.4083720890171383e-05,0.0,0.0010767330448849778,5.853123184749522e-05,0.9988506520023772
7125,Web Attack,Web Attack,0.0,0.0,1.4083720890171383e-05,0.0,0.0014186302283242169,6.30767990631958e-05,0.9985042092517221
7126,Brute Force,Brute Force,0.0,0.9606661601799914,0.0029766544270049353,0.0,0.013071659635060575,0.0,0.023285525757943223
7127,Brute Force,Brute Force,0.0,1.0,0.0,0.0,0.0,0.0,0.0
7128,Brute Force,Brute Force,0.0,1.0,0.0,0.0,0.0,0.0,0.0
7129,Brute Force,Brute Force,0.0,1.0,0.0,0.0,0.0,0.0,0.0
7130,Brute Force,Brute Force,0.0,1.0,0.0,0.0,0.0,0.0,0.0
7131,Brute Force,Brute Force,0.0,0.9606661601799914,0.0029766544270049353,0.0,0.013071659635060575,0.0,0.023285525757943223
7132,Brute Force,Brute Force,0.0,1.0,0.0,0.0,0.0,0.0,0.0
7133,Web Attack,Web Attack,0.0,0.0,1.4083720890171383e-05,0.0,0.0010767330448849778,5.853123184749522e-05,0.9988506520023772
7134,Brute Force,Brute Force,0.0,0.9998667055532651,0.0,0.0,0.00013329444673491696,0.0,0.0
7135,Brute Force,Brute Force,0.0,0.999975398192537,0.0,0.0,2.4601807462940075e-05,0.0,0.0
7136,Web Attack,Web Attack,0.0,0.0,1.4083720890171383e-05,0.0,0.0010767330448849778,5.853123184749522e-05,0.9988506520023772
7137,Web Attack,Web Attack,0.0,0.0,1.4083720890171383e-05,0.0,0.0014186302283242169,6.30767990631958e-05,0.9985042092517221
7138,Brute Force,Brute Force,0.0,1.0,0.0,0.0,0.0,0.0,0.0
7139,Brute Force,Brute Force,0.0,1.0,0.0,0.0,0.0,0.0,0.0
7140,Brute Force,Brute Force,0.0,1.0,0.0,0.0,0.0,0.0,0.0
7141,Brute Force,Brute Force,0.0,0.999975398192537,0.0,0.0,2.4601807462940075e-05,0.0,0.0
7142,Web Attack,Web Attack,0.0,0.0,1.4083720890171383e-05,0.0,0.0013977305287910119,6.30767990631958e-05,0.9985251089512555
7143,Brute Force,Brute Force,0.0,1.0,0.0,0.0,0.0,0.0,0.0
7144,Web Attack,Web Attack,0.0,0.0,1.4083720890171383e-05,0.0,0.0013872884381312548,6.30767990631958e-05,0.9985355510419153
7145,Brute Force,Brute Force,0.0,0.962706150113201,0.0029766544270049353,0.0,0.01276546330221945,0.0,0.021551732157574756
7146,Brute Force,Brute Force,0.0,1.0,0.0,0.0,0.0,0.0,0.0
7147,Brute Force,Brute Force,0.0,0.9576910175920333,0.0029766544270049353,0.0,0.013071659635060575,0.0,0.026260668345901083
7148,Brute Force,Brute Force,0.0,0.9998667055532651,0.0,0.0,0.00013329444673491696,0.0,0.0
7149,Brute Force,Brute Force,0.0,0.9606661601799914,0.0029766544270049353,0.0,0.013071659635060575,0.0,0.023285525757943223
7150,Brute Force,Brute Force,0.0,0.999975398192537,0.0,0.0,2.4601807462940075e-05,0.0,0.0
7151,Brute Force,Brute Force,0.0,1.0,0.0,0.0,0.0,0.0,0.0
7152,Brute Force,Brute Force,0.0,1.0,0.0,0.0,0.0,0.0,0.0
7153,Brute Force,Brute Force,0.0,1.0,0.0,0.0,0.0,0.0,0.0
7154,Brute Force,Brute Force,0.0,1.0,0.0,0.0,0.0,0.0,0.0
7155,Brute Force,Brute Force,0.0,0.9998667055532651,0.0,0.0,0.00013329444673491696,0.0,0.0
7156,Web Attack,Web Attack,0.0,0.0,1.4083720890171383e-05,0.0,0.001550279110412039,6.30767990631958e-05,0.9983725603696344
7157,Brute Force,Brute Force,0.0,1.0,0.0,0.0,0.0,0.0,0.0
7158,Brute Force,Brute Force,0.0,1.0,0.0,0.0,0.0,0.0,0.0
7159,Web Attack,Web Attack,0.0,0.0,0.002765736134942813,0.0,0.01,0.0,0.9872342638650571
7160,Brute Force,Brute Force,0.0,1.0,0.0,0.0,0.0,0.0,0.0
7161,Web Attack,Web Attack,0.0,0.0,1.4083720890171383e-05,0.0,0.0014186302283242169,6.30767990631958e-05,0.9985042092517221
7162,Web Attack,Web Attack,0.0,0.0,0.0,0.0,0.006218970307308962,0.0,0.9937810296926911
7163,Brute Force,Brute Force,0.0,1.0,0.0,0.0,0.0,0.0,0.0
7164,Brute Force,Brute Force,0.0,0.999975398192537,0.0,0.0,2.4601807462940075e-05,0.0,0.0
7165,Brute Force,Brute Force,0.0,1.0,0.0,0.0,0.0,0.0,0.0
7166,Brute Force,Brute Force,0.0,1.0,0.0,0.0,0.0,0.0,0.0
7167,Brute Force,Brute Force,0.0,0.9576910175920333,0.0029766544270049353,0.0,0.013071659635060575,0.0,0.026260668345901083
7168,Brute Force,Brute Force,0.0,1.0,0.0,0.0,0.0,0.0,0.0
7169,Brute Force,Brute Force,0.0,0.9982009597927275,0.0,0.0,0.0017990402072725487,0.0,0.0
7170,Brute Force,Brute Force,0.0,1.0,0.0,0.0,0.0,0.0,0.0
7171,Brute Force,Brute Force,0.0,0.9525098629501096,0.0029766544270049353,0.0,0.014263692656602543,0.0,0.03024978996628299
7172,Brute Force,Brute Force,0.0,1.0,0.0,0.0,0.0,0.0,0.0
7173,Brute Force,Brute Force,0.0,1.0,0.0,0.0,0.0,0.0,0.0
7174,Botnet ARES,Botnet ARES,0.9887175722490388,0.0,0.0,0.0,0.011282427750961131,0.0,0.0
7175,Brute Force,Brute Force,0.0,0.999975398192537,0.0,0.0,2.4601807462940075e-05,0.0,0.0
7176,Botnet ARES,Botnet ARES,0.999774330969387,0.0,0.0,0.0,0.00022566903061300287,0.0,0.0
7177,Brute Force,Brute Force,0.0,1.0,0.0,0.0,0.0,0.0,0.0
7178,Brute Force,Brute Force,0.0,0.9525098629501096,0.0029766544270049353,0.0,0.014263692656602543,0.0,0.03024978996628299
7179,Web Attack,Web Attack,0.0,0.07980203060771854,0.0034598891941967067,0.0,0.10422196716706753,0.0,0.8125161130310178
7180,Botnet ARES,Botnet ARES,0.9944423417781368,0.0,0.0,0.0,0.005557658221862875,0.0,0.0
7181,Brute Force,Brute Force,0.0,1.0,0.0,0.0,0.0,0.0,0.0
7182,Brute Force,Brute Force,0.0,0.9525098629501096,0.0029766544270049353,0.0,0.014263692656602543,0.0,0.03024978996628299
7183,Brute Force,Brute Force,0.0,0.999975398192537,0.0,0.0,2.4601807462940075e-05,0.0,0.0
7184,Botnet ARES,Botnet ARES,0.9925259765984521,0.0,0.0,0.0,0.007474023401547588,0.0,0.0
7185,Brute Force,Brute Force,0.0,0.9401022752516905,0.0029766544270049353,0.0,0.018991047905427275,0.0,0.037930022415877354
7186,Brute Force,Brute Force,0.0,0.9631939092393665,0.0029766544270049353,0.0,0.012323334924409615,0.0,0.021506101409219
7187,Web Attack,Web Attack,0.0,0.0,1.4083720890171383e-05,0.0,0.011190163393642072,5.853123184749522e-05,0.9887372216536202
7188,Brute Force,Brute Force,0.0,0.9998667055532651,0.0,0.0,0.00013329444673491696,0.0,0.0
7189,Brute Force,Brute Force,0.0,1.0,0.0,0.0,0.0,0.0,0.0
7190,Brute Force,Brute Force,0.0,1.0,0.0,0.0,0.0,0.0,0.0
7191,Brute Force,Brute Force,0.0,1.0,0.0,0.0,0.0,0.0,0.0
7192,Brute Force,Brute Force,0.0,0.9998930490496046,0.0,0.0,0.00010695095039544507,0.0,0.0
7193,Brute Force,Brute Force,0.0,1.0,0.0,0.0,0.0,0.0,0.0
7194,Web Attack,Web Attack,0.0,0.0,1.4083720890171383e-05,0.0,0.0012636372494429348,0.00011159665123210415,0.9986106823784346
7195,Botnet ARES,Botnet ARES,0.999774330969387,0.0,0.0,0.0,0.00022566903061300287,0.0,0.0
7196,Brute Force,Brute Force,0.0,1.0,0.0,0.0,0.0,0.0,0.0
7197,Brute Force,Brute Force,0.0,0.9998667055532651,0.0,0.0,0.00013329444673491696,0.0,0.0
7198,Brute Force,Brute Force,0.0,0.9998667055532651,0.0,0.0,0.00013329444673491696,0.0,0.0
7199,Brute Force,Brute Force,0.0,0.9495347203621517,0.0029766544270049353,0.0,0.014263692656602543,0.0,0.03322493255424085
7200,Brute Force,Brute Force,0.0,0.9998667055532651,0.0,0.0,0.00013329444673491696,0.0,0.0
7201,Brute Force,Brute Force,0.0,1.0,0.0,0.0,0.0,0.0,0.0
7202,Brute Force,Brute Force,0.0,1.0,0.0,0.0,0.0,0.0,0.0
7203,Brute Force,Brute Force,0.0,0.962706150113201,0.0029766544270049353,0.0,0.01276546330221945,0.0,0.021551732157574756
7204,Web Attack,Web Attack,0.0,0.0,1.4083720890171383e-05,0.0,0.0010767330448849778,5.853123184749522e-05,0.9988506520023772
7205,Botnet ARES,Botnet ARES,0.999774330969387,0.0,0.0,0.0,0.00022566903061300287,0.0,0.0
7206,Brute Force,Brute Force,0.0,1.0,0.0,0.0,0.0,0.0,0.0
7207,Botnet ARES,Botnet ARES,1.0,0.0,0.0,0.0,0.0,0.0,0.0
7208,Brute Force,Brute Force,0.0,0.962706150113201,0.0029766544270049353,0.0,0.01276546330221945,0.0,0.021551732157574756
7209,Brute Force,Brute Force,0.0,0.9525098629501096,0.0029766544270049353,0.0,0.014263692656602543,0.0,0.03024978996628299
7210,Brute Force,Brute Force,0.0,0.9482827064266475,0.0029766544270049353,0.0,0.015388841423102649,0.0,0.03335179772324501
7211,Brute Force,Brute Force,0.0,0.9998667055532651,0.0,0.0,0.00013329444673491696,0.0,0.0
7212,Brute Force,Brute Force,0.0,1.0,0.0,0.0,0.0,0.0,0.0
7213,Brute Force,Brute Force,0.0,0.966727187630533,0.0029766544270049353,0.0,0.011254272568067127,0.0,0.019041885374395086
7214,Brute Force,Brute Force,0.0,0.9604793911057681,0.0029766544270049353,0.0,0.013258428709283907,0.0,0.023285525757943223
7215,Botnet ARES,Botnet ARES,0.9924741127423644,0.0,0.0,0.0,0.007525887257635478,0.0,0.0
7216,Brute Force,Brute Force,0.0,0.9525098629501096,0.0029766544270049353,0.0,0.014263692656602543,0.0,0.03024978996628299
7217,Brute Force,Brute Force,0.0,0.9998667055532651,0.0,0.0,0.00013329444673491696,0.0,0.0
7218,Brute Force,Brute Force,0.0,0.999975398192537,0.0,0.0,2.4601807462940075e-05,0.0,0.0
7219,Botnet ARES,Botnet ARES,1.0,0.0,0.0,0.0,0.0,0.0,0.0
7220,Brute Force,Brute Force,0.0,1.0,0.0,0.0,0.0,0.0,0.0
7221,Brute Force,Brute Force,0.0,1.0,0.0,0.0,0.0,0.0,0.0
7222,Brute Force,Brute Force,0.0,1.0,0.0,0.0,0.0,0.0,0.0
7223,Brute Force,Brute Force,0.0,0.962706150113201,0.0029766544270049353,0.0,0.01276546330221945,0.0,0.021551732157574756
7224,Brute Force,Brute Force,0.0,0.9631939092393665,0.0029766544270049353,0.0,0.012323334924409615,0.0,0.021506101409219
7225,Botnet ARES,Botnet ARES,0.9941259566131372,0.0,0.0,0.0,0.005874043386862775,0.0,0.0
7226,Brute Force,Brute Force,0.0,0.989975398192537,0.0,0.0,0.010024601807462941,0.0,0.0
7227,Botnet ARES,Botnet ARES,0.9942705141134917,0.0,0.0,0.0,0.00572948588650808,0.0,0.0
7228,Botnet ARES,Botnet ARES,1.0,0.0,0.0,0.0,0.0,0.0,0.0
7229,Brute Force,Brute Force,0.0,0.9998930490496046,0.0,0.0,0.00010695095039544507,0.0,0.0
7230,Botnet ARES,Botnet ARES,1.0,0.0,0.0,0.0,0.0,0.0,0.0
7231,Brute Force,Brute Force,0.0,1.0,0.0,0.0,0.0,0.0,0.0
7232,Brute Force,Brute Force,0.0,0.9606661601799914,0.0029766544270049353,0.0,0.013071659635060575,0.0,0.023285525757943223
7233,Brute Force,Brute Force,0.0,0.962706150113201,0.0029766544270049353,0.0,0.01276546330221945,0.0,0.021551732157574756
7234,Brute Force,Brute Force,0.0,0.999975398192537,0.0,0.0,2.4601807462940075e-05,0.0,0.0
7235,Botnet ARES,Botnet ARES,1.0,0.0,0.0,0.0,0.0,0.0,0.0
7236,Web Attack,Web Attack,0.0,0.0,1.4083720890171383e-05,0.0,0.0010767330448849778,5.853123184749522e-05,0.9988506520023772
7237,Brute Force,Brute Force,0.0,1.0,0.0,0.0,0.0,0.0,0.0
7238,Web Attack,Web Attack,0.0,0.0,1.4083720890171383e-05,0.0,0.0013872884381312548,6.30767990631958e-05,0.9985355510419153
7239,Brute Force,Brute Force,0.0,1.0,0.0,0.0,0.0,0.0,0.0
7240,Brute Force,Brute Force,0.0,1.0,0.0,0.0,0.0,0.0,0.0
7241,Web Attack,Web Attack,0.0,0.0,1.4083720890171383e-05,0.0,0.0061200904692967125,6.30767990631958e-05,0.9938027490107498
7242,Brute Force,Brute Force,0.0,0.9998667055532651,0.0,0.0,0.00013329444673491696,0.0,0.0
7243,Brute Force,Brute Force,0.0,0.966727187630533,0.0029766544270049353,0.0,0.011254272568067127,0.0,0.019041885374395086
7244,Web Attack,Web Attack,0.0,0.0077360824803246585,0.20417331277005413,0.0,0.06302410605310726,0.0008388000405113058,0.7242276986560024
7245,Botnet ARES,Botnet ARES,0.986063168603838,0.0,0.0,0.0,0.01183767916615823,0.0020991522300036858,0.0
7246,Web Attack,Web Attack,0.0,0.0,1.4083720890171383e-05,0.0,0.0014186302283242169,6.30767990631958e-05,0.9985042092517221
7247,Botnet ARES,Botnet ARES,1.0,0.0,0.0,0.0,0.0,0.0,0.0
7248,Web Attack,Web Attack,0.0,0.0,0.0,0.0,0.010900699502415807,0.0,0.9890993004975841
7249,Web Attack,Web Attack,0.0,0.0,1.4083720890171383e-05,0.0,0.0010767330448849778,5.853123184749522e-05,0.9988506520023772
7250,Brute Force,Brute Force,0.0,0.9482827064266475,0.0029766544270049353,0.0,0.015388841423102649,0.0,0.03335179772324501
7251,Brute Force,Brute Force,0.0,0.9631939092393665,0.0029766544270049353,0.0,0.012323334924409615,0.0,0.021506101409219
7252,Brute Force,Brute Force,0.0,1.0,0.0,0.0,0.0,0.0,0.0
7253,Botnet ARES,Botnet ARES,1.0,0.0,0.0,0.0,0.0,0.0,0.0
7254,Brute Force,Brute Force,0.0,1.0,0.0,0.0,0.0,0.0,0.0
7255,Brute Force,Brute Force,0.0,0.999975398192537,0.0,0.0,2.4601807462940075e-05,0.0,0.0
7256,Web Attack,Web Attack,0.0,0.0,1.4083720890171383e-05,0.0,0.0014186302283242169,6.30767990631958e-05,0.9985042092517221
7257,Brute Force,Brute Force,0.0,0.9998930490496046,0.0,0.0,0.00010695095039544507,0.0,0.0
7258,Brute Force,Brute Force,0.0,0.999975398192537,0.0,0.0,2.4601807462940075e-05,0.0,0.0
7259,Brute Force,Brute Force,0.0,0.9606661601799914,0.0029766544270049353,0.0,0.013071659635060575,0.0,0.023285525757943223
7260,Brute Force,Brute Force,0.0,1.0,0.0,0.0,0.0,0.0,0.0
7261,Brute Force,Brute Force,0.0,1.0,0.0,0.0,0.0,0.0,0.0
7262,Brute Force,Brute Force,0.0,1.0,0.0,0.0,0.0,0.0,0.0
7263,Brute Force,Brute Force,0.0,1.0,0.0,0.0,0.0,0.0,0.0
7264,Brute Force,Brute Force,0.0,0.999975398192537,0.0,0.0,2.4601807462940075e-05,0.0,0.0
7265,Brute Force,Brute Force,0.0,1.0,0.0,0.0,0.0,0.0,0.0
7266,Brute Force,Brute Force,0.0,0.9606661601799914,0.0029766544270049353,0.0,0.013071659635060575,0.0,0.023285525757943223
7267,Brute Force,Brute Force,0.0,0.9998667055532651,0.0,0.0,0.00013329444673491696,0.0,0.0
7268,Brute Force,Brute Force,0.0,1.0,0.0,0.0,0.0,0.0,0.0
7269,Web Attack,Web Attack,0.0,0.08919047264300929,0.0031980670133321437,0.0,0.06346226164534534,0.0,0.8441491986983136
7270,Brute Force,Brute Force,0.0,0.9998930490496046,0.0,0.0,0.00010695095039544507,0.0,0.0
7271,Brute Force,Brute Force,0.0,1.0,0.0,0.0,0.0,0.0,0.0
7272,Web Attack,Web Attack,0.0,0.0,1.4083720890171383e-05,0.0,0.0014052859806130125,6.30767990631958e-05,0.9985175534994335
7273,Web Attack,Web Attack,0.0,0.0,0.002765736134942813,0.0,0.014644430459408433,0.0,0.9825898334056486
7274,Brute Force,Brute Force,0.0,1.0,0.0,0.0,0.0,0.0,0.0
7275,Botnet ARES,Botnet ARES,0.999774330969387,0.0,0.0,0.0,0.00022566903061300287,0.0,0.0
7276,Brute Force,Brute Force,0.0,0.9522623620034456,0.0029766544270049353,0.0,0.014501835760378135,0.0,0.030259147809171466
7277,Brute Force,Brute Force,0.0,1.0,0.0,0.0,0.0,0.0,0.0
7278,Brute Force,Brute Force,0.0,0.999975398192537,0.0,0.0,2.4601807462940075e-05,0.0,0.0
7279,Web Attack,Web Attack,0.0,0.0,1.4083720890171383e-05,0.0,0.001550279110412039,6.30767990631958e-05,0.9983725603696344
7280,Brute Force,Brute Force,0.0,1.0,0.0,0.0,0.0,0.0,0.0
7281,Web Attack,Web Attack,0.0,0.0,1.4083720890171383e-05,0.0,0.004032527603093168,6.30767990631958e-05,0.9958903118769533
7282,Botnet ARES,Botnet ARES,0.9978309169647901,0.0,0.0,0.0,0.0021690830352099413,0.0,0.0
7283,Web Attack,Web Attack,0.0,0.0,1.4083720890171383e-05,0.0,0.0014186302283242169,6.30767990631958e-05,0.9985042092517221
7284,Brute Force,Brute Force,0.0,0.966727187630533,0.0029766544270049353,0.0,0.011254272568067127,0.0,0.019041885374395086
7285,Brute Force,Brute Force,0.0,0.9606661601799914,0.0029766544270049353,0.0,0.013071659635060575,0.0,0.023285525757943223
7286,Brute Force,Brute Force,0.0,1.0,0.0,0.0,0.0,0.0,0.0
7287,Brute Force,Brute Force,0.0,1.0,0.0,0.0,0.0,0.0,0.0
7288,Brute Force,Brute Force,0.0,0.7103060542893891,0.05084697676733846,0.0,0.19898714360955494,0.03985982533371736,0.0
7289,Brute Force,Brute Force,0.0,1.0,0.0,0.0,0.0,0.0,0.0
7290,Web Attack,Web Attack,0.0,0.0,1.4083720890171383e-05,0.0,0.0014052859806130125,6.30767990631958e-05,0.9985175534994335
7291,Brute Force,Brute Force,0.0,1.0,0.0,0.0,0.0,0.0,0.0
7292,Web Attack,Web Attack,0.0,0.0,1.4083720890171383e-05,0.0,0.0010767330448849778,5.853123184749522e-05,0.9988506520023772
7293,Brute Force,Brute Force,0.0,1.0,0.0,0.0,0.0,0.0,0.0
7294,Brute Force,Brute Force,0.0,1.0,0.0,0.0,0.0,0.0,0.0
7295,Brute Force,Brute Force,0.0,0.9998667055532651,0.0,0.0,0.00013329444673491696,0.0,0.0
7296,Brute Force,Brute Force,0.0,0.9998930490496046,0.0,0.0,0.00010695095039544507,0.0,0.0
7297,Brute Force,Brute Force,0.0,1.0,0.0,0.0,0.0,0.0,0.0
7298,Brute Force,Brute Force,0.0,0.962706150113201,0.0029766544270049353,0.0,0.01276546330221945,0.0,0.021551732157574756
7299,Brute Force,Brute Force,0.0,0.999975398192537,0.0,0.0,2.4601807462940075e-05,0.0,0.0
7300,Brute Force,Brute Force,0.0,0.999975398192537,0.0,0.0,2.4601807462940075e-05,0.0,0.0
7301,Brute Force,Brute Force,0.0,1.0,0.0,0.0,0.0,0.0,0.0
7302,Web Attack,Web Attack,0.0,0.0,1.4083720890171383e-05,0.0,0.0014186302283242169,6.30767990631958e-05,0.9985042092517221
7303,Brute Force,Brute Force,0.0,0.999975398192537,0.0,0.0,2.4601807462940075e-05,0.0,0.0
7304,Web Attack,Web Attack,0.0,0.08214617663514426,0.004118773383477628,0.0,0.04757473489492309,0.0001145531263250645,0.8660457619601303
7305,Web Attack,Web Attack,0.0,0.0,0.05906922264449583,0.0,0.16780717539482803,0.0002980858324481909,0.7728255161282278
7306,Brute Force,Brute Force,0.0,0.9998667055532651,0.0,0.0,0.00013329444673491696,0.0,0.0
7307,Brute Force,Brute Force,0.0,1.0,0.0,0.0,0.0,0.0,0.0
7308,Web Attack,Web Attack,0.0,0.0,1.4083720890171383e-05,0.0,0.0014084435075517265,6.30767990631958e-05,0.9985143959724947
7309,Botnet ARES,Botnet ARES,0.994465925907663,0.0,0.0,0.0,0.005534074092336643,0.0,0.0
7310,Web Attack,Web Attack,0.0,0.0,1.4083720890171383e-05,0.0,0.001550279110412039,6.30767990631958e-05,0.9983725603696344
7311,Brute Force,Brute Force,0.0,0.999975398192537,0.0,0.0,2.4601807462940075e-05,0.0,0.0
7312,Brute Force,Brute Force,0.0,0.9998667055532651,0.0,0.0,0.00013329444673491696,0.0,0.0
7313,Brute Force,Brute Force,0.0,0.962706150113201,0.0029766544270049353,0.0,0.01276546330221945,0.0,0.021551732157574756
7314,Botnet ARES,Botnet ARES,1.0,0.0,0.0,0.0,0.0,0.0,0.0
7315,Brute Force,Brute Force,0.0,0.999975398192537,0.0,0.0,2.4601807462940075e-05,0.0,0.0
7316,Brute Force,Brute Force,0.0,0.9482827064266475,0.0029766544270049353,0.0,0.015388841423102649,0.0,0.03335179772324501
7317,Brute Force,Brute Force,0.0,0.9606661601799914,0.0029766544270049353,0.0,0.013071659635060575,0.0,0.023285525757943223
7318,Brute Force,Brute Force,0.0,1.0,0.0,0.0,0.0,0.0,0.0
7319,Brute Force,Brute Force,0.0,0.962706150113201,0.0029766544270049353,0.0,0.01276546330221945,0.0,0.021551732157574756
7320,Web Attack,Web Attack,0.0,0.0,1.4083720890171383e-05,0.0,0.0014186302283242169,6.30767990631958e-05,0.9985042092517221
7321,Botnet ARES,Botnet ARES,0.968783256451496,0.0,0.0,0.0,0.031216743548503737,0.0,0.0
7322,Brute Force,Brute Force,0.0,0.9916591998792335,0.0,0.0,0.008340800120766559,0.0,0.0
7323,Web Attack,Web Attack,0.0,0.11023797462144072,0.0034598891941967067,0.0,0.05522784201080483,0.0,0.8310742941735582
7324,Brute Force,Brute Force,0.0,0.9606661601799914,0.0029766544270049353,0.0,0.013071659635060575,0.0,0.023285525757943223
7325,Brute Force,Brute Force,0.0,1.0,0.0,0.0,0.0,0.0,0.0
7326,Web Attack,Web Attack,0.0,0.0,1.4083720890171383e-05,0.0,0.0014084435075517265,6.30767990631958e-05,0.9985143959724947
7327,Brute Force,Brute Force,0.0,0.9649252601641368,0.0029766544270049353,0.0,0.011254272568067127,0.0,0.020843812840791235
7328,Brute Force,Brute Force,0.0,0.865532140172151,0.0029551775816803617,0.0,0.036992427596210874,0.0,0.09452025464995767
7329,Brute Force,Brute Force,0.0,1.0,0.0,0.0,0.0,0.0,0.0
7330,Brute Force,Brute Force,0.0,1.0,0.0,0.0,0.0,0.0,0.0
7331,Brute Force,Brute Force,0.0,0.999975398192537,0.0,0.0,2.4601807462940075e-05,0.0,0.0
7332,Brute Force,Brute Force,0.0,1.0,0.0,0.0,0.0,0.0,0.0
7333,Botnet ARES,Botnet ARES,0.9943482769487144,0.0,0.0,0.0,0.005651723051285312,0.0,0.0
7334,Brute Force,Brute Force,0.0,0.9631939092393665,0.0029766544270049353,0.0,0.012323334924409615,0.0,0.021506101409219
7335,Brute Force,Brute Force,0.0,0.9482827064266475,0.0029766544270049353,0.0,0.015388841423102649,0.0,0.03335179772324501
7336,Brute Force,Brute Force,0.0,0.9606661601799914,0.0029766544270049353,0.0,0.013071659635060575,0.0,0.023285525757943223
7337,Brute Force,Brute Force,0.0,0.999975398192537,0.0,0.0,2.4601807462940075e-05,0.0,0.0
7338,Brute Force,Brute Force,0.0,1.0,0.0,0.0,0.0,0.0,0.0
7339,Brute Force,Brute Force,0.0,1.0,0.0,0.0,0.0,0.0,0.0
7340,Brute Force,Brute Force,0.0,1.0,0.0,0.0,0.0,0.0,0.0
7341,Brute Force,Brute Force,0.0,0.981902287320713,0.0,0.0,0.010142224184379347,0.007955488494907582,0.0
7342,Brute Force,Brute Force,0.0,1.0,0.0,0.0,0.0,0.0,0.0
7343,Brute Force,Brute Force,0.0,0.9525098629501096,0.0029766544270049353,0.0,0.014263692656602543,0.0,0.03024978996628299
7344,Brute Force,Brute Force,0.0,1.0,0.0,0.0,0.0,0.0,0.0
7345,Botnet ARES,Botnet ARES,0.9996696914371873,0.0,0.0,0.0,0.0003303085628127412,0.0,0.0
7346,Botnet ARES,Botnet ARES,0.8381472325400366,0.0,0.0,0.0,0.1481198660942428,0.013732901365720578,0.0
7347,Botnet ARES,Botnet ARES,1.0,0.0,0.0,0.0,0.0,0.0,0.0
7348,Brute Force,Brute Force,0.0,0.999975398192537,0.0,0.0,2.4601807462940075e-05,0.0,0.0
7349,Brute Force,Brute Force,0.0,0.962706150113201,0.0029766544270049353,0.0,0.01276546330221945,0.0,0.021551732157574756
7350,Brute Force,Brute Force,0.0,0.999975398192537,0.0,0.0,2.4601807462940075e-05,0.0,0.0
7351,Brute Force,Brute Force,0.0,0.9998667055532651,0.0,0.0,0.00013329444673491696,0.0,0.0
7352,Brute Force,Brute Force,0.0,0.962706150113201,0.0029766544270049353,0.0,0.01276546330221945,0.0,0.021551732157574756
7353,Brute Force,Brute Force,0.0,1.0,0.0,0.0,0.0,0.0,0.0
7354,Brute Force,Brute Force,0.0,1.0,0.0,0.0,0.0,0.0,0.0
7355,Brute Force,Brute Force,0.0,0.966727187630533,0.0029766544270049353,0.0,0.011254272568067127,0.0,0.019041885374395086
7356,Brute Force,Brute Force,0.0,1.0,0.0,0.0,0.0,0.0,0.0
7357,Brute Force,Brute Force,0.0,0.9606661601799914,0.0029766544270049353,0.0,0.013071659635060575,0.0,0.023285525757943223
7358,Brute Force,Brute Force,0.0,0.9606661601799914,0.0029766544270049353,0.0,0.013071659635060575,0.0,0.023285525757943223
7359,Botnet ARES,Botnet ARES,0.9996696914371873,0.0,0.0,0.0,0.0003303085628127412,0.0,0.0
7360,Brute Force,Brute Force,0.0,1.0,0.0,0.0,0.0,0.0,0.0
7361,Brute Force,Brute Force,0.0,0.999975398192537,0.0,0.0,2.4601807462940075e-05,0.0,0.0
7362,Botnet ARES,Botnet ARES,1.0,0.0,0.0,0.0,0.0,0.0,0.0
7363,Web Attack,Web Attack,0.0,0.0,1.4083720890171383e-05,0.0,0.0014186302283242169,6.30767990631958e-05,0.9985042092517221
7364,Brute Force,Brute Force,0.0,1.0,0.0,0.0,0.0,0.0,0.0
7365,Web Attack,Web Attack,0.0,0.0,1.4083720890171383e-05,0.0,0.0014186302283242169,6.30767990631958e-05,0.9985042092517221
7366,Brute Force,Brute Force,0.0,0.999975398192537,0.0,0.0,2.4601807462940075e-05,0.0,0.0
7367,Botnet ARES,Botnet ARES,0.999774330969387,0.0,0.0,0.0,0.00022566903061300287,0.0,0.0
7368,Brute Force,Brute Force,0.0,1.0,0.0,0.0,0.0,0.0,0.0
7369,Web Attack,Web Attack,0.0,0.0,0.0,0.0,0.0031278375149342884,0.0,0.9968721624850657
7370,Brute Force,Brute Force,0.0,0.999975398192537,0.0,0.0,2.4601807462940075e-05,0.0,0.0
7371,Web Attack,Web Attack,0.0,0.0,1.4083720890171383e-05,0.0,0.0014186302283242169,6.30767990631958e-05,0.9985042092517221
7372,Brute Force,Brute Force,0.0,0.966727187630533,0.0029766544270049353,0.0,0.011254272568067127,0.0,0.019041885374395086
7373,Brute Force,Brute Force,0.0,0.9400800073199993,0.0029766544270049353,0.0,0.01901331583711849,0.0,0.037930022415877354
7374,Brute Force,Brute Force,0.0,0.999975398192537,0.0,0.0,2.4601807462940075e-05,0.0,0.0
7375,Brute Force,Brute Force,0.0,0.999975398192537,0.0,0.0,2.4601807462940075e-05,0.0,0.0
7376,Brute Force,Brute Force,0.0,0.966727187630533,0.0029766544270049353,0.0,0.011254272568067127,0.0,0.019041885374395086
7377,Brute Force,Brute Force,0.0,0.999975398192537,0.0,0.0,2.4601807462940075e-05,0.0,0.0
7378,Brute Force,Brute Force,0.0,0.999975398192537,0.0,0.0,2.4601807462940075e-05,0.0,0.0
7379,Brute Force,Brute Force,0.0,1.0,0.0,0.0,0.0,0.0,0.0
7380,Brute Force,Brute Force,0.0,1.0,0.0,0.0,0.0,0.0,0.0
7381,Brute Force,Brute Force,0.0,1.0,0.0,0.0,0.0,0.0,0.0
7382,Brute Force,Brute Force,0.0,1.0,0.0,0.0,0.0,0.0,0.0
7383,Brute Force,Brute Force,0.0,1.0,0.0,0.0,0.0,0.0,0.0
7384,Brute Force,Brute Force,0.0,1.0,0.0,0.0,0.0,0.0,0.0
7385,Web Attack,Web Attack,0.0,0.0,1.4083720890171383e-05,0.0,0.0010767330448849778,5.853123184749522e-05,0.9988506520023772
7386,Brute Force,Brute Force,0.0,0.999975398192537,0.0,0.0,2.4601807462940075e-05,0.0,0.0
7387,Botnet ARES,Botnet ARES,0.9939016401103978,0.0,0.0,0.0,0.006098359889602057,0.0,0.0
7388,Brute Force,Brute Force,0.0,1.0,0.0,0.0,0.0,0.0,0.0
7389,Web Attack,Web Attack,0.0,0.0,1.4083720890171383e-05,0.0,0.0014084435075517265,6.30767990631958e-05,0.9985143959724947
7390,Brute Force,Brute Force,0.0,1.0,0.0,0.0,0.0,0.0,0.0
7391,Web Attack,Web Attack,0.0,0.0,1.4083720890171383e-05,0.0,0.0010767330448849778,0.0017301730228922716,0.9971790102113325
7392,Brute Force,Brute Force,0.0,0.999975398192537,0.0,0.0,2.4601807462940075e-05,0.0,0.0
7393,Brute Force,Brute Force,0.0,0.999975398192537,0.0,0.0,2.4601807462940075e-05,0.0,0.0
7394,Brute Force,Brute Force,0.0,1.0,0.0,0.0,0.0,0.0,0.0
7395,Brute Force,Brute Force,0.0,1.0,0.0,0.0,0.0,0.0,0.0
7396,Brute Force,Brute Force,0.0,1.0,0.0,0.0,0.0,0.0,0.0
7397,Brute Force,Brute Force,0.0,1.0,0.0,0.0,0.0,0.0,0.0
7398,Brute Force,Brute Force,0.0,0.9998667055532651,0.0,0.0,0.00013329444673491696,0.0,0.0
7399,Brute Force,Brute Force,0.0,0.9998667055532651,0.0,0.0,0.00013329444673491696,0.0,0.0
7400,Brute Force,Brute Force,0.0,0.999975398192537,0.0,0.0,2.4601807462940075e-05,0.0,0.0
7401,Brute Force,Brute Force,0.0,1.0,0.0,0.0,0.0,0.0,0.0
7402,Brute Force,Brute Force,0.0,0.9950094517958412,0.0,0.0,0.00499054820415879,0.0,0.0
7403,Brute Force,Brute Force,0.0,0.9998667055532651,0.0,0.0,0.00013329444673491696,0.0,0.0
7404,Brute Force,Brute Force,0.0,1.0,0.0,0.0,0.0,0.0,0.0
7405,Brute Force,Brute Force,0.0,1.0,0.0,0.0,0.0,0.0,0.0
7406,Web Attack,Web Attack,0.0,0.0,1.4083720890171383e-05,0.0,0.001344424375867432,0.00011614221844780474,0.9985253496847944
7407,Brute Force,Brute Force,0.0,1.0,0.0,0.0,0.0,0.0,0.0
7408,Brute Force,Brute Force,0.0,0.999975398192537,0.0,0.0,2.4601807462940075e-05,0.0,0.0
7409,Brute Force,Brute Force,0.0,0.999975398192537,0.0,0.0,2.4601807462940075e-05,0.0,0.0
7410,Brute Force,Brute Force,0.0,0.999975398192537,0.0,0.0,2.4601807462940075e-05,0.0,0.0
7411,Web Attack,Web Attack,0.0,0.0,0.2942954796091282,0.0,0.19886307192051475,0.03448822132286499,0.47235322714749195
7412,Brute Force,Brute Force,0.0,0.9998930490496046,0.0,0.0,0.00010695095039544507,0.0,0.0
7413,Brute Force,Brute Force,0.0,1.0,0.0,0.0,0.0,0.0,0.0
7414,Botnet ARES,Botnet ARES,1.0,0.0,0.0,0.0,0.0,0.0,0.0
7415,Botnet ARES,Botnet ARES,0.999774330969387,0.0,0.0,0.0,0.00022566903061300287,0.0,0.0
7416,Brute Force,Brute Force,0.0,1.0,0.0,0.0,0.0,0.0,0.0
7417,Web Attack,Web Attack,0.0,0.0030679879782308504,0.05788019565093268,0.0,0.2414590459516016,0.07333807085056633,0.6242546995686685
7418,Botnet ARES,Botnet ARES,0.9922463005553177,0.0,0.0,0.0,0.007753699444681969,0.0,0.0
7419,Web Attack,Web Attack,0.0,0.0,0.0,0.0,0.004614422477313657,0.0,0.9953855775226864
7420,Brute Force,Brute Force,0.0,0.999975398192537,0.0,0.0,2.4601807462940075e-05,0.0,0.0
7421,Brute Force,Brute Force,0.0,1.0,0.0,0.0,0.0,0.0,0.0
7422,Brute Force,Brute Force,0.0,0.9998667055532651,0.0,0.0,0.00013329444673491696,0.0,0.0
7423,Brute Force,Brute Force,0.0,1.0,0.0,0.0,0.0,0.0,0.0
7424,Brute Force,Brute Force,0.0,0.9606661601799914,0.0029766544270049353,0.0,0.013071659635060575,0.0,0.023285525757943223
7425,Botnet ARES,Botnet ARES,0.999774330969387,0.0,0.0,0.0,0.00022566903061300287,0.0,0.0
7426,Botnet ARES,Botnet ARES,1.0,0.0,0.0,0.0,0.0,0.0,0.0
7427,Botnet ARES,Botnet ARES,0.9933571039875194,0.0,0.0,0.0,0.00664289601248036,0.0,0.0
7428,Brute Force,Brute Force,0.0,0.962706150113201,0.0029766544270049353,0.0,0.01276546330221945,0.0,0.021551732157574756
7429,Brute Force,Brute Force,0.0,1.0,0.0,0.0,0.0,0.0,0.0
7430,Brute Force,Brute Force,0.0,0.999975398192537,0.0,0.0,2.4601807462940075e-05,0.0,0.0
7431,Brute Force,Brute Force,0.0,0.999975398192537,0.0,0.0,2.4601807462940075e-05,0.0,0.0
7432,Web Attack,Web Attack,0.0,0.0,1.4083720890171383e-05,0.0,0.0010767330448849778,5.853123184749522e-05,0.9988506520023772
7433,Brute Force,Brute Force,0.0,0.966727187630533,0.0029766544270049353,0.0,0.011254272568067127,0.0,0.019041885374395086
7434,Brute Force,Brute Force,0.0,1.0,0.0,0.0,0.0,0.0,0.0
7435,Brute Force,Brute Force,0.0,0.999975398192537,0.0,0.0,2.4601807462940075e-05,0.0,0.0
7436,Brute Force,Brute Force,0.0,1.0,0.0,0.0,0.0,0.0,0.0
7437,Brute Force,Brute Force,0.0,0.9604793911057681,0.0029766544270049353,0.0,0.013258428709283907,0.0,0.023285525757943223
7438,Brute Force,Brute Force,0.0,0.999975398192537,0.0,0.0,2.4601807462940075e-05,0.0,0.0
7439,Brute Force,Brute Force,0.0,1.0,0.0,0.0,0.0,0.0,0.0
7440,Brute Force,Brute Force,0.0,1.0,0.0,0.0,0.0,0.0,0.0
7441,Brute Force,Brute Force,0.0,1.0,0.0,0.0,0.0,0.0,0.0
7442,Web Attack,Web Attack,0.0,0.0,1.4083720890171383e-05,0.0,0.0010767330448849778,5.853123184749522e-05,0.9988506520023772
7443,Brute Force,Brute Force,0.0,0.999975398192537,0.0,0.0,2.4601807462940075e-05,0.0,0.0
7444,Web Attack,Web Attack,0.0,0.0,0.0,0.0,0.014844402559526917,0.0,0.9851555974404732
7445,Botnet ARES,Botnet ARES,0.9921174621840734,0.0,0.0,0.0,0.00788253781592632,0.0,0.0
7446,Brute Force,Brute Force,0.0,1.0,0.0,0.0,0.0,0.0,0.0
7447,Botnet ARES,Botnet ARES,0.994465925907663,0.0,0.0,0.0,0.005534074092336643,0.0,0.0
7448,Brute Force,Brute Force,0.0,1.0,0.0,0.0,0.0,0.0,0.0
7449,Botnet ARES,Botnet ARES,0.9944979948240131,0.0,0.0,0.0,0.0055020051759867164,0.0,0.0
7450,Brute Force,Brute Force,0.0,1.0,0.0,0.0,0.0,0.0,0.0
7451,Botnet ARES,Botnet ARES,0.999774330969387,0.0,0.0,0.0,0.00022566903061300287,0.0,0.0
7452,Brute Force,Brute Force,0.0,0.9998930490496046,0.0,0.0,0.00010695095039544507,0.0,0.0
7453,Brute Force,Brute Force,0.0,1.0,0.0,0.0,0.0,0.0,0.0
7454,Web Attack,Web Attack,0.0,0.08785938139486582,0.004118773383477628,0.0,0.04309010289525014,0.0001145531263250645,0.8648171892000817
7455,Brute Force,Brute Force,0.0,0.9606661601799914,0.0029766544270049353,0.0,0.013071659635060575,0.0,0.023285525757943223
7456,Brute Force,Brute Force,0.0,0.999975398192537,0.0,0.0,2.4601807462940075e-05,0.0,0.0
7457,Brute Force,Brute Force,0.0,1.0,0.0,0.0,0.0,0.0,0.0
7458,Brute Force,Brute Force,0.0,1.0,0.0,0.0,0.0,0.0,0.0
7459,Brute Force,Brute Force,0.0,1.0,0.0,0.0,0.0,0.0,0.0
7460,Brute Force,Brute Force,0.0,1.0,0.0,0.0,0.0,0.0,0.0
7461,Brute Force,Brute Force,0.0,1.0,0.0,0.0,0.0,0.0,0.0
7462,Brute Force,Brute Force,0.0,1.0,0.0,0.0,0.0,0.0,0.0
7463,Botnet ARES,Botnet ARES,0.999774330969387,0.0,0.0,0.0,0.00022566903061300287,0.0,0.0
7464,Web Attack,Web Attack,0.0,0.0,1.4083720890171383e-05,0.0,0.0014186302283242169,6.30767990631958e-05,0.9985042092517221
7465,Botnet ARES,Botnet ARES,0.9942400076709913,0.0,0.0,0.0,0.005759992329008527,0.0,0.0
7466,Brute Force,Brute Force,0.0,1.0,0.0,0.0,0.0,0.0,0.0
7467,Brute Force,Brute Force,0.0,1.0,0.0,0.0,0.0,0.0,0.0
7468,Brute Force,Brute Force,0.0,1.0,0.0,0.0,0.0,0.0,0.0
7469,Brute Force,Brute Force,0.0,0.9998667055532651,0.0,0.0,0.00013329444673491696,0.0,0.0
7470,Botnet ARES,Botnet ARES,0.9942705141134917,0.0,0.0,0.0,0.00572948588650808,0.0,0.0
7471,Brute Force,Brute Force,0.0,1.0,0.0,0.0,0.0,0.0,0.0
7472,Brute Force,Brute Force,0.0,1.0,0.0,0.0,0.0,0.0,0.0
7473,Brute Force,Brute Force,0.0,1.0,0.0,0.0,0.0,0.0,0.0
7474,Brute Force,Brute Force,0.0,1.0,0.0,0.0,0.0,0.0,0.0
7475,Brute Force,Brute Force,0.0,1.0,0.0,0.0,0.0,0.0,0.0
7476,Botnet ARES,Botnet ARES,0.9941259566131372,0.0,0.0,0.0,0.005874043386862775,0.0,0.0
7477,Web Attack,Web Attack,0.0,0.0,1.4083720890171383e-05,0.0,0.0014186302283242169,6.30767990631958e-05,0.9985042092517221
7478,Botnet ARES,Botnet ARES,0.9941259566131372,0.0,0.0,0.0,0.005874043386862775,0.0,0.0
7479,Brute Force,Brute Force,0.0,0.9400567511034649,0.0029766544270049353,0.0,0.019036572053652855,0.0,0.037930022415877354
7480,Brute Force,Brute Force,0.0,1.0,0.0,0.0,0.0,0.0,0.0
7481,Brute Force,Brute Force,0.0,1.0,0.0,0.0,0.0,0.0,0.0
7482,Brute Force,Brute Force,0.0,1.0,0.0,0.0,0.0,0.0,0.0
7483,Botnet ARES,Botnet ARES,1.0,0.0,0.0,0.0,0.0,0.0,0.0
7484,Brute Force,Brute Force,0.0,1.0,0.0,0.0,0.0,0.0,0.0
7485,Brute Force,Brute Force,0.0,0.999975398192537,0.0,0.0,2.4601807462940075e-05,0.0,0.0
7486,Brute Force,Brute Force,0.0,0.9482827064266475,0.0029766544270049353,0.0,0.015388841423102649,0.0,0.03335179772324501
7487,Brute Force,Brute Force,0.0,0.999975398192537,0.0,0.0,2.4601807462940075e-05,0.0,0.0
7488,Botnet ARES,Botnet ARES,0.9988254893794252,0.0,0.0,0.0,0.0011745106205747606,0.0,0.0
7489,Brute Force,Brute Force,0.0,0.7019091217325149,0.0029439974316081796,0.0,0.1146361241882774,0.002480185801120401,0.17803057084647947
7490,Web Attack,Web Attack,0.0,0.0,1.4083720890171383e-05,0.0,0.0014186302283242169,6.30767990631958e-05,0.9985042092517221
7491,Brute Force,Brute Force,0.0,0.999975398192537,0.0,0.0,2.4601807462940075e-05,0.0,0.0
7492,Brute Force,Brute Force,0.0,0.9998930490496046,0.0,0.0,0.00010695095039544507,0.0,0.0
7493,Brute Force,Brute Force,0.0,1.0,0.0,0.0,0.0,0.0,0.0
7494,Brute Force,Brute Force,0.0,1.0,0.0,0.0,0.0,0.0,0.0
7495,Botnet ARES,Botnet ARES,0.9996696914371873,0.0,0.0,0.0,0.0003303085628127412,0.0,0.0
7496,Brute Force,Brute Force,0.0,1.0,0.0,0.0,0.0,0.0,0.0
7497,Brute Force,Brute Force,0.0,0.999975398192537,0.0,0.0,2.4601807462940075e-05,0.0,0.0
7498,Brute Force,Brute Force,0.0,0.9998667055532651,0.0,0.0,0.00013329444673491696,0.0,0.0
7499,Botnet ARES,Botnet ARES,0.9977291757483145,0.0,0.0020451552210724363,0.0,0.00022566903061300287,0.0,0.0
7500,Brute Force,Brute Force,0.0,0.9982009597927275,0.0,0.0,0.0017990402072725487,0.0,0.0
7501,Brute Force,Brute Force,0.0,1.0,0.0,0.0,0.0,0.0,0.0
7502,Brute Force,Brute Force,0.0,1.0,0.0,0.0,0.0,0.0,0.0
7503,Brute Force,Brute Force,0.0,1.0,0.0,0.0,0.0,0.0,0.0
7504,Botnet ARES,Botnet ARES,0.993416849161038,0.0,0.0,0.0,0.006583150838961852,0.0,0.0
7505,Brute Force,Brute Force,0.0,0.9543695946188397,0.0029766544270049353,0.0,0.01639095481105778,0.0,0.026262796143097608
7506,Brute Force,Brute Force,0.0,1.0,0.0,0.0,0.0,0.0,0.0
7507,Brute Force,Brute Force,0.0,0.9400800073199993,0.0029766544270049353,0.0,0.01901331583711849,0.0,0.037930022415877354
7508,Botnet ARES,Botnet ARES,1.0,0.0,0.0,0.0,0.0,0.0,0.0
7509,Brute Force,Brute Force,0.0,1.0,0.0,0.0,0.0,0.0,0.0
7510,Botnet ARES,Botnet ARES,0.9942705141134917,0.0,0.0,0.0,0.00572948588650808,0.0,0.0
7511,Brute Force,Brute Force,0.0,1.0,0.0,0.0,0.0,0.0,0.0
7512,Brute Force,Brute Force,0.0,1.0,0.0,0.0,0.0,0.0,0.0
7513,Brute Force,Brute Force,0.0,0.962706150113201,0.0029766544270049353,0.0,0.01276546330221945,0.0,0.021551732157574756
7514,Brute Force,Brute Force,0.0,0.999975398192537,0.0,0.0,2.4601807462940075e-05,0.0,0.0
7515,Brute Force,Brute Force,0.0,0.9606661601799914,0.0029766544270049353,0.0,0.013071659635060575,0.0,0.023285525757943223
7516,Brute Force,Brute Force,0.0,0.9998667055532651,0.0,0.0,0.00013329444673491696,0.0,0.0
7517,Botnet ARES,Botnet ARES,0.5586863976637431,0.0,0.0020617586141969497,0.009969476402911482,0.4292823673191485,0.0,0.0
7518,Brute Force,Brute Force,0.0,1.0,0.0,0.0,0.0,0.0,0.0
7519,Botnet ARES,Botnet ARES,0.9996696914371873,0.0,0.0,0.0,0.0003303085628127412,0.0,0.0
7520,Brute Force,Brute Force,0.0,0.966727187630533,0.0029766544270049353,0.0,0.011254272568067127,0.0,0.019041885374395086
7521,Botnet ARES,Botnet ARES,0.9939435162473415,0.0,0.0,0.0,0.006056483752658327,0.0,0.0
7522,Botnet ARES,Botnet ARES,0.9996696914371873,0.0,0.0,0.0,0.0003303085628127412,0.0,0.0
7523,Brute Force,Brute Force,0.0,1.0,0.0,0.0,0.0,0.0,0.0
7524,Brute Force,Brute Force,0.0,0.9525098629501096,0.0029766544270049353,0.0,0.014263692656602543,0.0,0.03024978996628299
7525,Brute Force,Brute Force,0.0,0.966727187630533,0.0029766544270049353,0.0,0.011254272568067127,0.0,0.019041885374395086
7526,Brute Force,Brute Force,0.0,1.0,0.0,0.0,0.0,0.0,0.0
7527,Web Attack,Web Attack,0.0,0.0,1.4083720890171383e-05,0.0,0.0014186302283242169,6.30767990631958e-05,0.9985042092517221
7528,Botnet ARES,Botnet ARES,0.999774330969387,0.0,0.0,0.0,0.00022566903061300287,0.0,0.0
7529,Brute Force,Brute Force,0.0,0.9631939092393665,0.0029766544270049353,0.0,0.012323334924409615,0.0,0.021506101409219
7530,Brute Force,Brute Force,0.0,0.999975398192537,0.0,0.0,2.4601807462940075e-05,0.0,0.0
7531,Brute Force,Brute Force,0.0,0.9982009597927275,0.0,0.0,0.0017990402072725487,0.0,0.0
7532,Brute Force,Brute Force,0.0,0.962706150113201,0.0029766544270049353,0.0,0.01276546330221945,0.0,0.021551732157574756
7533,Brute Force,Brute Force,0.0,0.999975398192537,0.0,0.0,2.4601807462940075e-05,0.0,0.0
7534,Brute Force,Brute Force,0.0,0.999975398192537,0.0,0.0,2.4601807462940075e-05,0.0,0.0
7535,Web Attack,Web Attack,0.0,0.0,1.4083720890171383e-05,0.0,0.0010767330448849778,5.853123184749522e-05,0.9988506520023772
7536,Web Attack,Web Attack,0.0,0.0,1.4083720890171383e-05,0.0,0.0013977305287910119,6.30767990631958e-05,0.9985251089512555
7537,Brute Force,Brute Force,0.0,1.0,0.0,0.0,0.0,0.0,0.0
7538,Web Attack,Web Attack,0.0,0.0,1.4083720890171383e-05,0.0,0.0014186302283242169,6.30767990631958e-05,0.9985042092517221
7539,Brute Force,Brute Force,0.0,0.959731007525243,0.0029766544270049353,0.0,0.01276546330221945,0.0,0.024526874745532622
7540,Brute Force,Brute Force,0.0,1.0,0.0,0.0,0.0,0.0,0.0
7541,Brute Force,Brute Force,0.0,1.0,0.0,0.0,0.0,0.0,0.0
7542,Web Attack,Web Attack,0.0,0.0,0.0,0.0,0.01002591150078238,0.0,0.9899740884992176
7543,Botnet ARES,Botnet ARES,1.0,0.0,0.0,0.0,0.0,0.0,0.0
7544,Web Attack,Web Attack,0.0,0.0,1.4083720890171383e-05,0.0,0.0014186302283242169,6.30767990631958e-05,0.9985042092517221
7545,Brute Force,Brute Force,0.0,1.0,0.0,0.0,0.0,0.0,0.0
7546,Brute Force,Brute Force,0.0,0.999975398192537,0.0,0.0,2.4601807462940075e-05,0.0,0.0
7547,Brute Force,Brute Force,0.0,1.0,0.0,0.0,0.0,0.0,0.0
7548,Brute Force,Brute Force,0.0,0.9613919817729704,0.0029766544270049353,0.0,0.012323334924409615,0.0,0.023308028875615148
7549,Brute Force,Brute Force,0.0,0.9482827064266475,0.0029766544270049353,0.0,0.015388841423102649,0.0,0.03335179772324501
7550,Brute Force,Brute Force,0.0,1.0,0.0,0.0,0.0,0.0,0.0
7551,Brute Force,Brute Force,0.0,1.0,0.0,0.0,0.0,0.0,0.0
7552,Brute Force,Brute Force,0.0,1.0,0.0,0.0,0.0,0.0,0.0
7553,Brute Force,Brute Force,0.0,1.0,0.0,0.0,0.0,0.0,0.0
7554,Brute Force,Brute Force,0.0,0.9998930490496046,0.0,0.0,0.00010695095039544507,0.0,0.0
7555,Botnet ARES,Botnet ARES,0.999774330969387,0.0,0.0,0.0,0.00022566903061300287,0.0,0.0
7556,Brute Force,Brute Force,0.0,0.9998667055532651,0.0,0.0,0.00013329444673491696,0.0,0.0
7557,Web Attack,Web Attack,0.0,0.0,1.4083720890171383e-05,0.0,0.0013977305287910119,6.30767990631958e-05,0.9985251089512555
7558,Brute Force,Brute Force,0.0,0.9998930490496046,0.0,0.0,0.00010695095039544507,0.0,0.0
7559,Brute Force,Brute Force,0.0,1.0,0.0,0.0,0.0,0.0,0.0
7560,Botnet ARES,Botnet ARES,0.9922392276556178,0.0,0.0,0.0,0.007760772344381868,0.0,0.0
7561,Brute Force,Brute Force,0.0,1.0,0.0,0.0,0.0,0.0,0.0
7562,Brute Force,Brute Force,0.0,1.0,0.0,0.0,0.0,0.0,0.0
7563,Brute Force,Brute Force,0.0,0.9606661601799914,0.0029766544270049353,0.0,0.013071659635060575,0.0,0.023285525757943223
7564,Brute Force,Brute Force,0.0,0.999975398192537,0.0,0.0,2.4601807462940075e-05,0.0,0.0
7565,Brute Force,Brute Force,0.0,0.9482827064266475,0.0029766544270049353,0.0,0.015388841423102649,0.0,0.03335179772324501
7566,Web Attack,Web Attack,0.0,0.0,1.4083720890171383e-05,0.0,0.0014186302283242169,6.30767990631958e-05,0.9985042092517221
7567,Brute Force,Brute Force,0.0,1.0,0.0,0.0,0.0,0.0,0.0
7568,Brute Force,Brute Force,0.0,1.0,0.0,0.0,0.0,0.0,0.0
7569,Brute Force,Brute Force,0.0,1.0,0.0,0.0,0.0,0.0,0.0
7570,Brute Force,Brute Force,0.0,0.999975398192537,0.0,0.0,2.4601807462940075e-05,0.0,0.0
7571,Brute Force,Brute Force,0.0,0.9998667055532651,0.0,0.0,0.00013329444673491696,0.0,0.0
7572,Botnet ARES,Botnet ARES,0.999774330969387,0.0,0.0,0.0,0.00022566903061300287,0.0,0.0
7573,Brute Force,Brute Force,0.0,1.0,0.0,0.0,0.0,0.0,0.0
7574,Botnet ARES,Botnet ARES,1.0,0.0,0.0,0.0,0.0,0.0,0.0
7575,Web Attack,Web Attack,0.0,0.0,1.4083720890171383e-05,0.0,0.0014186302283242169,6.30767990631958e-05,0.9985042092517221
7576,Brute Force,Brute Force,0.0,0.9446779893680691,0.0033586249612883247,0.0,0.05196338567064243,0.0,0.0
7577,Brute Force,Brute Force,0.0,1.0,0.0,0.0,0.0,0.0,0.0
7578,Brute Force,Brute Force,0.0,1.0,0.0,0.0,0.0,0.0,0.0
7579,Brute Force,Brute Force,0.0,1.0,0.0,0.0,0.0,0.0,0.0
7580,Brute Force,Brute Force,0.0,0.9883759840857788,0.0,0.0,0.011624015914221235,0.0,0.0
7581,Brute Force,Brute Force,0.0,0.9889303978121443,0.0,0.0,0.01106960218785575,0.0,0.0
7582,Brute Force,Brute Force,0.0,0.962706150113201,0.0029766544270049353,0.0,0.01276546330221945,0.0,0.021551732157574756
7583,Brute Force,Brute Force,0.0,0.999975398192537,0.0,0.0,2.4601807462940075e-05,0.0,0.0
7584,Brute Force,Brute Force,0.0,1.0,0.0,0.0,0.0,0.0,0.0
7585,Botnet ARES,Botnet ARES,0.999774330969387,0.0,0.0,0.0,0.00022566903061300287,0.0,0.0
7586,Brute Force,Brute Force,0.0,0.999975398192537,0.0,0.0,2.4601807462940075e-05,0.0,0.0
7587,Brute Force,Brute Force,0.0,1.0,0.0,0.0,0.0,0.0,0.0
7588,Brute Force,Brute Force,0.0,1.0,0.0,0.0,0.0,0.0,0.0
7589,Infiltration,Infiltration,0.0,0.0,0.0,0.9596403884672836,0.04035961153271635,0.0,0.0
7590,Brute Force,Brute Force,0.0,1.0,0.0,0.0,0.0,0.0,0.0
7591,Brute Force,Brute Force,0.0,1.0,0.0,0.0,0.0,0.0,0.0
7592,Brute Force,Brute Force,0.0,1.0,0.0,0.0,0.0,0.0,0.0
7593,Web Attack,Web Attack,0.0,0.0,1.4083720890171383e-05,0.0,0.0014186302283242169,6.30767990631958e-05,0.9985042092517221
7594,Brute Force,Brute Force,0.0,1.0,0.0,0.0,0.0,0.0,0.0
7595,Brute Force,Brute Force,0.0,1.0,0.0,0.0,0.0,0.0,0.0
7596,Brute Force,Brute Force,0.0,1.0,0.0,0.0,0.0,0.0,0.0
7597,Brute Force,Brute Force,0.0,0.962706150113201,0.0029766544270049353,0.0,0.01276546330221945,0.0,0.021551732157574756
7598,Brute Force,Brute Force,0.0,0.999975398192537,0.0,0.0,2.4601807462940075e-05,0.0,0.0
7599,Brute Force,Brute Force,0.0,0.9525098629501096,0.0029766544270049353,0.0,0.014263692656602543,0.0,0.03024978996628299
7600,Botnet ARES,Botnet ARES,1.0,0.0,0.0,0.0,0.0,0.0,0.0
7601,Brute Force,Brute Force,0.0,0.999975398192537,0.0,0.0,2.4601807462940075e-05,0.0,0.0
7602,Web Attack,Web Attack,0.0,0.0,1.4083720890171383e-05,0.0,0.0010767330448849778,5.853123184749522e-05,0.9988506520023772
7603,Brute Force,Brute Force,0.0,0.9606661601799914,0.0029766544270049353,0.0,0.013071659635060575,0.0,0.023285525757943223
7604,Brute Force,Brute Force,0.0,0.966727187630533,0.0029766544270049353,0.0,0.011254272568067127,0.0,0.019041885374395086
7605,Web Attack,Web Attack,0.0,0.0,1.4083720890171383e-05,0.0,0.0010767330448849778,5.853123184749522e-05,0.9988506520023772
7606,Web Attack,Web Attack,0.0,0.0,1.4083720890171383e-05,0.0,0.0013872884381312548,6.30767990631958e-05,0.9985355510419153
7607,Brute Force,Brute Force,0.0,1.0,0.0,0.0,0.0,0.0,0.0
7608,Brute Force,Brute Force,0.0,0.9525098629501096,0.0029766544270049353,0.0,0.014263692656602543,0.0,0.03024978996628299
7609,Brute Force,Brute Force,0.0,0.9522623620034456,0.0029766544270049353,0.0,0.014501835760378135,0.0,0.030259147809171466
7610,Brute Force,Brute Force,0.0,1.0,0.0,0.0,0.0,0.0,0.0
7611,Brute Force,Brute Force,0.0,1.0,0.0,0.0,0.0,0.0,0.0
7612,Web Attack,Web Attack,0.0,0.0,1.4083720890171383e-05,0.0,0.001344424375867432,0.00011614221844780474,0.9985253496847944
7613,Brute Force,Brute Force,0.0,1.0,0.0,0.0,0.0,0.0,0.0
7614,Brute Force,Brute Force,0.0,1.0,0.0,0.0,0.0,0.0,0.0
7615,Brute Force,Brute Force,0.0,1.0,0.0,0.0,0.0,0.0,0.0
7616,Web Attack,Web Attack,0.0,0.0,1.4083720890171383e-05,0.0,0.0014186302283242169,6.30767990631958e-05,0.9985042092517221
7617,Web Attack,Web Attack,0.0,0.0,1.4083720890171383e-05,0.0,0.0014186302283242169,6.30767990631958e-05,0.9985042092517221
7618,Brute Force,Brute Force,0.0,1.0,0.0,0.0,0.0,0.0,0.0
7619,Web Attack,Web Attack,0.0,0.0,1.4083720890171383e-05,0.0,0.0013977305287910119,6.30767990631958e-05,0.9985251089512555
7620,Web Attack,Web Attack,0.0,0.0,1.4083720890171383e-05,0.0,0.0012636372494429348,0.00011159665123210415,0.9986106823784346
7621,Brute Force,Brute Force,0.0,0.9998667055532651,0.0,0.0,0.00013329444673491696,0.0,0.0
7622,Brute Force,Brute Force,0.0,0.9998667055532651,0.0,0.0,0.00013329444673491696,0.0,0.0
7623,Brute Force,Brute Force,0.0,1.0,0.0,0.0,0.0,0.0,0.0
7624,Botnet ARES,Botnet ARES,1.0,0.0,0.0,0.0,0.0,0.0,0.0
7625,Brute Force,Brute Force,0.0,0.9606661601799914,0.0029766544270049353,0.0,0.013071659635060575,0.0,0.023285525757943223
7626,Brute Force,Brute Force,0.0,0.9606661601799914,0.0029766544270049353,0.0,0.013071659635060575,0.0,0.023285525757943223
7627,Brute Force,Brute Force,0.0,0.999975398192537,0.0,0.0,2.4601807462940075e-05,0.0,0.0
7628,Brute Force,Brute Force,0.0,0.962706150113201,0.0029766544270049353,0.0,0.01276546330221945,0.0,0.021551732157574756
7629,Brute Force,Brute Force,0.0,0.9401022752516905,0.0029766544270049353,0.0,0.018991047905427275,0.0,0.037930022415877354
7630,Brute Force,Brute Force,0.0,0.999975398192537,0.0,0.0,2.4601807462940075e-05,0.0,0.0
7631,Brute Force,Brute Force,0.0,1.0,0.0,0.0,0.0,0.0,0.0
7632,Brute Force,Brute Force,0.0,0.9998667055532651,0.0,0.0,0.00013329444673491696,0.0,0.0
7633,Web Attack,Web Attack,0.0,0.0,1.4083720890171383e-05,0.0,0.0010767330448849778,5.853123184749522e-05,0.9988506520023772
7634,Brute Force,Brute Force,0.0,1.0,0.0,0.0,0.0,0.0,0.0
7635,Web Attack,Web Attack,0.0,0.0,1.4083720890171383e-05,0.0,0.0014186302283242169,6.30767990631958e-05,0.9985042092517221
7636,Brute Force,Brute Force,0.0,0.999975398192537,0.0,0.0,2.4601807462940075e-05,0.0,0.0
7637,Brute Force,Brute Force,0.0,1.0,0.0,0.0,0.0,0.0,0.0
7638,Web Attack,Web Attack,0.0,0.0,1.4083720890171383e-05,0.0,0.011344424375867433,0.00011614221844780474,0.9885253496847944
7639,Web Attack,Web Attack,0.0,0.08037213195832683,0.004118773383477628,0.0,0.04272820920575167,0.0001145531263250645,0.8726663323261192
7640,Brute Force,Brute Force,0.0,1.0,0.0,0.0,0.0,0.0,0.0
7641,Brute Force,Brute Force,0.0,1.0,0.0,0.0,0.0,0.0,0.0
7642,Brute Force,Brute Force,0.0,1.0,0.0,0.0,0.0,0.0,0.0
7643,Brute Force,Brute Force,0.0,1.0,0.0,0.0,0.0,0.0,0.0
7644,Botnet ARES,Botnet ARES,0.9945652196633213,0.0,0.0,0.0,0.0054347803366787415,0.0,0.0
7645,Brute Force,Brute Force,0.0,1.0,0.0,0.0,0.0,0.0,0.0
7646,Brute Force,Brute Force,0.0,1.0,0.0,0.0,0.0,0.0,0.0
7647,Botnet ARES,Botnet ARES,0.9921292868477377,0.0,0.0,0.0,0.007870713152261967,0.0,0.0
7648,Brute Force,Brute Force,0.0,0.9522623620034456,0.0029766544270049353,0.0,0.014501835760378135,0.0,0.030259147809171466
7649,Botnet ARES,Botnet ARES,1.0,0.0,0.0,0.0,0.0,0.0,0.0
7650,Brute Force,Brute Force,0.0,0.9998667055532651,0.0,0.0,0.00013329444673491696,0.0,0.0
7651,Web Attack,Web Attack,0.0,0.0,1.4083720890171383e-05,0.0,0.0014186302283242169,6.30767990631958e-05,0.9985042092517221
7652,Brute Force,Brute Force,0.0,1.0,0.0,0.0,0.0,0.0,0.0
7653,Web Attack,Web Attack,0.0,0.0,1.4083720890171383e-05,0.0,0.0014186302283242169,6.30767990631958e-05,0.9985042092517221
7654,Web Attack,Web Attack,0.0,0.0,1.4083720890171383e-05,0.0,0.0010767330448849778,5.853123184749522e-05,0.9988506520023772
7655,Brute Force,Brute Force,0.0,0.9998667055532651,0.0,0.0,0.00013329444673491696,0.0,0.0
7656,Brute Force,Brute Force,0.0,0.999975398192537,0.0,0.0,2.4601807462940075e-05,0.0,0.0
7657,Brute Force,Brute Force,0.0,0.9400800073199993,0.0029766544270049353,0.0,0.01901331583711849,0.0,0.037930022415877354
7658,Brute Force,Brute Force,0.0,0.999975398192537,0.0,0.0,2.4601807462940075e-05,0.0,0.0
7659,Brute Force,Brute Force,0.0,0.966727187630533,0.0029766544270049353,0.0,0.011254272568067127,0.0,0.019041885374395086
7660,Brute Force,Brute Force,0.0,0.9998667055532651,0.0,0.0,0.00013329444673491696,0.0,0.0
7661,Brute Force,Brute Force,0.0,0.962706150113201,0.0029766544270049353,0.0,0.01276546330221945,0.0,0.021551732157574756
7662,Web Attack,Web Attack,0.0,0.0,1.4083720890171383e-05,0.0,0.0010767330448849778,5.853123184749522e-05,0.9988506520023772
7663,Brute Force,Brute Force,0.0,0.9606661601799914,0.0029766544270049353,0.0,0.013071659635060575,0.0,0.023285525757943223
7664,Brute Force,Brute Force,0.0,1.0,0.0,0.0,0.0,0.0,0.0
7665,Brute Force,Brute Force,0.0,0.999975398192537,0.0,0.0,2.4601807462940075e-05,0.0,0.0
7666,Brute Force,Brute Force,0.0,0.9604793911057681,0.0029766544270049353,0.0,0.013258428709283907,0.0,0.023285525757943223
7667,Brute Force,Brute Force,0.0,1.0,0.0,0.0,0.0,0.0,0.0
7668,Brute Force,Brute Force,0.0,1.0,0.0,0.0,0.0,0.0,0.0
7669,Botnet ARES,Botnet ARES,0.9996696914371873,0.0,0.0,0.0,0.0003303085628127412,0.0,0.0
7670,Brute Force,Brute Force,0.0,1.0,0.0,0.0,0.0,0.0,0.0
7671,Brute Force,Brute Force,0.0,0.9766199158485273,0.0,0.0,0.01338008415147265,0.0,0.01
7672,Botnet ARES,Botnet ARES,0.999774330969387,0.0,0.0,0.0,0.00022566903061300287,0.0,0.0
7673,Brute Force,Brute Force,0.0,0.962706150113201,0.0029766544270049353,0.0,0.01276546330221945,0.0,0.021551732157574756
7674,Brute Force,Brute Force,0.0,0.9606661601799914,0.0029766544270049353,0.0,0.013071659635060575,0.0,0.023285525757943223
7675,Brute Force,Brute Force,0.0,0.999975398192537,0.0,0.0,2.4601807462940075e-05,0.0,0.0
7676,Brute Force,Brute Force,0.0,1.0,0.0,0.0,0.0,0.0,0.0
7677,Brute Force,Brute Force,0.0,1.0,0.0,0.0,0.0,0.0,0.0
7678,Brute Force,Brute Force,0.0,1.0,0.0,0.0,0.0,0.0,0.0
7679,Botnet ARES,Botnet ARES,1.0,0.0,0.0,0.0,0.0,0.0,0.0
7680,Botnet ARES,Botnet ARES,0.9922684103446645,0.0,0.0,0.0,0.007731589655335363,0.0,0.0
7681,Botnet ARES,Botnet ARES,1.0,0.0,0.0,0.0,0.0,0.0,0.0
7682,Brute Force,Brute Force,0.0,1.0,0.0,0.0,0.0,0.0,0.0
7683,Brute Force,Brute Force,0.0,1.0,0.0,0.0,0.0,0.0,0.0
7684,Brute Force,Brute Force,0.0,1.0,0.0,0.0,0.0,0.0,0.0
7685,Brute Force,Brute Force,0.0,0.999975398192537,0.0,0.0,2.4601807462940075e-05,0.0,0.0
7686,Brute Force,Brute Force,0.0,0.9606661601799914,0.0029766544270049353,0.0,0.013071659635060575,0.0,0.023285525757943223
7687,Brute Force,Brute Force,0.0,1.0,0.0,0.0,0.0,0.0,0.0
7688,Brute Force,Brute Force,0.0,1.0,0.0,0.0,0.0,0.0,0.0
7689,Brute Force,Brute Force,0.0,0.9568046371838226,0.00491511532607423,0.0,0.035822560607169394,0.0024576868829337094,0.0
7690,Web Attack,Web Attack,0.0,0.0,1.4083720890171383e-05,0.0,0.0035783867201557083,0.00011159665123210415,0.9962959329077219
7691,Brute Force,Brute Force,0.0,0.962706150113201,0.0029766544270049353,0.0,0.01276546330221945,0.0,0.021551732157574756
7692,Brute Force,Brute Force,0.0,1.0,0.0,0.0,0.0,0.0,0.0
7693,Brute Force,Brute Force,0.0,1.0,0.0,0.0,0.0,0.0,0.0
7694,Brute Force,Brute Force,0.0,0.962706150113201,0.0029766544270049353,0.0,0.01276546330221945,0.0,0.021551732157574756
7695,Brute Force,Brute Force,0.0,1.0,0.0,0.0,0.0,0.0,0.0
7696,Brute Force,Brute Force,0.0,1.0,0.0,0.0,0.0,0.0,0.0
7697,Brute Force,Brute Force,0.0,0.9525098629501096,0.0029766544270049353,0.0,0.014263692656602543,0.0,0.03024978996628299
7698,Brute Force,Brute Force,0.0,0.9866199158485273,0.0,0.0,0.003380084151472651,0.0,0.01
7699,Brute Force,Brute Force,0.0,1.0,0.0,0.0,0.0,0.0,0.0
7700,Brute Force,Brute Force,0.0,1.0,0.0,0.0,0.0,0.0,0.0
7701,Brute Force,Brute Force,0.0,0.962706150113201,0.0029766544270049353,0.0,0.01276546330221945,0.0,0.021551732157574756
7702,Brute Force,Brute Force,0.0,1.0,0.0,0.0,0.0,0.0,0.0
7703,Brute Force,Brute Force,0.0,1.0,0.0,0.0,0.0,0.0,0.0
7704,Brute Force,Brute Force,0.0,1.0,0.0,0.0,0.0,0.0,0.0
7705,Brute Force,Brute Force,0.0,0.9631939092393665,0.0029766544270049353,0.0,0.012323334924409615,0.0,0.021506101409219
7706,Brute Force,Brute Force,0.0,0.9606661601799914,0.0029766544270049353,0.0,0.013071659635060575,0.0,0.023285525757943223
7707,Brute Force,Brute Force,0.0,1.0,0.0,0.0,0.0,0.0,0.0
7708,Brute Force,Brute Force,0.0,0.999975398192537,0.0,0.0,2.4601807462940075e-05,0.0,0.0
7709,Brute Force,Brute Force,0.0,0.999975398192537,0.0,0.0,2.4601807462940075e-05,0.0,0.0
7710,Brute Force,Brute Force,0.0,0.999975398192537,0.0,0.0,2.4601807462940075e-05,0.0,0.0
7711,Botnet ARES,Botnet ARES,0.9942400076709913,0.0,0.0,0.0,0.005759992329008527,0.0,0.0
7712,Botnet ARES,Botnet ARES,1.0,0.0,0.0,0.0,0.0,0.0,0.0
7713,Brute Force,Brute Force,0.0,1.0,0.0,0.0,0.0,0.0,0.0
7714,Web Attack,Web Attack,0.0,0.0,1.4083720890171383e-05,0.0,0.0010767330448849778,5.853123184749522e-05,0.9988506520023772
7715,Web Attack,Web Attack,0.0,0.0,1.4083720890171383e-05,0.0,0.0010767330448849778,5.853123184749522e-05,0.9988506520023772
7716,Infiltration,Infiltration,0.01,0.0,0.04493339058332252,0.8392563367712598,0.10581027264541781,0.0,0.0
7717,Botnet ARES,Botnet ARES,0.9929937449523447,0.0,0.0,0.0,0.007006255047654936,0.0,0.0
7718,Brute Force,Brute Force,0.0,0.999975398192537,0.0,0.0,2.4601807462940075e-05,0.0,0.0
7719,Brute Force,Brute Force,0.0,0.9998667055532651,0.0,0.0,0.00013329444673491696,0.0,0.0
7720,Brute Force,Brute Force,0.0,0.9522623620034456,0.0029766544270049353,0.0,0.014501835760378135,0.0,0.030259147809171466
7721,Brute Force,Brute Force,0.0,1.0,0.0,0.0,0.0,0.0,0.0
7722,Botnet ARES,Botnet ARES,0.9924741127423644,0.0,0.0,0.0,0.007525887257635478,0.0,0.0
7723,Web Attack,Web Attack,0.0,0.0,1.4083720890171383e-05,0.0,0.001550279110412039,6.30767990631958e-05,0.9983725603696344
7724,Brute Force,Brute Force,0.0,0.9606661601799914,0.0029766544270049353,0.0,0.013071659635060575,0.0,0.023285525757943223
7725,Brute Force,Brute Force,0.0,0.999975398192537,0.0,0.0,2.4601807462940075e-05,0.0,0.0
7726,Botnet ARES,Botnet ARES,0.999774330969387,0.0,0.0,0.0,0.00022566903061300287,0.0,0.0
7727,Web Attack,Web Attack,0.0,0.0,1.4083720890171383e-05,0.0,0.0010767330448849778,5.853123184749522e-05,0.9988506520023772
7728,Brute Force,Brute Force,0.0,1.0,0.0,0.0,0.0,0.0,0.0
7729,Brute Force,Brute Force,0.0,0.9998667055532651,0.0,0.0,0.00013329444673491696,0.0,0.0
7730,Brute Force,Brute Force,0.0,1.0,0.0,0.0,0.0,0.0,0.0
7731,Brute Force,Brute Force,0.0,0.9606661601799914,0.0029766544270049353,0.0,0.013071659635060575,0.0,0.023285525757943223
7732,Botnet ARES,Botnet ARES,1.0,0.0,0.0,0.0,0.0,0.0,0.0
7733,Botnet ARES,Botnet ARES,1.0,0.0,0.0,0.0,0.0,0.0,0.0
7734,Web Attack,Web Attack,0.0,0.0,1.4083720890171383e-05,0.0,0.0010767330448849778,5.853123184749522e-05,0.9988506520023772
7735,Brute Force,Brute Force,0.0,1.0,0.0,0.0,0.0,0.0,0.0
7736,Brute Force,Brute Force,0.0,0.9525098629501096,0.0029766544270049353,0.0,0.014263692656602543,0.0,0.03024978996628299
7737,Brute Force,Brute Force,0.0,0.9998667055532651,0.0,0.0,0.00013329444673491696,0.0,0.0
7738,Brute Force,Brute Force,0.0,0.9998930490496046,0.0,0.0,0.00010695095039544507,0.0,0.0
7739,Brute Force,Brute Force,0.0,0.9482827064266475,0.0029766544270049353,0.0,0.015388841423102649,0.0,0.03335179772324501
7740,Brute Force,Brute Force,0.0,0.999975398192537,0.0,0.0,2.4601807462940075e-05,0.0,0.0
7741,Brute Force,Brute Force,0.0,1.0,0.0,0.0,0.0,0.0,0.0
7742,Brute Force,Brute Force,0.0,0.999975398192537,0.0,0.0,2.4601807462940075e-05,0.0,0.0
7743,Brute Force,Brute Force,0.0,1.0,0.0,0.0,0.0,0.0,0.0
7744,Brute Force,Brute Force,0.0,0.9606661601799914,0.0029766544270049353,0.0,0.013071659635060575,0.0,0.023285525757943223
7745,Brute Force,Brute Force,0.0,0.999975398192537,0.0,0.0,2.4601807462940075e-05,0.0,0.0
7746,Brute Force,Brute Force,0.0,0.999975398192537,0.0,0.0,2.4601807462940075e-05,0.0,0.0
7747,Brute Force,Brute Force,0.0,1.0,0.0,0.0,0.0,0.0,0.0
7748,Brute Force,Brute Force,0.0,0.962706150113201,0.0029766544270049353,0.0,0.01276546330221945,0.0,0.021551732157574756
7749,Brute Force,Brute Force,0.0,0.9998667055532651,0.0,0.0,0.00013329444673491696,0.0,0.0
7750,Brute Force,Brute Force,0.0,1.0,0.0,0.0,0.0,0.0,0.0
7751,Brute Force,Brute Force,0.0,0.999975398192537,0.0,0.0,2.4601807462940075e-05,0.0,0.0
7752,Brute Force,Brute Force,0.0,0.9998667055532651,0.0,0.0,0.00013329444673491696,0.0,0.0
7753,Brute Force,Brute Force,0.0,0.9606661601799914,0.0029766544270049353,0.0,0.013071659635060575,0.0,0.023285525757943223
7754,Brute Force,Brute Force,0.0,0.9998667055532651,0.0,0.0,0.00013329444673491696,0.0,0.0
7755,Brute Force,Brute Force,0.0,0.999975398192537,0.0,0.0,2.4601807462940075e-05,0.0,0.0
7756,Brute Force,Brute Force,0.0,0.9606661601799914,0.0029766544270049353,0.0,0.013071659635060575,0.0,0.023285525757943223
7757,Brute Force,Brute Force,0.0,1.0,0.0,0.0,0.0,0.0,0.0
7758,Brute Force,Brute Force,0.0,1.0,0.0,0.0,0.0,0.0,0.0
7759,Brute Force,Brute Force,0.0,0.999975398192537,0.0,0.0,2.4601807462940075e-05,0.0,0.0
7760,Brute Force,Brute Force,0.0,1.0,0.0,0.0,0.0,0.0,0.0
7761,Botnet ARES,Botnet ARES,1.0,0.0,0.0,0.0,0.0,0.0,0.0
7762,Brute Force,Brute Force,0.0,0.9606661601799914,0.0029766544270049353,0.0,0.013071659635060575,0.0,0.023285525757943223
7763,Brute Force,Brute Force,0.0,1.0,0.0,0.0,0.0,0.0,0.0
7764,Brute Force,Brute Force,0.0,1.0,0.0,0.0,0.0,0.0,0.0
7765,Botnet ARES,Botnet ARES,1.0,0.0,0.0,0.0,0.0,0.0,0.0
7766,Brute Force,Brute Force,0.0,0.9998667055532651,0.0,0.0,0.00013329444673491696,0.0,0.0
7767,Brute Force,Brute Force,0.0,1.0,0.0,0.0,0.0,0.0,0.0
7768,Brute Force,Brute Force,0.0,1.0,0.0,0.0,0.0,0.0,0.0
7769,Brute Force,Brute Force,0.0,0.999975398192537,0.0,0.0,2.4601807462940075e-05,0.0,0.0
7770,Brute Force,Brute Force,0.0,1.0,0.0,0.0,0.0,0.0,0.0
7771,Brute Force,Brute Force,0.0,0.9606661601799914,0.0029766544270049353,0.0,0.013071659635060575,0.0,0.023285525757943223
7772,Brute Force,Brute Force,0.0,0.9788096206601492,0.0,0.0,0.021190379339850775,0.0,0.0
7773,Web Attack,Web Attack,0.0,0.0,1.4083720890171383e-05,0.0,0.0010767330448849778,5.853123184749522e-05,0.9988506520023772
7774,Brute Force,Brute Force,0.0,1.0,0.0,0.0,0.0,0.0,0.0
7775,Brute Force,Brute Force,0.0,0.9307918866085665,0.0029766544270049353,0.0,0.02830143654855153,0.0,0.037930022415877354
7776,Brute Force,Brute Force,0.0,1.0,0.0,0.0,0.0,0.0,0.0
7777,Brute Force,Brute Force,0.0,0.9525098629501096,0.0029766544270049353,0.0,0.014263692656602543,0.0,0.03024978996628299
7778,Brute Force,Brute Force,0.0,1.0,0.0,0.0,0.0,0.0,0.0
7779,Botnet ARES,Botnet ARES,1.0,0.0,0.0,0.0,0.0,0.0,0.0
7780,Brute Force,Brute Force,0.0,0.9631939092393665,0.0029766544270049353,0.0,0.012323334924409615,0.0,0.021506101409219
7781,Brute Force,Brute Force,0.0,1.0,0.0,0.0,0.0,0.0,0.0
7782,Brute Force,Brute Force,0.0,1.0,0.0,0.0,0.0,0.0,0.0
7783,Brute Force,Brute Force,0.0,0.999975398192537,0.0,0.0,2.4601807462940075e-05,0.0,0.0
7784,Brute Force,Brute Force,0.0,0.9606661601799914,0.0029766544270049353,0.0,0.013071659635060575,0.0,0.023285525757943223
7785,Brute Force,Brute Force,0.0,1.0,0.0,0.0,0.0,0.0,0.0
7786,Brute Force,Brute Force,0.0,0.9998667055532651,0.0,0.0,0.00013329444673491696,0.0,0.0
7787,Brute Force,Brute Force,0.0,1.0,0.0,0.0,0.0,0.0,0.0
7788,Brute Force,Brute Force,0.0,1.0,0.0,0.0,0.0,0.0,0.0
7789,Brute Force,Brute Force,0.0,1.0,0.0,0.0,0.0,0.0,0.0
7790,Brute Force,Brute Force,0.0,1.0,0.0,0.0,0.0,0.0,0.0
7791,Web Attack,Web Attack,0.0,0.0627841395745215,0.0034598891941967067,0.0,0.05295922289103074,0.0,0.8807967483402516
7792,Botnet ARES,Botnet ARES,1.0,0.0,0.0,0.0,0.0,0.0,0.0
7793,Brute Force,Brute Force,0.0,1.0,0.0,0.0,0.0,0.0,0.0
7794,Web Attack,Web Attack,0.0,0.0,1.4083720890171383e-05,0.0,0.0010767330448849778,5.853123184749522e-05,0.9988506520023772
7795,Botnet ARES,Botnet ARES,0.999774330969387,0.0,0.0,0.0,0.00022566903061300287,0.0,0.0
7796,Web Attack,Web Attack,0.0,0.0,0.004772727272727273,0.0,0.03153579586650808,0.0,0.9636914768607647
7797,Botnet ARES,Botnet ARES,0.9943261671593681,0.0,0.0,0.0,0.00567383284063192,0.0,0.0
7798,Brute Force,Brute Force,0.0,1.0,0.0,0.0,0.0,0.0,0.0
7799,Brute Force,Brute Force,0.0,0.9606661601799914,0.0029766544270049353,0.0,0.013071659635060575,0.0,0.023285525757943223
7800,Brute Force,Brute Force,0.0,1.0,0.0,0.0,0.0,0.0,0.0
7801,Botnet ARES,Botnet ARES,0.999774330969387,0.0,0.0,0.0,0.00022566903061300287,0.0,0.0
7802,Botnet ARES,Botnet ARES,0.999774330969387,0.0,0.0,0.0,0.00022566903061300287,0.0,0.0
7803,Brute Force,Brute Force,0.0,1.0,0.0,0.0,0.0,0.0,0.0
7804,Web Attack,Web Attack,0.0,0.0,1.4083720890171383e-05,0.0,0.0014084435075517265,6.30767990631958e-05,0.9985143959724947
7805,Brute Force,Brute Force,0.0,0.962706150113201,0.0029766544270049353,0.0,0.01276546330221945,0.0,0.021551732157574756
7806,Brute Force,Brute Force,0.0,1.0,0.0,0.0,0.0,0.0,0.0
7807,Brute Force,Brute Force,0.0,0.9769921006036248,0.0,0.0,0.015052410901467505,0.007955488494907582,0.0
7808,Brute Force,Brute Force,0.0,1.0,0.0,0.0,0.0,0.0,0.0
7809,Brute Force,Brute Force,0.0,0.9916591998792335,0.0,0.0,0.008340800120766559,0.0,0.0
7810,Brute Force,Brute Force,0.0,0.9998667055532651,0.0,0.0,0.00013329444673491696,0.0,0.0
7811,Web Attack,Web Attack,0.0,0.0,1.4083720890171383e-05,0.0,0.0014186302283242169,6.30767990631958e-05,0.9985042092517221
7812,Botnet ARES,Botnet ARES,0.9810806778177159,0.0,0.0,0.0,0.015425437235885147,0.003493884946398913,0.0
7813,Web Attack,Web Attack,0.0,0.0,1.4083720890171383e-05,0.0,0.001550279110412039,6.30767990631958e-05,0.9983725603696344
7814,Web Attack,Normal,0.0,0.0049863938231379775,0.19456723016171618,0.0,0.5618938819291067,0.013164399039239582,0.2253880950467995
7815,Botnet ARES,Botnet ARES,0.9996696914371873,0.0,0.0,0.0,0.0003303085628127412,0.0,0.0
7816,Brute Force,Brute Force,0.0,0.9576910175920333,0.0029766544270049353,0.0,0.013071659635060575,0.0,0.026260668345901083
7817,Brute Force,Brute Force,0.0,1.0,0.0,0.0,0.0,0.0,0.0
7818,Brute Force,Brute Force,0.0,1.0,0.0,0.0,0.0,0.0,0.0
7819,Brute Force,Brute Force,0.0,1.0,0.0,0.0,0.0,0.0,0.0
7820,Brute Force,Brute Force,0.0,1.0,0.0,0.0,0.0,0.0,0.0
7821,Brute Force,Brute Force,0.0,1.0,0.0,0.0,0.0,0.0,0.0
7822,Brute Force,Brute Force,0.0,0.962706150113201,0.0029766544270049353,0.0,0.01276546330221945,0.0,0.021551732157574756
7823,Brute Force,Brute Force,0.0,1.0,0.0,0.0,0.0,0.0,0.0
7824,Web Attack,Web Attack,0.0,0.0,1.4083720890171383e-05,0.0,0.0010767330448849778,5.853123184749522e-05,0.9988506520023772
7825,Brute Force,Brute Force,0.0,1.0,0.0,0.0,0.0,0.0,0.0
7826,Brute Force,Brute Force,0.0,1.0,0.0,0.0,0.0,0.0,0.0
7827,Botnet ARES,Botnet ARES,1.0,0.0,0.0,0.0,0.0,0.0,0.0
7828,Brute Force,Brute Force,0.0,0.962706150113201,0.0029766544270049353,0.0,0.01276546330221945,0.0,0.021551732157574756
7829,Botnet ARES,Botnet ARES,0.9941259566131372,0.0,0.0,0.0,0.005874043386862775,0.0,0.0
7830,Brute Force,Brute Force,0.0,0.9998667055532651,0.0,0.0,0.00013329444673491696,0.0,0.0
7831,Brute Force,Brute Force,0.0,0.999975398192537,0.0,0.0,2.4601807462940075e-05,0.0,0.0
7832,Botnet ARES,Botnet ARES,0.9929202331109949,0.0,0.0,0.0,0.007079766889005023,0.0,0.0
7833,Brute Force,Brute Force,0.0,1.0,0.0,0.0,0.0,0.0,0.0
7834,Brute Force,Brute Force,0.0,0.9998667055532651,0.0,0.0,0.00013329444673491696,0.0,0.0
7835,Brute Force,Brute Force,0.0,1.0,0.0,0.0,0.0,0.0,0.0
7836,Brute Force,Brute Force,0.0,0.9576910175920333,0.0029766544270049353,0.0,0.013071659635060575,0.0,0.026260668345901083
7837,Brute Force,Brute Force,0.0,0.999975398192537,0.0,0.0,2.4601807462940075e-05,0.0,0.0
7838,Brute Force,Brute Force,0.0,1.0,0.0,0.0,0.0,0.0,0.0
7839,Brute Force,Brute Force,0.0,0.9998667055532651,0.0,0.0,0.00013329444673491696,0.0,0.0
7840,Brute Force,Brute Force,0.0,0.999975398192537,0.0,0.0,2.4601807462940075e-05,0.0,0.0
7841,Brute Force,Brute Force,0.0,0.9998667055532651,0.0,0.0,0.00013329444673491696,0.0,0.0
7842,Brute Force,Brute Force,0.0,1.0,0.0,0.0,0.0,0.0,0.0
7843,Brute Force,Brute Force,0.0,0.9482827064266475,0.0029766544270049353,0.0,0.015388841423102649,0.0,0.03335179772324501
7844,Web Attack,Web Attack,0.0,0.0,1.4083720890171383e-05,0.0,0.001550279110412039,6.30767990631958e-05,0.9983725603696344
7845,Botnet ARES,Botnet ARES,0.999774330969387,0.0,0.0,0.0,0.00022566903061300287,0.0,0.0
7846,Brute Force,Brute Force,0.0,1.0,0.0,0.0,0.0,0.0,0.0
7847,Brute Force,Brute Force,0.0,1.0,0.0,0.0,0.0,0.0,0.0
7848,Brute Force,Brute Force,0.0,0.9950221962616823,0.0,0.0,0.004977803738317757,0.0,0.0
7849,Brute Force,Brute Force,0.0,1.0,0.0,0.0,0.0,0.0,0.0
7850,Brute Force,Brute Force,0.0,0.9998667055532651,0.0,0.0,0.00013329444673491696,0.0,0.0
7851,Web Attack,Web Attack,0.0,0.0,1.4083720890171383e-05,0.0,0.0010767330448849778,5.853123184749522e-05,0.9988506520023772
7852,Brute Force,Brute Force,0.0,0.999975398192537,0.0,0.0,2.4601807462940075e-05,0.0,0.0
7853,Botnet ARES,Botnet ARES,0.9928061820531404,0.0,0.0,0.0,0.00719381794685927,0.0,0.0
7854,Botnet ARES,Botnet ARES,0.999774330969387,0.0,0.0,0.0,0.00022566903061300287,0.0,0.0
7855,Brute Force,Brute Force,0.0,0.962706150113201,0.0029766544270049353,0.0,0.01276546330221945,0.0,0.021551732157574756
7856,Brute Force,Brute Force,0.0,1.0,0.0,0.0,0.0,0.0,0.0
7857,Brute Force,Brute Force,0.0,1.0,0.0,0.0,0.0,0.0,0.0
7858,Brute Force,Brute Force,0.0,0.9525098629501096,0.0029766544270049353,0.0,0.014263692656602543,0.0,0.03024978996628299
7859,Brute Force,Brute Force,0.0,0.9616866492919636,0.0029766544270049353,0.0,0.01634637001310575,0.0,0.018990326267925833
7860,Web Attack,Web Attack,0.0,0.0,1.4083720890171383e-05,0.0,0.0014186302283242169,6.30767990631958e-05,0.9985042092517221
7861,Brute Force,Brute Force,0.0,1.0,0.0,0.0,0.0,0.0,0.0
7862,Brute Force,Brute Force,0.0,0.999975398192537,0.0,0.0,2.4601807462940075e-05,0.0,0.0
7863,Brute Force,Brute Force,0.0,0.966727187630533,0.0029766544270049353,0.0,0.011254272568067127,0.0,0.019041885374395086
7864,Brute Force,Brute Force,0.0,1.0,0.0,0.0,0.0,0.0,0.0
7865,Web Attack,Web Attack,0.0,0.061675334349247414,0.0034598891941967067,0.0,0.056928700834153106,0.0,0.8779360756224033
7866,Brute Force,Brute Force,0.0,1.0,0.0,0.0,0.0,0.0,0.0
7867,Botnet ARES,Botnet ARES,1.0,0.0,0.0,0.0,0.0,0.0,0.0
7868,Brute Force,Brute Force,0.0,0.999975398192537,0.0,0.0,2.4601807462940075e-05,0.0,0.0
7869,Brute Force,Brute Force,0.0,1.0,0.0,0.0,0.0,0.0,0.0
7870,Brute Force,Brute Force,0.0,0.962706150113201,0.0029766544270049353,0.0,0.01276546330221945,0.0,0.021551732157574756
7871,Brute Force,Brute Force,0.0,0.9999350475432024,0.0,0.0,6.495245679765435e-05,0.0,0.0
7872,Botnet ARES,Botnet ARES,0.9954420432220039,0.0,0.0,0.0,0.0045579567779960705,0.0,0.0
7873,Botnet ARES,Botnet ARES,0.9942400076709913,0.0,0.0,0.0,0.005759992329008527,0.0,0.0
7874,Brute Force,Brute Force,0.0,1.0,0.0,0.0,0.0,0.0,0.0
7875,Brute Force,Brute Force,0.0,1.0,0.0,0.0,0.0,0.0,0.0
7876,Botnet ARES,Botnet ARES,1.0,0.0,0.0,0.0,0.0,0.0,0.0
7877,Brute Force,Brute Force,0.0,0.999975398192537,0.0,0.0,2.4601807462940075e-05,0.0,0.0
7878,Web Attack,Web Attack,0.0,0.0,1.4083720890171383e-05,0.0,0.0014186302283242169,6.30767990631958e-05,0.9985042092517221
7879,Brute Force,Brute Force,0.0,0.9606661601799914,0.0029766544270049353,0.0,0.013071659635060575,0.0,0.023285525757943223
7880,Botnet ARES,Botnet ARES,0.981429846034693,0.0,0.0,0.0,0.018570153965307142,0.0,0.0
7881,Brute Force,Brute Force,0.0,1.0,0.0,0.0,0.0,0.0,0.0
7882,Brute Force,Brute Force,0.0,0.9140754836331156,0.0029654742769327537,0.0,0.028038691122494904,0.0,0.05492035096745695
7883,Brute Force,Brute Force,0.0,0.9998667055532651,0.0,0.0,0.00013329444673491696,0.0,0.0
7884,Web Attack,Web Attack,0.0,0.0,1.4083720890171383e-05,0.0,0.001550279110412039,6.30767990631958e-05,0.9983725603696344
7885,Brute Force,Brute Force,0.0,1.0,0.0,0.0,0.0,0.0,0.0
7886,Brute Force,Brute Force,0.0,0.99,0.0,0.0,0.01,0.0,0.0
7887,Brute Force,Brute Force,0.0,0.999975398192537,0.0,0.0,2.4601807462940075e-05,0.0,0.0
7888,Brute Force,Brute Force,0.0,1.0,0.0,0.0,0.0,0.0,0.0
7889,Web Attack,Web Attack,0.0,0.0,1.4083720890171383e-05,0.0,0.0061200904692967125,6.30767990631958e-05,0.9938027490107498
7890,Web Attack,Web Attack,0.0,0.0,1.4083720890171383e-05,0.0,0.001550279110412039,6.30767990631958e-05,0.9983725603696344
7891,Web Attack,Web Attack,0.0,0.0,1.4083720890171383e-05,0.0,0.0014052859806130125,6.30767990631958e-05,0.9985175534994335
7892,Web Attack,Web Attack,0.0,0.0,0.011683053881288444,0.0,0.0238326133104007,0.020058531231847497,0.9444258015764632
7893,Web Attack,Web Attack,0.0,0.0,1.4083720890171383e-05,0.0,0.0010767330448849778,5.853123184749522e-05,0.9988506520023772
7894,Brute Force,Brute Force,0.0,0.9998667055532651,0.0,0.0,0.00013329444673491696,0.0,0.0
7895,Botnet ARES,Botnet ARES,0.999774330969387,0.0,0.0,0.0,0.00022566903061300287,0.0,0.0
7896,Brute Force,Brute Force,0.0,0.9606661601799914,0.0029766544270049353,0.0,0.013071659635060575,0.0,0.023285525757943223
7897,Brute Force,Brute Force,0.0,0.966727187630533,0.0029766544270049353,0.0,0.011254272568067127,0.0,0.019041885374395086
7898,Brute Force,Brute Force,0.0,0.9854714796345081,0.01,0.0,0.0045285203654918,0.0,0.0
7899,Brute Force,Brute Force,0.0,0.962706150113201,0.0029766544270049353,0.0,0.01276546330221945,0.0,0.021551732157574756
7900,Brute Force,Brute Force,0.0,0.9998667055532651,0.0,0.0,0.00013329444673491696,0.0,0.0
7901,Botnet ARES,Botnet ARES,0.999774330969387,0.0,0.0,0.0,0.00022566903061300287,0.0,0.0
7902,Botnet ARES,Botnet ARES,0.9880777695505714,0.0,0.0,0.0,0.011922230449428394,0.0,0.0
7903,Brute Force,Brute Force,0.0,1.0,0.0,0.0,0.0,0.0,0.0
7904,Brute Force,Brute Force,0.0,0.999975398192537,0.0,0.0,2.4601807462940075e-05,0.0,0.0
7905,Brute Force,Brute Force,0.0,1.0,0.0,0.0,0.0,0.0,0.0
7906,Brute Force,Brute Force,0.0,0.9998667055532651,0.0,0.0,0.00013329444673491696,0.0,0.0
7907,Brute Force,Brute Force,0.0,0.9525098629501096,0.0029766544270049353,0.0,0.014263692656602543,0.0,0.03024978996628299
7908,Brute Force,Brute Force,0.0,1.0,0.0,0.0,0.0,0.0,0.0
7909,Brute Force,Brute Force,0.0,0.9606661601799914,0.0029766544270049353,0.0,0.013071659635060575,0.0,0.023285525757943223
7910,Brute Force,Brute Force,0.0,0.999975398192537,0.0,0.0,2.4601807462940075e-05,0.0,0.0
7911,Web Attack,Web Attack,0.0,0.0,1.4083720890171383e-05,0.0,0.01163305215644661,6.30767990631958e-05,0.9882897873235998
7912,Brute Force,Brute Force,0.0,0.9525098629501096,0.0029766544270049353,0.0,0.014263692656602543,0.0,0.03024978996628299
7913,Botnet ARES,Botnet ARES,0.9996696914371873,0.0,0.0,0.0,0.0003303085628127412,0.0,0.0
7914,Brute Force,Brute Force,0.0,0.999975398192537,0.0,0.0,2.4601807462940075e-05,0.0,0.0
7915,Brute Force,Brute Force,0.0,1.0,0.0,0.0,0.0,0.0,0.0
7916,Brute Force,Brute Force,0.0,1.0,0.0,0.0,0.0,0.0,0.0
7917,Brute Force,Brute Force,0.0,0.962706150113201,0.0029766544270049353,0.0,0.01276546330221945,0.0,0.021551732157574756
7918,Botnet ARES,Botnet ARES,0.994465925907663,0.0,0.0,0.0,0.005534074092336643,0.0,0.0
7919,Brute Force,Brute Force,0.0,0.9998667055532651,0.0,0.0,0.00013329444673491696,0.0,0.0
7920,Botnet ARES,Botnet ARES,0.994465925907663,0.0,0.0,0.0,0.005534074092336643,0.0,0.0
7921,Brute Force,Brute Force,0.0,0.9631939092393665,0.0029766544270049353,0.0,0.012323334924409615,0.0,0.021506101409219
7922,Brute Force,Brute Force,0.0,0.999975398192537,0.0,0.0,2.4601807462940075e-05,0.0,0.0
7923,Brute Force,Brute Force,0.0,0.9982009597927275,0.0,0.0,0.0017990402072725487,0.0,0.0
7924,Brute Force,Brute Force,0.0,0.9525098629501096,0.0029766544270049353,0.0,0.014263692656602543,0.0,0.03024978996628299
7925,Web Attack,Web Attack,0.0,0.0,1.4083720890171383e-05,0.0,0.0014186302283242169,6.30767990631958e-05,0.9985042092517221
7926,Web Attack,Web Attack,0.0,0.0,1.4083720890171383e-05,0.0,0.020641335088632834,0.00011159665123210415,0.9792329845392448
7927,Brute Force,Brute Force,0.0,0.999975398192537,0.0,0.0,2.4601807462940075e-05,0.0,0.0
7928,Brute Force,Brute Force,0.0,0.962706150113201,0.0029766544270049353,0.0,0.01276546330221945,0.0,0.021551732157574756
7929,Brute Force,Brute Force,0.0,1.0,0.0,0.0,0.0,0.0,0.0
7930,Brute Force,Brute Force,0.0,0.8968494105561176,0.0,0.009967982924226255,0.03855421913850874,0.047696375359378124,0.00693201202176915
7931,Brute Force,Brute Force,0.0,0.9606661601799914,0.0029766544270049353,0.0,0.013071659635060575,0.0,0.023285525757943223
7932,Brute Force,Brute Force,0.0,1.0,0.0,0.0,0.0,0.0,0.0
7933,Brute Force,Brute Force,0.0,0.9998667055532651,0.0,0.0,0.00013329444673491696,0.0,0.0
7934,Brute Force,Brute Force,0.0,1.0,0.0,0.0,0.0,0.0,0.0
7935,Brute Force,Brute Force,0.0,1.0,0.0,0.0,0.0,0.0,0.0
7936,Botnet ARES,Botnet ARES,1.0,0.0,0.0,0.0,0.0,0.0,0.0
7937,Botnet ARES,Botnet ARES,1.0,0.0,0.0,0.0,0.0,0.0,0.0
7938,Brute Force,Brute Force,0.0,0.962706150113201,0.0029766544270049353,0.0,0.01276546330221945,0.0,0.021551732157574756
7939,Brute Force,Brute Force,0.0,0.962706150113201,0.0029766544270049353,0.0,0.01276546330221945,0.0,0.021551732157574756
7940,Web Attack,Web Attack,0.0,0.0,1.4083720890171383e-05,0.0,0.0010767330448849778,5.853123184749522e-05,0.9988506520023772
7941,Brute Force,Brute Force,0.0,1.0,0.0,0.0,0.0,0.0,0.0
7942,Brute Force,Brute Force,0.0,0.962706150113201,0.0029766544270049353,0.0,0.01276546330221945,0.0,0.021551732157574756
7943,Botnet ARES,Botnet ARES,1.0,0.0,0.0,0.0,0.0,0.0,0.0
7944,Brute Force,Brute Force,0.0,1.0,0.0,0.0,0.0,0.0,0.0
7945,Brute Force,Brute Force,0.0,0.962706150113201,0.0029766544270049353,0.0,0.01276546330221945,0.0,0.021551732157574756
7946,Brute Force,Brute Force,0.0,1.0,0.0,0.0,0.0,0.0,0.0
7947,Botnet ARES,Botnet ARES,0.9942400076709913,0.0,0.0,0.0,0.005759992329008527,0.0,0.0
7948,Brute Force,Brute Force,0.0,0.999975398192537,0.0,0.0,2.4601807462940075e-05,0.0,0.0
7949,Brute Force,Brute Force,0.0,0.966727187630533,0.0029766544270049353,0.0,0.011254272568067127,0.0,0.019041885374395086
7950,Brute Force,Brute Force,0.0,0.9998667055532651,0.0,0.0,0.00013329444673491696,0.0,0.0
7951,Web Attack,Web Attack,0.0,0.0,1.4083720890171383e-05,0.0,0.0013977305287910119,6.30767990631958e-05,0.9985251089512555
7952,Brute Force,Brute Force,0.0,0.9998667055532651,0.0,0.0,0.00013329444673491696,0.0,0.0
7953,Brute Force,Brute Force,0.0,1.0,0.0,0.0,0.0,0.0,0.0
7954,Brute Force,Brute Force,0.0,0.9606661601799914,0.0029766544270049353,0.0,0.013071659635060575,0.0,0.023285525757943223
7955,Botnet ARES,Botnet ARES,0.999774330969387,0.0,0.0,0.0,0.00022566903061300287,0.0,0.0
7956,Brute Force,Brute Force,0.0,0.999975398192537,0.0,0.0,2.4601807462940075e-05,0.0,0.0
7957,Brute Force,Brute Force,0.0,1.0,0.0,0.0,0.0,0.0,0.0
7958,Brute Force,Brute Force,0.0,1.0,0.0,0.0,0.0,0.0,0.0
7959,Brute Force,Brute Force,0.0,0.9631939092393665,0.0029766544270049353,0.0,0.012323334924409615,0.0,0.021506101409219
7960,Brute Force,Brute Force,0.0,0.9604793911057681,0.0029766544270049353,0.0,0.013258428709283907,0.0,0.023285525757943223
7961,Botnet ARES,Botnet ARES,0.999774330969387,0.0,0.0,0.0,0.00022566903061300287,0.0,0.0
7962,Botnet ARES,Botnet ARES,1.0,0.0,0.0,0.0,0.0,0.0,0.0
7963,Brute Force,Brute Force,0.0,0.999975398192537,0.0,0.0,2.4601807462940075e-05,0.0,0.0
7964,Web Attack,Web Attack,0.0,0.0,1.4083720890171383e-05,0.0,0.0013977305287910119,6.30767990631958e-05,0.9985251089512555
7965,Brute Force,Brute Force,0.0,0.999975398192537,0.0,0.0,2.4601807462940075e-05,0.0,0.0
7966,Brute Force,Brute Force,0.0,0.9482827064266475,0.0029766544270049353,0.0,0.015388841423102649,0.0,0.03335179772324501
7967,Brute Force,Brute Force,0.0,0.9998930490496046,0.0,0.0,0.00010695095039544507,0.0,0.0
7968,Brute Force,Brute Force,0.0,0.9400800073199993,0.0029766544270049353,0.0,0.01901331583711849,0.0,0.037930022415877354
7969,Brute Force,Brute Force,0.0,1.0,0.0,0.0,0.0,0.0,0.0
7970,Brute Force,Brute Force,0.0,0.9606661601799914,0.0029766544270049353,0.0,0.013071659635060575,0.0,0.023285525757943223
7971,Botnet ARES,Botnet ARES,1.0,0.0,0.0,0.0,0.0,0.0,0.0
7972,Brute Force,Brute Force,0.0,1.0,0.0,0.0,0.0,0.0,0.0
7973,Brute Force,Brute Force,0.0,0.9631939092393665,0.0029766544270049353,0.0,0.012323334924409615,0.0,0.021506101409219
7974,Brute Force,Brute Force,0.0,0.999975398192537,0.0,0.0,2.4601807462940075e-05,0.0,0.0
7975,Brute Force,Brute Force,0.0,0.9998930490496046,0.0,0.0,0.00010695095039544507,0.0,0.0
7976,Brute Force,Brute Force,0.0,0.999975398192537,0.0,0.0,2.4601807462940075e-05,0.0,0.0
7977,Brute Force,Brute Force,0.0,1.0,0.0,0.0,0.0,0.0,0.0
7978,Brute Force,Brute Force,0.0,0.9606661601799914,0.0029766544270049353,0.0,0.013071659635060575,0.0,0.023285525757943223
7979,Brute Force,Brute Force,0.0,0.999975398192537,0.0,0.0,2.4601807462940075e-05,0.0,0.0
7980,Brute Force,Brute Force,0.0,0.48240128785933384,0.0,0.01,0.4786246825116216,0.0049249320250620635,0.02404909760398244
7981,Brute Force,Brute Force,0.0,1.0,0.0,0.0,0.0,0.0,0.0
7982,Web Attack,Web Attack,0.0,0.0,1.4083720890171383e-05,0.0,0.0014119945962276126,6.30767990631958e-05,0.9985108448838189
7983,Brute Force,Brute Force,0.0,1.0,0.0,0.0,0.0,0.0,0.0
7984,Brute Force,Brute Force,0.0,0.9606661601799914,0.0029766544270049353,0.0,0.013071659635060575,0.0,0.023285525757943223
7985,Brute Force,Brute Force,0.0,0.9525098629501096,0.0029766544270049353,0.0,0.014263692656602543,0.0,0.03024978996628299
7986,Brute Force,Brute Force,0.0,0.999975398192537,0.0,0.0,2.4601807462940075e-05,0.0,0.0
7987,Brute Force,Brute Force,0.0,1.0,0.0,0.0,0.0,0.0,0.0
7988,Botnet ARES,Botnet ARES,1.0,0.0,0.0,0.0,0.0,0.0,0.0
7989,Botnet ARES,Botnet ARES,1.0,0.0,0.0,0.0,0.0,0.0,0.0
7990,Brute Force,Brute Force,0.0,1.0,0.0,0.0,0.0,0.0,0.0
7991,Brute Force,Brute Force,0.0,1.0,0.0,0.0,0.0,0.0,0.0
7992,Brute Force,Brute Force,0.0,1.0,0.0,0.0,0.0,0.0,0.0
7993,Web Attack,Web Attack,0.0,0.0,1.4083720890171383e-05,0.0,0.0010767330448849778,5.853123184749522e-05,0.9988506520023772
7994,Web Attack,Web Attack,0.0,0.0,1.4083720890171383e-05,0.0,0.0014052859806130125,6.30767990631958e-05,0.9985175534994335
7995,Brute Force,Brute Force,0.0,1.0,0.0,0.0,0.0,0.0,0.0
7996,Brute Force,Brute Force,0.0,1.0,0.0,0.0,0.0,0.0,0.0
7997,Brute Force,Brute Force,0.0,1.0,0.0,0.0,0.0,0.0,0.0
7998,Brute Force,Brute Force,0.0,1.0,0.0,0.0,0.0,0.0,0.0
7999,Brute Force,Brute Force,0.0,0.9998667055532651,0.0,0.0,0.00013329444673491696,0.0,0.0
8000,Brute Force,Brute Force,0.0,0.999975398192537,0.0,0.0,2.4601807462940075e-05,0.0,0.0
8001,Brute Force,Brute Force,0.0,1.0,0.0,0.0,0.0,0.0,0.0
8002,Brute Force,Brute Force,0.0,0.966727187630533,0.0029766544270049353,0.0,0.011254272568067127,0.0,0.019041885374395086
8003,Web Attack,Web Attack,0.0,0.0,1.4083720890171383e-05,0.0,0.0010767330448849778,5.853123184749522e-05,0.9988506520023772
8004,Web Attack,Web Attack,0.0,0.0,1.4083720890171383e-05,0.0,0.001344424375867432,0.00011614221844780474,0.9985253496847944
8005,Botnet ARES,Botnet ARES,1.0,0.0,0.0,0.0,0.0,0.0,0.0
8006,Brute Force,Brute Force,0.0,0.9998667055532651,0.0,0.0,0.00013329444673491696,0.0,0.0
8007,Brute Force,Brute Force,0.0,0.9400567511034649,0.0029766544270049353,0.0,0.019036572053652855,0.0,0.037930022415877354
8008,Brute Force,Brute Force,0.0,1.0,0.0,0.0,0.0,0.0,0.0
8009,Brute Force,Brute Force,0.0,1.0,0.0,0.0,0.0,0.0,0.0
8010,Brute Force,Brute Force,0.0,1.0,0.0,0.0,0.0,0.0,0.0
8011,Brute Force,Brute Force,0.0,1.0,0.0,0.0,0.0,0.0,0.0
8012,Brute Force,Brute Force,0.0,0.962706150113201,0.0029766544270049353,0.0,0.01276546330221945,0.0,0.021551732157574756
8013,Brute Force,Brute Force,0.0,0.999975398192537,0.0,0.0,2.4601807462940075e-05,0.0,0.0
8014,Botnet ARES,Botnet ARES,0.9944979948240131,0.0,0.0,0.0,0.0055020051759867164,0.0,0.0
8015,Brute Force,Brute Force,0.0,1.0,0.0,0.0,0.0,0.0,0.0
8016,Botnet ARES,Botnet ARES,0.999774330969387,0.0,0.0,0.0,0.00022566903061300287,0.0,0.0
8017,Brute Force,Brute Force,0.0,0.9998667055532651,0.0,0.0,0.00013329444673491696,0.0,0.0
8018,Brute Force,Brute Force,0.0,0.999975398192537,0.0,0.0,2.4601807462940075e-05,0.0,0.0
8019,Brute Force,Brute Force,0.0,1.0,0.0,0.0,0.0,0.0,0.0
8020,Brute Force,Brute Force,0.0,1.0,0.0,0.0,0.0,0.0,0.0
8021,Brute Force,Brute Force,0.0,0.999975398192537,0.0,0.0,2.4601807462940075e-05,0.0,0.0
8022,Brute Force,Brute Force,0.0,1.0,0.0,0.0,0.0,0.0,0.0
8023,Brute Force,Brute Force,0.0,1.0,0.0,0.0,0.0,0.0,0.0
8024,Brute Force,Brute Force,0.0,0.9606661601799914,0.0029766544270049353,0.0,0.013071659635060575,0.0,0.023285525757943223
8025,Brute Force,Brute Force,0.0,0.9492872194154878,0.0029766544270049353,0.0,0.014501835760378135,0.0,0.03323429039712933
8026,Brute Force,Brute Force,0.0,0.959731007525243,0.0029766544270049353,0.0,0.01276546330221945,0.0,0.024526874745532622
8027,Brute Force,Brute Force,0.0,0.962706150113201,0.0029766544270049353,0.0,0.01276546330221945,0.0,0.021551732157574756
8028,Botnet ARES,Botnet ARES,0.986063168603838,0.0,0.0,0.0,0.01183767916615823,0.0020991522300036858,0.0
8029,Brute Force,Brute Force,0.0,0.999975398192537,0.0,0.0,2.4601807462940075e-05,0.0,0.0
8030,Brute Force,Brute Force,0.0,1.0,0.0,0.0,0.0,0.0,0.0
8031,Web Attack,Web Attack,0.0,0.0,1.4083720890171383e-05,0.0,0.0026824216805844655,6.30767990631958e-05,0.9972404177994619
8032,Brute Force,Brute Force,0.0,0.999975398192537,0.0,0.0,2.4601807462940075e-05,0.0,0.0
8033,Brute Force,Brute Force,0.0,0.999975398192537,0.0,0.0,2.4601807462940075e-05,0.0,0.0
8034,Web Attack,Web Attack,0.0,0.0,1.4083720890171383e-05,0.0,0.0010767330448849778,5.853123184749522e-05,0.9988506520023772
8035,Brute Force,Brute Force,0.0,0.9606661601799914,0.0029766544270049353,0.0,0.013071659635060575,0.0,0.023285525757943223
8036,Brute Force,Brute Force,0.0,0.966727187630533,0.0029766544270049353,0.0,0.011254272568067127,0.0,0.019041885374395086
8037,Brute Force,Brute Force,0.0,1.0,0.0,0.0,0.0,0.0,0.0
8038,Brute Force,Brute Force,0.0,0.9482827064266475,0.0029766544270049353,0.0,0.015388841423102649,0.0,0.03335179772324501
8039,Botnet ARES,Botnet ARES,1.0,0.0,0.0,0.0,0.0,0.0,0.0
8040,Brute Force,Brute Force,0.0,0.999975398192537,0.0,0.0,2.4601807462940075e-05,0.0,0.0
8041,Brute Force,Brute Force,0.0,0.999975398192537,0.0,0.0,2.4601807462940075e-05,0.0,0.0
8042,Brute Force,Brute Force,0.0,0.999975398192537,0.0,0.0,2.4601807462940075e-05,0.0,0.0
8043,Botnet ARES,Botnet ARES,0.9944979948240131,0.0,0.0,0.0,0.0055020051759867164,0.0,0.0
8044,Web Attack,Web Attack,0.0,0.0,1.4083720890171383e-05,0.0,0.0014084435075517265,6.30767990631958e-05,0.9985143959724947
8045,Botnet ARES,Botnet ARES,0.9944423417781368,0.0,0.0,0.0,0.005557658221862875,0.0,0.0
8046,Brute Force,Brute Force,0.0,1.0,0.0,0.0,0.0,0.0,0.0
8047,Brute Force,Brute Force,0.0,1.0,0.0,0.0,0.0,0.0,0.0
8048,Brute Force,Brute Force,0.0,0.9950094517958412,0.0,0.0,0.00499054820415879,0.0,0.0
8049,Web Attack,Web Attack,0.0,0.0,1.4083720890171383e-05,0.0,0.0010767330448849778,5.853123184749522e-05,0.9988506520023772
8050,Brute Force,Brute Force,0.0,0.9982009597927275,0.0,0.0,0.0017990402072725487,0.0,0.0
8051,Brute Force,Brute Force,0.0,0.966727187630533,0.0029766544270049353,0.0,0.011254272568067127,0.0,0.019041885374395086
8052,Brute Force,Brute Force,0.0,0.999975398192537,0.0,0.0,2.4601807462940075e-05,0.0,0.0
8053,Brute Force,Brute Force,0.0,1.0,0.0,0.0,0.0,0.0,0.0
8054,Brute Force,Brute Force,0.0,1.0,0.0,0.0,0.0,0.0,0.0
8055,Web Attack,Web Attack,0.0,0.0,1.4083720890171383e-05,0.0,0.0119873265994168,6.30767990631958e-05,0.9879355128806298
8056,Brute Force,Brute Force,0.0,1.0,0.0,0.0,0.0,0.0,0.0
8057,Brute Force,Brute Force,0.0,0.957692295348439,0.006724646684267743,0.0,0.021583307293857233,0.0,0.013999750673435974
8058,Brute Force,Brute Force,0.0,1.0,0.0,0.0,0.0,0.0,0.0
8059,Brute Force,Brute Force,0.0,0.9604793911057681,0.0029766544270049353,0.0,0.013258428709283907,0.0,0.023285525757943223
8060,Brute Force,Brute Force,0.0,0.9998667055532651,0.0,0.0,0.00013329444673491696,0.0,0.0
8061,Brute Force,Brute Force,0.0,1.0,0.0,0.0,0.0,0.0,0.0
8062,Brute Force,Brute Force,0.0,0.9606661601799914,0.0029766544270049353,0.0,0.013071659635060575,0.0,0.023285525757943223
8063,Brute Force,Brute Force,0.0,0.9606661601799914,0.0029766544270049353,0.0,0.013071659635060575,0.0,0.023285525757943223
8064,Web Attack,Web Attack,0.0,0.0,1.4083720890171383e-05,0.0,0.0014186302283242169,6.30767990631958e-05,0.9985042092517221
8065,Brute Force,Brute Force,0.0,1.0,0.0,0.0,0.0,0.0,0.0
8066,Brute Force,Brute Force,0.0,1.0,0.0,0.0,0.0,0.0,0.0
8067,Web Attack,Web Attack,0.0,0.0,1.4083720890171383e-05,0.0,0.0013977305287910119,6.30767990631958e-05,0.9985251089512555
8068,Brute Force,Brute Force,0.0,0.9998930490496046,0.0,0.0,0.00010695095039544507,0.0,0.0
8069,Brute Force,Brute Force,0.0,0.98,0.0,0.0,0.02,0.0,0.0
8070,Web Attack,Web Attack,0.0,0.0,1.4083720890171383e-05,0.0,0.0014084435075517265,6.30767990631958e-05,0.9985143959724947
8071,Brute Force,Brute Force,0.0,0.9998667055532651,0.0,0.0,0.00013329444673491696,0.0,0.0
8072,Web Attack,Web Attack,0.0,0.0,1.4083720890171383e-05,0.0,0.0010767330448849778,5.853123184749522e-05,0.9988506520023772
8073,Brute Force,Brute Force,0.0,0.966727187630533,0.0029766544270049353,0.0,0.011254272568067127,0.0,0.019041885374395086
8074,Botnet ARES,Botnet ARES,0.999774330969387,0.0,0.0,0.0,0.00022566903061300287,0.0,0.0
8075,Brute Force,Brute Force,0.0,1.0,0.0,0.0,0.0,0.0,0.0
8076,Brute Force,Brute Force,0.0,0.9482827064266475,0.0029766544270049353,0.0,0.015388841423102649,0.0,0.03335179772324501
8077,Brute Force,Brute Force,0.0,0.9998930490496046,0.0,0.0,0.00010695095039544507,0.0,0.0
8078,Brute Force,Brute Force,0.0,1.0,0.0,0.0,0.0,0.0,0.0
8079,Brute Force,Brute Force,0.0,0.999975398192537,0.0,0.0,2.4601807462940075e-05,0.0,0.0
8080,Brute Force,Brute Force,0.0,0.999975398192537,0.0,0.0,2.4601807462940075e-05,0.0,0.0
8081,Brute Force,Brute Force,0.0,0.9998667055532651,0.0,0.0,0.00013329444673491696,0.0,0.0
8082,Brute Force,Brute Force,0.0,1.0,0.0,0.0,0.0,0.0,0.0
8083,Brute Force,Brute Force,0.0,1.0,0.0,0.0,0.0,0.0,0.0
8084,Brute Force,Brute Force,0.0,1.0,0.0,0.0,0.0,0.0,0.0
8085,Web Attack,Web Attack,0.0,0.0,0.00037835696295667425,0.0,0.0,0.0,0.9996216430370433
8086,Brute Force,Brute Force,0.0,1.0,0.0,0.0,0.0,0.0,0.0
8087,Brute Force,Brute Force,0.0,1.0,0.0,0.0,0.0,0.0,0.0
8088,Brute Force,Brute Force,0.0,0.9998667055532651,0.0,0.0,0.00013329444673491696,0.0,0.0
8089,Brute Force,Brute Force,0.0,0.9998667055532651,0.0,0.0,0.00013329444673491696,0.0,0.0
8090,Brute Force,Brute Force,0.0,0.999975398192537,0.0,0.0,2.4601807462940075e-05,0.0,0.0
8091,Web Attack,Web Attack,0.0,0.0,1.4083720890171383e-05,0.0,0.001550279110412039,6.30767990631958e-05,0.9983725603696344
8092,Brute Force,Brute Force,0.0,1.0,0.0,0.0,0.0,0.0,0.0
8093,Web Attack,Web Attack,0.0,0.0,1.4083720890171383e-05,0.0,0.0010767330448849778,5.853123184749522e-05,0.9988506520023772
8094,Brute Force,Brute Force,0.0,0.9982009597927275,0.0,0.0,0.0017990402072725487,0.0,0.0
8095,Brute Force,Brute Force,0.0,1.0,0.0,0.0,0.0,0.0,0.0
8096,Brute Force,Brute Force,0.0,1.0,0.0,0.0,0.0,0.0,0.0
8097,Brute Force,Brute Force,0.0,1.0,0.0,0.0,0.0,0.0,0.0
8098,Botnet ARES,Botnet ARES,0.9921174621840734,0.0,0.0,0.0,0.00788253781592632,0.0,0.0
8099,Botnet ARES,Botnet ARES,0.9941259566131372,0.0,0.0,0.0,0.005874043386862775,0.0,0.0
8100,Botnet ARES,Botnet ARES,1.0,0.0,0.0,0.0,0.0,0.0,0.0
8101,Web Attack,Web Attack,0.0,0.0,0.0,0.0,0.0,0.0,1.0
8102,Brute Force,Brute Force,0.0,0.999975398192537,0.0,0.0,2.4601807462940075e-05,0.0,0.0
8103,Brute Force,Brute Force,0.0,1.0,0.0,0.0,0.0,0.0,0.0
8104,Web Attack,Web Attack,0.0,0.0,1.4083720890171383e-05,0.0,0.0013872884381312548,6.30767990631958e-05,0.9985355510419153
8105,Web Attack,Web Attack,0.0,0.0,1.4083720890171383e-05,0.0,0.0014186302283242169,6.30767990631958e-05,0.9985042092517221
8106,Web Attack,Web Attack,0.0,0.0,1.4083720890171383e-05,0.0,0.0010767330448849778,5.853123184749522e-05,0.9988506520023772
8107,Brute Force,Brute Force,0.0,1.0,0.0,0.0,0.0,0.0,0.0
8108,Brute Force,Brute Force,0.0,1.0,0.0,0.0,0.0,0.0,0.0
8109,Brute Force,Brute Force,0.0,1.0,0.0,0.0,0.0,0.0,0.0
8110,Web Attack,Web Attack,0.0,0.0,1.4083720890171383e-05,0.0,0.0014186302283242169,6.30767990631958e-05,0.9985042092517221
8111,Brute Force,Brute Force,0.0,1.0,0.0,0.0,0.0,0.0,0.0
8112,Brute Force,Brute Force,0.0,1.0,0.0,0.0,0.0,0.0,0.0
8113,Botnet ARES,Botnet ARES,1.0,0.0,0.0,0.0,0.0,0.0,0.0
8114,Botnet ARES,Botnet ARES,0.9881271647657747,0.0,0.0,0.0,0.011872835234225483,0.0,0.0
8115,Web Attack,Web Attack,0.0,0.0,0.024588317513119153,0.0,0.0653417534279999,0.002038752279822834,0.908031176779058
8116,Brute Force,Brute Force,0.0,0.9606661601799914,0.0029766544270049353,0.0,0.013071659635060575,0.0,0.023285525757943223
8117,Brute Force,Brute Force,0.0,1.0,0.0,0.0,0.0,0.0,0.0
8118,Web Attack,Web Attack,0.0,0.0,1.4083720890171383e-05,0.0,0.0012636372494429348,0.00011159665123210415,0.9986106823784346
8119,Botnet ARES,Botnet ARES,1.0,0.0,0.0,0.0,0.0,0.0,0.0
8120,Brute Force,Brute Force,0.0,1.0,0.0,0.0,0.0,0.0,0.0
8121,Brute Force,Brute Force,0.0,0.9606661601799914,0.0029766544270049353,0.0,0.013071659635060575,0.0,0.023285525757943223
8122,Botnet ARES,Botnet ARES,0.9931852763228742,0.0,0.0,0.0,0.006814723677125565,0.0,0.0
8123,Brute Force,Brute Force,0.0,1.0,0.0,0.0,0.0,0.0,0.0
8124,Brute Force,Brute Force,0.0,0.999975398192537,0.0,0.0,2.4601807462940075e-05,0.0,0.0
8125,Brute Force,Brute Force,0.0,0.9606661601799914,0.0029766544270049353,0.0,0.013071659635060575,0.0,0.023285525757943223
8126,Botnet ARES,Botnet ARES,1.0,0.0,0.0,0.0,0.0,0.0,0.0
8127,Botnet ARES,Botnet ARES,1.0,0.0,0.0,0.0,0.0,0.0,0.0
8128,Brute Force,Brute Force,0.0,1.0,0.0,0.0,0.0,0.0,0.0
8129,Brute Force,Brute Force,0.0,1.0,0.0,0.0,0.0,0.0,0.0
8130,Botnet ARES,Botnet ARES,0.9943036373607534,0.0,0.0,0.0,0.005696362639246515,0.0,0.0
8131,Brute Force,Brute Force,0.0,1.0,0.0,0.0,0.0,0.0,0.0
8132,Brute Force,Brute Force,0.0,0.999975398192537,0.0,0.0,2.4601807462940075e-05,0.0,0.0
8133,Brute Force,Brute Force,0.0,1.0,0.0,0.0,0.0,0.0,0.0
8134,Botnet ARES,Botnet ARES,0.999774330969387,0.0,0.0,0.0,0.00022566903061300287,0.0,0.0
8135,Brute Force,Brute Force,0.0,1.0,0.0,0.0,0.0,0.0,0.0
8136,Brute Force,Brute Force,0.0,0.9766199158485273,0.0,0.0,0.01338008415147265,0.0,0.01
8137,Brute Force,Brute Force,0.0,0.9525098629501096,0.0029766544270049353,0.0,0.014263692656602543,0.0,0.03024978996628299
8138,Brute Force,Brute Force,0.0,0.999975398192537,0.0,0.0,2.4601807462940075e-05,0.0,0.0
8139,Brute Force,Brute Force,0.0,0.9525098629501096,0.0029766544270049353,0.0,0.014263692656602543,0.0,0.03024978996628299
8140,Brute Force,Brute Force,0.0,1.0,0.0,0.0,0.0,0.0,0.0
8141,Brute Force,Brute Force,0.0,0.9998667055532651,0.0,0.0,0.00013329444673491696,0.0,0.0
8142,Brute Force,Brute Force,0.0,0.9998667055532651,0.0,0.0,0.00013329444673491696,0.0,0.0
8143,Brute Force,Brute Force,0.0,0.9998667055532651,0.0,0.0,0.00013329444673491696,0.0,0.0
8144,Brute Force,Brute Force,0.0,0.9998667055532651,0.0,0.0,0.00013329444673491696,0.0,0.0
8145,Brute Force,Brute Force,0.0,0.9998667055532651,0.0,0.0,0.00013329444673491696,0.0,0.0
8146,Web Attack,Web Attack,0.0,0.0,0.0,0.0,0.0,0.0,1.0
8147,Web Attack,Web Attack,0.0,0.0,1.4083720890171383e-05,0.0,0.002717302246578064,6.30767990631958e-05,0.9972055372334684
8148,Brute Force,Brute Force,0.0,0.9998930490496046,0.0,0.0,0.00010695095039544507,0.0,0.0
8149,Brute Force,Brute Force,0.0,1.0,0.0,0.0,0.0,0.0,0.0
8150,Brute Force,Brute Force,0.0,0.9998667055532651,0.0,0.0,0.00013329444673491696,0.0,0.0
8151,Brute Force,Brute Force,0.0,1.0,0.0,0.0,0.0,0.0,0.0
8152,Brute Force,Brute Force,0.0,1.0,0.0,0.0,0.0,0.0,0.0
8153,Botnet ARES,Botnet ARES,1.0,0.0,0.0,0.0,0.0,0.0,0.0
8154,Brute Force,Brute Force,0.0,0.999975398192537,0.0,0.0,2.4601807462940075e-05,0.0,0.0
8155,Brute Force,Brute Force,0.0,1.0,0.0,0.0,0.0,0.0,0.0
8156,Brute Force,Brute Force,0.0,0.9998667055532651,0.0,0.0,0.00013329444673491696,0.0,0.0
8157,Web Attack,Web Attack,0.0,0.10966084134482826,0.0031980670133321437,0.0,0.04034895880294547,0.0,0.8467921328388947
8158,Web Attack,Web Attack,0.0,0.0,1.4083720890171383e-05,0.0,0.0010767330448849778,5.853123184749522e-05,0.9988506520023772
8159,Brute Force,Brute Force,0.0,0.9543695946188397,0.0029766544270049353,0.0,0.01639095481105778,0.0,0.026262796143097608
8160,Botnet ARES,Botnet ARES,0.9974555293558303,0.0,0.0,0.0,0.0025444706441697497,0.0,0.0
8161,Brute Force,Brute Force,0.0,0.962706150113201,0.0029766544270049353,0.0,0.01276546330221945,0.0,0.021551732157574756
8162,Brute Force,Brute Force,0.0,0.9631939092393665,0.0029766544270049353,0.0,0.012323334924409615,0.0,0.021506101409219
8163,Brute Force,Brute Force,0.0,0.9482827064266475,0.0029766544270049353,0.0,0.015388841423102649,0.0,0.03335179772324501
8164,Brute Force,Brute Force,0.0,1.0,0.0,0.0,0.0,0.0,0.0
8165,Brute Force,Brute Force,0.0,0.999975398192537,0.0,0.0,2.4601807462940075e-05,0.0,0.0
8166,Botnet ARES,Botnet ARES,0.9920034111262193,0.0,0.0,0.0,0.007996588873780568,0.0,0.0
8167,Brute Force,Brute Force,0.0,0.9495347203621517,0.0029766544270049353,0.0,0.014263692656602543,0.0,0.03322493255424085
8168,Botnet ARES,Botnet ARES,0.9920034111262193,0.0,0.0,0.0,0.007996588873780568,0.0,0.0
8169,Brute Force,Brute Force,0.0,1.0,0.0,0.0,0.0,0.0,0.0
8170,Brute Force,Brute Force,0.0,1.0,0.0,0.0,0.0,0.0,0.0
8171,Brute Force,Brute Force,0.0,1.0,0.0,0.0,0.0,0.0,0.0
8172,Brute Force,Brute Force,0.0,0.999975398192537,0.0,0.0,2.4601807462940075e-05,0.0,0.0
8173,Web Attack,Web Attack,0.0,0.0,1.4083720890171383e-05,0.0,0.0014186302283242169,6.30767990631958e-05,0.9985042092517221
8174,Botnet ARES,Botnet ARES,0.9768148870446731,0.0,0.0,0.0,0.02318511295532688,0.0,0.0
8175,Brute Force,Brute Force,0.0,0.9525098629501096,0.0029766544270049353,0.0,0.014263692656602543,0.0,0.03024978996628299
8176,Brute Force,Brute Force,0.0,1.0,0.0,0.0,0.0,0.0,0.0
8177,Brute Force,Brute Force,0.0,1.0,0.0,0.0,0.0,0.0,0.0
8178,Brute Force,Brute Force,0.0,0.8316701494231331,0.02838192506924965,0.0,0.09513327024460116,0.025013598202672346,0.01980105706034356
8179,Brute Force,Brute Force,0.0,0.9998667055532651,0.0,0.0,0.00013329444673491696,0.0,0.0
8180,Brute Force,Brute Force,0.0,1.0,0.0,0.0,0.0,0.0,0.0
8181,Botnet ARES,Botnet ARES,0.9921174621840734,0.0,0.0,0.0,0.00788253781592632,0.0,0.0
8182,Brute Force,Brute Force,0.0,1.0,0.0,0.0,0.0,0.0,0.0
8183,Botnet ARES,Botnet ARES,0.9942926239028383,0.0,0.0,0.0,0.005707376097161472,0.0,0.0
8184,Brute Force,Brute Force,0.0,1.0,0.0,0.0,0.0,0.0,0.0
8185,Botnet ARES,Botnet ARES,1.0,0.0,0.0,0.0,0.0,0.0,0.0
8186,Web Attack,Web Attack,0.0,0.0,1.4083720890171383e-05,0.0,0.0013977305287910119,6.30767990631958e-05,0.9985251089512555
8187,Brute Force,Brute Force,0.0,1.0,0.0,0.0,0.0,0.0,0.0
8188,Web Attack,Web Attack,0.0,0.0023512389220473866,0.003791523482245132,0.0,0.025855026313878388,0.0,0.9680022112818292
8189,Brute Force,Brute Force,0.0,0.999975398192537,0.0,0.0,2.4601807462940075e-05,0.0,0.0
8190,Botnet ARES,Botnet ARES,0.9944423417781368,0.0,0.0,0.0,0.005557658221862875,0.0,0.0
8191,Brute Force,Brute Force,0.0,1.0,0.0,0.0,0.0,0.0,0.0
8192,Brute Force,Brute Force,0.0,0.962706150113201,0.0029766544270049353,0.0,0.01276546330221945,0.0,0.021551732157574756
8193,Botnet ARES,Botnet ARES,1.0,0.0,0.0,0.0,0.0,0.0,0.0
8194,Brute Force,Brute Force,0.0,0.999975398192537,0.0,0.0,2.4601807462940075e-05,0.0,0.0
8195,Botnet ARES,Botnet ARES,0.98616231304431,0.0,0.0,0.0,0.013837686955689781,0.0,0.0
8196,Brute Force,Brute Force,0.0,1.0,0.0,0.0,0.0,0.0,0.0
8197,Botnet ARES,Botnet ARES,1.0,0.0,0.0,0.0,0.0,0.0,0.0
8198,Brute Force,Brute Force,0.0,1.0,0.0,0.0,0.0,0.0,0.0
8199,Brute Force,Brute Force,0.0,1.0,0.0,0.0,0.0,0.0,0.0
8200,Brute Force,Brute Force,0.0,0.966727187630533,0.0029766544270049353,0.0,0.011254272568067127,0.0,0.019041885374395086
8201,Brute Force,Brute Force,0.0,1.0,0.0,0.0,0.0,0.0,0.0
8202,Brute Force,Brute Force,0.0,0.962706150113201,0.0029766544270049353,0.0,0.01276546330221945,0.0,0.021551732157574756
8203,Brute Force,Brute Force,0.0,0.9606661601799914,0.0029766544270049353,0.0,0.013071659635060575,0.0,0.023285525757943223
8204,Brute Force,Brute Force,0.0,0.962706150113201,0.0029766544270049353,0.0,0.01276546330221945,0.0,0.021551732157574756
8205,Brute Force,Brute Force,0.0,1.0,0.0,0.0,0.0,0.0,0.0
8206,Brute Force,Brute Force,0.0,1.0,0.0,0.0,0.0,0.0,0.0
8207,Brute Force,Brute Force,0.0,0.9482827064266475,0.0029766544270049353,0.0,0.015388841423102649,0.0,0.03335179772324501
8208,Brute Force,Brute Force,0.0,1.0,0.0,0.0,0.0,0.0,0.0
8209,Brute Force,Brute Force,0.0,1.0,0.0,0.0,0.0,0.0,0.0
8210,Brute Force,Brute Force,0.0,1.0,0.0,0.0,0.0,0.0,0.0
8211,Botnet ARES,Botnet ARES,1.0,0.0,0.0,0.0,0.0,0.0,0.0
8212,Web Attack,Web Attack,0.0,0.0,1.4083720890171383e-05,0.0,0.0014186302283242169,6.30767990631958e-05,0.9985042092517221
8213,Brute Force,Brute Force,0.0,0.966727187630533,0.0029766544270049353,0.0,0.011254272568067127,0.0,0.019041885374395086
8214,Brute Force,Brute Force,0.0,0.9982009597927275,0.0,0.0,0.0017990402072725487,0.0,0.0
8215,Brute Force,Brute Force,0.0,1.0,0.0,0.0,0.0,0.0,0.0
8216,Brute Force,Brute Force,0.0,1.0,0.0,0.0,0.0,0.0,0.0
8217,Botnet ARES,Botnet ARES,0.9525731771735779,0.001252511891965271,0.0,0.0,0.04592578808929855,0.0002485228451580894,0.0
8218,Brute Force,Brute Force,0.0,0.999975398192537,0.0,0.0,2.4601807462940075e-05,0.0,0.0
8219,Brute Force,Brute Force,0.0,0.962706150113201,0.0029766544270049353,0.0,0.01276546330221945,0.0,0.021551732157574756
8220,Brute Force,Brute Force,0.0,1.0,0.0,0.0,0.0,0.0,0.0
8221,Brute Force,Brute Force,0.0,1.0,0.0,0.0,0.0,0.0,0.0
8222,Botnet ARES,Botnet ARES,1.0,0.0,0.0,0.0,0.0,0.0,0.0
8223,Web Attack,Web Attack,0.0,0.0,1.4083720890171383e-05,0.0,0.0014186302283242169,6.30767990631958e-05,0.9985042092517221
8224,Brute Force,Brute Force,0.0,1.0,0.0,0.0,0.0,0.0,0.0
8225,Brute Force,Brute Force,0.0,1.0,0.0,0.0,0.0,0.0,0.0
8226,Web Attack,Web Attack,0.0,0.09387695398038975,0.0031980670133321437,0.0,0.052428341777328774,0.0,0.8504966372289496
8227,Brute Force,Brute Force,0.0,0.9606661601799914,0.0029766544270049353,0.0,0.013071659635060575,0.0,0.023285525757943223
8228,Brute Force,Brute Force,0.0,1.0,0.0,0.0,0.0,0.0,0.0
8229,Brute Force,Brute Force,0.0,1.0,0.0,0.0,0.0,0.0,0.0
8230,Web Attack,Web Attack,0.0,0.0,1.4083720890171383e-05,0.0,0.003712479999503786,6.30767990631958e-05,0.9962103594805427
8231,Brute Force,Brute Force,0.0,0.999975398192537,0.0,0.0,2.4601807462940075e-05,0.0,0.0
8232,Brute Force,Brute Force,0.0,0.9606661601799914,0.0029766544270049353,0.0,0.013071659635060575,0.0,0.023285525757943223
8233,Brute Force,Brute Force,0.0,1.0,0.0,0.0,0.0,0.0,0.0
8234,Botnet ARES,Botnet ARES,0.9925259765984521,0.0,0.0,0.0,0.007474023401547588,0.0,0.0
8235,Brute Force,Brute Force,0.0,1.0,0.0,0.0,0.0,0.0,0.0
8236,Brute Force,Brute Force,0.0,1.0,0.0,0.0,0.0,0.0,0.0
8237,Web Attack,Web Attack,0.0,0.0,1.4083720890171383e-05,0.0,0.0010767330448849778,5.853123184749522e-05,0.9988506520023772
8238,Botnet ARES,Botnet ARES,0.999774330969387,0.0,0.0,0.0,0.00022566903061300287,0.0,0.0
8239,Brute Force,Brute Force,0.0,0.9998930490496046,0.0,0.0,0.00010695095039544507,0.0,0.0
8240,Web Attack,Web Attack,0.0,0.0,1.4083720890171383e-05,0.0,0.0012636372494429348,0.00011159665123210415,0.9986106823784346
8241,Brute Force,Brute Force,0.0,0.962706150113201,0.0029766544270049353,0.0,0.01276546330221945,0.0,0.021551732157574756
8242,Brute Force,Brute Force,0.0,1.0,0.0,0.0,0.0,0.0,0.0
8243,Brute Force,Brute Force,0.0,1.0,0.0,0.0,0.0,0.0,0.0
8244,Brute Force,Brute Force,0.0,0.999975398192537,0.0,0.0,2.4601807462940075e-05,0.0,0.0
8245,Web Attack,Web Attack,0.0,0.0,0.00207752660522871,0.0,0.016037147834276975,0.002048921739574282,0.9798364038209197
8246,Brute Force,Brute Force,0.0,1.0,0.0,0.0,0.0,0.0,0.0
8247,Brute Force,Brute Force,0.0,0.999975398192537,0.0,0.0,2.4601807462940075e-05,0.0,0.0
8248,Brute Force,Brute Force,0.0,1.0,0.0,0.0,0.0,0.0,0.0
8249,Brute Force,Brute Force,0.0,1.0,0.0,0.0,0.0,0.0,0.0
8250,Brute Force,Brute Force,0.0,0.9525098629501096,0.0029766544270049353,0.0,0.014263692656602543,0.0,0.03024978996628299
8251,Web Attack,Web Attack,0.0,0.0,1.4083720890171383e-05,0.0,0.0014186302283242169,6.30767990631958e-05,0.9985042092517221
8252,Brute Force,Brute Force,0.0,1.0,0.0,0.0,0.0,0.0,0.0
8253,Botnet ARES,Botnet ARES,0.999774330969387,0.0,0.0,0.0,0.00022566903061300287,0.0,0.0
8254,Brute Force,Brute Force,0.0,1.0,0.0,0.0,0.0,0.0,0.0
8255,Brute Force,Brute Force,0.0,1.0,0.0,0.0,0.0,0.0,0.0
8256,Brute Force,Brute Force,0.0,0.9998667055532651,0.0,0.0,0.00013329444673491696,0.0,0.0
8257,Brute Force,Brute Force,0.0,0.9998930490496046,0.0,0.0,0.00010695095039544507,0.0,0.0
8258,Brute Force,Brute Force,0.0,1.0,0.0,0.0,0.0,0.0,0.0
8259,Brute Force,Brute Force,0.0,0.999975398192537,0.0,0.0,2.4601807462940075e-05,0.0,0.0
8260,Web Attack,Web Attack,0.0,0.0,1.4083720890171383e-05,0.0,0.0061200904692967125,6.30767990631958e-05,0.9938027490107498
8261,Brute Force,Brute Force,0.0,1.0,0.0,0.0,0.0,0.0,0.0
8262,Brute Force,Brute Force,0.0,1.0,0.0,0.0,0.0,0.0,0.0
8263,Brute Force,Brute Force,0.0,1.0,0.0,0.0,0.0,0.0,0.0
8264,Brute Force,Brute Force,0.0,0.999975398192537,0.0,0.0,2.4601807462940075e-05,0.0,0.0
8265,Brute Force,Brute Force,0.0,1.0,0.0,0.0,0.0,0.0,0.0
8266,Brute Force,Brute Force,0.0,0.962706150113201,0.0029766544270049353,0.0,0.01276546330221945,0.0,0.021551732157574756
8267,Brute Force,Brute Force,0.0,1.0,0.0,0.0,0.0,0.0,0.0
8268,Web Attack,Web Attack,0.0,0.0,1.4083720890171383e-05,0.0,0.002706589267817349,6.30767990631958e-05,0.9972162502122291
8269,Brute Force,Brute Force,0.0,1.0,0.0,0.0,0.0,0.0,0.0
8270,Web Attack,Web Attack,0.0,0.0,1.4083720890171383e-05,0.0,0.0010767330448849778,5.853123184749522e-05,0.9988506520023772
8271,Web Attack,Web Attack,0.0,0.0,1.4083720890171383e-05,0.0,0.00438811628891018,6.30767990631958e-05,0.9955347231911362
8272,Brute Force,Brute Force,0.0,1.0,0.0,0.0,0.0,0.0,0.0
8273,Brute Force,Brute Force,0.0,1.0,0.0,0.0,0.0,0.0,0.0
8274,Brute Force,Brute Force,0.0,0.9606661601799914,0.0029766544270049353,0.0,0.013071659635060575,0.0,0.023285525757943223
8275,Brute Force,Brute Force,0.0,1.0,0.0,0.0,0.0,0.0,0.0
8276,Web Attack,Web Attack,0.0,0.0,1.4083720890171383e-05,0.0,0.0014119945962276126,6.30767990631958e-05,0.9985108448838189
8277,Brute Force,Brute Force,0.0,0.966727187630533,0.0029766544270049353,0.0,0.011254272568067127,0.0,0.019041885374395086
8278,Brute Force,Brute Force,0.0,0.9998667055532651,0.0,0.0,0.00013329444673491696,0.0,0.0
8279,Brute Force,Brute Force,0.0,0.9604793911057681,0.0029766544270049353,0.0,0.013258428709283907,0.0,0.023285525757943223
8280,Brute Force,Brute Force,0.0,0.9998667055532651,0.0,0.0,0.00013329444673491696,0.0,0.0
8281,Brute Force,Brute Force,0.0,1.0,0.0,0.0,0.0,0.0,0.0
8282,Brute Force,Brute Force,0.0,1.0,0.0,0.0,0.0,0.0,0.0
8283,Brute Force,Brute Force,0.0,1.0,0.0,0.0,0.0,0.0,0.0
8284,Brute Force,Brute Force,0.0,0.9482827064266475,0.0029766544270049353,0.0,0.015388841423102649,0.0,0.03335179772324501
8285,Brute Force,Brute Force,0.0,1.0,0.0,0.0,0.0,0.0,0.0
8286,Brute Force,Brute Force,0.0,1.0,0.0,0.0,0.0,0.0,0.0
8287,Brute Force,Brute Force,0.0,1.0,0.0,0.0,0.0,0.0,0.0
8288,Brute Force,Brute Force,0.0,1.0,0.0,0.0,0.0,0.0,0.0
8289,Botnet ARES,Botnet ARES,1.0,0.0,0.0,0.0,0.0,0.0,0.0
8290,Web Attack,Web Attack,0.0,0.0,1.4083720890171383e-05,0.0,0.0014084435075517265,6.30767990631958e-05,0.9985143959724947
8291,Brute Force,Brute Force,0.0,1.0,0.0,0.0,0.0,0.0,0.0
8292,Brute Force,Brute Force,0.0,1.0,0.0,0.0,0.0,0.0,0.0
8293,Brute Force,Brute Force,0.0,0.9667787467370023,0.0029766544270049353,0.0,0.011254272568067127,0.0,0.018990326267925833
8294,Brute Force,Brute Force,0.0,1.0,0.0,0.0,0.0,0.0,0.0
8295,Brute Force,Brute Force,0.0,0.9606661601799914,0.0029766544270049353,0.0,0.013071659635060575,0.0,0.023285525757943223
8296,Web Attack,Web Attack,0.0,0.0,1.4083720890171383e-05,0.0,0.008918865224778093,5.742289220882068e-05,0.9910096281621228
8297,Botnet ARES,Botnet ARES,0.9907584046190049,0.0,0.0,0.0,0.009241595380994883,0.0,0.0
8298,Brute Force,Brute Force,0.0,1.0,0.0,0.0,0.0,0.0,0.0
8299,Brute Force,Brute Force,0.0,1.0,0.0,0.0,0.0,0.0,0.0
8300,Brute Force,Brute Force,0.0,1.0,0.0,0.0,0.0,0.0,0.0
8301,Brute Force,Brute Force,0.0,1.0,0.0,0.0,0.0,0.0,0.0
8302,Web Attack,Web Attack,0.0,0.0,1.4083720890171383e-05,0.0,0.0010767330448849778,5.853123184749522e-05,0.9988506520023772
8303,Web Attack,Web Attack,0.0,0.0,1.4083720890171383e-05,0.0,0.0014084435075517265,6.30767990631958e-05,0.9985143959724947
8304,Botnet ARES,Botnet ARES,0.9941259566131372,0.0,0.0,0.0,0.005874043386862775,0.0,0.0
8305,Brute Force,Brute Force,0.0,1.0,0.0,0.0,0.0,0.0,0.0
8306,Brute Force,Brute Force,0.0,1.0,0.0,0.0,0.0,0.0,0.0
8307,Brute Force,Brute Force,0.0,0.999975398192537,0.0,0.0,2.4601807462940075e-05,0.0,0.0
8308,Brute Force,Brute Force,0.0,0.9223762259205617,0.0029766544270049353,0.0,0.028555931264230842,0.0,0.04609118838820282
8309,Brute Force,Brute Force,0.0,1.0,0.0,0.0,0.0,0.0,0.0
8310,Brute Force,Brute Force,0.0,1.0,0.0,0.0,0.0,0.0,0.0
8311,Web Attack,Web Attack,0.0,0.0,0.0,0.0,0.0,0.0,1.0
8312,Brute Force,Brute Force,0.0,1.0,0.0,0.0,0.0,0.0,0.0
8313,Web Attack,Web Attack,0.0,0.0,1.4083720890171383e-05,0.0,0.0014084435075517265,6.30767990631958e-05,0.9985143959724947
8314,Brute Force,Brute Force,0.0,1.0,0.0,0.0,0.0,0.0,0.0
8315,Brute Force,Brute Force,0.0,0.999975398192537,0.0,0.0,2.4601807462940075e-05,0.0,0.0
8316,Brute Force,Brute Force,0.0,0.9998930490496046,0.0,0.0,0.00010695095039544507,0.0,0.0
8317,Brute Force,Brute Force,0.0,1.0,0.0,0.0,0.0,0.0,0.0
8318,Brute Force,Brute Force,0.0,0.9998667055532651,0.0,0.0,0.00013329444673491696,0.0,0.0
8319,Brute Force,Brute Force,0.0,1.0,0.0,0.0,0.0,0.0,0.0
8320,Brute Force,Brute Force,0.0,0.9998667055532651,0.0,0.0,0.00013329444673491696,0.0,0.0
8321,Brute Force,Brute Force,0.0,0.9998930490496046,0.0,0.0,0.00010695095039544507,0.0,0.0
8322,Brute Force,Brute Force,0.0,1.0,0.0,0.0,0.0,0.0,0.0
8323,Brute Force,Brute Force,0.0,1.0,0.0,0.0,0.0,0.0,0.0
8324,Web Attack,Web Attack,0.0,0.0,1.4083720890171383e-05,0.0,0.0010767330448849778,5.853123184749522e-05,0.9988506520023772
8325,Brute Force,Brute Force,0.0,0.9606661601799914,0.0029766544270049353,0.0,0.013071659635060575,0.0,0.023285525757943223
8326,Brute Force,Brute Force,0.0,1.0,0.0,0.0,0.0,0.0,0.0
8327,Brute Force,Brute Force,0.0,0.999975398192537,0.0,0.0,2.4601807462940075e-05,0.0,0.0
8328,Brute Force,Brute Force,0.0,0.999975398192537,0.0,0.0,2.4601807462940075e-05,0.0,0.0
8329,Brute Force,Brute Force,0.0,1.0,0.0,0.0,0.0,0.0,0.0
8330,Brute Force,Brute Force,0.0,0.9871080980177515,0.0,0.0,0.004936413487341034,0.007955488494907582,0.0
8331,Brute Force,Brute Force,0.0,0.9998667055532651,0.0,0.0,0.00013329444673491696,0.0,0.0
8332,Brute Force,Brute Force,0.0,0.9998667055532651,0.0,0.0,0.00013329444673491696,0.0,0.0
8333,Brute Force,Brute Force,0.0,1.0,0.0,0.0,0.0,0.0,0.0
8334,Brute Force,Brute Force,0.0,1.0,0.0,0.0,0.0,0.0,0.0
8335,Web Attack,Web Attack,0.0,0.0,1.4083720890171383e-05,0.0,0.0014119945962276126,6.30767990631958e-05,0.9985108448838189
8336,Brute Force,Brute Force,0.0,0.999975398192537,0.0,0.0,2.4601807462940075e-05,0.0,0.0
8337,Brute Force,Brute Force,0.0,1.0,0.0,0.0,0.0,0.0,0.0
8338,Brute Force,Brute Force,0.0,0.9998667055532651,0.0,0.0,0.00013329444673491696,0.0,0.0
8339,Brute Force,Brute Force,0.0,1.0,0.0,0.0,0.0,0.0,0.0
8340,Web Attack,Web Attack,0.0,0.0,1.4083720890171383e-05,0.0,0.0010767330448849778,5.853123184749522e-05,0.9988506520023772
8341,Brute Force,Brute Force,0.0,0.9482827064266475,0.0029766544270049353,0.0,0.015388841423102649,0.0,0.03335179772324501
8342,Web Attack,Web Attack,0.0,0.0,1.4083720890171383e-05,0.0,0.0013977305287910119,6.30767990631958e-05,0.9985251089512555
8343,Web Attack,Web Attack,0.0,0.0,1.4083720890171383e-05,0.0,0.0014084435075517265,6.30767990631958e-05,0.9985143959724947
8344,Brute Force,Brute Force,0.0,0.9998667055532651,0.0,0.0,0.00013329444673491696,0.0,0.0
8345,Brute Force,Brute Force,0.0,1.0,0.0,0.0,0.0,0.0,0.0
8346,Brute Force,Brute Force,0.0,0.999975398192537,0.0,0.0,2.4601807462940075e-05,0.0,0.0
8347,Brute Force,Brute Force,0.0,0.999975398192537,0.0,0.0,2.4601807462940075e-05,0.0,0.0
8348,Brute Force,Brute Force,0.0,1.0,0.0,0.0,0.0,0.0,0.0
8349,Botnet ARES,Botnet ARES,0.9942705141134917,0.0,0.0,0.0,0.00572948588650808,0.0,0.0
8350,Brute Force,Brute Force,0.0,1.0,0.0,0.0,0.0,0.0,0.0
8351,Brute Force,Brute Force,0.0,1.0,0.0,0.0,0.0,0.0,0.0
8352,Botnet ARES,Botnet ARES,0.999774330969387,0.0,0.0,0.0,0.00022566903061300287,0.0,0.0
8353,Brute Force,Brute Force,0.0,0.9998667055532651,0.0,0.0,0.00013329444673491696,0.0,0.0
8354,Brute Force,Brute Force,0.0,0.9606661601799914,0.0029766544270049353,0.0,0.013071659635060575,0.0,0.023285525757943223
8355,Botnet ARES,Botnet ARES,0.9944979948240131,0.0,0.0,0.0,0.0055020051759867164,0.0,0.0
8356,Botnet ARES,Botnet ARES,0.9941259566131372,0.0,0.0,0.0,0.005874043386862775,0.0,0.0
8357,Brute Force,Brute Force,0.0,0.9998667055532651,0.0,0.0,0.00013329444673491696,0.0,0.0
8358,Brute Force,Brute Force,0.0,1.0,0.0,0.0,0.0,0.0,0.0
8359,Brute Force,Brute Force,0.0,1.0,0.0,0.0,0.0,0.0,0.0
8360,Web Attack,Web Attack,0.0,0.0,1.4083720890171383e-05,0.0,0.0014052859806130125,6.30767990631958e-05,0.9985175534994335
8361,Brute Force,Brute Force,0.0,0.9998667055532651,0.0,0.0,0.00013329444673491696,0.0,0.0
8362,Brute Force,Brute Force,0.0,0.9606661601799914,0.0029766544270049353,0.0,0.013071659635060575,0.0,0.023285525757943223
8363,Web Attack,Web Attack,0.0,0.05439663827061358,0.004118773383477628,0.0,0.05341266890624618,0.0001145531263250645,0.8879573663133381
8364,Brute Force,Brute Force,0.0,0.962706150113201,0.0029766544270049353,0.0,0.01276546330221945,0.0,0.021551732157574756
8365,Botnet ARES,Botnet ARES,1.0,0.0,0.0,0.0,0.0,0.0,0.0
8366,Brute Force,Brute Force,0.0,0.9606661601799914,0.0029766544270049353,0.0,0.013071659635060575,0.0,0.023285525757943223
8367,Botnet ARES,Botnet ARES,0.9104620026433655,0.0,0.0,0.0,0.08953799735663445,0.0,0.0
8368,Brute Force,Brute Force,0.0,0.966727187630533,0.0029766544270049353,0.0,0.011254272568067127,0.0,0.019041885374395086
8369,Botnet ARES,Botnet ARES,0.9939016401103978,0.0,0.0,0.0,0.006098359889602057,0.0,0.0
8370,Web Attack,Web Attack,0.0,0.0,0.00037835696295667425,0.0,0.0023107714701601167,0.0,0.9973108715668831
8371,Brute Force,Brute Force,0.0,1.0,0.0,0.0,0.0,0.0,0.0
8372,Brute Force,Brute Force,0.0,1.0,0.0,0.0,0.0,0.0,0.0
8373,Brute Force,Brute Force,0.0,0.9606661601799914,0.0029766544270049353,0.0,0.013071659635060575,0.0,0.023285525757943223
8374,Brute Force,Brute Force,0.0,1.0,0.0,0.0,0.0,0.0,0.0
8375,Brute Force,Brute Force,0.0,0.9401022752516905,0.0029766544270049353,0.0,0.018991047905427275,0.0,0.037930022415877354
8376,Brute Force,Brute Force,0.0,0.999975398192537,0.0,0.0,2.4601807462940075e-05,0.0,0.0
8377,Web Attack,Web Attack,0.0,0.0,1.4083720890171383e-05,0.0,0.0014186302283242169,6.30767990631958e-05,0.9985042092517221
8378,Brute Force,Brute Force,0.0,1.0,0.0,0.0,0.0,0.0,0.0
8379,Brute Force,Brute Force,0.0,1.0,0.0,0.0,0.0,0.0,0.0
8380,Brute Force,Brute Force,0.0,1.0,0.0,0.0,0.0,0.0,0.0
8381,Brute Force,Brute Force,0.0,1.0,0.0,0.0,0.0,0.0,0.0
8382,Brute Force,Brute Force,0.0,0.9850094517958412,0.0,0.0,0.014990548204158788,0.0,0.0
8383,Brute Force,Brute Force,0.0,0.999975398192537,0.0,0.0,2.4601807462940075e-05,0.0,0.0
8384,Brute Force,Brute Force,0.0,0.9998930490496046,0.0,0.0,0.00010695095039544507,0.0,0.0
8385,Brute Force,Brute Force,0.0,1.0,0.0,0.0,0.0,0.0,0.0
8386,Web Attack,Web Attack,0.0,0.08785938139486582,0.004118773383477628,0.0,0.04309010289525014,0.0001145531263250645,0.8648171892000817
8387,Web Attack,Web Attack,0.0,0.0,1.4083720890171383e-05,0.0,0.003342472429950863,5.853123184749522e-05,0.9965849126173113
8388,Brute Force,Brute Force,0.0,0.9525098629501096,0.0029766544270049353,0.0,0.014263692656602543,0.0,0.03024978996628299
8389,Brute Force,Brute Force,0.0,0.9889303978121443,0.0,0.0,0.01106960218785575,0.0,0.0
8390,Botnet ARES,Botnet ARES,1.0,0.0,0.0,0.0,0.0,0.0,0.0
8391,Web Attack,Web Attack,0.0,0.0,1.4083720890171383e-05,0.0,0.0012636372494429348,0.00011159665123210415,0.9986106823784346
8392,Web Attack,Web Attack,0.0,0.0,1.4083720890171383e-05,0.0,0.0010767330448849778,5.853123184749522e-05,0.9988506520023772
8393,Brute Force,Brute Force,0.0,0.9604793911057681,0.0029766544270049353,0.0,0.013258428709283907,0.0,0.023285525757943223
8394,Brute Force,Brute Force,0.0,1.0,0.0,0.0,0.0,0.0,0.0
8395,Brute Force,Brute Force,0.0,1.0,0.0,0.0,0.0,0.0,0.0
8396,Brute Force,Brute Force,0.0,0.966727187630533,0.0029766544270049353,0.0,0.011254272568067127,0.0,0.019041885374395086
8397,Brute Force,Brute Force,0.0,1.0,0.0,0.0,0.0,0.0,0.0
8398,Web Attack,Web Attack,0.0,0.0,1.4083720890171383e-05,0.0,0.0014052859806130125,6.30767990631958e-05,0.9985175534994335
8399,Web Attack,Web Attack,0.0,0.0,1.4083720890171383e-05,0.0,0.003647894987469454,6.30767990631958e-05,0.9962749444925771
8400,Botnet ARES,Botnet ARES,1.0,0.0,0.0,0.0,0.0,0.0,0.0
8401,Botnet ARES,Botnet ARES,1.0,0.0,0.0,0.0,0.0,0.0,0.0
8402,Brute Force,Brute Force,0.0,1.0,0.0,0.0,0.0,0.0,0.0
8403,Brute Force,Brute Force,0.0,1.0,0.0,0.0,0.0,0.0,0.0
8404,Brute Force,Brute Force,0.0,0.999975398192537,0.0,0.0,2.4601807462940075e-05,0.0,0.0
8405,Botnet ARES,Botnet ARES,0.999774330969387,0.0,0.0,0.0,0.00022566903061300287,0.0,0.0
8406,Brute Force,Brute Force,0.0,0.9606661601799914,0.0029766544270049353,0.0,0.013071659635060575,0.0,0.023285525757943223
8407,Brute Force,Brute Force,0.0,0.9998667055532651,0.0,0.0,0.00013329444673491696,0.0,0.0
8408,Brute Force,Brute Force,0.0,1.0,0.0,0.0,0.0,0.0,0.0
8409,Web Attack,Web Attack,0.0,0.0,1.4083720890171383e-05,0.0,0.0012636372494429348,0.00011159665123210415,0.9986106823784346
8410,Botnet ARES,Botnet ARES,0.9907154925902154,0.0,0.0,0.0,0.009284507409784376,0.0,0.0
8411,Brute Force,Brute Force,0.0,1.0,0.0,0.0,0.0,0.0,0.0
8412,Brute Force,Brute Force,0.0,1.0,0.0,0.0,0.0,0.0,0.0
8413,Brute Force,Brute Force,0.0,1.0,0.0,0.0,0.0,0.0,0.0
8414,Brute Force,Brute Force,0.0,1.0,0.0,0.0,0.0,0.0,0.0
8415,Brute Force,Brute Force,0.0,0.9788096206601492,0.0,0.0,0.021190379339850775,0.0,0.0
8416,Botnet ARES,Botnet ARES,0.999774330969387,0.0,0.0,0.0,0.00022566903061300287,0.0,0.0
8417,Brute Force,Brute Force,0.0,1.0,0.0,0.0,0.0,0.0,0.0
8418,Brute Force,Brute Force,0.0,1.0,0.0,0.0,0.0,0.0,0.0
8419,Brute Force,Brute Force,0.0,1.0,0.0,0.0,0.0,0.0,0.0
8420,Brute Force,Brute Force,0.0,0.9525098629501096,0.0029766544270049353,0.0,0.014263692656602543,0.0,0.03024978996628299
8421,Brute Force,Brute Force,0.0,1.0,0.0,0.0,0.0,0.0,0.0
8422,Brute Force,Brute Force,0.0,0.9482827064266475,0.0029766544270049353,0.0,0.015388841423102649,0.0,0.03335179772324501
8423,Brute Force,Brute Force,0.0,0.9606661601799914,0.0029766544270049353,0.0,0.013071659635060575,0.0,0.023285525757943223
8424,Brute Force,Brute Force,0.0,0.9452889521814071,0.0029766544270049353,0.0,0.014263692656602543,0.0,0.037470700734985506
8425,Brute Force,Brute Force,0.0,0.9998667055532651,0.0,0.0,0.00013329444673491696,0.0,0.0
8426,Brute Force,Brute Force,0.0,0.9998667055532651,0.0,0.0,0.00013329444673491696,0.0,0.0
8427,Brute Force,Brute Force,0.0,1.0,0.0,0.0,0.0,0.0,0.0
8428,Web Attack,Web Attack,0.0,0.0,1.4083720890171383e-05,0.0,0.0017700433773855779,6.30767990631958e-05,0.9981527961026608
8429,Brute Force,Brute Force,0.0,0.962706150113201,0.0029766544270049353,0.0,0.01276546330221945,0.0,0.021551732157574756
8430,Brute Force,Brute Force,0.0,1.0,0.0,0.0,0.0,0.0,0.0
8431,Brute Force,Brute Force,0.0,0.9998667055532651,0.0,0.0,0.00013329444673491696,0.0,0.0
8432,Web Attack,Web Attack,0.0,0.002334425036390102,0.16750854527990228,0.0,0.363341702928251,0.005649953773369129,0.46116537298208754
8433,Brute Force,Brute Force,0.0,1.0,0.0,0.0,0.0,0.0,0.0
8434,Brute Force,Brute Force,0.0,0.962706150113201,0.0029766544270049353,0.0,0.01276546330221945,0.0,0.021551732157574756
8435,Web Attack,Web Attack,0.0013157188142066236,0.08909305385164391,0.0031980670133321437,0.0,0.07346653312701946,0.0,0.8329266271937983
8436,Web Attack,Web Attack,0.0,0.0030679879782308504,0.08781375749977968,0.0,0.24539288990883532,0.07826339090746533,0.5854619737056889
8437,Brute Force,Brute Force,0.0,0.9606661601799914,0.0029766544270049353,0.0,0.013071659635060575,0.0,0.023285525757943223
8438,Brute Force,Brute Force,0.0,1.0,0.0,0.0,0.0,0.0,0.0
8439,Web Attack,Web Attack,0.0,0.0,1.4083720890171383e-05,0.0,0.0014186302283242169,6.30767990631958e-05,0.9985042092517221
8440,Brute Force,Brute Force,0.0,0.966727187630533,0.0029766544270049353,0.0,0.011254272568067127,0.0,0.019041885374395086
8441,Brute Force,Brute Force,0.0,1.0,0.0,0.0,0.0,0.0,0.0
8442,Web Attack,Web Attack,0.0,0.0,1.4083720890171383e-05,0.0,0.006363408171059073,0.00011159665123210415,0.9935109114568185
8443,Botnet ARES,Botnet ARES,1.0,0.0,0.0,0.0,0.0,0.0,0.0
8444,Botnet ARES,Botnet ARES,0.994465925907663,0.0,0.0,0.0,0.005534074092336643,0.0,0.0
8445,Brute Force,Brute Force,0.0,0.999975398192537,0.0,0.0,2.4601807462940075e-05,0.0,0.0
8446,Brute Force,Brute Force,0.0,1.0,0.0,0.0,0.0,0.0,0.0
8447,Brute Force,Brute Force,0.0,1.0,0.0,0.0,0.0,0.0,0.0
8448,Brute Force,Brute Force,0.0,1.0,0.0,0.0,0.0,0.0,0.0
8449,Web Attack,Web Attack,0.0,0.0,1.4083720890171383e-05,0.0,0.0010767330448849778,5.853123184749522e-05,0.9988506520023772
8450,Brute Force,Brute Force,0.0,1.0,0.0,0.0,0.0,0.0,0.0
8451,Brute Force,Brute Force,0.0,1.0,0.0,0.0,0.0,0.0,0.0
8452,Brute Force,Brute Force,0.0,1.0,0.0,0.0,0.0,0.0,0.0
8453,Brute Force,Brute Force,0.0,0.999975398192537,0.0,0.0,2.4601807462940075e-05,0.0,0.0
8454,Brute Force,Brute Force,0.0,0.999975398192537,0.0,0.0,2.4601807462940075e-05,0.0,0.0
8455,Brute Force,Brute Force,0.0,0.962706150113201,0.0029766544270049353,0.0,0.01276546330221945,0.0,0.021551732157574756
8456,Web Attack,Web Attack,0.0,0.0,1.4083720890171383e-05,0.0,0.0012636372494429348,0.00011159665123210415,0.9986106823784346
8457,Web Attack,Web Attack,0.0,0.0,1.4083720890171383e-05,0.0,0.028517433465019056,0.00011159665123210415,0.9713568861628586
8458,Brute Force,Brute Force,0.0,1.0,0.0,0.0,0.0,0.0,0.0
8459,Botnet ARES,Normal,0.04,0.006636778354569765,0.0,0.09967124541984901,0.8417485100833262,0.011943466142255069,0.0
8460,Brute Force,Brute Force,0.0,0.999975398192537,0.0,0.0,2.4601807462940075e-05,0.0,0.0
8461,Brute Force,Brute Force,0.0,1.0,0.0,0.0,0.0,0.0,0.0
8462,Brute Force,Brute Force,0.0,1.0,0.0,0.0,0.0,0.0,0.0
8463,Brute Force,Brute Force,0.0,1.0,0.0,0.0,0.0,0.0,0.0
8464,Brute Force,Brute Force,0.0,0.9998667055532651,0.0,0.0,0.00013329444673491696,0.0,0.0
8465,Web Attack,Web Attack,0.0,0.0,1.4083720890171383e-05,0.0,0.0012636372494429348,0.00011159665123210415,0.9986106823784346
8466,Botnet ARES,Botnet ARES,0.9922463005553177,0.0,0.0,0.0,0.007753699444681969,0.0,0.0
8467,Brute Force,Brute Force,0.0,1.0,0.0,0.0,0.0,0.0,0.0
8468,Brute Force,Brute Force,0.0,1.0,0.0,0.0,0.0,0.0,0.0
8469,Brute Force,Brute Force,0.0,0.9482827064266475,0.0029766544270049353,0.0,0.015388841423102649,0.0,0.03335179772324501
8470,Brute Force,Brute Force,0.0,0.999975398192537,0.0,0.0,2.4601807462940075e-05,0.0,0.0
8471,Brute Force,Brute Force,0.0,1.0,0.0,0.0,0.0,0.0,0.0
8472,Brute Force,Brute Force,0.0,0.966727187630533,0.0029766544270049353,0.0,0.011254272568067127,0.0,0.019041885374395086
8473,Brute Force,Brute Force,0.0,1.0,0.0,0.0,0.0,0.0,0.0
8474,Brute Force,Brute Force,0.0,1.0,0.0,0.0,0.0,0.0,0.0
8475,Botnet ARES,Botnet ARES,0.9996696914371873,0.0,0.0,0.0,0.0003303085628127412,0.0,0.0
8476,Brute Force,Brute Force,0.0,0.9525098629501096,0.0029766544270049353,0.0,0.014263692656602543,0.0,0.03024978996628299
8477,Brute Force,Brute Force,0.0,0.9998930490496046,0.0,0.0,0.00010695095039544507,0.0,0.0
8478,Brute Force,Brute Force,0.0,0.999975398192537,0.0,0.0,2.4601807462940075e-05,0.0,0.0
8479,Brute Force,Brute Force,0.0,1.0,0.0,0.0,0.0,0.0,0.0
8480,Brute Force,Brute Force,0.0,1.0,0.0,0.0,0.0,0.0,0.0
8481,Brute Force,Brute Force,0.0,0.999975398192537,0.0,0.0,2.4601807462940075e-05,0.0,0.0
8482,Botnet ARES,Botnet ARES,0.9942400076709913,0.0,0.0,0.0,0.005759992329008527,0.0,0.0
8483,Brute Force,Brute Force,0.0,0.9998667055532651,0.0,0.0,0.00013329444673491696,0.0,0.0
8484,Web Attack,Web Attack,0.0,0.0,1.4083720890171383e-05,0.0,0.0014186302283242169,6.30767990631958e-05,0.9985042092517221
8485,Web Attack,Web Attack,0.0,0.0,1.4083720890171383e-05,0.0,0.0014052859806130125,6.30767990631958e-05,0.9985175534994335
8486,Brute Force,Brute Force,0.0,1.0,0.0,0.0,0.0,0.0,0.0
8487,Botnet ARES,Botnet ARES,1.0,0.0,0.0,0.0,0.0,0.0,0.0
8488,Brute Force,Brute Force,0.0,0.9998667055532651,0.0,0.0,0.00013329444673491696,0.0,0.0
8489,Brute Force,Brute Force,0.0,0.999975398192537,0.0,0.0,2.4601807462940075e-05,0.0,0.0
8490,Botnet ARES,Botnet ARES,0.999774330969387,0.0,0.0,0.0,0.00022566903061300287,0.0,0.0
8491,Brute Force,Brute Force,0.0,1.0,0.0,0.0,0.0,0.0,0.0
8492,Brute Force,Brute Force,0.0,0.9998667055532651,0.0,0.0,0.00013329444673491696,0.0,0.0
8493,Brute Force,Brute Force,0.0,1.0,0.0,0.0,0.0,0.0,0.0
8494,Brute Force,Brute Force,0.0,1.0,0.0,0.0,0.0,0.0,0.0
8495,Brute Force,Brute Force,0.0,0.9998667055532651,0.0,0.0,0.00013329444673491696,0.0,0.0
8496,Web Attack,Web Attack,0.0,0.0,1.4083720890171383e-05,0.0,0.0010767330448849778,5.853123184749522e-05,0.9988506520023772
8497,Brute Force,Brute Force,0.0,0.999975398192537,0.0,0.0,2.4601807462940075e-05,0.0,0.0
8498,Brute Force,Brute Force,0.0,0.999975398192537,0.0,0.0,2.4601807462940075e-05,0.0,0.0
8499,Brute Force,Brute Force,0.0,0.999975398192537,0.0,0.0,2.4601807462940075e-05,0.0,0.0
8500,Botnet ARES,Botnet ARES,0.9258705719287696,0.0,0.01,0.009969476402911482,0.05415995166831891,0.0,0.0
8501,Brute Force,Brute Force,0.0,0.9998930490496046,0.0,0.0,0.00010695095039544507,0.0,0.0
8502,Brute Force,Brute Force,0.0,1.0,0.0,0.0,0.0,0.0,0.0
8503,Brute Force,Brute Force,0.0,1.0,0.0,0.0,0.0,0.0,0.0
8504,Web Attack,Web Attack,0.0,0.0,1.4083720890171383e-05,0.0,0.001344424375867432,0.00011614221844780474,0.9985253496847944
8505,Web Attack,Web Attack,0.0,0.0,1.4083720890171383e-05,0.0,0.001550279110412039,6.0161746208505e-05,0.9983754754224892
8506,Brute Force,Brute Force,0.0,1.0,0.0,0.0,0.0,0.0,0.0
8507,Brute Force,Brute Force,0.0,0.9482827064266475,0.0029766544270049353,0.0,0.015388841423102649,0.0,0.03335179772324501
8508,Botnet ARES,Botnet ARES,1.0,0.0,0.0,0.0,0.0,0.0,0.0
8509,Brute Force,Brute Force,0.0,0.9606661601799914,0.0029766544270049353,0.0,0.013071659635060575,0.0,0.023285525757943223
8510,Brute Force,Brute Force,0.0,1.0,0.0,0.0,0.0,0.0,0.0
8511,Brute Force,Brute Force,0.0,0.9400800073199993,0.0029766544270049353,0.0,0.01901331583711849,0.0,0.037930022415877354
8512,Brute Force,Brute Force,0.0,1.0,0.0,0.0,0.0,0.0,0.0
8513,Brute Force,Brute Force,0.0,0.962706150113201,0.0029766544270049353,0.0,0.01276546330221945,0.0,0.021551732157574756
8514,Web Attack,Web Attack,0.0,0.0,1.4083720890171383e-05,0.0,0.0010767330448849778,5.853123184749522e-05,0.9988506520023772
8515,Botnet ARES,Botnet ARES,0.9830905799946617,0.0,0.0,0.0,0.016909420005338315,0.0,0.0
8516,Brute Force,Brute Force,0.0,1.0,0.0,0.0,0.0,0.0,0.0
8517,Brute Force,Brute Force,0.0,1.0,0.0,0.0,0.0,0.0,0.0
8518,Botnet ARES,Botnet ARES,1.0,0.0,0.0,0.0,0.0,0.0,0.0
8519,Botnet ARES,Botnet ARES,1.0,0.0,0.0,0.0,0.0,0.0,0.0
8520,Brute Force,Brute Force,0.0,0.999975398192537,0.0,0.0,2.4601807462940075e-05,0.0,0.0
8521,Brute Force,Brute Force,0.0,1.0,0.0,0.0,0.0,0.0,0.0
8522,Brute Force,Brute Force,0.0,0.9998930490496046,0.0,0.0,0.00010695095039544507,0.0,0.0
8523,Brute Force,Brute Force,0.0,0.999975398192537,0.0,0.0,2.4601807462940075e-05,0.0,0.0
8524,Brute Force,Brute Force,0.0,0.9606661601799914,0.0029766544270049353,0.0,0.013071659635060575,0.0,0.023285525757943223
8525,Brute Force,Brute Force,0.0,1.0,0.0,0.0,0.0,0.0,0.0
8526,Brute Force,Brute Force,0.0,1.0,0.0,0.0,0.0,0.0,0.0
8527,Brute Force,Brute Force,0.0,1.0,0.0,0.0,0.0,0.0,0.0
8528,Brute Force,Brute Force,0.0,1.0,0.0,0.0,0.0,0.0,0.0
8529,Brute Force,Brute Force,0.0,1.0,0.0,0.0,0.0,0.0,0.0
8530,Brute Force,Brute Force,0.0,0.9606661601799914,0.0029766544270049353,0.0,0.013071659635060575,0.0,0.023285525757943223
8531,Brute Force,Brute Force,0.0,1.0,0.0,0.0,0.0,0.0,0.0
8532,Brute Force,Brute Force,0.0,1.0,0.0,0.0,0.0,0.0,0.0
8533,Brute Force,Brute Force,0.0,0.9998667055532651,0.0,0.0,0.00013329444673491696,0.0,0.0
8534,Brute Force,Brute Force,0.0,1.0,0.0,0.0,0.0,0.0,0.0
8535,Brute Force,Brute Force,0.0,1.0,0.0,0.0,0.0,0.0,0.0
8536,Brute Force,Brute Force,0.0,0.9606661601799914,0.0029766544270049353,0.0,0.013071659635060575,0.0,0.023285525757943223
8537,Brute Force,Brute Force,0.0,0.9482827064266475,0.0029766544270049353,0.0,0.015388841423102649,0.0,0.03335179772324501
8538,Brute Force,Brute Force,0.0,1.0,0.0,0.0,0.0,0.0,0.0
8539,Web Attack,Web Attack,0.0,0.0,1.4083720890171383e-05,0.0,0.0014084435075517265,6.30767990631958e-05,0.9985143959724947
8540,Brute Force,Brute Force,0.0,0.999975398192537,0.0,0.0,2.4601807462940075e-05,0.0,0.0
8541,Brute Force,Brute Force,0.0,1.0,0.0,0.0,0.0,0.0,0.0
8542,Brute Force,Brute Force,0.0,0.9482827064266475,0.0029766544270049353,0.0,0.015388841423102649,0.0,0.03335179772324501
8543,Brute Force,Brute Force,0.0,0.9604793911057681,0.0029766544270049353,0.0,0.013258428709283907,0.0,0.023285525757943223
8544,Brute Force,Brute Force,0.0,0.999975398192537,0.0,0.0,2.4601807462940075e-05,0.0,0.0
8545,Brute Force,Brute Force,0.0,0.9525098629501096,0.0029766544270049353,0.0,0.014263692656602543,0.0,0.03024978996628299
8546,Botnet ARES,Botnet ARES,1.0,0.0,0.0,0.0,0.0,0.0,0.0
8547,Brute Force,Brute Force,0.0,1.0,0.0,0.0,0.0,0.0,0.0
8548,Botnet ARES,Botnet ARES,1.0,0.0,0.0,0.0,0.0,0.0,0.0
8549,Brute Force,Brute Force,0.0,1.0,0.0,0.0,0.0,0.0,0.0
8550,Brute Force,Brute Force,0.0,0.999975398192537,0.0,0.0,2.4601807462940075e-05,0.0,0.0
8551,Brute Force,Brute Force,0.0,0.9606661601799914,0.0029766544270049353,0.0,0.013071659635060575,0.0,0.023285525757943223
8552,Brute Force,Brute Force,0.0,0.999975398192537,0.0,0.0,2.4601807462940075e-05,0.0,0.0
8553,Brute Force,Brute Force,0.0,0.9606661601799914,0.0029766544270049353,0.0,0.013071659635060575,0.0,0.023285525757943223
8554,Brute Force,Brute Force,0.0,0.962706150113201,0.0029766544270049353,0.0,0.01276546330221945,0.0,0.021551732157574756
8555,Brute Force,Brute Force,0.0,0.999975398192537,0.0,0.0,2.4601807462940075e-05,0.0,0.0
8556,Brute Force,Brute Force,0.0,1.0,0.0,0.0,0.0,0.0,0.0
8557,Brute Force,Brute Force,0.0,0.999975398192537,0.0,0.0,2.4601807462940075e-05,0.0,0.0
8558,Web Attack,Web Attack,0.0,0.0,1.4083720890171383e-05,0.0,0.010304228694709571,0.00011159665123210415,0.9895700909331682
8559,Brute Force,Brute Force,0.0,0.999975398192537,0.0,0.0,2.4601807462940075e-05,0.0,0.0
8560,Botnet ARES,Botnet ARES,1.0,0.0,0.0,0.0,0.0,0.0,0.0
8561,Brute Force,Brute Force,0.0,0.999975398192537,0.0,0.0,2.4601807462940075e-05,0.0,0.0
8562,Botnet ARES,Botnet ARES,0.999774330969387,0.0,0.0,0.0,0.00022566903061300287,0.0,0.0
8563,Brute Force,Brute Force,0.0,1.0,0.0,0.0,0.0,0.0,0.0
8564,Botnet ARES,Botnet ARES,1.0,0.0,0.0,0.0,0.0,0.0,0.0
8565,Brute Force,Brute Force,0.0,1.0,0.0,0.0,0.0,0.0,0.0
8566,Botnet ARES,Botnet ARES,0.9938294651894872,0.0,0.0,0.0,0.006170534810512575,0.0,0.0
8567,Botnet ARES,Botnet ARES,1.0,0.0,0.0,0.0,0.0,0.0,0.0
8568,Botnet ARES,Botnet ARES,0.994465925907663,0.0,0.0,0.0,0.005534074092336643,0.0,0.0
8569,Web Attack,Web Attack,0.0,0.0,1.4083720890171383e-05,0.0,0.002717302246578064,6.30767990631958e-05,0.9972055372334684
8570,Brute Force,Brute Force,0.0,1.0,0.0,0.0,0.0,0.0,0.0
8571,Brute Force,Brute Force,0.0,1.0,0.0,0.0,0.0,0.0,0.0
8572,Brute Force,Brute Force,0.0,1.0,0.0,0.0,0.0,0.0,0.0
8573,Brute Force,Brute Force,0.0,1.0,0.0,0.0,0.0,0.0,0.0
8574,Botnet ARES,Botnet ARES,0.9941259566131372,0.0,0.0,0.0,0.005874043386862775,0.0,0.0
8575,Botnet ARES,Botnet ARES,0.9941259566131372,0.0,0.0,0.0,0.005874043386862775,0.0,0.0
8576,Brute Force,Brute Force,0.0,1.0,0.0,0.0,0.0,0.0,0.0
8577,Brute Force,Brute Force,0.0,1.0,0.0,0.0,0.0,0.0,0.0
8578,Brute Force,Brute Force,0.0,1.0,0.0,0.0,0.0,0.0,0.0
8579,Brute Force,Brute Force,0.0,0.999975398192537,0.0,0.0,2.4601807462940075e-05,0.0,0.0
8580,Brute Force,Brute Force,0.0,1.0,0.0,0.0,0.0,0.0,0.0
8581,Brute Force,Brute Force,0.0,0.97,0.01,0.0,0.02,0.0,0.0
8582,Web Attack,Web Attack,0.0,0.0,1.4083720890171383e-05,0.0,0.0014084435075517265,6.30767990631958e-05,0.9985143959724947
8583,Brute Force,Brute Force,0.0,0.999975398192537,0.0,0.0,2.4601807462940075e-05,0.0,0.0
8584,Brute Force,Brute Force,0.0,0.999975398192537,0.0,0.0,2.4601807462940075e-05,0.0,0.0
8585,Brute Force,Brute Force,0.0,0.9606661601799914,0.0029766544270049353,0.0,0.013071659635060575,0.0,0.023285525757943223
8586,Brute Force,Brute Force,0.0,0.8651441233850385,0.0049771314647590005,0.0,0.11725160057526729,0.0049249320250620635,0.007702212549873051
8587,Brute Force,Brute Force,0.0,1.0,0.0,0.0,0.0,0.0,0.0
8588,Brute Force,Brute Force,0.0,1.0,0.0,0.0,0.0,0.0,0.0
8589,Brute Force,Brute Force,0.0,1.0,0.0,0.0,0.0,0.0,0.0
8590,Botnet ARES,Botnet ARES,0.9987835269271383,0.0,0.0,0.0,0.0012164730728616683,0.0,0.0
8591,Web Attack,Web Attack,0.0,0.09623107141358371,0.0031980670133321437,0.0,0.05618798224536394,0.0,0.8443828793277204
8592,Brute Force,Brute Force,0.0,0.999975398192537,0.0,0.0,2.4601807462940075e-05,0.0,0.0
8593,Web Attack,Web Attack,0.0,0.0,1.4083720890171383e-05,0.0,0.0010767330448849778,5.853123184749522e-05,0.9988506520023772
8594,Brute Force,Brute Force,0.0,0.999975398192537,0.0,0.0,2.4601807462940075e-05,0.0,0.0
8595,Brute Force,Brute Force,0.0,1.0,0.0,0.0,0.0,0.0,0.0
8596,Web Attack,Web Attack,0.0,0.0,1.4083720890171383e-05,0.0,0.0014084435075517265,6.30767990631958e-05,0.9985143959724947
8597,Infiltration,Infiltration,0.02,0.025005709207339168,0.010898984133023792,0.5096044236315384,0.4182016628581603,3.0120481927710842e-05,0.016259099688010696
8598,Brute Force,Brute Force,0.0,1.0,0.0,0.0,0.0,0.0,0.0
8599,Web Attack,Web Attack,0.0,0.0,1.4083720890171383e-05,0.0,0.0014052859806130125,6.30767990631958e-05,0.9985175534994335
8600,Brute Force,Brute Force,0.0,1.0,0.0,0.0,0.0,0.0,0.0
8601,Brute Force,Brute Force,0.0,1.0,0.0,0.0,0.0,0.0,0.0
8602,Brute Force,Brute Force,0.0,1.0,0.0,0.0,0.0,0.0,0.0
8603,Brute Force,Brute Force,0.0,1.0,0.0,0.0,0.0,0.0,0.0
8604,Brute Force,Brute Force,0.0,1.0,0.0,0.0,0.0,0.0,0.0
8605,Brute Force,Brute Force,0.0,1.0,0.0,0.0,0.0,0.0,0.0
8606,Brute Force,Brute Force,0.0,1.0,0.0,0.0,0.0,0.0,0.0
8607,Brute Force,Brute Force,0.0,0.9606661601799914,0.0029766544270049353,0.0,0.013071659635060575,0.0,0.023285525757943223
8608,Botnet ARES,Botnet ARES,0.9863386727688787,0.0,0.0,0.0,0.013661327231121281,0.0,0.0
8609,Brute Force,Brute Force,0.0,0.9649252601641368,0.0029766544270049353,0.0,0.011254272568067127,0.0,0.020843812840791235
8610,Web Attack,Web Attack,0.0,0.0,1.4083720890171383e-05,0.0,0.0014084435075517265,6.30767990631958e-05,0.9985143959724947
8611,Botnet ARES,Botnet ARES,0.9927882439511201,0.0,0.0,0.0,0.007211756048879624,0.0,0.0
8612,Brute Force,Brute Force,0.0,0.9616866492919636,0.0029766544270049353,0.0,0.01634637001310575,0.0,0.018990326267925833
8613,Brute Force,Brute Force,0.0,0.9998667055532651,0.0,0.0,0.00013329444673491696,0.0,0.0
8614,Brute Force,Brute Force,0.0,0.999975398192537,0.0,0.0,2.4601807462940075e-05,0.0,0.0
8615,Brute Force,Brute Force,0.0,1.0,0.0,0.0,0.0,0.0,0.0
8616,Brute Force,Brute Force,0.0,1.0,0.0,0.0,0.0,0.0,0.0
8617,Botnet ARES,Botnet ARES,0.9996696914371873,0.0,0.0,0.0,0.0003303085628127412,0.0,0.0
8618,Brute Force,Brute Force,0.0,0.9604793911057681,0.0029766544270049353,0.0,0.013258428709283907,0.0,0.023285525757943223
8619,Botnet ARES,Botnet ARES,0.9788983756768013,0.0,0.0,0.0,0.02110162432319867,0.0,0.0
8620,Brute Force,Brute Force,0.0,1.0,0.0,0.0,0.0,0.0,0.0
8621,Brute Force,Brute Force,0.0,0.912035493699906,0.0029654742769327537,0.0,0.025194273792219855,0.0,0.059804758230941585
8622,Brute Force,Brute Force,0.0,0.9998667055532651,0.0,0.0,0.00013329444673491696,0.0,0.0
8623,Brute Force,Brute Force,0.0,0.9606661601799914,0.0029766544270049353,0.0,0.013071659635060575,0.0,0.023285525757943223
8624,Brute Force,Brute Force,0.0,0.9998667055532651,0.0,0.0,0.00013329444673491696,0.0,0.0
8625,Botnet ARES,Botnet ARES,1.0,0.0,0.0,0.0,0.0,0.0,0.0
8626,Brute Force,Brute Force,0.0,1.0,0.0,0.0,0.0,0.0,0.0
8627,Brute Force,Brute Force,0.0,0.9998667055532651,0.0,0.0,0.00013329444673491696,0.0,0.0
8628,Brute Force,Brute Force,0.0,0.966727187630533,0.0029766544270049353,0.0,0.011254272568067127,0.0,0.019041885374395086
8629,Web Attack,Web Attack,0.0,0.0,1.4083720890171383e-05,0.0,0.0010767330448849778,5.853123184749522e-05,0.9988506520023772
8630,Brute Force,Brute Force,0.0,0.9998667055532651,0.0,0.0,0.00013329444673491696,0.0,0.0
8631,Brute Force,Brute Force,0.0,1.0,0.0,0.0,0.0,0.0,0.0
8632,Brute Force,Brute Force,0.0,0.9998667055532651,0.0,0.0,0.00013329444673491696,0.0,0.0
8633,Brute Force,Brute Force,0.0,0.962706150113201,0.0029766544270049353,0.0,0.01276546330221945,0.0,0.021551732157574756
8634,Brute Force,Brute Force,0.0,0.999975398192537,0.0,0.0,2.4601807462940075e-05,0.0,0.0
8635,Brute Force,Brute Force,0.0,0.9998667055532651,0.0,0.0,0.00013329444673491696,0.0,0.0
8636,Brute Force,Brute Force,0.0,0.999975398192537,0.0,0.0,2.4601807462940075e-05,0.0,0.0
8637,Brute Force,Brute Force,0.0,0.9982009597927275,0.0,0.0,0.0017990402072725487,0.0,0.0
8638,Brute Force,Brute Force,0.0,1.0,0.0,0.0,0.0,0.0,0.0
8639,Brute Force,Brute Force,0.0,1.0,0.0,0.0,0.0,0.0,0.0
8640,Botnet ARES,Botnet ARES,0.9939435162473415,0.0,0.0,0.0,0.006056483752658327,0.0,0.0
8641,Botnet ARES,Botnet ARES,0.9929202331109949,0.0,0.0,0.0,0.007079766889005023,0.0,0.0
8642,Brute Force,Brute Force,0.0,1.0,0.0,0.0,0.0,0.0,0.0
8643,Brute Force,Brute Force,0.0,1.0,0.0,0.0,0.0,0.0,0.0
8644,Botnet ARES,Botnet ARES,0.999774330969387,0.0,0.0,0.0,0.00022566903061300287,0.0,0.0
8645,Brute Force,Brute Force,0.0,1.0,0.0,0.0,0.0,0.0,0.0
8646,Web Attack,Web Attack,0.0,0.0,1.4083720890171383e-05,0.0,0.0014119945962276126,6.30767990631958e-05,0.9985108448838189
8647,Brute Force,Brute Force,0.0,0.9998667055532651,0.0,0.0,0.00013329444673491696,0.0,0.0
8648,Web Attack,Web Attack,0.0,0.0,1.4083720890171383e-05,0.0,0.005919766657482137,6.30767990631958e-05,0.9940030728225644
8649,Web Attack,Web Attack,0.0,0.0,1.4083720890171383e-05,0.0,0.005248563706630394,6.30767990631958e-05,0.994674275773416
8650,Brute Force,Brute Force,0.0,0.962706150113201,0.0029766544270049353,0.0,0.01276546330221945,0.0,0.021551732157574756
8651,Brute Force,Brute Force,0.0,0.9998667055532651,0.0,0.0,0.00013329444673491696,0.0,0.0
8652,Brute Force,Brute Force,0.0,0.999975398192537,0.0,0.0,2.4601807462940075e-05,0.0,0.0
8653,Botnet ARES,Botnet ARES,0.9933571039875194,0.0,0.0,0.0,0.00664289601248036,0.0,0.0
8654,Web Attack,Web Attack,0.0,0.0,1.4083720890171383e-05,0.0,0.0014186302283242169,6.30767990631958e-05,0.9985042092517221
8655,Brute Force,Brute Force,0.0,0.999975398192537,0.0,0.0,2.4601807462940075e-05,0.0,0.0
8656,Brute Force,Brute Force,0.0,0.999975398192537,0.0,0.0,2.4601807462940075e-05,0.0,0.0
8657,Brute Force,Brute Force,0.0,1.0,0.0,0.0,0.0,0.0,0.0
8658,Brute Force,Brute Force,0.0,0.962706150113201,0.0029766544270049353,0.0,0.01276546330221945,0.0,0.021551732157574756
8659,Brute Force,Brute Force,0.0,0.999975398192537,0.0,0.0,2.4601807462940075e-05,0.0,0.0
8660,Web Attack,Web Attack,0.0,0.0,0.03424942538199525,0.0,0.09009776932080918,0.01147724593250222,0.8641755593646933
8661,Brute Force,Brute Force,0.0,1.0,0.0,0.0,0.0,0.0,0.0
8662,Botnet ARES,Normal,0.05,0.006636778354569765,0.0,0.11944957188188156,0.8118781359272677,0.012035513836281018,0.0
8663,Brute Force,Brute Force,0.0,0.9998667055532651,0.0,0.0,0.00013329444673491696,0.0,0.0
8664,Brute Force,Brute Force,0.0,1.0,0.0,0.0,0.0,0.0,0.0
8665,Web Attack,Web Attack,0.0,0.0,1.4083720890171383e-05,0.0,0.0014186302283242169,6.30767990631958e-05,0.9985042092517221
8666,Brute Force,Brute Force,0.0,1.0,0.0,0.0,0.0,0.0,0.0
8667,Brute Force,Brute Force,0.0,1.0,0.0,0.0,0.0,0.0,0.0
8668,Brute Force,Brute Force,0.0,0.9583759840857787,0.0,0.0,0.03162401591422123,0.0,0.01
8669,Brute Force,Brute Force,0.0,0.9998667055532651,0.0,0.0,0.00013329444673491696,0.0,0.0
8670,Brute Force,Brute Force,0.0,0.999975398192537,0.0,0.0,2.4601807462940075e-05,0.0,0.0
8671,Brute Force,Brute Force,0.0,1.0,0.0,0.0,0.0,0.0,0.0
8672,Brute Force,Brute Force,0.0,1.0,0.0,0.0,0.0,0.0,0.0
8673,Brute Force,Brute Force,0.0,0.9998667055532651,0.0,0.0,0.00013329444673491696,0.0,0.0
8674,Brute Force,Brute Force,0.0,1.0,0.0,0.0,0.0,0.0,0.0
8675,Brute Force,Brute Force,0.0,1.0,0.0,0.0,0.0,0.0,0.0
8676,Brute Force,Brute Force,0.0,1.0,0.0,0.0,0.0,0.0,0.0
8677,Brute Force,Brute Force,0.0,0.9982009597927275,0.0,0.0,0.0017990402072725487,0.0,0.0
8678,Brute Force,Brute Force,0.0,0.966727187630533,0.0029766544270049353,0.0,0.011254272568067127,0.0,0.019041885374395086
8679,Brute Force,Brute Force,0.0,0.966727187630533,0.0029766544270049353,0.0,0.011254272568067127,0.0,0.019041885374395086
8680,Brute Force,Brute Force,0.0,0.999975398192537,0.0,0.0,2.4601807462940075e-05,0.0,0.0
8681,Brute Force,Brute Force,0.0066181480334468875,0.7825818967098935,0.03801718501914635,0.009952095808383235,0.12801889138358594,0.0348117830455441,0.0
8682,Brute Force,Brute Force,0.0,1.0,0.0,0.0,0.0,0.0,0.0
8683,Brute Force,Brute Force,0.0,1.0,0.0,0.0,0.0,0.0,0.0
8684,Brute Force,Brute Force,0.0,0.999975398192537,0.0,0.0,2.4601807462940075e-05,0.0,0.0
8685,Brute Force,Brute Force,0.0,0.999975398192537,0.0,0.0,2.4601807462940075e-05,0.0,0.0
8686,Brute Force,Brute Force,0.0,1.0,0.0,0.0,0.0,0.0,0.0
8687,Brute Force,Brute Force,0.0,0.9606661601799914,0.0029766544270049353,0.0,0.013071659635060575,0.0,0.023285525757943223
8688,Botnet ARES,Botnet ARES,1.0,0.0,0.0,0.0,0.0,0.0,0.0
8689,Web Attack,Web Attack,0.0,0.0,1.4083720890171383e-05,0.0,0.009953516512373427,6.30767990631958e-05,0.9899693229676729
8690,Brute Force,Brute Force,0.0,0.9606661601799914,0.0029766544270049353,0.0,0.013071659635060575,0.0,0.023285525757943223
8691,Brute Force,Brute Force,0.0,1.0,0.0,0.0,0.0,0.0,0.0
8692,Brute Force,Brute Force,0.0,0.962706150113201,0.0029766544270049353,0.0,0.01276546330221945,0.0,0.021551732157574756
8693,Brute Force,Brute Force,0.0,0.9998667055532651,0.0,0.0,0.00013329444673491696,0.0,0.0
8694,Brute Force,Brute Force,0.0,1.0,0.0,0.0,0.0,0.0,0.0
8695,Brute Force,Brute Force,0.0,0.999975398192537,0.0,0.0,2.4601807462940075e-05,0.0,0.0
8696,Brute Force,Brute Force,0.0,1.0,0.0,0.0,0.0,0.0,0.0
8697,Brute Force,Brute Force,0.0,0.966727187630533,0.0029766544270049353,0.0,0.011254272568067127,0.0,0.019041885374395086
8698,Brute Force,Brute Force,0.0,1.0,0.0,0.0,0.0,0.0,0.0
8699,Botnet ARES,Botnet ARES,0.9987835269271383,0.0,0.0,0.0,0.0012164730728616683,0.0,0.0
8700,Botnet ARES,Botnet ARES,0.9931852763228742,0.0,0.0,0.0,0.006814723677125565,0.0,0.0
8701,Brute Force,Brute Force,0.0,0.9482827064266475,0.0029766544270049353,0.0,0.015388841423102649,0.0,0.03335179772324501
8702,Botnet ARES,Botnet ARES,0.999774330969387,0.0,0.0,0.0,0.00022566903061300287,0.0,0.0
8703,Botnet ARES,Botnet ARES,0.9911421187976746,0.0,0.0,0.0,0.008857881202325278,0.0,0.0
8704,Brute Force,Brute Force,0.0,1.0,0.0,0.0,0.0,0.0,0.0
8705,Web Attack,Web Attack,0.0,0.0,1.4083720890171383e-05,0.0,0.0010767330448849778,5.853123184749522e-05,0.9988506520023772
8706,Brute Force,Brute Force,0.0,1.0,0.0,0.0,0.0,0.0,0.0
8707,Brute Force,Brute Force,0.0,0.9998667055532651,0.0,0.0,0.00013329444673491696,0.0,0.0
8708,Brute Force,Brute Force,0.0,0.999975398192537,0.0,0.0,2.4601807462940075e-05,0.0,0.0
8709,Web Attack,Web Attack,0.0,0.0,1.4083720890171383e-05,0.0,0.0014186302283242169,6.30767990631958e-05,0.9985042092517221
8710,Web Attack,Web Attack,0.0,0.0,1.4083720890171383e-05,0.0,0.0010767330448849778,5.853123184749522e-05,0.9988506520023772
8711,Brute Force,Brute Force,0.0,1.0,0.0,0.0,0.0,0.0,0.0
8712,Web Attack,Web Attack,0.0,0.0,1.4083720890171383e-05,0.0,0.0014084435075517265,6.30767990631958e-05,0.9985143959724947
8713,Brute Force,Brute Force,0.0,0.999975398192537,0.0,0.0,2.4601807462940075e-05,0.0,0.0
8714,Brute Force,Brute Force,0.0,1.0,0.0,0.0,0.0,0.0,0.0
8715,Web Attack,Web Attack,0.0,0.0,1.4083720890171383e-05,0.0,0.001550279110412039,6.30767990631958e-05,0.9983725603696344
8716,Web Attack,Web Attack,0.0,0.0,1.4083720890171383e-05,0.0,0.0014084435075517265,6.30767990631958e-05,0.9985143959724947
8717,Botnet ARES,Botnet ARES,0.9987835269271383,0.0,0.0,0.0,0.0012164730728616683,0.0,0.0
8718,Brute Force,Brute Force,0.0,0.9525098629501096,0.0029766544270049353,0.0,0.014263692656602543,0.0,0.03024978996628299
8719,Brute Force,Brute Force,0.0,0.9631939092393665,0.0029766544270049353,0.0,0.012323334924409615,0.0,0.021506101409219
8720,Brute Force,Brute Force,0.0,1.0,0.0,0.0,0.0,0.0,0.0
8721,Brute Force,Brute Force,0.0,1.0,0.0,0.0,0.0,0.0,0.0
8722,Brute Force,Brute Force,0.0,0.999975398192537,0.0,0.0,2.4601807462940075e-05,0.0,0.0
8723,Brute Force,Brute Force,0.0,0.999975398192537,0.0,0.0,2.4601807462940075e-05,0.0,0.0
8724,Brute Force,Brute Force,0.0,0.962706150113201,0.0029766544270049353,0.0,0.01276546330221945,0.0,0.021551732157574756
8725,Brute Force,Brute Force,0.0,1.0,0.0,0.0,0.0,0.0,0.0
8726,Brute Force,Brute Force,0.0,1.0,0.0,0.0,0.0,0.0,0.0
8727,Web Attack,Web Attack,0.0,0.0,1.4083720890171383e-05,0.0,0.0014084435075517265,6.30767990631958e-05,0.9985143959724947
8728,Infiltration,Infiltration,0.0,0.0,0.0,0.9293509035207596,0.0606490964792404,0.0,0.01
8729,Brute Force,Brute Force,0.0,0.9483085671682981,0.0029766544270049353,0.0,0.01820834187805123,0.0,0.03050643652664574
8730,Brute Force,Brute Force,0.0,1.0,0.0,0.0,0.0,0.0,0.0
8731,Brute Force,Brute Force,0.0,0.999975398192537,0.0,0.0,2.4601807462940075e-05,0.0,0.0
8732,Brute Force,Brute Force,0.0,0.9492872194154878,0.0029766544270049353,0.0,0.014501835760378135,0.0,0.03323429039712933
8733,Brute Force,Brute Force,0.0,1.0,0.0,0.0,0.0,0.0,0.0
8734,Brute Force,Brute Force,0.0,1.0,0.0,0.0,0.0,0.0,0.0
8735,Brute Force,Brute Force,0.0,1.0,0.0,0.0,0.0,0.0,0.0
8736,Botnet ARES,Botnet ARES,0.9945652196633213,0.0,0.0,0.0,0.0054347803366787415,0.0,0.0
8737,Web Attack,Web Attack,0.0,0.0,1.4083720890171383e-05,0.0,0.0010767330448849778,5.853123184749522e-05,0.9988506520023772
8738,Infiltration,Normal,0.01,0.015535382198551799,0.00741663199191583,0.0,0.9604972728104566,0.002481238001047181,0.004069474998028724
8739,Botnet ARES,Botnet ARES,0.999774330969387,0.0,0.0,0.0,0.00022566903061300287,0.0,0.0
8740,Web Attack,Web Attack,0.0,0.09387695398038975,0.0031980670133321437,0.0,0.048290351822100674,0.0,0.8546346271841778
8741,Botnet ARES,Botnet ARES,0.993023830429543,0.0,0.0,0.0,0.006976169570456759,0.0,0.0
8742,Web Attack,Web Attack,0.0,0.0,1.4083720890171383e-05,0.0,0.0012636372494429348,0.00011159665123210415,0.9986106823784346
8743,Web Attack,Web Attack,0.0,0.0,1.4083720890171383e-05,0.0,0.0012636372494429348,0.00011159665123210415,0.9986106823784346
8744,Botnet ARES,Botnet ARES,0.9942926239028383,0.0,0.0,0.0,0.005707376097161472,0.0,0.0
8745,Botnet ARES,Botnet ARES,1.0,0.0,0.0,0.0,0.0,0.0,0.0
8746,Web Attack,Web Attack,0.0,0.0,1.4083720890171383e-05,0.0,0.001550279110412039,6.30767990631958e-05,0.9983725603696344
8747,Botnet ARES,Botnet ARES,0.9829701608228185,0.0,0.0,0.0,0.01702983917718117,0.0,0.0
8748,Botnet ARES,Botnet ARES,0.999774330969387,0.0,0.0,0.0,0.00022566903061300287,0.0,0.0
8749,Botnet ARES,Botnet ARES,0.999155971285621,0.0,0.0,0.0,0.0008440287143789429,0.0,0.0
8750,Web Attack,Web Attack,0.0,0.0,1.4083720890171383e-05,0.0,0.0014052859806130125,6.30767990631958e-05,0.9985175534994335
8751,Web Attack,Web Attack,0.0,0.0,1.4083720890171383e-05,0.0,0.0014186302283242169,6.30767990631958e-05,0.9985042092517221
8752,Web Attack,Web Attack,0.0,0.0,1.4083720890171383e-05,0.0,0.0017700433773855779,6.30767990631958e-05,0.9981527961026608
8753,Botnet ARES,Botnet ARES,1.0,0.0,0.0,0.0,0.0,0.0,0.0
8754,Botnet ARES,Botnet ARES,1.0,0.0,0.0,0.0,0.0,0.0,0.0
8755,Web Attack,Web Attack,0.0,0.10966084134482826,0.0034598891941967067,0.0,0.04685604395722967,0.0,0.8400232255037459
8756,Botnet ARES,Botnet ARES,1.0,0.0,0.0,0.0,0.0,0.0,0.0
8757,Web Attack,Web Attack,0.0,0.0,1.4083720890171383e-05,0.0,0.0013977305287910119,6.30767990631958e-05,0.9985251089512555
8758,Web Attack,Web Attack,0.0,0.004551892692777529,0.1227117474171266,0.0,0.0821378512118785,0.0008388000405113058,0.7897597086377062
8759,Web Attack,Web Attack,0.0,0.0,1.4083720890171383e-05,0.0,0.0010767330448849778,5.853123184749522e-05,0.9988506520023772
8760,Web Attack,Web Attack,0.0,0.0,1.4083720890171383e-05,0.0,0.0010767330448849778,5.853123184749522e-05,0.9988506520023772
8761,Botnet ARES,Botnet ARES,0.9996696914371873,0.0,0.0,0.0,0.0003303085628127412,0.0,0.0
8762,Web Attack,Web Attack,0.0,0.0,1.4083720890171383e-05,0.0,0.0014119945962276126,6.30767990631958e-05,0.9985108448838189
8763,Web Attack,Web Attack,0.0,0.0,1.4083720890171383e-05,0.0,0.0012636372494429348,0.00011159665123210415,0.9986106823784346
8764,Web Attack,Web Attack,0.0,0.0,1.4083720890171383e-05,0.0,0.0014186302283242169,6.30767990631958e-05,0.9985042092517221
8765,Web Attack,Web Attack,0.0,0.0,1.4083720890171383e-05,0.0,0.0010767330448849778,5.853123184749522e-05,0.9988506520023772
8766,Botnet ARES,Botnet ARES,0.9913374779558133,0.0,0.0,0.0,0.008662522044186409,0.0,0.0
8767,Web Attack,Web Attack,0.0,0.0,1.4083720890171383e-05,0.0,0.0013977305287910119,6.30767990631958e-05,0.9985251089512555
8768,Web Attack,Web Attack,0.0,0.0,1.4083720890171383e-05,0.0,0.0014186302283242169,6.30767990631958e-05,0.9985042092517221
8769,Botnet ARES,Botnet ARES,0.9839435162473414,0.0,0.0,0.0,0.01605648375265833,0.0,0.0
8770,Botnet ARES,Botnet ARES,0.999774330969387,0.0,0.0,0.0,0.00022566903061300287,0.0,0.0
8771,Web Attack,Web Attack,0.0,0.0030679879782308504,0.03215537885903192,0.0,0.14132298813197935,0.025233808469555242,0.7982198365612024
8772,Botnet ARES,Botnet ARES,0.9939016401103978,0.0,0.0,0.0,0.006098359889602057,0.0,0.0
8773,Botnet ARES,Botnet ARES,0.9944979948240131,0.0,0.0,0.0,0.0055020051759867164,0.0,0.0
8774,Botnet ARES,Botnet ARES,0.994465925907663,0.0,0.0,0.0,0.005534074092336643,0.0,0.0
8775,Botnet ARES,Botnet ARES,0.9942926239028383,0.0,0.0,0.0,0.005707376097161472,0.0,0.0
8776,Botnet ARES,Botnet ARES,1.0,0.0,0.0,0.0,0.0,0.0,0.0
8777,Web Attack,Web Attack,0.0,0.0,1.4083720890171383e-05,0.0,0.0010767330448849778,5.853123184749522e-05,0.9988506520023772
8778,Web Attack,Web Attack,0.0,0.0,1.4083720890171383e-05,0.0,0.0014084435075517265,6.30767990631958e-05,0.9985143959724947
8779,Botnet ARES,Botnet ARES,1.0,0.0,0.0,0.0,0.0,0.0,0.0
8780,Botnet ARES,Botnet ARES,0.999774330969387,0.0,0.0,0.0,0.00022566903061300287,0.0,0.0
8781,Botnet ARES,Botnet ARES,0.993023830429543,0.0,0.0,0.0,0.006976169570456759,0.0,0.0
8782,Web Attack,Web Attack,0.0,0.0,1.4083720890171383e-05,0.0,0.0013977305287910119,6.30767990631958e-05,0.9985251089512555
8783,Botnet ARES,Botnet ARES,0.994465925907663,0.0,0.0,0.0,0.005534074092336643,0.0,0.0
8784,Botnet ARES,Botnet ARES,0.999774330969387,0.0,0.0,0.0,0.00022566903061300287,0.0,0.0
8785,Botnet ARES,Botnet ARES,0.9924741127423644,0.0,0.0,0.0,0.007525887257635478,0.0,0.0
8786,Web Attack,Web Attack,0.0,0.0,0.003988286040970858,0.0,0.00466872420957724,0.0,0.9913429897494518
8787,Botnet ARES,Botnet ARES,0.9920034111262193,0.0,0.0,0.0,0.007996588873780568,0.0,0.0
8788,Botnet ARES,Botnet ARES,1.0,0.0,0.0,0.0,0.0,0.0,0.0
8789,Botnet ARES,Botnet ARES,0.999774330969387,0.0,0.0,0.0,0.00022566903061300287,0.0,0.0
8790,Botnet ARES,Botnet ARES,0.9921174621840734,0.0,0.0,0.0,0.00788253781592632,0.0,0.0
8791,Botnet ARES,Botnet ARES,1.0,0.0,0.0,0.0,0.0,0.0,0.0
8792,Botnet ARES,Botnet ARES,0.9921174621840734,0.0,0.0,0.0,0.00788253781592632,0.0,0.0
8793,Botnet ARES,Botnet ARES,0.999774330969387,0.0,0.0,0.0,0.00022566903061300287,0.0,0.0
8794,Botnet ARES,Botnet ARES,1.0,0.0,0.0,0.0,0.0,0.0,0.0
8795,Botnet ARES,Botnet ARES,0.994465925907663,0.0,0.0,0.0,0.005534074092336643,0.0,0.0
8796,Web Attack,Web Attack,0.0,0.0,1.4083720890171383e-05,0.0,0.0010767330448849778,5.853123184749522e-05,0.9988506520023772
8797,Botnet ARES,Botnet ARES,1.0,0.0,0.0,0.0,0.0,0.0,0.0
8798,Web Attack,Web Attack,0.0,0.0,1.4083720890171383e-05,0.0,0.001550279110412039,6.30767990631958e-05,0.9983725603696344
8799,Web Attack,Web Attack,0.0,0.0,1.4083720890171383e-05,0.0,0.0010767330448849778,5.853123184749522e-05,0.9988506520023772
8800,Web Attack,Web Attack,0.0,0.0,1.4083720890171383e-05,0.0,0.0010767330448849778,5.853123184749522e-05,0.9988506520023772
8801,Web Attack,Web Attack,0.0,0.0,1.4083720890171383e-05,0.0,0.0010767330448849778,5.853123184749522e-05,0.9988506520023772
8802,Botnet ARES,Botnet ARES,0.9942400076709913,0.0,0.0,0.0,0.005759992329008527,0.0,0.0
8803,Web Attack,Web Attack,0.0,0.0,1.4083720890171383e-05,0.0,0.0014186302283242169,6.30767990631958e-05,0.9985042092517221
8804,Web Attack,Web Attack,0.0,0.0,1.4083720890171383e-05,0.0,0.0014052859806130125,6.30767990631958e-05,0.9985175534994335
8805,Botnet ARES,Botnet ARES,0.9920034111262193,0.0,0.0,0.0,0.007996588873780568,0.0,0.0
8806,Web Attack,Web Attack,0.0,0.0,1.4083720890171383e-05,0.0,0.0014186302283242169,6.30767990631958e-05,0.9985042092517221
8807,Botnet ARES,Botnet ARES,0.9928105638377929,0.0,0.0,0.0,0.007189436162206884,0.0,0.0
8808,Botnet ARES,Botnet ARES,0.9841362937284654,0.0,0.0,0.0,0.01586370627153445,0.0,0.0
8809,Botnet ARES,Botnet ARES,0.9943482769487144,0.0,0.0,0.0,0.005651723051285312,0.0,0.0
8810,Web Attack,Web Attack,0.0,0.0,1.4083720890171383e-05,0.0,0.0014084435075517265,6.30767990631958e-05,0.9985143959724947
8811,Botnet ARES,Botnet ARES,1.0,0.0,0.0,0.0,0.0,0.0,0.0
8812,Botnet ARES,Botnet ARES,0.9974827619008602,0.0,0.0,0.0,0.002517238099139868,0.0,0.0
8813,Web Attack,Web Attack,0.0,0.0,1.4083720890171383e-05,0.0,0.0011901633936420696,5.853123184749522e-05,0.9987372216536202
8814,Web Attack,Web Attack,0.0,0.0,1.4083720890171383e-05,0.0,0.0013977305287910119,6.30767990631958e-05,0.9985251089512555
8815,Web Attack,Web Attack,0.0,0.0,1.4083720890171383e-05,0.0,0.001550279110412039,6.30767990631958e-05,0.9983725603696344
8816,Web Attack,Web Attack,0.0,0.0,1.4083720890171383e-05,0.0,0.0014186302283242169,6.30767990631958e-05,0.9985042092517221
8817,Web Attack,Web Attack,0.0,0.0,1.4083720890171383e-05,0.0,0.001550279110412039,6.30767990631958e-05,0.9983725603696344
8818,Web Attack,Web Attack,0.0,0.0,1.4083720890171383e-05,0.0,0.0151188623452032,6.30767990631958e-05,0.9848039771348432
8819,Botnet ARES,Botnet ARES,0.9883689417160854,0.0,0.0,0.0,0.011631058283914452,0.0,0.0
8820,Botnet ARES,Botnet ARES,0.9908574429365224,0.0,0.0,0.0,0.009142557063477419,0.0,0.0
8821,Web Attack,Web Attack,0.0,0.0,0.0,0.0,0.0,0.0,1.0
8822,Web Attack,Web Attack,0.0,0.0,0.0,0.0,0.0,0.0,1.0
8823,Botnet ARES,Botnet ARES,1.0,0.0,0.0,0.0,0.0,0.0,0.0
8824,Web Attack,Web Attack,0.0,0.08214617663514426,0.004118773383477628,0.0,0.05290074400348319,0.0001145531263250645,0.8607197528515701
8825,Botnet ARES,Botnet ARES,0.9921292868477377,0.0,0.0,0.0,0.007870713152261967,0.0,0.0
8826,Botnet ARES,Botnet ARES,0.9928872822686376,0.0,0.0,0.0,0.00711271773136216,0.0,0.0
8827,Botnet ARES,Botnet ARES,0.994465925907663,0.0,0.0,0.0,0.005534074092336643,0.0,0.0
8828,Web Attack,Web Attack,0.0,0.0,1.4083720890171383e-05,0.0,0.0011901633936420696,5.853123184749522e-05,0.9987372216536202
8829,Botnet ARES,Botnet ARES,0.9219353942391464,0.0,0.01,0.009969476402911482,0.05809512935794217,0.0,0.0
8830,Botnet ARES,Botnet ARES,1.0,0.0,0.0,0.0,0.0,0.0,0.0
8831,Web Attack,Web Attack,0.0,0.0,1.4083720890171383e-05,0.0,0.0010767330448849778,5.853123184749522e-05,0.9988506520023772
8832,Web Attack,Web Attack,0.0,0.0,1.4083720890171383e-05,0.0,0.0014052859806130125,6.30767990631958e-05,0.9985175534994335
8833,Botnet ARES,Botnet ARES,0.9941259566131372,0.0,0.0,0.0,0.005874043386862775,0.0,0.0
8834,Web Attack,Web Attack,0.0,0.0,0.0,0.0,0.0,0.0,1.0
8835,Botnet ARES,Botnet ARES,1.0,0.0,0.0,0.0,0.0,0.0,0.0
8836,Botnet ARES,Botnet ARES,1.0,0.0,0.0,0.0,0.0,0.0,0.0
8837,Web Attack,Web Attack,0.0,0.0,0.0,0.0,0.0,0.0,1.0
8838,Botnet ARES,Botnet ARES,0.9883689417160854,0.0,0.0,0.0,0.011631058283914452,0.0,0.0
8839,Web Attack,Web Attack,0.0,0.0,1.4083720890171383e-05,0.0,0.0014186302283242169,6.30767990631958e-05,0.9985042092517221
8840,Botnet ARES,Botnet ARES,0.9712393808004862,0.0,0.0,0.0,0.028760619199513626,0.0,0.0
8841,Web Attack,Web Attack,0.0,0.024754247307554062,0.1977840375500514,0.0,0.1188606948708289,0.010838800040511305,0.6477622202310543
8842,Web Attack,Web Attack,0.0,0.0,1.4083720890171383e-05,0.0,0.001550279110412039,6.30767990631958e-05,0.9983725603696344
8843,Web Attack,Web Attack,0.0,0.0,0.0,0.0,0.0,0.0,1.0
8844,Botnet ARES,Botnet ARES,0.9939435162473415,0.0,0.0,0.0,0.006056483752658327,0.0,0.0
8845,Web Attack,Web Attack,0.0,0.0,0.00037835696295667425,0.0,0.014687970386180216,0.0,0.9849336726508632
8846,Botnet ARES,Botnet ARES,1.0,0.0,0.0,0.0,0.0,0.0,0.0
8847,Web Attack,Web Attack,0.0,0.0,1.4083720890171383e-05,0.0,0.001344424375867432,0.00011614221844780474,0.9985253496847944
8848,Botnet ARES,Botnet ARES,0.9901431266278615,0.0,0.0,0.0,0.00985687337213814,0.0,0.0
8849,Web Attack,Web Attack,0.0,0.0,1.4083720890171383e-05,0.0,0.0010767330448849778,5.853123184749522e-05,0.9988506520023772
8850,Botnet ARES,Botnet ARES,1.0,0.0,0.0,0.0,0.0,0.0,0.0
8851,Web Attack,Web Attack,0.0,0.0,1.4083720890171383e-05,0.0,0.0014052859806130125,0.0017347185901079724,0.9968459117083888
8852,Web Attack,Web Attack,0.0,0.0,1.4083720890171383e-05,0.0,0.0012636372494429348,0.00011159665123210415,0.9986106823784346
8853,Botnet ARES,Botnet ARES,1.0,0.0,0.0,0.0,0.0,0.0,0.0
8854,Botnet ARES,Botnet ARES,1.0,0.0,0.0,0.0,0.0,0.0,0.0
8855,Botnet ARES,Botnet ARES,1.0,0.0,0.0,0.0,0.0,0.0,0.0
8856,Web Attack,Web Attack,0.0,0.0,1.4083720890171383e-05,0.0,0.0014186302283242169,6.30767990631958e-05,0.9985042092517221
8857,Web Attack,Web Attack,0.0,0.0,0.00037835696295667425,0.0,0.03692305014171627,0.0,0.962698592895327
8858,Web Attack,Web Attack,0.0,0.0,1.4083720890171383e-05,0.0,0.0014186302283242169,6.30767990631958e-05,0.9985042092517221
8859,Web Attack,Web Attack,0.0,0.0,1.4083720890171383e-05,0.0,0.001550279110412039,6.30767990631958e-05,0.9983725603696344
8860,Botnet ARES,Botnet ARES,1.0,0.0,0.0,0.0,0.0,0.0,0.0
8861,Botnet ARES,Botnet ARES,0.9943261671593681,0.0,0.0,0.0,0.00567383284063192,0.0,0.0
8862,Botnet ARES,Botnet ARES,0.999774330969387,0.0,0.0,0.0,0.00022566903061300287,0.0,0.0
8863,Web Attack,Web Attack,0.0,0.0,1.4083720890171383e-05,0.0,0.0014084435075517265,6.30767990631958e-05,0.9985143959724947
8864,Web Attack,Web Attack,0.0,0.0,1.4083720890171383e-05,0.0,0.0010767330448849778,5.853123184749522e-05,0.9988506520023772
8865,Web Attack,Web Attack,0.0,0.0,1.4083720890171383e-05,0.0,0.0017700433773855779,6.30767990631958e-05,0.9981527961026608
8866,Web Attack,Web Attack,0.0,0.0,0.0,0.0,0.0,0.0,1.0
8867,Botnet ARES,Botnet ARES,1.0,0.0,0.0,0.0,0.0,0.0,0.0
8868,Botnet ARES,Botnet ARES,1.0,0.0,0.0,0.0,0.0,0.0,0.0
8869,Web Attack,Web Attack,0.0,0.0,1.4083720890171383e-05,0.0,0.0012636372494429348,0.00011159665123210415,0.9986106823784346
8870,Web Attack,Web Attack,0.0,0.0,0.01,0.0,0.007861328964191559,0.0,0.9821386710358085
8871,Web Attack,Web Attack,0.0,0.0,1.4083720890171383e-05,0.0,0.0012636372494429348,0.00011159665123210415,0.9986106823784346
8872,Web Attack,Web Attack,0.0,0.0,1.4083720890171383e-05,0.0,0.0027168164592691513,5.742289220882068e-05,0.9972116769276316
8873,Web Attack,Web Attack,0.0,0.0,1.4083720890171383e-05,0.0,0.0012636372494429348,0.00011159665123210415,0.9986106823784346
8874,Web Attack,Web Attack,0.0,0.0,1.4083720890171383e-05,0.0,0.0014186302283242169,6.30767990631958e-05,0.9985042092517221
8875,Web Attack,Web Attack,0.0,0.09387695398038975,0.0031980670133321437,0.0,0.05851672454329798,0.0,0.8444082544629805
8876,Botnet ARES,Botnet ARES,0.993023830429543,0.0,0.0,0.0,0.006976169570456759,0.0,0.0
8877,Botnet ARES,Botnet ARES,1.0,0.0,0.0,0.0,0.0,0.0,0.0
8878,Botnet ARES,Botnet ARES,0.9824589615462743,0.0,0.0,0.0,0.017541038453725465,0.0,0.0
8879,Web Attack,Web Attack,0.0,0.0,1.4083720890171383e-05,0.0,0.0014186302283242169,6.30767990631958e-05,0.9985042092517221
8880,Web Attack,Web Attack,0.0,0.0,1.4083720890171383e-05,0.0,0.0014186302283242169,6.30767990631958e-05,0.9985042092517221
8881,Web Attack,Web Attack,0.0,0.0,1.4083720890171383e-05,0.0,0.0014186302283242169,6.30767990631958e-05,0.9985042092517221
8882,Web Attack,Web Attack,0.0,0.0,1.4083720890171383e-05,0.0,0.0010767330448849778,5.853123184749522e-05,0.9988506520023772
8883,Web Attack,Web Attack,0.0,0.0,1.4083720890171383e-05,0.0,0.0010767330448849778,5.853123184749522e-05,0.9988506520023772
8884,Web Attack,Web Attack,0.0,0.0,1.4083720890171383e-05,0.0,0.001550279110412039,0.003675518908801745,0.9947601182598959
8885,Botnet ARES,Botnet ARES,0.9489364438638538,0.001252511891965271,0.0,0.0,0.04956252139902283,0.0002485228451580894,0.0
8886,Web Attack,Web Attack,0.0,0.0,1.4083720890171383e-05,0.0,0.0014186302283242169,6.30767990631958e-05,0.9985042092517221
8887,Botnet ARES,Botnet ARES,1.0,0.0,0.0,0.0,0.0,0.0,0.0
8888,Botnet ARES,Botnet ARES,0.9921292868477377,0.0,0.0,0.0,0.007870713152261967,0.0,0.0
8889,Web Attack,Web Attack,0.0,0.0,1.4083720890171383e-05,0.0,0.0013977305287910119,6.30767990631958e-05,0.9985251089512555
8890,Web Attack,Web Attack,0.0,0.0,1.4083720890171383e-05,0.0,0.0017700433773855779,6.30767990631958e-05,0.9981527961026608
8891,Botnet ARES,Botnet ARES,1.0,0.0,0.0,0.0,0.0,0.0,0.0
8892,Web Attack,Web Attack,0.0,0.0,1.4083720890171383e-05,0.0,0.0010767330448849778,5.853123184749522e-05,0.9988506520023772
8893,Botnet ARES,Botnet ARES,1.0,0.0,0.0,0.0,0.0,0.0,0.0
8894,Web Attack,Web Attack,0.0,0.0,1.4083720890171383e-05,0.0,0.0014186302283242169,6.30767990631958e-05,0.9985042092517221
8895,Web Attack,Web Attack,0.0,0.0,1.4083720890171383e-05,0.0,0.0010767330448849778,5.853123184749522e-05,0.9988506520023772
8896,Web Attack,Web Attack,0.0,0.0,1.4083720890171383e-05,0.0,0.0014186302283242169,6.30767990631958e-05,0.9985042092517221
8897,Web Attack,Web Attack,0.0,0.0,0.005151084235683947,0.0,0.026105049998922825,0.0,0.9687438657653934
8898,Web Attack,Web Attack,0.0,0.0,1.4083720890171383e-05,0.0,0.0014186302283242169,6.30767990631958e-05,0.9985042092517221
8899,Botnet ARES,Botnet ARES,0.9928061820531404,0.0,0.0,0.0,0.00719381794685927,0.0,0.0
8900,Web Attack,Web Attack,0.0,0.0,1.4083720890171383e-05,0.0,0.0014186302283242169,6.30767990631958e-05,0.9985042092517221
8901,Botnet ARES,Botnet ARES,0.994465925907663,0.0,0.0,0.0,0.005534074092336643,0.0,0.0
8902,Web Attack,Web Attack,0.0,0.0,1.4083720890171383e-05,0.0,0.0010767330448849778,5.853123184749522e-05,0.9988506520023772
8903,Web Attack,Web Attack,0.0,0.0,0.0,0.0,0.0,0.0,1.0
8904,Web Attack,Web Attack,0.0,0.0,1.4083720890171383e-05,0.0,0.0013977305287910119,6.30767990631958e-05,0.9985251089512555
8905,Botnet ARES,Botnet ARES,0.9939016401103978,0.0,0.0,0.0,0.006098359889602057,0.0,0.0
8906,Botnet ARES,Botnet ARES,0.99,0.0,0.0,0.0,0.01,0.0,0.0
8907,Web Attack,Web Attack,0.0,0.0,0.0,0.0,0.0,0.0,1.0
8908,Botnet ARES,Botnet ARES,0.994465925907663,0.0,0.0,0.0,0.005534074092336643,0.0,0.0
8909,Web Attack,Web Attack,0.0,0.0,1.4083720890171383e-05,0.0,0.0012636372494429348,0.00011159665123210415,0.9986106823784346
8910,Web Attack,Web Attack,0.0,0.0,1.4083720890171383e-05,0.0,0.0014186302283242169,6.30767990631958e-05,0.9985042092517221
8911,Web Attack,Web Attack,0.0,0.0,1.4083720890171383e-05,0.0,0.0017700433773855779,6.30767990631958e-05,0.9981527961026608
8912,Web Attack,Web Attack,0.0,0.0,0.00037835696295667425,0.0,0.0,0.0,0.9996216430370433
8913,Web Attack,Web Attack,0.0,0.0,0.0,0.0,0.0009006995024158072,0.0,0.9990993004975841
8914,Web Attack,Web Attack,0.0,0.0,1.4083720890171383e-05,0.0,0.001550279110412039,6.30767990631958e-05,0.9983725603696344
8915,Botnet ARES,Botnet ARES,1.0,0.0,0.0,0.0,0.0,0.0,0.0
8916,Web Attack,Web Attack,0.0,0.0,1.4083720890171383e-05,0.0,0.0013977305287910119,6.30767990631958e-05,0.9985251089512555
8917,Botnet ARES,Botnet ARES,0.9119353942391464,0.0,0.01,0.009969476402911482,0.06809512935794217,0.0,0.0
8918,Web Attack,Web Attack,0.0,0.0,1.4083720890171383e-05,0.0,0.0014186302283242169,6.30767990631958e-05,0.9985042092517221
8919,Web Attack,Web Attack,0.0,0.0,1.4083720890171383e-05,0.0,0.001344424375867432,0.00011614221844780474,0.9985253496847944
8920,Botnet ARES,Botnet ARES,1.0,0.0,0.0,0.0,0.0,0.0,0.0
8921,Botnet ARES,Botnet ARES,1.0,0.0,0.0,0.0,0.0,0.0,0.0
8922,Web Attack,Web Attack,0.0,0.0,1.4083720890171383e-05,0.0,0.0010767330448849778,5.853123184749522e-05,0.9988506520023772
8923,Web Attack,Web Attack,0.0,0.0,1.4083720890171383e-05,0.0,0.00438811628891018,6.30767990631958e-05,0.9955347231911362
8924,Botnet ARES,Botnet ARES,0.9872543036171966,0.0,0.0,0.0,0.01274569638280318,0.0,0.0
8925,Web Attack,Web Attack,0.0,0.0,1.4083720890171383e-05,0.0,0.0010767330448849778,5.853123184749522e-05,0.9988506520023772
8926,Web Attack,Web Attack,0.0,0.1654402873650613,0.0032307240087288995,0.0,0.06673728164720047,0.0,0.7645917069790096
8927,Botnet ARES,Botnet ARES,1.0,0.0,0.0,0.0,0.0,0.0,0.0
8928,Botnet ARES,Botnet ARES,1.0,0.0,0.0,0.0,0.0,0.0,0.0
8929,Web Attack,Web Attack,0.0,0.0,1.4083720890171383e-05,0.0,0.0010767330448849778,5.853123184749522e-05,0.9988506520023772
8930,Web Attack,Web Attack,0.0,0.0,1.4083720890171383e-05,0.0,0.0014186302283242169,6.30767990631958e-05,0.9985042092517221
8931,Web Attack,Web Attack,0.0,0.0,1.4083720890171383e-05,0.0,0.0014186302283242169,6.30767990631958e-05,0.9985042092517221
8932,Botnet ARES,Botnet ARES,1.0,0.0,0.0,0.0,0.0,0.0,0.0
8933,Web Attack,Web Attack,0.0,0.0,1.4083720890171383e-05,0.0,0.0014052859806130125,6.30767990631958e-05,0.9985175534994335
8934,Botnet ARES,Botnet ARES,1.0,0.0,0.0,0.0,0.0,0.0,0.0
8935,Botnet ARES,Botnet ARES,0.9921174621840734,0.0,0.0,0.0,0.00788253781592632,0.0,0.0
8936,Web Attack,Web Attack,0.0,0.0,0.0,0.0,0.0009006995024158072,0.0,0.9990993004975841
8937,Botnet ARES,Botnet ARES,1.0,0.0,0.0,0.0,0.0,0.0,0.0
8938,Botnet ARES,Botnet ARES,1.0,0.0,0.0,0.0,0.0,0.0,0.0
8939,Botnet ARES,Botnet ARES,1.0,0.0,0.0,0.0,0.0,0.0,0.0
8940,Web Attack,Web Attack,0.0,0.09387695398038975,0.013198067013332147,0.0,0.04786387470082125,0.0,0.8450611043054573
8941,Web Attack,Web Attack,0.0,0.0,1.4083720890171383e-05,0.0,0.009365289420929608,0.00011159665123210415,0.990509030206948
8942,Botnet ARES,Botnet ARES,1.0,0.0,0.0,0.0,0.0,0.0,0.0
8943,Botnet ARES,Botnet ARES,1.0,0.0,0.0,0.0,0.0,0.0,0.0
8944,Botnet ARES,Botnet ARES,1.0,0.0,0.0,0.0,0.0,0.0,0.0
8945,Web Attack,Web Attack,0.0,0.0,1.4083720890171383e-05,0.0,0.0010767330448849778,5.853123184749522e-05,0.9988506520023772
8946,Web Attack,Web Attack,0.0,0.05365090375596972,0.004118773383477628,0.0,0.06332918429291229,0.0001145531263250645,0.8787865854413158
8947,Web Attack,Web Attack,0.0,0.0,1.4083720890171383e-05,0.0,0.0014186302283242169,6.30767990631958e-05,0.9985042092517221
8948,Web Attack,Web Attack,0.0,0.0,1.4083720890171383e-05,0.0,0.0010767330448849778,5.853123184749522e-05,0.9988506520023772
8949,Web Attack,Web Attack,0.0,0.11940420870487062,0.0031980670133321437,0.0,0.04915291934121062,0.0,0.828244804940587
8950,Web Attack,Web Attack,0.0,0.0,1.4083720890171383e-05,0.0,0.0011901633936420696,5.853123184749522e-05,0.9987372216536202
8951,Botnet ARES,Botnet ARES,0.9931852763228742,0.0,0.0,0.0,0.006814723677125565,0.0,0.0
8952,Web Attack,Web Attack,0.0,0.0,0.0,0.0,0.0,0.0,1.0
8953,Botnet ARES,Botnet ARES,0.9926250149159696,0.0,0.0,0.0,0.007374985084030125,0.0,0.0
8954,Web Attack,Web Attack,0.0,0.0,0.0,0.0,0.0,0.0,1.0
8955,Web Attack,Web Attack,0.0,0.0,1.4083720890171383e-05,0.0,0.0014119945962276126,6.30767990631958e-05,0.9985108448838189
8956,Web Attack,Web Attack,0.0,0.0,0.0,0.0,0.0009006995024158072,0.0,0.9990993004975841
8957,Botnet ARES,Botnet ARES,1.0,0.0,0.0,0.0,0.0,0.0,0.0
8958,Botnet ARES,Botnet ARES,0.9931852763228742,0.0,0.0,0.0,0.006814723677125565,0.0,0.0
8959,Botnet ARES,Botnet ARES,0.999774330969387,0.0,0.0,0.0,0.00022566903061300287,0.0,0.0
8960,Botnet ARES,Botnet ARES,0.9944979948240131,0.0,0.0,0.0,0.0055020051759867164,0.0,0.0
8961,Web Attack,Web Attack,0.0,0.0,1.4083720890171383e-05,0.0,0.0014186302283242169,6.30767990631958e-05,0.9985042092517221
8962,Web Attack,Web Attack,0.0,0.0,1.4083720890171383e-05,0.0,0.0013977305287910119,6.30767990631958e-05,0.9985251089512555
8963,Botnet ARES,Botnet ARES,1.0,0.0,0.0,0.0,0.0,0.0,0.0
8964,Botnet ARES,Botnet ARES,0.994465925907663,0.0,0.0,0.0,0.005534074092336643,0.0,0.0
8965,Botnet ARES,Botnet ARES,0.999774330969387,0.0,0.0,0.0,0.00022566903061300287,0.0,0.0
8966,Botnet ARES,Botnet ARES,1.0,0.0,0.0,0.0,0.0,0.0,0.0
8967,Web Attack,Web Attack,0.0,0.0,1.4083720890171383e-05,0.0,0.0014186302283242169,6.30767990631958e-05,0.9985042092517221
8968,Web Attack,Web Attack,0.0,0.0,1.4083720890171383e-05,0.0,0.0010767330448849778,5.853123184749522e-05,0.9988506520023772
8969,Web Attack,Web Attack,0.0,0.04961690537702396,0.004118773383477628,0.0,0.05833550354672803,0.0001145531263250645,0.8878142645664459
8970,Botnet ARES,Botnet ARES,0.9942926239028383,0.0,0.0,0.0,0.005707376097161472,0.0,0.0
8971,Web Attack,Web Attack,0.0,0.0,1.4083720890171383e-05,0.0,0.0036412593553728496,6.30767990631958e-05,0.9962815801246735
8972,Botnet ARES,Botnet ARES,0.9944979948240131,0.0,0.0,0.0,0.0055020051759867164,0.0,0.0
8973,Botnet ARES,Botnet ARES,0.9944979948240131,0.0,0.0,0.0,0.0055020051759867164,0.0,0.0
8974,Web Attack,Web Attack,0.0,0.0,1.4083720890171383e-05,0.0,0.0017700433773855779,6.30767990631958e-05,0.9981527961026608
8975,Botnet ARES,Botnet ARES,0.9939016401103978,0.0,0.0,0.0,0.006098359889602057,0.0,0.0
8976,Web Attack,Web Attack,0.0,0.0,1.4083720890171383e-05,0.0,0.0014186302283242169,6.30767990631958e-05,0.9985042092517221
8977,Botnet ARES,Botnet ARES,1.0,0.0,0.0,0.0,0.0,0.0,0.0
8978,Botnet ARES,Botnet ARES,0.9939016401103978,0.0,0.0,0.0,0.006098359889602057,0.0,0.0
8979,Botnet ARES,Botnet ARES,0.9931461513476666,0.0,0.0,0.0,0.006853848652333139,0.0,0.0
8980,Web Attack,Web Attack,0.0,0.0,1.4083720890171383e-05,0.0,0.0013977305287910119,6.30767990631958e-05,0.9985251089512555
8981,Botnet ARES,Botnet ARES,0.9658956778069284,0.0,0.0,0.0,0.034104322193071634,0.0,0.0
8982,Botnet ARES,Botnet ARES,1.0,0.0,0.0,0.0,0.0,0.0,0.0
8983,Botnet ARES,Botnet ARES,0.9968657774358327,0.0,0.0020451552210724363,0.0,0.0010890673430948184,0.0,0.0
8984,Botnet ARES,Botnet ARES,1.0,0.0,0.0,0.0,0.0,0.0,0.0
8985,Web Attack,Web Attack,0.0,0.0,1.4083720890171383e-05,0.0,0.0014186302283242169,6.30767990631958e-05,0.9985042092517221
8986,Web Attack,Web Attack,0.0,0.0,1.4083720890171383e-05,0.0,0.0010767330448849778,5.853123184749522e-05,0.9988506520023772
8987,Web Attack,Web Attack,0.0,0.0,1.4083720890171383e-05,0.0,0.001550279110412039,6.30767990631958e-05,0.9983725603696344
8988,Botnet ARES,Botnet ARES,0.9944979948240131,0.0,0.0,0.0,0.0055020051759867164,0.0,0.0
8989,Botnet ARES,Botnet ARES,0.999774330969387,0.0,0.0,0.0,0.00022566903061300287,0.0,0.0
8990,Web Attack,Web Attack,0.0013157188142066236,0.08498044967600425,0.0031980670133321437,0.0,0.07236187253046074,0.0,0.8381438919659966
8991,Botnet ARES,Botnet ARES,1.0,0.0,0.0,0.0,0.0,0.0,0.0
8992,Botnet ARES,Botnet ARES,1.0,0.0,0.0,0.0,0.0,0.0,0.0
8993,Web Attack,Web Attack,0.0,0.0,1.4083720890171383e-05,0.0,0.009940172264662223,6.30767990631958e-05,0.9899826672153843
8994,Web Attack,Web Attack,0.0,0.0,1.4083720890171383e-05,0.0,0.0013977305287910119,6.30767990631958e-05,0.9985251089512555
8995,Web Attack,Web Attack,0.0,0.0,1.4083720890171383e-05,0.0,0.001550279110412039,6.30767990631958e-05,0.9983725603696344
8996,Web Attack,Web Attack,0.0,0.0,1.4083720890171383e-05,0.0,0.0014186302283242169,6.30767990631958e-05,0.9985042092517221
8997,Web Attack,Web Attack,0.0,0.0,1.4083720890171383e-05,0.0,0.0010767330448849778,5.853123184749522e-05,0.9988506520023772
8998,Botnet ARES,Botnet ARES,1.0,0.0,0.0,0.0,0.0,0.0,0.0
8999,Botnet ARES,Botnet ARES,0.9924741127423644,0.0,0.0,0.0,0.007525887257635478,0.0,0.0
9000,Botnet ARES,Botnet ARES,0.9974827619008602,0.0,0.0,0.0,0.002517238099139868,0.0,0.0
9001,Web Attack,Web Attack,0.0,0.0,1.4083720890171383e-05,0.0,0.0013872884381312548,6.30767990631958e-05,0.9985355510419153
9002,Botnet ARES,Botnet ARES,1.0,0.0,0.0,0.0,0.0,0.0,0.0
9003,Botnet ARES,Botnet ARES,0.999774330969387,0.0,0.0,0.0,0.00022566903061300287,0.0,0.0
9004,Botnet ARES,Botnet ARES,1.0,0.0,0.0,0.0,0.0,0.0,0.0
9005,Web Attack,Web Attack,0.0,0.010028197693846703,0.0,0.019622792770407224,0.028003630190183575,0.0,0.9423453793455626
9006,Botnet ARES,Botnet ARES,1.0,0.0,0.0,0.0,0.0,0.0,0.0
9007,Botnet ARES,Botnet ARES,1.0,0.0,0.0,0.0,0.0,0.0,0.0
9008,Botnet ARES,Botnet ARES,0.9058705719287697,0.0,0.01,0.009969476402911482,0.07415995166831892,0.0,0.0
9009,Botnet ARES,Botnet ARES,0.9943482769487144,0.0,0.0,0.0,0.005651723051285312,0.0,0.0
9010,Botnet ARES,Botnet ARES,0.9899637671805963,0.0,0.0,0.009837328767123288,0.00019890405228044472,0.0,0.0
9011,Botnet ARES,Botnet ARES,0.9996696914371873,0.0,0.0,0.0,0.0003303085628127412,0.0,0.0
9012,Botnet ARES,Botnet ARES,1.0,0.0,0.0,0.0,0.0,0.0,0.0
9013,Botnet ARES,Botnet ARES,0.9944979948240131,0.0,0.0,0.0,0.0055020051759867164,0.0,0.0
9014,Botnet ARES,Botnet ARES,1.0,0.0,0.0,0.0,0.0,0.0,0.0
9015,Botnet ARES,Botnet ARES,0.999774330969387,0.0,0.0,0.0,0.00022566903061300287,0.0,0.0
9016,Web Attack,Web Attack,0.0,0.0,0.0,0.0,0.0,0.0,1.0
9017,Botnet ARES,Botnet ARES,0.999774330969387,0.0,0.0,0.0,0.00022566903061300287,0.0,0.0
9018,Botnet ARES,Botnet ARES,0.9978309169647901,0.0,0.0,0.0,0.0021690830352099413,0.0,0.0
9019,Web Attack,Web Attack,0.0,0.0,1.4083720890171383e-05,0.0,0.0010767330448849778,5.853123184749522e-05,0.9988506520023772
9020,Botnet ARES,Botnet ARES,0.999774330969387,0.0,0.0,0.0,0.00022566903061300287,0.0,0.0
9021,Web Attack,Web Attack,0.0,0.0,1.4083720890171383e-05,0.0,0.0014084435075517265,6.30767990631958e-05,0.9985143959724947
9022,Web Attack,Web Attack,0.0,0.0,1.4083720890171383e-05,0.0,0.0012636372494429348,0.00011159665123210415,0.9986106823784346
9023,Web Attack,Web Attack,0.0,0.0,1.4083720890171383e-05,0.0,0.0014084435075517265,6.30767990631958e-05,0.9985143959724947
9024,Botnet ARES,Botnet ARES,0.9925259765984521,0.0,0.0,0.0,0.007474023401547588,0.0,0.0
9025,Botnet ARES,Botnet ARES,0.9906104481560175,0.0,0.0,0.0,0.00938955184398243,0.0,0.0
9026,Web Attack,Web Attack,0.0,0.0,1.4083720890171383e-05,0.0,0.0014186302283242169,6.30767990631958e-05,0.9985042092517221
9027,Web Attack,Web Attack,0.0,0.0,1.4083720890171383e-05,0.0,0.0014186302283242169,6.30767990631958e-05,0.9985042092517221
9028,Botnet ARES,Botnet ARES,0.993023830429543,0.0,0.0,0.0,0.006976169570456759,0.0,0.0
9029,Web Attack,Web Attack,0.0,0.0,0.0,0.0,0.0,0.0,1.0
9030,Web Attack,Web Attack,0.0,0.0,1.4083720890171383e-05,0.0,0.0014186302283242169,6.30767990631958e-05,0.9985042092517221
9031,Web Attack,Web Attack,0.0,0.0,1.4083720890171383e-05,0.0,0.006229583703177083,0.005145650197497957,0.9886106823784346
9032,Infiltration,Infiltration,0.0,0.0,0.013368338375708149,0.8096176834399311,0.16075487849635,0.01,0.006259099688010698
9033,Botnet ARES,Botnet ARES,0.9996696914371873,0.0,0.0,0.0,0.0003303085628127412,0.0,0.0
9034,Botnet ARES,Botnet ARES,0.9996696914371873,0.0,0.0,0.0,0.0003303085628127412,0.0,0.0
9035,Botnet ARES,Botnet ARES,1.0,0.0,0.0,0.0,0.0,0.0,0.0
9036,Botnet ARES,Botnet ARES,1.0,0.0,0.0,0.0,0.0,0.0,0.0
9037,Web Attack,Web Attack,0.0,0.0,1.4083720890171383e-05,0.0,0.0014052859806130125,6.30767990631958e-05,0.9985175534994335
9038,Botnet ARES,Botnet ARES,0.9841694344840134,0.0,0.0,0.0,0.015830565515986446,0.0,0.0
9039,Web Attack,Web Attack,0.0,0.0,1.4083720890171383e-05,0.0,0.001550279110412039,6.30767990631958e-05,0.9983725603696344
9040,Web Attack,Web Attack,0.0,0.0,0.0,0.0,0.00554512996182424,0.0,0.9944548700381758
9041,Botnet ARES,Botnet ARES,1.0,0.0,0.0,0.0,0.0,0.0,0.0
9042,Web Attack,Web Attack,0.0,0.11023797462144072,0.0031980670133321437,0.0,0.055654319132084254,0.0,0.8309096392331433
9043,Web Attack,Web Attack,0.0,0.08021996442530527,0.004118773383477628,0.0,0.043166081311885,0.0001145531263250645,0.8723806277530073
9044,Botnet ARES,Botnet ARES,0.9924741127423644,0.0,0.0,0.0,0.007525887257635478,0.0,0.0
9045,Botnet ARES,Botnet ARES,0.9944423417781368,0.0,0.0,0.0,0.005557658221862875,0.0,0.0
9046,Web Attack,Web Attack,0.0,0.0,1.4083720890171383e-05,0.0,0.0014052859806130125,6.30767990631958e-05,0.9985175534994335
9047,Botnet ARES,Botnet ARES,0.9944423417781368,0.0,0.0,0.0,0.005557658221862875,0.0,0.0
9048,Web Attack,Web Attack,0.0,0.0,1.4083720890171383e-05,0.0,0.0013872884381312548,6.30767990631958e-05,0.9985355510419153
9049,Botnet ARES,Botnet ARES,0.9996696914371873,0.0,0.0,0.0,0.0003303085628127412,0.0,0.0
9050,Botnet ARES,Botnet ARES,1.0,0.0,0.0,0.0,0.0,0.0,0.0
9051,Botnet ARES,Botnet ARES,0.9714112084651313,0.0,0.0,0.0,0.02858879153486842,0.0,0.0
9052,Botnet ARES,Botnet ARES,0.999774330969387,0.0,0.0,0.0,0.00022566903061300287,0.0,0.0
9053,Web Attack,Web Attack,0.0,0.0,1.4083720890171383e-05,0.0,0.0010767330448849778,5.853123184749522e-05,0.9988506520023772
9054,Web Attack,Web Attack,0.0,0.0,1.4083720890171383e-05,0.0,0.0014186302283242169,6.30767990631958e-05,0.9985042092517221
9055,Web Attack,Web Attack,0.0,0.0,1.4083720890171383e-05,0.0,0.0010767330448849778,5.853123184749522e-05,0.9988506520023772
9056,Web Attack,Web Attack,0.0,0.0,1.4083720890171383e-05,0.0,0.003803891229282493,6.30767990631958e-05,0.9961189482507641
9057,Web Attack,Web Attack,0.0,0.0,1.4083720890171383e-05,0.0,0.003647894987469454,6.30767990631958e-05,0.9962749444925771
9058,Web Attack,Web Attack,0.0,0.0,1.4083720890171383e-05,0.0,0.0014119945962276126,6.30767990631958e-05,0.9985108448838189
9059,Botnet ARES,Botnet ARES,1.0,0.0,0.0,0.0,0.0,0.0,0.0
9060,Botnet ARES,Botnet ARES,1.0,0.0,0.0,0.0,0.0,0.0,0.0
9061,Web Attack,Web Attack,0.0,0.0,1.4083720890171383e-05,0.0,0.0010767330448849778,5.853123184749522e-05,0.9988506520023772
9062,Web Attack,Web Attack,0.0,0.0,1.4083720890171383e-05,0.0,0.001550279110412039,6.30767990631958e-05,0.9983725603696344
9063,Web Attack,Web Attack,0.0,0.0,1.4083720890171383e-05,0.0,0.0010767330448849778,5.853123184749522e-05,0.9988506520023772
9064,Web Attack,Web Attack,0.0,0.0,1.4083720890171383e-05,0.0,0.0014119945962276126,6.30767990631958e-05,0.9985108448838189
9065,Web Attack,Web Attack,0.0,0.0,0.0,0.0,0.01,0.0,0.99
9066,Web Attack,Web Attack,0.0,0.061675334349247414,0.0034598891941967067,0.0,0.0573930602668942,0.0,0.8774717161896624
9067,Web Attack,Web Attack,0.0,0.0,1.4083720890171383e-05,0.0,0.001550279110412039,6.30767990631958e-05,0.9983725603696344
9068,Botnet ARES,Botnet ARES,0.9942400076709913,0.0,0.0,0.0,0.005759992329008527,0.0,0.0
9069,Web Attack,Web Attack,0.0,0.0,1.4083720890171383e-05,0.0,0.0012636372494429348,0.00011159665123210415,0.9986106823784346
9070,Botnet ARES,Botnet ARES,1.0,0.0,0.0,0.0,0.0,0.0,0.0
9071,Botnet ARES,Botnet ARES,1.0,0.0,0.0,0.0,0.0,0.0,0.0
9072,Web Attack,Web Attack,0.0,0.0,1.4083720890171383e-05,0.0,0.0010767330448849778,5.853123184749522e-05,0.9988506520023772
9073,Botnet ARES,Botnet ARES,0.9641561080868556,0.001252511891965271,0.0,0.0,0.034342857176020904,0.0002485228451580894,0.0
9074,Botnet ARES,Botnet ARES,0.999774330969387,0.0,0.0,0.0,0.00022566903061300287,0.0,0.0
9075,Web Attack,Web Attack,0.0,0.0,1.4083720890171383e-05,0.0,0.0014186302283242169,6.30767990631958e-05,0.9985042092517221
9076,Botnet ARES,Botnet ARES,1.0,0.0,0.0,0.0,0.0,0.0,0.0
9077,Web Attack,Web Attack,0.0,0.0,1.4083720890171383e-05,0.0,0.003044820864333942,6.30767990631958e-05,0.9968780186157125
9078,Web Attack,Web Attack,0.0,0.0,1.4083720890171383e-05,0.0,0.002706589267817349,6.30767990631958e-05,0.9972162502122291
9079,Web Attack,Web Attack,0.0,0.0,1.4083720890171383e-05,0.0,0.0014186302283242169,6.30767990631958e-05,0.9985042092517221
9080,Web Attack,Web Attack,0.0,0.0,1.4083720890171383e-05,0.0,0.006130803448057428,6.30767990631958e-05,0.9937920360319891
9081,Web Attack,Web Attack,0.0,0.0,1.4083720890171383e-05,0.0,0.0012636372494429348,0.00011159665123210415,0.9986106823784346
9082,Web Attack,Web Attack,0.0,0.0,1.4083720890171383e-05,0.0,0.0014119945962276126,6.30767990631958e-05,0.9985108448838189
9083,Web Attack,Web Attack,0.0,0.0,1.4083720890171383e-05,0.0,0.0010767330448849778,5.853123184749522e-05,0.9988506520023772
9084,Botnet ARES,Botnet ARES,0.7821509179201499,0.0,0.01,0.009748322147651005,0.196576259024758,0.0015245009074410165,0.0
9085,Botnet ARES,Botnet ARES,1.0,0.0,0.0,0.0,0.0,0.0,0.0
9086,Web Attack,Web Attack,0.0,0.0,1.4083720890171383e-05,0.0,0.001344424375867432,0.00011614221844780474,0.9985253496847944
9087,Web Attack,Web Attack,0.0,0.0,1.4083720890171383e-05,0.0,0.0014052859806130125,6.30767990631958e-05,0.9985175534994335
9088,Botnet ARES,Botnet ARES,1.0,0.0,0.0,0.0,0.0,0.0,0.0
9089,Botnet ARES,Botnet ARES,1.0,0.0,0.0,0.0,0.0,0.0,0.0
9090,Botnet ARES,Botnet ARES,0.999774330969387,0.0,0.0,0.0,0.00022566903061300287,0.0,0.0
9091,Web Attack,Dos/DDos,0.0,0.08667755341406364,0.3891987414969565,0.0,0.36710338717040647,0.04456289434770538,0.11245742357086792
9092,Web Attack,Web Attack,0.0,0.0,1.4083720890171383e-05,0.0,0.0014186302283242169,6.30767990631958e-05,0.9985042092517221
9093,Web Attack,Web Attack,0.0,0.0,1.4083720890171383e-05,0.0,0.0010767330448849778,5.853123184749522e-05,0.9988506520023772
9094,Web Attack,Web Attack,0.0,0.0,1.4083720890171383e-05,0.0,0.0014084435075517265,6.30767990631958e-05,0.9985143959724947
9095,Web Attack,Web Attack,0.0,0.0,1.4083720890171383e-05,0.0,0.0014186302283242169,6.30767990631958e-05,0.9985042092517221
9096,Botnet ARES,Botnet ARES,0.999774330969387,0.0,0.0,0.0,0.00022566903061300287,0.0,0.0
9097,Web Attack,Web Attack,0.0,0.0,1.4083720890171383e-05,0.0,0.0014186302283242169,6.30767990631958e-05,0.9985042092517221
9098,Botnet ARES,Botnet ARES,1.0,0.0,0.0,0.0,0.0,0.0,0.0
9099,Botnet ARES,Botnet ARES,0.9996696914371873,0.0,0.0,0.0,0.0003303085628127412,0.0,0.0
9100,Web Attack,Web Attack,0.0,0.0,1.4083720890171383e-05,0.0,0.0014084435075517265,6.30767990631958e-05,0.9985143959724947
9101,Botnet ARES,Botnet ARES,0.9876968582160872,0.0,0.0,0.0,0.012303141783912681,0.0,0.0
9102,Botnet ARES,Botnet ARES,0.9944979948240131,0.0,0.0,0.0,0.0055020051759867164,0.0,0.0
9103,Web Attack,Web Attack,0.0,0.1156811857680302,0.0034598891941967067,0.0,0.04774304961995418,0.0,0.8331158754178193
9104,Botnet ARES,Botnet ARES,1.0,0.0,0.0,0.0,0.0,0.0,0.0
9105,Botnet ARES,Botnet ARES,0.9922392276556178,0.0,0.0,0.0,0.007760772344381868,0.0,0.0
9106,Web Attack,Web Attack,0.0,0.0,1.4083720890171383e-05,0.0,0.0014052859806130125,6.30767990631958e-05,0.9985175534994335
9107,Botnet ARES,Botnet ARES,0.9944423417781368,0.0,0.0,0.0,0.005557658221862875,0.0,0.0
9108,Web Attack,Web Attack,0.0,0.0,1.4083720890171383e-05,0.0,0.001550279110412039,6.30767990631958e-05,0.9983725603696344
9109,Web Attack,Web Attack,0.0,0.0,1.4083720890171383e-05,0.0,0.0014084435075517265,6.30767990631958e-05,0.9985143959724947
9110,Botnet ARES,Normal,0.2803601336795335,0.00020904546153226817,0.0,0.0,0.7181918868966608,0.0,0.0012389339622734293
9111,Botnet ARES,Botnet ARES,0.994465925907663,0.0,0.0,0.0,0.005534074092336643,0.0,0.0
9112,Web Attack,Web Attack,0.0,0.0,1.4083720890171383e-05,0.0,0.0025786720712372823,0.00011159665123210415,0.9972956475566405
9113,Botnet ARES,Botnet ARES,0.999774330969387,0.0,0.0,0.0,0.00022566903061300287,0.0,0.0
