row_id,true_label,predicted_label,prob_Attack,prob_Benign
0,Benign,Benign,0.0,1.0
1,Benign,Benign,0.0,1.0
2,Benign,Benign,0.0,1.0
3,Benign,Benign,0.0,1.0
4,Benign,Benign,0.0,1.0
5,Benign,Benign,0.0,1.0
6,Benign,Benign,0.0,1.0
7,Benign,Benign,0.0,1.0
8,Benign,Benign,0.0193150265520854,0.9806849734479147
9,Benign,Benign,0.2893544295306974,0.7106455704693028
10,Benign,Benign,0.1595097745093515,0.8404902254906486
11,Benign,Benign,0.11921928835633702,0.8807807116436631
12,Benign,Benign,0.0193150265520854,0.9806849734479147
13,Benign,Benign,0.009525723472668866,0.9904742765273312
14,Benign,Benign,0.0193150265520854,0.9806849734479147
15,Benign,Benign,0.009525723472668866,0.9904742765273312
16,Benign,Benign,0.0193150265520854,0.9806849734479147
17,Benign,Benign,0.0193150265520854,0.9806849734479147
18,Benign,Benign,0.0193150265520854,0.9806849734479147
19,Benign,Benign,0.0193150265520854,0.9806849734479147
20,Benign,Benign,0.009525723472668866,0.9904742765273312
21,Benign,Benign,0.0193150265520854,0.9806849734479147
22,Benign,Benign,0.009525723472668866,0.9904742765273312
23,Benign,Benign,0.019525723472668864,0.9804742765273312
24,Benign,Benign,0.0193150265520854,0.9806849734479147
25,Benign,Benign,0.11921928835633702,0.8807807116436631
26,Benign,Benign,0.11921928835633702,0.8807807116436631
27,Benign,Benign,0.009525723472668866,0.9904742765273312
28,Benign,Benign,0.009525723472668866,0.9904742765273312
29,Benign,Benign,0.0,1.0
30,Benign,Benign,0.0,1.0
31,Benign,Benign,0.0,1.0
32,Benign,Benign,0.0,1.0
33,Benign,Benign,0.0,1.0
34,Benign,Benign,0.0,1.0
35,Benign,Benign,0.0,1.0
36,Benign,Benign,0.0,1.0
37,Benign,Benign,0.0,1.0
38,Benign,Benign,0.0,1.0
39,Benign,Benign,0.0,1.0
40,Benign,Benign,0.0,1.0
41,Benign,Benign,0.0,1.0
42,Benign,Benign,0.0,1.0
43,Benign,Benign,0.0,1.0
44,Benign,Benign,0.0,1.0
45,Benign,Benign,0.016633533204166752,0.9833664667958334
46,Benign,Benign,0.0,1.0
47,Benign,Benign,0.0,1.0
48,Benign,Benign,0.0,1.0
49,Benign,Benign,0.0,1.0
50,Benign,Benign,0.0,1.0
51,Benign,Benign,0.0,1.0
52,Benign,Benign,0.0,1.0
53,Benign,Benign,0.0,1.0
54,Benign,Benign,0.0,1.0
55,Benign,Benign,0.0,1.0
56,Benign,Benign,0.0,1.0
57,Benign,Benign,0.0,1.0
58,Benign,Benign,0.0,1.0
59,Benign,Benign,0.0,1.0
60,Benign,Benign,0.0,1.0
61,Benign,Benign,0.0,1.0
62,Benign,Benign,0.0,1.0
63,Benign,Benign,0.0,1.0
64,Benign,Benign,0.0,1.0
65,Attack,Attack,0.9991891129055169,0.000810887094483173
66,Attack,Attack,0.9991891129055169,0.000810887094483173
67,Attack,Attack,0.9991891129055169,0.000810887094483173
68,Attack,Attack,0.9991891129055169,0.000810887094483173
69,Attack,Attack,0.9991891129055169,0.000810887094483173
70,Attack,Attack,0.9991891129055169,0.000810887094483173
71,Attack,Attack,0.9991891129055169,0.000810887094483173
72,Attack,Attack,0.9991891129055169,0.000810887094483173
73,Attack,Attack,0.9991891129055169,0.000810887094483173
74,Attack,Attack,0.9991891129055169,0.000810887094483173
75,Attack,Attack,0.9991891129055169,0.000810887094483173
76,Attack,Attack,0.9991891129055169,0.000810887094483173
77,Attack,Attack,0.9991891129055169,0.000810887094483173
78,Attack,Attack,0.9991891129055169,0.000810887094483173
79,Attack,Attack,0.9991891129055169,0.000810887094483173
80,Attack,Attack,0.9991891129055169,0.000810887094483173
81,Attack,Attack,0.9991891129055169,0.000810887094483173
82,Attack,Attack,0.9991891129055169,0.000810887094483173
83,Attack,Attack,0.9991891129055169,0.000810887094483173
84,Attack,Attack,0.9991891129055169,0.000810887094483173
85,Attack,Attack,0.9991891129055169,0.000810887094483173
86,Attack,Attack,0.9991891129055169,0.000810887094483173
87,Attack,Attack,0.9991891129055169,0.000810887094483173
88,Attack,Attack,0.9991891129055169,0.000810887094483173
89,Attack,Attack,0.9991891129055169,0.000810887094483173
90,Attack,Attack,0.9991891129055169,0.000810887094483173
91,Attack,Attack,0.9991891129055169,0.000810887094483173
92,Attack,Attack,0.9991891129055169,0.000810887094483173
93,Attack,Attack,0.9991891129055169,0.000810887094483173
94,Attack,Attack,0.9991891129055169,0.000810887094483173
95,Attack,Attack,0.9991891129055169,0.000810887094483173
96,Attack,Attack,0.9991891129055169,0.000810887094483173
97,Attack,Attack,0.9991891129055169,0.000810887094483173
98,Attack,Attack,0.9991891129055169,0.000810887094483173
99,Attack,Attack,0.9991891129055169,0.000810887094483173
100,Attack,Attack,0.9991891129055169,0.000810887094483173
101,Attack,Attack,0.9991891129055169,0.000810887094483173
102,Attack,Attack,0.9991891129055169,0.000810887094483173
103,Attack,Attack,0.9991891129055169,0.000810887094483173
104,Attack,Attack,0.9991891129055169,0.000810887094483173
105,Attack,Attack,0.9991891129055169,0.000810887094483173
106,Attack,Attack,0.9991891129055169,0.000810887094483173
107,Attack,Attack,0.9991891129055169,0.000810887094483173
108,Attack,Attack,0.9991891129055169,0.000810887094483173
109,Attack,Attack,0.9991891129055169,0.000810887094483173
110,Attack,Attack,0.9991891129055169,0.000810887094483173
111,Attack,Attack,0.9991891129055169,0.000810887094483173
112,Attack,Attack,0.9991891129055169,0.000810887094483173
113,Attack,Attack,0.9991891129055169,0.000810887094483173
114,Attack,Attack,0.9991891129055169,0.000810887094483173
115,Attack,Attack,0.9991891129055169,0.000810887094483173
116,Attack,Attack,0.9991891129055169,0.000810887094483173
117,Attack,Attack,0.9991891129055169,0.000810887094483173
118,Attack,Attack,0.9991891129055169,0.000810887094483173
119,Attack,Attack,0.9991891129055169,0.000810887094483173
120,Attack,Attack,0.9991891129055169,0.000810887094483173
121,Attack,Attack,0.9991891129055169,0.000810887094483173
122,Attack,Attack,0.9991891129055169,0.000810887094483173
123,Attack,Attack,0.9991891129055169,0.000810887094483173
124,Attack,Attack,0.9991891129055169,0.000810887094483173
125,Attack,Attack,0.9991891129055169,0.000810887094483173
126,Attack,Attack,0.9991891129055169,0.000810887094483173
127,Attack,Attack,0.9991891129055169,0.000810887094483173
128,Attack,Attack,0.9991891129055169,0.000810887094483173
129,Attack,Attack,0.9991891129055169,0.000810887094483173
130,Attack,Attack,0.9991891129055169,0.000810887094483173
131,Attack,Attack,0.9991891129055169,0.000810887094483173
132,Attack,Attack,0.9991891129055169,0.000810887094483173
133,Attack,Attack,0.9991891129055169,0.000810887094483173
134,Attack,Attack,0.9991891129055169,0.000810887094483173
135,Attack,Attack,0.9991891129055169,0.000810887094483173
136,Attack,Attack,0.9991891129055169,0.000810887094483173
137,Attack,Attack,0.9991891129055169,0.000810887094483173
138,Attack,Attack,0.9991891129055169,0.000810887094483173
139,Attack,Attack,0.9991891129055169,0.000810887094483173
140,Attack,Attack,0.9991891129055169,0.000810887094483173
141,Attack,Attack,0.9991891129055169,0.000810887094483173
142,Attack,Attack,0.9991891129055169,0.000810887094483173
143,Attack,Attack,0.9991891129055169,0.000810887094483173
144,Attack,Attack,0.9991891129055169,0.000810887094483173
145,Attack,Attack,0.9991891129055169,0.000810887094483173
146,Attack,Attack,0.9991891129055169,0.000810887094483173
147,Attack,Attack,0.9991891129055169,0.000810887094483173
148,Attack,Attack,0.9991891129055169,0.000810887094483173
149,Attack,Attack,0.9991891129055169,0.000810887094483173
150,Attack,Attack,0.9991891129055169,0.000810887094483173
151,Attack,Attack,0.9991891129055169,0.000810887094483173
152,Attack,Attack,0.9991891129055169,0.000810887094483173
153,Attack,Attack,0.9991891129055169,0.000810887094483173
154,Attack,Attack,0.9991891129055169,0.000810887094483173
155,Attack,Attack,0.9991891129055169,0.000810887094483173
156,Attack,Attack,0.9991891129055169,0.000810887094483173
157,Attack,Attack,0.9991891129055169,0.000810887094483173
158,Attack,Attack,0.9991891129055169,0.000810887094483173
159,Attack,Attack,0.9991891129055169,0.000810887094483173
160,Attack,Attack,0.9991891129055169,0.000810887094483173
161,Attack,Attack,0.9991891129055169,0.000810887094483173
162,Attack,Attack,0.9991891129055169,0.000810887094483173
163,Attack,Attack,0.9991891129055169,0.000810887094483173
164,Attack,Attack,0.9991891129055169,0.000810887094483173
165,Attack,Attack,0.9991891129055169,0.000810887094483173
166,Attack,Attack,0.9991891129055169,0.000810887094483173
167,Attack,Attack,0.9991891129055169,0.000810887094483173
168,Attack,Attack,0.9991891129055169,0.000810887094483173
169,Attack,Attack,0.9991891129055169,0.000810887094483173
170,Attack,Attack,0.9991891129055169,0.000810887094483173
171,Attack,Attack,0.9991891129055169,0.000810887094483173
172,Attack,Attack,0.9991891129055169,0.000810887094483173
173,Attack,Attack,0.9991891129055169,0.000810887094483173
174,Attack,Attack,0.9991891129055169,0.000810887094483173
175,Attack,Attack,0.9991891129055169,0.000810887094483173
176,Attack,Attack,0.9991891129055169,0.000810887094483173
177,Attack,Attack,0.9991891129055169,0.000810887094483173
178,Attack,Attack,0.9991891129055169,0.000810887094483173
179,Attack,Attack,0.9991891129055169,0.000810887094483173
180,Attack,Attack,0.9991891129055169,0.000810887094483173
181,Attack,Attack,0.9991891129055169,0.000810887094483173
182,Attack,Attack,0.9991891129055169,0.000810887094483173
183,Attack,Attack,0.9991891129055169,0.000810887094483173
184,Attack,Attack,0.9991891129055169,0.000810887094483173
185,Attack,Attack,0.9991891129055169,0.000810887094483173
186,Attack,Attack,0.9991891129055169,0.000810887094483173
187,Attack,Attack,0.9991891129055169,0.000810887094483173
188,Attack,Attack,0.9991891129055169,0.000810887094483173
189,Attack,Attack,0.9991891129055169,0.000810887094483173
190,Attack,Attack,0.9991891129055169,0.000810887094483173
191,Attack,Attack,0.9991891129055169,0.000810887094483173
192,Attack,Attack,0.9991891129055169,0.000810887094483173
193,Attack,Attack,0.9991891129055169,0.000810887094483173
194,Attack,Attack,0.9991891129055169,0.000810887094483173
195,Attack,Attack,0.9991891129055169,0.000810887094483173
196,Attack,Attack,0.9991891129055169,0.000810887094483173
197,Attack,Attack,0.9991891129055169,0.000810887094483173
198,Attack,Attack,0.9991891129055169,0.000810887094483173
199,Attack,Attack,0.9991891129055169,0.000810887094483173
200,Attack,Attack,0.9991891129055169,0.000810887094483173
201,Attack,Attack,0.9991891129055169,0.000810887094483173
202,Attack,Attack,0.9991891129055169,0.000810887094483173
203,Attack,Attack,0.9991891129055169,0.000810887094483173
204,Attack,Attack,0.9991891129055169,0.000810887094483173
205,Attack,Attack,0.9991891129055169,0.000810887094483173
206,Attack,Attack,0.9991891129055169,0.000810887094483173
207,Attack,Attack,0.9991891129055169,0.000810887094483173
208,Attack,Attack,0.9991891129055169,0.000810887094483173
209,Attack,Attack,0.9991891129055169,0.000810887094483173
210,Attack,Attack,0.9991891129055169,0.000810887094483173
211,Attack,Attack,0.9991891129055169,0.000810887094483173
212,Attack,Attack,0.9991891129055169,0.000810887094483173
213,Attack,Attack,0.9991891129055169,0.000810887094483173
214,Attack,Attack,0.9991891129055169,0.000810887094483173
215,Attack,Attack,0.9991891129055169,0.000810887094483173
216,Attack,Attack,0.9991891129055169,0.000810887094483173
217,Attack,Attack,0.9991891129055169,0.000810887094483173
218,Attack,Attack,0.9991891129055169,0.000810887094483173
219,Attack,Attack,0.9991891129055169,0.000810887094483173
220,Attack,Attack,0.9991891129055169,0.000810887094483173
221,Attack,Attack,0.9991891129055169,0.000810887094483173
222,Attack,Attack,0.9991891129055169,0.000810887094483173
223,Attack,Attack,0.9991891129055169,0.000810887094483173
224,Attack,Attack,0.9991891129055169,0.000810887094483173
225,Attack,Attack,0.9991891129055169,0.000810887094483173
226,Attack,Attack,0.9991891129055169,0.000810887094483173
227,Attack,Attack,0.9991891129055169,0.000810887094483173
228,Attack,Attack,0.9991891129055169,0.000810887094483173
229,Attack,Attack,0.9991891129055169,0.000810887094483173
230,Attack,Attack,0.9991891129055169,0.000810887094483173
231,Attack,Attack,0.9991891129055169,0.000810887094483173
232,Attack,Attack,0.9991891129055169,0.000810887094483173
233,Attack,Attack,0.9991891129055169,0.000810887094483173
234,Attack,Attack,0.9991891129055169,0.000810887094483173
235,Attack,Attack,0.9991891129055169,0.000810887094483173
236,Attack,Attack,0.9991891129055169,0.000810887094483173
237,Attack,Attack,0.9991891129055169,0.000810887094483173
238,Attack,Attack,0.9991891129055169,0.000810887094483173
239,Attack,Attack,0.9991891129055169,0.000810887094483173
240,Attack,Attack,0.9991891129055169,0.000810887094483173
241,Attack,Attack,0.9991891129055169,0.000810887094483173
242,Attack,Attack,0.9991891129055169,0.000810887094483173
243,Attack,Attack,0.9991891129055169,0.000810887094483173
244,Attack,Attack,0.9991891129055169,0.000810887094483173
245,Attack,Attack,0.9991891129055169,0.000810887094483173
246,Attack,Attack,0.9991891129055169,0.000810887094483173
247,Attack,Attack,0.9991891129055169,0.000810887094483173
248,Attack,Attack,0.9991891129055169,0.000810887094483173
249,Attack,Attack,0.9991891129055169,0.000810887094483173
250,Attack,Attack,0.9991891129055169,0.000810887094483173
251,Attack,Attack,0.9991891129055169,0.000810887094483173
252,Attack,Attack,0.9991891129055169,0.000810887094483173
253,Attack,Attack,0.9991891129055169,0.000810887094483173
254,Attack,Attack,0.9991891129055169,0.000810887094483173
255,Attack,Attack,0.9991891129055169,0.000810887094483173
256,Attack,Attack,0.9991891129055169,0.000810887094483173
257,Attack,Attack,0.9991891129055169,0.000810887094483173
258,Attack,Attack,0.9991891129055169,0.000810887094483173
259,Attack,Attack,0.9991891129055169,0.000810887094483173
260,Attack,Attack,0.9991891129055169,0.000810887094483173
261,Benign,Benign,0.0,1.0
262,Benign,Benign,0.0,1.0
263,Benign,Benign,0.0,1.0
264,Attack,Attack,0.9991891129055169,0.000810887094483173
265,Attack,Attack,0.9991891129055169,0.000810887094483173
266,Attack,Attack,0.9991891129055169,0.000810887094483173
267,Attack,Attack,0.9991891129055169,0.000810887094483173
268,Attack,Attack,0.9991891129055169,0.000810887094483173
269,Attack,Attack,0.9991891129055169,0.000810887094483173
270,Attack,Attack,0.9991891129055169,0.000810887094483173
271,Attack,Attack,0.9991891129055169,0.000810887094483173
272,Attack,Attack,0.9991891129055169,0.000810887094483173
273,Attack,Attack,0.9991891129055169,0.000810887094483173
274,Attack,Attack,0.9991891129055169,0.000810887094483173
275,Attack,Attack,0.9991891129055169,0.000810887094483173
276,Attack,Attack,0.9991891129055169,0.000810887094483173
277,Attack,Attack,0.9991891129055169,0.000810887094483173
278,Attack,Attack,0.9991891129055169,0.000810887094483173
279,Attack,Attack,0.9991891129055169,0.000810887094483173
280,Attack,Attack,0.9991891129055169,0.000810887094483173
281,Attack,Attack,0.9991891129055169,0.000810887094483173
282,Attack,Attack,0.9991891129055169,0.000810887094483173
283,Attack,Attack,0.9991891129055169,0.000810887094483173
284,Attack,Attack,0.9991891129055169,0.000810887094483173
285,Attack,Attack,0.9991891129055169,0.000810887094483173
286,Attack,Attack,0.9991891129055169,0.000810887094483173
287,Attack,Attack,0.9991891129055169,0.000810887094483173
288,Attack,Attack,0.9991891129055169,0.000810887094483173
289,Attack,Attack,0.9991891129055169,0.000810887094483173
290,Attack,Attack,0.9991891129055169,0.000810887094483173
291,Attack,Attack,0.9991891129055169,0.000810887094483173
292,Attack,Attack,0.9991891129055169,0.000810887094483173
293,Attack,Attack,0.9991891129055169,0.000810887094483173
294,Attack,Attack,0.9991891129055169,0.000810887094483173
295,Attack,Attack,0.9991891129055169,0.000810887094483173
296,Attack,Attack,0.9991891129055169,0.000810887094483173
297,Attack,Attack,0.9991891129055169,0.000810887094483173
298,Attack,Attack,0.9991891129055169,0.000810887094483173
299,Attack,Attack,0.9991891129055169,0.000810887094483173
300,Attack,Attack,0.9991891129055169,0.000810887094483173
301,Attack,Attack,0.9991891129055169,0.000810887094483173
302,Attack,Attack,0.9991891129055169,0.000810887094483173
303,Attack,Attack,0.9991891129055169,0.000810887094483173
304,Attack,Attack,0.9991891129055169,0.000810887094483173
305,Attack,Attack,0.9991891129055169,0.000810887094483173
306,Attack,Attack,0.9991891129055169,0.000810887094483173
307,Attack,Attack,0.9991891129055169,0.000810887094483173
308,Attack,Attack,0.9991891129055169,0.000810887094483173
309,Attack,Attack,0.9991891129055169,0.000810887094483173
310,Attack,Attack,0.9991891129055169,0.000810887094483173
311,Attack,Attack,0.9991891129055169,0.000810887094483173
312,Attack,Attack,0.9991891129055169,0.000810887094483173
313,Attack,Attack,0.9991891129055169,0.000810887094483173
314,Attack,Attack,0.9991891129055169,0.000810887094483173
315,Attack,Attack,0.9991891129055169,0.000810887094483173
316,Attack,Attack,0.9991891129055169,0.000810887094483173
317,Attack,Attack,0.9991891129055169,0.000810887094483173
318,Attack,Attack,0.9991891129055169,0.000810887094483173
319,Attack,Attack,0.9991891129055169,0.000810887094483173
320,Attack,Attack,0.9991891129055169,0.000810887094483173
321,Attack,Attack,0.9991891129055169,0.000810887094483173
322,Attack,Attack,0.9991891129055169,0.000810887094483173
323,Attack,Attack,0.9991891129055169,0.000810887094483173
324,Attack,Attack,0.9991891129055169,0.000810887094483173
325,Attack,Attack,0.9991891129055169,0.000810887094483173
326,Attack,Attack,0.9991891129055169,0.000810887094483173
327,Attack,Attack,0.9991891129055169,0.000810887094483173
328,Attack,Attack,0.9991891129055169,0.000810887094483173
329,Attack,Attack,0.9991891129055169,0.000810887094483173
330,Attack,Attack,0.9991891129055169,0.000810887094483173
331,Attack,Attack,0.9991891129055169,0.000810887094483173
332,Attack,Attack,0.9991891129055169,0.000810887094483173
333,Attack,Attack,0.9991891129055169,0.000810887094483173
334,Attack,Attack,0.9991891129055169,0.000810887094483173
335,Attack,Attack,0.9991891129055169,0.000810887094483173
336,Attack,Attack,0.9991891129055169,0.000810887094483173
337,Attack,Attack,0.9991891129055169,0.000810887094483173
338,Attack,Attack,0.9991891129055169,0.000810887094483173
339,Attack,Attack,0.9991891129055169,0.000810887094483173
340,Attack,Attack,0.9991891129055169,0.000810887094483173
341,Attack,Attack,0.9991891129055169,0.000810887094483173
342,Attack,Attack,0.9991891129055169,0.000810887094483173
343,Attack,Attack,0.9991891129055169,0.000810887094483173
344,Attack,Attack,0.9991891129055169,0.000810887094483173
345,Attack,Attack,0.9991891129055169,0.000810887094483173
346,Attack,Attack,0.9991891129055169,0.000810887094483173
347,Attack,Attack,0.9991891129055169,0.000810887094483173
348,Attack,Attack,0.9991891129055169,0.000810887094483173
349,Attack,Attack,0.9991891129055169,0.000810887094483173
350,Attack,Attack,0.9991891129055169,0.000810887094483173
351,Attack,Attack,0.9991891129055169,0.000810887094483173
352,Attack,Attack,0.9991891129055169,0.000810887094483173
353,Attack,Attack,0.9991891129055169,0.000810887094483173
354,Attack,Attack,0.9991891129055169,0.000810887094483173
355,Attack,Attack,0.9991891129055169,0.000810887094483173
356,Attack,Attack,0.9991891129055169,0.000810887094483173
357,Attack,Attack,0.9991891129055169,0.000810887094483173
358,Attack,Attack,0.9991891129055169,0.000810887094483173
359,Attack,Attack,0.9991891129055169,0.000810887094483173
360,Attack,Attack,0.9991891129055169,0.000810887094483173
361,Attack,Attack,0.9991891129055169,0.000810887094483173
362,Attack,Attack,0.9991891129055169,0.000810887094483173
363,Attack,Attack,0.9991891129055169,0.000810887094483173
364,Attack,Attack,0.9991891129055169,0.000810887094483173
365,Attack,Attack,0.9991891129055169,0.000810887094483173
366,Attack,Attack,0.9991891129055169,0.000810887094483173
367,Attack,Attack,0.9991891129055169,0.000810887094483173
368,Attack,Attack,0.9991891129055169,0.000810887094483173
369,Attack,Attack,0.9991891129055169,0.000810887094483173
370,Attack,Attack,0.9991891129055169,0.000810887094483173
371,Attack,Attack,0.9991891129055169,0.000810887094483173
372,Attack,Attack,0.9991891129055169,0.000810887094483173
373,Attack,Attack,0.9991891129055169,0.000810887094483173
374,Attack,Attack,0.9991891129055169,0.000810887094483173
375,Attack,Attack,0.9991891129055169,0.000810887094483173
376,Attack,Attack,0.9991891129055169,0.000810887094483173
377,Attack,Attack,0.9991891129055169,0.000810887094483173
378,Attack,Attack,0.9991891129055169,0.000810887094483173
379,Attack,Attack,0.9991891129055169,0.000810887094483173
380,Attack,Attack,0.9991891129055169,0.000810887094483173
381,Attack,Attack,0.9991891129055169,0.000810887094483173
382,Attack,Attack,0.9991891129055169,0.000810887094483173
383,Attack,Attack,0.9991891129055169,0.000810887094483173
384,Attack,Attack,0.9991891129055169,0.000810887094483173
385,Attack,Attack,0.9991891129055169,0.000810887094483173
386,Attack,Attack,0.9991891129055169,0.000810887094483173
387,Attack,Attack,0.9991891129055169,0.000810887094483173
388,Attack,Attack,0.9991891129055169,0.000810887094483173
389,Attack,Attack,0.9991891129055169,0.000810887094483173
390,Attack,Attack,0.9991891129055169,0.000810887094483173
391,Attack,Attack,0.9991891129055169,0.000810887094483173
392,Attack,Attack,0.9991891129055169,0.000810887094483173
393,Attack,Attack,0.9991891129055169,0.000810887094483173
394,Attack,Attack,0.9991891129055169,0.000810887094483173
395,Attack,Attack,0.9991891129055169,0.000810887094483173
396,Attack,Attack,0.9991891129055169,0.000810887094483173
397,Attack,Attack,0.9991891129055169,0.000810887094483173
398,Attack,Attack,0.9991891129055169,0.000810887094483173
399,Attack,Attack,0.9991891129055169,0.000810887094483173
400,Attack,Attack,0.9991891129055169,0.000810887094483173
401,Attack,Attack,0.9991891129055169,0.000810887094483173
402,Attack,Attack,0.9991891129055169,0.000810887094483173
403,Attack,Attack,0.9991891129055169,0.000810887094483173
404,Attack,Attack,0.9991891129055169,0.000810887094483173
405,Attack,Attack,0.9991891129055169,0.000810887094483173
406,Attack,Attack,0.9991891129055169,0.000810887094483173
407,Attack,Attack,0.9991891129055169,0.000810887094483173
408,Attack,Attack,0.9991891129055169,0.000810887094483173
409,Attack,Attack,0.9991891129055169,0.000810887094483173
410,Attack,Attack,0.9991891129055169,0.000810887094483173
411,Attack,Attack,0.9991891129055169,0.000810887094483173
412,Attack,Attack,0.9991891129055169,0.000810887094483173
413,Attack,Attack,0.9991891129055169,0.000810887094483173
414,Attack,Attack,0.9991891129055169,0.000810887094483173
415,Attack,Attack,0.9991891129055169,0.000810887094483173
416,Attack,Attack,0.9991891129055169,0.000810887094483173
417,Attack,Attack,0.9991891129055169,0.000810887094483173
418,Attack,Attack,0.9991891129055169,0.000810887094483173
419,Attack,Attack,0.9991891129055169,0.000810887094483173
420,Attack,Attack,0.9991891129055169,0.000810887094483173
421,Attack,Attack,0.9991891129055169,0.000810887094483173
422,Attack,Attack,0.9991891129055169,0.000810887094483173
423,Attack,Attack,0.9991891129055169,0.000810887094483173
424,Attack,Attack,0.9991891129055169,0.000810887094483173
425,Attack,Attack,0.9991891129055169,0.000810887094483173
426,Attack,Attack,0.9991891129055169,0.000810887094483173
427,Attack,Attack,0.9991891129055169,0.000810887094483173
428,Attack,Attack,0.9991891129055169,0.000810887094483173
429,Attack,Attack,0.9991891129055169,0.000810887094483173
430,Attack,Attack,0.9991891129055169,0.000810887094483173
431,Attack,Attack,0.9991891129055169,0.000810887094483173
432,Attack,Attack,0.9991891129055169,0.000810887094483173
433,Attack,Attack,0.9991891129055169,0.000810887094483173
434,Attack,Attack,0.9991891129055169,0.000810887094483173
435,Attack,Attack,0.9991891129055169,0.000810887094483173
436,Attack,Attack,0.9991891129055169,0.000810887094483173
437,Attack,Attack,0.9991891129055169,0.000810887094483173
438,Attack,Attack,0.9991891129055169,0.000810887094483173
439,Attack,Attack,0.9991891129055169,0.000810887094483173
440,Attack,Attack,0.9991891129055169,0.000810887094483173
441,Attack,Attack,0.9991891129055169,0.000810887094483173
442,Attack,Attack,0.9991891129055169,0.000810887094483173
443,Attack,Attack,0.9991891129055169,0.000810887094483173
444,Attack,Attack,0.9991891129055169,0.000810887094483173
445,Attack,Attack,0.9991891129055169,0.000810887094483173
446,Attack,Attack,0.9991891129055169,0.000810887094483173
447,Attack,Attack,0.9991891129055169,0.000810887094483173
448,Attack,Attack,0.9991891129055169,0.000810887094483173
449,Attack,Attack,0.9991891129055169,0.000810887094483173
450,Attack,Attack,0.9991891129055169,0.000810887094483173
451,Attack,Attack,0.9991891129055169,0.000810887094483173
452,Attack,Attack,0.9991891129055169,0.000810887094483173
453,Attack,Attack,0.9991891129055169,0.000810887094483173
454,Attack,Attack,0.9991891129055169,0.000810887094483173
455,Attack,Attack,0.9991891129055169,0.000810887094483173
456,Attack,Attack,0.9991891129055169,0.000810887094483173
457,Attack,Attack,0.9991891129055169,0.000810887094483173
458,Attack,Attack,0.9991891129055169,0.000810887094483173
459,Attack,Attack,0.9991891129055169,0.000810887094483173
460,Attack,Attack,0.9991891129055169,0.000810887094483173
461,Attack,Attack,0.9991891129055169,0.000810887094483173
462,Attack,Attack,0.9991891129055169,0.000810887094483173
463,Attack,Attack,0.9991891129055169,0.000810887094483173
464,Attack,Attack,0.9991891129055169,0.000810887094483173
465,Attack,Attack,0.9991891129055169,0.000810887094483173
466,Attack,Attack,0.9991891129055169,0.000810887094483173
467,Attack,Attack,0.9991891129055169,0.000810887094483173
468,Attack,Attack,0.9991891129055169,0.000810887094483173
469,Attack,Attack,0.9991891129055169,0.000810887094483173
470,Attack,Attack,0.9991891129055169,0.000810887094483173
471,Attack,Attack,0.9991891129055169,0.000810887094483173
472,Attack,Attack,0.9991891129055169,0.000810887094483173
473,Attack,Attack,0.9991891129055169,0.000810887094483173
474,Attack,Attack,0.9991891129055169,0.000810887094483173
475,Attack,Attack,0.9991891129055169,0.000810887094483173
476,Attack,Attack,0.9991891129055169,0.000810887094483173
477,Attack,Attack,0.9991891129055169,0.000810887094483173
478,Attack,Attack,0.9991891129055169,0.000810887094483173
479,Attack,Attack,0.9991891129055169,0.000810887094483173
480,Attack,Attack,0.9991891129055169,0.000810887094483173
481,Attack,Attack,0.9991891129055169,0.000810887094483173
482,Attack,Attack,0.9991891129055169,0.000810887094483173
483,Attack,Attack,0.9991891129055169,0.000810887094483173
484,Attack,Attack,0.9991891129055169,0.000810887094483173
485,Attack,Attack,0.9991891129055169,0.000810887094483173
486,Attack,Attack,0.9991891129055169,0.000810887094483173
487,Attack,Attack,0.9991891129055169,0.000810887094483173
488,Attack,Attack,0.9991891129055169,0.000810887094483173
489,Attack,Attack,0.9991891129055169,0.000810887094483173
490,Attack,Attack,0.9991891129055169,0.000810887094483173
491,Attack,Attack,0.9991891129055169,0.000810887094483173
492,Attack,Attack,0.9991891129055169,0.000810887094483173
493,Attack,Attack,0.9991891129055169,0.000810887094483173
494,Attack,Attack,0.9991891129055169,0.000810887094483173
495,Attack,Attack,0.9991891129055169,0.000810887094483173
496,Attack,Attack,0.9991891129055169,0.000810887094483173
497,Attack,Attack,0.9991891129055169,0.000810887094483173
498,Attack,Attack,0.9991891129055169,0.000810887094483173
499,Attack,Attack,0.9991891129055169,0.000810887094483173
500,Attack,Attack,0.9991891129055169,0.000810887094483173
501,Attack,Attack,0.9991891129055169,0.000810887094483173
502,Attack,Attack,0.9991891129055169,0.000810887094483173
503,Attack,Attack,0.9991891129055169,0.000810887094483173
504,Attack,Attack,0.9991891129055169,0.000810887094483173
505,Attack,Attack,0.9991891129055169,0.000810887094483173
506,Attack,Attack,0.9991891129055169,0.000810887094483173
507,Attack,Attack,0.9991891129055169,0.000810887094483173
508,Attack,Attack,0.9991891129055169,0.000810887094483173
509,Attack,Attack,0.9991891129055169,0.000810887094483173
510,Attack,Attack,0.9991891129055169,0.000810887094483173
511,Attack,Attack,0.9991891129055169,0.000810887094483173
512,Attack,Attack,0.9991891129055169,0.000810887094483173
513,Attack,Attack,0.9991891129055169,0.000810887094483173
514,Attack,Attack,0.9991891129055169,0.000810887094483173
515,Attack,Attack,0.9991891129055169,0.000810887094483173
516,Attack,Attack,0.9991891129055169,0.000810887094483173
517,Attack,Attack,0.9991891129055169,0.000810887094483173
518,Attack,Attack,0.9991891129055169,0.000810887094483173
519,Attack,Attack,0.9991891129055169,0.000810887094483173
520,Attack,Attack,0.9991891129055169,0.000810887094483173
521,Attack,Attack,0.9991891129055169,0.000810887094483173
522,Attack,Attack,0.9991891129055169,0.000810887094483173
523,Attack,Attack,0.9991891129055169,0.000810887094483173
524,Attack,Attack,0.9991891129055169,0.000810887094483173
525,Attack,Attack,0.9991891129055169,0.000810887094483173
526,Attack,Attack,0.9991891129055169,0.000810887094483173
527,Attack,Attack,0.9991891129055169,0.000810887094483173
528,Attack,Attack,0.9991891129055169,0.000810887094483173
529,Attack,Attack,0.9991891129055169,0.000810887094483173
530,Attack,Attack,0.9991891129055169,0.000810887094483173
531,Attack,Attack,0.9991891129055169,0.000810887094483173
532,Attack,Attack,0.9991891129055169,0.000810887094483173
533,Benign,Benign,0.0,1.0
534,Attack,Attack,0.9991891129055169,0.000810887094483173
535,Attack,Attack,0.9991891129055169,0.000810887094483173
536,Attack,Attack,0.9991891129055169,0.000810887094483173
537,Attack,Attack,0.9991891129055169,0.000810887094483173
538,Attack,Attack,0.9991891129055169,0.000810887094483173
539,Attack,Attack,0.9991891129055169,0.000810887094483173
540,Attack,Attack,0.9991891129055169,0.000810887094483173
541,Attack,Attack,0.9991891129055169,0.000810887094483173
542,Attack,Attack,0.9991891129055169,0.000810887094483173
543,Attack,Attack,0.9991891129055169,0.000810887094483173
544,Attack,Attack,0.9991891129055169,0.000810887094483173
545,Attack,Attack,0.9991891129055169,0.000810887094483173
546,Attack,Attack,0.9991891129055169,0.000810887094483173
547,Attack,Attack,0.9991891129055169,0.000810887094483173
548,Attack,Attack,0.9991891129055169,0.000810887094483173
549,Attack,Attack,0.9991891129055169,0.000810887094483173
550,Attack,Attack,0.9991891129055169,0.000810887094483173
551,Attack,Attack,0.9991891129055169,0.000810887094483173
552,Attack,Attack,0.9991891129055169,0.000810887094483173
553,Attack,Attack,0.9991891129055169,0.000810887094483173
554,Attack,Attack,0.9991891129055169,0.000810887094483173
555,Attack,Attack,0.9991891129055169,0.000810887094483173
556,Attack,Attack,0.9991891129055169,0.000810887094483173
557,Attack,Attack,0.9991891129055169,0.000810887094483173
558,Attack,Attack,0.9991891129055169,0.000810887094483173
559,Attack,Attack,0.9991891129055169,0.000810887094483173
560,Attack,Attack,0.9991891129055169,0.000810887094483173
561,Attack,Attack,0.9991891129055169,0.000810887094483173
562,Attack,Attack,0.9991891129055169,0.000810887094483173
563,Attack,Attack,0.9991891129055169,0.000810887094483173
564,Attack,Attack,0.9991891129055169,0.000810887094483173
565,Attack,Attack,0.9991891129055169,0.000810887094483173
566,Attack,Attack,0.9991891129055169,0.000810887094483173
567,Attack,Attack,0.9991891129055169,0.000810887094483173
568,Attack,Attack,0.9991891129055169,0.000810887094483173
569,Attack,Attack,0.9991891129055169,0.000810887094483173
570,Attack,Attack,0.9991891129055169,0.000810887094483173
571,Attack,Attack,0.9991891129055169,0.000810887094483173
572,Attack,Attack,0.9991891129055169,0.000810887094483173
573,Attack,Attack,0.9991891129055169,0.000810887094483173
574,Attack,Attack,0.9991891129055169,0.000810887094483173
575,Attack,Attack,0.9991891129055169,0.000810887094483173
576,Attack,Attack,0.9991891129055169,0.000810887094483173
577,Attack,Attack,0.9991891129055169,0.000810887094483173
578,Attack,Attack,0.9991891129055169,0.000810887094483173
579,Attack,Attack,0.9991891129055169,0.000810887094483173
580,Attack,Attack,0.9991891129055169,0.000810887094483173
581,Benign,Benign,0.0,1.0
582,Attack,Attack,0.9991891129055169,0.000810887094483173
583,Attack,Attack,0.9991891129055169,0.000810887094483173
584,Attack,Attack,0.9991891129055169,0.000810887094483173
585,Attack,Attack,0.9991891129055169,0.000810887094483173
586,Attack,Attack,0.9991891129055169,0.000810887094483173
587,Attack,Attack,0.9991891129055169,0.000810887094483173
588,Attack,Attack,0.9991891129055169,0.000810887094483173
589,Attack,Attack,0.9991891129055169,0.000810887094483173
590,Attack,Attack,0.9991891129055169,0.000810887094483173
591,Attack,Attack,0.9991891129055169,0.000810887094483173
592,Attack,Attack,0.9991891129055169,0.000810887094483173
593,Attack,Attack,0.9991891129055169,0.000810887094483173
594,Attack,Attack,0.9991891129055169,0.000810887094483173
595,Attack,Attack,0.9991891129055169,0.000810887094483173
596,Attack,Attack,0.9991891129055169,0.000810887094483173
597,Attack,Attack,0.9991891129055169,0.000810887094483173
598,Attack,Attack,0.9991891129055169,0.000810887094483173
599,Attack,Attack,0.9991891129055169,0.000810887094483173
600,Attack,Attack,0.9991891129055169,0.000810887094483173
601,Attack,Attack,0.9991891129055169,0.000810887094483173
602,Attack,Attack,0.9991891129055169,0.000810887094483173
603,Attack,Attack,0.9991891129055169,0.000810887094483173
604,Attack,Attack,0.9991891129055169,0.000810887094483173
605,Attack,Attack,0.9991891129055169,0.000810887094483173
606,Attack,Attack,0.9991891129055169,0.000810887094483173
607,Attack,Attack,0.9991891129055169,0.000810887094483173
608,Attack,Attack,0.9991891129055169,0.000810887094483173
609,Attack,Attack,0.9991891129055169,0.000810887094483173
610,Attack,Attack,0.9991891129055169,0.000810887094483173
611,Attack,Attack,0.9991891129055169,0.000810887094483173
612,Attack,Attack,0.9991891129055169,0.000810887094483173
613,Attack,Attack,0.9991891129055169,0.000810887094483173
614,Attack,Attack,0.9991891129055169,0.000810887094483173
615,Attack,Attack,0.9991891129055169,0.000810887094483173
616,Attack,Attack,0.9991891129055169,0.000810887094483173
617,Attack,Attack,0.9991891129055169,0.000810887094483173
618,Attack,Attack,0.9991891129055169,0.000810887094483173
619,Attack,Attack,0.9991891129055169,0.000810887094483173
620,Attack,Attack,0.9991891129055169,0.000810887094483173
621,Attack,Attack,0.9991891129055169,0.000810887094483173
622,Attack,Attack,0.9991891129055169,0.000810887094483173
623,Attack,Attack,0.9991891129055169,0.000810887094483173
624,Attack,Attack,0.9991891129055169,0.000810887094483173
625,Attack,Attack,0.9991891129055169,0.000810887094483173
626,Attack,Attack,0.9991891129055169,0.000810887094483173
627,Attack,Attack,0.9991891129055169,0.000810887094483173
628,Attack,Attack,0.9991891129055169,0.000810887094483173
629,Attack,Attack,0.9991891129055169,0.000810887094483173
630,Attack,Attack,0.9991891129055169,0.000810887094483173
631,Attack,Attack,0.9991891129055169,0.000810887094483173
632,Attack,Attack,0.9991891129055169,0.000810887094483173
633,Attack,Attack,0.9991891129055169,0.000810887094483173
634,Attack,Attack,0.9991891129055169,0.000810887094483173
635,Attack,Attack,0.9991891129055169,0.000810887094483173
636,Attack,Attack,0.9991891129055169,0.000810887094483173
637,Attack,Attack,0.9991891129055169,0.000810887094483173
638,Attack,Attack,0.9991891129055169,0.000810887094483173
639,Attack,Attack,0.9991891129055169,0.000810887094483173
640,Attack,Attack,0.9991891129055169,0.000810887094483173
641,Attack,Attack,0.9991891129055169,0.000810887094483173
642,Attack,Attack,0.9991891129055169,0.000810887094483173
643,Attack,Attack,0.9991891129055169,0.000810887094483173
644,Attack,Attack,0.9991891129055169,0.000810887094483173
645,Attack,Attack,0.9991891129055169,0.000810887094483173
646,Attack,Attack,0.9991891129055169,0.000810887094483173
647,Attack,Attack,0.9991891129055169,0.000810887094483173
648,Attack,Attack,0.9991891129055169,0.000810887094483173
649,Benign,Benign,0.01,0.99
650,Benign,Benign,0.0,1.0
651,Benign,Benign,0.0,1.0
652,Benign,Benign,0.0,1.0
653,Benign,Benign,0.0,1.0
654,Benign,Benign,0.0,1.0
655,Benign,Benign,0.0,1.0
656,Benign,Benign,0.0,1.0
657,Benign,Benign,0.0,1.0
658,Attack,Attack,0.9991891129055169,0.000810887094483173
659,Attack,Attack,0.9991891129055169,0.000810887094483173
660,Attack,Attack,0.9991891129055169,0.000810887094483173
661,Attack,Attack,0.9991891129055169,0.000810887094483173
662,Attack,Attack,0.9991891129055169,0.000810887094483173
663,Attack,Attack,0.9991891129055169,0.000810887094483173
664,Attack,Attack,0.9991891129055169,0.000810887094483173
665,Attack,Attack,0.9991891129055169,0.000810887094483173
666,Attack,Attack,0.9991891129055169,0.000810887094483173
667,Attack,Attack,0.9991891129055169,0.000810887094483173
668,Attack,Attack,0.9991891129055169,0.000810887094483173
669,Attack,Attack,0.9991891129055169,0.000810887094483173
670,Attack,Attack,0.9991891129055169,0.000810887094483173
671,Attack,Attack,0.9991891129055169,0.000810887094483173
672,Attack,Attack,0.9991891129055169,0.000810887094483173
673,Attack,Attack,0.9991891129055169,0.000810887094483173
674,Attack,Attack,0.9991891129055169,0.000810887094483173
675,Attack,Attack,0.9991891129055169,0.000810887094483173
676,Attack,Attack,0.9991891129055169,0.000810887094483173
677,Attack,Attack,0.9991891129055169,0.000810887094483173
678,Attack,Attack,0.9991891129055169,0.000810887094483173
679,Attack,Attack,0.9991891129055169,0.000810887094483173
680,Attack,Attack,0.9991891129055169,0.000810887094483173
681,Attack,Attack,0.9991891129055169,0.000810887094483173
682,Attack,Attack,0.9991891129055169,0.000810887094483173
683,Attack,Attack,0.9991891129055169,0.000810887094483173
684,Attack,Attack,0.9991891129055169,0.000810887094483173
685,Attack,Attack,0.9991891129055169,0.000810887094483173
686,Attack,Attack,0.9991891129055169,0.000810887094483173
687,Attack,Attack,0.9991891129055169,0.000810887094483173
688,Attack,Attack,0.9991891129055169,0.000810887094483173
689,Attack,Attack,0.9991891129055169,0.000810887094483173
690,Attack,Attack,0.9991891129055169,0.000810887094483173
691,Attack,Attack,0.9991891129055169,0.000810887094483173
692,Attack,Attack,0.9991891129055169,0.000810887094483173
693,Attack,Attack,0.9991891129055169,0.000810887094483173
694,Attack,Attack,0.9991891129055169,0.000810887094483173
695,Attack,Attack,0.9991891129055169,0.000810887094483173
696,Attack,Attack,0.9991891129055169,0.000810887094483173
697,Attack,Attack,0.9991891129055169,0.000810887094483173
698,Attack,Attack,0.9991891129055169,0.000810887094483173
699,Attack,Attack,0.9991891129055169,0.000810887094483173
700,Attack,Attack,0.9991891129055169,0.000810887094483173
701,Attack,Attack,0.9991891129055169,0.000810887094483173
702,Attack,Attack,0.9991891129055169,0.000810887094483173
703,Attack,Attack,0.9991891129055169,0.000810887094483173
704,Attack,Attack,0.9991891129055169,0.000810887094483173
705,Attack,Attack,0.9991891129055169,0.000810887094483173
706,Attack,Attack,0.9991891129055169,0.000810887094483173
707,Attack,Attack,0.9991891129055169,0.000810887094483173
708,Attack,Attack,0.9991891129055169,0.000810887094483173
709,Attack,Attack,0.9991891129055169,0.000810887094483173
710,Attack,Attack,0.9991891129055169,0.000810887094483173
711,Attack,Attack,0.9991891129055169,0.000810887094483173
712,Attack,Attack,0.9991891129055169,0.000810887094483173
713,Attack,Attack,0.9991891129055169,0.000810887094483173
714,Attack,Attack,0.9991891129055169,0.000810887094483173
715,Attack,Attack,0.9991891129055169,0.000810887094483173
716,Attack,Attack,0.9991891129055169,0.000810887094483173
717,Attack,Attack,0.9991891129055169,0.000810887094483173
718,Attack,Attack,0.9991891129055169,0.000810887094483173
719,Attack,Attack,0.9991891129055169,0.000810887094483173
720,Attack,Attack,0.9991891129055169,0.000810887094483173
721,Attack,Attack,0.9991891129055169,0.000810887094483173
722,Attack,Attack,0.9991891129055169,0.000810887094483173
723,Attack,Attack,0.9991891129055169,0.000810887094483173
724,Attack,Attack,0.9991891129055169,0.000810887094483173
725,Attack,Attack,0.9991891129055169,0.000810887094483173
726,Attack,Attack,0.9991891129055169,0.000810887094483173
727,Attack,Attack,0.9991891129055169,0.000810887094483173
728,Attack,Attack,0.9991891129055169,0.000810887094483173
729,Attack,Attack,0.9991891129055169,0.000810887094483173
730,Attack,Attack,0.9991891129055169,0.000810887094483173
731,Attack,Attack,0.9991891129055169,0.000810887094483173
732,Attack,Attack,0.9991891129055169,0.000810887094483173
733,Attack,Attack,0.9991891129055169,0.000810887094483173
734,Attack,Attack,0.9991891129055169,0.000810887094483173
735,Attack,Attack,0.9991891129055169,0.000810887094483173
736,Attack,Attack,0.9991891129055169,0.000810887094483173
737,Attack,Attack,0.9991891129055169,0.000810887094483173
738,Attack,Attack,0.9991891129055169,0.000810887094483173
739,Attack,Attack,0.9991891129055169,0.000810887094483173
740,Attack,Attack,0.9991891129055169,0.000810887094483173
741,Attack,Attack,0.9991891129055169,0.000810887094483173
742,Attack,Attack,0.9991891129055169,0.000810887094483173
743,Attack,Attack,0.9991891129055169,0.000810887094483173
744,Attack,Attack,0.9991891129055169,0.000810887094483173
745,Attack,Attack,0.9991891129055169,0.000810887094483173
746,Attack,Attack,0.9991891129055169,0.000810887094483173
747,Attack,Attack,0.9991891129055169,0.000810887094483173
748,Attack,Attack,0.9991891129055169,0.000810887094483173
749,Attack,Attack,0.9991891129055169,0.000810887094483173
750,Attack,Attack,0.9991891129055169,0.000810887094483173
751,Attack,Attack,0.9991891129055169,0.000810887094483173
752,Attack,Attack,0.9991891129055169,0.000810887094483173
753,Attack,Attack,0.9991891129055169,0.000810887094483173
754,Attack,Attack,0.9991891129055169,0.000810887094483173
755,Attack,Attack,0.9991891129055169,0.000810887094483173
756,Attack,Attack,0.9991891129055169,0.000810887094483173
757,Attack,Attack,0.9991891129055169,0.000810887094483173
758,Attack,Attack,0.9991891129055169,0.000810887094483173
759,Attack,Attack,0.9991891129055169,0.000810887094483173
760,Attack,Attack,0.9991891129055169,0.000810887094483173
761,Attack,Attack,0.9991891129055169,0.000810887094483173
762,Attack,Attack,0.9991891129055169,0.000810887094483173
763,Attack,Attack,0.9991891129055169,0.000810887094483173
764,Attack,Attack,0.9991891129055169,0.000810887094483173
765,Attack,Attack,0.9991891129055169,0.000810887094483173
766,Attack,Attack,0.9962969226370149,0.0037030773629852854
767,Attack,Attack,0.9962969226370149,0.0037030773629852854
768,Attack,Attack,0.9962969226370149,0.0037030773629852854
769,Attack,Attack,0.9962969226370149,0.0037030773629852854
770,Attack,Attack,0.9962969226370149,0.0037030773629852854
771,Attack,Attack,0.9962969226370149,0.0037030773629852854
772,Attack,Attack,0.9962969226370149,0.0037030773629852854
773,Attack,Attack,0.9962969226370149,0.0037030773629852854
774,Attack,Attack,0.9962969226370149,0.0037030773629852854
775,Attack,Attack,0.9962969226370149,0.0037030773629852854
776,Attack,Attack,0.9962969226370149,0.0037030773629852854
777,Attack,Attack,0.9962969226370149,0.0037030773629852854
778,Attack,Attack,0.9962969226370149,0.0037030773629852854
779,Attack,Attack,0.9962969226370149,0.0037030773629852854
780,Attack,Attack,0.9962969226370149,0.0037030773629852854
781,Attack,Attack,0.9962969226370149,0.0037030773629852854
782,Attack,Attack,0.9962969226370149,0.0037030773629852854
783,Attack,Attack,0.9962969226370149,0.0037030773629852854
784,Attack,Attack,0.9962969226370149,0.0037030773629852854
785,Attack,Attack,0.9962969226370149,0.0037030773629852854
786,Attack,Attack,0.9991355291646669,0.0008644708353332472
787,Attack,Attack,0.9991355291646669,0.0008644708353332472
788,Attack,Attack,0.9991355291646669,0.0008644708353332472
789,Attack,Attack,0.9991355291646669,0.0008644708353332472
790,Attack,Attack,0.9991355291646669,0.0008644708353332472
791,Attack,Attack,0.9991355291646669,0.0008644708353332472
792,Attack,Attack,0.9991355291646669,0.0008644708353332472
793,Attack,Attack,0.9991355291646669,0.0008644708353332472
794,Attack,Attack,0.9991355291646669,0.0008644708353332472
795,Attack,Attack,0.9991355291646669,0.0008644708353332472
796,Attack,Attack,0.9991355291646669,0.0008644708353332472
797,Attack,Attack,0.9991355291646669,0.0008644708353332472
798,Attack,Attack,0.9991355291646669,0.0008644708353332472
799,Attack,Attack,0.9991355291646669,0.0008644708353332472
800,Attack,Attack,0.9991355291646669,0.0008644708353332472
801,Attack,Attack,0.9991355291646669,0.0008644708353332472
802,Attack,Attack,0.9991355291646669,0.0008644708353332472
803,Attack,Attack,0.9991355291646669,0.0008644708353332472
804,Attack,Attack,0.9991355291646669,0.0008644708353332472
805,Attack,Attack,0.9991355291646669,0.0008644708353332472
806,Attack,Attack,0.9991355291646669,0.0008644708353332472
807,Attack,Attack,0.9991355291646669,0.0008644708353332472
808,Attack,Attack,0.9991355291646669,0.0008644708353332472
809,Attack,Attack,0.9991355291646669,0.0008644708353332472
810,Attack,Attack,0.9991355291646669,0.0008644708353332472
811,Attack,Attack,0.9991355291646669,0.0008644708353332472
812,Attack,Attack,0.9991355291646669,0.0008644708353332472
813,Attack,Attack,0.9991355291646669,0.0008644708353332472
814,Attack,Attack,0.9991355291646669,0.0008644708353332472
815,Attack,Attack,0.9991355291646669,0.0008644708353332472
816,Attack,Attack,0.9991355291646669,0.0008644708353332472
817,Attack,Attack,0.9991355291646669,0.0008644708353332472
818,Attack,Attack,0.9991355291646669,0.0008644708353332472
819,Attack,Attack,0.9991355291646669,0.0008644708353332472
820,Attack,Attack,0.9991355291646669,0.0008644708353332472
821,Attack,Attack,0.9991355291646669,0.0008644708353332472
822,Attack,Attack,0.9991355291646669,0.0008644708353332472
823,Attack,Attack,0.9991355291646669,0.0008644708353332472
824,Attack,Attack,0.9991355291646669,0.0008644708353332472
825,Attack,Attack,0.9991355291646669,0.0008644708353332472
826,Attack,Attack,0.9991355291646669,0.0008644708353332472
827,Attack,Attack,0.9991355291646669,0.0008644708353332472
828,Attack,Attack,0.9991355291646669,0.0008644708353332472
829,Attack,Attack,0.9991355291646669,0.0008644708353332472
830,Attack,Attack,0.9991355291646669,0.0008644708353332472
831,Attack,Attack,0.9991355291646669,0.0008644708353332472
832,Attack,Attack,0.9991355291646669,0.0008644708353332472
833,Attack,Attack,0.9991355291646669,0.0008644708353332472
834,Attack,Attack,0.9991355291646669,0.0008644708353332472
835,Attack,Attack,0.9991355291646669,0.0008644708353332472
836,Attack,Attack,0.9991355291646669,0.0008644708353332472
837,Attack,Attack,0.9991355291646669,0.0008644708353332472
838,Attack,Attack,0.9991355291646669,0.0008644708353332472
839,Attack,Attack,0.9991355291646669,0.0008644708353332472
840,Attack,Attack,0.9991355291646669,0.0008644708353332472
841,Attack,Attack,0.9991355291646669,0.0008644708353332472
842,Attack,Attack,0.9991355291646669,0.0008644708353332472
843,Attack,Attack,0.9991355291646669,0.0008644708353332472
844,Attack,Attack,0.9991355291646669,0.0008644708353332472
845,Attack,Attack,0.9991355291646669,0.0008644708353332472
846,Attack,Attack,0.9991355291646669,0.0008644708353332472
847,Attack,Attack,0.9991355291646669,0.0008644708353332472
848,Attack,Attack,0.9991355291646669,0.0008644708353332472
849,Attack,Attack,0.9991355291646669,0.0008644708353332472
850,Attack,Attack,0.9991355291646669,0.0008644708353332472
851,Attack,Attack,0.9991355291646669,0.0008644708353332472
852,Attack,Attack,0.9991355291646669,0.0008644708353332472
853,Attack,Attack,0.9991355291646669,0.0008644708353332472
854,Attack,Attack,0.9991355291646669,0.0008644708353332472
855,Attack,Attack,0.9991355291646669,0.0008644708353332472
856,Attack,Attack,0.9991355291646669,0.0008644708353332472
857,Attack,Attack,0.9991355291646669,0.0008644708353332472
858,Attack,Attack,0.9991355291646669,0.0008644708353332472
859,Attack,Attack,0.9991355291646669,0.0008644708353332472
860,Attack,Attack,0.9991355291646669,0.0008644708353332472
861,Attack,Attack,0.9991355291646669,0.0008644708353332472
862,Attack,Attack,0.9991355291646669,0.0008644708353332472
863,Attack,Attack,0.9991355291646669,0.0008644708353332472
864,Attack,Attack,0.9991355291646669,0.0008644708353332472
865,Attack,Attack,0.9991355291646669,0.0008644708353332472
866,Attack,Attack,0.9991355291646669,0.0008644708353332472
867,Attack,Attack,0.9991355291646669,0.0008644708353332472
868,Attack,Attack,0.9991355291646669,0.0008644708353332472
869,Attack,Attack,0.9991355291646669,0.0008644708353332472
870,Attack,Attack,0.9991355291646669,0.0008644708353332472
871,Attack,Attack,0.9991355291646669,0.0008644708353332472
872,Attack,Attack,0.9991355291646669,0.0008644708353332472
873,Attack,Attack,0.9991355291646669,0.0008644708353332472
874,Attack,Attack,0.9991355291646669,0.0008644708353332472
875,Attack,Attack,0.9991355291646669,0.0008644708353332472
876,Attack,Attack,0.9991355291646669,0.0008644708353332472
877,Attack,Attack,0.9991355291646669,0.0008644708353332472
878,Attack,Attack,0.9991355291646669,0.0008644708353332472
879,Attack,Attack,0.9991355291646669,0.0008644708353332472
880,Attack,Attack,0.9991355291646669,0.0008644708353332472
881,Attack,Attack,0.9991355291646669,0.0008644708353332472
882,Attack,Attack,0.9991355291646669,0.0008644708353332472
883,Attack,Attack,0.9991355291646669,0.0008644708353332472
884,Attack,Attack,0.9991355291646669,0.0008644708353332472
885,Attack,Attack,0.9991355291646669,0.0008644708353332472
886,Attack,Attack,0.9991355291646669,0.0008644708353332472
887,Attack,Attack,0.9991355291646669,0.0008644708353332472
888,Attack,Attack,0.9991355291646669,0.0008644708353332472
889,Attack,Attack,0.9991355291646669,0.0008644708353332472
890,Attack,Attack,0.9991355291646669,0.0008644708353332472
891,Attack,Attack,0.9991355291646669,0.0008644708353332472
892,Attack,Attack,0.9991355291646669,0.0008644708353332472
893,Attack,Attack,0.9991355291646669,0.0008644708353332472
894,Attack,Attack,0.9991355291646669,0.0008644708353332472
895,Attack,Attack,0.9991355291646669,0.0008644708353332472
896,Attack,Attack,0.9991355291646669,0.0008644708353332472
897,Attack,Attack,0.9991355291646669,0.0008644708353332472
898,Attack,Attack,0.9991355291646669,0.0008644708353332472
899,Attack,Attack,0.9991355291646669,0.0008644708353332472
900,Attack,Attack,0.9991355291646669,0.0008644708353332472
901,Attack,Attack,0.9991355291646669,0.0008644708353332472
902,Attack,Attack,0.9991355291646669,0.0008644708353332472
903,Attack,Attack,0.9991355291646669,0.0008644708353332472
904,Attack,Attack,0.9991355291646669,0.0008644708353332472
905,Attack,Attack,0.9991355291646669,0.0008644708353332472
906,Attack,Attack,0.9991355291646669,0.0008644708353332472
907,Attack,Attack,0.9991355291646669,0.0008644708353332472
908,Attack,Attack,0.9991355291646669,0.0008644708353332472
909,Attack,Attack,0.9991355291646669,0.0008644708353332472
910,Attack,Attack,0.9991355291646669,0.0008644708353332472
911,Attack,Attack,0.9991355291646669,0.0008644708353332472
912,Attack,Attack,0.9991355291646669,0.0008644708353332472
913,Attack,Attack,0.9991355291646669,0.0008644708353332472
914,Attack,Attack,0.9991355291646669,0.0008644708353332472
915,Attack,Attack,0.9991355291646669,0.0008644708353332472
916,Attack,Attack,0.9991355291646669,0.0008644708353332472
917,Attack,Attack,0.9991355291646669,0.0008644708353332472
918,Attack,Attack,0.9991355291646669,0.0008644708353332472
919,Attack,Attack,0.9991355291646669,0.0008644708353332472
920,Attack,Attack,0.9991355291646669,0.0008644708353332472
921,Attack,Attack,0.9991355291646669,0.0008644708353332472
922,Attack,Attack,0.9991355291646669,0.0008644708353332472
923,Attack,Attack,0.9991355291646669,0.0008644708353332472
924,Attack,Attack,0.9991355291646669,0.0008644708353332472
925,Attack,Attack,0.9991355291646669,0.0008644708353332472
926,Attack,Attack,0.9991355291646669,0.0008644708353332472
927,Attack,Attack,0.9991355291646669,0.0008644708353332472
928,Attack,Attack,0.9991355291646669,0.0008644708353332472
929,Attack,Attack,0.9991355291646669,0.0008644708353332472
930,Attack,Attack,0.9991355291646669,0.0008644708353332472
931,Attack,Attack,0.9991355291646669,0.0008644708353332472
932,Attack,Attack,0.9991355291646669,0.0008644708353332472
933,Attack,Attack,0.9991355291646669,0.0008644708353332472
934,Attack,Attack,0.9991355291646669,0.0008644708353332472
935,Attack,Attack,0.9991355291646669,0.0008644708353332472
936,Attack,Attack,0.9991355291646669,0.0008644708353332472
937,Attack,Attack,0.9991355291646669,0.0008644708353332472
938,Attack,Attack,0.9991355291646669,0.0008644708353332472
939,Attack,Attack,0.9991355291646669,0.0008644708353332472
940,Attack,Attack,0.9991355291646669,0.0008644708353332472
941,Attack,Attack,0.9991355291646669,0.0008644708353332472
942,Attack,Attack,0.9991355291646669,0.0008644708353332472
943,Attack,Attack,0.9991355291646669,0.0008644708353332472
944,Attack,Attack,0.9991355291646669,0.0008644708353332472
945,Attack,Attack,0.9991355291646669,0.0008644708353332472
946,Attack,Attack,0.9991355291646669,0.0008644708353332472
947,Attack,Attack,0.9991355291646669,0.0008644708353332472
948,Attack,Attack,0.9991355291646669,0.0008644708353332472
949,Attack,Attack,0.9991355291646669,0.0008644708353332472
950,Attack,Attack,0.9991355291646669,0.0008644708353332472
951,Attack,Attack,0.9991355291646669,0.0008644708353332472
952,Attack,Attack,0.9991355291646669,0.0008644708353332472
953,Attack,Attack,0.9991355291646669,0.0008644708353332472
954,Attack,Attack,0.9991355291646669,0.0008644708353332472
955,Attack,Attack,0.9991355291646669,0.0008644708353332472
956,Attack,Attack,0.9991355291646669,0.0008644708353332472
957,Attack,Attack,0.9991355291646669,0.0008644708353332472
958,Attack,Attack,0.9991355291646669,0.0008644708353332472
959,Attack,Attack,0.9991355291646669,0.0008644708353332472
960,Attack,Attack,0.9991355291646669,0.0008644708353332472
961,Attack,Attack,0.9991355291646669,0.0008644708353332472
962,Attack,Attack,0.9991355291646669,0.0008644708353332472
963,Attack,Attack,0.9991355291646669,0.0008644708353332472
964,Attack,Attack,0.9991355291646669,0.0008644708353332472
965,Attack,Attack,0.9991355291646669,0.0008644708353332472
966,Attack,Attack,0.9991355291646669,0.0008644708353332472
967,Attack,Attack,0.9991355291646669,0.0008644708353332472
968,Attack,Attack,0.9991355291646669,0.0008644708353332472
969,Attack,Attack,0.9991355291646669,0.0008644708353332472
970,Attack,Attack,0.9991355291646669,0.0008644708353332472
971,Attack,Attack,0.9991355291646669,0.0008644708353332472
972,Attack,Attack,0.9991355291646669,0.0008644708353332472
973,Attack,Attack,0.9991355291646669,0.0008644708353332472
974,Attack,Attack,0.9991355291646669,0.0008644708353332472
975,Attack,Attack,0.9991355291646669,0.0008644708353332472
976,Attack,Attack,0.9991355291646669,0.0008644708353332472
977,Attack,Attack,0.9991355291646669,0.0008644708353332472
978,Attack,Attack,0.9991355291646669,0.0008644708353332472
979,Attack,Attack,0.9991355291646669,0.0008644708353332472
980,Attack,Attack,0.9991355291646669,0.0008644708353332472
981,Attack,Attack,0.9991355291646669,0.0008644708353332472
982,Attack,Attack,0.9991355291646669,0.0008644708353332472
983,Attack,Attack,0.9991355291646669,0.0008644708353332472
984,Attack,Attack,0.9991355291646669,0.0008644708353332472
985,Attack,Attack,0.9991355291646669,0.0008644708353332472
986,Attack,Attack,0.9991355291646669,0.0008644708353332472
987,Attack,Attack,0.9991355291646669,0.0008644708353332472
988,Attack,Attack,0.9991355291646669,0.0008644708353332472
989,Attack,Attack,0.9991355291646669,0.0008644708353332472
990,Attack,Attack,0.9991355291646669,0.0008644708353332472
991,Attack,Attack,0.9991355291646669,0.0008644708353332472
992,Attack,Attack,0.9991355291646669,0.0008644708353332472
993,Attack,Attack,0.9991355291646669,0.0008644708353332472
994,Attack,Attack,0.9991355291646669,0.0008644708353332472
995,Attack,Attack,0.9991355291646669,0.0008644708353332472
996,Attack,Attack,0.9991355291646669,0.0008644708353332472
997,Attack,Attack,0.9991355291646669,0.0008644708353332472
998,Attack,Attack,0.9991355291646669,0.0008644708353332472
999,Attack,Attack,0.9991355291646669,0.0008644708353332472
1000,Attack,Attack,0.9991355291646669,0.0008644708353332472
1001,Attack,Attack,0.9991355291646669,0.0008644708353332472
1002,Attack,Attack,0.9991355291646669,0.0008644708353332472
1003,Attack,Attack,0.9991355291646669,0.0008644708353332472
1004,Attack,Attack,0.9991355291646669,0.0008644708353332472
1005,Attack,Attack,0.9991355291646669,0.0008644708353332472
1006,Attack,Attack,0.9991355291646669,0.0008644708353332472
1007,Attack,Attack,0.9991355291646669,0.0008644708353332472
1008,Attack,Attack,0.9991355291646669,0.0008644708353332472
1009,Attack,Attack,0.9991355291646669,0.0008644708353332472
1010,Attack,Attack,0.9991355291646669,0.0008644708353332472
1011,Attack,Attack,0.9991355291646669,0.0008644708353332472
1012,Attack,Attack,0.9991355291646669,0.0008644708353332472
1013,Attack,Attack,0.9991355291646669,0.0008644708353332472
1014,Attack,Attack,0.9991355291646669,0.0008644708353332472
1015,Attack,Attack,0.9991355291646669,0.0008644708353332472
1016,Attack,Attack,0.9991355291646669,0.0008644708353332472
1017,Attack,Attack,0.9991355291646669,0.0008644708353332472
1018,Attack,Attack,0.9991355291646669,0.0008644708353332472
1019,Attack,Attack,0.9991355291646669,0.0008644708353332472
1020,Attack,Attack,0.9991355291646669,0.0008644708353332472
1021,Attack,Attack,0.9991355291646669,0.0008644708353332472
1022,Attack,Attack,0.9991355291646669,0.0008644708353332472
1023,Attack,Attack,0.9991355291646669,0.0008644708353332472
1024,Attack,Attack,0.9991355291646669,0.0008644708353332472
1025,Attack,Attack,0.9991355291646669,0.0008644708353332472
1026,Attack,Attack,0.9991355291646669,0.0008644708353332472
1027,Attack,Attack,0.9991355291646669,0.0008644708353332472
1028,Attack,Attack,0.9991355291646669,0.0008644708353332472
1029,Attack,Attack,0.9991355291646669,0.0008644708353332472
1030,Attack,Attack,0.9991355291646669,0.0008644708353332472
1031,Attack,Attack,0.9991355291646669,0.0008644708353332472
1032,Attack,Attack,0.9991355291646669,0.0008644708353332472
1033,Attack,Attack,0.9991355291646669,0.0008644708353332472
1034,Attack,Attack,0.9991355291646669,0.0008644708353332472
1035,Attack,Attack,0.9991355291646669,0.0008644708353332472
1036,Attack,Attack,0.9991355291646669,0.0008644708353332472
1037,Attack,Attack,0.9991355291646669,0.0008644708353332472
1038,Attack,Attack,0.9991355291646669,0.0008644708353332472
1039,Attack,Attack,0.9991355291646669,0.0008644708353332472
1040,Attack,Attack,0.9991355291646669,0.0008644708353332472
1041,Attack,Attack,0.9991355291646669,0.0008644708353332472
1042,Attack,Attack,0.9991355291646669,0.0008644708353332472
1043,Attack,Attack,0.9991355291646669,0.0008644708353332472
1044,Attack,Attack,0.9991355291646669,0.0008644708353332472
1045,Benign,Benign,0.0,1.0
1046,Attack,Attack,0.9991355291646669,0.0008644708353332472
1047,Attack,Attack,0.9991355291646669,0.0008644708353332472
1048,Attack,Attack,0.9991355291646669,0.0008644708353332472
1049,Attack,Attack,0.9991355291646669,0.0008644708353332472
1050,Attack,Attack,0.9991355291646669,0.0008644708353332472
1051,Attack,Attack,0.9991355291646669,0.0008644708353332472
1052,Attack,Attack,0.9991355291646669,0.0008644708353332472
1053,Attack,Attack,0.9991355291646669,0.0008644708353332472
1054,Attack,Attack,0.9991355291646669,0.0008644708353332472
1055,Attack,Attack,0.9991355291646669,0.0008644708353332472
1056,Attack,Attack,0.9991355291646669,0.0008644708353332472
1057,Attack,Attack,0.9991355291646669,0.0008644708353332472
1058,Attack,Attack,0.9991355291646669,0.0008644708353332472
1059,Attack,Attack,0.9991355291646669,0.0008644708353332472
1060,Attack,Attack,0.9991355291646669,0.0008644708353332472
1061,Attack,Attack,0.9991355291646669,0.0008644708353332472
1062,Attack,Attack,0.9991355291646669,0.0008644708353332472
1063,Attack,Attack,0.9991355291646669,0.0008644708353332472
1064,Attack,Attack,0.9991355291646669,0.0008644708353332472
1065,Attack,Attack,0.9991355291646669,0.0008644708353332472
1066,Attack,Attack,0.9991355291646669,0.0008644708353332472
1067,Attack,Attack,0.9991355291646669,0.0008644708353332472
1068,Attack,Attack,0.9991355291646669,0.0008644708353332472
1069,Attack,Attack,0.9991355291646669,0.0008644708353332472
1070,Attack,Attack,0.9991355291646669,0.0008644708353332472
1071,Attack,Attack,0.9991355291646669,0.0008644708353332472
1072,Attack,Attack,0.9991355291646669,0.0008644708353332472
1073,Attack,Attack,0.9991355291646669,0.0008644708353332472
1074,Attack,Attack,0.9991355291646669,0.0008644708353332472
1075,Attack,Attack,0.9991355291646669,0.0008644708353332472
1076,Attack,Attack,0.9991355291646669,0.0008644708353332472
1077,Attack,Attack,0.9991355291646669,0.0008644708353332472
1078,Attack,Attack,0.9991355291646669,0.0008644708353332472
1079,Attack,Attack,0.9991355291646669,0.0008644708353332472
1080,Attack,Attack,0.9991355291646669,0.0008644708353332472
1081,Attack,Attack,0.9991355291646669,0.0008644708353332472
1082,Attack,Attack,0.9991355291646669,0.0008644708353332472
1083,Attack,Attack,0.9991355291646669,0.0008644708353332472
1084,Attack,Attack,0.9991355291646669,0.0008644708353332472
1085,Attack,Attack,0.9991355291646669,0.0008644708353332472
1086,Attack,Attack,0.9991355291646669,0.0008644708353332472
1087,Attack,Attack,0.9991355291646669,0.0008644708353332472
1088,Attack,Attack,0.9991355291646669,0.0008644708353332472
1089,Attack,Attack,0.9991355291646669,0.0008644708353332472
1090,Attack,Attack,0.9991355291646669,0.0008644708353332472
1091,Attack,Attack,0.9991355291646669,0.0008644708353332472
1092,Attack,Attack,0.9991355291646669,0.0008644708353332472
1093,Attack,Attack,0.9991355291646669,0.0008644708353332472
1094,Attack,Attack,0.9991355291646669,0.0008644708353332472
1095,Attack,Attack,0.9991355291646669,0.0008644708353332472
1096,Attack,Attack,0.9991355291646669,0.0008644708353332472
1097,Attack,Attack,0.9991355291646669,0.0008644708353332472
1098,Attack,Attack,0.9991355291646669,0.0008644708353332472
1099,Attack,Attack,0.9991355291646669,0.0008644708353332472
1100,Attack,Attack,0.9991355291646669,0.0008644708353332472
1101,Attack,Attack,0.9991355291646669,0.0008644708353332472
1102,Attack,Attack,0.9991355291646669,0.0008644708353332472
1103,Attack,Attack,0.9991355291646669,0.0008644708353332472
1104,Attack,Attack,0.9991355291646669,0.0008644708353332472
1105,Attack,Attack,0.9991355291646669,0.0008644708353332472
1106,Attack,Attack,0.9991355291646669,0.0008644708353332472
1107,Attack,Attack,0.9991355291646669,0.0008644708353332472
1108,Attack,Attack,0.9991355291646669,0.0008644708353332472
1109,Attack,Attack,0.9991355291646669,0.0008644708353332472
1110,Attack,Attack,0.9991355291646669,0.0008644708353332472
1111,Attack,Attack,0.9991355291646669,0.0008644708353332472
1112,Attack,Attack,0.9991355291646669,0.0008644708353332472
1113,Attack,Attack,0.9991355291646669,0.0008644708353332472
1114,Attack,Attack,0.9991355291646669,0.0008644708353332472
1115,Attack,Attack,0.9991355291646669,0.0008644708353332472
1116,Attack,Attack,0.9991355291646669,0.0008644708353332472
1117,Attack,Attack,0.9991355291646669,0.0008644708353332472
1118,Attack,Attack,0.9991355291646669,0.0008644708353332472
1119,Attack,Attack,0.9991355291646669,0.0008644708353332472
1120,Attack,Attack,0.9991355291646669,0.0008644708353332472
1121,Attack,Attack,0.9991355291646669,0.0008644708353332472
1122,Attack,Attack,0.9991355291646669,0.0008644708353332472
1123,Attack,Attack,0.9991355291646669,0.0008644708353332472
1124,Attack,Attack,0.9991355291646669,0.0008644708353332472
1125,Attack,Attack,0.9991355291646669,0.0008644708353332472
1126,Attack,Attack,0.9991355291646669,0.0008644708353332472
1127,Attack,Attack,0.9991355291646669,0.0008644708353332472
1128,Attack,Attack,0.9991355291646669,0.0008644708353332472
1129,Attack,Attack,0.9991355291646669,0.0008644708353332472
1130,Attack,Attack,0.9991355291646669,0.0008644708353332472
1131,Attack,Attack,0.9991355291646669,0.0008644708353332472
1132,Attack,Attack,0.9991355291646669,0.0008644708353332472
1133,Attack,Attack,0.9991355291646669,0.0008644708353332472
1134,Attack,Attack,0.9991355291646669,0.0008644708353332472
1135,Attack,Attack,0.9991355291646669,0.0008644708353332472
1136,Attack,Attack,0.9991355291646669,0.0008644708353332472
1137,Attack,Attack,0.9991355291646669,0.0008644708353332472
1138,Attack,Attack,0.9991355291646669,0.0008644708353332472
1139,Attack,Attack,0.9991355291646669,0.0008644708353332472
1140,Attack,Attack,0.9991355291646669,0.0008644708353332472
1141,Attack,Attack,0.9991355291646669,0.0008644708353332472
1142,Attack,Attack,0.9991355291646669,0.0008644708353332472
1143,Attack,Attack,0.9991355291646669,0.0008644708353332472
1144,Attack,Attack,0.9991355291646669,0.0008644708353332472
1145,Attack,Attack,0.9991355291646669,0.0008644708353332472
1146,Attack,Attack,0.9991355291646669,0.0008644708353332472
1147,Attack,Attack,0.9991355291646669,0.0008644708353332472
1148,Attack,Attack,0.9991355291646669,0.0008644708353332472
1149,Attack,Attack,0.9991355291646669,0.0008644708353332472
1150,Attack,Attack,0.9991355291646669,0.0008644708353332472
1151,Attack,Attack,0.9991355291646669,0.0008644708353332472
1152,Attack,Attack,0.9991355291646669,0.0008644708353332472
1153,Attack,Attack,0.9991355291646669,0.0008644708353332472
1154,Attack,Attack,0.9991355291646669,0.0008644708353332472
1155,Attack,Attack,0.9991355291646669,0.0008644708353332472
1156,Attack,Attack,0.9991355291646669,0.0008644708353332472
1157,Attack,Attack,0.9991355291646669,0.0008644708353332472
1158,Attack,Attack,0.9991355291646669,0.0008644708353332472
1159,Attack,Attack,0.9991355291646669,0.0008644708353332472
1160,Attack,Attack,0.9991355291646669,0.0008644708353332472
1161,Attack,Attack,0.9991355291646669,0.0008644708353332472
1162,Attack,Attack,0.9991355291646669,0.0008644708353332472
1163,Attack,Attack,0.9991355291646669,0.0008644708353332472
1164,Attack,Attack,0.9991355291646669,0.0008644708353332472
1165,Attack,Attack,0.9991355291646669,0.0008644708353332472
1166,Attack,Attack,0.9991355291646669,0.0008644708353332472
1167,Attack,Attack,0.9991355291646669,0.0008644708353332472
1168,Attack,Attack,0.9991355291646669,0.0008644708353332472
1169,Attack,Attack,0.9991355291646669,0.0008644708353332472
1170,Attack,Attack,0.9991355291646669,0.0008644708353332472
1171,Attack,Attack,0.9991355291646669,0.0008644708353332472
1172,Attack,Attack,0.9991355291646669,0.0008644708353332472
1173,Attack,Attack,0.9991355291646669,0.0008644708353332472
1174,Attack,Attack,0.9991355291646669,0.0008644708353332472
1175,Attack,Attack,0.9991355291646669,0.0008644708353332472
1176,Attack,Attack,0.9991355291646669,0.0008644708353332472
1177,Attack,Attack,0.9991355291646669,0.0008644708353332472
1178,Attack,Attack,0.9991355291646669,0.0008644708353332472
1179,Attack,Attack,0.9991355291646669,0.0008644708353332472
1180,Attack,Attack,0.9991355291646669,0.0008644708353332472
1181,Attack,Attack,0.9991355291646669,0.0008644708353332472
1182,Attack,Attack,0.9991355291646669,0.0008644708353332472
1183,Attack,Attack,0.9991355291646669,0.0008644708353332472
1184,Attack,Attack,0.9991355291646669,0.0008644708353332472
1185,Attack,Attack,0.9991355291646669,0.0008644708353332472
1186,Attack,Attack,0.9991355291646669,0.0008644708353332472
1187,Attack,Attack,0.9991355291646669,0.0008644708353332472
1188,Attack,Attack,0.9991355291646669,0.0008644708353332472
1189,Attack,Attack,0.9991355291646669,0.0008644708353332472
1190,Attack,Attack,0.9991355291646669,0.0008644708353332472
1191,Attack,Attack,0.9991355291646669,0.0008644708353332472
1192,Attack,Attack,0.9991355291646669,0.0008644708353332472
1193,Attack,Attack,0.9991355291646669,0.0008644708353332472
1194,Attack,Attack,0.9991355291646669,0.0008644708353332472
1195,Attack,Attack,0.9991355291646669,0.0008644708353332472
1196,Attack,Attack,0.9991355291646669,0.0008644708353332472
1197,Attack,Attack,0.9991355291646669,0.0008644708353332472
1198,Attack,Attack,0.9991355291646669,0.0008644708353332472
1199,Attack,Attack,0.9991355291646669,0.0008644708353332472
1200,Attack,Attack,0.9991355291646669,0.0008644708353332472
1201,Attack,Attack,0.9991355291646669,0.0008644708353332472
1202,Attack,Attack,0.9991355291646669,0.0008644708353332472
1203,Attack,Attack,0.9991355291646669,0.0008644708353332472
1204,Attack,Attack,0.9991355291646669,0.0008644708353332472
1205,Attack,Attack,0.9991355291646669,0.0008644708353332472
1206,Attack,Attack,0.9991355291646669,0.0008644708353332472
1207,Attack,Attack,0.9991355291646669,0.0008644708353332472
1208,Attack,Attack,0.9991355291646669,0.0008644708353332472
1209,Attack,Attack,0.9991355291646669,0.0008644708353332472
1210,Attack,Attack,0.9991355291646669,0.0008644708353332472
1211,Attack,Attack,0.9991355291646669,0.0008644708353332472
1212,Attack,Attack,0.9991355291646669,0.0008644708353332472
1213,Attack,Attack,0.9991355291646669,0.0008644708353332472
1214,Attack,Attack,0.9991355291646669,0.0008644708353332472
1215,Attack,Attack,0.9991355291646669,0.0008644708353332472
1216,Attack,Attack,0.9991355291646669,0.0008644708353332472
1217,Attack,Attack,0.9991355291646669,0.0008644708353332472
1218,Attack,Attack,0.9991355291646669,0.0008644708353332472
1219,Attack,Attack,0.9991355291646669,0.0008644708353332472
1220,Attack,Attack,0.9991355291646669,0.0008644708353332472
1221,Attack,Attack,0.9991355291646669,0.0008644708353332472
1222,Attack,Attack,0.9991355291646669,0.0008644708353332472
1223,Attack,Attack,0.9991355291646669,0.0008644708353332472
1224,Attack,Attack,0.9991355291646669,0.0008644708353332472
1225,Attack,Attack,0.9991355291646669,0.0008644708353332472
1226,Attack,Attack,0.9991355291646669,0.0008644708353332472
1227,Attack,Attack,0.9991355291646669,0.0008644708353332472
1228,Attack,Attack,0.9991355291646669,0.0008644708353332472
1229,Attack,Attack,0.9991355291646669,0.0008644708353332472
1230,Attack,Attack,0.9991355291646669,0.0008644708353332472
1231,Attack,Attack,0.9991355291646669,0.0008644708353332472
1232,Attack,Attack,0.9991355291646669,0.0008644708353332472
1233,Attack,Attack,0.9991355291646669,0.0008644708353332472
1234,Attack,Attack,0.9991355291646669,0.0008644708353332472
1235,Attack,Attack,0.9991355291646669,0.0008644708353332472
1236,Attack,Attack,0.9991355291646669,0.0008644708353332472
1237,Attack,Attack,0.9991355291646669,0.0008644708353332472
1238,Attack,Attack,0.9991355291646669,0.0008644708353332472
1239,Attack,Attack,0.9991355291646669,0.0008644708353332472
1240,Attack,Attack,0.9991355291646669,0.0008644708353332472
1241,Attack,Attack,0.9991355291646669,0.0008644708353332472
1242,Attack,Attack,0.9991355291646669,0.0008644708353332472
1243,Attack,Attack,0.9991355291646669,0.0008644708353332472
1244,Attack,Attack,0.9991355291646669,0.0008644708353332472
1245,Attack,Attack,0.9991355291646669,0.0008644708353332472
1246,Attack,Attack,0.9991355291646669,0.0008644708353332472
1247,Attack,Attack,0.9991355291646669,0.0008644708353332472
1248,Attack,Attack,0.9991355291646669,0.0008644708353332472
1249,Attack,Attack,0.9991355291646669,0.0008644708353332472
1250,Attack,Attack,0.9991355291646669,0.0008644708353332472
1251,Attack,Attack,0.9991355291646669,0.0008644708353332472
1252,Attack,Attack,0.9991355291646669,0.0008644708353332472
1253,Attack,Attack,0.9991355291646669,0.0008644708353332472
1254,Attack,Attack,0.9991355291646669,0.0008644708353332472
1255,Attack,Attack,0.9991355291646669,0.0008644708353332472
1256,Attack,Attack,0.9991355291646669,0.0008644708353332472
1257,Attack,Attack,0.9991355291646669,0.0008644708353332472
1258,Attack,Attack,0.9991355291646669,0.0008644708353332472
1259,Attack,Attack,0.9991355291646669,0.0008644708353332472
1260,Attack,Attack,0.9991355291646669,0.0008644708353332472
1261,Attack,Attack,0.9991355291646669,0.0008644708353332472
1262,Attack,Attack,0.9991355291646669,0.0008644708353332472
1263,Attack,Attack,0.9991355291646669,0.0008644708353332472
1264,Attack,Attack,0.9991355291646669,0.0008644708353332472
1265,Attack,Attack,0.9991355291646669,0.0008644708353332472
1266,Attack,Attack,0.9991355291646669,0.0008644708353332472
1267,Attack,Attack,0.9991355291646669,0.0008644708353332472
1268,Attack,Attack,0.9991355291646669,0.0008644708353332472
1269,Attack,Attack,0.9991355291646669,0.0008644708353332472
1270,Attack,Attack,0.9991355291646669,0.0008644708353332472
1271,Attack,Attack,0.9991355291646669,0.0008644708353332472
1272,Attack,Attack,0.9991355291646669,0.0008644708353332472
1273,Attack,Attack,0.9991355291646669,0.0008644708353332472
1274,Attack,Attack,0.9991355291646669,0.0008644708353332472
1275,Attack,Attack,0.9991355291646669,0.0008644708353332472
1276,Attack,Attack,0.9991355291646669,0.0008644708353332472
1277,Attack,Attack,0.9991355291646669,0.0008644708353332472
1278,Attack,Attack,0.9991355291646669,0.0008644708353332472
1279,Attack,Attack,0.9991355291646669,0.0008644708353332472
1280,Attack,Attack,0.9991355291646669,0.0008644708353332472
1281,Attack,Attack,0.9991355291646669,0.0008644708353332472
1282,Attack,Attack,0.9991355291646669,0.0008644708353332472
1283,Attack,Attack,0.9991355291646669,0.0008644708353332472
1284,Attack,Attack,0.9991355291646669,0.0008644708353332472
1285,Attack,Attack,0.9991355291646669,0.0008644708353332472
1286,Attack,Attack,0.9991355291646669,0.0008644708353332472
1287,Attack,Attack,0.9991355291646669,0.0008644708353332472
1288,Attack,Attack,0.9991355291646669,0.0008644708353332472
1289,Attack,Attack,0.9991355291646669,0.0008644708353332472
1290,Attack,Attack,0.9991355291646669,0.0008644708353332472
1291,Attack,Attack,0.9991355291646669,0.0008644708353332472
1292,Attack,Attack,0.9991355291646669,0.0008644708353332472
1293,Attack,Attack,0.9991355291646669,0.0008644708353332472
1294,Attack,Attack,0.9991355291646669,0.0008644708353332472
1295,Attack,Attack,0.9991355291646669,0.0008644708353332472
1296,Attack,Attack,0.9991355291646669,0.0008644708353332472
1297,Attack,Attack,0.9991355291646669,0.0008644708353332472
1298,Attack,Attack,0.9991355291646669,0.0008644708353332472
1299,Attack,Attack,0.9991355291646669,0.0008644708353332472
1300,Attack,Attack,0.9991355291646669,0.0008644708353332472
1301,Attack,Attack,0.9991355291646669,0.0008644708353332472
1302,Attack,Attack,0.9991355291646669,0.0008644708353332472
1303,Attack,Attack,0.9991355291646669,0.0008644708353332472
1304,Attack,Attack,0.9991355291646669,0.0008644708353332472
1305,Attack,Attack,0.9991355291646669,0.0008644708353332472
1306,Attack,Attack,0.9991355291646669,0.0008644708353332472
1307,Attack,Attack,0.9991355291646669,0.0008644708353332472
1308,Attack,Attack,0.9991355291646669,0.0008644708353332472
1309,Attack,Attack,0.9991355291646669,0.0008644708353332472
1310,Attack,Attack,0.9991355291646669,0.0008644708353332472
1311,Attack,Attack,0.9991355291646669,0.0008644708353332472
1312,Attack,Attack,0.9991355291646669,0.0008644708353332472
1313,Attack,Attack,0.9991355291646669,0.0008644708353332472
1314,Attack,Attack,0.9991355291646669,0.0008644708353332472
1315,Attack,Attack,0.9991355291646669,0.0008644708353332472
1316,Attack,Attack,0.9991355291646669,0.0008644708353332472
1317,Attack,Attack,0.9991355291646669,0.0008644708353332472
1318,Attack,Attack,0.9991355291646669,0.0008644708353332472
1319,Attack,Attack,0.9991355291646669,0.0008644708353332472
1320,Attack,Attack,0.9991355291646669,0.0008644708353332472
1321,Attack,Attack,0.9991355291646669,0.0008644708353332472
1322,Attack,Attack,0.9991355291646669,0.0008644708353332472
1323,Attack,Attack,0.9991355291646669,0.0008644708353332472
1324,Attack,Attack,0.9991355291646669,0.0008644708353332472
1325,Attack,Attack,0.9991355291646669,0.0008644708353332472
1326,Attack,Attack,0.9991355291646669,0.0008644708353332472
1327,Attack,Attack,0.9991355291646669,0.0008644708353332472
1328,Attack,Attack,0.9991355291646669,0.0008644708353332472
1329,Attack,Attack,0.9991355291646669,0.0008644708353332472
1330,Attack,Attack,0.9991355291646669,0.0008644708353332472
1331,Attack,Attack,0.9991355291646669,0.0008644708353332472
1332,Attack,Attack,0.9991355291646669,0.0008644708353332472
1333,Attack,Attack,0.9991355291646669,0.0008644708353332472
1334,Attack,Attack,0.9991355291646669,0.0008644708353332472
1335,Attack,Attack,0.9991355291646669,0.0008644708353332472
1336,Attack,Attack,0.9991355291646669,0.0008644708353332472
1337,Attack,Attack,0.9991355291646669,0.0008644708353332472
1338,Attack,Attack,0.9991355291646669,0.0008644708353332472
1339,Attack,Attack,0.9991355291646669,0.0008644708353332472
1340,Attack,Attack,0.9991355291646669,0.0008644708353332472
1341,Attack,Attack,0.9991355291646669,0.0008644708353332472
1342,Attack,Attack,0.9991355291646669,0.0008644708353332472
1343,Attack,Attack,0.9991355291646669,0.0008644708353332472
1344,Attack,Attack,0.9991355291646669,0.0008644708353332472
1345,Attack,Attack,0.9991355291646669,0.0008644708353332472
1346,Attack,Attack,0.9991355291646669,0.0008644708353332472
1347,Attack,Attack,0.9991355291646669,0.0008644708353332472
1348,Attack,Attack,0.9991355291646669,0.0008644708353332472
1349,Attack,Attack,0.9991355291646669,0.0008644708353332472
1350,Attack,Attack,0.9991355291646669,0.0008644708353332472
1351,Attack,Attack,0.9991355291646669,0.0008644708353332472
1352,Attack,Attack,0.9991355291646669,0.0008644708353332472
1353,Attack,Attack,0.9991355291646669,0.0008644708353332472
1354,Attack,Attack,0.9991355291646669,0.0008644708353332472
1355,Attack,Attack,0.9991355291646669,0.0008644708353332472
1356,Attack,Attack,0.9991355291646669,0.0008644708353332472
1357,Attack,Attack,0.9991355291646669,0.0008644708353332472
1358,Attack,Attack,0.9991355291646669,0.0008644708353332472
1359,Attack,Attack,0.9991355291646669,0.0008644708353332472
1360,Attack,Attack,0.9991355291646669,0.0008644708353332472
1361,Attack,Attack,0.9991355291646669,0.0008644708353332472
1362,Attack,Attack,0.9991355291646669,0.0008644708353332472
1363,Attack,Attack,0.9991355291646669,0.0008644708353332472
1364,Attack,Attack,0.9991355291646669,0.0008644708353332472
1365,Attack,Attack,0.9991355291646669,0.0008644708353332472
1366,Attack,Attack,0.9991355291646669,0.0008644708353332472
1367,Attack,Attack,0.9991355291646669,0.0008644708353332472
1368,Attack,Attack,0.9991355291646669,0.0008644708353332472
1369,Attack,Attack,0.9991355291646669,0.0008644708353332472
1370,Attack,Attack,0.9991355291646669,0.0008644708353332472
1371,Attack,Attack,0.9991355291646669,0.0008644708353332472
1372,Attack,Attack,0.9991355291646669,0.0008644708353332472
1373,Attack,Attack,0.9991355291646669,0.0008644708353332472
1374,Attack,Attack,0.9991355291646669,0.0008644708353332472
1375,Attack,Attack,0.9991355291646669,0.0008644708353332472
1376,Attack,Attack,0.9991355291646669,0.0008644708353332472
1377,Attack,Attack,0.9991355291646669,0.0008644708353332472
1378,Attack,Attack,0.9991355291646669,0.0008644708353332472
1379,Attack,Attack,0.9991355291646669,0.0008644708353332472
1380,Attack,Attack,0.9991355291646669,0.0008644708353332472
1381,Attack,Attack,0.9991355291646669,0.0008644708353332472
1382,Attack,Attack,0.9991355291646669,0.0008644708353332472
1383,Attack,Attack,0.9991355291646669,0.0008644708353332472
1384,Attack,Attack,0.9991355291646669,0.0008644708353332472
1385,Attack,Attack,0.9991355291646669,0.0008644708353332472
1386,Attack,Attack,0.9991355291646669,0.0008644708353332472
1387,Attack,Attack,0.9991355291646669,0.0008644708353332472
1388,Attack,Attack,0.9991355291646669,0.0008644708353332472
1389,Attack,Attack,0.9991355291646669,0.0008644708353332472
1390,Attack,Attack,0.9991355291646669,0.0008644708353332472
1391,Attack,Attack,0.9991355291646669,0.0008644708353332472
1392,Attack,Attack,0.9991355291646669,0.0008644708353332472
1393,Attack,Attack,0.9991355291646669,0.0008644708353332472
1394,Attack,Attack,0.9991355291646669,0.0008644708353332472
1395,Attack,Attack,0.9991355291646669,0.0008644708353332472
1396,Attack,Attack,0.9991355291646669,0.0008644708353332472
1397,Attack,Attack,0.9991355291646669,0.0008644708353332472
1398,Attack,Attack,0.9991355291646669,0.0008644708353332472
1399,Attack,Attack,0.9991355291646669,0.0008644708353332472
1400,Attack,Attack,0.9991355291646669,0.0008644708353332472
1401,Attack,Attack,0.9991355291646669,0.0008644708353332472
1402,Attack,Attack,0.9991355291646669,0.0008644708353332472
1403,Attack,Attack,0.9991355291646669,0.0008644708353332472
1404,Attack,Attack,0.9991355291646669,0.0008644708353332472
1405,Attack,Attack,0.9991355291646669,0.0008644708353332472
1406,Attack,Attack,0.9991355291646669,0.0008644708353332472
1407,Attack,Attack,0.9991355291646669,0.0008644708353332472
1408,Attack,Attack,0.9991355291646669,0.0008644708353332472
1409,Attack,Attack,0.9991355291646669,0.0008644708353332472
1410,Attack,Attack,0.9991355291646669,0.0008644708353332472
1411,Attack,Attack,0.9991355291646669,0.0008644708353332472
1412,Attack,Attack,0.9991355291646669,0.0008644708353332472
1413,Attack,Attack,0.9991355291646669,0.0008644708353332472
1414,Benign,Benign,0.0,1.0
1415,Attack,Attack,0.9991355291646669,0.0008644708353332472
1416,Attack,Attack,0.9991355291646669,0.0008644708353332472
1417,Attack,Attack,0.9991355291646669,0.0008644708353332472
1418,Attack,Attack,0.9991355291646669,0.0008644708353332472
1419,Attack,Attack,0.9991355291646669,0.0008644708353332472
1420,Attack,Attack,0.9991355291646669,0.0008644708353332472
1421,Attack,Attack,0.9991355291646669,0.0008644708353332472
1422,Attack,Attack,0.9991355291646669,0.0008644708353332472
1423,Attack,Attack,0.9991355291646669,0.0008644708353332472
1424,Attack,Attack,0.9991355291646669,0.0008644708353332472
1425,Attack,Attack,0.9991355291646669,0.0008644708353332472
1426,Attack,Attack,0.9991355291646669,0.0008644708353332472
1427,Attack,Attack,0.9991355291646669,0.0008644708353332472
1428,Attack,Attack,0.9991355291646669,0.0008644708353332472
1429,Attack,Attack,0.9991355291646669,0.0008644708353332472
1430,Attack,Attack,0.9991355291646669,0.0008644708353332472
1431,Attack,Attack,0.9991355291646669,0.0008644708353332472
1432,Attack,Attack,0.9991355291646669,0.0008644708353332472
1433,Attack,Attack,0.9991355291646669,0.0008644708353332472
1434,Attack,Attack,0.9991355291646669,0.0008644708353332472
1435,Attack,Attack,0.9991355291646669,0.0008644708353332472
1436,Attack,Attack,0.9991355291646669,0.0008644708353332472
1437,Attack,Attack,0.9991355291646669,0.0008644708353332472
1438,Attack,Attack,0.9991355291646669,0.0008644708353332472
1439,Attack,Attack,0.9991355291646669,0.0008644708353332472
1440,Attack,Attack,0.9991355291646669,0.0008644708353332472
1441,Attack,Attack,0.9991355291646669,0.0008644708353332472
1442,Attack,Attack,0.9991355291646669,0.0008644708353332472
1443,Attack,Attack,0.9991355291646669,0.0008644708353332472
1444,Attack,Attack,0.9991355291646669,0.0008644708353332472
1445,Attack,Attack,0.9991355291646669,0.0008644708353332472
1446,Attack,Attack,0.9991355291646669,0.0008644708353332472
1447,Attack,Attack,0.9991355291646669,0.0008644708353332472
1448,Attack,Attack,0.9991355291646669,0.0008644708353332472
1449,Attack,Attack,0.9991355291646669,0.0008644708353332472
1450,Attack,Attack,0.9991355291646669,0.0008644708353332472
1451,Attack,Attack,0.9991355291646669,0.0008644708353332472
1452,Attack,Attack,0.9991355291646669,0.0008644708353332472
1453,Attack,Attack,0.9991355291646669,0.0008644708353332472
1454,Attack,Attack,0.9991355291646669,0.0008644708353332472
1455,Attack,Attack,0.9991355291646669,0.0008644708353332472
1456,Attack,Attack,0.9991355291646669,0.0008644708353332472
1457,Attack,Attack,0.9991355291646669,0.0008644708353332472
1458,Attack,Attack,0.9991355291646669,0.0008644708353332472
1459,Attack,Attack,0.9991355291646669,0.0008644708353332472
1460,Attack,Attack,0.9991355291646669,0.0008644708353332472
1461,Attack,Attack,0.9991355291646669,0.0008644708353332472
1462,Attack,Attack,0.9991355291646669,0.0008644708353332472
1463,Attack,Attack,0.9991355291646669,0.0008644708353332472
1464,Attack,Attack,0.9991355291646669,0.0008644708353332472
1465,Attack,Attack,0.9991355291646669,0.0008644708353332472
1466,Attack,Attack,0.9991355291646669,0.0008644708353332472
1467,Attack,Attack,0.9991355291646669,0.0008644708353332472
1468,Attack,Attack,0.9991355291646669,0.0008644708353332472
1469,Attack,Attack,0.9991355291646669,0.0008644708353332472
1470,Attack,Attack,0.9991355291646669,0.0008644708353332472
1471,Attack,Attack,0.9991355291646669,0.0008644708353332472
1472,Attack,Attack,0.9991355291646669,0.0008644708353332472
1473,Attack,Attack,0.9991355291646669,0.0008644708353332472
1474,Attack,Attack,0.9991355291646669,0.0008644708353332472
1475,Attack,Attack,0.9991355291646669,0.0008644708353332472
1476,Attack,Attack,0.9991355291646669,0.0008644708353332472
1477,Attack,Attack,0.9991355291646669,0.0008644708353332472
1478,Attack,Attack,0.9991355291646669,0.0008644708353332472
1479,Attack,Attack,0.9991355291646669,0.0008644708353332472
1480,Attack,Attack,0.9991355291646669,0.0008644708353332472
1481,Attack,Attack,0.9991355291646669,0.0008644708353332472
1482,Attack,Attack,0.9991355291646669,0.0008644708353332472
1483,Attack,Attack,0.9991355291646669,0.0008644708353332472
1484,Attack,Attack,0.9991355291646669,0.0008644708353332472
1485,Attack,Attack,0.9991355291646669,0.0008644708353332472
1486,Attack,Attack,0.9991355291646669,0.0008644708353332472
1487,Attack,Attack,0.9991355291646669,0.0008644708353332472
1488,Attack,Attack,0.9991355291646669,0.0008644708353332472
1489,Attack,Attack,0.9991355291646669,0.0008644708353332472
1490,Attack,Attack,0.9991355291646669,0.0008644708353332472
1491,Attack,Attack,0.9991355291646669,0.0008644708353332472
1492,Attack,Attack,0.9991355291646669,0.0008644708353332472
1493,Attack,Attack,0.9991355291646669,0.0008644708353332472
1494,Attack,Attack,0.9991355291646669,0.0008644708353332472
1495,Attack,Attack,0.9991355291646669,0.0008644708353332472
1496,Attack,Attack,0.9991355291646669,0.0008644708353332472
1497,Attack,Attack,0.9991355291646669,0.0008644708353332472
1498,Attack,Attack,0.9991355291646669,0.0008644708353332472
1499,Attack,Attack,0.9991355291646669,0.0008644708353332472
1500,Attack,Attack,0.9991355291646669,0.0008644708353332472
1501,Attack,Attack,0.9991355291646669,0.0008644708353332472
1502,Attack,Attack,0.9991355291646669,0.0008644708353332472
1503,Attack,Attack,0.9991355291646669,0.0008644708353332472
1504,Attack,Attack,0.9991355291646669,0.0008644708353332472
1505,Attack,Attack,0.9991355291646669,0.0008644708353332472
1506,Attack,Attack,0.9991355291646669,0.0008644708353332472
1507,Attack,Attack,0.9991355291646669,0.0008644708353332472
1508,Attack,Attack,0.9991355291646669,0.0008644708353332472
1509,Attack,Attack,0.9991355291646669,0.0008644708353332472
1510,Attack,Attack,0.9991355291646669,0.0008644708353332472
1511,Attack,Attack,0.9991355291646669,0.0008644708353332472
1512,Attack,Attack,0.9991355291646669,0.0008644708353332472
1513,Attack,Attack,0.9991355291646669,0.0008644708353332472
1514,Attack,Attack,0.9991355291646669,0.0008644708353332472
1515,Attack,Attack,0.9991355291646669,0.0008644708353332472
1516,Attack,Attack,0.9991355291646669,0.0008644708353332472
1517,Attack,Attack,0.9991355291646669,0.0008644708353332472
1518,Attack,Attack,0.9991355291646669,0.0008644708353332472
1519,Attack,Attack,0.9991355291646669,0.0008644708353332472
1520,Attack,Attack,0.9991355291646669,0.0008644708353332472
1521,Attack,Attack,0.9991355291646669,0.0008644708353332472
1522,Attack,Attack,0.9991355291646669,0.0008644708353332472
1523,Attack,Attack,0.9991355291646669,0.0008644708353332472
1524,Attack,Attack,0.9991355291646669,0.0008644708353332472
1525,Attack,Attack,0.9991355291646669,0.0008644708353332472
1526,Attack,Attack,0.9991355291646669,0.0008644708353332472
1527,Attack,Attack,0.9991355291646669,0.0008644708353332472
1528,Attack,Attack,0.9991355291646669,0.0008644708353332472
1529,Attack,Attack,0.9991355291646669,0.0008644708353332472
1530,Attack,Attack,0.9991355291646669,0.0008644708353332472
1531,Attack,Attack,0.9991355291646669,0.0008644708353332472
1532,Attack,Attack,0.9991355291646669,0.0008644708353332472
1533,Attack,Attack,0.9991355291646669,0.0008644708353332472
1534,Attack,Attack,0.9991355291646669,0.0008644708353332472
1535,Attack,Attack,0.9991355291646669,0.0008644708353332472
1536,Attack,Attack,0.9991355291646669,0.0008644708353332472
1537,Attack,Attack,0.9991355291646669,0.0008644708353332472
1538,Attack,Attack,0.9991355291646669,0.0008644708353332472
1539,Attack,Attack,0.9991355291646669,0.0008644708353332472
1540,Attack,Attack,0.9991355291646669,0.0008644708353332472
1541,Attack,Attack,0.9991355291646669,0.0008644708353332472
1542,Attack,Attack,0.9991355291646669,0.0008644708353332472
1543,Attack,Attack,0.9991355291646669,0.0008644708353332472
1544,Attack,Attack,0.9991355291646669,0.0008644708353332472
1545,Attack,Attack,0.9991355291646669,0.0008644708353332472
1546,Attack,Attack,0.9991355291646669,0.0008644708353332472
1547,Attack,Attack,0.9991355291646669,0.0008644708353332472
1548,Attack,Attack,0.9991355291646669,0.0008644708353332472
1549,Attack,Attack,0.9991355291646669,0.0008644708353332472
1550,Attack,Attack,0.9991355291646669,0.0008644708353332472
1551,Attack,Attack,0.9991355291646669,0.0008644708353332472
1552,Attack,Attack,0.9991355291646669,0.0008644708353332472
1553,Attack,Attack,0.9991355291646669,0.0008644708353332472
1554,Attack,Attack,0.9991355291646669,0.0008644708353332472
1555,Attack,Attack,0.9991355291646669,0.0008644708353332472
1556,Attack,Attack,0.9991355291646669,0.0008644708353332472
1557,Attack,Attack,0.9991355291646669,0.0008644708353332472
1558,Attack,Attack,0.9991355291646669,0.0008644708353332472
1559,Attack,Attack,0.9991355291646669,0.0008644708353332472
1560,Attack,Attack,0.9991355291646669,0.0008644708353332472
1561,Attack,Attack,0.9991355291646669,0.0008644708353332472
1562,Attack,Attack,0.9991355291646669,0.0008644708353332472
1563,Attack,Attack,0.9991355291646669,0.0008644708353332472
1564,Attack,Attack,0.9991355291646669,0.0008644708353332472
1565,Attack,Attack,0.9991355291646669,0.0008644708353332472
1566,Attack,Attack,0.9991355291646669,0.0008644708353332472
1567,Attack,Attack,0.9991355291646669,0.0008644708353332472
1568,Attack,Attack,0.9991355291646669,0.0008644708353332472
1569,Attack,Attack,0.9991355291646669,0.0008644708353332472
1570,Attack,Attack,0.9991355291646669,0.0008644708353332472
1571,Attack,Attack,0.9991355291646669,0.0008644708353332472
1572,Attack,Attack,0.9991355291646669,0.0008644708353332472
1573,Attack,Attack,0.9991355291646669,0.0008644708353332472
1574,Attack,Attack,0.9991355291646669,0.0008644708353332472
1575,Attack,Attack,0.9991355291646669,0.0008644708353332472
1576,Attack,Attack,0.9991355291646669,0.0008644708353332472
1577,Attack,Attack,0.9991355291646669,0.0008644708353332472
1578,Attack,Attack,0.9991355291646669,0.0008644708353332472
1579,Attack,Attack,0.9991355291646669,0.0008644708353332472
1580,Attack,Attack,0.9991355291646669,0.0008644708353332472
1581,Attack,Attack,0.9991355291646669,0.0008644708353332472
1582,Attack,Attack,0.9991355291646669,0.0008644708353332472
1583,Attack,Attack,0.9991355291646669,0.0008644708353332472
1584,Attack,Attack,0.9991355291646669,0.0008644708353332472
1585,Attack,Attack,0.9991355291646669,0.0008644708353332472
1586,Attack,Attack,0.9991355291646669,0.0008644708353332472
1587,Attack,Attack,0.9991355291646669,0.0008644708353332472
1588,Attack,Attack,0.9991355291646669,0.0008644708353332472
1589,Attack,Attack,0.9991355291646669,0.0008644708353332472
1590,Attack,Attack,0.9991355291646669,0.0008644708353332472
1591,Attack,Attack,0.9991355291646669,0.0008644708353332472
1592,Attack,Attack,0.9991355291646669,0.0008644708353332472
1593,Attack,Attack,0.9991355291646669,0.0008644708353332472
1594,Attack,Attack,0.9991355291646669,0.0008644708353332472
1595,Attack,Attack,0.9991355291646669,0.0008644708353332472
1596,Attack,Attack,0.9991355291646669,0.0008644708353332472
1597,Attack,Attack,0.9991355291646669,0.0008644708353332472
1598,Attack,Attack,0.9991355291646669,0.0008644708353332472
1599,Attack,Attack,0.9991355291646669,0.0008644708353332472
1600,Attack,Attack,0.9991355291646669,0.0008644708353332472
1601,Attack,Attack,0.9991355291646669,0.0008644708353332472
1602,Attack,Attack,0.9991355291646669,0.0008644708353332472
1603,Attack,Attack,0.9991355291646669,0.0008644708353332472
1604,Attack,Attack,0.9991355291646669,0.0008644708353332472
1605,Attack,Attack,0.9991355291646669,0.0008644708353332472
1606,Attack,Attack,0.9991355291646669,0.0008644708353332472
1607,Attack,Attack,0.9991355291646669,0.0008644708353332472
1608,Attack,Attack,0.9991355291646669,0.0008644708353332472
1609,Attack,Attack,0.9991355291646669,0.0008644708353332472
1610,Attack,Attack,0.9991355291646669,0.0008644708353332472
1611,Attack,Attack,0.9991355291646669,0.0008644708353332472
1612,Attack,Attack,0.9991355291646669,0.0008644708353332472
1613,Attack,Attack,0.9991355291646669,0.0008644708353332472
1614,Attack,Attack,0.9991355291646669,0.0008644708353332472
1615,Attack,Attack,0.9991355291646669,0.0008644708353332472
1616,Attack,Attack,0.9991355291646669,0.0008644708353332472
1617,Attack,Attack,0.9991355291646669,0.0008644708353332472
1618,Attack,Attack,0.9991355291646669,0.0008644708353332472
1619,Benign,Benign,0.0,1.0
1620,Benign,Benign,0.0,1.0
1621,Benign,Benign,0.0,1.0
1622,Attack,Attack,0.9991355291646669,0.0008644708353332472
1623,Attack,Attack,0.9991355291646669,0.0008644708353332472
1624,Attack,Attack,0.9991355291646669,0.0008644708353332472
1625,Attack,Attack,0.9991355291646669,0.0008644708353332472
1626,Attack,Attack,0.9991355291646669,0.0008644708353332472
1627,Attack,Attack,0.9991355291646669,0.0008644708353332472
1628,Attack,Attack,0.9991355291646669,0.0008644708353332472
1629,Attack,Attack,0.9991355291646669,0.0008644708353332472
1630,Attack,Attack,0.9991355291646669,0.0008644708353332472
1631,Attack,Attack,0.9991355291646669,0.0008644708353332472
1632,Attack,Attack,0.9991355291646669,0.0008644708353332472
1633,Attack,Attack,0.9991355291646669,0.0008644708353332472
1634,Attack,Attack,0.9991355291646669,0.0008644708353332472
1635,Attack,Attack,0.9991355291646669,0.0008644708353332472
1636,Attack,Attack,0.9991355291646669,0.0008644708353332472
1637,Attack,Attack,0.9991355291646669,0.0008644708353332472
1638,Attack,Attack,0.9991355291646669,0.0008644708353332472
1639,Attack,Attack,0.9991355291646669,0.0008644708353332472
1640,Attack,Attack,0.9991355291646669,0.0008644708353332472
1641,Attack,Attack,0.9991355291646669,0.0008644708353332472
1642,Attack,Attack,0.9991355291646669,0.0008644708353332472
1643,Attack,Attack,0.9991355291646669,0.0008644708353332472
1644,Attack,Attack,0.9991355291646669,0.0008644708353332472
1645,Attack,Attack,0.9991355291646669,0.0008644708353332472
1646,Attack,Attack,0.9991355291646669,0.0008644708353332472
1647,Attack,Attack,0.9991355291646669,0.0008644708353332472
1648,Attack,Attack,0.9991355291646669,0.0008644708353332472
1649,Attack,Attack,0.9991355291646669,0.0008644708353332472
1650,Attack,Attack,0.9991355291646669,0.0008644708353332472
1651,Attack,Attack,0.9991355291646669,0.0008644708353332472
1652,Attack,Attack,0.9991355291646669,0.0008644708353332472
1653,Attack,Attack,0.9991355291646669,0.0008644708353332472
1654,Attack,Attack,0.9991355291646669,0.0008644708353332472
1655,Attack,Attack,0.9991355291646669,0.0008644708353332472
1656,Attack,Attack,0.9991355291646669,0.0008644708353332472
1657,Attack,Attack,0.9991355291646669,0.0008644708353332472
1658,Attack,Attack,0.9991355291646669,0.0008644708353332472
1659,Attack,Attack,0.9991355291646669,0.0008644708353332472
1660,Attack,Attack,0.9991355291646669,0.0008644708353332472
1661,Attack,Attack,0.9991355291646669,0.0008644708353332472
1662,Attack,Attack,0.9991355291646669,0.0008644708353332472
1663,Attack,Attack,0.9991355291646669,0.0008644708353332472
1664,Attack,Attack,0.9991355291646669,0.0008644708353332472
1665,Attack,Attack,0.9991355291646669,0.0008644708353332472
1666,Attack,Attack,0.9991355291646669,0.0008644708353332472
1667,Attack,Attack,0.9991355291646669,0.0008644708353332472
1668,Attack,Attack,0.9991355291646669,0.0008644708353332472
1669,Attack,Attack,0.9991355291646669,0.0008644708353332472
1670,Attack,Attack,0.9991355291646669,0.0008644708353332472
1671,Attack,Attack,0.9991355291646669,0.0008644708353332472
1672,Attack,Attack,0.9991355291646669,0.0008644708353332472
1673,Attack,Attack,0.9991355291646669,0.0008644708353332472
1674,Attack,Attack,0.9991355291646669,0.0008644708353332472
1675,Attack,Attack,0.9991355291646669,0.0008644708353332472
1676,Attack,Attack,0.9991355291646669,0.0008644708353332472
1677,Attack,Attack,0.9991355291646669,0.0008644708353332472
1678,Attack,Attack,0.9991355291646669,0.0008644708353332472
1679,Attack,Attack,0.9991355291646669,0.0008644708353332472
1680,Attack,Attack,0.9991355291646669,0.0008644708353332472
1681,Attack,Attack,0.9991355291646669,0.0008644708353332472
1682,Attack,Attack,0.9991355291646669,0.0008644708353332472
1683,Attack,Attack,0.9991355291646669,0.0008644708353332472
1684,Attack,Attack,0.9991355291646669,0.0008644708353332472
1685,Attack,Attack,0.9991355291646669,0.0008644708353332472
1686,Attack,Attack,0.9991355291646669,0.0008644708353332472
1687,Attack,Attack,0.9991355291646669,0.0008644708353332472
1688,Attack,Attack,0.9991355291646669,0.0008644708353332472
1689,Attack,Attack,0.9991355291646669,0.0008644708353332472
1690,Attack,Attack,0.9991355291646669,0.0008644708353332472
1691,Attack,Attack,0.9991355291646669,0.0008644708353332472
1692,Attack,Attack,0.9991355291646669,0.0008644708353332472
1693,Attack,Attack,0.9991355291646669,0.0008644708353332472
1694,Attack,Attack,0.9991355291646669,0.0008644708353332472
1695,Attack,Attack,0.9991355291646669,0.0008644708353332472
1696,Attack,Attack,0.9991355291646669,0.0008644708353332472
1697,Attack,Attack,0.9991355291646669,0.0008644708353332472
1698,Attack,Attack,0.9991355291646669,0.0008644708353332472
1699,Attack,Attack,0.9991355291646669,0.0008644708353332472
1700,Attack,Attack,0.9991355291646669,0.0008644708353332472
1701,Attack,Attack,0.9991355291646669,0.0008644708353332472
1702,Attack,Attack,0.9991355291646669,0.0008644708353332472
1703,Attack,Attack,0.9991355291646669,0.0008644708353332472
1704,Attack,Attack,0.9991355291646669,0.0008644708353332472
1705,Attack,Attack,0.9991355291646669,0.0008644708353332472
1706,Attack,Attack,0.9991355291646669,0.0008644708353332472
1707,Attack,Attack,0.9991355291646669,0.0008644708353332472
1708,Attack,Attack,0.9991355291646669,0.0008644708353332472
1709,Attack,Attack,0.9991355291646669,0.0008644708353332472
1710,Attack,Attack,0.9991355291646669,0.0008644708353332472
1711,Attack,Attack,0.9991355291646669,0.0008644708353332472
1712,Attack,Attack,0.9991355291646669,0.0008644708353332472
1713,Attack,Attack,0.9991355291646669,0.0008644708353332472
1714,Attack,Attack,0.9991355291646669,0.0008644708353332472
1715,Attack,Attack,0.9991355291646669,0.0008644708353332472
1716,Attack,Attack,0.9991355291646669,0.0008644708353332472
1717,Attack,Attack,0.9991355291646669,0.0008644708353332472
1718,Attack,Attack,0.9991355291646669,0.0008644708353332472
1719,Attack,Attack,0.9991355291646669,0.0008644708353332472
1720,Attack,Attack,0.9991355291646669,0.0008644708353332472
1721,Attack,Attack,0.9991355291646669,0.0008644708353332472
1722,Attack,Attack,0.9991355291646669,0.0008644708353332472
1723,Attack,Attack,0.9991355291646669,0.0008644708353332472
1724,Attack,Attack,0.9991355291646669,0.0008644708353332472
1725,Attack,Attack,0.9991355291646669,0.0008644708353332472
1726,Attack,Attack,0.9991355291646669,0.0008644708353332472
1727,Attack,Attack,0.9991355291646669,0.0008644708353332472
1728,Attack,Attack,0.9991355291646669,0.0008644708353332472
1729,Attack,Attack,0.9991355291646669,0.0008644708353332472
1730,Attack,Attack,0.9991355291646669,0.0008644708353332472
1731,Attack,Attack,0.9991355291646669,0.0008644708353332472
1732,Attack,Attack,0.9991355291646669,0.0008644708353332472
1733,Attack,Attack,0.9991355291646669,0.0008644708353332472
1734,Attack,Attack,0.9991355291646669,0.0008644708353332472
1735,Attack,Attack,0.9991355291646669,0.0008644708353332472
1736,Attack,Attack,0.9991355291646669,0.0008644708353332472
1737,Attack,Attack,0.9991355291646669,0.0008644708353332472
1738,Attack,Attack,0.9991355291646669,0.0008644708353332472
1739,Attack,Attack,0.9991355291646669,0.0008644708353332472
1740,Attack,Attack,0.9991355291646669,0.0008644708353332472
1741,Attack,Attack,0.9991355291646669,0.0008644708353332472
1742,Attack,Attack,0.9991355291646669,0.0008644708353332472
1743,Attack,Attack,0.9991355291646669,0.0008644708353332472
1744,Attack,Attack,0.9991355291646669,0.0008644708353332472
1745,Attack,Attack,0.9991355291646669,0.0008644708353332472
1746,Attack,Attack,0.9991355291646669,0.0008644708353332472
1747,Attack,Attack,0.9991355291646669,0.0008644708353332472
1748,Attack,Attack,0.9991355291646669,0.0008644708353332472
1749,Attack,Attack,0.9991355291646669,0.0008644708353332472
1750,Attack,Attack,0.9991355291646669,0.0008644708353332472
1751,Attack,Attack,0.9991355291646669,0.0008644708353332472
1752,Attack,Attack,0.9991355291646669,0.0008644708353332472
1753,Attack,Attack,0.9991355291646669,0.0008644708353332472
1754,Attack,Attack,0.9991355291646669,0.0008644708353332472
1755,Attack,Attack,0.9991355291646669,0.0008644708353332472
1756,Attack,Attack,0.9991355291646669,0.0008644708353332472
1757,Attack,Attack,0.9991355291646669,0.0008644708353332472
1758,Attack,Attack,0.9991355291646669,0.0008644708353332472
1759,Attack,Attack,0.9991355291646669,0.0008644708353332472
1760,Attack,Attack,0.9991355291646669,0.0008644708353332472
1761,Attack,Attack,0.9991355291646669,0.0008644708353332472
1762,Attack,Attack,0.9991355291646669,0.0008644708353332472
1763,Attack,Attack,0.9991355291646669,0.0008644708353332472
1764,Attack,Attack,0.9991355291646669,0.0008644708353332472
1765,Attack,Attack,0.9991355291646669,0.0008644708353332472
1766,Attack,Attack,0.9991355291646669,0.0008644708353332472
1767,Attack,Attack,0.9991355291646669,0.0008644708353332472
1768,Attack,Attack,0.9991355291646669,0.0008644708353332472
1769,Attack,Attack,0.9991355291646669,0.0008644708353332472
1770,Attack,Attack,0.9991355291646669,0.0008644708353332472
1771,Attack,Attack,0.9991891129055169,0.000810887094483173
1772,Attack,Attack,0.9991891129055169,0.000810887094483173
1773,Attack,Attack,0.9991891129055169,0.000810887094483173
1774,Attack,Attack,0.9991891129055169,0.000810887094483173
1775,Attack,Attack,0.9991891129055169,0.000810887094483173
1776,Attack,Attack,0.9991891129055169,0.000810887094483173
1777,Attack,Attack,0.9991891129055169,0.000810887094483173
1778,Attack,Attack,0.9991891129055169,0.000810887094483173
1779,Attack,Attack,0.9991891129055169,0.000810887094483173
1780,Attack,Attack,0.9991891129055169,0.000810887094483173
1781,Attack,Attack,0.9991891129055169,0.000810887094483173
1782,Attack,Attack,0.9991891129055169,0.000810887094483173
1783,Attack,Attack,0.9991891129055169,0.000810887094483173
1784,Attack,Attack,0.9991891129055169,0.000810887094483173
1785,Attack,Attack,0.9991891129055169,0.000810887094483173
1786,Attack,Attack,0.9991891129055169,0.000810887094483173
1787,Attack,Attack,0.9991891129055169,0.000810887094483173
1788,Attack,Attack,0.9991891129055169,0.000810887094483173
1789,Attack,Attack,0.9991891129055169,0.000810887094483173
1790,Attack,Attack,0.9991891129055169,0.000810887094483173
1791,Attack,Attack,0.9991891129055169,0.000810887094483173
1792,Attack,Attack,0.9991891129055169,0.000810887094483173
1793,Attack,Attack,0.9991891129055169,0.000810887094483173
1794,Attack,Attack,0.9991891129055169,0.000810887094483173
1795,Attack,Attack,0.9991891129055169,0.000810887094483173
1796,Attack,Attack,0.9991891129055169,0.000810887094483173
1797,Attack,Attack,0.9991891129055169,0.000810887094483173
1798,Attack,Attack,0.9991891129055169,0.000810887094483173
1799,Attack,Attack,0.9991891129055169,0.000810887094483173
1800,Attack,Attack,0.9991891129055169,0.000810887094483173
1801,Attack,Attack,0.9991891129055169,0.000810887094483173
1802,Attack,Attack,0.9991891129055169,0.000810887094483173
1803,Attack,Attack,0.9991891129055169,0.000810887094483173
1804,Attack,Attack,0.9991891129055169,0.000810887094483173
1805,Attack,Attack,0.9991891129055169,0.000810887094483173
1806,Attack,Attack,0.9991891129055169,0.000810887094483173
1807,Attack,Attack,0.9991891129055169,0.000810887094483173
1808,Attack,Attack,0.9991891129055169,0.000810887094483173
1809,Attack,Attack,0.9991891129055169,0.000810887094483173
1810,Attack,Attack,0.9991891129055169,0.000810887094483173
1811,Attack,Attack,0.9991891129055169,0.000810887094483173
1812,Attack,Attack,0.9991891129055169,0.000810887094483173
1813,Attack,Attack,0.9991891129055169,0.000810887094483173
1814,Attack,Attack,0.9991891129055169,0.000810887094483173
1815,Attack,Attack,0.9991891129055169,0.000810887094483173
1816,Attack,Attack,0.9991891129055169,0.000810887094483173
1817,Attack,Attack,0.9991891129055169,0.000810887094483173
1818,Attack,Attack,0.9991891129055169,0.000810887094483173
1819,Attack,Attack,0.9991891129055169,0.000810887094483173
1820,Attack,Attack,0.9991891129055169,0.000810887094483173
1821,Attack,Attack,0.9991891129055169,0.000810887094483173
1822,Attack,Attack,0.9991891129055169,0.000810887094483173
1823,Attack,Attack,0.9991891129055169,0.000810887094483173
1824,Attack,Attack,0.9991891129055169,0.000810887094483173
1825,Attack,Attack,0.9991891129055169,0.000810887094483173
1826,Attack,Attack,0.9991891129055169,0.000810887094483173
1827,Attack,Attack,0.9991891129055169,0.000810887094483173
1828,Attack,Attack,0.9991891129055169,0.000810887094483173
1829,Attack,Attack,0.9991891129055169,0.000810887094483173
1830,Attack,Attack,0.9991891129055169,0.000810887094483173
1831,Attack,Attack,0.9991891129055169,0.000810887094483173
1832,Attack,Attack,0.9991891129055169,0.000810887094483173
1833,Attack,Attack,0.9991891129055169,0.000810887094483173
1834,Attack,Attack,0.9991891129055169,0.000810887094483173
1835,Attack,Attack,0.9991891129055169,0.000810887094483173
1836,Attack,Attack,0.9991891129055169,0.000810887094483173
1837,Attack,Attack,0.9991891129055169,0.000810887094483173
1838,Attack,Attack,0.9991891129055169,0.000810887094483173
1839,Attack,Attack,0.9991891129055169,0.000810887094483173
1840,Attack,Attack,0.9991891129055169,0.000810887094483173
1841,Attack,Attack,0.9991891129055169,0.000810887094483173
1842,Attack,Attack,0.9991891129055169,0.000810887094483173
1843,Attack,Attack,0.9991891129055169,0.000810887094483173
1844,Attack,Attack,0.9991891129055169,0.000810887094483173
1845,Attack,Attack,0.9991891129055169,0.000810887094483173
1846,Attack,Attack,0.9991891129055169,0.000810887094483173
1847,Attack,Attack,0.9991891129055169,0.000810887094483173
1848,Attack,Attack,0.9991891129055169,0.000810887094483173
1849,Attack,Attack,0.9991891129055169,0.000810887094483173
1850,Attack,Attack,0.9991891129055169,0.000810887094483173
1851,Attack,Attack,0.9991891129055169,0.000810887094483173
1852,Attack,Attack,0.9991891129055169,0.000810887094483173
1853,Attack,Attack,0.9991891129055169,0.000810887094483173
1854,Attack,Attack,0.9991891129055169,0.000810887094483173
1855,Attack,Attack,0.9991891129055169,0.000810887094483173
1856,Attack,Attack,0.9991891129055169,0.000810887094483173
1857,Attack,Attack,0.9991891129055169,0.000810887094483173
1858,Attack,Attack,0.9991891129055169,0.000810887094483173
1859,Attack,Attack,0.9991891129055169,0.000810887094483173
1860,Attack,Attack,0.9991891129055169,0.000810887094483173
1861,Attack,Attack,0.9991891129055169,0.000810887094483173
1862,Attack,Attack,0.9991891129055169,0.000810887094483173
1863,Attack,Attack,0.9991891129055169,0.000810887094483173
1864,Attack,Attack,0.9991891129055169,0.000810887094483173
1865,Attack,Attack,0.9991891129055169,0.000810887094483173
1866,Attack,Attack,0.9991891129055169,0.000810887094483173
1867,Attack,Attack,0.9991891129055169,0.000810887094483173
1868,Attack,Attack,0.9991891129055169,0.000810887094483173
1869,Attack,Attack,0.9991891129055169,0.000810887094483173
1870,Attack,Attack,0.9991891129055169,0.000810887094483173
1871,Attack,Attack,0.9991891129055169,0.000810887094483173
1872,Attack,Attack,0.9991891129055169,0.000810887094483173
1873,Attack,Attack,0.9991891129055169,0.000810887094483173
1874,Attack,Attack,0.9991891129055169,0.000810887094483173
1875,Attack,Attack,0.9991891129055169,0.000810887094483173
1876,Attack,Attack,0.9991891129055169,0.000810887094483173
1877,Attack,Attack,0.9991891129055169,0.000810887094483173
1878,Attack,Attack,0.9991891129055169,0.000810887094483173
1879,Attack,Attack,0.9991891129055169,0.000810887094483173
1880,Attack,Attack,0.9991891129055169,0.000810887094483173
1881,Attack,Attack,0.9991891129055169,0.000810887094483173
1882,Attack,Attack,0.9991891129055169,0.000810887094483173
1883,Attack,Attack,0.9991891129055169,0.000810887094483173
1884,Attack,Attack,0.9991891129055169,0.000810887094483173
1885,Attack,Attack,0.9991891129055169,0.000810887094483173
1886,Attack,Attack,0.9991891129055169,0.000810887094483173
1887,Attack,Attack,0.9991891129055169,0.000810887094483173
1888,Attack,Attack,0.9991891129055169,0.000810887094483173
1889,Attack,Attack,0.9991891129055169,0.000810887094483173
1890,Attack,Attack,0.9991891129055169,0.000810887094483173
1891,Attack,Attack,0.9991891129055169,0.000810887094483173
1892,Attack,Attack,0.9991891129055169,0.000810887094483173
1893,Attack,Attack,0.9991891129055169,0.000810887094483173
1894,Attack,Attack,0.9991891129055169,0.000810887094483173
1895,Attack,Attack,0.9991891129055169,0.000810887094483173
1896,Attack,Attack,0.9991891129055169,0.000810887094483173
1897,Attack,Attack,0.9991891129055169,0.000810887094483173
1898,Attack,Attack,0.9991891129055169,0.000810887094483173
1899,Attack,Attack,0.9991891129055169,0.000810887094483173
1900,Attack,Attack,0.9991891129055169,0.000810887094483173
1901,Attack,Attack,0.9991891129055169,0.000810887094483173
1902,Attack,Attack,0.9991891129055169,0.000810887094483173
1903,Attack,Attack,0.9991891129055169,0.000810887094483173
1904,Attack,Attack,0.9991891129055169,0.000810887094483173
1905,Attack,Attack,0.9991891129055169,0.000810887094483173
1906,Attack,Attack,0.9991891129055169,0.000810887094483173
1907,Attack,Attack,0.9991891129055169,0.000810887094483173
1908,Attack,Attack,0.9991891129055169,0.000810887094483173
1909,Attack,Attack,0.9991891129055169,0.000810887094483173
1910,Attack,Attack,0.9991891129055169,0.000810887094483173
1911,Attack,Attack,0.9991891129055169,0.000810887094483173
1912,Attack,Attack,0.9991891129055169,0.000810887094483173
1913,Attack,Attack,0.9991891129055169,0.000810887094483173
1914,Attack,Attack,0.9991891129055169,0.000810887094483173
1915,Attack,Attack,0.9991891129055169,0.000810887094483173
1916,Attack,Attack,0.9991891129055169,0.000810887094483173
1917,Attack,Attack,0.9991891129055169,0.000810887094483173
1918,Attack,Attack,0.9991891129055169,0.000810887094483173
1919,Attack,Attack,0.9991891129055169,0.000810887094483173
1920,Attack,Attack,0.9991891129055169,0.000810887094483173
1921,Attack,Attack,0.9991891129055169,0.000810887094483173
1922,Attack,Attack,0.9991891129055169,0.000810887094483173
1923,Attack,Attack,0.9991891129055169,0.000810887094483173
1924,Attack,Attack,0.9991891129055169,0.000810887094483173
1925,Attack,Attack,0.9991891129055169,0.000810887094483173
1926,Attack,Attack,0.9991891129055169,0.000810887094483173
1927,Attack,Attack,0.9991891129055169,0.000810887094483173
1928,Attack,Attack,0.9991891129055169,0.000810887094483173
1929,Attack,Attack,0.9991891129055169,0.000810887094483173
1930,Attack,Attack,0.9991891129055169,0.000810887094483173
1931,Attack,Attack,0.9991891129055169,0.000810887094483173
1932,Attack,Attack,0.9991891129055169,0.000810887094483173
1933,Attack,Attack,0.9991891129055169,0.000810887094483173
1934,Attack,Attack,0.9991891129055169,0.000810887094483173
1935,Attack,Attack,0.9991891129055169,0.000810887094483173
1936,Attack,Attack,0.9991891129055169,0.000810887094483173
1937,Attack,Attack,0.9991891129055169,0.000810887094483173
1938,Attack,Attack,0.9991891129055169,0.000810887094483173
1939,Attack,Attack,0.9991891129055169,0.000810887094483173
1940,Attack,Attack,0.9991891129055169,0.000810887094483173
1941,Attack,Attack,0.9991891129055169,0.000810887094483173
1942,Attack,Attack,0.9991891129055169,0.000810887094483173
1943,Attack,Attack,0.9991891129055169,0.000810887094483173
1944,Attack,Attack,0.9991891129055169,0.000810887094483173
1945,Attack,Attack,0.9991891129055169,0.000810887094483173
1946,Attack,Attack,0.9991891129055169,0.000810887094483173
1947,Attack,Attack,0.9991891129055169,0.000810887094483173
1948,Attack,Attack,0.9991891129055169,0.000810887094483173
1949,Attack,Attack,0.9991891129055169,0.000810887094483173
1950,Attack,Attack,0.9991891129055169,0.000810887094483173
1951,Attack,Attack,0.9991891129055169,0.000810887094483173
1952,Attack,Attack,0.9991891129055169,0.000810887094483173
1953,Attack,Attack,0.9991891129055169,0.000810887094483173
1954,Attack,Attack,0.9991891129055169,0.000810887094483173
1955,Attack,Attack,0.9991891129055169,0.000810887094483173
1956,Attack,Attack,0.9991891129055169,0.000810887094483173
1957,Attack,Attack,0.9991891129055169,0.000810887094483173
1958,Attack,Attack,0.9991891129055169,0.000810887094483173
1959,Attack,Attack,0.9991891129055169,0.000810887094483173
1960,Attack,Attack,0.9991891129055169,0.000810887094483173
1961,Attack,Attack,0.9991891129055169,0.000810887094483173
1962,Attack,Attack,0.9991891129055169,0.000810887094483173
1963,Attack,Attack,0.9991891129055169,0.000810887094483173
1964,Attack,Attack,0.9991891129055169,0.000810887094483173
1965,Attack,Attack,0.9991891129055169,0.000810887094483173
1966,Attack,Attack,0.9991891129055169,0.000810887094483173
1967,Attack,Attack,0.9991891129055169,0.000810887094483173
1968,Attack,Attack,0.9991891129055169,0.000810887094483173
1969,Attack,Attack,0.9991891129055169,0.000810887094483173
1970,Attack,Attack,0.9991891129055169,0.000810887094483173
1971,Attack,Attack,0.9991891129055169,0.000810887094483173
1972,Attack,Attack,0.9991891129055169,0.000810887094483173
1973,Attack,Attack,0.9991891129055169,0.000810887094483173
1974,Attack,Attack,0.9991891129055169,0.000810887094483173
1975,Attack,Attack,0.9991891129055169,0.000810887094483173
1976,Attack,Attack,0.9991891129055169,0.000810887094483173
1977,Attack,Attack,0.9991891129055169,0.000810887094483173
1978,Attack,Attack,0.9991891129055169,0.000810887094483173
1979,Attack,Attack,0.9991891129055169,0.000810887094483173
1980,Attack,Attack,0.9991891129055169,0.000810887094483173
1981,Attack,Attack,0.9991891129055169,0.000810887094483173
1982,Attack,Attack,0.9991891129055169,0.000810887094483173
1983,Attack,Attack,0.9991891129055169,0.000810887094483173
1984,Attack,Attack,0.9991891129055169,0.000810887094483173
1985,Attack,Attack,0.9991891129055169,0.000810887094483173
1986,Attack,Attack,0.9991891129055169,0.000810887094483173
1987,Attack,Attack,0.9991891129055169,0.000810887094483173
1988,Attack,Attack,0.9991891129055169,0.000810887094483173
1989,Attack,Attack,0.9991891129055169,0.000810887094483173
1990,Attack,Attack,0.9991891129055169,0.000810887094483173
1991,Attack,Attack,0.9991891129055169,0.000810887094483173
1992,Attack,Attack,0.9991891129055169,0.000810887094483173
1993,Attack,Attack,0.9991891129055169,0.000810887094483173
1994,Attack,Attack,0.9991891129055169,0.000810887094483173
1995,Attack,Attack,0.9991891129055169,0.000810887094483173
1996,Attack,Attack,0.9991891129055169,0.000810887094483173
1997,Attack,Attack,0.9991891129055169,0.000810887094483173
1998,Attack,Attack,0.9991891129055169,0.000810887094483173
1999,Attack,Attack,0.9991891129055169,0.000810887094483173
2000,Attack,Attack,0.9991891129055169,0.000810887094483173
2001,Attack,Attack,0.9991891129055169,0.000810887094483173
2002,Attack,Attack,0.9991891129055169,0.000810887094483173
2003,Attack,Attack,0.9991891129055169,0.000810887094483173
2004,Attack,Attack,0.9991891129055169,0.000810887094483173
2005,Attack,Attack,0.9991891129055169,0.000810887094483173
2006,Attack,Attack,0.9991891129055169,0.000810887094483173
2007,Attack,Attack,0.9991891129055169,0.000810887094483173
2008,Attack,Attack,0.9991891129055169,0.000810887094483173
2009,Attack,Attack,0.9991891129055169,0.000810887094483173
2010,Attack,Attack,0.9991891129055169,0.000810887094483173
2011,Attack,Attack,0.9991891129055169,0.000810887094483173
2012,Attack,Attack,0.9991891129055169,0.000810887094483173
2013,Attack,Attack,0.9991891129055169,0.000810887094483173
2014,Attack,Attack,0.9991891129055169,0.000810887094483173
2015,Attack,Attack,0.9991891129055169,0.000810887094483173
2016,Attack,Attack,0.9991891129055169,0.000810887094483173
2017,Attack,Attack,0.9991891129055169,0.000810887094483173
2018,Attack,Attack,0.9991891129055169,0.000810887094483173
2019,Attack,Attack,0.9991891129055169,0.000810887094483173
2020,Attack,Attack,0.9991891129055169,0.000810887094483173
2021,Attack,Attack,0.9991891129055169,0.000810887094483173
2022,Attack,Attack,0.9991891129055169,0.000810887094483173
2023,Attack,Attack,0.9991891129055169,0.000810887094483173
2024,Attack,Attack,0.9991891129055169,0.000810887094483173
2025,Attack,Attack,0.9991891129055169,0.000810887094483173
2026,Attack,Attack,0.9991891129055169,0.000810887094483173
2027,Attack,Attack,0.9991891129055169,0.000810887094483173
2028,Attack,Attack,0.9991891129055169,0.000810887094483173
2029,Attack,Attack,0.9991891129055169,0.000810887094483173
2030,Benign,Benign,0.0,1.0
2031,Attack,Attack,0.9991891129055169,0.000810887094483173
2032,Attack,Attack,0.9991891129055169,0.000810887094483173
2033,Attack,Attack,0.9991891129055169,0.000810887094483173
2034,Attack,Attack,0.9991891129055169,0.000810887094483173
2035,Attack,Attack,0.9991891129055169,0.000810887094483173
2036,Attack,Attack,0.9991891129055169,0.000810887094483173
2037,Attack,Attack,0.9991891129055169,0.000810887094483173
2038,Attack,Attack,0.9991891129055169,0.000810887094483173
2039,Attack,Attack,0.9991891129055169,0.000810887094483173
2040,Attack,Attack,0.9991891129055169,0.000810887094483173
2041,Attack,Attack,0.9991891129055169,0.000810887094483173
2042,Attack,Attack,0.9991891129055169,0.000810887094483173
2043,Attack,Attack,0.9991891129055169,0.000810887094483173
2044,Attack,Attack,0.9991891129055169,0.000810887094483173
2045,Attack,Attack,0.9991891129055169,0.000810887094483173
2046,Attack,Attack,0.9991891129055169,0.000810887094483173
2047,Attack,Attack,0.9991891129055169,0.000810887094483173
2048,Attack,Attack,0.9991891129055169,0.000810887094483173
2049,Attack,Attack,0.9991891129055169,0.000810887094483173
2050,Attack,Attack,0.9991891129055169,0.000810887094483173
2051,Attack,Attack,0.9991891129055169,0.000810887094483173
2052,Attack,Attack,0.9991891129055169,0.000810887094483173
2053,Attack,Attack,0.9991891129055169,0.000810887094483173
2054,Attack,Attack,0.9991891129055169,0.000810887094483173
2055,Attack,Attack,0.9991891129055169,0.000810887094483173
2056,Attack,Attack,0.9991891129055169,0.000810887094483173
2057,Attack,Attack,0.9991891129055169,0.000810887094483173
2058,Attack,Attack,0.9991891129055169,0.000810887094483173
2059,Attack,Attack,0.9991891129055169,0.000810887094483173
2060,Attack,Attack,0.9991891129055169,0.000810887094483173
2061,Attack,Attack,0.9991891129055169,0.000810887094483173
2062,Attack,Attack,0.9991891129055169,0.000810887094483173
2063,Attack,Attack,0.9991891129055169,0.000810887094483173
2064,Attack,Attack,0.9991891129055169,0.000810887094483173
2065,Attack,Attack,0.9991891129055169,0.000810887094483173
2066,Attack,Attack,0.9991891129055169,0.000810887094483173
2067,Attack,Attack,0.9991891129055169,0.000810887094483173
2068,Attack,Attack,0.9991891129055169,0.000810887094483173
2069,Attack,Attack,0.9991891129055169,0.000810887094483173
2070,Attack,Attack,0.9991891129055169,0.000810887094483173
2071,Attack,Attack,0.9991891129055169,0.000810887094483173
2072,Attack,Attack,0.9991891129055169,0.000810887094483173
2073,Attack,Attack,0.9991891129055169,0.000810887094483173
2074,Attack,Attack,0.9991891129055169,0.000810887094483173
2075,Attack,Attack,0.9991891129055169,0.000810887094483173
2076,Attack,Attack,0.9991891129055169,0.000810887094483173
2077,Attack,Attack,0.9991891129055169,0.000810887094483173
2078,Attack,Attack,0.9991891129055169,0.000810887094483173
2079,Attack,Attack,0.9991891129055169,0.000810887094483173
2080,Attack,Attack,0.9991891129055169,0.000810887094483173
2081,Attack,Attack,0.9991891129055169,0.000810887094483173
2082,Attack,Attack,0.9991891129055169,0.000810887094483173
2083,Attack,Attack,0.9991891129055169,0.000810887094483173
2084,Attack,Attack,0.9991891129055169,0.000810887094483173
2085,Benign,Benign,0.0,1.0
2086,Benign,Benign,0.0,1.0
2087,Benign,Benign,0.0,1.0
2088,Benign,Benign,0.0,1.0
2089,Benign,Benign,0.0,1.0
2090,Benign,Benign,0.0,1.0
2091,Benign,Benign,0.0,1.0
2092,Benign,Benign,0.0,1.0
2093,Benign,Benign,0.0,1.0
2094,Benign,Benign,0.0,1.0
2095,Benign,Benign,0.0,1.0
2096,Benign,Benign,0.0,1.0
2097,Benign,Benign,0.0,1.0
2098,Benign,Benign,0.0,1.0
2099,Benign,Benign,0.0,1.0
2100,Benign,Benign,0.0,1.0
2101,Benign,Benign,0.0,1.0
2102,Benign,Benign,0.0,1.0
2103,Benign,Benign,0.0,1.0
2104,Benign,Benign,0.0,1.0
2105,Benign,Benign,0.0,1.0
2106,Benign,Benign,0.0,1.0
2107,Benign,Benign,0.0,1.0
2108,Benign,Benign,0.0,1.0
2109,Benign,Benign,0.0,1.0
2110,Benign,Benign,0.0,1.0
2111,Benign,Benign,0.0,1.0
2112,Benign,Benign,0.0,1.0
2113,Benign,Benign,0.0,1.0
2114,Benign,Benign,0.0,1.0
2115,Benign,Benign,0.0,1.0
2116,Benign,Benign,0.0,1.0
2117,Benign,Benign,0.0,1.0
2118,Benign,Benign,0.0,1.0
2119,Benign,Benign,0.0,1.0
2120,Benign,Benign,0.0,1.0
2121,Benign,Benign,0.0,1.0
2122,Benign,Benign,0.0,1.0
2123,Benign,Benign,0.0,1.0
2124,Benign,Benign,0.0,1.0
2125,Benign,Benign,0.0,1.0
2126,Benign,Benign,0.0,1.0
2127,Benign,Benign,0.0,1.0
2128,Benign,Benign,0.0,1.0
2129,Benign,Benign,0.0,1.0
2130,Benign,Benign,0.0,1.0
2131,Benign,Benign,0.0,1.0
2132,Benign,Benign,0.0,1.0
2133,Benign,Benign,0.0,1.0
2134,Benign,Benign,0.0,1.0
2135,Benign,Benign,0.0,1.0
2136,Benign,Benign,0.0,1.0
2137,Benign,Benign,0.0,1.0
2138,Benign,Benign,0.0,1.0
2139,Benign,Benign,0.0,1.0
2140,Benign,Benign,0.0,1.0
2141,Benign,Benign,0.0,1.0
2142,Benign,Benign,0.0,1.0
2143,Benign,Benign,0.0,1.0
2144,Benign,Benign,0.0,1.0
2145,Benign,Benign,0.0,1.0
2146,Benign,Benign,0.0,1.0
2147,Benign,Benign,0.0,1.0
2148,Benign,Benign,0.0,1.0
2149,Benign,Benign,0.0,1.0
2150,Benign,Benign,0.0,1.0
2151,Benign,Benign,0.0,1.0
2152,Benign,Benign,0.0,1.0
2153,Benign,Benign,0.0,1.0
2154,Benign,Benign,0.0,1.0
2155,Benign,Benign,0.0,1.0
2156,Benign,Benign,0.0,1.0
2157,Benign,Benign,0.0,1.0
2158,Benign,Benign,0.0,1.0
2159,Benign,Benign,0.0,1.0
2160,Benign,Benign,0.0,1.0
2161,Benign,Benign,0.0,1.0
2162,Benign,Benign,0.0,1.0
2163,Benign,Benign,0.0,1.0
2164,Benign,Benign,0.0,1.0
2165,Benign,Benign,0.0,1.0
2166,Benign,Benign,0.0,1.0
2167,Benign,Benign,0.0,1.0
2168,Benign,Benign,0.0,1.0
2169,Benign,Benign,0.0,1.0
2170,Benign,Benign,0.0,1.0
2171,Benign,Benign,0.0,1.0
2172,Benign,Benign,0.0,1.0
2173,Benign,Benign,0.0,1.0
2174,Benign,Benign,0.0,1.0
2175,Benign,Benign,0.0,1.0
2176,Benign,Benign,0.0,1.0
2177,Benign,Benign,0.0,1.0
2178,Benign,Benign,0.0,1.0
2179,Benign,Benign,0.0,1.0
2180,Benign,Benign,0.0,1.0
2181,Benign,Benign,0.0,1.0
2182,Benign,Benign,0.0,1.0
2183,Benign,Benign,0.0,1.0
2184,Benign,Benign,0.0,1.0
2185,Benign,Benign,0.0,1.0
2186,Benign,Benign,0.0,1.0
2187,Benign,Benign,0.0,1.0
2188,Benign,Benign,0.0,1.0
2189,Benign,Benign,0.0,1.0
2190,Benign,Benign,0.0,1.0
2191,Benign,Benign,0.0,1.0
2192,Benign,Benign,0.0,1.0
2193,Benign,Benign,0.0,1.0
2194,Benign,Benign,0.0,1.0
2195,Benign,Benign,0.0,1.0
2196,Benign,Benign,0.0,1.0
2197,Benign,Benign,0.0,1.0
2198,Benign,Benign,0.0,1.0
2199,Benign,Benign,0.0,1.0
2200,Benign,Benign,0.0,1.0
2201,Benign,Benign,0.0,1.0
2202,Benign,Benign,0.0,1.0
2203,Benign,Benign,0.0,1.0
2204,Benign,Benign,0.0,1.0
2205,Benign,Benign,0.0,1.0
2206,Benign,Benign,0.0,1.0
2207,Benign,Benign,0.0,1.0
2208,Benign,Benign,0.0,1.0
2209,Benign,Benign,0.0,1.0
2210,Benign,Benign,0.0,1.0
2211,Benign,Benign,0.0,1.0
2212,Benign,Benign,0.0,1.0
2213,Benign,Benign,0.0,1.0
2214,Benign,Benign,0.0,1.0
2215,Benign,Benign,0.0,1.0
2216,Benign,Benign,0.0,1.0
2217,Benign,Benign,0.0,1.0
2218,Benign,Benign,0.0,1.0
2219,Benign,Benign,0.0,1.0
2220,Benign,Benign,0.0,1.0
2221,Benign,Benign,0.0,1.0
2222,Benign,Benign,0.0,1.0
2223,Benign,Benign,0.0,1.0
2224,Benign,Benign,0.0,1.0
2225,Benign,Benign,0.0,1.0
2226,Benign,Benign,0.0,1.0
2227,Benign,Benign,0.0,1.0
2228,Benign,Benign,0.0,1.0
2229,Benign,Benign,0.0,1.0
2230,Benign,Benign,0.0,1.0
2231,Benign,Benign,0.0,1.0
2232,Benign,Benign,0.0,1.0
2233,Benign,Benign,0.0,1.0
2234,Benign,Benign,0.0,1.0
2235,Benign,Benign,0.0,1.0
2236,Benign,Benign,0.0,1.0
2237,Benign,Benign,0.0,1.0
2238,Benign,Benign,0.0,1.0
2239,Benign,Benign,0.0,1.0
2240,Benign,Benign,0.0,1.0
2241,Benign,Benign,0.0,1.0
2242,Benign,Benign,0.0,1.0
2243,Benign,Benign,0.0,1.0
2244,Benign,Benign,0.0,1.0
2245,Benign,Benign,0.0,1.0
2246,Benign,Benign,0.0,1.0
2247,Benign,Benign,0.0,1.0
2248,Benign,Benign,0.0,1.0
2249,Benign,Benign,0.0,1.0
2250,Benign,Benign,0.0,1.0
2251,Benign,Benign,0.0,1.0
2252,Benign,Benign,0.0,1.0
2253,Benign,Benign,0.0,1.0
2254,Benign,Benign,0.0,1.0
2255,Benign,Benign,0.0,1.0
2256,Benign,Benign,0.0,1.0
2257,Benign,Benign,0.0,1.0
2258,Benign,Benign,0.0,1.0
2259,Benign,Benign,0.0,1.0
2260,Benign,Benign,0.0,1.0
2261,Benign,Benign,0.0,1.0
2262,Benign,Benign,0.0,1.0
2263,Benign,Benign,0.0,1.0
2264,Benign,Benign,0.0,1.0
2265,Benign,Benign,0.0,1.0
2266,Benign,Benign,0.0,1.0
2267,Benign,Benign,0.0,1.0
2268,Benign,Benign,0.0,1.0
2269,Benign,Benign,0.0,1.0
2270,Benign,Benign,0.0,1.0
2271,Benign,Benign,0.0,1.0
2272,Benign,Benign,0.0,1.0
2273,Benign,Benign,0.0,1.0
2274,Benign,Benign,0.0,1.0
2275,Benign,Benign,0.0,1.0
2276,Benign,Benign,0.0,1.0
2277,Benign,Benign,0.0,1.0
2278,Benign,Benign,0.0,1.0
2279,Benign,Benign,0.0,1.0
2280,Benign,Benign,0.0,1.0
2281,Benign,Benign,0.0,1.0
2282,Benign,Benign,0.0,1.0
2283,Benign,Benign,0.0,1.0
2284,Benign,Benign,0.0,1.0
2285,Benign,Benign,0.0,1.0
2286,Benign,Benign,0.0,1.0
2287,Benign,Benign,0.0,1.0
2288,Benign,Benign,0.0,1.0
2289,Benign,Benign,0.0,1.0
2290,Benign,Benign,0.0,1.0
2291,Benign,Benign,0.0,1.0
2292,Benign,Benign,0.0,1.0
2293,Benign,Benign,0.0,1.0
2294,Benign,Benign,0.0,1.0
2295,Benign,Benign,0.0,1.0
2296,Benign,Benign,0.0,1.0
2297,Benign,Benign,0.009525723472668866,0.9904742765273312
2298,Benign,Benign,0.0,1.0
2299,Benign,Benign,0.0,1.0
2300,Benign,Benign,0.0,1.0
2301,Benign,Benign,0.0,1.0
2302,Benign,Benign,0.0,1.0
2303,Benign,Benign,0.0,1.0
2304,Benign,Benign,0.0,1.0
2305,Benign,Benign,0.0,1.0
2306,Benign,Benign,0.0,1.0
2307,Benign,Benign,0.0,1.0
2308,Benign,Benign,0.0,1.0
2309,Benign,Benign,0.0,1.0
2310,Benign,Benign,0.0,1.0
2311,Benign,Benign,0.0,1.0
2312,Benign,Benign,0.0,1.0
2313,Benign,Benign,0.0,1.0
2314,Benign,Benign,0.0,1.0
2315,Benign,Benign,0.0,1.0
2316,Benign,Benign,0.0,1.0
2317,Benign,Benign,0.0,1.0
2318,Benign,Benign,0.0,1.0
2319,Benign,Benign,0.0,1.0
2320,Benign,Benign,0.0,1.0
2321,Benign,Benign,0.0,1.0
2322,Benign,Benign,0.009525723472668866,0.9904742765273312
2323,Benign,Benign,0.0,1.0
2324,Benign,Benign,0.0,1.0
2325,Benign,Benign,0.0,1.0
2326,Benign,Benign,0.0,1.0
2327,Benign,Benign,0.0,1.0
2328,Benign,Benign,0.0,1.0
2329,Benign,Benign,0.0,1.0
2330,Benign,Benign,0.0,1.0
2331,Benign,Benign,0.0,1.0
2332,Benign,Benign,0.0,1.0
2333,Benign,Benign,0.0,1.0
2334,Benign,Benign,0.0,1.0
2335,Benign,Benign,0.0,1.0
2336,Benign,Benign,0.0,1.0
2337,Benign,Benign,0.0,1.0
2338,Benign,Benign,0.0,1.0
2339,Benign,Benign,0.0,1.0
2340,Benign,Benign,0.0,1.0
2341,Benign,Benign,0.0,1.0
2342,Benign,Benign,0.0,1.0
2343,Benign,Benign,0.0,1.0
2344,Benign,Benign,0.0,1.0
2345,Benign,Benign,0.0,1.0
2346,Benign,Benign,0.0,1.0
2347,Benign,Benign,0.0,1.0
2348,Benign,Benign,0.0,1.0
2349,Benign,Benign,0.0,1.0
2350,Benign,Benign,0.0,1.0
2351,Benign,Benign,0.0,1.0
2352,Benign,Benign,0.0,1.0
2353,Benign,Benign,0.0,1.0
2354,Benign,Benign,0.0,1.0
2355,Benign,Benign,0.0,1.0
2356,Benign,Benign,0.0,1.0
2357,Benign,Benign,0.0,1.0
2358,Benign,Benign,0.0,1.0
2359,Benign,Benign,0.0,1.0
2360,Benign,Benign,0.0,1.0
2361,Benign,Benign,0.0,1.0
2362,Benign,Benign,0.0,1.0
2363,Benign,Benign,0.0,1.0
2364,Benign,Benign,0.0,1.0
2365,Benign,Benign,0.0,1.0
2366,Benign,Benign,0.0,1.0
2367,Benign,Benign,0.0,1.0
2368,Benign,Benign,0.0,1.0
2369,Benign,Benign,0.0,1.0
2370,Benign,Benign,0.0,1.0
2371,Benign,Benign,0.0,1.0
2372,Benign,Benign,0.0,1.0
2373,Benign,Benign,0.0,1.0
2374,Benign,Benign,0.0,1.0
2375,Benign,Benign,0.0,1.0
2376,Benign,Benign,0.0,1.0
2377,Benign,Benign,0.0,1.0
2378,Benign,Benign,0.0,1.0
2379,Benign,Benign,0.0,1.0
2380,Benign,Benign,0.0,1.0
2381,Benign,Benign,0.0,1.0
2382,Benign,Benign,0.0,1.0
2383,Benign,Benign,0.0,1.0
2384,Benign,Benign,0.0,1.0
2385,Benign,Benign,0.0,1.0
2386,Benign,Benign,0.0,1.0
2387,Benign,Benign,0.0,1.0
2388,Benign,Benign,0.0,1.0
2389,Benign,Benign,0.0,1.0
2390,Benign,Benign,0.0,1.0
2391,Benign,Benign,0.0,1.0
2392,Benign,Benign,0.0,1.0
2393,Benign,Benign,0.0,1.0
2394,Benign,Benign,0.0,1.0
2395,Benign,Benign,0.0,1.0
2396,Benign,Benign,0.01,0.99
2397,Benign,Benign,0.0,1.0
2398,Benign,Benign,0.0,1.0
2399,Benign,Benign,0.0,1.0
2400,Benign,Benign,0.0,1.0
2401,Benign,Benign,0.0,1.0
2402,Benign,Benign,0.0,1.0
2403,Benign,Benign,0.0,1.0
2404,Benign,Benign,0.0,1.0
2405,Benign,Benign,0.0,1.0
2406,Benign,Benign,0.0,1.0
2407,Benign,Benign,0.0,1.0
2408,Benign,Benign,0.0,1.0
2409,Benign,Benign,0.0,1.0
2410,Benign,Benign,0.0,1.0
2411,Benign,Benign,0.0,1.0
2412,Benign,Benign,0.0,1.0
2413,Benign,Benign,0.0,1.0
2414,Benign,Benign,0.0,1.0
2415,Benign,Benign,0.0,1.0
2416,Benign,Benign,0.0,1.0
2417,Benign,Benign,0.0,1.0
2418,Benign,Benign,0.0,1.0
2419,Benign,Benign,0.0,1.0
2420,Benign,Benign,0.0,1.0
2421,Benign,Benign,0.0,1.0
2422,Benign,Benign,0.0,1.0
2423,Benign,Benign,0.0,1.0
2424,Benign,Benign,0.0,1.0
2425,Benign,Benign,0.0,1.0
2426,Benign,Benign,0.0,1.0
2427,Benign,Benign,0.0,1.0
2428,Benign,Benign,0.0,1.0
2429,Benign,Benign,0.0,1.0
2430,Benign,Benign,0.0,1.0
2431,Benign,Benign,0.0,1.0
2432,Benign,Benign,0.0,1.0
2433,Benign,Benign,0.0,1.0
2434,Benign,Benign,0.0,1.0
2435,Benign,Benign,0.0,1.0
2436,Benign,Benign,0.0,1.0
2437,Benign,Benign,0.0,1.0
2438,Benign,Benign,0.0,1.0
2439,Benign,Benign,0.0,1.0
2440,Benign,Benign,0.0,1.0
2441,Benign,Benign,0.0,1.0
2442,Benign,Benign,0.0,1.0
2443,Benign,Benign,0.0,1.0
2444,Benign,Benign,0.0,1.0
2445,Benign,Benign,0.0,1.0
2446,Benign,Benign,0.0,1.0
2447,Benign,Benign,0.0,1.0
2448,Benign,Benign,0.0,1.0
2449,Benign,Benign,0.0,1.0
2450,Benign,Benign,0.0,1.0
2451,Benign,Benign,0.0,1.0
2452,Benign,Benign,0.0,1.0
2453,Benign,Benign,0.0,1.0
2454,Benign,Benign,0.0,1.0
2455,Benign,Benign,0.0,1.0
2456,Benign,Benign,0.0,1.0
2457,Benign,Benign,0.0,1.0
2458,Benign,Benign,0.0,1.0
2459,Benign,Benign,0.0,1.0
2460,Benign,Benign,0.0,1.0
2461,Benign,Benign,0.0,1.0
2462,Benign,Benign,0.0,1.0
2463,Benign,Benign,0.0,1.0
2464,Benign,Benign,0.0,1.0
2465,Benign,Benign,0.0,1.0
2466,Benign,Benign,0.0,1.0
2467,Benign,Benign,0.0,1.0
2468,Benign,Benign,0.0,1.0
2469,Benign,Benign,0.0,1.0
2470,Benign,Benign,0.0,1.0
2471,Benign,Benign,0.0,1.0
2472,Benign,Benign,0.0,1.0
2473,Benign,Benign,0.0,1.0
2474,Benign,Benign,0.0,1.0
2475,Benign,Benign,0.0,1.0
2476,Benign,Benign,0.0,1.0
2477,Benign,Benign,0.0,1.0
2478,Benign,Benign,0.0,1.0
2479,Benign,Benign,0.0,1.0
2480,Benign,Benign,0.0,1.0
2481,Benign,Benign,0.0,1.0
2482,Benign,Benign,0.09944196428099865,0.9005580357190014
2483,Benign,Benign,0.0,1.0
2484,Benign,Benign,0.0,1.0
2485,Benign,Benign,0.1293150265520854,0.8706849734479146
2486,Benign,Benign,0.009525723472668866,0.9904742765273312
2487,Benign,Benign,0.0193150265520854,0.9806849734479147
2488,Benign,Benign,0.0193150265520854,0.9806849734479147
2489,Benign,Benign,0.0,1.0
2490,Benign,Benign,0.0,1.0
2491,Benign,Benign,0.0,1.0
2492,Benign,Benign,0.0,1.0
2493,Benign,Benign,0.0,1.0
2494,Benign,Benign,0.0,1.0
2495,Benign,Benign,0.0,1.0
2496,Benign,Benign,0.0,1.0
2497,Benign,Benign,0.0,1.0
2498,Benign,Benign,0.0,1.0
2499,Benign,Benign,0.0,1.0
2500,Benign,Benign,0.0,1.0
2501,Benign,Benign,0.0,1.0
2502,Benign,Benign,0.0,1.0
2503,Benign,Benign,0.0,1.0
2504,Benign,Benign,0.0,1.0
2505,Benign,Benign,0.0,1.0
2506,Benign,Benign,0.0,1.0
2507,Benign,Benign,0.0,1.0
2508,Benign,Benign,0.0,1.0
2509,Benign,Benign,0.0,1.0
2510,Benign,Benign,0.0,1.0
2511,Benign,Benign,0.0,1.0
2512,Benign,Benign,0.0,1.0
2513,Benign,Benign,0.0,1.0
2514,Benign,Benign,0.0,1.0
2515,Benign,Benign,0.0,1.0
2516,Benign,Benign,0.0,1.0
2517,Benign,Benign,0.0,1.0
2518,Benign,Benign,0.0,1.0
2519,Benign,Benign,0.0,1.0
2520,Benign,Benign,0.0,1.0
2521,Benign,Benign,0.0,1.0
2522,Benign,Benign,0.0,1.0
2523,Benign,Benign,0.0,1.0
2524,Benign,Benign,0.0,1.0
2525,Benign,Benign,0.0,1.0
2526,Benign,Benign,0.0,1.0
2527,Benign,Benign,0.0,1.0
2528,Benign,Benign,0.0,1.0
2529,Benign,Benign,0.0,1.0
2530,Benign,Benign,0.0,1.0
2531,Benign,Benign,0.0,1.0
2532,Benign,Benign,0.0,1.0
2533,Benign,Benign,0.0,1.0
2534,Benign,Benign,0.0,1.0
2535,Benign,Benign,0.0,1.0
2536,Benign,Benign,0.0,1.0
2537,Benign,Benign,0.0,1.0
