row_id,true_label,predicted_label,prob_ARP_poisioning,prob_DDOS_Slowloris,prob_DOS_SYN_Hping,prob_MQTT_Publish,prob_Metasploit_Brute_Force_SSH,prob_NMAP_OS_DETECTION,prob_NMAP_TCP_scan,prob_NMAP_UDP_SCAN,prob_NMAP_XMAS_TREE_SCAN,prob_Thing_Speak,prob_Wipro_bulb
0,DOS_SYN_Hping,DOS_SYN_Hping,6.624632480143637e-06,3.436426116838489e-05,0.9997091769552279,0.0,0.0,0.0,0.0,0.00024740014127369895,0.0,2.4340098499717754e-06,0.0
1,MQTT_Publish,MQTT_Publish,0.0,0.0,0.0,1.0,0.0,0.0,0.0,0.0,0.0,0.0,0.0
2,DOS_SYN_Hping,DOS_SYN_Hping,6.624632480143637e-06,3.436426116838489e-05,0.9997091769552279,0.0,0.0,0.0,0.0,0.00024740014127369895,0.0,2.4340098499717754e-06,0.0
3,DOS_SYN_Hping,DOS_SYN_Hping,6.624632480143637e-06,3.436426116838489e-05,0.9997091769552279,0.0,0.0,0.0,0.0,0.00024740014127369895,0.0,2.4340098499717754e-06,0.0
4,NMAP_XMAS_TREE_SCAN,NMAP_XMAS_TREE_SCAN,4.2674136226389285e-05,0.0,0.0,2.890442975255265e-05,0.0,0.09959176606197992,0.006687772577173575,0.0002746408124414594,0.8928340864926877,3.4163212055015705e-06,0.000536739168533056
5,DOS_SYN_Hping,DOS_SYN_Hping,0.10884776670494883,0.005396137346771298,0.6611199684014363,3.8681156750782836e-05,0.05753762949868804,0.0,0.005555555555555556,0.08700242544362798,0.0,0.06992528556840898,0.004576550323812224
6,DOS_SYN_Hping,DOS_SYN_Hping,6.624632480143637e-06,3.436426116838489e-05,0.9997091769552279,0.0,0.0,0.0,0.0,0.00024740014127369895,0.0,2.4340098499717754e-06,0.0
7,Thing_Speak,NMAP_UDP_SCAN,0.006435836398988437,0.0,0.0025340423167651404,0.0,0.011166440251355946,0.0,0.0,0.966955753460997,0.0,0.012679630794265939,0.00022829677762749745
8,DOS_SYN_Hping,DOS_SYN_Hping,6.624632480143637e-06,3.436426116838489e-05,0.9997091769552279,0.0,0.0,0.0,0.0,0.00024740014127369895,0.0,2.4340098499717754e-06,0.0
9,ARP_poisioning,NMAP_UDP_SCAN,0.11358724525836154,0.0,0.0025340423167651404,0.0,0.011166440251355946,0.0,0.0,0.7279309993685384,0.0,0.14455297602735143,0.00022829677762749745
10,DOS_SYN_Hping,DOS_SYN_Hping,6.624632480143637e-06,3.436426116838489e-05,0.9997091769552279,0.0,0.0,0.0,0.0,0.00024740014127369895,0.0,2.4340098499717754e-06,0.0
11,DOS_SYN_Hping,DOS_SYN_Hping,6.624632480143637e-06,3.436426116838489e-05,0.9997091769552279,0.0,0.0,0.0,0.0,0.00024740014127369895,0.0,2.4340098499717754e-06,0.0
12,Thing_Speak,Thing_Speak,0.1538457357041275,0.0,0.019685534591194973,0.0,0.0,0.0,0.0,0.0,0.0,0.8064687297046775,0.02
13,Thing_Speak,Thing_Speak,0.0,0.0,0.0,0.0,0.0,0.0,0.0,0.0,0.0,1.0,0.0
14,ARP_poisioning,ARP_poisioning,0.983061726764207,0.0,0.0,0.0,0.0,0.0,0.0,0.0,0.0,0.016938273235793014,0.0
15,Thing_Speak,Thing_Speak,0.0,0.0,0.0,0.0,0.0,0.0,0.0,0.0,0.0,1.0,0.0
16,Thing_Speak,Thing_Speak,0.04984968925768833,0.0,0.0,0.0,0.0,0.0,0.0,0.0,0.0,0.5722221301429947,0.37792818059931677
17,NMAP_UDP_SCAN,ARP_poisioning,0.7457205211773399,0.0,0.0025340423167651404,0.0,0.011166440251355946,0.0,0.0,0.12866623359364715,0.0,0.11168446588326437,0.00022829677762749745
18,Thing_Speak,Thing_Speak,0.0,0.0,0.0,0.0,0.0,0.0,0.0,0.0,0.0,1.0,0.0
19,ARP_poisioning,ARP_poisioning,0.9961146656630285,0.0,0.0,0.0038853343369715217,0.0,0.0,0.0,0.0,0.0,0.0,0.0
20,NMAP_UDP_SCAN,NMAP_UDP_SCAN,0.046026589035910066,0.0,0.0,0.024513012027189668,0.001528595815418896,0.009749578695487366,0.004075812026862634,0.5729396956230711,0.036369471794460435,0.05653910254872137,0.24825814243287844
21,NMAP_XMAS_TREE_SCAN,NMAP_XMAS_TREE_SCAN,4.2674136226389285e-05,0.0,0.0,2.890442975255265e-05,0.0,0.09116153350384038,0.006687772577173575,0.0002746408124414594,0.9012643190508273,3.4163212055015705e-06,0.000536739168533056
22,ARP_poisioning,ARP_poisioning,0.7457205211773399,0.0,0.0025340423167651404,0.0,0.011166440251355946,0.0,0.0,0.12866623359364715,0.0,0.11168446588326437,0.00022829677762749745
23,NMAP_TCP_scan,NMAP_TCP_scan,3.9790028769645984e-05,1.6187824150449924e-05,0.0,0.0,0.0,0.02960969415014515,0.9554392810678526,0.0031972842936202083,0.011654501216545012,8.060340593437548e-06,3.520107832338062e-05
24,Thing_Speak,Thing_Speak,0.4252014134589945,0.015167682926829271,0.0,0.0,0.0,0.0,0.0,0.0048323170731707325,0.0,0.5547985865410056,0.0
25,ARP_poisioning,ARP_poisioning,0.9473654088916312,0.0,0.0,0.0,0.0,0.0,0.0,0.0,0.0,0.05263459110836874,0.0
26,Thing_Speak,Thing_Speak,0.0,0.0,0.0,0.0,0.0,0.0,0.0,0.0,0.0,1.0,0.0
27,ARP_poisioning,ARP_poisioning,0.9915596254558544,0.0,0.0,0.0,0.0,0.0,0.0,0.0,0.0,0.008440374544145682,0.0
28,Thing_Speak,ARP_poisioning,0.6869303014277733,0.0,0.0025340423167651404,0.0,0.011166440251355946,0.0,0.0,0.11956820655598994,0.0,0.1795727126704881,0.00022829677762749745
29,DOS_SYN_Hping,DOS_SYN_Hping,6.624632480143637e-06,3.436426116838489e-05,0.9997091769552279,0.0,0.0,0.0,0.0,0.00024740014127369895,0.0,2.4340098499717754e-06,0.0
30,NMAP_OS_DETECTION,NMAP_OS_DETECTION,0.0001006391470220606,1.6187824150449924e-05,0.0,7.012180632193017e-05,0.0,0.8946350271880849,0.015821416056250925,0.0002746408124414594,0.08806805383929744,3.4163212055015705e-06,0.0010104970052255185
31,DOS_SYN_Hping,DOS_SYN_Hping,6.624632480143637e-06,3.436426116838489e-05,0.9997091769552279,0.0,0.0,0.0,0.0,0.00024740014127369895,0.0,2.4340098499717754e-06,0.0
32,DOS_SYN_Hping,DOS_SYN_Hping,6.624632480143637e-06,3.436426116838489e-05,0.9997091769552279,0.0,0.0,0.0,0.0,0.00024740014127369895,0.0,2.4340098499717754e-06,0.0
33,MQTT_Publish,MQTT_Publish,0.0,0.0,0.0,1.0,0.0,0.0,0.0,0.0,0.0,0.0,0.0
34,ARP_poisioning,NMAP_UDP_SCAN,0.10282533055775998,0.0,0.0025340423167651404,0.0,0.011166440251355946,0.0,0.0,0.8621188817371664,0.0,0.021127008359325173,0.00022829677762749745
35,NMAP_TCP_scan,NMAP_TCP_scan,4.4844426669243135e-05,1.6187824150449924e-05,0.0,0.0,0.0,0.03086575326118175,0.9666187072030483,0.0006874345593339698,0.001723811306699429,8.060340593437548e-06,3.520107832338062e-05
36,DOS_SYN_Hping,DOS_SYN_Hping,0.08912468432892032,0.010466400509980574,0.7785784565100093,0.00013138207290716534,0.025200765712592027,0.0,0.005555555555555556,0.03755325937889867,0.0,0.01605005418703194,0.03733944174410435
37,ARP_poisioning,ARP_poisioning,1.0,0.0,0.0,0.0,0.0,0.0,0.0,0.0,0.0,0.0,0.0
38,Thing_Speak,Thing_Speak,0.0,0.0,0.0,0.0,0.0,0.0,0.0,0.0,0.0,1.0,0.0
39,NMAP_OS_DETECTION,NMAP_OS_DETECTION,0.00020756053433498717,1.6187824150449924e-05,0.0,4.135211154144212e-05,0.0,0.8938299829659527,0.02494070840585584,0.0002746408124414594,0.07953603096480984,3.4163212055015705e-06,0.001150120059707862
40,Thing_Speak,Thing_Speak,0.0,0.0,0.0,0.0,0.0,0.0,0.0,0.0,0.0,1.0,0.0
41,DDOS_Slowloris,DDOS_Slowloris,0.0,1.0,0.0,0.0,0.0,0.0,0.0,0.0,0.0,0.0,0.0
42,ARP_poisioning,ARP_poisioning,1.0,0.0,0.0,0.0,0.0,0.0,0.0,0.0,0.0,0.0,0.0
43,ARP_poisioning,ARP_poisioning,1.0,0.0,0.0,0.0,0.0,0.0,0.0,0.0,0.0,0.0,0.0
44,ARP_poisioning,ARP_poisioning,0.9901129588955131,0.0,0.0,0.0,0.009887041104486977,0.0,0.0,0.0,0.0,0.0,0.0
45,Thing_Speak,Thing_Speak,0.0,0.0,0.0,0.0,0.0,0.0,0.0,0.0,0.0,1.0,0.0
46,Thing_Speak,Thing_Speak,0.0,0.0,0.0,0.0,0.0,0.0,0.0,0.0,0.0,1.0,0.0
47,DDOS_Slowloris,DDOS_Slowloris,0.00116311827411846,0.9954289060058593,0.0,0.003064632943818214,0.0,0.0,0.0,0.0,0.0,0.00034334277620396596,0.0
48,NMAP_TCP_scan,NMAP_TCP_scan,4.4844426669243135e-05,1.6187824150449924e-05,0.0,0.0,0.0,0.03327391652648787,0.957741060012403,0.007156918484673156,0.001723811306699429,8.060340593437548e-06,3.520107832338062e-05
49,Thing_Speak,ARP_poisioning,0.6304465142940099,0.0,0.0,0.0,0.0,0.0,0.0,0.009509733144059203,0.0,0.3600437525619309,0.0
50,Thing_Speak,Thing_Speak,0.0,0.0,0.0,0.0,0.0,0.0,0.0,0.0,0.0,1.0,0.0
51,NMAP_OS_DETECTION,NMAP_OS_DETECTION,0.00022173054778426853,1.6187824150449924e-05,0.0,4.135211154144212e-05,0.0,0.8904876244252447,0.02494070840585584,0.0002746408124414594,0.08321032579614782,3.4163212055015705e-06,0.0008040137556287519
52,Thing_Speak,Thing_Speak,0.0,0.0,0.0,0.0,0.0,0.0,0.0,0.0,0.0,1.0,0.0
53,Thing_Speak,Thing_Speak,0.0,0.0,0.0,0.0,0.0,0.0,0.0,0.0,0.0,1.0,0.0
54,MQTT_Publish,MQTT_Publish,0.0,0.0,0.0,1.0,0.0,0.0,0.0,0.0,0.0,0.0,0.0
55,ARP_poisioning,ARP_poisioning,0.7703915110618529,0.0,0.0025340423167651404,0.0,0.011166440251355946,0.0,0.0,0.11956820655598994,0.0,0.09611150303640852,0.00022829677762749745
56,NMAP_OS_DETECTION,NMAP_OS_DETECTION,0.00020756053433498717,1.6187824150449924e-05,0.0,4.135211154144212e-05,0.0,0.8838827139193733,0.02494070840585584,0.0002746408124414594,0.08948330001138916,3.4163212055015705e-06,0.001150120059707862
57,DOS_SYN_Hping,DOS_SYN_Hping,6.624632480143637e-06,3.436426116838489e-05,0.9997091769552279,0.0,0.0,0.0,0.0,0.00024740014127369895,0.0,2.4340098499717754e-06,0.0
58,NMAP_OS_DETECTION,NMAP_OS_DETECTION,0.00023455306091505683,1.6187824150449924e-05,0.0,4.135211154144212e-05,0.0,0.8943563746583962,0.027348871671161967,0.0002746408124414594,0.07692058978455937,3.4163212055015705e-06,0.0008040137556287519
59,Thing_Speak,Thing_Speak,0.0,0.0,0.0,0.0,0.0,0.0,0.0,0.0,0.0,1.0,0.0
60,NMAP_OS_DETECTION,NMAP_OS_DETECTION,0.00022173054778426853,1.6187824150449924e-05,0.0,4.135211154144212e-05,0.0,0.8904876244252447,0.02494070840585584,0.0002746408124414594,0.08321032579614782,3.4163212055015705e-06,0.0008040137556287519
61,Thing_Speak,Thing_Speak,0.0,0.0,0.0,0.0,0.0,0.0,0.0,0.0,0.0,1.0,0.0
62,ARP_poisioning,ARP_poisioning,0.7131325415510577,0.0,0.0025340423167651404,0.0,0.011166440251355946,0.0,0.0,0.12866623359364715,0.0,0.14427244550954685,0.00022829677762749745
63,MQTT_Publish,MQTT_Publish,0.0,0.0,0.0,1.0,0.0,0.0,0.0,0.0,0.0,0.0,0.0
64,ARP_poisioning,ARP_poisioning,1.0,0.0,0.0,0.0,0.0,0.0,0.0,0.0,0.0,0.0,0.0
65,Thing_Speak,Thing_Speak,0.0,0.0,0.0,0.0,0.0,0.0,0.0,0.0,0.0,1.0,0.0
66,ARP_poisioning,ARP_poisioning,0.9668631048906868,0.0,0.0,0.0,0.0,0.0,0.0,0.0,0.0,0.03313689510931315,0.0
67,NMAP_XMAS_TREE_SCAN,NMAP_XMAS_TREE_SCAN,4.2674136226389285e-05,0.0,0.0,2.890442975255265e-05,0.0,0.09116153350384038,0.006687772577173575,0.0002746408124414594,0.9012643190508273,3.4163212055015705e-06,0.000536739168533056
68,ARP_poisioning,ARP_poisioning,1.0,0.0,0.0,0.0,0.0,0.0,0.0,0.0,0.0,0.0,0.0
69,ARP_poisioning,ARP_poisioning,1.0,0.0,0.0,0.0,0.0,0.0,0.0,0.0,0.0,0.0,0.0
70,NMAP_XMAS_TREE_SCAN,NMAP_XMAS_TREE_SCAN,0.0074872455400197225,0.0,0.0,0.00658835677905489,0.0,0.019760465446478283,0.005947857778971138,0.06126330251583943,0.7478619110702012,0.007862460442631112,0.14322840042680443
71,MQTT_Publish,MQTT_Publish,0.0,0.0,0.0,1.0,0.0,0.0,0.0,0.0,0.0,0.0,0.0
72,ARP_poisioning,ARP_poisioning,0.9793675221894586,0.0,0.01,0.0063454055671954505,0.0,0.0,0.0,0.0,0.0,0.004287072243346007,0.0
73,MQTT_Publish,MQTT_Publish,0.0,0.0,0.0,0.9962888755980862,0.0,0.0,0.0,0.0,0.0,0.0037111244019138756,0.0
74,ARP_poisioning,ARP_poisioning,1.0,0.0,0.0,0.0,0.0,0.0,0.0,0.0,0.0,0.0,0.0
75,Thing_Speak,Thing_Speak,0.0,0.0,0.0,0.0,0.0,0.0,0.0,0.0,0.0,1.0,0.0
76,Thing_Speak,Thing_Speak,0.0,0.0,0.0,0.0,0.0,0.0,0.0,0.0,0.0,1.0,0.0
77,ARP_poisioning,ARP_poisioning,1.0,0.0,0.0,0.0,0.0,0.0,0.0,0.0,0.0,0.0,0.0
78,ARP_poisioning,ARP_poisioning,1.0,0.0,0.0,0.0,0.0,0.0,0.0,0.0,0.0,0.0,0.0
79,Thing_Speak,Thing_Speak,0.0,0.0,0.0,0.0,0.0,0.0,0.0,0.0,0.0,1.0,0.0
80,MQTT_Publish,MQTT_Publish,0.0,0.0,0.0,1.0,0.0,0.0,0.0,0.0,0.0,0.0,0.0
81,ARP_poisioning,ARP_poisioning,1.0,0.0,0.0,0.0,0.0,0.0,0.0,0.0,0.0,0.0,0.0
82,MQTT_Publish,MQTT_Publish,0.0,0.0,0.0,1.0,0.0,0.0,0.0,0.0,0.0,0.0,0.0
83,ARP_poisioning,ARP_poisioning,0.9357802847166263,0.01,0.0,0.0,0.0,0.0,0.0,0.0,0.0,0.014562366320343866,0.039657348963029755
84,MQTT_Publish,MQTT_Publish,0.0,0.0,0.0,1.0,0.0,0.0,0.0,0.0,0.0,0.0,0.0
85,NMAP_TCP_scan,NMAP_TCP_scan,4.4844426669243135e-05,1.6187824150449924e-05,0.0,0.0,0.0,0.02327391652648787,0.973380219027995,0.0015177594690812624,0.001723811306699429,8.060340593437548e-06,3.520107832338062e-05
86,ARP_poisioning,ARP_poisioning,0.9687685301326034,0.0,0.0,0.0,0.0,0.0,0.0,0.0,0.0,0.031231469867396507,0.0
87,DOS_SYN_Hping,DOS_SYN_Hping,6.624632480143637e-06,3.436426116838489e-05,0.9997091769552279,0.0,0.0,0.0,0.0,0.00024740014127369895,0.0,2.4340098499717754e-06,0.0
88,MQTT_Publish,MQTT_Publish,0.0,0.0,0.0,1.0,0.0,0.0,0.0,0.0,0.0,0.0,0.0
89,Thing_Speak,Thing_Speak,0.0,0.0,0.0,0.0,0.0,0.0,0.0,0.0,0.0,1.0,0.0
90,ARP_poisioning,ARP_poisioning,0.7634775802568123,0.0,0.0025340423167651404,0.0,0.011166440251355946,0.0,0.0,0.11102552031346682,0.0,0.11156812008397213,0.00022829677762749745
91,MQTT_Publish,MQTT_Publish,0.0,0.0,0.0,1.0,0.0,0.0,0.0,0.0,0.0,0.0,0.0
92,NMAP_UDP_SCAN,NMAP_UDP_SCAN,1.0322104921765483e-05,0.2372812857527036,0.0010512922578260497,0.0,0.0,0.0,0.0,0.7612365587288729,0.0,9.977971595017192e-06,0.00041056318408096685
93,Thing_Speak,Thing_Speak,0.0,0.0,0.0,0.0,0.0,0.0,0.0,0.0,0.0,1.0,0.0
94,Thing_Speak,Thing_Speak,0.0,0.0,0.0,0.0,0.0,0.0,0.0,0.0,0.0,1.0,0.0
95,Wipro_bulb,Wipro_bulb,0.3413427465836834,0.008972818311874105,0.0,0.034045376801103554,0.0,0.03489770012386519,0.07775659606162141,0.022804821768278853,0.01916800615131057,0.09305936205707009,0.36795257214119287
96,Thing_Speak,Thing_Speak,0.0,0.0,0.0,0.0,0.0,0.0,0.0,0.0,0.0,1.0,0.0
97,ARP_poisioning,ARP_poisioning,0.9814445357518414,0.0,0.0,0.0,0.0,0.0,0.0,0.0,0.0,0.01855546424815852,0.0
98,MQTT_Publish,MQTT_Publish,0.0,0.0,0.0,1.0,0.0,0.0,0.0,0.0,0.0,0.0,0.0
99,Thing_Speak,Thing_Speak,0.0,0.0,0.0,0.0,0.0,0.0,0.0,0.0,0.0,1.0,0.0
100,MQTT_Publish,MQTT_Publish,0.0,0.0,0.0,1.0,0.0,0.0,0.0,0.0,0.0,0.0,0.0
101,Thing_Speak,Thing_Speak,0.0,0.0,0.0,0.0,0.0,0.0,0.0,0.0,0.0,1.0,0.0
102,ARP_poisioning,ARP_poisioning,1.0,0.0,0.0,0.0,0.0,0.0,0.0,0.0,0.0,0.0,0.0
103,NMAP_OS_DETECTION,NMAP_OS_DETECTION,9.431154420915635e-05,1.6187824150449924e-05,0.0,7.012180632193017e-05,0.0,0.9071217662067734,0.017890381573492306,0.0002746408124414594,0.07351867690618036,3.4163212055015705e-06,0.0010104970052255185
104,Thing_Speak,Thing_Speak,0.0,0.0,0.0,0.0,0.0,0.0,0.0,0.0,0.0,1.0,0.0
105,Thing_Speak,Thing_Speak,0.0,0.0,0.0,0.0,0.0,0.0,0.0,0.0,0.0,1.0,0.0
106,NMAP_OS_DETECTION,NMAP_OS_DETECTION,0.00020756053433498717,1.6187824150449924e-05,0.0,4.135211154144212e-05,0.0,0.8977404457056753,0.02494070840585584,0.0002746408124414594,0.07597167452916627,3.4163212055015705e-06,0.0008040137556287519
107,NMAP_TCP_scan,NMAP_TCP_scan,4.4844426669243135e-05,1.6187824150449924e-05,0.0,0.0,0.0,0.02327391652648787,0.973380219027995,0.0015177594690812624,0.001723811306699429,8.060340593437548e-06,3.520107832338062e-05
108,Thing_Speak,Thing_Speak,0.0,0.0,0.0,0.0,0.0,0.0,0.0,0.0,0.0,1.0,0.0
109,ARP_poisioning,ARP_poisioning,0.9888558361345092,0.0,0.0,0.0,0.0,0.0,0.0,0.0,0.0,0.01114416386549068,0.0
110,Thing_Speak,Thing_Speak,0.007313904794462011,0.0,0.0,0.0,0.0,0.0,0.0,0.0,0.0,0.992686095205538,0.0
111,MQTT_Publish,MQTT_Publish,0.0,0.0,0.0,1.0,0.0,0.0,0.0,0.0,0.0,0.0,0.0
112,ARP_poisioning,ARP_poisioning,1.0,0.0,0.0,0.0,0.0,0.0,0.0,0.0,0.0,0.0,0.0
113,ARP_poisioning,ARP_poisioning,1.0,0.0,0.0,0.0,0.0,0.0,0.0,0.0,0.0,0.0,0.0
114,ARP_poisioning,ARP_poisioning,0.9846826041379494,0.0,0.0,0.0,0.0,0.0,0.0,0.0,0.0,0.015317395862050475,0.0
115,ARP_poisioning,ARP_poisioning,1.0,0.0,0.0,0.0,0.0,0.0,0.0,0.0,0.0,0.0,0.0
116,Thing_Speak,Thing_Speak,0.0,0.0,0.0,0.0,0.0,0.0,0.0,0.0,0.0,1.0,0.0
117,NMAP_XMAS_TREE_SCAN,NMAP_XMAS_TREE_SCAN,1.298479431248428e-05,0.0,0.0,4.75897649868369e-05,0.0,0.08317490076457129,0.001390912842513492,0.0002746408124414594,0.9143523322818392,3.4163212055015705e-06,0.0007432224181298227
118,ARP_poisioning,ARP_poisioning,1.0,0.0,0.0,0.0,0.0,0.0,0.0,0.0,0.0,0.0,0.0
119,DDOS_Slowloris,DDOS_Slowloris,0.0,1.0,0.0,0.0,0.0,0.0,0.0,0.0,0.0,0.0,0.0
120,Thing_Speak,Thing_Speak,0.0,0.0,0.0,0.0,0.0,0.0,0.0,0.0,0.0,1.0,0.0
121,MQTT_Publish,MQTT_Publish,0.0,0.0,0.0,1.0,0.0,0.0,0.0,0.0,0.0,0.0,0.0
122,Thing_Speak,ARP_poisioning,0.6682487937429928,0.0,0.0,0.0,0.0,0.0,0.0,0.0,0.0,0.33175120625700716,0.0
123,DDOS_Slowloris,DDOS_Slowloris,0.0009553023663453112,0.9990446976336547,0.0,0.0,0.0,0.0,0.0,0.0,0.0,0.0,0.0
124,ARP_poisioning,ARP_poisioning,1.0,0.0,0.0,0.0,0.0,0.0,0.0,0.0,0.0,0.0,0.0
125,ARP_poisioning,ARP_poisioning,1.0,0.0,0.0,0.0,0.0,0.0,0.0,0.0,0.0,0.0,0.0
126,MQTT_Publish,MQTT_Publish,0.0,0.0,0.0,1.0,0.0,0.0,0.0,0.0,0.0,0.0,0.0
127,NMAP_XMAS_TREE_SCAN,NMAP_XMAS_TREE_SCAN,1.298479431248428e-05,0.0,0.0,4.75897649868369e-05,0.0,0.08317490076457129,0.001390912842513492,0.0002746408124414594,0.9143523322818392,3.4163212055015705e-06,0.0007432224181298227
128,Thing_Speak,Thing_Speak,0.0,0.0,0.0,0.0,0.0,0.0,0.0,0.0,0.0,1.0,0.0
129,Thing_Speak,Thing_Speak,0.0,0.0,0.0,0.0,0.0,0.0,0.0,0.0,0.0,1.0,0.0
130,ARP_poisioning,ARP_poisioning,1.0,0.0,0.0,0.0,0.0,0.0,0.0,0.0,0.0,0.0,0.0
131,Thing_Speak,Thing_Speak,0.0,0.0,0.0,0.0,0.0,0.0,0.0,0.0,0.0,1.0,0.0
132,ARP_poisioning,ARP_poisioning,1.0,0.0,0.0,0.0,0.0,0.0,0.0,0.0,0.0,0.0,0.0
133,MQTT_Publish,MQTT_Publish,0.0,0.0,0.0,1.0,0.0,0.0,0.0,0.0,0.0,0.0,0.0
134,Thing_Speak,Thing_Speak,0.0,0.0,0.0,0.0,0.0,0.0,0.0,0.0,0.0,1.0,0.0
135,Thing_Speak,Thing_Speak,0.0,0.0,0.0,0.0,0.0,0.0,0.0,0.0,0.0,1.0,0.0
136,Thing_Speak,Thing_Speak,0.0,0.0,0.0,0.0,0.0,0.0,0.0,0.0,0.0,1.0,0.0
137,Thing_Speak,Thing_Speak,0.0,0.0,0.0,0.0,0.0,0.0,0.0,0.0,0.0,1.0,0.0
138,Thing_Speak,Thing_Speak,0.02301567117250888,0.0,0.0,0.0,0.0,0.0,0.0,0.0,0.0,0.9672612166993447,0.009723112128146454
139,Thing_Speak,Thing_Speak,0.0,0.0,0.0,0.0,0.0,0.0,0.0,0.0,0.0,1.0,0.0
140,MQTT_Publish,MQTT_Publish,0.0,0.0,0.0,1.0,0.0,0.0,0.0,0.0,0.0,0.0,0.0
141,Thing_Speak,Thing_Speak,0.0,0.0,0.0,0.0,0.0,0.0,0.0,0.0,0.0,1.0,0.0
142,MQTT_Publish,MQTT_Publish,0.10368054449033322,0.08722472039832102,0.0,0.7079285233510781,0.019751861223538426,0.0,0.0,0.0,0.0,0.04629098073116152,0.03512336980556771
143,ARP_poisioning,ARP_poisioning,0.9542024279938246,0.0,0.0,0.005679056468906362,0.0,0.0,0.0,0.0,0.0,0.02124739355062539,0.018871121986643473
144,NMAP_XMAS_TREE_SCAN,NMAP_XMAS_TREE_SCAN,4.2674136226389285e-05,0.0,0.0,2.890442975255265e-05,0.0,0.09116153350384038,0.006687772577173575,0.0002746408124414594,0.9012643190508273,3.4163212055015705e-06,0.000536739168533056
145,Thing_Speak,Thing_Speak,0.0,0.0,0.0,0.0,0.0,0.0,0.0,0.0,0.0,1.0,0.0
146,MQTT_Publish,MQTT_Publish,0.0,0.0,0.0,1.0,0.0,0.0,0.0,0.0,0.0,0.0,0.0
147,Thing_Speak,Thing_Speak,0.0,0.0,0.0,0.0,0.0,0.0,0.0,0.0,0.0,1.0,0.0
148,Thing_Speak,Thing_Speak,0.0,0.0,0.0,0.0,0.0,0.0,0.0,0.0,0.0,1.0,0.0
149,ARP_poisioning,ARP_poisioning,0.6869303014277733,0.0,0.0025340423167651404,0.0,0.011166440251355946,0.0,0.0,0.11956820655598994,0.0,0.1795727126704881,0.00022829677762749745
150,ARP_poisioning,ARP_poisioning,0.6840040716302876,0.0,0.0,0.0,0.0,0.0,0.0,0.0,0.0,0.27740248344184637,0.038593444927866004
151,DOS_SYN_Hping,DOS_SYN_Hping,6.624632480143637e-06,3.436426116838489e-05,0.9997091769552279,0.0,0.0,0.0,0.0,0.00024740014127369895,0.0,2.4340098499717754e-06,0.0
152,MQTT_Publish,MQTT_Publish,0.0,0.0,0.0,1.0,0.0,0.0,0.0,0.0,0.0,0.0,0.0
153,ARP_poisioning,ARP_poisioning,1.0,0.0,0.0,0.0,0.0,0.0,0.0,0.0,0.0,0.0,0.0
154,Thing_Speak,Thing_Speak,0.0,0.0,0.0,0.0,0.0,0.0,0.0,0.0,0.0,1.0,0.0
155,Thing_Speak,Thing_Speak,0.0,0.0,0.0,0.0,0.0,0.0,0.0,0.0,0.0,1.0,0.0
156,ARP_poisioning,ARP_poisioning,1.0,0.0,0.0,0.0,0.0,0.0,0.0,0.0,0.0,0.0,0.0
157,ARP_poisioning,NMAP_UDP_SCAN,0.05969637099741343,0.01226508250813466,0.012491498120637191,0.03632432007330224,0.0,0.0,0.2898660785242334,0.43479485025398,0.030494871026223315,0.018082662263782953,0.10598426623229291
158,ARP_poisioning,ARP_poisioning,1.0,0.0,0.0,0.0,0.0,0.0,0.0,0.0,0.0,0.0,0.0
159,Thing_Speak,Thing_Speak,0.0,0.0,0.0,0.0,0.0,0.0,0.0,0.0,0.0,1.0,0.0
160,NMAP_TCP_scan,NMAP_TCP_scan,4.4844426669243135e-05,1.6187824150449924e-05,0.0,0.0,0.0,0.02327391652648787,0.9742105439377421,0.0006874345593339698,0.001723811306699429,8.060340593437548e-06,3.520107832338062e-05
161,ARP_poisioning,ARP_poisioning,0.980941855392756,0.0,0.0,0.0,0.0,0.0,0.0,0.019058144607244004,0.0,0.0,0.0
162,Thing_Speak,Thing_Speak,0.0,0.0,0.0,0.0,0.0,0.0,0.0,0.0,0.0,1.0,0.0
163,Thing_Speak,Thing_Speak,0.0,0.0,0.0,0.0,0.0,0.0,0.0,0.0,0.0,1.0,0.0
164,ARP_poisioning,ARP_poisioning,0.9855289998449726,0.0,0.0,0.0,0.0,0.0,0.0,0.0,0.0,0.014471000155027478,0.0
165,Thing_Speak,Thing_Speak,0.0,0.0,0.0,0.0,0.0,0.0,0.0,0.0,0.0,1.0,0.0
166,MQTT_Publish,MQTT_Publish,0.0,0.0,0.0,1.0,0.0,0.0,0.0,0.0,0.0,0.0,0.0
167,ARP_poisioning,ARP_poisioning,1.0,0.0,0.0,0.0,0.0,0.0,0.0,0.0,0.0,0.0,0.0
168,MQTT_Publish,MQTT_Publish,0.0,0.0,0.0,1.0,0.0,0.0,0.0,0.0,0.0,0.0,0.0
169,Thing_Speak,Thing_Speak,0.0,0.0,0.0,0.0,0.0,0.0,0.0,0.0,0.0,1.0,0.0
170,Thing_Speak,Thing_Speak,0.0,0.0,0.0,0.0,0.0,0.0,0.0,0.0,0.0,1.0,0.0
171,ARP_poisioning,ARP_poisioning,0.99,0.01,0.0,0.0,0.0,0.0,0.0,0.0,0.0,0.0,0.0
172,ARP_poisioning,ARP_poisioning,0.986051162595134,0.0,0.0,0.00398571607567974,0.0,0.0,0.0,0.0,0.0,0.0001767117297200877,0.009786409599466018
173,ARP_poisioning,ARP_poisioning,0.9904982100238664,0.009501789976133651,0.0,0.0,0.0,0.0,0.0,0.0,0.0,0.0,0.0
174,NMAP_OS_DETECTION,NMAP_OS_DETECTION,0.00022173054778426853,1.6187824150449924e-05,0.0,4.135211154144212e-05,0.0,0.8889178569833841,0.02494070840585584,0.0002746408124414594,0.08478009323800828,3.4163212055015705e-06,0.0008040137556287519
175,ARP_poisioning,ARP_poisioning,1.0,0.0,0.0,0.0,0.0,0.0,0.0,0.0,0.0,0.0,0.0
176,DOS_SYN_Hping,DOS_SYN_Hping,6.624632480143637e-06,3.436426116838489e-05,0.9997091769552279,0.0,0.0,0.0,0.0,0.00024740014127369895,0.0,2.4340098499717754e-06,0.0
177,Thing_Speak,Thing_Speak,0.0,0.0,0.0,0.0,0.0,0.0,0.0,0.0,0.0,1.0,0.0
178,NMAP_OS_DETECTION,NMAP_OS_DETECTION,0.00012947847434960114,1.6187824150449924e-05,0.0,4.135211154144212e-05,0.0,0.8944614492449616,0.027348871671161967,0.0002746408124414594,0.07692058978455937,3.4163212055015705e-06,0.0008040137556287519
179,Thing_Speak,Thing_Speak,0.0,0.0,0.0,0.0,0.0,0.0,0.0,0.0,0.0,1.0,0.0
180,MQTT_Publish,MQTT_Publish,0.0,0.0,0.0,1.0,0.0,0.0,0.0,0.0,0.0,0.0,0.0
181,NMAP_XMAS_TREE_SCAN,NMAP_XMAS_TREE_SCAN,3.634653341348503e-05,0.0,0.0,2.890442975255265e-05,0.0,0.09571723803977038,0.006687772577173575,0.0002746408124414594,0.8967149421177102,3.4163212055015705e-06,0.000536739168533056
182,MQTT_Publish,MQTT_Publish,0.0,0.0,0.0,1.0,0.0,0.0,0.0,0.0,0.0,0.0,0.0
183,Thing_Speak,Thing_Speak,0.0,0.0,0.0,0.0,0.0,0.0,0.0,0.0,0.0,1.0,0.0
184,Thing_Speak,Thing_Speak,0.0,0.0,0.0,0.0,0.0,0.0,0.0,0.0,0.0,1.0,0.0
185,MQTT_Publish,MQTT_Publish,0.0,0.0,0.0,1.0,0.0,0.0,0.0,0.0,0.0,0.0,0.0
186,Thing_Speak,Thing_Speak,0.18816970519702333,0.021265110026392923,0.009908214777420835,0.00630637402285027,0.009933379278658396,0.0,0.009929758838679468,0.03786142782953807,0.0,0.6610892671340448,0.05553676289539188
187,MQTT_Publish,MQTT_Publish,0.0,0.0,0.0,1.0,0.0,0.0,0.0,0.0,0.0,0.0,0.0
188,NMAP_TCP_scan,NMAP_TCP_scan,4.4844426669243135e-05,1.6187824150449924e-05,0.0,0.0,0.0,0.02327391652648787,0.9742105439377421,0.0006874345593339698,0.001723811306699429,8.060340593437548e-06,3.520107832338062e-05
189,ARP_poisioning,ARP_poisioning,1.0,0.0,0.0,0.0,0.0,0.0,0.0,0.0,0.0,0.0,0.0
190,Thing_Speak,Thing_Speak,0.0,0.0,0.0,0.0,0.0,0.0,0.0,0.0,0.0,1.0,0.0
191,NMAP_XMAS_TREE_SCAN,NMAP_XMAS_TREE_SCAN,1.298479431248428e-05,0.0,0.0,4.75897649868369e-05,0.0,0.07858902421337682,0.001390912842513492,0.0002746408124414594,0.9189382088330337,3.4163212055015705e-06,0.0007432224181298227
192,ARP_poisioning,ARP_poisioning,1.0,0.0,0.0,0.0,0.0,0.0,0.0,0.0,0.0,0.0,0.0
193,Thing_Speak,Thing_Speak,0.0,0.0,0.0,0.0,0.0,0.0,0.0,0.0,0.0,1.0,0.0
194,MQTT_Publish,MQTT_Publish,0.0,0.0,0.0,1.0,0.0,0.0,0.0,0.0,0.0,0.0,0.0
195,Thing_Speak,Thing_Speak,0.0,0.0,0.0,0.0,0.0,0.0,0.0,0.0,0.0,1.0,0.0
196,Thing_Speak,Thing_Speak,0.0,0.0,0.0,0.0,0.0,0.0,0.0,0.0,0.0,1.0,0.0
197,ARP_poisioning,ARP_poisioning,1.0,0.0,0.0,0.0,0.0,0.0,0.0,0.0,0.0,0.0,0.0
198,Thing_Speak,Thing_Speak,0.0,0.0,0.0,0.0,0.0,0.0,0.0,0.0,0.0,1.0,0.0
199,MQTT_Publish,MQTT_Publish,0.0,0.0,0.0,1.0,0.0,0.0,0.0,0.0,0.0,0.0,0.0
200,DDOS_Slowloris,DDOS_Slowloris,0.0009553023663453112,0.9990446976336547,0.0,0.0,0.0,0.0,0.0,0.0,0.0,0.0,0.0
201,Thing_Speak,Thing_Speak,0.0,0.0,0.0,0.0,0.0,0.0,0.0,0.0,0.0,1.0,0.0
202,NMAP_OS_DETECTION,NMAP_OS_DETECTION,0.00022173054778426853,1.6187824150449924e-05,0.0,4.135211154144212e-05,0.0,0.8904876244252447,0.02494070840585584,0.0002746408124414594,0.08321032579614782,3.4163212055015705e-06,0.0008040137556287519
203,MQTT_Publish,MQTT_Publish,0.0,0.0,0.0,1.0,0.0,0.0,0.0,0.0,0.0,0.0,0.0
204,ARP_poisioning,ARP_poisioning,0.8768090134766462,0.0,0.0,0.0,0.0,0.0,0.0,0.00971986504447398,0.0,0.09452395304482807,0.018947168434051784
205,MQTT_Publish,MQTT_Publish,0.0,0.0,0.0,1.0,0.0,0.0,0.0,0.0,0.0,0.0,0.0
206,Thing_Speak,Thing_Speak,0.0,0.0,0.0,0.0,0.0,0.0,0.0,0.0,0.0,1.0,0.0
207,Thing_Speak,Thing_Speak,0.0,0.0,0.0,0.0,0.0,0.0,0.0,0.0,0.0,1.0,0.0
208,Thing_Speak,Thing_Speak,0.0,0.0,0.0,0.0,0.0,0.0,0.0,0.0,0.0,1.0,0.0
209,Thing_Speak,Thing_Speak,0.0,0.0,0.0,0.0,0.0,0.0,0.0,0.0,0.0,1.0,0.0
210,Thing_Speak,Thing_Speak,0.0,0.0,0.0,0.0,0.0,0.0,0.0,0.0,0.0,1.0,0.0
211,DDOS_Slowloris,DDOS_Slowloris,0.0,1.0,0.0,0.0,0.0,0.0,0.0,0.0,0.0,0.0,0.0
212,Thing_Speak,Thing_Speak,0.0,0.0,0.0,0.0,0.0,0.0,0.0,0.0,0.0,1.0,0.0
213,Thing_Speak,Thing_Speak,0.0,0.0,0.0,0.0,0.0,0.0,0.0,0.0,0.0,1.0,0.0
214,ARP_poisioning,ARP_poisioning,0.8677850088845352,0.0,0.0,0.013523675716392075,0.0,0.0,0.0,0.0,0.0,0.033050282505770474,0.08564103289330244
215,ARP_poisioning,ARP_poisioning,0.9830656152772363,0.0,0.0,0.0,0.0,0.0,0.0,0.0,0.0,0.016934384722763623,0.0
216,Thing_Speak,Thing_Speak,0.0,0.0,0.0,0.0,0.0,0.0,0.0,0.0,0.0,1.0,0.0
217,Thing_Speak,Thing_Speak,0.0,0.0,0.0,0.0,0.0,0.0,0.0,0.0,0.0,1.0,0.0
218,MQTT_Publish,MQTT_Publish,0.0,0.0,0.0,1.0,0.0,0.0,0.0,0.0,0.0,0.0,0.0
219,Thing_Speak,Thing_Speak,0.0,0.0,0.0,0.0,0.0,0.0,0.0,0.0,0.0,1.0,0.0
220,ARP_poisioning,ARP_poisioning,1.0,0.0,0.0,0.0,0.0,0.0,0.0,0.0,0.0,0.0,0.0
221,MQTT_Publish,MQTT_Publish,0.0,0.0,0.0,1.0,0.0,0.0,0.0,0.0,0.0,0.0,0.0
222,Thing_Speak,Thing_Speak,0.0,0.0,0.0,0.0,0.0,0.0,0.0,0.0,0.0,1.0,0.0
223,Thing_Speak,Thing_Speak,0.0,0.0,0.0,0.0,0.0,0.0,0.0,0.0,0.0,1.0,0.0
224,MQTT_Publish,MQTT_Publish,0.0,0.0,0.0,1.0,0.0,0.0,0.0,0.0,0.0,0.0,0.0
225,Thing_Speak,Thing_Speak,0.0,0.0,0.0,0.0,0.0,0.0,0.0,0.0,0.0,1.0,0.0
226,MQTT_Publish,MQTT_Publish,0.0,0.0,0.0,1.0,0.0,0.0,0.0,0.0,0.0,0.0,0.0
227,MQTT_Publish,MQTT_Publish,0.0,0.0,0.0,1.0,0.0,0.0,0.0,0.0,0.0,0.0,0.0
228,NMAP_TCP_scan,NMAP_TCP_scan,4.4844426669243135e-05,1.6187824150449924e-05,0.0,0.0,0.0,0.03327391652648787,0.957741060012403,0.007156918484673156,0.001723811306699429,8.060340593437548e-06,3.520107832338062e-05
229,ARP_poisioning,ARP_poisioning,0.9973578076525337,0.0,0.0,0.0,0.0,0.0,0.0,0.0,0.0,0.002642192347466391,0.0
230,Thing_Speak,Thing_Speak,0.0,0.0,0.0,0.0,0.0,0.0,0.0,0.0,0.0,1.0,0.0
231,Thing_Speak,Thing_Speak,0.0,0.0,0.0,0.0,0.0,0.0,0.0,0.0,0.0,1.0,0.0
232,NMAP_OS_DETECTION,NMAP_OS_DETECTION,0.00022173054778426853,1.6187824150449924e-05,0.0,4.135211154144212e-05,0.0,0.8889178569833841,0.02494070840585584,0.0002746408124414594,0.08478009323800828,3.4163212055015705e-06,0.0008040137556287519
233,MQTT_Publish,MQTT_Publish,0.0,0.0,0.0,1.0,0.0,0.0,0.0,0.0,0.0,0.0,0.0
234,MQTT_Publish,MQTT_Publish,0.0,0.0,0.0,1.0,0.0,0.0,0.0,0.0,0.0,0.0,0.0
235,ARP_poisioning,ARP_poisioning,0.9325446811960642,0.0,0.0,0.013928883343730505,0.0,0.0,0.0,0.009881138567406944,0.0,0.03408713638783897,0.009558160504959423
236,NMAP_XMAS_TREE_SCAN,NMAP_XMAS_TREE_SCAN,4.2674136226389285e-05,0.0,0.0,2.890442975255265e-05,0.0,0.09116153350384038,0.006687772577173575,0.0002746408124414594,0.9012643190508273,3.4163212055015705e-06,0.000536739168533056
237,Thing_Speak,Thing_Speak,0.0,0.0,0.0,0.0,0.0,0.0,0.0,0.0,0.0,1.0,0.0
238,MQTT_Publish,MQTT_Publish,0.0,0.0,0.0,1.0,0.0,0.0,0.0,0.0,0.0,0.0,0.0
239,ARP_poisioning,ARP_poisioning,1.0,0.0,0.0,0.0,0.0,0.0,0.0,0.0,0.0,0.0,0.0
240,DDOS_Slowloris,DDOS_Slowloris,0.0,1.0,0.0,0.0,0.0,0.0,0.0,0.0,0.0,0.0,0.0
241,Thing_Speak,Thing_Speak,0.0,0.0,0.0,0.0,0.0,0.0,0.0,0.0,0.0,1.0,0.0
242,ARP_poisioning,ARP_poisioning,1.0,0.0,0.0,0.0,0.0,0.0,0.0,0.0,0.0,0.0,0.0
243,ARP_poisioning,ARP_poisioning,0.9227594384904212,0.02,0.0,0.04124263952979218,0.0,0.0,0.0,0.0,0.0,0.00599792197978653,0.01
244,ARP_poisioning,ARP_poisioning,1.0,0.0,0.0,0.0,0.0,0.0,0.0,0.0,0.0,0.0,0.0
245,ARP_poisioning,ARP_poisioning,0.6073425436837419,0.02853662114415195,0.0,0.012685516842917575,0.0,0.0,0.0,0.026895037893418836,0.0,0.30177372194861496,0.02276655848715486
246,NMAP_OS_DETECTION,NMAP_OS_DETECTION,0.00011047923194980878,1.6187824150449924e-05,0.0,5.143647108764594e-05,0.0,0.9011351146839786,0.028726165647629077,0.0002746408124414594,0.06887854525192888,3.4163212055015705e-06,0.0008040137556287519
247,NMAP_XMAS_TREE_SCAN,NMAP_XMAS_TREE_SCAN,4.2674136226389285e-05,0.0,0.0,2.890442975255265e-05,0.0,0.09959176606197992,0.006687772577173575,0.0002746408124414594,0.8928340864926877,3.4163212055015705e-06,0.000536739168533056
248,ARP_poisioning,ARP_poisioning,1.0,0.0,0.0,0.0,0.0,0.0,0.0,0.0,0.0,0.0,0.0
249,ARP_poisioning,ARP_poisioning,0.6750746568054008,0.0,0.0,0.0,0.0,0.0,0.0,0.0,0.0,0.3249253431945991,0.0
250,DOS_SYN_Hping,DOS_SYN_Hping,6.624632480143637e-06,3.436426116838489e-05,0.9997091769552279,0.0,0.0,0.0,0.0,0.00024740014127369895,0.0,2.4340098499717754e-06,0.0
251,Thing_Speak,Thing_Speak,0.0,0.0,0.0,0.0,0.0,0.0,0.0,0.0,0.0,1.0,0.0
252,MQTT_Publish,MQTT_Publish,0.0,0.0,0.0,1.0,0.0,0.0,0.0,0.0,0.0,0.0,0.0
253,ARP_poisioning,ARP_poisioning,1.0,0.0,0.0,0.0,0.0,0.0,0.0,0.0,0.0,0.0,0.0
254,Thing_Speak,Thing_Speak,0.0,0.0,0.0,0.0,0.0,0.0,0.0,0.0,0.0,1.0,0.0
255,Thing_Speak,Thing_Speak,0.0,0.0,0.0,0.0,0.0,0.0,0.0,0.0,0.0,1.0,0.0
256,Thing_Speak,Thing_Speak,0.0,0.0,0.0,0.0,0.0,0.0,0.0,0.0,0.0,1.0,0.0
257,Thing_Speak,Thing_Speak,0.0,0.0,0.0,0.0,0.0,0.0,0.0,0.0,0.0,1.0,0.0
258,ARP_poisioning,ARP_poisioning,1.0,0.0,0.0,0.0,0.0,0.0,0.0,0.0,0.0,0.0,0.0
259,ARP_poisioning,ARP_poisioning,1.0,0.0,0.0,0.0,0.0,0.0,0.0,0.0,0.0,0.0,0.0
260,Thing_Speak,Thing_Speak,0.0,0.0,0.0,0.0,0.0,0.0,0.0,0.0,0.0,1.0,0.0
261,Thing_Speak,Thing_Speak,0.0,0.0,0.0,0.0,0.0,0.0,0.0,0.0,0.0,1.0,0.0
262,Thing_Speak,Thing_Speak,0.0,0.0,0.0,0.0,0.0,0.0,0.0,0.0,0.0,1.0,0.0
263,Thing_Speak,Thing_Speak,0.0,0.0,0.0,0.0,0.0,0.0,0.0,0.0,0.0,1.0,0.0
264,Thing_Speak,Thing_Speak,0.0,0.0,0.0,0.0,0.0,0.0,0.0,0.0,0.0,1.0,0.0
265,Thing_Speak,NMAP_UDP_SCAN,0.1365653623022692,0.0,0.007834394904458598,0.00308352907921309,0.00947522155620829,0.004840927148195726,0.004075812026862634,0.46060410387290285,0.007572185819465666,0.09299126813641229,0.2729571951540118
266,ARP_poisioning,ARP_poisioning,0.9378166237042258,0.0,0.0,0.0,0.0,0.0,0.0,0.0,0.0,0.062183376295774175,0.0
267,MQTT_Publish,MQTT_Publish,0.0,0.0,0.0,1.0,0.0,0.0,0.0,0.0,0.0,0.0,0.0
268,Thing_Speak,Thing_Speak,0.4566846985373006,0.0,0.0,0.0,0.019768102108689303,0.0,0.0,0.027415001287290977,0.0,0.4961321980667192,0.0
269,ARP_poisioning,ARP_poisioning,1.0,0.0,0.0,0.0,0.0,0.0,0.0,0.0,0.0,0.0,0.0
270,Thing_Speak,Thing_Speak,0.0,0.0,0.0,0.0,0.0,0.0,0.0,0.0,0.0,1.0,0.0
271,Thing_Speak,Thing_Speak,0.0,0.0,0.0,0.0,0.0,0.0,0.0,0.0,0.0,1.0,0.0
272,Thing_Speak,NMAP_UDP_SCAN,0.022705101624833725,0.0,0.022194994768770897,0.0,0.37201022498298136,0.0,0.0,0.477836840996746,0.0,0.10502454084904032,0.00022829677762749745
273,Thing_Speak,Thing_Speak,0.0,0.0,0.0,0.0,0.0,0.0,0.0,0.0,0.0,1.0,0.0
274,DOS_SYN_Hping,DOS_SYN_Hping,6.624632480143637e-06,3.436426116838489e-05,0.9997091769552279,0.0,0.0,0.0,0.0,0.00024740014127369895,0.0,2.4340098499717754e-06,0.0
275,MQTT_Publish,MQTT_Publish,0.0,0.0,0.0,1.0,0.0,0.0,0.0,0.0,0.0,0.0,0.0
276,Thing_Speak,Thing_Speak,0.0,0.0,0.0,0.0,0.0,0.0,0.0,0.0,0.0,1.0,0.0
277,Thing_Speak,Thing_Speak,0.0,0.0,0.0,0.0,0.0,0.0,0.0,0.0,0.0,1.0,0.0
278,ARP_poisioning,ARP_poisioning,1.0,0.0,0.0,0.0,0.0,0.0,0.0,0.0,0.0,0.0,0.0
279,ARP_poisioning,ARP_poisioning,0.3562628930057117,0.0,0.14058163465965523,0.0,0.058490308797697,0.0,0.0,0.18058841861209043,0.0,0.24950620330100817,0.014570541623837587
280,ARP_poisioning,ARP_poisioning,0.9439853480096602,0.019571734475374733,0.0,0.0,0.0,0.0,0.0,0.0,0.0,0.036442917514965034,0.0
281,ARP_poisioning,ARP_poisioning,1.0,0.0,0.0,0.0,0.0,0.0,0.0,0.0,0.0,0.0,0.0
282,DDOS_Slowloris,DDOS_Slowloris,0.0,1.0,0.0,0.0,0.0,0.0,0.0,0.0,0.0,0.0,0.0
283,Thing_Speak,Thing_Speak,0.0,0.0,0.0,0.0,0.0,0.0,0.0,0.0,0.0,1.0,0.0
284,Thing_Speak,Thing_Speak,0.0,0.0,0.0,0.0,0.0,0.0,0.0,0.0,0.0,1.0,0.0
285,MQTT_Publish,MQTT_Publish,0.0,0.0,0.0,1.0,0.0,0.0,0.0,0.0,0.0,0.0,0.0
286,Thing_Speak,Thing_Speak,0.0,0.0,0.0,0.0,0.0,0.0,0.0,0.0,0.0,1.0,0.0
287,Wipro_bulb,Wipro_bulb,0.0,0.0,0.0,0.0,0.0,0.0,0.0,0.0,0.0,0.0,1.0
288,Thing_Speak,Thing_Speak,0.0,0.0,0.0,0.0,0.0,0.0,0.0,0.0,0.0,1.0,0.0
289,ARP_poisioning,ARP_poisioning,1.0,0.0,0.0,0.0,0.0,0.0,0.0,0.0,0.0,0.0,0.0
290,ARP_poisioning,ARP_poisioning,1.0,0.0,0.0,0.0,0.0,0.0,0.0,0.0,0.0,0.0,0.0
291,NMAP_XMAS_TREE_SCAN,NMAP_XMAS_TREE_SCAN,4.2674136226389285e-05,0.0,0.0,2.890442975255265e-05,0.0,0.09959176606197992,0.006687772577173575,0.0002746408124414594,0.8928340864926877,3.4163212055015705e-06,0.000536739168533056
292,MQTT_Publish,MQTT_Publish,0.0,0.0,0.0,1.0,0.0,0.0,0.0,0.0,0.0,0.0,0.0
293,Thing_Speak,Thing_Speak,0.0,0.0,0.0,0.0,0.0,0.0,0.0,0.0,0.0,1.0,0.0
294,NMAP_UDP_SCAN,NMAP_UDP_SCAN,5.399888899841684e-05,0.06985964746423953,0.0007925132363315011,7.17665855958503e-05,0.0,0.0,0.0,0.9284139363481194,0.0,3.0110077288435226e-05,0.0007780273994271982
295,NMAP_OS_DETECTION,NMAP_OS_DETECTION,0.0001006391470220606,1.6187824150449924e-05,0.0,7.012180632193017e-05,0.0,0.8946350271880849,0.015821416056250925,0.0002746408124414594,0.08806805383929744,3.4163212055015705e-06,0.0010104970052255185
296,DDOS_Slowloris,DDOS_Slowloris,0.0,1.0,0.0,0.0,0.0,0.0,0.0,0.0,0.0,0.0,0.0
297,NMAP_XMAS_TREE_SCAN,NMAP_XMAS_TREE_SCAN,2.91524820531367e-05,0.0,0.0,2.890442975255265e-05,0.0,0.07686683570223259,0.006687772577173575,0.0002746408124414594,0.9155725385066082,3.4163212055015705e-06,0.000536739168533056
298,MQTT_Publish,MQTT_Publish,0.0,0.0,0.0,1.0,0.0,0.0,0.0,0.0,0.0,0.0,0.0
299,Thing_Speak,Thing_Speak,0.0,0.0,0.0,0.0,0.0,0.0,0.0,0.0,0.0,1.0,0.0
300,Thing_Speak,Thing_Speak,0.0,0.0,0.0,0.0,0.0,0.0,0.0,0.0,0.0,1.0,0.0
301,MQTT_Publish,MQTT_Publish,0.0,0.0,0.0,1.0,0.0,0.0,0.0,0.0,0.0,0.0,0.0
302,MQTT_Publish,MQTT_Publish,0.0,0.0,0.0,1.0,0.0,0.0,0.0,0.0,0.0,0.0,0.0
303,ARP_poisioning,ARP_poisioning,0.9914496417592198,0.0,0.0,0.0,0.0,0.0,0.0,0.0,0.0,0.00855035824078022,0.0
304,NMAP_TCP_scan,NMAP_TCP_scan,4.4844426669243135e-05,1.6187824150449924e-05,0.0,0.0,0.0,0.02327391652648787,0.9718612316862227,0.003036746810853414,0.001723811306699429,8.060340593437548e-06,3.520107832338062e-05
305,Thing_Speak,Thing_Speak,0.0,0.0,0.0,0.0,0.0,0.0,0.0,0.0,0.0,1.0,0.0
306,Thing_Speak,Thing_Speak,0.0,0.0,0.0,0.0,0.0,0.0,0.0,0.0,0.0,1.0,0.0
307,MQTT_Publish,MQTT_Publish,0.0,0.0,0.0,1.0,0.0,0.0,0.0,0.0,0.0,0.0,0.0
308,MQTT_Publish,MQTT_Publish,0.0,0.0,0.0,1.0,0.0,0.0,0.0,0.0,0.0,0.0,0.0
309,MQTT_Publish,MQTT_Publish,0.0,0.0,0.0,1.0,0.0,0.0,0.0,0.0,0.0,0.0,0.0
310,Thing_Speak,Thing_Speak,0.0,0.0,0.0,0.0,0.0,0.0,0.0,0.0,0.0,1.0,0.0
311,MQTT_Publish,MQTT_Publish,0.0,0.0,0.0,1.0,0.0,0.0,0.0,0.0,0.0,0.0,0.0
312,ARP_poisioning,ARP_poisioning,0.9569859007612248,0.01,0.0,0.016382819515115235,0.0,0.0,0.0,0.0,0.0,0.016631279723659857,0.0
313,Thing_Speak,Thing_Speak,0.0,0.0,0.0,0.0,0.0,0.0,0.0,0.0,0.0,1.0,0.0
314,MQTT_Publish,MQTT_Publish,0.0,0.0,0.0,1.0,0.0,0.0,0.0,0.0,0.0,0.0,0.0
315,MQTT_Publish,MQTT_Publish,0.0,0.0,0.0,1.0,0.0,0.0,0.0,0.0,0.0,0.0,0.0
316,MQTT_Publish,MQTT_Publish,0.0,0.0,0.0,1.0,0.0,0.0,0.0,0.0,0.0,0.0,0.0
317,ARP_poisioning,ARP_poisioning,1.0,0.0,0.0,0.0,0.0,0.0,0.0,0.0,0.0,0.0,0.0
318,ARP_poisioning,ARP_poisioning,0.9929372637151684,0.0,0.0,0.0,0.0,0.0,0.0,0.0,0.0,0.007062736284831506,0.0
319,Thing_Speak,Thing_Speak,0.0,0.0,0.0,0.0,0.0,0.0,0.0,0.0,0.0,1.0,0.0
320,Thing_Speak,Thing_Speak,0.0,0.0,0.0,0.0,0.0,0.0,0.0,0.0,0.0,1.0,0.0
321,MQTT_Publish,MQTT_Publish,0.0,0.0,0.0,1.0,0.0,0.0,0.0,0.0,0.0,0.0,0.0
322,Thing_Speak,Thing_Speak,0.0,0.0,0.0,0.0,0.0,0.0,0.0,0.0,0.0,1.0,0.0
323,ARP_poisioning,ARP_poisioning,0.9588774583046884,0.0,0.0,0.0,0.0,0.0,0.0,0.0,0.0,0.041122541695311536,0.0
324,Thing_Speak,Thing_Speak,0.0,0.0,0.0,0.0,0.0,0.0,0.0,0.0,0.0,1.0,0.0
325,MQTT_Publish,MQTT_Publish,0.0,0.0,0.0,1.0,0.0,0.0,0.0,0.0,0.0,0.0,0.0
326,ARP_poisioning,ARP_poisioning,0.9957858212001633,0.0,0.0,0.0,0.0,0.0,0.0,0.0,0.0,0.004214178799836712,0.0
327,ARP_poisioning,ARP_poisioning,1.0,0.0,0.0,0.0,0.0,0.0,0.0,0.0,0.0,0.0,0.0
328,Thing_Speak,Thing_Speak,0.01,0.0,0.0,0.0,0.0,0.0,0.0,0.0,0.0,0.99,0.0
329,ARP_poisioning,ARP_poisioning,0.9857663350363001,0.0,0.0,0.0,0.0,0.0,0.0,0.0,0.0,0.014233664963699919,0.0
330,NMAP_XMAS_TREE_SCAN,NMAP_XMAS_TREE_SCAN,3.634653341348503e-05,0.0,0.0,2.890442975255265e-05,0.0,0.09571723803977038,0.006687772577173575,0.0002746408124414594,0.8967149421177102,3.4163212055015705e-06,0.000536739168533056
331,ARP_poisioning,NMAP_UDP_SCAN,0.022705101624833725,0.0,0.022194994768770897,0.0,0.37201022498298136,0.0,0.0,0.477836840996746,0.0,0.10502454084904032,0.00022829677762749745
332,MQTT_Publish,MQTT_Publish,0.0,0.0,0.0,0.9946761487964989,0.0,0.0,0.0,0.0,0.0,0.0053238512035010946,0.0
333,DOS_SYN_Hping,DOS_SYN_Hping,6.624632480143637e-06,3.436426116838489e-05,0.9997091769552279,0.0,0.0,0.0,0.0,0.00024740014127369895,0.0,2.4340098499717754e-06,0.0
334,Thing_Speak,Thing_Speak,0.0,0.0,0.0,0.0,0.0,0.0,0.0,0.0,0.0,1.0,0.0
335,ARP_poisioning,ARP_poisioning,1.0,0.0,0.0,0.0,0.0,0.0,0.0,0.0,0.0,0.0,0.0
336,Thing_Speak,Thing_Speak,0.4616614611958927,0.0,0.0,0.0,0.0,0.0,0.0,0.0,0.0,0.518684229047455,0.019654309756652263
337,NMAP_TCP_scan,NMAP_TCP_scan,4.4844426669243135e-05,1.6187824150449924e-05,0.0,0.0,0.0,0.02327391652648787,0.9718612316862227,0.003036746810853414,0.001723811306699429,8.060340593437548e-06,3.520107832338062e-05
338,Thing_Speak,Thing_Speak,0.0,0.0,0.0,0.0,0.0,0.0,0.0,0.0,0.0,1.0,0.0
339,MQTT_Publish,MQTT_Publish,0.0,0.0,0.0,1.0,0.0,0.0,0.0,0.0,0.0,0.0,0.0
340,Thing_Speak,Thing_Speak,0.0,0.0,0.0,0.0,0.0,0.0,0.0,0.0,0.0,1.0,0.0
341,DDOS_Slowloris,DDOS_Slowloris,0.0,1.0,0.0,0.0,0.0,0.0,0.0,0.0,0.0,0.0,0.0
342,MQTT_Publish,MQTT_Publish,0.0,0.0,0.0,1.0,0.0,0.0,0.0,0.0,0.0,0.0,0.0
343,ARP_poisioning,ARP_poisioning,1.0,0.0,0.0,0.0,0.0,0.0,0.0,0.0,0.0,0.0,0.0
344,NMAP_UDP_SCAN,NMAP_UDP_SCAN,0.0014139628195733922,0.0,0.012283416737719332,0.0,0.011166440251355946,0.0,0.0,0.9658208775301855,0.0,0.009087005883537997,0.00022829677762749745
345,NMAP_XMAS_TREE_SCAN,NMAP_XMAS_TREE_SCAN,1.9312397125388537e-05,0.0,0.0,3.445894945162314e-05,0.0,0.0757440318323792,0.001390912842513492,0.0002746408124414594,0.9217900044267536,3.4163212055015705e-06,0.0007432224181298227
346,ARP_poisioning,ARP_poisioning,1.0,0.0,0.0,0.0,0.0,0.0,0.0,0.0,0.0,0.0,0.0
347,ARP_poisioning,ARP_poisioning,1.0,0.0,0.0,0.0,0.0,0.0,0.0,0.0,0.0,0.0,0.0
348,Thing_Speak,Thing_Speak,0.0,0.0,0.0,0.0,0.0,0.0,0.0,0.0,0.0,1.0,0.0
349,ARP_poisioning,ARP_poisioning,1.0,0.0,0.0,0.0,0.0,0.0,0.0,0.0,0.0,0.0,0.0
350,ARP_poisioning,ARP_poisioning,0.9929928432010411,0.0,0.0,0.0,0.0,0.0,0.0,0.0,0.0,0.007007156798959011,0.0
351,ARP_poisioning,ARP_poisioning,1.0,0.0,0.0,0.0,0.0,0.0,0.0,0.0,0.0,0.0,0.0
352,Thing_Speak,Thing_Speak,0.0,0.0,0.0,0.0,0.0,0.0,0.0,0.0,0.0,1.0,0.0
353,ARP_poisioning,ARP_poisioning,1.0,0.0,0.0,0.0,0.0,0.0,0.0,0.0,0.0,0.0,0.0
354,MQTT_Publish,MQTT_Publish,0.0,0.0,0.0,1.0,0.0,0.0,0.0,0.0,0.0,0.0,0.0
355,Thing_Speak,Thing_Speak,0.0,0.0,0.0,0.0,0.0,0.0,0.0,0.0,0.0,1.0,0.0
356,Thing_Speak,Thing_Speak,0.0,0.0,0.0,0.0,0.0,0.0,0.0,0.0,0.0,1.0,0.0
357,Thing_Speak,Thing_Speak,0.0,0.0,0.0,0.0,0.0,0.0,0.0,0.0,0.0,1.0,0.0
358,ARP_poisioning,ARP_poisioning,1.0,0.0,0.0,0.0,0.0,0.0,0.0,0.0,0.0,0.0,0.0
359,NMAP_OS_DETECTION,NMAP_OS_DETECTION,0.0007043165586659861,1.6187824150449924e-05,0.0,4.135211154144212e-05,0.0,0.8814954230297474,0.03345032379047122,0.0002746408124414594,0.08321032579614782,3.4163212055015705e-06,0.0008040137556287519
360,Thing_Speak,Thing_Speak,0.0,0.0,0.0,0.0,0.0,0.0,0.0,0.0,0.0,1.0,0.0
361,Thing_Speak,Thing_Speak,0.0,0.0,0.0,0.0,0.0,0.0,0.0,0.0,0.0,1.0,0.0
362,Thing_Speak,Thing_Speak,0.0,0.0,0.0,0.0,0.0,0.0,0.0,0.0,0.0,1.0,0.0
363,ARP_poisioning,ARP_poisioning,0.9458623744203436,0.0,0.0,0.0,0.0,0.0,0.0,0.027952114802581463,0.0,0.02618551077707475,0.0
364,Thing_Speak,Thing_Speak,0.0,0.0,0.0,0.0,0.0,0.0,0.0,0.0,0.0,1.0,0.0
365,Thing_Speak,Thing_Speak,0.015239949603610903,0.0,0.0,0.0,0.0,0.0,0.0,0.0,0.0,0.9847600503963893,0.0
366,ARP_poisioning,ARP_poisioning,1.0,0.0,0.0,0.0,0.0,0.0,0.0,0.0,0.0,0.0,0.0
367,ARP_poisioning,ARP_poisioning,0.9800530193579648,0.0,0.019946980642035157,0.0,0.0,0.0,0.0,0.0,0.0,0.0,0.0
368,DOS_SYN_Hping,DOS_SYN_Hping,6.624632480143637e-06,3.436426116838489e-05,0.9997091769552279,0.0,0.0,0.0,0.0,0.00024740014127369895,0.0,2.4340098499717754e-06,0.0
369,ARP_poisioning,ARP_poisioning,0.9281659748127022,0.0,0.0,0.0,0.009860016090104584,0.0,0.0,0.0,0.0,0.06197400909719322,0.0
370,Thing_Speak,Thing_Speak,0.005814648729446936,0.0,0.0,0.0,0.0,0.0,0.0,0.0,0.0,0.9941853512705531,0.0
371,Thing_Speak,Thing_Speak,0.0,0.0,0.0,0.0,0.0,0.0,0.0,0.0,0.0,1.0,0.0
372,Thing_Speak,Thing_Speak,0.0,0.0,0.0,0.0,0.0,0.0,0.0,0.0,0.0,1.0,0.0
373,Thing_Speak,ARP_poisioning,0.7986288755655431,0.0,0.0,0.0,0.0,0.0,0.0,0.0,0.0,0.20137112443445684,0.0
374,Thing_Speak,Thing_Speak,0.008192048188981331,0.0,0.0,0.0,0.0,0.0,0.0,0.0,0.0,0.9918079518110187,0.0
375,ARP_poisioning,ARP_poisioning,1.0,0.0,0.0,0.0,0.0,0.0,0.0,0.0,0.0,0.0,0.0
376,MQTT_Publish,MQTT_Publish,0.0,0.0,0.0,1.0,0.0,0.0,0.0,0.0,0.0,0.0,0.0
377,Thing_Speak,Thing_Speak,0.0,0.0,0.0,0.0,0.0,0.0,0.0,0.0,0.0,1.0,0.0
378,Thing_Speak,Thing_Speak,0.0,0.0,0.0,0.0,0.0,0.0,0.0,0.0,0.0,1.0,0.0
379,Thing_Speak,Thing_Speak,0.0,0.0,0.0,0.0,0.0,0.0,0.0,0.0,0.0,1.0,0.0
380,DOS_SYN_Hping,DOS_SYN_Hping,1.3581914766902935e-05,3.436426116838489e-05,0.9997022196729409,0.0,0.0,0.0,0.0,0.00024740014127369895,0.0,2.4340098499717754e-06,0.0
381,MQTT_Publish,MQTT_Publish,0.0,0.0,0.0,1.0,0.0,0.0,0.0,0.0,0.0,0.0,0.0
382,ARP_poisioning,ARP_poisioning,1.0,0.0,0.0,0.0,0.0,0.0,0.0,0.0,0.0,0.0,0.0
383,Thing_Speak,Thing_Speak,0.02143027753819373,0.0,0.0,0.0,0.0,0.0,0.0,0.0,0.0,0.9785697224618062,0.0
384,ARP_poisioning,ARP_poisioning,1.0,0.0,0.0,0.0,0.0,0.0,0.0,0.0,0.0,0.0,0.0
385,MQTT_Publish,MQTT_Publish,0.0,0.0,0.0,1.0,0.0,0.0,0.0,0.0,0.0,0.0,0.0
386,MQTT_Publish,MQTT_Publish,0.0,0.0,0.0,1.0,0.0,0.0,0.0,0.0,0.0,0.0,0.0
387,Thing_Speak,Thing_Speak,0.0,0.0,0.0,0.0,0.0,0.0,0.0,0.0,0.0,1.0,0.0
388,MQTT_Publish,MQTT_Publish,0.0,0.0,0.0,1.0,0.0,0.0,0.0,0.0,0.0,0.0,0.0
389,Thing_Speak,ARP_poisioning,0.5392580309100756,0.0,0.0,0.0,0.0,0.0,0.0,0.0,0.0,0.4607419690899243,0.0
390,Thing_Speak,Thing_Speak,0.0,0.0,0.0,0.0,0.0,0.0,0.0,0.0,0.0,1.0,0.0
391,MQTT_Publish,MQTT_Publish,0.0,0.0,0.0,1.0,0.0,0.0,0.0,0.0,0.0,0.0,0.0
392,MQTT_Publish,MQTT_Publish,0.0,0.0,0.0,1.0,0.0,0.0,0.0,0.0,0.0,0.0,0.0
393,MQTT_Publish,MQTT_Publish,0.0,0.0,0.0,1.0,0.0,0.0,0.0,0.0,0.0,0.0,0.0
394,Thing_Speak,Thing_Speak,0.0,0.0,0.0,0.0,0.0,0.0,0.0,0.0,0.0,1.0,0.0
395,Thing_Speak,Thing_Speak,0.0,0.0,0.0,0.0,0.0,0.0,0.0,0.0,0.0,1.0,0.0
396,MQTT_Publish,MQTT_Publish,0.0,0.0,0.0,1.0,0.0,0.0,0.0,0.0,0.0,0.0,0.0
397,NMAP_OS_DETECTION,NMAP_OS_DETECTION,0.00021540294497136427,1.6187824150449924e-05,0.0,4.135211154144212e-05,0.0,0.8950433289611746,0.02494070840585584,0.0002746408124414594,0.07866094886303074,3.4163212055015705e-06,0.0008040137556287519
398,Thing_Speak,Thing_Speak,0.0,0.0,0.0,0.0,0.0,0.0,0.0,0.0,0.0,1.0,0.0
399,MQTT_Publish,MQTT_Publish,0.0,0.0,0.0,1.0,0.0,0.0,0.0,0.0,0.0,0.0,0.0
400,ARP_poisioning,ARP_poisioning,0.9714281701375154,0.0,0.0,0.0,0.01,0.0,0.0,0.0,0.0,0.018571829862484554,0.0
401,ARP_poisioning,ARP_poisioning,0.8399419701525532,0.01,0.0,0.0,0.0,0.0,0.0,0.0,0.0,0.15005802984744673,0.0
402,Thing_Speak,Thing_Speak,0.0,0.0,0.0,0.0,0.0,0.0,0.0,0.0,0.0,1.0,0.0
403,Thing_Speak,Thing_Speak,0.0,0.0,0.0,0.0,0.0,0.0,0.0,0.0,0.0,1.0,0.0
404,ARP_poisioning,ARP_poisioning,1.0,0.0,0.0,0.0,0.0,0.0,0.0,0.0,0.0,0.0,0.0
405,Thing_Speak,Thing_Speak,0.0,0.0,0.0,0.0,0.0,0.0,0.0,0.0,0.0,1.0,0.0
406,MQTT_Publish,MQTT_Publish,0.0,0.0,0.0,1.0,0.0,0.0,0.0,0.0,0.0,0.0,0.0
407,DDOS_Slowloris,DDOS_Slowloris,0.014411184800143395,0.9792898357745229,0.0,0.005588815199856605,0.0,0.0,0.0,0.0,0.0,0.0007101642254771416,0.0
408,Thing_Speak,Thing_Speak,0.0,0.0,0.0,0.0,0.0,0.0,0.0,0.0,0.0,1.0,0.0
409,ARP_poisioning,ARP_poisioning,1.0,0.0,0.0,0.0,0.0,0.0,0.0,0.0,0.0,0.0,0.0
410,Thing_Speak,Thing_Speak,0.0,0.0,0.0,0.0,0.0,0.0,0.0,0.0,0.0,1.0,0.0
411,ARP_poisioning,ARP_poisioning,1.0,0.0,0.0,0.0,0.0,0.0,0.0,0.0,0.0,0.0,0.0
412,MQTT_Publish,MQTT_Publish,0.0,0.0,0.0,1.0,0.0,0.0,0.0,0.0,0.0,0.0,0.0
413,MQTT_Publish,MQTT_Publish,0.0,0.0,0.0,1.0,0.0,0.0,0.0,0.0,0.0,0.0,0.0
414,MQTT_Publish,MQTT_Publish,0.0,0.0,0.0,1.0,0.0,0.0,0.0,0.0,0.0,0.0,0.0
415,MQTT_Publish,MQTT_Publish,0.0,0.0,0.0,1.0,0.0,0.0,0.0,0.0,0.0,0.0,0.0
416,MQTT_Publish,MQTT_Publish,0.0,0.0,0.0,1.0,0.0,0.0,0.0,0.0,0.0,0.0,0.0
417,Thing_Speak,Thing_Speak,0.0,0.0,0.0,0.0,0.0,0.0,0.0,0.0,0.0,1.0,0.0
418,ARP_poisioning,ARP_poisioning,0.9127474180222857,0.029530241632898094,0.0,0.0,0.00985647425897036,0.0,0.0,0.0,0.0,0.01892293024312232,0.028942935842723463
419,Thing_Speak,Thing_Speak,0.0,0.0,0.0,0.0,0.0,0.0,0.0,0.0,0.0,1.0,0.0
420,Thing_Speak,Thing_Speak,0.0,0.0,0.0,0.0,0.0,0.0,0.0,0.0,0.0,1.0,0.0
421,Thing_Speak,Thing_Speak,0.15933495987899537,0.0,0.0,0.0,0.04844084213603019,0.0,0.0,0.047686084789427666,0.009921847661262102,0.7346162655342846,0.0
422,MQTT_Publish,MQTT_Publish,0.0,0.0,0.0,1.0,0.0,0.0,0.0,0.0,0.0,0.0,0.0
423,MQTT_Publish,MQTT_Publish,0.0,0.0,0.0,1.0,0.0,0.0,0.0,0.0,0.0,0.0,0.0
424,MQTT_Publish,MQTT_Publish,0.0,0.0,0.0,1.0,0.0,0.0,0.0,0.0,0.0,0.0,0.0
425,ARP_poisioning,ARP_poisioning,1.0,0.0,0.0,0.0,0.0,0.0,0.0,0.0,0.0,0.0,0.0
426,ARP_poisioning,ARP_poisioning,0.9740233180428135,0.0,0.0,0.02,0.0,0.0,0.0,0.0,0.0,0.005976681957186545,0.0
427,Thing_Speak,Thing_Speak,0.0,0.0,0.0,0.0,0.0,0.0,0.0,0.0,0.0,1.0,0.0
428,MQTT_Publish,MQTT_Publish,0.0,0.0,0.0,1.0,0.0,0.0,0.0,0.0,0.0,0.0,0.0
429,MQTT_Publish,MQTT_Publish,0.0,0.0,0.0,1.0,0.0,0.0,0.0,0.0,0.0,0.0,0.0
430,MQTT_Publish,MQTT_Publish,0.0,0.0,0.0,1.0,0.0,0.0,0.0,0.0,0.0,0.0,0.0
431,ARP_poisioning,ARP_poisioning,0.9940393573533606,0.0,0.0,0.0,0.0,0.0,0.0,0.0,0.0,0.005960642646639414,0.0
432,MQTT_Publish,MQTT_Publish,0.0,0.0,0.0,1.0,0.0,0.0,0.0,0.0,0.0,0.0,0.0
433,MQTT_Publish,MQTT_Publish,0.0,0.0,0.0,1.0,0.0,0.0,0.0,0.0,0.0,0.0,0.0
434,Thing_Speak,Thing_Speak,0.0,0.0,0.0,0.0,0.0,0.0,0.0,0.0,0.0,1.0,0.0
435,NMAP_XMAS_TREE_SCAN,NMAP_XMAS_TREE_SCAN,4.2674136226389285e-05,0.0,0.0,2.890442975255265e-05,0.0,0.09116153350384038,0.006687772577173575,0.0002746408124414594,0.9012643190508273,3.4163212055015705e-06,0.000536739168533056
436,Thing_Speak,Thing_Speak,0.0,0.0,0.0,0.0,0.0,0.0,0.0,0.0,0.0,1.0,0.0
437,ARP_poisioning,ARP_poisioning,1.0,0.0,0.0,0.0,0.0,0.0,0.0,0.0,0.0,0.0,0.0
438,ARP_poisioning,ARP_poisioning,0.990396704302716,0.0,0.0,0.0,0.0,0.0,0.0,0.009603295697284102,0.0,0.0,0.0
439,DDOS_Slowloris,DDOS_Slowloris,0.0,1.0,0.0,0.0,0.0,0.0,0.0,0.0,0.0,0.0,0.0
440,Thing_Speak,Thing_Speak,0.0,0.0,0.0,0.0,0.0,0.0,0.0,0.0,0.0,1.0,0.0
441,ARP_poisioning,ARP_poisioning,1.0,0.0,0.0,0.0,0.0,0.0,0.0,0.0,0.0,0.0,0.0
442,Thing_Speak,Thing_Speak,0.0,0.0,0.0,0.0,0.0,0.0,0.0,0.0,0.0,1.0,0.0
443,Thing_Speak,Thing_Speak,0.0,0.0,0.0,0.0,0.0,0.0,0.0,0.0,0.0,1.0,0.0
444,Thing_Speak,Thing_Speak,0.0,0.0,0.0,0.0,0.0,0.0,0.0,0.0,0.0,1.0,0.0
445,DDOS_Slowloris,NMAP_UDP_SCAN,1.4402633081749854e-05,0.24700738432106842,0.04051074883388942,3.308542884506747e-05,0.0,0.005244855024745777,0.004737288409447798,0.7016549199728997,0.0,1.928797659496304e-05,0.0007780273994271982
446,Thing_Speak,Thing_Speak,0.0,0.0,0.0,0.0,0.0,0.0,0.0,0.0,0.0,1.0,0.0
447,Thing_Speak,Thing_Speak,0.0,0.0,0.0,0.0,0.0,0.0,0.0,0.0,0.0,1.0,0.0
448,DOS_SYN_Hping,DOS_SYN_Hping,1.3581914766902935e-05,3.436426116838489e-05,0.9997022196729409,0.0,0.0,0.0,0.0,0.00024740014127369895,0.0,2.4340098499717754e-06,0.0
449,Thing_Speak,Thing_Speak,0.0,0.0,0.0,0.0,0.0,0.0,0.0,0.0,0.0,1.0,0.0
450,MQTT_Publish,MQTT_Publish,0.0,0.0,0.0,1.0,0.0,0.0,0.0,0.0,0.0,0.0,0.0
451,ARP_poisioning,Thing_Speak,0.3196955051562,0.0,0.0,0.0,0.00995925722792447,0.0,0.0,0.01833623362210068,0.0,0.6520090039937747,0.0
452,Thing_Speak,Thing_Speak,0.0,0.0,0.0,0.0,0.0,0.0,0.0,0.0,0.0,1.0,0.0
453,Thing_Speak,Thing_Speak,0.0,0.0,0.0,0.0,0.0,0.0,0.0,0.0,0.0,1.0,0.0
454,ARP_poisioning,ARP_poisioning,1.0,0.0,0.0,0.0,0.0,0.0,0.0,0.0,0.0,0.0,0.0
455,Thing_Speak,Thing_Speak,0.018913815287146953,0.0,0.0,0.006391985537812594,0.04969602253590674,0.0,0.0,0.008731047630161977,0.0,0.7726759650361693,0.14359116397280247
456,Thing_Speak,Thing_Speak,0.0,0.0,0.0,0.0,0.0,0.0,0.0,0.0,0.0,1.0,0.0
457,Thing_Speak,Thing_Speak,0.0,0.0,0.0,0.0,0.0,0.0,0.0,0.0,0.0,1.0,0.0
458,ARP_poisioning,ARP_poisioning,1.0,0.0,0.0,0.0,0.0,0.0,0.0,0.0,0.0,0.0,0.0
459,Thing_Speak,Thing_Speak,0.0,0.0,0.0,0.0,0.0,0.0,0.0,0.0,0.0,1.0,0.0
460,MQTT_Publish,MQTT_Publish,0.0,0.0,0.0,1.0,0.0,0.0,0.0,0.0,0.0,0.0,0.0
461,Thing_Speak,Thing_Speak,0.0,0.0,0.0,0.0,0.0,0.0,0.0,0.0,0.0,1.0,0.0
462,Thing_Speak,Thing_Speak,0.0,0.0,0.0,0.0,0.0,0.0,0.0,0.0,0.0,1.0,0.0
463,Thing_Speak,Thing_Speak,0.310671248324158,0.0,0.0,0.0,0.0,0.0,0.0,0.0,0.0,0.689328751675842,0.0
464,Metasploit_Brute_Force_SSH,Metasploit_Brute_Force_SSH,0.03,0.0,0.0,0.0,0.96,0.0,0.0,0.0,0.0,0.01,0.0
465,MQTT_Publish,MQTT_Publish,0.0,0.0,0.0,1.0,0.0,0.0,0.0,0.0,0.0,0.0,0.0
466,Thing_Speak,Thing_Speak,0.09894657835644959,0.0,0.0,0.0,0.0,0.0,0.0,0.009845693228926762,0.009881035689293211,0.8813266927253306,0.0
467,ARP_poisioning,ARP_poisioning,1.0,0.0,0.0,0.0,0.0,0.0,0.0,0.0,0.0,0.0,0.0
468,MQTT_Publish,MQTT_Publish,0.0,0.0,0.0,1.0,0.0,0.0,0.0,0.0,0.0,0.0,0.0
469,ARP_poisioning,ARP_poisioning,0.8600601990561283,0.0,0.0,0.0,0.0,0.0,0.0,0.0,0.0,0.1399398009438716,0.0
470,DOS_SYN_Hping,DOS_SYN_Hping,1.3581914766902935e-05,3.436426116838489e-05,0.9997022196729409,0.0,0.0,0.0,0.0,0.00024740014127369895,0.0,2.4340098499717754e-06,0.0
471,Thing_Speak,Thing_Speak,0.0,0.0,0.0,0.0,0.0,0.0,0.0,0.0,0.0,1.0,0.0
472,ARP_poisioning,ARP_poisioning,0.5905897205659947,0.0,0.0,0.0,0.0,0.0,0.0,0.0,0.0,0.40941027943400515,0.0
473,MQTT_Publish,MQTT_Publish,0.0,0.0,0.0,1.0,0.0,0.0,0.0,0.0,0.0,0.0,0.0
474,Thing_Speak,Thing_Speak,0.0,0.0,0.0,0.0,0.0,0.0,0.0,0.0,0.0,1.0,0.0
475,Thing_Speak,Thing_Speak,0.0,0.0,0.0,0.0,0.0,0.0,0.0,0.0,0.0,1.0,0.0
476,MQTT_Publish,MQTT_Publish,0.0,0.0,0.0,1.0,0.0,0.0,0.0,0.0,0.0,0.0,0.0
477,MQTT_Publish,MQTT_Publish,0.0,0.0,0.0,1.0,0.0,0.0,0.0,0.0,0.0,0.0,0.0
478,Metasploit_Brute_Force_SSH,Metasploit_Brute_Force_SSH,0.0942354424543957,0.0,0.0,0.0,0.8787748547805917,0.0,0.0,0.0,0.0,0.026001330671989353,0.0009883720930232557
479,MQTT_Publish,MQTT_Publish,0.0,0.0,0.0,1.0,0.0,0.0,0.0,0.0,0.0,0.0,0.0
480,MQTT_Publish,MQTT_Publish,0.0,0.0,0.0,1.0,0.0,0.0,0.0,0.0,0.0,0.0,0.0
481,MQTT_Publish,MQTT_Publish,0.0,0.0,0.0,1.0,0.0,0.0,0.0,0.0,0.0,0.0,0.0
482,ARP_poisioning,ARP_poisioning,1.0,0.0,0.0,0.0,0.0,0.0,0.0,0.0,0.0,0.0,0.0
483,MQTT_Publish,MQTT_Publish,0.0,0.0,0.0,1.0,0.0,0.0,0.0,0.0,0.0,0.0,0.0
484,MQTT_Publish,MQTT_Publish,0.0,0.0,0.0,1.0,0.0,0.0,0.0,0.0,0.0,0.0,0.0
485,Thing_Speak,Thing_Speak,0.4098034093839985,0.0,0.0,0.0,0.0,0.0,0.0,0.009614443084455325,0.0,0.5705821475315461,0.01
486,MQTT_Publish,MQTT_Publish,0.0,0.0,0.0,1.0,0.0,0.0,0.0,0.0,0.0,0.0,0.0
487,MQTT_Publish,MQTT_Publish,0.0,0.0,0.0,1.0,0.0,0.0,0.0,0.0,0.0,0.0,0.0
488,ARP_poisioning,ARP_poisioning,0.7037666788278013,0.0,0.0,0.0,0.0,0.0,0.0,0.013140443516773365,0.006279069767441861,0.2768138078879836,0.0
489,ARP_poisioning,ARP_poisioning,0.9913993581473775,0.0,0.0,0.0,0.0,0.0,0.0,0.0,0.0,0.008600641852622649,0.0
490,Thing_Speak,Thing_Speak,0.0,0.0,0.0,0.0,0.0,0.0,0.0,0.0,0.0,1.0,0.0
491,ARP_poisioning,ARP_poisioning,0.995746135959513,0.0,0.0,0.0,0.0,0.0,0.0,0.0,0.0,0.004253864040486937,0.0
492,Thing_Speak,Thing_Speak,0.0,0.0,0.0,0.0,0.0,0.0,0.0,0.0,0.0,1.0,0.0
493,MQTT_Publish,MQTT_Publish,0.0,0.0,0.0,1.0,0.0,0.0,0.0,0.0,0.0,0.0,0.0
494,ARP_poisioning,ARP_poisioning,0.9956832884097035,0.0,0.0,0.0,0.0,0.0,0.0,0.0,0.0,0.004316711590296496,0.0
495,MQTT_Publish,MQTT_Publish,0.0,0.0,0.0,1.0,0.0,0.0,0.0,0.0,0.0,0.0,0.0
496,Thing_Speak,Thing_Speak,0.0,0.0,0.0,0.0,0.0,0.0,0.0,0.0,0.0,1.0,0.0
497,Thing_Speak,Thing_Speak,0.0,0.0,0.0,0.0,0.0,0.0,0.0,0.0,0.0,1.0,0.0
498,Thing_Speak,Thing_Speak,0.0,0.0,0.0,0.0,0.0,0.0,0.0,0.0,0.0,1.0,0.0
499,ARP_poisioning,ARP_poisioning,1.0,0.0,0.0,0.0,0.0,0.0,0.0,0.0,0.0,0.0,0.0
500,Thing_Speak,Thing_Speak,0.0,0.0,0.0,0.0,0.0,0.0,0.0,0.0,0.0,1.0,0.0
501,NMAP_XMAS_TREE_SCAN,NMAP_XMAS_TREE_SCAN,1.9312397125388537e-05,0.0,0.0,2.890442975255265e-05,0.0,0.08046498773141286,0.006640902199797069,0.0002746408124414594,0.9120310969397322,3.4163212055015705e-06,0.000536739168533056
502,Thing_Speak,Thing_Speak,0.0,0.0,0.0,0.0,0.0,0.0,0.0,0.0,0.0,1.0,0.0
503,Thing_Speak,Thing_Speak,0.0,0.0,0.0,0.0,0.0,0.0,0.0,0.0,0.0,1.0,0.0
504,Thing_Speak,Thing_Speak,0.0,0.0,0.0,0.0,0.0,0.0,0.0,0.0,0.0,1.0,0.0
505,Thing_Speak,Thing_Speak,0.0,0.0,0.0,0.0,0.0,0.0,0.0,0.0,0.0,1.0,0.0
506,NMAP_XMAS_TREE_SCAN,NMAP_XMAS_TREE_SCAN,2.7154807761765683e-05,0.0,0.0,2.890442975255265e-05,0.0,0.07204837150828845,0.011872045752108505,0.0002746408124414594,0.9152087271999088,3.4163212055015705e-06,0.000536739168533056
507,Thing_Speak,Thing_Speak,0.0,0.0,0.0,0.0,0.0,0.0,0.0,0.0,0.0,1.0,0.0
508,Thing_Speak,Thing_Speak,0.0,0.0,0.0,0.0,0.0,0.0,0.0,0.0,0.0,1.0,0.0
509,Thing_Speak,Thing_Speak,0.20149032223105828,0.0,0.0,0.0,0.0,0.0,0.0,0.0,0.0,0.7985096777689417,0.0
510,Thing_Speak,Thing_Speak,0.0,0.0,0.0,0.0,0.0,0.0,0.0,0.0,0.0,1.0,0.0
511,NMAP_XMAS_TREE_SCAN,NMAP_XMAS_TREE_SCAN,2.850412277710787e-05,0.0,0.0,2.890442975255265e-05,0.0,0.1162135115430631,0.006687772577173575,0.0002746408124414594,0.8731962079947507,3.4163212055015705e-06,0.0035670421988360855
512,MQTT_Publish,MQTT_Publish,0.0,0.0,0.0,1.0,0.0,0.0,0.0,0.0,0.0,0.0,0.0
513,ARP_poisioning,ARP_poisioning,0.9842211715219688,0.0,0.0,0.0,0.0,0.0,0.009898958971218615,0.0,0.0,0.0058798695068125115,0.0
514,ARP_poisioning,ARP_poisioning,1.0,0.0,0.0,0.0,0.0,0.0,0.0,0.0,0.0,0.0,0.0
515,ARP_poisioning,ARP_poisioning,1.0,0.0,0.0,0.0,0.0,0.0,0.0,0.0,0.0,0.0,0.0
516,ARP_poisioning,ARP_poisioning,1.0,0.0,0.0,0.0,0.0,0.0,0.0,0.0,0.0,0.0,0.0
517,Thing_Speak,Thing_Speak,0.0,0.0,0.0,0.0,0.0,0.0,0.0,0.0,0.0,1.0,0.0
518,ARP_poisioning,ARP_poisioning,1.0,0.0,0.0,0.0,0.0,0.0,0.0,0.0,0.0,0.0,0.0
519,Thing_Speak,Thing_Speak,0.0,0.0,0.0,0.0,0.0,0.0,0.0,0.0,0.0,1.0,0.0
520,ARP_poisioning,ARP_poisioning,0.9973444196811246,0.0,0.0,0.0,0.0,0.0,0.0,0.0,0.0,0.0026555803188753647,0.0
521,ARP_poisioning,ARP_poisioning,1.0,0.0,0.0,0.0,0.0,0.0,0.0,0.0,0.0,0.0,0.0
522,ARP_poisioning,ARP_poisioning,1.0,0.0,0.0,0.0,0.0,0.0,0.0,0.0,0.0,0.0,0.0
523,ARP_poisioning,ARP_poisioning,1.0,0.0,0.0,0.0,0.0,0.0,0.0,0.0,0.0,0.0,0.0
524,MQTT_Publish,MQTT_Publish,0.0,0.0,0.0,1.0,0.0,0.0,0.0,0.0,0.0,0.0,0.0
525,MQTT_Publish,MQTT_Publish,0.0,0.0,0.0,1.0,0.0,0.0,0.0,0.0,0.0,0.0,0.0
526,Thing_Speak,Thing_Speak,0.0,0.0,0.0,0.0,0.0,0.0,0.0,0.0,0.0,1.0,0.0
527,ARP_poisioning,ARP_poisioning,0.992524487711075,0.0,0.0,0.0,0.0,0.0,0.0,0.0,0.0,0.007475512288924945,0.0
528,Thing_Speak,Thing_Speak,0.49814942537607515,0.0,0.0,0.0,0.0,0.0,0.0,0.0,0.0,0.5018505746239249,0.0
529,Thing_Speak,Thing_Speak,0.0,0.0,0.0,0.0,0.0,0.0,0.0,0.0,0.0,1.0,0.0
530,ARP_poisioning,ARP_poisioning,0.703124972144236,0.0,0.0025340423167651404,0.0,0.011166440251355946,0.0,0.0,0.2077278450196682,0.0,0.0752184034903471,0.00022829677762749745
531,MQTT_Publish,MQTT_Publish,0.0,0.0,0.0,0.9945009742368478,0.0,0.0,0.0,0.0,0.0,0.005499025763152198,0.0
532,NMAP_XMAS_TREE_SCAN,NMAP_XMAS_TREE_SCAN,2.850412277710787e-05,0.0,0.0,2.890442975255265e-05,0.0,0.11484999834862766,0.006687772577173575,0.0002746408124414594,0.8775900242194891,3.4163212055015705e-06,0.000536739168533056
533,MQTT_Publish,MQTT_Publish,0.0,0.0,0.0,1.0,0.0,0.0,0.0,0.0,0.0,0.0,0.0
534,DDOS_Slowloris,NMAP_UDP_SCAN,1.0322104921765483e-05,0.20460448803295533,0.0,0.0,0.0,0.0,0.0,0.794974626678042,0.0,0.0,0.00041056318408096685
535,ARP_poisioning,ARP_poisioning,0.9945041616285354,0.0,0.0,0.0,0.0,0.0,0.0,0.0,0.0,0.0054958383714645955,0.0
536,MQTT_Publish,MQTT_Publish,0.0,0.0,0.0,1.0,0.0,0.0,0.0,0.0,0.0,0.0,0.0
537,ARP_poisioning,ARP_poisioning,1.0,0.0,0.0,0.0,0.0,0.0,0.0,0.0,0.0,0.0,0.0
538,Thing_Speak,Thing_Speak,0.0,0.0,0.0,0.0,0.0,0.0,0.0,0.0,0.0,1.0,0.0
539,MQTT_Publish,MQTT_Publish,0.0,0.0,0.0,1.0,0.0,0.0,0.0,0.0,0.0,0.0,0.0
540,ARP_poisioning,ARP_poisioning,0.8335110053363182,0.0,0.0,0.0,0.009969181721572795,0.0,0.0,0.15430394699233585,0.0,0.002215865949773125,0.0
541,Thing_Speak,Thing_Speak,0.0,0.0,0.0,0.0,0.0,0.0,0.0,0.0,0.0,1.0,0.0
542,ARP_poisioning,ARP_poisioning,1.0,0.0,0.0,0.0,0.0,0.0,0.0,0.0,0.0,0.0,0.0
543,Thing_Speak,Thing_Speak,0.0,0.0,0.0,0.0,0.0,0.0,0.0,0.0,0.0,1.0,0.0
544,Thing_Speak,Thing_Speak,0.0,0.0,0.0,0.0,0.0,0.0,0.0,0.0,0.0,1.0,0.0
545,Thing_Speak,Thing_Speak,0.0,0.0,0.0,0.0,0.0,0.0,0.0,0.0,0.0,1.0,0.0
546,MQTT_Publish,MQTT_Publish,0.0,0.0,0.0,1.0,0.0,0.0,0.0,0.0,0.0,0.0,0.0
547,ARP_poisioning,ARP_poisioning,1.0,0.0,0.0,0.0,0.0,0.0,0.0,0.0,0.0,0.0,0.0
548,ARP_poisioning,ARP_poisioning,0.9646168059577752,0.0,0.0,0.0,0.0,0.0,0.0,0.0,0.0,0.03538319404222473,0.0
549,ARP_poisioning,ARP_poisioning,0.9898108547139189,0.0,0.0,0.0,0.0,0.0,0.0,0.0,0.0,0.010189145286081178,0.0
550,DOS_SYN_Hping,DOS_SYN_Hping,1.3581914766902935e-05,3.436426116838489e-05,0.999630227104432,0.0,0.0,0.0,0.0,0.00024740014127369895,0.0,7.44265783590289e-05,0.0
551,Thing_Speak,Thing_Speak,0.0,0.0,0.0,0.0,0.0,0.0,0.0,0.0,0.0,1.0,0.0
552,ARP_poisioning,ARP_poisioning,1.0,0.0,0.0,0.0,0.0,0.0,0.0,0.0,0.0,0.0,0.0
553,ARP_poisioning,ARP_poisioning,1.0,0.0,0.0,0.0,0.0,0.0,0.0,0.0,0.0,0.0,0.0
554,MQTT_Publish,MQTT_Publish,0.0,0.0,0.0,1.0,0.0,0.0,0.0,0.0,0.0,0.0,0.0
555,Thing_Speak,Thing_Speak,0.0,0.0,0.0,0.0,0.0,0.0,0.0,0.0,0.0,1.0,0.0
556,Thing_Speak,Thing_Speak,0.0,0.0,0.0,0.0,0.0,0.0,0.0,0.0,0.0,1.0,0.0
557,Thing_Speak,Thing_Speak,0.028192048188981335,0.0,0.0,0.0,0.0,0.0,0.0,0.0,0.0,0.9718079518110188,0.0
558,MQTT_Publish,MQTT_Publish,0.0,0.0,0.0,1.0,0.0,0.0,0.0,0.0,0.0,0.0,0.0
559,NMAP_OS_DETECTION,NMAP_OS_DETECTION,0.00020756053433498717,1.6187824150449924e-05,0.0,4.135211154144212e-05,0.0,0.8751081285648705,0.02494070840585584,0.0002746408124414594,0.09825788536589193,3.4163212055015705e-06,0.001150120059707862
560,Thing_Speak,Thing_Speak,0.0,0.0,0.0,0.0,0.0,0.0,0.0,0.0,0.0,1.0,0.0
561,Thing_Speak,Thing_Speak,0.0,0.0,0.0,0.0,0.0,0.0,0.0,0.0,0.0,1.0,0.0
562,ARP_poisioning,ARP_poisioning,0.9940152817574021,0.0,0.0,0.0,0.0,0.0,0.0,0.0,0.0,0.005984718242597898,0.0
563,MQTT_Publish,MQTT_Publish,0.0,0.0,0.0,1.0,0.0,0.0,0.0,0.0,0.0,0.0,0.0
564,ARP_poisioning,ARP_poisioning,1.0,0.0,0.0,0.0,0.0,0.0,0.0,0.0,0.0,0.0,0.0
565,ARP_poisioning,ARP_poisioning,1.0,0.0,0.0,0.0,0.0,0.0,0.0,0.0,0.0,0.0,0.0
566,Thing_Speak,Thing_Speak,0.0,0.0,0.0,0.0,0.0,0.0,0.0,0.0,0.0,1.0,0.0
567,MQTT_Publish,MQTT_Publish,0.0,0.0,0.0,1.0,0.0,0.0,0.0,0.0,0.0,0.0,0.0
568,Thing_Speak,Thing_Speak,0.0,0.0,0.0,0.0,0.0,0.0,0.0,0.0,0.0,1.0,0.0
569,MQTT_Publish,MQTT_Publish,0.0,0.0,0.0,1.0,0.0,0.0,0.0,0.0,0.0,0.0,0.0
570,Thing_Speak,Thing_Speak,0.0,0.0,0.0,0.0,0.0,0.0,0.0,0.0,0.0,1.0,0.0
571,ARP_poisioning,ARP_poisioning,0.9734233920821406,0.0,0.0,0.0,0.0,0.0,0.0,0.0,0.0,0.02657660791785932,0.0
572,Thing_Speak,Thing_Speak,0.0,0.0,0.0,0.0,0.0,0.0,0.0,0.0,0.0,1.0,0.0
573,Thing_Speak,Thing_Speak,0.0,0.0,0.0,0.0,0.0,0.0,0.0,0.0,0.0,1.0,0.0
574,NMAP_UDP_SCAN,NMAP_UDP_SCAN,0.010669097676431386,0.0,0.03134856075567161,0.0,0.011166440251355946,0.0,0.0,0.8762419783872073,0.0,0.07034562615170585,0.00022829677762749745
575,Thing_Speak,Thing_Speak,0.0,0.0,0.0,0.0,0.0,0.0,0.0,0.0,0.0,1.0,0.0
576,Thing_Speak,Thing_Speak,0.0,0.0,0.0,0.0,0.0,0.0,0.0,0.0,0.0,1.0,0.0
577,NMAP_OS_DETECTION,NMAP_OS_DETECTION,0.00010848155765843776,1.6187824150449924e-05,0.0,5.143647108764594e-05,0.0,0.8976766504900344,0.03391043882256401,0.0002746408124414594,0.06715473394522944,3.4163212055015705e-06,0.0008040137556287519
578,NMAP_UDP_SCAN,NMAP_UDP_SCAN,1.0322104921765483e-05,0.1767400110381028,0.0,0.0,0.0,0.0,0.0,0.8228282815722011,0.0,1.0822100693472182e-05,0.00041056318408096685
579,MQTT_Publish,MQTT_Publish,0.0,0.0,0.0,1.0,0.0,0.0,0.0,0.0,0.0,0.0,0.0
580,Thing_Speak,Thing_Speak,0.0,0.0,0.0,0.0,0.0,0.0,0.0,0.0,0.0,1.0,0.0
581,Thing_Speak,Thing_Speak,0.0,0.0,0.0,0.0,0.0,0.0,0.0,0.0,0.0,1.0,0.0
582,MQTT_Publish,MQTT_Publish,0.0,0.0,0.0,1.0,0.0,0.0,0.0,0.0,0.0,0.0,0.0
583,Thing_Speak,Thing_Speak,0.0,0.0,0.0,0.0,0.0,0.0,0.0,0.0,0.0,1.0,0.0
584,Thing_Speak,Thing_Speak,0.0,0.0,0.0,0.0,0.0,0.0,0.0,0.0,0.0,1.0,0.0
585,DDOS_Slowloris,DDOS_Slowloris,0.02169938155418123,0.9701722474974492,0.0,0.0,0.0,0.0,0.0,0.0,0.0,0.003111977505746676,0.0050163934426229505
586,ARP_poisioning,ARP_poisioning,1.0,0.0,0.0,0.0,0.0,0.0,0.0,0.0,0.0,0.0,0.0
587,Thing_Speak,Thing_Speak,0.0,0.0,0.0,0.0,0.0,0.0,0.0,0.0,0.0,1.0,0.0
588,MQTT_Publish,MQTT_Publish,0.0,0.0,0.0,1.0,0.0,0.0,0.0,0.0,0.0,0.0,0.0
589,Thing_Speak,Thing_Speak,0.0,0.0,0.0,0.0,0.0,0.0,0.0,0.0,0.0,1.0,0.0
590,Thing_Speak,Thing_Speak,0.0,0.0,0.0,0.0,0.0,0.0,0.0,0.0,0.0,1.0,0.0
591,Thing_Speak,ARP_poisioning,0.5195444326117202,0.0,0.0,0.0,0.0,0.0,0.0,0.0,0.0,0.4704555673882798,0.01
592,Thing_Speak,Thing_Speak,0.0,0.0,0.0,0.0,0.0,0.0,0.0,0.0,0.0,1.0,0.0
593,Thing_Speak,Thing_Speak,0.0,0.0,0.0,0.0,0.0,0.0,0.0,0.0,0.0,1.0,0.0
594,Thing_Speak,Thing_Speak,0.005756437768240343,0.0,0.0,0.0,0.0,0.0,0.0,0.0,0.0,0.9942435622317596,0.0
595,NMAP_UDP_SCAN,NMAP_UDP_SCAN,1.0322104921765483e-05,0.1734934015230248,0.0,0.0,0.0,0.0,0.0,0.8260748910872787,0.0,1.0822100693472182e-05,0.00041056318408096685
596,Thing_Speak,Thing_Speak,0.0,0.0,0.0,0.0,0.0,0.0,0.0,0.0,0.0,1.0,0.0
597,DDOS_Slowloris,DDOS_Slowloris,0.0,1.0,0.0,0.0,0.0,0.0,0.0,0.0,0.0,0.0,0.0
598,Thing_Speak,Thing_Speak,0.0,0.0,0.0,0.0,0.0,0.0,0.0,0.0,0.0,1.0,0.0
599,Thing_Speak,Thing_Speak,0.0,0.0,0.0,0.0,0.0,0.0,0.0,0.0,0.0,1.0,0.0
600,MQTT_Publish,MQTT_Publish,0.0,0.0,0.0,1.0,0.0,0.0,0.0,0.0,0.0,0.0,0.0
601,MQTT_Publish,MQTT_Publish,0.0,0.0,0.0,1.0,0.0,0.0,0.0,0.0,0.0,0.0,0.0
602,Thing_Speak,Thing_Speak,0.0,0.0,0.0,0.0,0.0,0.0,0.0,0.0,0.0,1.0,0.0
603,MQTT_Publish,MQTT_Publish,0.0,0.0,0.0,1.0,0.0,0.0,0.0,0.0,0.0,0.0,0.0
604,Thing_Speak,Thing_Speak,0.0,0.0,0.0,0.0,0.0,0.0,0.0,0.0,0.0,1.0,0.0
605,MQTT_Publish,MQTT_Publish,0.0,0.0,0.0,1.0,0.0,0.0,0.0,0.0,0.0,0.0,0.0
606,Thing_Speak,Thing_Speak,0.0,0.0,0.0,0.0,0.0,0.0,0.0,0.0,0.0,1.0,0.0
607,MQTT_Publish,MQTT_Publish,0.0,0.0,0.0,1.0,0.0,0.0,0.0,0.0,0.0,0.0,0.0
608,Thing_Speak,Thing_Speak,0.0,0.0,0.0,0.0,0.0,0.0,0.0,0.0,0.0,1.0,0.0
609,MQTT_Publish,MQTT_Publish,0.0,0.0,0.0,1.0,0.0,0.0,0.0,0.0,0.0,0.0,0.0
610,ARP_poisioning,ARP_poisioning,1.0,0.0,0.0,0.0,0.0,0.0,0.0,0.0,0.0,0.0,0.0
611,ARP_poisioning,ARP_poisioning,1.0,0.0,0.0,0.0,0.0,0.0,0.0,0.0,0.0,0.0,0.0
612,Thing_Speak,Thing_Speak,0.0,0.0,0.0,0.0,0.0,0.0,0.0,0.0,0.0,1.0,0.0
613,ARP_poisioning,ARP_poisioning,0.7605828531391513,0.0,0.0,0.0,0.0,0.0,0.0,0.0,0.0,0.22982410645978685,0.009593040401061632
614,MQTT_Publish,MQTT_Publish,0.0,0.0,0.0,1.0,0.0,0.0,0.0,0.0,0.0,0.0,0.0
615,NMAP_OS_DETECTION,NMAP_OS_DETECTION,0.00020756053433498717,1.6187824150449924e-05,0.0,4.135211154144212e-05,0.0,0.8751934961603882,0.02494070840585584,0.0002746408124414594,0.09514221474007131,3.4163212055015705e-06,0.004180423090010892
616,MQTT_Publish,MQTT_Publish,0.0,0.0,0.0,1.0,0.0,0.0,0.0,0.0,0.0,0.0,0.0
617,ARP_poisioning,ARP_poisioning,1.0,0.0,0.0,0.0,0.0,0.0,0.0,0.0,0.0,0.0,0.0
618,MQTT_Publish,MQTT_Publish,0.01,0.0,0.0,0.9822959682773722,0.0,0.0,0.0,0.0,0.0,0.007704031722627764,0.0
619,Thing_Speak,Thing_Speak,0.0,0.0,0.0,0.0,0.0,0.0,0.0,0.0,0.0,1.0,0.0
620,Thing_Speak,Thing_Speak,0.0,0.0,0.0,0.0,0.0,0.0,0.0,0.0,0.0,1.0,0.0
621,MQTT_Publish,MQTT_Publish,0.0,0.0,0.0,1.0,0.0,0.0,0.0,0.0,0.0,0.0,0.0
622,MQTT_Publish,MQTT_Publish,0.0,0.0,0.0,1.0,0.0,0.0,0.0,0.0,0.0,0.0,0.0
623,ARP_poisioning,ARP_poisioning,1.0,0.0,0.0,0.0,0.0,0.0,0.0,0.0,0.0,0.0,0.0
624,MQTT_Publish,MQTT_Publish,0.0,0.0,0.0,1.0,0.0,0.0,0.0,0.0,0.0,0.0,0.0
625,ARP_poisioning,ARP_poisioning,1.0,0.0,0.0,0.0,0.0,0.0,0.0,0.0,0.0,0.0,0.0
626,Thing_Speak,Thing_Speak,0.0,0.0,0.0,0.0,0.0,0.0,0.0,0.0,0.0,1.0,0.0
627,MQTT_Publish,MQTT_Publish,0.0,0.0,0.0,1.0,0.0,0.0,0.0,0.0,0.0,0.0,0.0
628,ARP_poisioning,ARP_poisioning,1.0,0.0,0.0,0.0,0.0,0.0,0.0,0.0,0.0,0.0,0.0
629,Thing_Speak,Thing_Speak,0.0,0.0,0.0,0.0,0.0,0.0,0.0,0.0,0.0,1.0,0.0
630,ARP_poisioning,ARP_poisioning,1.0,0.0,0.0,0.0,0.0,0.0,0.0,0.0,0.0,0.0,0.0
631,Thing_Speak,Thing_Speak,0.2657449794629076,0.017506359241046158,0.0,0.03768649147072384,0.009969643713053205,0.0,0.0,0.0,0.0,0.6495343656073098,0.01955816050495942
632,Thing_Speak,Thing_Speak,0.0,0.0,0.0,0.0,0.0,0.0,0.0,0.0,0.0,1.0,0.0
633,Thing_Speak,Thing_Speak,0.0,0.0,0.0,0.0,0.0,0.0,0.0,0.0,0.0,1.0,0.0
634,Thing_Speak,Thing_Speak,0.0,0.0,0.0,0.0,0.0,0.0,0.0,0.0,0.0,1.0,0.0
635,Thing_Speak,Thing_Speak,0.0,0.0,0.0,0.0,0.0,0.0,0.0,0.0,0.0,1.0,0.0
636,ARP_poisioning,ARP_poisioning,1.0,0.0,0.0,0.0,0.0,0.0,0.0,0.0,0.0,0.0,0.0
637,Thing_Speak,Thing_Speak,0.0,0.0,0.0,0.0,0.0,0.0,0.0,0.0,0.0,1.0,0.0
638,MQTT_Publish,MQTT_Publish,0.0,0.0,0.0,1.0,0.0,0.0,0.0,0.0,0.0,0.0,0.0
639,DDOS_Slowloris,DDOS_Slowloris,0.0,1.0,0.0,0.0,0.0,0.0,0.0,0.0,0.0,0.0,0.0
640,MQTT_Publish,MQTT_Publish,0.0,0.0,0.0,1.0,0.0,0.0,0.0,0.0,0.0,0.0,0.0
641,NMAP_XMAS_TREE_SCAN,NMAP_XMAS_TREE_SCAN,4.2674136226389285e-05,0.0,0.0,2.890442975255265e-05,0.0,0.09116153350384038,0.006687772577173575,0.0002746408124414594,0.9012643190508273,3.4163212055015705e-06,0.000536739168533056
642,ARP_poisioning,ARP_poisioning,1.0,0.0,0.0,0.0,0.0,0.0,0.0,0.0,0.0,0.0,0.0
643,Thing_Speak,Thing_Speak,0.0,0.0,0.0,0.0,0.0,0.0,0.0,0.0,0.0,1.0,0.0
644,MQTT_Publish,MQTT_Publish,0.0,0.0,0.0,1.0,0.0,0.0,0.0,0.0,0.0,0.0,0.0
645,ARP_poisioning,ARP_poisioning,0.9798056654222798,0.0,0.0,0.0057607116920842414,0.0,0.0,0.0,0.0,0.0,0.01443362288563611,0.0
646,ARP_poisioning,ARP_poisioning,0.9904982100238664,0.009501789976133651,0.0,0.0,0.0,0.0,0.0,0.0,0.0,0.0,0.0
647,NMAP_UDP_SCAN,DDOS_Slowloris,0.00018662106122953751,0.557633692927849,0.0034124938975558135,0.0,0.0,0.0,0.0,0.43822626247595237,0.0,0.00013036645333222962,0.00041056318408096685
648,MQTT_Publish,MQTT_Publish,0.0,0.0,0.0,1.0,0.0,0.0,0.0,0.0,0.0,0.0,0.0
649,Thing_Speak,Thing_Speak,0.0,0.0,0.0,0.0,0.0,0.0,0.0,0.0,0.0,1.0,0.0
650,MQTT_Publish,MQTT_Publish,0.0,0.0,0.0,1.0,0.0,0.0,0.0,0.0,0.0,0.0,0.0
651,Thing_Speak,Thing_Speak,0.0,0.0,0.0,0.0,0.0,0.0,0.0,0.0,0.0,1.0,0.0
652,Thing_Speak,Thing_Speak,0.0,0.0,0.0,0.0,0.0,0.0,0.0,0.0,0.0,1.0,0.0
653,MQTT_Publish,MQTT_Publish,0.0,0.0,0.0,1.0,0.0,0.0,0.0,0.0,0.0,0.0,0.0
654,MQTT_Publish,MQTT_Publish,0.0,0.0,0.0,1.0,0.0,0.0,0.0,0.0,0.0,0.0,0.0
655,ARP_poisioning,Thing_Speak,0.46062772652677636,0.0,0.009898200757575757,0.0,0.0,0.0,0.0,0.01962306721265125,0.038489837524685294,0.47136116797831124,0.0
656,Thing_Speak,Thing_Speak,0.0,0.0,0.0,0.0,0.0,0.0,0.0,0.0,0.0,1.0,0.0
657,Thing_Speak,Thing_Speak,0.0,0.0,0.0,0.0,0.0,0.0,0.0,0.0,0.0,1.0,0.0
658,Thing_Speak,Thing_Speak,0.0,0.0,0.0,0.0,0.0,0.0,0.0,0.0,0.009882217090069282,0.9901177829099308,0.0
659,ARP_poisioning,ARP_poisioning,0.8384872030143931,0.009105786090005844,0.0,0.0,0.0,0.0,0.0,0.10571453018250442,0.0,0.04669248071309672,0.0
660,ARP_poisioning,ARP_poisioning,1.0,0.0,0.0,0.0,0.0,0.0,0.0,0.0,0.0,0.0,0.0
661,MQTT_Publish,MQTT_Publish,0.0,0.0,0.0,1.0,0.0,0.0,0.0,0.0,0.0,0.0,0.0
662,Thing_Speak,Thing_Speak,0.011496411997876328,0.0,0.0,0.0,0.0,0.0,0.0,0.0,0.0,0.9885035880021238,0.0
663,MQTT_Publish,MQTT_Publish,0.0,0.0,0.0,1.0,0.0,0.0,0.0,0.0,0.0,0.0,0.0
664,Thing_Speak,Thing_Speak,0.3701432777808195,0.0,0.0,0.0,0.0,0.0,0.0,0.0,0.0,0.6298567222191807,0.0
665,ARP_poisioning,ARP_poisioning,1.0,0.0,0.0,0.0,0.0,0.0,0.0,0.0,0.0,0.0,0.0
666,ARP_poisioning,ARP_poisioning,1.0,0.0,0.0,0.0,0.0,0.0,0.0,0.0,0.0,0.0,0.0
667,ARP_poisioning,ARP_poisioning,0.9147455084454242,0.0,0.0,0.0,0.0,0.0,0.0,0.0,0.0,0.035900640642898086,0.04935385091167764
668,MQTT_Publish,MQTT_Publish,0.0,0.0,0.0,1.0,0.0,0.0,0.0,0.0,0.0,0.0,0.0
669,Thing_Speak,Thing_Speak,0.0,0.0,0.0,0.0,0.0,0.0,0.0,0.0,0.0,1.0,0.0
670,ARP_poisioning,ARP_poisioning,0.9740222243327952,0.0,0.0,0.0,0.0,0.0,0.0,0.0,0.0,0.015977775667204864,0.01
671,MQTT_Publish,MQTT_Publish,0.0,0.0,0.0,1.0,0.0,0.0,0.0,0.0,0.0,0.0,0.0
672,Thing_Speak,Thing_Speak,0.0,0.0,0.0,0.0,0.0,0.0,0.0,0.0,0.0,1.0,0.0
673,ARP_poisioning,ARP_poisioning,1.0,0.0,0.0,0.0,0.0,0.0,0.0,0.0,0.0,0.0,0.0
674,MQTT_Publish,MQTT_Publish,0.004496499730748519,0.0,0.0,0.9955035002692515,0.0,0.0,0.0,0.0,0.0,0.0,0.0
675,ARP_poisioning,ARP_poisioning,0.9756100703842298,0.008351409978308027,0.0,0.0,0.0,0.0,0.0,0.0,0.0,0.016038519637462233,0.0
676,Thing_Speak,Thing_Speak,0.0,0.0,0.0,0.0,0.0,0.0,0.0,0.0,0.0,1.0,0.0
677,Thing_Speak,Thing_Speak,0.0,0.0,0.0,0.0,0.0,0.0,0.0,0.0,0.0,1.0,0.0
678,Thing_Speak,Thing_Speak,0.0,0.0,0.0,0.0,0.0,0.0,0.0,0.0,0.0,1.0,0.0
679,Thing_Speak,Thing_Speak,0.0,0.0,0.0,0.0,0.0,0.0,0.0,0.0,0.0,1.0,0.0
680,Thing_Speak,Thing_Speak,0.0,0.0,0.0,0.0,0.0,0.0,0.0,0.0,0.0,1.0,0.0
681,Thing_Speak,Thing_Speak,0.0,0.0,0.0,0.0,0.0,0.0,0.0,0.0,0.0,1.0,0.0
682,ARP_poisioning,ARP_poisioning,1.0,0.0,0.0,0.0,0.0,0.0,0.0,0.0,0.0,0.0,0.0
683,MQTT_Publish,MQTT_Publish,0.0,0.0,0.0,1.0,0.0,0.0,0.0,0.0,0.0,0.0,0.0
684,Thing_Speak,Thing_Speak,0.0,0.0,0.0,0.0,0.0,0.0,0.0,0.0,0.0,1.0,0.0
685,Thing_Speak,Thing_Speak,0.0,0.0,0.0,0.0,0.0,0.0,0.0,0.0,0.0,1.0,0.0
686,MQTT_Publish,MQTT_Publish,0.0,0.0,0.0,1.0,0.0,0.0,0.0,0.0,0.0,0.0,0.0
687,ARP_poisioning,ARP_poisioning,1.0,0.0,0.0,0.0,0.0,0.0,0.0,0.0,0.0,0.0,0.0
688,MQTT_Publish,MQTT_Publish,0.0,0.0,0.0,1.0,0.0,0.0,0.0,0.0,0.0,0.0,0.0
689,Thing_Speak,Thing_Speak,0.0,0.0,0.0,0.0,0.0,0.0,0.0,0.0,0.0,1.0,0.0
690,MQTT_Publish,MQTT_Publish,0.0,0.0,0.0,1.0,0.0,0.0,0.0,0.0,0.0,0.0,0.0
691,MQTT_Publish,MQTT_Publish,0.0,0.0,0.0,1.0,0.0,0.0,0.0,0.0,0.0,0.0,0.0
692,Thing_Speak,Thing_Speak,0.0,0.0,0.0,0.0,0.0,0.0,0.0,0.0,0.0,1.0,0.0
693,ARP_poisioning,ARP_poisioning,1.0,0.0,0.0,0.0,0.0,0.0,0.0,0.0,0.0,0.0,0.0
694,Thing_Speak,Thing_Speak,0.015239949603610903,0.0,0.0,0.0,0.0,0.0,0.0,0.0,0.0,0.9847600503963893,0.0
695,ARP_poisioning,ARP_poisioning,0.9930266366796183,0.0,0.0,0.0,0.0,0.0,0.0,0.0,0.0,0.006973363320381707,0.0
696,Thing_Speak,Thing_Speak,0.0,0.0,0.0,0.0,0.0,0.0,0.0,0.0,0.0,1.0,0.0
697,Thing_Speak,Thing_Speak,0.0,0.0,0.0,0.0,0.0,0.0,0.0,0.0,0.0,1.0,0.0
698,ARP_poisioning,ARP_poisioning,0.9111213758938714,0.0,0.0,0.0,0.0,0.0,0.0,0.0,0.0,0.08887862410612858,0.0
699,Thing_Speak,Thing_Speak,0.0,0.0,0.0,0.0,0.0,0.0,0.0,0.0,0.0,1.0,0.0
700,ARP_poisioning,ARP_poisioning,0.9956913313529572,0.0,0.0,0.0,0.0,0.0,0.0,0.0,0.0,0.004308668647042938,0.0
701,ARP_poisioning,ARP_poisioning,1.0,0.0,0.0,0.0,0.0,0.0,0.0,0.0,0.0,0.0,0.0
702,MQTT_Publish,MQTT_Publish,0.0,0.0,0.0,1.0,0.0,0.0,0.0,0.0,0.0,0.0,0.0
703,Thing_Speak,Thing_Speak,0.0,0.0,0.0,0.0,0.0,0.0,0.0,0.0,0.0,1.0,0.0
704,Thing_Speak,Thing_Speak,0.0,0.0,0.0,0.0,0.0,0.0,0.0,0.0,0.0,1.0,0.0
705,MQTT_Publish,MQTT_Publish,0.0,0.0,0.0,1.0,0.0,0.0,0.0,0.0,0.0,0.0,0.0
706,NMAP_OS_DETECTION,NMAP_OS_DETECTION,0.00011047923194980878,1.6187824150449924e-05,0.0,5.143647108764594e-05,0.0,0.9111351146839786,0.018726165647629075,0.0002746408124414594,0.06887854525192888,3.4163212055015705e-06,0.0008040137556287519
707,MQTT_Publish,MQTT_Publish,0.0,0.0,0.0,1.0,0.0,0.0,0.0,0.0,0.0,0.0,0.0
708,Thing_Speak,Thing_Speak,0.0,0.0,0.0,0.0,0.0,0.0,0.0,0.0,0.0,1.0,0.0
709,MQTT_Publish,MQTT_Publish,0.0,0.0,0.0,1.0,0.0,0.0,0.0,0.0,0.0,0.0,0.0
710,MQTT_Publish,MQTT_Publish,0.0,0.0,0.0,1.0,0.0,0.0,0.0,0.0,0.0,0.0,0.0
711,ARP_poisioning,ARP_poisioning,1.0,0.0,0.0,0.0,0.0,0.0,0.0,0.0,0.0,0.0,0.0
712,ARP_poisioning,ARP_poisioning,1.0,0.0,0.0,0.0,0.0,0.0,0.0,0.0,0.0,0.0,0.0
713,ARP_poisioning,ARP_poisioning,0.9858254269449716,0.0,0.0,0.0,0.0,0.0,0.0,0.01,0.0,0.0041745730550284636,0.0
714,ARP_poisioning,ARP_poisioning,1.0,0.0,0.0,0.0,0.0,0.0,0.0,0.0,0.0,0.0,0.0
715,MQTT_Publish,MQTT_Publish,0.0,0.0,0.0,1.0,0.0,0.0,0.0,0.0,0.0,0.0,0.0
716,ARP_poisioning,ARP_poisioning,0.8912900455192991,0.0,0.0,0.0,0.0,0.0,0.0,0.0,0.0,0.10870995448070092,0.0
717,MQTT_Publish,MQTT_Publish,0.0,0.0,0.0,1.0,0.0,0.0,0.0,0.0,0.0,0.0,0.0
718,MQTT_Publish,MQTT_Publish,0.0,0.0,0.0,1.0,0.0,0.0,0.0,0.0,0.0,0.0,0.0
719,ARP_poisioning,ARP_poisioning,1.0,0.0,0.0,0.0,0.0,0.0,0.0,0.0,0.0,0.0,0.0
720,ARP_poisioning,ARP_poisioning,1.0,0.0,0.0,0.0,0.0,0.0,0.0,0.0,0.0,0.0,0.0
721,ARP_poisioning,ARP_poisioning,0.9957678355501813,0.0,0.0,0.0,0.0,0.0,0.0,0.0,0.0,0.004232164449818621,0.0
722,ARP_poisioning,ARP_poisioning,1.0,0.0,0.0,0.0,0.0,0.0,0.0,0.0,0.0,0.0,0.0
723,Thing_Speak,Thing_Speak,0.0,0.0,0.0,0.0,0.0,0.0,0.0,0.0,0.0,1.0,0.0
724,Thing_Speak,Thing_Speak,0.0,0.0,0.0,0.0,0.0,0.0,0.0,0.0,0.0,1.0,0.0
725,Thing_Speak,Thing_Speak,0.0,0.0,0.0,0.0,0.0,0.0,0.0,0.0,0.0,1.0,0.0
726,MQTT_Publish,MQTT_Publish,0.0,0.0,0.0,1.0,0.0,0.0,0.0,0.0,0.0,0.0,0.0
727,MQTT_Publish,MQTT_Publish,0.0,0.0,0.0,1.0,0.0,0.0,0.0,0.0,0.0,0.0,0.0
728,Thing_Speak,Thing_Speak,0.0,0.0,0.0,0.0,0.0,0.0,0.0,0.0,0.0,1.0,0.0
729,Thing_Speak,Thing_Speak,0.0,0.0,0.0,0.0,0.0,0.0,0.0,0.0,0.0,1.0,0.0
730,Thing_Speak,Thing_Speak,0.0472954896244212,0.0,0.0,0.0,0.0,0.0,0.0,0.0,0.0,0.9527045103755788,0.0
731,ARP_poisioning,ARP_poisioning,0.5340914119613043,0.0,0.0,0.0,0.0,0.0,0.0,0.0,0.0,0.44608247063876577,0.01982611739992998
732,Thing_Speak,Thing_Speak,0.0,0.0,0.0,0.0,0.0,0.0,0.0,0.0,0.0,1.0,0.0
733,ARP_poisioning,ARP_poisioning,0.9803477730323368,0.0,0.0,0.0,0.0,0.0,0.0,0.01965222696766321,0.0,0.0,0.0
734,MQTT_Publish,MQTT_Publish,0.0,0.0,0.0,1.0,0.0,0.0,0.0,0.0,0.0,0.0,0.0
735,ARP_poisioning,ARP_poisioning,0.9743512978682852,0.0,0.0,0.009672020174528152,0.0,0.0,0.0,0.0,0.0,0.015976681957186545,0.0
736,MQTT_Publish,MQTT_Publish,0.0,0.0,0.0,1.0,0.0,0.0,0.0,0.0,0.0,0.0,0.0
737,MQTT_Publish,MQTT_Publish,0.0,0.0,0.0,1.0,0.0,0.0,0.0,0.0,0.0,0.0,0.0
738,MQTT_Publish,MQTT_Publish,0.0,0.0,0.0,1.0,0.0,0.0,0.0,0.0,0.0,0.0,0.0
739,Thing_Speak,Thing_Speak,0.0,0.0,0.0,0.0,0.0,0.0,0.0,0.0,0.0,1.0,0.0
740,ARP_poisioning,ARP_poisioning,0.990396704302716,0.0,0.0,0.0,0.0,0.0,0.0,0.009603295697284102,0.0,0.0,0.0
741,ARP_poisioning,ARP_poisioning,0.994087786259542,0.0,0.0,0.0,0.0,0.0,0.0,0.0,0.0,0.005912213740458016,0.0
742,Thing_Speak,Thing_Speak,0.0,0.0,0.0,0.0,0.0,0.0,0.0,0.0,0.0,1.0,0.0
743,Thing_Speak,Thing_Speak,0.0,0.0,0.0,0.0,0.0,0.0,0.0,0.0,0.0,1.0,0.0
744,MQTT_Publish,MQTT_Publish,0.0,0.0,0.0,1.0,0.0,0.0,0.0,0.0,0.0,0.0,0.0
745,ARP_poisioning,ARP_poisioning,0.99,0.0,0.0,0.0,0.0,0.0,0.0,0.01,0.0,0.0,0.0
746,Thing_Speak,Thing_Speak,0.0,0.0,0.0,0.0,0.0,0.0,0.0,0.0,0.0,1.0,0.0
747,NMAP_XMAS_TREE_SCAN,NMAP_XMAS_TREE_SCAN,1.298479431248428e-05,0.0,0.0,4.75897649868369e-05,0.0,0.07858902421337682,0.001390912842513492,0.0002746408124414594,0.9189382088330337,3.4163212055015705e-06,0.0007432224181298227
748,ARP_poisioning,ARP_poisioning,1.0,0.0,0.0,0.0,0.0,0.0,0.0,0.0,0.0,0.0,0.0
749,DDOS_Slowloris,DDOS_Slowloris,0.0,0.9932581998958745,0.0,0.0,0.0,0.0,0.0,0.0,0.0,0.0017254066615027112,0.0050163934426229505
750,MQTT_Publish,MQTT_Publish,0.0,0.0,0.0,1.0,0.0,0.0,0.0,0.0,0.0,0.0,0.0
751,ARP_poisioning,ARP_poisioning,0.9704332939237955,0.0,0.0,0.0,0.029566706076204517,0.0,0.0,0.0,0.0,0.0,0.0
752,ARP_poisioning,ARP_poisioning,1.0,0.0,0.0,0.0,0.0,0.0,0.0,0.0,0.0,0.0,0.0
753,Thing_Speak,Thing_Speak,0.0,0.0,0.0,0.0,0.0,0.0,0.0,0.0,0.0,1.0,0.0
754,Metasploit_Brute_Force_SSH,Metasploit_Brute_Force_SSH,0.02,0.0,0.0,0.0,0.98,0.0,0.0,0.0,0.0,0.0,0.0
755,ARP_poisioning,ARP_poisioning,1.0,0.0,0.0,0.0,0.0,0.0,0.0,0.0,0.0,0.0,0.0
756,Thing_Speak,Thing_Speak,0.0,0.0,0.0,0.0,0.0,0.0,0.0,0.0,0.0,1.0,0.0
757,Thing_Speak,Thing_Speak,0.0,0.0,0.0,0.0,0.0,0.0,0.0,0.0,0.0,1.0,0.0
758,Thing_Speak,NMAP_UDP_SCAN,0.21670204525337453,0.0,0.0025340423167651404,0.0,0.011166440251355946,0.0,0.0,0.7358607785249045,0.0,0.03350839687597247,0.00022829677762749745
759,ARP_poisioning,ARP_poisioning,1.0,0.0,0.0,0.0,0.0,0.0,0.0,0.0,0.0,0.0,0.0
760,ARP_poisioning,ARP_poisioning,0.9802717271499606,0.009530241632898093,0.0,0.0,0.0,0.0,0.0,0.0,0.0,0.010198031217141315,0.0
761,Thing_Speak,Thing_Speak,0.0,0.0,0.0,0.0,0.0,0.0,0.0,0.0,0.0,1.0,0.0
762,ARP_poisioning,ARP_poisioning,0.9957663350363001,0.0,0.0,0.0,0.0,0.0,0.0,0.0,0.0,0.004233664963699919,0.0
763,MQTT_Publish,MQTT_Publish,0.0,0.0,0.0,1.0,0.0,0.0,0.0,0.0,0.0,0.0,0.0
764,MQTT_Publish,MQTT_Publish,0.0,0.0,0.0,1.0,0.0,0.0,0.0,0.0,0.0,0.0,0.0
765,Thing_Speak,Thing_Speak,0.0,0.0,0.0,0.0,0.0,0.0,0.0,0.0,0.0,1.0,0.0
766,Thing_Speak,Thing_Speak,0.0,0.0,0.0,0.0,0.0,0.0,0.0,0.0,0.0,1.0,0.0
767,Thing_Speak,Thing_Speak,0.0,0.0,0.0,0.0,0.0,0.0,0.0,0.0,0.0,1.0,0.0
768,DOS_SYN_Hping,DOS_SYN_Hping,1.3581914766902935e-05,3.436426116838489e-05,0.9997022196729409,0.0,0.0,0.0,0.0,0.00024740014127369895,0.0,2.4340098499717754e-06,0.0
769,Thing_Speak,Thing_Speak,0.0,0.0,0.0,0.0,0.0,0.0,0.0,0.0,0.0,1.0,0.0
770,Thing_Speak,Thing_Speak,0.0,0.0,0.0,0.0,0.0,0.0,0.0,0.019577567466167838,0.0,0.9804224325338322,0.0
771,MQTT_Publish,MQTT_Publish,0.0,0.0,0.0,1.0,0.0,0.0,0.0,0.0,0.0,0.0,0.0
772,Thing_Speak,Thing_Speak,0.0,0.0,0.0,0.0,0.0,0.0,0.0,0.0,0.0,1.0,0.0
773,Thing_Speak,Thing_Speak,0.0,0.0,0.0,0.0,0.0,0.0,0.0,0.0,0.0,1.0,0.0
774,Thing_Speak,Thing_Speak,0.0,0.0,0.0,0.0,0.0,0.0,0.0,0.0,0.0,1.0,0.0
775,ARP_poisioning,ARP_poisioning,1.0,0.0,0.0,0.0,0.0,0.0,0.0,0.0,0.0,0.0,0.0
776,ARP_poisioning,ARP_poisioning,1.0,0.0,0.0,0.0,0.0,0.0,0.0,0.0,0.0,0.0,0.0
777,Thing_Speak,Thing_Speak,0.0,0.0,0.0,0.0,0.0,0.0,0.0,0.0,0.0,1.0,0.0
778,ARP_poisioning,ARP_poisioning,1.0,0.0,0.0,0.0,0.0,0.0,0.0,0.0,0.0,0.0,0.0
779,Thing_Speak,Thing_Speak,0.0,0.0,0.0,0.0,0.0,0.0,0.0,0.0,0.0,1.0,0.0
780,ARP_poisioning,ARP_poisioning,0.9670340350573338,0.0,0.0,0.0,0.0,0.0,0.0,0.0,0.0,0.022965964942666114,0.01
781,ARP_poisioning,ARP_poisioning,1.0,0.0,0.0,0.0,0.0,0.0,0.0,0.0,0.0,0.0,0.0
782,Thing_Speak,Thing_Speak,0.0,0.0,0.0,0.0,0.0,0.0,0.0,0.0,0.0,1.0,0.0
783,Thing_Speak,Thing_Speak,0.0,0.0,0.0,0.0,0.0,0.0,0.0,0.0,0.0,1.0,0.0
784,Thing_Speak,Thing_Speak,0.0,0.0,0.0,0.0,0.0,0.0,0.0,0.0,0.0,1.0,0.0
785,MQTT_Publish,MQTT_Publish,0.0,0.0,0.0,1.0,0.0,0.0,0.0,0.0,0.0,0.0,0.0
786,DOS_SYN_Hping,DOS_SYN_Hping,1.3581914766902935e-05,3.436426116838489e-05,0.9997022196729409,0.0,0.0,0.0,0.0,0.00024740014127369895,0.0,2.4340098499717754e-06,0.0
787,Thing_Speak,Thing_Speak,0.0,0.0,0.0,0.0,0.0,0.0,0.0,0.0,0.0,1.0,0.0
788,ARP_poisioning,ARP_poisioning,1.0,0.0,0.0,0.0,0.0,0.0,0.0,0.0,0.0,0.0,0.0
789,MQTT_Publish,MQTT_Publish,0.0,0.0,0.0,1.0,0.0,0.0,0.0,0.0,0.0,0.0,0.0
790,ARP_poisioning,ARP_poisioning,1.0,0.0,0.0,0.0,0.0,0.0,0.0,0.0,0.0,0.0,0.0
791,ARP_poisioning,ARP_poisioning,1.0,0.0,0.0,0.0,0.0,0.0,0.0,0.0,0.0,0.0,0.0
792,Thing_Speak,Thing_Speak,0.0,0.0,0.0,0.0,0.0,0.0,0.0,0.0,0.0,1.0,0.0
793,Thing_Speak,Thing_Speak,0.0,0.0,0.0,0.0,0.0,0.0,0.0,0.0,0.0,1.0,0.0
794,MQTT_Publish,MQTT_Publish,0.0,0.0,0.0,1.0,0.0,0.0,0.0,0.0,0.0,0.0,0.0
795,ARP_poisioning,ARP_poisioning,1.0,0.0,0.0,0.0,0.0,0.0,0.0,0.0,0.0,0.0,0.0
796,ARP_poisioning,ARP_poisioning,1.0,0.0,0.0,0.0,0.0,0.0,0.0,0.0,0.0,0.0,0.0
797,Thing_Speak,Thing_Speak,0.0,0.0,0.0,0.0,0.0,0.0,0.0,0.0,0.0,1.0,0.0
798,Thing_Speak,Thing_Speak,0.0,0.0,0.0,0.0,0.0,0.0,0.0,0.0,0.0,1.0,0.0
799,MQTT_Publish,MQTT_Publish,0.0,0.0,0.0,1.0,0.0,0.0,0.0,0.0,0.0,0.0,0.0
800,ARP_poisioning,ARP_poisioning,1.0,0.0,0.0,0.0,0.0,0.0,0.0,0.0,0.0,0.0,0.0
801,ARP_poisioning,ARP_poisioning,0.9346817562340226,0.0,0.0,0.0,0.0,0.0,0.0,0.0,0.0,0.06531824376597746,0.0
802,Thing_Speak,Thing_Speak,0.0,0.0,0.0,0.0,0.0,0.0,0.0,0.0,0.0,1.0,0.0
803,NMAP_OS_DETECTION,NMAP_OS_DETECTION,0.00012947847434960114,1.6187824150449924e-05,0.0,4.135211154144212e-05,0.0,0.8944614492449616,0.027348871671161967,0.0002746408124414594,0.07692058978455937,3.4163212055015705e-06,0.0008040137556287519
804,Thing_Speak,Thing_Speak,0.0,0.0,0.0,0.0,0.0,0.0,0.0,0.0,0.0,1.0,0.0
805,ARP_poisioning,ARP_poisioning,1.0,0.0,0.0,0.0,0.0,0.0,0.0,0.0,0.0,0.0,0.0
806,ARP_poisioning,ARP_poisioning,0.9873713254252905,0.0,0.0,0.0,0.0,0.0,0.0,0.0,0.0,0.012628674574709288,0.0
807,Thing_Speak,Thing_Speak,0.0,0.0,0.0,0.0,0.0,0.0,0.0,0.0,0.0,1.0,0.0
808,Thing_Speak,Thing_Speak,0.0,0.0,0.0,0.0,0.0,0.0,0.0,0.0,0.0,1.0,0.0
809,ARP_poisioning,ARP_poisioning,1.0,0.0,0.0,0.0,0.0,0.0,0.0,0.0,0.0,0.0,0.0
810,Thing_Speak,Thing_Speak,0.0,0.0,0.0,0.0,0.0,0.0,0.0,0.0,0.0,1.0,0.0
811,ARP_poisioning,ARP_poisioning,0.8212240342390739,0.0,0.0,0.0,0.01,0.0,0.0,0.0,0.0,0.1687759657609262,0.0
812,Thing_Speak,Thing_Speak,0.0,0.0,0.0,0.0,0.0,0.0,0.0,0.0,0.0,1.0,0.0
813,Thing_Speak,Thing_Speak,0.0,0.0,0.0,0.0,0.0,0.0,0.0,0.0,0.0,1.0,0.0
814,ARP_poisioning,ARP_poisioning,1.0,0.0,0.0,0.0,0.0,0.0,0.0,0.0,0.0,0.0,0.0
815,Thing_Speak,Thing_Speak,0.0,0.0,0.0,0.0,0.0,0.0,0.0,0.0,0.0,1.0,0.0
816,DDOS_Slowloris,DDOS_Slowloris,0.0015,0.9984999999999999,0.0,0.0,0.0,0.0,0.0,0.0,0.0,0.0,0.0
817,Thing_Speak,Thing_Speak,0.0,0.0,0.0,0.0,0.0,0.0,0.0,0.0,0.0,1.0,0.0
818,ARP_poisioning,ARP_poisioning,1.0,0.0,0.0,0.0,0.0,0.0,0.0,0.0,0.0,0.0,0.0
819,MQTT_Publish,MQTT_Publish,0.0,0.0,0.0,1.0,0.0,0.0,0.0,0.0,0.0,0.0,0.0
820,Thing_Speak,Thing_Speak,0.0,0.0,0.0,0.0,0.0,0.0,0.0,0.0,0.0,1.0,0.0
821,Thing_Speak,Thing_Speak,0.0,0.0,0.0,0.0,0.0,0.0,0.0,0.0,0.0,1.0,0.0
822,Thing_Speak,Thing_Speak,0.0,0.0,0.0,0.0,0.0,0.0,0.0,0.0,0.0,1.0,0.0
823,ARP_poisioning,ARP_poisioning,0.9907315598548972,0.0,0.0,0.0,0.0,0.0,0.0,0.009268440145102782,0.0,0.0,0.0
824,Thing_Speak,Thing_Speak,0.0,0.0,0.0,0.0,0.0,0.0,0.0,0.0,0.0,1.0,0.0
825,Thing_Speak,Thing_Speak,0.0640408813291642,0.0,0.0,0.0,0.0,0.0,0.0,0.0,0.0,0.9266933980496312,0.009265720621204529
826,Thing_Speak,Thing_Speak,0.18704849598855744,0.027464922137643146,0.0,0.0,0.019497907949790796,0.0,0.0,0.0,0.0,0.7082123589764581,0.05777631494755049
827,Thing_Speak,Thing_Speak,0.12841478770760648,0.0,0.0,0.0,0.0,0.0,0.0,0.0,0.009642129105322764,0.8619430831870707,0.0
828,Thing_Speak,Thing_Speak,0.0,0.0,0.0,0.0,0.0,0.0,0.0,0.0,0.0,1.0,0.0
829,Thing_Speak,Thing_Speak,0.31444521480528353,0.0,0.0,0.0,0.0,0.0,0.0,0.009272340425531916,0.0,0.6666281293602375,0.00965431540894713
830,Thing_Speak,Thing_Speak,0.15146675729652903,0.0,0.0,0.0,0.0,0.0,0.0,0.0,0.0,0.8198644848236634,0.02866875787980761
831,MQTT_Publish,MQTT_Publish,0.0,0.0,0.0,1.0,0.0,0.0,0.0,0.0,0.0,0.0,0.0
832,Thing_Speak,Thing_Speak,0.0,0.0,0.0,0.0,0.0,0.0,0.0,0.0,0.0,1.0,0.0
833,ARP_poisioning,ARP_poisioning,1.0,0.0,0.0,0.0,0.0,0.0,0.0,0.0,0.0,0.0,0.0
834,Thing_Speak,Thing_Speak,0.0,0.0,0.0,0.0,0.0,0.0,0.0,0.0,0.0,1.0,0.0
835,ARP_poisioning,ARP_poisioning,1.0,0.0,0.0,0.0,0.0,0.0,0.0,0.0,0.0,0.0,0.0
836,ARP_poisioning,ARP_poisioning,1.0,0.0,0.0,0.0,0.0,0.0,0.0,0.0,0.0,0.0,0.0
837,ARP_poisioning,ARP_poisioning,0.6620055638324597,0.009080787896089067,0.0,0.0,0.0,0.0,0.0,0.0,0.14531808472563978,0.1726785961130021,0.0109169674328095
838,Thing_Speak,Thing_Speak,0.003991505427088249,0.0,0.0,0.0,0.0,0.0,0.0,0.0,0.0,0.9960084945729117,0.0
839,Thing_Speak,Thing_Speak,0.0,0.0,0.0,0.0,0.0,0.0,0.0,0.0,0.0,1.0,0.0
840,MQTT_Publish,MQTT_Publish,0.0,0.0,0.0,1.0,0.0,0.0,0.0,0.0,0.0,0.0,0.0
841,ARP_poisioning,ARP_poisioning,1.0,0.0,0.0,0.0,0.0,0.0,0.0,0.0,0.0,0.0,0.0
842,ARP_poisioning,ARP_poisioning,1.0,0.0,0.0,0.0,0.0,0.0,0.0,0.0,0.0,0.0,0.0
843,Thing_Speak,Thing_Speak,0.0,0.0,0.0,0.0,0.0,0.0,0.0,0.0,0.0,1.0,0.0
844,MQTT_Publish,MQTT_Publish,0.0,0.0,0.0,1.0,0.0,0.0,0.0,0.0,0.0,0.0,0.0
845,Thing_Speak,Thing_Speak,0.07730241515076713,0.0,0.0,0.006391985537812594,0.0,0.0,0.0,0.0,0.0,0.8382404486972262,0.07806515061419417
846,ARP_poisioning,ARP_poisioning,1.0,0.0,0.0,0.0,0.0,0.0,0.0,0.0,0.0,0.0,0.0
847,Thing_Speak,Thing_Speak,0.0,0.0,0.0,0.0,0.0,0.0,0.0,0.0,0.0,1.0,0.0
848,ARP_poisioning,ARP_poisioning,0.9972954896244213,0.0,0.0,0.0,0.0,0.0,0.0,0.0,0.0,0.002704510375578803,0.0
849,Thing_Speak,Thing_Speak,0.0,0.0,0.0,0.0,0.0,0.0,0.0,0.0,0.0,1.0,0.0
850,ARP_poisioning,ARP_poisioning,1.0,0.0,0.0,0.0,0.0,0.0,0.0,0.0,0.0,0.0,0.0
851,MQTT_Publish,MQTT_Publish,0.0,0.0,0.0,1.0,0.0,0.0,0.0,0.0,0.0,0.0,0.0
852,NMAP_XMAS_TREE_SCAN,NMAP_XMAS_TREE_SCAN,2.850412277710787e-05,0.0,0.0,2.890442975255265e-05,0.0,0.10841435478427122,0.006687772577173575,0.0002746408124414594,0.8840256677838455,3.4163212055015705e-06,0.000536739168533056
853,Thing_Speak,Thing_Speak,0.0,0.0,0.0,0.0,0.0,0.0,0.0,0.0,0.0,1.0,0.0
854,NMAP_OS_DETECTION,NMAP_OS_DETECTION,0.00022173054778426853,1.6187824150449924e-05,0.0,4.135211154144212e-05,0.0,0.8889178569833841,0.02494070840585584,0.0002746408124414594,0.08478009323800828,3.4163212055015705e-06,0.0008040137556287519
855,Wipro_bulb,Wipro_bulb,0.020144727040544853,0.01,0.0,0.0,0.0,0.0,0.0,0.0,0.0,0.02,0.9498552729594552
856,NMAP_XMAS_TREE_SCAN,NMAP_XMAS_TREE_SCAN,2.850412277710787e-05,0.0,0.0,2.890442975255265e-05,0.0,0.10612814394754552,0.006687772577173575,0.0002746408124414594,0.8802741427715146,3.4163212055015705e-06,0.00657447501758966
857,Thing_Speak,Thing_Speak,0.0,0.0,0.0,0.0,0.0,0.0,0.0,0.0,0.0,1.0,0.0
858,ARP_poisioning,ARP_poisioning,1.0,0.0,0.0,0.0,0.0,0.0,0.0,0.0,0.0,0.0,0.0
859,ARP_poisioning,ARP_poisioning,0.9046151061672615,0.0,0.0,0.0,0.02970785423228227,0.0,0.0,0.0,0.0,0.016815957289040485,0.04886108231141586
860,ARP_poisioning,ARP_poisioning,0.9904663692516129,0.0,0.0,0.0,0.0,0.0,0.0,0.0,0.0,0.009533630748387024,0.0
861,Thing_Speak,Thing_Speak,0.0,0.0,0.0,0.0,0.0,0.0,0.0,0.0,0.0,1.0,0.0
862,ARP_poisioning,ARP_poisioning,0.9957339449541284,0.0,0.0,0.0,0.0,0.0,0.0,0.0,0.0,0.0042660550458715595,0.0
863,Thing_Speak,Thing_Speak,0.005707283866575902,0.0,0.0,0.0,0.0,0.0,0.0,0.0,0.0,0.9942927161334241,0.0
864,NMAP_UDP_SCAN,NMAP_UDP_SCAN,1.273389142576965e-05,0.06066198843964642,0.0007925132363315011,7.17665855958503e-05,0.0,0.0,0.0,0.9376528603702848,0.0,3.0110077288435226e-05,0.0007780273994271982
865,ARP_poisioning,ARP_poisioning,0.97,0.0,0.0,0.0,0.0,0.0,0.0,0.0,0.0,0.03,0.0
866,DDOS_Slowloris,DDOS_Slowloris,0.0008775395033860045,0.999122460496614,0.0,0.0,0.0,0.0,0.0,0.0,0.0,0.0,0.0
867,ARP_poisioning,ARP_poisioning,1.0,0.0,0.0,0.0,0.0,0.0,0.0,0.0,0.0,0.0,0.0
868,ARP_poisioning,ARP_poisioning,0.8771923886937547,0.009530241632898093,0.0,0.0,0.019952062001180486,0.0,0.0,0.009319325244155076,0.0,0.0641557413776475,0.019850241050364138
869,Thing_Speak,Thing_Speak,0.0,0.0,0.0,0.0,0.0,0.0,0.0,0.0,0.0,1.0,0.0
870,NMAP_UDP_SCAN,NMAP_UDP_SCAN,6.229864859579792e-05,0.3971725398787639,0.0034124938975558135,3.335658499169606e-05,0.0,0.0,0.0,0.5986999396459751,0.0,0.00020880816003667008,0.00041056318408096685
871,Thing_Speak,Thing_Speak,0.0,0.0,0.0,0.0,0.0,0.0,0.0,0.0,0.0,1.0,0.0
872,Thing_Speak,Thing_Speak,0.0,0.0,0.0,0.0,0.0,0.0,0.0,0.0,0.0,1.0,0.0
873,ARP_poisioning,ARP_poisioning,0.9957753143166148,0.0,0.0,0.0,0.0,0.0,0.0,0.0,0.0,0.004224685683385156,0.0
874,Thing_Speak,Thing_Speak,0.0,0.0,0.0,0.0,0.0,0.0,0.0,0.0,0.0,1.0,0.0
875,Thing_Speak,Thing_Speak,0.0,0.0,0.0,0.0,0.0,0.0,0.0,0.0,0.0,1.0,0.0
876,MQTT_Publish,MQTT_Publish,0.0,0.0,0.0,1.0,0.0,0.0,0.0,0.0,0.0,0.0,0.0
877,ARP_poisioning,ARP_poisioning,0.9391223357815021,0.04749863786940988,0.0,0.0,0.0,0.0,0.0,0.0,0.0,0.0052986346974520085,0.008080391651636177
878,MQTT_Publish,MQTT_Publish,0.0,0.0,0.0,1.0,0.0,0.0,0.0,0.0,0.0,0.0,0.0
879,Thing_Speak,Thing_Speak,0.0,0.0,0.0,0.0,0.0,0.0,0.0,0.0,0.0,1.0,0.0
880,Thing_Speak,Thing_Speak,0.0,0.0,0.0,0.0,0.0,0.0,0.0,0.0,0.0,1.0,0.0
881,ARP_poisioning,ARP_poisioning,1.0,0.0,0.0,0.0,0.0,0.0,0.0,0.0,0.0,0.0,0.0
882,MQTT_Publish,MQTT_Publish,0.0,0.0,0.0,1.0,0.0,0.0,0.0,0.0,0.0,0.0,0.0
883,MQTT_Publish,MQTT_Publish,0.0,0.0,0.0,1.0,0.0,0.0,0.0,0.0,0.0,0.0,0.0
884,MQTT_Publish,MQTT_Publish,0.0,0.0,0.0,1.0,0.0,0.0,0.0,0.0,0.0,0.0,0.0
885,MQTT_Publish,MQTT_Publish,0.0,0.0,0.0,1.0,0.0,0.0,0.0,0.0,0.0,0.0,0.0
886,DDOS_Slowloris,DDOS_Slowloris,0.00116311827411846,0.9984935389496775,0.0,0.0,0.0,0.0,0.0,0.0,0.0,0.00034334277620396596,0.0
887,Thing_Speak,Thing_Speak,0.0,0.0,0.0,0.0,0.0,0.0,0.0,0.0,0.0,1.0,0.0
888,ARP_poisioning,ARP_poisioning,0.9868245671727885,0.0,0.0,0.0,0.0,0.0,0.0,0.0,0.009818471337579618,0.0033569614896318246,0.0
889,ARP_poisioning,ARP_poisioning,0.9901477377654664,0.0,0.009852262234533702,0.0,0.0,0.0,0.0,0.0,0.0,0.0,0.0
890,Thing_Speak,Thing_Speak,0.0,0.0,0.0,0.0,0.0,0.0,0.0,0.0,0.0,1.0,0.0
891,MQTT_Publish,MQTT_Publish,0.0,0.0,0.0,1.0,0.0,0.0,0.0,0.0,0.0,0.0,0.0
892,ARP_poisioning,ARP_poisioning,1.0,0.0,0.0,0.0,0.0,0.0,0.0,0.0,0.0,0.0,0.0
893,Thing_Speak,Thing_Speak,0.0,0.0,0.0,0.0,0.0,0.0,0.0,0.0,0.0,1.0,0.0
894,ARP_poisioning,ARP_poisioning,1.0,0.0,0.0,0.0,0.0,0.0,0.0,0.0,0.0,0.0,0.0
895,MQTT_Publish,MQTT_Publish,0.0,0.0,0.0,1.0,0.0,0.0,0.0,0.0,0.0,0.0,0.0
896,ARP_poisioning,ARP_poisioning,1.0,0.0,0.0,0.0,0.0,0.0,0.0,0.0,0.0,0.0,0.0
897,Thing_Speak,Thing_Speak,0.0,0.0,0.0,0.0,0.0,0.0,0.0,0.0,0.0,1.0,0.0
898,Thing_Speak,Thing_Speak,0.005814648729446936,0.0,0.0,0.0,0.0,0.0,0.0,0.0,0.0,0.9941853512705531,0.0
899,Thing_Speak,Thing_Speak,0.04396660401538839,0.0,0.0,0.0,0.0,0.0,0.0,0.0,0.0,0.9560333959846116,0.0
900,ARP_poisioning,ARP_poisioning,1.0,0.0,0.0,0.0,0.0,0.0,0.0,0.0,0.0,0.0,0.0
901,ARP_poisioning,ARP_poisioning,1.0,0.0,0.0,0.0,0.0,0.0,0.0,0.0,0.0,0.0,0.0
902,MQTT_Publish,MQTT_Publish,0.0,0.0,0.0,1.0,0.0,0.0,0.0,0.0,0.0,0.0,0.0
903,NMAP_OS_DETECTION,NMAP_OS_DETECTION,0.00020756053433498717,1.6187824150449924e-05,0.0,4.135211154144212e-05,0.0,0.8977404457056753,0.02494070840585584,0.0002746408124414594,0.07597167452916627,3.4163212055015705e-06,0.0008040137556287519
904,NMAP_TCP_scan,NMAP_TCP_scan,4.4844426669243135e-05,1.6187824150449924e-05,0.0,0.0,0.0,0.02327391652648787,0.973380219027995,0.0015177594690812624,0.001723811306699429,8.060340593437548e-06,3.520107832338062e-05
905,ARP_poisioning,ARP_poisioning,1.0,0.0,0.0,0.0,0.0,0.0,0.0,0.0,0.0,0.0,0.0
906,MQTT_Publish,MQTT_Publish,0.0,0.0,0.0,1.0,0.0,0.0,0.0,0.0,0.0,0.0,0.0
907,ARP_poisioning,ARP_poisioning,0.9948021552449907,0.0,0.0,0.0,0.0,0.0,0.0,0.0,0.0,0.00519784475500926,0.0
908,ARP_poisioning,ARP_poisioning,0.9435631813506546,0.008102652825836216,0.0,0.02,0.0,0.0,0.0,0.0,0.0,0.019138785880515787,0.009195379942993234
909,Thing_Speak,Thing_Speak,0.0,0.0,0.0,0.0,0.0,0.0,0.0,0.0,0.0,1.0,0.0
910,Thing_Speak,Thing_Speak,0.0,0.0,0.0,0.0,0.0,0.0,0.0,0.0,0.0,1.0,0.0
911,Thing_Speak,Thing_Speak,0.45024225835319176,0.0,0.0,0.0,0.0,0.0,0.0,0.0,0.0,0.5207169803342623,0.029040761312545925
912,NMAP_UDP_SCAN,NMAP_UDP_SCAN,0.10282533055775998,0.0,0.0025340423167651404,0.0,0.011166440251355946,0.0,0.0,0.8621188817371664,0.0,0.021127008359325173,0.00022829677762749745
913,Thing_Speak,Thing_Speak,0.0,0.0,0.0,0.0,0.0,0.0,0.0,0.0,0.0,1.0,0.0
914,DDOS_Slowloris,DDOS_Slowloris,0.0,1.0,0.0,0.0,0.0,0.0,0.0,0.0,0.0,0.0,0.0
915,NMAP_OS_DETECTION,NMAP_OS_DETECTION,0.00020756053433498717,1.6187824150449924e-05,0.0,4.135211154144212e-05,0.0,0.8938299829659527,0.02494070840585584,0.0002746408124414594,0.07953603096480984,3.4163212055015705e-06,0.001150120059707862
916,Thing_Speak,Thing_Speak,0.0,0.0,0.0,0.0,0.0,0.0,0.0,0.0,0.0,1.0,0.0
917,Thing_Speak,Thing_Speak,0.0,0.0,0.0,0.0,0.0,0.0,0.0,0.0,0.0,1.0,0.0
918,NMAP_OS_DETECTION,NMAP_OS_DETECTION,9.431154420915635e-05,1.6187824150449924e-05,0.0,7.012180632193017e-05,0.0,0.9006477777674671,0.017890381573492306,0.0002746408124414594,0.07999266534548671,3.4163212055015705e-06,0.0010104970052255185
919,ARP_poisioning,ARP_poisioning,0.9852170205883297,0.0,0.0,0.0,0.0,0.0,0.0,0.0,0.0,0.014782979411670389,0.0
920,MQTT_Publish,MQTT_Publish,0.0,0.0,0.0,1.0,0.0,0.0,0.0,0.0,0.0,0.0,0.0
921,Thing_Speak,Thing_Speak,0.0,0.0,0.0,0.0,0.0,0.0,0.0,0.0,0.0,1.0,0.0
922,Thing_Speak,Thing_Speak,0.0,0.0,0.0,0.0,0.0,0.0,0.0,0.0,0.0,1.0,0.0
923,Thing_Speak,Thing_Speak,0.0,0.0,0.0,0.0,0.0,0.0,0.0,0.0,0.0,1.0,0.0
924,MQTT_Publish,MQTT_Publish,0.0,0.0,0.0,1.0,0.0,0.0,0.0,0.0,0.0,0.0,0.0
925,MQTT_Publish,MQTT_Publish,0.0,0.0,0.0,1.0,0.0,0.0,0.0,0.0,0.0,0.0,0.0
926,ARP_poisioning,ARP_poisioning,0.7551538009354348,0.11130426667660856,0.0,0.0,0.0,0.0,0.009891908585546633,0.018884661038906264,0.0,0.05695356485497815,0.047811797908525584
927,Thing_Speak,Thing_Speak,0.0,0.0,0.0,0.0,0.0,0.0,0.0,0.0,0.0,1.0,0.0
928,Thing_Speak,Thing_Speak,0.0,0.0,0.0,0.0,0.0,0.0,0.0,0.0,0.0,1.0,0.0
929,Thing_Speak,Thing_Speak,0.0,0.0,0.0,0.0,0.0,0.0,0.0,0.0,0.0,1.0,0.0
930,NMAP_XMAS_TREE_SCAN,NMAP_XMAS_TREE_SCAN,2.850412277710787e-05,0.0,0.0,2.890442975255265e-05,0.0,0.11484999834862766,0.006687772577173575,0.0002746408124414594,0.8775900242194891,3.4163212055015705e-06,0.000536739168533056
931,MQTT_Publish,MQTT_Publish,0.0,0.0,0.0,1.0,0.0,0.0,0.0,0.0,0.0,0.0,0.0
932,Thing_Speak,Thing_Speak,0.0,0.0,0.0,0.0,0.0,0.0,0.0,0.0,0.0,1.0,0.0
933,MQTT_Publish,MQTT_Publish,0.0,0.0,0.0,1.0,0.0,0.0,0.0,0.0,0.0,0.0,0.0
934,NMAP_XMAS_TREE_SCAN,NMAP_XMAS_TREE_SCAN,3.2582512548421e-05,0.0,0.0,2.890442975255265e-05,0.0,0.0918047056814132,0.006687772577173575,0.0002746408124414594,0.9006312384969323,3.4163212055015705e-06,0.000536739168533056
935,Thing_Speak,Thing_Speak,0.0,0.0,0.0,0.0,0.0,0.0,0.0,0.0,0.0,1.0,0.0
936,MQTT_Publish,MQTT_Publish,0.0,0.0,0.0,1.0,0.0,0.0,0.0,0.0,0.0,0.0,0.0
937,ARP_poisioning,ARP_poisioning,1.0,0.0,0.0,0.0,0.0,0.0,0.0,0.0,0.0,0.0,0.0
938,NMAP_OS_DETECTION,NMAP_OS_DETECTION,0.00020756053433498717,1.6187824150449924e-05,0.0,4.135211154144212e-05,0.0,0.8744916186380158,0.02494070840585584,0.0002746408124414594,0.09584409226244367,3.4163212055015705e-06,0.004180423090010892
939,Thing_Speak,Thing_Speak,0.0,0.0,0.0,0.0,0.0,0.0,0.0,0.0,0.0,1.0,0.0
940,MQTT_Publish,MQTT_Publish,0.0,0.0,0.0,1.0,0.0,0.0,0.0,0.0,0.0,0.0,0.0
941,Thing_Speak,Thing_Speak,0.0,0.0,0.0,0.0,0.0,0.0,0.0,0.0,0.0,1.0,0.0
942,Thing_Speak,Thing_Speak,0.0,0.0,0.0,0.0,0.0,0.0,0.0,0.0,0.0,1.0,0.0
943,NMAP_TCP_scan,NMAP_TCP_scan,4.4844426669243135e-05,1.6187824150449924e-05,0.0,0.0,0.0,0.02327391652648787,0.9718612316862227,0.003036746810853414,0.001723811306699429,8.060340593437548e-06,3.520107832338062e-05
944,ARP_poisioning,ARP_poisioning,1.0,0.0,0.0,0.0,0.0,0.0,0.0,0.0,0.0,0.0,0.0
945,MQTT_Publish,MQTT_Publish,0.0,0.0,0.0,1.0,0.0,0.0,0.0,0.0,0.0,0.0,0.0
946,MQTT_Publish,MQTT_Publish,0.0,0.0,0.0,1.0,0.0,0.0,0.0,0.0,0.0,0.0,0.0
947,Thing_Speak,Thing_Speak,0.0,0.0,0.0,0.0,0.0,0.0,0.0,0.0,0.0,1.0,0.0
948,ARP_poisioning,ARP_poisioning,1.0,0.0,0.0,0.0,0.0,0.0,0.0,0.0,0.0,0.0,0.0
949,Thing_Speak,Thing_Speak,0.0,0.0,0.0,0.0,0.0,0.0,0.0,0.0,0.0,1.0,0.0
950,ARP_poisioning,ARP_poisioning,1.0,0.0,0.0,0.0,0.0,0.0,0.0,0.0,0.0,0.0,0.0
951,ARP_poisioning,ARP_poisioning,1.0,0.0,0.0,0.0,0.0,0.0,0.0,0.0,0.0,0.0,0.0
952,Thing_Speak,Thing_Speak,0.0,0.0,0.0,0.0,0.0,0.0,0.0,0.0,0.0,1.0,0.0
953,MQTT_Publish,MQTT_Publish,0.0,0.0,0.0,1.0,0.0,0.0,0.0,0.0,0.0,0.0,0.0
954,Thing_Speak,Thing_Speak,0.0,0.0,0.0,0.0,0.0,0.0,0.0,0.0,0.0,1.0,0.0
955,Thing_Speak,Thing_Speak,0.0,0.0,0.0,0.0,0.0,0.0,0.0,0.0,0.0,1.0,0.0
956,Thing_Speak,Thing_Speak,0.0,0.0,0.0,0.0,0.0,0.0,0.0,0.0,0.0,1.0,0.0
957,Thing_Speak,Thing_Speak,0.0,0.0,0.0,0.0,0.0,0.0,0.0,0.0,0.0,1.0,0.0
958,Thing_Speak,Thing_Speak,0.0,0.0,0.0,0.0,0.0,0.0,0.0,0.0,0.0,1.0,0.0
959,Thing_Speak,Thing_Speak,0.01,0.0,0.0,0.0,0.0,0.0,0.0,0.0,0.0,0.99,0.0
960,Thing_Speak,Thing_Speak,0.0,0.0,0.0,0.0,0.0,0.0,0.0,0.0,0.0,1.0,0.0
961,Thing_Speak,Thing_Speak,0.0,0.0,0.0,0.0,0.0,0.0,0.0,0.0,0.0,1.0,0.0
962,MQTT_Publish,MQTT_Publish,0.0,0.0,0.0,1.0,0.0,0.0,0.0,0.0,0.0,0.0,0.0
963,ARP_poisioning,ARP_poisioning,1.0,0.0,0.0,0.0,0.0,0.0,0.0,0.0,0.0,0.0,0.0
964,MQTT_Publish,MQTT_Publish,0.0,0.0,0.0,1.0,0.0,0.0,0.0,0.0,0.0,0.0,0.0
965,MQTT_Publish,MQTT_Publish,0.0,0.0,0.0,1.0,0.0,0.0,0.0,0.0,0.0,0.0,0.0
966,Thing_Speak,Thing_Speak,0.0,0.0,0.0,0.0,0.0,0.0,0.0,0.0,0.0,1.0,0.0
967,ARP_poisioning,ARP_poisioning,1.0,0.0,0.0,0.0,0.0,0.0,0.0,0.0,0.0,0.0,0.0
968,ARP_poisioning,ARP_poisioning,0.9830940594059406,0.01,0.0,0.0,0.0,0.0,0.0,0.0,0.0,0.006905940594059407,0.0
969,Thing_Speak,Thing_Speak,0.0,0.0,0.0,0.0,0.0,0.0,0.0,0.0,0.0,1.0,0.0
970,MQTT_Publish,MQTT_Publish,0.0,0.0,0.0,1.0,0.0,0.0,0.0,0.0,0.0,0.0,0.0
971,Thing_Speak,Thing_Speak,0.38744354258758706,0.03964972756588458,0.0,0.01,0.0,0.0,0.0,0.0,0.0,0.5432130403025394,0.019693689543988945
972,Thing_Speak,Thing_Speak,0.0,0.0,0.0,0.0,0.0,0.0,0.0,0.0,0.0,1.0,0.0
973,MQTT_Publish,MQTT_Publish,0.0,0.0,0.0,1.0,0.0,0.0,0.0,0.0,0.0,0.0,0.0
974,Thing_Speak,Thing_Speak,0.0,0.0,0.0,0.0,0.0,0.0,0.0,0.0,0.0,1.0,0.0
975,ARP_poisioning,ARP_poisioning,1.0,0.0,0.0,0.0,0.0,0.0,0.0,0.0,0.0,0.0,0.0
976,ARP_poisioning,ARP_poisioning,1.0,0.0,0.0,0.0,0.0,0.0,0.0,0.0,0.0,0.0,0.0
977,ARP_poisioning,ARP_poisioning,1.0,0.0,0.0,0.0,0.0,0.0,0.0,0.0,0.0,0.0,0.0
978,ARP_poisioning,ARP_poisioning,1.0,0.0,0.0,0.0,0.0,0.0,0.0,0.0,0.0,0.0,0.0
979,ARP_poisioning,ARP_poisioning,1.0,0.0,0.0,0.0,0.0,0.0,0.0,0.0,0.0,0.0,0.0
980,Thing_Speak,Thing_Speak,0.0,0.0,0.0,0.0,0.0,0.0,0.0,0.0,0.0,1.0,0.0
981,Thing_Speak,ARP_poisioning,0.4938364399652613,0.0,0.009928007431490943,0.0,0.0,0.0,0.0,0.009913557779799818,0.14616460898006894,0.3097440310453115,0.03041335479806765
982,ARP_poisioning,ARP_poisioning,1.0,0.0,0.0,0.0,0.0,0.0,0.0,0.0,0.0,0.0,0.0
983,MQTT_Publish,MQTT_Publish,0.0,0.0,0.0,1.0,0.0,0.0,0.0,0.0,0.0,0.0,0.0
984,ARP_poisioning,ARP_poisioning,0.9357609053145254,0.0,0.0,0.007178251892635925,0.0,0.0,0.0,0.0,0.0,0.05706084279283873,0.0
985,Thing_Speak,Thing_Speak,0.0,0.0,0.0,0.0,0.0,0.0,0.0,0.0,0.0,1.0,0.0
986,Thing_Speak,Thing_Speak,0.0,0.0,0.0,0.0,0.0,0.0,0.0,0.0,0.0,1.0,0.0
987,DDOS_Slowloris,DDOS_Slowloris,0.0,1.0,0.0,0.0,0.0,0.0,0.0,0.0,0.0,0.0,0.0
988,Thing_Speak,Thing_Speak,0.0,0.0,0.0,0.0,0.0,0.0,0.0,0.0,0.0,1.0,0.0
989,MQTT_Publish,MQTT_Publish,0.0,0.0,0.0,1.0,0.0,0.0,0.0,0.0,0.0,0.0,0.0
990,Wipro_bulb,Wipro_bulb,0.0,0.0,0.0,0.0,0.0,0.0,0.0,0.0,0.0,0.0,1.0
991,Thing_Speak,Thing_Speak,0.0,0.0,0.0,0.0,0.0,0.0,0.0,0.0,0.0,1.0,0.0
992,ARP_poisioning,ARP_poisioning,1.0,0.0,0.0,0.0,0.0,0.0,0.0,0.0,0.0,0.0,0.0
993,Thing_Speak,Thing_Speak,0.026907967047478058,0.0,0.0,0.0,0.0,0.0,0.0,0.0,0.0,0.973092032952522,0.0
994,Thing_Speak,Thing_Speak,0.0,0.0,0.0,0.0,0.0,0.0,0.0,0.0,0.0,1.0,0.0
995,MQTT_Publish,MQTT_Publish,0.0,0.0,0.0,1.0,0.0,0.0,0.0,0.0,0.0,0.0,0.0
996,Thing_Speak,Thing_Speak,0.0,0.0,0.0,0.0,0.0,0.0,0.0,0.0,0.0,1.0,0.0
997,Thing_Speak,Thing_Speak,0.0,0.0,0.0,0.0,0.0,0.0,0.0,0.0,0.0,1.0,0.0
998,ARP_poisioning,ARP_poisioning,1.0,0.0,0.0,0.0,0.0,0.0,0.0,0.0,0.0,0.0,0.0
999,ARP_poisioning,ARP_poisioning,1.0,0.0,0.0,0.0,0.0,0.0,0.0,0.0,0.0,0.0,0.0
1000,ARP_poisioning,ARP_poisioning,0.9612757212673921,0.0,0.0,0.0,0.01981022124572275,0.0,0.0,0.01891405748688507,0.0,0.0,0.0
1001,ARP_poisioning,ARP_poisioning,1.0,0.0,0.0,0.0,0.0,0.0,0.0,0.0,0.0,0.0,0.0
1002,ARP_poisioning,ARP_poisioning,0.7550651840428323,0.0,0.0,0.0,0.0,0.0,0.0,0.0,0.0,0.24493481595716785,0.0
1003,ARP_poisioning,ARP_poisioning,1.0,0.0,0.0,0.0,0.0,0.0,0.0,0.0,0.0,0.0,0.0
1004,ARP_poisioning,ARP_poisioning,0.9980147615442846,0.0,0.0,0.0,0.0,0.0,0.0,0.0,0.0,0.001985238455715367,0.0
1005,Thing_Speak,Thing_Speak,0.0,0.0,0.0,0.0,0.0,0.0,0.0,0.0,0.0,1.0,0.0
1006,Thing_Speak,Thing_Speak,0.0,0.0,0.0,0.0,0.0,0.0,0.0,0.0,0.0,1.0,0.0
1007,Thing_Speak,Thing_Speak,0.0,0.0,0.0,0.0,0.0,0.0,0.0,0.0,0.0,1.0,0.0
1008,Thing_Speak,Thing_Speak,0.0,0.0,0.0,0.0,0.0,0.0,0.0,0.0,0.0,1.0,0.0
1009,Thing_Speak,Thing_Speak,0.0,0.0,0.0,0.0,0.0,0.0,0.0,0.0,0.0,1.0,0.0
1010,Thing_Speak,Thing_Speak,0.0,0.0,0.0,0.0,0.0,0.0,0.0,0.0,0.0,1.0,0.0
1011,Thing_Speak,Thing_Speak,0.0,0.0,0.0,0.0,0.0,0.0,0.0,0.0,0.0,1.0,0.0
1012,Thing_Speak,Thing_Speak,0.0,0.0,0.0,0.0,0.0,0.0,0.0,0.0,0.0,1.0,0.0
1013,Thing_Speak,Thing_Speak,0.0,0.0,0.0,0.0,0.0,0.0,0.0,0.0,0.0,1.0,0.0
1014,Thing_Speak,Thing_Speak,0.0,0.0,0.0,0.0,0.0,0.0,0.0,0.0,0.0,1.0,0.0
1015,Thing_Speak,Thing_Speak,0.0,0.0,0.0,0.0,0.0,0.0,0.0,0.0,0.0,1.0,0.0
1016,MQTT_Publish,MQTT_Publish,0.0,0.0,0.0,1.0,0.0,0.0,0.0,0.0,0.0,0.0,0.0
1017,Thing_Speak,Thing_Speak,0.0,0.0,0.0,0.0,0.0,0.0,0.0,0.0,0.0,1.0,0.0
1018,Thing_Speak,Thing_Speak,0.0,0.0,0.0,0.0,0.0,0.0,0.0,0.0,0.0,1.0,0.0
1019,NMAP_XMAS_TREE_SCAN,NMAP_XMAS_TREE_SCAN,2.91524820531367e-05,0.0,0.0,2.890442975255265e-05,0.0,0.0755068357022326,0.006687772577173575,0.0002746408124414594,0.9169325385066083,3.4163212055015705e-06,0.000536739168533056
1020,MQTT_Publish,MQTT_Publish,0.0,0.0,0.0,1.0,0.0,0.0,0.0,0.0,0.0,0.0,0.0
1021,MQTT_Publish,MQTT_Publish,0.0,0.0,0.0,1.0,0.0,0.0,0.0,0.0,0.0,0.0,0.0
1022,Thing_Speak,Thing_Speak,0.38767901399027366,0.0,0.0,0.0,0.0,0.0,0.0,0.009272340425531916,0.0,0.5735381329599997,0.029510512624194792
1023,Thing_Speak,Thing_Speak,0.0,0.0,0.0,0.0,0.0,0.0,0.0,0.0,0.0,1.0,0.0
1024,ARP_poisioning,ARP_poisioning,1.0,0.0,0.0,0.0,0.0,0.0,0.0,0.0,0.0,0.0,0.0
1025,MQTT_Publish,MQTT_Publish,0.0,0.0,0.0,1.0,0.0,0.0,0.0,0.0,0.0,0.0,0.0
1026,Thing_Speak,Thing_Speak,0.0,0.0,0.0,0.0,0.0,0.0,0.0,0.0,0.0,1.0,0.0
1027,Thing_Speak,Thing_Speak,0.3946769147433962,0.0,0.0,0.0,0.0,0.0,0.0,0.0,0.029482968015443606,0.5662470768400987,0.009593040401061632
1028,ARP_poisioning,ARP_poisioning,1.0,0.0,0.0,0.0,0.0,0.0,0.0,0.0,0.0,0.0,0.0
1029,ARP_poisioning,ARP_poisioning,0.9724291660751753,0.009105786090005844,0.0,0.0,0.0,0.0,0.0,0.0,0.0,0.018465047834818855,0.0
1030,ARP_poisioning,ARP_poisioning,1.0,0.0,0.0,0.0,0.0,0.0,0.0,0.0,0.0,0.0,0.0
1031,MQTT_Publish,MQTT_Publish,0.0,0.0,0.0,1.0,0.0,0.0,0.0,0.0,0.0,0.0,0.0
1032,Thing_Speak,Thing_Speak,0.0,0.0,0.0,0.0,0.0,0.0,0.0,0.0,0.0,1.0,0.0
1033,ARP_poisioning,ARP_poisioning,0.8293197143521557,0.019017984584641736,0.0,0.015409284631027698,0.0,0.0,0.029824175824175826,0.03874953871567521,0.019587029919396017,0.010787872711944592,0.0373043992609832
1034,MQTT_Publish,MQTT_Publish,0.0,0.0,0.0,1.0,0.0,0.0,0.0,0.0,0.0,0.0,0.0
1035,ARP_poisioning,ARP_poisioning,1.0,0.0,0.0,0.0,0.0,0.0,0.0,0.0,0.0,0.0,0.0
1036,Thing_Speak,Thing_Speak,0.0,0.0,0.0,0.0,0.0,0.0,0.0,0.0,0.0,1.0,0.0
1037,MQTT_Publish,MQTT_Publish,0.0,0.0,0.0,0.9845009742368478,0.0,0.0,0.0,0.0,0.0,0.015499025763152199,0.0
1038,MQTT_Publish,MQTT_Publish,0.0,0.0,0.0,1.0,0.0,0.0,0.0,0.0,0.0,0.0,0.0
1039,Thing_Speak,Thing_Speak,0.0,0.0,0.0,0.0,0.0,0.0,0.0,0.0,0.0,1.0,0.0
1040,Thing_Speak,Thing_Speak,0.0,0.0,0.0,0.0,0.0,0.0,0.0,0.0,0.0,1.0,0.0
1041,MQTT_Publish,MQTT_Publish,0.0,0.0,0.0,1.0,0.0,0.0,0.0,0.0,0.0,0.0,0.0
1042,Thing_Speak,Thing_Speak,0.0,0.0,0.0,0.0,0.0,0.0,0.0,0.0,0.0,1.0,0.0
1043,Thing_Speak,Thing_Speak,0.0,0.0,0.0,0.0,0.0,0.0,0.0,0.0,0.0,1.0,0.0
1044,Thing_Speak,Thing_Speak,0.0,0.0,0.0,0.0,0.0,0.0,0.0,0.0,0.0,1.0,0.0
1045,Thing_Speak,Thing_Speak,0.0,0.0,0.0,0.0,0.0,0.0,0.0,0.0,0.0,1.0,0.0
1046,Thing_Speak,Thing_Speak,0.0,0.0,0.0,0.0,0.0,0.0,0.0,0.0,0.0,1.0,0.0
1047,Thing_Speak,Thing_Speak,0.0,0.0,0.0,0.0,0.0,0.0,0.0,0.0,0.0,1.0,0.0
1048,MQTT_Publish,MQTT_Publish,0.0,0.0,0.0,1.0,0.0,0.0,0.0,0.0,0.0,0.0,0.0
1049,ARP_poisioning,ARP_poisioning,0.9861557089925008,0.0,0.0,0.0,0.0,0.0,0.0,0.0,0.0,0.004309407286568787,0.009534883720930233
1050,Thing_Speak,Thing_Speak,0.0,0.0,0.0,0.0,0.0,0.0,0.0,0.0,0.0,1.0,0.0
1051,Thing_Speak,Thing_Speak,0.0,0.0,0.0,0.0,0.0,0.0,0.0,0.0,0.0,1.0,0.0
1052,Thing_Speak,Thing_Speak,0.0,0.0,0.0,0.0,0.0,0.0,0.0,0.0,0.0,1.0,0.0
1053,ARP_poisioning,ARP_poisioning,1.0,0.0,0.0,0.0,0.0,0.0,0.0,0.0,0.0,0.0,0.0
1054,Thing_Speak,Thing_Speak,0.0,0.0,0.0,0.0,0.0,0.0,0.0,0.0,0.0,1.0,0.0
1055,MQTT_Publish,MQTT_Publish,0.0,0.0,0.0,1.0,0.0,0.0,0.0,0.0,0.0,0.0,0.0
1056,ARP_poisioning,ARP_poisioning,0.9957678355501813,0.0,0.0,0.0,0.0,0.0,0.0,0.0,0.0,0.004232164449818621,0.0
1057,MQTT_Publish,MQTT_Publish,0.0,0.0,0.0,1.0,0.0,0.0,0.0,0.0,0.0,0.0,0.0
1058,ARP_poisioning,ARP_poisioning,0.9797673311064196,0.0,0.0,0.0,0.01,0.0,0.0,0.0,0.0,0.01023266889358035,0.0
1059,MQTT_Publish,MQTT_Publish,0.0,0.0,0.0,1.0,0.0,0.0,0.0,0.0,0.0,0.0,0.0
1060,Thing_Speak,Thing_Speak,0.0,0.0,0.0,0.0,0.0,0.0,0.0,0.0,0.0,1.0,0.0
1061,ARP_poisioning,ARP_poisioning,0.9901815286624204,0.0,0.0,0.0,0.0,0.0,0.0,0.0,0.009818471337579618,0.0,0.0
1062,Thing_Speak,Thing_Speak,0.0,0.0,0.0,0.0,0.0,0.0,0.0,0.0,0.0,1.0,0.0
1063,NMAP_XMAS_TREE_SCAN,NMAP_UDP_SCAN,0.3741997955097831,0.0,0.0,0.0,0.049634129646537295,0.0,0.0,0.54486984976779,0.009866941959164946,0.021429283116724804,0.0
1064,ARP_poisioning,ARP_poisioning,1.0,0.0,0.0,0.0,0.0,0.0,0.0,0.0,0.0,0.0,0.0
1065,NMAP_UDP_SCAN,NMAP_UDP_SCAN,6.229864859579792e-05,0.32968061674688004,0.0034124938975558135,3.335658499169606e-05,0.0,0.0,0.0,0.6663541560969166,0.0,4.651484097903673e-05,0.00041056318408096685
1066,Thing_Speak,Thing_Speak,0.0,0.0,0.0,0.0,0.0,0.0,0.0,0.0,0.0,1.0,0.0
1067,Thing_Speak,Thing_Speak,0.0,0.0,0.0,0.0,0.0,0.0,0.0,0.0,0.0,1.0,0.0
1068,MQTT_Publish,MQTT_Publish,0.0,0.0,0.0,1.0,0.0,0.0,0.0,0.0,0.0,0.0,0.0
1069,MQTT_Publish,MQTT_Publish,0.0,0.0,0.0,1.0,0.0,0.0,0.0,0.0,0.0,0.0,0.0
1070,ARP_poisioning,ARP_poisioning,1.0,0.0,0.0,0.0,0.0,0.0,0.0,0.0,0.0,0.0,0.0
1071,Thing_Speak,Thing_Speak,0.0,0.0,0.0,0.0,0.0,0.0,0.0,0.0,0.0,1.0,0.0
1072,Thing_Speak,Thing_Speak,0.0,0.0,0.0,0.0,0.0,0.0,0.0,0.009755700325732898,0.0,0.9902442996742671,0.0
1073,MQTT_Publish,MQTT_Publish,0.0,0.0,0.0,1.0,0.0,0.0,0.0,0.0,0.0,0.0,0.0
1074,ARP_poisioning,ARP_poisioning,0.9928535295470223,0.0,0.0,0.007146470452977696,0.0,0.0,0.0,0.0,0.0,0.0,0.0
1075,ARP_poisioning,ARP_poisioning,0.9894395237607188,0.0,0.0,0.0038853343369715217,0.0,0.0,0.0,0.0,0.0,0.006675141902309714,0.0
1076,Thing_Speak,Thing_Speak,0.0,0.0,0.0,0.0,0.0,0.0,0.0,0.0,0.0,1.0,0.0
1077,ARP_poisioning,ARP_poisioning,0.9931581272084806,0.0,0.0,0.0,0.0,0.0,0.0,0.0,0.0,0.006841872791519435,0.0
1078,ARP_poisioning,ARP_poisioning,0.9315104918624185,0.0,0.0,0.0,0.0,0.0,0.0,0.0,0.0,0.06848950813758165,0.0
1079,DDOS_Slowloris,DDOS_Slowloris,0.0015,0.9984999999999999,0.0,0.0,0.0,0.0,0.0,0.0,0.0,0.0,0.0
1080,Thing_Speak,Thing_Speak,0.314702395235559,0.02972262359262605,0.0,0.016288875598086127,0.028774105081590475,0.0,0.0,0.01862099361008018,0.0,0.4788127615161639,0.11307824536589434
1081,Thing_Speak,Thing_Speak,0.0,0.0,0.0,0.0,0.0,0.0,0.0,0.0,0.0,1.0,0.0
1082,Thing_Speak,Thing_Speak,0.0,0.0,0.0,0.0,0.0,0.0,0.0,0.0,0.0,1.0,0.0
1083,Thing_Speak,Thing_Speak,0.0,0.0,0.0,0.0,0.0,0.0,0.0,0.0,0.0,1.0,0.0
1084,Thing_Speak,Thing_Speak,0.0,0.0,0.0,0.0,0.0,0.0,0.0,0.0,0.0,1.0,0.0
1085,MQTT_Publish,MQTT_Publish,0.0,0.0,0.0,1.0,0.0,0.0,0.0,0.0,0.0,0.0,0.0
1086,ARP_poisioning,ARP_poisioning,1.0,0.0,0.0,0.0,0.0,0.0,0.0,0.0,0.0,0.0,0.0
1087,ARP_poisioning,ARP_poisioning,0.9984068885876387,0.0,0.0,0.0,0.0,0.0,0.0,0.0,0.0,0.0015931114123612993,0.0
1088,MQTT_Publish,MQTT_Publish,0.0,0.0,0.0,1.0,0.0,0.0,0.0,0.0,0.0,0.0,0.0
1089,Thing_Speak,Thing_Speak,0.0,0.0,0.0,0.0,0.0,0.0,0.0,0.0,0.0,1.0,0.0
1090,Thing_Speak,Thing_Speak,0.0,0.0,0.0,0.0,0.0,0.0,0.0,0.0,0.0,1.0,0.0
1091,MQTT_Publish,MQTT_Publish,0.0,0.0,0.0,1.0,0.0,0.0,0.0,0.0,0.0,0.0,0.0
1092,MQTT_Publish,MQTT_Publish,0.0,0.0,0.0,1.0,0.0,0.0,0.0,0.0,0.0,0.0,0.0
1093,ARP_poisioning,ARP_poisioning,0.9914348785871965,0.0,0.0,0.0,0.0,0.0,0.0,0.008565121412803533,0.0,0.0,0.0
1094,Thing_Speak,Thing_Speak,0.0,0.0,0.0,0.0,0.0,0.0,0.0,0.0,0.0,1.0,0.0
1095,Thing_Speak,Thing_Speak,0.17254144640790556,0.008497952995972119,0.0,0.0,0.09470430143746335,0.0,0.0,0.20143718198363503,0.0,0.4629999657722883,0.059819151402735915
1096,NMAP_OS_DETECTION,NMAP_OS_DETECTION,9.431154420915635e-05,1.6187824150449924e-05,0.0,7.012180632193017e-05,0.0,0.8927167432847084,0.015821416056250925,0.0002746408124414594,0.0899926653454867,3.4163212055015705e-06,0.0010104970052255185
1097,Thing_Speak,Thing_Speak,0.005754333694474539,0.0,0.0,0.0,0.0,0.0,0.0,0.0,0.0,0.9942456663055255,0.0
1098,MQTT_Publish,MQTT_Publish,0.0,0.0,0.0,1.0,0.0,0.0,0.0,0.0,0.0,0.0,0.0
1099,ARP_poisioning,ARP_poisioning,0.99,0.01,0.0,0.0,0.0,0.0,0.0,0.0,0.0,0.0,0.0
1100,Thing_Speak,Thing_Speak,0.0,0.0,0.0,0.0,0.0,0.0,0.0,0.0,0.0,1.0,0.0
1101,Thing_Speak,Thing_Speak,0.0,0.0,0.0,0.0,0.0,0.0,0.0,0.0,0.0,1.0,0.0
1102,DDOS_Slowloris,DDOS_Slowloris,0.0,0.9990742285237698,0.0,0.0009257714762301919,0.0,0.0,0.0,0.0,0.0,0.0,0.0
1103,ARP_poisioning,ARP_poisioning,1.0,0.0,0.0,0.0,0.0,0.0,0.0,0.0,0.0,0.0,0.0
1104,ARP_poisioning,ARP_poisioning,0.9940356937248128,0.0,0.0,0.0,0.0,0.0,0.0,0.0,0.0,0.005964306275187105,0.0
1105,ARP_poisioning,ARP_poisioning,0.9858720573354344,0.0,0.009874078624078624,0.0,0.0,0.0,0.0,0.0,0.0,0.004253864040486937,0.0
1106,Thing_Speak,Thing_Speak,0.0,0.0,0.0,0.0,0.0,0.0,0.0,0.0,0.0,1.0,0.0
1107,ARP_poisioning,ARP_poisioning,1.0,0.0,0.0,0.0,0.0,0.0,0.0,0.0,0.0,0.0,0.0
1108,NMAP_UDP_SCAN,NMAP_UDP_SCAN,0.0013590853501727169,0.0,0.0025340423167651404,0.0,0.011166440251355946,0.0,0.0,0.9804444931499106,0.0,0.004267642154167936,0.00022829677762749745
1109,ARP_poisioning,ARP_poisioning,1.0,0.0,0.0,0.0,0.0,0.0,0.0,0.0,0.0,0.0,0.0
1110,Thing_Speak,Thing_Speak,0.0,0.0,0.0,0.0,0.0,0.0,0.0,0.0,0.0,1.0,0.0
1111,Thing_Speak,Thing_Speak,0.0,0.0,0.0,0.0,0.0,0.0,0.0,0.009679444070836136,0.0,0.9903205559291639,0.0
1112,Thing_Speak,Thing_Speak,0.01,0.0,0.0,0.0,0.0,0.0,0.0,0.0,0.0,0.99,0.0
1113,NMAP_OS_DETECTION,NMAP_OS_DETECTION,0.00038566497401377667,1.6187824150449924e-05,0.0,4.135211154144212e-05,0.0,0.8903236899990151,0.02494070840585584,0.0002746408124414594,0.08321032579614782,3.4163212055015705e-06,0.0008040137556287519
1114,Thing_Speak,Thing_Speak,0.0,0.0,0.0,0.0,0.0,0.0,0.0,0.0,0.0,1.0,0.0
1115,Thing_Speak,Thing_Speak,0.0,0.0,0.0,0.0,0.0,0.0,0.0,0.0,0.0,1.0,0.0
1116,ARP_poisioning,ARP_poisioning,1.0,0.0,0.0,0.0,0.0,0.0,0.0,0.0,0.0,0.0,0.0
1117,Thing_Speak,Thing_Speak,0.0,0.0,0.0,0.0,0.0,0.0,0.0,0.0,0.0,1.0,0.0
1118,MQTT_Publish,MQTT_Publish,0.0,0.0,0.0,1.0,0.0,0.0,0.0,0.0,0.0,0.0,0.0
1119,Thing_Speak,Thing_Speak,0.0,0.0,0.0,0.0,0.0,0.0,0.0,0.0,0.0,1.0,0.0
1120,Thing_Speak,Thing_Speak,0.0,0.0,0.0,0.0,0.0,0.0,0.0,0.0,0.0,1.0,0.0
1121,MQTT_Publish,MQTT_Publish,0.0,0.0,0.0,1.0,0.0,0.0,0.0,0.0,0.0,0.0,0.0
1122,Thing_Speak,Thing_Speak,0.0,0.0,0.0,0.0,0.0,0.0,0.0,0.0,0.0,1.0,0.0
1123,ARP_poisioning,ARP_poisioning,1.0,0.0,0.0,0.0,0.0,0.0,0.0,0.0,0.0,0.0,0.0
1124,MQTT_Publish,MQTT_Publish,0.0,0.0,0.0,0.9928184142225288,0.0,0.0,0.0,0.0,0.0,0.007181585777471149,0.0
1125,Thing_Speak,ARP_poisioning,0.2648888123847216,0.05549027875076721,0.019908214777420837,0.016288875598086127,0.13216020861373795,0.0,0.01,0.12394145519817418,0.0,0.24082402432861255,0.13649813034847955
1126,Thing_Speak,Thing_Speak,0.0,0.0,0.0,0.0,0.0,0.0,0.0,0.0,0.0,1.0,0.0
1127,MQTT_Publish,MQTT_Publish,0.0,0.0,0.0,1.0,0.0,0.0,0.0,0.0,0.0,0.0,0.0
1128,ARP_poisioning,ARP_poisioning,0.9533350634179449,0.0,0.0,0.0,0.0,0.0,0.0,0.009637790522185332,0.0,0.027434105658808154,0.009593040401061632
1129,Thing_Speak,Thing_Speak,0.005756437768240343,0.0,0.0,0.0,0.0,0.0,0.0,0.0,0.0,0.9942435622317596,0.0
1130,ARP_poisioning,ARP_poisioning,0.948333448433538,0.0,0.0,0.0,0.0,0.0,0.0,0.0,0.0,0.051666551566461945,0.0
1131,Thing_Speak,Thing_Speak,0.0,0.0,0.0,0.0,0.0,0.0,0.0,0.0,0.0,1.0,0.0
1132,Thing_Speak,Thing_Speak,0.0,0.0,0.0,0.0,0.0,0.0,0.0,0.0,0.0,1.0,0.0
1133,Thing_Speak,Thing_Speak,0.0,0.0,0.0,0.0,0.0,0.0,0.0,0.0,0.0,1.0,0.0
1134,MQTT_Publish,MQTT_Publish,0.0,0.0,0.0,1.0,0.0,0.0,0.0,0.0,0.0,0.0,0.0
1135,MQTT_Publish,MQTT_Publish,0.0,0.0,0.0,1.0,0.0,0.0,0.0,0.0,0.0,0.0,0.0
1136,MQTT_Publish,MQTT_Publish,0.0,0.0,0.0,1.0,0.0,0.0,0.0,0.0,0.0,0.0,0.0
1137,MQTT_Publish,MQTT_Publish,0.0,0.0,0.0,1.0,0.0,0.0,0.0,0.0,0.0,0.0,0.0
1138,ARP_poisioning,ARP_poisioning,1.0,0.0,0.0,0.0,0.0,0.0,0.0,0.0,0.0,0.0,0.0
1139,MQTT_Publish,MQTT_Publish,0.0,0.0,0.0,1.0,0.0,0.0,0.0,0.0,0.0,0.0,0.0
1140,MQTT_Publish,MQTT_Publish,0.0,0.0,0.0,1.0,0.0,0.0,0.0,0.0,0.0,0.0,0.0
1141,ARP_poisioning,ARP_poisioning,1.0,0.0,0.0,0.0,0.0,0.0,0.0,0.0,0.0,0.0,0.0
1142,Thing_Speak,Thing_Speak,0.0,0.0,0.0,0.0,0.0,0.0,0.0,0.0,0.0,1.0,0.0
1143,Thing_Speak,Thing_Speak,0.0,0.0,0.0,0.0,0.0,0.0,0.0,0.0,0.0,1.0,0.0
1144,Thing_Speak,Thing_Speak,0.0,0.0,0.0,0.0,0.0,0.0,0.0,0.0,0.0,1.0,0.0
1145,Thing_Speak,Thing_Speak,0.0,0.0,0.0,0.0,0.0,0.0,0.0,0.0,0.0,1.0,0.0
1146,Thing_Speak,Thing_Speak,0.0,0.0,0.0,0.0,0.0,0.0,0.0,0.0,0.0,1.0,0.0
1147,Thing_Speak,Thing_Speak,0.0,0.0,0.0,0.0,0.0,0.0,0.0,0.0,0.0,1.0,0.0
1148,MQTT_Publish,MQTT_Publish,0.0,0.0,0.0,1.0,0.0,0.0,0.0,0.0,0.0,0.0,0.0
1149,Thing_Speak,Thing_Speak,0.0,0.0,0.0,0.0,0.0,0.0,0.0,0.0,0.0,1.0,0.0
1150,Thing_Speak,Thing_Speak,0.0,0.0,0.0,0.0,0.0,0.0,0.0,0.0,0.0,1.0,0.0
1151,MQTT_Publish,MQTT_Publish,0.0,0.0,0.0,1.0,0.0,0.0,0.0,0.0,0.0,0.0,0.0
1152,ARP_poisioning,ARP_poisioning,1.0,0.0,0.0,0.0,0.0,0.0,0.0,0.0,0.0,0.0,0.0
1153,Thing_Speak,Thing_Speak,0.0,0.0,0.0,0.0,0.0,0.0,0.0,0.0,0.0,1.0,0.0
1154,DDOS_Slowloris,DDOS_Slowloris,0.0,0.9862749602495555,0.0,0.002042723631508678,0.0,0.0,0.0,0.0,0.0,0.002011936487201352,0.009670379631734484
1155,Thing_Speak,Thing_Speak,0.0,0.0,0.0,0.0,0.0,0.0,0.0,0.0,0.0,1.0,0.0
1156,ARP_poisioning,ARP_poisioning,1.0,0.0,0.0,0.0,0.0,0.0,0.0,0.0,0.0,0.0,0.0
1157,Thing_Speak,Thing_Speak,0.0,0.0,0.0,0.0,0.0,0.0,0.0,0.0,0.0,1.0,0.0
1158,NMAP_XMAS_TREE_SCAN,NMAP_XMAS_TREE_SCAN,1.298479431248428e-05,0.0,0.0,4.75897649868369e-05,0.0,0.07506301265268318,0.001390912842513492,0.0002746408124414594,0.9224642203937272,3.4163212055015705e-06,0.0007432224181298227
1159,ARP_poisioning,ARP_poisioning,0.995746135959513,0.0,0.0,0.0,0.0,0.0,0.0,0.0,0.0,0.004253864040486937,0.0
1160,ARP_poisioning,ARP_poisioning,1.0,0.0,0.0,0.0,0.0,0.0,0.0,0.0,0.0,0.0,0.0
1161,ARP_poisioning,ARP_poisioning,1.0,0.0,0.0,0.0,0.0,0.0,0.0,0.0,0.0,0.0,0.0
1162,Thing_Speak,Thing_Speak,0.0,0.0,0.0,0.0,0.0,0.0,0.0,0.0,0.0,1.0,0.0
1163,ARP_poisioning,ARP_poisioning,1.0,0.0,0.0,0.0,0.0,0.0,0.0,0.0,0.0,0.0,0.0
1164,MQTT_Publish,MQTT_Publish,0.0,0.0,0.0,0.9962888755980862,0.0,0.0,0.0,0.0,0.0,0.0037111244019138756,0.0
1165,Thing_Speak,Thing_Speak,0.0,0.0,0.0,0.0,0.0,0.0,0.0,0.0,0.0,1.0,0.0
1166,Thing_Speak,Thing_Speak,0.0,0.0,0.0,0.0,0.0,0.0,0.0,0.0,0.0,1.0,0.0
1167,MQTT_Publish,MQTT_Publish,0.0,0.0,0.0,1.0,0.0,0.0,0.0,0.0,0.0,0.0,0.0
1168,Thing_Speak,Thing_Speak,0.0,0.0,0.0,0.0,0.0,0.0,0.0,0.0,0.0,1.0,0.0
1169,MQTT_Publish,MQTT_Publish,0.0,0.0,0.0,1.0,0.0,0.0,0.0,0.0,0.0,0.0,0.0
1170,Thing_Speak,Thing_Speak,0.0,0.0,0.0,0.0,0.0,0.0,0.0,0.0,0.0,1.0,0.0
1171,ARP_poisioning,ARP_poisioning,0.9909874069834,0.0,0.0,0.0,0.0,0.0,0.0,0.009012593016599886,0.0,0.0,0.0
1172,ARP_poisioning,ARP_poisioning,1.0,0.0,0.0,0.0,0.0,0.0,0.0,0.0,0.0,0.0,0.0
1173,ARP_poisioning,ARP_poisioning,1.0,0.0,0.0,0.0,0.0,0.0,0.0,0.0,0.0,0.0,0.0
1174,ARP_poisioning,ARP_poisioning,1.0,0.0,0.0,0.0,0.0,0.0,0.0,0.0,0.0,0.0,0.0
1175,MQTT_Publish,MQTT_Publish,0.0,0.0,0.0,1.0,0.0,0.0,0.0,0.0,0.0,0.0,0.0
1176,DDOS_Slowloris,DDOS_Slowloris,0.0007447400602130896,0.9949497587105854,0.0,0.00396215845299755,0.0,0.0,0.0,0.0,0.0,0.00034334277620396596,0.0
1177,Thing_Speak,Thing_Speak,0.0,0.0,0.0,0.0,0.0,0.0,0.0,0.0,0.0,1.0,0.0
1178,ARP_poisioning,ARP_poisioning,0.9807315598548972,0.0,0.0,0.0,0.0,0.0,0.0,0.009268440145102782,0.0,0.01,0.0
1179,Thing_Speak,Thing_Speak,0.0,0.0,0.0,0.0,0.0,0.0,0.0,0.0,0.0,1.0,0.0
1180,ARP_poisioning,ARP_poisioning,0.9766280042337209,0.0,0.0,0.0,0.0,0.0,0.0,0.0,0.0,0.0233719957662791,0.0
1181,MQTT_Publish,MQTT_Publish,0.0,0.0,0.0,1.0,0.0,0.0,0.0,0.0,0.0,0.0,0.0
1182,NMAP_UDP_SCAN,NMAP_UDP_SCAN,0.001639620304480793,0.0,0.0006506561435715163,0.0,0.006395195279265432,0.0,0.0,0.9704063247845298,0.0,0.02067990671052473,0.00022829677762749745
1183,MQTT_Publish,MQTT_Publish,0.0,0.0,0.0,1.0,0.0,0.0,0.0,0.0,0.0,0.0,0.0
1184,MQTT_Publish,MQTT_Publish,0.0,0.0,0.0,1.0,0.0,0.0,0.0,0.0,0.0,0.0,0.0
1185,Thing_Speak,Thing_Speak,0.0,0.0,0.0,0.0,0.0,0.0,0.0,0.0,0.0,1.0,0.0
1186,ARP_poisioning,ARP_poisioning,1.0,0.0,0.0,0.0,0.0,0.0,0.0,0.0,0.0,0.0,0.0
1187,MQTT_Publish,MQTT_Publish,0.0,0.0,0.0,1.0,0.0,0.0,0.0,0.0,0.0,0.0,0.0
1188,ARP_poisioning,ARP_poisioning,1.0,0.0,0.0,0.0,0.0,0.0,0.0,0.0,0.0,0.0,0.0
1189,Thing_Speak,Thing_Speak,0.0,0.0,0.0,0.0,0.0,0.0,0.0,0.0,0.0,1.0,0.0
1190,ARP_poisioning,ARP_poisioning,0.995676079283193,0.0,0.0,0.0,0.0,0.0,0.0,0.0,0.0,0.004323920716806951,0.0
1191,DOS_SYN_Hping,DOS_SYN_Hping,1.3581914766902935e-05,3.436426116838489e-05,0.9997022196729409,0.0,0.0,0.0,0.0,0.00024740014127369895,0.0,2.4340098499717754e-06,0.0
1192,ARP_poisioning,ARP_poisioning,0.9858291795769903,0.0,0.0,0.0,0.0,0.0,0.0,0.0,0.0,0.014170820423009566,0.0
1193,Thing_Speak,Thing_Speak,0.0,0.0,0.0,0.0,0.0,0.0,0.0,0.0,0.0,1.0,0.0
1194,ARP_poisioning,ARP_poisioning,1.0,0.0,0.0,0.0,0.0,0.0,0.0,0.0,0.0,0.0,0.0
1195,ARP_poisioning,ARP_poisioning,1.0,0.0,0.0,0.0,0.0,0.0,0.0,0.0,0.0,0.0,0.0
1196,ARP_poisioning,ARP_poisioning,1.0,0.0,0.0,0.0,0.0,0.0,0.0,0.0,0.0,0.0,0.0
1197,Thing_Speak,Thing_Speak,0.0,0.0,0.0,0.0,0.0,0.0,0.0,0.0,0.0,1.0,0.0
1198,ARP_poisioning,ARP_poisioning,0.98,0.0,0.0,0.02,0.0,0.0,0.0,0.0,0.0,0.0,0.0
1199,Thing_Speak,Thing_Speak,0.18233982530726753,0.0,0.0,0.0,0.0,0.0,0.0,0.0,0.0,0.8176601746927326,0.0
1200,ARP_poisioning,ARP_poisioning,0.9377006931783524,0.00776243093922652,0.0,0.004500974236847803,0.0,0.0,0.0,0.0,0.0,0.050035901645573214,0.0
1201,Thing_Speak,Thing_Speak,0.0,0.0,0.0,0.0,0.0,0.0,0.0,0.0,0.0,1.0,0.0
1202,ARP_poisioning,ARP_poisioning,0.9973444196811246,0.0,0.0,0.0,0.0,0.0,0.0,0.0,0.0,0.0026555803188753647,0.0
1203,MQTT_Publish,MQTT_Publish,0.0,0.0,0.0,1.0,0.0,0.0,0.0,0.0,0.0,0.0,0.0
1204,Thing_Speak,Thing_Speak,0.0,0.0,0.0,0.0,0.0,0.0,0.0,0.0,0.0,1.0,0.0
1205,ARP_poisioning,ARP_poisioning,0.9473418592070136,0.008351409978308027,0.0,0.0,0.0,0.0,0.0,0.009614443084455325,0.0,0.03469228773022299,0.0
1206,ARP_poisioning,ARP_poisioning,1.0,0.0,0.0,0.0,0.0,0.0,0.0,0.0,0.0,0.0,0.0
1207,NMAP_XMAS_TREE_SCAN,NMAP_XMAS_TREE_SCAN,2.850412277710787e-05,0.0,0.0,2.890442975255265e-05,0.0,0.10841435478427122,0.006687772577173575,0.0002746408124414594,0.8840256677838455,3.4163212055015705e-06,0.000536739168533056
1208,ARP_poisioning,ARP_poisioning,0.9804173356061018,0.0,0.0,0.0,0.0,0.0,0.0,0.0,0.0,0.01958266439389815,0.0
1209,Thing_Speak,Thing_Speak,0.0,0.0,0.0,0.0,0.0,0.0,0.0,0.0,0.0,1.0,0.0
1210,MQTT_Publish,MQTT_Publish,0.0,0.0,0.0,1.0,0.0,0.0,0.0,0.0,0.0,0.0,0.0
1211,ARP_poisioning,ARP_poisioning,1.0,0.0,0.0,0.0,0.0,0.0,0.0,0.0,0.0,0.0,0.0
1212,ARP_poisioning,ARP_poisioning,0.7627105982814497,0.05788183057746859,0.0,0.04434828452369964,0.0,0.0,0.009918775382692908,0.009867718728243212,0.0,0.024393379127218184,0.09087941337922778
1213,Metasploit_Brute_Force_SSH,Metasploit_Brute_Force_SSH,0.04006159531875578,0.0,0.0,0.0,0.9499384046812444,0.0,0.0,0.0,0.0,0.01,0.0
1214,Thing_Speak,Thing_Speak,0.0,0.0,0.0,0.0,0.0,0.0,0.0,0.0,0.0,1.0,0.0
1215,ARP_poisioning,ARP_poisioning,1.0,0.0,0.0,0.0,0.0,0.0,0.0,0.0,0.0,0.0,0.0
1216,ARP_poisioning,ARP_poisioning,1.0,0.0,0.0,0.0,0.0,0.0,0.0,0.0,0.0,0.0,0.0
1217,ARP_poisioning,ARP_poisioning,1.0,0.0,0.0,0.0,0.0,0.0,0.0,0.0,0.0,0.0,0.0
1218,MQTT_Publish,MQTT_Publish,0.0,0.0,0.0,1.0,0.0,0.0,0.0,0.0,0.0,0.0,0.0
1219,Thing_Speak,Thing_Speak,0.0,0.0,0.0,0.0,0.0,0.0,0.0,0.0,0.0,1.0,0.0
1220,MQTT_Publish,MQTT_Publish,0.0,0.0,0.0,1.0,0.0,0.0,0.0,0.0,0.0,0.0,0.0
1221,ARP_poisioning,ARP_poisioning,1.0,0.0,0.0,0.0,0.0,0.0,0.0,0.0,0.0,0.0,0.0
1222,DDOS_Slowloris,NMAP_UDP_SCAN,1.0322104921765483e-05,0.20460448803295533,0.0,0.0,0.0,0.0,0.0,0.794974626678042,0.0,0.0,0.00041056318408096685
1223,Thing_Speak,Thing_Speak,0.0,0.0,0.0,0.0,0.0,0.0,0.0,0.0,0.0,1.0,0.0
1224,NMAP_XMAS_TREE_SCAN,NMAP_XMAS_TREE_SCAN,3.2582512548421e-05,0.0,0.0,2.890442975255265e-05,0.0,0.0918047056814132,0.006687772577173575,0.0002746408124414594,0.9006312384969323,3.4163212055015705e-06,0.000536739168533056
1225,Wipro_bulb,Wipro_bulb,0.04,0.01,0.0,0.0,0.0,0.0,0.0,0.0,0.0,0.011386937425213526,0.9386130625747866
1226,MQTT_Publish,MQTT_Publish,0.0,0.0,0.0,1.0,0.0,0.0,0.0,0.0,0.0,0.0,0.0
1227,MQTT_Publish,MQTT_Publish,0.0,0.0,0.0,1.0,0.0,0.0,0.0,0.0,0.0,0.0,0.0
1228,Thing_Speak,Thing_Speak,0.01803384115884116,0.0,0.0,0.0,0.0,0.0,0.0,0.0,0.0,0.9819661588411589,0.0
1229,ARP_poisioning,ARP_poisioning,1.0,0.0,0.0,0.0,0.0,0.0,0.0,0.0,0.0,0.0,0.0
1230,MQTT_Publish,MQTT_Publish,0.0,0.0,0.0,1.0,0.0,0.0,0.0,0.0,0.0,0.0,0.0
1231,MQTT_Publish,MQTT_Publish,0.0,0.0,0.0,1.0,0.0,0.0,0.0,0.0,0.0,0.0,0.0
1232,MQTT_Publish,MQTT_Publish,0.0,0.0,0.0,1.0,0.0,0.0,0.0,0.0,0.0,0.0,0.0
1233,ARP_poisioning,ARP_poisioning,1.0,0.0,0.0,0.0,0.0,0.0,0.0,0.0,0.0,0.0,0.0
1234,MQTT_Publish,MQTT_Publish,0.0,0.0,0.0,1.0,0.0,0.0,0.0,0.0,0.0,0.0,0.0
1235,DOS_SYN_Hping,DOS_SYN_Hping,1.3581914766902935e-05,3.436426116838489e-05,0.9997022196729409,0.0,0.0,0.0,0.0,0.00024740014127369895,0.0,2.4340098499717754e-06,0.0
1236,ARP_poisioning,ARP_poisioning,0.9858291795769903,0.0,0.0,0.0,0.0,0.0,0.0,0.0,0.0,0.004516505014062433,0.00965431540894713
1237,Thing_Speak,Thing_Speak,0.01,0.0,0.0,0.0,0.0,0.0,0.0,0.0,0.0,0.99,0.0
1238,MQTT_Publish,MQTT_Publish,0.0,0.0,0.0,1.0,0.0,0.0,0.0,0.0,0.0,0.0,0.0
1239,MQTT_Publish,MQTT_Publish,0.0,0.0,0.0,1.0,0.0,0.0,0.0,0.0,0.0,0.0,0.0
1240,ARP_poisioning,ARP_poisioning,1.0,0.0,0.0,0.0,0.0,0.0,0.0,0.0,0.0,0.0,0.0
1241,Thing_Speak,Thing_Speak,0.0,0.0,0.0,0.0,0.0,0.0,0.0,0.0,0.0,1.0,0.0
1242,ARP_poisioning,ARP_poisioning,1.0,0.0,0.0,0.0,0.0,0.0,0.0,0.0,0.0,0.0,0.0
1243,Thing_Speak,Thing_Speak,0.0,0.0,0.0,0.0,0.0,0.0,0.0,0.0,0.0,1.0,0.0
1244,Thing_Speak,Thing_Speak,0.0,0.0,0.0,0.0,0.0,0.0,0.0,0.0,0.0,1.0,0.0
1245,Thing_Speak,Thing_Speak,0.0,0.0,0.0,0.0,0.0,0.0,0.0,0.0,0.0,1.0,0.0
1246,Thing_Speak,Thing_Speak,0.0,0.0,0.0,0.0,0.0,0.0,0.0,0.0,0.0,1.0,0.0
1247,Thing_Speak,Thing_Speak,0.0,0.0,0.0,0.0,0.0,0.0,0.0,0.0,0.0,1.0,0.0
1248,Thing_Speak,Thing_Speak,0.0,0.0,0.0,0.0,0.0,0.0,0.0,0.0,0.0,1.0,0.0
1249,Wipro_bulb,Wipro_bulb,0.034136145699868184,0.0,0.01645203488372093,0.020188515089328812,0.001528595815418896,0.04170891652130429,0.004075812026862634,0.2008287240137526,0.027364094910477053,0.020128731123880774,0.6335884299153857
1250,ARP_poisioning,ARP_poisioning,1.0,0.0,0.0,0.0,0.0,0.0,0.0,0.0,0.0,0.0,0.0
1251,Thing_Speak,Thing_Speak,0.0,0.0,0.0,0.0,0.0,0.0,0.0,0.0,0.0,1.0,0.0
1252,MQTT_Publish,MQTT_Publish,0.0,0.0,0.0,1.0,0.0,0.0,0.0,0.0,0.0,0.0,0.0
1253,Thing_Speak,Thing_Speak,0.0,0.0,0.0,0.0,0.0,0.0,0.0,0.0,0.0,1.0,0.0
1254,Thing_Speak,Thing_Speak,0.0,0.0,0.0,0.0,0.0,0.0,0.0,0.0,0.0,1.0,0.0
1255,ARP_poisioning,ARP_poisioning,0.9394260479681187,0.0,0.0,0.021625646660889414,0.0,0.0,0.0,0.0,0.0,0.029093308500555862,0.009854996870436054
1256,NMAP_XMAS_TREE_SCAN,NMAP_XMAS_TREE_SCAN,1.298479431248428e-05,0.0,0.0,4.75897649868369e-05,0.0,0.08317490076457129,0.001390912842513492,0.0002746408124414594,0.9143523322818392,3.4163212055015705e-06,0.0007432224181298227
1257,Thing_Speak,Thing_Speak,0.0,0.0,0.0,0.0,0.0,0.0,0.0,0.0,0.0,1.0,0.0
1258,ARP_poisioning,ARP_poisioning,0.9757115024152216,0.0,0.0,0.0,0.009969769291964995,0.0,0.0,0.0,0.0,0.014318728292813252,0.0
1259,ARP_poisioning,ARP_poisioning,1.0,0.0,0.0,0.0,0.0,0.0,0.0,0.0,0.0,0.0,0.0
1260,MQTT_Publish,MQTT_Publish,0.0,0.0,0.0,1.0,0.0,0.0,0.0,0.0,0.0,0.0,0.0
1261,ARP_poisioning,ARP_poisioning,1.0,0.0,0.0,0.0,0.0,0.0,0.0,0.0,0.0,0.0,0.0
1262,Thing_Speak,Thing_Speak,0.0,0.0,0.0,0.0,0.0,0.0,0.0,0.0,0.0,1.0,0.0
1263,Thing_Speak,Thing_Speak,0.0,0.0,0.0,0.0,0.0,0.0,0.0,0.0,0.0,1.0,0.0
1264,Thing_Speak,Thing_Speak,0.3032487635409498,0.02972262359262605,0.0,0.016288875598086127,0.028774105081590475,0.0,0.0,0.01862099361008018,0.0,0.490266393210773,0.11307824536589434
1265,MQTT_Publish,MQTT_Publish,0.0,0.0,0.0,1.0,0.0,0.0,0.0,0.0,0.0,0.0,0.0
1266,MQTT_Publish,MQTT_Publish,0.0,0.0,0.0,1.0,0.0,0.0,0.0,0.0,0.0,0.0,0.0
1267,MQTT_Publish,MQTT_Publish,0.0,0.0,0.0,1.0,0.0,0.0,0.0,0.0,0.0,0.0,0.0
1268,ARP_poisioning,ARP_poisioning,1.0,0.0,0.0,0.0,0.0,0.0,0.0,0.0,0.0,0.0,0.0
1269,ARP_poisioning,ARP_poisioning,0.951403952919431,0.003747620565678642,0.0,0.0,0.0,0.0,0.0,0.02576265666897596,0.0,0.009734203899729977,0.009351565946184385
1270,MQTT_Publish,MQTT_Publish,0.0,0.0,0.0,1.0,0.0,0.0,0.0,0.0,0.0,0.0,0.0
1271,ARP_poisioning,ARP_poisioning,1.0,0.0,0.0,0.0,0.0,0.0,0.0,0.0,0.0,0.0,0.0
1272,Thing_Speak,Thing_Speak,0.0,0.0,0.0,0.0,0.0,0.0,0.0,0.0,0.0,1.0,0.0
1273,ARP_poisioning,ARP_poisioning,1.0,0.0,0.0,0.0,0.0,0.0,0.0,0.0,0.0,0.0,0.0
1274,MQTT_Publish,MQTT_Publish,0.0,0.0,0.0,1.0,0.0,0.0,0.0,0.0,0.0,0.0,0.0
1275,ARP_poisioning,ARP_poisioning,1.0,0.0,0.0,0.0,0.0,0.0,0.0,0.0,0.0,0.0,0.0
1276,MQTT_Publish,MQTT_Publish,0.0,0.0,0.0,1.0,0.0,0.0,0.0,0.0,0.0,0.0,0.0
1277,ARP_poisioning,ARP_poisioning,1.0,0.0,0.0,0.0,0.0,0.0,0.0,0.0,0.0,0.0,0.0
1278,Thing_Speak,Thing_Speak,0.0,0.0,0.0,0.0,0.0,0.0,0.0,0.0,0.0,1.0,0.0
1279,Thing_Speak,Thing_Speak,0.0,0.0,0.0,0.0,0.0,0.0,0.0,0.0,0.0,1.0,0.0
1280,Thing_Speak,Thing_Speak,0.38576932065485403,0.009654700854700856,0.0,0.0,0.0,0.0,0.0,0.0,0.0,0.5854103898746625,0.019165588615782662
1281,ARP_poisioning,ARP_poisioning,0.995702121908366,0.0,0.0,0.0,0.0,0.0,0.0,0.0,0.0,0.004297878091634005,0.0
1282,Thing_Speak,Thing_Speak,0.0,0.0,0.0,0.0,0.0,0.0,0.0,0.0,0.0,1.0,0.0
1283,ARP_poisioning,ARP_poisioning,0.8518972419193978,0.009049016730261226,0.0,0.0,0.0,0.0,0.0,0.0,0.0,0.13905374135034085,0.0
1284,ARP_poisioning,ARP_poisioning,1.0,0.0,0.0,0.0,0.0,0.0,0.0,0.0,0.0,0.0,0.0
1285,MQTT_Publish,MQTT_Publish,0.0,0.0,0.0,1.0,0.0,0.0,0.0,0.0,0.0,0.0,0.0
1286,Thing_Speak,Thing_Speak,0.0,0.0,0.0,0.0,0.0,0.0,0.0,0.0,0.0,1.0,0.0
1287,ARP_poisioning,ARP_poisioning,1.0,0.0,0.0,0.0,0.0,0.0,0.0,0.0,0.0,0.0,0.0
1288,ARP_poisioning,ARP_poisioning,0.9544222872290691,0.008174142480211082,0.0,0.0,0.00993972081218274,0.0,0.0,0.0,0.0,0.027463849478537132,0.0
1289,ARP_poisioning,ARP_poisioning,0.995702121908366,0.0,0.0,0.0,0.0,0.0,0.0,0.0,0.0,0.004297878091634005,0.0
1290,Thing_Speak,Thing_Speak,0.0,0.0,0.0,0.0,0.0,0.0,0.0,0.0,0.0,1.0,0.0
1291,MQTT_Publish,MQTT_Publish,0.0,0.0,0.0,1.0,0.0,0.0,0.0,0.0,0.0,0.0,0.0
1292,ARP_poisioning,ARP_poisioning,0.9831049699775736,0.0,0.0,0.0,0.0,0.0,0.0,0.0,0.0,0.016895030022426392,0.0
1293,MQTT_Publish,MQTT_Publish,0.0,0.0,0.0,1.0,0.0,0.0,0.0,0.0,0.0,0.0,0.0
1294,Thing_Speak,Thing_Speak,0.0,0.0,0.0,0.0,0.0,0.0,0.0,0.0,0.0,1.0,0.0
1295,Thing_Speak,Thing_Speak,0.0,0.0,0.0,0.0,0.0,0.0,0.0,0.0,0.0,1.0,0.0
1296,MQTT_Publish,MQTT_Publish,0.0,0.0,0.0,1.0,0.0,0.0,0.0,0.0,0.0,0.0,0.0
1297,Thing_Speak,Thing_Speak,0.0,0.0,0.0,0.0,0.0,0.0,0.0,0.0,0.0,1.0,0.0
1298,MQTT_Publish,MQTT_Publish,0.0,0.0,0.0,1.0,0.0,0.0,0.0,0.0,0.0,0.0,0.0
1299,Thing_Speak,Thing_Speak,0.0,0.0,0.0,0.0,0.0,0.0,0.0,0.0,0.0,1.0,0.0
1300,Thing_Speak,Thing_Speak,0.0,0.0,0.0,0.0,0.0,0.0,0.0,0.0,0.0,1.0,0.0
1301,Thing_Speak,Thing_Speak,0.0,0.0,0.0,0.0,0.0,0.0,0.0,0.0,0.0,1.0,0.0
1302,Thing_Speak,Thing_Speak,0.017312456985547144,0.0,0.0,0.0,0.0,0.0,0.0,0.0,0.0,0.9826875430144528,0.0
1303,Thing_Speak,Thing_Speak,0.0,0.0,0.0,0.0,0.0,0.0,0.0,0.0,0.0,1.0,0.0
1304,Thing_Speak,Thing_Speak,0.0,0.0,0.0,0.0,0.0,0.0,0.0,0.0,0.0,1.0,0.0
1305,Thing_Speak,Thing_Speak,0.0,0.0,0.0,0.0,0.0,0.0,0.0,0.0,0.0,1.0,0.0
1306,Thing_Speak,Thing_Speak,0.0,0.0,0.0,0.0,0.0,0.0,0.0,0.0,0.0,1.0,0.0
1307,ARP_poisioning,ARP_poisioning,0.8951191204151698,0.009048974943052391,0.0,0.0,0.009961795606494746,0.0,0.0,0.01924464970149853,0.0,0.06662545933378439,0.0
1308,ARP_poisioning,NMAP_TCP_scan,0.08101365245368239,0.026370296110254307,0.015371041144237018,0.01481598113763512,0.0,0.13427819309094485,0.38314149003065184,0.22997641996762153,0.03170587537424951,0.01384615789183155,0.06948089279889189
1309,ARP_poisioning,ARP_poisioning,1.0,0.0,0.0,0.0,0.0,0.0,0.0,0.0,0.0,0.0,0.0
1310,MQTT_Publish,MQTT_Publish,0.0,0.0,0.0,1.0,0.0,0.0,0.0,0.0,0.0,0.0,0.0
1311,ARP_poisioning,ARP_poisioning,0.956876122417301,0.0,0.0,0.0,0.009928304239401496,0.0,0.0,0.0,0.0,0.033195573343297424,0.0
1312,Thing_Speak,Thing_Speak,0.0,0.0,0.0,0.0,0.0,0.0,0.0,0.0,0.0,1.0,0.0
1313,Wipro_bulb,Wipro_bulb,0.0,0.0,0.0,0.0,0.0,0.0,0.0,0.0,0.0,0.0,1.0
1314,ARP_poisioning,ARP_poisioning,1.0,0.0,0.0,0.0,0.0,0.0,0.0,0.0,0.0,0.0,0.0
1315,MQTT_Publish,MQTT_Publish,0.0,0.0,0.0,1.0,0.0,0.0,0.0,0.0,0.0,0.0,0.0
1316,ARP_poisioning,ARP_poisioning,0.99,0.0,0.0,0.0,0.0,0.0,0.0,0.0,0.0,0.01,0.0
1317,MQTT_Publish,MQTT_Publish,0.0,0.0,0.0,1.0,0.0,0.0,0.0,0.0,0.0,0.0,0.0
1318,Thing_Speak,Thing_Speak,0.0,0.0,0.0,0.0,0.0,0.0,0.0,0.0,0.0,1.0,0.0
1319,MQTT_Publish,MQTT_Publish,0.0,0.0,0.0,1.0,0.0,0.0,0.0,0.0,0.0,0.0,0.0
1320,Thing_Speak,Thing_Speak,0.0,0.0,0.0,0.0,0.0,0.0,0.0,0.0,0.0,1.0,0.0
1321,Thing_Speak,Thing_Speak,0.0,0.0,0.0,0.0,0.0,0.0,0.0,0.0,0.0,1.0,0.0
1322,NMAP_OS_DETECTION,NMAP_OS_DETECTION,0.0009684675474566625,1.6187824150449924e-05,0.0,4.135211154144212e-05,0.0,0.8798393939397126,0.03484220189171539,0.0002746408124414594,0.08321032579614782,3.4163212055015705e-06,0.0008040137556287519
1323,Thing_Speak,Thing_Speak,0.0,0.0,0.0,0.0,0.0,0.0,0.0,0.0,0.0,1.0,0.0
1324,MQTT_Publish,MQTT_Publish,0.0,0.0,0.0,1.0,0.0,0.0,0.0,0.0,0.0,0.0,0.0
1325,ARP_poisioning,ARP_poisioning,1.0,0.0,0.0,0.0,0.0,0.0,0.0,0.0,0.0,0.0,0.0
1326,Thing_Speak,ARP_poisioning,0.799256765183314,0.0,0.0,0.0,0.0,0.0,0.0,0.0,0.0,0.2007432348166858,0.0
1327,Thing_Speak,Thing_Speak,0.0,0.0,0.0,0.0,0.0,0.0,0.0,0.0,0.0,1.0,0.0
1328,ARP_poisioning,ARP_poisioning,0.99,0.0,0.0,0.0,0.0,0.0,0.0,0.0,0.0,0.01,0.0
1329,MQTT_Publish,MQTT_Publish,0.0,0.0,0.0,1.0,0.0,0.0,0.0,0.0,0.0,0.0,0.0
1330,Thing_Speak,Thing_Speak,0.039421891118211184,0.0,0.0,0.0,0.0,0.0,0.0,0.0,0.0,0.9605781088817887,0.0
1331,Thing_Speak,Thing_Speak,0.0,0.0,0.0,0.0,0.0,0.0,0.0,0.0,0.0,1.0,0.0
1332,ARP_poisioning,ARP_poisioning,0.9603210000482545,0.0,0.0,0.0,0.03967899995174553,0.0,0.0,0.0,0.0,0.0,0.0
1333,DDOS_Slowloris,DDOS_Slowloris,0.0,1.0,0.0,0.0,0.0,0.0,0.0,0.0,0.0,0.0,0.0
1334,NMAP_UDP_SCAN,NMAP_UDP_SCAN,0.007065499516527324,0.0,0.0,0.010092500696370204,0.001528595815418896,0.0,0.0175968992248062,0.9284521174739738,0.0,0.019828641491673894,0.01543574578122958
1335,Thing_Speak,Thing_Speak,0.01,0.0,0.0,0.0,0.0,0.0,0.0,0.0,0.0,0.99,0.0
1336,ARP_poisioning,ARP_poisioning,0.5392661846240163,0.037305232814172064,0.0,0.012685516842917575,0.0,0.0,0.0,0.026895037893418836,0.0,0.3610814693383204,0.02276655848715486
1337,ARP_poisioning,ARP_poisioning,1.0,0.0,0.0,0.0,0.0,0.0,0.0,0.0,0.0,0.0,0.0
1338,ARP_poisioning,ARP_poisioning,1.0,0.0,0.0,0.0,0.0,0.0,0.0,0.0,0.0,0.0,0.0
1339,NMAP_OS_DETECTION,NMAP_OS_DETECTION,9.431154420915635e-05,1.6187824150449924e-05,0.0,7.012180632193017e-05,0.0,0.8952336543186615,0.027890381573492308,0.0002746408124414594,0.07540678879429225,3.4163212055015705e-06,0.0010104970052255185
1340,Thing_Speak,Thing_Speak,0.0,0.0,0.0,0.0,0.0,0.0,0.0,0.0,0.0,1.0,0.0
1341,ARP_poisioning,ARP_poisioning,1.0,0.0,0.0,0.0,0.0,0.0,0.0,0.0,0.0,0.0,0.0
1342,Thing_Speak,Thing_Speak,0.0,0.0,0.0,0.0,0.0,0.0,0.0,0.0,0.0,1.0,0.0
1343,Thing_Speak,Thing_Speak,0.0,0.0,0.0,0.0,0.0,0.0,0.0,0.0,0.0,1.0,0.0
1344,Thing_Speak,ARP_poisioning,0.8521873634856145,0.0,0.0,0.0057607116920842414,0.0,0.0,0.0,0.0,0.0,0.14205192482230128,0.0
1345,NMAP_XMAS_TREE_SCAN,NMAP_XMAS_TREE_SCAN,2.91524820531367e-05,0.0,0.0,2.890442975255265e-05,0.0,0.0755068357022326,0.006687772577173575,0.0002746408124414594,0.9169325385066083,3.4163212055015705e-06,0.000536739168533056
1346,Thing_Speak,Thing_Speak,0.0,0.0,0.0,0.0,0.0,0.0,0.0,0.0,0.0,1.0,0.0
1347,Thing_Speak,Thing_Speak,0.36503442568986194,0.02885485047410649,0.0,0.041145149525893515,0.01,0.0,0.0,0.0,0.0,0.5054525559397058,0.049513018370432225
1348,Thing_Speak,Thing_Speak,0.4073844038584324,0.0,0.0,0.0,0.01991276872668397,0.0,0.0,0.0,0.0,0.542854612194534,0.02984821522034963
1349,Thing_Speak,Thing_Speak,0.0,0.0,0.0,0.0,0.0,0.0,0.0,0.0,0.0,1.0,0.0
1350,Thing_Speak,Thing_Speak,0.2526882399106446,0.037578532296356444,0.024507736821740535,0.0,0.01940264477965275,0.0,0.01,0.19477710467672602,0.0,0.35527221178449125,0.10577352973038845
1351,Thing_Speak,Thing_Speak,0.0,0.0,0.0,0.0,0.0,0.0,0.0,0.0,0.0,1.0,0.0
1352,Thing_Speak,Thing_Speak,0.0,0.0,0.0,0.0,0.0,0.0,0.0,0.0,0.0,1.0,0.0
1353,Thing_Speak,Thing_Speak,0.0,0.0,0.0,0.0,0.0,0.0,0.0,0.0,0.0,1.0,0.0
1354,Thing_Speak,Thing_Speak,0.0,0.0,0.0,0.0,0.0,0.0,0.0,0.0,0.0,1.0,0.0
1355,Thing_Speak,Thing_Speak,0.0,0.0,0.0,0.0,0.0,0.0,0.0,0.0,0.0,1.0,0.0
1356,Thing_Speak,Thing_Speak,0.0,0.0,0.0,0.0,0.0,0.0,0.0,0.0,0.0,1.0,0.0
1357,MQTT_Publish,MQTT_Publish,0.0,0.0,0.0,0.9962888755980862,0.0,0.0,0.0,0.0,0.0,0.0037111244019138756,0.0
1358,Thing_Speak,Thing_Speak,0.0,0.0,0.0,0.0,0.0,0.0,0.0,0.0,0.0,1.0,0.0
1359,ARP_poisioning,ARP_poisioning,1.0,0.0,0.0,0.0,0.0,0.0,0.0,0.0,0.0,0.0,0.0
1360,NMAP_XMAS_TREE_SCAN,NMAP_XMAS_TREE_SCAN,2.850412277710787e-05,0.0,0.0,2.890442975255265e-05,0.0,0.11490272930204831,0.006687772577173575,0.0002746408124414594,0.8775372932660686,3.4163212055015705e-06,0.000536739168533056
1361,MQTT_Publish,MQTT_Publish,0.0,0.0,0.0,1.0,0.0,0.0,0.0,0.0,0.0,0.0,0.0
1362,MQTT_Publish,MQTT_Publish,0.0,0.0,0.0,1.0,0.0,0.0,0.0,0.0,0.0,0.0,0.0
1363,ARP_poisioning,ARP_poisioning,1.0,0.0,0.0,0.0,0.0,0.0,0.0,0.0,0.0,0.0,0.0
1364,Thing_Speak,Thing_Speak,0.0,0.0,0.0,0.0,0.0,0.0,0.0,0.0,0.0,1.0,0.0
1365,Thing_Speak,Thing_Speak,0.014051194861622745,0.0,0.0,0.0,0.0,0.0,0.0,0.0,0.0,0.9859488051383772,0.0
1366,Thing_Speak,Thing_Speak,0.0,0.0,0.0,0.0,0.0,0.0,0.0,0.0,0.0,1.0,0.0
1367,NMAP_UDP_SCAN,NMAP_UDP_SCAN,0.001639620304480793,0.0,0.0006506561435715163,0.0,0.006395195279265432,0.0,0.0,0.970686372300016,0.0,0.02039985919503867,0.00022829677762749745
1368,Thing_Speak,Thing_Speak,0.0,0.0,0.0,0.0,0.0,0.0,0.0,0.0,0.0,1.0,0.0
1369,Thing_Speak,Thing_Speak,0.0,0.0,0.0,0.0,0.0,0.0,0.0,0.0,0.0,1.0,0.0
1370,ARP_poisioning,ARP_poisioning,1.0,0.0,0.0,0.0,0.0,0.0,0.0,0.0,0.0,0.0,0.0
1371,ARP_poisioning,ARP_poisioning,1.0,0.0,0.0,0.0,0.0,0.0,0.0,0.0,0.0,0.0,0.0
1372,MQTT_Publish,MQTT_Publish,0.0,0.0,0.0,1.0,0.0,0.0,0.0,0.0,0.0,0.0,0.0
1373,Thing_Speak,Thing_Speak,0.0,0.0,0.0,0.0,0.0,0.0,0.0,0.0,0.0,1.0,0.0
1374,Thing_Speak,Thing_Speak,0.0,0.0,0.0,0.0,0.0,0.0,0.0,0.0,0.0,1.0,0.0
1375,ARP_poisioning,ARP_poisioning,1.0,0.0,0.0,0.0,0.0,0.0,0.0,0.0,0.0,0.0,0.0
1376,MQTT_Publish,MQTT_Publish,0.0,0.0,0.0,1.0,0.0,0.0,0.0,0.0,0.0,0.0,0.0
1377,Thing_Speak,Thing_Speak,0.0,0.0,0.0,0.0,0.0,0.0,0.0,0.0,0.0,1.0,0.0
1378,Thing_Speak,Thing_Speak,0.0,0.0,0.0,0.0,0.0,0.0,0.0,0.0,0.0,1.0,0.0
1379,MQTT_Publish,MQTT_Publish,0.0,0.0,0.0,1.0,0.0,0.0,0.0,0.0,0.0,0.0,0.0
1380,Thing_Speak,Thing_Speak,0.0,0.0,0.0,0.0,0.0,0.0,0.0,0.0,0.0,1.0,0.0
1381,ARP_poisioning,ARP_poisioning,1.0,0.0,0.0,0.0,0.0,0.0,0.0,0.0,0.0,0.0,0.0
1382,Thing_Speak,Thing_Speak,0.0,0.0,0.0,0.0,0.0,0.0,0.0,0.0,0.0,1.0,0.0
1383,Thing_Speak,Thing_Speak,0.0,0.0,0.0,0.0,0.0,0.0,0.0,0.0,0.0,1.0,0.0
1384,MQTT_Publish,MQTT_Publish,0.0,0.0,0.0,1.0,0.0,0.0,0.0,0.0,0.0,0.0,0.0
1385,Thing_Speak,Thing_Speak,0.0,0.0,0.0,0.0,0.0,0.0,0.0,0.0,0.0,1.0,0.0
1386,MQTT_Publish,MQTT_Publish,0.0,0.0,0.0,1.0,0.0,0.0,0.0,0.0,0.0,0.0,0.0
1387,Thing_Speak,Thing_Speak,0.0,0.0,0.0,0.0,0.0,0.0,0.0,0.0,0.0,1.0,0.0
1388,Thing_Speak,Thing_Speak,0.16140539770541326,0.04098827473953296,0.0,0.02378449322856873,0.019873814559299863,0.0,0.019832061699809965,0.18333331446757678,0.0,0.44494639195254604,0.10583625164725234
1389,Thing_Speak,Thing_Speak,0.04612289505735674,0.0,0.0,0.0,0.0,0.0,0.0,0.0,0.0,0.9438771049426432,0.01
1390,ARP_poisioning,ARP_poisioning,1.0,0.0,0.0,0.0,0.0,0.0,0.0,0.0,0.0,0.0,0.0
1391,Thing_Speak,Thing_Speak,0.0,0.0,0.0,0.0,0.0,0.0,0.0,0.0,0.0,1.0,0.0
1392,ARP_poisioning,ARP_poisioning,1.0,0.0,0.0,0.0,0.0,0.0,0.0,0.0,0.0,0.0,0.0
1393,MQTT_Publish,MQTT_Publish,0.0,0.0,0.0,1.0,0.0,0.0,0.0,0.0,0.0,0.0,0.0
1394,Thing_Speak,Thing_Speak,0.0,0.0,0.0,0.0,0.0,0.0,0.0,0.0,0.0,1.0,0.0
1395,NMAP_OS_DETECTION,NMAP_OS_DETECTION,0.0001006391470220606,1.6187824150449924e-05,0.0,5.143647108764594e-05,0.0,0.8972657391181181,0.014320856145836591,0.0002746408124414594,0.08695658715491283,3.4163212055015705e-06,0.0010104970052255185
1396,ARP_poisioning,ARP_poisioning,1.0,0.0,0.0,0.0,0.0,0.0,0.0,0.0,0.0,0.0,0.0
1397,MQTT_Publish,MQTT_Publish,0.0,0.0,0.0,1.0,0.0,0.0,0.0,0.0,0.0,0.0,0.0
1398,NMAP_XMAS_TREE_SCAN,NMAP_XMAS_TREE_SCAN,1.298479431248428e-05,0.0,0.0,4.75897649868369e-05,0.0,0.08317490076457129,0.001390912842513492,0.0002746408124414594,0.9143523322818392,3.4163212055015705e-06,0.0007432224181298227
1399,Thing_Speak,Thing_Speak,0.0,0.0,0.0,0.0,0.0,0.0,0.0,0.0,0.0,1.0,0.0
1400,ARP_poisioning,ARP_poisioning,0.9973578076525337,0.0,0.0,0.0,0.0,0.0,0.0,0.0,0.0,0.002642192347466391,0.0
1401,MQTT_Publish,MQTT_Publish,0.0,0.0,0.0,1.0,0.0,0.0,0.0,0.0,0.0,0.0,0.0
1402,Thing_Speak,Thing_Speak,0.01541466980065165,0.0,0.0,0.0,0.0,0.0,0.0,0.0,0.0,0.9745853301993483,0.01
1403,ARP_poisioning,ARP_poisioning,0.9901882057716436,0.0,0.0,0.0,0.00981179422835634,0.0,0.0,0.0,0.0,0.0,0.0
1404,ARP_poisioning,ARP_poisioning,0.9357424406047516,0.06,0.0,0.0,0.0,0.0,0.0,0.0,0.0,0.00425755939524838,0.0
1405,Thing_Speak,Thing_Speak,0.0,0.0,0.0,0.0,0.0,0.0,0.0,0.0,0.0,1.0,0.0
1406,Thing_Speak,Thing_Speak,0.35896273483648505,0.0,0.059630715611968615,0.0,0.015588873925684645,0.0,0.0,0.05316186034762449,0.039542094350024246,0.46328527942345876,0.00982844150475403
1407,Thing_Speak,Thing_Speak,0.0,0.0,0.0,0.0,0.0,0.0,0.0,0.0,0.0,1.0,0.0
1408,DDOS_Slowloris,NMAP_UDP_SCAN,2.481490310514844e-05,0.45006534185678143,0.0034124938975558135,0.0,0.0,0.0,0.0,0.5460402713174978,0.0,4.651484097903673e-05,0.00041056318408096685
1409,ARP_poisioning,ARP_poisioning,1.0,0.0,0.0,0.0,0.0,0.0,0.0,0.0,0.0,0.0,0.0
1410,ARP_poisioning,ARP_poisioning,1.0,0.0,0.0,0.0,0.0,0.0,0.0,0.0,0.0,0.0,0.0
1411,MQTT_Publish,MQTT_Publish,0.0,0.0,0.0,1.0,0.0,0.0,0.0,0.0,0.0,0.0,0.0
1412,Thing_Speak,Thing_Speak,0.0,0.0,0.0,0.0,0.0,0.0,0.0,0.0,0.0,1.0,0.0
1413,Thing_Speak,Thing_Speak,0.1908750984385265,0.0,0.0,0.0,0.0,0.0,0.0,0.0,0.0,0.8091249015614734,0.0
1414,Thing_Speak,Thing_Speak,0.0,0.0,0.0,0.0,0.0,0.0,0.0,0.0,0.0,1.0,0.0
1415,ARP_poisioning,ARP_poisioning,1.0,0.0,0.0,0.0,0.0,0.0,0.0,0.0,0.0,0.0,0.0
1416,ARP_poisioning,ARP_poisioning,0.8353315286296561,0.11059270769344214,0.0,0.0,0.0,0.0,0.0,0.0,0.0,0.01743149572826893,0.03664426794863303
1417,Thing_Speak,Thing_Speak,0.0,0.0,0.0,0.0,0.0,0.0,0.0,0.0,0.0,1.0,0.0
1418,DDOS_Slowloris,DDOS_Slowloris,0.0,1.0,0.0,0.0,0.0,0.0,0.0,0.0,0.0,0.0,0.0
1419,Thing_Speak,Thing_Speak,0.0,0.0,0.0,0.0,0.0,0.0,0.0,0.0,0.0,1.0,0.0
1420,Thing_Speak,Thing_Speak,0.0,0.0,0.0,0.0,0.0,0.0,0.0,0.0,0.0,1.0,0.0
1421,DOS_SYN_Hping,DOS_SYN_Hping,1.3581914766902935e-05,3.436426116838489e-05,0.9997022196729409,0.0,0.0,0.0,0.0,0.00024740014127369895,0.0,2.4340098499717754e-06,0.0
1422,Thing_Speak,Thing_Speak,0.0,0.0,0.0,0.0,0.0,0.0,0.0,0.0,0.0,1.0,0.0
1423,Thing_Speak,Thing_Speak,0.2022437569171473,0.0,0.0,0.0,0.04844084213603019,0.0,0.0,0.030554133143795813,0.009881035689293211,0.6995587243532012,0.00932150776053215
1424,ARP_poisioning,ARP_poisioning,1.0,0.0,0.0,0.0,0.0,0.0,0.0,0.0,0.0,0.0,0.0
1425,MQTT_Publish,MQTT_Publish,0.0,0.0,0.0,1.0,0.0,0.0,0.0,0.0,0.0,0.0,0.0
1426,ARP_poisioning,ARP_poisioning,0.9846008367524687,0.009501789976133651,0.0,0.0038853343369715217,0.0,0.0,0.0,0.0,0.0,0.0020120389344262294,0.0
1427,MQTT_Publish,MQTT_Publish,0.0,0.0,0.0,1.0,0.0,0.0,0.0,0.0,0.0,0.0,0.0
1428,MQTT_Publish,MQTT_Publish,0.0,0.0,0.0,1.0,0.0,0.0,0.0,0.0,0.0,0.0,0.0
1429,Thing_Speak,Thing_Speak,0.0,0.0,0.0,0.0,0.0,0.0,0.0,0.0,0.0,1.0,0.0
1430,MQTT_Publish,MQTT_Publish,0.0,0.0,0.0,1.0,0.0,0.0,0.0,0.0,0.0,0.0,0.0
1431,Thing_Speak,Thing_Speak,0.0,0.0,0.0,0.0,0.0,0.0,0.0,0.0,0.0,1.0,0.0
1432,MQTT_Publish,MQTT_Publish,0.0,0.0,0.0,1.0,0.0,0.0,0.0,0.0,0.0,0.0,0.0
1433,MQTT_Publish,MQTT_Publish,0.0,0.0,0.0,1.0,0.0,0.0,0.0,0.0,0.0,0.0,0.0
1434,ARP_poisioning,ARP_poisioning,1.0,0.0,0.0,0.0,0.0,0.0,0.0,0.0,0.0,0.0,0.0
1435,Thing_Speak,Thing_Speak,0.0,0.0,0.0,0.0,0.0,0.0,0.0,0.0,0.0,1.0,0.0
1436,ARP_poisioning,ARP_poisioning,1.0,0.0,0.0,0.0,0.0,0.0,0.0,0.0,0.0,0.0,0.0
1437,Thing_Speak,Thing_Speak,0.0,0.0,0.0,0.0,0.0,0.0,0.0,0.0,0.0,1.0,0.0
1438,Thing_Speak,Thing_Speak,0.0,0.0,0.0,0.0,0.0,0.0,0.0,0.0,0.0,1.0,0.0
1439,MQTT_Publish,MQTT_Publish,0.0,0.0,0.0,1.0,0.0,0.0,0.0,0.0,0.0,0.0,0.0
1440,MQTT_Publish,MQTT_Publish,0.0,0.0,0.0,1.0,0.0,0.0,0.0,0.0,0.0,0.0,0.0
1441,NMAP_UDP_SCAN,NMAP_UDP_SCAN,0.03507378123726788,0.0,0.0,0.0034493049362091938,0.001528595815418896,0.009749578695487366,0.009055569111882877,0.7985930477358862,0.021619812053801778,0.0322408010396346,0.08868950937441128
1442,ARP_poisioning,ARP_poisioning,0.986678142047561,0.0,0.0,0.0,0.0,0.0,0.0,0.0,0.0,0.00332185795243896,0.01
1443,Thing_Speak,Thing_Speak,0.0,0.0,0.0,0.0,0.0,0.0,0.0,0.0,0.0,1.0,0.0
1444,ARP_poisioning,ARP_poisioning,0.9872919372997316,0.0,0.0,0.0,0.0,0.0,0.0,0.0,0.0,0.012708062700268467,0.0
1445,ARP_poisioning,ARP_poisioning,1.0,0.0,0.0,0.0,0.0,0.0,0.0,0.0,0.0,0.0,0.0
1446,MQTT_Publish,MQTT_Publish,0.0,0.0,0.0,1.0,0.0,0.0,0.0,0.0,0.0,0.0,0.0
1447,Thing_Speak,Thing_Speak,0.0,0.0,0.0,0.0,0.0,0.0,0.0,0.0,0.0,1.0,0.0
1448,NMAP_XMAS_TREE_SCAN,NMAP_XMAS_TREE_SCAN,1.298479431248428e-05,0.0,0.0,4.75897649868369e-05,0.0,0.08659953658215422,0.001390912842513492,0.0002746408124414594,0.9109276964642562,3.4163212055015705e-06,0.0007432224181298227
1449,Thing_Speak,Thing_Speak,0.0,0.0,0.0,0.0,0.0,0.0,0.0,0.0,0.0,1.0,0.0
1450,Thing_Speak,Thing_Speak,0.0,0.0,0.0,0.0,0.0,0.0,0.0,0.0,0.0,1.0,0.0
1451,ARP_poisioning,ARP_poisioning,1.0,0.0,0.0,0.0,0.0,0.0,0.0,0.0,0.0,0.0,0.0
1452,ARP_poisioning,ARP_poisioning,0.9771149326577745,0.0,0.0,0.0,0.0,0.0,0.0,0.0,0.0,0.022885067342225604,0.0
1453,Thing_Speak,Thing_Speak,0.0,0.0,0.0,0.0,0.0,0.0,0.0,0.0,0.0,1.0,0.0
1454,Thing_Speak,Thing_Speak,0.0,0.0,0.0,0.0,0.0,0.0,0.0,0.0,0.0,1.0,0.0
1455,Thing_Speak,Thing_Speak,0.0,0.0,0.0,0.0,0.0,0.0,0.0,0.0,0.0,1.0,0.0
1456,MQTT_Publish,MQTT_Publish,0.0,0.0,0.0,1.0,0.0,0.0,0.0,0.0,0.0,0.0,0.0
1457,Thing_Speak,Thing_Speak,0.0,0.0,0.0,0.0,0.0,0.0,0.0,0.0,0.0,1.0,0.0
1458,ARP_poisioning,ARP_poisioning,0.324017187173967,0.0,0.22932597447517916,0.0,0.058490308797697,0.0,0.0,0.1610120301320614,0.0,0.22080630458015724,0.0063481948409382215
1459,Thing_Speak,Thing_Speak,0.0,0.0,0.0,0.0,0.0,0.0,0.0,0.0,0.0,1.0,0.0
1460,NMAP_UDP_SCAN,NMAP_UDP_SCAN,1.0322104921765483e-05,0.16762329908079723,0.0,0.0,0.0,0.0,0.0,0.8319449935295065,0.0,1.0822100693472182e-05,0.00041056318408096685
1461,Thing_Speak,Thing_Speak,0.0,0.0,0.0,0.0,0.0,0.0,0.0,0.0,0.0,1.0,0.0
1462,ARP_poisioning,ARP_poisioning,0.8364021210051186,0.049774809753067244,0.0,0.04155455207330047,0.0,0.0,0.0,0.0,0.0,0.023303578880797895,0.048964938287715726
1463,ARP_poisioning,ARP_poisioning,1.0,0.0,0.0,0.0,0.0,0.0,0.0,0.0,0.0,0.0,0.0
1464,Thing_Speak,Thing_Speak,0.0,0.0,0.0,0.0,0.0,0.0,0.0,0.0,0.0,1.0,0.0
1465,Thing_Speak,Thing_Speak,0.0,0.0,0.0,0.0,0.0,0.0,0.0,0.0,0.0,1.0,0.0
1466,Thing_Speak,Thing_Speak,0.0,0.0,0.0,0.0,0.0,0.0,0.0,0.0,0.0,1.0,0.0
1467,MQTT_Publish,MQTT_Publish,0.0,0.0,0.0,1.0,0.0,0.0,0.0,0.0,0.0,0.0,0.0
1468,Thing_Speak,Thing_Speak,0.0,0.0,0.0,0.0,0.0,0.0,0.0,0.0,0.0,1.0,0.0
1469,ARP_poisioning,ARP_poisioning,0.7609671677861172,0.0,0.0,0.0,0.00974468085106383,0.0,0.0,0.0,0.0,0.22928815136281894,0.0
1470,Thing_Speak,Thing_Speak,0.0,0.0,0.0,0.0,0.0,0.0,0.0,0.0,0.0,1.0,0.0
1471,ARP_poisioning,ARP_poisioning,1.0,0.0,0.0,0.0,0.0,0.0,0.0,0.0,0.0,0.0,0.0
1472,ARP_poisioning,ARP_poisioning,1.0,0.0,0.0,0.0,0.0,0.0,0.0,0.0,0.0,0.0,0.0
1473,Thing_Speak,Thing_Speak,0.0,0.0,0.0,0.0,0.0,0.0,0.0,0.0,0.0,1.0,0.0
1474,Thing_Speak,Thing_Speak,0.0,0.0,0.0,0.0,0.0,0.0,0.0,0.0,0.0,1.0,0.0
1475,ARP_poisioning,ARP_poisioning,1.0,0.0,0.0,0.0,0.0,0.0,0.0,0.0,0.0,0.0,0.0
1476,ARP_poisioning,ARP_poisioning,1.0,0.0,0.0,0.0,0.0,0.0,0.0,0.0,0.0,0.0,0.0
1477,ARP_poisioning,ARP_poisioning,0.9915281515555177,0.0,0.0,0.0,0.0,0.0,0.0,0.0,0.0,0.008471848444482455,0.0
1478,ARP_poisioning,ARP_poisioning,0.9862102240059203,0.0,0.0,0.0,0.0,0.0,0.0,0.00956664674237896,0.0,0.004223129251700679,0.0
1479,Thing_Speak,Thing_Speak,0.0,0.0,0.0,0.0,0.0,0.0,0.0,0.0,0.0,1.0,0.0
1480,ARP_poisioning,ARP_poisioning,0.9130677099655796,0.0,0.0,0.0,0.0,0.0,0.0,0.0,0.0,0.08693229003442055,0.0
1481,MQTT_Publish,MQTT_Publish,0.0,0.0,0.0,1.0,0.0,0.0,0.0,0.0,0.0,0.0,0.0
1482,Thing_Speak,Thing_Speak,0.0,0.0,0.0,0.0,0.0,0.0,0.0,0.009516778523489932,0.0,0.99048322147651,0.0
1483,ARP_poisioning,ARP_poisioning,1.0,0.0,0.0,0.0,0.0,0.0,0.0,0.0,0.0,0.0,0.0
1484,Thing_Speak,Thing_Speak,0.0,0.0,0.0,0.0,0.0,0.0,0.0,0.0,0.0,1.0,0.0
1485,Thing_Speak,Thing_Speak,0.0,0.0,0.0,0.0,0.0,0.0,0.0,0.0,0.0,1.0,0.0
1486,Thing_Speak,Thing_Speak,0.0,0.0,0.0,0.0,0.0,0.0,0.0,0.0,0.0,1.0,0.0
1487,ARP_poisioning,ARP_poisioning,1.0,0.0,0.0,0.0,0.0,0.0,0.0,0.0,0.0,0.0,0.0
1488,MQTT_Publish,MQTT_Publish,0.0,0.0,0.0,1.0,0.0,0.0,0.0,0.0,0.0,0.0,0.0
1489,Thing_Speak,Thing_Speak,0.0,0.0,0.0,0.0,0.0,0.0,0.0,0.0,0.0,1.0,0.0
1490,MQTT_Publish,MQTT_Publish,0.0,0.0,0.0,1.0,0.0,0.0,0.0,0.0,0.0,0.0,0.0
1491,ARP_poisioning,ARP_poisioning,0.9901262704034494,0.0,0.009873729596550663,0.0,0.0,0.0,0.0,0.0,0.0,0.0,0.0
1492,MQTT_Publish,MQTT_Publish,0.0,0.0,0.0,1.0,0.0,0.0,0.0,0.0,0.0,0.0,0.0
1493,MQTT_Publish,MQTT_Publish,0.0,0.0,0.0,1.0,0.0,0.0,0.0,0.0,0.0,0.0,0.0
1494,MQTT_Publish,MQTT_Publish,0.0,0.0,0.0,1.0,0.0,0.0,0.0,0.0,0.0,0.0,0.0
1495,ARP_poisioning,ARP_poisioning,1.0,0.0,0.0,0.0,0.0,0.0,0.0,0.0,0.0,0.0,0.0
1496,Thing_Speak,Thing_Speak,0.0,0.0,0.0,0.0,0.0,0.0,0.0,0.0,0.0,1.0,0.0
1497,ARP_poisioning,ARP_poisioning,0.9462059643592056,0.0,0.0,0.0,0.0,0.0,0.0,0.0,0.0,0.053794035640794526,0.0
1498,ARP_poisioning,ARP_poisioning,0.9588734598011426,0.0,0.0,0.0,0.029919923126201155,0.0,0.0,0.0,0.0,0.011206617072656334,0.0
1499,MQTT_Publish,MQTT_Publish,0.0,0.0,0.0,1.0,0.0,0.0,0.0,0.0,0.0,0.0,0.0
1500,DDOS_Slowloris,DDOS_Slowloris,0.0,1.0,0.0,0.0,0.0,0.0,0.0,0.0,0.0,0.0,0.0
1501,Thing_Speak,ARP_poisioning,0.46955526074568543,0.0,0.0,0.0,0.0,0.0,0.0,0.0,0.0,0.45263943677812274,0.07780530247619186
1502,Thing_Speak,Thing_Speak,0.0,0.0,0.0,0.0,0.0,0.0,0.0,0.0,0.0,1.0,0.0
1503,ARP_poisioning,ARP_poisioning,0.9931581272084806,0.0,0.0,0.0,0.0,0.0,0.0,0.0,0.0,0.006841872791519435,0.0
1504,ARP_poisioning,ARP_poisioning,0.991386737868586,0.0,0.0,0.0,0.0,0.0,0.0,0.0,0.0,0.008613262131413977,0.0
1505,Thing_Speak,Thing_Speak,0.0,0.0,0.0,0.0,0.0,0.0,0.0,0.0,0.0,1.0,0.0
1506,Thing_Speak,Thing_Speak,0.0,0.0,0.0,0.0,0.0,0.0,0.0,0.0,0.0,1.0,0.0
1507,ARP_poisioning,ARP_poisioning,1.0,0.0,0.0,0.0,0.0,0.0,0.0,0.0,0.0,0.0,0.0
1508,Thing_Speak,Thing_Speak,0.0,0.0,0.0,0.0,0.0,0.0,0.0,0.0,0.0,1.0,0.0
1509,ARP_poisioning,ARP_poisioning,1.0,0.0,0.0,0.0,0.0,0.0,0.0,0.0,0.0,0.0,0.0
1510,ARP_poisioning,ARP_poisioning,0.9957678355501813,0.0,0.0,0.0,0.0,0.0,0.0,0.0,0.0,0.004232164449818621,0.0
1511,ARP_poisioning,ARP_poisioning,1.0,0.0,0.0,0.0,0.0,0.0,0.0,0.0,0.0,0.0,0.0
1512,Thing_Speak,Thing_Speak,0.0,0.0,0.0,0.0,0.0,0.0,0.0,0.0,0.0,1.0,0.0
1513,MQTT_Publish,MQTT_Publish,0.0,0.0,0.0,1.0,0.0,0.0,0.0,0.0,0.0,0.0,0.0
1514,Thing_Speak,Thing_Speak,0.0,0.0,0.0,0.0,0.0,0.0,0.0,0.0,0.0,1.0,0.0
1515,Thing_Speak,Wipro_bulb,0.2612626286277624,0.02,0.0,0.005088754435725393,0.0,0.014749114740725634,0.0004104173232725857,0.08564964185423907,0.004633984686405012,0.09142456122179614,0.5167808971100739
1516,ARP_poisioning,ARP_poisioning,1.0,0.0,0.0,0.0,0.0,0.0,0.0,0.0,0.0,0.0,0.0
1517,Thing_Speak,Thing_Speak,0.0,0.0,0.0,0.0,0.0,0.0,0.0,0.0,0.0,1.0,0.0
1518,Thing_Speak,Thing_Speak,0.0,0.0,0.0,0.0,0.0,0.0,0.0,0.0,0.0,1.0,0.0
1519,Thing_Speak,Thing_Speak,0.0,0.0,0.0,0.0,0.0,0.0,0.0,0.0,0.0,1.0,0.0
1520,Thing_Speak,Thing_Speak,0.0,0.0,0.0,0.0,0.0,0.0,0.0,0.0,0.0,1.0,0.0
1521,Thing_Speak,Thing_Speak,0.0,0.0,0.0,0.0,0.0,0.0,0.0,0.0,0.0,1.0,0.0
1522,ARP_poisioning,ARP_poisioning,1.0,0.0,0.0,0.0,0.0,0.0,0.0,0.0,0.0,0.0,0.0
1523,Thing_Speak,Thing_Speak,0.0040929965556831234,0.0,0.0,0.0,0.0,0.0,0.0,0.0,0.0,0.9959070034443169,0.0
1524,MQTT_Publish,MQTT_Publish,0.0,0.0,0.0,1.0,0.0,0.0,0.0,0.0,0.0,0.0,0.0
1525,Thing_Speak,Thing_Speak,0.0,0.0,0.0,0.0,0.0,0.0,0.0,0.0,0.0,1.0,0.0
1526,MQTT_Publish,MQTT_Publish,0.0,0.0,0.0,1.0,0.0,0.0,0.0,0.0,0.0,0.0,0.0
1527,Thing_Speak,Thing_Speak,0.0,0.0,0.0,0.0,0.0,0.0,0.0,0.0,0.0,1.0,0.0
1528,ARP_poisioning,ARP_poisioning,0.9470389608608695,0.0,0.0,0.0,0.009860016090104584,0.0,0.0,0.0,0.0,0.043101023049026015,0.0
1529,MQTT_Publish,MQTT_Publish,0.0,0.0,0.0,1.0,0.0,0.0,0.0,0.0,0.0,0.0,0.0
1530,ARP_poisioning,ARP_poisioning,1.0,0.0,0.0,0.0,0.0,0.0,0.0,0.0,0.0,0.0,0.0
1531,Thing_Speak,Thing_Speak,0.0,0.0,0.0,0.0,0.0,0.0,0.0,0.0,0.0,1.0,0.0
1532,Thing_Speak,Thing_Speak,0.0,0.0,0.0,0.0,0.0,0.0,0.0,0.0,0.0,1.0,0.0
1533,Thing_Speak,Thing_Speak,0.0,0.0,0.0,0.0,0.0,0.0,0.0,0.0,0.0,1.0,0.0
1534,Thing_Speak,Thing_Speak,0.0,0.0,0.0,0.0,0.0,0.0,0.0,0.0,0.0,1.0,0.0
1535,Thing_Speak,Thing_Speak,0.0,0.0,0.0,0.0,0.0,0.0,0.0,0.0,0.0,1.0,0.0
1536,MQTT_Publish,MQTT_Publish,0.0,0.0,0.0,1.0,0.0,0.0,0.0,0.0,0.0,0.0,0.0
1537,DOS_SYN_Hping,DOS_SYN_Hping,6.624632480143637e-06,3.436426116838489e-05,0.9997091769552279,0.0,0.0,0.0,0.0,0.00024740014127369895,0.0,2.4340098499717754e-06,0.0
1538,NMAP_UDP_SCAN,DDOS_Slowloris,0.00018662106122953751,0.5523725912383894,0.0034124938975558135,3.335658499169606e-05,0.0,0.0,0.0,0.4434540075804204,0.0,0.00013036645333222962,0.00041056318408096685
1539,Thing_Speak,Thing_Speak,0.0,0.0,0.0,0.0,0.0,0.0,0.0,0.0,0.0,1.0,0.0
1540,ARP_poisioning,ARP_poisioning,1.0,0.0,0.0,0.0,0.0,0.0,0.0,0.0,0.0,0.0,0.0
1541,ARP_poisioning,ARP_poisioning,0.9690867140584529,0.00902439024390244,0.0,0.01,0.0,0.0,0.0,0.0,0.0,0.011888895697644562,0.0
1542,MQTT_Publish,MQTT_Publish,0.0,0.0,0.0,1.0,0.0,0.0,0.0,0.0,0.0,0.0,0.0
1543,NMAP_OS_DETECTION,NMAP_OS_DETECTION,0.00011047923194980878,1.6187824150449924e-05,0.0,5.143647108764594e-05,0.0,0.9111351146839786,0.018726165647629075,0.0002746408124414594,0.06887854525192888,3.4163212055015705e-06,0.0008040137556287519
1544,Thing_Speak,Thing_Speak,0.0,0.0,0.0,0.0,0.0,0.0,0.0,0.0,0.0,1.0,0.0
1545,ARP_poisioning,ARP_poisioning,1.0,0.0,0.0,0.0,0.0,0.0,0.0,0.0,0.0,0.0,0.0
1546,MQTT_Publish,MQTT_Publish,0.0,0.0,0.0,1.0,0.0,0.0,0.0,0.0,0.0,0.0,0.0
1547,ARP_poisioning,ARP_poisioning,1.0,0.0,0.0,0.0,0.0,0.0,0.0,0.0,0.0,0.0,0.0
1548,MQTT_Publish,MQTT_Publish,0.0,0.0,0.0,1.0,0.0,0.0,0.0,0.0,0.0,0.0,0.0
1549,MQTT_Publish,MQTT_Publish,0.0,0.0,0.0,1.0,0.0,0.0,0.0,0.0,0.0,0.0,0.0
1550,ARP_poisioning,ARP_poisioning,1.0,0.0,0.0,0.0,0.0,0.0,0.0,0.0,0.0,0.0,0.0
1551,Thing_Speak,Thing_Speak,0.0,0.0,0.0,0.0,0.0,0.0,0.0,0.0,0.0,1.0,0.0
1552,Thing_Speak,Thing_Speak,0.0,0.0,0.0,0.0,0.0,0.0,0.0,0.0,0.0,1.0,0.0
1553,ARP_poisioning,ARP_poisioning,1.0,0.0,0.0,0.0,0.0,0.0,0.0,0.0,0.0,0.0,0.0
1554,ARP_poisioning,ARP_poisioning,0.996757382744644,0.0,0.0,0.0,0.0,0.0,0.0,0.0,0.0,0.003242617255356109,0.0
1555,ARP_poisioning,ARP_poisioning,1.0,0.0,0.0,0.0,0.0,0.0,0.0,0.0,0.0,0.0,0.0
1556,MQTT_Publish,MQTT_Publish,0.0,0.0,0.0,1.0,0.0,0.0,0.0,0.0,0.0,0.0,0.0
1557,Thing_Speak,Thing_Speak,0.0,0.0,0.0,0.0,0.0,0.0,0.0,0.0,0.0,1.0,0.0
1558,Thing_Speak,Thing_Speak,0.0,0.0,0.0,0.0,0.0,0.0,0.0,0.0,0.0,1.0,0.0
1559,Thing_Speak,Thing_Speak,0.0,0.0,0.0,0.0,0.0,0.0,0.0,0.0,0.0,1.0,0.0
1560,Thing_Speak,Thing_Speak,0.0,0.0,0.0,0.0,0.0,0.0,0.0,0.0,0.0,1.0,0.0
1561,Thing_Speak,Thing_Speak,0.0,0.0,0.0,0.0,0.0,0.0,0.0,0.0,0.0,1.0,0.0
1562,DDOS_Slowloris,DDOS_Slowloris,0.0,1.0,0.0,0.0,0.0,0.0,0.0,0.0,0.0,0.0,0.0
1563,MQTT_Publish,MQTT_Publish,0.0,0.0,0.0,1.0,0.0,0.0,0.0,0.0,0.0,0.0,0.0
1564,MQTT_Publish,MQTT_Publish,0.0,0.0,0.0,1.0,0.0,0.0,0.0,0.0,0.0,0.0,0.0
1565,ARP_poisioning,ARP_poisioning,1.0,0.0,0.0,0.0,0.0,0.0,0.0,0.0,0.0,0.0,0.0
1566,ARP_poisioning,ARP_poisioning,1.0,0.0,0.0,0.0,0.0,0.0,0.0,0.0,0.0,0.0,0.0
1567,Thing_Speak,Thing_Speak,0.0,0.0,0.0,0.0,0.0,0.0,0.0,0.0,0.0,1.0,0.0
1568,Thing_Speak,Thing_Speak,0.0,0.0,0.0,0.0,0.0,0.0,0.0,0.0,0.0,1.0,0.0
1569,Thing_Speak,Thing_Speak,0.3225549308566001,0.0,0.0,0.0,0.0,0.0,0.0,0.009730097527784077,0.0,0.6677149716156157,0.0
1570,DDOS_Slowloris,DDOS_Slowloris,0.0,1.0,0.0,0.0,0.0,0.0,0.0,0.0,0.0,0.0,0.0
1571,Thing_Speak,Thing_Speak,0.0,0.0,0.0,0.0,0.0,0.0,0.0,0.0,0.0,1.0,0.0
1572,Thing_Speak,Thing_Speak,0.0,0.0,0.0,0.0,0.0,0.0,0.0,0.0,0.0,1.0,0.0
1573,Metasploit_Brute_Force_SSH,Metasploit_Brute_Force_SSH,0.1256297415806613,0.04992045930055621,0.0,0.0,0.5857814481536817,0.0,0.0,0.14179455966245372,0.0,0.09589921503146051,0.0009745762711864406
1574,Thing_Speak,Thing_Speak,0.0,0.0,0.0,0.0,0.0,0.0,0.0,0.0,0.0,1.0,0.0
1575,Thing_Speak,Thing_Speak,0.0,0.0,0.0,0.0,0.0,0.0,0.0,0.0,0.0,1.0,0.0
1576,ARP_poisioning,ARP_poisioning,1.0,0.0,0.0,0.0,0.0,0.0,0.0,0.0,0.0,0.0,0.0
1577,ARP_poisioning,ARP_poisioning,1.0,0.0,0.0,0.0,0.0,0.0,0.0,0.0,0.0,0.0,0.0
1578,ARP_poisioning,ARP_poisioning,0.9684551510610333,0.0,0.0,0.0,0.01,0.0,0.0,0.0,0.0,0.011986688434007284,0.009558160504959423
1579,ARP_poisioning,ARP_poisioning,1.0,0.0,0.0,0.0,0.0,0.0,0.0,0.0,0.0,0.0,0.0
1580,Thing_Speak,Thing_Speak,0.0,0.0,0.0,0.0,0.0,0.0,0.0,0.0,0.0,1.0,0.0
1581,Thing_Speak,Thing_Speak,0.0,0.0,0.0,0.0,0.0,0.0,0.0,0.0,0.0,1.0,0.0
1582,Thing_Speak,Thing_Speak,0.0,0.0,0.0,0.0,0.0,0.0,0.0,0.0,0.0,1.0,0.0
1583,Thing_Speak,Thing_Speak,0.0,0.0,0.0,0.0,0.0,0.0,0.0,0.0,0.0,1.0,0.0
1584,MQTT_Publish,MQTT_Publish,0.0,0.0,0.0,0.9945009742368478,0.0,0.0,0.0,0.0,0.0,0.005499025763152198,0.0
1585,ARP_poisioning,ARP_poisioning,1.0,0.0,0.0,0.0,0.0,0.0,0.0,0.0,0.0,0.0,0.0
1586,ARP_poisioning,ARP_poisioning,0.9920121469904407,0.0,0.0,0.0,0.0,0.0,0.0,0.0,0.0,0.007987853009559167,0.0
1587,Thing_Speak,Thing_Speak,0.0,0.0,0.0,0.0,0.0,0.0,0.0,0.0,0.0,1.0,0.0
1588,ARP_poisioning,ARP_poisioning,0.9706034868126956,0.0,0.0,0.0,0.0,0.0,0.0,0.029396513187304425,0.0,0.0,0.0
1589,Thing_Speak,Thing_Speak,0.0,0.0,0.0,0.0,0.0,0.0,0.0,0.0,0.0,1.0,0.0
1590,ARP_poisioning,ARP_poisioning,1.0,0.0,0.0,0.0,0.0,0.0,0.0,0.0,0.0,0.0,0.0
1591,ARP_poisioning,ARP_poisioning,1.0,0.0,0.0,0.0,0.0,0.0,0.0,0.0,0.0,0.0,0.0
1592,ARP_poisioning,ARP_poisioning,1.0,0.0,0.0,0.0,0.0,0.0,0.0,0.0,0.0,0.0,0.0
1593,MQTT_Publish,MQTT_Publish,0.0,0.0,0.0,1.0,0.0,0.0,0.0,0.0,0.0,0.0,0.0
1594,ARP_poisioning,ARP_poisioning,1.0,0.0,0.0,0.0,0.0,0.0,0.0,0.0,0.0,0.0,0.0
1595,MQTT_Publish,MQTT_Publish,0.0,0.0,0.0,1.0,0.0,0.0,0.0,0.0,0.0,0.0,0.0
1596,MQTT_Publish,MQTT_Publish,0.0,0.0,0.0,1.0,0.0,0.0,0.0,0.0,0.0,0.0,0.0
1597,Thing_Speak,Thing_Speak,0.0,0.0,0.0,0.0,0.0,0.0,0.0,0.0,0.0,1.0,0.0
1598,Thing_Speak,Thing_Speak,0.0,0.0,0.0,0.0,0.0,0.0,0.0,0.0,0.0,1.0,0.0
1599,Thing_Speak,Thing_Speak,0.0,0.0,0.0,0.0,0.0,0.0,0.0,0.0,0.0,1.0,0.0
1600,MQTT_Publish,MQTT_Publish,0.0,0.0,0.0,1.0,0.0,0.0,0.0,0.0,0.0,0.0,0.0
1601,Wipro_bulb,Wipro_bulb,0.0,0.0,0.0,0.0,0.009011627906976745,0.0,0.0,0.0,0.0,0.0,0.9909883720930233
1602,Thing_Speak,Thing_Speak,0.0,0.0,0.0,0.0,0.0,0.0,0.0,0.0,0.0,1.0,0.0
1603,MQTT_Publish,MQTT_Publish,0.0,0.0,0.0,1.0,0.0,0.0,0.0,0.0,0.0,0.0,0.0
1604,Thing_Speak,Thing_Speak,0.0,0.0,0.0,0.0,0.0,0.0,0.0,0.0,0.0,1.0,0.0
1605,Thing_Speak,Thing_Speak,0.0,0.0,0.0,0.0,0.0,0.0,0.0,0.0,0.0,1.0,0.0
1606,ARP_poisioning,ARP_poisioning,1.0,0.0,0.0,0.0,0.0,0.0,0.0,0.0,0.0,0.0,0.0
1607,Thing_Speak,Thing_Speak,0.0,0.0,0.0,0.0,0.0,0.0,0.0,0.0,0.0,1.0,0.0
1608,MQTT_Publish,MQTT_Publish,0.0,0.0,0.0,1.0,0.0,0.0,0.0,0.0,0.0,0.0,0.0
1609,Thing_Speak,Thing_Speak,0.0,0.0,0.0,0.0,0.0,0.0,0.0,0.0,0.0,1.0,0.0
1610,ARP_poisioning,ARP_poisioning,1.0,0.0,0.0,0.0,0.0,0.0,0.0,0.0,0.0,0.0,0.0
1611,Thing_Speak,Thing_Speak,0.0,0.0,0.0,0.0,0.0,0.0,0.0,0.0,0.0,1.0,0.0
1612,Thing_Speak,NMAP_UDP_SCAN,0.11358724525836154,0.0,0.0025340423167651404,0.0,0.011166440251355946,0.0,0.0,0.7279309993685384,0.0,0.14455297602735143,0.00022829677762749745
1613,ARP_poisioning,ARP_poisioning,1.0,0.0,0.0,0.0,0.0,0.0,0.0,0.0,0.0,0.0,0.0
1614,ARP_poisioning,ARP_poisioning,0.9078828303935833,0.0,0.0,0.0,0.0,0.0,0.0,0.0,0.009886721929631997,0.08223044767678464,0.0
1615,MQTT_Publish,MQTT_Publish,0.0,0.0,0.0,1.0,0.0,0.0,0.0,0.0,0.0,0.0,0.0
1616,Thing_Speak,Thing_Speak,0.0,0.0,0.0,0.0,0.0,0.0,0.0,0.0,0.0,1.0,0.0
1617,Thing_Speak,Thing_Speak,0.0,0.0,0.0,0.0,0.0,0.0,0.0,0.0,0.0,1.0,0.0
1618,Thing_Speak,Thing_Speak,0.0,0.0,0.0,0.0,0.0,0.0,0.0,0.0,0.0,1.0,0.0
1619,ARP_poisioning,ARP_poisioning,0.9642776629167549,0.0,0.0,0.0,0.009907848744836351,0.0,0.0,0.019166009296120903,0.0,0.006648479042287913,0.0
1620,Thing_Speak,Thing_Speak,0.0,0.0,0.0,0.0,0.0,0.0,0.0,0.0,0.0,1.0,0.0
1621,MQTT_Publish,MQTT_Publish,0.0,0.0,0.0,1.0,0.0,0.0,0.0,0.0,0.0,0.0,0.0
1622,Thing_Speak,Thing_Speak,0.0,0.0,0.0,0.0,0.0,0.0,0.0,0.0,0.0,1.0,0.0
1623,ARP_poisioning,ARP_poisioning,1.0,0.0,0.0,0.0,0.0,0.0,0.0,0.0,0.0,0.0,0.0
1624,DDOS_Slowloris,DDOS_Slowloris,0.0,1.0,0.0,0.0,0.0,0.0,0.0,0.0,0.0,0.0,0.0
1625,Thing_Speak,Thing_Speak,0.0,0.0,0.0,0.0,0.0,0.0,0.0,0.0,0.0,1.0,0.0
1626,ARP_poisioning,ARP_poisioning,0.9743245923369159,0.0,0.0,0.0,0.0,0.0,0.0,0.01965222696766321,0.0,0.006023180695420862,0.0
1627,Thing_Speak,Thing_Speak,0.0,0.0,0.0,0.0,0.0,0.0,0.0,0.0,0.0,1.0,0.0
1628,Thing_Speak,Thing_Speak,0.0,0.0,0.0,0.0,0.0,0.0,0.0,0.0,0.0,1.0,0.0
1629,ARP_poisioning,ARP_poisioning,0.918883086363808,0.0,0.0,0.0,0.01,0.0,0.0,0.009880201765447667,0.0,0.041388496650394735,0.01984821522034963
1630,Thing_Speak,Thing_Speak,0.0,0.0,0.0,0.0,0.0,0.0,0.0,0.0,0.0,1.0,0.0
1631,Thing_Speak,Thing_Speak,0.0,0.0,0.0,0.0,0.0,0.0,0.0,0.0,0.0,1.0,0.0
1632,ARP_poisioning,ARP_poisioning,0.8464282259634912,0.0,0.0,0.0,0.0,0.0,0.0,0.0,0.07857955634495609,0.07499221769155248,0.0
1633,Thing_Speak,Thing_Speak,0.0,0.0,0.0,0.0,0.0,0.0,0.0,0.0,0.0,1.0,0.0
1634,ARP_poisioning,ARP_poisioning,1.0,0.0,0.0,0.0,0.0,0.0,0.0,0.0,0.0,0.0,0.0
1635,Thing_Speak,Thing_Speak,0.0,0.0,0.0,0.0,0.0,0.0,0.0,0.0,0.0,1.0,0.0
1636,MQTT_Publish,MQTT_Publish,0.0,0.0,0.0,1.0,0.0,0.0,0.0,0.0,0.0,0.0,0.0
1637,ARP_poisioning,ARP_poisioning,0.9900032835792891,0.0,0.009996716420710941,0.0,0.0,0.0,0.0,0.0,0.0,0.0,0.0
1638,MQTT_Publish,MQTT_Publish,0.0,0.0,0.0,1.0,0.0,0.0,0.0,0.0,0.0,0.0,0.0
1639,Thing_Speak,Thing_Speak,0.0,0.0,0.0,0.0,0.0,0.0,0.0,0.0,0.0,1.0,0.0
1640,MQTT_Publish,MQTT_Publish,0.0,0.0,0.0,1.0,0.0,0.0,0.0,0.0,0.0,0.0,0.0
1641,ARP_poisioning,ARP_poisioning,1.0,0.0,0.0,0.0,0.0,0.0,0.0,0.0,0.0,0.0,0.0
1642,Thing_Speak,Thing_Speak,0.0,0.0,0.0,0.0,0.0,0.0,0.0,0.0,0.0,1.0,0.0
1643,Thing_Speak,Thing_Speak,0.0,0.0,0.0,0.0,0.0,0.0,0.0,0.0,0.0,1.0,0.0
1644,MQTT_Publish,MQTT_Publish,0.0,0.0,0.0,1.0,0.0,0.0,0.0,0.0,0.0,0.0,0.0
1645,Thing_Speak,Thing_Speak,0.0,0.0,0.0,0.0,0.0,0.0,0.0,0.0,0.0,1.0,0.0
1646,NMAP_TCP_scan,NMAP_TCP_scan,0.00014335094080969435,1.6187824150449924e-05,0.0,0.0,0.0,0.02327391652648787,0.9741120374236018,0.0006874345593339698,0.001723811306699429,8.060340593437548e-06,3.520107832338062e-05
1647,MQTT_Publish,MQTT_Publish,0.0,0.0,0.0,1.0,0.0,0.0,0.0,0.0,0.0,0.0,0.0
1648,Thing_Speak,Thing_Speak,0.0,0.0,0.0,0.0,0.0,0.0,0.0,0.0,0.0,1.0,0.0
1649,MQTT_Publish,MQTT_Publish,0.0,0.0,0.0,1.0,0.0,0.0,0.0,0.0,0.0,0.0,0.0
1650,Thing_Speak,Thing_Speak,0.0,0.0,0.0,0.0,0.0,0.0,0.0,0.0,0.0,1.0,0.0
1651,ARP_poisioning,ARP_poisioning,0.9751710450471193,0.0,0.0,0.0,0.0,0.0,0.0,0.0,0.0,0.015477389006696316,0.009351565946184385
1652,ARP_poisioning,ARP_poisioning,1.0,0.0,0.0,0.0,0.0,0.0,0.0,0.0,0.0,0.0,0.0
1653,Thing_Speak,Thing_Speak,0.0,0.0,0.0,0.0,0.0,0.0,0.0,0.0,0.0,1.0,0.0
1654,ARP_poisioning,ARP_poisioning,1.0,0.0,0.0,0.0,0.0,0.0,0.0,0.0,0.0,0.0,0.0
1655,MQTT_Publish,MQTT_Publish,0.0,0.0,0.0,1.0,0.0,0.0,0.0,0.0,0.0,0.0,0.0
1656,MQTT_Publish,MQTT_Publish,0.0,0.0,0.0,1.0,0.0,0.0,0.0,0.0,0.0,0.0,0.0
1657,NMAP_UDP_SCAN,NMAP_UDP_SCAN,1.0322104921765483e-05,0.17182221044523588,0.0,0.0,0.0,0.0,0.0,0.827746082165068,0.0,1.0822100693472182e-05,0.00041056318408096685
1658,ARP_poisioning,ARP_poisioning,0.9914522272380829,0.0,0.0,0.0,0.0,0.0,0.0,0.0,0.0,0.00854777276191722,0.0
1659,Thing_Speak,Thing_Speak,0.0,0.0,0.0,0.0,0.0,0.0,0.0,0.0,0.0,1.0,0.0
1660,ARP_poisioning,ARP_poisioning,0.7914500745910341,0.11816601305477274,0.0,0.0,0.0,0.0,0.0,0.008269754768392371,0.0,0.08211415758580086,0.0
1661,MQTT_Publish,MQTT_Publish,0.0,0.0,0.0,1.0,0.0,0.0,0.0,0.0,0.0,0.0,0.0
1662,ARP_poisioning,NMAP_UDP_SCAN,0.15872543294768518,0.0,0.007834394904458598,0.00308352907921309,0.00947522155620829,0.004840927148195726,0.004075812026862634,0.6206242076659109,0.007572185819465666,0.06487297978664079,0.11889530906535911
1663,Thing_Speak,Thing_Speak,0.0,0.0,0.0,0.0,0.0,0.0,0.0,0.0,0.0,1.0,0.0
1664,Thing_Speak,Thing_Speak,0.0,0.0,0.0,0.0,0.0,0.0,0.0,0.0,0.0,1.0,0.0
1665,Thing_Speak,Thing_Speak,0.0,0.0,0.0,0.0,0.0,0.0,0.0,0.0,0.0,1.0,0.0
1666,MQTT_Publish,MQTT_Publish,0.0,0.0,0.0,1.0,0.0,0.0,0.0,0.0,0.0,0.0,0.0
1667,ARP_poisioning,ARP_poisioning,1.0,0.0,0.0,0.0,0.0,0.0,0.0,0.0,0.0,0.0,0.0
1668,Thing_Speak,Thing_Speak,0.0,0.0,0.0,0.0,0.0,0.0,0.0,0.0,0.0,1.0,0.0
1669,MQTT_Publish,MQTT_Publish,0.0,0.0,0.0,1.0,0.0,0.0,0.0,0.0,0.0,0.0,0.0
1670,ARP_poisioning,ARP_poisioning,0.9783281573951541,0.0,0.0,0.0,0.0,0.0,0.0,0.0,0.0,0.021671842604845823,0.0
1671,Thing_Speak,Thing_Speak,0.0,0.0,0.0,0.0,0.0,0.0,0.0,0.0,0.0,1.0,0.0
1672,Wipro_bulb,Wipro_bulb,3.687867081389752e-05,0.0,0.0,0.0,0.0,0.0,0.0,0.0,0.0,0.05488732920315588,0.9450757921260302
1673,Thing_Speak,Thing_Speak,0.0,0.0,0.0,0.0,0.0,0.0,0.0,0.0,0.0,1.0,0.0
1674,ARP_poisioning,ARP_poisioning,1.0,0.0,0.0,0.0,0.0,0.0,0.0,0.0,0.0,0.0,0.0
1675,Wipro_bulb,Wipro_bulb,0.014428227121390162,0.0,0.0,0.0,0.01,0.0,0.0,0.0,0.0,0.05614561827611311,0.9194261546024969
1676,ARP_poisioning,ARP_poisioning,1.0,0.0,0.0,0.0,0.0,0.0,0.0,0.0,0.0,0.0,0.0
1677,Thing_Speak,Thing_Speak,0.0,0.0,0.0,0.0,0.0,0.0,0.0,0.0,0.0,1.0,0.0
1678,ARP_poisioning,ARP_poisioning,0.9548238861336238,0.0,0.0,0.007227542179662563,0.0,0.0,0.0,0.0,0.0,0.028402148551249447,0.009546423135464232
1679,MQTT_Publish,MQTT_Publish,0.0,0.0,0.0,1.0,0.0,0.0,0.0,0.0,0.0,0.0,0.0
1680,ARP_poisioning,ARP_poisioning,0.8646551659304775,0.0,0.0,0.013928883343730505,0.01,0.0,0.0,0.009881138567406944,0.0,0.10153481215838495,0.0
1681,NMAP_TCP_scan,NMAP_TCP_scan,4.4844426669243135e-05,1.6187824150449924e-05,0.0,0.0,0.0,0.03086575326118175,0.9666187072030483,0.0006874345593339698,0.001723811306699429,8.060340593437548e-06,3.520107832338062e-05
1682,NMAP_XMAS_TREE_SCAN,NMAP_XMAS_TREE_SCAN,2.91524820531367e-05,0.0,0.0,2.890442975255265e-05,0.0,0.0755068357022326,0.016687772577173573,0.0002746408124414594,0.9069325385066083,3.4163212055015705e-06,0.000536739168533056
1683,Thing_Speak,Thing_Speak,0.0,0.0,0.0,0.0,0.0,0.0,0.0,0.0,0.0,1.0,0.0
1684,ARP_poisioning,ARP_poisioning,0.9970436213991769,0.0,0.0,0.0,0.0,0.0,0.0,0.0,0.0,0.002956378600823045,0.0
1685,Thing_Speak,Thing_Speak,0.0,0.0,0.0,0.0,0.0,0.0,0.0,0.0,0.0,1.0,0.0
1686,MQTT_Publish,MQTT_Publish,0.0,0.0,0.0,1.0,0.0,0.0,0.0,0.0,0.0,0.0,0.0
1687,ARP_poisioning,ARP_poisioning,0.9973444196811246,0.0,0.0,0.0,0.0,0.0,0.0,0.0,0.0,0.0026555803188753647,0.0
1688,ARP_poisioning,ARP_poisioning,1.0,0.0,0.0,0.0,0.0,0.0,0.0,0.0,0.0,0.0,0.0
1689,ARP_poisioning,ARP_poisioning,0.7645755217345348,0.0,0.0,0.0,0.049755692902892036,0.0,0.0,0.009428122601282923,0.0,0.1762406627612901,0.0
1690,Thing_Speak,Thing_Speak,0.0,0.0,0.0,0.0,0.0,0.0,0.0,0.0,0.0,1.0,0.0
1691,Thing_Speak,Thing_Speak,0.0,0.0,0.0,0.0,0.0,0.0,0.0,0.0,0.0,1.0,0.0
1692,Thing_Speak,Thing_Speak,0.0,0.0,0.0,0.0,0.0,0.0,0.0,0.0,0.0,1.0,0.0
1693,Thing_Speak,ARP_poisioning,0.5108490984952552,0.02757816809022026,0.01930862499426893,0.00648534300392868,0.06868942749283655,0.0,0.0,0.06840348245511249,0.0,0.2595658436315812,0.039120011836796795
1694,ARP_poisioning,ARP_poisioning,1.0,0.0,0.0,0.0,0.0,0.0,0.0,0.0,0.0,0.0,0.0
1695,Thing_Speak,Thing_Speak,0.0,0.0,0.0,0.0,0.0,0.0,0.0,0.0,0.0,1.0,0.0
1696,Wipro_bulb,Wipro_bulb,3.687867081389752e-05,0.0,0.0,0.0,0.0,0.0,0.0,0.0,0.0,0.010345109213282244,0.9896180121159038
1697,ARP_poisioning,ARP_poisioning,1.0,0.0,0.0,0.0,0.0,0.0,0.0,0.0,0.0,0.0,0.0
1698,Thing_Speak,Thing_Speak,0.0,0.0,0.0,0.0,0.0,0.0,0.0,0.0,0.0,1.0,0.0
1699,Thing_Speak,Thing_Speak,0.0,0.0,0.0,0.0,0.0,0.0,0.0,0.0,0.0,1.0,0.0
1700,Thing_Speak,Thing_Speak,0.0,0.0,0.0,0.0,0.0,0.0,0.0,0.0,0.0,1.0,0.0
1701,Thing_Speak,Thing_Speak,0.0,0.0,0.0,0.0,0.0,0.0,0.0,0.0,0.0,1.0,0.0
1702,Thing_Speak,Thing_Speak,0.0,0.0,0.0,0.0,0.0,0.0,0.0,0.0,0.0,1.0,0.0
1703,NMAP_UDP_SCAN,NMAP_UDP_SCAN,1.0322104921765483e-05,0.18200000529660973,0.0,0.0,0.0,0.0,0.0,0.8175682873136939,0.0,1.0822100693472182e-05,0.00041056318408096685
1704,ARP_poisioning,ARP_poisioning,0.9375671107866868,0.008300618445818768,0.0,0.0,0.0,0.0,0.0,0.027827520588810346,0.0,0.02630475017868413,0.0
1705,Thing_Speak,Thing_Speak,0.0,0.0,0.0,0.0,0.0,0.0,0.0,0.0,0.0,1.0,0.0
1706,NMAP_UDP_SCAN,NMAP_UDP_SCAN,1.0322104921765483e-05,0.15642587932628133,0.0,0.0,0.0,0.0,0.0,0.8431424132840225,0.0,1.0822100693472182e-05,0.00041056318408096685
1707,Thing_Speak,Thing_Speak,0.0,0.0,0.0,0.0,0.0,0.0,0.0,0.0,0.0,1.0,0.0
1708,ARP_poisioning,ARP_poisioning,0.9772809952809953,0.0,0.0,0.0,0.0,0.0,0.0,0.0,0.0,0.02271900471900472,0.0
1709,ARP_poisioning,ARP_poisioning,1.0,0.0,0.0,0.0,0.0,0.0,0.0,0.0,0.0,0.0,0.0
1710,Thing_Speak,Thing_Speak,0.0,0.0,0.0,0.0,0.0,0.0,0.0,0.0,0.0,1.0,0.0
1711,ARP_poisioning,ARP_poisioning,0.98331054450707,0.008227520082923039,0.0,0.0,0.0,0.0,0.0,0.0,0.0,0.00846193541000706,0.0
1712,MQTT_Publish,MQTT_Publish,0.0,0.0,0.0,1.0,0.0,0.0,0.0,0.0,0.0,0.0,0.0
1713,Thing_Speak,Thing_Speak,0.0,0.0,0.0,0.0,0.0,0.0,0.0,0.0,0.0,1.0,0.0
1714,ARP_poisioning,ARP_poisioning,0.8758611297823249,0.0,0.0,0.0,0.0,0.0,0.0,0.0,0.0,0.11454582981661332,0.009593040401061632
1715,NMAP_OS_DETECTION,NMAP_OS_DETECTION,0.00011390926244509308,1.6187824150449924e-05,0.0,4.135211154144212e-05,0.0,0.8974430690227053,0.018726165647629075,0.0002746408124414594,0.08257724524225296,3.4163212055015705e-06,0.0008040137556287519
1716,Thing_Speak,Thing_Speak,0.0,0.0,0.0,0.0,0.0,0.0,0.0,0.0,0.0,1.0,0.0
1717,Thing_Speak,Thing_Speak,0.0,0.0,0.0,0.0,0.0,0.0,0.0,0.0,0.0,1.0,0.0
1718,Thing_Speak,Thing_Speak,0.0,0.0,0.0,0.0,0.0,0.0,0.0,0.0,0.0,1.0,0.0
1719,Thing_Speak,Thing_Speak,0.0,0.0,0.0,0.0,0.0,0.0,0.0,0.0,0.0,1.0,0.0
1720,Thing_Speak,Thing_Speak,0.00726637107776262,0.0,0.0,0.0,0.0,0.0,0.0,0.0,0.0,0.9927336289222375,0.0
1721,ARP_poisioning,ARP_poisioning,1.0,0.0,0.0,0.0,0.0,0.0,0.0,0.0,0.0,0.0,0.0
1722,ARP_poisioning,ARP_poisioning,0.9862218116897894,0.0,0.0,0.0,0.0,0.0,0.0,0.0,0.0,0.013778188310210509,0.0
1723,ARP_poisioning,ARP_poisioning,1.0,0.0,0.0,0.0,0.0,0.0,0.0,0.0,0.0,0.0,0.0
1724,NMAP_XMAS_TREE_SCAN,NMAP_XMAS_TREE_SCAN,3.2582512548421e-05,0.0,0.0,2.890442975255265e-05,0.0,0.09206839688137507,0.006687772577173575,0.0002746408124414594,0.9003675472969703,3.4163212055015705e-06,0.000536739168533056
1725,Thing_Speak,Thing_Speak,0.0,0.0,0.0,0.0,0.0,0.0,0.0,0.0,0.0,1.0,0.0
1726,ARP_poisioning,ARP_poisioning,0.9814334877700859,0.0,0.0,0.0,0.0,0.0,0.0,0.0,0.0,0.008566512229914183,0.01
1727,MQTT_Publish,MQTT_Publish,0.0,0.0,0.0,1.0,0.0,0.0,0.0,0.0,0.0,0.0,0.0
1728,Thing_Speak,Thing_Speak,0.0,0.0,0.0,0.0,0.0,0.0,0.0,0.0,0.0,1.0,0.0
1729,DDOS_Slowloris,DDOS_Slowloris,0.0,1.0,0.0,0.0,0.0,0.0,0.0,0.0,0.0,0.0,0.0
1730,ARP_poisioning,ARP_poisioning,1.0,0.0,0.0,0.0,0.0,0.0,0.0,0.0,0.0,0.0,0.0
1731,MQTT_Publish,MQTT_Publish,0.0,0.0,0.0,1.0,0.0,0.0,0.0,0.0,0.0,0.0,0.0
1732,Thing_Speak,Thing_Speak,0.0,0.0,0.0,0.0,0.0,0.0,0.0,0.0,0.0,1.0,0.0
1733,Thing_Speak,Thing_Speak,0.0,0.0,0.0,0.0,0.0,0.0,0.0,0.0,0.0,1.0,0.0
1734,MQTT_Publish,MQTT_Publish,0.0,0.0,0.0,1.0,0.0,0.0,0.0,0.0,0.0,0.0,0.0
1735,Thing_Speak,Thing_Speak,0.0,0.0,0.0,0.0,0.0,0.0,0.0,0.0,0.0,1.0,0.0
1736,MQTT_Publish,MQTT_Publish,0.0,0.0,0.0,1.0,0.0,0.0,0.0,0.0,0.0,0.0,0.0
1737,DOS_SYN_Hping,DOS_SYN_Hping,1.3581914766902935e-05,3.436426116838489e-05,0.9997022196729409,0.0,0.0,0.0,0.0,0.00024740014127369895,0.0,2.4340098499717754e-06,0.0
1738,Thing_Speak,Thing_Speak,0.0,0.0,0.0,0.0,0.0,0.0,0.0,0.0,0.0,1.0,0.0
1739,Thing_Speak,Thing_Speak,0.0,0.0,0.0,0.0,0.0,0.0,0.0,0.0,0.0,1.0,0.0
1740,Thing_Speak,Thing_Speak,0.014757880691610608,0.0,0.0,0.0,0.0,0.0,0.0,0.0,0.0,0.9852421193083895,0.0
1741,Thing_Speak,Thing_Speak,0.0,0.0,0.0,0.0,0.0,0.0,0.0,0.0,0.0,1.0,0.0
1742,Thing_Speak,Thing_Speak,0.0,0.0,0.0,0.0,0.0,0.0,0.0,0.0,0.0,1.0,0.0
1743,MQTT_Publish,MQTT_Publish,0.0,0.0,0.0,1.0,0.0,0.0,0.0,0.0,0.0,0.0,0.0
1744,Thing_Speak,Thing_Speak,0.0,0.0,0.0,0.0,0.0,0.0,0.0,0.0,0.0,1.0,0.0
1745,MQTT_Publish,MQTT_Publish,0.0,0.0,0.0,1.0,0.0,0.0,0.0,0.0,0.0,0.0,0.0
1746,MQTT_Publish,MQTT_Publish,0.0,0.0,0.0,1.0,0.0,0.0,0.0,0.0,0.0,0.0,0.0
1747,Thing_Speak,Thing_Speak,0.0,0.0,0.0,0.0,0.0,0.0,0.0,0.0,0.0,1.0,0.0
1748,Thing_Speak,Thing_Speak,0.0,0.0,0.0,0.0,0.0,0.0,0.0,0.0,0.0,1.0,0.0
1749,Thing_Speak,Thing_Speak,0.0,0.0,0.0,0.0,0.0,0.0,0.0,0.0,0.0,1.0,0.0
1750,MQTT_Publish,MQTT_Publish,0.0,0.0,0.0,1.0,0.0,0.0,0.0,0.0,0.0,0.0,0.0
1751,MQTT_Publish,MQTT_Publish,0.0,0.0,0.0,1.0,0.0,0.0,0.0,0.0,0.0,0.0,0.0
1752,Thing_Speak,Thing_Speak,0.0,0.0,0.0,0.0,0.0,0.0,0.0,0.0,0.0,1.0,0.0
1753,MQTT_Publish,MQTT_Publish,0.0,0.0,0.0,1.0,0.0,0.0,0.0,0.0,0.0,0.0,0.0
1754,Thing_Speak,Thing_Speak,0.0021395185203799565,0.0,0.0,0.0,0.0,0.0,0.0,0.0,0.0,0.99786048147962,0.0
1755,ARP_poisioning,ARP_poisioning,1.0,0.0,0.0,0.0,0.0,0.0,0.0,0.0,0.0,0.0,0.0
1756,ARP_poisioning,ARP_poisioning,1.0,0.0,0.0,0.0,0.0,0.0,0.0,0.0,0.0,0.0,0.0
1757,MQTT_Publish,MQTT_Publish,0.0,0.0,0.0,1.0,0.0,0.0,0.0,0.0,0.0,0.0,0.0
1758,Thing_Speak,Thing_Speak,0.0,0.0,0.0,0.0,0.0,0.0,0.0,0.0,0.0,1.0,0.0
1759,ARP_poisioning,ARP_poisioning,1.0,0.0,0.0,0.0,0.0,0.0,0.0,0.0,0.0,0.0,0.0
1760,Thing_Speak,Thing_Speak,0.0,0.0,0.0,0.0,0.0,0.0,0.0,0.0,0.0,1.0,0.0
1761,MQTT_Publish,MQTT_Publish,0.0,0.0,0.0,1.0,0.0,0.0,0.0,0.0,0.0,0.0,0.0
1762,ARP_poisioning,ARP_poisioning,0.9830245734372843,0.0,0.0,0.0,0.0,0.0,0.0,0.0,0.0,0.01697542656271566,0.0
1763,ARP_poisioning,ARP_poisioning,0.9881307373818258,0.0,0.0,0.0,0.0,0.0,0.0,0.0,0.0,0.011869262618174156,0.0
1764,Thing_Speak,Thing_Speak,0.0040616032140807345,0.0,0.0,0.0,0.0,0.0,0.0,0.0,0.0,0.9959383967859193,0.0
1765,MQTT_Publish,MQTT_Publish,0.0,0.0,0.0,1.0,0.0,0.0,0.0,0.0,0.0,0.0,0.0
1766,Thing_Speak,Thing_Speak,0.0,0.0,0.0,0.0,0.0,0.0,0.0,0.0,0.0,1.0,0.0
1767,Thing_Speak,Thing_Speak,0.0,0.0,0.0,0.0,0.0,0.0,0.0,0.0,0.0,1.0,0.0
1768,ARP_poisioning,ARP_poisioning,1.0,0.0,0.0,0.0,0.0,0.0,0.0,0.0,0.0,0.0,0.0
1769,Wipro_bulb,Wipro_bulb,0.14353156348122156,0.0,0.0,0.0,0.0,0.0,0.0,0.0,0.0,0.08804896224941146,0.768419474269367
1770,ARP_poisioning,ARP_poisioning,1.0,0.0,0.0,0.0,0.0,0.0,0.0,0.0,0.0,0.0,0.0
1771,ARP_poisioning,ARP_poisioning,0.9476423925314005,0.0,0.0,0.0,0.0,0.0,0.0,0.0,0.0,0.05235760746859931,0.0
1772,Thing_Speak,Thing_Speak,0.0,0.0,0.0,0.0,0.0,0.0,0.0,0.0,0.0,1.0,0.0
1773,Thing_Speak,Thing_Speak,0.0,0.0,0.0,0.0,0.0,0.0,0.0,0.0,0.0,1.0,0.0
1774,ARP_poisioning,ARP_poisioning,1.0,0.0,0.0,0.0,0.0,0.0,0.0,0.0,0.0,0.0,0.0
1775,MQTT_Publish,MQTT_Publish,0.0,0.0,0.0,1.0,0.0,0.0,0.0,0.0,0.0,0.0,0.0
1776,Wipro_bulb,Wipro_bulb,0.15703642647297603,0.2719175918979381,0.0,0.013005544975577649,0.0,0.03489770012386519,0.03793242023744559,0.00016136423827319086,0.01916800615131057,0.05704916728565237,0.4088317786169612
1777,MQTT_Publish,MQTT_Publish,0.0,0.0,0.0,1.0,0.0,0.0,0.0,0.0,0.0,0.0,0.0
1778,MQTT_Publish,MQTT_Publish,0.0,0.0,0.0,1.0,0.0,0.0,0.0,0.0,0.0,0.0,0.0
1779,Thing_Speak,Thing_Speak,0.0,0.0,0.0,0.0,0.0,0.0,0.0,0.0,0.0,1.0,0.0
1780,MQTT_Publish,MQTT_Publish,0.0,0.0,0.0,1.0,0.0,0.0,0.0,0.0,0.0,0.0,0.0
1781,MQTT_Publish,MQTT_Publish,0.0,0.0,0.0,1.0,0.0,0.0,0.0,0.0,0.0,0.0,0.0
1782,ARP_poisioning,ARP_poisioning,0.9904823348694316,0.009517665130568356,0.0,0.0,0.0,0.0,0.0,0.0,0.0,0.0,0.0
1783,Thing_Speak,Thing_Speak,0.0,0.0,0.0,0.0,0.0,0.0,0.0,0.0,0.0,1.0,0.0
1784,Thing_Speak,Thing_Speak,0.0,0.0,0.0,0.0,0.0,0.0,0.0,0.0,0.0,1.0,0.0
1785,Thing_Speak,Thing_Speak,0.0,0.0,0.0,0.0,0.0,0.0,0.0,0.0,0.0,1.0,0.0
1786,DDOS_Slowloris,NMAP_UDP_SCAN,1.4402633081749854e-05,0.24700738432106842,0.04051074883388942,3.308542884506747e-05,0.0,0.005244855024745777,0.004737288409447798,0.7016549199728997,0.0,1.928797659496304e-05,0.0007780273994271982
1787,MQTT_Publish,MQTT_Publish,0.0,0.0,0.0,1.0,0.0,0.0,0.0,0.0,0.0,0.0,0.0
1788,Thing_Speak,Thing_Speak,0.0,0.0,0.0,0.0,0.0,0.0,0.0,0.0,0.0,1.0,0.0
1789,Thing_Speak,Thing_Speak,0.0,0.0,0.0,0.0,0.0,0.0,0.0,0.0,0.0,1.0,0.0
1790,ARP_poisioning,ARP_poisioning,0.8736989188819279,0.0,0.0,0.0015780657239986204,0.009898989898989899,0.0,0.0,0.009472517730496453,0.0,0.10535150776458697,0.0
1791,MQTT_Publish,MQTT_Publish,0.0,0.0,0.0,1.0,0.0,0.0,0.0,0.0,0.0,0.0,0.0
1792,ARP_poisioning,ARP_poisioning,0.9030565872842473,0.0,0.0,0.0,0.01,0.0,0.0,0.0,0.0,0.06710495992849443,0.019838452787258248
1793,ARP_poisioning,ARP_poisioning,1.0,0.0,0.0,0.0,0.0,0.0,0.0,0.0,0.0,0.0,0.0
1794,Thing_Speak,Thing_Speak,0.0,0.0,0.0,0.0,0.0,0.0,0.0,0.0,0.0,1.0,0.0
1795,Thing_Speak,Thing_Speak,0.0,0.0,0.0,0.0,0.0,0.0,0.0,0.0,0.0,1.0,0.0
1796,Thing_Speak,Thing_Speak,0.0,0.0,0.0,0.0,0.0,0.0,0.0,0.0,0.0,1.0,0.0
1797,DDOS_Slowloris,DDOS_Slowloris,0.006029058749210361,0.99,0.0,0.00397094125078964,0.0,0.0,0.0,0.0,0.0,0.0,0.0
1798,ARP_poisioning,ARP_poisioning,0.9720737058056789,0.0,0.0,0.0,0.0,0.0,0.0,0.01,0.0,0.017926294194321186,0.0
1799,Thing_Speak,Thing_Speak,0.0,0.0,0.0,0.0,0.0,0.0,0.0,0.0,0.0,1.0,0.0
1800,NMAP_UDP_SCAN,NMAP_UDP_SCAN,0.11358724525836154,0.0,0.0025340423167651404,0.0,0.011166440251355946,0.0,0.0,0.7279309993685384,0.0,0.14455297602735143,0.00022829677762749745
1801,MQTT_Publish,MQTT_Publish,0.0,0.0,0.0,1.0,0.0,0.0,0.0,0.0,0.0,0.0,0.0
1802,MQTT_Publish,MQTT_Publish,0.0,0.0,0.0,1.0,0.0,0.0,0.0,0.0,0.0,0.0,0.0
1803,MQTT_Publish,MQTT_Publish,0.0,0.0,0.0,1.0,0.0,0.0,0.0,0.0,0.0,0.0,0.0
1804,ARP_poisioning,ARP_poisioning,1.0,0.0,0.0,0.0,0.0,0.0,0.0,0.0,0.0,0.0,0.0
1805,Thing_Speak,Thing_Speak,0.0,0.0,0.0,0.0,0.0,0.0,0.0,0.0,0.0,1.0,0.0
1806,Thing_Speak,Thing_Speak,0.04808247784790045,0.0,0.0,0.0,0.0,0.0,0.0,0.0,0.0,0.9519175221520996,0.0
1807,Thing_Speak,Thing_Speak,0.0,0.0,0.0,0.0,0.0,0.0,0.0,0.0,0.0,1.0,0.0
1808,MQTT_Publish,MQTT_Publish,0.0,0.0,0.0,1.0,0.0,0.0,0.0,0.0,0.0,0.0,0.0
1809,Thing_Speak,Thing_Speak,0.0,0.0,0.0,0.0,0.0,0.0,0.0,0.0,0.0,1.0,0.0
1810,Thing_Speak,Thing_Speak,0.0,0.0,0.0,0.0,0.0,0.0,0.0,0.0,0.0,1.0,0.0
1811,Thing_Speak,Thing_Speak,0.0,0.0,0.0,0.0,0.0,0.0,0.0,0.0,0.0,1.0,0.0
1812,ARP_poisioning,ARP_poisioning,1.0,0.0,0.0,0.0,0.0,0.0,0.0,0.0,0.0,0.0,0.0
1813,Thing_Speak,Thing_Speak,0.0,0.0,0.0,0.0,0.0,0.0,0.0,0.0,0.0,1.0,0.0
1814,ARP_poisioning,ARP_poisioning,1.0,0.0,0.0,0.0,0.0,0.0,0.0,0.0,0.0,0.0,0.0
1815,MQTT_Publish,MQTT_Publish,0.0,0.0,0.0,1.0,0.0,0.0,0.0,0.0,0.0,0.0,0.0
1816,ARP_poisioning,ARP_poisioning,0.7701291350284879,0.08511690529407179,0.0,0.02760784150152706,0.0,0.0,0.009918775382692908,0.009867718728243212,0.0,0.025657510663182507,0.07170211340179458
1817,Thing_Speak,Thing_Speak,0.0,0.0,0.0,0.0,0.0,0.0,0.0,0.0,0.0,1.0,0.0
1818,Wipro_bulb,Wipro_bulb,3.687867081389752e-05,0.0,0.0,0.0,0.0,0.0,0.0,0.0,0.0,0.0005169305191241696,0.9994461908100618
1819,ARP_poisioning,ARP_poisioning,1.0,0.0,0.0,0.0,0.0,0.0,0.0,0.0,0.0,0.0,0.0
1820,Thing_Speak,Thing_Speak,0.0,0.0,0.0,0.0,0.0,0.0,0.0,0.0,0.0,1.0,0.0
1821,MQTT_Publish,MQTT_Publish,0.0,0.0,0.0,1.0,0.0,0.0,0.0,0.0,0.0,0.0,0.0
1822,ARP_poisioning,ARP_poisioning,0.9066311741142111,0.038232271325796506,0.0,0.013035294117647058,0.009857999368886084,0.0,0.009963806187974315,0.0,0.0,0.0027541868916104613,0.019525267993874426
1823,MQTT_Publish,MQTT_Publish,0.0,0.0,0.0,1.0,0.0,0.0,0.0,0.0,0.0,0.0,0.0
1824,Thing_Speak,Thing_Speak,0.0,0.0,0.0,0.0,0.0,0.0,0.0,0.0,0.0,1.0,0.0
1825,MQTT_Publish,MQTT_Publish,0.0,0.0,0.0,1.0,0.0,0.0,0.0,0.0,0.0,0.0,0.0
1826,ARP_poisioning,ARP_poisioning,0.99,0.0,0.0,0.0,0.01,0.0,0.0,0.0,0.0,0.0,0.0
1827,Thing_Speak,Thing_Speak,0.0,0.0,0.0,0.0,0.0,0.0,0.0,0.0,0.0,1.0,0.0
1828,Thing_Speak,Thing_Speak,0.02299284320104099,0.0,0.0,0.0,0.0,0.0,0.0,0.0,0.0,0.9770071567989589,0.0
1829,Thing_Speak,Thing_Speak,0.0,0.0,0.0,0.0,0.0,0.0,0.0,0.0,0.0,1.0,0.0
1830,MQTT_Publish,MQTT_Publish,0.0,0.0,0.0,1.0,0.0,0.0,0.0,0.0,0.0,0.0,0.0
1831,Thing_Speak,Thing_Speak,0.0,0.0,0.0,0.0,0.0,0.0,0.0,0.0,0.0,1.0,0.0
1832,MQTT_Publish,MQTT_Publish,0.0,0.0,0.0,1.0,0.0,0.0,0.0,0.0,0.0,0.0,0.0
1833,MQTT_Publish,MQTT_Publish,0.0,0.0,0.0,1.0,0.0,0.0,0.0,0.0,0.0,0.0,0.0
1834,MQTT_Publish,MQTT_Publish,0.0,0.0,0.0,1.0,0.0,0.0,0.0,0.0,0.0,0.0,0.0
1835,ARP_poisioning,ARP_poisioning,1.0,0.0,0.0,0.0,0.0,0.0,0.0,0.0,0.0,0.0,0.0
1836,ARP_poisioning,ARP_poisioning,0.9789101089970623,0.0,0.0,0.011126769673751586,0.0,0.0,0.0,0.0,0.0,0.0001767117297200877,0.009786409599466018
1837,NMAP_TCP_scan,NMAP_TCP_scan,4.4844426669243135e-05,1.6187824150449924e-05,0.0,0.0,0.0,0.03086575326118175,0.9666187072030483,0.0006874345593339698,0.001723811306699429,8.060340593437548e-06,3.520107832338062e-05
1838,ARP_poisioning,ARP_poisioning,1.0,0.0,0.0,0.0,0.0,0.0,0.0,0.0,0.0,0.0,0.0
1839,MQTT_Publish,MQTT_Publish,0.004298675376519689,0.0,0.0,0.9957013246234803,0.0,0.0,0.0,0.0,0.0,0.0,0.0
1840,ARP_poisioning,ARP_poisioning,0.9514121194173966,0.01,0.0,0.012061875984021597,0.0,0.0,0.0,0.0,0.0,0.026526004598581895,0.0
1841,Thing_Speak,Thing_Speak,0.0,0.0,0.0,0.0,0.0,0.0,0.0,0.0,0.0,1.0,0.0
1842,Thing_Speak,Thing_Speak,0.0,0.0,0.0,0.0,0.0,0.0,0.0,0.0,0.0,1.0,0.0
1843,Thing_Speak,Thing_Speak,0.0,0.0,0.0,0.0,0.0,0.0,0.0,0.0,0.0,1.0,0.0
1844,Thing_Speak,Thing_Speak,0.0,0.0,0.0,0.0,0.0,0.0,0.0,0.0,0.0,1.0,0.0
1845,Thing_Speak,Thing_Speak,0.0,0.0,0.0,0.0,0.0,0.0,0.0,0.0,0.0,1.0,0.0
1846,ARP_poisioning,ARP_poisioning,0.9662851933458128,0.0,0.0,0.014025215507653494,0.0,0.0,0.0,0.0,0.0,0.01015862854690171,0.009530962599632127
1847,Thing_Speak,Thing_Speak,0.0,0.0,0.0,0.0,0.0,0.0,0.0,0.0,0.0,1.0,0.0
1848,Thing_Speak,Thing_Speak,0.0,0.0,0.0,0.0,0.0,0.0,0.0,0.0,0.0,1.0,0.0
1849,MQTT_Publish,MQTT_Publish,0.0,0.0,0.0,1.0,0.0,0.0,0.0,0.0,0.0,0.0,0.0
1850,MQTT_Publish,MQTT_Publish,0.0,0.0,0.0,1.0,0.0,0.0,0.0,0.0,0.0,0.0,0.0
1851,Thing_Speak,Thing_Speak,0.0,0.0,0.0,0.0,0.0,0.0,0.0,0.0,0.0,1.0,0.0
1852,ARP_poisioning,ARP_poisioning,0.9957072838665759,0.0,0.0,0.0,0.0,0.0,0.0,0.0,0.0,0.004292716133424098,0.0
1853,Thing_Speak,Thing_Speak,0.0,0.0,0.0,0.0,0.0,0.0,0.0,0.0,0.0,1.0,0.0
1854,Thing_Speak,Thing_Speak,0.0,0.0,0.0,0.0,0.0,0.0,0.0,0.0,0.0,1.0,0.0
1855,ARP_poisioning,ARP_poisioning,1.0,0.0,0.0,0.0,0.0,0.0,0.0,0.0,0.0,0.0,0.0
1856,Thing_Speak,Thing_Speak,0.0,0.0,0.0,0.0,0.0,0.0,0.0,0.0,0.0,1.0,0.0
1857,MQTT_Publish,MQTT_Publish,0.0,0.0,0.0,1.0,0.0,0.0,0.0,0.0,0.0,0.0,0.0
1858,MQTT_Publish,MQTT_Publish,0.0,0.0,0.0,1.0,0.0,0.0,0.0,0.0,0.0,0.0,0.0
1859,MQTT_Publish,MQTT_Publish,0.0,0.0,0.0,1.0,0.0,0.0,0.0,0.0,0.0,0.0,0.0
1860,Thing_Speak,Thing_Speak,0.3861996283320576,0.0,0.0,0.0,0.0,0.0,0.0,0.0,0.0,0.6138003716679424,0.0
1861,NMAP_UDP_SCAN,NMAP_UDP_SCAN,1.273389142576965e-05,0.065990845248657,0.0007925132363315011,3.308542884506747e-05,0.0,0.0,0.0,0.9323626847180252,0.0,3.0110077288435226e-05,0.0007780273994271982
1862,Thing_Speak,Thing_Speak,0.0,0.0,0.0,0.0,0.0,0.0,0.0,0.0,0.0,1.0,0.0
1863,Thing_Speak,Thing_Speak,0.16166468539112644,0.0,0.0,0.0,0.0,0.0,0.0,0.009855921283823357,0.019626875326206977,0.8088525179988433,0.0
1864,Thing_Speak,Thing_Speak,0.2653098516342495,0.017602104255527856,0.0,0.0,0.0,0.0,0.0,0.01954779703205856,0.0,0.697540247078164,0.0
1865,Thing_Speak,Thing_Speak,0.0,0.0,0.0,0.0,0.0,0.0,0.0,0.0,0.0,1.0,0.0
1866,MQTT_Publish,MQTT_Publish,0.0,0.0,0.0,1.0,0.0,0.0,0.0,0.0,0.0,0.0,0.0
1867,ARP_poisioning,ARP_poisioning,0.9612222353852227,0.0,0.0,0.0,0.0,0.0,0.0,0.0,0.0,0.029184724213715686,0.009593040401061632
1868,ARP_poisioning,ARP_poisioning,1.0,0.0,0.0,0.0,0.0,0.0,0.0,0.0,0.0,0.0,0.0
1869,MQTT_Publish,MQTT_Publish,0.0,0.0,0.0,1.0,0.0,0.0,0.0,0.0,0.0,0.0,0.0
1870,ARP_poisioning,ARP_poisioning,0.921556642960949,0.0,0.0,0.0,0.06995227489659561,0.0,0.0,0.0,0.0,0.008491082142455584,0.0
1871,ARP_poisioning,ARP_poisioning,1.0,0.0,0.0,0.0,0.0,0.0,0.0,0.0,0.0,0.0,0.0
1872,Thing_Speak,Thing_Speak,0.0,0.0,0.0,0.0,0.0,0.0,0.0,0.0,0.0,1.0,0.0
1873,MQTT_Publish,MQTT_Publish,0.0,0.0,0.0,1.0,0.0,0.0,0.0,0.0,0.0,0.0,0.0
1874,ARP_poisioning,ARP_poisioning,1.0,0.0,0.0,0.0,0.0,0.0,0.0,0.0,0.0,0.0,0.0
1875,Thing_Speak,Thing_Speak,0.0,0.0,0.0,0.0,0.0,0.0,0.0,0.0,0.0,1.0,0.0
1876,Thing_Speak,Thing_Speak,0.0,0.0,0.0,0.0,0.0,0.0,0.0,0.0,0.0,1.0,0.0
1877,Thing_Speak,Thing_Speak,0.0,0.0,0.0,0.0,0.0,0.0,0.0,0.0,0.0,1.0,0.0
1878,MQTT_Publish,MQTT_Publish,0.0,0.0,0.0,1.0,0.0,0.0,0.0,0.0,0.0,0.0,0.0
1879,Thing_Speak,Thing_Speak,0.0,0.0,0.0,0.0,0.0,0.0,0.0,0.0,0.0,1.0,0.0
1880,ARP_poisioning,ARP_poisioning,0.9814043456081183,0.0,0.0,0.0,0.0,0.0,0.0,0.0,0.0,0.018595654391881808,0.0
1881,ARP_poisioning,ARP_poisioning,1.0,0.0,0.0,0.0,0.0,0.0,0.0,0.0,0.0,0.0,0.0
1882,DDOS_Slowloris,DDOS_Slowloris,0.01,0.99,0.0,0.0,0.0,0.0,0.0,0.0,0.0,0.0,0.0
1883,Thing_Speak,Thing_Speak,0.0,0.0,0.0,0.0,0.0,0.0,0.0,0.0,0.0,1.0,0.0
1884,Thing_Speak,Thing_Speak,0.0,0.0,0.0,0.0,0.0,0.0,0.0,0.0,0.0,1.0,0.0
1885,Thing_Speak,Thing_Speak,0.0,0.0,0.0,0.0,0.0,0.0,0.0,0.0,0.0,1.0,0.0
1886,MQTT_Publish,MQTT_Publish,0.0,0.0,0.0,1.0,0.0,0.0,0.0,0.0,0.0,0.0,0.0
1887,Thing_Speak,Thing_Speak,0.0,0.0,0.0,0.0,0.0,0.0,0.0,0.0,0.0,1.0,0.0
1888,NMAP_OS_DETECTION,NMAP_OS_DETECTION,9.431154420915635e-05,1.6187824150449924e-05,0.0,7.012180632193017e-05,0.0,0.9071217662067734,0.017890381573492306,0.0002746408124414594,0.07351867690618036,3.4163212055015705e-06,0.0010104970052255185
1889,Thing_Speak,Thing_Speak,0.0,0.0,0.0,0.0,0.0,0.0,0.0,0.0,0.0,1.0,0.0
1890,MQTT_Publish,MQTT_Publish,0.0,0.0,0.0,1.0,0.0,0.0,0.0,0.0,0.0,0.0,0.0
1891,Thing_Speak,Thing_Speak,0.0,0.0,0.0,0.0,0.0,0.0,0.0,0.0,0.0,1.0,0.0
1892,Thing_Speak,Thing_Speak,0.0,0.0,0.0,0.0,0.0,0.0,0.0,0.0,0.0,1.0,0.0
1893,Thing_Speak,Thing_Speak,0.003101487314085739,0.0,0.0,0.0,0.0,0.0,0.0,0.0,0.0,0.9968985126859142,0.0
1894,MQTT_Publish,MQTT_Publish,0.0,0.0,0.0,1.0,0.0,0.0,0.0,0.0,0.0,0.0,0.0
1895,ARP_poisioning,ARP_poisioning,0.9414050959987859,0.0,0.0,0.0,0.0,0.0,0.0,0.0,0.0,0.058594904001214164,0.0
1896,MQTT_Publish,MQTT_Publish,0.0,0.0,0.0,1.0,0.0,0.0,0.0,0.0,0.0,0.0,0.0
1897,ARP_poisioning,ARP_poisioning,1.0,0.0,0.0,0.0,0.0,0.0,0.0,0.0,0.0,0.0,0.0
1898,Thing_Speak,Thing_Speak,0.0,0.0,0.0,0.0,0.0,0.0,0.0,0.009730097527784077,0.0,0.9902699024722159,0.0
1899,ARP_poisioning,ARP_poisioning,0.9876716952655766,0.0,0.0,0.0,0.0,0.0,0.0,0.0,0.0,0.0027510541261509336,0.009577250608272506
1900,Thing_Speak,Thing_Speak,0.0,0.0,0.0,0.0,0.0,0.0,0.0,0.0,0.0,1.0,0.0
1901,Thing_Speak,Thing_Speak,0.1462724887544893,0.017910706324154084,0.0,0.0,0.02,0.0,0.0,0.0,0.0,0.8158168049213566,0.0
1902,MQTT_Publish,MQTT_Publish,0.0,0.0,0.0,1.0,0.0,0.0,0.0,0.0,0.0,0.0,0.0
1903,ARP_poisioning,ARP_poisioning,0.4216252343007161,0.0,0.0,0.0,0.04352435368925318,0.0,0.0,0.20120926865661404,0.0,0.3336411433534166,0.0
1904,Thing_Speak,Thing_Speak,0.0,0.0,0.0,0.0,0.0,0.0,0.0,0.0,0.0,1.0,0.0
1905,Thing_Speak,Thing_Speak,0.0,0.0,0.0,0.0,0.0,0.0,0.0,0.0,0.0,1.0,0.0
1906,Thing_Speak,Thing_Speak,0.0,0.0,0.0,0.0,0.0,0.0,0.0,0.0,0.0,1.0,0.0
1907,Thing_Speak,Thing_Speak,0.0,0.0,0.0,0.0,0.0,0.0,0.0,0.0,0.0,1.0,0.0
1908,Thing_Speak,Thing_Speak,0.0,0.0,0.0,0.0,0.0,0.0,0.0,0.0,0.0,1.0,0.0
1909,ARP_poisioning,ARP_poisioning,0.8312234988463323,0.02817414248021108,0.0,0.0,0.03953477291861311,0.0,0.0,0.0,0.0,0.022969609342164896,0.07809797641267874
1910,ARP_poisioning,ARP_poisioning,1.0,0.0,0.0,0.0,0.0,0.0,0.0,0.0,0.0,0.0,0.0
1911,ARP_poisioning,ARP_poisioning,1.0,0.0,0.0,0.0,0.0,0.0,0.0,0.0,0.0,0.0,0.0
1912,MQTT_Publish,MQTT_Publish,0.0,0.0,0.0,1.0,0.0,0.0,0.0,0.0,0.0,0.0,0.0
1913,Thing_Speak,Thing_Speak,0.0,0.0,0.0,0.0,0.0,0.0,0.0,0.0,0.0,1.0,0.0
1914,Thing_Speak,Thing_Speak,0.0,0.0,0.0,0.0,0.0,0.0,0.0,0.0,0.0,1.0,0.0
1915,MQTT_Publish,MQTT_Publish,0.0,0.0,0.0,1.0,0.0,0.0,0.0,0.0,0.0,0.0,0.0
1916,Thing_Speak,Thing_Speak,0.0,0.0,0.0,0.0,0.0,0.0,0.0,0.0,0.0,1.0,0.0
1917,Thing_Speak,Thing_Speak,0.0,0.0,0.0,0.0,0.0,0.0,0.0,0.0,0.0,1.0,0.0
1918,Thing_Speak,Thing_Speak,0.0,0.0,0.0,0.0,0.0,0.0,0.0,0.0,0.0,1.0,0.0
1919,ARP_poisioning,ARP_poisioning,0.9957564377682404,0.0,0.0,0.0,0.0,0.0,0.0,0.0,0.0,0.004243562231759657,0.0
1920,ARP_poisioning,ARP_poisioning,1.0,0.0,0.0,0.0,0.0,0.0,0.0,0.0,0.0,0.0,0.0
1921,Thing_Speak,Thing_Speak,0.0,0.0,0.0,0.0,0.0,0.0,0.0,0.0,0.0,1.0,0.0
1922,Thing_Speak,Thing_Speak,0.032494104684437204,0.0,0.0,0.0,0.0,0.0,0.0,0.0,0.0,0.9675058953155627,0.0
1923,Wipro_bulb,Wipro_bulb,0.08719427302794099,0.13704872796857676,0.0,0.0034410717402898723,0.0,0.009826624982310071,0.018013644854752688,0.00987403392153111,0.01428474860759082,0.03223511723864691,0.6880817576583605
1924,Thing_Speak,Thing_Speak,0.0,0.0,0.0,0.0,0.0,0.0,0.0,0.0,0.0,1.0,0.0
1925,Thing_Speak,Thing_Speak,0.39401886899881106,0.02135325711269143,0.0,0.012872425875496932,0.02,0.0,0.0,0.0,0.0,0.47562939625125544,0.07612605176174518
1926,Thing_Speak,Thing_Speak,0.0,0.0,0.0,0.0,0.0,0.0,0.0,0.0,0.0,1.0,0.0
1927,DOS_SYN_Hping,DOS_SYN_Hping,1.3581914766902935e-05,3.436426116838489e-05,0.9997022196729409,0.0,0.0,0.0,0.0,0.00024740014127369895,0.0,2.4340098499717754e-06,0.0
1928,Thing_Speak,Thing_Speak,0.0,0.0,0.0,0.0,0.0,0.0,0.0,0.0,0.0,1.0,0.0
1929,MQTT_Publish,MQTT_Publish,0.0,0.0,0.0,1.0,0.0,0.0,0.0,0.0,0.0,0.0,0.0
1930,ARP_poisioning,ARP_poisioning,1.0,0.0,0.0,0.0,0.0,0.0,0.0,0.0,0.0,0.0,0.0
1931,Thing_Speak,Thing_Speak,0.015239949603610903,0.0,0.0,0.0,0.0,0.0,0.0,0.0,0.0,0.9847600503963893,0.0
1932,Wipro_bulb,Wipro_bulb,0.0707366370849097,0.0,0.0,0.017469960009787785,0.0,0.05802755954932559,0.016281127120353026,0.03406615901131407,0.038605178217688885,0.02512621205172432,0.7396871669548964
1933,MQTT_Publish,MQTT_Publish,0.0,0.0,0.0,1.0,0.0,0.0,0.0,0.0,0.0,0.0,0.0
1934,NMAP_OS_DETECTION,NMAP_OS_DETECTION,0.00012149279280151901,1.6187824150449924e-05,0.0,4.135211154144212e-05,0.0,0.9036673222270428,0.021134328912935197,0.0002746408124414594,0.07393724524225297,3.4163212055015705e-06,0.0008040137556287519
1935,ARP_poisioning,ARP_poisioning,1.0,0.0,0.0,0.0,0.0,0.0,0.0,0.0,0.0,0.0,0.0
1936,ARP_poisioning,ARP_poisioning,1.0,0.0,0.0,0.0,0.0,0.0,0.0,0.0,0.0,0.0,0.0
1937,MQTT_Publish,MQTT_Publish,0.0,0.0,0.0,1.0,0.0,0.0,0.0,0.0,0.0,0.0,0.0
1938,Thing_Speak,Thing_Speak,0.0,0.0,0.0,0.0,0.0,0.0,0.0,0.0,0.0,1.0,0.0
1939,ARP_poisioning,ARP_poisioning,0.9753764085199219,0.0,0.0,0.0,0.0,0.0,0.0,0.0,0.0,0.02462359148007815,0.0
1940,NMAP_XMAS_TREE_SCAN,NMAP_XMAS_TREE_SCAN,2.850412277710787e-05,0.0,0.0,2.890442975255265e-05,0.0,0.10551163402069078,0.006687772577173575,0.0002746408124414594,0.8778603496680664,3.4163212055015705e-06,0.009604778047892691
1941,Thing_Speak,Thing_Speak,0.0,0.0,0.0,0.0,0.0,0.0,0.0,0.0,0.0,1.0,0.0
1942,Thing_Speak,Thing_Speak,0.0,0.0,0.0,0.0,0.0,0.0,0.0,0.0,0.0,1.0,0.0
1943,ARP_poisioning,ARP_poisioning,0.7145773380351521,0.0,0.0,0.0,0.0,0.0,0.0,0.0,0.0,0.2854226619648477,0.0
1944,Thing_Speak,Thing_Speak,0.0,0.0,0.0,0.0,0.0,0.0,0.0,0.0,0.0,1.0,0.0
1945,Thing_Speak,Thing_Speak,0.0,0.0,0.0,0.0,0.0,0.0,0.0,0.0,0.0,1.0,0.0
1946,Thing_Speak,Thing_Speak,0.0,0.0,0.0,0.0,0.0,0.0,0.0,0.0,0.0,1.0,0.0
1947,MQTT_Publish,MQTT_Publish,0.0,0.0,0.0,1.0,0.0,0.0,0.0,0.0,0.0,0.0,0.0
1948,ARP_poisioning,ARP_poisioning,0.8860674485092315,0.0,0.0,0.0,0.0,0.0,0.0,0.10791877097723952,0.0,0.006013780513528969,0.0
1949,ARP_poisioning,ARP_poisioning,0.9839614803625377,0.0,0.0,0.0,0.0,0.0,0.0,0.0,0.0,0.006335943525050057,0.009702576112412178
1950,Thing_Speak,Thing_Speak,0.0,0.0,0.0,0.0,0.0,0.0,0.0,0.0,0.0,1.0,0.0
1951,Thing_Speak,Thing_Speak,0.0,0.0,0.0,0.0,0.0,0.0,0.0,0.0,0.0,1.0,0.0
1952,ARP_poisioning,ARP_poisioning,1.0,0.0,0.0,0.0,0.0,0.0,0.0,0.0,0.0,0.0,0.0
1953,Thing_Speak,Thing_Speak,0.0,0.0,0.0,0.0,0.0,0.0,0.0,0.0,0.0,1.0,0.0
1954,DDOS_Slowloris,DDOS_Slowloris,0.0,1.0,0.0,0.0,0.0,0.0,0.0,0.0,0.0,0.0,0.0
1955,Wipro_bulb,Wipro_bulb,0.005764387271496276,0.0,0.0,0.01,0.0,0.0,0.0,0.0,0.0,0.0046145133442889764,0.9796210993842148
1956,ARP_poisioning,ARP_poisioning,1.0,0.0,0.0,0.0,0.0,0.0,0.0,0.0,0.0,0.0,0.0
1957,Wipro_bulb,Wipro_bulb,0.0707366370849097,0.0,0.0,0.017469960009787785,0.0,0.05802755954932559,0.016281127120353026,0.03406615901131407,0.038605178217688885,0.02512621205172432,0.7396871669548964
1958,ARP_poisioning,ARP_poisioning,1.0,0.0,0.0,0.0,0.0,0.0,0.0,0.0,0.0,0.0,0.0
1959,Thing_Speak,Thing_Speak,0.0,0.0,0.0,0.0,0.0,0.0,0.0,0.0,0.0,1.0,0.0
1960,Thing_Speak,Thing_Speak,0.0,0.0,0.0,0.0,0.0,0.0,0.0,0.0,0.0,1.0,0.0
1961,Thing_Speak,Thing_Speak,0.0,0.0,0.0,0.0,0.0,0.0,0.0,0.0,0.0,1.0,0.0
1962,Thing_Speak,Thing_Speak,0.0,0.0,0.0,0.0,0.0,0.0,0.0,0.0,0.0,1.0,0.0
1963,ARP_poisioning,ARP_poisioning,1.0,0.0,0.0,0.0,0.0,0.0,0.0,0.0,0.0,0.0,0.0
1964,ARP_poisioning,ARP_poisioning,1.0,0.0,0.0,0.0,0.0,0.0,0.0,0.0,0.0,0.0,0.0
1965,Thing_Speak,Thing_Speak,0.0,0.0,0.0,0.0,0.0,0.0,0.0,0.0,0.0,1.0,0.0
1966,Thing_Speak,Thing_Speak,0.0,0.0,0.0,0.0,0.0,0.0,0.0,0.0,0.0,1.0,0.0
1967,Thing_Speak,Thing_Speak,0.0,0.0,0.0,0.0,0.0,0.0,0.0,0.0,0.0,1.0,0.0
1968,Thing_Speak,Thing_Speak,0.0,0.0,0.0,0.0,0.0,0.0,0.0,0.0,0.0,1.0,0.0
1969,Thing_Speak,Thing_Speak,0.0,0.0,0.0,0.0,0.0,0.0,0.0,0.0,0.0,1.0,0.0
1970,ARP_poisioning,ARP_poisioning,1.0,0.0,0.0,0.0,0.0,0.0,0.0,0.0,0.0,0.0,0.0
1971,ARP_poisioning,ARP_poisioning,1.0,0.0,0.0,0.0,0.0,0.0,0.0,0.0,0.0,0.0,0.0
1972,MQTT_Publish,MQTT_Publish,0.0,0.0,0.0,1.0,0.0,0.0,0.0,0.0,0.0,0.0,0.0
1973,ARP_poisioning,ARP_poisioning,0.8193105406936627,0.019268547079093375,0.0,0.0,0.029786284860693835,0.0,0.0,0.01894729149016045,0.0,0.10353362257759853,0.00915371329879102
1974,ARP_poisioning,ARP_poisioning,1.0,0.0,0.0,0.0,0.0,0.0,0.0,0.0,0.0,0.0,0.0
1975,ARP_poisioning,ARP_poisioning,0.9856926611704284,0.0,0.0,0.0,0.0,0.0,0.0,0.0,0.0,0.014307338829571564,0.0
1976,MQTT_Publish,MQTT_Publish,0.0,0.0,0.0,1.0,0.0,0.0,0.0,0.0,0.0,0.0,0.0
1977,Thing_Speak,Thing_Speak,0.0,0.0,0.0,0.0,0.0,0.0,0.0,0.0,0.0,1.0,0.0
1978,MQTT_Publish,MQTT_Publish,0.0,0.0,0.0,1.0,0.0,0.0,0.0,0.0,0.0,0.0,0.0
1979,Thing_Speak,ARP_poisioning,0.8271507009989999,0.0,0.0,0.0,0.0,0.0,0.0,0.0,0.0,0.1728492990010001,0.0
1980,Thing_Speak,Thing_Speak,0.0,0.0,0.0,0.0,0.0,0.0,0.0,0.0,0.0,1.0,0.0
1981,Thing_Speak,Thing_Speak,0.0,0.0,0.0,0.0,0.0,0.0,0.0,0.0,0.0,1.0,0.0
1982,Thing_Speak,Thing_Speak,0.0,0.0,0.0,0.0,0.0,0.0,0.0,0.0,0.0,1.0,0.0
1983,MQTT_Publish,MQTT_Publish,0.0,0.0,0.0,1.0,0.0,0.0,0.0,0.0,0.0,0.0,0.0
1984,Thing_Speak,Thing_Speak,0.0,0.0,0.0,0.0,0.0,0.0,0.0,0.0,0.0,1.0,0.0
1985,Thing_Speak,Thing_Speak,0.0,0.0,0.0,0.0,0.0,0.0,0.0,0.0,0.0,1.0,0.0
1986,ARP_poisioning,ARP_poisioning,0.9716179977751642,0.0,0.0,0.0,0.0,0.0,0.0,0.0,0.0,0.028382002224835733,0.0
1987,ARP_poisioning,ARP_poisioning,1.0,0.0,0.0,0.0,0.0,0.0,0.0,0.0,0.0,0.0,0.0
1988,ARP_poisioning,ARP_poisioning,0.99,0.0,0.0,0.0,0.0,0.0,0.0,0.0,0.0,0.01,0.0
1989,ARP_poisioning,ARP_poisioning,0.97767694598098,0.0,0.0,0.0,0.0,0.0,0.0,0.0,0.0,0.022323054019019795,0.0
1990,ARP_poisioning,ARP_poisioning,0.9758330661207307,0.0,0.0,0.0,0.009923371647509577,0.0,0.0,0.0,0.0,0.014243562231759656,0.0
1991,MQTT_Publish,MQTT_Publish,0.0,0.0,0.0,1.0,0.0,0.0,0.0,0.0,0.0,0.0,0.0
1992,ARP_poisioning,ARP_poisioning,1.0,0.0,0.0,0.0,0.0,0.0,0.0,0.0,0.0,0.0,0.0
1993,ARP_poisioning,ARP_poisioning,0.9915401670889455,0.0,0.0,0.0,0.0,0.0,0.0,0.0,0.0,0.00845983291105431,0.0
1994,Thing_Speak,Thing_Speak,0.0,0.0,0.0,0.0,0.0,0.0,0.0,0.0,0.0,1.0,0.0
1995,Wipro_bulb,Wipro_bulb,0.08859740686488422,0.0,0.0,0.0,0.0,0.0,0.0,0.0,0.0,0.034548485416314945,0.8768541077188007
1996,ARP_poisioning,ARP_poisioning,1.0,0.0,0.0,0.0,0.0,0.0,0.0,0.0,0.0,0.0,0.0
1997,MQTT_Publish,MQTT_Publish,0.0,0.0,0.0,1.0,0.0,0.0,0.0,0.0,0.0,0.0,0.0
1998,Thing_Speak,Thing_Speak,0.0,0.0,0.0,0.0,0.0,0.0,0.0,0.0,0.0,1.0,0.0
1999,MQTT_Publish,MQTT_Publish,0.0,0.0,0.0,1.0,0.0,0.0,0.0,0.0,0.0,0.0,0.0
2000,Thing_Speak,Thing_Speak,0.037044410825736854,0.0,0.0,0.0,0.0,0.0,0.0,0.0,0.0,0.9629555891742632,0.0
2001,Thing_Speak,Thing_Speak,0.0,0.0,0.0,0.0,0.0,0.0,0.0,0.0,0.0,1.0,0.0
2002,ARP_poisioning,ARP_poisioning,1.0,0.0,0.0,0.0,0.0,0.0,0.0,0.0,0.0,0.0,0.0
2003,ARP_poisioning,ARP_poisioning,1.0,0.0,0.0,0.0,0.0,0.0,0.0,0.0,0.0,0.0,0.0
2004,Thing_Speak,Thing_Speak,0.0,0.0,0.0,0.0,0.0,0.0,0.0,0.0,0.0,1.0,0.0
2005,MQTT_Publish,MQTT_Publish,0.0,0.0,0.0,1.0,0.0,0.0,0.0,0.0,0.0,0.0,0.0
2006,MQTT_Publish,MQTT_Publish,0.0,0.0,0.0,1.0,0.0,0.0,0.0,0.0,0.0,0.0,0.0
2007,Wipro_bulb,Wipro_bulb,0.0,0.0,0.0,0.0,0.0,0.0,0.0,0.0,0.0,0.0,1.0
2008,MQTT_Publish,MQTT_Publish,0.0,0.0,0.0,1.0,0.0,0.0,0.0,0.0,0.0,0.0,0.0
2009,MQTT_Publish,MQTT_Publish,0.0,0.0,0.0,1.0,0.0,0.0,0.0,0.0,0.0,0.0,0.0
2010,Thing_Speak,Thing_Speak,0.0,0.0,0.0,0.0,0.0,0.0,0.0,0.0,0.0,1.0,0.0
2011,ARP_poisioning,ARP_poisioning,1.0,0.0,0.0,0.0,0.0,0.0,0.0,0.0,0.0,0.0,0.0
2012,ARP_poisioning,ARP_poisioning,0.98,0.0,0.0,0.01,0.0,0.0,0.0,0.0,0.0,0.0,0.01
2013,ARP_poisioning,ARP_poisioning,0.9800816151092191,0.0,0.0,0.0,0.019918384890780915,0.0,0.0,0.0,0.0,0.0,0.0
2014,MQTT_Publish,MQTT_Publish,0.0,0.0,0.0,1.0,0.0,0.0,0.0,0.0,0.0,0.0,0.0
2015,MQTT_Publish,MQTT_Publish,0.0,0.0,0.0,1.0,0.0,0.0,0.0,0.0,0.0,0.0,0.0
2016,ARP_poisioning,ARP_poisioning,1.0,0.0,0.0,0.0,0.0,0.0,0.0,0.0,0.0,0.0,0.0
2017,MQTT_Publish,MQTT_Publish,0.0,0.0,0.0,1.0,0.0,0.0,0.0,0.0,0.0,0.0,0.0
2018,Thing_Speak,Thing_Speak,0.0,0.0,0.0,0.0,0.0,0.0,0.0,0.0,0.0,1.0,0.0
2019,Thing_Speak,Thing_Speak,0.0,0.0,0.0,0.0,0.0,0.0,0.0,0.0,0.0,1.0,0.0
2020,ARP_poisioning,ARP_poisioning,1.0,0.0,0.0,0.0,0.0,0.0,0.0,0.0,0.0,0.0,0.0
2021,ARP_poisioning,ARP_poisioning,1.0,0.0,0.0,0.0,0.0,0.0,0.0,0.0,0.0,0.0,0.0
2022,MQTT_Publish,MQTT_Publish,0.0,0.0,0.0,1.0,0.0,0.0,0.0,0.0,0.0,0.0,0.0
2023,Thing_Speak,Thing_Speak,0.0,0.0,0.0,0.0,0.0,0.0,0.0,0.0,0.0,1.0,0.0
2024,DDOS_Slowloris,DDOS_Slowloris,0.0,1.0,0.0,0.0,0.0,0.0,0.0,0.0,0.0,0.0,0.0
2025,Thing_Speak,Thing_Speak,0.0,0.0,0.0,0.0,0.0,0.0,0.0,0.0,0.0,1.0,0.0
2026,ARP_poisioning,ARP_poisioning,1.0,0.0,0.0,0.0,0.0,0.0,0.0,0.0,0.0,0.0,0.0
2027,MQTT_Publish,MQTT_Publish,0.0,0.0,0.0,1.0,0.0,0.0,0.0,0.0,0.0,0.0,0.0
2028,MQTT_Publish,MQTT_Publish,0.0,0.0,0.0,1.0,0.0,0.0,0.0,0.0,0.0,0.0,0.0
2029,Thing_Speak,Thing_Speak,0.0,0.0,0.0,0.0,0.0,0.0,0.0,0.0,0.0,1.0,0.0
2030,ARP_poisioning,ARP_poisioning,1.0,0.0,0.0,0.0,0.0,0.0,0.0,0.0,0.0,0.0,0.0
2031,ARP_poisioning,ARP_poisioning,1.0,0.0,0.0,0.0,0.0,0.0,0.0,0.0,0.0,0.0,0.0
2032,ARP_poisioning,ARP_poisioning,0.9361717026979521,0.0,0.0,0.0,0.0,0.0,0.0,0.019062805101016256,0.0,0.044765492201031536,0.0
2033,Thing_Speak,Thing_Speak,0.0,0.0,0.0,0.0,0.0,0.0,0.0,0.0,0.0,1.0,0.0
2034,Thing_Speak,Thing_Speak,0.0,0.0,0.0,0.0,0.0,0.0,0.0,0.0,0.0,1.0,0.0
2035,Wipro_bulb,Wipro_bulb,0.0,0.0,0.0,0.0,0.0,0.0,0.0,0.0,0.0,0.01,0.99
2036,Thing_Speak,Thing_Speak,0.0,0.0,0.0,0.0,0.0,0.0,0.0,0.0,0.0,1.0,0.0
2037,MQTT_Publish,MQTT_Publish,0.0,0.0,0.0,1.0,0.0,0.0,0.0,0.0,0.0,0.0,0.0
2038,MQTT_Publish,MQTT_Publish,0.0,0.0,0.0,1.0,0.0,0.0,0.0,0.0,0.0,0.0,0.0
2039,Thing_Speak,Thing_Speak,0.0,0.0,0.0,0.0,0.0,0.0,0.0,0.0,0.0,1.0,0.0
2040,Thing_Speak,Thing_Speak,0.0,0.0,0.0,0.0,0.0,0.0,0.0,0.0,0.0,1.0,0.0
2041,ARP_poisioning,ARP_poisioning,1.0,0.0,0.0,0.0,0.0,0.0,0.0,0.0,0.0,0.0,0.0
2042,MQTT_Publish,MQTT_Publish,0.0,0.0,0.0,1.0,0.0,0.0,0.0,0.0,0.0,0.0,0.0
2043,MQTT_Publish,MQTT_Publish,0.0,0.0,0.0,1.0,0.0,0.0,0.0,0.0,0.0,0.0,0.0
2044,MQTT_Publish,MQTT_Publish,0.0,0.0,0.0,1.0,0.0,0.0,0.0,0.0,0.0,0.0,0.0
2045,ARP_poisioning,ARP_poisioning,0.9946079466099684,0.0,0.0,0.0,0.0,0.0,0.0,0.0,0.0,0.005392053390031659,0.0
2046,ARP_poisioning,ARP_poisioning,0.9901857010213555,0.0,0.0,0.0,0.0,0.0,0.0,0.009814298978644382,0.0,0.0,0.0
2047,Thing_Speak,Thing_Speak,0.0,0.0,0.0,0.0,0.0,0.0,0.0,0.0,0.0,1.0,0.0
2048,ARP_poisioning,ARP_poisioning,0.9947672668487653,0.0,0.0,0.0,0.0,0.0,0.0,0.0,0.0,0.00523273315123474,0.0
2049,ARP_poisioning,ARP_poisioning,0.995746135959513,0.0,0.0,0.0,0.0,0.0,0.0,0.0,0.0,0.004253864040486937,0.0
2050,Thing_Speak,Thing_Speak,0.0,0.0,0.0,0.0,0.0,0.0,0.0,0.0,0.0,1.0,0.0
2051,Thing_Speak,Thing_Speak,0.0,0.0,0.0,0.0,0.0,0.0,0.0,0.0,0.0,1.0,0.0
2052,Thing_Speak,Thing_Speak,0.0,0.0,0.0,0.0,0.0,0.0,0.0,0.0,0.0,1.0,0.0
2053,Thing_Speak,Thing_Speak,0.0,0.0,0.0,0.0,0.0,0.0,0.0,0.0,0.0,1.0,0.0
2054,Thing_Speak,Thing_Speak,0.0,0.0,0.0,0.0,0.0,0.0,0.0,0.0,0.0,1.0,0.0
2055,ARP_poisioning,ARP_poisioning,1.0,0.0,0.0,0.0,0.0,0.0,0.0,0.0,0.0,0.0,0.0
2056,ARP_poisioning,ARP_poisioning,1.0,0.0,0.0,0.0,0.0,0.0,0.0,0.0,0.0,0.0,0.0
2057,MQTT_Publish,MQTT_Publish,0.0,0.0,0.0,1.0,0.0,0.0,0.0,0.0,0.0,0.0,0.0
2058,Thing_Speak,Thing_Speak,0.0,0.0,0.0,0.0,0.0,0.0,0.0,0.0,0.0,1.0,0.0
2059,Thing_Speak,Thing_Speak,0.0,0.0,0.0,0.0,0.0,0.0,0.0,0.0,0.0,1.0,0.0
2060,ARP_poisioning,ARP_poisioning,1.0,0.0,0.0,0.0,0.0,0.0,0.0,0.0,0.0,0.0,0.0
2061,MQTT_Publish,MQTT_Publish,0.0,0.0,0.0,1.0,0.0,0.0,0.0,0.0,0.0,0.0,0.0
2062,Thing_Speak,Thing_Speak,0.0,0.0,0.0,0.0,0.0,0.0,0.0,0.0,0.0,1.0,0.0
2063,Thing_Speak,Thing_Speak,0.0,0.0,0.0,0.0,0.0,0.0,0.0,0.0,0.0,1.0,0.0
2064,Wipro_bulb,Wipro_bulb,0.010521949713773914,0.0,0.0,0.0,0.0,0.0,0.0,0.0,0.0,0.18153039739549232,0.807947652890734
2065,Thing_Speak,Thing_Speak,0.0,0.0,0.0,0.0,0.0,0.0,0.0,0.0,0.0,1.0,0.0
2066,Thing_Speak,Thing_Speak,0.0,0.0,0.0,0.0,0.0,0.0,0.0,0.0,0.0,1.0,0.0
2067,MQTT_Publish,MQTT_Publish,0.0,0.0,0.0,1.0,0.0,0.0,0.0,0.0,0.0,0.0,0.0
2068,ARP_poisioning,ARP_poisioning,1.0,0.0,0.0,0.0,0.0,0.0,0.0,0.0,0.0,0.0,0.0
2069,MQTT_Publish,MQTT_Publish,0.0,0.0,0.0,1.0,0.0,0.0,0.0,0.0,0.0,0.0,0.0
2070,NMAP_XMAS_TREE_SCAN,NMAP_XMAS_TREE_SCAN,1.298479431248428e-05,0.0,0.0,4.75897649868369e-05,0.0,0.08506301265268318,0.011390912842513493,0.0002746408124414594,0.9024642203937272,3.4163212055015705e-06,0.0007432224181298227
2071,ARP_poisioning,ARP_poisioning,1.0,0.0,0.0,0.0,0.0,0.0,0.0,0.0,0.0,0.0,0.0
2072,ARP_poisioning,ARP_poisioning,1.0,0.0,0.0,0.0,0.0,0.0,0.0,0.0,0.0,0.0,0.0
2073,ARP_poisioning,ARP_poisioning,1.0,0.0,0.0,0.0,0.0,0.0,0.0,0.0,0.0,0.0,0.0
2074,MQTT_Publish,MQTT_Publish,0.0,0.0,0.0,1.0,0.0,0.0,0.0,0.0,0.0,0.0,0.0
2075,ARP_poisioning,ARP_poisioning,1.0,0.0,0.0,0.0,0.0,0.0,0.0,0.0,0.0,0.0,0.0
2076,ARP_poisioning,ARP_poisioning,0.8049202314019603,0.0,0.0,0.0,0.0,0.0,0.0,0.01919351106328231,0.0,0.17588625753475737,0.0
2077,ARP_poisioning,ARP_poisioning,1.0,0.0,0.0,0.0,0.0,0.0,0.0,0.0,0.0,0.0,0.0
2078,ARP_poisioning,ARP_poisioning,0.9980610514414923,0.0,0.0,0.0,0.0,0.0,0.0,0.0,0.0,0.0019389485585076312,0.0
2079,MQTT_Publish,MQTT_Publish,0.0,0.0,0.0,1.0,0.0,0.0,0.0,0.0,0.0,0.0,0.0
2080,ARP_poisioning,ARP_poisioning,1.0,0.0,0.0,0.0,0.0,0.0,0.0,0.0,0.0,0.0,0.0
2081,Thing_Speak,Thing_Speak,0.0,0.0,0.0,0.0,0.0,0.0,0.0,0.0,0.0,1.0,0.0
2082,Thing_Speak,Thing_Speak,0.0,0.0,0.0,0.0,0.0,0.0,0.0,0.0,0.0,1.0,0.0
2083,MQTT_Publish,MQTT_Publish,0.0,0.0,0.0,1.0,0.0,0.0,0.0,0.0,0.0,0.0,0.0
2084,MQTT_Publish,MQTT_Publish,0.0,0.0,0.0,1.0,0.0,0.0,0.0,0.0,0.0,0.0,0.0
2085,Thing_Speak,Thing_Speak,0.0,0.0,0.0,0.0,0.0,0.0,0.0,0.0,0.0,1.0,0.0
2086,MQTT_Publish,MQTT_Publish,0.0,0.0,0.0,1.0,0.0,0.0,0.0,0.0,0.0,0.0,0.0
2087,MQTT_Publish,MQTT_Publish,0.0,0.0,0.0,1.0,0.0,0.0,0.0,0.0,0.0,0.0,0.0
2088,Thing_Speak,Thing_Speak,0.0,0.0,0.0,0.0,0.0,0.0,0.0,0.0,0.0,1.0,0.0
2089,Thing_Speak,Thing_Speak,0.0,0.0,0.0,0.0,0.0,0.0,0.0,0.0,0.0,1.0,0.0
2090,MQTT_Publish,MQTT_Publish,0.0,0.0,0.0,1.0,0.0,0.0,0.0,0.0,0.0,0.0,0.0
2091,MQTT_Publish,MQTT_Publish,0.0,0.0,0.0,1.0,0.0,0.0,0.0,0.0,0.0,0.0,0.0
2092,ARP_poisioning,ARP_poisioning,1.0,0.0,0.0,0.0,0.0,0.0,0.0,0.0,0.0,0.0,0.0
2093,Thing_Speak,Thing_Speak,0.0,0.0,0.0,0.0,0.0,0.0,0.0,0.0,0.0,1.0,0.0
2094,ARP_poisioning,ARP_poisioning,0.980388764803013,0.0,0.009852262234533702,0.005606225117625768,0.0,0.0,0.0,0.0,0.0,0.004152747844827586,0.0
2095,MQTT_Publish,MQTT_Publish,0.0,0.0,0.0,1.0,0.0,0.0,0.0,0.0,0.0,0.0,0.0
2096,NMAP_UDP_SCAN,NMAP_UDP_SCAN,1.0322104921765483e-05,0.18898460648679127,0.0,0.0,0.0,0.0,0.0,0.810594508224206,0.0,0.0,0.00041056318408096685
2097,Wipro_bulb,Wipro_bulb,3.687867081389752e-05,0.0,0.0,0.0,0.0,0.0,0.0,0.0,0.0,0.0003451092132822452,0.9996180121159038
2098,Thing_Speak,Thing_Speak,0.0,0.0,0.0,0.0,0.0,0.0,0.0,0.0,0.0,1.0,0.0
2099,NMAP_OS_DETECTION,NMAP_OS_DETECTION,0.00011390926244509308,1.6187824150449924e-05,0.0,4.135211154144212e-05,0.0,0.8974430690227053,0.018726165647629075,0.0002746408124414594,0.08257724524225296,3.4163212055015705e-06,0.0008040137556287519
2100,Thing_Speak,Thing_Speak,0.0,0.0,0.0,0.0,0.0,0.0,0.0,0.0,0.0,1.0,0.0
2101,Thing_Speak,Thing_Speak,0.0,0.0,0.0,0.0,0.0,0.0,0.0,0.0,0.0,1.0,0.0
2102,ARP_poisioning,ARP_poisioning,1.0,0.0,0.0,0.0,0.0,0.0,0.0,0.0,0.0,0.0,0.0
2103,MQTT_Publish,MQTT_Publish,0.0,0.0,0.0,1.0,0.0,0.0,0.0,0.0,0.0,0.0,0.0
2104,Thing_Speak,Thing_Speak,0.0,0.0,0.0,0.0,0.0,0.0,0.0,0.0,0.0,1.0,0.0
2105,MQTT_Publish,MQTT_Publish,0.0,0.0,0.0,1.0,0.0,0.0,0.0,0.0,0.0,0.0,0.0
2106,NMAP_XMAS_TREE_SCAN,NMAP_XMAS_TREE_SCAN,4.2674136226389285e-05,0.0,0.0,2.890442975255265e-05,0.0,0.09116153350384038,0.006687772577173575,0.0002746408124414594,0.9012643190508273,3.4163212055015705e-06,0.000536739168533056
2107,Thing_Speak,Thing_Speak,0.0,0.0,0.0,0.0,0.0,0.0,0.0,0.0,0.0,1.0,0.0
2108,Thing_Speak,Thing_Speak,0.0,0.0,0.0,0.0,0.0,0.0,0.0,0.0,0.0,1.0,0.0
2109,Thing_Speak,Thing_Speak,0.0,0.0,0.0,0.0,0.0,0.0,0.0,0.0,0.0,1.0,0.0
2110,MQTT_Publish,MQTT_Publish,0.0,0.0,0.0,1.0,0.0,0.0,0.0,0.0,0.0,0.0,0.0
2111,ARP_poisioning,ARP_poisioning,1.0,0.0,0.0,0.0,0.0,0.0,0.0,0.0,0.0,0.0,0.0
2112,DDOS_Slowloris,DDOS_Slowloris,0.002239558329332693,0.9977604416706672,0.0,0.0,0.0,0.0,0.0,0.0,0.0,0.0,0.0
2113,NMAP_UDP_SCAN,NMAP_UDP_SCAN,0.21142021162844615,0.0,0.0,0.0,0.0,0.0,0.0,0.28141710248358737,0.24134589475978344,0.2564952833676508,0.00932150776053215
2114,Thing_Speak,Thing_Speak,0.0,0.0,0.0,0.0,0.0,0.0,0.0,0.0,0.0,1.0,0.0
2115,ARP_poisioning,ARP_poisioning,0.9901214953271028,0.0,0.0,0.0,0.009878504672897196,0.0,0.0,0.0,0.0,0.0,0.0
2116,ARP_poisioning,ARP_poisioning,0.9875827158351318,0.0,0.0,0.0,0.0,0.0,0.0,0.0,0.0,0.012417284164868196,0.0
2117,Thing_Speak,Thing_Speak,0.0,0.0,0.0,0.0,0.0,0.0,0.0,0.0,0.0,1.0,0.0
2118,MQTT_Publish,MQTT_Publish,0.0,0.0,0.0,1.0,0.0,0.0,0.0,0.0,0.0,0.0,0.0
2119,MQTT_Publish,MQTT_Publish,0.0,0.0,0.0,1.0,0.0,0.0,0.0,0.0,0.0,0.0,0.0
2120,ARP_poisioning,ARP_poisioning,0.9711795298335545,0.0,0.0,0.0,0.0,0.0,0.0,0.0,0.0,0.028820470166445497,0.0
2121,Thing_Speak,Thing_Speak,0.0,0.0,0.0,0.0,0.0,0.0,0.0,0.0,0.0,1.0,0.0
2122,MQTT_Publish,MQTT_Publish,0.0,0.0,0.0,1.0,0.0,0.0,0.0,0.0,0.0,0.0,0.0
2123,ARP_poisioning,ARP_poisioning,1.0,0.0,0.0,0.0,0.0,0.0,0.0,0.0,0.0,0.0,0.0
2124,Thing_Speak,Thing_Speak,0.0,0.0,0.0,0.0,0.0,0.0,0.0,0.0,0.0,1.0,0.0
2125,ARP_poisioning,ARP_poisioning,1.0,0.0,0.0,0.0,0.0,0.0,0.0,0.0,0.0,0.0,0.0
2126,ARP_poisioning,ARP_poisioning,1.0,0.0,0.0,0.0,0.0,0.0,0.0,0.0,0.0,0.0,0.0
2127,Thing_Speak,Thing_Speak,0.0,0.0,0.0,0.0,0.0,0.0,0.0,0.0,0.0,1.0,0.0
2128,MQTT_Publish,MQTT_Publish,0.0,0.0,0.0,1.0,0.0,0.0,0.0,0.0,0.0,0.0,0.0
2129,ARP_poisioning,ARP_poisioning,0.99728533056061,0.0,0.0,0.0,0.0,0.0,0.0,0.0,0.0,0.002714669439390001,0.0
2130,MQTT_Publish,MQTT_Publish,0.0,0.0,0.0,1.0,0.0,0.0,0.0,0.0,0.0,0.0,0.0
2131,Thing_Speak,Thing_Speak,0.0,0.0,0.0,0.0,0.0,0.0,0.0,0.0,0.0,1.0,0.0
2132,Thing_Speak,Thing_Speak,0.0,0.0,0.0,0.0,0.0,0.0,0.0,0.0,0.0,1.0,0.0
2133,ARP_poisioning,ARP_poisioning,1.0,0.0,0.0,0.0,0.0,0.0,0.0,0.0,0.0,0.0,0.0
2134,ARP_poisioning,ARP_poisioning,0.9698006350940375,0.0,0.0,0.0,0.0,0.0,0.0,0.0,0.0,0.03019936490596263,0.0
2135,MQTT_Publish,MQTT_Publish,0.0,0.0,0.0,1.0,0.0,0.0,0.0,0.0,0.0,0.0,0.0
2136,ARP_poisioning,ARP_poisioning,1.0,0.0,0.0,0.0,0.0,0.0,0.0,0.0,0.0,0.0,0.0
2137,DDOS_Slowloris,NMAP_UDP_SCAN,6.229864859579792e-05,0.3767267476579025,0.0034124938975558135,3.335658499169606e-05,0.0,0.0,0.0,0.6191309729899871,0.0,0.00022356703688614183,0.00041056318408096685
2138,Thing_Speak,Thing_Speak,0.17726041729390915,0.0,0.0,0.0,0.0,0.0,0.0,0.047604890395481256,0.009928729991821475,0.7652059623187878,0.0
2139,Thing_Speak,Thing_Speak,0.0,0.0,0.0,0.0,0.0,0.0,0.0,0.0,0.0,1.0,0.0
2140,MQTT_Publish,MQTT_Publish,0.0,0.0,0.0,1.0,0.0,0.0,0.0,0.0,0.0,0.0,0.0
2141,Wipro_bulb,Wipro_bulb,0.01813339283697778,0.0,0.0,0.0,0.0,0.0,0.0,0.02749127031942693,0.0,0.014992663215021549,0.9393826736285737
2142,MQTT_Publish,MQTT_Publish,0.0,0.0,0.0,1.0,0.0,0.0,0.0,0.0,0.0,0.0,0.0
2143,ARP_poisioning,ARP_poisioning,1.0,0.0,0.0,0.0,0.0,0.0,0.0,0.0,0.0,0.0,0.0
2144,Thing_Speak,Thing_Speak,0.0,0.0,0.0,0.0,0.0,0.0,0.0,0.0,0.0,1.0,0.0
2145,Thing_Speak,Thing_Speak,0.0,0.0,0.0,0.0,0.0,0.0,0.0,0.0,0.0,1.0,0.0
2146,Thing_Speak,Thing_Speak,0.0,0.0,0.0,0.0,0.0,0.0,0.0,0.0,0.0,1.0,0.0
2147,Thing_Speak,Thing_Speak,0.0,0.0,0.0,0.0,0.0,0.0,0.0,0.0,0.0,1.0,0.0
2148,Thing_Speak,Thing_Speak,0.0,0.0,0.0,0.0,0.0,0.0,0.0,0.0,0.0,1.0,0.0
2149,ARP_poisioning,ARP_poisioning,1.0,0.0,0.0,0.0,0.0,0.0,0.0,0.0,0.0,0.0,0.0
2150,Thing_Speak,Thing_Speak,0.0,0.0,0.0,0.0,0.0,0.0,0.0,0.0,0.0,1.0,0.0
2151,Thing_Speak,Thing_Speak,0.0,0.0,0.0,0.0,0.0,0.0,0.0,0.0,0.0,1.0,0.0
2152,Thing_Speak,Thing_Speak,0.005733944954128441,0.0,0.0,0.0,0.0,0.0,0.0,0.0,0.0,0.9942660550458716,0.0
2153,Thing_Speak,Thing_Speak,0.0,0.0,0.0,0.0,0.0,0.0,0.0,0.0,0.0,1.0,0.0
2154,ARP_poisioning,ARP_poisioning,1.0,0.0,0.0,0.0,0.0,0.0,0.0,0.0,0.0,0.0,0.0
2155,Thing_Speak,Thing_Speak,0.0,0.0,0.0,0.0,0.0,0.0,0.0,0.0,0.0,1.0,0.0
2156,Thing_Speak,Thing_Speak,0.0,0.0,0.0,0.0,0.0,0.0,0.0,0.0,0.0,1.0,0.0
2157,MQTT_Publish,MQTT_Publish,0.0,0.0,0.0,1.0,0.0,0.0,0.0,0.0,0.0,0.0,0.0
2158,MQTT_Publish,MQTT_Publish,0.0,0.0,0.0,1.0,0.0,0.0,0.0,0.0,0.0,0.0,0.0
2159,Thing_Speak,Thing_Speak,0.0,0.0,0.0,0.0,0.0,0.0,0.0,0.0,0.0,1.0,0.0
2160,Thing_Speak,Thing_Speak,0.0,0.0,0.0,0.0,0.0,0.0,0.0,0.0,0.0,1.0,0.0
2161,MQTT_Publish,MQTT_Publish,0.0,0.0,0.0,1.0,0.0,0.0,0.0,0.0,0.0,0.0,0.0
2162,MQTT_Publish,MQTT_Publish,0.0,0.0,0.0,1.0,0.0,0.0,0.0,0.0,0.0,0.0,0.0
2163,MQTT_Publish,MQTT_Publish,0.0,0.0,0.0,1.0,0.0,0.0,0.0,0.0,0.0,0.0,0.0
2164,DDOS_Slowloris,DDOS_Slowloris,0.0115,0.9884999999999999,0.0,0.0,0.0,0.0,0.0,0.0,0.0,0.0,0.0
2165,ARP_poisioning,ARP_poisioning,1.0,0.0,0.0,0.0,0.0,0.0,0.0,0.0,0.0,0.0,0.0
2166,MQTT_Publish,MQTT_Publish,0.0,0.0,0.0,1.0,0.0,0.0,0.0,0.0,0.0,0.0,0.0
2167,ARP_poisioning,ARP_poisioning,1.0,0.0,0.0,0.0,0.0,0.0,0.0,0.0,0.0,0.0,0.0
2168,Thing_Speak,Thing_Speak,0.0,0.0,0.0,0.0,0.0,0.0,0.0,0.0,0.0,1.0,0.0
2169,ARP_poisioning,ARP_poisioning,0.8334236670759883,0.009542796607907307,0.0,0.0,0.0,0.0,0.0,0.02809198078564613,0.0,0.12894155553045852,0.0
2170,Thing_Speak,Thing_Speak,0.0,0.0,0.0,0.0,0.0,0.0,0.0,0.0,0.0,1.0,0.0
2171,ARP_poisioning,ARP_poisioning,1.0,0.0,0.0,0.0,0.0,0.0,0.0,0.0,0.0,0.0,0.0
2172,MQTT_Publish,MQTT_Publish,0.0,0.0,0.0,1.0,0.0,0.0,0.0,0.0,0.0,0.0,0.0
2173,ARP_poisioning,ARP_poisioning,0.9866454543407959,0.0,0.0,0.0,0.0,0.0,0.0,0.0,0.0,0.013354545659204105,0.0
2174,ARP_poisioning,ARP_poisioning,1.0,0.0,0.0,0.0,0.0,0.0,0.0,0.0,0.0,0.0,0.0
2175,Thing_Speak,Thing_Speak,0.0,0.0,0.0,0.0,0.0,0.0,0.0,0.0,0.0,1.0,0.0
2176,Thing_Speak,Thing_Speak,0.0,0.0,0.0,0.0,0.0,0.0,0.0,0.0,0.0,1.0,0.0
2177,MQTT_Publish,MQTT_Publish,0.0,0.0,0.0,1.0,0.0,0.0,0.0,0.0,0.0,0.0,0.0
2178,Thing_Speak,Thing_Speak,0.0,0.0,0.0,0.0,0.0,0.0,0.0,0.0,0.0,1.0,0.0
2179,ARP_poisioning,ARP_poisioning,0.9897988986441324,0.0,0.0,0.0,0.0,0.0,0.0,0.0,0.0,0.010201101355867624,0.0
2180,Thing_Speak,Thing_Speak,0.0,0.0,0.0,0.0,0.0,0.0,0.0,0.0,0.0,1.0,0.0
2181,ARP_poisioning,ARP_poisioning,1.0,0.0,0.0,0.0,0.0,0.0,0.0,0.0,0.0,0.0,0.0
2182,MQTT_Publish,MQTT_Publish,0.0,0.0,0.0,1.0,0.0,0.0,0.0,0.0,0.0,0.0,0.0
2183,Thing_Speak,Thing_Speak,0.0,0.0,0.0,0.0,0.0,0.0,0.0,0.0,0.0,1.0,0.0
2184,Thing_Speak,Thing_Speak,0.0,0.0,0.0,0.0,0.0,0.0,0.0,0.0,0.0,1.0,0.0
2185,ARP_poisioning,ARP_poisioning,1.0,0.0,0.0,0.0,0.0,0.0,0.0,0.0,0.0,0.0,0.0
2186,ARP_poisioning,ARP_poisioning,0.9124818284481219,0.016885774490933286,0.0,0.0,0.0,0.0,0.0,0.0,0.0,0.060800296556072206,0.009832100504872607
2187,Thing_Speak,Thing_Speak,0.0,0.0,0.0,0.0,0.0,0.0,0.0,0.0,0.0,1.0,0.0
2188,ARP_poisioning,ARP_poisioning,1.0,0.0,0.0,0.0,0.0,0.0,0.0,0.0,0.0,0.0,0.0
2189,DDOS_Slowloris,DDOS_Slowloris,0.0,1.0,0.0,0.0,0.0,0.0,0.0,0.0,0.0,0.0,0.0
2190,MQTT_Publish,MQTT_Publish,0.0,0.0,0.0,1.0,0.0,0.0,0.0,0.0,0.0,0.0,0.0
2191,DDOS_Slowloris,DDOS_Slowloris,0.0,1.0,0.0,0.0,0.0,0.0,0.0,0.0,0.0,0.0,0.0
2192,MQTT_Publish,MQTT_Publish,0.0,0.0,0.0,1.0,0.0,0.0,0.0,0.0,0.0,0.0,0.0
2193,Thing_Speak,Thing_Speak,0.0,0.0,0.0,0.0,0.0,0.0,0.0,0.0,0.0,1.0,0.0
2194,Thing_Speak,Thing_Speak,0.0,0.0,0.0,0.0,0.0,0.0,0.0,0.0,0.0,1.0,0.0
2195,Thing_Speak,Thing_Speak,0.15003077501331005,0.009644528063062228,0.0,0.0,0.07916853784493577,0.0,0.0,0.0385751672183028,0.0,0.6934613314010953,0.029119660459293886
2196,ARP_poisioning,ARP_poisioning,0.99728533056061,0.0,0.0,0.0,0.0,0.0,0.0,0.0,0.0,0.002714669439390001,0.0
2197,MQTT_Publish,MQTT_Publish,0.0,0.0,0.0,1.0,0.0,0.0,0.0,0.0,0.0,0.0,0.0
2198,MQTT_Publish,MQTT_Publish,0.0,0.0,0.0,1.0,0.0,0.0,0.0,0.0,0.0,0.0,0.0
2199,Thing_Speak,Thing_Speak,0.0,0.0,0.0,0.0,0.0,0.0,0.0,0.0,0.0,1.0,0.0
2200,ARP_poisioning,ARP_poisioning,0.916910345974372,0.0,0.0,0.0,0.0,0.0,0.0,0.0,0.0,0.07331651427971128,0.009773139745916514
2201,ARP_poisioning,ARP_poisioning,0.99,0.0,0.0,0.0,0.01,0.0,0.0,0.0,0.0,0.0,0.0
2202,ARP_poisioning,ARP_poisioning,0.9879054840578747,0.0,0.0,0.0,0.0,0.0,0.0,0.009396513187304426,0.0,0.002698002754820937,0.0
2203,ARP_poisioning,ARP_poisioning,1.0,0.0,0.0,0.0,0.0,0.0,0.0,0.0,0.0,0.0,0.0
2204,NMAP_TCP_scan,NMAP_TCP_scan,4.4844426669243135e-05,1.6187824150449924e-05,0.0,0.0,0.0,0.033273916526487875,0.9642105439377421,0.0006874345593339698,0.001723811306699429,8.060340593437548e-06,3.520107832338062e-05
2205,ARP_poisioning,ARP_poisioning,1.0,0.0,0.0,0.0,0.0,0.0,0.0,0.0,0.0,0.0,0.0
2206,MQTT_Publish,MQTT_Publish,0.0,0.0,0.0,1.0,0.0,0.0,0.0,0.0,0.0,0.0,0.0
2207,ARP_poisioning,ARP_poisioning,0.775773568762538,0.0,0.0,0.0,0.0,0.0,0.0,0.0,0.0,0.22422643123746205,0.0
2208,Thing_Speak,Thing_Speak,0.0,0.0,0.0,0.0,0.0,0.0,0.0,0.0,0.0,1.0,0.0
2209,MQTT_Publish,MQTT_Publish,0.0,0.0,0.0,1.0,0.0,0.0,0.0,0.0,0.0,0.0,0.0
2210,MQTT_Publish,MQTT_Publish,0.0,0.0,0.0,1.0,0.0,0.0,0.0,0.0,0.0,0.0,0.0
2211,Thing_Speak,Thing_Speak,0.0,0.0,0.0,0.0,0.0,0.0,0.0,0.0,0.0,1.0,0.0
2212,DOS_SYN_Hping,DOS_SYN_Hping,1.3581914766902935e-05,3.436426116838489e-05,0.9997022196729409,0.0,0.0,0.0,0.0,0.00024740014127369895,0.0,2.4340098499717754e-06,0.0
2213,ARP_poisioning,ARP_poisioning,0.9793675221894586,0.0,0.01,0.0063454055671954505,0.0,0.0,0.0,0.0,0.0,0.004287072243346007,0.0
2214,Thing_Speak,Thing_Speak,0.0,0.0,0.0,0.0,0.0,0.0,0.0,0.0,0.0,1.0,0.0
2215,MQTT_Publish,MQTT_Publish,0.0,0.0,0.0,1.0,0.0,0.0,0.0,0.0,0.0,0.0,0.0
2216,ARP_poisioning,ARP_poisioning,1.0,0.0,0.0,0.0,0.0,0.0,0.0,0.0,0.0,0.0,0.0
2217,MQTT_Publish,MQTT_Publish,0.0,0.0,0.0,1.0,0.0,0.0,0.0,0.0,0.0,0.0,0.0
2218,ARP_poisioning,ARP_poisioning,1.0,0.0,0.0,0.0,0.0,0.0,0.0,0.0,0.0,0.0,0.0
2219,NMAP_UDP_SCAN,NMAP_UDP_SCAN,0.0013590853501727169,0.0,0.0025340423167651404,0.0,0.011166440251355946,0.0,0.0,0.9811972993374958,0.0,0.003514835966582695,0.00022829677762749745
2220,ARP_poisioning,ARP_poisioning,1.0,0.0,0.0,0.0,0.0,0.0,0.0,0.0,0.0,0.0,0.0
2221,ARP_poisioning,ARP_poisioning,1.0,0.0,0.0,0.0,0.0,0.0,0.0,0.0,0.0,0.0,0.0
2222,Thing_Speak,Thing_Speak,0.0,0.0,0.0,0.0,0.0,0.0,0.0,0.0,0.0,1.0,0.0
2223,Thing_Speak,Thing_Speak,0.0,0.0,0.0,0.0,0.0,0.0,0.0,0.0,0.0,1.0,0.0
2224,ARP_poisioning,ARP_poisioning,1.0,0.0,0.0,0.0,0.0,0.0,0.0,0.0,0.0,0.0,0.0
2225,Wipro_bulb,Wipro_bulb,0.005764387271496276,0.0,0.0,0.0,0.0,0.0,0.0,0.0,0.0,0.014235612728503724,0.98
2226,Thing_Speak,Thing_Speak,0.0,0.0,0.0,0.0,0.0,0.0,0.0,0.0,0.0,1.0,0.0
2227,MQTT_Publish,MQTT_Publish,0.0,0.0,0.0,1.0,0.0,0.0,0.0,0.0,0.0,0.0,0.0
2228,ARP_poisioning,ARP_poisioning,1.0,0.0,0.0,0.0,0.0,0.0,0.0,0.0,0.0,0.0,0.0
2229,Thing_Speak,Thing_Speak,0.0,0.0,0.0,0.0,0.0,0.0,0.0,0.0,0.0,1.0,0.0
2230,NMAP_UDP_SCAN,NMAP_UDP_SCAN,2.481490310514844e-05,0.3975933733605206,0.0034124938975558135,0.0,0.0,0.0,0.0,0.5985122398137586,0.0,4.651484097903673e-05,0.00041056318408096685
2231,Thing_Speak,Thing_Speak,0.0,0.0,0.0,0.0,0.0,0.0,0.0,0.0,0.0,1.0,0.0
2232,Thing_Speak,Thing_Speak,0.0,0.0,0.0,0.0,0.0,0.0,0.0,0.0,0.0,1.0,0.0
2233,Thing_Speak,Thing_Speak,0.0,0.0,0.0,0.0,0.0,0.0,0.0,0.0,0.0,1.0,0.0
2234,MQTT_Publish,MQTT_Publish,0.0,0.0,0.0,1.0,0.0,0.0,0.0,0.0,0.0,0.0,0.0
2235,MQTT_Publish,MQTT_Publish,0.0,0.0,0.0,1.0,0.0,0.0,0.0,0.0,0.0,0.0,0.0
2236,ARP_poisioning,Thing_Speak,0.4393963795131017,0.0,0.0,0.0,0.0,0.0,0.0,0.0,0.0,0.5606036204868984,0.0
2237,ARP_poisioning,ARP_poisioning,1.0,0.0,0.0,0.0,0.0,0.0,0.0,0.0,0.0,0.0,0.0
2238,ARP_poisioning,ARP_poisioning,0.6328972815902291,0.01,0.0,0.05278798003668026,0.009953051643192488,0.0,0.0,0.009754754234646161,0.0,0.13905122753463817,0.14555570496061385
2239,ARP_poisioning,ARP_poisioning,1.0,0.0,0.0,0.0,0.0,0.0,0.0,0.0,0.0,0.0,0.0
2240,MQTT_Publish,MQTT_Publish,0.0,0.0,0.0,1.0,0.0,0.0,0.0,0.0,0.0,0.0,0.0
2241,MQTT_Publish,MQTT_Publish,0.0,0.0,0.0,1.0,0.0,0.0,0.0,0.0,0.0,0.0,0.0
2242,ARP_poisioning,ARP_poisioning,1.0,0.0,0.0,0.0,0.0,0.0,0.0,0.0,0.0,0.0,0.0
2243,Thing_Speak,Thing_Speak,0.0,0.0,0.0,0.0,0.0,0.0,0.0,0.0,0.0,1.0,0.0
2244,MQTT_Publish,MQTT_Publish,0.0,0.0,0.0,1.0,0.0,0.0,0.0,0.0,0.0,0.0,0.0
2245,MQTT_Publish,MQTT_Publish,0.0,0.0,0.0,1.0,0.0,0.0,0.0,0.0,0.0,0.0,0.0
2246,Thing_Speak,Thing_Speak,0.0,0.0,0.0,0.0,0.0,0.0,0.0,0.0,0.0,1.0,0.0
2247,ARP_poisioning,ARP_poisioning,0.975479684313469,0.0,0.0,0.0,0.0,0.0,0.0,0.0,0.0,0.02452031568653097,0.0
2248,Thing_Speak,Thing_Speak,0.0,0.0,0.0,0.0,0.0,0.0,0.0,0.0,0.0,1.0,0.0
2249,ARP_poisioning,ARP_poisioning,1.0,0.0,0.0,0.0,0.0,0.0,0.0,0.0,0.0,0.0,0.0
2250,Thing_Speak,Thing_Speak,0.0,0.0,0.0,0.0,0.0,0.0,0.0,0.0,0.0,1.0,0.0
2251,ARP_poisioning,ARP_poisioning,1.0,0.0,0.0,0.0,0.0,0.0,0.0,0.0,0.0,0.0,0.0
2252,ARP_poisioning,ARP_poisioning,1.0,0.0,0.0,0.0,0.0,0.0,0.0,0.0,0.0,0.0,0.0
2253,Thing_Speak,Thing_Speak,0.0,0.0,0.0,0.0,0.0,0.0,0.0,0.0,0.0,1.0,0.0
2254,DOS_SYN_Hping,DOS_SYN_Hping,1.3581914766902935e-05,3.436426116838489e-05,0.9997022196729409,0.0,0.0,0.0,0.0,0.00024740014127369895,0.0,2.4340098499717754e-06,0.0
2255,Thing_Speak,Thing_Speak,0.0,0.0,0.0,0.0,0.0,0.0,0.0,0.0,0.0,1.0,0.0
2256,Thing_Speak,Thing_Speak,0.0,0.0,0.0,0.0,0.0,0.0,0.0,0.0,0.0,1.0,0.0
2257,DDOS_Slowloris,DDOS_Slowloris,0.0,1.0,0.0,0.0,0.0,0.0,0.0,0.0,0.0,0.0,0.0
2258,Thing_Speak,Thing_Speak,0.0,0.0,0.0,0.0,0.0,0.0,0.0,0.0,0.0,1.0,0.0
2259,Thing_Speak,Thing_Speak,0.0,0.0,0.0,0.0,0.0,0.0,0.0,0.0,0.0,1.0,0.0
2260,Thing_Speak,Thing_Speak,0.0,0.0,0.0,0.0,0.0,0.0,0.0,0.0,0.0,1.0,0.0
2261,ARP_poisioning,ARP_poisioning,1.0,0.0,0.0,0.0,0.0,0.0,0.0,0.0,0.0,0.0,0.0
2262,DDOS_Slowloris,DDOS_Slowloris,0.0,1.0,0.0,0.0,0.0,0.0,0.0,0.0,0.0,0.0,0.0
2263,MQTT_Publish,MQTT_Publish,0.0,0.0,0.0,1.0,0.0,0.0,0.0,0.0,0.0,0.0,0.0
2264,Thing_Speak,Thing_Speak,0.0,0.0,0.0,0.0,0.0,0.0,0.0,0.0,0.0,1.0,0.0
2265,MQTT_Publish,MQTT_Publish,0.0,0.0,0.0,1.0,0.0,0.0,0.0,0.0,0.0,0.0,0.0
2266,DDOS_Slowloris,DDOS_Slowloris,0.0015,0.9984999999999999,0.0,0.0,0.0,0.0,0.0,0.0,0.0,0.0,0.0
2267,ARP_poisioning,ARP_poisioning,1.0,0.0,0.0,0.0,0.0,0.0,0.0,0.0,0.0,0.0,0.0
2268,Thing_Speak,Thing_Speak,0.0,0.0,0.0,0.0,0.0,0.0,0.0,0.0,0.0,1.0,0.0
2269,Thing_Speak,Thing_Speak,0.0,0.0,0.0,0.0,0.0,0.0,0.0,0.0,0.0,1.0,0.0
2270,Thing_Speak,Thing_Speak,0.0,0.0,0.0,0.0,0.0,0.0,0.0,0.0,0.0,1.0,0.0
2271,ARP_poisioning,ARP_poisioning,1.0,0.0,0.0,0.0,0.0,0.0,0.0,0.0,0.0,0.0,0.0
2272,NMAP_TCP_scan,NMAP_TCP_scan,4.4844426669243135e-05,1.6187824150449924e-05,0.0,0.0,0.0,0.02327391652648787,0.973380219027995,0.0015177594690812624,0.001723811306699429,8.060340593437548e-06,3.520107832338062e-05
2273,Thing_Speak,Thing_Speak,0.0,0.0,0.0,0.0,0.0,0.0,0.0,0.0,0.0,1.0,0.0
2274,ARP_poisioning,ARP_poisioning,1.0,0.0,0.0,0.0,0.0,0.0,0.0,0.0,0.0,0.0,0.0
2275,Thing_Speak,Thing_Speak,0.0,0.0,0.0,0.0,0.0,0.0,0.0,0.0,0.0,1.0,0.0
2276,ARP_poisioning,ARP_poisioning,1.0,0.0,0.0,0.0,0.0,0.0,0.0,0.0,0.0,0.0,0.0
2277,Thing_Speak,Thing_Speak,0.0,0.0,0.0,0.0,0.0,0.0,0.0,0.0,0.0,1.0,0.0
2278,ARP_poisioning,ARP_poisioning,1.0,0.0,0.0,0.0,0.0,0.0,0.0,0.0,0.0,0.0,0.0
2279,Thing_Speak,Thing_Speak,0.005639036341363823,0.0,0.0,0.0,0.0,0.0,0.0,0.009516778523489932,0.0,0.9848441851351463,0.0
2280,ARP_poisioning,ARP_poisioning,0.9171620653392182,0.0,0.0,0.0,0.0,0.0,0.0,0.0,0.0,0.07306479491486512,0.009773139745916514
2281,DDOS_Slowloris,DDOS_Slowloris,0.0,1.0,0.0,0.0,0.0,0.0,0.0,0.0,0.0,0.0,0.0
2282,MQTT_Publish,MQTT_Publish,0.0,0.0,0.0,1.0,0.0,0.0,0.0,0.0,0.0,0.0,0.0
2283,ARP_poisioning,ARP_poisioning,1.0,0.0,0.0,0.0,0.0,0.0,0.0,0.0,0.0,0.0,0.0
2284,Thing_Speak,Thing_Speak,0.0,0.0,0.0,0.0,0.0,0.0,0.0,0.0,0.0,1.0,0.0
2285,Thing_Speak,Thing_Speak,0.0,0.0,0.0,0.0,0.0,0.0,0.0,0.0,0.0,1.0,0.0
2286,ARP_poisioning,ARP_poisioning,0.9925068935171605,0.0,0.0,0.0,0.0,0.0,0.0,0.0,0.0,0.007493106482839542,0.0
2287,ARP_poisioning,ARP_poisioning,0.9794048849369186,0.0,0.0,0.0,0.0,0.0,0.0,0.0,0.0,0.020595115063081437,0.0
2288,MQTT_Publish,MQTT_Publish,0.0,0.0,0.0,1.0,0.0,0.0,0.0,0.0,0.0,0.0,0.0
2289,Wipro_bulb,Wipro_bulb,0.06764064750686405,0.0,0.0,0.0,0.009981270989408422,0.0,0.0,0.02749127031942693,0.0,0.10876679625480794,0.7861200149294928
2290,ARP_poisioning,ARP_poisioning,0.43691263247984063,0.0,0.0,0.0,0.0,0.0,0.0,0.23988539293919284,0.13113843130717612,0.19206354327379038,0.0
2291,Thing_Speak,Thing_Speak,0.3337481203619765,0.01746054762553078,0.0,0.011145149525893508,0.01,0.0,0.0,0.0,0.0,0.6091534616749433,0.018492720811655924
2292,MQTT_Publish,MQTT_Publish,0.0,0.0,0.0,1.0,0.0,0.0,0.0,0.0,0.0,0.0,0.0
2293,Thing_Speak,Thing_Speak,0.023696681310006778,0.0,0.0,0.0036204541574184736,0.0,0.0,0.0,0.009353249466195512,0.0,0.674827717671132,0.2885018973952471
2294,Thing_Speak,Thing_Speak,0.0,0.0,0.0,0.0,0.0,0.0,0.0,0.0,0.0,1.0,0.0
2295,MQTT_Publish,MQTT_Publish,0.004496499730748519,0.0,0.0,0.9918134188703971,0.0,0.0,0.0,0.0,0.0,0.003690081398854386,0.0
2296,MQTT_Publish,MQTT_Publish,0.0,0.0,0.0,1.0,0.0,0.0,0.0,0.0,0.0,0.0,0.0
2297,ARP_poisioning,ARP_poisioning,1.0,0.0,0.0,0.0,0.0,0.0,0.0,0.0,0.0,0.0,0.0
2298,ARP_poisioning,ARP_poisioning,1.0,0.0,0.0,0.0,0.0,0.0,0.0,0.0,0.0,0.0,0.0
2299,Thing_Speak,Thing_Speak,0.0,0.0,0.0,0.0,0.0,0.0,0.0,0.0,0.0,1.0,0.0
2300,MQTT_Publish,MQTT_Publish,0.0,0.0,0.0,1.0,0.0,0.0,0.0,0.0,0.0,0.0,0.0
2301,ARP_poisioning,ARP_poisioning,0.992524487711075,0.0,0.0,0.0,0.0,0.0,0.0,0.0,0.0,0.007475512288924945,0.0
2302,ARP_poisioning,ARP_poisioning,0.9947249301261394,0.0,0.0,0.0,0.0,0.0,0.0,0.0,0.0,0.005275069873860488,0.0
2303,MQTT_Publish,MQTT_Publish,0.0,0.0,0.0,1.0,0.0,0.0,0.0,0.0,0.0,0.0,0.0
2304,Thing_Speak,Thing_Speak,0.0,0.0,0.0,0.0,0.0,0.0,0.0,0.0,0.0,1.0,0.0
2305,DDOS_Slowloris,DDOS_Slowloris,0.0008775395033860045,0.999122460496614,0.0,0.0,0.0,0.0,0.0,0.0,0.0,0.0,0.0
2306,Thing_Speak,Thing_Speak,0.17751299517041225,0.009289835774522857,0.019685724265098035,0.0,0.03962422040427423,0.0,0.0,0.028971644958264195,0.0,0.6958148061648424,0.02910077326258607
2307,ARP_poisioning,ARP_poisioning,0.9946051137298982,0.0,0.0,0.0,0.0,0.0,0.0,0.0,0.0,0.0053948862701018304,0.0
2308,MQTT_Publish,MQTT_Publish,0.0,0.0,0.0,1.0,0.0,0.0,0.0,0.0,0.0,0.0,0.0
2309,Thing_Speak,Thing_Speak,0.0,0.0,0.0,0.0,0.0,0.0,0.0,0.0,0.0,1.0,0.0
2310,Thing_Speak,Thing_Speak,0.0,0.0,0.0,0.0,0.0,0.0,0.0,0.0,0.0,1.0,0.0
2311,ARP_poisioning,ARP_poisioning,1.0,0.0,0.0,0.0,0.0,0.0,0.0,0.0,0.0,0.0,0.0
2312,Thing_Speak,Thing_Speak,0.0959708658113576,0.0,0.0,0.0,0.0,0.0,0.0,0.0,0.0,0.9040291341886423,0.0
2313,Thing_Speak,Thing_Speak,0.015239949603610903,0.0,0.0,0.0,0.0,0.0,0.0,0.0,0.0,0.9847600503963893,0.0
2314,ARP_poisioning,ARP_poisioning,0.99,0.0,0.0,0.0,0.0,0.0,0.0,0.0,0.0,0.01,0.0
2315,Thing_Speak,Thing_Speak,0.0,0.0,0.0,0.0,0.0,0.0,0.0,0.0,0.0,1.0,0.0
2316,ARP_poisioning,ARP_poisioning,1.0,0.0,0.0,0.0,0.0,0.0,0.0,0.0,0.0,0.0,0.0
2317,MQTT_Publish,MQTT_Publish,0.0,0.0,0.0,1.0,0.0,0.0,0.0,0.0,0.0,0.0,0.0
2318,Thing_Speak,Thing_Speak,0.0,0.0,0.0,0.0,0.0,0.0,0.0,0.0,0.0,1.0,0.0
2319,ARP_poisioning,ARP_poisioning,1.0,0.0,0.0,0.0,0.0,0.0,0.0,0.0,0.0,0.0,0.0
2320,Thing_Speak,Thing_Speak,0.0,0.0,0.0,0.0,0.0,0.0,0.0,0.0,0.0,1.0,0.0
2321,Thing_Speak,Thing_Speak,0.0,0.0,0.0,0.0,0.0,0.0,0.0,0.0,0.0,1.0,0.0
2322,ARP_poisioning,ARP_poisioning,1.0,0.0,0.0,0.0,0.0,0.0,0.0,0.0,0.0,0.0,0.0
2323,ARP_poisioning,ARP_poisioning,0.9549463257447702,0.0,0.0,0.0,0.0,0.0,0.0,0.0,0.0,0.045053674255229784,0.0
2324,ARP_poisioning,ARP_poisioning,0.9747608562210333,0.0,0.0,0.0,0.0,0.0,0.0,0.019206864648450752,0.0,0.006032279130515908,0.0
2325,NMAP_UDP_SCAN,NMAP_UDP_SCAN,1.273389142576965e-05,0.0522482926589756,0.0007925132363315011,3.308542884506747e-05,0.0,0.0,0.0,0.9461052373077067,0.0,3.0110077288435226e-05,0.0007780273994271982
2326,Thing_Speak,Thing_Speak,0.0,0.0,0.0,0.0,0.0,0.0,0.0,0.0,0.0,1.0,0.0
2327,ARP_poisioning,ARP_poisioning,1.0,0.0,0.0,0.0,0.0,0.0,0.0,0.0,0.0,0.0,0.0
2328,MQTT_Publish,MQTT_Publish,0.0,0.0,0.0,1.0,0.0,0.0,0.0,0.0,0.0,0.0,0.0
2329,Thing_Speak,Thing_Speak,0.0,0.0,0.0,0.0,0.0,0.0,0.0,0.0,0.0,1.0,0.0
2330,Thing_Speak,Thing_Speak,0.0,0.0,0.0,0.0,0.0,0.0,0.0,0.0,0.0,1.0,0.0
2331,Thing_Speak,Thing_Speak,0.0,0.0,0.0,0.0,0.0,0.0,0.0,0.0,0.0,1.0,0.0
2332,ARP_poisioning,ARP_poisioning,0.9692048427506569,0.0,0.0,0.005626575441123514,0.0,0.0,0.0,0.0,0.0,0.015606988723934368,0.009561593084285273
2333,MQTT_Publish,MQTT_Publish,0.0,0.0,0.0,1.0,0.0,0.0,0.0,0.0,0.0,0.0,0.0
2334,MQTT_Publish,MQTT_Publish,0.0,0.0,0.0,1.0,0.0,0.0,0.0,0.0,0.0,0.0,0.0
2335,MQTT_Publish,MQTT_Publish,0.0,0.0,0.0,1.0,0.0,0.0,0.0,0.0,0.0,0.0,0.0
2336,MQTT_Publish,MQTT_Publish,0.0,0.0,0.0,1.0,0.0,0.0,0.0,0.0,0.0,0.0,0.0
2337,DDOS_Slowloris,NMAP_UDP_SCAN,0.00014913731573888806,0.49383880798394403,0.0034124938975558135,0.0,0.0,0.0,0.0,0.5020586311653482,0.0,0.00013036645333222962,0.00041056318408096685
2338,Thing_Speak,Thing_Speak,0.0,0.0,0.0,0.0,0.0,0.0,0.0,0.0,0.0,1.0,0.0
2339,ARP_poisioning,ARP_poisioning,1.0,0.0,0.0,0.0,0.0,0.0,0.0,0.0,0.0,0.0,0.0
2340,ARP_poisioning,ARP_poisioning,1.0,0.0,0.0,0.0,0.0,0.0,0.0,0.0,0.0,0.0,0.0
2341,ARP_poisioning,ARP_poisioning,0.6809164855917751,0.05578155621965927,0.0,0.0,0.039723373200829394,0.0,0.0,0.019116758383999764,0.0,0.1161065760931523,0.08835525051058424
2342,Thing_Speak,Thing_Speak,0.0,0.0,0.0,0.0,0.0,0.0,0.0,0.0,0.0,1.0,0.0
2343,MQTT_Publish,MQTT_Publish,0.0,0.0,0.0,1.0,0.0,0.0,0.0,0.0,0.0,0.0,0.0
2344,Thing_Speak,Thing_Speak,0.0,0.0,0.0,0.0,0.0,0.0,0.0,0.0,0.0,1.0,0.0
2345,Thing_Speak,Thing_Speak,0.0,0.0,0.0,0.0,0.0,0.0,0.0,0.0,0.0,1.0,0.0
2346,Thing_Speak,Thing_Speak,0.0,0.0,0.0,0.0,0.0,0.0,0.0,0.0,0.0,1.0,0.0
2347,Thing_Speak,Thing_Speak,0.0,0.0,0.0,0.0,0.0,0.0,0.0,0.0,0.0,1.0,0.0
2348,MQTT_Publish,MQTT_Publish,0.0,0.0,0.0,1.0,0.0,0.0,0.0,0.0,0.0,0.0,0.0
2349,Thing_Speak,Thing_Speak,0.0,0.0,0.0,0.0,0.0,0.0,0.0,0.0,0.0,1.0,0.0
2350,ARP_poisioning,ARP_poisioning,1.0,0.0,0.0,0.0,0.0,0.0,0.0,0.0,0.0,0.0,0.0
2351,MQTT_Publish,MQTT_Publish,0.0,0.0,0.0,1.0,0.0,0.0,0.0,0.0,0.0,0.0,0.0
2352,Thing_Speak,Thing_Speak,0.433671739798556,0.0,0.0,0.0,0.0,0.0,0.0,0.019704301021689005,0.0,0.546623959179755,0.0
2353,ARP_poisioning,ARP_poisioning,1.0,0.0,0.0,0.0,0.0,0.0,0.0,0.0,0.0,0.0,0.0
2354,MQTT_Publish,MQTT_Publish,0.0,0.0,0.0,1.0,0.0,0.0,0.0,0.0,0.0,0.0,0.0
2355,NMAP_UDP_SCAN,NMAP_UDP_SCAN,1.0322104921765483e-05,0.17234440597981915,0.0,0.0,0.0,0.0,0.0,0.8272238866304846,0.0,1.0822100693472182e-05,0.00041056318408096685
2356,MQTT_Publish,MQTT_Publish,0.0,0.0,0.0,1.0,0.0,0.0,0.0,0.0,0.0,0.0,0.0
2357,Thing_Speak,Thing_Speak,0.0,0.0,0.0,0.0,0.0,0.0,0.0,0.0,0.0,1.0,0.0
2358,ARP_poisioning,ARP_poisioning,1.0,0.0,0.0,0.0,0.0,0.0,0.0,0.0,0.0,0.0,0.0
2359,ARP_poisioning,ARP_poisioning,0.99,0.0,0.0,0.0,0.0,0.0,0.0,0.0,0.0,0.01,0.0
2360,Thing_Speak,Thing_Speak,0.0,0.0,0.0,0.0,0.0,0.0,0.0,0.0,0.0,1.0,0.0
2361,MQTT_Publish,MQTT_Publish,0.0,0.0,0.0,1.0,0.0,0.0,0.0,0.0,0.0,0.0,0.0
2362,Thing_Speak,Thing_Speak,0.0,0.0,0.0,0.0,0.0,0.0,0.0,0.0,0.0,1.0,0.0
2363,Metasploit_Brute_Force_SSH,Metasploit_Brute_Force_SSH,0.12748080590985267,0.0,0.0,0.0,0.8197410970480645,0.0,0.0,0.0,0.0,0.042778097042082734,0.01
2364,Thing_Speak,Thing_Speak,0.0,0.0,0.0,0.0,0.0,0.0,0.0,0.0,0.0,1.0,0.0
2365,ARP_poisioning,ARP_poisioning,0.9816080914144533,0.0085,0.0,0.0,0.0,0.0,0.009891908585546633,0.0,0.0,0.0,0.0
2366,Thing_Speak,Thing_Speak,0.0,0.0,0.0,0.0,0.0,0.0,0.0,0.0,0.0,1.0,0.0
2367,MQTT_Publish,MQTT_Publish,0.0,0.0,0.0,1.0,0.0,0.0,0.0,0.0,0.0,0.0,0.0
2368,ARP_poisioning,ARP_poisioning,1.0,0.0,0.0,0.0,0.0,0.0,0.0,0.0,0.0,0.0,0.0
2369,ARP_poisioning,ARP_poisioning,1.0,0.0,0.0,0.0,0.0,0.0,0.0,0.0,0.0,0.0,0.0
2370,Thing_Speak,Thing_Speak,0.0,0.0,0.0,0.0,0.0,0.0,0.0,0.0,0.0,1.0,0.0
2371,ARP_poisioning,ARP_poisioning,1.0,0.0,0.0,0.0,0.0,0.0,0.0,0.0,0.0,0.0,0.0
2372,MQTT_Publish,MQTT_Publish,0.0,0.0,0.0,1.0,0.0,0.0,0.0,0.0,0.0,0.0,0.0
2373,ARP_poisioning,ARP_poisioning,0.9898761080865853,0.0,0.0,0.0,0.0,0.0,0.0,0.0,0.0,0.010123891913414687,0.0
2374,ARP_poisioning,ARP_poisioning,0.9914163837886801,0.0,0.0,0.0,0.0,0.0,0.0,0.0,0.0,0.008583616211319853,0.0
2375,ARP_poisioning,ARP_poisioning,1.0,0.0,0.0,0.0,0.0,0.0,0.0,0.0,0.0,0.0,0.0
2376,MQTT_Publish,MQTT_Publish,0.0,0.0,0.0,1.0,0.0,0.0,0.0,0.0,0.0,0.0,0.0
2377,Thing_Speak,Thing_Speak,0.0,0.0,0.0,0.0,0.0,0.0,0.0,0.0,0.0,1.0,0.0
2378,Thing_Speak,Thing_Speak,0.0,0.0,0.0,0.0,0.0,0.0,0.0,0.0,0.0,1.0,0.0
2379,Thing_Speak,Thing_Speak,0.012861381078332871,0.0,0.0,0.0,0.0,0.0,0.0,0.0,0.0,0.9871386189216672,0.0
2380,Thing_Speak,Thing_Speak,0.0,0.0,0.0,0.0,0.0,0.0,0.0,0.0,0.0,1.0,0.0
2381,ARP_poisioning,ARP_poisioning,0.9904239549362586,0.0,0.0,0.0,0.0,0.0,0.0,0.0,0.0,0.0,0.009576045063741476
2382,Thing_Speak,Thing_Speak,0.0,0.0,0.0,0.0,0.0,0.0,0.0,0.0,0.0,1.0,0.0
2383,Thing_Speak,Thing_Speak,0.0,0.0,0.0,0.0,0.0,0.0,0.0,0.0,0.0,1.0,0.0
2384,ARP_poisioning,ARP_poisioning,0.9867909425322939,0.0,0.0,0.0,0.0,0.0,0.0,0.0,0.0,0.013209057467706039,0.0
2385,ARP_poisioning,ARP_poisioning,1.0,0.0,0.0,0.0,0.0,0.0,0.0,0.0,0.0,0.0,0.0
2386,ARP_poisioning,ARP_poisioning,0.9973159509202455,0.0,0.0,0.0,0.0,0.0,0.0,0.0,0.0,0.0026840490797546013,0.0
2387,Thing_Speak,Thing_Speak,0.0,0.0,0.0,0.0,0.0,0.0,0.0,0.0,0.0,1.0,0.0
2388,Thing_Speak,Thing_Speak,0.0,0.0,0.0,0.0,0.0,0.0,0.0,0.0,0.0,1.0,0.0
2389,Thing_Speak,Thing_Speak,0.0,0.0,0.0,0.0,0.0,0.0,0.0,0.0,0.0,1.0,0.0
2390,ARP_poisioning,ARP_poisioning,0.996698221442155,0.002906030336662967,0.0,0.00039574822118190495,0.0,0.0,0.0,0.0,0.0,0.0,0.0
2391,MQTT_Publish,MQTT_Publish,0.0,0.0,0.0,1.0,0.0,0.0,0.0,0.0,0.0,0.0,0.0
2392,Thing_Speak,Thing_Speak,0.0,0.0,0.0,0.0,0.0,0.0,0.0,0.0,0.0,1.0,0.0
2393,Thing_Speak,Thing_Speak,0.0,0.0,0.0,0.0,0.0,0.0,0.0,0.0,0.0,1.0,0.0
2394,Thing_Speak,Thing_Speak,0.0,0.0,0.0,0.0,0.0,0.0,0.0,0.0,0.0,1.0,0.0
2395,Thing_Speak,Thing_Speak,0.0,0.0,0.0,0.0,0.0,0.0,0.0,0.0,0.0,1.0,0.0
2396,ARP_poisioning,ARP_poisioning,0.8969519518332539,0.027435701722085825,0.0,0.003922103696353262,0.009965419679346117,0.0,0.0,0.0,0.0,0.03320623554487214,0.02851858752408882
2397,NMAP_OS_DETECTION,NMAP_OS_DETECTION,0.0001006391470220606,1.6187824150449924e-05,0.0,5.699099078671641e-05,0.0,0.8798717509037108,0.015821416056250925,0.0002746408124414594,0.10284446093920663,3.4163212055015705e-06,0.0010104970052255185
2398,Thing_Speak,Thing_Speak,0.0,0.0,0.0,0.0,0.0,0.0,0.0,0.0,0.0,1.0,0.0
2399,Thing_Speak,Thing_Speak,0.0,0.0,0.0,0.0,0.0,0.0,0.0,0.0,0.0,1.0,0.0
2400,DDOS_Slowloris,DDOS_Slowloris,0.0,1.0,0.0,0.0,0.0,0.0,0.0,0.0,0.0,0.0,0.0
2401,ARP_poisioning,ARP_poisioning,0.9973019972451792,0.0,0.0,0.0,0.0,0.0,0.0,0.0,0.0,0.002698002754820937,0.0
2402,ARP_poisioning,ARP_poisioning,1.0,0.0,0.0,0.0,0.0,0.0,0.0,0.0,0.0,0.0,0.0
2403,ARP_poisioning,ARP_poisioning,0.995702121908366,0.0,0.0,0.0,0.0,0.0,0.0,0.0,0.0,0.004297878091634005,0.0
2404,Thing_Speak,Thing_Speak,0.0,0.0,0.0,0.0,0.0,0.0,0.0,0.0,0.0,1.0,0.0
2405,Thing_Speak,Thing_Speak,0.0,0.0,0.0,0.0,0.0,0.0,0.0,0.0,0.0,1.0,0.0
2406,MQTT_Publish,MQTT_Publish,0.0,0.0,0.0,1.0,0.0,0.0,0.0,0.0,0.0,0.0,0.0
2407,MQTT_Publish,MQTT_Publish,0.0,0.0,0.0,1.0,0.0,0.0,0.0,0.0,0.0,0.0,0.0
2408,Thing_Speak,Thing_Speak,0.0,0.0,0.0,0.0,0.0,0.0,0.0,0.0,0.0,1.0,0.0
2409,DDOS_Slowloris,DDOS_Slowloris,0.0,0.9993275109170305,0.0,0.0,0.0,0.0,0.0,0.0,0.0,0.0006724890829694323,0.0
2410,Thing_Speak,Thing_Speak,0.0,0.0,0.0,0.0,0.0,0.0,0.0,0.0,0.0,1.0,0.0
2411,Thing_Speak,Thing_Speak,0.0,0.0,0.0,0.0,0.0,0.0,0.0,0.0,0.0,1.0,0.0
2412,Thing_Speak,Thing_Speak,0.0,0.0,0.0,0.0,0.0,0.0,0.0,0.0,0.0,1.0,0.0
2413,Thing_Speak,Thing_Speak,0.0,0.0,0.0,0.0,0.0,0.0,0.0,0.0,0.0,1.0,0.0
2414,Thing_Speak,Thing_Speak,0.0,0.0,0.0,0.0,0.0,0.0,0.0,0.0,0.0,1.0,0.0
2415,Thing_Speak,Thing_Speak,0.0,0.0,0.0,0.0,0.0,0.0,0.0,0.0,0.0,1.0,0.0
2416,ARP_poisioning,ARP_poisioning,0.8565972215290775,0.0,0.0,0.09224281015906907,0.0,0.0,0.0,0.0,0.0,0.04137355871238731,0.009786409599466018
2417,DDOS_Slowloris,DDOS_Slowloris,0.011816369906795153,0.988183630093205,0.0,0.0,0.0,0.0,0.0,0.0,0.0,0.0,0.0
2418,Thing_Speak,Thing_Speak,0.0,0.0,0.0,0.0,0.0,0.0,0.0,0.0,0.0,1.0,0.0
2419,MQTT_Publish,MQTT_Publish,0.0,0.0,0.0,1.0,0.0,0.0,0.0,0.0,0.0,0.0,0.0
2420,ARP_poisioning,ARP_poisioning,1.0,0.0,0.0,0.0,0.0,0.0,0.0,0.0,0.0,0.0,0.0
2421,MQTT_Publish,MQTT_Publish,0.0,0.0,0.0,1.0,0.0,0.0,0.0,0.0,0.0,0.0,0.0
2422,ARP_poisioning,ARP_poisioning,1.0,0.0,0.0,0.0,0.0,0.0,0.0,0.0,0.0,0.0,0.0
2423,ARP_poisioning,ARP_poisioning,0.99,0.0,0.0,0.0,0.0,0.0,0.0,0.0,0.0,0.01,0.0
2424,MQTT_Publish,MQTT_Publish,0.0,0.0,0.0,1.0,0.0,0.0,0.0,0.0,0.0,0.0,0.0
2425,MQTT_Publish,MQTT_Publish,0.0,0.0,0.0,1.0,0.0,0.0,0.0,0.0,0.0,0.0,0.0
2426,MQTT_Publish,MQTT_Publish,0.0,0.0,0.0,1.0,0.0,0.0,0.0,0.0,0.0,0.0,0.0
2427,Thing_Speak,Thing_Speak,0.0,0.0,0.0,0.0,0.0,0.0,0.0,0.0,0.0,1.0,0.0
2428,Thing_Speak,Thing_Speak,0.0,0.0,0.0,0.0,0.0,0.0,0.0,0.0,0.0,1.0,0.0
2429,MQTT_Publish,MQTT_Publish,0.0,0.0,0.0,1.0,0.0,0.0,0.0,0.0,0.0,0.0,0.0
2430,Thing_Speak,Thing_Speak,0.0,0.0,0.0,0.0,0.0,0.0,0.0,0.0,0.0,1.0,0.0
2431,Thing_Speak,Thing_Speak,0.005639036341363823,0.0,0.0,0.0,0.0,0.0,0.0,0.0,0.0,0.9943609636586362,0.0
2432,Thing_Speak,Thing_Speak,0.0,0.0,0.0,0.0,0.0,0.0,0.0,0.0,0.0,1.0,0.0
2433,ARP_poisioning,ARP_poisioning,0.99,0.0,0.0,0.0,0.0,0.0,0.0,0.0,0.0,0.01,0.0
2434,Thing_Speak,Thing_Speak,0.0,0.0,0.0,0.0,0.0,0.0,0.0,0.0,0.0,1.0,0.0
2435,MQTT_Publish,MQTT_Publish,0.0,0.0,0.0,1.0,0.0,0.0,0.0,0.0,0.0,0.0,0.0
2436,ARP_poisioning,ARP_poisioning,0.9734903350805317,0.0,0.0,0.0,0.0,0.0,0.0,0.0,0.0,0.02650966491946828,0.0
2437,ARP_poisioning,ARP_poisioning,1.0,0.0,0.0,0.0,0.0,0.0,0.0,0.0,0.0,0.0,0.0
2438,Thing_Speak,Thing_Speak,0.0,0.0,0.0,0.0,0.0,0.0,0.0,0.0,0.0,1.0,0.0
2439,MQTT_Publish,MQTT_Publish,0.04076899447580904,0.017929078997876297,0.0,0.8632769261116988,0.0,0.0,0.0,0.0,0.0,0.058025000414615883,0.02
2440,MQTT_Publish,MQTT_Publish,0.0,0.0,0.0,1.0,0.0,0.0,0.0,0.0,0.0,0.0,0.0
2441,Thing_Speak,Thing_Speak,0.16722517936276435,0.0,0.0,0.0,0.0,0.0,0.0,0.0,0.0,0.8327748206372356,0.0
2442,NMAP_OS_DETECTION,NMAP_OS_DETECTION,9.431154420915635e-05,1.6187824150449924e-05,0.0,7.012180632193017e-05,0.0,0.8927167432847084,0.015821416056250925,0.0002746408124414594,0.0899926653454867,3.4163212055015705e-06,0.0010104970052255185
2443,Thing_Speak,Thing_Speak,0.0,0.0,0.0,0.0,0.0,0.0,0.0,0.0,0.0,1.0,0.0
2444,ARP_poisioning,ARP_poisioning,0.9716531034525565,0.0085,0.009954987961896785,0.0,0.0,0.0,0.009891908585546633,0.0,0.0,0.0,0.0
2445,ARP_poisioning,ARP_poisioning,1.0,0.0,0.0,0.0,0.0,0.0,0.0,0.0,0.0,0.0,0.0
2446,DDOS_Slowloris,DDOS_Slowloris,0.0009553023663453112,0.9990446976336547,0.0,0.0,0.0,0.0,0.0,0.0,0.0,0.0,0.0
2447,MQTT_Publish,MQTT_Publish,0.0,0.0,0.0,1.0,0.0,0.0,0.0,0.0,0.0,0.0,0.0
2448,DOS_SYN_Hping,DOS_SYN_Hping,6.624632480143637e-06,3.436426116838489e-05,0.9997091769552279,0.0,0.0,0.0,0.0,0.00024740014127369895,0.0,2.4340098499717754e-06,0.0
2449,MQTT_Publish,MQTT_Publish,0.0,0.0,0.0,1.0,0.0,0.0,0.0,0.0,0.0,0.0,0.0
2450,ARP_poisioning,ARP_poisioning,1.0,0.0,0.0,0.0,0.0,0.0,0.0,0.0,0.0,0.0,0.0
2451,MQTT_Publish,MQTT_Publish,0.0,0.0,0.0,1.0,0.0,0.0,0.0,0.0,0.0,0.0,0.0
2452,MQTT_Publish,MQTT_Publish,0.0,0.0,0.0,1.0,0.0,0.0,0.0,0.0,0.0,0.0,0.0
2453,Thing_Speak,Thing_Speak,0.0,0.0,0.0,0.0,0.0,0.0,0.0,0.0,0.0,1.0,0.0
2454,ARP_poisioning,ARP_poisioning,0.9601771341362014,0.0,0.0,0.0,0.0,0.0,0.0,0.0,0.0,0.03982286586379863,0.0
2455,Wipro_bulb,Wipro_bulb,0.01822704187436942,0.0,0.0,0.0,0.0,0.0,0.0,0.0,0.0,0.05655006753375154,0.925222890591879
2456,Thing_Speak,Thing_Speak,0.0,0.0,0.0,0.0,0.0,0.0,0.0,0.0,0.0,1.0,0.0
2457,Thing_Speak,Thing_Speak,0.0,0.0,0.0,0.0,0.0,0.0,0.0,0.0,0.0,1.0,0.0
2458,Thing_Speak,Thing_Speak,0.0,0.0,0.0,0.0,0.0,0.0,0.0,0.0,0.0,1.0,0.0
2459,MQTT_Publish,MQTT_Publish,0.0,0.0,0.0,1.0,0.0,0.0,0.0,0.0,0.0,0.0,0.0
2460,ARP_poisioning,ARP_poisioning,0.988527440990818,0.0,0.0,0.0,0.0,0.0,0.0,0.0,0.0,0.0019376752882517916,0.009534883720930233
2461,ARP_poisioning,ARP_poisioning,1.0,0.0,0.0,0.0,0.0,0.0,0.0,0.0,0.0,0.0,0.0
2462,MQTT_Publish,MQTT_Publish,0.0,0.0,0.0,1.0,0.0,0.0,0.0,0.0,0.0,0.0,0.0
2463,MQTT_Publish,MQTT_Publish,0.0,0.0,0.0,1.0,0.0,0.0,0.0,0.0,0.0,0.0,0.0
2464,MQTT_Publish,MQTT_Publish,0.0,0.0,0.0,1.0,0.0,0.0,0.0,0.0,0.0,0.0,0.0
2465,Thing_Speak,Thing_Speak,0.0,0.0,0.0,0.0,0.0,0.0,0.0,0.0,0.0,1.0,0.0
2466,MQTT_Publish,MQTT_Publish,0.0,0.0,0.0,1.0,0.0,0.0,0.0,0.0,0.0,0.0,0.0
2467,Thing_Speak,Thing_Speak,0.0,0.0,0.0,0.0,0.0,0.0,0.0,0.0,0.0,1.0,0.0
2468,MQTT_Publish,MQTT_Publish,0.0,0.0,0.0,1.0,0.0,0.0,0.0,0.0,0.0,0.0,0.0
2469,ARP_poisioning,ARP_poisioning,0.98,0.0,0.0,0.0,0.01,0.0,0.0,0.0,0.0,0.01,0.0
2470,Thing_Speak,Thing_Speak,0.0,0.0,0.0,0.0,0.0,0.0,0.0,0.0,0.0,1.0,0.0
2471,Wipro_bulb,Wipro_bulb,0.0,0.0,0.0,0.0,0.0,0.0,0.0,0.0,0.0,0.01,0.99
2472,ARP_poisioning,ARP_poisioning,0.9002961120162315,0.009517665130568356,0.0,0.007141711536258449,0.01,0.0,0.0,0.0,0.0,0.05318951444650565,0.019854996870436056
2473,Thing_Speak,Thing_Speak,0.0,0.0,0.0,0.0,0.0,0.0,0.0,0.0,0.0,1.0,0.0
2474,ARP_poisioning,ARP_poisioning,1.0,0.0,0.0,0.0,0.0,0.0,0.0,0.0,0.0,0.0,0.0
2475,ARP_poisioning,ARP_poisioning,1.0,0.0,0.0,0.0,0.0,0.0,0.0,0.0,0.0,0.0,0.0
2476,Thing_Speak,Thing_Speak,0.0,0.0,0.0,0.0,0.0,0.0,0.0,0.0,0.0,1.0,0.0
2477,MQTT_Publish,MQTT_Publish,0.0,0.0,0.0,1.0,0.0,0.0,0.0,0.0,0.0,0.0,0.0
2478,Thing_Speak,Thing_Speak,0.0,0.0,0.0,0.0,0.0,0.0,0.0,0.0,0.0,1.0,0.0
2479,ARP_poisioning,ARP_poisioning,1.0,0.0,0.0,0.0,0.0,0.0,0.0,0.0,0.0,0.0,0.0
2480,Thing_Speak,Thing_Speak,0.0,0.0,0.0,0.0,0.0,0.0,0.0,0.0,0.0,1.0,0.0
2481,MQTT_Publish,MQTT_Publish,0.0,0.0,0.0,1.0,0.0,0.0,0.0,0.0,0.0,0.0,0.0
2482,Thing_Speak,Thing_Speak,0.07580375817088182,0.0,0.0,0.0036204541574184736,0.0,0.0,0.0,0.0,0.0,0.735837462779172,0.18473832489252756
2483,Thing_Speak,Thing_Speak,0.0,0.0,0.0,0.0,0.0,0.0,0.0,0.0,0.0,1.0,0.0
2484,NMAP_UDP_SCAN,NMAP_UDP_SCAN,0.006435836398988437,0.0,0.0025340423167651404,0.0,0.011166440251355946,0.0,0.0,0.966955753460997,0.0,0.012679630794265939,0.00022829677762749745
2485,ARP_poisioning,ARP_poisioning,0.9700032835792891,0.0,0.02999671642071094,0.0,0.0,0.0,0.0,0.0,0.0,0.0,0.0
2486,ARP_poisioning,ARP_poisioning,0.9861912940155189,0.0,0.0,0.0038853343369715217,0.009923371647509577,0.0,0.0,0.0,0.0,0.0,0.0
2487,ARP_poisioning,ARP_poisioning,1.0,0.0,0.0,0.0,0.0,0.0,0.0,0.0,0.0,0.0,0.0
2488,ARP_poisioning,ARP_poisioning,1.0,0.0,0.0,0.0,0.0,0.0,0.0,0.0,0.0,0.0,0.0
2489,Thing_Speak,Thing_Speak,0.0,0.0,0.0,0.0,0.0,0.0,0.0,0.0,0.0,1.0,0.0
2490,Thing_Speak,Thing_Speak,0.3146236532265305,0.0,0.04975443970723617,0.0,0.015588873925684645,0.0,0.0,0.06300470832709852,0.049464550434847786,0.49773533287384825,0.00982844150475403
2491,Thing_Speak,Thing_Speak,0.21151356115475334,0.009289835774522857,0.029514229479466518,0.0,0.029671157742927126,0.0,0.0,0.0,0.0,0.6812718046427281,0.03873941120560205
2492,ARP_poisioning,ARP_poisioning,1.0,0.0,0.0,0.0,0.0,0.0,0.0,0.0,0.0,0.0,0.0
2493,Thing_Speak,Thing_Speak,0.0,0.0,0.0,0.0,0.0,0.0,0.0,0.0,0.0,1.0,0.0
2494,ARP_poisioning,ARP_poisioning,1.0,0.0,0.0,0.0,0.0,0.0,0.0,0.0,0.0,0.0,0.0
2495,MQTT_Publish,MQTT_Publish,0.0,0.0,0.0,1.0,0.0,0.0,0.0,0.0,0.0,0.0,0.0
2496,ARP_poisioning,ARP_poisioning,1.0,0.0,0.0,0.0,0.0,0.0,0.0,0.0,0.0,0.0,0.0
2497,Thing_Speak,Thing_Speak,0.0,0.0,0.0,0.0,0.0,0.0,0.0,0.0,0.0,1.0,0.0
2498,NMAP_TCP_scan,NMAP_TCP_scan,0.02043691306750381,1.6187824150449924e-05,0.0,2.3236741388737016e-05,0.0,0.047212641127448655,0.9146930267095509,0.0027342651750387947,0.014633984686405012,8.060340593437548e-06,0.00024168432792014732
2499,NMAP_OS_DETECTION,NMAP_OS_DETECTION,0.00012947847434960114,1.6187824150449924e-05,0.0,4.135211154144212e-05,0.0,0.8944614492449616,0.027348871671161967,0.0002746408124414594,0.07692058978455937,3.4163212055015705e-06,0.0008040137556287519
2500,Thing_Speak,Thing_Speak,0.0,0.0,0.0,0.0,0.0,0.0,0.0,0.0,0.0,1.0,0.0
2501,MQTT_Publish,MQTT_Publish,0.0,0.0,0.0,1.0,0.0,0.0,0.0,0.0,0.0,0.0,0.0
2502,Thing_Speak,Thing_Speak,0.0,0.0,0.0,0.0,0.0,0.0,0.0,0.0,0.0,1.0,0.0
2503,ARP_poisioning,ARP_poisioning,0.9929140853145151,0.0,0.0,0.0,0.0,0.0,0.0,0.0,0.0,0.0070859146854848265,0.0
2504,Thing_Speak,Thing_Speak,0.06947293237476798,0.0,0.0,0.013591137887591143,0.0,0.0,0.0,0.0,0.0,0.8972930725947837,0.019642857142857142
2505,Thing_Speak,Thing_Speak,0.0,0.0,0.0,0.0,0.0,0.0,0.0,0.0,0.0,1.0,0.0
2506,ARP_poisioning,ARP_poisioning,0.7386376203362234,0.0,0.0,0.0,0.0,0.0,0.0,0.009614443084455325,0.0,0.2221548961782597,0.029593040401061633
2507,Thing_Speak,Thing_Speak,0.0,0.0,0.0,0.0,0.0,0.0,0.0,0.0,0.0,1.0,0.0
2508,Thing_Speak,Thing_Speak,0.012073198512201743,0.0,0.0,0.0,0.0,0.0,0.0,0.0,0.0,0.9879268014877982,0.0
2509,Thing_Speak,Thing_Speak,0.0,0.0,0.0,0.0,0.0,0.0,0.0,0.0,0.0,1.0,0.0
2510,ARP_poisioning,ARP_poisioning,0.9667621089824996,0.0,0.0,0.0,0.0,0.0,0.0,0.0,0.0,0.03323789101750032,0.0
2511,MQTT_Publish,MQTT_Publish,0.0,0.0,0.0,1.0,0.0,0.0,0.0,0.0,0.0,0.0,0.0
2512,Thing_Speak,Thing_Speak,0.0,0.0,0.0,0.0,0.0,0.0,0.0,0.0,0.0,1.0,0.0
2513,MQTT_Publish,MQTT_Publish,0.0,0.0,0.0,1.0,0.0,0.0,0.0,0.0,0.0,0.0,0.0
2514,ARP_poisioning,ARP_poisioning,0.9931317303437085,0.0,0.0,0.0,0.0,0.0,0.0,0.0,0.0,0.006868269656291488,0.0
2515,ARP_poisioning,ARP_poisioning,1.0,0.0,0.0,0.0,0.0,0.0,0.0,0.0,0.0,0.0,0.0
2516,Thing_Speak,Thing_Speak,0.0,0.0,0.0,0.0,0.0,0.0,0.0,0.0,0.0,1.0,0.0
2517,Thing_Speak,Thing_Speak,0.0,0.0,0.0,0.0,0.0,0.0,0.0,0.0,0.0,1.0,0.0
2518,Thing_Speak,Thing_Speak,0.0,0.0,0.0,0.0,0.0,0.0,0.0,0.0,0.0,1.0,0.0
2519,MQTT_Publish,MQTT_Publish,0.0,0.0,0.0,1.0,0.0,0.0,0.0,0.0,0.0,0.0,0.0
2520,Thing_Speak,Thing_Speak,0.0,0.0,0.0,0.0,0.0,0.0,0.0,0.0,0.0,1.0,0.0
2521,Thing_Speak,Thing_Speak,0.0,0.0,0.0,0.0,0.0,0.0,0.0,0.0,0.0,1.0,0.0
2522,NMAP_XMAS_TREE_SCAN,NMAP_XMAS_TREE_SCAN,1.9312397125388537e-05,0.0,0.0,2.890442975255265e-05,0.0,0.07163746013637207,0.0022824630753810905,0.0002746408124414594,0.9250105804095923,3.4163212055015705e-06,0.0007432224181298227
2523,Thing_Speak,Thing_Speak,0.0,0.0,0.0,0.0,0.0,0.0,0.0,0.0,0.0,1.0,0.0
2524,Thing_Speak,Thing_Speak,0.0,0.0,0.0,0.0,0.0,0.0,0.0,0.0,0.0,1.0,0.0
2525,Thing_Speak,Thing_Speak,0.03947293237476798,0.0,0.0,0.0,0.0,0.0,0.0,0.0,0.0,0.950527067625232,0.01
2526,MQTT_Publish,MQTT_Publish,0.0,0.0,0.0,1.0,0.0,0.0,0.0,0.0,0.0,0.0,0.0
2527,ARP_poisioning,ARP_poisioning,1.0,0.0,0.0,0.0,0.0,0.0,0.0,0.0,0.0,0.0,0.0
2528,DOS_SYN_Hping,DOS_SYN_Hping,1.3581914766902935e-05,3.436426116838489e-05,0.9997022196729409,0.0,0.0,0.0,0.0,0.00024740014127369895,0.0,2.4340098499717754e-06,0.0
2529,Thing_Speak,Thing_Speak,0.0,0.0,0.0,0.0,0.0,0.0,0.0,0.0,0.0,1.0,0.0
2530,MQTT_Publish,MQTT_Publish,0.0,0.0,0.0,1.0,0.0,0.0,0.0,0.0,0.0,0.0,0.0
2531,ARP_poisioning,ARP_poisioning,1.0,0.0,0.0,0.0,0.0,0.0,0.0,0.0,0.0,0.0,0.0
2532,Thing_Speak,Thing_Speak,0.0,0.0,0.0,0.0,0.0,0.0,0.0,0.0,0.0,1.0,0.0
2533,Thing_Speak,Thing_Speak,0.0,0.0,0.0,0.0,0.0,0.0,0.0,0.0,0.0,1.0,0.0
2534,Thing_Speak,Thing_Speak,0.0,0.0,0.0,0.0,0.0,0.0,0.0,0.0,0.0,1.0,0.0
2535,MQTT_Publish,MQTT_Publish,0.0,0.0,0.0,1.0,0.0,0.0,0.0,0.0,0.0,0.0,0.0
2536,MQTT_Publish,MQTT_Publish,0.0,0.0,0.0,1.0,0.0,0.0,0.0,0.0,0.0,0.0,0.0
2537,Thing_Speak,Thing_Speak,0.24413003442859663,0.0,0.0,0.0,0.0099719800747198,0.0,0.0,0.07597787952552287,0.0,0.6699201059711606,0.0
2538,ARP_poisioning,ARP_poisioning,1.0,0.0,0.0,0.0,0.0,0.0,0.0,0.0,0.0,0.0,0.0
2539,MQTT_Publish,MQTT_Publish,0.0,0.0,0.0,1.0,0.0,0.0,0.0,0.0,0.0,0.0,0.0
2540,ARP_poisioning,ARP_poisioning,0.9710118272585012,0.0,0.0,0.0,0.0,0.0,0.0,0.02898817274149883,0.0,0.0,0.0
2541,ARP_poisioning,ARP_poisioning,0.9603307785865379,0.0,0.0,0.0,0.0,0.0,0.009898958971218615,0.0,0.01942170859337531,0.01034855384886811,0.0
2542,Thing_Speak,Thing_Speak,0.0,0.0,0.0,0.0,0.0,0.0,0.0,0.0,0.0,1.0,0.0
2543,DDOS_Slowloris,DDOS_Slowloris,0.011816369906795153,0.988183630093205,0.0,0.0,0.0,0.0,0.0,0.0,0.0,0.0,0.0
2544,ARP_poisioning,ARP_poisioning,1.0,0.0,0.0,0.0,0.0,0.0,0.0,0.0,0.0,0.0,0.0
2545,NMAP_OS_DETECTION,NMAP_OS_DETECTION,0.00012947847434960114,1.6187824150449924e-05,0.0,4.135211154144212e-05,0.0,0.8944614492449616,0.027348871671161967,0.0002746408124414594,0.07692058978455937,3.4163212055015705e-06,0.0008040137556287519
2546,Thing_Speak,Thing_Speak,0.0,0.0,0.0,0.0,0.0,0.0,0.0,0.0,0.0,1.0,0.0
2547,NMAP_XMAS_TREE_SCAN,NMAP_XMAS_TREE_SCAN,3.7511470488277014e-05,0.0,0.0,2.890442975255265e-05,0.0,0.08745643218116696,0.006687772577173575,0.0002746408124414594,0.9049745830392386,3.4163212055015705e-06,0.000536739168533056
2548,Thing_Speak,Thing_Speak,0.0,0.0,0.0,0.0,0.0,0.0,0.0,0.0,0.0,1.0,0.0
2549,Thing_Speak,Thing_Speak,0.0,0.0,0.0,0.0,0.0,0.0,0.0,0.0,0.0,1.0,0.0
2550,MQTT_Publish,MQTT_Publish,0.0,0.0,0.0,1.0,0.0,0.0,0.0,0.0,0.0,0.0,0.0
2551,Thing_Speak,Thing_Speak,0.0,0.0,0.0,0.0,0.0,0.0,0.0,0.0,0.0,1.0,0.0
2552,Thing_Speak,ARP_poisioning,0.9172130998385063,0.0,0.0,0.0,0.0,0.0,0.0,0.0,0.0,0.08278690016149344,0.0
2553,MQTT_Publish,MQTT_Publish,0.0,0.0,0.0,1.0,0.0,0.0,0.0,0.0,0.0,0.0,0.0
2554,ARP_poisioning,ARP_poisioning,0.9858291795769903,0.0,0.0,0.0,0.0,0.0,0.0,0.0,0.0,0.0041708204230095644,0.01
2555,MQTT_Publish,MQTT_Publish,0.0,0.0,0.0,1.0,0.0,0.0,0.0,0.0,0.0,0.0,0.0
2556,MQTT_Publish,MQTT_Publish,0.0,0.0,0.0,1.0,0.0,0.0,0.0,0.0,0.0,0.0,0.0
2557,ARP_poisioning,ARP_poisioning,0.9786479906655959,0.0,0.0,0.0,0.0,0.0,0.0,0.0,0.0,0.021352009334404135,0.0
2558,ARP_poisioning,ARP_poisioning,1.0,0.0,0.0,0.0,0.0,0.0,0.0,0.0,0.0,0.0,0.0
2559,ARP_poisioning,ARP_poisioning,1.0,0.0,0.0,0.0,0.0,0.0,0.0,0.0,0.0,0.0,0.0
2560,Thing_Speak,Thing_Speak,0.0,0.0,0.0,0.0,0.0,0.0,0.0,0.0,0.0,1.0,0.0
2561,Thing_Speak,Thing_Speak,0.0,0.0,0.0,0.0,0.0,0.0,0.0,0.0,0.0,1.0,0.0
2562,Thing_Speak,Thing_Speak,0.0,0.0,0.0,0.0,0.0,0.0,0.0,0.0,0.0,1.0,0.0
2563,Thing_Speak,Thing_Speak,0.0,0.0,0.0,0.0,0.0,0.0,0.0,0.0,0.0,1.0,0.0
2564,Thing_Speak,Thing_Speak,0.0,0.0,0.0,0.0,0.0,0.0,0.0,0.0,0.0,1.0,0.0
2565,Thing_Speak,Thing_Speak,0.0,0.0,0.0,0.0,0.0,0.0,0.0,0.0,0.0,1.0,0.0
2566,Thing_Speak,Thing_Speak,0.0,0.0,0.0,0.0,0.0,0.0,0.0,0.0,0.0,1.0,0.0
2567,Thing_Speak,Thing_Speak,0.005835820895522389,0.0,0.0,0.0,0.0,0.0,0.0,0.0,0.0,0.9941641791044776,0.0
2568,ARP_poisioning,ARP_poisioning,1.0,0.0,0.0,0.0,0.0,0.0,0.0,0.0,0.0,0.0,0.0
2569,MQTT_Publish,MQTT_Publish,0.0,0.0,0.0,1.0,0.0,0.0,0.0,0.0,0.0,0.0,0.0
2570,ARP_poisioning,ARP_poisioning,0.7007246318483911,0.07607511796742948,0.0,0.0003119125435082888,0.009857999368886084,0.0,0.0,0.0,0.0,0.1342674618033562,0.07876287646842892
2571,MQTT_Publish,MQTT_Publish,0.0,0.0,0.0,1.0,0.0,0.0,0.0,0.0,0.0,0.0,0.0
2572,ARP_poisioning,ARP_poisioning,1.0,0.0,0.0,0.0,0.0,0.0,0.0,0.0,0.0,0.0,0.0
2573,Thing_Speak,Thing_Speak,0.0,0.0,0.0,0.0,0.0,0.0,0.0,0.0,0.0,1.0,0.0
2574,Thing_Speak,Thing_Speak,0.02,0.0,0.0,0.0,0.0,0.0,0.0,0.0,0.0,0.98,0.0
2575,ARP_poisioning,ARP_poisioning,0.8459389614285012,0.030275485355875594,0.0,0.007356315408533325,0.0,0.0,0.009918775382692908,0.009867718728243212,0.01,0.0343484089465853,0.05229433474956832
2576,Thing_Speak,Thing_Speak,0.0,0.0,0.0,0.0,0.0,0.0,0.0,0.0,0.0,1.0,0.0
2577,Thing_Speak,Thing_Speak,0.0,0.0,0.0,0.0,0.0,0.0,0.0,0.0,0.0,1.0,0.0
2578,Thing_Speak,Thing_Speak,0.0,0.0,0.0,0.0,0.0,0.0,0.0,0.0,0.0,1.0,0.0
2579,MQTT_Publish,MQTT_Publish,0.0,0.0,0.0,1.0,0.0,0.0,0.0,0.0,0.0,0.0,0.0
2580,Thing_Speak,Thing_Speak,0.0,0.0,0.0,0.0,0.0,0.0,0.0,0.0,0.0,1.0,0.0
2581,Thing_Speak,Thing_Speak,0.0,0.0,0.0,0.0,0.0,0.0,0.0,0.0,0.0,1.0,0.0
2582,Thing_Speak,Thing_Speak,0.0,0.0,0.0,0.0,0.0,0.0,0.0,0.0,0.0,1.0,0.0
2583,Thing_Speak,Thing_Speak,0.0,0.0,0.0,0.0,0.0,0.0,0.0,0.0,0.0,1.0,0.0
2584,Thing_Speak,Thing_Speak,0.0,0.0,0.0,0.0,0.0,0.0,0.0,0.0,0.0,1.0,0.0
2585,MQTT_Publish,MQTT_Publish,0.0,0.0,0.0,1.0,0.0,0.0,0.0,0.0,0.0,0.0,0.0
2586,Thing_Speak,Thing_Speak,0.0,0.0,0.0,0.0,0.0,0.0,0.0,0.0,0.0,1.0,0.0
2587,ARP_poisioning,ARP_poisioning,1.0,0.0,0.0,0.0,0.0,0.0,0.0,0.0,0.0,0.0,0.0
2588,Thing_Speak,Thing_Speak,0.0,0.0,0.0,0.0,0.0,0.0,0.0,0.0,0.0,1.0,0.0
2589,Thing_Speak,Thing_Speak,0.0,0.0,0.0,0.0,0.0,0.0,0.0,0.0,0.0,1.0,0.0
2590,MQTT_Publish,MQTT_Publish,0.0,0.0,0.0,1.0,0.0,0.0,0.0,0.0,0.0,0.0,0.0
2591,Thing_Speak,Thing_Speak,0.0014647926140278352,0.0,0.0,0.0,0.0,0.0,0.0,0.0,0.0,0.9985352073859721,0.0
2592,ARP_poisioning,ARP_poisioning,0.794673683310253,0.0,0.0,0.0,0.0,0.0,0.0,0.1953263166897469,0.009866941959164946,0.0001330580408350539,0.0
2593,Thing_Speak,Thing_Speak,0.3139335973482453,0.008854850474106491,0.0,0.0056461237627413105,0.0,0.0,0.0,0.008684807256235829,0.0,0.5844167565090025,0.07846386464966874
2594,Thing_Speak,Thing_Speak,0.0,0.0,0.0,0.0,0.0,0.0,0.0,0.0,0.0,1.0,0.0
2595,DDOS_Slowloris,NMAP_UDP_SCAN,1.0322104921765483e-05,0.22551501711292343,0.0,0.0,0.0,0.0,0.0,0.7740532754973802,0.0,1.0822100693472182e-05,0.00041056318408096685
2596,ARP_poisioning,ARP_poisioning,0.971756430791696,0.0,0.0,0.0,0.0,0.0,0.0,0.0,0.0,0.018892003262119574,0.009351565946184385
2597,Thing_Speak,Thing_Speak,0.0,0.0,0.0,0.0,0.0,0.0,0.0,0.0,0.0,1.0,0.0
2598,Thing_Speak,Thing_Speak,0.0,0.0,0.0,0.0,0.0,0.0,0.0,0.0,0.0,1.0,0.0
2599,ARP_poisioning,ARP_poisioning,0.9723967047558165,0.0,0.0,0.0,0.0,0.0,0.0,0.0,0.0,0.027603295244183562,0.0
2600,DDOS_Slowloris,DDOS_Slowloris,0.0,1.0,0.0,0.0,0.0,0.0,0.0,0.0,0.0,0.0,0.0
2601,ARP_poisioning,ARP_poisioning,0.9146765695456768,0.03,0.0,0.015866082180001517,0.0,0.0,0.0,0.0,0.0,0.01,0.02945734827432183
2602,Thing_Speak,Thing_Speak,0.0,0.0,0.0,0.0,0.0,0.0,0.0,0.0,0.0,1.0,0.0
2603,ARP_poisioning,ARP_poisioning,1.0,0.0,0.0,0.0,0.0,0.0,0.0,0.0,0.0,0.0,0.0
2604,ARP_poisioning,ARP_poisioning,0.9553533950531332,0.0,0.0,0.0,0.0,0.0,0.0,0.0,0.0,0.03545819914976537,0.00918840579710145
2605,ARP_poisioning,ARP_poisioning,1.0,0.0,0.0,0.0,0.0,0.0,0.0,0.0,0.0,0.0,0.0
2606,ARP_poisioning,ARP_poisioning,0.9800942424962382,0.0,0.0,0.0,0.0,0.0,0.0,0.01990575750376178,0.0,0.0,0.0
2607,MQTT_Publish,MQTT_Publish,0.0,0.0,0.0,1.0,0.0,0.0,0.0,0.0,0.0,0.0,0.0
2608,MQTT_Publish,MQTT_Publish,0.0,0.0,0.0,1.0,0.0,0.0,0.0,0.0,0.0,0.0,0.0
2609,Thing_Speak,Thing_Speak,0.0,0.0,0.0,0.0,0.0,0.0,0.0,0.0,0.0,1.0,0.0
2610,MQTT_Publish,MQTT_Publish,0.0,0.0,0.0,1.0,0.0,0.0,0.0,0.0,0.0,0.0,0.0
2611,ARP_poisioning,ARP_poisioning,0.9512305977329845,0.0,0.0,0.0,0.01,0.0,0.0,0.0,0.0,0.038769402267015425,0.0
2612,MQTT_Publish,MQTT_Publish,0.0,0.0,0.0,1.0,0.0,0.0,0.0,0.0,0.0,0.0,0.0
2613,Thing_Speak,Thing_Speak,0.0,0.0,0.0,0.0,0.0,0.0,0.0,0.0,0.0,1.0,0.0
2614,MQTT_Publish,MQTT_Publish,0.0,0.0,0.0,1.0,0.0,0.0,0.0,0.0,0.0,0.0,0.0
2615,Thing_Speak,Thing_Speak,0.0,0.0,0.0,0.0,0.0,0.0,0.0,0.0,0.0,1.0,0.0
2616,Thing_Speak,Thing_Speak,0.0,0.0,0.0,0.0,0.0,0.0,0.0,0.0,0.0,1.0,0.0
2617,MQTT_Publish,MQTT_Publish,0.0,0.0,0.0,1.0,0.0,0.0,0.0,0.0,0.0,0.0,0.0
2618,MQTT_Publish,MQTT_Publish,0.0,0.0,0.0,1.0,0.0,0.0,0.0,0.0,0.0,0.0,0.0
2619,Thing_Speak,Thing_Speak,0.0,0.0,0.0,0.0,0.0,0.0,0.0,0.0,0.0,1.0,0.0
2620,ARP_poisioning,ARP_poisioning,0.99,0.0,0.0,0.0,0.01,0.0,0.0,0.0,0.0,0.0,0.0
2621,MQTT_Publish,MQTT_Publish,0.0,0.0,0.0,1.0,0.0,0.0,0.0,0.0,0.0,0.0,0.0
2622,DDOS_Slowloris,DDOS_Slowloris,0.0,1.0,0.0,0.0,0.0,0.0,0.0,0.0,0.0,0.0,0.0
2623,MQTT_Publish,MQTT_Publish,0.0,0.0,0.0,1.0,0.0,0.0,0.0,0.0,0.0,0.0,0.0
2624,MQTT_Publish,MQTT_Publish,0.0,0.0,0.0,1.0,0.0,0.0,0.0,0.0,0.0,0.0,0.0
2625,Thing_Speak,Thing_Speak,0.0,0.0,0.0,0.0,0.0,0.0,0.0,0.0,0.0,1.0,0.0
2626,Thing_Speak,Thing_Speak,0.0,0.0,0.0,0.0,0.0,0.0,0.0,0.0,0.0,1.0,0.0
2627,DDOS_Slowloris,DDOS_Slowloris,0.0,1.0,0.0,0.0,0.0,0.0,0.0,0.0,0.0,0.0,0.0
2628,MQTT_Publish,MQTT_Publish,0.0,0.0,0.0,1.0,0.0,0.0,0.0,0.0,0.0,0.0,0.0
2629,Thing_Speak,Thing_Speak,0.0,0.0,0.0,0.0,0.0,0.0,0.0,0.0,0.0,1.0,0.0
2630,ARP_poisioning,ARP_poisioning,0.9957678355501813,0.0,0.0,0.0,0.0,0.0,0.0,0.0,0.0,0.004232164449818621,0.0
2631,MQTT_Publish,MQTT_Publish,0.0,0.0,0.0,1.0,0.0,0.0,0.0,0.0,0.0,0.0,0.0
2632,ARP_poisioning,ARP_poisioning,0.994087786259542,0.0,0.0,0.0,0.0,0.0,0.0,0.0,0.0,0.005912213740458016,0.0
2633,Thing_Speak,Thing_Speak,0.0,0.0,0.0,0.0,0.0,0.0,0.0,0.0,0.0,1.0,0.0
2634,ARP_poisioning,ARP_poisioning,1.0,0.0,0.0,0.0,0.0,0.0,0.0,0.0,0.0,0.0,0.0
2635,ARP_poisioning,ARP_poisioning,0.9655893081293401,0.0,0.0,0.0,0.0,0.0,0.0,0.0,0.0,0.034410691870659794,0.0
2636,NMAP_XMAS_TREE_SCAN,NMAP_XMAS_TREE_SCAN,1.9312397125388537e-05,0.0,0.0,4.75897649868369e-05,0.0,0.08050730811675319,0.001390912842513492,0.0002746408124414594,0.9170135973268444,3.4163212055015705e-06,0.0007432224181298227
2637,MQTT_Publish,MQTT_Publish,0.0,0.0,0.0,1.0,0.0,0.0,0.0,0.0,0.0,0.0,0.0
2638,Thing_Speak,Thing_Speak,0.0,0.0,0.0,0.0,0.0,0.0,0.0,0.0,0.0,1.0,0.0
2639,Thing_Speak,Thing_Speak,0.024051194861622743,0.0,0.0,0.0,0.0,0.0,0.0,0.0,0.0,0.9759488051383772,0.0
2640,Thing_Speak,Thing_Speak,0.0,0.0,0.0,0.0,0.0,0.0,0.0,0.0,0.0,1.0,0.0
2641,Thing_Speak,Thing_Speak,0.0,0.0,0.0,0.0,0.0,0.0,0.0,0.0,0.0,1.0,0.0
2642,DDOS_Slowloris,DDOS_Slowloris,0.0,1.0,0.0,0.0,0.0,0.0,0.0,0.0,0.0,0.0,0.0
2643,ARP_poisioning,ARP_poisioning,1.0,0.0,0.0,0.0,0.0,0.0,0.0,0.0,0.0,0.0,0.0
2644,MQTT_Publish,MQTT_Publish,0.0,0.0,0.0,1.0,0.0,0.0,0.0,0.0,0.0,0.0,0.0
2645,ARP_poisioning,ARP_poisioning,1.0,0.0,0.0,0.0,0.0,0.0,0.0,0.0,0.0,0.0,0.0
2646,MQTT_Publish,MQTT_Publish,0.0,0.0,0.0,1.0,0.0,0.0,0.0,0.0,0.0,0.0,0.0
2647,MQTT_Publish,MQTT_Publish,0.0,0.0,0.0,1.0,0.0,0.0,0.0,0.0,0.0,0.0,0.0
2648,Thing_Speak,Thing_Speak,0.0,0.0,0.0,0.0,0.0,0.0,0.0,0.0,0.0,1.0,0.0
2649,Wipro_bulb,Wipro_bulb,0.0,0.0,0.0,0.0,0.0,0.0,0.0,0.0,0.0,0.0,1.0
2650,ARP_poisioning,ARP_poisioning,1.0,0.0,0.0,0.0,0.0,0.0,0.0,0.0,0.0,0.0,0.0
2651,MQTT_Publish,MQTT_Publish,0.0,0.0,0.0,1.0,0.0,0.0,0.0,0.0,0.0,0.0,0.0
2652,Thing_Speak,Thing_Speak,0.0,0.0,0.0,0.0,0.0,0.0,0.0,0.0,0.0,1.0,0.0
2653,Thing_Speak,Thing_Speak,0.0,0.0,0.0,0.0,0.0,0.0,0.0,0.0,0.0,1.0,0.0
2654,ARP_poisioning,ARP_poisioning,1.0,0.0,0.0,0.0,0.0,0.0,0.0,0.0,0.0,0.0,0.0
2655,ARP_poisioning,ARP_poisioning,1.0,0.0,0.0,0.0,0.0,0.0,0.0,0.0,0.0,0.0,0.0
2656,ARP_poisioning,ARP_poisioning,0.5428243682659699,0.0,0.0,0.0,0.0,0.0,0.0,0.0,0.0,0.45717563173403014,0.0
2657,Thing_Speak,Thing_Speak,0.0,0.0,0.0,0.0,0.03956083669872938,0.0,0.0,0.0,0.0,0.9604391633012708,0.0
2658,DDOS_Slowloris,DDOS_Slowloris,0.0,1.0,0.0,0.0,0.0,0.0,0.0,0.0,0.0,0.0,0.0
2659,MQTT_Publish,MQTT_Publish,0.0,0.0,0.0,1.0,0.0,0.0,0.0,0.0,0.0,0.0,0.0
2660,MQTT_Publish,MQTT_Publish,0.0,0.0,0.0,1.0,0.0,0.0,0.0,0.0,0.0,0.0,0.0
2661,MQTT_Publish,MQTT_Publish,0.0,0.0,0.0,1.0,0.0,0.0,0.0,0.0,0.0,0.0,0.0
2662,NMAP_OS_DETECTION,NMAP_OS_DETECTION,9.431154420915635e-05,1.6187824150449924e-05,0.0,7.012180632193017e-05,0.0,0.9052336543186615,0.017890381573492306,0.0002746408124414594,0.07540678879429225,3.4163212055015705e-06,0.0010104970052255185
2663,Thing_Speak,Thing_Speak,0.0,0.0,0.0,0.0,0.0,0.0,0.0,0.0,0.0,1.0,0.0
2664,Thing_Speak,Thing_Speak,0.0,0.0,0.0,0.0,0.0,0.0,0.0,0.0,0.0,1.0,0.0
2665,Thing_Speak,Thing_Speak,0.0,0.0,0.0,0.0,0.0,0.0,0.0,0.0,0.0,1.0,0.0
2666,ARP_poisioning,ARP_poisioning,0.9787639263624327,0.0,0.0,0.0,0.0,0.0,0.0,0.0,0.0,0.021236073637567424,0.0
2667,MQTT_Publish,MQTT_Publish,0.0,0.0,0.0,1.0,0.0,0.0,0.0,0.0,0.0,0.0,0.0
2668,MQTT_Publish,MQTT_Publish,0.0,0.0,0.0,1.0,0.0,0.0,0.0,0.0,0.0,0.0,0.0
2669,MQTT_Publish,MQTT_Publish,0.0,0.0,0.0,1.0,0.0,0.0,0.0,0.0,0.0,0.0,0.0
2670,Thing_Speak,Thing_Speak,0.0,0.0,0.0,0.0,0.0,0.0,0.0,0.0,0.0,1.0,0.0
2671,MQTT_Publish,MQTT_Publish,0.0,0.0,0.0,0.9945009742368478,0.0,0.0,0.0,0.0,0.0,0.005499025763152198,0.0
2672,Thing_Speak,Thing_Speak,0.0,0.0,0.0,0.0,0.0,0.0,0.0,0.0,0.0,1.0,0.0
2673,Thing_Speak,Thing_Speak,0.0,0.0,0.0,0.0,0.0,0.0,0.0,0.0,0.0,1.0,0.0
2674,Thing_Speak,Thing_Speak,0.0,0.0,0.0,0.0,0.0,0.0,0.0,0.0,0.0,1.0,0.0
2675,ARP_poisioning,ARP_poisioning,0.9913859254917629,0.0,0.0,0.0,0.0,0.0,0.0,0.0,0.0,0.008614074508237278,0.0
2676,ARP_poisioning,ARP_poisioning,1.0,0.0,0.0,0.0,0.0,0.0,0.0,0.0,0.0,0.0,0.0
2677,Thing_Speak,Thing_Speak,0.0,0.0,0.0,0.0,0.0,0.0,0.0,0.0,0.0,1.0,0.0
2678,Thing_Speak,Thing_Speak,0.0,0.0,0.0,0.0,0.0,0.0,0.0,0.0,0.0,1.0,0.0
2679,MQTT_Publish,MQTT_Publish,0.0,0.0,0.0,1.0,0.0,0.0,0.0,0.0,0.0,0.0,0.0
2680,ARP_poisioning,ARP_poisioning,1.0,0.0,0.0,0.0,0.0,0.0,0.0,0.0,0.0,0.0,0.0
2681,MQTT_Publish,MQTT_Publish,0.0,0.0,0.0,1.0,0.0,0.0,0.0,0.0,0.0,0.0,0.0
2682,DDOS_Slowloris,DDOS_Slowloris,0.0015,0.9984999999999999,0.0,0.0,0.0,0.0,0.0,0.0,0.0,0.0,0.0
2683,ARP_poisioning,ARP_poisioning,1.0,0.0,0.0,0.0,0.0,0.0,0.0,0.0,0.0,0.0,0.0
2684,MQTT_Publish,MQTT_Publish,0.0,0.0,0.0,1.0,0.0,0.0,0.0,0.0,0.0,0.0,0.0
2685,Thing_Speak,Thing_Speak,0.0,0.0,0.0,0.0,0.0,0.0,0.0,0.0,0.0,1.0,0.0
2686,Thing_Speak,Thing_Speak,0.0,0.0,0.0,0.0,0.0,0.0,0.0,0.0,0.0,1.0,0.0
2687,Thing_Speak,Thing_Speak,0.0,0.0,0.0,0.0,0.0,0.0,0.0,0.0,0.0,1.0,0.0
2688,MQTT_Publish,MQTT_Publish,0.0,0.0,0.0,1.0,0.0,0.0,0.0,0.0,0.0,0.0,0.0
2689,Thing_Speak,Thing_Speak,0.0,0.0,0.0,0.0,0.0,0.0,0.0,0.0,0.0,1.0,0.0
2690,Thing_Speak,Thing_Speak,0.0,0.0,0.0,0.0,0.0,0.0,0.0,0.0,0.0,1.0,0.0
2691,ARP_poisioning,ARP_poisioning,0.9957369276618803,0.0,0.0,0.0,0.0,0.0,0.0,0.0,0.0,0.004263072338119751,0.0
2692,Thing_Speak,Thing_Speak,0.0,0.0,0.0,0.0,0.0,0.0,0.0,0.0,0.0,1.0,0.0
2693,Thing_Speak,Thing_Speak,0.0,0.0,0.0,0.0,0.0,0.0,0.0,0.0,0.0,1.0,0.0
2694,Thing_Speak,Thing_Speak,0.0,0.0,0.0,0.0,0.0,0.0,0.0,0.0,0.0,1.0,0.0
2695,Thing_Speak,Thing_Speak,0.0,0.0,0.0,0.0,0.0,0.0,0.0,0.0,0.0,1.0,0.0
2696,Thing_Speak,Thing_Speak,0.0,0.0,0.0,0.0,0.0,0.0,0.0,0.0,0.0,1.0,0.0
2697,ARP_poisioning,ARP_poisioning,1.0,0.0,0.0,0.0,0.0,0.0,0.0,0.0,0.0,0.0,0.0
2698,ARP_poisioning,ARP_poisioning,0.9980147615442846,0.0,0.0,0.0,0.0,0.0,0.0,0.0,0.0,0.001985238455715367,0.0
2699,Thing_Speak,Thing_Speak,0.0,0.0,0.0,0.0,0.0,0.0,0.0,0.0,0.0,1.0,0.0
2700,Thing_Speak,Thing_Speak,0.0,0.0,0.0,0.0,0.0,0.0,0.0,0.0,0.0,1.0,0.0
2701,NMAP_TCP_scan,NMAP_TCP_scan,4.4844426669243135e-05,1.6187824150449924e-05,0.0,0.0,0.0,0.033273916526487875,0.9642105439377421,0.0006874345593339698,0.001723811306699429,8.060340593437548e-06,3.520107832338062e-05
2702,Thing_Speak,Thing_Speak,0.44237895983809566,0.0,0.0,0.0,0.0,0.0,0.0,0.0,0.0,0.5576210401619044,0.0
2703,MQTT_Publish,MQTT_Publish,0.0,0.0,0.0,1.0,0.0,0.0,0.0,0.0,0.0,0.0,0.0
2704,ARP_poisioning,ARP_poisioning,0.99,0.01,0.0,0.0,0.0,0.0,0.0,0.0,0.0,0.0,0.0
2705,DDOS_Slowloris,NMAP_UDP_SCAN,1.0322104921765483e-05,0.15757894986696885,0.0,0.0,0.0,0.0,0.0,0.8419893427433348,0.0,1.0822100693472182e-05,0.00041056318408096685
2706,ARP_poisioning,ARP_poisioning,0.9858254269449716,0.0,0.0,0.0,0.0,0.0,0.0,0.0,0.0,0.014174573055028464,0.0
2707,ARP_poisioning,ARP_poisioning,1.0,0.0,0.0,0.0,0.0,0.0,0.0,0.0,0.0,0.0,0.0
2708,MQTT_Publish,MQTT_Publish,0.0,0.0,0.0,1.0,0.0,0.0,0.0,0.0,0.0,0.0,0.0
2709,MQTT_Publish,MQTT_Publish,0.0,0.0,0.0,1.0,0.0,0.0,0.0,0.0,0.0,0.0,0.0
2710,ARP_poisioning,ARP_poisioning,0.9947249301261394,0.0,0.0,0.0,0.0,0.0,0.0,0.0,0.0,0.005275069873860488,0.0
2711,Thing_Speak,Thing_Speak,0.0,0.0,0.0,0.0,0.0,0.0,0.0,0.0,0.0,1.0,0.0
2712,DDOS_Slowloris,DDOS_Slowloris,0.0,1.0,0.0,0.0,0.0,0.0,0.0,0.0,0.0,0.0,0.0
2713,ARP_poisioning,ARP_poisioning,0.8903027195903478,0.01,0.0,0.0,0.03,0.0,0.0,0.008868561778778497,0.0,0.050963091387053995,0.00986562724381988
2714,Thing_Speak,Thing_Speak,0.0,0.0,0.0,0.0,0.0,0.0,0.0,0.0,0.0,1.0,0.0
2715,Thing_Speak,Thing_Speak,0.0,0.0,0.0,0.0,0.0,0.0,0.0,0.0,0.0,1.0,0.0
2716,MQTT_Publish,Thing_Speak,0.3476542140077011,0.009513888888888888,0.0,0.03044870378331854,0.02,0.0,0.0,0.008684807256235829,0.0,0.5644904545132324,0.019207931550623326
2717,ARP_poisioning,ARP_poisioning,1.0,0.0,0.0,0.0,0.0,0.0,0.0,0.0,0.0,0.0,0.0
2718,Thing_Speak,Thing_Speak,0.0,0.0,0.0,0.0,0.0,0.0,0.0,0.0,0.0,1.0,0.0
2719,ARP_poisioning,ARP_poisioning,0.9958363465916701,0.0,0.0,0.0,0.0,0.0,0.0,0.0,0.0,0.004163653408329985,0.0
2720,ARP_poisioning,ARP_poisioning,1.0,0.0,0.0,0.0,0.0,0.0,0.0,0.0,0.0,0.0,0.0
2721,MQTT_Publish,MQTT_Publish,0.0,0.0,0.0,1.0,0.0,0.0,0.0,0.0,0.0,0.0,0.0
2722,Thing_Speak,Thing_Speak,0.0,0.0,0.0,0.0,0.0,0.0,0.0,0.0,0.0,1.0,0.0
2723,Thing_Speak,Thing_Speak,0.0,0.0,0.0,0.0,0.0,0.0,0.0,0.0,0.0,1.0,0.0
2724,Thing_Speak,Thing_Speak,0.0,0.0,0.0,0.0,0.0,0.0,0.0,0.0,0.0,1.0,0.0
2725,ARP_poisioning,ARP_poisioning,0.9914609991854934,0.0,0.0,0.0,0.0,0.0,0.0,0.0,0.0,0.008539000814506613,0.0
2726,ARP_poisioning,ARP_poisioning,0.9866128756868949,0.009501789976133651,0.0,0.0038853343369715217,0.0,0.0,0.0,0.0,0.0,0.0,0.0
2727,ARP_poisioning,ARP_poisioning,1.0,0.0,0.0,0.0,0.0,0.0,0.0,0.0,0.0,0.0,0.0
2728,MQTT_Publish,MQTT_Publish,0.0,0.0,0.0,1.0,0.0,0.0,0.0,0.0,0.0,0.0,0.0
2729,Thing_Speak,Thing_Speak,0.0,0.0,0.0,0.0,0.0,0.0,0.0,0.0,0.0,1.0,0.0
2730,Thing_Speak,Thing_Speak,0.0,0.0,0.0,0.0,0.0,0.0,0.0,0.0,0.0,1.0,0.0
2731,MQTT_Publish,MQTT_Publish,0.0,0.0,0.0,1.0,0.0,0.0,0.0,0.0,0.0,0.0,0.0
2732,ARP_poisioning,ARP_poisioning,0.9712582543076819,0.009055523755008586,0.0,0.0,0.01,0.0,0.0,0.0,0.0,0.009686221937309525,0.0
2733,Thing_Speak,Thing_Speak,0.0,0.0,0.0,0.0,0.0,0.0,0.0,0.0,0.0,1.0,0.0
2734,ARP_poisioning,ARP_poisioning,1.0,0.0,0.0,0.0,0.0,0.0,0.0,0.0,0.0,0.0,0.0
2735,Thing_Speak,Thing_Speak,0.0,0.0,0.0,0.0,0.0,0.0,0.0,0.0,0.0,1.0,0.0
2736,Thing_Speak,Thing_Speak,0.012992843201040988,0.0,0.0,0.0,0.0,0.0,0.0,0.0,0.0,0.9870071567989589,0.0
2737,Thing_Speak,Thing_Speak,0.0,0.0,0.0,0.0,0.0,0.0,0.0,0.0,0.0,1.0,0.0
2738,Thing_Speak,Thing_Speak,0.0,0.0,0.0,0.0,0.0,0.0,0.0,0.0,0.0,1.0,0.0
2739,Thing_Speak,Thing_Speak,0.0,0.0,0.0,0.0,0.0,0.0,0.0,0.0,0.0,1.0,0.0
2740,ARP_poisioning,ARP_poisioning,0.9884861710894401,0.009501789976133651,0.0,0.0,0.0,0.0,0.0,0.0,0.0,0.0020120389344262294,0.0
2741,Thing_Speak,Thing_Speak,0.0,0.0,0.0,0.0,0.0,0.0,0.0,0.0,0.0,1.0,0.0
2742,MQTT_Publish,MQTT_Publish,0.0,0.0,0.0,1.0,0.0,0.0,0.0,0.0,0.0,0.0,0.0
2743,Thing_Speak,Thing_Speak,0.0,0.0,0.0,0.0,0.0,0.0,0.0,0.0,0.0,1.0,0.0
2744,Thing_Speak,Thing_Speak,0.0,0.0,0.0,0.0,0.0,0.0,0.0,0.0,0.0,1.0,0.0
2745,Thing_Speak,Thing_Speak,0.0,0.0,0.0,0.0,0.0,0.0,0.0,0.0,0.0,1.0,0.0
2746,Thing_Speak,Thing_Speak,0.0,0.0,0.0,0.0,0.0,0.0,0.0,0.0,0.0,1.0,0.0
2747,Thing_Speak,Thing_Speak,0.0,0.0,0.0,0.0,0.0,0.0,0.0,0.0,0.0,1.0,0.0
2748,NMAP_UDP_SCAN,NMAP_UDP_SCAN,2.481490310514844e-05,0.45006534185678143,0.0034124938975558135,0.0,0.0,0.0,0.0,0.5460402713174978,0.0,4.651484097903673e-05,0.00041056318408096685
2749,Thing_Speak,Thing_Speak,0.0,0.0,0.0,0.0,0.0,0.0,0.0,0.0,0.0,1.0,0.0
2750,Thing_Speak,Thing_Speak,0.0,0.0,0.0,0.0,0.0,0.0,0.0,0.0,0.0,1.0,0.0
2751,MQTT_Publish,MQTT_Publish,0.0,0.0,0.0,1.0,0.0,0.0,0.0,0.0,0.0,0.0,0.0
2752,MQTT_Publish,MQTT_Publish,0.0,0.0,0.0,1.0,0.0,0.0,0.0,0.0,0.0,0.0,0.0
2753,ARP_poisioning,ARP_poisioning,0.9274601539943691,0.018232271325796506,0.0,0.0030352941176470583,0.009857999368886084,0.0,0.0,0.0,0.0,0.012676785098309763,0.028737496094991415
2754,ARP_poisioning,ARP_poisioning,0.9365683729628994,0.0,0.0,0.0,0.0,0.0,0.0,0.027206662680264657,0.0,0.03622496435683584,0.0
2755,Thing_Speak,Thing_Speak,0.0,0.0,0.0,0.0,0.0,0.0,0.0,0.0,0.0,1.0,0.0
2756,MQTT_Publish,MQTT_Publish,0.0,0.0,0.0,1.0,0.0,0.0,0.0,0.0,0.0,0.0,0.0
2757,DDOS_Slowloris,DDOS_Slowloris,0.0,1.0,0.0,0.0,0.0,0.0,0.0,0.0,0.0,0.0,0.0
2758,ARP_poisioning,ARP_poisioning,1.0,0.0,0.0,0.0,0.0,0.0,0.0,0.0,0.0,0.0,0.0
2759,ARP_poisioning,NMAP_UDP_SCAN,0.046026589035910066,0.0,0.0,0.024513012027189668,0.001528595815418896,0.009749578695487366,0.004075812026862634,0.5729396956230711,0.036369471794460435,0.05653910254872137,0.24825814243287844
2760,MQTT_Publish,MQTT_Publish,0.0,0.0,0.0,1.0,0.0,0.0,0.0,0.0,0.0,0.0,0.0
2761,MQTT_Publish,MQTT_Publish,0.0,0.0,0.0,1.0,0.0,0.0,0.0,0.0,0.0,0.0,0.0
2762,ARP_poisioning,ARP_poisioning,0.9526498882796344,0.0,0.0,0.0,0.009962813758909205,0.0,0.0,0.0,0.0,0.03738729796145639,0.0
2763,MQTT_Publish,MQTT_Publish,0.0,0.0,0.0,1.0,0.0,0.0,0.0,0.0,0.0,0.0,0.0
2764,Thing_Speak,Thing_Speak,0.0,0.0,0.0,0.0,0.0,0.0,0.0,0.0,0.0,1.0,0.0
2765,ARP_poisioning,ARP_poisioning,0.875517346458348,0.0,0.0,0.0,0.039841628840434844,0.0,0.0,0.0,0.0,0.04534395142042639,0.03929707328079084
2766,Thing_Speak,Thing_Speak,0.0,0.0,0.0,0.0,0.0,0.0,0.0,0.0,0.0,1.0,0.0
2767,Thing_Speak,Thing_Speak,0.0,0.0,0.0,0.0,0.0,0.0,0.0,0.0,0.0,1.0,0.0
2768,MQTT_Publish,MQTT_Publish,0.0,0.0,0.0,1.0,0.0,0.0,0.0,0.0,0.0,0.0,0.0
2769,Thing_Speak,Thing_Speak,0.0,0.0,0.0,0.0,0.0,0.0,0.0,0.0,0.0,1.0,0.0
2770,ARP_poisioning,ARP_poisioning,0.9372341555725626,0.0,0.0,0.0,0.0,0.0,0.0,0.0,0.0,0.06276584442743756,0.0
2771,ARP_poisioning,ARP_poisioning,0.8690612456240668,0.009049016730261226,0.0,0.0,0.0,0.0,0.0,0.029041447678704122,0.0,0.09284828996696773,0.0
2772,Thing_Speak,Thing_Speak,0.0,0.0,0.0,0.0,0.0,0.0,0.0,0.0,0.0,1.0,0.0
2773,ARP_poisioning,ARP_poisioning,0.9803137780626905,0.0,0.0,0.0,0.01,0.0,0.0,0.0,0.0,0.009686221937309525,0.0
2774,Thing_Speak,Thing_Speak,0.0,0.0,0.0,0.0,0.0,0.0,0.0,0.0,0.0,1.0,0.0
2775,Thing_Speak,Thing_Speak,0.0,0.0,0.0,0.0,0.0,0.0,0.0,0.0,0.0,1.0,0.0
2776,ARP_poisioning,ARP_poisioning,1.0,0.0,0.0,0.0,0.0,0.0,0.0,0.0,0.0,0.0,0.0
2777,Thing_Speak,Thing_Speak,0.0,0.0,0.0,0.0,0.0,0.0,0.0,0.0,0.0,1.0,0.0
2778,ARP_poisioning,ARP_poisioning,1.0,0.0,0.0,0.0,0.0,0.0,0.0,0.0,0.0,0.0,0.0
2779,MQTT_Publish,MQTT_Publish,0.0,0.0,0.0,1.0,0.0,0.0,0.0,0.0,0.0,0.0,0.0
2780,MQTT_Publish,MQTT_Publish,0.0,0.0,0.0,1.0,0.0,0.0,0.0,0.0,0.0,0.0,0.0
2781,MQTT_Publish,MQTT_Publish,0.0,0.0,0.0,1.0,0.0,0.0,0.0,0.0,0.0,0.0,0.0
2782,Thing_Speak,Thing_Speak,0.0,0.0,0.0,0.0,0.0,0.0,0.0,0.0,0.0,1.0,0.0
2783,MQTT_Publish,MQTT_Publish,0.0,0.0,0.0,1.0,0.0,0.0,0.0,0.0,0.0,0.0,0.0
2784,Thing_Speak,Thing_Speak,0.0,0.0,0.0,0.0,0.0,0.0,0.0,0.0,0.0,1.0,0.0
2785,ARP_poisioning,ARP_poisioning,1.0,0.0,0.0,0.0,0.0,0.0,0.0,0.0,0.0,0.0,0.0
2786,MQTT_Publish,MQTT_Publish,0.0,0.0,0.0,1.0,0.0,0.0,0.0,0.0,0.0,0.0,0.0
2787,ARP_poisioning,Thing_Speak,0.3747994304125308,0.0,0.0,0.0,0.0,0.0,0.0,0.0,0.0,0.6252005695874692,0.0
2788,MQTT_Publish,MQTT_Publish,0.0,0.0,0.0,1.0,0.0,0.0,0.0,0.0,0.0,0.0,0.0
2789,ARP_poisioning,ARP_poisioning,0.9888922704699522,0.0,0.0,0.0,0.0,0.0,0.0,0.0,0.0,0.011107729530047824,0.0
2790,Thing_Speak,Thing_Speak,0.0,0.0,0.0,0.0,0.0,0.0,0.0,0.0,0.0,1.0,0.0
2791,Thing_Speak,Thing_Speak,0.0,0.0,0.0,0.0,0.0,0.0,0.0,0.0,0.0,1.0,0.0
2792,Thing_Speak,Thing_Speak,0.0,0.0,0.0,0.0,0.0,0.0,0.0,0.0,0.0,1.0,0.0
2793,MQTT_Publish,MQTT_Publish,0.0,0.0,0.0,0.9976864914707239,0.0,0.0,0.0,0.0,0.0,0.0023135085292761647,0.0
2794,DDOS_Slowloris,NMAP_UDP_SCAN,1.273389142576965e-05,0.08298872767181775,0.0007925132363315011,7.17665855958503e-05,0.0,0.0,0.0,0.9153261211381136,0.0,3.0110077288435226e-05,0.0007780273994271982
2795,Thing_Speak,Thing_Speak,0.0,0.0,0.0,0.0,0.0,0.0,0.0,0.0,0.0,1.0,0.0
2796,ARP_poisioning,ARP_poisioning,0.541638679392157,0.0,0.0,0.0,0.0,0.0,0.0,0.0,0.0,0.45836132060784296,0.0
2797,ARP_poisioning,ARP_poisioning,1.0,0.0,0.0,0.0,0.0,0.0,0.0,0.0,0.0,0.0,0.0
2798,Thing_Speak,Thing_Speak,0.0,0.0,0.0,0.0,0.0,0.0,0.0,0.0,0.0,1.0,0.0
2799,DDOS_Slowloris,DDOS_Slowloris,0.010950983269738774,0.9890490167302614,0.0,0.0,0.0,0.0,0.0,0.0,0.0,0.0,0.0
2800,Thing_Speak,Thing_Speak,0.0,0.0,0.0,0.0,0.0,0.0,0.0,0.0,0.0,1.0,0.0
2801,ARP_poisioning,ARP_poisioning,1.0,0.0,0.0,0.0,0.0,0.0,0.0,0.0,0.0,0.0,0.0
2802,ARP_poisioning,ARP_poisioning,0.970600985922742,0.0,0.0,0.0,0.0,0.0,0.0,0.0,0.0,0.019843725615719513,0.009555288461538462
2803,Thing_Speak,Thing_Speak,0.12482793394219519,0.0,0.0,0.0,0.0,0.0,0.0,0.0,0.0,0.8751720660578048,0.0
2804,Thing_Speak,Thing_Speak,0.0,0.0,0.0,0.0,0.0,0.0,0.0,0.0,0.0,1.0,0.0
2805,MQTT_Publish,MQTT_Publish,0.0,0.0,0.0,1.0,0.0,0.0,0.0,0.0,0.0,0.0,0.0
2806,ARP_poisioning,ARP_poisioning,1.0,0.0,0.0,0.0,0.0,0.0,0.0,0.0,0.0,0.0,0.0
2807,Thing_Speak,Thing_Speak,0.0,0.0,0.0,0.0,0.0,0.0,0.0,0.0,0.0,1.0,0.0
2808,MQTT_Publish,MQTT_Publish,0.0,0.0,0.0,1.0,0.0,0.0,0.0,0.0,0.0,0.0,0.0
2809,DDOS_Slowloris,DDOS_Slowloris,0.0008764940239043825,0.9991235059760956,0.0,0.0,0.0,0.0,0.0,0.0,0.0,0.0,0.0
2810,Thing_Speak,Thing_Speak,0.0,0.0,0.0,0.0,0.0,0.0,0.0,0.0,0.0,1.0,0.0
2811,ARP_poisioning,ARP_poisioning,0.7570402518987781,0.0,0.0,0.0,0.0,0.0,0.0,0.0,0.0,0.2429597481012218,0.0
2812,ARP_poisioning,ARP_poisioning,0.9957346993798868,0.0,0.0,0.0,0.0,0.0,0.0,0.0,0.0,0.004265300620113238,0.0
2813,Thing_Speak,Thing_Speak,0.0,0.0,0.0,0.0,0.0,0.0,0.0,0.0,0.0,1.0,0.0
2814,DDOS_Slowloris,DDOS_Slowloris,0.011816369906795153,0.988183630093205,0.0,0.0,0.0,0.0,0.0,0.0,0.0,0.0,0.0
2815,ARP_poisioning,ARP_poisioning,0.9940592367571673,0.0,0.0,0.0,0.0,0.0,0.0,0.0,0.0,0.005940763242832731,0.0
2816,Thing_Speak,Thing_Speak,0.0,0.0,0.0,0.0,0.0,0.0,0.0,0.0,0.0,1.0,0.0
2817,Thing_Speak,ARP_poisioning,0.6022715389086944,0.009683186241231047,0.0,0.01,0.0,0.0,0.0,0.0,0.0,0.3780452748500745,0.0
2818,ARP_poisioning,ARP_poisioning,0.9939259962049336,0.0,0.0,0.0,0.0,0.0,0.0,0.0,0.0,0.006074003795066413,0.0
2819,ARP_poisioning,ARP_poisioning,1.0,0.0,0.0,0.0,0.0,0.0,0.0,0.0,0.0,0.0,0.0
2820,ARP_poisioning,ARP_poisioning,1.0,0.0,0.0,0.0,0.0,0.0,0.0,0.0,0.0,0.0,0.0
2821,ARP_poisioning,ARP_poisioning,1.0,0.0,0.0,0.0,0.0,0.0,0.0,0.0,0.0,0.0,0.0
2822,MQTT_Publish,MQTT_Publish,0.0,0.0,0.0,1.0,0.0,0.0,0.0,0.0,0.0,0.0,0.0
2823,Thing_Speak,Thing_Speak,0.0,0.0,0.0,0.0,0.0,0.0,0.0,0.0,0.0,1.0,0.0
2824,MQTT_Publish,MQTT_Publish,0.0,0.0,0.0,1.0,0.0,0.0,0.0,0.0,0.0,0.0,0.0
2825,Thing_Speak,Thing_Speak,0.0,0.0,0.0,0.0,0.0,0.0,0.0,0.0,0.0,1.0,0.0
2826,ARP_poisioning,ARP_poisioning,1.0,0.0,0.0,0.0,0.0,0.0,0.0,0.0,0.0,0.0,0.0
2827,ARP_poisioning,ARP_poisioning,0.9846826041379494,0.0,0.0,0.0,0.0,0.0,0.0,0.0,0.0,0.015317395862050475,0.0
2828,MQTT_Publish,MQTT_Publish,0.0,0.0,0.0,1.0,0.0,0.0,0.0,0.0,0.0,0.0,0.0
2829,Thing_Speak,Thing_Speak,0.0,0.0,0.0,0.0,0.0,0.0,0.0,0.0,0.0,1.0,0.0
2830,NMAP_OS_DETECTION,NMAP_OS_DETECTION,0.019224480923664702,0.0,0.0,0.022808563988937873,0.0,0.7310227924725404,0.032223984678545044,0.007848527600395235,0.15111383793703356,0.0013077517038806027,0.034450060695002734
2831,Thing_Speak,Thing_Speak,0.11340435061295275,0.0,0.0,0.0,0.0,0.0,0.0,0.0,0.0,0.8865956493870474,0.0
2832,ARP_poisioning,ARP_poisioning,1.0,0.0,0.0,0.0,0.0,0.0,0.0,0.0,0.0,0.0,0.0
2833,ARP_poisioning,ARP_poisioning,1.0,0.0,0.0,0.0,0.0,0.0,0.0,0.0,0.0,0.0,0.0
2834,MQTT_Publish,MQTT_Publish,0.0,0.0,0.0,1.0,0.0,0.0,0.0,0.0,0.0,0.0,0.0
2835,ARP_poisioning,ARP_poisioning,0.9940555502529349,0.0,0.0,0.0,0.0,0.0,0.0,0.0,0.0,0.005944449747064999,0.0
2836,MQTT_Publish,MQTT_Publish,0.0,0.0,0.0,1.0,0.0,0.0,0.0,0.0,0.0,0.0,0.0
2837,Thing_Speak,Thing_Speak,0.0,0.0,0.0,0.0,0.0,0.0,0.0,0.0,0.0,1.0,0.0
2838,Thing_Speak,Thing_Speak,0.0,0.0,0.0,0.0,0.0,0.0,0.0,0.0,0.0,1.0,0.0
2839,MQTT_Publish,MQTT_Publish,0.0,0.0,0.0,1.0,0.0,0.0,0.0,0.0,0.0,0.0,0.0
2840,Thing_Speak,Thing_Speak,0.0,0.0,0.0,0.0,0.0,0.0,0.0,0.0,0.0,1.0,0.0
2841,ARP_poisioning,ARP_poisioning,1.0,0.0,0.0,0.0,0.0,0.0,0.0,0.0,0.0,0.0,0.0
2842,ARP_poisioning,ARP_poisioning,1.0,0.0,0.0,0.0,0.0,0.0,0.0,0.0,0.0,0.0,0.0
2843,Thing_Speak,Thing_Speak,0.0,0.0,0.0,0.0,0.0,0.0,0.0,0.0,0.0,1.0,0.0
2844,MQTT_Publish,MQTT_Publish,0.0,0.0,0.0,1.0,0.0,0.0,0.0,0.0,0.0,0.0,0.0
2845,ARP_poisioning,ARP_poisioning,0.9844892733383026,0.0,0.0,0.0,0.0,0.0,0.0,0.0,0.0,0.015510726661697428,0.0
2846,Thing_Speak,ARP_poisioning,0.5241023482118242,0.0,0.0,0.0,0.0,0.0,0.0,0.04906380999084447,0.0,0.42683384179733125,0.0
2847,ARP_poisioning,ARP_poisioning,0.8095759215340708,0.0,0.0,0.0,0.0,0.0,0.0,0.0,0.0,0.1904240784659294,0.0
2848,ARP_poisioning,ARP_poisioning,1.0,0.0,0.0,0.0,0.0,0.0,0.0,0.0,0.0,0.0,0.0
2849,ARP_poisioning,ARP_poisioning,0.8680580246431969,0.009048974943052391,0.0,0.0,0.027219206297727564,0.0,0.0,0.059666935666794395,0.0,0.03600685844922842,0.0
2850,Thing_Speak,Thing_Speak,0.0,0.0,0.0,0.0,0.0,0.0,0.0,0.0,0.0,1.0,0.0
2851,Thing_Speak,Thing_Speak,0.0,0.0,0.0,0.0,0.0,0.0,0.0,0.0,0.0,1.0,0.0
2852,Thing_Speak,Thing_Speak,0.24387133508756847,0.0,0.0,0.0,0.02,0.0,0.0,0.0,0.0,0.6673326929307026,0.06879597198172868
2853,Thing_Speak,Thing_Speak,0.0,0.0,0.0,0.0,0.0,0.0,0.0,0.0,0.0,1.0,0.0
2854,MQTT_Publish,MQTT_Publish,0.0,0.0,0.0,1.0,0.0,0.0,0.0,0.0,0.0,0.0,0.0
2855,ARP_poisioning,ARP_poisioning,1.0,0.0,0.0,0.0,0.0,0.0,0.0,0.0,0.0,0.0,0.0
2856,MQTT_Publish,MQTT_Publish,0.0,0.0,0.0,1.0,0.0,0.0,0.0,0.0,0.0,0.0,0.0
2857,Thing_Speak,Thing_Speak,0.0,0.0,0.0,0.0,0.0,0.0,0.0,0.0,0.0,1.0,0.0
2858,MQTT_Publish,MQTT_Publish,0.0,0.0,0.0,1.0,0.0,0.0,0.0,0.0,0.0,0.0,0.0
2859,ARP_poisioning,ARP_poisioning,0.9939049235993209,0.0,0.0,0.0,0.0,0.0,0.0,0.0,0.0,0.006095076400679117,0.0
2860,ARP_poisioning,ARP_poisioning,0.975702121908366,0.0,0.0,0.0,0.0,0.0,0.0,0.0,0.0,0.014297878091634004,0.01
2861,Thing_Speak,Thing_Speak,0.0,0.0,0.0,0.0,0.0,0.0,0.0,0.0,0.0,1.0,0.0
2862,Thing_Speak,Thing_Speak,0.0,0.0,0.0,0.0,0.0,0.0,0.0,0.0,0.0,1.0,0.0
2863,DOS_SYN_Hping,DOS_SYN_Hping,1.3581914766902935e-05,3.436426116838489e-05,0.9997022196729409,0.0,0.0,0.0,0.0,0.00024740014127369895,0.0,2.4340098499717754e-06,0.0
2864,Thing_Speak,Thing_Speak,0.0,0.0,0.0,0.0,0.0,0.0,0.0,0.0,0.0,1.0,0.0
2865,Thing_Speak,Thing_Speak,0.0,0.0,0.0,0.0,0.0,0.0,0.0,0.0,0.0,1.0,0.0
2866,Thing_Speak,Thing_Speak,0.0,0.0,0.0,0.0,0.0,0.0,0.0,0.0,0.0,1.0,0.0
2867,Thing_Speak,Thing_Speak,0.0,0.0,0.0,0.0,0.0,0.0,0.0,0.0,0.0,1.0,0.0
2868,Thing_Speak,Thing_Speak,0.0,0.0,0.0,0.0,0.0,0.0,0.0,0.0,0.0,1.0,0.0
2869,Thing_Speak,Thing_Speak,0.003101487314085739,0.0,0.0,0.0,0.0,0.0,0.0,0.0,0.0,0.9968985126859142,0.0
2870,ARP_poisioning,ARP_poisioning,0.9614247924117555,0.022729306487695746,0.0,0.0,0.0,0.0,0.0,0.007270693512304247,0.0,0.00857520758824444,0.0
2871,Thing_Speak,Thing_Speak,0.0,0.0,0.0,0.0,0.0,0.0,0.0,0.0,0.0,1.0,0.0
2872,ARP_poisioning,ARP_poisioning,0.9871915610167703,0.0,0.0,0.0,0.0,0.0,0.0,0.0,0.0,0.012808438983229586,0.0
2873,ARP_poisioning,ARP_poisioning,1.0,0.0,0.0,0.0,0.0,0.0,0.0,0.0,0.0,0.0,0.0
2874,Thing_Speak,Thing_Speak,0.0,0.0,0.0,0.0,0.0,0.0,0.0,0.0,0.0,1.0,0.0
2875,MQTT_Publish,MQTT_Publish,0.0,0.0,0.0,1.0,0.0,0.0,0.0,0.0,0.0,0.0,0.0
2876,Thing_Speak,Thing_Speak,0.0,0.0,0.0,0.0,0.0,0.0,0.0,0.0,0.0,1.0,0.0
2877,MQTT_Publish,MQTT_Publish,0.0,0.0,0.0,1.0,0.0,0.0,0.0,0.0,0.0,0.0,0.0
2878,MQTT_Publish,MQTT_Publish,0.0,0.0,0.0,1.0,0.0,0.0,0.0,0.0,0.0,0.0,0.0
2879,MQTT_Publish,MQTT_Publish,0.0,0.0,0.0,1.0,0.0,0.0,0.0,0.0,0.0,0.0,0.0
2880,DDOS_Slowloris,DDOS_Slowloris,0.0,1.0,0.0,0.0,0.0,0.0,0.0,0.0,0.0,0.0,0.0
2881,ARP_poisioning,ARP_poisioning,1.0,0.0,0.0,0.0,0.0,0.0,0.0,0.0,0.0,0.0,0.0
2882,NMAP_XMAS_TREE_SCAN,NMAP_XMAS_TREE_SCAN,1.298479431248428e-05,0.0,0.0,4.75897649868369e-05,0.0,0.07506301265268318,0.001390912842513492,0.0002746408124414594,0.9224642203937272,3.4163212055015705e-06,0.0007432224181298227
2883,Thing_Speak,Thing_Speak,0.0,0.0,0.0,0.0,0.0,0.0,0.0,0.0,0.0,1.0,0.0
2884,Thing_Speak,Thing_Speak,0.0,0.0,0.0,0.0,0.0,0.0,0.0,0.0,0.0,1.0,0.0
2885,MQTT_Publish,MQTT_Publish,0.0,0.0,0.0,1.0,0.0,0.0,0.0,0.0,0.0,0.0,0.0
2886,MQTT_Publish,MQTT_Publish,0.0,0.0,0.0,1.0,0.0,0.0,0.0,0.0,0.0,0.0,0.0
2887,ARP_poisioning,ARP_poisioning,0.9840769630757507,0.0,0.0,0.0,0.0,0.0,0.0,0.0,0.0,0.01592303692424928,0.0
2888,ARP_poisioning,ARP_poisioning,0.9481542793859705,0.0,0.0,0.0,0.01984679286928705,0.0,0.0,0.01928306122910247,0.0,0.012715866515639974,0.0
2889,MQTT_Publish,MQTT_Publish,0.0,0.0,0.0,1.0,0.0,0.0,0.0,0.0,0.0,0.0,0.0
2890,ARP_poisioning,ARP_poisioning,0.8522007502790996,0.0,0.0,0.0,0.0,0.0,0.0,0.0,0.0,0.1477992497209005,0.0
2891,ARP_poisioning,ARP_poisioning,0.9254895944012094,0.0,0.009830946231509744,0.0,0.0,0.0,0.0,0.0,0.029641622251627534,0.03503783711565337,0.0
2892,Thing_Speak,Thing_Speak,0.0,0.0,0.0,0.0,0.0,0.0,0.0,0.0,0.0,1.0,0.0
2893,Thing_Speak,Thing_Speak,0.0,0.0,0.0,0.0,0.0,0.0,0.0,0.0,0.0,1.0,0.0
2894,DDOS_Slowloris,DDOS_Slowloris,0.0,0.9979572763684914,0.0,0.002042723631508678,0.0,0.0,0.0,0.0,0.0,0.0,0.0
2895,DDOS_Slowloris,NMAP_UDP_SCAN,1.0322104921765483e-05,0.1619745549252525,0.0,0.0,0.0,0.0,0.0,0.8375937376850513,0.0,1.0822100693472182e-05,0.00041056318408096685
2896,Thing_Speak,Thing_Speak,0.0,0.0,0.0,0.0,0.0,0.0,0.0,0.0,0.0,1.0,0.0
2897,ARP_poisioning,ARP_poisioning,0.99,0.0,0.0,0.0,0.01,0.0,0.0,0.0,0.0,0.0,0.0
2898,Thing_Speak,Thing_Speak,0.0,0.0,0.0,0.0,0.0,0.0,0.0,0.0,0.0,1.0,0.0
2899,MQTT_Publish,MQTT_Publish,0.0,0.0,0.0,1.0,0.0,0.0,0.0,0.0,0.0,0.0,0.0
2900,Wipro_bulb,Wipro_bulb,0.0,0.0,0.0,0.0,0.0,0.0,0.0,0.0,0.0,0.0,1.0
2901,MQTT_Publish,MQTT_Publish,0.0,0.0,0.0,1.0,0.0,0.0,0.0,0.0,0.0,0.0,0.0
2902,ARP_poisioning,ARP_poisioning,1.0,0.0,0.0,0.0,0.0,0.0,0.0,0.0,0.0,0.0,0.0
2903,MQTT_Publish,MQTT_Publish,0.0,0.0,0.0,1.0,0.0,0.0,0.0,0.0,0.0,0.0,0.0
2904,Thing_Speak,Thing_Speak,0.0,0.0,0.0,0.0,0.0,0.0,0.0,0.0,0.0,1.0,0.0
2905,Thing_Speak,Thing_Speak,0.0,0.0,0.0,0.0,0.0,0.0,0.0,0.0,0.0,1.0,0.0
2906,Thing_Speak,Thing_Speak,0.1652832573310978,0.017602104255527856,0.0,0.0,0.0,0.0,0.0,0.029507493526219838,0.0,0.7876071448871543,0.0
2907,MQTT_Publish,MQTT_Publish,0.0,0.0,0.0,1.0,0.0,0.0,0.0,0.0,0.0,0.0,0.0
2908,Thing_Speak,Thing_Speak,0.0,0.0,0.0,0.0,0.0,0.0,0.0,0.0,0.0,1.0,0.0
2909,Thing_Speak,Thing_Speak,0.0,0.0,0.0,0.0,0.0,0.0,0.0,0.0,0.0,1.0,0.0
2910,NMAP_UDP_SCAN,NMAP_UDP_SCAN,1.0322104921765483e-05,0.20460448803295533,0.0,0.0,0.0,0.0,0.0,0.794974626678042,0.0,0.0,0.00041056318408096685
2911,Thing_Speak,Thing_Speak,0.0,0.0,0.0,0.0,0.0,0.0,0.0,0.0,0.0,1.0,0.0
2912,Thing_Speak,Thing_Speak,0.0,0.0,0.0,0.0,0.0,0.0,0.0,0.0,0.0,1.0,0.0
2913,Thing_Speak,Thing_Speak,0.005785821200163287,0.0,0.0,0.0,0.0,0.0,0.0,0.0,0.0,0.9942141787998366,0.0
2914,ARP_poisioning,ARP_poisioning,0.739461813350982,0.0,0.0,0.0,0.07983253190644746,0.0,0.0,0.0,0.0,0.11308634712774826,0.06761930761482213
2915,Thing_Speak,Thing_Speak,0.0,0.0,0.0,0.0,0.0,0.0,0.0,0.0,0.0,1.0,0.0
2916,DDOS_Slowloris,NMAP_UDP_SCAN,1.0322104921765483e-05,0.18898460648679127,0.0,0.0,0.0,0.0,0.0,0.810594508224206,0.0,0.0,0.00041056318408096685
2917,Wipro_bulb,Wipro_bulb,0.0,0.0,0.0,0.0,0.0,0.0,0.0,0.0,0.0,0.0,1.0
2918,Thing_Speak,Thing_Speak,0.0,0.0,0.0,0.0,0.0,0.0,0.0,0.0,0.0,1.0,0.0
2919,Thing_Speak,Thing_Speak,0.0958121314380349,0.0,0.0,0.0,0.00983020149422685,0.0,0.0,0.03764354387919537,0.0,0.8567141231885429,0.0
2920,Thing_Speak,Thing_Speak,0.0,0.0,0.0,0.0,0.0,0.0,0.0,0.0,0.0,1.0,0.0
2921,ARP_poisioning,ARP_poisioning,0.9337046871057137,0.03369510860296323,0.0,0.0,0.0,0.0,0.009962397937258272,0.009625,0.0,0.013012806354064852,0.0
2922,Thing_Speak,Thing_Speak,0.09738223473765467,0.0,0.0,0.0,0.0,0.0,0.0,0.16078156323622317,0.019478627695845116,0.7223575743302771,0.0
2923,Thing_Speak,Thing_Speak,0.0,0.0,0.0,0.0,0.0,0.0,0.0,0.0,0.0,1.0,0.0
2924,MQTT_Publish,MQTT_Publish,0.0,0.0,0.0,1.0,0.0,0.0,0.0,0.0,0.0,0.0,0.0
2925,Thing_Speak,Thing_Speak,0.023002653297403235,0.0,0.0,0.0,0.0,0.0,0.0,0.0,0.0,0.9769973467025969,0.0
2926,Thing_Speak,Thing_Speak,0.0,0.0,0.0,0.0,0.0,0.0,0.0,0.0,0.0,1.0,0.0
2927,Thing_Speak,Thing_Speak,0.0,0.0,0.0,0.0,0.0,0.0,0.0,0.0,0.0,1.0,0.0
2928,Thing_Speak,Thing_Speak,0.0,0.0,0.0,0.0,0.0,0.0,0.0,0.0,0.0,1.0,0.0
2929,MQTT_Publish,MQTT_Publish,0.0,0.0,0.0,1.0,0.0,0.0,0.0,0.0,0.0,0.0,0.0
2930,Thing_Speak,Thing_Speak,0.017289732977775585,0.0,0.0,0.0,0.0,0.0,0.0,0.0,0.0,0.9827102670222243,0.0
2931,Thing_Speak,Thing_Speak,0.0,0.0,0.0,0.0,0.0,0.0,0.0,0.0,0.0,1.0,0.0
2932,Thing_Speak,Thing_Speak,0.0,0.0,0.0,0.0,0.0,0.0,0.0,0.0,0.0,1.0,0.0
2933,ARP_poisioning,ARP_poisioning,1.0,0.0,0.0,0.0,0.0,0.0,0.0,0.0,0.0,0.0,0.0
2934,Thing_Speak,Thing_Speak,0.0,0.0,0.0,0.0,0.0,0.0,0.0,0.0,0.0,1.0,0.0
2935,MQTT_Publish,MQTT_Publish,0.0,0.0,0.0,1.0,0.0,0.0,0.0,0.0,0.0,0.0,0.0
2936,Thing_Speak,Thing_Speak,0.0,0.0,0.0,0.0,0.0,0.0,0.0,0.0,0.0,1.0,0.0
2937,MQTT_Publish,MQTT_Publish,0.0,0.0,0.0,1.0,0.0,0.0,0.0,0.0,0.0,0.0,0.0
2938,MQTT_Publish,MQTT_Publish,0.0,0.0,0.0,1.0,0.0,0.0,0.0,0.0,0.0,0.0,0.0
2939,NMAP_TCP_scan,NMAP_TCP_scan,4.1787703061017e-05,1.6187824150449924e-05,0.0,0.0,0.0,0.029491516008322862,0.9679960011795155,0.0006874345593339698,0.001723811306699429,8.060340593437548e-06,3.520107832338062e-05
2940,ARP_poisioning,ARP_poisioning,1.0,0.0,0.0,0.0,0.0,0.0,0.0,0.0,0.0,0.0,0.0
2941,DDOS_Slowloris,NMAP_UDP_SCAN,1.0322104921765483e-05,0.19650042560276426,0.0,0.0,0.0,0.0,0.0,0.803078689108233,0.0,0.0,0.00041056318408096685
2942,Thing_Speak,Thing_Speak,0.0,0.0,0.0,0.0,0.0,0.0,0.0,0.0,0.0,1.0,0.0
2943,Thing_Speak,Thing_Speak,0.0,0.0,0.0,0.0,0.0,0.0,0.0,0.0,0.0,1.0,0.0
2944,DDOS_Slowloris,NMAP_UDP_SCAN,0.00018662106122953751,0.4587088082342038,0.0034124938975558135,3.335658499169606e-05,0.0,0.0,0.0,0.537117790584606,0.0,0.00013036645333222962,0.00041056318408096685
2945,Thing_Speak,Thing_Speak,0.0,0.0,0.0,0.0,0.0,0.0,0.0,0.0,0.0,1.0,0.0
2946,Thing_Speak,Thing_Speak,0.0,0.0,0.0,0.0,0.0,0.0,0.0,0.0,0.0,1.0,0.0
2947,Thing_Speak,Thing_Speak,0.0,0.0,0.0,0.0,0.0,0.0,0.0,0.0,0.0,1.0,0.0
2948,MQTT_Publish,MQTT_Publish,0.0,0.0,0.0,1.0,0.0,0.0,0.0,0.0,0.0,0.0,0.0
2949,DDOS_Slowloris,NMAP_UDP_SCAN,6.229864859579792e-05,0.2898146473315618,0.0034124938975558135,3.335658499169606e-05,0.0,0.0,0.0,0.7062201255122349,0.0,4.651484097903673e-05,0.00041056318408096685
2950,NMAP_UDP_SCAN,NMAP_UDP_SCAN,1.0322104921765483e-05,0.20460448803295533,0.0,0.0,0.0,0.0,0.0,0.794974626678042,0.0,0.0,0.00041056318408096685
2951,Thing_Speak,Thing_Speak,0.0,0.0,0.0,0.0,0.0,0.0,0.0,0.0,0.0,1.0,0.0
2952,ARP_poisioning,ARP_poisioning,1.0,0.0,0.0,0.0,0.0,0.0,0.0,0.0,0.0,0.0,0.0
2953,MQTT_Publish,MQTT_Publish,0.0,0.0,0.0,1.0,0.0,0.0,0.0,0.0,0.0,0.0,0.0
2954,Thing_Speak,Thing_Speak,0.0,0.0,0.0,0.0,0.0,0.0,0.0,0.0,0.0,1.0,0.0
2955,Thing_Speak,Thing_Speak,0.0,0.0,0.0,0.0,0.0,0.0,0.0,0.0,0.0,1.0,0.0
2956,Thing_Speak,Thing_Speak,0.018913815287146953,0.0,0.0,0.006391985537812594,0.039749823705497386,0.0,0.0,0.01834443221076338,0.0,0.7730087792859773,0.14359116397280247
2957,ARP_poisioning,ARP_poisioning,1.0,0.0,0.0,0.0,0.0,0.0,0.0,0.0,0.0,0.0,0.0
2958,Thing_Speak,Thing_Speak,0.0,0.0,0.0,0.0,0.0,0.0,0.0,0.0,0.0,1.0,0.0
2959,ARP_poisioning,ARP_poisioning,1.0,0.0,0.0,0.0,0.0,0.0,0.0,0.0,0.0,0.0,0.0
2960,ARP_poisioning,ARP_poisioning,1.0,0.0,0.0,0.0,0.0,0.0,0.0,0.0,0.0,0.0,0.0
2961,Thing_Speak,Thing_Speak,0.0,0.0,0.0,0.0,0.0,0.0,0.0,0.0,0.0,1.0,0.0
2962,ARP_poisioning,ARP_poisioning,0.9952640436970266,0.0,0.0,0.0,0.0,0.0,0.0,0.0,0.0,0.004735956302973347,0.0
2963,ARP_poisioning,ARP_poisioning,1.0,0.0,0.0,0.0,0.0,0.0,0.0,0.0,0.0,0.0,0.0
2964,MQTT_Publish,MQTT_Publish,0.0,0.0,0.0,1.0,0.0,0.0,0.0,0.0,0.0,0.0,0.0
2965,Thing_Speak,Thing_Speak,0.0,0.0,0.0,0.0,0.0,0.0,0.0,0.0,0.0,1.0,0.0
2966,Thing_Speak,Thing_Speak,0.0,0.0,0.0,0.0,0.0,0.0,0.0,0.0,0.0,1.0,0.0
2967,Thing_Speak,Thing_Speak,0.0,0.0,0.0,0.0,0.0,0.0,0.0,0.0,0.0,1.0,0.0
2968,MQTT_Publish,MQTT_Publish,0.0,0.0,0.0,1.0,0.0,0.0,0.0,0.0,0.0,0.0,0.0
2969,ARP_poisioning,ARP_poisioning,0.99,0.0,0.0,0.0,0.0,0.0,0.0,0.01,0.0,0.0,0.0
2970,DDOS_Slowloris,DDOS_Slowloris,0.0,1.0,0.0,0.0,0.0,0.0,0.0,0.0,0.0,0.0,0.0
2971,Thing_Speak,Thing_Speak,0.0,0.0,0.0,0.0,0.0,0.0,0.0,0.0,0.0,1.0,0.0
2972,Thing_Speak,Thing_Speak,0.0,0.0,0.0,0.0,0.0,0.0,0.0,0.0,0.0,1.0,0.0
2973,Thing_Speak,Thing_Speak,0.29813835525323035,0.0,0.0,0.0,0.015854464122415597,0.0,0.0,0.09215005120149712,0.0,0.5938571294228567,0.0
2974,Thing_Speak,Thing_Speak,0.006371752868141,0.0,0.0,0.0,0.028469629410265377,0.0,0.0,0.19613923025907315,0.0,0.7593496415040909,0.00966974595842956
2975,Wipro_bulb,Wipro_bulb,0.003101487314085739,0.0,0.0,0.0,0.0,0.0,0.0,0.0,0.0,0.01724816303556461,0.9796503496503496
2976,ARP_poisioning,ARP_poisioning,0.99,0.01,0.0,0.0,0.0,0.0,0.0,0.0,0.0,0.0,0.0
2977,ARP_poisioning,ARP_poisioning,1.0,0.0,0.0,0.0,0.0,0.0,0.0,0.0,0.0,0.0,0.0
2978,ARP_poisioning,ARP_poisioning,1.0,0.0,0.0,0.0,0.0,0.0,0.0,0.0,0.0,0.0,0.0
2979,DDOS_Slowloris,DDOS_Slowloris,0.0,1.0,0.0,0.0,0.0,0.0,0.0,0.0,0.0,0.0,0.0
2980,Thing_Speak,Thing_Speak,0.0,0.0,0.0,0.0,0.0,0.0,0.0,0.0,0.0,1.0,0.0
2981,ARP_poisioning,ARP_poisioning,1.0,0.0,0.0,0.0,0.0,0.0,0.0,0.0,0.0,0.0,0.0
2982,ARP_poisioning,ARP_poisioning,1.0,0.0,0.0,0.0,0.0,0.0,0.0,0.0,0.0,0.0,0.0
2983,MQTT_Publish,MQTT_Publish,0.0,0.0,0.0,0.9945009742368478,0.0,0.0,0.0,0.0,0.0,0.005499025763152198,0.0
2984,Thing_Speak,Thing_Speak,0.0,0.0,0.0,0.0,0.0,0.0,0.0,0.0,0.0,1.0,0.0
2985,Thing_Speak,Thing_Speak,0.0,0.0,0.0,0.0,0.0,0.0,0.0,0.0,0.0,1.0,0.0
2986,MQTT_Publish,MQTT_Publish,0.0,0.0,0.0,1.0,0.0,0.0,0.0,0.0,0.0,0.0,0.0
2987,MQTT_Publish,MQTT_Publish,0.0,0.0,0.0,1.0,0.0,0.0,0.0,0.0,0.0,0.0,0.0
2988,MQTT_Publish,MQTT_Publish,0.0,0.0,0.0,1.0,0.0,0.0,0.0,0.0,0.0,0.0,0.0
2989,Thing_Speak,Thing_Speak,0.005639036341363823,0.0,0.0,0.0,0.0,0.0,0.0,0.009516778523489932,0.0,0.9848441851351463,0.0
2990,Thing_Speak,Thing_Speak,0.0,0.0,0.0,0.0,0.0,0.0,0.0,0.0,0.0,1.0,0.0
2991,NMAP_OS_DETECTION,NMAP_OS_DETECTION,0.0007043165586659861,1.6187824150449924e-05,0.0,4.135211154144212e-05,0.0,0.8814954230297474,0.03345032379047122,0.0002746408124414594,0.08321032579614782,3.4163212055015705e-06,0.0008040137556287519
2992,Thing_Speak,Thing_Speak,0.0,0.0,0.0,0.0,0.0,0.0,0.0,0.0,0.0,1.0,0.0
2993,DDOS_Slowloris,DDOS_Slowloris,0.00116311827411846,0.9963546774820895,0.0,0.0021388614675880223,0.0,0.0,0.0,0.0,0.0,0.00034334277620396596,0.0
2994,MQTT_Publish,MQTT_Publish,0.0,0.0,0.0,1.0,0.0,0.0,0.0,0.0,0.0,0.0,0.0
2995,MQTT_Publish,MQTT_Publish,0.0,0.0,0.0,1.0,0.0,0.0,0.0,0.0,0.0,0.0,0.0
2996,DOS_SYN_Hping,DOS_SYN_Hping,1.3581914766902935e-05,3.436426116838489e-05,0.9997022196729409,0.0,0.0,0.0,0.0,0.00024740014127369895,0.0,2.4340098499717754e-06,0.0
2997,Thing_Speak,Thing_Speak,0.0,0.0,0.0,0.0,0.0,0.0,0.0,0.0,0.0,1.0,0.0
2998,ARP_poisioning,ARP_poisioning,0.9627967517930199,0.008300618445818768,0.0,0.0,0.0,0.0,0.0,0.018604738031705627,0.0,0.010297891729455704,0.0
2999,MQTT_Publish,MQTT_Publish,0.0,0.0,0.0,1.0,0.0,0.0,0.0,0.0,0.0,0.0,0.0
3000,Wipro_bulb,Wipro_bulb,0.0,0.0,0.0,0.0,0.0,0.0,0.0,0.0,0.0,0.0,1.0
3001,ARP_poisioning,ARP_poisioning,1.0,0.0,0.0,0.0,0.0,0.0,0.0,0.0,0.0,0.0,0.0
3002,MQTT_Publish,MQTT_Publish,0.0,0.0,0.0,1.0,0.0,0.0,0.0,0.0,0.0,0.0,0.0
3003,Thing_Speak,Thing_Speak,0.0,0.0,0.0,0.0,0.0,0.0,0.0,0.0,0.0,1.0,0.0
3004,Thing_Speak,Thing_Speak,0.0,0.0,0.0,0.0,0.0,0.0,0.0,0.0,0.0,1.0,0.0
3005,MQTT_Publish,MQTT_Publish,0.0,0.0,0.0,1.0,0.0,0.0,0.0,0.0,0.0,0.0,0.0
3006,MQTT_Publish,MQTT_Publish,0.0,0.0,0.0,1.0,0.0,0.0,0.0,0.0,0.0,0.0,0.0
3007,ARP_poisioning,ARP_poisioning,0.3979639420110864,0.02,0.0,0.005088754435725393,0.0,0.014749114740725634,0.0004104173232725857,0.16932214288030534,0.004633984686405012,0.06889315985070199,0.3189384840717775
3008,Thing_Speak,Thing_Speak,0.0,0.0,0.0,0.0,0.0,0.0,0.0,0.0,0.0,1.0,0.0
3009,Thing_Speak,Thing_Speak,0.0,0.0,0.0,0.0,0.0,0.0,0.0,0.0,0.0,1.0,0.0
3010,ARP_poisioning,ARP_poisioning,0.8565615026339731,0.0,0.0,0.0,0.0,0.0,0.0,0.0,0.0,0.14343849736602685,0.0
3011,Thing_Speak,Thing_Speak,0.00728862973760933,0.0,0.0,0.0,0.0,0.0,0.0,0.0,0.0,0.9927113702623908,0.0
3012,MQTT_Publish,MQTT_Publish,0.0,0.0,0.0,1.0,0.0,0.0,0.0,0.0,0.0,0.0,0.0
3013,Thing_Speak,Thing_Speak,0.0,0.0,0.0,0.0,0.0,0.0,0.0,0.0,0.0,1.0,0.0
3014,ARP_poisioning,ARP_poisioning,1.0,0.0,0.0,0.0,0.0,0.0,0.0,0.0,0.0,0.0,0.0
3015,Thing_Speak,Thing_Speak,0.0,0.0,0.0,0.0,0.0,0.0,0.0,0.0,0.0,1.0,0.0
3016,MQTT_Publish,MQTT_Publish,0.0,0.0,0.0,1.0,0.0,0.0,0.0,0.0,0.0,0.0,0.0
3017,Thing_Speak,Thing_Speak,0.0,0.0,0.0,0.0,0.0,0.0,0.0,0.0,0.0,1.0,0.0
3018,NMAP_UDP_SCAN,NMAP_UDP_SCAN,1.0322104921765483e-05,0.16180351377339935,0.0,0.0,0.0,0.0,0.0,0.8378918164331206,0.0,1.0822100693472182e-05,0.0002835255878649507
3019,MQTT_Publish,MQTT_Publish,0.0,0.0,0.0,1.0,0.0,0.0,0.0,0.0,0.0,0.0,0.0
3020,ARP_poisioning,ARP_poisioning,1.0,0.0,0.0,0.0,0.0,0.0,0.0,0.0,0.0,0.0,0.0
3021,MQTT_Publish,MQTT_Publish,0.0,0.0,0.0,1.0,0.0,0.0,0.0,0.0,0.0,0.0,0.0
3022,Thing_Speak,Thing_Speak,0.0,0.0,0.0,0.0,0.0,0.0,0.0,0.0,0.0,1.0,0.0
3023,Thing_Speak,Thing_Speak,0.0,0.0,0.0,0.0,0.0,0.0,0.0,0.0,0.0,1.0,0.0
3024,ARP_poisioning,ARP_poisioning,0.9929357351199565,0.0,0.0,0.0,0.0,0.0,0.0,0.0,0.0,0.007064264880043434,0.0
3025,Thing_Speak,Thing_Speak,0.0,0.0,0.0,0.0,0.0,0.0,0.0,0.0,0.0,1.0,0.0
3026,ARP_poisioning,ARP_poisioning,1.0,0.0,0.0,0.0,0.0,0.0,0.0,0.0,0.0,0.0,0.0
3027,Thing_Speak,Thing_Speak,0.0,0.0,0.0,0.0,0.0,0.0,0.0,0.0,0.0,1.0,0.0
3028,MQTT_Publish,MQTT_Publish,0.0,0.0,0.0,1.0,0.0,0.0,0.0,0.0,0.0,0.0,0.0
3029,MQTT_Publish,MQTT_Publish,0.0,0.0,0.0,1.0,0.0,0.0,0.0,0.0,0.0,0.0,0.0
3030,MQTT_Publish,MQTT_Publish,0.0,0.0,0.0,1.0,0.0,0.0,0.0,0.0,0.0,0.0,0.0
3031,ARP_poisioning,ARP_poisioning,1.0,0.0,0.0,0.0,0.0,0.0,0.0,0.0,0.0,0.0,0.0
3032,MQTT_Publish,MQTT_Publish,0.0,0.0,0.0,1.0,0.0,0.0,0.0,0.0,0.0,0.0,0.0
3033,MQTT_Publish,MQTT_Publish,0.0,0.0,0.0,1.0,0.0,0.0,0.0,0.0,0.0,0.0,0.0
3034,ARP_poisioning,ARP_poisioning,1.0,0.0,0.0,0.0,0.0,0.0,0.0,0.0,0.0,0.0,0.0
3035,MQTT_Publish,MQTT_Publish,0.0,0.0,0.0,1.0,0.0,0.0,0.0,0.0,0.0,0.0,0.0
3036,Thing_Speak,Thing_Speak,0.0,0.0,0.0,0.0,0.0,0.0,0.0,0.0,0.0,1.0,0.0
3037,MQTT_Publish,MQTT_Publish,0.0,0.0,0.0,1.0,0.0,0.0,0.0,0.0,0.0,0.0,0.0
3038,Thing_Speak,Thing_Speak,0.0,0.0,0.0,0.0,0.0,0.0,0.0,0.0,0.0,1.0,0.0
3039,ARP_poisioning,ARP_poisioning,1.0,0.0,0.0,0.0,0.0,0.0,0.0,0.0,0.0,0.0,0.0
3040,MQTT_Publish,MQTT_Publish,0.0,0.0,0.0,1.0,0.0,0.0,0.0,0.0,0.0,0.0,0.0
3041,Thing_Speak,Thing_Speak,0.0,0.0,0.0,0.0,0.0,0.0,0.0,0.0,0.0,1.0,0.0
3042,Thing_Speak,Thing_Speak,0.0,0.0,0.0,0.0,0.0,0.0,0.0,0.0,0.0,1.0,0.0
3043,Thing_Speak,Thing_Speak,0.0,0.0,0.0,0.0,0.0,0.0,0.0,0.0,0.0,1.0,0.0
3044,ARP_poisioning,ARP_poisioning,1.0,0.0,0.0,0.0,0.0,0.0,0.0,0.0,0.0,0.0,0.0
3045,Thing_Speak,Thing_Speak,0.0,0.0,0.0,0.0,0.0,0.0,0.0,0.0,0.0,1.0,0.0
3046,Thing_Speak,Thing_Speak,0.0,0.0,0.0,0.0,0.0,0.0,0.0,0.0,0.0,1.0,0.0
3047,Thing_Speak,Thing_Speak,0.0,0.0,0.0,0.0,0.0,0.0,0.0,0.0,0.0,1.0,0.0
3048,Thing_Speak,Thing_Speak,0.0,0.0,0.0,0.0,0.0,0.0,0.0,0.0,0.0,1.0,0.0
3049,ARP_poisioning,ARP_poisioning,1.0,0.0,0.0,0.0,0.0,0.0,0.0,0.0,0.0,0.0,0.0
3050,ARP_poisioning,ARP_poisioning,0.9872851103181557,0.0,0.0,0.0,0.0,0.0,0.0,0.0,0.0,0.012714889681844184,0.0
3051,ARP_poisioning,ARP_poisioning,1.0,0.0,0.0,0.0,0.0,0.0,0.0,0.0,0.0,0.0,0.0
3052,ARP_poisioning,ARP_poisioning,1.0,0.0,0.0,0.0,0.0,0.0,0.0,0.0,0.0,0.0,0.0
3053,ARP_poisioning,ARP_poisioning,1.0,0.0,0.0,0.0,0.0,0.0,0.0,0.0,0.0,0.0,0.0
3054,MQTT_Publish,MQTT_Publish,0.0,0.0,0.0,1.0,0.0,0.0,0.0,0.0,0.0,0.0,0.0
3055,MQTT_Publish,MQTT_Publish,0.0,0.0,0.0,1.0,0.0,0.0,0.0,0.0,0.0,0.0,0.0
3056,Thing_Speak,Thing_Speak,0.0,0.0,0.0,0.0,0.0,0.0,0.0,0.0,0.0,1.0,0.0
3057,Thing_Speak,Thing_Speak,0.0,0.0,0.0,0.0,0.0,0.0,0.0,0.0,0.0,1.0,0.0
3058,Thing_Speak,Thing_Speak,0.0,0.0,0.0,0.0,0.0,0.0,0.0,0.0,0.0,1.0,0.0
3059,Thing_Speak,Thing_Speak,0.0,0.0,0.0,0.0,0.0,0.0,0.0,0.0,0.0,1.0,0.0
3060,MQTT_Publish,MQTT_Publish,0.0,0.0,0.0,1.0,0.0,0.0,0.0,0.0,0.0,0.0,0.0
3061,MQTT_Publish,MQTT_Publish,0.0,0.0,0.0,1.0,0.0,0.0,0.0,0.0,0.0,0.0,0.0
3062,ARP_poisioning,ARP_poisioning,1.0,0.0,0.0,0.0,0.0,0.0,0.0,0.0,0.0,0.0,0.0
3063,ARP_poisioning,ARP_poisioning,0.9960711166562695,0.0,0.0,0.003928883343730505,0.0,0.0,0.0,0.0,0.0,0.0,0.0
3064,Thing_Speak,Thing_Speak,0.0,0.0,0.0,0.0,0.0,0.0,0.0,0.0,0.0,1.0,0.0
3065,MQTT_Publish,MQTT_Publish,0.0,0.0,0.0,1.0,0.0,0.0,0.0,0.0,0.0,0.0,0.0
3066,Wipro_bulb,Wipro_bulb,3.687867081389752e-05,0.0,0.0,0.0,0.0,0.0,0.0,0.0,0.0,0.0006147702185606129,0.9993483511106254
3067,ARP_poisioning,ARP_poisioning,1.0,0.0,0.0,0.0,0.0,0.0,0.0,0.0,0.0,0.0,0.0
3068,MQTT_Publish,MQTT_Publish,0.0,0.0,0.0,1.0,0.0,0.0,0.0,0.0,0.0,0.0,0.0
3069,ARP_poisioning,ARP_poisioning,1.0,0.0,0.0,0.0,0.0,0.0,0.0,0.0,0.0,0.0,0.0
3070,ARP_poisioning,ARP_poisioning,0.8134700256342469,0.1750434073382884,0.0,0.0,0.0,0.0,0.0,0.0,0.0,0.0034061753758287956,0.008080391651636177
3071,Thing_Speak,Thing_Speak,0.0,0.0,0.0,0.0,0.0,0.0,0.0,0.0,0.0,1.0,0.0
3072,ARP_poisioning,ARP_poisioning,1.0,0.0,0.0,0.0,0.0,0.0,0.0,0.0,0.0,0.0,0.0
3073,DDOS_Slowloris,DDOS_Slowloris,0.0,1.0,0.0,0.0,0.0,0.0,0.0,0.0,0.0,0.0,0.0
3074,ARP_poisioning,ARP_poisioning,0.988212016099534,0.0,0.0,0.0,0.0,0.0,0.0,0.0,0.0,0.011787983900465947,0.0
3075,ARP_poisioning,ARP_poisioning,1.0,0.0,0.0,0.0,0.0,0.0,0.0,0.0,0.0,0.0,0.0
3076,MQTT_Publish,MQTT_Publish,0.0,0.0,0.0,1.0,0.0,0.0,0.0,0.0,0.0,0.0,0.0
3077,MQTT_Publish,MQTT_Publish,0.0,0.0,0.0,1.0,0.0,0.0,0.0,0.0,0.0,0.0,0.0
3078,Thing_Speak,Thing_Speak,0.0,0.0,0.0,0.0,0.0,0.0,0.0,0.0,0.0,1.0,0.0
3079,MQTT_Publish,MQTT_Publish,0.0,0.0,0.0,1.0,0.0,0.0,0.0,0.0,0.0,0.0,0.0
3080,ARP_poisioning,ARP_poisioning,1.0,0.0,0.0,0.0,0.0,0.0,0.0,0.0,0.0,0.0,0.0
3081,ARP_poisioning,ARP_poisioning,0.9979841947613282,0.0,0.0,0.0,0.0,0.0,0.0,0.0,0.0,0.0020158052386718495,0.0
3082,Thing_Speak,Thing_Speak,0.0,0.0,0.0,0.0,0.0,0.0,0.0,0.0,0.0,1.0,0.0
3083,Thing_Speak,Thing_Speak,0.23038551563199733,0.0,0.0,0.01,0.0,0.0,0.0,0.0,0.0,0.6230867006132766,0.13652778375472613
3084,Thing_Speak,Thing_Speak,0.0,0.0,0.0,0.0,0.0,0.0,0.0,0.0,0.0,1.0,0.0
3085,ARP_poisioning,ARP_poisioning,1.0,0.0,0.0,0.0,0.0,0.0,0.0,0.0,0.0,0.0,0.0
3086,Thing_Speak,Thing_Speak,0.0,0.0,0.0,0.0,0.0,0.0,0.0,0.0,0.0,1.0,0.0
3087,Thing_Speak,Thing_Speak,0.0,0.0,0.0,0.0,0.0,0.0,0.0,0.0,0.0,1.0,0.0
3088,Thing_Speak,Thing_Speak,0.0,0.0,0.0,0.0,0.0,0.0,0.0,0.0,0.0,1.0,0.0
3089,Thing_Speak,Thing_Speak,0.0,0.0,0.0,0.0,0.0,0.0,0.0,0.0,0.0,1.0,0.0
3090,Thing_Speak,Thing_Speak,0.0,0.0,0.0,0.0,0.0,0.0,0.0,0.0,0.0,1.0,0.0
3091,Thing_Speak,Thing_Speak,0.0,0.0,0.0,0.0,0.0,0.0,0.0,0.0,0.0,1.0,0.0
3092,Thing_Speak,Thing_Speak,0.0,0.0,0.0,0.0,0.0,0.0,0.0,0.0,0.0,1.0,0.0
3093,Thing_Speak,Thing_Speak,0.0,0.0,0.0,0.0,0.0,0.0,0.0,0.0,0.0,1.0,0.0
3094,Thing_Speak,Thing_Speak,0.0,0.0,0.0,0.0,0.0,0.0,0.0,0.0,0.0,1.0,0.0
3095,Thing_Speak,Thing_Speak,0.0,0.0,0.0,0.0,0.0,0.0,0.0,0.0,0.0,1.0,0.0
3096,NMAP_OS_DETECTION,NMAP_OS_DETECTION,0.00022583398129899027,1.6187824150449924e-05,0.0,7.012180632193017e-05,0.0,0.8415168381633764,0.017890381573492306,0.0002746408124414594,0.12632541584582074,3.4163212055015705e-06,0.013677163671892185
3097,ARP_poisioning,ARP_poisioning,1.0,0.0,0.0,0.0,0.0,0.0,0.0,0.0,0.0,0.0,0.0
3098,Wipro_bulb,Wipro_bulb,3.687867081389752e-05,0.0,0.0,0.0,0.0,0.0,0.0,0.0,0.0,0.054783364386945504,0.9451797569422407
3099,NMAP_XMAS_TREE_SCAN,NMAP_XMAS_TREE_SCAN,3.2582512548421e-05,0.0,0.0,2.890442975255265e-05,0.0,0.09206839688137507,0.006687772577173575,0.0002746408124414594,0.9003675472969703,3.4163212055015705e-06,0.000536739168533056
3100,Thing_Speak,Thing_Speak,0.0,0.0,0.0,0.0,0.0,0.0,0.0,0.0,0.0,1.0,0.0
3101,Metasploit_Brute_Force_SSH,Metasploit_Brute_Force_SSH,6.159531875577457e-05,0.0,0.0,0.0,0.9998724136371717,0.0,0.0,0.0,0.0,6.599104407259015e-05,0.0
3102,DDOS_Slowloris,DDOS_Slowloris,0.0,1.0,0.0,0.0,0.0,0.0,0.0,0.0,0.0,0.0,0.0
3103,ARP_poisioning,ARP_poisioning,0.9937825970944661,0.0,0.0,0.0,0.0,0.0,0.0,0.0,0.0,0.006217402905533988,0.0
3104,ARP_poisioning,ARP_poisioning,0.8107094894918336,0.0,0.0,0.0,0.0,0.0,0.0,0.0,0.0,0.1892905105081664,0.0
3105,Thing_Speak,Thing_Speak,0.0,0.0,0.0,0.0,0.0,0.0,0.0,0.0,0.0,1.0,0.0
3106,Thing_Speak,Thing_Speak,0.0,0.0,0.0,0.0,0.0,0.0,0.0,0.0,0.0,1.0,0.0
3107,MQTT_Publish,MQTT_Publish,0.0,0.0,0.0,1.0,0.0,0.0,0.0,0.0,0.0,0.0,0.0
3108,NMAP_XMAS_TREE_SCAN,NMAP_XMAS_TREE_SCAN,1.9312397125388537e-05,0.0,0.0,2.890442975255265e-05,0.0,0.08046498773141286,0.006640902199797069,0.0002746408124414594,0.9120310969397322,3.4163212055015705e-06,0.000536739168533056
3109,Thing_Speak,Thing_Speak,0.0,0.0,0.0,0.0,0.0,0.0,0.0,0.0,0.0,1.0,0.0
3110,Thing_Speak,Thing_Speak,0.0,0.0,0.0,0.0,0.0,0.0,0.0,0.0,0.0,1.0,0.0
3111,Thing_Speak,Thing_Speak,0.0,0.0,0.0,0.0,0.0,0.0,0.0,0.0,0.0,1.0,0.0
3112,Thing_Speak,Thing_Speak,0.0,0.0,0.0,0.0,0.0,0.0,0.0,0.0,0.0,1.0,0.0
3113,Thing_Speak,Thing_Speak,0.0,0.0,0.0,0.0,0.0,0.0,0.0,0.0,0.0,1.0,0.0
3114,MQTT_Publish,MQTT_Publish,0.0,0.0,0.0,1.0,0.0,0.0,0.0,0.0,0.0,0.0,0.0
3115,MQTT_Publish,MQTT_Publish,0.0,0.0,0.0,1.0,0.0,0.0,0.0,0.0,0.0,0.0,0.0
3116,Thing_Speak,Thing_Speak,0.0,0.0,0.0,0.0,0.0,0.0,0.0,0.0,0.0,1.0,0.0
3117,ARP_poisioning,ARP_poisioning,0.8583219911490753,0.0,0.0,0.0,0.007341772151898735,0.0,0.0,0.1313798580982029,0.0,0.002956378600823045,0.0
3118,ARP_poisioning,ARP_poisioning,0.9976913232659329,0.0,0.0,0.0,0.0,0.0,0.0,0.0,0.0,0.002308676734067059,0.0
3119,ARP_poisioning,ARP_poisioning,1.0,0.0,0.0,0.0,0.0,0.0,0.0,0.0,0.0,0.0,0.0
3120,MQTT_Publish,MQTT_Publish,0.0,0.0,0.0,1.0,0.0,0.0,0.0,0.0,0.0,0.0,0.0
3121,Thing_Speak,Thing_Speak,0.0,0.0,0.0,0.0,0.0,0.0,0.0,0.0,0.0,1.0,0.0
3122,Thing_Speak,Thing_Speak,0.04904425663096365,0.0,0.0,0.0,0.0,0.0,0.0,0.009778524515045059,0.0,0.9319114982327867,0.009265720621204529
3123,MQTT_Publish,MQTT_Publish,0.0,0.0,0.0,1.0,0.0,0.0,0.0,0.0,0.0,0.0,0.0
3124,Thing_Speak,Thing_Speak,0.0,0.0,0.0,0.0,0.0,0.0,0.0,0.0,0.0,1.0,0.0
3125,MQTT_Publish,MQTT_Publish,0.0,0.0,0.0,1.0,0.0,0.0,0.0,0.0,0.0,0.0,0.0
3126,ARP_poisioning,ARP_poisioning,0.91399054853813,0.0,0.0,0.0,0.0,0.0,0.0,0.0,0.0,0.08600945146187013,0.0
3127,Thing_Speak,Thing_Speak,0.38240169520900447,0.0,0.0,0.0,0.0,0.0,0.0,0.009509733144059203,0.0,0.6080885716469364,0.0
3128,NMAP_XMAS_TREE_SCAN,NMAP_XMAS_TREE_SCAN,1.298479431248428e-05,0.0,0.0,4.75897649868369e-05,0.0,0.07506301265268318,0.001390912842513492,0.0002746408124414594,0.9224642203937272,3.4163212055015705e-06,0.0007432224181298227
3129,ARP_poisioning,ARP_poisioning,1.0,0.0,0.0,0.0,0.0,0.0,0.0,0.0,0.0,0.0,0.0
3130,MQTT_Publish,MQTT_Publish,0.008745448437143479,0.0,0.0,0.9859646649020022,0.0,0.0,0.0,0.0,0.0,0.005289886660854403,0.0
3131,Thing_Speak,Thing_Speak,0.0,0.0,0.0,0.0,0.0,0.0,0.0,0.0,0.0,1.0,0.0
3132,ARP_poisioning,ARP_poisioning,0.98725350892393,0.0,0.0,0.0,0.01,0.0,0.0,0.0,0.0,0.002746491076070005,0.0
3133,Thing_Speak,Thing_Speak,0.0,0.0,0.0,0.0,0.0,0.0,0.0,0.0,0.0,1.0,0.0
3134,Thing_Speak,Thing_Speak,0.0,0.0,0.0,0.0,0.0,0.0,0.0,0.0,0.0,1.0,0.0
3135,Thing_Speak,Thing_Speak,0.0,0.0,0.0,0.0,0.0,0.0,0.0,0.0,0.0,1.0,0.0
3136,Thing_Speak,Thing_Speak,0.0,0.0,0.0,0.0,0.0,0.0,0.0,0.0,0.0,1.0,0.0
3137,MQTT_Publish,MQTT_Publish,0.0,0.0,0.0,1.0,0.0,0.0,0.0,0.0,0.0,0.0,0.0
3138,Thing_Speak,Thing_Speak,0.0,0.0,0.0,0.0,0.0,0.0,0.0,0.0,0.0,1.0,0.0
3139,Thing_Speak,Thing_Speak,0.0,0.0,0.0,0.0,0.0,0.0,0.0,0.0,0.0,1.0,0.0
3140,ARP_poisioning,ARP_poisioning,0.9479959022081361,0.0,0.0,0.0,0.0,0.0,0.0,0.0,0.0,0.05200409779186388,0.0
3141,MQTT_Publish,MQTT_Publish,0.0,0.0,0.0,1.0,0.0,0.0,0.0,0.0,0.0,0.0,0.0
3142,Thing_Speak,Thing_Speak,0.0,0.0,0.0,0.0,0.0,0.0,0.0,0.0,0.0,1.0,0.0
3143,Thing_Speak,Thing_Speak,0.0,0.0,0.0,0.0,0.0,0.0,0.0,0.0,0.0,1.0,0.0
3144,MQTT_Publish,MQTT_Publish,0.0,0.0,0.0,1.0,0.0,0.0,0.0,0.0,0.0,0.0,0.0
3145,Thing_Speak,Thing_Speak,0.0,0.0,0.0,0.0,0.0,0.0,0.0,0.0,0.0,1.0,0.0
3146,ARP_poisioning,ARP_poisioning,0.995746135959513,0.0,0.0,0.0,0.0,0.0,0.0,0.0,0.0,0.004253864040486937,0.0
3147,ARP_poisioning,ARP_poisioning,0.9973471484843296,0.0,0.0,0.0,0.0,0.0,0.0,0.0,0.0,0.002652851515670492,0.0
3148,Thing_Speak,Thing_Speak,0.0,0.0,0.0,0.0,0.0,0.0,0.0,0.0,0.0,1.0,0.0
3149,Thing_Speak,Thing_Speak,0.0,0.0,0.0,0.0,0.0,0.0,0.0,0.0,0.0,1.0,0.0
3150,Thing_Speak,Thing_Speak,0.0,0.0,0.0,0.0,0.0,0.0,0.0,0.0,0.0,1.0,0.0
3151,MQTT_Publish,MQTT_Publish,0.0,0.0,0.0,1.0,0.0,0.0,0.0,0.0,0.0,0.0,0.0
3152,Thing_Speak,Thing_Speak,0.0,0.0,0.0,0.0,0.0,0.0,0.0,0.0,0.0,1.0,0.0
3153,MQTT_Publish,MQTT_Publish,0.0,0.0,0.0,1.0,0.0,0.0,0.0,0.0,0.0,0.0,0.0
3154,Thing_Speak,Thing_Speak,0.0,0.0,0.0,0.0,0.0,0.0,0.0,0.0,0.0,1.0,0.0
3155,Thing_Speak,Thing_Speak,0.0,0.0,0.0,0.0,0.0,0.0,0.0,0.0,0.0,1.0,0.0
3156,MQTT_Publish,MQTT_Publish,0.0,0.0,0.0,1.0,0.0,0.0,0.0,0.0,0.0,0.0,0.0
3157,Thing_Speak,Thing_Speak,0.16096556660292322,0.0,0.0,0.0,0.02975400533324035,0.0,0.0,0.13606662273286185,0.0,0.6732138053309744,0.0
3158,MQTT_Publish,MQTT_Publish,0.0,0.0,0.0,1.0,0.0,0.0,0.0,0.0,0.0,0.0,0.0
3159,Thing_Speak,Thing_Speak,0.0,0.0,0.0,0.0,0.0,0.0,0.0,0.0,0.0,1.0,0.0
3160,ARP_poisioning,ARP_poisioning,1.0,0.0,0.0,0.0,0.0,0.0,0.0,0.0,0.0,0.0,0.0
3161,ARP_poisioning,ARP_poisioning,0.9564342936213186,0.03369510860296323,0.0,0.0,0.0,0.0,0.0,0.009625,0.0,0.00024559777571825765,0.0
3162,ARP_poisioning,ARP_poisioning,1.0,0.0,0.0,0.0,0.0,0.0,0.0,0.0,0.0,0.0,0.0
3163,Thing_Speak,Thing_Speak,0.0,0.0,0.0,0.0,0.0,0.0,0.0,0.0,0.0,1.0,0.0
3164,Thing_Speak,Thing_Speak,0.0,0.0,0.0,0.0,0.0,0.0,0.0,0.0,0.0,1.0,0.0
3165,Thing_Speak,Thing_Speak,0.0,0.0,0.0,0.0,0.0,0.0,0.0,0.0,0.0,1.0,0.0
3166,Thing_Speak,Thing_Speak,0.0,0.0,0.0,0.0,0.0,0.0,0.0,0.0,0.0,1.0,0.0
3167,NMAP_OS_DETECTION,NMAP_OS_DETECTION,8.794617183487245e-05,1.6187824150449924e-05,0.0,7.012180632193017e-05,0.0,0.874183504830043,0.017890381573492306,0.0002746408124414594,0.10646330365528485,3.4163212055015705e-06,0.0010104970052255185
3168,ARP_poisioning,ARP_poisioning,1.0,0.0,0.0,0.0,0.0,0.0,0.0,0.0,0.0,0.0,0.0
3169,Thing_Speak,Thing_Speak,0.0,0.0,0.0,0.0,0.0,0.0,0.0,0.0,0.0,1.0,0.0
3170,Thing_Speak,Thing_Speak,0.0,0.0,0.0,0.0,0.0,0.0,0.0,0.0,0.0,1.0,0.0
3171,MQTT_Publish,MQTT_Publish,0.0,0.0,0.0,1.0,0.0,0.0,0.0,0.0,0.0,0.0,0.0
3172,Thing_Speak,Thing_Speak,0.0,0.0,0.0,0.0,0.0,0.0,0.0,0.0,0.0,1.0,0.0
3173,Thing_Speak,Thing_Speak,0.0,0.0,0.0,0.0,0.0,0.0,0.0,0.0,0.0,1.0,0.0
3174,ARP_poisioning,ARP_poisioning,1.0,0.0,0.0,0.0,0.0,0.0,0.0,0.0,0.0,0.0,0.0
3175,MQTT_Publish,MQTT_Publish,0.0,0.0,0.0,1.0,0.0,0.0,0.0,0.0,0.0,0.0,0.0
3176,Thing_Speak,Thing_Speak,0.0,0.0,0.0,0.0,0.0,0.0,0.0,0.0,0.0,1.0,0.0
3177,ARP_poisioning,ARP_poisioning,0.996698221442155,0.002906030336662967,0.0,0.00039574822118190495,0.0,0.0,0.0,0.0,0.0,0.0,0.0
3178,Thing_Speak,Thing_Speak,0.0,0.0,0.0,0.0,0.0,0.0,0.0,0.0,0.0,1.0,0.0
3179,Thing_Speak,Thing_Speak,0.0,0.0,0.0,0.0,0.0,0.0,0.0,0.0,0.0,1.0,0.0
3180,Thing_Speak,Thing_Speak,0.0,0.0,0.0,0.0,0.0,0.0,0.0,0.0,0.0,1.0,0.0
3181,Thing_Speak,Thing_Speak,0.0,0.0,0.0,0.0,0.0,0.0,0.0,0.0,0.0,1.0,0.0
3182,ARP_poisioning,ARP_poisioning,1.0,0.0,0.0,0.0,0.0,0.0,0.0,0.0,0.0,0.0,0.0
3183,ARP_poisioning,ARP_poisioning,1.0,0.0,0.0,0.0,0.0,0.0,0.0,0.0,0.0,0.0,0.0
3184,ARP_poisioning,ARP_poisioning,1.0,0.0,0.0,0.0,0.0,0.0,0.0,0.0,0.0,0.0,0.0
3185,Thing_Speak,Thing_Speak,0.0,0.0,0.0,0.0,0.0,0.0,0.0,0.0,0.0,1.0,0.0
3186,ARP_poisioning,ARP_poisioning,1.0,0.0,0.0,0.0,0.0,0.0,0.0,0.0,0.0,0.0,0.0
3187,MQTT_Publish,MQTT_Publish,0.0,0.0,0.0,1.0,0.0,0.0,0.0,0.0,0.0,0.0,0.0
3188,MQTT_Publish,MQTT_Publish,0.0,0.0,0.0,1.0,0.0,0.0,0.0,0.0,0.0,0.0,0.0
3189,MQTT_Publish,MQTT_Publish,0.0,0.0,0.0,1.0,0.0,0.0,0.0,0.0,0.0,0.0,0.0
3190,Thing_Speak,Thing_Speak,0.0,0.0,0.0,0.0,0.0,0.0,0.0,0.0,0.0,1.0,0.0
3191,Thing_Speak,Thing_Speak,0.0,0.0,0.0,0.0,0.0,0.0,0.0,0.0,0.0,1.0,0.0
3192,Metasploit_Brute_Force_SSH,ARP_poisioning,0.8597503528833046,0.0,0.0,0.0,0.0,0.0,0.0,0.0,0.0,0.1402496471166954,0.0
3193,Thing_Speak,Thing_Speak,0.0,0.0,0.0,0.0,0.0,0.0,0.0,0.0,0.0,1.0,0.0
3194,Thing_Speak,Thing_Speak,0.0,0.0,0.0,0.0,0.0,0.0,0.0,0.0,0.0,1.0,0.0
3195,Thing_Speak,Thing_Speak,0.0,0.0,0.0,0.0,0.0,0.0,0.0,0.0,0.0,1.0,0.0
3196,ARP_poisioning,ARP_poisioning,0.9211713383606014,0.029654700854700854,0.0,0.0,0.0,0.0,0.0,0.0,0.0,0.03951964537575066,0.00965431540894713
3197,MQTT_Publish,MQTT_Publish,0.0,0.0,0.0,1.0,0.0,0.0,0.0,0.0,0.0,0.0,0.0
3198,MQTT_Publish,MQTT_Publish,0.0,0.0,0.0,1.0,0.0,0.0,0.0,0.0,0.0,0.0,0.0
3199,Thing_Speak,Thing_Speak,0.0,0.0,0.0,0.0,0.0,0.0,0.0,0.0,0.0,1.0,0.0
3200,ARP_poisioning,ARP_poisioning,0.99,0.0,0.0,0.0,0.0,0.0,0.0,0.0,0.0,0.01,0.0
3201,Thing_Speak,Thing_Speak,0.0,0.0,0.0,0.0,0.0,0.0,0.0,0.0,0.0,1.0,0.0
3202,ARP_poisioning,ARP_poisioning,0.9705617398222242,0.0,0.0,0.0,0.0,0.0,0.0,0.0,0.0,0.029438260177775843,0.0
3203,Thing_Speak,Thing_Speak,0.0,0.0,0.0,0.0,0.0,0.0,0.0,0.0,0.0,1.0,0.0
3204,ARP_poisioning,ARP_poisioning,0.9857527076356835,0.0,0.0,0.0,0.009923371647509577,0.0,0.0,0.0,0.0,0.004323920716806951,0.0
3205,Thing_Speak,Thing_Speak,0.0,0.0,0.0,0.0,0.0,0.0,0.0,0.0,0.0,1.0,0.0
3206,ARP_poisioning,ARP_poisioning,0.8912365791691499,0.0,0.0,0.0,0.029902215835416645,0.0,0.0,0.0,0.0,0.059110554850106925,0.019750650145326603
3207,MQTT_Publish,MQTT_Publish,0.0,0.0,0.0,1.0,0.0,0.0,0.0,0.0,0.0,0.0,0.0
3208,ARP_poisioning,ARP_poisioning,0.9871632211806554,0.0,0.0,0.0,0.0,0.0,0.0,0.0,0.0,0.012836778819344691,0.0
3209,Thing_Speak,Thing_Speak,0.0,0.0,0.0,0.0,0.0,0.0,0.0,0.0,0.0,1.0,0.0
3210,Thing_Speak,Thing_Speak,0.0,0.0,0.0,0.0,0.0,0.0,0.0,0.0,0.0,1.0,0.0
3211,NMAP_UDP_SCAN,NMAP_UDP_SCAN,1.0322104921765483e-05,0.1642830572831318,0.0,0.0,0.0,0.0,0.0,0.8343662938810372,0.0,0.0009297635468280835,0.00041056318408096685
3212,Thing_Speak,Thing_Speak,0.0,0.0,0.0,0.0,0.0,0.0,0.0,0.0,0.0,1.0,0.0
3213,Thing_Speak,Thing_Speak,0.0,0.0,0.0,0.0,0.0,0.0,0.0,0.0,0.0,1.0,0.0
3214,Thing_Speak,Thing_Speak,0.0,0.0,0.0,0.0,0.0,0.0,0.0,0.0,0.0,1.0,0.0
3215,ARP_poisioning,ARP_poisioning,0.8342523062374427,0.0,0.0,0.0,0.027235610191884002,0.0,0.0,0.08099557446983129,0.0,0.057516509100841946,0.0
3216,MQTT_Publish,MQTT_Publish,0.0,0.0,0.0,1.0,0.0,0.0,0.0,0.0,0.0,0.0,0.0
3217,ARP_poisioning,ARP_poisioning,0.9846709840827004,0.0,0.0,0.0,0.0,0.0,0.0,0.0,0.0,0.015329015917299753,0.0
3218,MQTT_Publish,MQTT_Publish,0.0,0.0,0.0,1.0,0.0,0.0,0.0,0.0,0.0,0.0,0.0
3219,NMAP_UDP_SCAN,NMAP_UDP_SCAN,1.0322104921765483e-05,0.17425079201750404,0.0,0.0,0.0,0.0,0.0,0.8253175005927996,0.0,1.0822100693472182e-05,0.00041056318408096685
3220,Thing_Speak,Thing_Speak,0.0,0.0,0.0,0.0,0.0,0.0,0.0,0.0,0.0,1.0,0.0
3221,MQTT_Publish,MQTT_Publish,0.0,0.0,0.0,1.0,0.0,0.0,0.0,0.0,0.0,0.0,0.0
3222,ARP_poisioning,ARP_poisioning,1.0,0.0,0.0,0.0,0.0,0.0,0.0,0.0,0.0,0.0,0.0
3223,MQTT_Publish,MQTT_Publish,0.0,0.0,0.0,1.0,0.0,0.0,0.0,0.0,0.0,0.0,0.0
3224,ARP_poisioning,ARP_poisioning,1.0,0.0,0.0,0.0,0.0,0.0,0.0,0.0,0.0,0.0,0.0
3225,Thing_Speak,Thing_Speak,0.0,0.0,0.0,0.0,0.0,0.0,0.0,0.0,0.0,1.0,0.0
3226,DDOS_Slowloris,DDOS_Slowloris,0.0,0.9996497275658845,0.0,0.0,0.0,0.0,0.0,0.0,0.0,0.00035027243411542313,0.0
3227,ARP_poisioning,ARP_poisioning,0.9693688194840735,0.009513888888888888,0.0,0.0,0.0,0.0,0.0,0.0,0.0,0.021117291627037703,0.0
3228,MQTT_Publish,MQTT_Publish,0.0,0.0,0.0,1.0,0.0,0.0,0.0,0.0,0.0,0.0,0.0
3229,Thing_Speak,Thing_Speak,0.0,0.0,0.0,0.0,0.0,0.0,0.0,0.0,0.0,1.0,0.0
3230,MQTT_Publish,MQTT_Publish,0.0,0.0,0.0,1.0,0.0,0.0,0.0,0.0,0.0,0.0,0.0
3231,Thing_Speak,Thing_Speak,0.0,0.0,0.0,0.0,0.0,0.0,0.0,0.0,0.0,1.0,0.0
3232,MQTT_Publish,MQTT_Publish,0.0,0.0,0.0,1.0,0.0,0.0,0.0,0.0,0.0,0.0,0.0
3233,ARP_poisioning,ARP_poisioning,0.9752637675558934,0.0,0.0,0.005643153526970954,0.0,0.0,0.0,0.0,0.0,0.0,0.019093078917135534
3234,Thing_Speak,Thing_Speak,0.0,0.0,0.0,0.0,0.0,0.0,0.0,0.0,0.0,1.0,0.0
3235,Thing_Speak,Thing_Speak,0.0,0.0,0.0,0.0,0.0,0.0,0.0,0.0,0.0,1.0,0.0
3236,MQTT_Publish,MQTT_Publish,0.0,0.0,0.0,1.0,0.0,0.0,0.0,0.0,0.0,0.0,0.0
3237,ARP_poisioning,ARP_poisioning,1.0,0.0,0.0,0.0,0.0,0.0,0.0,0.0,0.0,0.0,0.0
3238,ARP_poisioning,ARP_poisioning,1.0,0.0,0.0,0.0,0.0,0.0,0.0,0.0,0.0,0.0,0.0
3239,DDOS_Slowloris,DDOS_Slowloris,0.0,1.0,0.0,0.0,0.0,0.0,0.0,0.0,0.0,0.0,0.0
3240,MQTT_Publish,MQTT_Publish,0.0,0.0,0.0,1.0,0.0,0.0,0.0,0.0,0.0,0.0,0.0
3241,MQTT_Publish,MQTT_Publish,0.0,0.0,0.0,1.0,0.0,0.0,0.0,0.0,0.0,0.0,0.0
3242,ARP_poisioning,ARP_poisioning,1.0,0.0,0.0,0.0,0.0,0.0,0.0,0.0,0.0,0.0,0.0
3243,MQTT_Publish,MQTT_Publish,0.0,0.0,0.0,1.0,0.0,0.0,0.0,0.0,0.0,0.0,0.0
3244,ARP_poisioning,ARP_poisioning,0.9873713254252905,0.0,0.0,0.0,0.0,0.0,0.0,0.0,0.0,0.012628674574709288,0.0
3245,MQTT_Publish,MQTT_Publish,0.0,0.0,0.0,1.0,0.0,0.0,0.0,0.0,0.0,0.0,0.0
3246,Thing_Speak,Thing_Speak,0.0,0.0,0.0,0.0,0.0,0.0,0.0,0.0,0.0,1.0,0.0
3247,Thing_Speak,Thing_Speak,0.0,0.0,0.0,0.0,0.0,0.0,0.0,0.0,0.0,1.0,0.0
3248,MQTT_Publish,MQTT_Publish,0.0,0.0,0.0,1.0,0.0,0.0,0.0,0.0,0.0,0.0,0.0
3249,MQTT_Publish,MQTT_Publish,0.0,0.0,0.0,1.0,0.0,0.0,0.0,0.0,0.0,0.0,0.0
3250,Thing_Speak,Thing_Speak,0.0,0.0,0.0,0.0,0.0,0.0,0.0,0.0,0.0,1.0,0.0
3251,Thing_Speak,Thing_Speak,0.0,0.0,0.0,0.0,0.0,0.0,0.0,0.0,0.0,1.0,0.0
3252,Thing_Speak,Thing_Speak,0.0,0.0,0.0,0.0,0.0,0.0,0.0,0.0,0.0,1.0,0.0
3253,ARP_poisioning,ARP_poisioning,1.0,0.0,0.0,0.0,0.0,0.0,0.0,0.0,0.0,0.0,0.0
3254,ARP_poisioning,ARP_poisioning,0.88610685610902,0.01,0.0,0.018623454673654786,0.0,0.0,0.0,0.0,0.0,0.026651037626981705,0.05861865159034368
3255,MQTT_Publish,MQTT_Publish,0.0,0.0,0.0,1.0,0.0,0.0,0.0,0.0,0.0,0.0,0.0
3256,NMAP_TCP_scan,NMAP_TCP_scan,0.4339271805255398,0.018062682218296423,0.0,0.0013967405684586717,0.0,0.0,0.5241122997134139,0.003160371046709608,0.0,0.0008816129052530366,0.018459113022328635
3257,Thing_Speak,Thing_Speak,0.0,0.0,0.0,0.0,0.0,0.0,0.0,0.0,0.0,1.0,0.0
3258,DDOS_Slowloris,DDOS_Slowloris,0.0006091987853466519,0.5936339120205196,0.0034124938975558135,3.335658499169606e-05,0.0,0.0,0.0,0.401593056878266,0.0,0.0003074186492393347,0.00041056318408096685
3259,NMAP_UDP_SCAN,NMAP_UDP_SCAN,1.0322104921765483e-05,0.1700740170033774,0.0,0.0,0.0,0.0,0.0,0.8294942756069262,0.0,1.0822100693472182e-05,0.00041056318408096685
3260,Thing_Speak,Thing_Speak,0.0,0.0,0.0,0.0,0.0,0.0,0.0,0.0,0.0,1.0,0.0
3261,MQTT_Publish,MQTT_Publish,0.0,0.0,0.0,1.0,0.0,0.0,0.0,0.0,0.0,0.0,0.0
3262,Thing_Speak,Thing_Speak,0.0,0.0,0.0,0.0,0.0,0.0,0.0,0.0,0.0,1.0,0.0
3263,MQTT_Publish,MQTT_Publish,0.0,0.0,0.0,1.0,0.0,0.0,0.0,0.0,0.0,0.0,0.0
3264,ARP_poisioning,ARP_poisioning,0.92910028672774,0.0,0.0,0.0,0.0,0.0,0.0,0.0,0.0,0.07089971327226001,0.0
3265,Thing_Speak,Thing_Speak,0.0,0.0,0.0,0.0,0.0,0.0,0.0,0.0,0.0,1.0,0.0
3266,Thing_Speak,Thing_Speak,0.0,0.0,0.0,0.0,0.0,0.0,0.0,0.0,0.0,1.0,0.0
3267,MQTT_Publish,MQTT_Publish,0.0,0.0,0.0,1.0,0.0,0.0,0.0,0.0,0.0,0.0,0.0
3268,Thing_Speak,Thing_Speak,0.0,0.0,0.0,0.0,0.0,0.0,0.0,0.0,0.0,1.0,0.0
3269,Thing_Speak,Thing_Speak,0.0,0.0,0.0,0.0,0.0,0.0,0.0,0.0,0.0,1.0,0.0
3270,MQTT_Publish,MQTT_Publish,0.0,0.0,0.0,1.0,0.0,0.0,0.0,0.0,0.0,0.0,0.0
3271,MQTT_Publish,MQTT_Publish,0.0,0.0,0.0,1.0,0.0,0.0,0.0,0.0,0.0,0.0,0.0
3272,MQTT_Publish,MQTT_Publish,0.0,0.0,0.0,1.0,0.0,0.0,0.0,0.0,0.0,0.0,0.0
3273,Thing_Speak,Thing_Speak,0.0,0.0,0.0,0.0,0.0,0.0,0.0,0.0,0.0,1.0,0.0
3274,MQTT_Publish,MQTT_Publish,0.0,0.0,0.0,1.0,0.0,0.0,0.0,0.0,0.0,0.0,0.0
3275,MQTT_Publish,MQTT_Publish,0.0,0.0,0.0,1.0,0.0,0.0,0.0,0.0,0.0,0.0,0.0
3276,ARP_poisioning,ARP_poisioning,0.9283974259321326,0.0,0.0,0.02851228750686277,0.01,0.0,0.0,0.0,0.0,0.023090286561004595,0.01
3277,Thing_Speak,Thing_Speak,0.0,0.0,0.0,0.0,0.0,0.0,0.0,0.0,0.0,1.0,0.0
3278,MQTT_Publish,MQTT_Publish,0.0,0.0,0.0,1.0,0.0,0.0,0.0,0.0,0.0,0.0,0.0
3279,DOS_SYN_Hping,DOS_SYN_Hping,1.3581914766902935e-05,3.436426116838489e-05,0.9997022196729409,0.0,0.0,0.0,0.0,0.00024740014127369895,0.0,2.4340098499717754e-06,0.0
3280,ARP_poisioning,ARP_poisioning,0.99,0.0,0.0,0.0,0.0,0.0,0.0,0.0,0.0,0.01,0.0
3281,ARP_poisioning,ARP_poisioning,1.0,0.0,0.0,0.0,0.0,0.0,0.0,0.0,0.0,0.0,0.0
3282,ARP_poisioning,ARP_poisioning,1.0,0.0,0.0,0.0,0.0,0.0,0.0,0.0,0.0,0.0,0.0
3283,MQTT_Publish,MQTT_Publish,0.0,0.0,0.0,1.0,0.0,0.0,0.0,0.0,0.0,0.0,0.0
3284,NMAP_TCP_scan,NMAP_TCP_scan,0.0001509011398807571,1.6187824150449924e-05,0.0,0.0,0.0,0.059281606644690024,0.9126535600303545,0.003014015006005665,0.024633984686405014,8.060340593437548e-06,0.00024168432792014732
3285,Thing_Speak,Thing_Speak,0.0,0.0,0.0,0.0,0.0,0.0,0.0,0.0,0.0,1.0,0.0
3286,Thing_Speak,Thing_Speak,0.0,0.0,0.0,0.0,0.0,0.0,0.0,0.0,0.0,1.0,0.0
3287,Thing_Speak,Thing_Speak,0.0,0.0,0.0,0.0,0.0,0.0,0.0,0.0,0.0,1.0,0.0
3288,Thing_Speak,Thing_Speak,0.0,0.0,0.0,0.0,0.0,0.0,0.0,0.0,0.0,1.0,0.0
3289,ARP_poisioning,ARP_poisioning,1.0,0.0,0.0,0.0,0.0,0.0,0.0,0.0,0.0,0.0,0.0
3290,ARP_poisioning,ARP_poisioning,1.0,0.0,0.0,0.0,0.0,0.0,0.0,0.0,0.0,0.0,0.0
3291,Thing_Speak,Thing_Speak,0.0,0.0,0.0,0.0,0.0,0.0,0.0,0.0,0.0,1.0,0.0
3292,Thing_Speak,NMAP_UDP_SCAN,0.030666433934598697,0.0,0.0,0.016538535281939673,0.001528595815418896,0.0,0.0,0.8738175754235725,0.0,0.06587160578424536,0.011577253760225035
3293,ARP_poisioning,ARP_poisioning,1.0,0.0,0.0,0.0,0.0,0.0,0.0,0.0,0.0,0.0,0.0
3294,MQTT_Publish,MQTT_Publish,0.0,0.0,0.0,1.0,0.0,0.0,0.0,0.0,0.0,0.0,0.0
3295,Thing_Speak,Thing_Speak,0.0,0.0,0.0,0.0,0.0,0.0,0.0,0.0,0.0,1.0,0.0
3296,ARP_poisioning,ARP_poisioning,1.0,0.0,0.0,0.0,0.0,0.0,0.0,0.0,0.0,0.0,0.0
3297,Thing_Speak,Thing_Speak,0.024035408458431492,0.0,0.0,0.0,0.0,0.0,0.0,0.0,0.0,0.6805387965502697,0.29542579499129873
3298,Thing_Speak,Thing_Speak,0.0,0.0,0.0,0.0,0.0,0.0,0.0,0.0,0.0,1.0,0.0
3299,Thing_Speak,Thing_Speak,0.0,0.0,0.0,0.0,0.0,0.0,0.0,0.0,0.0,1.0,0.0
3300,Thing_Speak,Thing_Speak,0.0,0.0,0.0,0.0,0.0,0.0,0.0,0.0,0.0,1.0,0.0
3301,DDOS_Slowloris,DDOS_Slowloris,0.0,1.0,0.0,0.0,0.0,0.0,0.0,0.0,0.0,0.0,0.0
3302,MQTT_Publish,MQTT_Publish,0.0,0.0,0.0,1.0,0.0,0.0,0.0,0.0,0.0,0.0,0.0
3303,MQTT_Publish,MQTT_Publish,0.0,0.0,0.0,1.0,0.0,0.0,0.0,0.0,0.0,0.0,0.0
3304,ARP_poisioning,ARP_poisioning,1.0,0.0,0.0,0.0,0.0,0.0,0.0,0.0,0.0,0.0,0.0
3305,DDOS_Slowloris,DDOS_Slowloris,0.0,0.9932581998958745,0.0,0.0,0.0,0.0,0.0,0.0,0.0,0.0017254066615027112,0.0050163934426229505
3306,Thing_Speak,Thing_Speak,0.0,0.0,0.0,0.0,0.0,0.0,0.0,0.0,0.0,1.0,0.0
3307,Thing_Speak,Thing_Speak,0.0,0.0,0.0,0.0,0.0,0.0,0.0,0.0,0.0,1.0,0.0
3308,Thing_Speak,Thing_Speak,0.0,0.0,0.0,0.0,0.0,0.0,0.0,0.0,0.0,1.0,0.0
3309,MQTT_Publish,MQTT_Publish,0.0,0.0,0.0,1.0,0.0,0.0,0.0,0.0,0.0,0.0,0.0
3310,DDOS_Slowloris,DDOS_Slowloris,0.0018258575197889185,0.9902094195420668,0.0,0.0,0.0,0.0,0.0,0.007964722938144332,0.0,0.0,0.0
3311,ARP_poisioning,ARP_poisioning,1.0,0.0,0.0,0.0,0.0,0.0,0.0,0.0,0.0,0.0,0.0
3312,ARP_poisioning,ARP_poisioning,0.98,0.0,0.0,0.0,0.0,0.0,0.0,0.0,0.0,0.02,0.0
3313,ARP_poisioning,ARP_poisioning,0.9154523657195471,0.0,0.0,0.039973430950699586,0.0,0.0,0.0,0.0,0.0,0.03502970228090689,0.00954450104884627
3314,Thing_Speak,Thing_Speak,0.0,0.0,0.0,0.0,0.0,0.0,0.0,0.0,0.0,1.0,0.0
3315,Thing_Speak,Thing_Speak,0.4483618393873913,0.0,0.0,0.0,0.0,0.0,0.0,0.03716389242717248,0.0,0.5144742681854361,0.0
3316,MQTT_Publish,MQTT_Publish,0.0,0.0,0.0,1.0,0.0,0.0,0.0,0.0,0.0,0.0,0.0
3317,ARP_poisioning,ARP_poisioning,1.0,0.0,0.0,0.0,0.0,0.0,0.0,0.0,0.0,0.0,0.0
3318,ARP_poisioning,ARP_poisioning,0.9813659472158437,0.0,0.0,0.0,0.0,0.0,0.0,0.0,0.0,0.01863405278415625,0.0
3319,ARP_poisioning,ARP_poisioning,0.9783583133229875,0.0,0.0,0.0,0.0,0.0,0.0,0.0,0.0,0.021641686677012443,0.0
3320,MQTT_Publish,MQTT_Publish,0.0,0.0,0.0,1.0,0.0,0.0,0.0,0.0,0.0,0.0,0.0
3321,Thing_Speak,Thing_Speak,0.0,0.0,0.0,0.0,0.0,0.0,0.0,0.0,0.0,1.0,0.0
3322,Thing_Speak,Thing_Speak,0.0,0.0,0.0,0.0,0.0,0.0,0.0,0.0,0.0,1.0,0.0
3323,ARP_poisioning,ARP_poisioning,1.0,0.0,0.0,0.0,0.0,0.0,0.0,0.0,0.0,0.0,0.0
3324,Thing_Speak,Thing_Speak,0.0,0.0,0.0,0.0,0.0,0.0,0.0,0.0,0.0,1.0,0.0
3325,Thing_Speak,Thing_Speak,0.0,0.0,0.0,0.0,0.0,0.0,0.0,0.0,0.0,1.0,0.0
3326,Thing_Speak,Thing_Speak,0.0,0.0,0.0,0.0,0.0,0.0,0.0,0.0,0.0,1.0,0.0
3327,MQTT_Publish,MQTT_Publish,0.0,0.0,0.0,1.0,0.0,0.0,0.0,0.0,0.0,0.0,0.0
3328,Thing_Speak,Thing_Speak,0.0,0.0,0.0,0.0,0.0,0.0,0.0,0.0,0.0,1.0,0.0
3329,MQTT_Publish,MQTT_Publish,0.0,0.0,0.0,1.0,0.0,0.0,0.0,0.0,0.0,0.0,0.0
3330,ARP_poisioning,ARP_poisioning,1.0,0.0,0.0,0.0,0.0,0.0,0.0,0.0,0.0,0.0,0.0
3331,Thing_Speak,Thing_Speak,0.0,0.0,0.0,0.0,0.0,0.0,0.0,0.0,0.0,1.0,0.0
3332,Thing_Speak,Thing_Speak,0.0,0.0,0.0,0.0,0.0,0.0,0.0,0.0,0.0,1.0,0.0
3333,Thing_Speak,Thing_Speak,0.0,0.0,0.0,0.0,0.0,0.0,0.0,0.0,0.0,1.0,0.0
3334,Thing_Speak,Thing_Speak,0.0,0.0,0.0,0.0,0.0,0.0,0.0,0.0,0.0,1.0,0.0
3335,ARP_poisioning,ARP_poisioning,1.0,0.0,0.0,0.0,0.0,0.0,0.0,0.0,0.0,0.0,0.0
3336,Thing_Speak,Thing_Speak,0.0,0.0,0.0,0.0,0.0,0.0,0.0,0.0,0.0,1.0,0.0
3337,ARP_poisioning,ARP_poisioning,1.0,0.0,0.0,0.0,0.0,0.0,0.0,0.0,0.0,0.0,0.0
3338,Thing_Speak,Thing_Speak,0.0,0.0,0.0,0.0,0.0,0.0,0.0,0.0,0.0,1.0,0.0
3339,Thing_Speak,Thing_Speak,0.0,0.0,0.0,0.0,0.0,0.0,0.0,0.0,0.0,1.0,0.0
3340,Thing_Speak,Thing_Speak,0.0,0.0,0.0,0.0,0.0,0.0,0.0,0.0,0.0,1.0,0.0
3341,MQTT_Publish,MQTT_Publish,0.0,0.0,0.0,1.0,0.0,0.0,0.0,0.0,0.0,0.0,0.0
3342,Thing_Speak,Thing_Speak,0.0,0.0,0.0,0.0,0.0,0.0,0.0,0.0,0.0,1.0,0.0
3343,Thing_Speak,Thing_Speak,0.0,0.0,0.0,0.0,0.0,0.0,0.0,0.0,0.0,1.0,0.0
3344,ARP_poisioning,ARP_poisioning,0.8354292675015786,0.04209173834289436,0.0,0.0,0.0,0.0,0.0,0.017920529138267863,0.0,0.10455846501725935,0.0
3345,MQTT_Publish,MQTT_Publish,0.0,0.0,0.0,1.0,0.0,0.0,0.0,0.0,0.0,0.0,0.0
3346,DDOS_Slowloris,DDOS_Slowloris,0.0,1.0,0.0,0.0,0.0,0.0,0.0,0.0,0.0,0.0,0.0
3347,ARP_poisioning,ARP_poisioning,1.0,0.0,0.0,0.0,0.0,0.0,0.0,0.0,0.0,0.0,0.0
3348,ARP_poisioning,ARP_poisioning,0.7188473673359481,0.007590975254730713,0.0,0.010502227501561698,0.0,0.0,0.0,0.048909474089256735,0.0,0.05461144633660151,0.15953850948190118
3349,NMAP_UDP_SCAN,NMAP_UDP_SCAN,1.0322104921765483e-05,0.1575903482438295,0.0,0.0,0.0,0.0,0.0,0.8419779443664741,0.0,1.0822100693472182e-05,0.00041056318408096685
3350,Thing_Speak,Thing_Speak,0.0,0.0,0.0,0.0,0.0,0.0,0.0,0.0,0.0,1.0,0.0
3351,Thing_Speak,Thing_Speak,0.0,0.0,0.0,0.0,0.0,0.0,0.0,0.0,0.0,1.0,0.0
3352,MQTT_Publish,MQTT_Publish,0.0,0.0,0.0,1.0,0.0,0.0,0.0,0.0,0.0,0.0,0.0
3353,MQTT_Publish,MQTT_Publish,0.0,0.0,0.0,1.0,0.0,0.0,0.0,0.0,0.0,0.0,0.0
3354,Thing_Speak,Thing_Speak,0.0,0.0,0.0,0.0,0.0,0.0,0.0,0.0,0.0,1.0,0.0
3355,ARP_poisioning,ARP_poisioning,0.9393491671937959,0.038232271325796506,0.0,0.0030352941176470583,0.009857999368886084,0.0,0.0,0.0,0.0,0.0,0.009525267993874424
3356,MQTT_Publish,MQTT_Publish,0.0,0.0,0.0,0.9976864914707239,0.0,0.0,0.0,0.0,0.0,0.0023135085292761647,0.0
3357,MQTT_Publish,MQTT_Publish,0.0,0.0,0.0,1.0,0.0,0.0,0.0,0.0,0.0,0.0,0.0
3358,ARP_poisioning,ARP_poisioning,1.0,0.0,0.0,0.0,0.0,0.0,0.0,0.0,0.0,0.0,0.0
3359,MQTT_Publish,MQTT_Publish,0.0,0.0,0.0,1.0,0.0,0.0,0.0,0.0,0.0,0.0,0.0
3360,ARP_poisioning,ARP_poisioning,1.0,0.0,0.0,0.0,0.0,0.0,0.0,0.0,0.0,0.0,0.0
3361,NMAP_TCP_scan,NMAP_TCP_scan,4.4844426669243135e-05,1.6187824150449924e-05,0.0,0.0,0.0,0.02476430114187249,0.9727201593223576,0.0006874345593339698,0.001723811306699429,8.060340593437548e-06,3.520107832338062e-05
3362,Thing_Speak,Thing_Speak,0.0,0.0,0.0,0.0,0.0,0.0,0.0,0.0,0.0,1.0,0.0
3363,Thing_Speak,Thing_Speak,0.0,0.0,0.0,0.0,0.0,0.0,0.0,0.0,0.0,1.0,0.0
3364,MQTT_Publish,MQTT_Publish,0.0,0.0,0.0,1.0,0.0,0.0,0.0,0.0,0.0,0.0,0.0
3365,Thing_Speak,Thing_Speak,0.0,0.0,0.0,0.0,0.0,0.0,0.0,0.0,0.0,1.0,0.0
3366,MQTT_Publish,MQTT_Publish,0.0,0.0,0.0,1.0,0.0,0.0,0.0,0.0,0.0,0.0,0.0
3367,ARP_poisioning,ARP_poisioning,1.0,0.0,0.0,0.0,0.0,0.0,0.0,0.0,0.0,0.0,0.0
3368,Thing_Speak,Thing_Speak,0.0,0.0,0.0,0.0,0.0,0.0,0.0,0.0,0.0,1.0,0.0
3369,Thing_Speak,Thing_Speak,0.0,0.0,0.0,0.0,0.0,0.0,0.0,0.0,0.0,1.0,0.0
3370,Thing_Speak,Thing_Speak,0.005633879042078203,0.0,0.0,0.0,0.0,0.0,0.0,0.0,0.0,0.9943661209579219,0.0
3371,MQTT_Publish,MQTT_Publish,0.0,0.0,0.0,1.0,0.0,0.0,0.0,0.0,0.0,0.0,0.0
3372,Thing_Speak,Thing_Speak,0.0,0.0,0.0,0.0,0.0,0.0,0.0,0.0,0.0,1.0,0.0
3373,ARP_poisioning,ARP_poisioning,1.0,0.0,0.0,0.0,0.0,0.0,0.0,0.0,0.0,0.0,0.0
3374,ARP_poisioning,ARP_poisioning,1.0,0.0,0.0,0.0,0.0,0.0,0.0,0.0,0.0,0.0,0.0
3375,Thing_Speak,Thing_Speak,0.0,0.0,0.0,0.0,0.0,0.0,0.0,0.0,0.0,1.0,0.0
3376,Thing_Speak,Thing_Speak,0.0,0.0,0.0,0.0,0.0,0.0,0.0,0.0,0.0,1.0,0.0
3377,Thing_Speak,Thing_Speak,0.0,0.0,0.0,0.0,0.0,0.0,0.0,0.0,0.0,1.0,0.0
3378,ARP_poisioning,ARP_poisioning,0.9939923170617446,0.0,0.0,0.0,0.0,0.0,0.0,0.0,0.0,0.006007682938255411,0.0
3379,Thing_Speak,ARP_poisioning,0.8016457884467622,0.0,0.0,0.0,0.0,0.0,0.0,0.0,0.0,0.1983542115532377,0.0
3380,ARP_poisioning,ARP_poisioning,1.0,0.0,0.0,0.0,0.0,0.0,0.0,0.0,0.0,0.0,0.0
3381,MQTT_Publish,MQTT_Publish,0.0,0.0,0.0,1.0,0.0,0.0,0.0,0.0,0.0,0.0,0.0
3382,ARP_poisioning,ARP_poisioning,0.9876083230105445,0.0,0.0,0.0,0.0,0.0,0.0,0.00967581047381546,0.0,0.002715866515639976,0.0
3383,NMAP_OS_DETECTION,NMAP_OS_DETECTION,9.431154420915635e-05,1.6187824150449924e-05,0.0,7.012180632193017e-05,0.0,0.9071217662067734,0.017890381573492306,0.0002746408124414594,0.07351867690618036,3.4163212055015705e-06,0.0010104970052255185
3384,Thing_Speak,Thing_Speak,0.0,0.0,0.0,0.0,0.0,0.0,0.0,0.0,0.0,1.0,0.0
3385,MQTT_Publish,MQTT_Publish,0.0,0.0,0.0,1.0,0.0,0.0,0.0,0.0,0.0,0.0,0.0
3386,MQTT_Publish,MQTT_Publish,0.0,0.0,0.0,1.0,0.0,0.0,0.0,0.0,0.0,0.0,0.0
3387,ARP_poisioning,ARP_poisioning,0.9266480172283349,0.03792915458123283,0.0,0.0,0.0,0.0,0.0,0.0,0.0,0.02591889594602814,0.009503932244404113
3388,Thing_Speak,Thing_Speak,0.0,0.0,0.0,0.0,0.0,0.0,0.0,0.0,0.0,1.0,0.0
3389,Thing_Speak,Thing_Speak,0.0,0.0,0.0,0.0,0.0,0.0,0.0,0.0,0.0,1.0,0.0
3390,Thing_Speak,Thing_Speak,0.0,0.0,0.0,0.0,0.0,0.0,0.0,0.0,0.0,1.0,0.0
3391,MQTT_Publish,MQTT_Publish,0.0,0.0,0.0,1.0,0.0,0.0,0.0,0.0,0.0,0.0,0.0
3392,Thing_Speak,Thing_Speak,0.0,0.0,0.0,0.0,0.0,0.0,0.0,0.0,0.0,1.0,0.0
3393,Thing_Speak,Thing_Speak,0.0,0.0,0.0,0.0,0.0,0.0,0.0,0.0,0.0,1.0,0.0
3394,MQTT_Publish,MQTT_Publish,0.0,0.0,0.0,1.0,0.0,0.0,0.0,0.0,0.0,0.0,0.0
3395,ARP_poisioning,ARP_poisioning,1.0,0.0,0.0,0.0,0.0,0.0,0.0,0.0,0.0,0.0,0.0
3396,Thing_Speak,Thing_Speak,0.0,0.0,0.0,0.0,0.0,0.0,0.0,0.0,0.0,1.0,0.0
3397,Thing_Speak,Thing_Speak,0.0,0.0,0.0,0.0,0.0,0.0,0.0,0.0,0.0,1.0,0.0
3398,Thing_Speak,Thing_Speak,0.0,0.0,0.0,0.0,0.0,0.0,0.0,0.0,0.0,1.0,0.0
3399,ARP_poisioning,ARP_poisioning,1.0,0.0,0.0,0.0,0.0,0.0,0.0,0.0,0.0,0.0,0.0
3400,MQTT_Publish,MQTT_Publish,0.0,0.0,0.0,1.0,0.0,0.0,0.0,0.0,0.0,0.0,0.0
3401,ARP_poisioning,ARP_poisioning,0.9946987614190439,0.0,0.0,0.0,0.0,0.0,0.0,0.0,0.0,0.005301238580956118,0.0
3402,Thing_Speak,Thing_Speak,0.004757880691610608,0.0,0.0,0.0,0.0,0.0,0.0,0.0,0.0,0.9952421193083895,0.0
3403,ARP_poisioning,ARP_poisioning,1.0,0.0,0.0,0.0,0.0,0.0,0.0,0.0,0.0,0.0,0.0
3404,ARP_poisioning,ARP_poisioning,1.0,0.0,0.0,0.0,0.0,0.0,0.0,0.0,0.0,0.0,0.0
3405,ARP_poisioning,ARP_poisioning,1.0,0.0,0.0,0.0,0.0,0.0,0.0,0.0,0.0,0.0,0.0
3406,ARP_poisioning,ARP_poisioning,1.0,0.0,0.0,0.0,0.0,0.0,0.0,0.0,0.0,0.0,0.0
3407,MQTT_Publish,MQTT_Publish,0.0,0.0,0.0,1.0,0.0,0.0,0.0,0.0,0.0,0.0,0.0
3408,Thing_Speak,Thing_Speak,0.0,0.0,0.0,0.0,0.0,0.0,0.0,0.0,0.0,1.0,0.0
3409,MQTT_Publish,MQTT_Publish,0.0,0.0,0.0,1.0,0.0,0.0,0.0,0.0,0.0,0.0,0.0
3410,MQTT_Publish,MQTT_Publish,0.0,0.0,0.0,1.0,0.0,0.0,0.0,0.0,0.0,0.0,0.0
3411,Thing_Speak,Thing_Speak,0.0,0.0,0.0,0.0,0.0,0.0,0.0,0.0,0.0,1.0,0.0
3412,Wipro_bulb,Wipro_bulb,0.19831001903746467,0.0,0.0,0.0,0.0,0.0,0.0,0.0,0.0,0.22525695531149242,0.5764330256510428
3413,MQTT_Publish,MQTT_Publish,0.0,0.0,0.0,1.0,0.0,0.0,0.0,0.0,0.0,0.0,0.0
3414,Thing_Speak,Thing_Speak,0.0,0.0,0.0,0.0,0.0,0.0,0.0,0.0,0.0,1.0,0.0
3415,MQTT_Publish,MQTT_Publish,0.0,0.0,0.0,1.0,0.0,0.0,0.0,0.0,0.0,0.0,0.0
3416,ARP_poisioning,ARP_poisioning,0.8952062522470957,0.0,0.0,0.0,0.02,0.0,0.0,0.0,0.0,0.08479374775290427,0.0
3417,ARP_poisioning,ARP_poisioning,0.9961146656630285,0.0,0.0,0.0038853343369715217,0.0,0.0,0.0,0.0,0.0,0.0,0.0
3418,Thing_Speak,Thing_Speak,0.0,0.0,0.0,0.0,0.0,0.0,0.0,0.0,0.0,1.0,0.0
3419,Thing_Speak,Thing_Speak,0.0,0.0,0.0,0.0,0.0,0.0,0.0,0.0,0.0,1.0,0.0
3420,ARP_poisioning,ARP_poisioning,1.0,0.0,0.0,0.0,0.0,0.0,0.0,0.0,0.0,0.0,0.0
3421,Thing_Speak,Thing_Speak,0.0,0.0,0.0,0.0,0.0,0.0,0.0,0.0,0.0,1.0,0.0
3422,MQTT_Publish,MQTT_Publish,0.0,0.0,0.0,1.0,0.0,0.0,0.0,0.0,0.0,0.0,0.0
3423,Thing_Speak,Thing_Speak,0.0,0.0,0.0,0.0,0.0,0.0,0.0,0.0,0.0,1.0,0.0
3424,Thing_Speak,Thing_Speak,0.0,0.0,0.0,0.0,0.0,0.0,0.0,0.0,0.0,1.0,0.0
3425,MQTT_Publish,MQTT_Publish,0.0,0.0,0.0,1.0,0.0,0.0,0.0,0.0,0.0,0.0,0.0
3426,Thing_Speak,Thing_Speak,0.0,0.0,0.0,0.0,0.0,0.0,0.0,0.0,0.0,1.0,0.0
3427,MQTT_Publish,MQTT_Publish,0.0,0.0,0.0,1.0,0.0,0.0,0.0,0.0,0.0,0.0,0.0
3428,ARP_poisioning,ARP_poisioning,0.9723469451705844,0.0,0.0,0.0,0.0,0.0,0.0,0.0,0.0,0.027653054829415557,0.0
3429,MQTT_Publish,MQTT_Publish,0.0,0.0,0.0,1.0,0.0,0.0,0.0,0.0,0.0,0.0,0.0
3430,Thing_Speak,Thing_Speak,0.0,0.0,0.0,0.0,0.0,0.0,0.0,0.0,0.0,1.0,0.0
3431,Thing_Speak,Thing_Speak,0.0,0.0,0.0,0.0,0.0,0.0,0.0,0.0,0.0,1.0,0.0
3432,ARP_poisioning,ARP_poisioning,0.985712927756654,0.0,0.0,0.0,0.0,0.0,0.0,0.0,0.0,0.014287072243346006,0.0
3433,ARP_poisioning,ARP_poisioning,1.0,0.0,0.0,0.0,0.0,0.0,0.0,0.0,0.0,0.0,0.0
3434,Thing_Speak,Thing_Speak,0.0,0.0,0.0,0.0,0.0,0.0,0.0,0.0,0.0,1.0,0.0
3435,ARP_poisioning,ARP_poisioning,0.9618650548574427,0.0,0.0,0.0,0.0,0.0,0.0,0.028134945142557325,0.0,0.01,0.0
3436,MQTT_Publish,MQTT_Publish,0.0,0.0,0.0,1.0,0.0,0.0,0.0,0.0,0.0,0.0,0.0
3437,MQTT_Publish,MQTT_Publish,0.0,0.0,0.0,1.0,0.0,0.0,0.0,0.0,0.0,0.0,0.0
3438,MQTT_Publish,MQTT_Publish,0.0,0.0,0.0,1.0,0.0,0.0,0.0,0.0,0.0,0.0,0.0
3439,DDOS_Slowloris,NMAP_UDP_SCAN,1.0322104921765483e-05,0.1619745549252525,0.0,0.0,0.0,0.0,0.0,0.8375937376850513,0.0,1.0822100693472182e-05,0.00041056318408096685
3440,Thing_Speak,Thing_Speak,0.0,0.0,0.0,0.0,0.0,0.0,0.0,0.0,0.0,1.0,0.0
3441,Thing_Speak,Thing_Speak,0.0,0.0,0.0,0.0,0.0,0.0,0.0,0.0,0.0,1.0,0.0
3442,ARP_poisioning,ARP_poisioning,1.0,0.0,0.0,0.0,0.0,0.0,0.0,0.0,0.0,0.0,0.0
3443,Thing_Speak,Thing_Speak,0.23021921626577538,0.0,0.0,0.01722630211275562,0.019616481163919505,0.0,0.0,0.009728014505893019,0.0,0.5679891520781621,0.15522083387349425
3444,ARP_poisioning,ARP_poisioning,1.0,0.0,0.0,0.0,0.0,0.0,0.0,0.0,0.0,0.0,0.0
3445,ARP_poisioning,ARP_poisioning,1.0,0.0,0.0,0.0,0.0,0.0,0.0,0.0,0.0,0.0,0.0
3446,ARP_poisioning,ARP_poisioning,0.9888859453061087,0.0,0.0,0.0,0.0,0.0,0.0,0.0,0.0,0.011114054693891349,0.0
3447,MQTT_Publish,MQTT_Publish,0.0,0.0,0.0,1.0,0.0,0.0,0.0,0.0,0.0,0.0,0.0
3448,MQTT_Publish,MQTT_Publish,0.0,0.0,0.0,1.0,0.0,0.0,0.0,0.0,0.0,0.0,0.0
3449,ARP_poisioning,ARP_poisioning,1.0,0.0,0.0,0.0,0.0,0.0,0.0,0.0,0.0,0.0,0.0
3450,MQTT_Publish,MQTT_Publish,0.0,0.0,0.0,1.0,0.0,0.0,0.0,0.0,0.0,0.0,0.0
3451,ARP_poisioning,ARP_poisioning,1.0,0.0,0.0,0.0,0.0,0.0,0.0,0.0,0.0,0.0,0.0
3452,Thing_Speak,Thing_Speak,0.0,0.0,0.0,0.0,0.0,0.0,0.0,0.0,0.0,1.0,0.0
3453,ARP_poisioning,ARP_poisioning,0.99,0.0,0.0,0.0,0.0,0.0,0.0,0.0,0.0,0.01,0.0
3454,ARP_poisioning,ARP_poisioning,0.9830473150076293,0.0,0.0,0.0,0.0,0.0,0.0,0.0,0.0,0.01695268499237074,0.0
3455,MQTT_Publish,MQTT_Publish,0.0,0.0,0.0,1.0,0.0,0.0,0.0,0.0,0.0,0.0,0.0
3456,MQTT_Publish,MQTT_Publish,0.0,0.0,0.0,1.0,0.0,0.0,0.0,0.0,0.0,0.0,0.0
3457,MQTT_Publish,MQTT_Publish,0.0,0.0,0.0,1.0,0.0,0.0,0.0,0.0,0.0,0.0,0.0
3458,ARP_poisioning,ARP_poisioning,0.9324732065934594,0.008351409978308027,0.0,0.0,0.0,0.0,0.0,0.00967581047381546,0.0,0.049499572954417044,0.0
3459,MQTT_Publish,MQTT_Publish,0.0,0.0,0.0,1.0,0.0,0.0,0.0,0.0,0.0,0.0,0.0
3460,Thing_Speak,Thing_Speak,0.17147019477281866,0.0,0.0,0.0,0.0,0.0,0.0,0.0,0.0,0.8285298052271814,0.0
3461,Thing_Speak,Thing_Speak,0.0,0.0,0.0,0.0,0.0,0.0,0.0,0.0,0.0,1.0,0.0
3462,NMAP_UDP_SCAN,NMAP_UDP_SCAN,0.00011281844441221599,0.12360854332835876,0.0007925132363315011,3.308542884506747e-05,0.00152036786833588,0.0,0.0,0.8657731342360924,0.0,0.000279113544035964,0.00788042391358842
3463,ARP_poisioning,ARP_poisioning,1.0,0.0,0.0,0.0,0.0,0.0,0.0,0.0,0.0,0.0,0.0
3464,DDOS_Slowloris,DDOS_Slowloris,0.0,1.0,0.0,0.0,0.0,0.0,0.0,0.0,0.0,0.0,0.0
3465,Thing_Speak,Thing_Speak,0.0,0.0,0.0,0.0,0.0,0.0,0.0,0.0,0.0,1.0,0.0
3466,DDOS_Slowloris,DDOS_Slowloris,0.0,0.9990742285237698,0.0,0.0009257714762301919,0.0,0.0,0.0,0.0,0.0,0.0,0.0
3467,Thing_Speak,Thing_Speak,0.0,0.0,0.0,0.0,0.0,0.0,0.0,0.0,0.0,1.0,0.0
3468,ARP_poisioning,ARP_poisioning,1.0,0.0,0.0,0.0,0.0,0.0,0.0,0.0,0.0,0.0,0.0
3469,Thing_Speak,Thing_Speak,0.0,0.0,0.0,0.0,0.0,0.0,0.0,0.0,0.0,1.0,0.0
3470,MQTT_Publish,MQTT_Publish,0.0,0.0,0.0,1.0,0.0,0.0,0.0,0.0,0.0,0.0,0.0
3471,Thing_Speak,Thing_Speak,0.20248308565459902,0.0,0.0,0.0,0.0,0.0,0.0,0.03738869571363328,0.0,0.7601282186317678,0.0
3472,Thing_Speak,Thing_Speak,0.0,0.0,0.0,0.0,0.0,0.0,0.0,0.0,0.0,1.0,0.0
3473,Thing_Speak,Thing_Speak,0.0,0.0,0.0,0.0,0.0,0.0,0.0,0.0,0.0,1.0,0.0
3474,Thing_Speak,Thing_Speak,0.0,0.0,0.0,0.0,0.0,0.0,0.0,0.0,0.0,1.0,0.0
3475,Thing_Speak,Thing_Speak,0.0,0.0,0.0,0.0,0.0,0.0,0.0,0.0,0.0,1.0,0.0
3476,Thing_Speak,Thing_Speak,0.0,0.0,0.0,0.0,0.0,0.0,0.0,0.0,0.0,1.0,0.0
3477,ARP_poisioning,ARP_poisioning,0.9857352534904058,0.0,0.0,0.007209705372616984,0.0,0.0,0.0,0.0,0.0,0.007055041136977319,0.0
3478,ARP_poisioning,ARP_poisioning,1.0,0.0,0.0,0.0,0.0,0.0,0.0,0.0,0.0,0.0,0.0
3479,ARP_poisioning,ARP_poisioning,0.9938665217195609,0.0,0.0,0.0,0.0,0.0,0.0,0.0,0.0,0.006133478280439185,0.0
3480,Thing_Speak,Thing_Speak,0.0,0.0,0.0,0.0,0.0,0.0,0.0,0.0,0.0,1.0,0.0
3481,Thing_Speak,Thing_Speak,0.0,0.0,0.0,0.0,0.0,0.0,0.0,0.0,0.0,1.0,0.0
3482,NMAP_UDP_SCAN,NMAP_UDP_SCAN,1.0322104921765483e-05,0.17833372214696763,0.0,0.0,0.0,0.0,0.0,0.8213423200829572,0.0,3.0110077288435226e-05,0.0002835255878649507
3483,MQTT_Publish,MQTT_Publish,0.0,0.0,0.0,1.0,0.0,0.0,0.0,0.0,0.0,0.0,0.0
3484,Thing_Speak,Thing_Speak,0.0,0.0,0.0,0.0,0.00975677553856845,0.0,0.0,0.0,0.009881035689293211,0.9803621887721383,0.0
3485,Thing_Speak,Thing_Speak,0.0,0.0,0.0,0.0,0.0,0.0,0.0,0.0,0.0,1.0,0.0
3486,Thing_Speak,Thing_Speak,0.0,0.0,0.0,0.0,0.0,0.0,0.0,0.0,0.0,1.0,0.0
3487,ARP_poisioning,ARP_poisioning,1.0,0.0,0.0,0.0,0.0,0.0,0.0,0.0,0.0,0.0,0.0
3488,MQTT_Publish,MQTT_Publish,0.0,0.0,0.0,1.0,0.0,0.0,0.0,0.0,0.0,0.0,0.0
3489,Thing_Speak,Thing_Speak,0.0,0.0,0.0,0.0,0.0,0.0,0.0,0.0,0.0,1.0,0.0
3490,MQTT_Publish,MQTT_Publish,0.0,0.0,0.0,1.0,0.0,0.0,0.0,0.0,0.0,0.0,0.0
3491,ARP_poisioning,ARP_poisioning,1.0,0.0,0.0,0.0,0.0,0.0,0.0,0.0,0.0,0.0,0.0
3492,MQTT_Publish,MQTT_Publish,0.0,0.0,0.0,1.0,0.0,0.0,0.0,0.0,0.0,0.0,0.0
3493,Thing_Speak,ARP_poisioning,0.7708298242498981,0.0,0.0,0.0,0.0,0.0,0.0,0.0,0.0,0.22917017575010212,0.0
3494,Thing_Speak,Thing_Speak,0.0,0.0,0.0,0.0,0.0,0.0,0.0,0.0,0.0,1.0,0.0
3495,NMAP_UDP_SCAN,NMAP_UDP_SCAN,1.0322104921765483e-05,0.1619745549252525,0.0,0.0,0.0,0.0,0.0,0.8375937376850513,0.0,1.0822100693472182e-05,0.00041056318408096685
3496,ARP_poisioning,ARP_poisioning,1.0,0.0,0.0,0.0,0.0,0.0,0.0,0.0,0.0,0.0,0.0
3497,Thing_Speak,Thing_Speak,0.0,0.0,0.0,0.0,0.0,0.0,0.0,0.0,0.0,1.0,0.0
3498,ARP_poisioning,ARP_poisioning,1.0,0.0,0.0,0.0,0.0,0.0,0.0,0.0,0.0,0.0,0.0
3499,Wipro_bulb,Wipro_bulb,0.007451794213286975,0.0,0.0,0.0,0.0,0.0,0.0,0.01858649178963971,0.0,0.2072148227149745,0.7667468912820987
3500,ARP_poisioning,ARP_poisioning,0.98,0.01,0.0,0.0,0.0,0.0,0.0,0.0,0.0,0.01,0.0
3501,MQTT_Publish,MQTT_Publish,0.0,0.0,0.0,1.0,0.0,0.0,0.0,0.0,0.0,0.0,0.0
3502,MQTT_Publish,MQTT_Publish,0.0,0.0,0.0,1.0,0.0,0.0,0.0,0.0,0.0,0.0,0.0
3503,MQTT_Publish,MQTT_Publish,0.0,0.0,0.0,1.0,0.0,0.0,0.0,0.0,0.0,0.0,0.0
3504,Thing_Speak,Thing_Speak,0.0,0.0,0.0,0.0,0.0,0.0,0.0,0.0,0.0,1.0,0.0
3505,MQTT_Publish,MQTT_Publish,0.0,0.0,0.0,1.0,0.0,0.0,0.0,0.0,0.0,0.0,0.0
3506,Thing_Speak,Thing_Speak,0.0,0.0,0.0,0.0,0.0,0.0,0.0,0.0,0.0,1.0,0.0
3507,Thing_Speak,Thing_Speak,0.0,0.0,0.0,0.0,0.0,0.0,0.0,0.0,0.0,1.0,0.0
3508,Thing_Speak,Thing_Speak,0.0,0.0,0.0,0.0,0.0,0.0,0.0,0.0,0.0,1.0,0.0
3509,MQTT_Publish,MQTT_Publish,0.0,0.0,0.0,1.0,0.0,0.0,0.0,0.0,0.0,0.0,0.0
3510,Thing_Speak,Thing_Speak,0.01,0.0,0.0,0.0,0.0,0.0,0.0,0.0,0.0,0.99,0.0
3511,MQTT_Publish,MQTT_Publish,0.0,0.0,0.0,1.0,0.0,0.0,0.0,0.0,0.0,0.0,0.0
3512,ARP_poisioning,ARP_poisioning,1.0,0.0,0.0,0.0,0.0,0.0,0.0,0.0,0.0,0.0,0.0
3513,Thing_Speak,Thing_Speak,0.0,0.0,0.0,0.0,0.0,0.0,0.0,0.0,0.0,1.0,0.0
3514,MQTT_Publish,MQTT_Publish,0.0,0.0,0.0,1.0,0.0,0.0,0.0,0.0,0.0,0.0,0.0
3515,Thing_Speak,Thing_Speak,0.0,0.0,0.0,0.0,0.0,0.0,0.0,0.0,0.0,1.0,0.0
3516,Thing_Speak,Thing_Speak,0.0,0.0,0.0,0.0,0.0,0.0,0.0,0.0,0.0,1.0,0.0
3517,ARP_poisioning,ARP_poisioning,0.9957652923740231,0.0,0.0,0.0,0.0,0.0,0.0,0.0,0.0,0.004234707625976825,0.0
3518,Thing_Speak,Thing_Speak,0.0,0.0,0.0,0.0,0.0,0.0,0.0,0.009679444070836136,0.0,0.9903205559291639,0.0
3519,MQTT_Publish,MQTT_Publish,0.0,0.0,0.0,1.0,0.0,0.0,0.0,0.0,0.0,0.0,0.0
3520,ARP_poisioning,ARP_poisioning,0.8316584320018877,0.0,0.0,0.0,0.0,0.0,0.0,0.018790181389414556,0.0,0.14955138660869793,0.0
3521,DDOS_Slowloris,DDOS_Slowloris,0.0008775395033860045,0.999122460496614,0.0,0.0,0.0,0.0,0.0,0.0,0.0,0.0,0.0
3522,Wipro_bulb,Wipro_bulb,0.0,0.0,0.0,0.0,0.0,0.0,0.0,0.0,0.0,0.01,0.99
3523,Thing_Speak,Thing_Speak,0.0,0.0,0.0,0.0,0.0,0.0,0.0,0.0,0.0,1.0,0.0
3524,ARP_poisioning,ARP_poisioning,1.0,0.0,0.0,0.0,0.0,0.0,0.0,0.0,0.0,0.0,0.0
3525,MQTT_Publish,MQTT_Publish,0.0,0.0,0.0,1.0,0.0,0.0,0.0,0.0,0.0,0.0,0.0
3526,Thing_Speak,Thing_Speak,0.0,0.0,0.0,0.0,0.0,0.0,0.0,0.0,0.0,1.0,0.0
3527,ARP_poisioning,ARP_poisioning,1.0,0.0,0.0,0.0,0.0,0.0,0.0,0.0,0.0,0.0,0.0
3528,ARP_poisioning,ARP_poisioning,0.98,0.0,0.0,0.0,0.01,0.0,0.0,0.0,0.0,0.00011333914559721012,0.00988666085440279
3529,Wipro_bulb,Wipro_bulb,0.0004960677555958862,0.0,0.0,0.0,0.0,0.0,0.0,0.0,0.0,0.0,0.999503932244404
3530,ARP_poisioning,ARP_poisioning,1.0,0.0,0.0,0.0,0.0,0.0,0.0,0.0,0.0,0.0,0.0
3531,Thing_Speak,Thing_Speak,0.0,0.0,0.0,0.0,0.0,0.0,0.0,0.0,0.0,1.0,0.0
3532,Thing_Speak,Thing_Speak,0.0,0.0,0.0,0.0,0.0,0.0,0.0,0.0,0.0,1.0,0.0
3533,Wipro_bulb,Wipro_bulb,0.02,0.017861138532411978,0.0,0.012395889580037822,0.0,0.0,0.0,0.0,0.0,0.02,0.9297429718875502
3534,DDOS_Slowloris,DDOS_Slowloris,0.0,1.0,0.0,0.0,0.0,0.0,0.0,0.0,0.0,0.0,0.0
3535,MQTT_Publish,MQTT_Publish,0.0,0.0,0.0,1.0,0.0,0.0,0.0,0.0,0.0,0.0,0.0
3536,DDOS_Slowloris,NMAP_UDP_SCAN,1.0322104921765483e-05,0.19859680197719023,0.0,0.0,0.0,0.0,0.0,0.800982312733807,0.0,0.0,0.00041056318408096685
3537,Thing_Speak,Thing_Speak,0.0,0.0,0.0,0.0,0.0,0.0,0.0,0.0,0.0,1.0,0.0
3538,MQTT_Publish,MQTT_Publish,0.0,0.0,0.0,1.0,0.0,0.0,0.0,0.0,0.0,0.0,0.0
3539,ARP_poisioning,ARP_poisioning,1.0,0.0,0.0,0.0,0.0,0.0,0.0,0.0,0.0,0.0,0.0
3540,MQTT_Publish,MQTT_Publish,0.0,0.0,0.0,1.0,0.0,0.0,0.0,0.0,0.0,0.0,0.0
3541,ARP_poisioning,ARP_poisioning,1.0,0.0,0.0,0.0,0.0,0.0,0.0,0.0,0.0,0.0,0.0
3542,ARP_poisioning,ARP_poisioning,1.0,0.0,0.0,0.0,0.0,0.0,0.0,0.0,0.0,0.0,0.0
3543,Thing_Speak,Thing_Speak,0.0,0.0,0.0,0.0,0.0,0.0,0.0,0.0,0.0,1.0,0.0
3544,ARP_poisioning,ARP_poisioning,0.9961146656630285,0.0,0.0,0.0038853343369715217,0.0,0.0,0.0,0.0,0.0,0.0,0.0
3545,ARP_poisioning,ARP_poisioning,0.9831199560397146,0.0,0.0,0.0,0.0,0.0,0.0,0.0,0.0,0.016880043960285453,0.0
3546,Thing_Speak,Thing_Speak,0.0,0.0,0.0,0.0,0.0,0.0,0.0,0.0,0.0,1.0,0.0
3547,Thing_Speak,Thing_Speak,0.0,0.0,0.0,0.0,0.0,0.0,0.0,0.0,0.0,1.0,0.0
3548,Thing_Speak,Thing_Speak,0.0,0.0,0.0,0.0,0.0,0.0,0.0,0.0,0.0,1.0,0.0
3549,NMAP_XMAS_TREE_SCAN,NMAP_XMAS_TREE_SCAN,0.008662729437003532,0.0,0.0,0.011939279796750352,0.0,0.06068426031599175,0.010304209417871002,0.0002746408124414594,0.9045845031628497,3.4163212055015705e-06,0.0035469607358868315
3550,Wipro_bulb,Wipro_bulb,0.2972946519002624,0.008972818311874105,0.0,0.06023063127375833,0.0,0.044897700123865195,0.03793242023744559,0.022804821768278853,0.01916800615131057,0.09351113650273363,0.41518781373047153
3551,DDOS_Slowloris,DDOS_Slowloris,0.011816369906795153,0.988183630093205,0.0,0.0,0.0,0.0,0.0,0.0,0.0,0.0,0.0
3552,Thing_Speak,Thing_Speak,0.0,0.0,0.0,0.0,0.0,0.0,0.0,0.0,0.0,1.0,0.0
3553,ARP_poisioning,ARP_poisioning,1.0,0.0,0.0,0.0,0.0,0.0,0.0,0.0,0.0,0.0,0.0
3554,MQTT_Publish,MQTT_Publish,0.0,0.0,0.0,1.0,0.0,0.0,0.0,0.0,0.0,0.0,0.0
3555,Thing_Speak,Thing_Speak,0.15722738873007258,0.12049938221200529,0.0,0.04926329912973695,0.0,0.0,0.029902302861130495,0.10530519117320492,0.0,0.36814730823378483,0.16965512766006505
3556,Thing_Speak,Thing_Speak,0.0,0.0,0.0,0.0,0.0,0.0,0.0,0.0,0.0,1.0,0.0
3557,ARP_poisioning,ARP_poisioning,1.0,0.0,0.0,0.0,0.0,0.0,0.0,0.0,0.0,0.0,0.0
3558,ARP_poisioning,ARP_poisioning,0.9901815286624204,0.0,0.0,0.0,0.0,0.0,0.0,0.0,0.009818471337579618,0.0,0.0
3559,Thing_Speak,Thing_Speak,0.0,0.0,0.0,0.0,0.0,0.0,0.0,0.0,0.0,1.0,0.0
3560,NMAP_OS_DETECTION,NMAP_OS_DETECTION,0.00011047923194980878,1.6187824150449924e-05,0.0,5.143647108764594e-05,0.0,0.9024951146839787,0.018726165647629075,0.0002746408124414594,0.07751854525192887,3.4163212055015705e-06,0.0008040137556287519
3561,Thing_Speak,Thing_Speak,0.0,0.0,0.0,0.0,0.0,0.0,0.0,0.0,0.0,1.0,0.0
3562,Thing_Speak,Thing_Speak,0.0,0.0,0.0,0.0,0.0,0.0,0.0,0.0,0.0,1.0,0.0
3563,MQTT_Publish,MQTT_Publish,0.0,0.0,0.0,1.0,0.0,0.0,0.0,0.0,0.0,0.0,0.0
3564,Thing_Speak,Thing_Speak,0.0,0.0,0.0,0.0,0.0,0.0,0.0,0.0,0.0,1.0,0.0
3565,ARP_poisioning,ARP_poisioning,0.9807221071322877,0.0,0.0,0.0,0.0,0.0,0.0,0.00927789286771234,0.0,0.01,0.0
3566,ARP_poisioning,ARP_poisioning,1.0,0.0,0.0,0.0,0.0,0.0,0.0,0.0,0.0,0.0,0.0
3567,MQTT_Publish,MQTT_Publish,0.0,0.0,0.0,1.0,0.0,0.0,0.0,0.0,0.0,0.0,0.0
3568,ARP_poisioning,ARP_poisioning,0.9801857783472133,0.0,0.0,0.0,0.0,0.0,0.0,0.009814221652786675,0.0,0.01,0.0
3569,MQTT_Publish,MQTT_Publish,0.0,0.0,0.0,1.0,0.0,0.0,0.0,0.0,0.0,0.0,0.0
3570,Thing_Speak,Thing_Speak,0.0,0.0,0.0,0.0,0.0,0.0,0.0,0.0,0.0,1.0,0.0
3571,Thing_Speak,Thing_Speak,0.0,0.0,0.0,0.0,0.0,0.0,0.0,0.0,0.0,1.0,0.0
3572,MQTT_Publish,MQTT_Publish,0.0,0.0,0.0,1.0,0.0,0.0,0.0,0.0,0.0,0.0,0.0
3573,ARP_poisioning,ARP_poisioning,1.0,0.0,0.0,0.0,0.0,0.0,0.0,0.0,0.0,0.0,0.0
3574,ARP_poisioning,ARP_poisioning,1.0,0.0,0.0,0.0,0.0,0.0,0.0,0.0,0.0,0.0,0.0
3575,Thing_Speak,Thing_Speak,0.015239949603610903,0.0,0.0,0.0,0.0,0.0,0.0,0.0,0.0,0.9847600503963893,0.0
3576,MQTT_Publish,MQTT_Publish,0.0,0.0,0.0,1.0,0.0,0.0,0.0,0.0,0.0,0.0,0.0
3577,ARP_poisioning,ARP_poisioning,1.0,0.0,0.0,0.0,0.0,0.0,0.0,0.0,0.0,0.0,0.0
3578,ARP_poisioning,ARP_poisioning,1.0,0.0,0.0,0.0,0.0,0.0,0.0,0.0,0.0,0.0,0.0
3579,ARP_poisioning,ARP_poisioning,1.0,0.0,0.0,0.0,0.0,0.0,0.0,0.0,0.0,0.0,0.0
3580,Thing_Speak,Thing_Speak,0.0,0.0,0.0,0.0,0.0,0.0,0.0,0.0,0.0,1.0,0.0
3581,Thing_Speak,Thing_Speak,0.0,0.0,0.0,0.0,0.0,0.0,0.0,0.0,0.0,1.0,0.0
3582,ARP_poisioning,ARP_poisioning,1.0,0.0,0.0,0.0,0.0,0.0,0.0,0.0,0.0,0.0,0.0
3583,ARP_poisioning,ARP_poisioning,0.6509477415213115,0.0,0.0,0.0,0.0,0.0,0.0,0.009791555886419228,0.0,0.3392607025922693,0.0
3584,ARP_poisioning,ARP_poisioning,1.0,0.0,0.0,0.0,0.0,0.0,0.0,0.0,0.0,0.0,0.0
3585,Thing_Speak,Thing_Speak,0.0,0.0,0.0,0.0,0.0,0.0,0.0,0.0,0.0,1.0,0.0
3586,MQTT_Publish,MQTT_Publish,0.0,0.0,0.0,1.0,0.0,0.0,0.0,0.0,0.0,0.0,0.0
3587,ARP_poisioning,ARP_poisioning,1.0,0.0,0.0,0.0,0.0,0.0,0.0,0.0,0.0,0.0,0.0
3588,MQTT_Publish,MQTT_Publish,0.0,0.0,0.0,1.0,0.0,0.0,0.0,0.0,0.0,0.0,0.0
3589,Thing_Speak,Thing_Speak,0.0,0.0,0.0,0.0,0.0,0.0,0.0,0.0,0.0,1.0,0.0
3590,ARP_poisioning,ARP_poisioning,1.0,0.0,0.0,0.0,0.0,0.0,0.0,0.0,0.0,0.0,0.0
3591,ARP_poisioning,ARP_poisioning,1.0,0.0,0.0,0.0,0.0,0.0,0.0,0.0,0.0,0.0,0.0
3592,Thing_Speak,Thing_Speak,0.0,0.0,0.0,0.0,0.0,0.0,0.0,0.0,0.0,1.0,0.0
3593,ARP_poisioning,ARP_poisioning,0.9914475184595932,0.0,0.0,0.0,0.0,0.0,0.0,0.0,0.0,0.00855248154040671,0.0
3594,Thing_Speak,Thing_Speak,0.01923230682033678,0.0,0.009923794712286159,0.0,0.0,0.0,0.0,0.008731047630161977,0.00950361010830325,0.8769207449534079,0.07568849577550363
3595,Wipro_bulb,Wipro_bulb,0.0,0.0,0.0,0.0,0.0,0.0,0.0,0.0,0.0,0.0,1.0
3596,MQTT_Publish,MQTT_Publish,0.0,0.0,0.0,1.0,0.0,0.0,0.0,0.0,0.0,0.0,0.0
3597,ARP_poisioning,ARP_poisioning,0.9840164090822363,0.0,0.0,0.0,0.0,0.0,0.0,0.0,0.0,0.015983590917763784,0.0
3598,Thing_Speak,Thing_Speak,0.0,0.0,0.0,0.0,0.0,0.0,0.0,0.0,0.0,1.0,0.0
3599,Thing_Speak,Thing_Speak,0.0,0.0,0.0,0.0,0.0,0.0,0.0,0.0,0.0,1.0,0.0
3600,ARP_poisioning,ARP_poisioning,1.0,0.0,0.0,0.0,0.0,0.0,0.0,0.0,0.0,0.0,0.0
3601,ARP_poisioning,ARP_poisioning,1.0,0.0,0.0,0.0,0.0,0.0,0.0,0.0,0.0,0.0,0.0
3602,Thing_Speak,Thing_Speak,0.0,0.0,0.0,0.0,0.0,0.0,0.0,0.0,0.0,1.0,0.0
3603,MQTT_Publish,MQTT_Publish,0.0,0.0,0.0,1.0,0.0,0.0,0.0,0.0,0.0,0.0,0.0
3604,Thing_Speak,Thing_Speak,0.0,0.0,0.0,0.0,0.0,0.0,0.0,0.0,0.0,1.0,0.0
3605,ARP_poisioning,ARP_poisioning,0.7748949268256302,0.009118155619596542,0.0,0.0,0.0,0.0,0.0,0.0,0.0,0.21598691755477326,0.0
3606,Thing_Speak,Thing_Speak,0.0,0.0,0.0,0.0,0.0,0.0,0.0,0.0,0.0,1.0,0.0
3607,Thing_Speak,Thing_Speak,0.08872217213032321,0.00905774202815283,0.0,0.020071668425872838,0.0,0.0,0.0,0.00941008144397975,0.0,0.8727383359716714,0.0
3608,Thing_Speak,Thing_Speak,0.0,0.0,0.0,0.0,0.0,0.0,0.0,0.0,0.0,1.0,0.0
3609,Thing_Speak,Thing_Speak,0.0,0.0,0.0,0.0,0.0,0.0,0.0,0.0,0.0,1.0,0.0
3610,MQTT_Publish,MQTT_Publish,0.0,0.0,0.0,1.0,0.0,0.0,0.0,0.0,0.0,0.0,0.0
3611,ARP_poisioning,ARP_poisioning,1.0,0.0,0.0,0.0,0.0,0.0,0.0,0.0,0.0,0.0,0.0
3612,ARP_poisioning,ARP_poisioning,1.0,0.0,0.0,0.0,0.0,0.0,0.0,0.0,0.0,0.0,0.0
3613,Thing_Speak,Thing_Speak,0.0,0.0,0.0,0.0,0.0,0.0,0.0,0.0,0.0,1.0,0.0
3614,Thing_Speak,Thing_Speak,0.0,0.0,0.0,0.0,0.0,0.0,0.0,0.0,0.0,1.0,0.0
3615,ARP_poisioning,ARP_poisioning,0.9825796140641648,0.0,0.0,0.0,0.0,0.0,0.0,0.0,0.0,0.017420385935835208,0.0
3616,Thing_Speak,Thing_Speak,0.0,0.0,0.0,0.0,0.0,0.0,0.0,0.0,0.0,1.0,0.0
3617,Thing_Speak,Thing_Speak,0.0,0.0,0.0,0.0,0.0,0.0,0.0,0.0,0.0,1.0,0.0
3618,ARP_poisioning,ARP_poisioning,1.0,0.0,0.0,0.0,0.0,0.0,0.0,0.0,0.0,0.0,0.0
3619,ARP_poisioning,ARP_poisioning,0.9830473418972866,0.0,0.0,0.0,0.0,0.0,0.0,0.0,0.0,0.016952658102713257,0.0
3620,ARP_poisioning,ARP_poisioning,1.0,0.0,0.0,0.0,0.0,0.0,0.0,0.0,0.0,0.0,0.0
3621,ARP_poisioning,ARP_poisioning,1.0,0.0,0.0,0.0,0.0,0.0,0.0,0.0,0.0,0.0,0.0
3622,MQTT_Publish,MQTT_Publish,0.0,0.0,0.0,1.0,0.0,0.0,0.0,0.0,0.0,0.0,0.0
3623,Thing_Speak,Thing_Speak,0.012589312428939023,0.0,0.0,0.0,0.0,0.0,0.0,0.0,0.0,0.9874106875710609,0.0
3624,MQTT_Publish,MQTT_Publish,0.0,0.0,0.0,1.0,0.0,0.0,0.0,0.0,0.0,0.0,0.0
3625,MQTT_Publish,MQTT_Publish,0.0,0.0,0.0,1.0,0.0,0.0,0.0,0.0,0.0,0.0,0.0
3626,Thing_Speak,Thing_Speak,0.0,0.0,0.0,0.0,0.0,0.0,0.0,0.0,0.0,1.0,0.0
3627,MQTT_Publish,MQTT_Publish,0.0,0.0,0.0,1.0,0.0,0.0,0.0,0.0,0.0,0.0,0.0
3628,Thing_Speak,Thing_Speak,0.0,0.0,0.0,0.0,0.0,0.0,0.0,0.0,0.0,1.0,0.0
3629,Thing_Speak,Thing_Speak,0.0,0.0,0.0,0.0,0.0,0.0,0.0,0.0,0.0,1.0,0.0
3630,MQTT_Publish,MQTT_Publish,0.0,0.0,0.0,1.0,0.0,0.0,0.0,0.0,0.0,0.0,0.0
3631,Thing_Speak,Thing_Speak,0.0,0.0,0.0,0.0,0.0,0.0,0.0,0.0,0.0,1.0,0.0
3632,NMAP_XMAS_TREE_SCAN,NMAP_XMAS_TREE_SCAN,1.298479431248428e-05,0.0,0.0,4.75897649868369e-05,0.0,0.08659953658215422,0.001390912842513492,0.0002746408124414594,0.9109276964642562,3.4163212055015705e-06,0.0007432224181298227
3633,MQTT_Publish,MQTT_Publish,0.0,0.0,0.0,1.0,0.0,0.0,0.0,0.0,0.0,0.0,0.0
3634,MQTT_Publish,MQTT_Publish,0.0,0.0,0.0,1.0,0.0,0.0,0.0,0.0,0.0,0.0,0.0
3635,MQTT_Publish,MQTT_Publish,0.0,0.0,0.0,1.0,0.0,0.0,0.0,0.0,0.0,0.0,0.0
3636,ARP_poisioning,ARP_poisioning,1.0,0.0,0.0,0.0,0.0,0.0,0.0,0.0,0.0,0.0,0.0
3637,MQTT_Publish,MQTT_Publish,0.0,0.0,0.0,1.0,0.0,0.0,0.0,0.0,0.0,0.0,0.0
3638,ARP_poisioning,ARP_poisioning,0.990862812769629,0.0,0.0,0.0,0.0,0.0,0.0,0.009137187230371008,0.0,0.0,0.0
3639,Thing_Speak,Thing_Speak,0.0,0.0,0.0,0.0,0.0,0.0,0.0,0.0,0.0,1.0,0.0
3640,Thing_Speak,Thing_Speak,0.0,0.0,0.0,0.0,0.0,0.0,0.0,0.0,0.0,1.0,0.0
3641,ARP_poisioning,ARP_poisioning,0.9611637478480705,0.0,0.0,0.0,0.0,0.0,0.0,0.009719227313566937,0.0,0.029117024838362537,0.0
3642,MQTT_Publish,MQTT_Publish,0.0,0.0,0.0,1.0,0.0,0.0,0.0,0.0,0.0,0.0,0.0
3643,Thing_Speak,Thing_Speak,0.0,0.0,0.0,0.0,0.0,0.0,0.0,0.0,0.0,1.0,0.0
3644,Thing_Speak,Thing_Speak,0.0,0.0,0.0,0.0,0.0,0.0,0.0,0.0,0.0,1.0,0.0
3645,ARP_poisioning,ARP_poisioning,1.0,0.0,0.0,0.0,0.0,0.0,0.0,0.0,0.0,0.0,0.0
3646,ARP_poisioning,ARP_poisioning,1.0,0.0,0.0,0.0,0.0,0.0,0.0,0.0,0.0,0.0,0.0
3647,ARP_poisioning,ARP_poisioning,1.0,0.0,0.0,0.0,0.0,0.0,0.0,0.0,0.0,0.0,0.0
3648,ARP_poisioning,ARP_poisioning,1.0,0.0,0.0,0.0,0.0,0.0,0.0,0.0,0.0,0.0,0.0
3649,ARP_poisioning,ARP_poisioning,1.0,0.0,0.0,0.0,0.0,0.0,0.0,0.0,0.0,0.0,0.0
3650,ARP_poisioning,ARP_poisioning,1.0,0.0,0.0,0.0,0.0,0.0,0.0,0.0,0.0,0.0,0.0
3651,Thing_Speak,Thing_Speak,0.0,0.0,0.0,0.0,0.0,0.0,0.0,0.0,0.0,1.0,0.0
3652,ARP_poisioning,ARP_poisioning,0.9904418394950406,0.0,0.0,0.0,0.0,0.0,0.0,0.0,0.0,0.0,0.009558160504959423
3653,Thing_Speak,Thing_Speak,0.0,0.0,0.0,0.0,0.0,0.0,0.0,0.0,0.0,1.0,0.0
3654,Thing_Speak,Thing_Speak,0.0,0.0,0.0,0.0,0.0,0.0,0.0,0.0,0.0,1.0,0.0
3655,Thing_Speak,Thing_Speak,0.0,0.0,0.0,0.0,0.0,0.0,0.0,0.0,0.0,1.0,0.0
3656,ARP_poisioning,ARP_poisioning,1.0,0.0,0.0,0.0,0.0,0.0,0.0,0.0,0.0,0.0,0.0
3657,ARP_poisioning,ARP_poisioning,1.0,0.0,0.0,0.0,0.0,0.0,0.0,0.0,0.0,0.0,0.0
3658,Thing_Speak,Thing_Speak,0.0,0.0,0.0,0.0,0.0,0.0,0.0,0.0,0.0,1.0,0.0
3659,Thing_Speak,Thing_Speak,0.0,0.0,0.0,0.0,0.0,0.0,0.0,0.0,0.0,1.0,0.0
3660,MQTT_Publish,MQTT_Publish,0.0,0.0,0.0,1.0,0.0,0.0,0.0,0.0,0.0,0.0,0.0
3661,Thing_Speak,Thing_Speak,0.0,0.0,0.0,0.0,0.0,0.0,0.0,0.0,0.0,1.0,0.0
3662,Thing_Speak,Thing_Speak,0.0040929965556831234,0.0,0.0,0.0,0.0,0.0,0.0,0.0,0.0,0.9959070034443169,0.0
3663,Thing_Speak,Thing_Speak,0.0,0.0,0.0,0.0,0.0,0.0,0.0,0.0,0.0,1.0,0.0
3664,Thing_Speak,Thing_Speak,0.0,0.0,0.0,0.0,0.0,0.0,0.0,0.0,0.0,1.0,0.0
3665,MQTT_Publish,MQTT_Publish,0.0,0.0,0.0,1.0,0.0,0.0,0.0,0.0,0.0,0.0,0.0
3666,ARP_poisioning,ARP_poisioning,0.959137259898258,0.019530241632898092,0.0,0.0,0.0,0.0,0.0,0.0,0.0,0.02133249846884381,0.0
3667,Thing_Speak,Thing_Speak,0.0,0.0,0.0,0.0,0.0,0.0,0.0,0.0,0.0,1.0,0.0
3668,DDOS_Slowloris,ARP_poisioning,0.8306118139299815,0.1440516244115237,0.0,0.0,0.0,0.0,0.0,0.0,0.0,0.007676313034272301,0.017660248624222587
3669,ARP_poisioning,ARP_poisioning,0.9362915041520921,0.0,0.0,0.0,0.0,0.0,0.0,0.0,0.0,0.06370849584790776,0.0
3670,MQTT_Publish,MQTT_Publish,0.0,0.0,0.0,1.0,0.0,0.0,0.0,0.0,0.0,0.0,0.0
3671,ARP_poisioning,ARP_poisioning,1.0,0.0,0.0,0.0,0.0,0.0,0.0,0.0,0.0,0.0,0.0
3672,ARP_poisioning,ARP_poisioning,0.9788555745109204,0.0,0.0,0.0,0.0,0.0,0.0,0.0,0.0,0.021144425489079674,0.0
3673,MQTT_Publish,MQTT_Publish,0.0,0.0,0.0,1.0,0.0,0.0,0.0,0.0,0.0,0.0,0.0
3674,MQTT_Publish,MQTT_Publish,0.0,0.0,0.0,1.0,0.0,0.0,0.0,0.0,0.0,0.0,0.0
3675,Thing_Speak,Thing_Speak,0.0,0.0,0.0,0.0,0.0,0.0,0.0,0.0,0.0,1.0,0.0
3676,Thing_Speak,Thing_Speak,0.0,0.0,0.0,0.0,0.0,0.0,0.0,0.0,0.0,1.0,0.0
3677,ARP_poisioning,ARP_poisioning,0.9743808212738639,0.0,0.0,0.0,0.0,0.0,0.0,0.0,0.0,0.025619178726135994,0.0
3678,ARP_poisioning,ARP_poisioning,1.0,0.0,0.0,0.0,0.0,0.0,0.0,0.0,0.0,0.0,0.0
3679,ARP_poisioning,ARP_poisioning,1.0,0.0,0.0,0.0,0.0,0.0,0.0,0.0,0.0,0.0,0.0
3680,MQTT_Publish,MQTT_Publish,0.0,0.0,0.0,1.0,0.0,0.0,0.0,0.0,0.0,0.0,0.0
3681,MQTT_Publish,MQTT_Publish,0.0,0.0,0.0,1.0,0.0,0.0,0.0,0.0,0.0,0.0,0.0
3682,Thing_Speak,Thing_Speak,0.0,0.0,0.0,0.0,0.0,0.0,0.0,0.0,0.0,1.0,0.0
3683,DDOS_Slowloris,DDOS_Slowloris,0.0,1.0,0.0,0.0,0.0,0.0,0.0,0.0,0.0,0.0,0.0
3684,Thing_Speak,Thing_Speak,0.0,0.0,0.0,0.0,0.0,0.0,0.0,0.0,0.0,1.0,0.0
3685,Thing_Speak,Thing_Speak,0.0,0.0,0.0,0.0,0.0,0.0,0.0,0.0,0.0,1.0,0.0
3686,Thing_Speak,Thing_Speak,0.0,0.0,0.0,0.0,0.0,0.0,0.0,0.0,0.0,1.0,0.0
3687,MQTT_Publish,MQTT_Publish,0.0,0.0,0.0,1.0,0.0,0.0,0.0,0.0,0.0,0.0,0.0
3688,Thing_Speak,Thing_Speak,0.0,0.0,0.0,0.0,0.0,0.0,0.0,0.0,0.0,1.0,0.0
3689,NMAP_UDP_SCAN,NMAP_UDP_SCAN,1.0322104921765483e-05,0.16669728661628533,0.0,0.0,0.0,0.0,0.0,0.8328710059940184,0.0,1.0822100693472182e-05,0.00041056318408096685
3690,MQTT_Publish,MQTT_Publish,0.0,0.0,0.0,1.0,0.0,0.0,0.0,0.0,0.0,0.0,0.0
3691,ARP_poisioning,ARP_poisioning,0.9782191449418476,0.0,0.0,0.0,0.0,0.0,0.0,0.0,0.0,0.02178085505815245,0.0
3692,ARP_poisioning,ARP_poisioning,0.955127223451034,0.0,0.0,0.0,0.0,0.0,0.0,0.0,0.0,0.04487277654896606,0.0
3693,ARP_poisioning,ARP_poisioning,0.9976913232659329,0.0,0.0,0.0,0.0,0.0,0.0,0.0,0.0,0.002308676734067059,0.0
3694,Thing_Speak,Thing_Speak,0.0,0.0,0.0,0.0,0.0,0.0,0.0,0.0,0.0,1.0,0.0
3695,MQTT_Publish,MQTT_Publish,0.0,0.0,0.0,1.0,0.0,0.0,0.0,0.0,0.0,0.0,0.0
3696,Thing_Speak,Thing_Speak,0.0,0.0,0.0,0.0,0.0,0.0,0.0,0.0,0.0,1.0,0.0
3697,MQTT_Publish,MQTT_Publish,0.0,0.0,0.0,1.0,0.0,0.0,0.0,0.0,0.0,0.0,0.0
3698,MQTT_Publish,MQTT_Publish,0.0,0.0,0.0,1.0,0.0,0.0,0.0,0.0,0.0,0.0,0.0
3699,Thing_Speak,Thing_Speak,0.0,0.0,0.0,0.0,0.0,0.0,0.0,0.0,0.0,1.0,0.0
3700,Thing_Speak,Thing_Speak,0.0,0.0,0.0,0.0,0.0,0.0,0.0,0.0,0.0,1.0,0.0
3701,Thing_Speak,Thing_Speak,0.0,0.0,0.0,0.0,0.0,0.0,0.0,0.0,0.0,1.0,0.0
3702,ARP_poisioning,ARP_poisioning,0.9738551566616664,0.0,0.0,0.0,0.0,0.0,0.0,0.0,0.0,0.026144843338333577,0.0
3703,Thing_Speak,Thing_Speak,0.0,0.0,0.0,0.0,0.0,0.0,0.0,0.0,0.0,1.0,0.0
3704,ARP_poisioning,ARP_poisioning,1.0,0.0,0.0,0.0,0.0,0.0,0.0,0.0,0.0,0.0,0.0
3705,Thing_Speak,Thing_Speak,0.0,0.0,0.0,0.0,0.0,0.0,0.0,0.0,0.0,1.0,0.0
3706,ARP_poisioning,ARP_poisioning,1.0,0.0,0.0,0.0,0.0,0.0,0.0,0.0,0.0,0.0,0.0
3707,Thing_Speak,Thing_Speak,0.0,0.0,0.0,0.0,0.0,0.0,0.0,0.0,0.0,1.0,0.0
3708,MQTT_Publish,MQTT_Publish,0.0,0.0,0.0,1.0,0.0,0.0,0.0,0.0,0.0,0.0,0.0
3709,Thing_Speak,Thing_Speak,0.0,0.0,0.0,0.0,0.0,0.0,0.0,0.0,0.0,1.0,0.0
3710,Thing_Speak,Thing_Speak,0.0,0.0,0.0,0.0,0.0,0.0,0.0,0.0,0.0,1.0,0.0
3711,Thing_Speak,Thing_Speak,0.0,0.0,0.0,0.0,0.0,0.0,0.0,0.0,0.0,1.0,0.0
3712,MQTT_Publish,MQTT_Publish,0.0,0.0,0.0,1.0,0.0,0.0,0.0,0.0,0.0,0.0,0.0
3713,Thing_Speak,Thing_Speak,0.0,0.0,0.0,0.0,0.0,0.0,0.0,0.0,0.0,1.0,0.0
3714,ARP_poisioning,ARP_poisioning,1.0,0.0,0.0,0.0,0.0,0.0,0.0,0.0,0.0,0.0,0.0
3715,Thing_Speak,Thing_Speak,0.01,0.0,0.0,0.0,0.0,0.0,0.0,0.0,0.0,0.99,0.0
3716,ARP_poisioning,ARP_poisioning,0.9918878812885018,0.0,0.0,0.0,0.0,0.0,0.0,0.0,0.0,0.008112118711498329,0.0
3717,ARP_poisioning,ARP_poisioning,1.0,0.0,0.0,0.0,0.0,0.0,0.0,0.0,0.0,0.0,0.0
3718,Thing_Speak,Thing_Speak,0.0,0.0,0.0,0.0,0.0,0.0,0.0,0.0,0.0,1.0,0.0
3719,ARP_poisioning,ARP_poisioning,0.9846183164794077,0.0,0.0,0.0,0.0,0.0,0.0,0.0,0.0,0.015381683520592285,0.0
3720,ARP_poisioning,ARP_poisioning,1.0,0.0,0.0,0.0,0.0,0.0,0.0,0.0,0.0,0.0,0.0
3721,MQTT_Publish,MQTT_Publish,0.0,0.0,0.0,1.0,0.0,0.0,0.0,0.0,0.0,0.0,0.0
3722,Thing_Speak,Thing_Speak,0.0,0.0,0.0,0.0,0.0,0.0,0.0,0.0,0.0,1.0,0.0
3723,Thing_Speak,Thing_Speak,0.0,0.0,0.0,0.0,0.0,0.0,0.0,0.0,0.0,1.0,0.0
3724,Thing_Speak,Thing_Speak,0.03818495339065249,0.0,0.0,0.0,0.0,0.0,0.0,0.009723175474719745,0.0,0.9520918711346278,0.0
3725,Thing_Speak,Thing_Speak,0.2290898697404723,0.0,0.0,0.0,0.009860016090104584,0.0,0.0,0.0,0.0,0.7610501141694234,0.0
3726,Thing_Speak,Thing_Speak,0.0,0.0,0.0,0.0,0.0,0.0,0.0,0.0,0.0,1.0,0.0
3727,ARP_poisioning,ARP_poisioning,1.0,0.0,0.0,0.0,0.0,0.0,0.0,0.0,0.0,0.0,0.0
3728,Thing_Speak,Thing_Speak,0.0,0.0,0.0,0.0,0.0,0.0,0.0,0.0,0.0,1.0,0.0
3729,Thing_Speak,Thing_Speak,0.2577067819343903,0.0,0.0,0.03249221534020339,0.0,0.0,0.0,0.0,0.0,0.6711256581152086,0.03867534461019774
3730,MQTT_Publish,MQTT_Publish,0.0,0.0,0.0,1.0,0.0,0.0,0.0,0.0,0.0,0.0,0.0
3731,Thing_Speak,Thing_Speak,0.0,0.0,0.0,0.0,0.0,0.0,0.0,0.0,0.0,1.0,0.0
3732,ARP_poisioning,ARP_poisioning,0.9939216424938784,0.0,0.0,0.0,0.0,0.0,0.0,0.0,0.0,0.00607835750612168,0.0
3733,ARP_poisioning,ARP_poisioning,1.0,0.0,0.0,0.0,0.0,0.0,0.0,0.0,0.0,0.0,0.0
3734,MQTT_Publish,MQTT_Publish,0.0,0.0,0.0,1.0,0.0,0.0,0.0,0.0,0.0,0.0,0.0
3735,ARP_poisioning,ARP_poisioning,0.9906034868126956,0.0,0.0,0.0,0.0,0.0,0.0,0.009396513187304426,0.0,0.0,0.0
3736,NMAP_OS_DETECTION,NMAP_OS_DETECTION,9.431154420915635e-05,1.6187824150449924e-05,0.0,7.012180632193017e-05,0.0,0.8891907317240149,0.015821416056250925,0.0002746408124414594,0.09351867690618032,3.4163212055015705e-06,0.0010104970052255185
3737,Thing_Speak,Thing_Speak,0.0,0.0,0.0,0.0,0.0,0.0,0.0,0.0,0.0,1.0,0.0
3738,Thing_Speak,Thing_Speak,0.0,0.0,0.0,0.0,0.0,0.0,0.0,0.0,0.0,1.0,0.0
3739,ARP_poisioning,ARP_poisioning,0.9973259574468085,0.0,0.0,0.0,0.0,0.0,0.0,0.0,0.0,0.002674042553191489,0.0
3740,MQTT_Publish,MQTT_Publish,0.0,0.0,0.0,1.0,0.0,0.0,0.0,0.0,0.0,0.0,0.0
3741,Thing_Speak,Thing_Speak,0.0,0.0,0.0,0.0,0.0,0.0,0.0,0.0,0.0,1.0,0.0
3742,Thing_Speak,Thing_Speak,0.0,0.0,0.0,0.0,0.0,0.0,0.0,0.0,0.0,1.0,0.0
3743,MQTT_Publish,MQTT_Publish,0.0,0.0,0.0,1.0,0.0,0.0,0.0,0.0,0.0,0.0,0.0
3744,MQTT_Publish,MQTT_Publish,0.0,0.0,0.0,1.0,0.0,0.0,0.0,0.0,0.0,0.0,0.0
3745,Thing_Speak,Thing_Speak,0.0,0.0,0.0,0.0,0.0,0.0,0.0,0.0,0.0,1.0,0.0
3746,ARP_poisioning,ARP_poisioning,0.8745170735468979,0.0,0.0,0.007178251892635925,0.0,0.0,0.0,0.0,0.0,0.0892813767674674,0.029023297792998774
3747,ARP_poisioning,ARP_poisioning,0.995746135959513,0.0,0.0,0.0,0.0,0.0,0.0,0.0,0.0,0.004253864040486937,0.0
3748,ARP_poisioning,ARP_poisioning,0.6901522420018061,0.009105786090005844,0.0,0.0,0.0,0.0,0.0,0.22134793584847326,0.0,0.06960762646024868,0.009786409599466018
3749,MQTT_Publish,MQTT_Publish,0.0,0.0,0.0,1.0,0.0,0.0,0.0,0.0,0.0,0.0,0.0
3750,Thing_Speak,Thing_Speak,0.0014647926140278352,0.0,0.0,0.0,0.0,0.0,0.0,0.0,0.0,0.9985352073859721,0.0
3751,ARP_poisioning,ARP_poisioning,0.990501976284585,0.0,0.0,0.0,0.0,0.0,0.0,0.0,0.0,0.0,0.00949802371541502
3752,Thing_Speak,Thing_Speak,0.0,0.0,0.0,0.0,0.0,0.0,0.0,0.0,0.0,1.0,0.0
3753,Wipro_bulb,Wipro_bulb,0.0,0.0,0.0,0.0,0.0,0.0,0.0,0.0,0.0,0.00033500455788514126,0.9996649954421148
3754,Thing_Speak,Thing_Speak,0.0,0.0,0.0,0.0,0.0,0.0,0.0,0.0,0.0,1.0,0.0
3755,Thing_Speak,Thing_Speak,0.0,0.0,0.0,0.0,0.0,0.0,0.0,0.0,0.0,1.0,0.0
3756,ARP_poisioning,ARP_poisioning,1.0,0.0,0.0,0.0,0.0,0.0,0.0,0.0,0.0,0.0,0.0
3757,ARP_poisioning,ARP_poisioning,1.0,0.0,0.0,0.0,0.0,0.0,0.0,0.0,0.0,0.0,0.0
3758,Thing_Speak,Thing_Speak,0.0,0.0,0.0,0.0,0.0,0.0,0.0,0.0,0.0,1.0,0.0
3759,MQTT_Publish,MQTT_Publish,0.0,0.0,0.0,1.0,0.0,0.0,0.0,0.0,0.0,0.0,0.0
3760,Thing_Speak,Thing_Speak,0.0,0.0,0.0,0.0,0.0,0.0,0.0,0.0,0.0,1.0,0.0
3761,Thing_Speak,Thing_Speak,0.0,0.0,0.0,0.0,0.0,0.0,0.0,0.0,0.0,1.0,0.0
3762,ARP_poisioning,ARP_poisioning,1.0,0.0,0.0,0.0,0.0,0.0,0.0,0.0,0.0,0.0,0.0
3763,Thing_Speak,Thing_Speak,0.0,0.0,0.0,0.0,0.0,0.0,0.0,0.0,0.0,1.0,0.0
3764,Thing_Speak,Thing_Speak,0.0,0.0,0.0,0.0,0.0,0.0,0.0,0.0,0.0,1.0,0.0
3765,MQTT_Publish,MQTT_Publish,0.0,0.0,0.0,1.0,0.0,0.0,0.0,0.0,0.0,0.0,0.0
3766,Thing_Speak,Thing_Speak,0.0,0.0,0.0,0.0,0.0,0.0,0.0,0.0,0.0,1.0,0.0
3767,ARP_poisioning,ARP_poisioning,1.0,0.0,0.0,0.0,0.0,0.0,0.0,0.0,0.0,0.0,0.0
3768,Thing_Speak,Thing_Speak,0.0,0.0,0.0,0.0,0.0,0.0,0.0,0.0,0.0,1.0,0.0
3769,ARP_poisioning,ARP_poisioning,1.0,0.0,0.0,0.0,0.0,0.0,0.0,0.0,0.0,0.0,0.0
3770,Thing_Speak,Thing_Speak,0.02675475351907604,0.009646953002023836,0.0,0.0,0.0,0.0,0.0,0.0,0.0,0.9144867224373081,0.049111571041592104
3771,ARP_poisioning,ARP_poisioning,1.0,0.0,0.0,0.0,0.0,0.0,0.0,0.0,0.0,0.0,0.0
3772,NMAP_XMAS_TREE_SCAN,NMAP_XMAS_TREE_SCAN,0.008885252563463675,0.0,0.0,0.012767020288920374,0.0,0.05019633015861867,0.010304209417871002,0.0002746408124414594,0.9140221697015926,3.4163212055015705e-06,0.0035469607358868315
3773,Thing_Speak,Thing_Speak,0.0,0.0,0.0,0.0,0.0,0.0,0.0,0.0,0.0,1.0,0.0
3774,ARP_poisioning,ARP_poisioning,0.9806849315068493,0.0,0.0,0.0,0.0,0.0,0.0,0.019315068493150685,0.0,0.0,0.0
3775,MQTT_Publish,MQTT_Publish,0.0,0.0,0.0,1.0,0.0,0.0,0.0,0.0,0.0,0.0,0.0
3776,Thing_Speak,Thing_Speak,0.0,0.0,0.0,0.0,0.0,0.0,0.0,0.0,0.0,1.0,0.0
3777,Thing_Speak,Thing_Speak,0.0,0.0,0.0,0.0,0.0,0.0,0.0,0.0,0.0,1.0,0.0
3778,Thing_Speak,ARP_poisioning,0.6055581705524441,0.0,0.0,0.008908409092532104,0.0,0.0,0.0,0.0,0.0,0.37586690701555747,0.00966651333946642
3779,Thing_Speak,Thing_Speak,0.0,0.0,0.0,0.0,0.0,0.0,0.0,0.0,0.0,1.0,0.0
3780,Thing_Speak,Thing_Speak,0.0,0.0,0.0,0.0,0.0,0.0,0.0,0.0,0.0,1.0,0.0
3781,MQTT_Publish,MQTT_Publish,0.0,0.0,0.0,1.0,0.0,0.0,0.0,0.0,0.0,0.0,0.0
3782,Thing_Speak,Thing_Speak,0.0,0.0,0.0,0.0,0.0,0.0,0.0,0.0,0.0,1.0,0.0
3783,ARP_poisioning,ARP_poisioning,1.0,0.0,0.0,0.0,0.0,0.0,0.0,0.0,0.0,0.0,0.0
3784,Thing_Speak,Thing_Speak,0.0,0.0,0.0,0.0,0.0,0.0,0.0,0.0,0.0,1.0,0.0
3785,Thing_Speak,Thing_Speak,0.0,0.0,0.0,0.0,0.0,0.0,0.0,0.0,0.0,1.0,0.0
3786,ARP_poisioning,ARP_poisioning,1.0,0.0,0.0,0.0,0.0,0.0,0.0,0.0,0.0,0.0,0.0
3787,Thing_Speak,Thing_Speak,0.0,0.0,0.0,0.0,0.0,0.0,0.0,0.0,0.0,1.0,0.0
3788,ARP_poisioning,ARP_poisioning,1.0,0.0,0.0,0.0,0.0,0.0,0.0,0.0,0.0,0.0,0.0
3789,ARP_poisioning,ARP_poisioning,0.99,0.0,0.0,0.0,0.0,0.0,0.0,0.0,0.00971345421983434,0.0002865457801656593,0.0
3790,Thing_Speak,Thing_Speak,0.0,0.0,0.0,0.0,0.0,0.0,0.0,0.0,0.0,1.0,0.0
3791,ARP_poisioning,ARP_poisioning,0.8107094894918336,0.0,0.0,0.0,0.0,0.0,0.0,0.0,0.0,0.1892905105081664,0.0
3792,MQTT_Publish,MQTT_Publish,0.0,0.0,0.0,1.0,0.0,0.0,0.0,0.0,0.0,0.0,0.0
3793,Thing_Speak,Thing_Speak,0.0,0.0,0.0,0.0,0.0,0.0,0.0,0.0,0.0,1.0,0.0
3794,Thing_Speak,Thing_Speak,0.0,0.0,0.0,0.0,0.0,0.0,0.0,0.0,0.0,1.0,0.0
3795,Thing_Speak,Thing_Speak,0.31890197064378834,0.0,0.0,0.0,0.0,0.0,0.0,0.0,0.0,0.6810980293562117,0.0
3796,DDOS_Slowloris,DDOS_Slowloris,0.0,1.0,0.0,0.0,0.0,0.0,0.0,0.0,0.0,0.0,0.0
3797,ARP_poisioning,ARP_poisioning,0.9929937286927338,0.0,0.0,0.0,0.0,0.0,0.0,0.0,0.0,0.007006271307266107,0.0
3798,Thing_Speak,Thing_Speak,0.0,0.0,0.0,0.0,0.0,0.0,0.0,0.0,0.0,1.0,0.0
3799,MQTT_Publish,MQTT_Publish,0.0,0.0,0.0,1.0,0.0,0.0,0.0,0.0,0.0,0.0,0.0
3800,Thing_Speak,Thing_Speak,0.0,0.0,0.0,0.0,0.0,0.0,0.0,0.0,0.0,1.0,0.0
3801,Thing_Speak,Thing_Speak,0.28548329225110225,0.01,0.0,0.0,0.0,0.0,0.0,0.009881138567406944,0.0,0.665102968859757,0.029532600321734027
3802,ARP_poisioning,ARP_poisioning,1.0,0.0,0.0,0.0,0.0,0.0,0.0,0.0,0.0,0.0,0.0
3803,ARP_poisioning,ARP_poisioning,0.99728533056061,0.0,0.0,0.0,0.0,0.0,0.0,0.0,0.0,0.002714669439390001,0.0
3804,Thing_Speak,Thing_Speak,0.0,0.0,0.0,0.0,0.0,0.0,0.0,0.0,0.0,1.0,0.0
3805,Thing_Speak,Thing_Speak,0.0,0.0,0.0,0.0,0.0,0.0,0.0,0.0,0.0,1.0,0.0
3806,Thing_Speak,Thing_Speak,0.0,0.0,0.0,0.0,0.0,0.0,0.0,0.0,0.0,1.0,0.0
3807,ARP_poisioning,ARP_poisioning,1.0,0.0,0.0,0.0,0.0,0.0,0.0,0.0,0.0,0.0,0.0
3808,ARP_poisioning,ARP_poisioning,0.7491362365709879,0.0,0.0,0.0,0.1257091700739289,0.0,0.0,0.11806536168537102,0.0,0.007089231669712219,0.0
3809,ARP_poisioning,ARP_poisioning,1.0,0.0,0.0,0.0,0.0,0.0,0.0,0.0,0.0,0.0,0.0
3810,Thing_Speak,Thing_Speak,0.0,0.0,0.0,0.0,0.0,0.0,0.0,0.0,0.0,1.0,0.0
3811,DDOS_Slowloris,DDOS_Slowloris,0.0,1.0,0.0,0.0,0.0,0.0,0.0,0.0,0.0,0.0,0.0
3812,Thing_Speak,Thing_Speak,0.0,0.0,0.0,0.0,0.0,0.0,0.0,0.0,0.0,1.0,0.0
3813,ARP_poisioning,ARP_poisioning,0.7267597172998984,0.25824133174343655,0.0,0.0,0.0,0.0,0.0,0.0,0.0,0.0069185593050288315,0.008080391651636177
3814,ARP_poisioning,Metasploit_Brute_Force_SSH,0.010586824852781451,0.0009036144578313253,0.022194994768770897,0.0,0.5142826066263243,0.0,0.0,0.38824158957036853,0.0,0.06356207294629568,0.00022829677762749745
3815,ARP_poisioning,ARP_poisioning,1.0,0.0,0.0,0.0,0.0,0.0,0.0,0.0,0.0,0.0,0.0
3816,Thing_Speak,Thing_Speak,0.0,0.0,0.0,0.0,0.0,0.0,0.0,0.0,0.0,1.0,0.0
3817,ARP_poisioning,ARP_poisioning,1.0,0.0,0.0,0.0,0.0,0.0,0.0,0.0,0.0,0.0,0.0
3818,NMAP_UDP_SCAN,NMAP_UDP_SCAN,0.0013096794575842804,0.0,0.0006506561435715163,0.0,0.006395195279265432,0.0,0.0,0.9599650514957443,0.0,0.022087321563052743,0.00959209606078162
3819,Thing_Speak,Thing_Speak,0.3050991426939031,0.01,0.0,0.0,0.0,0.0,0.0,0.0,0.0,0.6849008573060967,0.0
3820,Wipro_bulb,Thing_Speak,0.21534127006751425,0.0401899432885035,0.0,0.02460795080166923,0.08872428219676207,0.0,0.0,0.059349250010504374,0.0,0.45073359791799655,0.1210537057170501
3821,MQTT_Publish,MQTT_Publish,0.0,0.0,0.0,1.0,0.0,0.0,0.0,0.0,0.0,0.0,0.0
3822,Thing_Speak,Thing_Speak,0.0,0.0,0.0,0.0,0.0,0.0,0.0,0.0,0.0,1.0,0.0
3823,ARP_poisioning,ARP_poisioning,1.0,0.0,0.0,0.0,0.0,0.0,0.0,0.0,0.0,0.0,0.0
3824,MQTT_Publish,MQTT_Publish,0.0,0.0,0.0,1.0,0.0,0.0,0.0,0.0,0.0,0.0,0.0
3825,Thing_Speak,Thing_Speak,0.0,0.0,0.0,0.0,0.0,0.0,0.0,0.0,0.0,1.0,0.0
3826,Thing_Speak,Thing_Speak,0.0,0.0,0.0,0.0,0.0,0.0,0.0,0.0,0.0,1.0,0.0
3827,ARP_poisioning,ARP_poisioning,1.0,0.0,0.0,0.0,0.0,0.0,0.0,0.0,0.0,0.0,0.0
3828,ARP_poisioning,ARP_poisioning,0.9902940266171464,0.0,0.0,0.0,0.0,0.0,0.0,0.009705973382853606,0.0,0.0,0.0
3829,ARP_poisioning,ARP_poisioning,0.99,0.0,0.0,0.0,0.0,0.0,0.0,0.0,0.0,0.01,0.0
3830,Thing_Speak,Thing_Speak,0.0,0.0,0.0,0.0,0.0,0.0,0.0,0.0,0.0,1.0,0.0
3831,ARP_poisioning,ARP_poisioning,0.9900602791878172,0.0,0.0,0.0,0.00993972081218274,0.0,0.0,0.0,0.0,0.0,0.0
3832,ARP_poisioning,ARP_poisioning,1.0,0.0,0.0,0.0,0.0,0.0,0.0,0.0,0.0,0.0,0.0
3833,MQTT_Publish,MQTT_Publish,0.0,0.0,0.0,1.0,0.0,0.0,0.0,0.0,0.0,0.0,0.0
3834,Thing_Speak,Thing_Speak,0.0,0.0,0.0,0.0,0.0,0.0,0.0,0.0,0.0,1.0,0.0
3835,ARP_poisioning,ARP_poisioning,0.9801518695301229,0.0,0.0,0.0,0.019848130469877146,0.0,0.0,0.0,0.0,0.0,0.0
3836,NMAP_UDP_SCAN,NMAP_UDP_SCAN,0.001639620304480793,0.0,0.0006506561435715163,0.0,0.006395195279265432,0.0,0.0,0.958098604916289,0.0,0.03298762657876582,0.00022829677762749745
3837,MQTT_Publish,MQTT_Publish,0.0,0.0,0.0,1.0,0.0,0.0,0.0,0.0,0.0,0.0,0.0
3838,Thing_Speak,Thing_Speak,0.0,0.0,0.0,0.0,0.0,0.0,0.0,0.0,0.0,1.0,0.0
3839,MQTT_Publish,MQTT_Publish,0.0,0.0,0.0,1.0,0.0,0.0,0.0,0.0,0.0,0.0,0.0
3840,ARP_poisioning,ARP_poisioning,1.0,0.0,0.0,0.0,0.0,0.0,0.0,0.0,0.0,0.0,0.0
3841,ARP_poisioning,ARP_poisioning,1.0,0.0,0.0,0.0,0.0,0.0,0.0,0.0,0.0,0.0,0.0
3842,NMAP_OS_DETECTION,NMAP_OS_DETECTION,0.0001006391470220606,1.6187824150449924e-05,0.0,5.143647108764594e-05,0.0,0.8960932667131588,0.018679295270252572,0.0002746408124414594,0.08397710368505285,3.4163212055015705e-06,0.0008040137556287519
3843,Thing_Speak,Thing_Speak,0.0,0.0,0.0,0.0,0.0,0.0,0.0,0.0,0.0,1.0,0.0
3844,Thing_Speak,Thing_Speak,0.0,0.0,0.0,0.0,0.0,0.0,0.0,0.0,0.0,1.0,0.0
3845,MQTT_Publish,MQTT_Publish,0.0,0.0,0.0,1.0,0.0,0.0,0.0,0.0,0.0,0.0,0.0
3846,MQTT_Publish,MQTT_Publish,0.0,0.0,0.0,1.0,0.0,0.0,0.0,0.0,0.0,0.0,0.0
3847,Thing_Speak,Thing_Speak,0.0,0.0,0.0,0.0,0.0,0.0,0.0,0.0,0.0,1.0,0.0
3848,MQTT_Publish,MQTT_Publish,0.0,0.0,0.0,1.0,0.0,0.0,0.0,0.0,0.0,0.0,0.0
3849,Thing_Speak,Thing_Speak,0.0,0.0,0.0,0.0,0.0,0.0,0.0,0.0,0.0,1.0,0.0
3850,Thing_Speak,Thing_Speak,0.0,0.0,0.0,0.0,0.0,0.0,0.0,0.0,0.0,1.0,0.0
3851,Thing_Speak,Thing_Speak,0.0,0.0,0.0,0.0,0.0,0.0,0.0,0.0,0.0,1.0,0.0
3852,Thing_Speak,Thing_Speak,0.0,0.0,0.0,0.0,0.0,0.0,0.0,0.0,0.0,1.0,0.0
3853,Thing_Speak,Thing_Speak,0.0,0.0,0.0,0.0,0.0,0.0,0.0,0.0,0.0,1.0,0.0
3854,MQTT_Publish,MQTT_Publish,0.0,0.0,0.0,1.0,0.0,0.0,0.0,0.0,0.0,0.0,0.0
3855,DDOS_Slowloris,NMAP_UDP_SCAN,0.1473957510136384,0.36060303732993193,0.0,0.0,0.05221359516034281,0.0,0.0,0.3908610085666865,0.0,0.048926607929400484,0.0
3856,Thing_Speak,Thing_Speak,0.01,0.0,0.0,0.0,0.0,0.0,0.0,0.0,0.0,0.99,0.0
3857,ARP_poisioning,ARP_poisioning,1.0,0.0,0.0,0.0,0.0,0.0,0.0,0.0,0.0,0.0,0.0
3858,ARP_poisioning,ARP_poisioning,0.995768498367791,0.0,0.0,0.0,0.0,0.0,0.0,0.0,0.0,0.004231501632208923,0.0
3859,MQTT_Publish,MQTT_Publish,0.03155004048715523,0.0,0.0,0.9684499595128448,0.0,0.0,0.0,0.0,0.0,0.0,0.0
3860,ARP_poisioning,ARP_poisioning,1.0,0.0,0.0,0.0,0.0,0.0,0.0,0.0,0.0,0.0,0.0
3861,Thing_Speak,Thing_Speak,0.0,0.0,0.0,0.0,0.0,0.0,0.0,0.0,0.0,1.0,0.0
3862,MQTT_Publish,MQTT_Publish,0.0,0.0,0.0,1.0,0.0,0.0,0.0,0.0,0.0,0.0,0.0
3863,MQTT_Publish,MQTT_Publish,0.0,0.0,0.0,1.0,0.0,0.0,0.0,0.0,0.0,0.0,0.0
3864,MQTT_Publish,MQTT_Publish,0.0,0.0,0.0,1.0,0.0,0.0,0.0,0.0,0.0,0.0,0.0
3865,Thing_Speak,Thing_Speak,0.0,0.0,0.0,0.0,0.0,0.0,0.0,0.0,0.0,1.0,0.0
3866,Thing_Speak,Thing_Speak,0.0,0.0,0.0,0.0,0.0,0.0,0.0,0.0,0.0,1.0,0.0
3867,Thing_Speak,Thing_Speak,0.0,0.0,0.0,0.0,0.0,0.0,0.0,0.0,0.0,1.0,0.0
3868,MQTT_Publish,MQTT_Publish,0.0,0.0,0.0,1.0,0.0,0.0,0.0,0.0,0.0,0.0,0.0
3869,ARP_poisioning,ARP_poisioning,1.0,0.0,0.0,0.0,0.0,0.0,0.0,0.0,0.0,0.0,0.0
3870,MQTT_Publish,MQTT_Publish,0.0,0.0,0.0,1.0,0.0,0.0,0.0,0.0,0.0,0.0,0.0
3871,Thing_Speak,Thing_Speak,0.0,0.0,0.0,0.0,0.0,0.0,0.0,0.0,0.0,1.0,0.0
3872,Thing_Speak,Thing_Speak,0.0,0.0,0.0,0.0,0.0,0.0,0.0,0.0,0.0,1.0,0.0
3873,Thing_Speak,Thing_Speak,0.0,0.0,0.0,0.0,0.0,0.0,0.0,0.0,0.0,1.0,0.0
3874,MQTT_Publish,MQTT_Publish,0.0,0.0,0.0,1.0,0.0,0.0,0.0,0.0,0.0,0.0,0.0
3875,MQTT_Publish,MQTT_Publish,0.0,0.0,0.0,1.0,0.0,0.0,0.0,0.0,0.0,0.0,0.0
3876,ARP_poisioning,ARP_poisioning,0.7082472586946367,0.01,0.009867549668874171,0.12153317961847102,0.0,0.0,0.020770524851189447,0.037182361119347036,0.018990060353340277,0.043734692349929515,0.029674373344211986
3877,Thing_Speak,Thing_Speak,0.0,0.0,0.0,0.0,0.0,0.0,0.0,0.0,0.0,1.0,0.0
3878,ARP_poisioning,ARP_poisioning,1.0,0.0,0.0,0.0,0.0,0.0,0.0,0.0,0.0,0.0,0.0
3879,MQTT_Publish,MQTT_Publish,0.0,0.0,0.0,1.0,0.0,0.0,0.0,0.0,0.0,0.0,0.0
3880,ARP_poisioning,ARP_poisioning,0.9787227601177928,0.0,0.0,0.0,0.0,0.0,0.0,0.0,0.0,0.02127723988220719,0.0
3881,Thing_Speak,Thing_Speak,0.0,0.0,0.0,0.0,0.0,0.0,0.0,0.0,0.0,1.0,0.0
3882,MQTT_Publish,MQTT_Publish,0.0,0.0,0.0,1.0,0.0,0.0,0.0,0.0,0.0,0.0,0.0
3883,MQTT_Publish,MQTT_Publish,0.0,0.0,0.0,1.0,0.0,0.0,0.0,0.0,0.0,0.0,0.0
3884,Thing_Speak,Thing_Speak,0.0,0.0,0.0,0.0,0.0,0.0,0.0,0.0,0.0,1.0,0.0
3885,Thing_Speak,Thing_Speak,0.0,0.0,0.0,0.0,0.0,0.0,0.0,0.0,0.0,1.0,0.0
3886,ARP_poisioning,ARP_poisioning,1.0,0.0,0.0,0.0,0.0,0.0,0.0,0.0,0.0,0.0,0.0
3887,Thing_Speak,Thing_Speak,0.0,0.0,0.0,0.0,0.0,0.0,0.0,0.0,0.0,1.0,0.0
3888,Thing_Speak,Thing_Speak,0.3967069760621074,0.0,0.0,0.0,0.019768102108689303,0.0,0.0,0.027415001287290977,0.0,0.5469163260323326,0.00919359450957964
3889,MQTT_Publish,MQTT_Publish,0.0,0.0,0.0,1.0,0.0,0.0,0.0,0.0,0.0,0.0,0.0
3890,ARP_poisioning,ARP_poisioning,1.0,0.0,0.0,0.0,0.0,0.0,0.0,0.0,0.0,0.0,0.0
3891,ARP_poisioning,ARP_poisioning,1.0,0.0,0.0,0.0,0.0,0.0,0.0,0.0,0.0,0.0,0.0
3892,Thing_Speak,Thing_Speak,0.0,0.0,0.0,0.0,0.0,0.0,0.0,0.0,0.0,1.0,0.0
3893,Thing_Speak,Thing_Speak,0.0,0.0,0.0,0.0,0.0,0.0,0.0,0.0,0.0,1.0,0.0
3894,Thing_Speak,Thing_Speak,0.0,0.0,0.0,0.0,0.0,0.0,0.0,0.0,0.0,1.0,0.0
3895,Thing_Speak,Thing_Speak,0.0,0.0,0.0,0.0,0.0,0.0,0.0,0.0,0.0,1.0,0.0
3896,ARP_poisioning,ARP_poisioning,0.7327551136554388,0.0,0.0,0.0,0.0,0.0,0.0,0.009668592277287929,0.0,0.25757629406727345,0.0
3897,MQTT_Publish,MQTT_Publish,0.0,0.0,0.0,1.0,0.0,0.0,0.0,0.0,0.0,0.0,0.0
3898,ARP_poisioning,ARP_poisioning,0.9272489461580641,0.0,0.0,0.0,0.0,0.0,0.0,0.0,0.0,0.06321806197691632,0.009532991865019583
3899,MQTT_Publish,MQTT_Publish,0.0,0.0,0.0,1.0,0.0,0.0,0.0,0.0,0.0,0.0,0.0
3900,Thing_Speak,Thing_Speak,0.0,0.0,0.0,0.0,0.0,0.0,0.0,0.0,0.0,1.0,0.0
3901,MQTT_Publish,MQTT_Publish,0.0,0.0,0.0,1.0,0.0,0.0,0.0,0.0,0.0,0.0,0.0
3902,Thing_Speak,Thing_Speak,0.0,0.0,0.0,0.0,0.0,0.0,0.0,0.0,0.0,1.0,0.0
3903,MQTT_Publish,MQTT_Publish,0.0,0.0,0.0,1.0,0.0,0.0,0.0,0.0,0.0,0.0,0.0
3904,ARP_poisioning,ARP_poisioning,1.0,0.0,0.0,0.0,0.0,0.0,0.0,0.0,0.0,0.0,0.0
3905,Thing_Speak,Thing_Speak,0.0,0.0,0.0,0.0,0.0,0.0,0.0,0.0,0.0,1.0,0.0
3906,MQTT_Publish,MQTT_Publish,0.0,0.0,0.0,1.0,0.0,0.0,0.0,0.0,0.0,0.0,0.0
3907,MQTT_Publish,MQTT_Publish,0.0,0.0,0.0,1.0,0.0,0.0,0.0,0.0,0.0,0.0,0.0
3908,ARP_poisioning,ARP_poisioning,0.9549187013317371,0.0,0.0,0.0,0.009943235572374644,0.0,0.0,0.0,0.0,0.025364923349971757,0.009773139745916514
3909,Thing_Speak,Thing_Speak,0.0,0.0,0.0,0.0,0.0,0.0,0.0,0.0,0.0,1.0,0.0
3910,Thing_Speak,Thing_Speak,0.0,0.0,0.0,0.0,0.0,0.0,0.0,0.0,0.0,1.0,0.0
3911,Thing_Speak,Thing_Speak,0.0,0.0,0.0,0.0,0.0,0.0,0.0,0.0,0.0,1.0,0.0
3912,ARP_poisioning,ARP_poisioning,1.0,0.0,0.0,0.0,0.0,0.0,0.0,0.0,0.0,0.0,0.0
3913,Thing_Speak,Thing_Speak,0.0,0.0,0.0,0.0,0.0,0.0,0.0,0.0,0.0,1.0,0.0
3914,MQTT_Publish,MQTT_Publish,0.0,0.0,0.0,1.0,0.0,0.0,0.0,0.0,0.0,0.0,0.0
3915,MQTT_Publish,MQTT_Publish,0.0,0.0,0.0,1.0,0.0,0.0,0.0,0.0,0.0,0.0,0.0
3916,Thing_Speak,Thing_Speak,0.0,0.0,0.0,0.0,0.0,0.0,0.0,0.0,0.0,1.0,0.0
3917,MQTT_Publish,MQTT_Publish,0.0,0.0,0.0,1.0,0.0,0.0,0.0,0.0,0.0,0.0,0.0
3918,MQTT_Publish,MQTT_Publish,0.0,0.0,0.0,1.0,0.0,0.0,0.0,0.0,0.0,0.0,0.0
3919,ARP_poisioning,ARP_poisioning,0.99,0.0,0.0,0.0,0.0,0.0,0.0,0.0,0.0,0.01,0.0
3920,MQTT_Publish,MQTT_Publish,0.0,0.0,0.0,1.0,0.0,0.0,0.0,0.0,0.0,0.0,0.0
3921,Thing_Speak,Thing_Speak,0.0,0.0,0.0,0.0,0.0,0.0,0.0,0.0,0.0,1.0,0.0
3922,MQTT_Publish,MQTT_Publish,0.0,0.0,0.0,1.0,0.0,0.0,0.0,0.0,0.0,0.0,0.0
3923,Thing_Speak,Thing_Speak,0.0,0.0,0.0,0.0,0.0,0.0,0.0,0.0,0.0,1.0,0.0
3924,Thing_Speak,Thing_Speak,0.0,0.0,0.0,0.0,0.0,0.0,0.0,0.0,0.0,1.0,0.0
3925,ARP_poisioning,ARP_poisioning,1.0,0.0,0.0,0.0,0.0,0.0,0.0,0.0,0.0,0.0,0.0
3926,MQTT_Publish,MQTT_Publish,0.0,0.0,0.0,1.0,0.0,0.0,0.0,0.0,0.0,0.0,0.0
3927,ARP_poisioning,ARP_poisioning,1.0,0.0,0.0,0.0,0.0,0.0,0.0,0.0,0.0,0.0,0.0
3928,Thing_Speak,Thing_Speak,0.0,0.0,0.0,0.0,0.0,0.0,0.0,0.0,0.0,1.0,0.0
3929,MQTT_Publish,MQTT_Publish,0.0,0.0,0.0,1.0,0.0,0.0,0.0,0.0,0.0,0.0,0.0
3930,Thing_Speak,Thing_Speak,0.0,0.0,0.0,0.0,0.0,0.0,0.0,0.0,0.0,1.0,0.0
3931,MQTT_Publish,MQTT_Publish,0.0,0.0,0.0,1.0,0.0,0.0,0.0,0.0,0.0,0.0,0.0
3932,Thing_Speak,Thing_Speak,0.0,0.0,0.0,0.0,0.0,0.0,0.0,0.0,0.0,1.0,0.0
3933,MQTT_Publish,MQTT_Publish,0.0,0.0,0.0,1.0,0.0,0.0,0.0,0.0,0.0,0.0,0.0
3934,MQTT_Publish,MQTT_Publish,0.0,0.0,0.0,1.0,0.0,0.0,0.0,0.0,0.0,0.0,0.0
3935,ARP_poisioning,ARP_poisioning,0.899124394047745,0.0,0.0,0.0,0.058433300211335346,0.0,0.0,0.029726439225279587,0.0,0.012715866515639974,0.0
3936,Thing_Speak,Thing_Speak,0.0,0.0,0.0,0.0,0.0,0.0,0.0,0.0,0.0,1.0,0.0
3937,Thing_Speak,Thing_Speak,0.0,0.0,0.0,0.0,0.0,0.0,0.0,0.0,0.0,1.0,0.0
3938,DDOS_Slowloris,DDOS_Slowloris,0.0,1.0,0.0,0.0,0.0,0.0,0.0,0.0,0.0,0.0,0.0
3939,MQTT_Publish,MQTT_Publish,0.0,0.0,0.0,1.0,0.0,0.0,0.0,0.0,0.0,0.0,0.0
3940,Thing_Speak,Thing_Speak,0.0,0.0,0.0,0.0,0.0,0.0,0.0,0.0,0.0,1.0,0.0
3941,Thing_Speak,Thing_Speak,0.0,0.0,0.0,0.0,0.0,0.0,0.0,0.0,0.0,1.0,0.0
3942,MQTT_Publish,MQTT_Publish,0.0,0.0,0.0,1.0,0.0,0.0,0.0,0.0,0.0,0.0,0.0
3943,ARP_poisioning,ARP_poisioning,0.9689156264295541,0.0,0.0,0.0,0.0,0.0,0.0,0.009222782557104717,0.0,0.021861591013341206,0.0
3944,Thing_Speak,Thing_Speak,0.0,0.0,0.0,0.0,0.0,0.0,0.0,0.0,0.0,1.0,0.0
3945,Thing_Speak,Thing_Speak,0.0,0.0,0.0,0.0,0.0,0.0,0.0,0.0,0.0,1.0,0.0
3946,Thing_Speak,Thing_Speak,0.0,0.0,0.0,0.0,0.0,0.0,0.0,0.0,0.0,1.0,0.0
3947,ARP_poisioning,ARP_poisioning,1.0,0.0,0.0,0.0,0.0,0.0,0.0,0.0,0.0,0.0,0.0
3948,Wipro_bulb,Wipro_bulb,3.687867081389752e-05,0.0,0.0,0.0,0.0,0.0,0.0,0.0,0.0,0.0006147702185606129,0.9993483511106254
3949,Thing_Speak,Thing_Speak,0.12536603463059615,0.0,0.0,0.0,0.0,0.0,0.0,0.0,0.0,0.874633965369404,0.0
3950,ARP_poisioning,ARP_poisioning,0.9973159509202455,0.0,0.0,0.0,0.0,0.0,0.0,0.0,0.0,0.0026840490797546013,0.0
3951,Thing_Speak,Thing_Speak,0.0,0.0,0.0,0.0,0.0,0.0,0.0,0.0,0.0,1.0,0.0
3952,Thing_Speak,Thing_Speak,0.0,0.0,0.0,0.0,0.0,0.0,0.0,0.0,0.0,1.0,0.0
3953,MQTT_Publish,MQTT_Publish,0.0,0.0,0.0,1.0,0.0,0.0,0.0,0.0,0.0,0.0,0.0
3954,MQTT_Publish,MQTT_Publish,0.0,0.0,0.0,1.0,0.0,0.0,0.0,0.0,0.0,0.0,0.0
3955,Thing_Speak,Thing_Speak,0.0,0.0,0.0,0.0,0.0,0.0,0.0,0.0,0.0,1.0,0.0
3956,MQTT_Publish,MQTT_Publish,0.0,0.0,0.0,1.0,0.0,0.0,0.0,0.0,0.0,0.0,0.0
3957,Thing_Speak,Thing_Speak,0.0,0.0,0.0,0.0,0.0,0.0,0.0,0.0,0.0,1.0,0.0
3958,Thing_Speak,Thing_Speak,0.0,0.0,0.0,0.0,0.0,0.0,0.0,0.0,0.0,1.0,0.0
3959,MQTT_Publish,MQTT_Publish,0.0,0.0,0.0,1.0,0.0,0.0,0.0,0.0,0.0,0.0,0.0
3960,ARP_poisioning,ARP_poisioning,0.560654992539454,0.0,0.0,0.0,0.0,0.0,0.0,0.020828141208422916,0.04757890155971196,0.3709379646924114,0.0
3961,Thing_Speak,Thing_Speak,0.0,0.0,0.0,0.0,0.0,0.0,0.0,0.0,0.0,1.0,0.0
3962,Thing_Speak,Thing_Speak,0.0,0.0,0.0,0.0,0.0,0.0,0.0,0.0,0.0,1.0,0.0
3963,Thing_Speak,Thing_Speak,0.0,0.0,0.0,0.0,0.0,0.0,0.0,0.0,0.0,1.0,0.0
3964,MQTT_Publish,MQTT_Publish,0.0,0.0,0.0,1.0,0.0,0.0,0.0,0.0,0.0,0.0,0.0
3965,ARP_poisioning,ARP_poisioning,0.996698221442155,0.002906030336662967,0.0,0.00039574822118190495,0.0,0.0,0.0,0.0,0.0,0.0,0.0
3966,Thing_Speak,Thing_Speak,0.0,0.0,0.0,0.0,0.0,0.0,0.0,0.0,0.0,1.0,0.0
3967,ARP_poisioning,ARP_poisioning,0.9925068935171605,0.0,0.0,0.0,0.0,0.0,0.0,0.0,0.0,0.007493106482839542,0.0
3968,Thing_Speak,Thing_Speak,0.0,0.0,0.0,0.0,0.0,0.0,0.0,0.0,0.0,1.0,0.0
3969,Thing_Speak,Thing_Speak,0.0,0.0,0.0,0.0,0.0,0.0,0.0,0.0,0.0,1.0,0.0
3970,MQTT_Publish,MQTT_Publish,0.0,0.0,0.0,1.0,0.0,0.0,0.0,0.0,0.0,0.0,0.0
3971,Thing_Speak,Thing_Speak,0.26625889583643614,0.0,0.0,0.01,0.0,0.0,0.0,0.0,0.0,0.6947161092037157,0.02902499495984809
3972,MQTT_Publish,MQTT_Publish,0.0,0.0,0.0,1.0,0.0,0.0,0.0,0.0,0.0,0.0,0.0
3973,ARP_poisioning,ARP_poisioning,0.8146092466766874,0.0,0.0,0.0,0.0,0.0,0.0,0.0,0.0,0.1758480157261816,0.009542737597130903
3974,ARP_poisioning,ARP_poisioning,1.0,0.0,0.0,0.0,0.0,0.0,0.0,0.0,0.0,0.0,0.0
3975,Thing_Speak,Thing_Speak,0.0,0.0,0.0,0.0,0.0,0.0,0.0,0.0,0.0,1.0,0.0
3976,Thing_Speak,Thing_Speak,0.0,0.0,0.0,0.0,0.0,0.0,0.0,0.0,0.0,1.0,0.0
3977,Thing_Speak,Thing_Speak,0.3107764406611697,0.0,0.0,0.0,0.0,0.0,0.0,0.009509733144059203,0.0,0.6797138261947714,0.0
3978,Thing_Speak,Thing_Speak,0.0,0.0,0.0,0.0,0.0,0.0,0.0,0.0,0.0,1.0,0.0
3979,ARP_poisioning,ARP_poisioning,1.0,0.0,0.0,0.0,0.0,0.0,0.0,0.0,0.0,0.0,0.0
3980,Thing_Speak,Thing_Speak,0.0,0.0,0.0,0.0,0.0,0.0,0.0,0.0,0.0,1.0,0.0
3981,Thing_Speak,Thing_Speak,0.0,0.0,0.0,0.0,0.0,0.0,0.0,0.0,0.0,1.0,0.0
3982,Thing_Speak,Thing_Speak,0.0,0.0,0.0,0.0,0.0,0.0,0.0,0.0,0.0,1.0,0.0
3983,Thing_Speak,Thing_Speak,0.0,0.0,0.0,0.0,0.0,0.0,0.0,0.0,0.0,1.0,0.0
3984,ARP_poisioning,ARP_poisioning,0.8825556672555811,0.0,0.0,0.0,0.0,0.0,0.0,0.0,0.0,0.11744433274441878,0.0
3985,DOS_SYN_Hping,DOS_SYN_Hping,1.3581914766902935e-05,3.436426116838489e-05,0.9997022196729409,0.0,0.0,0.0,0.0,0.00024740014127369895,0.0,2.4340098499717754e-06,0.0
3986,Thing_Speak,Thing_Speak,0.0,0.0,0.0,0.0,0.0,0.0,0.0,0.0,0.0,1.0,0.0
3987,MQTT_Publish,MQTT_Publish,0.0,0.0,0.0,1.0,0.0,0.0,0.0,0.0,0.0,0.0,0.0
3988,DDOS_Slowloris,DDOS_Slowloris,0.0,1.0,0.0,0.0,0.0,0.0,0.0,0.0,0.0,0.0,0.0
3989,Thing_Speak,Thing_Speak,0.0,0.0,0.0,0.0,0.0,0.0,0.0,0.0,0.0,1.0,0.0
3990,MQTT_Publish,MQTT_Publish,0.0,0.0,0.0,1.0,0.0,0.0,0.0,0.0,0.0,0.0,0.0
3991,ARP_poisioning,ARP_poisioning,0.9798056654222798,0.0,0.0,0.0057607116920842414,0.0,0.0,0.0,0.0,0.0,0.01443362288563611,0.0
3992,Thing_Speak,Thing_Speak,0.0,0.0,0.0,0.0,0.0,0.0,0.0,0.0,0.0,1.0,0.0
3993,Thing_Speak,Thing_Speak,0.0,0.0,0.0,0.0,0.0,0.0,0.0,0.0,0.0,1.0,0.0
3994,Thing_Speak,Thing_Speak,0.0,0.0,0.0,0.0,0.0,0.0,0.0,0.0,0.0,1.0,0.0
3995,MQTT_Publish,MQTT_Publish,0.0,0.0,0.0,1.0,0.0,0.0,0.0,0.0,0.0,0.0,0.0
3996,ARP_poisioning,ARP_poisioning,0.9957577798733667,0.0,0.0,0.0,0.0,0.0,0.0,0.0,0.0,0.004242220126633437,0.0
3997,ARP_poisioning,ARP_poisioning,1.0,0.0,0.0,0.0,0.0,0.0,0.0,0.0,0.0,0.0,0.0
3998,NMAP_UDP_SCAN,NMAP_UDP_SCAN,1.0322104921765483e-05,0.1712384859209256,0.0,0.0,0.0,0.0,0.0,0.8283298066893782,0.0,1.0822100693472182e-05,0.00041056318408096685
3999,Thing_Speak,Thing_Speak,0.0,0.0,0.0,0.0,0.0,0.0,0.0,0.0,0.0,1.0,0.0
4000,Thing_Speak,Thing_Speak,0.0,0.0,0.0,0.0,0.0,0.0,0.0,0.0,0.0,1.0,0.0
4001,Thing_Speak,Thing_Speak,0.0,0.0,0.0,0.0,0.0,0.0,0.0,0.0,0.0,1.0,0.0
4002,Thing_Speak,Thing_Speak,0.0,0.0,0.0,0.0,0.0,0.0,0.0,0.0,0.0,1.0,0.0
4003,ARP_poisioning,ARP_poisioning,0.9925796140641648,0.0,0.0,0.0,0.0,0.0,0.0,0.0,0.0,0.007420385935835208,0.0
4004,Thing_Speak,Thing_Speak,0.0,0.0,0.0,0.0,0.0,0.0,0.0,0.0,0.0,1.0,0.0
4005,ARP_poisioning,ARP_poisioning,1.0,0.0,0.0,0.0,0.0,0.0,0.0,0.0,0.0,0.0,0.0
4006,Thing_Speak,Thing_Speak,0.0,0.0,0.0,0.0,0.0,0.0,0.0,0.0,0.0,1.0,0.0
4007,MQTT_Publish,MQTT_Publish,0.0,0.0,0.0,1.0,0.0,0.0,0.0,0.0,0.0,0.0,0.0
4008,ARP_poisioning,ARP_poisioning,0.9957753143166148,0.0,0.0,0.0,0.0,0.0,0.0,0.0,0.0,0.004224685683385156,0.0
4009,MQTT_Publish,MQTT_Publish,0.0,0.0,0.0,1.0,0.0,0.0,0.0,0.0,0.0,0.0,0.0
4010,MQTT_Publish,MQTT_Publish,0.0,0.0,0.0,1.0,0.0,0.0,0.0,0.0,0.0,0.0,0.0
4011,Wipro_bulb,Wipro_bulb,0.02998531947649216,0.0,0.0,0.0,0.0,0.0,0.0,0.0,0.0,0.4353571088016529,0.5346575717218549
4012,MQTT_Publish,MQTT_Publish,0.0,0.0,0.0,1.0,0.0,0.0,0.0,0.0,0.0,0.0,0.0
4013,MQTT_Publish,MQTT_Publish,0.0,0.0,0.0,1.0,0.0,0.0,0.0,0.0,0.0,0.0,0.0
4014,Thing_Speak,Thing_Speak,0.0,0.0,0.0,0.0,0.0,0.0,0.0,0.0,0.0,1.0,0.0
4015,MQTT_Publish,MQTT_Publish,0.0,0.0,0.0,1.0,0.0,0.0,0.0,0.0,0.0,0.0,0.0
4016,ARP_poisioning,ARP_poisioning,0.964864155152907,0.0,0.0,0.0,0.0,0.0,0.0,0.0,0.0,0.035135844847093034,0.0
4017,ARP_poisioning,ARP_poisioning,0.95,0.0,0.0,0.0,0.01,0.0,0.0,0.0,0.0,0.04,0.0
4018,Thing_Speak,Thing_Speak,0.0,0.0,0.0,0.0,0.0,0.0,0.0,0.0,0.0,1.0,0.0
4019,MQTT_Publish,MQTT_Publish,0.0,0.0,0.0,1.0,0.0,0.0,0.0,0.0,0.0,0.0,0.0
4020,Thing_Speak,Thing_Speak,0.0,0.0,0.0,0.0,0.0,0.0,0.0,0.0,0.0,1.0,0.0
4021,Thing_Speak,Thing_Speak,0.0,0.0,0.0,0.0,0.0,0.0,0.0,0.0,0.0,1.0,0.0
4022,Thing_Speak,Thing_Speak,0.0,0.0,0.0,0.0,0.0,0.0,0.0,0.0,0.0,1.0,0.0
4023,Thing_Speak,Thing_Speak,0.0,0.0,0.0,0.0,0.0,0.0,0.0,0.0,0.0,1.0,0.0
4024,MQTT_Publish,MQTT_Publish,0.0,0.0,0.0,1.0,0.0,0.0,0.0,0.0,0.0,0.0,0.0
4025,Thing_Speak,ARP_poisioning,0.5757585863701142,0.0,0.0,0.0,0.0,0.0,0.0,0.019571628223875166,0.009829139484311897,0.39484064592169865,0.0
4026,ARP_poisioning,ARP_poisioning,0.8353315286296561,0.11059270769344214,0.0,0.0,0.0,0.0,0.0,0.0,0.0,0.01743149572826893,0.03664426794863303
4027,ARP_poisioning,ARP_poisioning,1.0,0.0,0.0,0.0,0.0,0.0,0.0,0.0,0.0,0.0,0.0
4028,Thing_Speak,Thing_Speak,0.0,0.0,0.0,0.0,0.0,0.0,0.0,0.0,0.0,1.0,0.0
4029,MQTT_Publish,MQTT_Publish,0.0,0.0,0.0,1.0,0.0,0.0,0.0,0.0,0.0,0.0,0.0
4030,ARP_poisioning,ARP_poisioning,0.9914533601952857,0.0,0.0,0.0,0.0,0.0,0.0,0.0,0.0,0.008546639804714212,0.0
4031,Thing_Speak,Thing_Speak,0.0,0.0,0.0,0.0,0.0,0.0,0.0,0.0,0.0,1.0,0.0
4032,MQTT_Publish,MQTT_Publish,0.0,0.0,0.0,1.0,0.0,0.0,0.0,0.0,0.0,0.0,0.0
4033,Thing_Speak,Thing_Speak,0.0,0.0,0.0,0.0,0.0,0.0,0.0,0.0,0.0,1.0,0.0
4034,Thing_Speak,ARP_poisioning,0.5917785585993074,0.0,0.0,0.0,0.0,0.0,0.0,0.0,0.0,0.4082214414006925,0.0
4035,ARP_poisioning,ARP_poisioning,0.9605456657528584,0.0,0.0,0.0,0.009923371647509577,0.0,0.0,0.0,0.0,0.010294520547945205,0.01923644205168692
4036,MQTT_Publish,MQTT_Publish,0.0,0.0,0.0,1.0,0.0,0.0,0.0,0.0,0.0,0.0,0.0
4037,MQTT_Publish,MQTT_Publish,0.0,0.0,0.0,1.0,0.0,0.0,0.0,0.0,0.0,0.0,0.0
4038,MQTT_Publish,MQTT_Publish,0.0,0.0,0.0,1.0,0.0,0.0,0.0,0.0,0.0,0.0,0.0
4039,MQTT_Publish,MQTT_Publish,0.0,0.0,0.0,1.0,0.0,0.0,0.0,0.0,0.0,0.0,0.0
4040,MQTT_Publish,MQTT_Publish,0.0,0.0,0.0,1.0,0.0,0.0,0.0,0.0,0.0,0.0,0.0
4041,Thing_Speak,Thing_Speak,0.0,0.0,0.0,0.0,0.0,0.0,0.0,0.0,0.0,1.0,0.0
4042,Thing_Speak,Thing_Speak,0.0,0.0,0.0,0.0,0.0,0.0,0.0,0.0,0.0,1.0,0.0
4043,Thing_Speak,Thing_Speak,0.0,0.0,0.0,0.0,0.0,0.0,0.0,0.0,0.0,1.0,0.0
4044,ARP_poisioning,ARP_poisioning,1.0,0.0,0.0,0.0,0.0,0.0,0.0,0.0,0.0,0.0,0.0
4045,ARP_poisioning,ARP_poisioning,0.7502616687906446,0.037868407495778,0.009867549668874171,0.06739456930653057,0.0,0.0,0.03059796224424919,0.03678438314096522,0.0191084497671324,0.02858079145461827,0.01953621813120769
4046,Thing_Speak,Thing_Speak,0.0,0.0,0.0,0.0,0.0,0.0,0.0,0.0,0.0,1.0,0.0
4047,Thing_Speak,Thing_Speak,0.12716061551689542,0.008253283669868654,0.0,0.0,0.0,0.0,0.0,0.0,0.0,0.8359173429334286,0.02866875787980761
4048,ARP_poisioning,ARP_poisioning,1.0,0.0,0.0,0.0,0.0,0.0,0.0,0.0,0.0,0.0,0.0
4049,Thing_Speak,Thing_Speak,0.0,0.0,0.0,0.0,0.0,0.0,0.0,0.0,0.0,1.0,0.0
4050,Thing_Speak,Thing_Speak,0.0,0.0,0.0,0.0,0.0,0.0,0.0,0.0,0.0,1.0,0.0
4051,MQTT_Publish,MQTT_Publish,0.0,0.0,0.0,1.0,0.0,0.0,0.0,0.0,0.0,0.0,0.0
4052,ARP_poisioning,ARP_poisioning,1.0,0.0,0.0,0.0,0.0,0.0,0.0,0.0,0.0,0.0,0.0
4053,ARP_poisioning,ARP_poisioning,1.0,0.0,0.0,0.0,0.0,0.0,0.0,0.0,0.0,0.0,0.0
4054,Thing_Speak,Thing_Speak,0.0,0.0,0.0,0.0,0.0,0.0,0.0,0.0,0.0,1.0,0.0
4055,Thing_Speak,Thing_Speak,0.02,0.0,0.0,0.0,0.0,0.0,0.0,0.0,0.0,0.98,0.0
4056,Thing_Speak,Thing_Speak,0.0,0.0,0.0,0.0,0.0,0.0,0.0,0.0,0.0,1.0,0.0
4057,MQTT_Publish,MQTT_Publish,0.0,0.0,0.0,1.0,0.0,0.0,0.0,0.0,0.0,0.0,0.0
4058,Thing_Speak,Thing_Speak,0.0,0.0,0.0,0.0,0.0,0.0,0.0,0.0,0.0,1.0,0.0
4059,Thing_Speak,Thing_Speak,0.35810331717200183,0.03436816110712201,0.0,0.0,0.0,0.0,0.0,0.009734411085450347,0.0,0.5577941106354257,0.04
4060,Thing_Speak,Thing_Speak,0.0,0.0,0.0,0.0,0.0,0.0,0.0,0.0,0.0,1.0,0.0
4061,Thing_Speak,Thing_Speak,0.0,0.0,0.0,0.0,0.0,0.0,0.0,0.0,0.0,1.0,0.0
4062,ARP_poisioning,ARP_poisioning,0.7498320851193021,0.0,0.0,0.0,0.0,0.0,0.0,0.008493436813090826,0.0,0.24167447806760708,0.0
4063,MQTT_Publish,MQTT_Publish,0.0,0.0,0.0,1.0,0.0,0.0,0.0,0.0,0.0,0.0,0.0
4064,Thing_Speak,Thing_Speak,0.020299959757234295,0.0,0.0,0.0,0.0,0.0,0.0,0.0,0.0,0.9700302942843362,0.00966974595842956
4065,Thing_Speak,Thing_Speak,0.0,0.0,0.0,0.0,0.0,0.0,0.0,0.0,0.0,1.0,0.0
4066,Thing_Speak,Thing_Speak,0.0,0.0,0.0,0.0,0.0,0.0,0.0,0.0,0.0,1.0,0.0
4067,MQTT_Publish,MQTT_Publish,0.0,0.0,0.0,1.0,0.0,0.0,0.0,0.0,0.0,0.0,0.0
4068,Thing_Speak,Thing_Speak,0.0,0.0,0.0,0.0,0.0,0.0,0.0,0.0,0.0,1.0,0.0
4069,Thing_Speak,Thing_Speak,0.0,0.0,0.0,0.0,0.0,0.0,0.0,0.0,0.0,1.0,0.0
4070,ARP_poisioning,ARP_poisioning,0.9957802847166264,0.0,0.0,0.0,0.0,0.0,0.0,0.0,0.0,0.004219715283373623,0.0
4071,Thing_Speak,Thing_Speak,0.0,0.0,0.0,0.0,0.0,0.0,0.0,0.0,0.0,1.0,0.0
4072,Thing_Speak,Thing_Speak,0.0,0.0,0.0,0.0,0.0,0.0,0.0,0.0,0.0,1.0,0.0
4073,ARP_poisioning,ARP_poisioning,1.0,0.0,0.0,0.0,0.0,0.0,0.0,0.0,0.0,0.0,0.0
4074,ARP_poisioning,ARP_poisioning,0.9972516240796883,0.0,0.0,0.0,0.0,0.0,0.0,0.0,0.0,0.002748375920311823,0.0
4075,ARP_poisioning,ARP_poisioning,1.0,0.0,0.0,0.0,0.0,0.0,0.0,0.0,0.0,0.0,0.0
4076,Thing_Speak,Thing_Speak,0.20146930771331223,0.01,0.0,0.011188493643336786,0.0,0.0,0.0,0.02552159020323248,0.0,0.6318199505013441,0.12000065793877449
4077,ARP_poisioning,ARP_poisioning,0.9571210036763577,0.0,0.0,0.0,0.0,0.0,0.0,0.0,0.0,0.042878996323642164,0.0
4078,ARP_poisioning,ARP_poisioning,1.0,0.0,0.0,0.0,0.0,0.0,0.0,0.0,0.0,0.0,0.0
4079,Thing_Speak,Thing_Speak,0.0,0.0,0.0,0.0,0.0,0.0,0.0,0.0,0.0,1.0,0.0
4080,Thing_Speak,Thing_Speak,0.0,0.0,0.0,0.0,0.0,0.0,0.0,0.0,0.0,1.0,0.0
4081,MQTT_Publish,MQTT_Publish,0.0,0.0,0.0,1.0,0.0,0.0,0.0,0.0,0.0,0.0,0.0
4082,MQTT_Publish,MQTT_Publish,0.0,0.0,0.0,1.0,0.0,0.0,0.0,0.0,0.0,0.0,0.0
4083,Thing_Speak,Thing_Speak,0.0,0.0,0.0,0.0,0.0,0.0,0.0,0.0,0.0,1.0,0.0
4084,Thing_Speak,Thing_Speak,0.0,0.0,0.0,0.0,0.0,0.0,0.0,0.0,0.0,1.0,0.0
4085,ARP_poisioning,ARP_poisioning,0.9940005659843411,0.0,0.0,0.0,0.0,0.0,0.0,0.0,0.0,0.0059994340156589,0.0
4086,MQTT_Publish,MQTT_Publish,0.0,0.0,0.0,1.0,0.0,0.0,0.0,0.0,0.0,0.0,0.0
4087,Thing_Speak,Thing_Speak,0.0,0.0,0.0,0.0,0.0,0.0,0.0,0.0,0.0,1.0,0.0
4088,Thing_Speak,Thing_Speak,0.0,0.0,0.0,0.0,0.0,0.0,0.0,0.0,0.0,1.0,0.0
4089,Thing_Speak,Thing_Speak,0.0,0.0,0.0,0.0,0.0,0.0,0.0,0.0,0.0,1.0,0.0
4090,Thing_Speak,Thing_Speak,0.0,0.0,0.0,0.0,0.0,0.0,0.0,0.0,0.0,1.0,0.0
4091,MQTT_Publish,MQTT_Publish,0.0,0.0,0.0,1.0,0.0,0.0,0.0,0.0,0.0,0.0,0.0
4092,Thing_Speak,Thing_Speak,0.0,0.0,0.0,0.0,0.0,0.0,0.0,0.0,0.0,1.0,0.0
4093,Thing_Speak,Thing_Speak,0.0,0.0,0.0,0.0,0.0,0.0,0.0,0.0,0.0,1.0,0.0
4094,Thing_Speak,Thing_Speak,0.0,0.0,0.0,0.0,0.0,0.0,0.0,0.0,0.0,1.0,0.0
4095,MQTT_Publish,MQTT_Publish,0.0,0.0,0.0,1.0,0.0,0.0,0.0,0.0,0.0,0.0,0.0
4096,NMAP_XMAS_TREE_SCAN,NMAP_XMAS_TREE_SCAN,0.00015087260377660215,0.0,0.0,4.75897649868369e-05,0.0,0.07211838590357864,0.001390912842513492,0.0002746408124414594,0.9252709593333677,3.4163212055015705e-06,0.0007432224181298227
4097,ARP_poisioning,ARP_poisioning,0.7530703607750627,0.0,0.0,0.0,0.13562229969530895,0.0,0.0,0.10841432388094739,0.0,0.0028930156486811883,0.0
4098,NMAP_OS_DETECTION,NMAP_OS_DETECTION,0.0001006391470220606,1.6187824150449924e-05,0.0,5.143647108764594e-05,0.0,0.8960932667131588,0.018679295270252572,0.0002746408124414594,0.08397710368505285,3.4163212055015705e-06,0.0008040137556287519
4099,Thing_Speak,Thing_Speak,0.0,0.0,0.0,0.0,0.0,0.0,0.0,0.0,0.0,1.0,0.0
4100,ARP_poisioning,ARP_poisioning,0.7626859139411938,0.0,0.0,0.0,0.0,0.0,0.0,0.0,0.0,0.23731408605880627,0.0
4101,ARP_poisioning,ARP_poisioning,0.9797365338683213,0.0,0.0,0.0,0.0,0.0,0.0,0.0,0.0,0.02026346613167873,0.0
4102,Thing_Speak,Thing_Speak,0.0,0.0,0.0,0.0,0.0,0.0,0.0,0.0,0.0,1.0,0.0
4103,Thing_Speak,Thing_Speak,0.0,0.0,0.0,0.0,0.0,0.0,0.0,0.0,0.0,1.0,0.0
4104,Thing_Speak,Thing_Speak,0.0,0.0,0.0,0.0,0.0,0.0,0.0,0.0,0.0,1.0,0.0
4105,Thing_Speak,Thing_Speak,0.0,0.0,0.0,0.0,0.0,0.0,0.0,0.0,0.0,1.0,0.0
4106,Thing_Speak,Thing_Speak,0.0,0.0,0.0,0.0,0.0,0.0,0.0,0.0,0.0,1.0,0.0
4107,Thing_Speak,Thing_Speak,0.0,0.0,0.0,0.0,0.0,0.0,0.0,0.0,0.0,1.0,0.0
4108,ARP_poisioning,Thing_Speak,0.3176379251060053,0.0,0.0,0.0,0.0,0.0,0.0,0.01971570515959322,0.0,0.6626463697344015,0.0
4109,ARP_poisioning,ARP_poisioning,1.0,0.0,0.0,0.0,0.0,0.0,0.0,0.0,0.0,0.0,0.0
4110,MQTT_Publish,MQTT_Publish,0.0,0.0,0.0,1.0,0.0,0.0,0.0,0.0,0.0,0.0,0.0
4111,MQTT_Publish,MQTT_Publish,0.0,0.0,0.0,1.0,0.0,0.0,0.0,0.0,0.0,0.0,0.0
4112,MQTT_Publish,MQTT_Publish,0.0,0.0,0.0,1.0,0.0,0.0,0.0,0.0,0.0,0.0,0.0
4113,Thing_Speak,Thing_Speak,0.0,0.0,0.0,0.0,0.0,0.0,0.0,0.0,0.0,1.0,0.0
4114,ARP_poisioning,ARP_poisioning,1.0,0.0,0.0,0.0,0.0,0.0,0.0,0.0,0.0,0.0,0.0
4115,MQTT_Publish,MQTT_Publish,0.0,0.0,0.0,1.0,0.0,0.0,0.0,0.0,0.0,0.0,0.0
4116,MQTT_Publish,MQTT_Publish,0.0,0.0,0.0,1.0,0.0,0.0,0.0,0.0,0.0,0.0,0.0
4117,ARP_poisioning,ARP_poisioning,1.0,0.0,0.0,0.0,0.0,0.0,0.0,0.0,0.0,0.0,0.0
4118,DDOS_Slowloris,NMAP_UDP_SCAN,0.0001346445175555051,0.2951552859142044,0.0,0.0,0.0,0.0,0.0,0.7042048326711123,0.0,9.467371304666508e-05,0.00041056318408096685
4119,ARP_poisioning,ARP_poisioning,1.0,0.0,0.0,0.0,0.0,0.0,0.0,0.0,0.0,0.0,0.0
4120,ARP_poisioning,ARP_poisioning,0.9973151818025159,0.0,0.0,0.0,0.0,0.0,0.0,0.0,0.0,0.00268481819748406,0.0
4121,Thing_Speak,Thing_Speak,0.0,0.0,0.0,0.0,0.0,0.0,0.0,0.0,0.0,1.0,0.0
4122,Thing_Speak,Thing_Speak,0.0,0.0,0.0,0.0,0.0,0.0,0.0,0.0,0.0,1.0,0.0
4123,Thing_Speak,Thing_Speak,0.0,0.0,0.0,0.0,0.0,0.0,0.0,0.0,0.0,1.0,0.0
4124,Thing_Speak,Thing_Speak,0.0,0.0,0.0,0.0,0.0,0.0,0.0,0.0,0.0,1.0,0.0
4125,Thing_Speak,Thing_Speak,0.0,0.0,0.0,0.0,0.0,0.0,0.0,0.0,0.0,1.0,0.0
4126,MQTT_Publish,MQTT_Publish,0.0,0.0,0.0,1.0,0.0,0.0,0.0,0.0,0.0,0.0,0.0
4127,Thing_Speak,Thing_Speak,0.0,0.0,0.0,0.0,0.0,0.0,0.0,0.0,0.0,1.0,0.0
4128,Thing_Speak,Thing_Speak,0.0,0.0,0.0,0.0,0.0,0.0,0.0,0.0,0.0,1.0,0.0
4129,Thing_Speak,Thing_Speak,0.0,0.0,0.0,0.0,0.0,0.0,0.0,0.0,0.0,1.0,0.0
4130,DDOS_Slowloris,NMAP_UDP_SCAN,1.0322104921765483e-05,0.19650042560276426,0.0,0.0,0.0,0.0,0.0,0.803078689108233,0.0,0.0,0.00041056318408096685
4131,Thing_Speak,Thing_Speak,0.0,0.0,0.0,0.0,0.0,0.0,0.0,0.0,0.0,1.0,0.0
4132,ARP_poisioning,ARP_poisioning,1.0,0.0,0.0,0.0,0.0,0.0,0.0,0.0,0.0,0.0,0.0
4133,ARP_poisioning,ARP_poisioning,1.0,0.0,0.0,0.0,0.0,0.0,0.0,0.0,0.0,0.0,0.0
4134,MQTT_Publish,MQTT_Publish,0.0,0.0,0.0,1.0,0.0,0.0,0.0,0.0,0.0,0.0,0.0
4135,Thing_Speak,Thing_Speak,0.0,0.0,0.0,0.0,0.0,0.0,0.0,0.0,0.0,1.0,0.0
4136,MQTT_Publish,MQTT_Publish,0.0,0.0,0.0,1.0,0.0,0.0,0.0,0.0,0.0,0.0,0.0
4137,Thing_Speak,Thing_Speak,0.0,0.0,0.0,0.0,0.0,0.0,0.0,0.0,0.0,1.0,0.0
4138,ARP_poisioning,ARP_poisioning,1.0,0.0,0.0,0.0,0.0,0.0,0.0,0.0,0.0,0.0,0.0
4139,ARP_poisioning,ARP_poisioning,1.0,0.0,0.0,0.0,0.0,0.0,0.0,0.0,0.0,0.0,0.0
4140,ARP_poisioning,ARP_poisioning,1.0,0.0,0.0,0.0,0.0,0.0,0.0,0.0,0.0,0.0,0.0
4141,Thing_Speak,Thing_Speak,0.37901998830389905,0.0,0.0,0.0,0.0,0.0,0.0,0.0,0.01961335174636665,0.6013666599497344,0.0
4142,NMAP_UDP_SCAN,NMAP_UDP_SCAN,1.0322104921765483e-05,0.21694884612520693,0.0,0.0,0.0,0.0,0.0,0.7826302685857904,0.0,0.0,0.00041056318408096685
4143,Thing_Speak,Thing_Speak,0.0,0.0,0.0,0.0,0.0,0.0,0.0,0.0,0.0,1.0,0.0
4144,Thing_Speak,Thing_Speak,0.0,0.0,0.0,0.0,0.0,0.0,0.0,0.0,0.0,1.0,0.0
4145,Thing_Speak,Thing_Speak,0.25834987044450486,0.008253283669868654,0.0,0.0,0.0,0.0,0.0,0.0,0.0,0.7142354649822991,0.019161380903327713
4146,Thing_Speak,Thing_Speak,0.0,0.0,0.0,0.0,0.0,0.0,0.0,0.0,0.0,1.0,0.0
4147,Thing_Speak,Thing_Speak,0.0,0.0,0.0,0.0,0.0,0.0,0.0,0.0,0.0,1.0,0.0
4148,Thing_Speak,Thing_Speak,0.0,0.0,0.0,0.0,0.0,0.0,0.0,0.0,0.0,1.0,0.0
4149,ARP_poisioning,ARP_poisioning,1.0,0.0,0.0,0.0,0.0,0.0,0.0,0.0,0.0,0.0,0.0
4150,MQTT_Publish,MQTT_Publish,0.0,0.0,0.0,1.0,0.0,0.0,0.0,0.0,0.0,0.0,0.0
4151,MQTT_Publish,MQTT_Publish,0.0,0.0,0.0,1.0,0.0,0.0,0.0,0.0,0.0,0.0,0.0
4152,Thing_Speak,Thing_Speak,0.0,0.0,0.0,0.0,0.0,0.0,0.0,0.0,0.0,1.0,0.0
4153,MQTT_Publish,MQTT_Publish,0.0,0.0,0.0,1.0,0.0,0.0,0.0,0.0,0.0,0.0,0.0
4154,Thing_Speak,Thing_Speak,0.0,0.0,0.0,0.0,0.0,0.0,0.0,0.0,0.0,1.0,0.0
4155,NMAP_UDP_SCAN,NMAP_UDP_SCAN,1.0322104921765483e-05,0.1812026034342713,0.0,0.0,0.0,0.0,0.0,0.8183656891760323,0.0,1.0822100693472182e-05,0.00041056318408096685
4156,Thing_Speak,Thing_Speak,0.0,0.0,0.0,0.0,0.0,0.0,0.0,0.0,0.0,1.0,0.0
4157,Thing_Speak,ARP_poisioning,0.5861792514899968,0.0,0.0,0.0,0.0,0.0,0.0,0.0,0.0,0.41382074851000294,0.0
4158,MQTT_Publish,MQTT_Publish,0.0,0.0,0.0,1.0,0.0,0.0,0.0,0.0,0.0,0.0,0.0
4159,ARP_poisioning,ARP_poisioning,1.0,0.0,0.0,0.0,0.0,0.0,0.0,0.0,0.0,0.0,0.0
4160,Thing_Speak,Thing_Speak,0.0,0.0,0.0,0.0,0.0,0.0,0.0,0.0,0.0,1.0,0.0
4161,ARP_poisioning,ARP_poisioning,0.9630158699513681,0.009654700854700856,0.0,0.0,0.0,0.0,0.0,0.0,0.0,0.027329429193930953,0.0
4162,Metasploit_Brute_Force_SSH,Metasploit_Brute_Force_SSH,0.020056764427625353,0.0,0.0,0.0,0.9399432355723747,0.0,0.0,0.0,0.0,0.03,0.01
4163,Thing_Speak,Thing_Speak,0.0,0.0,0.0,0.0,0.0,0.0,0.0,0.0,0.0,1.0,0.0
4164,Thing_Speak,Thing_Speak,0.0,0.0,0.0,0.0,0.0,0.0,0.0,0.0,0.0,1.0,0.0
4165,ARP_poisioning,ARP_poisioning,1.0,0.0,0.0,0.0,0.0,0.0,0.0,0.0,0.0,0.0,0.0
4166,MQTT_Publish,MQTT_Publish,0.0,0.0,0.0,1.0,0.0,0.0,0.0,0.0,0.0,0.0,0.0
4167,Thing_Speak,Thing_Speak,0.07857609878575081,0.009372412290259317,0.0,0.0047774610830958126,0.01,0.0,0.0,0.0,0.0,0.8485501937835553,0.04872383405733867
4168,Thing_Speak,Thing_Speak,0.0,0.0,0.0,0.0,0.0,0.0,0.0,0.0,0.0,1.0,0.0
4169,ARP_poisioning,ARP_poisioning,1.0,0.0,0.0,0.0,0.0,0.0,0.0,0.0,0.0,0.0,0.0
4170,ARP_poisioning,ARP_poisioning,1.0,0.0,0.0,0.0,0.0,0.0,0.0,0.0,0.0,0.0,0.0
4171,Thing_Speak,Thing_Speak,0.0,0.0,0.0,0.0,0.0,0.0,0.0,0.0,0.0,1.0,0.0
4172,ARP_poisioning,ARP_poisioning,1.0,0.0,0.0,0.0,0.0,0.0,0.0,0.0,0.0,0.0,0.0
4173,Thing_Speak,Thing_Speak,0.0,0.0,0.0,0.0,0.0,0.0,0.0,0.0,0.0,1.0,0.0
4174,Thing_Speak,Thing_Speak,0.0,0.0,0.0,0.0,0.0,0.0,0.0,0.0,0.0,1.0,0.0
4175,MQTT_Publish,MQTT_Publish,0.0,0.0,0.0,1.0,0.0,0.0,0.0,0.0,0.0,0.0,0.0
4176,MQTT_Publish,MQTT_Publish,0.0,0.0,0.0,1.0,0.0,0.0,0.0,0.0,0.0,0.0,0.0
4177,MQTT_Publish,MQTT_Publish,0.0,0.0,0.0,1.0,0.0,0.0,0.0,0.0,0.0,0.0,0.0
4178,MQTT_Publish,MQTT_Publish,0.0,0.0,0.0,1.0,0.0,0.0,0.0,0.0,0.0,0.0,0.0
4179,Thing_Speak,Thing_Speak,0.0,0.0,0.0,0.0,0.0,0.0,0.0,0.0,0.0,1.0,0.0
4180,Thing_Speak,Thing_Speak,0.0,0.0,0.0,0.0,0.0,0.0,0.0,0.0,0.0,1.0,0.0
4181,Thing_Speak,Thing_Speak,0.0,0.0,0.0,0.0,0.0,0.0,0.0,0.0,0.0,1.0,0.0
4182,Thing_Speak,Thing_Speak,0.0,0.0,0.0,0.0,0.0,0.0,0.0,0.0,0.0,1.0,0.0
4183,Thing_Speak,ARP_poisioning,0.6230711252857656,0.0,0.0,0.0,0.0,0.0,0.0,0.0,0.02952858551651989,0.3378072487966529,0.009593040401061632
4184,Thing_Speak,Thing_Speak,0.0,0.0,0.0,0.0,0.0,0.0,0.0,0.0,0.0,1.0,0.0
4185,ARP_poisioning,ARP_poisioning,0.7272568744828327,0.12063791205783786,0.0,0.0,0.0,0.0,0.0,0.05684333881334901,0.0,0.08563747560751882,0.00962439903846154
4186,Thing_Speak,Thing_Speak,0.0,0.0,0.0,0.0,0.0,0.0,0.0,0.0,0.0,1.0,0.0
4187,Thing_Speak,Thing_Speak,0.0,0.0,0.0,0.0,0.0,0.0,0.0,0.0,0.0,1.0,0.0
4188,MQTT_Publish,MQTT_Publish,0.0,0.0,0.0,1.0,0.0,0.0,0.0,0.0,0.0,0.0,0.0
4189,ARP_poisioning,ARP_poisioning,1.0,0.0,0.0,0.0,0.0,0.0,0.0,0.0,0.0,0.0,0.0
4190,ARP_poisioning,ARP_poisioning,0.9889101800492165,0.0,0.0,0.0,0.0,0.0,0.0,0.0,0.0,0.011089819950783588,0.0
4191,Thing_Speak,Thing_Speak,0.0,0.0,0.0,0.0,0.0,0.0,0.0,0.0,0.0,1.0,0.0
4192,Thing_Speak,Thing_Speak,0.0,0.0,0.0,0.0,0.0,0.0,0.0,0.0,0.0,1.0,0.0
4193,ARP_poisioning,ARP_poisioning,1.0,0.0,0.0,0.0,0.0,0.0,0.0,0.0,0.0,0.0,0.0
4194,Thing_Speak,Thing_Speak,0.0,0.0,0.0,0.0,0.0,0.0,0.0,0.0,0.0,1.0,0.0
4195,Thing_Speak,Thing_Speak,0.0,0.0,0.0,0.0,0.0,0.0,0.0,0.0,0.0,1.0,0.0
4196,MQTT_Publish,MQTT_Publish,0.0,0.0,0.0,1.0,0.0,0.0,0.0,0.0,0.0,0.0,0.0
4197,MQTT_Publish,MQTT_Publish,0.0,0.0,0.0,1.0,0.0,0.0,0.0,0.0,0.0,0.0,0.0
4198,ARP_poisioning,ARP_poisioning,1.0,0.0,0.0,0.0,0.0,0.0,0.0,0.0,0.0,0.0,0.0
4199,Thing_Speak,Thing_Speak,0.0,0.0,0.0,0.0,0.0,0.0,0.0,0.0,0.0,1.0,0.0
4200,DDOS_Slowloris,DDOS_Slowloris,0.010950983269738774,0.9790490167302613,0.0,0.0,0.0,0.0,0.0,0.0,0.0,0.00032962036826551485,0.009670379631734484
4201,MQTT_Publish,MQTT_Publish,0.0,0.0,0.0,1.0,0.0,0.0,0.0,0.0,0.0,0.0,0.0
4202,Thing_Speak,Thing_Speak,0.0,0.0,0.0,0.0,0.0,0.0,0.0,0.0,0.0,1.0,0.0
4203,ARP_poisioning,ARP_poisioning,1.0,0.0,0.0,0.0,0.0,0.0,0.0,0.0,0.0,0.0,0.0
4204,ARP_poisioning,ARP_poisioning,1.0,0.0,0.0,0.0,0.0,0.0,0.0,0.0,0.0,0.0,0.0
4205,MQTT_Publish,MQTT_Publish,0.0,0.0,0.0,1.0,0.0,0.0,0.0,0.0,0.0,0.0,0.0
4206,Thing_Speak,Thing_Speak,0.0,0.0,0.0,0.0,0.0,0.0,0.0,0.0,0.0,1.0,0.0
4207,Thing_Speak,Thing_Speak,0.0,0.0,0.0,0.0,0.0,0.0,0.0,0.0,0.0,1.0,0.0
4208,Thing_Speak,Thing_Speak,0.0,0.0,0.0,0.0,0.0,0.0,0.0,0.0,0.0,1.0,0.0
4209,DDOS_Slowloris,DDOS_Slowloris,0.0005154000928648816,0.9985588284309049,0.0,0.0009257714762301919,0.0,0.0,0.0,0.0,0.0,0.0,0.0
4210,Thing_Speak,Thing_Speak,0.0,0.0,0.0,0.0,0.0,0.0,0.0,0.0,0.0,1.0,0.0
4211,Thing_Speak,Thing_Speak,0.0,0.0,0.0,0.0,0.0,0.0,0.0,0.0,0.0,1.0,0.0
4212,ARP_poisioning,ARP_poisioning,1.0,0.0,0.0,0.0,0.0,0.0,0.0,0.0,0.0,0.0,0.0
4213,Thing_Speak,Thing_Speak,0.302096599761879,0.012540545119449109,0.0,0.01,0.0,0.0,0.0,0.061333293021138484,0.0,0.5725485965887303,0.04148096550880305
4214,NMAP_UDP_SCAN,NMAP_UDP_SCAN,1.0322104921765483e-05,0.1575903482438295,0.0,0.0,0.0,0.0,0.0,0.8419779443664741,0.0,1.0822100693472182e-05,0.00041056318408096685
4215,Thing_Speak,Thing_Speak,0.0,0.0,0.0,0.0,0.0,0.0,0.0,0.0,0.0,1.0,0.0
4216,ARP_poisioning,ARP_poisioning,0.9788563791092697,0.0,0.0,0.0,0.0,0.0,0.0,0.0,0.0,0.021143620890730283,0.0
4217,MQTT_Publish,MQTT_Publish,0.0,0.0,0.0,1.0,0.0,0.0,0.0,0.0,0.0,0.0,0.0
4218,NMAP_XMAS_TREE_SCAN,NMAP_XMAS_TREE_SCAN,1.9312397125388537e-05,0.0,0.0,4.75897649868369e-05,0.0,0.08050730811675319,0.001390912842513492,0.0002746408124414594,0.9170135973268444,3.4163212055015705e-06,0.0007432224181298227
4219,MQTT_Publish,MQTT_Publish,0.0,0.0,0.0,1.0,0.0,0.0,0.0,0.0,0.0,0.0,0.0
4220,Thing_Speak,Thing_Speak,0.0,0.0,0.0,0.0,0.0,0.0,0.0,0.0,0.0,1.0,0.0
4221,Wipro_bulb,Wipro_bulb,3.687867081389752e-05,0.0,0.0,0.0,0.0,0.0,0.0,0.0,0.0,0.010345109213282244,0.9896180121159038
4222,ARP_poisioning,ARP_poisioning,0.9972919372997316,0.0,0.0,0.0,0.0,0.0,0.0,0.0,0.0,0.002708062700268468,0.0
4223,ARP_poisioning,ARP_poisioning,1.0,0.0,0.0,0.0,0.0,0.0,0.0,0.0,0.0,0.0,0.0
4224,Thing_Speak,Thing_Speak,0.0,0.0,0.0,0.0,0.0,0.0,0.0,0.0,0.0,1.0,0.0
4225,ARP_poisioning,ARP_poisioning,0.99,0.01,0.0,0.0,0.0,0.0,0.0,0.0,0.0,0.0,0.0
4226,MQTT_Publish,MQTT_Publish,0.0,0.0,0.0,1.0,0.0,0.0,0.0,0.0,0.0,0.0,0.0
4227,Thing_Speak,Thing_Speak,0.0,0.0,0.0,0.0,0.0,0.0,0.0,0.0,0.0,1.0,0.0
4228,ARP_poisioning,ARP_poisioning,0.9819106058816673,0.0,0.0,0.0,0.0,0.0,0.0,0.0,0.0,0.018089394118332595,0.0
4229,ARP_poisioning,ARP_poisioning,1.0,0.0,0.0,0.0,0.0,0.0,0.0,0.0,0.0,0.0,0.0
4230,Thing_Speak,Thing_Speak,0.0,0.0,0.0,0.0,0.0,0.0,0.0,0.0,0.0,1.0,0.0
4231,Thing_Speak,Thing_Speak,0.0,0.0,0.0,0.0,0.0,0.0,0.0,0.0,0.0,1.0,0.0
4232,ARP_poisioning,ARP_poisioning,0.9939880896114945,0.0,0.0,0.0,0.0,0.0,0.0,0.0,0.0,0.00601191038850553,0.0
4233,MQTT_Publish,MQTT_Publish,0.0,0.0,0.0,1.0,0.0,0.0,0.0,0.0,0.0,0.0,0.0
4234,MQTT_Publish,MQTT_Publish,0.0,0.0,0.0,1.0,0.0,0.0,0.0,0.0,0.0,0.0,0.0
4235,ARP_poisioning,ARP_poisioning,1.0,0.0,0.0,0.0,0.0,0.0,0.0,0.0,0.0,0.0,0.0
4236,MQTT_Publish,MQTT_Publish,0.0,0.0,0.0,1.0,0.0,0.0,0.0,0.0,0.0,0.0,0.0
4237,MQTT_Publish,MQTT_Publish,0.0,0.0,0.0,1.0,0.0,0.0,0.0,0.0,0.0,0.0,0.0
4238,MQTT_Publish,MQTT_Publish,0.0,0.0,0.0,1.0,0.0,0.0,0.0,0.0,0.0,0.0,0.0
4239,MQTT_Publish,MQTT_Publish,0.0,0.0,0.0,1.0,0.0,0.0,0.0,0.0,0.0,0.0,0.0
4240,Thing_Speak,Thing_Speak,0.10826253608849608,0.0,0.0,0.0,0.0,0.0,0.0,0.0,0.0,0.8917374639115039,0.0
4241,MQTT_Publish,MQTT_Publish,0.0,0.0,0.0,1.0,0.0,0.0,0.0,0.0,0.0,0.0,0.0
4242,ARP_poisioning,ARP_poisioning,0.9712106910686886,0.0,0.0,0.0,0.009950171286203674,0.0,0.0,0.0,0.0,0.00020050125313283212,0.01863863639197496
4243,Thing_Speak,Thing_Speak,0.0,0.0,0.0,0.0,0.0,0.0,0.0,0.0,0.0,1.0,0.0
4244,MQTT_Publish,MQTT_Publish,0.0,0.0,0.0,1.0,0.0,0.0,0.0,0.0,0.0,0.0,0.0
4245,NMAP_OS_DETECTION,NMAP_OS_DETECTION,0.009089206796241152,1.6187824150449924e-05,0.0,0.0001981152002112778,0.0,0.8214045959490168,0.027063313904319375,0.0011017084816143917,0.12632541584582074,0.0011242923267336918,0.013677163671892185
4246,Thing_Speak,Thing_Speak,0.0,0.0,0.0,0.0,0.0,0.0,0.0,0.0,0.0,1.0,0.0
4247,DDOS_Slowloris,DDOS_Slowloris,0.003267728674203494,0.9967322713257966,0.0,0.0,0.0,0.0,0.0,0.0,0.0,0.0,0.0
4248,Thing_Speak,Thing_Speak,0.0,0.0,0.0,0.0,0.0,0.0,0.0,0.0,0.0,1.0,0.0
4249,MQTT_Publish,MQTT_Publish,0.0,0.0,0.0,1.0,0.0,0.0,0.0,0.0,0.0,0.0,0.0
4250,Thing_Speak,Thing_Speak,0.0,0.0,0.0,0.0,0.0,0.0,0.0,0.0,0.0,1.0,0.0
4251,Thing_Speak,Thing_Speak,0.0,0.0,0.0,0.0,0.0,0.0,0.0,0.0,0.0,1.0,0.0
4252,MQTT_Publish,MQTT_Publish,0.0,0.0,0.0,1.0,0.0,0.0,0.0,0.0,0.0,0.0,0.0
4253,Thing_Speak,Thing_Speak,0.0,0.0,0.0,0.0,0.0,0.0,0.0,0.0,0.0,1.0,0.0
4254,Thing_Speak,Thing_Speak,0.0,0.0,0.0,0.0,0.0,0.0,0.0,0.0,0.0,1.0,0.0
4255,ARP_poisioning,ARP_poisioning,0.991470277481193,0.0,0.0,0.0,0.0,0.0,0.0,0.0,0.0,0.008529722518806916,0.0
4256,Thing_Speak,Thing_Speak,0.0,0.0,0.0,0.0,0.0,0.0,0.0,0.0,0.0,1.0,0.0
4257,Thing_Speak,Thing_Speak,0.0,0.0,0.0,0.0,0.0,0.0,0.0,0.0,0.0,1.0,0.0
4258,Thing_Speak,Thing_Speak,0.0,0.0,0.0,0.0,0.0,0.0,0.0,0.0,0.0,1.0,0.0
4259,Thing_Speak,Thing_Speak,0.0,0.0,0.0,0.0,0.0,0.0,0.0,0.0,0.0,1.0,0.0
4260,ARP_poisioning,ARP_poisioning,0.9904730340463995,0.0,0.0,0.0,0.0,0.0,0.0,0.0,0.0,0.0,0.009526965953600482
4261,Thing_Speak,Thing_Speak,0.0,0.0,0.0,0.0,0.0,0.0,0.0,0.0,0.0,1.0,0.0
4262,Thing_Speak,Thing_Speak,0.0,0.0,0.0,0.0,0.0,0.0,0.0,0.0,0.0,1.0,0.0
4263,NMAP_UDP_SCAN,NMAP_UDP_SCAN,0.016671088446865746,0.0021112332889634796,0.0146231210167279,0.0,0.05428968555231412,0.0,0.0,0.8626708476442642,0.0,0.0496340240508645,0.0
4264,Thing_Speak,Thing_Speak,0.0,0.0,0.0,0.0,0.0,0.0,0.0,0.0,0.0,1.0,0.0
4265,Thing_Speak,Thing_Speak,0.0,0.0,0.0,0.0,0.0,0.0,0.0,0.0,0.0,1.0,0.0
4266,Thing_Speak,Thing_Speak,0.0,0.0,0.0,0.0,0.0,0.0,0.0,0.0,0.0,1.0,0.0
4267,ARP_poisioning,ARP_poisioning,0.9474226787782878,0.0,0.0,0.0,0.0,0.0,0.0,0.0,0.0,0.052577321221712256,0.0
4268,DDOS_Slowloris,DDOS_Slowloris,0.0,1.0,0.0,0.0,0.0,0.0,0.0,0.0,0.0,0.0,0.0
4269,MQTT_Publish,MQTT_Publish,0.0,0.0,0.0,1.0,0.0,0.0,0.0,0.0,0.0,0.0,0.0
4270,ARP_poisioning,ARP_poisioning,1.0,0.0,0.0,0.0,0.0,0.0,0.0,0.0,0.0,0.0,0.0
4271,MQTT_Publish,MQTT_Publish,0.0,0.0,0.0,1.0,0.0,0.0,0.0,0.0,0.0,0.0,0.0
4272,ARP_poisioning,ARP_poisioning,0.9930940594059406,0.0,0.0,0.0,0.0,0.0,0.0,0.0,0.0,0.006905940594059407,0.0
4273,ARP_poisioning,ARP_poisioning,1.0,0.0,0.0,0.0,0.0,0.0,0.0,0.0,0.0,0.0,0.0
4274,Thing_Speak,Thing_Speak,0.0,0.0,0.0,0.0,0.0,0.0,0.0,0.0,0.0,1.0,0.0
4275,DDOS_Slowloris,DDOS_Slowloris,0.0,1.0,0.0,0.0,0.0,0.0,0.0,0.0,0.0,0.0,0.0
4276,Thing_Speak,Thing_Speak,0.0,0.0,0.0,0.0,0.0,0.0,0.0,0.0,0.0,1.0,0.0
4277,MQTT_Publish,MQTT_Publish,0.0,0.0,0.0,1.0,0.0,0.0,0.0,0.0,0.0,0.0,0.0
4278,ARP_poisioning,ARP_poisioning,0.5392661846240163,0.037305232814172064,0.0,0.012685516842917575,0.0,0.0,0.0,0.026895037893418836,0.0,0.3610814693383204,0.02276655848715486
4279,MQTT_Publish,MQTT_Publish,0.0,0.0,0.0,1.0,0.0,0.0,0.0,0.0,0.0,0.0,0.0
4280,MQTT_Publish,MQTT_Publish,0.0,0.0,0.0,1.0,0.0,0.0,0.0,0.0,0.0,0.0,0.0
4281,Thing_Speak,Thing_Speak,0.0,0.0,0.0,0.0,0.0,0.0,0.0,0.0,0.0,1.0,0.0
4282,Thing_Speak,Thing_Speak,0.0,0.0,0.0,0.0,0.0,0.0,0.0,0.0,0.0,1.0,0.0
4283,ARP_poisioning,ARP_poisioning,1.0,0.0,0.0,0.0,0.0,0.0,0.0,0.0,0.0,0.0,0.0
4284,Thing_Speak,Thing_Speak,0.0,0.0,0.0,0.0,0.0,0.0,0.0,0.0,0.0,1.0,0.0
4285,DDOS_Slowloris,DDOS_Slowloris,0.0,1.0,0.0,0.0,0.0,0.0,0.0,0.0,0.0,0.0,0.0
4286,Thing_Speak,Thing_Speak,0.0,0.0,0.0,0.0,0.0,0.0,0.0,0.0,0.0,1.0,0.0
4287,Thing_Speak,Thing_Speak,0.0,0.0,0.0,0.0,0.0,0.0,0.0,0.0,0.0,1.0,0.0
4288,MQTT_Publish,MQTT_Publish,0.0,0.0,0.0,1.0,0.0,0.0,0.0,0.0,0.0,0.0,0.0
4289,Thing_Speak,Thing_Speak,0.0,0.0,0.0,0.0,0.0,0.0,0.0,0.0,0.0,1.0,0.0
4290,ARP_poisioning,ARP_poisioning,0.9857564377682404,0.0,0.0,0.0,0.0,0.0,0.0,0.0,0.0,0.014243562231759656,0.0
4291,Thing_Speak,Thing_Speak,0.0,0.0,0.0,0.0,0.0,0.0,0.0,0.0,0.0,1.0,0.0
4292,Thing_Speak,Thing_Speak,0.0,0.0,0.0,0.0,0.0,0.0,0.0,0.0,0.0,1.0,0.0
4293,MQTT_Publish,MQTT_Publish,0.0,0.0,0.0,1.0,0.0,0.0,0.0,0.0,0.0,0.0,0.0
4294,Thing_Speak,Thing_Speak,0.0,0.0,0.0,0.0,0.0,0.0,0.0,0.0,0.0,1.0,0.0
4295,ARP_poisioning,ARP_poisioning,1.0,0.0,0.0,0.0,0.0,0.0,0.0,0.0,0.0,0.0,0.0
4296,ARP_poisioning,ARP_poisioning,0.9840865994946968,0.0,0.0,0.0,0.009906542056074767,0.0,0.0,0.0,0.0,0.006006858449228425,0.0
4297,ARP_poisioning,ARP_poisioning,1.0,0.0,0.0,0.0,0.0,0.0,0.0,0.0,0.0,0.0,0.0
4298,ARP_poisioning,ARP_poisioning,0.9122695555726549,0.0,0.0,0.0,0.0,0.0,0.0,0.0,0.0,0.07802551127842852,0.009704933148916552
4299,Thing_Speak,Thing_Speak,0.0,0.0,0.0,0.0,0.0,0.0,0.0,0.0,0.0,1.0,0.0
4300,Thing_Speak,Thing_Speak,0.0,0.0,0.0,0.0,0.0,0.0,0.0,0.0,0.0,1.0,0.0
4301,Thing_Speak,Thing_Speak,0.0,0.0,0.0,0.0,0.0,0.0,0.0,0.0,0.0,1.0,0.0
4302,MQTT_Publish,MQTT_Publish,0.0,0.0,0.0,1.0,0.0,0.0,0.0,0.0,0.0,0.0,0.0
4303,ARP_poisioning,ARP_poisioning,1.0,0.0,0.0,0.0,0.0,0.0,0.0,0.0,0.0,0.0,0.0
4304,MQTT_Publish,MQTT_Publish,0.0,0.0,0.0,1.0,0.0,0.0,0.0,0.0,0.0,0.0,0.0
4305,MQTT_Publish,MQTT_Publish,0.0,0.0,0.0,1.0,0.0,0.0,0.0,0.0,0.0,0.0,0.0
4306,MQTT_Publish,MQTT_Publish,0.0,0.0,0.0,1.0,0.0,0.0,0.0,0.0,0.0,0.0,0.0
4307,Thing_Speak,Thing_Speak,0.0,0.0,0.0,0.0,0.0,0.0,0.0,0.0,0.0,1.0,0.0
4308,Thing_Speak,Thing_Speak,0.0,0.0,0.0,0.0,0.0,0.0,0.0,0.0,0.0,1.0,0.0
4309,Thing_Speak,Thing_Speak,0.0,0.0,0.0,0.0,0.0,0.0,0.0,0.0,0.0,1.0,0.0
4310,ARP_poisioning,ARP_poisioning,1.0,0.0,0.0,0.0,0.0,0.0,0.0,0.0,0.0,0.0,0.0
4311,Wipro_bulb,Wipro_bulb,0.02736691397438329,0.0,0.0,0.0,0.02,0.0,0.0,0.0,0.0,0.0744317205977581,0.8782013654278586
4312,Thing_Speak,Thing_Speak,0.0,0.0,0.0,0.0,0.0,0.0,0.0,0.0,0.0,1.0,0.0
4313,Thing_Speak,Thing_Speak,0.0,0.0,0.0,0.0,0.0,0.0,0.0,0.0,0.0,1.0,0.0
4314,Thing_Speak,Thing_Speak,0.0,0.0,0.0,0.0,0.0,0.0,0.0,0.0,0.0,1.0,0.0
4315,Wipro_bulb,Wipro_bulb,0.0002485356973246795,0.0,0.0,0.0,0.0,0.0,0.0,0.012166305916305915,0.0,0.00022588660492432798,0.9873592717814451
4316,MQTT_Publish,MQTT_Publish,0.0,0.0,0.0,1.0,0.0,0.0,0.0,0.0,0.0,0.0,0.0
4317,MQTT_Publish,MQTT_Publish,0.0,0.0,0.0,1.0,0.0,0.0,0.0,0.0,0.0,0.0,0.0
4318,ARP_poisioning,ARP_poisioning,1.0,0.0,0.0,0.0,0.0,0.0,0.0,0.0,0.0,0.0,0.0
4319,MQTT_Publish,MQTT_Publish,0.0,0.0,0.0,1.0,0.0,0.0,0.0,0.0,0.0,0.0,0.0
4320,Thing_Speak,Thing_Speak,0.0,0.0,0.0,0.0,0.0,0.0,0.0,0.0,0.0,1.0,0.0
4321,MQTT_Publish,MQTT_Publish,0.0,0.0,0.0,1.0,0.0,0.0,0.0,0.0,0.0,0.0,0.0
4322,ARP_poisioning,ARP_poisioning,1.0,0.0,0.0,0.0,0.0,0.0,0.0,0.0,0.0,0.0,0.0
4323,Thing_Speak,Thing_Speak,0.0,0.0,0.0,0.0,0.0,0.0,0.0,0.0,0.0,1.0,0.0
4324,MQTT_Publish,MQTT_Publish,0.0,0.0,0.0,1.0,0.0,0.0,0.0,0.0,0.0,0.0,0.0
4325,ARP_poisioning,ARP_poisioning,1.0,0.0,0.0,0.0,0.0,0.0,0.0,0.0,0.0,0.0,0.0
4326,Thing_Speak,Thing_Speak,0.0,0.0,0.0,0.0,0.0,0.0,0.0,0.0,0.0,1.0,0.0
4327,Thing_Speak,Thing_Speak,0.0,0.0,0.0,0.0,0.0,0.0,0.0,0.0,0.0,1.0,0.0
4328,ARP_poisioning,ARP_poisioning,0.9900498287137964,0.0,0.0,0.0,0.009950171286203674,0.0,0.0,0.0,0.0,0.0,0.0
4329,Thing_Speak,Thing_Speak,0.0,0.0,0.0,0.0,0.0,0.0,0.0,0.0,0.0,1.0,0.0
4330,Thing_Speak,Thing_Speak,0.0,0.0,0.0,0.0,0.0,0.0,0.0,0.0,0.0,1.0,0.0
4331,MQTT_Publish,MQTT_Publish,0.0,0.0,0.0,1.0,0.0,0.0,0.0,0.0,0.0,0.0,0.0
4332,MQTT_Publish,MQTT_Publish,0.0,0.0,0.0,1.0,0.0,0.0,0.0,0.0,0.0,0.0,0.0
4333,ARP_poisioning,ARP_poisioning,0.9903732028143163,0.0,0.0,0.0,0.0,0.0,0.0,0.009626797185683697,0.0,0.0,0.0
4334,MQTT_Publish,MQTT_Publish,0.0,0.0,0.0,1.0,0.0,0.0,0.0,0.0,0.0,0.0,0.0
4335,DDOS_Slowloris,DDOS_Slowloris,0.0,1.0,0.0,0.0,0.0,0.0,0.0,0.0,0.0,0.0,0.0
4336,ARP_poisioning,ARP_poisioning,1.0,0.0,0.0,0.0,0.0,0.0,0.0,0.0,0.0,0.0,0.0
4337,ARP_poisioning,ARP_poisioning,1.0,0.0,0.0,0.0,0.0,0.0,0.0,0.0,0.0,0.0,0.0
4338,MQTT_Publish,MQTT_Publish,0.0,0.0,0.0,1.0,0.0,0.0,0.0,0.0,0.0,0.0,0.0
4339,NMAP_UDP_SCAN,NMAP_UDP_SCAN,0.0028850739133633885,0.0,0.0006506561435715163,0.0,0.006395195279265432,0.0,0.0,0.9388549234198459,0.0,0.05098585446632641,0.00022829677762749745
4340,Thing_Speak,Thing_Speak,0.0,0.0,0.0,0.0,0.0,0.0,0.0,0.0,0.0,1.0,0.0
4341,ARP_poisioning,ARP_poisioning,0.9872851103181557,0.0,0.0,0.0,0.0,0.0,0.0,0.0,0.0,0.012714889681844184,0.0
4342,ARP_poisioning,ARP_poisioning,1.0,0.0,0.0,0.0,0.0,0.0,0.0,0.0,0.0,0.0,0.0
4343,Thing_Speak,Thing_Speak,0.0,0.0,0.0,0.0,0.0,0.0,0.0,0.0,0.0,1.0,0.0
4344,Thing_Speak,Thing_Speak,0.0,0.0,0.0,0.0,0.0,0.0,0.0,0.0,0.0,1.0,0.0
4345,MQTT_Publish,MQTT_Publish,0.0,0.0,0.0,1.0,0.0,0.0,0.0,0.0,0.0,0.0,0.0
4346,Thing_Speak,Thing_Speak,0.0,0.0,0.0,0.0,0.0,0.0,0.0,0.0,0.0,1.0,0.0
4347,Thing_Speak,Thing_Speak,0.0,0.0,0.0,0.0,0.0,0.0,0.0,0.0,0.0,1.0,0.0
4348,ARP_poisioning,ARP_poisioning,1.0,0.0,0.0,0.0,0.0,0.0,0.0,0.0,0.0,0.0,0.0
4349,Thing_Speak,Thing_Speak,0.0,0.0,0.0,0.0,0.0,0.0,0.0,0.0,0.0,1.0,0.0
4350,MQTT_Publish,MQTT_Publish,0.0,0.0,0.0,1.0,0.0,0.0,0.0,0.0,0.0,0.0,0.0
4351,ARP_poisioning,ARP_poisioning,0.995746135959513,0.0,0.0,0.0,0.0,0.0,0.0,0.0,0.0,0.004253864040486937,0.0
4352,Thing_Speak,Thing_Speak,0.0,0.0,0.0,0.0,0.0,0.0,0.0,0.0,0.0,1.0,0.0
4353,ARP_poisioning,ARP_poisioning,1.0,0.0,0.0,0.0,0.0,0.0,0.0,0.0,0.0,0.0,0.0
4354,Thing_Speak,Thing_Speak,0.0,0.0,0.0,0.0,0.0,0.0,0.0,0.0,0.0,1.0,0.0
4355,MQTT_Publish,MQTT_Publish,0.0,0.0,0.0,1.0,0.0,0.0,0.0,0.0,0.0,0.0,0.0
4356,MQTT_Publish,MQTT_Publish,0.0,0.0,0.0,1.0,0.0,0.0,0.0,0.0,0.0,0.0,0.0
4357,ARP_poisioning,ARP_poisioning,1.0,0.0,0.0,0.0,0.0,0.0,0.0,0.0,0.0,0.0,0.0
4358,ARP_poisioning,ARP_poisioning,1.0,0.0,0.0,0.0,0.0,0.0,0.0,0.0,0.0,0.0,0.0
4359,MQTT_Publish,MQTT_Publish,0.0,0.0,0.0,1.0,0.0,0.0,0.0,0.0,0.0,0.0,0.0
4360,MQTT_Publish,MQTT_Publish,0.0,0.0,0.0,1.0,0.0,0.0,0.0,0.0,0.0,0.0,0.0
4361,Thing_Speak,Thing_Speak,0.0,0.0,0.0,0.0,0.0,0.0,0.0,0.0,0.0,1.0,0.0
4362,MQTT_Publish,MQTT_Publish,0.0,0.0,0.0,1.0,0.0,0.0,0.0,0.0,0.0,0.0,0.0
4363,MQTT_Publish,MQTT_Publish,0.0,0.0,0.0,1.0,0.0,0.0,0.0,0.0,0.0,0.0,0.0
4364,Thing_Speak,Thing_Speak,0.0,0.0,0.0,0.0,0.0,0.0,0.0,0.0,0.0,1.0,0.0
4365,MQTT_Publish,MQTT_Publish,0.0,0.0,0.0,1.0,0.0,0.0,0.0,0.0,0.0,0.0,0.0
4366,ARP_poisioning,ARP_poisioning,1.0,0.0,0.0,0.0,0.0,0.0,0.0,0.0,0.0,0.0,0.0
4367,Thing_Speak,Thing_Speak,0.0,0.0,0.0,0.0,0.0,0.0,0.0,0.0,0.0,1.0,0.0
4368,ARP_poisioning,ARP_poisioning,1.0,0.0,0.0,0.0,0.0,0.0,0.0,0.0,0.0,0.0,0.0
4369,MQTT_Publish,MQTT_Publish,0.0,0.0,0.0,1.0,0.0,0.0,0.0,0.0,0.0,0.0,0.0
4370,Thing_Speak,Thing_Speak,0.0,0.0,0.0,0.0,0.0,0.0,0.0,0.0,0.0,1.0,0.0
4371,Thing_Speak,Thing_Speak,0.0,0.0,0.0,0.0,0.0,0.0,0.0,0.0,0.0,1.0,0.0
4372,MQTT_Publish,MQTT_Publish,0.0,0.0,0.0,1.0,0.0,0.0,0.0,0.0,0.0,0.0,0.0
4373,ARP_poisioning,ARP_poisioning,0.7947527223429135,0.0,0.0,0.06068639811637304,0.0,0.0,0.0,0.0,0.0,0.1061259174975266,0.038434962043186506
4374,MQTT_Publish,MQTT_Publish,0.0,0.0,0.0,1.0,0.0,0.0,0.0,0.0,0.0,0.0,0.0
4375,Thing_Speak,Thing_Speak,0.44338153220958076,0.0,0.0,0.0,0.0,0.0,0.0,0.0,0.0,0.5566184677904193,0.0
4376,Thing_Speak,Thing_Speak,0.0,0.0,0.0,0.0,0.0,0.0,0.0,0.0,0.0,1.0,0.0
4377,Thing_Speak,Thing_Speak,0.0,0.0,0.0,0.0,0.0,0.0,0.0,0.0,0.0,1.0,0.0
4378,Thing_Speak,Thing_Speak,0.0,0.0,0.0,0.0,0.0,0.0,0.0,0.0,0.0,1.0,0.0
4379,ARP_poisioning,ARP_poisioning,0.7209157188833258,0.03697881361592071,0.0,0.010064453779723126,0.0,0.0,0.0,0.00238584090262165,0.0,0.12723650631330263,0.10241866650510613
4380,NMAP_UDP_SCAN,NMAP_UDP_SCAN,1.4402633081749854e-05,0.12825929880668918,0.010703278377778245,3.308542884506747e-05,0.0,0.005244855024745777,0.013771556322220385,0.841165385929924,0.0,3.0110077288435226e-05,0.0007780273994271982
4381,MQTT_Publish,MQTT_Publish,0.0,0.0,0.0,1.0,0.0,0.0,0.0,0.0,0.0,0.0,0.0
4382,MQTT_Publish,MQTT_Publish,0.0,0.0,0.0,1.0,0.0,0.0,0.0,0.0,0.0,0.0,0.0
4383,ARP_poisioning,ARP_poisioning,1.0,0.0,0.0,0.0,0.0,0.0,0.0,0.0,0.0,0.0,0.0
4384,MQTT_Publish,MQTT_Publish,0.0,0.0,0.0,1.0,0.0,0.0,0.0,0.0,0.0,0.0,0.0
4385,MQTT_Publish,MQTT_Publish,0.0,0.0,0.0,1.0,0.0,0.0,0.0,0.0,0.0,0.0,0.0
4386,Thing_Speak,Thing_Speak,0.0,0.0,0.0,0.0,0.0,0.0,0.0,0.0,0.0,1.0,0.0
4387,Thing_Speak,Thing_Speak,0.005723295759527644,0.0,0.0,0.0,0.0,0.0,0.0,0.0,0.0,0.9942767042404723,0.0
4388,Thing_Speak,Thing_Speak,0.0,0.0,0.0,0.0,0.0,0.0,0.0,0.0,0.0,1.0,0.0
4389,Thing_Speak,NMAP_UDP_SCAN,0.0014139628195733922,0.0,0.012283416737719332,0.0,0.011166440251355946,0.0,0.0,0.9701424728577998,0.0,0.00476541055592406,0.00022829677762749745
4390,Thing_Speak,Thing_Speak,0.0,0.0,0.0,0.0,0.0,0.0,0.0,0.0,0.0,1.0,0.0
4391,MQTT_Publish,MQTT_Publish,0.0,0.0,0.0,1.0,0.0,0.0,0.0,0.0,0.0,0.0,0.0
4392,Thing_Speak,Thing_Speak,0.0,0.0,0.0,0.0,0.0,0.0,0.0,0.0,0.0,1.0,0.0
4393,Thing_Speak,Thing_Speak,0.0,0.0,0.0,0.0,0.0,0.0,0.0,0.0,0.0,1.0,0.0
4394,Thing_Speak,Thing_Speak,0.0,0.0,0.0,0.0,0.0,0.0,0.0,0.0,0.0,1.0,0.0
4395,MQTT_Publish,MQTT_Publish,0.0,0.0,0.0,1.0,0.0,0.0,0.0,0.0,0.0,0.0,0.0
4396,Thing_Speak,Thing_Speak,0.0,0.0,0.0,0.0,0.0,0.0,0.0,0.0,0.0,1.0,0.0
4397,Thing_Speak,Thing_Speak,0.0,0.0,0.0,0.0,0.0,0.0,0.0,0.0,0.0,1.0,0.0
4398,Thing_Speak,Thing_Speak,0.0,0.0,0.0,0.0,0.0,0.0,0.0,0.0,0.0,1.0,0.0
4399,MQTT_Publish,MQTT_Publish,0.0,0.0,0.0,1.0,0.0,0.0,0.0,0.0,0.0,0.0,0.0
4400,Thing_Speak,Thing_Speak,0.0,0.0,0.0,0.0,0.0,0.0,0.0,0.0,0.0,1.0,0.0
4401,ARP_poisioning,ARP_poisioning,1.0,0.0,0.0,0.0,0.0,0.0,0.0,0.0,0.0,0.0,0.0
4402,Thing_Speak,Thing_Speak,0.0,0.0,0.0,0.0,0.0,0.0,0.0,0.0,0.0,1.0,0.0
4403,Thing_Speak,Thing_Speak,0.01,0.0,0.0,0.0,0.0,0.0,0.0,0.0,0.0,0.99,0.0
4404,MQTT_Publish,MQTT_Publish,0.0,0.0,0.0,1.0,0.0,0.0,0.0,0.0,0.0,0.0,0.0
4405,NMAP_UDP_SCAN,ARP_poisioning,0.5013767755691115,0.0,0.0,0.0,0.0,0.0,0.0,0.0,0.0,0.49862322443088836,0.0
4406,Thing_Speak,Thing_Speak,0.0,0.0,0.0,0.0,0.0,0.0,0.0,0.0,0.0,1.0,0.0
4407,ARP_poisioning,ARP_poisioning,1.0,0.0,0.0,0.0,0.0,0.0,0.0,0.0,0.0,0.0,0.0
4408,MQTT_Publish,MQTT_Publish,0.0,0.0,0.0,0.9946761487964989,0.0,0.0,0.0,0.0,0.0,0.0053238512035010946,0.0
4409,Thing_Speak,Thing_Speak,0.0,0.0,0.0,0.0,0.0,0.0,0.0,0.0,0.0,1.0,0.0
4410,ARP_poisioning,ARP_poisioning,0.9401231939973358,0.0,0.0,0.0,0.019920697390459714,0.0,0.0,0.0,0.0,0.03995610861220441,0.0
4411,MQTT_Publish,MQTT_Publish,0.0,0.0,0.0,1.0,0.0,0.0,0.0,0.0,0.0,0.0,0.0
4412,MQTT_Publish,MQTT_Publish,0.0,0.0,0.0,1.0,0.0,0.0,0.0,0.0,0.0,0.0,0.0
4413,Thing_Speak,Thing_Speak,0.0,0.0,0.0,0.0,0.0,0.0,0.0,0.0,0.0,1.0,0.0
4414,Thing_Speak,Thing_Speak,0.0,0.0,0.0,0.0,0.0,0.0,0.0,0.0,0.0,1.0,0.0
4415,ARP_poisioning,ARP_poisioning,1.0,0.0,0.0,0.0,0.0,0.0,0.0,0.0,0.0,0.0,0.0
4416,MQTT_Publish,MQTT_Publish,0.0,0.0,0.0,1.0,0.0,0.0,0.0,0.0,0.0,0.0,0.0
4417,MQTT_Publish,MQTT_Publish,0.0,0.0,0.0,1.0,0.0,0.0,0.0,0.0,0.0,0.0,0.0
4418,MQTT_Publish,MQTT_Publish,0.0,0.0,0.0,1.0,0.0,0.0,0.0,0.0,0.0,0.0,0.0
4419,ARP_poisioning,ARP_poisioning,0.801655654442722,0.0,0.0,0.0,0.0,0.0,0.0,0.0,0.0,0.1983443455572781,0.0
4420,MQTT_Publish,MQTT_Publish,0.0,0.0,0.0,1.0,0.0,0.0,0.0,0.0,0.0,0.0,0.0
4421,DDOS_Slowloris,DDOS_Slowloris,0.0,1.0,0.0,0.0,0.0,0.0,0.0,0.0,0.0,0.0,0.0
4422,Thing_Speak,Thing_Speak,0.05580375817088182,0.0,0.0,0.0036204541574184736,0.0,0.0,0.0,0.0,0.0,0.765837462779172,0.17473832489252758
4423,MQTT_Publish,MQTT_Publish,0.0,0.0,0.0,1.0,0.0,0.0,0.0,0.0,0.0,0.0,0.0
4424,ARP_poisioning,ARP_poisioning,1.0,0.0,0.0,0.0,0.0,0.0,0.0,0.0,0.0,0.0,0.0
4425,Thing_Speak,Thing_Speak,0.0,0.0,0.0,0.0,0.0,0.0,0.0,0.0,0.0,1.0,0.0
4426,ARP_poisioning,ARP_poisioning,0.995676079283193,0.0,0.0,0.0,0.0,0.0,0.0,0.0,0.0,0.004323920716806951,0.0
4427,MQTT_Publish,MQTT_Publish,0.0,0.0,0.0,1.0,0.0,0.0,0.0,0.0,0.0,0.0,0.0
4428,Thing_Speak,Thing_Speak,0.0,0.0,0.0,0.0,0.0,0.0,0.0,0.0,0.0,1.0,0.0
4429,Thing_Speak,Thing_Speak,0.0,0.0,0.0,0.0,0.0,0.0,0.0,0.0,0.0,1.0,0.0
4430,MQTT_Publish,MQTT_Publish,0.0,0.0,0.0,1.0,0.0,0.0,0.0,0.0,0.0,0.0,0.0
4431,Thing_Speak,Thing_Speak,0.054175686918558,0.0,0.0,0.0,0.0,0.0,0.0,0.0,0.0,0.9361545671230125,0.00966974595842956
4432,ARP_poisioning,ARP_poisioning,1.0,0.0,0.0,0.0,0.0,0.0,0.0,0.0,0.0,0.0,0.0
4433,Thing_Speak,Thing_Speak,0.0,0.0,0.0,0.0,0.0,0.0,0.0,0.009679444070836136,0.0,0.9903205559291639,0.0
4434,ARP_poisioning,ARP_poisioning,0.944456025344278,0.0,0.0,0.01,0.0,0.0,0.0,0.0,0.0,0.045543974655722054,0.0
4435,MQTT_Publish,MQTT_Publish,0.0,0.0,0.0,1.0,0.0,0.0,0.0,0.0,0.0,0.0,0.0
4436,ARP_poisioning,ARP_poisioning,1.0,0.0,0.0,0.0,0.0,0.0,0.0,0.0,0.0,0.0,0.0
4437,Thing_Speak,Thing_Speak,0.0,0.0,0.0,0.0,0.0,0.0,0.0,0.0,0.0,1.0,0.0
4438,Thing_Speak,Thing_Speak,0.0,0.0,0.0,0.0,0.0,0.0,0.0,0.0,0.0,1.0,0.0
4439,NMAP_XMAS_TREE_SCAN,NMAP_XMAS_TREE_SCAN,3.7511470488277014e-05,0.0,0.0,2.890442975255265e-05,0.0,0.08745643218116696,0.006687772577173575,0.0002746408124414594,0.9049745830392386,3.4163212055015705e-06,0.000536739168533056
4440,ARP_poisioning,ARP_poisioning,0.9943937748823742,0.0,0.0,0.005606225117625768,0.0,0.0,0.0,0.0,0.0,0.0,0.0
4441,Thing_Speak,Thing_Speak,0.02160840417638023,0.0,0.0,0.0,0.0,0.0,0.0,0.0,0.0,0.9783915958236199,0.0
4442,Thing_Speak,Thing_Speak,0.0,0.0,0.0,0.0,0.0,0.0,0.0,0.0,0.0,1.0,0.0
4443,Thing_Speak,ARP_poisioning,0.9051587306784485,0.0,0.0,0.0,0.0,0.0,0.0,0.0,0.0,0.08523293857862317,0.009608330742928195
4444,Thing_Speak,Thing_Speak,0.0,0.0,0.0,0.0,0.0,0.0,0.0,0.0,0.0,1.0,0.0
4445,Thing_Speak,Thing_Speak,0.0,0.0,0.0,0.0,0.0,0.0,0.0,0.0,0.0,1.0,0.0
4446,MQTT_Publish,MQTT_Publish,0.0,0.0,0.0,1.0,0.0,0.0,0.0,0.0,0.0,0.0,0.0
4447,ARP_poisioning,ARP_poisioning,1.0,0.0,0.0,0.0,0.0,0.0,0.0,0.0,0.0,0.0,0.0
4448,MQTT_Publish,MQTT_Publish,0.0,0.0,0.0,1.0,0.0,0.0,0.0,0.0,0.0,0.0,0.0
4449,Thing_Speak,Thing_Speak,0.0,0.0,0.0,0.0,0.0,0.0,0.0,0.0,0.0,1.0,0.0
4450,ARP_poisioning,ARP_poisioning,1.0,0.0,0.0,0.0,0.0,0.0,0.0,0.0,0.0,0.0,0.0
4451,MQTT_Publish,MQTT_Publish,0.0,0.0,0.0,1.0,0.0,0.0,0.0,0.0,0.0,0.0,0.0
4452,Thing_Speak,Thing_Speak,0.0,0.0,0.0,0.0,0.0,0.0,0.0,0.0,0.0,1.0,0.0
4453,Thing_Speak,Thing_Speak,0.0,0.0,0.0,0.0,0.0,0.0,0.0,0.0,0.0,1.0,0.0
4454,Thing_Speak,ARP_poisioning,0.3565648399992757,0.007883597883597883,0.0,0.024756631233761733,0.0,0.0,0.02988556063019792,0.0,0.0,0.341717174279919,0.23919219597324765
4455,NMAP_XMAS_TREE_SCAN,NMAP_XMAS_TREE_SCAN,3.7511470488277014e-05,0.0,0.0,2.890442975255265e-05,0.0,0.08745643218116696,0.006687772577173575,0.0002746408124414594,0.9049745830392386,3.4163212055015705e-06,0.000536739168533056
4456,Thing_Speak,Thing_Speak,0.0,0.0,0.0,0.0,0.0,0.0,0.0,0.0,0.0,1.0,0.0
4457,Thing_Speak,Thing_Speak,0.0,0.0,0.0,0.0,0.0,0.0,0.0,0.0,0.0,1.0,0.0
4458,Thing_Speak,Thing_Speak,0.0,0.0,0.0,0.0,0.0,0.0,0.0,0.0,0.0,1.0,0.0
4459,ARP_poisioning,ARP_poisioning,1.0,0.0,0.0,0.0,0.0,0.0,0.0,0.0,0.0,0.0,0.0
4460,Thing_Speak,Thing_Speak,0.0,0.0,0.0,0.0,0.0,0.0,0.0,0.0,0.0,1.0,0.0
4461,MQTT_Publish,MQTT_Publish,0.0,0.0,0.0,1.0,0.0,0.0,0.0,0.0,0.0,0.0,0.0
4462,MQTT_Publish,MQTT_Publish,0.0,0.0,0.0,1.0,0.0,0.0,0.0,0.0,0.0,0.0,0.0
4463,ARP_poisioning,ARP_poisioning,1.0,0.0,0.0,0.0,0.0,0.0,0.0,0.0,0.0,0.0,0.0
4464,ARP_poisioning,ARP_poisioning,1.0,0.0,0.0,0.0,0.0,0.0,0.0,0.0,0.0,0.0,0.0
4465,ARP_poisioning,ARP_poisioning,1.0,0.0,0.0,0.0,0.0,0.0,0.0,0.0,0.0,0.0,0.0
4466,Thing_Speak,Thing_Speak,0.0,0.0,0.0,0.0,0.0,0.0,0.0,0.0,0.0,1.0,0.0
4467,MQTT_Publish,MQTT_Publish,0.0,0.0,0.0,1.0,0.0,0.0,0.0,0.0,0.0,0.0,0.0
4468,ARP_poisioning,ARP_poisioning,0.9798056654222798,0.0,0.0,0.0057607116920842414,0.0,0.0,0.0,0.0,0.0,0.01443362288563611,0.0
4469,ARP_poisioning,ARP_poisioning,0.9791080114717781,0.0,0.0,0.0,0.0,0.0,0.0,0.0,0.0,0.020891988528221904,0.0
4470,ARP_poisioning,ARP_poisioning,1.0,0.0,0.0,0.0,0.0,0.0,0.0,0.0,0.0,0.0,0.0
4471,ARP_poisioning,ARP_poisioning,1.0,0.0,0.0,0.0,0.0,0.0,0.0,0.0,0.0,0.0,0.0
4472,MQTT_Publish,MQTT_Publish,0.03429867537651969,0.0,0.0,0.9657013246234802,0.0,0.0,0.0,0.0,0.0,0.0,0.0
4473,Thing_Speak,Thing_Speak,0.0,0.0,0.0,0.0,0.0,0.0,0.0,0.0,0.0,1.0,0.0
4474,ARP_poisioning,ARP_poisioning,1.0,0.0,0.0,0.0,0.0,0.0,0.0,0.0,0.0,0.0,0.0
4475,ARP_poisioning,ARP_poisioning,1.0,0.0,0.0,0.0,0.0,0.0,0.0,0.0,0.0,0.0,0.0
4476,Thing_Speak,Thing_Speak,0.0,0.0,0.0,0.0,0.0,0.0,0.0,0.0,0.0,1.0,0.0
4477,ARP_poisioning,ARP_poisioning,0.9966422609970264,0.0,0.0,0.0,0.0,0.0,0.0,0.0,0.0,0.0033577390029737204,0.0
4478,MQTT_Publish,MQTT_Publish,0.0,0.0,0.0,1.0,0.0,0.0,0.0,0.0,0.0,0.0,0.0
4479,Thing_Speak,Thing_Speak,0.0,0.0,0.0,0.0,0.0,0.0,0.0,0.0,0.0,1.0,0.0
4480,ARP_poisioning,ARP_poisioning,1.0,0.0,0.0,0.0,0.0,0.0,0.0,0.0,0.0,0.0,0.0
4481,Thing_Speak,Thing_Speak,0.0,0.0,0.0,0.0,0.0,0.0,0.0,0.0,0.0,1.0,0.0
4482,ARP_poisioning,ARP_poisioning,0.8914126572064818,0.0,0.0,0.01491217405658845,0.0,0.0,0.0,0.0,0.0,0.06440122664338854,0.029273942093541203
4483,MQTT_Publish,MQTT_Publish,0.0,0.0,0.0,1.0,0.0,0.0,0.0,0.0,0.0,0.0,0.0
4484,MQTT_Publish,MQTT_Publish,0.0,0.0,0.0,1.0,0.0,0.0,0.0,0.0,0.0,0.0,0.0
4485,MQTT_Publish,MQTT_Publish,0.0,0.0,0.0,1.0,0.0,0.0,0.0,0.0,0.0,0.0,0.0
4486,Thing_Speak,Thing_Speak,0.0,0.0,0.0,0.0,0.0,0.0,0.0,0.0,0.0,1.0,0.0
4487,Thing_Speak,Thing_Speak,0.0,0.0,0.0,0.0,0.0,0.0,0.0,0.0,0.0,1.0,0.0
4488,MQTT_Publish,MQTT_Publish,0.0,0.0,0.0,1.0,0.0,0.0,0.0,0.0,0.0,0.0,0.0
4489,MQTT_Publish,MQTT_Publish,0.0,0.0,0.0,1.0,0.0,0.0,0.0,0.0,0.0,0.0,0.0
4490,MQTT_Publish,MQTT_Publish,0.0,0.0,0.0,1.0,0.0,0.0,0.0,0.0,0.0,0.0,0.0
4491,MQTT_Publish,MQTT_Publish,0.0,0.0,0.0,1.0,0.0,0.0,0.0,0.0,0.0,0.0,0.0
4492,Thing_Speak,Thing_Speak,0.0,0.0,0.0,0.0,0.0,0.0,0.0,0.0,0.0,1.0,0.0
4493,MQTT_Publish,MQTT_Publish,0.01,0.0,0.0,0.9845009742368478,0.0,0.0,0.0,0.0,0.0,0.005499025763152198,0.0
4494,MQTT_Publish,MQTT_Publish,0.0,0.0,0.0,1.0,0.0,0.0,0.0,0.0,0.0,0.0,0.0
4495,Thing_Speak,Thing_Speak,0.0,0.0,0.0,0.0,0.0,0.0,0.0,0.0,0.0,1.0,0.0
4496,ARP_poisioning,ARP_poisioning,0.9182568580197753,0.0,0.0,0.0,0.009860016090104584,0.0,0.0,0.019603295697284098,0.0,0.05227983019283604,0.0
4497,MQTT_Publish,MQTT_Publish,0.0,0.0,0.0,1.0,0.0,0.0,0.0,0.0,0.0,0.0,0.0
4498,Thing_Speak,Thing_Speak,0.0,0.0,0.0,0.0,0.0,0.0,0.0,0.0,0.0,1.0,0.0
4499,Thing_Speak,Thing_Speak,0.0,0.0,0.0,0.0,0.0,0.0,0.0,0.0,0.0,1.0,0.0
4500,MQTT_Publish,MQTT_Publish,0.0,0.0,0.0,1.0,0.0,0.0,0.0,0.0,0.0,0.0,0.0
4501,ARP_poisioning,ARP_poisioning,0.9522443809946729,0.0,0.0,0.0,0.0,0.0,0.0,0.0,0.0,0.03825168676092302,0.009503932244404113
4502,Thing_Speak,Thing_Speak,0.0,0.0,0.0,0.0,0.0,0.0,0.0,0.0,0.0,1.0,0.0
4503,MQTT_Publish,MQTT_Publish,0.0,0.0,0.0,1.0,0.0,0.0,0.0,0.0,0.0,0.0,0.0
4504,Thing_Speak,Thing_Speak,0.0,0.0,0.0,0.0,0.0,0.0,0.0,0.0,0.0,1.0,0.0
4505,MQTT_Publish,MQTT_Publish,0.0,0.0,0.0,1.0,0.0,0.0,0.0,0.0,0.0,0.0,0.0
4506,ARP_poisioning,ARP_poisioning,1.0,0.0,0.0,0.0,0.0,0.0,0.0,0.0,0.0,0.0,0.0
4507,MQTT_Publish,MQTT_Publish,0.0,0.0,0.0,1.0,0.0,0.0,0.0,0.0,0.0,0.0,0.0
4508,MQTT_Publish,MQTT_Publish,0.0,0.0,0.0,1.0,0.0,0.0,0.0,0.0,0.0,0.0,0.0
4509,Thing_Speak,Thing_Speak,0.0,0.0,0.0,0.0,0.0,0.0,0.0,0.0,0.0,1.0,0.0
4510,MQTT_Publish,MQTT_Publish,0.0,0.0,0.0,1.0,0.0,0.0,0.0,0.0,0.0,0.0,0.0
4511,Thing_Speak,Thing_Speak,0.0,0.0,0.0,0.0,0.0,0.0,0.0,0.0,0.0,1.0,0.0
4512,MQTT_Publish,MQTT_Publish,0.0,0.0,0.0,1.0,0.0,0.0,0.0,0.0,0.0,0.0,0.0
4513,Thing_Speak,Thing_Speak,0.0,0.0,0.0,0.0,0.0,0.0,0.0,0.0,0.0,1.0,0.0
4514,Thing_Speak,Thing_Speak,0.0,0.0,0.0,0.0,0.0,0.0,0.0,0.0,0.0,1.0,0.0
4515,MQTT_Publish,MQTT_Publish,0.0,0.0,0.0,1.0,0.0,0.0,0.0,0.0,0.0,0.0,0.0
4516,Thing_Speak,Thing_Speak,0.0,0.0,0.0,0.0,0.0,0.0,0.0,0.0,0.0,1.0,0.0
4517,MQTT_Publish,MQTT_Publish,0.0,0.0,0.0,1.0,0.0,0.0,0.0,0.0,0.0,0.0,0.0
4518,Thing_Speak,Thing_Speak,0.0,0.0,0.0,0.0,0.0,0.0,0.0,0.0,0.0,1.0,0.0
4519,Thing_Speak,Thing_Speak,0.0,0.0,0.0,0.0,0.0,0.0,0.0,0.0,0.0,1.0,0.0
4520,Thing_Speak,Thing_Speak,0.0,0.0,0.0,0.0,0.0,0.0,0.0,0.0,0.0,1.0,0.0
4521,MQTT_Publish,MQTT_Publish,0.0,0.0,0.0,1.0,0.0,0.0,0.0,0.0,0.0,0.0,0.0
4522,ARP_poisioning,ARP_poisioning,0.9832763957499566,0.008227520082923039,0.0,0.0,0.0,0.0,0.0,0.0,0.0,0.008496084167120374,0.0
4523,ARP_poisioning,ARP_poisioning,1.0,0.0,0.0,0.0,0.0,0.0,0.0,0.0,0.0,0.0,0.0
4524,MQTT_Publish,MQTT_Publish,0.0,0.0,0.0,1.0,0.0,0.0,0.0,0.0,0.0,0.0,0.0
4525,Thing_Speak,Thing_Speak,0.01,0.0,0.0,0.0,0.0,0.0,0.0,0.0,0.0,0.99,0.0
4526,MQTT_Publish,MQTT_Publish,0.0,0.0,0.0,1.0,0.0,0.0,0.0,0.0,0.0,0.0,0.0
4527,ARP_poisioning,ARP_poisioning,0.9930380732592445,0.0,0.0,0.0,0.0,0.0,0.0,0.0,0.0,0.006961926740755405,0.0
4528,NMAP_UDP_SCAN,NMAP_UDP_SCAN,1.0322104921765483e-05,0.24904573120762177,0.0010512922578260497,0.0,0.0,0.0,0.0,0.7494721132739545,0.0,9.977971595017192e-06,0.00041056318408096685
4529,MQTT_Publish,MQTT_Publish,0.0,0.0,0.0,1.0,0.0,0.0,0.0,0.0,0.0,0.0,0.0
4530,Thing_Speak,Thing_Speak,0.008868366814153664,0.0,0.0,0.0,0.0,0.0,0.0,0.0,0.0,0.9911316331858464,0.0
4531,ARP_poisioning,ARP_poisioning,1.0,0.0,0.0,0.0,0.0,0.0,0.0,0.0,0.0,0.0,0.0
4532,ARP_poisioning,ARP_poisioning,0.8719964175695029,0.0,0.0,0.0,0.01,0.0,0.0,0.0,0.0,0.11800358243049701,0.0
4533,ARP_poisioning,ARP_poisioning,1.0,0.0,0.0,0.0,0.0,0.0,0.0,0.0,0.0,0.0,0.0
4534,Thing_Speak,Thing_Speak,0.0,0.0,0.0,0.0,0.0,0.0,0.0,0.0,0.0,1.0,0.0
4535,ARP_poisioning,ARP_poisioning,1.0,0.0,0.0,0.0,0.0,0.0,0.0,0.0,0.0,0.0,0.0
4536,ARP_poisioning,ARP_poisioning,1.0,0.0,0.0,0.0,0.0,0.0,0.0,0.0,0.0,0.0,0.0
4537,Thing_Speak,Thing_Speak,0.0,0.0,0.0,0.0,0.0,0.0,0.0,0.0,0.0,1.0,0.0
4538,MQTT_Publish,MQTT_Publish,0.0,0.0,0.0,1.0,0.0,0.0,0.0,0.0,0.0,0.0,0.0
4539,ARP_poisioning,ARP_poisioning,0.6568735939874624,0.009595358069934341,0.0,0.0,0.08961745575734767,0.0,0.0,0.01901790067794735,0.0,0.21574197820851723,0.00915371329879102
4540,Thing_Speak,Thing_Speak,0.0,0.0,0.0,0.0,0.0,0.0,0.0,0.0,0.0,1.0,0.0
4541,ARP_poisioning,ARP_poisioning,1.0,0.0,0.0,0.0,0.0,0.0,0.0,0.0,0.0,0.0,0.0
4542,MQTT_Publish,MQTT_Publish,0.0,0.0,0.0,1.0,0.0,0.0,0.0,0.0,0.0,0.0,0.0
4543,MQTT_Publish,MQTT_Publish,0.0,0.0,0.0,1.0,0.0,0.0,0.0,0.0,0.0,0.0,0.0
4544,ARP_poisioning,ARP_poisioning,0.8428304873748134,0.030275485355875594,0.0,0.014656235490734488,0.0,0.0,0.009918775382692908,0.009867718728243212,0.01,0.03015696291807206,0.05229433474956832
4545,ARP_poisioning,ARP_poisioning,0.99,0.0,0.0,0.0,0.0,0.0,0.0,0.0,0.0,0.01,0.0
4546,Thing_Speak,Thing_Speak,0.0,0.0,0.0,0.0,0.0,0.0,0.0,0.0,0.0,1.0,0.0
4547,MQTT_Publish,MQTT_Publish,0.0,0.0,0.0,1.0,0.0,0.0,0.0,0.0,0.0,0.0,0.0
4548,Thing_Speak,Thing_Speak,0.0,0.0,0.0,0.0,0.0,0.0,0.0,0.0,0.0,1.0,0.0
4549,Thing_Speak,Thing_Speak,0.0,0.0,0.0,0.0,0.0,0.0,0.0,0.0,0.0,1.0,0.0
4550,Thing_Speak,Thing_Speak,0.05347623379071199,0.0,0.0,0.0,0.0,0.0,0.0,0.03866605628179649,0.019571846027723872,0.8791354815718154,0.00915038232795242
4551,Thing_Speak,Thing_Speak,0.0,0.0,0.0,0.0,0.0,0.0,0.0,0.0,0.0,1.0,0.0
4552,Thing_Speak,Thing_Speak,0.0,0.0,0.0,0.0,0.0,0.0,0.0,0.0,0.0,1.0,0.0
4553,Thing_Speak,Thing_Speak,0.0,0.0,0.0,0.0,0.0,0.0,0.0,0.0,0.0,1.0,0.0
4554,MQTT_Publish,MQTT_Publish,0.0,0.0,0.0,1.0,0.0,0.0,0.0,0.0,0.0,0.0,0.0
4555,MQTT_Publish,MQTT_Publish,0.0,0.0,0.0,1.0,0.0,0.0,0.0,0.0,0.0,0.0,0.0
4556,Thing_Speak,Thing_Speak,0.0,0.0,0.0,0.0,0.0,0.0,0.0,0.0,0.0,1.0,0.0
4557,Thing_Speak,Thing_Speak,0.0,0.0,0.0,0.0,0.0,0.0,0.0,0.0,0.0,1.0,0.0
4558,Thing_Speak,Thing_Speak,0.0,0.0,0.0,0.0,0.0,0.0,0.0,0.0,0.0,1.0,0.0
4559,Thing_Speak,Thing_Speak,0.0,0.0,0.0,0.0,0.0,0.0,0.0,0.0,0.0,1.0,0.0
4560,ARP_poisioning,ARP_poisioning,1.0,0.0,0.0,0.0,0.0,0.0,0.0,0.0,0.0,0.0,0.0
4561,ARP_poisioning,ARP_poisioning,1.0,0.0,0.0,0.0,0.0,0.0,0.0,0.0,0.0,0.0,0.0
4562,Thing_Speak,Thing_Speak,0.005756437768240343,0.0,0.0,0.0,0.0,0.0,0.0,0.0,0.0,0.9942435622317596,0.0
4563,Thing_Speak,Thing_Speak,0.0,0.0,0.0,0.0,0.0,0.0,0.0,0.0,0.0,1.0,0.0
4564,ARP_poisioning,ARP_poisioning,1.0,0.0,0.0,0.0,0.0,0.0,0.0,0.0,0.0,0.0,0.0
4565,ARP_poisioning,ARP_poisioning,0.9800530193579648,0.0,0.019946980642035157,0.0,0.0,0.0,0.0,0.0,0.0,0.0,0.0
4566,ARP_poisioning,ARP_poisioning,1.0,0.0,0.0,0.0,0.0,0.0,0.0,0.0,0.0,0.0,0.0
4567,Thing_Speak,Thing_Speak,0.0,0.0,0.0,0.0,0.0,0.0,0.0,0.0,0.0,1.0,0.0
4568,ARP_poisioning,ARP_poisioning,1.0,0.0,0.0,0.0,0.0,0.0,0.0,0.0,0.0,0.0,0.0
4569,Thing_Speak,Thing_Speak,0.03710690668891288,0.0,0.0,0.0,0.0,0.0,0.0,0.008493436813090826,0.0,0.8098344460100507,0.1445652104879455
4570,Thing_Speak,Thing_Speak,0.0,0.0,0.0,0.0,0.0,0.0,0.0,0.0,0.0,1.0,0.0
4571,Thing_Speak,Thing_Speak,0.0,0.0,0.0,0.0,0.0,0.0,0.0,0.0,0.0,1.0,0.0
4572,MQTT_Publish,MQTT_Publish,0.0,0.0,0.0,1.0,0.0,0.0,0.0,0.0,0.0,0.0,0.0
4573,Thing_Speak,Thing_Speak,0.0,0.0,0.0,0.0,0.0,0.0,0.0,0.0,0.0,1.0,0.0
4574,Thing_Speak,Thing_Speak,0.0,0.0,0.0,0.0,0.0,0.0,0.0,0.0,0.0,1.0,0.0
4575,Thing_Speak,Thing_Speak,0.019112733973723636,0.027909048000154247,0.0,0.027494867666187056,0.0,0.0,0.0,0.015352898987631458,0.0,0.8193882280484073,0.09074222332389655
4576,Thing_Speak,Thing_Speak,0.0,0.0,0.0,0.0,0.0,0.0,0.0,0.0,0.0,1.0,0.0
4577,ARP_poisioning,ARP_poisioning,1.0,0.0,0.0,0.0,0.0,0.0,0.0,0.0,0.0,0.0,0.0
4578,Thing_Speak,Thing_Speak,0.014051194861622745,0.0,0.0,0.0,0.0,0.0,0.0,0.0,0.0,0.9859488051383772,0.0
4579,MQTT_Publish,MQTT_Publish,0.0,0.0,0.0,1.0,0.0,0.0,0.0,0.0,0.0,0.0,0.0
4580,Thing_Speak,Thing_Speak,0.0,0.0,0.0,0.0,0.0,0.0,0.0,0.0,0.0,1.0,0.0
4581,Thing_Speak,Thing_Speak,0.2876471414618515,0.01249840663858494,0.0,0.0,0.02,0.0,0.0,0.0,0.0,0.5053773334506204,0.1744771184489432
4582,MQTT_Publish,MQTT_Publish,0.0,0.0,0.0,1.0,0.0,0.0,0.0,0.0,0.0,0.0,0.0
4583,MQTT_Publish,MQTT_Publish,0.0,0.0,0.0,1.0,0.0,0.0,0.0,0.0,0.0,0.0,0.0
4584,MQTT_Publish,MQTT_Publish,0.0,0.0,0.0,1.0,0.0,0.0,0.0,0.0,0.0,0.0,0.0
4585,Thing_Speak,Thing_Speak,0.0,0.0,0.0,0.0,0.0,0.0,0.0,0.0,0.0,1.0,0.0
4586,NMAP_UDP_SCAN,NMAP_UDP_SCAN,2.481490310514844e-05,0.45006534185678143,0.0034124938975558135,0.0,0.0,0.0,0.0,0.5460402713174978,0.0,4.651484097903673e-05,0.00041056318408096685
4587,ARP_poisioning,ARP_poisioning,1.0,0.0,0.0,0.0,0.0,0.0,0.0,0.0,0.0,0.0,0.0
4588,Thing_Speak,Thing_Speak,0.0,0.0,0.0,0.0,0.0,0.0,0.0,0.0,0.0,1.0,0.0
4589,Thing_Speak,Thing_Speak,0.0,0.0,0.0,0.0,0.0,0.0,0.0,0.0,0.0,1.0,0.0
4590,ARP_poisioning,ARP_poisioning,0.9612689450701375,0.003747620565678642,0.0,0.0,0.0,0.0,0.0,0.015897664518269523,0.0,0.009734203899729977,0.009351565946184385
4591,Thing_Speak,Thing_Speak,0.0,0.0,0.0,0.0,0.0,0.0,0.0,0.0,0.0,1.0,0.0
4592,ARP_poisioning,ARP_poisioning,0.78011937873396,0.036776338089770925,0.0,0.0,0.0,0.0,0.0,0.0,0.00987467486403405,0.14461685517697315,0.02861275313526203
4593,MQTT_Publish,MQTT_Publish,0.0,0.0,0.0,1.0,0.0,0.0,0.0,0.0,0.0,0.0,0.0
4594,Thing_Speak,Thing_Speak,0.0,0.0,0.0,0.0,0.0,0.0,0.0,0.0,0.0,1.0,0.0
4595,ARP_poisioning,ARP_poisioning,1.0,0.0,0.0,0.0,0.0,0.0,0.0,0.0,0.0,0.0,0.0
4596,Thing_Speak,ARP_poisioning,0.5905128590218037,0.0,0.0,0.0,0.0,0.0,0.0,0.0,0.0,0.40948714097819616,0.0
4597,Thing_Speak,Thing_Speak,0.01,0.0,0.0,0.0,0.0,0.0,0.0,0.0,0.0,0.9703161175422974,0.019683882457702584
4598,DOS_SYN_Hping,DOS_SYN_Hping,1.3581914766902935e-05,3.436426116838489e-05,0.9997022196729409,0.0,0.0,0.0,0.0,0.00024740014127369895,0.0,2.4340098499717754e-06,0.0
4599,NMAP_UDP_SCAN,NMAP_UDP_SCAN,0.10123524056552427,0.0,0.055750694698188726,0.0,0.011166440251355946,0.0,0.0,0.718080323698306,0.0,0.10294439777448043,0.010822903012144447
4600,Thing_Speak,Thing_Speak,0.0,0.0,0.0,0.0,0.0,0.0,0.0,0.0,0.0,1.0,0.0
4601,ARP_poisioning,ARP_poisioning,1.0,0.0,0.0,0.0,0.0,0.0,0.0,0.0,0.0,0.0,0.0
4602,Thing_Speak,Thing_Speak,0.0,0.0,0.0,0.0,0.0,0.0,0.0,0.0,0.0,1.0,0.0
4603,Thing_Speak,Thing_Speak,0.0,0.0,0.0,0.0,0.0,0.0,0.0,0.0,0.0,1.0,0.0
4604,ARP_poisioning,ARP_poisioning,0.9618712589747033,0.0,0.0,0.0,0.0,0.0,0.0,0.0,0.0,0.03812874102529678,0.0
4605,ARP_poisioning,ARP_poisioning,0.7996807266244345,0.0,0.0,0.0,0.0,0.0,0.0,0.008493436813090826,0.0,0.19182583656247473,0.0
4606,ARP_poisioning,ARP_poisioning,1.0,0.0,0.0,0.0,0.0,0.0,0.0,0.0,0.0,0.0,0.0
4607,MQTT_Publish,MQTT_Publish,0.0,0.0,0.0,1.0,0.0,0.0,0.0,0.0,0.0,0.0,0.0
4608,Thing_Speak,Thing_Speak,0.0,0.0,0.0,0.0,0.0,0.0,0.0,0.0,0.0,1.0,0.0
4609,Thing_Speak,Thing_Speak,0.0,0.0,0.0,0.0,0.0,0.0,0.0,0.0,0.0,1.0,0.0
4610,DDOS_Slowloris,DDOS_Slowloris,0.0,1.0,0.0,0.0,0.0,0.0,0.0,0.0,0.0,0.0,0.0
4611,ARP_poisioning,ARP_poisioning,1.0,0.0,0.0,0.0,0.0,0.0,0.0,0.0,0.0,0.0,0.0
4612,Thing_Speak,Thing_Speak,0.0,0.0,0.0,0.0,0.0,0.0,0.0,0.0,0.0,1.0,0.0
4613,ARP_poisioning,ARP_poisioning,0.96031513080024,0.02950178997613365,0.0,0.0,0.0,0.0,0.0,0.0,0.0,0.01018307922362646,0.0
4614,Thing_Speak,Thing_Speak,0.0,0.0,0.0,0.0,0.0,0.0,0.0,0.0,0.0,1.0,0.0
4615,MQTT_Publish,MQTT_Publish,0.0,0.0,0.0,1.0,0.0,0.0,0.0,0.0,0.0,0.0,0.0
4616,ARP_poisioning,ARP_poisioning,1.0,0.0,0.0,0.0,0.0,0.0,0.0,0.0,0.0,0.0,0.0
4617,Thing_Speak,Thing_Speak,0.0,0.0,0.0,0.0,0.0,0.0,0.0,0.0,0.0,1.0,0.0
4618,MQTT_Publish,MQTT_Publish,0.0,0.0,0.0,1.0,0.0,0.0,0.0,0.0,0.0,0.0,0.0
4619,Thing_Speak,Thing_Speak,0.0,0.0,0.0,0.0,0.0,0.0,0.0,0.0,0.0,1.0,0.0
4620,ARP_poisioning,ARP_poisioning,0.9758444180247371,0.0,0.0,0.0,0.019843854838423814,0.0,0.0,0.0,0.0,0.004311727136839244,0.0
4621,ARP_poisioning,ARP_poisioning,1.0,0.0,0.0,0.0,0.0,0.0,0.0,0.0,0.0,0.0,0.0
4622,ARP_poisioning,ARP_poisioning,1.0,0.0,0.0,0.0,0.0,0.0,0.0,0.0,0.0,0.0,0.0
4623,Thing_Speak,Thing_Speak,0.01,0.0,0.0,0.0,0.0,0.0,0.0,0.0,0.0,0.99,0.0
4624,MQTT_Publish,MQTT_Publish,0.0,0.0,0.0,1.0,0.0,0.0,0.0,0.0,0.0,0.0,0.0
4625,Thing_Speak,Thing_Speak,0.0,0.0,0.0,0.0,0.0,0.0,0.0,0.0,0.0,1.0,0.0
4626,Thing_Speak,Thing_Speak,0.0,0.0,0.0,0.0,0.0,0.0,0.0,0.0,0.0,1.0,0.0
4627,MQTT_Publish,MQTT_Publish,0.0,0.0,0.0,1.0,0.0,0.0,0.0,0.0,0.0,0.0,0.0
4628,Wipro_bulb,Wipro_bulb,0.006227652927760215,0.0005337202074217462,0.0,0.035362236256056286,0.0,0.11423262531639228,0.02126238921244239,0.25707373042826887,0.10608709921899262,0.00796745490736143,0.4512530915253043
4629,Thing_Speak,Thing_Speak,0.0,0.0,0.0,0.0,0.0,0.0,0.0,0.0,0.0,1.0,0.0
4630,MQTT_Publish,MQTT_Publish,0.0,0.0,0.0,1.0,0.0,0.0,0.0,0.0,0.0,0.0,0.0
4631,ARP_poisioning,ARP_poisioning,1.0,0.0,0.0,0.0,0.0,0.0,0.0,0.0,0.0,0.0,0.0
4632,Thing_Speak,Thing_Speak,0.0,0.0,0.0,0.0,0.0,0.0,0.0,0.0,0.0,1.0,0.0
4633,MQTT_Publish,MQTT_Publish,0.0,0.0,0.0,1.0,0.0,0.0,0.0,0.0,0.0,0.0,0.0
4634,ARP_poisioning,ARP_poisioning,0.8126831607465236,0.007883597883597883,0.0,0.03159101768123536,0.0,0.0,0.029957270091220355,0.009614443084455325,0.0,0.037752913779590995,0.07051759673337642
4635,Thing_Speak,Thing_Speak,0.19277572139704768,0.0,0.0146231210167279,0.0,0.04846686871907,0.0,0.0,0.3511714224779782,0.0,0.3929628663891762,0.0
4636,ARP_poisioning,ARP_poisioning,1.0,0.0,0.0,0.0,0.0,0.0,0.0,0.0,0.0,0.0,0.0
4637,DDOS_Slowloris,DDOS_Slowloris,0.0,1.0,0.0,0.0,0.0,0.0,0.0,0.0,0.0,0.0,0.0
4638,NMAP_UDP_SCAN,NMAP_UDP_SCAN,1.0322104921765483e-05,0.17206994095367423,0.0,0.0,0.0,0.0,0.0,0.8274983516566293,0.0,1.0822100693472182e-05,0.00041056318408096685
4639,MQTT_Publish,MQTT_Publish,0.0,0.0,0.0,1.0,0.0,0.0,0.0,0.0,0.0,0.0,0.0
4640,ARP_poisioning,ARP_poisioning,0.9784148116888186,0.0,0.0,0.0,0.0,0.0,0.0,0.0,0.0,0.021585188311181426,0.0
4641,Thing_Speak,Thing_Speak,0.0,0.0,0.0,0.0,0.0,0.0,0.0,0.0,0.0,1.0,0.0
4642,Thing_Speak,Thing_Speak,0.0,0.0,0.0,0.0,0.0,0.0,0.0,0.0,0.0,1.0,0.0
4643,MQTT_Publish,MQTT_Publish,0.0,0.0,0.0,1.0,0.0,0.0,0.0,0.0,0.0,0.0,0.0
4644,ARP_poisioning,ARP_poisioning,0.9939259962049336,0.0,0.0,0.0,0.0,0.0,0.0,0.0,0.0,0.006074003795066413,0.0
4645,Thing_Speak,Thing_Speak,0.0,0.0,0.0,0.0,0.0,0.0,0.0,0.0,0.0,1.0,0.0
4646,Thing_Speak,Thing_Speak,0.0,0.0,0.0,0.0,0.0,0.0,0.0,0.0,0.0,1.0,0.0
4647,DOS_SYN_Hping,DOS_SYN_Hping,0.003057408356234579,3.436426116838489e-05,0.9896302271044319,0.0,0.0,0.0,0.0,0.00024740014127369895,0.0,0.007030600136891352,0.0
4648,ARP_poisioning,ARP_poisioning,1.0,0.0,0.0,0.0,0.0,0.0,0.0,0.0,0.0,0.0,0.0
4649,MQTT_Publish,MQTT_Publish,0.0,0.0,0.0,1.0,0.0,0.0,0.0,0.0,0.0,0.0,0.0
4650,Thing_Speak,Thing_Speak,0.0,0.0,0.0,0.0,0.0,0.0,0.0,0.0,0.0,1.0,0.0
4651,MQTT_Publish,MQTT_Publish,0.0,0.0,0.0,1.0,0.0,0.0,0.0,0.0,0.0,0.0,0.0
4652,MQTT_Publish,MQTT_Publish,0.0,0.0,0.0,1.0,0.0,0.0,0.0,0.0,0.0,0.0,0.0
4653,Thing_Speak,Thing_Speak,0.0,0.0,0.0,0.0,0.0,0.0,0.0,0.0,0.0,1.0,0.0
4654,Thing_Speak,Thing_Speak,0.0,0.0,0.0,0.0,0.0,0.0,0.0,0.0,0.0,1.0,0.0
4655,MQTT_Publish,MQTT_Publish,0.0,0.0,0.0,1.0,0.0,0.0,0.0,0.0,0.0,0.0,0.0
4656,Thing_Speak,Thing_Speak,0.0,0.0,0.0,0.0,0.0,0.0,0.0,0.0,0.0,1.0,0.0
4657,ARP_poisioning,ARP_poisioning,1.0,0.0,0.0,0.0,0.0,0.0,0.0,0.0,0.0,0.0,0.0
4658,Thing_Speak,Thing_Speak,0.0,0.0,0.0,0.0,0.0,0.0,0.0,0.0,0.0,1.0,0.0
4659,MQTT_Publish,MQTT_Publish,0.0,0.0,0.0,0.9941325260562932,0.0,0.0,0.0,0.0,0.0,0.005867473943706695,0.0
4660,MQTT_Publish,MQTT_Publish,0.0,0.0,0.0,1.0,0.0,0.0,0.0,0.0,0.0,0.0,0.0
4661,ARP_poisioning,ARP_poisioning,1.0,0.0,0.0,0.0,0.0,0.0,0.0,0.0,0.0,0.0,0.0
4662,ARP_poisioning,ARP_poisioning,0.9454182191543409,0.0,0.0,0.0,0.009893683552220138,0.0,0.0,0.0,0.0,0.044688097293438984,0.0
4663,ARP_poisioning,ARP_poisioning,0.9713623152055482,0.0,0.0,0.0,0.0,0.0,0.0,0.0,0.0,0.028637684794451876,0.0
4664,ARP_poisioning,ARP_poisioning,0.9804663692516129,0.0,0.0,0.0,0.0,0.0,0.0,0.0,0.0,0.019533630748387022,0.0
4665,Thing_Speak,Thing_Speak,0.0,0.0,0.0,0.0,0.0,0.0,0.0,0.0,0.0,1.0,0.0
4666,Thing_Speak,Thing_Speak,0.0,0.0,0.0,0.0,0.0,0.0,0.0,0.0,0.0,1.0,0.0
4667,ARP_poisioning,ARP_poisioning,0.8081112977827215,0.0,0.0,0.02508061897845356,0.0,0.0,0.0,0.0,0.0,0.1573522106442662,0.009455872594558726
4668,Thing_Speak,Thing_Speak,0.05060214723192218,0.0,0.0,0.0,0.0,0.0,0.0,0.0,0.0,0.9493978527680779,0.0
4669,Thing_Speak,Thing_Speak,0.0,0.0,0.0,0.0,0.0,0.0,0.0,0.0,0.0,1.0,0.0
4670,ARP_poisioning,ARP_poisioning,1.0,0.0,0.0,0.0,0.0,0.0,0.0,0.0,0.0,0.0,0.0
4671,Thing_Speak,Thing_Speak,0.0,0.0,0.0,0.0,0.0,0.0,0.0,0.0,0.0,1.0,0.0
4672,Thing_Speak,Thing_Speak,0.0,0.0,0.0,0.0,0.0,0.0,0.0,0.0,0.0,1.0,0.0
4673,MQTT_Publish,MQTT_Publish,0.0,0.0,0.0,1.0,0.0,0.0,0.0,0.0,0.0,0.0,0.0
4674,MQTT_Publish,MQTT_Publish,0.0,0.0,0.0,1.0,0.0,0.0,0.0,0.0,0.0,0.0,0.0
4675,Thing_Speak,Thing_Speak,0.0,0.0,0.0,0.0,0.0,0.0,0.0,0.0,0.0,1.0,0.0
4676,MQTT_Publish,MQTT_Publish,0.0,0.0,0.0,1.0,0.0,0.0,0.0,0.0,0.0,0.0,0.0
4677,ARP_poisioning,ARP_poisioning,1.0,0.0,0.0,0.0,0.0,0.0,0.0,0.0,0.0,0.0,0.0
4678,Thing_Speak,Thing_Speak,0.0,0.0,0.0,0.0,0.0,0.0,0.0,0.0,0.0,1.0,0.0
4679,Thing_Speak,Thing_Speak,0.0,0.0,0.0,0.0,0.0,0.0,0.0,0.0,0.0,1.0,0.0
4680,ARP_poisioning,ARP_poisioning,0.9905317448136114,0.0,0.0,0.0,0.0,0.0,0.0,0.0,0.0,0.009468255186388599,0.0
4681,Thing_Speak,Thing_Speak,0.0,0.0,0.0,0.0,0.0,0.0,0.0,0.0,0.0,1.0,0.0
4682,MQTT_Publish,MQTT_Publish,0.0443183466279913,0.0,0.0,0.9556816533720087,0.0,0.0,0.0,0.0,0.0,0.0,0.0
4683,ARP_poisioning,ARP_poisioning,0.9705576880148059,0.002906030336662967,0.0,0.00039574822118190495,0.0,0.0,0.0,0.0,0.0,0.026140533427348994,0.0
4684,ARP_poisioning,ARP_poisioning,1.0,0.0,0.0,0.0,0.0,0.0,0.0,0.0,0.0,0.0,0.0
4685,Thing_Speak,Thing_Speak,0.019112733973723636,0.027909048000154247,0.0,0.027494867666187056,0.0,0.0,0.0,0.015352898987631458,0.0,0.8193882280484073,0.09074222332389655
4686,MQTT_Publish,MQTT_Publish,0.0,0.0,0.0,1.0,0.0,0.0,0.0,0.0,0.0,0.0,0.0
4687,ARP_poisioning,ARP_poisioning,0.911556642960949,0.0,0.0,0.0,0.07995227489659561,0.0,0.0,0.0,0.0,0.008491082142455584,0.0
4688,MQTT_Publish,MQTT_Publish,0.0,0.0,0.0,1.0,0.0,0.0,0.0,0.0,0.0,0.0,0.0
4689,Thing_Speak,Thing_Speak,0.0,0.0,0.0,0.0,0.0,0.0,0.0,0.0,0.0,1.0,0.0
4690,Thing_Speak,Thing_Speak,0.0,0.0,0.0,0.0,0.0,0.0,0.0,0.0,0.0,1.0,0.0
4691,Thing_Speak,Thing_Speak,0.0,0.0,0.0,0.0,0.0,0.0,0.0,0.0,0.0,1.0,0.0
4692,ARP_poisioning,ARP_poisioning,1.0,0.0,0.0,0.0,0.0,0.0,0.0,0.0,0.0,0.0,0.0
4693,ARP_poisioning,ARP_poisioning,1.0,0.0,0.0,0.0,0.0,0.0,0.0,0.0,0.0,0.0,0.0
4694,ARP_poisioning,ARP_poisioning,1.0,0.0,0.0,0.0,0.0,0.0,0.0,0.0,0.0,0.0,0.0
4695,Thing_Speak,Thing_Speak,0.13076193259074326,0.0,0.0,0.0,0.0,0.0,0.0,0.008493436813090826,0.0,0.860744630596166,0.0
4696,ARP_poisioning,ARP_poisioning,0.7876527267354152,0.0,0.009929078014184398,0.0,0.0,0.0,0.0,0.0,0.0,0.11467851937852823,0.08773967587187222
4697,Thing_Speak,Thing_Speak,0.0,0.0,0.0,0.0,0.0,0.0,0.0,0.0,0.0,1.0,0.0
4698,Thing_Speak,Thing_Speak,0.0,0.0,0.0,0.0,0.0,0.0,0.0,0.0,0.0,1.0,0.0
4699,Thing_Speak,Thing_Speak,0.0,0.0,0.0,0.0,0.0,0.0,0.0,0.0,0.0,1.0,0.0
4700,ARP_poisioning,ARP_poisioning,0.9957577798733667,0.0,0.0,0.0,0.0,0.0,0.0,0.0,0.0,0.004242220126633437,0.0
4701,Thing_Speak,Thing_Speak,0.0,0.0,0.0,0.0,0.0,0.0,0.0,0.0,0.0,1.0,0.0
4702,DDOS_Slowloris,DDOS_Slowloris,0.0,1.0,0.0,0.0,0.0,0.0,0.0,0.0,0.0,0.0,0.0
4703,Thing_Speak,Thing_Speak,0.01,0.0,0.0,0.0,0.0,0.0,0.0,0.0,0.0,0.99,0.0
4704,ARP_poisioning,ARP_poisioning,1.0,0.0,0.0,0.0,0.0,0.0,0.0,0.0,0.0,0.0,0.0
4705,MQTT_Publish,MQTT_Publish,0.0,0.0,0.0,1.0,0.0,0.0,0.0,0.0,0.0,0.0,0.0
4706,Thing_Speak,Thing_Speak,0.0,0.0,0.0,0.0,0.0,0.0,0.0,0.0,0.0,1.0,0.0
4707,ARP_poisioning,ARP_poisioning,1.0,0.0,0.0,0.0,0.0,0.0,0.0,0.0,0.0,0.0,0.0
4708,Thing_Speak,Thing_Speak,0.0,0.0,0.0,0.0,0.0,0.0,0.0,0.0,0.0,1.0,0.0
4709,MQTT_Publish,MQTT_Publish,0.0,0.0,0.0,1.0,0.0,0.0,0.0,0.0,0.0,0.0,0.0
4710,ARP_poisioning,ARP_poisioning,0.9844141571103339,0.0,0.0,0.0,0.0,0.0,0.0,0.009705973382853606,0.0,0.0058798695068125115,0.0
4711,MQTT_Publish,MQTT_Publish,0.0,0.0,0.0,1.0,0.0,0.0,0.0,0.0,0.0,0.0,0.0
4712,Thing_Speak,Thing_Speak,0.0,0.0,0.0,0.0,0.0,0.0,0.0,0.0,0.0,1.0,0.0
4713,Thing_Speak,Thing_Speak,0.0,0.0,0.0,0.0,0.0,0.0,0.0,0.0,0.0,1.0,0.0
4714,Thing_Speak,Thing_Speak,0.0,0.0,0.0,0.0,0.0,0.0,0.0,0.0,0.0,1.0,0.0
4715,Thing_Speak,Thing_Speak,0.0,0.0,0.0,0.0,0.0,0.0,0.0,0.0,0.0,1.0,0.0
4716,ARP_poisioning,ARP_poisioning,0.9205056812864502,0.0,0.0,0.0,0.0,0.0,0.0,0.0,0.0,0.06993136027834211,0.009562958435207825
4717,Thing_Speak,Thing_Speak,0.0,0.0,0.0,0.0,0.0,0.0,0.0,0.0,0.0,1.0,0.0
4718,Thing_Speak,Thing_Speak,0.0,0.0,0.0,0.0,0.0,0.0,0.0,0.0,0.0,1.0,0.0
4719,Thing_Speak,Thing_Speak,0.0,0.0,0.0,0.0,0.0,0.0,0.0,0.0,0.0,1.0,0.0
4720,ARP_poisioning,ARP_poisioning,1.0,0.0,0.0,0.0,0.0,0.0,0.0,0.0,0.0,0.0,0.0
4721,Thing_Speak,Thing_Speak,0.13429753763709099,0.00876861167002012,0.0,0.0063803863298662715,0.02972634413880823,0.0,0.0,0.029188430251138486,0.0,0.7624592814547567,0.02917940851831926
4722,ARP_poisioning,ARP_poisioning,1.0,0.0,0.0,0.0,0.0,0.0,0.0,0.0,0.0,0.0,0.0
4723,MQTT_Publish,MQTT_Publish,0.0,0.0,0.0,1.0,0.0,0.0,0.0,0.0,0.0,0.0,0.0
4724,ARP_poisioning,ARP_poisioning,1.0,0.0,0.0,0.0,0.0,0.0,0.0,0.0,0.0,0.0,0.0
4725,Thing_Speak,Thing_Speak,0.0,0.0,0.0,0.0,0.0,0.0,0.0,0.0,0.0,1.0,0.0
4726,ARP_poisioning,ARP_poisioning,1.0,0.0,0.0,0.0,0.0,0.0,0.0,0.0,0.0,0.0,0.0
4727,ARP_poisioning,ARP_poisioning,0.99,0.0,0.0,0.0,0.0,0.0,0.0,0.0,0.0,0.01,0.0
4728,Thing_Speak,Thing_Speak,0.0,0.0,0.0,0.0,0.0,0.0,0.0,0.0,0.0,1.0,0.0
4729,Thing_Speak,Thing_Speak,0.0,0.0,0.0,0.0,0.0,0.0,0.0,0.0,0.0,1.0,0.0
4730,MQTT_Publish,MQTT_Publish,0.0,0.0,0.0,1.0,0.0,0.0,0.0,0.0,0.0,0.0,0.0
4731,ARP_poisioning,ARP_poisioning,0.9909820154153582,0.009017984584641736,0.0,0.0,0.0,0.0,0.0,0.0,0.0,0.0,0.0
4732,ARP_poisioning,ARP_poisioning,0.9634115806956012,0.0,0.0,0.0,0.0,0.0,0.0,0.0,0.0,0.03658841930439877,0.0
4733,Thing_Speak,Thing_Speak,0.005710590797713041,0.0,0.0,0.0,0.0,0.0,0.0,0.0,0.0,0.9942894092022869,0.0
4734,MQTT_Publish,MQTT_Publish,0.0,0.0,0.0,1.0,0.0,0.0,0.0,0.0,0.0,0.0,0.0
4735,Thing_Speak,Thing_Speak,0.0,0.0,0.0,0.0,0.0,0.0,0.0,0.0,0.0,1.0,0.0
4736,MQTT_Publish,MQTT_Publish,0.0,0.0,0.0,1.0,0.0,0.0,0.0,0.0,0.0,0.0,0.0
4737,Thing_Speak,Thing_Speak,0.0,0.0,0.0,0.0,0.0,0.0,0.0,0.0,0.0,1.0,0.0
4738,Thing_Speak,Thing_Speak,0.0,0.0,0.0,0.0,0.0,0.0,0.0,0.0,0.0,1.0,0.0
4739,MQTT_Publish,MQTT_Publish,0.0,0.0,0.0,1.0,0.0,0.0,0.0,0.0,0.0,0.0,0.0
4740,ARP_poisioning,ARP_poisioning,0.9647578806916105,0.0,0.0,0.0,0.0,0.0,0.0,0.0,0.0,0.03524211930838939,0.0
4741,MQTT_Publish,MQTT_Publish,0.0,0.0,0.0,1.0,0.0,0.0,0.0,0.0,0.0,0.0,0.0
4742,NMAP_UDP_SCAN,NMAP_UDP_SCAN,1.0322104921765483e-05,0.15642587932628133,0.0,0.0,0.0,0.0,0.0,0.8431424132840225,0.0,1.0822100693472182e-05,0.00041056318408096685
4743,DDOS_Slowloris,DDOS_Slowloris,0.0115,0.9884999999999999,0.0,0.0,0.0,0.0,0.0,0.0,0.0,0.0,0.0
4744,ARP_poisioning,ARP_poisioning,0.9884163391213494,0.0,0.0,0.0,0.0,0.0,0.0,0.0,0.0,0.011583660878650679,0.0
4745,ARP_poisioning,ARP_poisioning,0.9957858212001633,0.0,0.0,0.0,0.0,0.0,0.0,0.0,0.0,0.004214178799836712,0.0
4746,MQTT_Publish,MQTT_Publish,0.0,0.0,0.0,1.0,0.0,0.0,0.0,0.0,0.0,0.0,0.0
4747,ARP_poisioning,ARP_poisioning,0.9520089560908196,0.0,0.0,0.0,0.02,0.0,0.0,0.0,0.0,0.0279910439091805,0.0
4748,MQTT_Publish,MQTT_Publish,0.0,0.0,0.0,1.0,0.0,0.0,0.0,0.0,0.0,0.0,0.0
4749,MQTT_Publish,MQTT_Publish,0.0,0.0,0.0,1.0,0.0,0.0,0.0,0.0,0.0,0.0,0.0
4750,ARP_poisioning,ARP_poisioning,1.0,0.0,0.0,0.0,0.0,0.0,0.0,0.0,0.0,0.0,0.0
4751,MQTT_Publish,MQTT_Publish,0.0,0.0,0.0,1.0,0.0,0.0,0.0,0.0,0.0,0.0,0.0
4752,ARP_poisioning,ARP_poisioning,0.9877088933218586,0.0,0.0,0.0,0.0,0.0,0.0,0.0,0.0,0.002732946173181936,0.009558160504959423
4753,MQTT_Publish,MQTT_Publish,0.0,0.0,0.0,1.0,0.0,0.0,0.0,0.0,0.0,0.0,0.0
4754,ARP_poisioning,ARP_poisioning,0.9857450873362446,0.0,0.0,0.0,0.0,0.0,0.0,0.0,0.0,0.004254912663755458,0.01
4755,DDOS_Slowloris,ARP_poisioning,0.6859159345514135,0.30506179644910797,0.0,0.0,0.0,0.0,0.0,0.0,0.0,0.0009418773478422873,0.008080391651636177
4756,MQTT_Publish,MQTT_Publish,0.0,0.0,0.0,1.0,0.0,0.0,0.0,0.0,0.0,0.0,0.0
4757,MQTT_Publish,MQTT_Publish,0.0,0.0,0.0,1.0,0.0,0.0,0.0,0.0,0.0,0.0,0.0
4758,ARP_poisioning,ARP_poisioning,0.7557539967953023,0.0,0.0,0.0,0.0,0.0,0.0,0.0,0.0,0.24424600320469758,0.0
4759,DDOS_Slowloris,DDOS_Slowloris,0.08507437035023489,0.8884684531761493,0.0,0.0011451495258935085,0.0,0.0,0.0,0.0,0.0,0.015312026947722341,0.01
4760,NMAP_XMAS_TREE_SCAN,NMAP_XMAS_TREE_SCAN,3.2582512548421e-05,0.0,0.0,2.890442975255265e-05,0.0,0.09044470568141319,0.006687772577173575,0.0002746408124414594,0.9019912384969322,3.4163212055015705e-06,0.000536739168533056
4761,ARP_poisioning,ARP_poisioning,1.0,0.0,0.0,0.0,0.0,0.0,0.0,0.0,0.0,0.0,0.0
4762,ARP_poisioning,ARP_poisioning,1.0,0.0,0.0,0.0,0.0,0.0,0.0,0.0,0.0,0.0,0.0
4763,ARP_poisioning,ARP_poisioning,1.0,0.0,0.0,0.0,0.0,0.0,0.0,0.0,0.0,0.0,0.0
4764,MQTT_Publish,MQTT_Publish,0.0,0.0,0.0,1.0,0.0,0.0,0.0,0.0,0.0,0.0,0.0
4765,ARP_poisioning,ARP_poisioning,1.0,0.0,0.0,0.0,0.0,0.0,0.0,0.0,0.0,0.0,0.0
4766,ARP_poisioning,ARP_poisioning,1.0,0.0,0.0,0.0,0.0,0.0,0.0,0.0,0.0,0.0,0.0
4767,ARP_poisioning,ARP_poisioning,0.8517177209818569,0.009118155619596542,0.0,0.0,0.0,0.0,0.0,0.0,0.0,0.13916412339854645,0.0
4768,ARP_poisioning,ARP_poisioning,0.9782788362327511,0.009055523755008586,0.009919148936170212,0.0,0.0,0.0,0.0,0.0,0.0,0.002746491076070005,0.0
4769,ARP_poisioning,ARP_poisioning,1.0,0.0,0.0,0.0,0.0,0.0,0.0,0.0,0.0,0.0,0.0
4770,MQTT_Publish,MQTT_Publish,0.0,0.0,0.0,1.0,0.0,0.0,0.0,0.0,0.0,0.0,0.0
4771,ARP_poisioning,ARP_poisioning,1.0,0.0,0.0,0.0,0.0,0.0,0.0,0.0,0.0,0.0,0.0
4772,MQTT_Publish,MQTT_Publish,0.0,0.0,0.0,1.0,0.0,0.0,0.0,0.0,0.0,0.0,0.0
4773,MQTT_Publish,MQTT_Publish,0.0,0.0,0.0,1.0,0.0,0.0,0.0,0.0,0.0,0.0,0.0
4774,MQTT_Publish,MQTT_Publish,0.0,0.0,0.0,1.0,0.0,0.0,0.0,0.0,0.0,0.0,0.0
4775,ARP_poisioning,ARP_poisioning,0.8385585812658145,0.0,0.0,0.0,0.0,0.0,0.0,0.0,0.0,0.16144141873418544,0.0
4776,MQTT_Publish,MQTT_Publish,0.0,0.0,0.0,1.0,0.0,0.0,0.0,0.0,0.0,0.0,0.0
4777,ARP_poisioning,ARP_poisioning,1.0,0.0,0.0,0.0,0.0,0.0,0.0,0.0,0.0,0.0,0.0
4778,MQTT_Publish,MQTT_Publish,0.0,0.0,0.0,1.0,0.0,0.0,0.0,0.0,0.0,0.0,0.0
4779,ARP_poisioning,ARP_poisioning,1.0,0.0,0.0,0.0,0.0,0.0,0.0,0.0,0.0,0.0,0.0
4780,MQTT_Publish,MQTT_Publish,0.0,0.0,0.0,1.0,0.0,0.0,0.0,0.0,0.0,0.0,0.0
4781,ARP_poisioning,ARP_poisioning,0.659051016081103,0.0,0.0,0.0,0.0,0.0,0.0,0.0,0.0,0.34094898391889705,0.0
4782,ARP_poisioning,Wipro_bulb,0.3953738848756362,0.0,0.0,0.0,0.0,0.0,0.0,0.09444465315293128,0.0,0.08476023017337124,0.42542123179806124
4783,NMAP_UDP_SCAN,NMAP_UDP_SCAN,0.11067018740494328,0.13748999613386428,0.0,0.0,0.0513525037358212,0.0,0.0,0.6035462997113897,0.0,0.08731661397552014,0.00962439903846154
4784,MQTT_Publish,MQTT_Publish,0.0,0.0,0.0,1.0,0.0,0.0,0.0,0.0,0.0,0.0,0.0
4785,ARP_poisioning,ARP_poisioning,1.0,0.0,0.0,0.0,0.0,0.0,0.0,0.0,0.0,0.0,0.0
4786,MQTT_Publish,MQTT_Publish,0.0,0.0,0.0,1.0,0.0,0.0,0.0,0.0,0.0,0.0,0.0
4787,ARP_poisioning,ARP_poisioning,0.9730263549460966,0.008330270412181675,0.0,0.01,0.0,0.0,0.0,0.0,0.0,0.008643374641721628,0.0
4788,ARP_poisioning,ARP_poisioning,1.0,0.0,0.0,0.0,0.0,0.0,0.0,0.0,0.0,0.0,0.0
4789,ARP_poisioning,ARP_poisioning,1.0,0.0,0.0,0.0,0.0,0.0,0.0,0.0,0.0,0.0,0.0
4790,ARP_poisioning,ARP_poisioning,0.98,0.0,0.0,0.0,0.0,0.0,0.0,0.0,0.0,0.01,0.01
4791,ARP_poisioning,ARP_poisioning,0.6384781428077589,0.0,0.0,0.0,0.0,0.0,0.0,0.008493436813090826,0.009921847661262102,0.32310657271788806,0.02
4792,ARP_poisioning,ARP_poisioning,1.0,0.0,0.0,0.0,0.0,0.0,0.0,0.0,0.0,0.0,0.0
4793,ARP_poisioning,ARP_poisioning,1.0,0.0,0.0,0.0,0.0,0.0,0.0,0.0,0.0,0.0,0.0
4794,ARP_poisioning,ARP_poisioning,1.0,0.0,0.0,0.0,0.0,0.0,0.0,0.0,0.0,0.0,0.0
4795,MQTT_Publish,MQTT_Publish,0.0,0.0,0.0,1.0,0.0,0.0,0.0,0.0,0.0,0.0,0.0
4796,MQTT_Publish,MQTT_Publish,0.0,0.0,0.0,1.0,0.0,0.0,0.0,0.0,0.0,0.0,0.0
4797,MQTT_Publish,MQTT_Publish,0.0,0.0,0.0,1.0,0.0,0.0,0.0,0.0,0.0,0.0,0.0
4798,MQTT_Publish,MQTT_Publish,0.0,0.0,0.0,1.0,0.0,0.0,0.0,0.0,0.0,0.0,0.0
4799,MQTT_Publish,MQTT_Publish,0.0,0.0,0.0,1.0,0.0,0.0,0.0,0.0,0.0,0.0,0.0
4800,ARP_poisioning,ARP_poisioning,0.8258109413469513,0.04198400205274331,0.0,0.04568249162176375,0.0,0.0,0.009918775382692908,0.009867718728243212,0.0,0.024286198753986042,0.04244987211361931
4801,ARP_poisioning,ARP_poisioning,0.9972919372997316,0.0,0.0,0.0,0.0,0.0,0.0,0.0,0.0,0.002708062700268468,0.0
4802,MQTT_Publish,MQTT_Publish,0.0,0.0,0.0,1.0,0.0,0.0,0.0,0.0,0.0,0.0,0.0
4803,ARP_poisioning,ARP_poisioning,0.994356846473029,0.0,0.0,0.005643153526970954,0.0,0.0,0.0,0.0,0.0,0.0,0.0
4804,ARP_poisioning,ARP_poisioning,1.0,0.0,0.0,0.0,0.0,0.0,0.0,0.0,0.0,0.0,0.0
4805,MQTT_Publish,MQTT_Publish,0.0,0.0,0.0,1.0,0.0,0.0,0.0,0.0,0.0,0.0,0.0
4806,MQTT_Publish,MQTT_Publish,0.0,0.0,0.0,1.0,0.0,0.0,0.0,0.0,0.0,0.0,0.0
4807,MQTT_Publish,MQTT_Publish,0.0,0.0,0.0,1.0,0.0,0.0,0.0,0.0,0.0,0.0,0.0
4808,MQTT_Publish,MQTT_Publish,0.0,0.0,0.0,1.0,0.0,0.0,0.0,0.0,0.0,0.0,0.0
4809,MQTT_Publish,MQTT_Publish,0.0,0.0,0.0,1.0,0.0,0.0,0.0,0.0,0.0,0.0,0.0
4810,MQTT_Publish,MQTT_Publish,0.0,0.0,0.0,1.0,0.0,0.0,0.0,0.0,0.0,0.0,0.0
4811,MQTT_Publish,MQTT_Publish,0.0,0.0,0.0,1.0,0.0,0.0,0.0,0.0,0.0,0.0,0.0
4812,ARP_poisioning,ARP_poisioning,1.0,0.0,0.0,0.0,0.0,0.0,0.0,0.0,0.0,0.0,0.0
4813,MQTT_Publish,MQTT_Publish,0.0,0.0,0.0,1.0,0.0,0.0,0.0,0.0,0.0,0.0,0.0
4814,NMAP_UDP_SCAN,NMAP_UDP_SCAN,0.20320348936410362,0.051154908313132096,0.0,0.0,0.04550465694936357,0.0,0.0,0.5793046030789798,0.0,0.12083234229442102,0.0
4815,MQTT_Publish,MQTT_Publish,0.0,0.0,0.0,1.0,0.0,0.0,0.0,0.0,0.0,0.0,0.0
4816,MQTT_Publish,MQTT_Publish,0.0,0.0,0.0,1.0,0.0,0.0,0.0,0.0,0.0,0.0,0.0
4817,ARP_poisioning,ARP_poisioning,1.0,0.0,0.0,0.0,0.0,0.0,0.0,0.0,0.0,0.0,0.0
4818,ARP_poisioning,ARP_poisioning,1.0,0.0,0.0,0.0,0.0,0.0,0.0,0.0,0.0,0.0,0.0
4819,ARP_poisioning,ARP_poisioning,1.0,0.0,0.0,0.0,0.0,0.0,0.0,0.0,0.0,0.0,0.0
4820,ARP_poisioning,ARP_poisioning,0.5850692601929439,0.0,0.0,0.0,0.01719975042185172,0.0,0.0,0.08944290272917073,0.009941756804944728,0.28915273534150926,0.00919359450957964
4821,ARP_poisioning,ARP_poisioning,1.0,0.0,0.0,0.0,0.0,0.0,0.0,0.0,0.0,0.0,0.0
4822,MQTT_Publish,MQTT_Publish,0.0,0.0,0.0,1.0,0.0,0.0,0.0,0.0,0.0,0.0,0.0
4823,ARP_poisioning,ARP_poisioning,0.7645755217345348,0.0,0.0,0.0,0.049755692902892036,0.0,0.0,0.009428122601282923,0.0,0.1762406627612901,0.0
4824,MQTT_Publish,MQTT_Publish,0.0,0.0,0.0,1.0,0.0,0.0,0.0,0.0,0.0,0.0,0.0
4825,MQTT_Publish,MQTT_Publish,0.0,0.0,0.0,1.0,0.0,0.0,0.0,0.0,0.0,0.0,0.0
4826,MQTT_Publish,MQTT_Publish,0.0,0.0,0.0,1.0,0.0,0.0,0.0,0.0,0.0,0.0,0.0
4827,MQTT_Publish,MQTT_Publish,0.0,0.0,0.0,1.0,0.0,0.0,0.0,0.0,0.0,0.0,0.0
4828,MQTT_Publish,MQTT_Publish,0.0,0.0,0.0,1.0,0.0,0.0,0.0,0.0,0.0,0.0,0.0
4829,ARP_poisioning,ARP_poisioning,1.0,0.0,0.0,0.0,0.0,0.0,0.0,0.0,0.0,0.0,0.0
4830,MQTT_Publish,MQTT_Publish,0.0,0.0,0.0,1.0,0.0,0.0,0.0,0.0,0.0,0.0,0.0
4831,ARP_poisioning,ARP_poisioning,1.0,0.0,0.0,0.0,0.0,0.0,0.0,0.0,0.0,0.0,0.0
4832,MQTT_Publish,MQTT_Publish,0.0,0.0,0.0,1.0,0.0,0.0,0.0,0.0,0.0,0.0,0.0
4833,ARP_poisioning,ARP_poisioning,1.0,0.0,0.0,0.0,0.0,0.0,0.0,0.0,0.0,0.0,0.0
4834,MQTT_Publish,MQTT_Publish,0.0,0.0,0.0,1.0,0.0,0.0,0.0,0.0,0.0,0.0,0.0
4835,Wipro_bulb,Wipro_bulb,0.027308319982706362,0.0,0.0,0.0,0.0,0.0,0.0,0.0,0.0,0.13914074052464012,0.8335509394926537
4836,ARP_poisioning,ARP_poisioning,1.0,0.0,0.0,0.0,0.0,0.0,0.0,0.0,0.0,0.0,0.0
4837,MQTT_Publish,MQTT_Publish,0.0,0.0,0.0,1.0,0.0,0.0,0.0,0.0,0.0,0.0,0.0
4838,MQTT_Publish,MQTT_Publish,0.0,0.0,0.0,1.0,0.0,0.0,0.0,0.0,0.0,0.0,0.0
4839,ARP_poisioning,ARP_poisioning,1.0,0.0,0.0,0.0,0.0,0.0,0.0,0.0,0.0,0.0,0.0
4840,ARP_poisioning,ARP_poisioning,0.9119587826587627,0.0,0.0,0.0,0.0,0.0,0.0,0.0,0.0,0.07854319362582218,0.00949802371541502
4841,ARP_poisioning,ARP_poisioning,1.0,0.0,0.0,0.0,0.0,0.0,0.0,0.0,0.0,0.0,0.0
4842,ARP_poisioning,ARP_poisioning,1.0,0.0,0.0,0.0,0.0,0.0,0.0,0.0,0.0,0.0,0.0
4843,ARP_poisioning,ARP_poisioning,1.0,0.0,0.0,0.0,0.0,0.0,0.0,0.0,0.0,0.0,0.0
4844,ARP_poisioning,ARP_poisioning,1.0,0.0,0.0,0.0,0.0,0.0,0.0,0.0,0.0,0.0,0.0
4845,ARP_poisioning,ARP_poisioning,1.0,0.0,0.0,0.0,0.0,0.0,0.0,0.0,0.0,0.0,0.0
4846,MQTT_Publish,MQTT_Publish,0.0,0.0,0.0,1.0,0.0,0.0,0.0,0.0,0.0,0.0,0.0
4847,ARP_poisioning,ARP_poisioning,1.0,0.0,0.0,0.0,0.0,0.0,0.0,0.0,0.0,0.0,0.0
4848,ARP_poisioning,ARP_poisioning,0.9973578076525337,0.0,0.0,0.0,0.0,0.0,0.0,0.0,0.0,0.002642192347466391,0.0
4849,MQTT_Publish,MQTT_Publish,0.0,0.0,0.0,1.0,0.0,0.0,0.0,0.0,0.0,0.0,0.0
4850,MQTT_Publish,MQTT_Publish,0.0,0.0,0.0,1.0,0.0,0.0,0.0,0.0,0.0,0.0,0.0
4851,ARP_poisioning,ARP_poisioning,0.99,0.0,0.0,0.0,0.0,0.0,0.0,0.0,0.0,0.01,0.0
4852,MQTT_Publish,MQTT_Publish,0.0,0.0,0.0,1.0,0.0,0.0,0.0,0.0,0.0,0.0,0.0
4853,MQTT_Publish,MQTT_Publish,0.0,0.0,0.0,1.0,0.0,0.0,0.0,0.0,0.0,0.0,0.0
4854,ARP_poisioning,ARP_poisioning,1.0,0.0,0.0,0.0,0.0,0.0,0.0,0.0,0.0,0.0,0.0
4855,ARP_poisioning,ARP_poisioning,0.9435788765313609,0.0,0.0,0.0,0.0,0.0,0.0,0.009761855881749127,0.0,0.046659267586890055,0.0
4856,DDOS_Slowloris,NMAP_UDP_SCAN,2.481490310514844e-05,0.45006534185678143,0.0034124938975558135,0.0,0.0,0.0,0.0,0.5460402713174978,0.0,4.651484097903673e-05,0.00041056318408096685
4857,NMAP_UDP_SCAN,ARP_poisioning,0.7703915110618529,0.0,0.0025340423167651404,0.0,0.011166440251355946,0.0,0.0,0.11956820655598994,0.0,0.09611150303640852,0.00022829677762749745
4858,NMAP_UDP_SCAN,NMAP_UDP_SCAN,1.0322104921765483e-05,0.16669728661628533,0.0,0.0,0.0,0.0,0.0,0.8328710059940184,0.0,1.0822100693472182e-05,0.00041056318408096685
4859,ARP_poisioning,ARP_poisioning,0.9805812897366031,0.0,0.0,0.0,0.0,0.0,0.0,0.009418710263396912,0.0,0.01,0.0
4860,ARP_poisioning,ARP_poisioning,1.0,0.0,0.0,0.0,0.0,0.0,0.0,0.0,0.0,0.0,0.0
4861,ARP_poisioning,ARP_poisioning,0.9461836529090636,0.0,0.0,0.0,0.009900836690424542,0.0,0.0,0.0,0.0,0.04391551040051182,0.0
4862,MQTT_Publish,MQTT_Publish,0.0,0.0,0.0,1.0,0.0,0.0,0.0,0.0,0.0,0.0,0.0
4863,MQTT_Publish,MQTT_Publish,0.0,0.0,0.0,1.0,0.0,0.0,0.0,0.0,0.0,0.0,0.0
4864,MQTT_Publish,MQTT_Publish,0.0,0.0,0.0,1.0,0.0,0.0,0.0,0.0,0.0,0.0,0.0
4865,ARP_poisioning,ARP_poisioning,1.0,0.0,0.0,0.0,0.0,0.0,0.0,0.0,0.0,0.0,0.0
4866,MQTT_Publish,MQTT_Publish,0.0,0.0,0.0,1.0,0.0,0.0,0.0,0.0,0.0,0.0,0.0
4867,ARP_poisioning,ARP_poisioning,1.0,0.0,0.0,0.0,0.0,0.0,0.0,0.0,0.0,0.0,0.0
4868,ARP_poisioning,ARP_poisioning,0.9888748901685867,0.0,0.0,0.0,0.0,0.0,0.0,0.0,0.0,0.011125109831413366,0.0
4869,MQTT_Publish,MQTT_Publish,0.0,0.0,0.0,1.0,0.0,0.0,0.0,0.0,0.0,0.0,0.0
4870,NMAP_UDP_SCAN,NMAP_UDP_SCAN,1.0322104921765483e-05,0.15757894986696885,0.0,0.0,0.0,0.0,0.0,0.8419893427433348,0.0,1.0822100693472182e-05,0.00041056318408096685
4871,MQTT_Publish,MQTT_Publish,0.0,0.0,0.0,1.0,0.0,0.0,0.0,0.0,0.0,0.0,0.0
4872,MQTT_Publish,MQTT_Publish,0.0,0.0,0.0,1.0,0.0,0.0,0.0,0.0,0.0,0.0,0.0
4873,MQTT_Publish,MQTT_Publish,0.0,0.0,0.0,1.0,0.0,0.0,0.0,0.0,0.0,0.0,0.0
4874,MQTT_Publish,MQTT_Publish,0.0,0.0,0.0,1.0,0.0,0.0,0.0,0.0,0.0,0.0,0.0
4875,MQTT_Publish,MQTT_Publish,0.0,0.0,0.0,1.0,0.0,0.0,0.0,0.0,0.0,0.0,0.0
4876,NMAP_OS_DETECTION,NMAP_OS_DETECTION,0.00021540294497136427,1.6187824150449924e-05,0.0,4.135211154144212e-05,0.0,0.8950433289611746,0.02494070840585584,0.0002746408124414594,0.07866094886303074,3.4163212055015705e-06,0.0008040137556287519
4877,ARP_poisioning,ARP_poisioning,1.0,0.0,0.0,0.0,0.0,0.0,0.0,0.0,0.0,0.0,0.0
4878,ARP_poisioning,ARP_poisioning,0.9657564377682404,0.0,0.0,0.0,0.0,0.0,0.0,0.0,0.0,0.03424356223175966,0.0
4879,ARP_poisioning,ARP_poisioning,1.0,0.0,0.0,0.0,0.0,0.0,0.0,0.0,0.0,0.0,0.0
4880,ARP_poisioning,ARP_poisioning,0.6030426879224691,0.0,0.0,0.0,0.0,0.0,0.0,0.0,0.0,0.39695731207753104,0.0
4881,DDOS_Slowloris,DDOS_Slowloris,0.0,1.0,0.0,0.0,0.0,0.0,0.0,0.0,0.0,0.0,0.0
4882,ARP_poisioning,ARP_poisioning,0.9380906794873313,0.0,0.0,0.0,0.0,0.0,0.0,0.0,0.0,0.043116960215774346,0.01879236029689435
4883,MQTT_Publish,MQTT_Publish,0.0,0.0,0.0,1.0,0.0,0.0,0.0,0.0,0.0,0.0,0.0
4884,ARP_poisioning,ARP_poisioning,1.0,0.0,0.0,0.0,0.0,0.0,0.0,0.0,0.0,0.0,0.0
4885,ARP_poisioning,ARP_poisioning,1.0,0.0,0.0,0.0,0.0,0.0,0.0,0.0,0.0,0.0,0.0
4886,MQTT_Publish,MQTT_Publish,0.0,0.0,0.0,1.0,0.0,0.0,0.0,0.0,0.0,0.0,0.0
4887,MQTT_Publish,MQTT_Publish,0.0,0.0,0.0,1.0,0.0,0.0,0.0,0.0,0.0,0.0,0.0
4888,ARP_poisioning,ARP_poisioning,0.9571280248061127,0.0,0.0,0.0,0.0,0.0,0.0,0.0,0.0,0.0428719751938873,0.0
4889,ARP_poisioning,ARP_poisioning,0.9801475503383059,0.0,0.009929078014184398,0.0,0.009923371647509577,0.0,0.0,0.0,0.0,0.0,0.0
4890,ARP_poisioning,ARP_poisioning,1.0,0.0,0.0,0.0,0.0,0.0,0.0,0.0,0.0,0.0,0.0
4891,DDOS_Slowloris,DDOS_Slowloris,0.0,1.0,0.0,0.0,0.0,0.0,0.0,0.0,0.0,0.0,0.0
4892,ARP_poisioning,Thing_Speak,0.440647780277971,0.0,0.0,0.0,0.00995925722792447,0.0,0.0,0.009842796809009855,0.0,0.5395501656850946,0.0
4893,MQTT_Publish,MQTT_Publish,0.0,0.0,0.0,1.0,0.0,0.0,0.0,0.0,0.0,0.0,0.0
4894,ARP_poisioning,ARP_poisioning,1.0,0.0,0.0,0.0,0.0,0.0,0.0,0.0,0.0,0.0,0.0
4895,DDOS_Slowloris,DDOS_Slowloris,0.0,1.0,0.0,0.0,0.0,0.0,0.0,0.0,0.0,0.0,0.0
4896,DDOS_Slowloris,DDOS_Slowloris,0.0,1.0,0.0,0.0,0.0,0.0,0.0,0.0,0.0,0.0,0.0
4897,ARP_poisioning,ARP_poisioning,1.0,0.0,0.0,0.0,0.0,0.0,0.0,0.0,0.0,0.0,0.0
4898,ARP_poisioning,ARP_poisioning,0.9614075707209194,0.01,0.0,0.010311912543508288,0.0,0.0,0.0,0.0,0.0,0.008823168461250436,0.009457348274321832
4899,MQTT_Publish,MQTT_Publish,0.0,0.0,0.0,1.0,0.0,0.0,0.0,0.0,0.0,0.0,0.0
4900,ARP_poisioning,ARP_poisioning,1.0,0.0,0.0,0.0,0.0,0.0,0.0,0.0,0.0,0.0,0.0
4901,MQTT_Publish,MQTT_Publish,0.0,0.0,0.0,1.0,0.0,0.0,0.0,0.0,0.0,0.0,0.0
4902,DDOS_Slowloris,DDOS_Slowloris,0.0,1.0,0.0,0.0,0.0,0.0,0.0,0.0,0.0,0.0,0.0
4903,ARP_poisioning,ARP_poisioning,0.995702121908366,0.0,0.0,0.0,0.0,0.0,0.0,0.0,0.0,0.004297878091634005,0.0
4904,ARP_poisioning,ARP_poisioning,0.9464718956840603,0.03369510860296323,0.0,0.0,0.0,0.0,0.009962397937258272,0.009625,0.0,0.00024559777571825765,0.0
4905,MQTT_Publish,MQTT_Publish,0.0,0.0,0.0,1.0,0.0,0.0,0.0,0.0,0.0,0.0,0.0
4906,Wipro_bulb,Wipro_bulb,3.687867081389752e-05,0.0,0.0,0.0017841915382092492,0.0,0.0,0.0,0.009421579532814238,0.0,0.03132155080152749,0.9574357994566352
4907,ARP_poisioning,NMAP_UDP_SCAN,0.0028850739133633885,0.0,0.0006506561435715163,0.0,0.006395195279265432,0.0,0.0,0.9388549234198459,0.0,0.05098585446632641,0.00022829677762749745
4908,MQTT_Publish,MQTT_Publish,0.0,0.0,0.0,0.9945009742368478,0.0,0.0,0.0,0.0,0.0,0.005499025763152198,0.0
4909,ARP_poisioning,ARP_poisioning,1.0,0.0,0.0,0.0,0.0,0.0,0.0,0.0,0.0,0.0,0.0
4910,MQTT_Publish,MQTT_Publish,0.0,0.0,0.0,1.0,0.0,0.0,0.0,0.0,0.0,0.0,0.0
4911,ARP_poisioning,ARP_poisioning,1.0,0.0,0.0,0.0,0.0,0.0,0.0,0.0,0.0,0.0,0.0
4912,MQTT_Publish,MQTT_Publish,0.0,0.0,0.0,1.0,0.0,0.0,0.0,0.0,0.0,0.0,0.0
4913,MQTT_Publish,MQTT_Publish,0.0,0.0,0.0,1.0,0.0,0.0,0.0,0.0,0.0,0.0,0.0
4914,ARP_poisioning,ARP_poisioning,1.0,0.0,0.0,0.0,0.0,0.0,0.0,0.0,0.0,0.0,0.0
4915,ARP_poisioning,ARP_poisioning,1.0,0.0,0.0,0.0,0.0,0.0,0.0,0.0,0.0,0.0,0.0
4916,ARP_poisioning,ARP_poisioning,1.0,0.0,0.0,0.0,0.0,0.0,0.0,0.0,0.0,0.0,0.0
4917,ARP_poisioning,NMAP_OS_DETECTION,0.028108615026987135,0.0004558499831228769,0.02995533740335377,0.027735237671299866,0.0,0.622368370857547,0.047890381573492305,0.09724141176228368,0.06699323540607559,0.023590748577151367,0.05566081173868651
4918,MQTT_Publish,MQTT_Publish,0.0,0.0,0.0,1.0,0.0,0.0,0.0,0.0,0.0,0.0,0.0
4919,MQTT_Publish,MQTT_Publish,0.0,0.0,0.0,1.0,0.0,0.0,0.0,0.0,0.0,0.0,0.0
4920,ARP_poisioning,ARP_poisioning,1.0,0.0,0.0,0.0,0.0,0.0,0.0,0.0,0.0,0.0,0.0
4921,ARP_poisioning,ARP_poisioning,1.0,0.0,0.0,0.0,0.0,0.0,0.0,0.0,0.0,0.0,0.0
4922,MQTT_Publish,MQTT_Publish,0.0,0.0,0.0,1.0,0.0,0.0,0.0,0.0,0.0,0.0,0.0
4923,MQTT_Publish,MQTT_Publish,0.0,0.0,0.0,1.0,0.0,0.0,0.0,0.0,0.0,0.0,0.0
4924,MQTT_Publish,MQTT_Publish,0.0,0.0,0.0,1.0,0.0,0.0,0.0,0.0,0.0,0.0,0.0
4925,NMAP_XMAS_TREE_SCAN,NMAP_XMAS_TREE_SCAN,1.9312397125388537e-05,0.0,0.0,2.890442975255265e-05,0.0,0.06688834539564643,0.0018720457521085045,0.0002746408124414594,0.9303765957231872,3.4163212055015705e-06,0.000536739168533056
4926,ARP_poisioning,ARP_poisioning,1.0,0.0,0.0,0.0,0.0,0.0,0.0,0.0,0.0,0.0,0.0
4927,ARP_poisioning,ARP_poisioning,1.0,0.0,0.0,0.0,0.0,0.0,0.0,0.0,0.0,0.0,0.0
4928,MQTT_Publish,MQTT_Publish,0.0,0.0,0.0,1.0,0.0,0.0,0.0,0.0,0.0,0.0,0.0
4929,ARP_poisioning,ARP_poisioning,1.0,0.0,0.0,0.0,0.0,0.0,0.0,0.0,0.0,0.0,0.0
4930,ARP_poisioning,ARP_poisioning,1.0,0.0,0.0,0.0,0.0,0.0,0.0,0.0,0.0,0.0,0.0
4931,ARP_poisioning,ARP_poisioning,1.0,0.0,0.0,0.0,0.0,0.0,0.0,0.0,0.0,0.0,0.0
4932,ARP_poisioning,ARP_poisioning,0.9831014873140858,0.0,0.0,0.0,0.0,0.0,0.0,0.0,0.0,0.006898512685914261,0.01
4933,DDOS_Slowloris,DDOS_Slowloris,0.0,1.0,0.0,0.0,0.0,0.0,0.0,0.0,0.0,0.0,0.0
4934,ARP_poisioning,ARP_poisioning,0.9243143121353364,0.0,0.0,0.0,0.0,0.0,0.0,0.01,0.0,0.06568568786466361,0.0
4935,ARP_poisioning,ARP_poisioning,1.0,0.0,0.0,0.0,0.0,0.0,0.0,0.0,0.0,0.0,0.0
4936,Wipro_bulb,Wipro_bulb,0.02156709123457001,0.012864205561385657,0.0,0.0,0.01,0.0,0.0,0.0,0.0,0.04930451049702331,0.906264192707021
4937,MQTT_Publish,MQTT_Publish,0.0,0.0,0.0,1.0,0.0,0.0,0.0,0.0,0.0,0.0,0.0
4938,MQTT_Publish,MQTT_Publish,0.0,0.0,0.0,1.0,0.0,0.0,0.0,0.0,0.0,0.0,0.0
4939,ARP_poisioning,ARP_poisioning,1.0,0.0,0.0,0.0,0.0,0.0,0.0,0.0,0.0,0.0,0.0
4940,ARP_poisioning,ARP_poisioning,1.0,0.0,0.0,0.0,0.0,0.0,0.0,0.0,0.0,0.0,0.0
4941,ARP_poisioning,ARP_poisioning,1.0,0.0,0.0,0.0,0.0,0.0,0.0,0.0,0.0,0.0,0.0
4942,MQTT_Publish,MQTT_Publish,0.0,0.0,0.0,1.0,0.0,0.0,0.0,0.0,0.0,0.0,0.0
4943,ARP_poisioning,ARP_poisioning,0.995702121908366,0.0,0.0,0.0,0.0,0.0,0.0,0.0,0.0,0.004297878091634005,0.0
4944,MQTT_Publish,MQTT_Publish,0.0,0.0,0.0,1.0,0.0,0.0,0.0,0.0,0.0,0.0,0.0
4945,ARP_poisioning,ARP_poisioning,0.9914522805785643,0.0,0.0,0.0,0.0,0.0,0.0,0.0,0.0,0.008547719421435679,0.0
4946,Wipro_bulb,Wipro_bulb,0.003101487314085739,0.0,0.0,0.0,0.009011627906976745,0.0,0.0,0.0,0.0,0.007530781430960819,0.9803561033479766
4947,MQTT_Publish,MQTT_Publish,0.0,0.0,0.0,1.0,0.0,0.0,0.0,0.0,0.0,0.0,0.0
4948,ARP_poisioning,ARP_poisioning,1.0,0.0,0.0,0.0,0.0,0.0,0.0,0.0,0.0,0.0,0.0
4949,DDOS_Slowloris,NMAP_UDP_SCAN,1.0322104921765483e-05,0.24721623772305373,0.0010512922578260497,0.0,0.0,0.0,0.0,0.7513016067585225,0.0,9.977971595017192e-06,0.00041056318408096685
4950,ARP_poisioning,ARP_poisioning,1.0,0.0,0.0,0.0,0.0,0.0,0.0,0.0,0.0,0.0,0.0
4951,MQTT_Publish,MQTT_Publish,0.0,0.0,0.0,1.0,0.0,0.0,0.0,0.0,0.0,0.0,0.0
4952,ARP_poisioning,ARP_poisioning,0.900609423928536,0.0,0.0,0.005622769450392576,0.0,0.0,0.0,0.0,0.0,0.08406287347215485,0.009704933148916552
4953,ARP_poisioning,ARP_poisioning,1.0,0.0,0.0,0.0,0.0,0.0,0.0,0.0,0.0,0.0,0.0
4954,DDOS_Slowloris,DDOS_Slowloris,0.0,1.0,0.0,0.0,0.0,0.0,0.0,0.0,0.0,0.0,0.0
4955,ARP_poisioning,ARP_poisioning,0.9755710292611177,0.0,0.0,0.0,0.0,0.0,0.0,0.0,0.0,0.024428970738882345,0.0
4956,ARP_poisioning,ARP_poisioning,1.0,0.0,0.0,0.0,0.0,0.0,0.0,0.0,0.0,0.0,0.0
4957,ARP_poisioning,ARP_poisioning,1.0,0.0,0.0,0.0,0.0,0.0,0.0,0.0,0.0,0.0,0.0
4958,ARP_poisioning,ARP_poisioning,0.7535404875326086,0.009105786090005844,0.0,0.0,0.0,0.0,0.0,0.14208744739693538,0.0,0.09526627898045006,0.0
4959,ARP_poisioning,ARP_poisioning,1.0,0.0,0.0,0.0,0.0,0.0,0.0,0.0,0.0,0.0,0.0
4960,MQTT_Publish,MQTT_Publish,0.0,0.0,0.0,1.0,0.0,0.0,0.0,0.0,0.0,0.0,0.0
4961,ARP_poisioning,ARP_poisioning,0.9417935998281288,0.0,0.0,0.0,0.02,0.0,0.0,0.0,0.0,0.02850382405945899,0.009702576112412178
4962,NMAP_UDP_SCAN,NMAP_UDP_SCAN,1.273389142576965e-05,0.09297785898582483,0.0007925132363315011,7.17665855958503e-05,0.0,0.0,0.0,0.9053369898241066,0.0,3.0110077288435226e-05,0.0007780273994271982
4963,DDOS_Slowloris,DDOS_Slowloris,0.003267728674203494,0.9967322713257966,0.0,0.0,0.0,0.0,0.0,0.0,0.0,0.0,0.0
4964,ARP_poisioning,ARP_poisioning,1.0,0.0,0.0,0.0,0.0,0.0,0.0,0.0,0.0,0.0,0.0
4965,MQTT_Publish,MQTT_Publish,0.0,0.0,0.0,1.0,0.0,0.0,0.0,0.0,0.0,0.0,0.0
4966,ARP_poisioning,ARP_poisioning,1.0,0.0,0.0,0.0,0.0,0.0,0.0,0.0,0.0,0.0,0.0
4967,MQTT_Publish,MQTT_Publish,0.0,0.0,0.0,1.0,0.0,0.0,0.0,0.0,0.0,0.0,0.0
4968,ARP_poisioning,ARP_poisioning,1.0,0.0,0.0,0.0,0.0,0.0,0.0,0.0,0.0,0.0,0.0
4969,ARP_poisioning,ARP_poisioning,0.9130974092227685,0.0,0.0,0.0,0.0,0.0,0.0,0.0,0.0,0.08690259077723166,0.0
4970,ARP_poisioning,ARP_poisioning,1.0,0.0,0.0,0.0,0.0,0.0,0.0,0.0,0.0,0.0,0.0
4971,ARP_poisioning,ARP_poisioning,1.0,0.0,0.0,0.0,0.0,0.0,0.0,0.0,0.0,0.0,0.0
4972,MQTT_Publish,MQTT_Publish,0.0,0.0,0.0,1.0,0.0,0.0,0.0,0.0,0.0,0.0,0.0
4973,NMAP_UDP_SCAN,NMAP_UDP_SCAN,1.0322104921765483e-05,0.17182221044523588,0.0,0.0,0.0,0.0,0.0,0.827746082165068,0.0,1.0822100693472182e-05,0.00041056318408096685
4974,ARP_poisioning,ARP_poisioning,0.9885089294039652,0.0,0.0,0.0,0.00989795918367347,0.0,0.0,0.0,0.0,0.0015931114123612993,0.0
4975,MQTT_Publish,MQTT_Publish,0.0,0.0,0.0,1.0,0.0,0.0,0.0,0.0,0.0,0.0,0.0
4976,MQTT_Publish,MQTT_Publish,0.022077563311629203,0.0158184149009033,0.0,0.8654788935812576,0.009803216077682385,0.0,0.0,0.0,0.0,0.05711022176517851,0.029711690363349134
4977,MQTT_Publish,MQTT_Publish,0.0,0.0,0.0,1.0,0.0,0.0,0.0,0.0,0.0,0.0,0.0
4978,ARP_poisioning,ARP_poisioning,0.9914270761834773,0.0,0.0,0.0,0.0,0.0,0.0,0.0,0.0,0.008572923816522802,0.0
4979,MQTT_Publish,MQTT_Publish,0.0,0.0,0.0,1.0,0.0,0.0,0.0,0.0,0.0,0.0,0.0
4980,ARP_poisioning,ARP_poisioning,0.6228104643117762,0.3681672666887454,0.0,0.0,0.0,0.0,0.0,0.0,0.0,0.0009418773478422873,0.008080391651636177
4981,DDOS_Slowloris,DDOS_Slowloris,0.0,1.0,0.0,0.0,0.0,0.0,0.0,0.0,0.0,0.0,0.0
4982,DDOS_Slowloris,DDOS_Slowloris,0.0,1.0,0.0,0.0,0.0,0.0,0.0,0.0,0.0,0.0,0.0
4983,ARP_poisioning,ARP_poisioning,1.0,0.0,0.0,0.0,0.0,0.0,0.0,0.0,0.0,0.0,0.0
4984,ARP_poisioning,ARP_poisioning,1.0,0.0,0.0,0.0,0.0,0.0,0.0,0.0,0.0,0.0,0.0
4985,MQTT_Publish,MQTT_Publish,0.0,0.0,0.0,1.0,0.0,0.0,0.0,0.0,0.0,0.0,0.0
4986,ARP_poisioning,ARP_poisioning,1.0,0.0,0.0,0.0,0.0,0.0,0.0,0.0,0.0,0.0,0.0
4987,DOS_SYN_Hping,DOS_SYN_Hping,1.3581914766902935e-05,3.436426116838489e-05,0.9997022196729409,0.0,0.0,0.0,0.0,0.00024740014127369895,0.0,2.4340098499717754e-06,0.0
4988,ARP_poisioning,ARP_poisioning,1.0,0.0,0.0,0.0,0.0,0.0,0.0,0.0,0.0,0.0,0.0
4989,ARP_poisioning,ARP_poisioning,1.0,0.0,0.0,0.0,0.0,0.0,0.0,0.0,0.0,0.0,0.0
4990,MQTT_Publish,MQTT_Publish,0.0,0.0,0.0,1.0,0.0,0.0,0.0,0.0,0.0,0.0,0.0
4991,ARP_poisioning,ARP_poisioning,0.9651966941674219,0.008285113098369278,0.0,0.0,0.0,0.0,0.0,0.0,0.0,0.006898512685914261,0.019619680048294598
4992,MQTT_Publish,MQTT_Publish,0.0,0.0,0.0,1.0,0.0,0.0,0.0,0.0,0.0,0.0,0.0
4993,ARP_poisioning,ARP_poisioning,0.9900768737988469,0.0,0.0,0.0,0.009923126201153107,0.0,0.0,0.0,0.0,0.0,0.0
4994,ARP_poisioning,ARP_poisioning,0.8417041952551437,0.0,0.0,0.0,0.12855723676036393,0.0,0.0,0.029494268310225235,0.0,0.000244299674267101,0.0
4995,MQTT_Publish,MQTT_Publish,0.0,0.0,0.0,1.0,0.0,0.0,0.0,0.0,0.0,0.0,0.0
4996,MQTT_Publish,MQTT_Publish,0.0,0.0,0.0,1.0,0.0,0.0,0.0,0.0,0.0,0.0,0.0
4997,ARP_poisioning,ARP_poisioning,1.0,0.0,0.0,0.0,0.0,0.0,0.0,0.0,0.0,0.0,0.0
4998,Wipro_bulb,Wipro_bulb,0.13423348879145988,0.1452548756937957,0.0,0.0,0.029143259853623853,0.0,0.0,0.20581160317053995,0.0,0.14699762876083977,0.33855914372974083
4999,ARP_poisioning,ARP_poisioning,0.9376050898298479,0.0,0.0,0.0,0.0,0.0,0.0,0.0,0.029058507798199837,0.014218485812664739,0.019117916559287577
5000,ARP_poisioning,Thing_Speak,0.17913211223094014,0.0,0.0,0.0,0.0,0.0,0.0,0.009725109725109725,0.0,0.8111427780439504,0.0
5001,ARP_poisioning,ARP_poisioning,1.0,0.0,0.0,0.0,0.0,0.0,0.0,0.0,0.0,0.0,0.0
5002,ARP_poisioning,ARP_poisioning,0.994048390169556,0.0,0.0,0.0,0.0,0.0,0.0,0.0,0.0,0.005951609830443893,0.0
5003,ARP_poisioning,ARP_poisioning,0.8852503397471035,0.0,0.0,0.019343469824778477,0.0,0.0,0.009758887171561051,0.0,0.0,0.07595956754981381,0.009687735706743097
5004,MQTT_Publish,MQTT_Publish,0.0,0.0,0.0,1.0,0.0,0.0,0.0,0.0,0.0,0.0,0.0
5005,MQTT_Publish,MQTT_Publish,0.0,0.0,0.0,1.0,0.0,0.0,0.0,0.0,0.0,0.0,0.0
5006,MQTT_Publish,MQTT_Publish,0.0,0.0,0.0,1.0,0.0,0.0,0.0,0.0,0.0,0.0,0.0
5007,ARP_poisioning,ARP_poisioning,0.9957232788641843,0.0,0.0,0.0,0.0,0.0,0.0,0.0,0.0,0.004276721135815698,0.0
5008,ARP_poisioning,ARP_poisioning,1.0,0.0,0.0,0.0,0.0,0.0,0.0,0.0,0.0,0.0,0.0
5009,ARP_poisioning,ARP_poisioning,1.0,0.0,0.0,0.0,0.0,0.0,0.0,0.0,0.0,0.0,0.0
5010,MQTT_Publish,MQTT_Publish,0.0,0.0,0.0,1.0,0.0,0.0,0.0,0.0,0.0,0.0,0.0
5011,NMAP_XMAS_TREE_SCAN,NMAP_XMAS_TREE_SCAN,4.2674136226389285e-05,0.0,0.0,2.890442975255265e-05,0.0,0.09116153350384038,0.006687772577173575,0.0002746408124414594,0.9012643190508273,3.4163212055015705e-06,0.000536739168533056
5012,ARP_poisioning,ARP_poisioning,1.0,0.0,0.0,0.0,0.0,0.0,0.0,0.0,0.0,0.0,0.0
5013,DDOS_Slowloris,DDOS_Slowloris,0.0,1.0,0.0,0.0,0.0,0.0,0.0,0.0,0.0,0.0,0.0
5014,ARP_poisioning,ARP_poisioning,1.0,0.0,0.0,0.0,0.0,0.0,0.0,0.0,0.0,0.0,0.0
5015,ARP_poisioning,ARP_poisioning,0.9956990265008113,0.0,0.0,0.0,0.0,0.0,0.0,0.0,0.0,0.004300973499188751,0.0
5016,ARP_poisioning,ARP_poisioning,0.878692328605877,0.0,0.0,0.0,0.009898989898989899,0.0,0.0,0.009472517730496453,0.0,0.10193616376463636,0.0
5017,ARP_poisioning,ARP_poisioning,0.9857339449541285,0.0,0.0,0.0,0.0,0.0,0.0,0.0,0.0,0.01426605504587156,0.0
5018,ARP_poisioning,ARP_poisioning,1.0,0.0,0.0,0.0,0.0,0.0,0.0,0.0,0.0,0.0,0.0
5019,ARP_poisioning,ARP_poisioning,1.0,0.0,0.0,0.0,0.0,0.0,0.0,0.0,0.0,0.0,0.0
5020,ARP_poisioning,ARP_poisioning,0.9856232043312971,0.0,0.0,0.0,0.0,0.0,0.0,0.0,0.0,0.014376795668702796,0.0
5021,MQTT_Publish,MQTT_Publish,0.0,0.0,0.0,1.0,0.0,0.0,0.0,0.0,0.0,0.0,0.0
5022,DDOS_Slowloris,DDOS_Slowloris,0.0,1.0,0.0,0.0,0.0,0.0,0.0,0.0,0.0,0.0,0.0
5023,ARP_poisioning,ARP_poisioning,1.0,0.0,0.0,0.0,0.0,0.0,0.0,0.0,0.0,0.0,0.0
5024,ARP_poisioning,ARP_poisioning,1.0,0.0,0.0,0.0,0.0,0.0,0.0,0.0,0.0,0.0,0.0
5025,DDOS_Slowloris,DDOS_Slowloris,0.0,1.0,0.0,0.0,0.0,0.0,0.0,0.0,0.0,0.0,0.0
5026,ARP_poisioning,ARP_poisioning,1.0,0.0,0.0,0.0,0.0,0.0,0.0,0.0,0.0,0.0,0.0
5027,ARP_poisioning,ARP_poisioning,1.0,0.0,0.0,0.0,0.0,0.0,0.0,0.0,0.0,0.0,0.0
5028,MQTT_Publish,MQTT_Publish,0.0,0.0,0.0,1.0,0.0,0.0,0.0,0.0,0.0,0.0,0.0
5029,ARP_poisioning,ARP_poisioning,1.0,0.0,0.0,0.0,0.0,0.0,0.0,0.0,0.0,0.0,0.0
5030,ARP_poisioning,ARP_poisioning,1.0,0.0,0.0,0.0,0.0,0.0,0.0,0.0,0.0,0.0,0.0
5031,MQTT_Publish,MQTT_Publish,0.0,0.0,0.0,1.0,0.0,0.0,0.0,0.0,0.0,0.0,0.0
5032,ARP_poisioning,ARP_poisioning,1.0,0.0,0.0,0.0,0.0,0.0,0.0,0.0,0.0,0.0,0.0
5033,MQTT_Publish,MQTT_Publish,0.0,0.0,0.0,1.0,0.0,0.0,0.0,0.0,0.0,0.0,0.0
5034,MQTT_Publish,MQTT_Publish,0.0,0.0,0.0,1.0,0.0,0.0,0.0,0.0,0.0,0.0,0.0
5035,ARP_poisioning,ARP_poisioning,0.99,0.0,0.0,0.0,0.0,0.0,0.0,0.0,0.0,0.01,0.0
5036,MQTT_Publish,MQTT_Publish,0.0,0.0,0.0,1.0,0.0,0.0,0.0,0.0,0.0,0.0,0.0
5037,ARP_poisioning,ARP_poisioning,1.0,0.0,0.0,0.0,0.0,0.0,0.0,0.0,0.0,0.0,0.0
5038,MQTT_Publish,MQTT_Publish,0.0,0.0,0.0,1.0,0.0,0.0,0.0,0.0,0.0,0.0,0.0
5039,MQTT_Publish,MQTT_Publish,0.0,0.0,0.0,1.0,0.0,0.0,0.0,0.0,0.0,0.0,0.0
5040,ARP_poisioning,ARP_poisioning,0.9766454543407959,0.0,0.0,0.0,0.0,0.0,0.0,0.0,0.0,0.023354545659204105,0.0
5041,MQTT_Publish,MQTT_Publish,0.0,0.0,0.0,1.0,0.0,0.0,0.0,0.0,0.0,0.0,0.0
5042,ARP_poisioning,ARP_poisioning,0.9984163391213494,0.0,0.0,0.0,0.0,0.0,0.0,0.0,0.0,0.0015836608786506793,0.0
5043,ARP_poisioning,ARP_poisioning,0.99,0.0,0.0,0.0,0.0,0.0,0.0,0.0,0.0,0.01,0.0
5044,Wipro_bulb,Wipro_bulb,0.011353259875094475,0.0,0.0,0.0,0.01,0.0,0.0,0.0,0.0,0.03,0.9486467401249056
5045,ARP_poisioning,ARP_poisioning,0.912144735030219,0.0,0.0,0.0,0.01,0.0,0.0,0.0,0.0,0.05880332393819193,0.0190519410315892
5046,MQTT_Publish,MQTT_Publish,0.0,0.0,0.0,1.0,0.0,0.0,0.0,0.0,0.0,0.0,0.0
5047,MQTT_Publish,MQTT_Publish,0.0,0.0,0.0,1.0,0.0,0.0,0.0,0.0,0.0,0.0,0.0
5048,ARP_poisioning,ARP_poisioning,0.9800709219858156,0.0,0.009929078014184398,0.0,0.0,0.0,0.0,0.0,0.0,0.01,0.0
5049,ARP_poisioning,ARP_poisioning,1.0,0.0,0.0,0.0,0.0,0.0,0.0,0.0,0.0,0.0,0.0
5050,MQTT_Publish,MQTT_Publish,0.0,0.0,0.0,1.0,0.0,0.0,0.0,0.0,0.0,0.0,0.0
5051,MQTT_Publish,MQTT_Publish,0.0,0.0,0.0,1.0,0.0,0.0,0.0,0.0,0.0,0.0,0.0
5052,ARP_poisioning,ARP_poisioning,1.0,0.0,0.0,0.0,0.0,0.0,0.0,0.0,0.0,0.0,0.0
5053,MQTT_Publish,MQTT_Publish,0.0,0.0,0.0,1.0,0.0,0.0,0.0,0.0,0.0,0.0,0.0
5054,ARP_poisioning,ARP_poisioning,0.9901477377654664,0.0,0.009852262234533702,0.0,0.0,0.0,0.0,0.0,0.0,0.0,0.0
5055,MQTT_Publish,MQTT_Publish,0.0,0.0,0.0,1.0,0.0,0.0,0.0,0.0,0.0,0.0,0.0
5056,MQTT_Publish,MQTT_Publish,0.0,0.0,0.0,1.0,0.0,0.0,0.0,0.0,0.0,0.0,0.0
5057,ARP_poisioning,ARP_poisioning,1.0,0.0,0.0,0.0,0.0,0.0,0.0,0.0,0.0,0.0,0.0
5058,MQTT_Publish,MQTT_Publish,0.0,0.0,0.0,1.0,0.0,0.0,0.0,0.0,0.0,0.0,0.0
5059,DDOS_Slowloris,DDOS_Slowloris,0.0,1.0,0.0,0.0,0.0,0.0,0.0,0.0,0.0,0.0,0.0
5060,MQTT_Publish,MQTT_Publish,0.0,0.0,0.0,1.0,0.0,0.0,0.0,0.0,0.0,0.0,0.0
5061,ARP_poisioning,ARP_poisioning,1.0,0.0,0.0,0.0,0.0,0.0,0.0,0.0,0.0,0.0,0.0
5062,ARP_poisioning,ARP_poisioning,1.0,0.0,0.0,0.0,0.0,0.0,0.0,0.0,0.0,0.0,0.0
5063,MQTT_Publish,MQTT_Publish,0.0,0.0,0.0,1.0,0.0,0.0,0.0,0.0,0.0,0.0,0.0
5064,MQTT_Publish,MQTT_Publish,0.034373424558876486,0.0,0.0,0.9656265754411235,0.0,0.0,0.0,0.0,0.0,0.0,0.0
5065,MQTT_Publish,MQTT_Publish,0.0,0.0,0.0,1.0,0.0,0.0,0.0,0.0,0.0,0.0,0.0
5066,ARP_poisioning,ARP_poisioning,0.9555695412511055,0.0,0.0,0.0,0.0,0.0,0.0,0.0,0.0,0.04443045874889446,0.0
5067,ARP_poisioning,ARP_poisioning,1.0,0.0,0.0,0.0,0.0,0.0,0.0,0.0,0.0,0.0,0.0
5068,ARP_poisioning,ARP_poisioning,1.0,0.0,0.0,0.0,0.0,0.0,0.0,0.0,0.0,0.0,0.0
5069,ARP_poisioning,ARP_poisioning,1.0,0.0,0.0,0.0,0.0,0.0,0.0,0.0,0.0,0.0,0.0
5070,MQTT_Publish,MQTT_Publish,0.0,0.0,0.0,1.0,0.0,0.0,0.0,0.0,0.0,0.0,0.0
5071,ARP_poisioning,ARP_poisioning,1.0,0.0,0.0,0.0,0.0,0.0,0.0,0.0,0.0,0.0,0.0
5072,ARP_poisioning,ARP_poisioning,1.0,0.0,0.0,0.0,0.0,0.0,0.0,0.0,0.0,0.0,0.0
5073,MQTT_Publish,MQTT_Publish,0.0,0.0,0.0,1.0,0.0,0.0,0.0,0.0,0.0,0.0,0.0
5074,MQTT_Publish,MQTT_Publish,0.0,0.0,0.0,1.0,0.0,0.0,0.0,0.0,0.0,0.0,0.0
5075,ARP_poisioning,ARP_poisioning,1.0,0.0,0.0,0.0,0.0,0.0,0.0,0.0,0.0,0.0,0.0
5076,ARP_poisioning,ARP_poisioning,1.0,0.0,0.0,0.0,0.0,0.0,0.0,0.0,0.0,0.0,0.0
5077,MQTT_Publish,MQTT_Publish,0.0,0.0,0.0,1.0,0.0,0.0,0.0,0.0,0.0,0.0,0.0
5078,MQTT_Publish,MQTT_Publish,0.0,0.0,0.0,1.0,0.0,0.0,0.0,0.0,0.0,0.0,0.0
5079,ARP_poisioning,ARP_poisioning,0.8945091519565183,0.02,0.0,0.0003119125435082888,0.0,0.0,0.0,0.0,0.0,0.027406632644863413,0.0577723028551102
5080,ARP_poisioning,ARP_poisioning,0.9848784073624524,0.0,0.0,0.0,0.009952274896595609,0.0,0.0,0.0,0.0,0.00516931774095217,0.0
5081,MQTT_Publish,MQTT_Publish,0.0,0.0,0.0,1.0,0.0,0.0,0.0,0.0,0.0,0.0,0.0
5082,ARP_poisioning,ARP_poisioning,0.99,0.0,0.0,0.0,0.0,0.0,0.0,0.0,0.0,0.01,0.0
5083,ARP_poisioning,ARP_poisioning,0.9742064198535746,0.0,0.0,0.0,0.0,0.0,0.0,0.0,0.0,0.02579358014642545,0.0
5084,ARP_poisioning,ARP_poisioning,1.0,0.0,0.0,0.0,0.0,0.0,0.0,0.0,0.0,0.0,0.0
5085,MQTT_Publish,MQTT_Publish,0.0,0.0,0.0,1.0,0.0,0.0,0.0,0.0,0.0,0.0,0.0
5086,MQTT_Publish,MQTT_Publish,0.0,0.0,0.0,1.0,0.0,0.0,0.0,0.0,0.0,0.0,0.0
5087,MQTT_Publish,MQTT_Publish,0.0,0.0,0.0,1.0,0.0,0.0,0.0,0.0,0.0,0.0,0.0
5088,MQTT_Publish,MQTT_Publish,0.0,0.0,0.0,1.0,0.0,0.0,0.0,0.0,0.0,0.0,0.0
5089,Wipro_bulb,Wipro_bulb,0.0,0.0,0.0,0.0,0.0,0.0,0.0,0.0,0.0,0.0,1.0
5090,ARP_poisioning,ARP_poisioning,1.0,0.0,0.0,0.0,0.0,0.0,0.0,0.0,0.0,0.0,0.0
5091,DDOS_Slowloris,DDOS_Slowloris,0.0,0.9979572763684914,0.0,0.002042723631508678,0.0,0.0,0.0,0.0,0.0,0.0,0.0
5092,MQTT_Publish,MQTT_Publish,0.0,0.0,0.0,1.0,0.0,0.0,0.0,0.0,0.0,0.0,0.0
5093,ARP_poisioning,ARP_poisioning,0.9956882728631608,0.0,0.0,0.0,0.0,0.0,0.0,0.0,0.0,0.004311727136839244,0.0
5094,MQTT_Publish,MQTT_Publish,0.0,0.0,0.0,1.0,0.0,0.0,0.0,0.0,0.0,0.0,0.0
5095,ARP_poisioning,ARP_poisioning,1.0,0.0,0.0,0.0,0.0,0.0,0.0,0.0,0.0,0.0,0.0
5096,ARP_poisioning,ARP_poisioning,1.0,0.0,0.0,0.0,0.0,0.0,0.0,0.0,0.0,0.0,0.0
5097,MQTT_Publish,MQTT_Publish,0.0,0.0,0.0,1.0,0.0,0.0,0.0,0.0,0.0,0.0,0.0
5098,ARP_poisioning,ARP_poisioning,1.0,0.0,0.0,0.0,0.0,0.0,0.0,0.0,0.0,0.0,0.0
5099,MQTT_Publish,MQTT_Publish,0.0,0.0,0.0,1.0,0.0,0.0,0.0,0.0,0.0,0.0,0.0
5100,ARP_poisioning,ARP_poisioning,0.9924261603375527,0.0,0.0,0.0,0.0,0.0,0.0,0.0,0.0,0.007573839662447256,0.0
5101,MQTT_Publish,MQTT_Publish,0.0,0.0,0.0,1.0,0.0,0.0,0.0,0.0,0.0,0.0,0.0
5102,MQTT_Publish,MQTT_Publish,0.0,0.0,0.0,1.0,0.0,0.0,0.0,0.0,0.0,0.0,0.0
5103,MQTT_Publish,MQTT_Publish,0.0,0.0,0.0,1.0,0.0,0.0,0.0,0.0,0.0,0.0,0.0
5104,MQTT_Publish,MQTT_Publish,0.0,0.0,0.0,1.0,0.0,0.0,0.0,0.0,0.0,0.0,0.0
5105,MQTT_Publish,MQTT_Publish,0.0,0.0,0.0,1.0,0.0,0.0,0.0,0.0,0.0,0.0,0.0
5106,MQTT_Publish,MQTT_Publish,0.0,0.0,0.0,1.0,0.0,0.0,0.0,0.0,0.0,0.0,0.0
5107,ARP_poisioning,ARP_poisioning,0.9669003729381527,0.0,0.0,0.0,0.0,0.0,0.0,0.0,0.0,0.0330996270618474,0.0
5108,MQTT_Publish,MQTT_Publish,0.0,0.0,0.0,1.0,0.0,0.0,0.0,0.0,0.0,0.0,0.0
5109,MQTT_Publish,MQTT_Publish,0.0,0.0,0.0,1.0,0.0,0.0,0.0,0.0,0.0,0.0,0.0
5110,MQTT_Publish,MQTT_Publish,0.0,0.0,0.0,1.0,0.0,0.0,0.0,0.0,0.0,0.0,0.0
5111,NMAP_OS_DETECTION,NMAP_OS_DETECTION,9.431154420915635e-05,1.6187824150449924e-05,0.0,7.012180632193017e-05,0.0,0.8771217662067734,0.047890381573492305,0.0002746408124414594,0.07351867690618036,3.4163212055015705e-06,0.0010104970052255185
5112,DDOS_Slowloris,DDOS_Slowloris,0.0,1.0,0.0,0.0,0.0,0.0,0.0,0.0,0.0,0.0,0.0
5113,ARP_poisioning,ARP_poisioning,0.9688216642927405,0.0,0.0,0.0,0.0,0.0,0.0,0.0,0.0,0.02117833570725951,0.01
5114,MQTT_Publish,MQTT_Publish,0.0,0.0,0.0,1.0,0.0,0.0,0.0,0.0,0.0,0.0,0.0
5115,ARP_poisioning,ARP_poisioning,1.0,0.0,0.0,0.0,0.0,0.0,0.0,0.0,0.0,0.0,0.0
5116,ARP_poisioning,ARP_poisioning,1.0,0.0,0.0,0.0,0.0,0.0,0.0,0.0,0.0,0.0,0.0
5117,ARP_poisioning,ARP_poisioning,0.8702289554999137,0.0,0.0,0.0,0.009916479280436876,0.0,0.0,0.02,0.009921847661262102,0.0899327175583873,0.0
5118,ARP_poisioning,ARP_poisioning,1.0,0.0,0.0,0.0,0.0,0.0,0.0,0.0,0.0,0.0,0.0
5119,DDOS_Slowloris,NMAP_UDP_SCAN,1.0322104921765483e-05,0.2372812857527036,0.0010512922578260497,0.0,0.0,0.0,0.0,0.7612365587288729,0.0,9.977971595017192e-06,0.00041056318408096685
5120,DDOS_Slowloris,DDOS_Slowloris,0.0,1.0,0.0,0.0,0.0,0.0,0.0,0.0,0.0,0.0,0.0
5121,ARP_poisioning,ARP_poisioning,0.7087554192295107,0.0,0.0,0.0,0.00975677553856845,0.0,0.0,0.009791555886419228,0.0,0.27169624934550174,0.0
5122,ARP_poisioning,ARP_poisioning,1.0,0.0,0.0,0.0,0.0,0.0,0.0,0.0,0.0,0.0,0.0
5123,MQTT_Publish,MQTT_Publish,0.0,0.0,0.0,1.0,0.0,0.0,0.0,0.0,0.0,0.0,0.0
5124,MQTT_Publish,MQTT_Publish,0.0,0.0,0.0,1.0,0.0,0.0,0.0,0.0,0.0,0.0,0.0
5125,MQTT_Publish,MQTT_Publish,0.0,0.0,0.0,1.0,0.0,0.0,0.0,0.0,0.0,0.0,0.0
5126,ARP_poisioning,ARP_poisioning,0.9526583200459516,0.0,0.0,0.0,0.0,0.0,0.0,0.0,0.0,0.04734167995404836,0.0
5127,ARP_poisioning,ARP_poisioning,1.0,0.0,0.0,0.0,0.0,0.0,0.0,0.0,0.0,0.0,0.0
5128,ARP_poisioning,ARP_poisioning,0.9951927942061388,0.0,0.0,0.0,0.0,0.0,0.0,0.0,0.0,0.004807205793861138,0.0
5129,ARP_poisioning,ARP_poisioning,1.0,0.0,0.0,0.0,0.0,0.0,0.0,0.0,0.0,0.0,0.0
5130,ARP_poisioning,ARP_poisioning,1.0,0.0,0.0,0.0,0.0,0.0,0.0,0.0,0.0,0.0,0.0
5131,MQTT_Publish,MQTT_Publish,0.0,0.0,0.0,1.0,0.0,0.0,0.0,0.0,0.0,0.0,0.0
5132,Wipro_bulb,Wipro_bulb,0.006227652927760215,0.0005337202074217462,0.0,0.035362236256056286,0.0,0.11423262531639228,0.02126238921244239,0.25707373042826887,0.10608709921899262,0.00796745490736143,0.4512530915253043
5133,MQTT_Publish,MQTT_Publish,0.0,0.0,0.0,1.0,0.0,0.0,0.0,0.0,0.0,0.0,0.0
5134,ARP_poisioning,ARP_poisioning,0.6425196041516058,0.009105786090005844,0.0,0.0,0.0,0.0,0.0,0.19189138762173755,0.0,0.15648322213665072,0.0
5135,Wipro_bulb,Wipro_bulb,0.12371890106487694,0.16960458474903248,0.0,0.0034410717402898723,0.0,0.009826624982310071,0.008013644854752687,0.00016136423827319086,0.01428474860759082,0.03545386887324169,0.6354951908896321
5136,Wipro_bulb,Wipro_bulb,3.687867081389752e-05,0.0,0.0,0.0017841915382092492,0.0,0.0,0.0,0.009421579532814238,0.0,0.03132155080152749,0.9574357994566352
5137,MQTT_Publish,MQTT_Publish,0.0,0.0,0.0,1.0,0.0,0.0,0.0,0.0,0.0,0.0,0.0
5138,ARP_poisioning,ARP_poisioning,0.8133333141956953,0.0,0.0,0.0,0.0,0.0,0.0,0.0,0.0,0.1866666858043046,0.0
5139,ARP_poisioning,ARP_poisioning,0.9804663692516129,0.0,0.0,0.0,0.0,0.0,0.0,0.0,0.0,0.019533630748387026,0.0
5140,ARP_poisioning,ARP_poisioning,1.0,0.0,0.0,0.0,0.0,0.0,0.0,0.0,0.0,0.0,0.0
5141,ARP_poisioning,ARP_poisioning,1.0,0.0,0.0,0.0,0.0,0.0,0.0,0.0,0.0,0.0,0.0
5142,MQTT_Publish,MQTT_Publish,0.0,0.0,0.0,1.0,0.0,0.0,0.0,0.0,0.0,0.0,0.0
5143,MQTT_Publish,MQTT_Publish,0.0,0.0,0.0,1.0,0.0,0.0,0.0,0.0,0.0,0.0,0.0
5144,ARP_poisioning,ARP_poisioning,1.0,0.0,0.0,0.0,0.0,0.0,0.0,0.0,0.0,0.0,0.0
5145,NMAP_UDP_SCAN,NMAP_UDP_SCAN,0.0001346445175555051,0.307137737881782,0.0,0.0,0.0,0.0,0.0,0.6922332028042283,0.0,8.38516123531929e-05,0.00041056318408096685
5146,MQTT_Publish,MQTT_Publish,0.0,0.0,0.0,1.0,0.0,0.0,0.0,0.0,0.0,0.0,0.0
5147,NMAP_UDP_SCAN,NMAP_UDP_SCAN,0.167598187599617,0.0,0.0025340423167651404,0.03,0.011166440251355946,0.0,0.0,0.6303675103230242,0.0,0.1581055227316102,0.00022829677762749745
5148,MQTT_Publish,MQTT_Publish,0.0,0.0,0.0,1.0,0.0,0.0,0.0,0.0,0.0,0.0,0.0
5149,ARP_poisioning,ARP_poisioning,0.996698221442155,0.002906030336662967,0.0,0.00039574822118190495,0.0,0.0,0.0,0.0,0.0,0.0,0.0
5150,ARP_poisioning,ARP_poisioning,1.0,0.0,0.0,0.0,0.0,0.0,0.0,0.0,0.0,0.0,0.0
5151,MQTT_Publish,MQTT_Publish,0.0,0.0,0.0,1.0,0.0,0.0,0.0,0.0,0.0,0.0,0.0
5152,ARP_poisioning,ARP_poisioning,1.0,0.0,0.0,0.0,0.0,0.0,0.0,0.0,0.0,0.0,0.0
5153,ARP_poisioning,ARP_poisioning,0.9378274728688589,0.0,0.0,0.01,0.0,0.0,0.0,0.0,0.0,0.04263953526612138,0.009532991865019583
5154,ARP_poisioning,ARP_poisioning,0.990862812769629,0.0,0.0,0.0,0.0,0.0,0.0,0.009137187230371008,0.0,0.0,0.0
5155,NMAP_UDP_SCAN,NMAP_UDP_SCAN,1.273389142576965e-05,0.0522482926589756,0.0007925132363315011,3.308542884506747e-05,0.0,0.0,0.0,0.9461052373077067,0.0,3.0110077288435226e-05,0.0007780273994271982
5156,MQTT_Publish,MQTT_Publish,0.0,0.0,0.0,1.0,0.0,0.0,0.0,0.0,0.0,0.0,0.0
5157,ARP_poisioning,ARP_poisioning,1.0,0.0,0.0,0.0,0.0,0.0,0.0,0.0,0.0,0.0,0.0
5158,MQTT_Publish,MQTT_Publish,0.0,0.0,0.0,1.0,0.0,0.0,0.0,0.0,0.0,0.0,0.0
5159,MQTT_Publish,MQTT_Publish,0.0,0.0,0.0,1.0,0.0,0.0,0.0,0.0,0.0,0.0,0.0
5160,DDOS_Slowloris,DDOS_Slowloris,0.0,1.0,0.0,0.0,0.0,0.0,0.0,0.0,0.0,0.0,0.0
5161,DDOS_Slowloris,DDOS_Slowloris,0.03169938155418123,0.9651886409400722,0.0,0.0,0.0,0.0,0.0,0.0,0.0,0.003111977505746676,0.0
5162,MQTT_Publish,MQTT_Publish,0.0,0.0,0.0,1.0,0.0,0.0,0.0,0.0,0.0,0.0,0.0
5163,ARP_poisioning,ARP_poisioning,1.0,0.0,0.0,0.0,0.0,0.0,0.0,0.0,0.0,0.0,0.0
5164,MQTT_Publish,ARP_poisioning,0.7025961142952224,0.0,0.0,0.02157411087014784,0.0,0.0,0.0,0.0,0.0,0.21893726193100713,0.05689251290362265
5165,ARP_poisioning,ARP_poisioning,1.0,0.0,0.0,0.0,0.0,0.0,0.0,0.0,0.0,0.0,0.0
5166,MQTT_Publish,MQTT_Publish,0.0,0.0,0.0,1.0,0.0,0.0,0.0,0.0,0.0,0.0,0.0
5167,MQTT_Publish,MQTT_Publish,0.0,0.0,0.0,1.0,0.0,0.0,0.0,0.0,0.0,0.0,0.0
5168,DDOS_Slowloris,DDOS_Slowloris,0.0,1.0,0.0,0.0,0.0,0.0,0.0,0.0,0.0,0.0,0.0
5169,MQTT_Publish,MQTT_Publish,0.0,0.0,0.0,1.0,0.0,0.0,0.0,0.0,0.0,0.0,0.0
5170,Wipro_bulb,Wipro_bulb,0.0707366370849097,0.0,0.0,0.017469960009787785,0.0,0.05802755954932559,0.016281127120353026,0.03406615901131407,0.038605178217688885,0.02512621205172432,0.7396871669548964
5171,MQTT_Publish,NMAP_UDP_SCAN,0.03547612872684467,0.0005337202074217462,0.0,0.1646184492103944,0.0,0.029888208043865383,0.05874399953669316,0.34645724359177243,0.06405470477087744,0.008026169730041144,0.2922013761820895
5172,MQTT_Publish,MQTT_Publish,0.0,0.0,0.0,1.0,0.0,0.0,0.0,0.0,0.0,0.0,0.0
5173,ARP_poisioning,ARP_poisioning,0.9016106859379528,0.0,0.0,0.0,0.0899522748965956,0.0,0.0,0.0,0.0,0.00843703916545175,0.0
5174,ARP_poisioning,ARP_poisioning,0.6090650782125385,0.004440497335701598,0.2499205939462093,0.0,0.0,0.10190626188317835,0.0,0.005559502664298401,0.02807116916193989,0.0010368967961339889,0.0
5175,MQTT_Publish,MQTT_Publish,0.0,0.0,0.0,1.0,0.0,0.0,0.0,0.0,0.0,0.0,0.0
5176,MQTT_Publish,MQTT_Publish,0.0,0.0,0.0,1.0,0.0,0.0,0.0,0.0,0.0,0.0,0.0
5177,ARP_poisioning,ARP_poisioning,0.97107679628128,0.0,0.0,0.0,0.02,0.0,0.0,0.0,0.0,0.00892320371872008,0.0
5178,ARP_poisioning,ARP_poisioning,1.0,0.0,0.0,0.0,0.0,0.0,0.0,0.0,0.0,0.0,0.0
5179,DDOS_Slowloris,NMAP_UDP_SCAN,0.00014913731573888806,0.4864712741252748,0.0034124938975558135,0.0,0.0,0.0,0.0,0.5094261650240174,0.0,0.00013036645333222962,0.00041056318408096685
5180,ARP_poisioning,ARP_poisioning,1.0,0.0,0.0,0.0,0.0,0.0,0.0,0.0,0.0,0.0,0.0
5181,MQTT_Publish,MQTT_Publish,0.0,0.0,0.0,1.0,0.0,0.0,0.0,0.0,0.0,0.0,0.0
5182,DDOS_Slowloris,DDOS_Slowloris,0.0,1.0,0.0,0.0,0.0,0.0,0.0,0.0,0.0,0.0,0.0
5183,NMAP_TCP_scan,NMAP_TCP_scan,0.0001509011398807571,1.6187824150449924e-05,0.0,0.0,0.0,0.05078216655510436,0.9309697308323257,0.0031972842936202083,0.014633984686405012,8.060340593437548e-06,0.00024168432792014732
5184,ARP_poisioning,ARP_poisioning,0.996698221442155,0.002906030336662967,0.0,0.00039574822118190495,0.0,0.0,0.0,0.0,0.0,0.0,0.0
5185,ARP_poisioning,ARP_poisioning,1.0,0.0,0.0,0.0,0.0,0.0,0.0,0.0,0.0,0.0,0.0
5186,ARP_poisioning,ARP_poisioning,0.907496998915633,0.009461244090943198,0.0,0.0,0.0,0.0,0.0,0.0,0.0,0.0733333561602833,0.009708400833140477
5187,ARP_poisioning,ARP_poisioning,0.9939880896114945,0.0,0.0,0.0,0.0,0.0,0.0,0.0,0.0,0.00601191038850553,0.0
5188,ARP_poisioning,ARP_poisioning,1.0,0.0,0.0,0.0,0.0,0.0,0.0,0.0,0.0,0.0,0.0
5189,ARP_poisioning,ARP_poisioning,0.994048390169556,0.0,0.0,0.0,0.0,0.0,0.0,0.0,0.0,0.005951609830443893,0.0
5190,ARP_poisioning,ARP_poisioning,1.0,0.0,0.0,0.0,0.0,0.0,0.0,0.0,0.0,0.0,0.0
5191,ARP_poisioning,ARP_poisioning,1.0,0.0,0.0,0.0,0.0,0.0,0.0,0.0,0.0,0.0,0.0
5192,ARP_poisioning,ARP_poisioning,1.0,0.0,0.0,0.0,0.0,0.0,0.0,0.0,0.0,0.0,0.0
5193,ARP_poisioning,ARP_poisioning,0.9915041262530946,0.0,0.0,0.0,0.0,0.0,0.0,0.0,0.0,0.00849587374690548,0.0
5194,ARP_poisioning,ARP_poisioning,1.0,0.0,0.0,0.0,0.0,0.0,0.0,0.0,0.0,0.0,0.0
5195,MQTT_Publish,MQTT_Publish,0.0,0.0,0.0,1.0,0.0,0.0,0.0,0.0,0.0,0.0,0.0
5196,ARP_poisioning,ARP_poisioning,1.0,0.0,0.0,0.0,0.0,0.0,0.0,0.0,0.0,0.0,0.0
5197,MQTT_Publish,MQTT_Publish,0.0,0.0,0.0,1.0,0.0,0.0,0.0,0.0,0.0,0.0,0.0
5198,DDOS_Slowloris,DDOS_Slowloris,0.0,1.0,0.0,0.0,0.0,0.0,0.0,0.0,0.0,0.0,0.0
5199,DDOS_Slowloris,NMAP_UDP_SCAN,1.0322104921765483e-05,0.20460448803295533,0.0,0.0,0.0,0.0,0.0,0.794974626678042,0.0,0.0,0.00041056318408096685
5200,ARP_poisioning,ARP_poisioning,0.919780137362094,0.002906030336662967,0.0,0.004869835253764455,0.0,0.0,0.0,0.0,0.0,0.07244399704747853,0.0
5201,ARP_poisioning,ARP_poisioning,1.0,0.0,0.0,0.0,0.0,0.0,0.0,0.0,0.0,0.0,0.0
5202,MQTT_Publish,MQTT_Publish,0.0,0.0,0.0,1.0,0.0,0.0,0.0,0.0,0.0,0.0,0.0
5203,MQTT_Publish,MQTT_Publish,0.0,0.0,0.0,1.0,0.0,0.0,0.0,0.0,0.0,0.0,0.0
5204,ARP_poisioning,ARP_poisioning,1.0,0.0,0.0,0.0,0.0,0.0,0.0,0.0,0.0,0.0,0.0
5205,ARP_poisioning,ARP_poisioning,1.0,0.0,0.0,0.0,0.0,0.0,0.0,0.0,0.0,0.0,0.0
5206,DDOS_Slowloris,DDOS_Slowloris,0.0,1.0,0.0,0.0,0.0,0.0,0.0,0.0,0.0,0.0,0.0
5207,MQTT_Publish,MQTT_Publish,0.0,0.0,0.0,1.0,0.0,0.0,0.0,0.0,0.0,0.0,0.0
5208,ARP_poisioning,ARP_poisioning,1.0,0.0,0.0,0.0,0.0,0.0,0.0,0.0,0.0,0.0,0.0
5209,ARP_poisioning,ARP_poisioning,0.9343144886964982,0.028232271325796504,0.0,0.009651406542859247,0.009857999368886084,0.0,0.0,0.0,0.0,0.008418566072085442,0.009525267993874424
5210,ARP_poisioning,ARP_poisioning,1.0,0.0,0.0,0.0,0.0,0.0,0.0,0.0,0.0,0.0,0.0
5211,ARP_poisioning,ARP_poisioning,1.0,0.0,0.0,0.0,0.0,0.0,0.0,0.0,0.0,0.0,0.0
5212,MQTT_Publish,MQTT_Publish,0.0,0.0,0.0,1.0,0.0,0.0,0.0,0.0,0.0,0.0,0.0
5213,ARP_poisioning,ARP_poisioning,1.0,0.0,0.0,0.0,0.0,0.0,0.0,0.0,0.0,0.0,0.0
5214,ARP_poisioning,ARP_poisioning,0.6912798014565762,0.007590975254730713,0.0,0.0005022275015616983,0.0,0.0,0.0,0.05357770866163392,0.0,0.05499381597750135,0.19205547114799612
5215,ARP_poisioning,ARP_poisioning,1.0,0.0,0.0,0.0,0.0,0.0,0.0,0.0,0.0,0.0,0.0
5216,ARP_poisioning,ARP_poisioning,0.99,0.0,0.0,0.01,0.0,0.0,0.0,0.0,0.0,0.0,0.0
5217,MQTT_Publish,MQTT_Publish,0.0,0.0,0.0,1.0,0.0,0.0,0.0,0.0,0.0,0.0,0.0
5218,MQTT_Publish,MQTT_Publish,0.0,0.0,0.0,1.0,0.0,0.0,0.0,0.0,0.0,0.0,0.0
5219,ARP_poisioning,ARP_poisioning,1.0,0.0,0.0,0.0,0.0,0.0,0.0,0.0,0.0,0.0,0.0
5220,ARP_poisioning,ARP_poisioning,1.0,0.0,0.0,0.0,0.0,0.0,0.0,0.0,0.0,0.0,0.0
5221,MQTT_Publish,MQTT_Publish,0.0,0.0,0.0,1.0,0.0,0.0,0.0,0.0,0.0,0.0,0.0
5222,MQTT_Publish,MQTT_Publish,0.0,0.0,0.0,1.0,0.0,0.0,0.0,0.0,0.0,0.0,0.0
5223,ARP_poisioning,ARP_poisioning,0.9590378775282025,0.008330270412181675,0.0,0.006382819515115235,0.009887041104486977,0.0,0.0,0.0,0.0,0.01636199144001352,0.0
5224,DOS_SYN_Hping,DOS_SYN_Hping,1.3581914766902935e-05,3.436426116838489e-05,0.9997022196729409,0.0,0.0,0.0,0.0,0.00024740014127369895,0.0,2.4340098499717754e-06,0.0
5225,ARP_poisioning,ARP_poisioning,1.0,0.0,0.0,0.0,0.0,0.0,0.0,0.0,0.0,0.0,0.0
5226,MQTT_Publish,MQTT_Publish,0.0,0.0,0.0,1.0,0.0,0.0,0.0,0.0,0.0,0.0,0.0
5227,MQTT_Publish,MQTT_Publish,0.0,0.0,0.0,1.0,0.0,0.0,0.0,0.0,0.0,0.0,0.0
5228,MQTT_Publish,MQTT_Publish,0.0,0.0,0.0,1.0,0.0,0.0,0.0,0.0,0.0,0.0,0.0
5229,MQTT_Publish,MQTT_Publish,0.0,0.0,0.0,1.0,0.0,0.0,0.0,0.0,0.0,0.0,0.0
5230,ARP_poisioning,ARP_poisioning,1.0,0.0,0.0,0.0,0.0,0.0,0.0,0.0,0.0,0.0,0.0
5231,ARP_poisioning,ARP_poisioning,0.9904823348694316,0.009517665130568356,0.0,0.0,0.0,0.0,0.0,0.0,0.0,0.0,0.0
5232,DDOS_Slowloris,DDOS_Slowloris,0.00022519024693275355,0.9997748097530672,0.0,0.0,0.0,0.0,0.0,0.0,0.0,0.0,0.0
5233,MQTT_Publish,MQTT_Publish,0.0,0.0,0.0,1.0,0.0,0.0,0.0,0.0,0.0,0.0,0.0
5234,ARP_poisioning,ARP_poisioning,0.9848228062904539,0.0,0.0,0.0,0.0,0.0,0.0,0.0,0.0,0.01517719370954608,0.0
5235,DDOS_Slowloris,DDOS_Slowloris,0.0,1.0,0.0,0.0,0.0,0.0,0.0,0.0,0.0,0.0,0.0
5236,MQTT_Publish,MQTT_Publish,0.0,0.0,0.0,1.0,0.0,0.0,0.0,0.0,0.0,0.0,0.0
5237,ARP_poisioning,ARP_poisioning,0.99,0.0,0.0,0.0,0.0,0.0,0.0,0.0,0.0,0.01,0.0
5238,MQTT_Publish,MQTT_Publish,0.0,0.0,0.0,1.0,0.0,0.0,0.0,0.0,0.0,0.0,0.0
5239,DDOS_Slowloris,NMAP_UDP_SCAN,2.481490310514844e-05,0.4253317771637783,0.0034124938975558135,0.0,0.0,0.0,0.0,0.5707738360105007,0.0,4.651484097903673e-05,0.00041056318408096685
5240,MQTT_Publish,MQTT_Publish,0.0,0.0,0.0,1.0,0.0,0.0,0.0,0.0,0.0,0.0,0.0
5241,MQTT_Publish,MQTT_Publish,0.0,0.0,0.0,1.0,0.0,0.0,0.0,0.0,0.0,0.0,0.0
5242,MQTT_Publish,MQTT_Publish,0.0,0.0,0.0,1.0,0.0,0.0,0.0,0.0,0.0,0.0,0.0
5243,ARP_poisioning,ARP_poisioning,0.682161675709162,0.0,0.0,0.0,0.0,0.0,0.0,0.0,0.0,0.31783832429083814,0.0
5244,MQTT_Publish,MQTT_Publish,0.0,0.0,0.0,1.0,0.0,0.0,0.0,0.0,0.0,0.0,0.0
5245,MQTT_Publish,MQTT_Publish,0.0,0.0,0.0,1.0,0.0,0.0,0.0,0.0,0.0,0.0,0.0
5246,DDOS_Slowloris,DDOS_Slowloris,0.03547421555599747,0.953604357763013,0.0,0.0,0.0,0.0,0.0,0.0,0.0,0.005905033238366572,0.0050163934426229505
5247,MQTT_Publish,MQTT_Publish,0.0,0.0,0.0,1.0,0.0,0.0,0.0,0.0,0.0,0.0,0.0
5248,ARP_poisioning,ARP_poisioning,1.0,0.0,0.0,0.0,0.0,0.0,0.0,0.0,0.0,0.0,0.0
5249,ARP_poisioning,ARP_poisioning,1.0,0.0,0.0,0.0,0.0,0.0,0.0,0.0,0.0,0.0,0.0
5250,MQTT_Publish,MQTT_Publish,0.0,0.0,0.0,1.0,0.0,0.0,0.0,0.0,0.0,0.0,0.0
5251,MQTT_Publish,MQTT_Publish,0.0,0.0,0.0,1.0,0.0,0.0,0.0,0.0,0.0,0.0,0.0
5252,MQTT_Publish,MQTT_Publish,0.0,0.0,0.0,1.0,0.0,0.0,0.0,0.0,0.0,0.0,0.0
5253,MQTT_Publish,MQTT_Publish,0.0,0.0,0.0,1.0,0.0,0.0,0.0,0.0,0.0,0.0,0.0
5254,ARP_poisioning,ARP_poisioning,0.9862654019487717,0.002906030336662967,0.0,0.00039574822118190495,0.0,0.0,0.0,0.0,0.0,0.010432819493383585,0.0
5255,ARP_poisioning,ARP_poisioning,0.9643765863679777,0.0,0.0,0.003928883343730505,0.009943235572374644,0.0,0.0,0.0,0.0,0.021751294715917,0.0
5256,MQTT_Publish,MQTT_Publish,0.0,0.0,0.0,1.0,0.0,0.0,0.0,0.0,0.0,0.0,0.0
5257,MQTT_Publish,MQTT_Publish,0.0,0.0,0.0,1.0,0.0,0.0,0.0,0.0,0.0,0.0,0.0
5258,ARP_poisioning,ARP_poisioning,1.0,0.0,0.0,0.0,0.0,0.0,0.0,0.0,0.0,0.0,0.0
5259,MQTT_Publish,MQTT_Publish,0.0,0.0,0.0,1.0,0.0,0.0,0.0,0.0,0.0,0.0,0.0
5260,ARP_poisioning,ARP_poisioning,1.0,0.0,0.0,0.0,0.0,0.0,0.0,0.0,0.0,0.0,0.0
5261,ARP_poisioning,ARP_poisioning,1.0,0.0,0.0,0.0,0.0,0.0,0.0,0.0,0.0,0.0,0.0
5262,DDOS_Slowloris,DDOS_Slowloris,0.011648936170212766,0.9883510638297872,0.0,0.0,0.0,0.0,0.0,0.0,0.0,0.0,0.0
5263,MQTT_Publish,MQTT_Publish,0.0,0.0,0.0,1.0,0.0,0.0,0.0,0.0,0.0,0.0,0.0
5264,MQTT_Publish,MQTT_Publish,0.0,0.0,0.0,1.0,0.0,0.0,0.0,0.0,0.0,0.0,0.0
5265,ARP_poisioning,ARP_poisioning,0.9460260662530804,0.02,0.0,0.00398571607567974,0.0,0.0,0.0,0.0,0.0,0.020339376725634947,0.009648840945604774
5266,MQTT_Publish,MQTT_Publish,0.0,0.0,0.0,1.0,0.0,0.0,0.0,0.0,0.0,0.0,0.0
5267,ARP_poisioning,ARP_poisioning,0.9904651162790696,0.0,0.0,0.0,0.0,0.0,0.0,0.0,0.0,0.0,0.009534883720930233
5268,ARP_poisioning,ARP_poisioning,1.0,0.0,0.0,0.0,0.0,0.0,0.0,0.0,0.0,0.0,0.0
5269,ARP_poisioning,ARP_poisioning,1.0,0.0,0.0,0.0,0.0,0.0,0.0,0.0,0.0,0.0,0.0
5270,ARP_poisioning,ARP_poisioning,1.0,0.0,0.0,0.0,0.0,0.0,0.0,0.0,0.0,0.0,0.0
5271,MQTT_Publish,MQTT_Publish,0.0,0.0,0.0,1.0,0.0,0.0,0.0,0.0,0.0,0.0,0.0
5272,ARP_poisioning,ARP_poisioning,1.0,0.0,0.0,0.0,0.0,0.0,0.0,0.0,0.0,0.0,0.0
5273,ARP_poisioning,ARP_poisioning,0.9809951010312549,0.0,0.0,0.0,0.0,0.0,0.0,0.0,0.0,0.019004898968745132,0.0
5274,ARP_poisioning,ARP_poisioning,1.0,0.0,0.0,0.0,0.0,0.0,0.0,0.0,0.0,0.0,0.0
5275,MQTT_Publish,MQTT_Publish,0.0,0.0,0.0,1.0,0.0,0.0,0.0,0.0,0.0,0.0,0.0
5276,ARP_poisioning,ARP_poisioning,1.0,0.0,0.0,0.0,0.0,0.0,0.0,0.0,0.0,0.0,0.0
5277,MQTT_Publish,MQTT_Publish,0.0,0.0,0.0,1.0,0.0,0.0,0.0,0.0,0.0,0.0,0.0
5278,MQTT_Publish,MQTT_Publish,0.0,0.0,0.0,1.0,0.0,0.0,0.0,0.0,0.0,0.0,0.0
5279,ARP_poisioning,ARP_poisioning,1.0,0.0,0.0,0.0,0.0,0.0,0.0,0.0,0.0,0.0,0.0
5280,NMAP_OS_DETECTION,NMAP_OS_DETECTION,9.431154420915635e-05,1.6187824150449924e-05,0.0,7.012180632193017e-05,0.0,0.8871217662067734,0.03789038157349231,0.0002746408124414594,0.07351867690618036,3.4163212055015705e-06,0.0010104970052255185
5281,MQTT_Publish,MQTT_Publish,0.0,0.0,0.0,1.0,0.0,0.0,0.0,0.0,0.0,0.0,0.0
5282,MQTT_Publish,MQTT_Publish,0.0,0.0,0.0,1.0,0.0,0.0,0.0,0.0,0.0,0.0,0.0
5283,MQTT_Publish,MQTT_Publish,0.0,0.0,0.0,1.0,0.0,0.0,0.0,0.0,0.0,0.0,0.0
5284,ARP_poisioning,ARP_poisioning,1.0,0.0,0.0,0.0,0.0,0.0,0.0,0.0,0.0,0.0,0.0
5285,ARP_poisioning,ARP_poisioning,0.9776712827988338,0.0,0.0,0.0,0.0,0.0,0.0,0.0,0.0,0.022328717201166182,0.0
5286,ARP_poisioning,ARP_poisioning,0.9399130257364338,0.008351409978308027,0.0,0.0,0.0,0.0,0.0,0.0,0.0,0.05173556428525816,0.0
5287,NMAP_UDP_SCAN,NMAP_UDP_SCAN,1.0322104921765483e-05,0.15757894986696885,0.0,0.0,0.0,0.0,0.0,0.8419893427433348,0.0,1.0822100693472182e-05,0.00041056318408096685
5288,ARP_poisioning,NMAP_UDP_SCAN,0.4405677747729358,0.0,0.0,0.0,0.029703884285178138,0.0,0.0,0.5239467300291739,0.0,0.005781610912712117,0.0
5289,ARP_poisioning,ARP_poisioning,1.0,0.0,0.0,0.0,0.0,0.0,0.0,0.0,0.0,0.0,0.0
5290,MQTT_Publish,MQTT_Publish,0.0,0.0,0.0,1.0,0.0,0.0,0.0,0.0,0.0,0.0,0.0
5291,MQTT_Publish,MQTT_Publish,0.0,0.0,0.0,1.0,0.0,0.0,0.0,0.0,0.0,0.0,0.0
5292,Wipro_bulb,Wipro_bulb,0.33371627930889036,0.06,0.0,0.01722630211275562,0.019888913470061897,0.0,0.0,0.0,0.0,0.16362280311420163,0.4055457019940904
5293,ARP_poisioning,ARP_poisioning,0.9773131764301667,0.0,0.0,0.0,0.0,0.0,0.0,0.0,0.0,0.022686823569833363,0.0
5294,MQTT_Publish,MQTT_Publish,0.0,0.0,0.0,1.0,0.0,0.0,0.0,0.0,0.0,0.0,0.0
5295,ARP_poisioning,ARP_poisioning,0.9901857010213555,0.0,0.0,0.0,0.0,0.0,0.0,0.009814298978644382,0.0,0.0,0.0
5296,ARP_poisioning,ARP_poisioning,0.9415564081024749,0.0,0.0,0.0,0.0,0.0,0.0,0.0,0.0,0.058443591897524926,0.0
5297,ARP_poisioning,ARP_poisioning,1.0,0.0,0.0,0.0,0.0,0.0,0.0,0.0,0.0,0.0,0.0
5298,MQTT_Publish,MQTT_Publish,0.0,0.0,0.0,1.0,0.0,0.0,0.0,0.0,0.0,0.0,0.0
5299,MQTT_Publish,MQTT_Publish,0.0,0.0,0.0,1.0,0.0,0.0,0.0,0.0,0.0,0.0,0.0
5300,ARP_poisioning,ARP_poisioning,0.9012341828254486,0.0,0.0,0.0,0.0,0.0,0.0,0.0,0.0,0.09876581717455121,0.0
5301,MQTT_Publish,MQTT_Publish,0.0,0.0,0.0,1.0,0.0,0.0,0.0,0.0,0.0,0.0,0.0
5302,MQTT_Publish,MQTT_Publish,0.0,0.0,0.0,1.0,0.0,0.0,0.0,0.0,0.0,0.0,0.0
5303,Wipro_bulb,Wipro_bulb,0.0,0.0,0.0,0.0,0.0,0.0,0.0,0.0,0.0,0.0,1.0
5304,NMAP_XMAS_TREE_SCAN,NMAP_XMAS_TREE_SCAN,2.91524820531367e-05,0.0,0.0,2.890442975255265e-05,0.0,0.0755068357022326,0.006687772577173575,0.0002746408124414594,0.9169325385066083,3.4163212055015705e-06,0.000536739168533056
5305,MQTT_Publish,MQTT_Publish,0.0,0.0,0.0,1.0,0.0,0.0,0.0,0.0,0.0,0.0,0.0
5306,ARP_poisioning,ARP_poisioning,1.0,0.0,0.0,0.0,0.0,0.0,0.0,0.0,0.0,0.0,0.0
5307,ARP_poisioning,ARP_poisioning,0.8522007502790996,0.0,0.0,0.0,0.0,0.0,0.0,0.0,0.0,0.1477992497209005,0.0
5308,MQTT_Publish,MQTT_Publish,0.0,0.0,0.0,1.0,0.0,0.0,0.0,0.0,0.0,0.0,0.0
5309,ARP_poisioning,Metasploit_Brute_Force_SSH,0.08303166361132341,0.17502429079434761,0.0,0.0,0.24701446988310027,0.0,0.0,0.17458896017421086,0.0,0.18149384751262787,0.13884676802438997
5310,MQTT_Publish,MQTT_Publish,0.0,0.0,0.0,1.0,0.0,0.0,0.0,0.0,0.0,0.0,0.0
5311,DDOS_Slowloris,DDOS_Slowloris,0.0,0.9990742285237698,0.0,0.0009257714762301919,0.0,0.0,0.0,0.0,0.0,0.0,0.0
5312,DDOS_Slowloris,DDOS_Slowloris,0.0,1.0,0.0,0.0,0.0,0.0,0.0,0.0,0.0,0.0,0.0
5313,MQTT_Publish,MQTT_Publish,0.0,0.0,0.0,1.0,0.0,0.0,0.0,0.0,0.0,0.0,0.0
5314,MQTT_Publish,MQTT_Publish,0.0,0.0,0.0,1.0,0.0,0.0,0.0,0.0,0.0,0.0,0.0
5315,MQTT_Publish,MQTT_Publish,0.0,0.0,0.0,1.0,0.0,0.0,0.0,0.0,0.0,0.0,0.0
5316,ARP_poisioning,ARP_poisioning,1.0,0.0,0.0,0.0,0.0,0.0,0.0,0.0,0.0,0.0,0.0
5317,MQTT_Publish,MQTT_Publish,0.0,0.0,0.0,0.9946761487964989,0.0,0.0,0.0,0.0,0.0,0.0053238512035010946,0.0
5318,ARP_poisioning,ARP_poisioning,0.988029337006986,0.002906030336662967,0.0,0.00039574822118190495,0.0,0.0,0.0,0.0,0.0,0.008668884435168965,0.0
5319,ARP_poisioning,ARP_poisioning,1.0,0.0,0.0,0.0,0.0,0.0,0.0,0.0,0.0,0.0,0.0
5320,DDOS_Slowloris,DDOS_Slowloris,0.0,1.0,0.0,0.0,0.0,0.0,0.0,0.0,0.0,0.0,0.0
5321,DDOS_Slowloris,NMAP_UDP_SCAN,1.0322104921765483e-05,0.22694884612520685,0.0,0.0,0.0,0.0,0.0,0.7726302685857904,0.0,0.0,0.00041056318408096685
5322,ARP_poisioning,ARP_poisioning,0.9141002916224701,0.0,0.0,0.0,0.0,0.0,0.0,0.009879013494648673,0.0,0.07602069488288117,0.0
5323,ARP_poisioning,ARP_poisioning,0.8727274236767346,0.009530241632898093,0.0,0.0,0.019902215835416643,0.0,0.0,0.0,0.0,0.06808946870962423,0.0297506501453266
5324,MQTT_Publish,MQTT_Publish,0.0,0.0,0.0,1.0,0.0,0.0,0.0,0.0,0.0,0.0,0.0
5325,ARP_poisioning,ARP_poisioning,0.9582925418208188,0.0,0.0,0.0,0.01,0.0,0.0,0.0,0.0,0.03170745817918121,0.0
5326,DOS_SYN_Hping,DOS_SYN_Hping,1.3581914766902935e-05,3.436426116838489e-05,0.999630227104432,0.0,0.0,0.0,0.0,0.00024740014127369895,0.0,7.44265783590289e-05,0.0
5327,ARP_poisioning,ARP_poisioning,0.9780065250866561,0.0,0.0,0.0,0.0,0.0,0.009898958971218615,0.009396513187304426,0.0,0.002698002754820937,0.0
5328,MQTT_Publish,MQTT_Publish,0.0,0.0,0.0,1.0,0.0,0.0,0.0,0.0,0.0,0.0,0.0
5329,MQTT_Publish,MQTT_Publish,0.0,0.0,0.0,1.0,0.0,0.0,0.0,0.0,0.0,0.0,0.0
5330,DDOS_Slowloris,DDOS_Slowloris,0.0,1.0,0.0,0.0,0.0,0.0,0.0,0.0,0.0,0.0,0.0
5331,ARP_poisioning,ARP_poisioning,1.0,0.0,0.0,0.0,0.0,0.0,0.0,0.0,0.0,0.0,0.0
5332,MQTT_Publish,MQTT_Publish,0.0,0.0,0.0,1.0,0.0,0.0,0.0,0.0,0.0,0.0,0.0
5333,ARP_poisioning,ARP_poisioning,1.0,0.0,0.0,0.0,0.0,0.0,0.0,0.0,0.0,0.0,0.0
5334,ARP_poisioning,ARP_poisioning,0.9900032835792891,0.0,0.009996716420710941,0.0,0.0,0.0,0.0,0.0,0.0,0.0,0.0
5335,ARP_poisioning,ARP_poisioning,0.98,0.01,0.0,0.0,0.0,0.0,0.0,0.0,0.0,0.01,0.0
5336,ARP_poisioning,ARP_poisioning,1.0,0.0,0.0,0.0,0.0,0.0,0.0,0.0,0.0,0.0,0.0
5337,ARP_poisioning,ARP_poisioning,0.9957678355501813,0.0,0.0,0.0,0.0,0.0,0.0,0.0,0.0,0.004232164449818621,0.0
5338,MQTT_Publish,MQTT_Publish,0.0,0.0,0.0,1.0,0.0,0.0,0.0,0.0,0.0,0.0,0.0
5339,ARP_poisioning,ARP_poisioning,1.0,0.0,0.0,0.0,0.0,0.0,0.0,0.0,0.0,0.0,0.0
5340,MQTT_Publish,MQTT_Publish,0.0,0.0,0.0,1.0,0.0,0.0,0.0,0.0,0.0,0.0,0.0
5341,ARP_poisioning,ARP_poisioning,1.0,0.0,0.0,0.0,0.0,0.0,0.0,0.0,0.0,0.0,0.0
5342,ARP_poisioning,ARP_poisioning,1.0,0.0,0.0,0.0,0.0,0.0,0.0,0.0,0.0,0.0,0.0
5343,MQTT_Publish,MQTT_Publish,0.0,0.0,0.0,1.0,0.0,0.0,0.0,0.0,0.0,0.0,0.0
5344,MQTT_Publish,MQTT_Publish,0.0,0.0,0.0,1.0,0.0,0.0,0.0,0.0,0.0,0.0,0.0
5345,MQTT_Publish,MQTT_Publish,0.0,0.0,0.0,1.0,0.0,0.0,0.0,0.0,0.0,0.0,0.0
5346,ARP_poisioning,ARP_poisioning,0.9952606849492178,0.0,0.0,0.0,0.0,0.0,0.0,0.0,0.0,0.004739315050782189,0.0
5347,MQTT_Publish,MQTT_Publish,0.0,0.0,0.0,1.0,0.0,0.0,0.0,0.0,0.0,0.0,0.0
5348,ARP_poisioning,ARP_poisioning,0.9897688417305632,0.0,0.0,0.0,0.0,0.0,0.0,0.0,0.0,0.010231158269436795,0.0
5349,ARP_poisioning,ARP_poisioning,0.969541277082285,0.0,0.0,0.0057607116920842414,0.0,0.0,0.0,0.0,0.0,0.024698011225630704,0.0
5350,ARP_poisioning,ARP_poisioning,0.9970436213991769,0.0,0.0,0.0,0.0,0.0,0.0,0.0,0.0,0.002956378600823045,0.0
5351,MQTT_Publish,MQTT_Publish,0.0,0.0,0.0,1.0,0.0,0.0,0.0,0.0,0.0,0.0,0.0
5352,MQTT_Publish,MQTT_Publish,0.0,0.0,0.0,1.0,0.0,0.0,0.0,0.0,0.0,0.0,0.0
5353,MQTT_Publish,MQTT_Publish,0.0,0.0,0.0,1.0,0.0,0.0,0.0,0.0,0.0,0.0,0.0
5354,MQTT_Publish,MQTT_Publish,0.0,0.0,0.0,1.0,0.0,0.0,0.0,0.0,0.0,0.0,0.0
5355,DDOS_Slowloris,DDOS_Slowloris,0.0,1.0,0.0,0.0,0.0,0.0,0.0,0.0,0.0,0.0,0.0
5356,ARP_poisioning,ARP_poisioning,0.6236583106686258,0.01,0.0,0.05278798003668026,0.009953051643192488,0.0,0.0,0.009754754234646161,0.0,0.1482901984562415,0.14555570496061385
5357,ARP_poisioning,ARP_poisioning,1.0,0.0,0.0,0.0,0.0,0.0,0.0,0.0,0.0,0.0,0.0
5358,MQTT_Publish,MQTT_Publish,0.0,0.0,0.0,1.0,0.0,0.0,0.0,0.0,0.0,0.0,0.0
5359,MQTT_Publish,MQTT_Publish,0.0,0.0,0.0,1.0,0.0,0.0,0.0,0.0,0.0,0.0,0.0
5360,MQTT_Publish,MQTT_Publish,0.0,0.0,0.0,1.0,0.0,0.0,0.0,0.0,0.0,0.0,0.0
5361,ARP_poisioning,ARP_poisioning,1.0,0.0,0.0,0.0,0.0,0.0,0.0,0.0,0.0,0.0,0.0
5362,MQTT_Publish,MQTT_Publish,0.0,0.0,0.0,1.0,0.0,0.0,0.0,0.0,0.0,0.0,0.0
5363,MQTT_Publish,MQTT_Publish,0.0,0.0,0.0,1.0,0.0,0.0,0.0,0.0,0.0,0.0,0.0
5364,MQTT_Publish,MQTT_Publish,0.0,0.0,0.0,1.0,0.0,0.0,0.0,0.0,0.0,0.0,0.0
5365,ARP_poisioning,ARP_poisioning,1.0,0.0,0.0,0.0,0.0,0.0,0.0,0.0,0.0,0.0,0.0
5366,ARP_poisioning,ARP_poisioning,0.9771157269655315,0.0,0.0,0.006939823287403612,0.0,0.0,0.0,0.0,0.0,0.015944449747065,0.0
5367,ARP_poisioning,ARP_poisioning,0.8244858219396396,0.0,0.0,0.0,0.0,0.0,0.0,0.0,0.0,0.16568125265863642,0.009832925401723954
5368,ARP_poisioning,ARP_poisioning,0.9455962727805226,0.009055523755008586,0.009919148936170212,0.0,0.019705490972377494,0.0,0.0,0.0,0.0,0.007161527313067719,0.008562036242853382
5369,MQTT_Publish,MQTT_Publish,0.0,0.0,0.0,1.0,0.0,0.0,0.0,0.0,0.0,0.0,0.0
5370,MQTT_Publish,MQTT_Publish,0.0,0.0,0.0,1.0,0.0,0.0,0.0,0.0,0.0,0.0,0.0
5371,MQTT_Publish,MQTT_Publish,0.0,0.0,0.0,1.0,0.0,0.0,0.0,0.0,0.0,0.0,0.0
5372,ARP_poisioning,ARP_poisioning,1.0,0.0,0.0,0.0,0.0,0.0,0.0,0.0,0.0,0.0,0.0
5373,ARP_poisioning,ARP_poisioning,0.9729468650677827,0.0,0.0,0.0,0.0,0.0,0.0,0.0,0.0,0.02705313493221716,0.0
5374,MQTT_Publish,MQTT_Publish,0.0,0.0,0.0,1.0,0.0,0.0,0.0,0.0,0.0,0.0,0.0
5375,ARP_poisioning,ARP_poisioning,0.9499208955858991,0.0,0.0,0.0,0.0,0.0,0.0,0.009797633872976339,0.0,0.040281470541124464,0.0
5376,ARP_poisioning,ARP_poisioning,0.9946559786239145,0.0,0.0,0.0,0.0,0.0,0.0,0.0,0.0,0.005344021376085504,0.0
5377,MQTT_Publish,MQTT_Publish,0.0,0.0,0.0,1.0,0.0,0.0,0.0,0.0,0.0,0.0,0.0
5378,NMAP_XMAS_TREE_SCAN,NMAP_XMAS_TREE_SCAN,3.7511470488277014e-05,0.0,0.0,2.890442975255265e-05,0.0,0.08745643218116696,0.006687772577173575,0.0002746408124414594,0.9049745830392386,3.4163212055015705e-06,0.000536739168533056
5379,ARP_poisioning,ARP_poisioning,0.886420727934263,0.0,0.0,0.0,0.0,0.0,0.0,0.0,0.0,0.11357927206573713,0.0
5380,MQTT_Publish,MQTT_Publish,0.0,0.0,0.0,1.0,0.0,0.0,0.0,0.0,0.0,0.0,0.0
5381,ARP_poisioning,ARP_poisioning,1.0,0.0,0.0,0.0,0.0,0.0,0.0,0.0,0.0,0.0,0.0
5382,ARP_poisioning,ARP_poisioning,1.0,0.0,0.0,0.0,0.0,0.0,0.0,0.0,0.0,0.0,0.0
5383,ARP_poisioning,ARP_poisioning,1.0,0.0,0.0,0.0,0.0,0.0,0.0,0.0,0.0,0.0,0.0
5384,MQTT_Publish,MQTT_Publish,0.0,0.0,0.0,1.0,0.0,0.0,0.0,0.0,0.0,0.0,0.0
5385,ARP_poisioning,ARP_poisioning,1.0,0.0,0.0,0.0,0.0,0.0,0.0,0.0,0.0,0.0,0.0
5386,DDOS_Slowloris,DDOS_Slowloris,0.0,1.0,0.0,0.0,0.0,0.0,0.0,0.0,0.0,0.0,0.0
5387,MQTT_Publish,MQTT_Publish,0.0,0.0,0.0,1.0,0.0,0.0,0.0,0.0,0.0,0.0,0.0
5388,MQTT_Publish,MQTT_Publish,0.0,0.0,0.0,1.0,0.0,0.0,0.0,0.0,0.0,0.0,0.0
5389,MQTT_Publish,MQTT_Publish,0.0,0.0,0.0,1.0,0.0,0.0,0.0,0.0,0.0,0.0,0.0
