row_id,true_label,predicted_label,prob_Bot,prob_Brute Force,prob_DoS/DDoS,prob_Normal,prob_Web Attack
0,DoS/DDoS,DoS/DDoS,0.0,0.0,1.0,0.0,0.0
1,DoS/DDoS,DoS/DDoS,0.0,0.0,1.0,0.0,0.0
2,DoS/DDoS,DoS/DDoS,0.0,0.0,1.0,0.0,0.0
3,DoS/DDoS,DoS/DDoS,0.0,0.0,1.0,0.0,0.0
4,Normal,Normal,0.0,0.0,0.0,1.0,0.0
5,Normal,Normal,0.0,0.0,0.0,1.0,0.0
6,Normal,Normal,0.0,0.0,0.0,1.0,0.0
7,DoS/DDoS,DoS/DDoS,0.0,0.0,1.0,0.0,0.0
8,DoS/DDoS,DoS/DDoS,0.0,0.0,0.9980348010042774,0.001965198995722525,0.0
9,DoS/DDoS,DoS/DDoS,0.0,0.0,1.0,0.0,0.0
10,DoS/DDoS,DoS/DDoS,0.0,0.0,0.9759869641758678,0.02401303582413221,0.0
11,Brute Force,Brute Force,0.0,1.0,0.0,0.0,0.0
12,DoS/DDoS,DoS/DDoS,0.0,0.0,1.0,0.0,0.0
13,Brute Force,Brute Force,0.0,0.9999957572263637,4.242773636295104e-06,0.0,0.0
14,Normal,Normal,0.0,0.0,0.0,1.0,0.0
15,Normal,Normal,0.0,0.03348933722801334,0.0,0.9568361045404249,0.00967455823156171
16,Normal,Normal,0.0,0.0,0.0016003815792487602,0.9983996184207513,0.0
17,DoS/DDoS,DoS/DDoS,0.0,0.0,1.0,0.0,0.0
18,Brute Force,Brute Force,0.0,1.0,0.0,0.0,0.0
19,Normal,Normal,0.0,0.0,0.0,1.0,0.0
20,Normal,Normal,0.0,0.0,0.0,1.0,0.0
21,Normal,Normal,0.0,0.0,0.0,1.0,0.0
22,Brute Force,Brute Force,0.0,0.9999957572263637,4.242773636295104e-06,0.0,0.0
23,Brute Force,Brute Force,0.0,1.0,0.0,0.0,0.0
24,Brute Force,Brute Force,0.0,1.0,0.0,0.0,0.0
25,DoS/DDoS,DoS/DDoS,0.0,0.0,1.0,0.0,0.0
26,DoS/DDoS,DoS/DDoS,0.0,0.0,1.0,0.0,0.0
27,DoS/DDoS,DoS/DDoS,0.0,0.0,1.0,0.0,0.0
28,DoS/DDoS,DoS/DDoS,0.0,0.0,1.0,0.0,0.0
29,Brute Force,Brute Force,0.0,1.0,0.0,0.0,0.0
30,DoS/DDoS,DoS/DDoS,0.0,0.0,1.0,0.0,0.0
31,Normal,Normal,0.0,0.0,0.0,1.0,0.0
32,DoS/DDoS,DoS/DDoS,0.0,0.0,1.0,0.0,0.0
33,DoS/DDoS,DoS/DDoS,0.0,0.0,1.0,0.0,0.0
34,DoS/DDoS,DoS/DDoS,0.0,0.0,1.0,0.0,0.0
35,DoS/DDoS,DoS/DDoS,0.0,0.0,1.0,0.0,0.0
36,Brute Force,Brute Force,0.0,1.0,0.0,0.0,0.0
37,Normal,Normal,0.0,0.0,0.0,1.0,0.0
38,Normal,Normal,0.0,0.0064462925106857465,0.0,0.9935537074893142,0.0
39,DoS/DDoS,DoS/DDoS,0.0,0.0,1.0,0.0,0.0
40,Bot,Bot,0.9774566334549061,0.0,5.176293157457111e-05,0.022491603613519155,0.0
41,Normal,Normal,0.0,0.0,0.0,1.0,0.0
42,DoS/DDoS,DoS/DDoS,0.0,0.0,0.9828129670748185,0.01718703292518148,0.0
43,DoS/DDoS,DoS/DDoS,0.0,0.0,1.0,0.0,0.0
44,DoS/DDoS,DoS/DDoS,0.0,0.0,1.0,0.0,0.0
45,Normal,Normal,0.0,0.0,0.0,1.0,0.0
46,DoS/DDoS,DoS/DDoS,0.0,0.0,1.0,0.0,0.0
47,Normal,Normal,0.0,0.0,0.0,1.0,0.0
48,Brute Force,Brute Force,0.0,1.0,0.0,0.0,0.0
49,Normal,Normal,0.0,0.0,0.0,1.0,0.0
50,Brute Force,Brute Force,0.0,1.0,0.0,0.0,0.0
51,Brute Force,Brute Force,0.0,1.0,0.0,0.0,0.0
52,Normal,Normal,0.0,0.0,0.0,1.0,0.0
53,Normal,Normal,0.0,0.0,0.0,1.0,0.0
54,Normal,Normal,0.0,0.0,0.0,1.0,0.0
55,Brute Force,Brute Force,0.0,0.9922522316311554,0.0012918206391781175,0.006455947729666542,0.0
56,DoS/DDoS,DoS/DDoS,0.0,0.0,1.0,0.0,0.0
57,Normal,Normal,0.00015931446215744114,0.046364634090881235,0.00013457106561963117,0.8705701781038429,0.08277130227749893
58,DoS/DDoS,DoS/DDoS,0.0,0.0,1.0,0.0,0.0
59,Normal,Normal,0.0,0.0,0.0,1.0,0.0
60,DoS/DDoS,DoS/DDoS,0.0,0.0,1.0,0.0,0.0
61,Normal,Normal,0.0,0.0,0.0,1.0,0.0
62,DoS/DDoS,DoS/DDoS,0.0,0.0,1.0,0.0,0.0
63,DoS/DDoS,DoS/DDoS,0.0,0.0,1.0,0.0,0.0
64,Normal,Normal,0.0,0.0,0.0,1.0,0.0
65,Brute Force,Brute Force,0.0,1.0,0.0,0.0,0.0
66,Brute Force,Brute Force,0.0,0.9999957572263637,4.242773636295104e-06,0.0,0.0
67,DoS/DDoS,DoS/DDoS,0.0,0.0,1.0,0.0,0.0
68,Normal,Normal,0.0,0.0,0.0,1.0,0.0
69,Normal,Normal,0.0,0.0,0.0,1.0,0.0
70,DoS/DDoS,DoS/DDoS,0.0,0.0,1.0,0.0,0.0
71,Normal,Normal,0.0,0.0038720473529899866,0.11367926708925837,0.8824486855577517,0.0
72,Normal,Normal,0.0,0.0,0.0,1.0,0.0
73,Normal,Normal,0.0,0.01,0.005032430506058446,0.965283162268528,0.019684407225413522
74,Normal,Normal,0.019563359533088468,0.019051114178773997,0.2857770299239408,0.6756084963641967,0.0
75,Normal,Normal,0.0,0.0,0.0,1.0,0.0
76,Brute Force,Brute Force,0.0,1.0,0.0,0.0,0.0
77,DoS/DDoS,DoS/DDoS,0.0,0.0,0.9982152136869078,0.001784786313092262,0.0
78,DoS/DDoS,DoS/DDoS,0.0,0.0,1.0,0.0,0.0
79,Normal,Normal,0.0,0.0,0.0,1.0,0.0
80,DoS/DDoS,DoS/DDoS,0.0,0.0,1.0,0.0,0.0
81,Normal,Normal,0.0,0.0,0.0,1.0,0.0
82,Normal,Normal,0.0,0.0,0.0,1.0,0.0
83,Normal,Normal,0.0,0.0,0.0,1.0,0.0
84,Normal,Bot,0.8554722941207794,0.0,0.00027020526289252766,0.14425750061632792,0.0
85,Normal,Normal,0.0,0.0,0.0,1.0,0.0
86,DoS/DDoS,DoS/DDoS,0.0,0.0,1.0,0.0,0.0
87,DoS/DDoS,DoS/DDoS,0.0,0.0,1.0,0.0,0.0
88,DoS/DDoS,DoS/DDoS,0.0,0.0,1.0,0.0,0.0
89,DoS/DDoS,DoS/DDoS,0.0,0.0,1.0,0.0,0.0
90,Brute Force,Brute Force,0.0,1.0,0.0,0.0,0.0
91,Normal,Normal,0.0,0.0,0.0,1.0,0.0
92,Normal,Normal,0.0,0.0,0.0,1.0,0.0
93,Normal,Normal,0.0,0.0,0.0,1.0,0.0
94,DoS/DDoS,DoS/DDoS,0.0,0.0,1.0,0.0,0.0
95,Brute Force,Web Attack,0.0,0.34689802354182875,3.7583605044024734e-06,0.0006461599182201886,0.6524520581794468
96,DoS/DDoS,DoS/DDoS,0.0,0.0,1.0,0.0,0.0
97,DoS/DDoS,DoS/DDoS,0.0,0.0,1.0,0.0,0.0
98,Normal,Normal,0.0,0.0,0.005023770666288227,0.9949762293337118,0.0
99,Normal,Normal,0.0,0.0,0.0,1.0,0.0
100,Bot,Bot,0.9774566334549061,0.0,5.176293157457111e-05,0.022491603613519155,0.0
101,Brute Force,Brute Force,0.0,0.9999957572263637,4.242773636295104e-06,0.0,0.0
102,DoS/DDoS,DoS/DDoS,0.0,0.0,1.0,0.0,0.0
103,Normal,Normal,0.0,0.0,0.0,1.0,0.0
104,DoS/DDoS,DoS/DDoS,0.0,0.0,1.0,0.0,0.0
105,DoS/DDoS,DoS/DDoS,0.0,0.0,1.0,0.0,0.0
106,Brute Force,Brute Force,0.0,0.9999957572263637,4.242773636295104e-06,0.0,0.0
107,DoS/DDoS,DoS/DDoS,0.0,0.0,1.0,0.0,0.0
108,Brute Force,Brute Force,0.0,1.0,0.0,0.0,0.0
109,Normal,Normal,0.0,0.0,0.0,1.0,0.0
110,DoS/DDoS,DoS/DDoS,0.0,0.0,1.0,0.0,0.0
111,Normal,Normal,0.0,0.0,0.0,1.0,0.0
112,DoS/DDoS,DoS/DDoS,0.0,0.0,1.0,0.0,0.0
113,DoS/DDoS,DoS/DDoS,0.0,0.0,0.9982152136869078,0.001784786313092262,0.0
114,Bot,Bot,0.9998997013881337,0.0,2.6673565380087433e-06,9.763125532836162e-05,0.0
115,Brute Force,Brute Force,0.0,1.0,0.0,0.0,0.0
116,Brute Force,Brute Force,0.0,0.9999957572263637,4.242773636295104e-06,0.0,0.0
117,DoS/DDoS,DoS/DDoS,0.0,0.0,1.0,0.0,0.0
118,DoS/DDoS,DoS/DDoS,0.0,0.0,0.9925402360865835,0.0074597639134164695,0.0
119,DoS/DDoS,DoS/DDoS,0.0,0.0,1.0,0.0,0.0
120,DoS/DDoS,DoS/DDoS,0.0,0.0,1.0,0.0,0.0
121,Brute Force,Brute Force,0.0,1.0,0.0,0.0,0.0
122,DoS/DDoS,DoS/DDoS,0.0,0.0,0.9924713470276724,0.007528652972327489,0.0
123,Brute Force,Brute Force,0.0,1.0,0.0,0.0,0.0
124,Bot,Bot,0.969535253274839,0.0,3.700861649006183e-05,0.030427738108670624,0.0
125,Normal,Normal,0.0,0.0,0.0,1.0,0.0
126,DoS/DDoS,DoS/DDoS,0.0,0.0,1.0,0.0,0.0
127,DoS/DDoS,DoS/DDoS,0.0,0.0,1.0,0.0,0.0
128,DoS/DDoS,DoS/DDoS,0.0,0.0,0.9990482730015501,0.000951726998450009,0.0
129,DoS/DDoS,DoS/DDoS,0.0,0.0,1.0,0.0,0.0
130,Normal,Normal,0.0,0.0,0.0,1.0,0.0
131,Normal,Normal,0.0,0.0,0.0,1.0,0.0
132,Normal,Normal,0.0,0.0,0.0,1.0,0.0
133,Normal,Normal,0.33322543366448437,0.0,1.9448812743237454e-05,0.6667551175227725,0.0
134,Normal,Normal,0.0,0.0,0.0,1.0,0.0
135,Brute Force,Brute Force,0.0,0.9999957572263637,4.242773636295104e-06,0.0,0.0
136,Web Attack,Brute Force,0.0,0.670832475068441,3.957558723908774e-05,0.003668786050264167,0.32545916329405566
137,Web Attack,Web Attack,0.0,0.49316697521340097,9.704190934459118e-05,0.0007312748206916346,0.5060047080565626
138,Brute Force,Brute Force,0.0,1.0,0.0,0.0,0.0
139,Brute Force,Brute Force,0.0,1.0,0.0,0.0,0.0
140,Normal,Normal,0.0,0.0,0.0,1.0,0.0
141,Normal,Normal,0.0,0.0,0.0,1.0,0.0
142,DoS/DDoS,DoS/DDoS,0.0,0.0,1.0,0.0,0.0
143,DoS/DDoS,DoS/DDoS,0.0,0.0,1.0,0.0,0.0
144,Normal,Normal,0.0,0.0,0.0,1.0,0.0
145,Bot,Bot,1.0,0.0,0.0,0.0,0.0
146,Normal,Normal,0.0,0.04896198266192238,0.003206429168850355,0.7601671461839565,0.18766444198527082
147,Normal,Normal,0.0,0.0,0.02,0.98,0.0
148,DoS/DDoS,DoS/DDoS,0.0,0.0,1.0,0.0,0.0
149,Normal,Normal,0.0,0.0,0.0,1.0,0.0
150,Brute Force,Brute Force,0.0,1.0,0.0,0.0,0.0
151,DoS/DDoS,DoS/DDoS,0.0,0.0,1.0,0.0,0.0
152,Brute Force,Brute Force,0.0,1.0,0.0,0.0,0.0
153,Normal,Normal,0.0,0.0,0.0,1.0,0.0
154,Brute Force,Web Attack,0.0,0.29883175559629743,3.7583605044024734e-06,0.0009553941928993844,0.7002090918502989
155,DoS/DDoS,DoS/DDoS,0.0,0.0,1.0,0.0,0.0
156,DoS/DDoS,DoS/DDoS,0.0,0.0,1.0,0.0,0.0
157,DoS/DDoS,DoS/DDoS,0.0,0.0,0.9999456879835311,5.4312016468903834e-05,0.0
158,DoS/DDoS,DoS/DDoS,0.0,0.0,1.0,0.0,0.0
159,Normal,Normal,0.0,0.0,0.0,1.0,0.0
160,Brute Force,Brute Force,0.0,1.0,0.0,0.0,0.0
161,Normal,Normal,0.0,0.004151505497485126,0.0,0.9879809337616672,0.007867560740847724
162,DoS/DDoS,DoS/DDoS,0.0,0.0,1.0,0.0,0.0
163,Normal,Normal,0.0,0.0,0.0,1.0,0.0
164,DoS/DDoS,DoS/DDoS,0.0,0.0,1.0,0.0,0.0
165,DoS/DDoS,DoS/DDoS,0.0,0.0,1.0,0.0,0.0
166,DoS/DDoS,DoS/DDoS,0.0,0.0,1.0,0.0,0.0
167,Normal,Normal,0.0,0.0,0.0,1.0,0.0
168,DoS/DDoS,DoS/DDoS,0.0,0.0,1.0,0.0,0.0
169,Normal,Normal,0.003158147956495161,0.021937737197532496,0.003374777687404946,0.95950127807206,0.012028059086507358
170,Brute Force,Brute Force,0.0,1.0,0.0,0.0,0.0
171,Brute Force,Brute Force,0.0,0.99,0.0,0.01,0.0
172,Normal,Normal,0.0,0.0,0.0,1.0,0.0
173,Brute Force,Brute Force,0.0,1.0,0.0,0.0,0.0
174,Normal,Normal,0.0,0.0,1.9051442161899594e-05,0.9999809485578381,0.0
175,DoS/DDoS,DoS/DDoS,0.0,0.0,0.9998464559900256,0.0001535440099744956,0.0
176,Brute Force,Brute Force,0.0,1.0,0.0,0.0,0.0
177,Normal,Normal,0.0,0.0,0.0,1.0,0.0
178,Brute Force,Brute Force,0.0,1.0,0.0,0.0,0.0
179,Web Attack,Brute Force,0.0,0.7821384971440526,6.409608984545085e-05,0.006840922689322245,0.21095648407677958
180,DoS/DDoS,DoS/DDoS,0.0,0.0,1.0,0.0,0.0
181,Brute Force,Web Attack,0.0,0.42425482145242344,3.7583605044024734e-06,0.0008525355947935206,0.5748888845922786
182,DoS/DDoS,DoS/DDoS,0.0,0.0,1.0,0.0,0.0
183,Brute Force,Web Attack,0.0,0.09420305185577897,3.7583605044024734e-06,0.0009121309674187438,0.9048810588162982
184,Normal,Normal,0.0,0.0,0.0,1.0,0.0
185,DoS/DDoS,DoS/DDoS,0.0,0.0,1.0,0.0,0.0
186,Normal,Normal,0.0,0.0,0.0,1.0,0.0
187,Brute Force,Brute Force,0.0,0.9999957572263637,4.242773636295104e-06,0.0,0.0
188,Brute Force,Brute Force,0.0,1.0,0.0,0.0,0.0
189,Normal,Normal,0.0,0.0,0.0,1.0,0.0
190,DoS/DDoS,DoS/DDoS,0.0,0.0,1.0,0.0,0.0
191,Normal,Normal,0.0,0.0,0.0,1.0,0.0
192,DoS/DDoS,DoS/DDoS,0.0,0.0,1.0,0.0,0.0
193,Normal,Normal,0.0,0.015024700951261098,0.0,0.9849752990487388,0.0
194,Normal,Normal,0.0,0.0,0.0,1.0,0.0
195,DoS/DDoS,DoS/DDoS,0.0,0.0,1.0,0.0,0.0
196,DoS/DDoS,DoS/DDoS,0.0,0.0,0.9989659894674472,0.001034010532552832,0.0
197,DoS/DDoS,DoS/DDoS,0.0,0.0,1.0,0.0,0.0
198,DoS/DDoS,DoS/DDoS,0.0,0.0,1.0,0.0,0.0
199,Brute Force,Brute Force,0.0,0.9999957572263637,4.242773636295104e-06,0.0,0.0
200,DoS/DDoS,DoS/DDoS,0.0,0.0,1.0,0.0,0.0
201,Web Attack,Web Attack,0.0,0.34569498388805725,7.031744054494311e-06,0.0008234264976692062,0.6534745578702191
202,DoS/DDoS,DoS/DDoS,0.0,0.0,1.0,0.0,0.0
203,DoS/DDoS,DoS/DDoS,0.0,0.0,1.0,0.0,0.0
204,Normal,Normal,0.0,0.0,0.0,1.0,0.0
205,Normal,Normal,0.0,0.0,0.0,1.0,0.0
206,Normal,Normal,0.0,0.0,0.0,1.0,0.0
207,Normal,Normal,0.0,0.0,0.0,1.0,0.0
208,Normal,Normal,0.0,0.0,0.0,1.0,0.0
209,Normal,Normal,0.0,0.0,0.0,1.0,0.0
210,Normal,Normal,0.0,0.0,0.0,1.0,0.0
211,DoS/DDoS,DoS/DDoS,0.0,0.0,1.0,0.0,0.0
212,Normal,Normal,0.0,0.0,0.0,1.0,0.0
213,DoS/DDoS,DoS/DDoS,0.0,0.0,1.0,0.0,0.0
214,Brute Force,Brute Force,0.0,1.0,0.0,0.0,0.0
215,Brute Force,Brute Force,0.0,0.9999957572263637,4.242773636295104e-06,0.0,0.0
216,DoS/DDoS,DoS/DDoS,0.0,0.0,1.0,0.0,0.0
217,DoS/DDoS,DoS/DDoS,0.0,0.0,1.0,0.0,0.0
218,Normal,Normal,0.0,0.0,0.0,1.0,0.0
219,DoS/DDoS,DoS/DDoS,0.0,0.0,1.0,0.0,0.0
220,DoS/DDoS,DoS/DDoS,0.0,0.0,1.0,0.0,0.0
221,DoS/DDoS,DoS/DDoS,0.0,0.0,1.0,0.0,0.0
222,Normal,Normal,0.0,0.0,0.0,1.0,0.0
223,DoS/DDoS,DoS/DDoS,0.0,0.0,1.0,0.0,0.0
224,DoS/DDoS,DoS/DDoS,0.0,0.0,1.0,0.0,0.0
225,DoS/DDoS,DoS/DDoS,0.0,0.0,1.0,0.0,0.0
226,Brute Force,Brute Force,0.0,0.9999957572263637,4.242773636295104e-06,0.0,0.0
227,DoS/DDoS,DoS/DDoS,0.0,0.0,1.0,0.0,0.0
228,Normal,Normal,0.0,0.0,0.0,1.0,0.0
229,Bot,Bot,0.9764841904389994,0.0,6.511844699291775e-05,0.023450691114007674,0.0
230,Normal,Normal,0.0,0.0,0.0,1.0,0.0
231,Normal,Normal,0.0,0.0,0.0,1.0,0.0
232,DoS/DDoS,DoS/DDoS,0.0,0.0,1.0,0.0,0.0
233,DoS/DDoS,DoS/DDoS,0.0,0.0,1.0,0.0,0.0
234,Normal,Normal,0.0,0.0,0.0,1.0,0.0
235,Brute Force,Brute Force,0.0,1.0,0.0,0.0,0.0
236,DoS/DDoS,DoS/DDoS,0.0,0.0,1.0,0.0,0.0
237,DoS/DDoS,DoS/DDoS,0.0,0.0,0.9998464559900256,0.0001535440099744956,0.0
238,DoS/DDoS,DoS/DDoS,0.0,0.0,1.0,0.0,0.0
239,Brute Force,Brute Force,0.0,1.0,0.0,0.0,0.0
240,DoS/DDoS,DoS/DDoS,0.0,0.0,1.0,0.0,0.0
241,Normal,Normal,0.0,0.0,0.0,1.0,0.0
242,DoS/DDoS,DoS/DDoS,0.0,0.0304371192068,0.6849150948734336,0.24081008121726913,0.04383770470249725
243,Normal,Normal,0.0,0.0,0.0,1.0,0.0
244,Normal,Normal,0.0,0.026306797052051703,3.805712667943282e-05,0.9555276569913491,0.018127488829919564
245,Bot,Bot,0.9683093342263941,0.0,3.700861649006183e-05,0.03165365715711571,0.0
246,Normal,Normal,0.0,0.0,0.0,1.0,0.0
247,DoS/DDoS,DoS/DDoS,0.0,0.0,1.0,0.0,0.0
248,DoS/DDoS,DoS/DDoS,0.0,0.0,1.0,0.0,0.0
249,DoS/DDoS,DoS/DDoS,0.0,0.0,0.9996845535813353,0.000315446418664595,0.0
250,DoS/DDoS,DoS/DDoS,0.0,0.0,1.0,0.0,0.0
251,DoS/DDoS,DoS/DDoS,0.0,0.00038870409189376286,0.9663555755202918,0.02955993476456967,0.0036957856232448416
252,Brute Force,Brute Force,0.0,1.0,0.0,0.0,0.0
253,Normal,Normal,0.0,0.0178997505103198,0.0074572519535087926,0.9746429975361715,0.0
254,Bot,Bot,0.9998997013881337,0.0,2.6673565380087433e-06,9.763125532836162e-05,0.0
255,Brute Force,Brute Force,0.0,1.0,0.0,0.0,0.0
256,DoS/DDoS,DoS/DDoS,0.0,0.0,1.0,0.0,0.0
257,Normal,Normal,0.0,0.0,0.0,1.0,0.0
258,Normal,Normal,0.0,0.0,0.0,1.0,0.0
259,Bot,Bot,1.0,0.0,0.0,0.0,0.0
260,DoS/DDoS,DoS/DDoS,0.0,0.0,1.0,0.0,0.0
261,Normal,Normal,0.0,0.0,0.0,1.0,0.0
262,Bot,Bot,0.9764841904389994,0.0,6.511844699291775e-05,0.023450691114007674,0.0
263,Normal,Normal,0.0,0.0,0.0,1.0,0.0
264,Brute Force,Brute Force,0.0,1.0,0.0,0.0,0.0
265,DoS/DDoS,DoS/DDoS,0.0,0.0,1.0,0.0,0.0
266,DoS/DDoS,DoS/DDoS,0.0,0.0,1.0,0.0,0.0
267,Normal,Normal,0.0,0.0,0.0,1.0,0.0
268,Brute Force,Brute Force,0.0,0.9999957572263637,4.242773636295104e-06,0.0,0.0
269,Bot,Bot,0.9480577366365412,0.0,6.511844699291775e-05,0.0518771449164658,0.0
270,Bot,Bot,1.0,0.0,0.0,0.0,0.0
271,Brute Force,Brute Force,0.0,1.0,0.0,0.0,0.0
272,Brute Force,Brute Force,0.0,1.0,0.0,0.0,0.0
273,DoS/DDoS,DoS/DDoS,0.0,0.0,1.0,0.0,0.0
274,DoS/DDoS,DoS/DDoS,0.0,0.00038870409189376286,0.987774251869666,0.008141258415195392,0.0036957856232448416
275,DoS/DDoS,DoS/DDoS,0.0,0.0,1.0,0.0,0.0
276,Normal,Bot,0.5522254730810323,0.0,0.0003855153781828439,0.44738901154078475,0.0
277,Brute Force,Brute Force,0.0,1.0,0.0,0.0,0.0
278,Brute Force,Brute Force,0.0,1.0,0.0,0.0,0.0
279,DoS/DDoS,DoS/DDoS,0.0,0.0,1.0,0.0,0.0
280,DoS/DDoS,DoS/DDoS,0.0,0.0,1.0,0.0,0.0
281,DoS/DDoS,DoS/DDoS,0.0,0.00240666857975071,0.5443513202977421,0.44463855706517286,0.008603454057334233
282,Normal,Normal,0.0,0.0,0.006707586896010277,0.9932924131039897,0.0
283,DoS/DDoS,DoS/DDoS,0.0,0.0,1.0,0.0,0.0
284,Bot,Bot,0.914662555140172,0.0,0.00671261996317308,0.07862482489665487,0.0
285,Normal,Normal,0.0,0.0,0.0,1.0,0.0
286,DoS/DDoS,DoS/DDoS,0.0,0.0,0.9989659894674472,0.001034010532552832,0.0
287,Bot,Bot,0.99,0.0,0.0,0.01,0.0
288,DoS/DDoS,DoS/DDoS,0.0,0.0,1.0,0.0,0.0
289,DoS/DDoS,DoS/DDoS,0.0,0.0,1.0,0.0,0.0
290,DoS/DDoS,DoS/DDoS,0.0,0.01,0.961686439782647,0.02831356021735297,0.0
291,Brute Force,Brute Force,0.0,1.0,0.0,0.0,0.0
292,Normal,Normal,0.0009224535197838869,0.0,0.00020270240847910056,0.998874844071737,0.0
293,Brute Force,Brute Force,0.0,1.0,0.0,0.0,0.0
294,Normal,Normal,0.0,0.0,0.0,1.0,0.0
295,Brute Force,Brute Force,0.0,0.9999957572263637,4.242773636295104e-06,0.0,0.0
296,Brute Force,Web Attack,0.00015931446215744114,0.4625851640856339,0.0027514846933274517,0.05143176177844985,0.48307227498043126
297,DoS/DDoS,DoS/DDoS,0.0,0.0,0.9999456879835311,5.4312016468903834e-05,0.0
298,Normal,Normal,0.0,0.0,0.03993860465598404,0.960061395344016,0.0
299,DoS/DDoS,DoS/DDoS,0.0,0.0,1.0,0.0,0.0
300,Normal,Normal,0.0,0.0,0.0017460194183992325,0.9982539805816008,0.0
301,DoS/DDoS,DoS/DDoS,0.0,0.0,1.0,0.0,0.0
302,Brute Force,Brute Force,0.0,1.0,0.0,0.0,0.0
303,DoS/DDoS,DoS/DDoS,0.0,0.0,1.0,0.0,0.0
304,DoS/DDoS,DoS/DDoS,0.0,0.0,1.0,0.0,0.0
305,DoS/DDoS,DoS/DDoS,0.0,0.0,0.9932779137394526,0.006722086260547321,0.0
306,DoS/DDoS,DoS/DDoS,0.0,0.0,1.0,0.0,0.0
307,DoS/DDoS,DoS/DDoS,0.0,0.0,1.0,0.0,0.0
308,Normal,Normal,0.0,0.0,0.0033250915315486663,0.9966749084684513,0.0
309,DoS/DDoS,DoS/DDoS,0.0,0.0,1.0,0.0,0.0
310,Normal,Normal,0.0,0.0,0.0,1.0,0.0
311,Normal,Normal,0.0,0.0,0.0,1.0,0.0
312,DoS/DDoS,DoS/DDoS,0.0,0.0,1.0,0.0,0.0
313,Normal,Normal,0.0,0.0,0.0,1.0,0.0
314,Bot,Bot,1.0,0.0,0.0,0.0,0.0
315,DoS/DDoS,DoS/DDoS,0.0,0.008956518654713228,0.9343019543505959,0.04813807293735684,0.008603454057334233
316,Brute Force,Web Attack,0.0,0.12713495423517748,3.7583605044024734e-06,0.0006985773754304222,0.8721627100288879
317,Bot,Bot,0.9754681899617728,0.0,5.176293157457111e-05,0.02448004710665226,0.0
318,DoS/DDoS,DoS/DDoS,0.0,0.0,1.0,0.0,0.0
319,Brute Force,Brute Force,0.0,1.0,0.0,0.0,0.0
320,DoS/DDoS,DoS/DDoS,0.0,0.0,1.0,0.0,0.0
321,Normal,Normal,0.0,0.0,0.0,1.0,0.0
322,Brute Force,Brute Force,0.0,0.9999957572263637,4.242773636295104e-06,0.0,0.0
323,DoS/DDoS,DoS/DDoS,0.0,0.0,1.0,0.0,0.0
324,DoS/DDoS,DoS/DDoS,0.0,0.0,1.0,0.0,0.0
325,Normal,Normal,0.0,0.0,0.0,1.0,0.0
326,Normal,Normal,0.0,0.0,0.0,1.0,0.0
327,Web Attack,Web Attack,0.0,0.11888563236115335,3.7583605044024734e-06,0.0006461599182201886,0.8804644493601222
328,DoS/DDoS,DoS/DDoS,0.0,0.0,1.0,0.0,0.0
329,Brute Force,Brute Force,0.0,0.9999957572263637,4.242773636295104e-06,0.0,0.0
330,DoS/DDoS,DoS/DDoS,0.0,0.0,0.9999456879835311,5.4312016468903834e-05,0.0
331,DoS/DDoS,DoS/DDoS,0.0,0.0,1.0,0.0,0.0
332,DoS/DDoS,DoS/DDoS,0.0,0.0,1.0,0.0,0.0
333,Brute Force,Web Attack,0.0,0.1837077803825072,3.7583605044024734e-06,0.0006985773754304222,0.815589883881558
334,DoS/DDoS,DoS/DDoS,0.0,0.0,0.9999456879835311,5.4312016468903834e-05,0.0
335,Brute Force,Brute Force,0.0,1.0,0.0,0.0,0.0
336,DoS/DDoS,DoS/DDoS,0.0,0.0,1.0,0.0,0.0
337,Brute Force,Brute Force,0.0,1.0,0.0,0.0,0.0
338,DoS/DDoS,DoS/DDoS,0.0,0.0,1.0,0.0,0.0
339,DoS/DDoS,DoS/DDoS,0.0,0.0,1.0,0.0,0.0
340,Normal,Normal,0.026191112475284703,0.004579075495009445,0.00401968475857642,0.9606185745997091,0.00459155267142032
341,DoS/DDoS,DoS/DDoS,0.0,0.0,1.0,0.0,0.0
342,Normal,Normal,0.0,0.00038870409189376286,0.16047637828838687,0.8354391319964745,0.0036957856232448416
343,DoS/DDoS,DoS/DDoS,0.0,0.0,1.0,0.0,0.0
344,DoS/DDoS,DoS/DDoS,0.0,0.0,1.0,0.0,0.0
345,DoS/DDoS,DoS/DDoS,0.0,0.0,0.9992892808871302,0.0007107191128698067,0.0
346,Bot,Bot,0.9553246634921686,0.0,0.0,0.044675336507831405,0.0
347,Brute Force,Brute Force,0.0,1.0,0.0,0.0,0.0
348,Normal,Normal,0.0,0.0,0.0,1.0,0.0
349,Normal,Normal,0.0,0.0,0.0,1.0,0.0
350,DoS/DDoS,DoS/DDoS,0.0,0.0,1.0,0.0,0.0
351,DoS/DDoS,DoS/DDoS,0.0,0.0,1.0,0.0,0.0
352,Normal,Normal,0.0,0.0,0.0,1.0,0.0
353,DoS/DDoS,DoS/DDoS,0.0,0.0,1.0,0.0,0.0
354,DoS/DDoS,DoS/DDoS,0.0,0.0,1.0,0.0,0.0
355,DoS/DDoS,DoS/DDoS,0.0,0.0,1.0,0.0,0.0
356,Brute Force,Brute Force,0.0,0.7249901507783346,5.080590898272907e-05,0.002511099494786862,0.27244794381789567
357,DoS/DDoS,DoS/DDoS,0.0,0.0,1.0,0.0,0.0
358,DoS/DDoS,DoS/DDoS,0.0,0.0,1.0,0.0,0.0
359,Normal,Normal,0.0,0.0,0.0,1.0,0.0
360,Bot,Bot,0.9737885382234103,0.0,5.176293157457111e-05,0.02615969884501483,0.0
361,DoS/DDoS,DoS/DDoS,0.0,0.0,1.0,0.0,0.0
362,Brute Force,Brute Force,0.00015931446215744114,0.4864930879170429,0.006160687522624822,0.06545065107891776,0.44173625901925695
363,DoS/DDoS,DoS/DDoS,0.0,0.0,0.9899456879835311,0.010054312016468905,0.0
364,DoS/DDoS,DoS/DDoS,0.0,0.0,1.0,0.0,0.0
365,Brute Force,Brute Force,0.0,1.0,0.0,0.0,0.0
366,DoS/DDoS,DoS/DDoS,0.0,0.0,1.0,0.0,0.0
367,Normal,Normal,0.0,0.0,0.0,1.0,0.0
368,Normal,Normal,0.0,0.0,0.0,1.0,0.0
369,DoS/DDoS,DoS/DDoS,0.0,0.0,1.0,0.0,0.0
370,Brute Force,Brute Force,0.0,1.0,0.0,0.0,0.0
371,Normal,Normal,0.0,0.0005844643463966065,0.008239995109357438,0.9874797549210013,0.0036957856232448416
372,Normal,DoS/DDoS,0.0,0.008476181070663292,0.5217963021375199,0.37801303095888417,0.09171448583293255
373,DoS/DDoS,DoS/DDoS,0.0,0.0,1.0,0.0,0.0
374,Normal,Normal,0.0,0.0,0.0,1.0,0.0
375,Normal,Normal,0.0,0.011415701543832807,0.0,0.9885842984561671,0.0
376,Brute Force,Web Attack,0.0,0.21550893591990875,3.7583605044024734e-06,0.0006985773754304222,0.7837887283441561
377,DoS/DDoS,DoS/DDoS,0.0,0.0,1.0,0.0,0.0
378,Normal,Normal,0.0,0.0,0.0,1.0,0.0
379,Normal,Normal,0.0,0.053130619771220536,0.00013457106561963117,0.9313911384785785,0.015343670684581541
380,Brute Force,Brute Force,0.0,1.0,0.0,0.0,0.0
381,Web Attack,Web Attack,0.0,0.0907465064647686,3.7583605044024734e-06,0.0006363300930897798,0.9086134050816369
382,DoS/DDoS,DoS/DDoS,0.0,0.0,1.0,0.0,0.0
383,Normal,Normal,0.0009224535197838869,0.0,0.00038673045433758617,0.9986908160258785,0.0
384,Normal,Normal,0.0,0.0,0.0,1.0,0.0
385,Normal,Normal,0.0,0.0,0.0,1.0,0.0
386,DoS/DDoS,DoS/DDoS,0.0,0.0,1.0,0.0,0.0
387,Normal,Normal,0.0,0.0,0.0,1.0,0.0
388,Normal,Normal,0.0,0.0,0.0,1.0,0.0
389,Normal,Normal,0.0,0.0,0.0,1.0,0.0
390,Brute Force,Brute Force,0.0,1.0,0.0,0.0,0.0
391,Bot,Bot,0.9747058212149645,0.0,5.176293157457111e-05,0.02524241585346065,0.0
392,Normal,Normal,0.0,0.0,0.0,1.0,0.0
393,DoS/DDoS,DoS/DDoS,0.0,0.0,1.0,0.0,0.0
394,Normal,Normal,0.0,0.0,0.0,1.0,0.0
395,Web Attack,Web Attack,0.0,0.21346748208728925,3.7583605044024734e-06,0.0006985773754304222,0.7858301821767759
396,DoS/DDoS,DoS/DDoS,0.0,0.0,1.0,0.0,0.0
397,DoS/DDoS,DoS/DDoS,0.0,0.0,1.0,0.0,0.0
398,Normal,Normal,0.0,0.0,0.0,1.0,0.0
399,Normal,Normal,0.0,0.01211827495152586,0.0699290389368211,0.9087951505168759,0.009157535594777244
400,Brute Force,Brute Force,0.0,1.0,0.0,0.0,0.0
401,Bot,Bot,0.8720058227162828,0.0,0.0034439082450300486,0.12455026903868738,0.0
402,DoS/DDoS,DoS/DDoS,0.0,0.0,1.0,0.0,0.0
403,Normal,Normal,0.0,0.0,0.01,0.99,0.0
404,Bot,Bot,0.977318116594377,0.0,5.176293157457111e-05,0.02263012047404827,0.0
405,Normal,Normal,0.0,0.0,0.0,1.0,0.0
406,Normal,Normal,0.0,0.033875850819769564,0.06132743799241361,0.8870026844527669,0.017794026735049782
407,Normal,Normal,0.0,0.0,0.003326032093709823,0.9966739679062901,0.0
408,Brute Force,Brute Force,0.0,1.0,0.0,0.0,0.0
409,DoS/DDoS,DoS/DDoS,0.0,0.0,0.9900270774186594,0.00997292258134075,0.0
410,Normal,Normal,0.0,0.0,0.0,1.0,0.0
411,DoS/DDoS,DoS/DDoS,0.0,0.0,0.9990482730015501,0.000951726998450009,0.0
412,Normal,Normal,0.018890541052342284,0.014475173583101304,0.00874529586753163,0.9578889894970247,0.0
413,Normal,Normal,0.0,0.0,0.0,1.0,0.0
414,DoS/DDoS,DoS/DDoS,0.0,0.0,1.0,0.0,0.0
415,Normal,Normal,0.0,0.0,0.0,1.0,0.0
416,Normal,Normal,0.0,0.0,0.0,1.0,0.0
417,Bot,Bot,1.0,0.0,0.0,0.0,0.0
418,Normal,Normal,0.0,0.0,0.010007858923021095,0.989992141076979,0.0
419,DoS/DDoS,DoS/DDoS,0.0,0.0,1.0,0.0,0.0
420,Normal,Normal,0.0,0.0,0.0,1.0,0.0
421,Normal,Normal,0.0,0.00240666857975071,0.27372447882993145,0.7152653985329838,0.008603454057334233
422,Normal,Normal,0.0,0.0,0.0,1.0,0.0
423,Normal,Normal,0.0,0.0,0.0,1.0,0.0
424,Normal,Normal,0.0,0.0,0.006632007666506948,0.9933679923334932,0.0
425,Normal,Normal,0.0,0.0,0.0,1.0,0.0
426,Normal,Normal,0.0,0.0048885029524140325,0.0,0.995111497047586,0.0
427,Normal,Normal,0.0,0.0,0.0,1.0,0.0
428,Normal,Normal,0.0,0.028499261354206426,3.805712667943282e-05,0.9561927068336427,0.01526997468547138
429,Normal,Normal,0.0,0.019634147912021154,0.00013457106561963117,0.9719514313560801,0.0082798496662791
430,Brute Force,Brute Force,0.0,0.9944179514268896,0.0021219298870676067,0.003460118686042708,0.0
431,Normal,Normal,0.3882220696421845,0.0,5.540164082078886e-05,0.6117225287169945,0.0
432,Brute Force,Brute Force,0.0,1.0,0.0,0.0,0.0
433,DoS/DDoS,DoS/DDoS,0.0,0.0,0.9999456879835311,5.4312016468903834e-05,0.0
434,Brute Force,Brute Force,0.0,0.9999957572263637,4.242773636295104e-06,0.0,0.0
435,DoS/DDoS,DoS/DDoS,0.0,0.0,1.0,0.0,0.0
436,Normal,Normal,0.0,0.002692825691148535,0.007729550186308898,0.9809741700652084,0.008603454057334233
437,Normal,Normal,0.0,0.0,0.0,1.0,0.0
438,Normal,Normal,0.0,0.0,0.0,1.0,0.0
439,Brute Force,Web Attack,0.0,0.14621170566017697,3.7583605044024734e-06,0.0006541029345634021,0.8531304330447551
440,DoS/DDoS,DoS/DDoS,0.0,0.0,0.99,0.01,0.0
441,Brute Force,Brute Force,0.0,1.0,0.0,0.0,0.0
442,Brute Force,Brute Force,0.0,1.0,0.0,0.0,0.0
443,DoS/DDoS,DoS/DDoS,0.0,0.0,0.9982152136869078,0.001784786313092262,0.0
444,DoS/DDoS,DoS/DDoS,0.0,0.0,1.0,0.0,0.0
445,DoS/DDoS,DoS/DDoS,0.0,0.0,1.0,0.0,0.0
446,DoS/DDoS,DoS/DDoS,0.0,0.0038946608144896947,0.9331771991900217,0.06292813999548864,0.0
447,DoS/DDoS,DoS/DDoS,0.0,0.0,1.0,0.0,0.0
448,Brute Force,Brute Force,0.0,0.9999957572263637,4.242773636295104e-06,0.0,0.0
449,Normal,Normal,0.0,0.0,0.0,1.0,0.0
450,Normal,Normal,0.0,0.0,0.0,1.0,0.0
451,Normal,Normal,0.0,0.0,0.0,1.0,0.0
452,DoS/DDoS,DoS/DDoS,0.0,0.0,1.0,0.0,0.0
453,Bot,Bot,1.0,0.0,0.0,0.0,0.0
454,Normal,Normal,0.015550584258757003,0.0018478621839648542,0.0,0.9780100008858578,0.00459155267142032
455,DoS/DDoS,DoS/DDoS,0.0,0.0,1.0,0.0,0.0
456,DoS/DDoS,DoS/DDoS,0.0,0.0,1.0,0.0,0.0
457,DoS/DDoS,DoS/DDoS,0.0,0.0,0.9990482730015501,0.000951726998450009,0.0
458,Brute Force,Brute Force,0.0,1.0,0.0,0.0,0.0
459,Bot,Bot,0.9747213807018329,0.0,6.511844699291775e-05,0.025213500851173954,0.0
460,DoS/DDoS,DoS/DDoS,0.0,0.0,0.9948785115381655,0.005121488461834444,0.0
461,DoS/DDoS,DoS/DDoS,0.0,0.0,1.0,0.0,0.0
462,Normal,Normal,0.0,0.0,0.0,1.0,0.0
463,Brute Force,Brute Force,0.0,1.0,0.0,0.0,0.0
464,Normal,Normal,0.0,0.0,0.0020195782048513643,0.9979804217951487,0.0
465,DoS/DDoS,DoS/DDoS,0.0,0.0,1.0,0.0,0.0
466,DoS/DDoS,DoS/DDoS,0.0,0.0,0.9998464559900256,0.0001535440099744956,0.0
467,Brute Force,Brute Force,0.0,0.8316464993484729,0.00010758034535900212,0.0012731723134649898,0.16697274799270304
468,Brute Force,Brute Force,0.0,1.0,0.0,0.0,0.0
469,Web Attack,Web Attack,0.0,0.15087090747486856,3.7583605044024734e-06,0.000965010463526612,0.8481603237011006
470,Brute Force,Brute Force,0.0,1.0,0.0,0.0,0.0
471,Normal,Normal,0.0,0.0,0.0,1.0,0.0
472,Brute Force,Brute Force,0.0,0.9999957572263637,4.242773636295104e-06,0.0,0.0
473,Normal,Normal,0.29793582668401286,0.0,3.124210236783019e-05,0.7020329312136192,0.0
474,Brute Force,Brute Force,0.0,1.0,0.0,0.0,0.0
475,Brute Force,Brute Force,0.0,1.0,0.0,0.0,0.0
476,DoS/DDoS,DoS/DDoS,0.0,0.0,0.9973839580166163,0.0026160419833838227,0.0
477,Bot,Bot,0.9445808597673652,0.0,5.176293157457111e-05,0.05536737730106014,0.0
478,Brute Force,Brute Force,0.0,1.0,0.0,0.0,0.0
479,Brute Force,Web Attack,0.0,0.38709624812074106,1.1980490327606729e-05,0.0010580202919023018,0.611833751097029
480,DoS/DDoS,DoS/DDoS,0.0,0.0,1.0,0.0,0.0
481,Normal,Normal,0.0,0.0,0.0,1.0,0.0
482,Normal,Normal,0.0,0.0,0.0,1.0,0.0
483,DoS/DDoS,DoS/DDoS,0.0,0.0,0.9886590553599255,0.011340944640074346,0.0
484,DoS/DDoS,DoS/DDoS,0.0,0.0,1.0,0.0,0.0
485,DoS/DDoS,DoS/DDoS,0.0,0.0,1.0,0.0,0.0
486,Normal,Normal,0.0,0.0,0.0,1.0,0.0
487,DoS/DDoS,DoS/DDoS,0.0,0.0,1.0,0.0,0.0
488,Brute Force,Brute Force,0.0,1.0,0.0,0.0,0.0
489,DoS/DDoS,DoS/DDoS,0.0,0.0,1.0,0.0,0.0
490,Brute Force,Brute Force,0.0,1.0,0.0,0.0,0.0
491,Bot,Bot,0.9745763167296375,0.0,5.176293157457111e-05,0.025371920338787657,0.0
492,Normal,Normal,0.0,0.0,0.0,1.0,0.0
493,Bot,Bot,1.0,0.0,0.0,0.0,0.0
494,Normal,Normal,0.0,0.0,0.0,1.0,0.0
495,DoS/DDoS,DoS/DDoS,0.0,0.00240666857975071,0.5193120202301674,0.4696778571327476,0.008603454057334233
496,DoS/DDoS,DoS/DDoS,0.0,0.0,1.0,0.0,0.0
497,DoS/DDoS,DoS/DDoS,0.0,0.0,1.0,0.0,0.0
498,Brute Force,Brute Force,0.0,1.0,0.0,0.0,0.0
499,DoS/DDoS,DoS/DDoS,0.0,0.0,1.0,0.0,0.0
500,Normal,Normal,0.0,0.00038870409189376286,0.2525054856096502,0.7434100246752113,0.0036957856232448416
501,Brute Force,Web Attack,0.0,0.21040772100127447,3.7583605044024734e-06,0.0006541029345634021,0.7889344177036577
502,DoS/DDoS,DoS/DDoS,0.0,0.0,1.0,0.0,0.0
503,Bot,Bot,0.999863717745244,0.0,2.6673565380087433e-06,0.00013361489821793257,0.0
504,DoS/DDoS,DoS/DDoS,0.0,0.0,1.0,0.0,0.0
505,Brute Force,Web Attack,0.0,0.11015012137218813,9.704190934459118e-05,0.0008396465006384402,0.8889131902178289
506,Normal,Normal,0.0,0.0,0.0,1.0,0.0
507,DoS/DDoS,DoS/DDoS,0.0,0.0,1.0,0.0,0.0
508,DoS/DDoS,DoS/DDoS,0.0,0.0,1.0,0.0,0.0
509,DoS/DDoS,DoS/DDoS,0.0,0.0,1.0,0.0,0.0
510,DoS/DDoS,DoS/DDoS,0.0,0.0,1.0,0.0,0.0
511,Brute Force,Brute Force,0.0,0.9999957572263637,4.242773636295104e-06,0.0,0.0
512,Normal,Normal,0.0,0.00791226828923164,0.0,0.9920877317107685,0.0
513,Brute Force,Web Attack,0.0,0.20744777988105112,3.7583605044024734e-06,0.0007365443631225058,0.7918119173953221
514,DoS/DDoS,DoS/DDoS,0.0,0.0,1.0,0.0,0.0
515,DoS/DDoS,DoS/DDoS,0.0,0.0,1.0,0.0,0.0
516,DoS/DDoS,DoS/DDoS,0.0,0.0,1.0,0.0,0.0
517,Normal,Normal,0.0,0.0,0.0,1.0,0.0
518,Brute Force,Brute Force,0.0,1.0,0.0,0.0,0.0
519,DoS/DDoS,DoS/DDoS,0.0,0.0,1.0,0.0,0.0
520,Normal,Normal,0.00015931446215744114,0.04166179809527116,0.00013457106561963117,0.8840697996410813,0.07397451673587054
521,Normal,Normal,0.019155882161670027,0.004818706577719401,0.015004105529970368,0.9610213057306402,0.0
522,Brute Force,Brute Force,0.0,1.0,0.0,0.0,0.0
523,Normal,Normal,0.0,0.0,0.0,1.0,0.0
524,Web Attack,Brute Force,0.0,0.3628865216535592,0.0024292781117943303,0.33905525077264337,0.2956289494620031
525,DoS/DDoS,DoS/DDoS,0.0,0.0,1.0,0.0,0.0
526,Brute Force,Brute Force,0.0,1.0,0.0,0.0,0.0
527,Normal,Normal,0.0,0.03100424295728524,0.04250486255387616,0.9264908944888386,0.0
528,Normal,Normal,0.00015931446215744114,0.048247958422526535,3.805712667943282e-05,0.8817880099474381,0.06976666004119861
529,Brute Force,Brute Force,0.0,1.0,0.0,0.0,0.0
530,Normal,Normal,0.0,0.024522913793639804,0.008351717971692506,0.9671253682346677,0.0
531,DoS/DDoS,DoS/DDoS,0.0,0.0,1.0,0.0,0.0
532,Normal,Normal,0.0,0.0,0.0,1.0,0.0
533,Brute Force,Web Attack,0.0,0.17768165793325189,3.7583605044024734e-06,0.0007365443631225058,0.8215780393431211
534,Normal,Normal,0.0,0.0,0.0,1.0,0.0
535,Brute Force,Brute Force,0.0,0.7368926211188862,0.0018232667865229646,0.1366169368531794,0.12466717524141113
536,Brute Force,Brute Force,0.0,0.9977257011940364,0.0,0.0022742988059636722,0.0
537,Brute Force,Brute Force,0.0,0.6664059654813359,0.00010758034535900212,0.005081849828983442,0.3284046043443216
538,Normal,Normal,0.0,0.0,0.0,1.0,0.0
539,Normal,Normal,0.0,0.0,0.0,1.0,0.0
540,DoS/DDoS,DoS/DDoS,0.0,0.0,1.0,0.0,0.0
541,Normal,Normal,0.0,0.0,0.0,1.0,0.0
542,DoS/DDoS,DoS/DDoS,0.0,0.0,1.0,0.0,0.0
543,Normal,Normal,0.0,0.0,0.0,1.0,0.0
544,Brute Force,Brute Force,0.0,1.0,0.0,0.0,0.0
545,Normal,Normal,0.0,0.0,0.0,1.0,0.0
546,Normal,Normal,0.0,0.0,0.0,1.0,0.0
547,Brute Force,Brute Force,0.0,1.0,0.0,0.0,0.0
548,Normal,Normal,0.0,0.0,0.0,1.0,0.0
549,DoS/DDoS,DoS/DDoS,0.0,0.0,1.0,0.0,0.0
550,DoS/DDoS,DoS/DDoS,0.007421006780257653,0.010211904870174163,0.623513853192184,0.349016019328027,0.009837215829357282
551,Normal,Normal,0.0,0.0,0.0,1.0,0.0
552,DoS/DDoS,DoS/DDoS,0.0,0.0,1.0,0.0,0.0
553,DoS/DDoS,DoS/DDoS,0.0,0.0,0.9725771055815059,0.027422894418494187,0.0
554,Normal,Normal,0.0,0.0,0.0,1.0,0.0
555,DoS/DDoS,DoS/DDoS,0.0,0.0,1.0,0.0,0.0
556,Brute Force,Brute Force,0.0,0.9999957572263637,4.242773636295104e-06,0.0,0.0
557,DoS/DDoS,DoS/DDoS,0.0,0.0,1.0,0.0,0.0
558,DoS/DDoS,DoS/DDoS,0.0,0.0,1.0,0.0,0.0
559,Normal,Normal,0.0,0.0,0.0,1.0,0.0
560,Normal,Normal,0.0,0.0,0.0,1.0,0.0
561,DoS/DDoS,DoS/DDoS,0.0,0.0,0.9999456879835311,5.4312016468903834e-05,0.0
562,Normal,Normal,0.0,0.0,0.0,1.0,0.0
563,Normal,Normal,0.04528374135416342,0.0,0.005321467926296367,0.9397121531158662,0.009682637603674
564,DoS/DDoS,DoS/DDoS,0.0,0.0,1.0,0.0,0.0
565,DoS/DDoS,DoS/DDoS,0.0,0.0,1.0,0.0,0.0
566,Normal,Normal,0.10004628117573748,0.0,1.3606354482045735e-05,0.8999401124697805,0.0
567,Normal,Normal,0.0,0.0,0.0,1.0,0.0
568,DoS/DDoS,DoS/DDoS,0.0,0.0,1.0,0.0,0.0
569,DoS/DDoS,DoS/DDoS,0.0,0.0,1.0,0.0,0.0
570,DoS/DDoS,DoS/DDoS,0.0,0.0006831426335049337,0.9862420471907083,0.013074810175786784,0.0
571,DoS/DDoS,DoS/DDoS,0.0,0.0,1.0,0.0,0.0
572,Normal,Normal,0.0,0.0,0.0,1.0,0.0
573,DoS/DDoS,DoS/DDoS,0.0,0.0,1.0,0.0,0.0
574,Brute Force,Brute Force,0.0,0.9166860803390618,0.0002594488337276811,0.03237142060904832,0.05068305021816215
575,Brute Force,Brute Force,0.0,1.0,0.0,0.0,0.0
576,DoS/DDoS,DoS/DDoS,0.0,0.0,0.6984098447688347,0.30159015523116517,0.0
577,Normal,Normal,0.0,0.0,0.0,1.0,0.0
578,DoS/DDoS,DoS/DDoS,0.0,0.0,0.9805280192902562,0.019471980709743764,0.0
579,DoS/DDoS,DoS/DDoS,0.0,0.0,1.0,0.0,0.0
580,Brute Force,Web Attack,0.0,0.2860712712914678,1.1980490327606729e-05,0.0031513869434243373,0.7107653612747802
581,Normal,Normal,0.0,0.0,0.014223324342731497,0.9857766756572686,0.0
582,Normal,Normal,0.0,0.0,0.0,1.0,0.0
583,DoS/DDoS,DoS/DDoS,0.0,0.0,1.0,0.0,0.0
584,Normal,Normal,0.0,0.0,0.0,1.0,0.0
585,Normal,Normal,0.0,0.0,1.9051442161899594e-05,0.9999809485578381,0.0
586,Brute Force,Brute Force,0.0,0.9999957572263637,4.242773636295104e-06,0.0,0.0
587,Normal,Normal,0.0,0.0,0.0,1.0,0.0
588,Normal,Normal,0.0,0.0,0.0,1.0,0.0
589,Brute Force,Brute Force,0.0,1.0,0.0,0.0,0.0
590,Brute Force,Brute Force,0.0,1.0,0.0,0.0,0.0
591,Brute Force,Brute Force,0.0,1.0,0.0,0.0,0.0
592,Normal,Bot,0.8186134255934701,0.0,0.0001951828773677432,0.18119139152916192,0.0
593,Normal,Normal,0.0,0.0,0.0,1.0,0.0
594,Bot,Bot,1.0,0.0,0.0,0.0,0.0
595,Brute Force,Brute Force,0.0,1.0,0.0,0.0,0.0
596,DoS/DDoS,DoS/DDoS,0.0,0.0,1.0,0.0,0.0
597,DoS/DDoS,DoS/DDoS,0.0,0.0,1.0,0.0,0.0
598,DoS/DDoS,DoS/DDoS,0.0,0.007205806833319919,0.974742421104238,0.018051772062442132,0.0
599,Normal,Normal,0.0,0.0,0.016949409360558505,0.9830505906394416,0.0
600,Brute Force,Brute Force,0.0,1.0,0.0,0.0,0.0
601,Normal,Normal,0.0,0.0,0.0,1.0,0.0
602,Normal,Normal,0.0,0.0,0.0,1.0,0.0
603,Brute Force,Brute Force,0.0,1.0,0.0,0.0,0.0
604,Normal,Normal,0.0,0.0,0.0,1.0,0.0
605,Normal,Normal,0.0,0.0,0.0,1.0,0.0
606,DoS/DDoS,DoS/DDoS,0.0,0.0,1.0,0.0,0.0
607,Normal,Normal,0.0,0.0,0.0,1.0,0.0
608,Brute Force,Brute Force,0.0,1.0,0.0,0.0,0.0
609,DoS/DDoS,DoS/DDoS,0.0,0.0,1.0,0.0,0.0
610,DoS/DDoS,DoS/DDoS,0.0,0.0,1.0,0.0,0.0
611,Normal,Normal,0.0,0.0,0.0,1.0,0.0
612,Brute Force,Brute Force,0.0,1.0,0.0,0.0,0.0
613,Normal,Normal,0.0,0.0,0.0,1.0,0.0
614,Normal,Normal,0.0,0.0,0.0002653238027555255,0.9997346761972444,0.0
615,Normal,Normal,0.0,0.0,0.0,1.0,0.0
616,DoS/DDoS,DoS/DDoS,0.0,0.0,1.0,0.0,0.0
617,Brute Force,Brute Force,0.0,0.9999957572263637,4.242773636295104e-06,0.0,0.0
618,DoS/DDoS,DoS/DDoS,0.0,0.0,1.0,0.0,0.0
619,Normal,Normal,0.0,0.0,0.0,1.0,0.0
620,DoS/DDoS,DoS/DDoS,0.0,0.0,0.9999878626709298,1.213732907028066e-05,0.0
621,Normal,Normal,0.0,0.0,0.0,1.0,0.0
622,Brute Force,Brute Force,0.0,1.0,0.0,0.0,0.0
623,Normal,Normal,0.0,0.0,0.0,1.0,0.0
624,DoS/DDoS,DoS/DDoS,0.0,0.0,1.0,0.0,0.0
625,DoS/DDoS,DoS/DDoS,0.0,0.0,1.0,0.0,0.0
626,DoS/DDoS,DoS/DDoS,0.0,0.0,1.0,0.0,0.0
627,Brute Force,Brute Force,0.0,1.0,0.0,0.0,0.0
628,DoS/DDoS,DoS/DDoS,0.0,0.0,1.0,0.0,0.0
629,Bot,Bot,0.9911374669486861,0.0,2.6673565380087433e-06,0.008859865694775832,0.0
630,Brute Force,Brute Force,0.0,1.0,0.0,0.0,0.0
631,DoS/DDoS,DoS/DDoS,0.0,0.0,1.0,0.0,0.0
632,Normal,Normal,0.0,0.009168889160110529,0.0,0.9879735966954413,0.0028575141444481863
633,Normal,Normal,0.008282082324455207,0.022598532128532797,0.030131687569964045,0.9339169339118305,0.005070764065217382
634,DoS/DDoS,DoS/DDoS,0.0,0.0,0.9989659894674472,0.001034010532552832,0.0
635,DoS/DDoS,DoS/DDoS,0.0,0.0,1.0,0.0,0.0
636,Bot,Bot,1.0,0.0,0.0,0.0,0.0
637,Normal,Normal,0.0,0.0,0.0,1.0,0.0
638,Normal,Normal,0.0,0.05215251128967294,0.01,0.9278474887103271,0.01
639,DoS/DDoS,DoS/DDoS,0.0,0.0,1.0,0.0,0.0
640,Normal,Normal,0.0,0.0,0.0,1.0,0.0
641,DoS/DDoS,DoS/DDoS,0.0,0.0,0.9998464559900256,0.0001535440099744956,0.0
642,DoS/DDoS,DoS/DDoS,0.0,0.0,1.0,0.0,0.0
643,DoS/DDoS,DoS/DDoS,0.0,0.0,1.0,0.0,0.0
644,DoS/DDoS,DoS/DDoS,0.0,0.0,1.0,0.0,0.0
645,Brute Force,Brute Force,0.0,1.0,0.0,0.0,0.0
646,Brute Force,Brute Force,0.0,1.0,0.0,0.0,0.0
647,Normal,Normal,0.0,0.012404373332175832,3.805712667943282e-05,0.9805845957080562,0.006972973833088519
648,Normal,Normal,0.0,0.0,0.03571213522881071,0.9642878647711893,0.0
649,DoS/DDoS,DoS/DDoS,0.0,0.0,1.0,0.0,0.0
650,Normal,Normal,0.0,0.0,0.0,1.0,0.0
651,Normal,Normal,0.0,0.0,0.0303245501484954,0.9696754498515046,0.0
652,Normal,Normal,0.0,0.0,0.0,1.0,0.0
653,Normal,Normal,0.0,0.0,0.0,1.0,0.0
654,Brute Force,Brute Force,0.0,0.9999957572263637,4.242773636295104e-06,0.0,0.0
655,DoS/DDoS,DoS/DDoS,0.0,0.0,1.0,0.0,0.0
656,Brute Force,Web Attack,0.0,0.1298050847761685,3.7583605044024734e-06,0.0008085220484336851,0.8693826348148935
657,DoS/DDoS,DoS/DDoS,0.0,0.0006831426335049337,0.9912170275324054,0.008099829834089736,0.0
658,Brute Force,Brute Force,0.0,1.0,0.0,0.0,0.0
659,Normal,Normal,0.0,0.0,0.0,1.0,0.0
660,Normal,Normal,0.0,0.0483366059897433,0.00013457106561963117,0.9230842193314365,0.02844460361320057
661,DoS/DDoS,DoS/DDoS,0.0,0.0,1.0,0.0,0.0
662,Brute Force,Brute Force,0.0,1.0,0.0,0.0,0.0
663,Normal,Normal,0.0,0.0,0.0,1.0,0.0
664,Normal,Normal,0.0,0.0,0.0,1.0,0.0
665,DoS/DDoS,DoS/DDoS,0.0,0.0,1.0,0.0,0.0
666,Normal,Normal,0.0,0.0,0.01,0.99,0.0
667,Brute Force,Brute Force,0.0,1.0,0.0,0.0,0.0
668,DoS/DDoS,DoS/DDoS,0.0,0.0,1.0,0.0,0.0
669,Brute Force,Web Attack,0.0,0.2345992780361282,3.7583605044024734e-06,0.0007065076296837818,0.7646904559736838
670,Bot,Bot,0.9996151255226294,0.0,2.6673565380087433e-06,0.00038220712083249686,0.0
671,Brute Force,Brute Force,0.0,1.0,0.0,0.0,0.0
672,DoS/DDoS,DoS/DDoS,0.0,0.0006831426335049337,0.9912170275324054,0.008099829834089736,0.0
673,Normal,Normal,0.0,0.0,0.0,1.0,0.0
674,Normal,Normal,0.0,0.0,0.0,0.9909390667180871,0.009060933281912842
675,DoS/DDoS,DoS/DDoS,0.0,0.0,1.0,0.0,0.0
676,Normal,Normal,0.0,0.0,0.0,1.0,0.0
677,DoS/DDoS,DoS/DDoS,0.0,0.0,1.0,0.0,0.0
678,Normal,Normal,0.009471151001523704,0.0,0.012038235082648731,0.9784906139158275,0.0
679,DoS/DDoS,DoS/DDoS,0.0,0.0,1.0,0.0,0.0
680,DoS/DDoS,DoS/DDoS,0.0,0.0,0.9999456879835311,5.4312016468903834e-05,0.0
681,Normal,Normal,0.0,0.0,0.0,1.0,0.0
682,Brute Force,Brute Force,0.0,0.9948864423210082,0.0,0.005113557678991829,0.0
683,DoS/DDoS,DoS/DDoS,0.0,0.0,0.9998543238170151,0.00014567618298485063,0.0
684,Normal,Normal,0.0,0.0,0.0,1.0,0.0
685,Normal,Normal,0.0,0.0,0.0,1.0,0.0
686,Normal,Normal,0.0,0.0,0.0,1.0,0.0
687,Brute Force,Brute Force,0.0,1.0,0.0,0.0,0.0
688,DoS/DDoS,DoS/DDoS,0.0,0.0,1.0,0.0,0.0
689,Brute Force,Brute Force,0.0,0.9965285848172446,0.0,0.003471415182755389,0.0
690,DoS/DDoS,DoS/DDoS,0.0,0.0,1.0,0.0,0.0
691,DoS/DDoS,DoS/DDoS,0.0,0.0,1.0,0.0,0.0
692,Normal,Bot,0.5281104009182901,0.0,4.405177998027629e-05,0.4718455473017291,0.0
693,DoS/DDoS,DoS/DDoS,0.0,0.0,1.0,0.0,0.0
694,Normal,Normal,0.0,0.0,0.0,1.0,0.0
695,DoS/DDoS,DoS/DDoS,0.0,0.0,1.0,0.0,0.0
696,DoS/DDoS,DoS/DDoS,0.0,0.0,1.0,0.0,0.0
697,Brute Force,Brute Force,0.0,0.9999957572263637,4.242773636295104e-06,0.0,0.0
698,Brute Force,Brute Force,0.0,0.9999957572263637,4.242773636295104e-06,0.0,0.0
699,Bot,Bot,0.9998566446327857,0.0,2.6673565380087433e-06,0.00014068801067621984,0.0
700,Normal,Normal,0.0,0.0,0.0,1.0,0.0
701,Brute Force,Brute Force,0.0,1.0,0.0,0.0,0.0
702,Normal,Normal,0.0,0.0,0.0,1.0,0.0
703,Normal,Normal,0.0,0.0,0.0,1.0,0.0
704,Normal,Normal,0.0,0.0,0.0,1.0,0.0
705,Brute Force,Brute Force,0.0,1.0,0.0,0.0,0.0
706,Brute Force,Brute Force,0.0,0.9999957572263637,4.242773636295104e-06,0.0,0.0
707,DoS/DDoS,DoS/DDoS,0.0,0.0,0.9998464559900256,0.0001535440099744956,0.0
708,Normal,Normal,0.0,0.0,0.0,1.0,0.0
709,Normal,Normal,0.38158937707576274,0.0,0.0134119705881717,0.6049986523360655,0.0
710,Normal,Normal,0.0,0.0,0.0,1.0,0.0
711,DoS/DDoS,DoS/DDoS,0.0,0.0,1.0,0.0,0.0
712,DoS/DDoS,DoS/DDoS,0.0,0.0,1.0,0.0,0.0
713,Normal,Bot,0.7344047856453636,0.0,0.0001951828773677432,0.2654000314772684,0.0
714,Brute Force,Brute Force,0.0,1.0,0.0,0.0,0.0
715,DoS/DDoS,DoS/DDoS,0.0,0.0,1.0,0.0,0.0
716,Normal,Normal,0.0,0.0,0.0858381031916099,0.9141618968083901,0.0
717,DoS/DDoS,DoS/DDoS,0.0,0.0,1.0,0.0,0.0
718,Normal,Normal,0.0,0.0,0.0,1.0,0.0
719,Normal,Normal,0.0,0.0,0.0,1.0,0.0
720,DoS/DDoS,DoS/DDoS,0.0,0.01789469247843556,0.9533104216539072,0.028794885867657206,0.0
721,Normal,Normal,0.0,0.006013939913288318,0.0033513427967596142,0.9781294439977017,0.01250527329225024
722,Normal,Normal,0.0,0.0,0.0,1.0,0.0
723,DoS/DDoS,DoS/DDoS,0.0,0.0,1.0,0.0,0.0
724,Normal,Normal,0.0,0.0,0.0,1.0,0.0
725,DoS/DDoS,DoS/DDoS,0.0,0.0,1.0,0.0,0.0
726,DoS/DDoS,DoS/DDoS,0.0,0.0,1.0,0.0,0.0
727,DoS/DDoS,DoS/DDoS,0.0,0.0,0.9998543238170151,0.00014567618298485063,0.0
728,DoS/DDoS,DoS/DDoS,0.0,0.0,1.0,0.0,0.0
729,Normal,Normal,0.0,0.0,0.0,1.0,0.0
730,DoS/DDoS,DoS/DDoS,0.0,0.0,1.0,0.0,0.0
731,Normal,Normal,0.0,0.0,0.0,1.0,0.0
732,Normal,Normal,0.0,0.006561728682531551,0.0,0.9934382713174685,0.0
733,DoS/DDoS,DoS/DDoS,0.0,0.0,1.0,0.0,0.0
734,Normal,Normal,0.0,0.0,0.0,1.0,0.0
735,DoS/DDoS,DoS/DDoS,0.0,0.0,1.0,0.0,0.0
736,DoS/DDoS,DoS/DDoS,0.0,0.0,1.0,0.0,0.0
737,Brute Force,Brute Force,0.0,1.0,0.0,0.0,0.0
738,Normal,Normal,0.0,0.0,0.0,1.0,0.0
739,DoS/DDoS,DoS/DDoS,0.0,0.0,1.0,0.0,0.0
740,Normal,Normal,0.0,0.0,0.0,1.0,0.0
741,DoS/DDoS,DoS/DDoS,0.0,0.0,1.0,0.0,0.0
742,Bot,Bot,1.0,0.0,0.0,0.0,0.0
743,Normal,Normal,0.0,0.0,0.0,1.0,0.0
744,Bot,Bot,0.9368773133564186,0.0,6.12816433095601e-05,0.06306140500027146,0.0
745,DoS/DDoS,DoS/DDoS,0.0,0.0,1.0,0.0,0.0
746,Normal,Normal,0.0,0.0,0.0,1.0,0.0
747,DoS/DDoS,DoS/DDoS,0.0,0.0,1.0,0.0,0.0
748,Brute Force,Brute Force,0.0,0.7597743286180978,0.00010758034535900212,0.0050644167107639524,0.23505367432577912
749,Normal,Normal,0.0,0.0,0.0,1.0,0.0
750,Normal,Normal,0.0,0.013358984290571453,0.0,0.908590451639194,0.07805056407023439
751,DoS/DDoS,DoS/DDoS,0.0,0.0,0.7370635591658123,0.2629364408341878,0.0
752,Normal,Normal,0.0,0.006545701442217644,0.017470359665547813,0.9759839388922344,0.0
753,DoS/DDoS,DoS/DDoS,0.0,0.0,1.0,0.0,0.0
754,DoS/DDoS,DoS/DDoS,0.0,0.0,1.0,0.0,0.0
755,DoS/DDoS,DoS/DDoS,0.0,0.0,0.9998464559900256,0.0001535440099744956,0.0
756,Normal,Normal,0.0,0.0,0.0,1.0,0.0
757,DoS/DDoS,DoS/DDoS,0.0,0.0,1.0,0.0,0.0
758,DoS/DDoS,DoS/DDoS,0.0,0.0,1.0,0.0,0.0
759,DoS/DDoS,DoS/DDoS,0.0,0.0,0.9996845535813353,0.000315446418664595,0.0
760,Normal,Normal,0.0,0.0,0.01610552143761825,0.9838944785623818,0.0
761,DoS/DDoS,DoS/DDoS,0.0,0.0,1.0,0.0,0.0
762,Normal,Normal,0.0,0.02386651940649738,0.024081479145418833,0.9423703185195668,0.009681682928517057
763,Brute Force,Brute Force,0.0,1.0,0.0,0.0,0.0
764,DoS/DDoS,DoS/DDoS,0.0,0.0,1.0,0.0,0.0
765,DoS/DDoS,DoS/DDoS,0.0,0.0,1.0,0.0,0.0
766,Brute Force,Brute Force,0.0,0.9999957572263637,4.242773636295104e-06,0.0,0.0
767,DoS/DDoS,DoS/DDoS,0.0,0.0,1.0,0.0,0.0
768,DoS/DDoS,DoS/DDoS,0.0,0.0,1.0,0.0,0.0
769,Normal,Normal,0.0,0.0,0.0,1.0,0.0
770,Brute Force,Brute Force,0.0,0.9999957572263637,4.242773636295104e-06,0.0,0.0
771,DoS/DDoS,DoS/DDoS,0.0,0.0,1.0,0.0,0.0
772,Brute Force,Brute Force,0.0,1.0,0.0,0.0,0.0
773,Brute Force,Brute Force,0.0,1.0,0.0,0.0,0.0
774,Brute Force,Web Attack,0.0,0.09983873149283251,3.7583605044024734e-06,0.0007365443631225058,0.8994209657835407
775,Normal,Normal,0.0,0.0,0.0,1.0,0.0
776,Web Attack,Web Attack,0.0,0.42821484532074033,3.7583605044024734e-06,0.005634657599088454,0.5661467387196667
777,DoS/DDoS,DoS/DDoS,0.0,0.0,0.9999578253126014,4.217468739862318e-05,0.0
778,Normal,Normal,0.0,0.0,0.0,1.0,0.0
779,Brute Force,Brute Force,0.0,1.0,0.0,0.0,0.0
780,Normal,Normal,0.028614037881530035,0.005602683444812735,0.05241059452000376,0.9133726841536536,0.0
781,DoS/DDoS,DoS/DDoS,0.0,0.0,1.0,0.0,0.0
782,DoS/DDoS,DoS/DDoS,0.0,0.0,1.0,0.0,0.0
783,Normal,Normal,0.0,0.012404373332175832,3.805712667943282e-05,0.9805845957080562,0.006972973833088519
784,DoS/DDoS,DoS/DDoS,0.0,0.0,1.0,0.0,0.0
785,Brute Force,Brute Force,0.0,0.9999957572263637,4.242773636295104e-06,0.0,0.0
786,Normal,Normal,0.0,0.0,0.0,1.0,0.0
787,Normal,Normal,0.0,0.04041629356338449,0.2229450254759211,0.7236605433016813,0.012978137659013017
788,Bot,Bot,0.9998997013881337,0.0,2.6673565380087433e-06,9.763125532836162e-05,0.0
789,Normal,Bot,0.9998997013881337,0.0,2.6673565380087433e-06,9.763125532836162e-05,0.0
790,Normal,Normal,0.0,0.0,0.0,1.0,0.0
791,Normal,Normal,0.0,0.0,0.0,1.0,0.0
792,Normal,Normal,0.00911743586395979,0.01,0.03783089275982295,0.9430516713762174,0.0
793,DoS/DDoS,DoS/DDoS,0.0,0.0,1.0,0.0,0.0
794,DoS/DDoS,DoS/DDoS,0.0,0.0,0.9966216409036861,0.003378359096313912,0.0
795,DoS/DDoS,DoS/DDoS,0.0,0.0,1.0,0.0,0.0
796,Normal,Normal,0.0,0.0,0.0,1.0,0.0
797,DoS/DDoS,DoS/DDoS,0.0,0.0,1.0,0.0,0.0
798,DoS/DDoS,DoS/DDoS,0.0,0.0,1.0,0.0,0.0
799,Brute Force,Brute Force,0.0,0.9999957572263637,4.242773636295104e-06,0.0,0.0
800,Brute Force,Web Attack,0.0,0.3014058084525791,7.031744054494311e-06,0.004091153577124738,0.6944960062262414
801,Normal,Normal,0.0,0.0,0.0,1.0,0.0
802,Brute Force,Brute Force,0.0,1.0,0.0,0.0,0.0
803,DoS/DDoS,DoS/DDoS,0.0,0.0,1.0,0.0,0.0
804,Brute Force,Brute Force,0.0,0.9999957572263637,4.242773636295104e-06,0.0,0.0
805,Bot,Bot,1.0,0.0,0.0,0.0,0.0
806,Normal,Normal,0.003158147956495161,0.004008030630615508,0.002799480259706183,0.9695761013993021,0.02045823975388096
807,Brute Force,Web Attack,0.0,0.34016264641860744,3.7583605044024734e-06,0.0006595413105382648,0.6591740539103498
808,Normal,Normal,0.0,0.0,0.0,1.0,0.0
809,Normal,Normal,0.0,0.0,0.0,1.0,0.0
810,DoS/DDoS,DoS/DDoS,0.0,0.0,1.0,0.0,0.0
811,DoS/DDoS,DoS/DDoS,0.0,0.0,1.0,0.0,0.0
812,Brute Force,Brute Force,0.0,0.9999957572263637,4.242773636295104e-06,0.0,0.0
813,Normal,Normal,0.0,0.0,0.0,1.0,0.0
814,Normal,Normal,0.0,0.0,0.0,1.0,0.0
815,Normal,Normal,0.009772077786296787,0.009796387447505705,0.0,0.9804315347661975,0.0
816,Normal,Normal,0.0,0.0,0.0,1.0,0.0
817,Normal,Normal,0.0,0.0,1.9051442161899594e-05,0.9999809485578381,0.0
818,DoS/DDoS,DoS/DDoS,0.0,0.0,1.0,0.0,0.0
819,DoS/DDoS,DoS/DDoS,0.0,0.0,0.9998543238170151,0.00014567618298485063,0.0
820,Normal,Normal,0.0,0.0,0.0,1.0,0.0
821,Normal,Normal,0.03433013399452552,0.0,0.0,0.9656698660054746,0.0
822,Brute Force,Brute Force,0.00015931446215744114,0.6845634934374181,0.002708306349988113,0.0545455383614671,0.2580233473889695
823,DoS/DDoS,DoS/DDoS,0.0,0.0,1.0,0.0,0.0
824,Normal,Normal,0.00911743586395979,0.0,0.01,0.9712139894770054,0.009668574659034698
825,Bot,Bot,0.9971924248373589,0.0,2.6673565380087433e-06,0.002804907806102964,0.0
826,DoS/DDoS,DoS/DDoS,0.0,0.0,1.0,0.0,0.0
827,Brute Force,Brute Force,0.0,1.0,0.0,0.0,0.0
828,Normal,Normal,0.0,0.0,0.0,1.0,0.0
829,DoS/DDoS,DoS/DDoS,0.0,0.0,1.0,0.0,0.0
830,Normal,Normal,0.0,0.0,0.0,1.0,0.0
831,Normal,Normal,0.0,0.0,0.0,1.0,0.0
832,Brute Force,Brute Force,0.0,1.0,0.0,0.0,0.0
833,DoS/DDoS,DoS/DDoS,0.0,0.0,1.0,0.0,0.0
834,Normal,Normal,0.0,0.0,0.0,1.0,0.0
835,Normal,Normal,0.0,0.0,0.0,1.0,0.0
836,DoS/DDoS,DoS/DDoS,0.0,0.0,1.0,0.0,0.0
837,DoS/DDoS,DoS/DDoS,0.0,0.08295148501854119,0.8313642166000854,0.012429362475502718,0.0732549359058708
838,DoS/DDoS,DoS/DDoS,0.0,0.0,1.0,0.0,0.0
839,DoS/DDoS,DoS/DDoS,0.0,0.0,1.0,0.0,0.0
840,DoS/DDoS,DoS/DDoS,0.0,0.0,1.0,0.0,0.0
841,Web Attack,Brute Force,0.0,0.5960502187371611,6.409608984545085e-05,0.01701477610295518,0.3868709090700379
842,Normal,Normal,0.0,0.0,0.0002225027241243617,0.9997774972758756,0.0
843,Brute Force,Brute Force,0.0,1.0,0.0,0.0,0.0
844,Brute Force,Brute Force,0.0,1.0,0.0,0.0,0.0
845,DoS/DDoS,DoS/DDoS,0.0,0.0,1.0,0.0,0.0
846,Normal,Normal,0.0,0.0,0.0,1.0,0.0
847,Brute Force,Brute Force,0.0,1.0,0.0,0.0,0.0
848,Normal,Normal,0.0,0.0,0.03319186272890719,0.9641747872788682,0.0026333499922245535
849,DoS/DDoS,DoS/DDoS,0.0,0.0,1.0,0.0,0.0
850,DoS/DDoS,DoS/DDoS,0.0,0.0,1.0,0.0,0.0
851,Brute Force,Brute Force,0.0,1.0,0.0,0.0,0.0
852,DoS/DDoS,DoS/DDoS,0.0,0.0,1.0,0.0,0.0
853,Brute Force,Brute Force,0.0,1.0,0.0,0.0,0.0
854,Normal,Normal,0.0,0.0,0.0,1.0,0.0
855,Brute Force,Brute Force,0.0,1.0,0.0,0.0,0.0
856,Normal,Normal,0.0,0.0,0.0,1.0,0.0
857,Normal,Normal,0.0,0.0,0.0,1.0,0.0
858,DoS/DDoS,DoS/DDoS,0.0,0.0,1.0,0.0,0.0
859,DoS/DDoS,DoS/DDoS,0.0,0.0,1.0,0.0,0.0
860,Brute Force,Brute Force,0.0,1.0,0.0,0.0,0.0
861,Normal,Normal,0.0,0.006506529850746269,0.0,0.9934934701492537,0.0
862,Brute Force,Brute Force,0.009117782001704136,0.8898573038188375,0.001986313088109495,0.09903860109134867,0.0
863,DoS/DDoS,DoS/DDoS,0.0,0.0,1.0,0.0,0.0
864,Brute Force,Brute Force,0.0,1.0,0.0,0.0,0.0
865,Normal,Normal,0.0,0.0,0.0,1.0,0.0
866,DoS/DDoS,DoS/DDoS,0.0,0.0,1.0,0.0,0.0
867,DoS/DDoS,DoS/DDoS,0.0,0.0,1.0,0.0,0.0
868,DoS/DDoS,DoS/DDoS,0.0,0.0,1.0,0.0,0.0
869,Normal,Normal,0.0,0.0,0.0,1.0,0.0
870,Brute Force,Brute Force,0.0,1.0,0.0,0.0,0.0
871,DoS/DDoS,DoS/DDoS,0.0,0.0,1.0,0.0,0.0
872,Brute Force,Brute Force,0.0,1.0,0.0,0.0,0.0
873,DoS/DDoS,DoS/DDoS,0.0,0.0,1.0,0.0,0.0
874,DoS/DDoS,DoS/DDoS,0.0,0.0,1.0,0.0,0.0
875,Web Attack,Web Attack,0.0,0.36740560919073384,9.704190934459118e-05,0.0007134261439291273,0.6317839227559923
876,DoS/DDoS,DoS/DDoS,0.0,0.0,1.0,0.0,0.0
877,Normal,Normal,0.0,0.0,0.0,1.0,0.0
878,DoS/DDoS,DoS/DDoS,0.0,0.0,1.0,0.0,0.0
879,Brute Force,Brute Force,0.0,0.9999957572263637,4.242773636295104e-06,0.0,0.0
880,DoS/DDoS,DoS/DDoS,0.0,0.0,1.0,0.0,0.0
881,Normal,Normal,0.0,0.0,1.9051442161899594e-05,0.9999809485578381,0.0
882,Normal,Normal,0.0,0.0,0.0,1.0,0.0
883,Normal,Normal,0.0,0.0,1.9051442161899594e-05,0.9999809485578381,0.0
884,Normal,Normal,0.0,0.021840749858585754,3.805712667943282e-05,0.9716480038708917,0.006473189143842992
885,DoS/DDoS,DoS/DDoS,0.0,0.0,1.0,0.0,0.0
886,Normal,Normal,0.0,0.0,0.0,1.0,0.0
887,Web Attack,Web Attack,0.0,0.2280907632969249,3.7583605044024734e-06,0.0006377119193526241,0.7712677664232178
888,DoS/DDoS,DoS/DDoS,0.0,0.0,1.0,0.0,0.0
889,Brute Force,Brute Force,0.0,1.0,0.0,0.0,0.0
890,Brute Force,Brute Force,0.0,1.0,0.0,0.0,0.0
891,Normal,Normal,0.0,0.0,0.0,1.0,0.0
892,Brute Force,Brute Force,0.0,1.0,0.0,0.0,0.0
893,Brute Force,Brute Force,0.0,1.0,0.0,0.0,0.0
894,Normal,Normal,0.0,0.0,0.0,1.0,0.0
895,Brute Force,Brute Force,0.0,1.0,0.0,0.0,0.0
896,Normal,Normal,0.0,0.01,0.005064285714285713,0.9849357142857142,0.0
897,Brute Force,Brute Force,0.0,1.0,0.0,0.0,0.0
898,Normal,Normal,0.35581252417460874,0.0,0.00017951979050408014,0.6440079560348869,0.0
899,Normal,Normal,0.0,0.01717533271192031,0.0007961250899113242,0.96631421744326,0.01571432475490834
900,DoS/DDoS,DoS/DDoS,0.0,0.0,1.0,0.0,0.0
901,Normal,Normal,0.0,0.0002861571113978247,0.14514359172415253,0.8454836502815622,0.009086600882887562
902,DoS/DDoS,DoS/DDoS,0.0,0.0,1.0,0.0,0.0
903,DoS/DDoS,DoS/DDoS,0.0,0.0,1.0,0.0,0.0
904,DoS/DDoS,DoS/DDoS,0.0,0.0,1.0,0.0,0.0
905,DoS/DDoS,DoS/DDoS,0.0,0.0,1.0,0.0,0.0
906,DoS/DDoS,DoS/DDoS,0.0,0.0,1.0,0.0,0.0
907,Normal,Normal,0.0,0.0,0.0,1.0,0.0
908,DoS/DDoS,DoS/DDoS,0.0,0.0,1.0,0.0,0.0
909,Normal,Normal,0.0,0.0,0.0,1.0,0.0
910,DoS/DDoS,DoS/DDoS,0.0,0.004219166998539674,0.8862451984404089,0.09252219216924856,0.017013442391802736
911,DoS/DDoS,DoS/DDoS,0.0,0.0,1.0,0.0,0.0
912,Brute Force,Brute Force,0.0,1.0,0.0,0.0,0.0
913,DoS/DDoS,DoS/DDoS,0.0,0.0,0.9990482730015501,0.000951726998450009,0.0
914,Normal,Normal,0.0,0.0,0.0,1.0,0.0
915,Normal,Normal,0.0,0.0,0.0,1.0,0.0
916,DoS/DDoS,DoS/DDoS,0.0,0.008956518654713228,0.9343019543505959,0.04813807293735684,0.008603454057334233
917,DoS/DDoS,DoS/DDoS,0.0,0.0,1.0,0.0,0.0
918,DoS/DDoS,DoS/DDoS,0.0,0.0,1.0,0.0,0.0
919,Brute Force,Brute Force,0.0,1.0,0.0,0.0,0.0
920,Normal,Normal,0.1128723256664795,0.0,1.3606354482045735e-05,0.8871140679790385,0.0
921,DoS/DDoS,DoS/DDoS,0.0,0.0,1.0,0.0,0.0
922,Normal,Normal,0.0,0.00240666857975071,0.00470107913971666,0.9672608947659996,0.02563135751453289
923,Normal,Normal,0.0,0.0031979871765890873,0.002518198634870584,0.9694253585493975,0.0248584556391428
924,Normal,Normal,0.0,0.0,0.0004458635443621736,0.9995541364556378,0.0
925,Normal,Normal,0.32322543366448436,0.0,1.9448812743237454e-05,0.6767551175227723,0.0
926,DoS/DDoS,DoS/DDoS,0.0,0.0,1.0,0.0,0.0
927,DoS/DDoS,DoS/DDoS,0.0,0.0,0.9999578253126014,4.217468739862318e-05,0.0
928,DoS/DDoS,DoS/DDoS,0.0,0.0,1.0,0.0,0.0
929,Brute Force,Brute Force,0.0,0.9844007859554558,0.00517981619559563,0.010419397848948665,0.0
930,Normal,Normal,0.0,0.0,0.0,1.0,0.0
931,Normal,Normal,0.0,0.0,0.032140817325256824,0.967859182674743,0.0
932,Normal,Normal,0.0,0.0,0.0,1.0,0.0
933,DoS/DDoS,DoS/DDoS,0.0,0.0,1.0,0.0,0.0
934,Brute Force,Brute Force,0.0,1.0,0.0,0.0,0.0
935,Normal,Normal,0.0,0.0,0.0,1.0,0.0
936,DoS/DDoS,DoS/DDoS,0.0,0.0,1.0,0.0,0.0
937,Brute Force,Brute Force,0.0,0.9999957572263637,4.242773636295104e-06,0.0,0.0
938,Normal,Normal,0.0,0.0,0.0,1.0,0.0
939,Brute Force,Web Attack,0.0,0.1646296731079817,3.7583605044024734e-06,0.000936481197194501,0.8344300873343196
940,DoS/DDoS,DoS/DDoS,0.0,0.0,1.0,0.0,0.0
941,Brute Force,Brute Force,0.0,1.0,0.0,0.0,0.0
942,DoS/DDoS,DoS/DDoS,0.0,0.0,1.0,0.0,0.0
943,Web Attack,Web Attack,0.0,0.19560827590194524,3.7583605044024734e-06,0.0006808753718454345,0.803707090365705
944,Brute Force,Brute Force,0.0,1.0,0.0,0.0,0.0
945,Normal,Normal,0.009453389491642898,0.0,0.003265572061506385,0.9872810384468508,0.0
946,DoS/DDoS,DoS/DDoS,0.0,0.020681840352203468,0.9768507567265283,0.0024674029212682575,0.0
947,DoS/DDoS,DoS/DDoS,0.0,0.0,1.0,0.0,0.0
948,DoS/DDoS,DoS/DDoS,0.0,0.0,1.0,0.0,0.0
949,Normal,Normal,0.0,0.0,0.0,1.0,0.0
950,Normal,Normal,0.0,0.0,0.0,1.0,0.0
951,Brute Force,Brute Force,0.0,1.0,0.0,0.0,0.0
952,DoS/DDoS,DoS/DDoS,0.0,0.0,0.99,0.01,0.0
953,Normal,Normal,0.0,0.006774647673790397,0.1835201496396477,0.7647640385253679,0.0449411641611938
954,Normal,Normal,0.0,0.0,0.0,1.0,0.0
955,DoS/DDoS,DoS/DDoS,0.0,0.0,1.0,0.0,0.0
956,Normal,Normal,0.010886631094285577,0.0,0.00038673045433758617,0.9887266384513768,0.0
957,Normal,Normal,0.0,0.0,0.0,1.0,0.0
958,Normal,Normal,0.246081783204963,0.0,1.9448812743237454e-05,0.7538987679822937,0.0
959,Normal,Normal,0.0,0.0,0.0016003815792487602,0.9983996184207513,0.0
960,Normal,Normal,0.0,0.029613669677957456,3.805712667943282e-05,0.9571756106850674,0.013172662510295781
961,Brute Force,Web Attack,0.0,0.3199801065821265,3.7583605044024734e-06,0.005765883488461143,0.6742502515689078
962,DoS/DDoS,DoS/DDoS,0.0,0.0,0.9999578253126014,4.217468739862318e-05,0.0
963,Brute Force,Brute Force,0.0,1.0,0.0,0.0,0.0
964,DoS/DDoS,DoS/DDoS,0.0,0.0,1.0,0.0,0.0
965,DoS/DDoS,DoS/DDoS,0.0,0.0,1.0,0.0,0.0
966,Normal,Normal,0.0,0.0,0.0,1.0,0.0
967,Normal,Normal,0.0,0.0,0.007550710565804574,0.9924492894341955,0.0
968,DoS/DDoS,DoS/DDoS,0.0,0.0,0.9999456879835311,5.4312016468903834e-05,0.0
969,Brute Force,Web Attack,0.0,0.32962701530734,3.7583605044024734e-06,0.0006377119193526241,0.6697315144128031
970,Normal,Normal,0.00015931446215744114,0.007049931849595196,0.00013457106561963117,0.9681412626285595,0.02451491999406803
971,DoS/DDoS,DoS/DDoS,0.0,0.0,1.0,0.0,0.0
972,Normal,Normal,0.0,0.0,0.0,1.0,0.0
973,Brute Force,Brute Force,0.0,1.0,0.0,0.0,0.0
974,Web Attack,Web Attack,0.0,0.4948433882233894,7.031744054494311e-06,0.0008756308349931235,0.5042739491975631
975,DoS/DDoS,DoS/DDoS,0.0,0.0,1.0,0.0,0.0
976,Brute Force,Brute Force,0.0,1.0,0.0,0.0,0.0
977,Brute Force,Brute Force,0.0,1.0,0.0,0.0,0.0
978,Brute Force,Web Attack,0.0,0.18584029647058867,3.7583605044024734e-06,0.0006985773754304222,0.8134573677934764
979,Normal,Normal,0.0,0.012404373332175832,3.805712667943282e-05,0.9805845957080562,0.006972973833088519
980,Normal,Normal,0.0,0.0,1.9051442161899594e-05,0.9999809485578381,0.0
981,DoS/DDoS,DoS/DDoS,0.0,0.0,1.0,0.0,0.0
982,DoS/DDoS,DoS/DDoS,0.0,0.0,1.0,0.0,0.0
983,Brute Force,Brute Force,0.0,1.0,0.0,0.0,0.0
984,DoS/DDoS,DoS/DDoS,0.0,0.0,1.0,0.0,0.0
985,Normal,Normal,0.0,0.0,0.0,1.0,0.0
986,DoS/DDoS,DoS/DDoS,0.0,0.0,1.0,0.0,0.0
987,Normal,Normal,0.0,0.0,0.0,1.0,0.0
988,Normal,Normal,0.45311107158355285,0.0,2.135705322257811e-05,0.5468675713632243,0.0
989,DoS/DDoS,DoS/DDoS,0.0,0.0,1.0,0.0,0.0
990,Brute Force,Brute Force,0.0,1.0,0.0,0.0,0.0
991,DoS/DDoS,DoS/DDoS,0.0,0.0,1.0,0.0,0.0
992,Bot,Bot,1.0,0.0,0.0,0.0,0.0
993,DoS/DDoS,DoS/DDoS,0.0,0.0,1.0,0.0,0.0
994,Normal,Normal,0.0,0.0,0.0,1.0,0.0
995,Brute Force,Brute Force,0.0,1.0,0.0,0.0,0.0
996,Normal,Normal,0.0,0.0,0.0,1.0,0.0
997,Normal,Normal,0.00015931446215744114,0.05741290400020864,3.805712667943282e-05,0.8321469557102874,0.11024276870066707
998,DoS/DDoS,DoS/DDoS,0.0,0.0,1.0,0.0,0.0
999,DoS/DDoS,DoS/DDoS,0.0,0.0,1.0,0.0,0.0
1000,Normal,Normal,0.0,0.0,0.0,1.0,0.0
1001,Brute Force,Brute Force,0.0,0.9999957572263637,4.242773636295104e-06,0.0,0.0
1002,Normal,Normal,0.0,0.0,0.0,1.0,0.0
1003,Normal,Normal,0.0,0.08328506405709372,0.003209702552400447,0.6363090275091369,0.27719620588136906
1004,DoS/DDoS,DoS/DDoS,0.0,0.0,0.9999578253126014,4.217468739862318e-05,0.0
1005,Normal,Normal,0.0,0.0,0.0,1.0,0.0
1006,Brute Force,Web Attack,0.0,0.3004448527207773,7.031744054494311e-06,0.0007967054667357337,0.6987514100684326
1007,Normal,Normal,0.0,0.0011015704005256873,1.3936795121654873e-06,0.9900528430676288,0.008844192852333415
1008,Normal,Normal,0.0,0.004836199882876252,0.3751537983935239,0.6114065476662657,0.008603454057334233
1009,Normal,Normal,0.0,0.0,0.0,1.0,0.0
1010,DoS/DDoS,DoS/DDoS,0.0,0.0,1.0,0.0,0.0
1011,Normal,Normal,0.0,0.0,0.0,1.0,0.0
1012,DoS/DDoS,DoS/DDoS,0.0,0.0,1.0,0.0,0.0
1013,Normal,Normal,0.0,0.03616756725480142,0.00013457106561963117,0.9491743885418055,0.01452347313777354
1014,DoS/DDoS,DoS/DDoS,0.0,0.0006831426335049337,0.9912170275324054,0.008099829834089736,0.0
1015,Bot,Bot,0.9748252937841427,0.0,5.176293157457111e-05,0.02512294328428238,0.0
1016,Brute Force,Brute Force,0.0,1.0,0.0,0.0,0.0
1017,DoS/DDoS,DoS/DDoS,0.0,0.0,1.0,0.0,0.0
1018,Normal,Normal,0.0,0.0,0.0,1.0,0.0
1019,Brute Force,Brute Force,0.0,0.9953115604369139,0.0,0.0046884395630860855,0.0
1020,Brute Force,Brute Force,0.0,1.0,0.0,0.0,0.0
1021,Normal,Normal,0.0,0.004890163028460901,0.01,0.9851098369715391,0.0
1022,Normal,Normal,0.0,0.020869005115445177,0.0020280535081460428,0.9584517890747312,0.018651152301677597
1023,Normal,Normal,0.0,0.0,0.0,1.0,0.0
1024,DoS/DDoS,DoS/DDoS,0.0,0.0,1.0,0.0,0.0
1025,Web Attack,Web Attack,0.0,0.08921766158942299,3.7583605044024734e-06,0.060629616469998954,0.8501489635800733
1026,Brute Force,Web Attack,0.0,0.1433537837633982,3.7583605044024734e-06,0.0009062522314905607,0.8557362056446071
1027,DoS/DDoS,DoS/DDoS,0.0,0.0,1.0,0.0,0.0
1028,Bot,Bot,0.9645534678074358,0.0,5.176293157457111e-05,0.03539476926098955,0.0
1029,Brute Force,Brute Force,0.0,0.9999957572263637,4.242773636295104e-06,0.0,0.0
1030,Normal,Normal,0.0,0.0508854099819753,0.00013457106561963117,0.9336363482678236,0.015343670684581541
1031,Brute Force,Brute Force,0.0,1.0,0.0,0.0,0.0
1032,Normal,Normal,0.0,0.07550633021816844,0.003209702552400447,0.7605148862082861,0.16076908102114484
1033,DoS/DDoS,DoS/DDoS,0.0,0.0,1.0,0.0,0.0
1034,Normal,Normal,0.0,0.0,0.0,1.0,0.0
1035,Brute Force,Brute Force,0.00015931446215744114,0.6794368676276012,0.007855939046745372,0.0544664796778022,0.2580813991856939
1036,Brute Force,Brute Force,0.0,1.0,0.0,0.0,0.0
1037,Brute Force,Brute Force,0.0,0.9944694070681416,0.0,0.0055305929318584,0.0
1038,DoS/DDoS,DoS/DDoS,0.0,0.0,1.0,0.0,0.0
1039,DoS/DDoS,DoS/DDoS,0.0,0.0,1.0,0.0,0.0
1040,Brute Force,Brute Force,0.0,1.0,0.0,0.0,0.0
1041,Normal,Normal,0.0,0.0,0.0,1.0,0.0
1042,Normal,Normal,0.0,0.0,0.0,1.0,0.0
1043,Normal,Normal,0.0,0.0,0.0,1.0,0.0
1044,DoS/DDoS,DoS/DDoS,0.0,0.0,1.0,0.0,0.0
1045,DoS/DDoS,DoS/DDoS,0.0,0.0,0.9999456879835311,5.4312016468903834e-05,0.0
1046,Normal,Normal,0.0,0.0,0.0,1.0,0.0
1047,Normal,Normal,0.0,0.0,0.0,1.0,0.0
1048,DoS/DDoS,DoS/DDoS,0.0,0.0,1.0,0.0,0.0
1049,Bot,Bot,1.0,0.0,0.0,0.0,0.0
1050,DoS/DDoS,DoS/DDoS,0.0,0.0,1.0,0.0,0.0
1051,DoS/DDoS,DoS/DDoS,0.0,0.0,1.0,0.0,0.0
1052,Brute Force,Brute Force,0.0,1.0,0.0,0.0,0.0
1053,Normal,Normal,0.0,0.0,0.0,1.0,0.0
1054,DoS/DDoS,DoS/DDoS,0.0,0.0,0.9408370771738561,0.04948028522246975,0.009682637603674
1055,Web Attack,Web Attack,0.0,0.11081484593567391,3.7583605044024734e-06,0.0006808753718454345,0.8885005203319766
1056,DoS/DDoS,Normal,0.0,0.013640850607972623,0.04063767391077131,0.9290475521989981,0.016673923282257856
1057,Brute Force,Brute Force,0.0,1.0,0.0,0.0,0.0
1058,DoS/DDoS,DoS/DDoS,0.0,0.0,1.0,0.0,0.0
1059,Normal,Normal,0.0,0.0,0.0,1.0,0.0
1060,Normal,Normal,0.0,0.0,0.0,1.0,0.0
1061,DoS/DDoS,DoS/DDoS,0.0,0.0,1.0,0.0,0.0
1062,Brute Force,Web Attack,0.0,0.31181049245520087,7.031744054494311e-06,0.003012264723837348,0.6851702110769071
1063,Normal,Normal,0.0,0.0,0.0,1.0,0.0
1064,DoS/DDoS,DoS/DDoS,0.0,0.0,0.9999456879835311,5.4312016468903834e-05,0.0
1065,DoS/DDoS,DoS/DDoS,0.0,0.0,1.0,0.0,0.0
1066,Brute Force,Brute Force,0.0,0.9999957572263637,4.242773636295104e-06,0.0,0.0
1067,DoS/DDoS,DoS/DDoS,0.0,0.0,1.0,0.0,0.0
1068,DoS/DDoS,DoS/DDoS,0.0,0.0,1.0,0.0,0.0
1069,Normal,Normal,0.0,0.0,0.0,1.0,0.0
1070,DoS/DDoS,DoS/DDoS,0.0,0.0,1.0,0.0,0.0
1071,Brute Force,Brute Force,0.0,1.0,0.0,0.0,0.0
1072,Normal,Normal,0.0,0.0,0.0,1.0,0.0
1073,DoS/DDoS,DoS/DDoS,0.0,0.0,1.0,0.0,0.0
1074,Normal,Normal,0.0,0.0,0.0,1.0,0.0
1075,DoS/DDoS,DoS/DDoS,0.0,0.0,1.0,0.0,0.0
1076,Brute Force,Brute Force,0.0,1.0,0.0,0.0,0.0
1077,Normal,Normal,0.0,0.0,0.0,1.0,0.0
1078,DoS/DDoS,DoS/DDoS,0.0,0.0,0.9492086964640937,0.0507913035359064,0.0
1079,DoS/DDoS,DoS/DDoS,0.0,0.0,1.0,0.0,0.0
1080,Brute Force,Brute Force,0.0,0.9999957572263637,4.242773636295104e-06,0.0,0.0
1081,DoS/DDoS,DoS/DDoS,0.0,0.00038870409189376286,0.9595922843372752,0.03632322594758632,0.0036957856232448416
1082,Normal,Normal,0.0,0.0,0.0,1.0,0.0
1083,Normal,Normal,0.0,0.009481378790748327,3.805712667943282e-05,0.9865980739676214,0.0038824901149506984
1084,DoS/DDoS,DoS/DDoS,0.0,0.0,1.0,0.0,0.0
1085,DoS/DDoS,DoS/DDoS,0.0,0.0,0.9933622229100691,0.006637777089930712,0.0
1086,DoS/DDoS,DoS/DDoS,0.0,0.0,0.9998464559900256,0.0001535440099744956,0.0
1087,DoS/DDoS,DoS/DDoS,0.0,0.0,1.0,0.0,0.0
1088,DoS/DDoS,DoS/DDoS,0.0,0.0,1.0,0.0,0.0
1089,Normal,Normal,0.0,0.0,0.0,1.0,0.0
1090,DoS/DDoS,DoS/DDoS,0.0,0.0,1.0,0.0,0.0
1091,DoS/DDoS,DoS/DDoS,0.0,0.0,1.0,0.0,0.0
1092,Normal,Normal,0.0,0.0,0.0,1.0,0.0
1093,DoS/DDoS,DoS/DDoS,0.0,0.0,0.9990482730015501,0.000951726998450009,0.0
1094,DoS/DDoS,DoS/DDoS,0.0,0.0,1.0,0.0,0.0
1095,DoS/DDoS,DoS/DDoS,0.0,0.0,1.0,0.0,0.0
1096,Normal,Normal,0.0,0.03836361650027801,0.0,0.961636383499722,0.0
1097,DoS/DDoS,DoS/DDoS,0.0,0.0,1.0,0.0,0.0
1098,Bot,Bot,0.9749007535226693,0.0,6.511844699291775e-05,0.025034128030337582,0.0
1099,Brute Force,Brute Force,0.0,1.0,0.0,0.0,0.0
1100,Brute Force,Brute Force,0.0,1.0,0.0,0.0,0.0
1101,DoS/DDoS,DoS/DDoS,0.0,0.0,1.0,0.0,0.0
1102,DoS/DDoS,DoS/DDoS,0.0,0.0,1.0,0.0,0.0
1103,DoS/DDoS,DoS/DDoS,0.0,0.0,1.0,0.0,0.0
1104,DoS/DDoS,DoS/DDoS,0.0,0.0,1.0,0.0,0.0
1105,DoS/DDoS,DoS/DDoS,0.0,0.0,1.0,0.0,0.0
1106,Normal,Normal,0.0,0.0,0.0,1.0,0.0
1107,Normal,Normal,0.009540736720710942,0.0,0.015048602456827487,0.9754106608224616,0.0
1108,Normal,Normal,0.0,0.0,0.0,1.0,0.0
1109,Normal,Normal,0.0,0.0,0.0,1.0,0.0
1110,Normal,Normal,0.0,0.0,0.0,1.0,0.0
1111,DoS/DDoS,DoS/DDoS,0.0,0.0,0.9897139461951221,0.010286053804877826,0.0
1112,DoS/DDoS,DoS/DDoS,0.0,0.0,1.0,0.0,0.0
1113,Normal,Normal,0.0,0.015717280660477645,3.805712667943282e-05,0.9715396858080194,0.012704976404823407
1114,Brute Force,Brute Force,0.0,0.9878732024651906,0.0,0.012126797534809403,0.0
1115,Brute Force,Brute Force,0.0,1.0,0.0,0.0,0.0
1116,Normal,Normal,0.0,0.0,0.0,1.0,0.0
1117,Normal,Normal,0.0,0.0,0.004031173725003212,0.9959688262749968,0.0
1118,Brute Force,Brute Force,0.0,1.0,0.0,0.0,0.0
1119,Brute Force,Brute Force,0.0,1.0,0.0,0.0,0.0
1120,DoS/DDoS,DoS/DDoS,0.0,0.0,1.0,0.0,0.0
1121,Brute Force,Brute Force,0.0,1.0,0.0,0.0,0.0
1122,DoS/DDoS,DoS/DDoS,0.0,0.0,1.0,0.0,0.0
1123,DoS/DDoS,DoS/DDoS,0.0,0.0,1.0,0.0,0.0
1124,DoS/DDoS,DoS/DDoS,0.0,0.0,1.0,0.0,0.0
1125,DoS/DDoS,DoS/DDoS,0.0,0.0,1.0,0.0,0.0
1126,Normal,Normal,0.0,0.0,0.0,1.0,0.0
1127,Normal,Normal,0.0,0.10825520964692258,3.805712667943282e-05,0.8740030211877656,0.017703712038632458
1128,Normal,Normal,0.0,0.0,0.0,1.0,0.0
1129,Normal,Normal,0.0,0.0,0.00598678470801928,0.9940132152919807,0.0
1130,Bot,Bot,0.9757093931623662,0.0,5.176293157457111e-05,0.024238843906058904,0.0
1131,Normal,Normal,0.0,0.0,0.0,1.0,0.0
1132,Brute Force,Brute Force,0.0,1.0,0.0,0.0,0.0
1133,Brute Force,Web Attack,0.0,0.03816482002514958,9.704190934459118e-05,0.001183134539894216,0.9605550035256115
1134,DoS/DDoS,DoS/DDoS,0.0,0.0,1.0,0.0,0.0
1135,Brute Force,Brute Force,0.0,1.0,0.0,0.0,0.0
1136,DoS/DDoS,DoS/DDoS,0.0,0.0,1.0,0.0,0.0
1137,DoS/DDoS,DoS/DDoS,0.0,0.0,1.0,0.0,0.0
1138,DoS/DDoS,DoS/DDoS,0.0,0.0,1.0,0.0,0.0
1139,DoS/DDoS,DoS/DDoS,0.0,0.0,1.0,0.0,0.0
1140,Brute Force,Brute Force,0.0,1.0,0.0,0.0,0.0
1141,Brute Force,Brute Force,0.0,1.0,0.0,0.0,0.0
1142,DoS/DDoS,DoS/DDoS,0.0,0.0,1.0,0.0,0.0
1143,DoS/DDoS,DoS/DDoS,0.0,0.0,1.0,0.0,0.0
1144,Brute Force,Brute Force,0.0,1.0,0.0,0.0,0.0
1145,Brute Force,Brute Force,0.0,1.0,0.0,0.0,0.0
1146,DoS/DDoS,DoS/DDoS,0.0,0.0,0.9966886584237131,0.0033113415762868735,0.0
1147,Brute Force,Brute Force,0.0,1.0,0.0,0.0,0.0
1148,Brute Force,Brute Force,0.0,0.9999957572263637,4.242773636295104e-06,0.0,0.0
1149,Normal,Normal,0.0,0.0,0.0,1.0,0.0
1150,Normal,Normal,0.11235514639594493,0.0,1.3606354482045735e-05,0.887631247249573,0.0
1151,Normal,Normal,0.0,0.0,0.004998558973989481,0.9950014410260105,0.0
1152,Bot,Bot,0.9774566334549061,0.0,5.176293157457111e-05,0.022491603613519155,0.0
1153,Normal,Normal,0.0,0.03647874261577637,0.00013457106561963117,0.9488632131808304,0.01452347313777354
1154,Normal,Normal,0.0,0.0,0.0,1.0,0.0
1155,DoS/DDoS,DoS/DDoS,0.0,0.0,1.0,0.0,0.0
1156,DoS/DDoS,DoS/DDoS,0.0,0.0,1.0,0.0,0.0
1157,DoS/DDoS,DoS/DDoS,0.0,0.0,1.0,0.0,0.0
1158,DoS/DDoS,DoS/DDoS,0.0,0.0,0.9982152136869078,0.001784786313092262,0.0
1159,DoS/DDoS,DoS/DDoS,0.0,0.0,1.0,0.0,0.0
1160,Normal,Normal,0.0,0.0,0.0,1.0,0.0
1161,DoS/DDoS,DoS/DDoS,0.0,0.0,1.0,0.0,0.0
1162,Normal,Normal,0.0,0.0,0.0,1.0,0.0
1163,DoS/DDoS,DoS/DDoS,0.0,0.0,1.0,0.0,0.0
1164,Brute Force,Brute Force,0.0,1.0,0.0,0.0,0.0
1165,Normal,Normal,0.0,0.0,0.0,1.0,0.0
1166,Normal,Normal,0.0009224535197838869,0.0,0.00020270240847910056,0.998874844071737,0.0
1167,Normal,Normal,0.0,0.0040001741380593335,0.037448296862126196,0.9202319125823227,0.03831961641749179
1168,DoS/DDoS,DoS/DDoS,0.0,0.0,1.0,0.0,0.0
1169,DoS/DDoS,DoS/DDoS,0.0,0.0,1.0,0.0,0.0
1170,DoS/DDoS,DoS/DDoS,0.0,0.0,1.0,0.0,0.0
1171,DoS/DDoS,DoS/DDoS,0.0,0.0,1.0,0.0,0.0
1172,Brute Force,Brute Force,0.0,1.0,0.0,0.0,0.0
1173,DoS/DDoS,DoS/DDoS,0.0,0.0,1.0,0.0,0.0
1174,DoS/DDoS,DoS/DDoS,0.0,0.0,1.0,0.0,0.0
1175,DoS/DDoS,DoS/DDoS,0.0,0.0,1.0,0.0,0.0
1176,Normal,Normal,0.0,0.01,0.31742127757084154,0.6725787224291584,0.0
1177,Brute Force,Brute Force,0.0,0.9934531066386647,0.00031569999475922103,0.006231193366576079,0.0
1178,DoS/DDoS,DoS/DDoS,0.0,0.0,1.0,0.0,0.0
1179,Normal,Normal,0.0,0.06794129261501411,0.0,0.9221708450533687,0.00988786233161718
1180,DoS/DDoS,DoS/DDoS,0.0,0.0,1.0,0.0,0.0
1181,Normal,Normal,0.0,0.0,0.01,0.99,0.0
1182,DoS/DDoS,DoS/DDoS,0.0,0.0,0.9999578253126014,4.217468739862318e-05,0.0
1183,Normal,Normal,0.0,0.0,0.0,1.0,0.0
1184,DoS/DDoS,DoS/DDoS,0.0,0.0,1.0,0.0,0.0
1185,DoS/DDoS,DoS/DDoS,0.0,0.0,1.0,0.0,0.0
1186,Normal,Normal,0.0,0.0,0.0,1.0,0.0
1187,Normal,Normal,0.0,0.0,0.0,1.0,0.0
1188,DoS/DDoS,DoS/DDoS,0.0,0.0,1.0,0.0,0.0
1189,Brute Force,Brute Force,0.0,1.0,0.0,0.0,0.0
1190,Bot,Bot,0.9998487988743954,0.0,2.6673565380087433e-06,0.00014853376906662482,0.0
1191,DoS/DDoS,DoS/DDoS,0.0,0.0,1.0,0.0,0.0
1192,DoS/DDoS,DoS/DDoS,0.0,0.0,0.9999578253126014,4.217468739862318e-05,0.0
1193,Brute Force,Brute Force,0.0,1.0,0.0,0.0,0.0
1194,DoS/DDoS,DoS/DDoS,0.0,0.0,0.8255689016000056,0.17443109839999438,0.0
1195,Normal,Normal,0.0,0.0,0.0,1.0,0.0
1196,DoS/DDoS,DoS/DDoS,0.0,0.0,1.0,0.0,0.0
1197,DoS/DDoS,DoS/DDoS,0.0,0.0,1.0,0.0,0.0
1198,Normal,Normal,0.0,0.0,0.0,1.0,0.0
1199,Normal,Normal,0.0,0.0,0.0,1.0,0.0
1200,DoS/DDoS,DoS/DDoS,0.0,0.0,1.0,0.0,0.0
1201,DoS/DDoS,DoS/DDoS,0.0,0.0,1.0,0.0,0.0
1202,Normal,Normal,0.0,0.0,0.0,1.0,0.0
1203,Normal,Normal,0.0,0.0,0.0,1.0,0.0
1204,Brute Force,Brute Force,0.0,1.0,0.0,0.0,0.0
1205,DoS/DDoS,DoS/DDoS,0.0,0.013156947481248365,0.8550526642101469,0.1280946026853598,0.0036957856232448416
1206,Brute Force,Brute Force,0.0,1.0,0.0,0.0,0.0
1207,Normal,Normal,0.0,0.0,0.0,1.0,0.0
1208,DoS/DDoS,DoS/DDoS,0.0,0.0,0.9998464559900256,0.0001535440099744956,0.0
1209,Normal,Normal,0.0,0.0,0.0,1.0,0.0
1210,DoS/DDoS,DoS/DDoS,0.0,0.0,1.0,0.0,0.0
1211,DoS/DDoS,DoS/DDoS,0.0,0.0,0.9265433101048899,0.07345668989511021,0.0
1212,Normal,Normal,0.0,0.008493364400769931,0.0,0.99150663559923,0.0
1213,Bot,Bot,1.0,0.0,0.0,0.0,0.0
1214,DoS/DDoS,DoS/DDoS,0.0,0.0,1.0,0.0,0.0
1215,Brute Force,Brute Force,0.0,1.0,0.0,0.0,0.0
1216,Brute Force,Brute Force,0.0,1.0,0.0,0.0,0.0
1217,Normal,Normal,0.0,0.0,0.0,1.0,0.0
1218,Normal,Normal,0.0,0.0,0.0,1.0,0.0
1219,Normal,Normal,0.0,0.009011841288953971,0.003346630574155863,0.9777598075166746,0.009881720620215343
1220,DoS/DDoS,DoS/DDoS,0.0,0.0,0.9999456879835311,5.4312016468903834e-05,0.0
1221,Brute Force,Brute Force,0.0,1.0,0.0,0.0,0.0
1222,Normal,Normal,0.0,0.0,0.0,1.0,0.0
1223,Brute Force,Brute Force,0.0,1.0,0.0,0.0,0.0
1224,Brute Force,Brute Force,0.0,1.0,0.0,0.0,0.0
1225,Normal,Normal,0.0,0.0,0.0,1.0,0.0
1226,Normal,Normal,0.0,0.004801434087148373,0.0,0.9951985659128516,0.0
1227,DoS/DDoS,DoS/DDoS,0.0,0.0,1.0,0.0,0.0
1228,Normal,Normal,0.0,0.0,0.0,1.0,0.0
1229,Brute Force,Brute Force,0.0,1.0,0.0,0.0,0.0
1230,Normal,Normal,0.0,0.0,0.006664130486471064,0.9933358695135288,0.0
1231,Brute Force,Brute Force,0.0,1.0,0.0,0.0,0.0
1232,Normal,Normal,0.0,0.0,0.0,1.0,0.0
1233,Normal,Normal,0.0,0.0,0.0,1.0,0.0
1234,Brute Force,Brute Force,0.0,0.6351705137395964,0.0,0.3648294862604037,0.0
1235,Brute Force,Brute Force,0.0,1.0,0.0,0.0,0.0
1236,Normal,Normal,0.0,0.0,0.0,1.0,0.0
1237,DoS/DDoS,DoS/DDoS,0.0,0.0,1.0,0.0,0.0
1238,DoS/DDoS,DoS/DDoS,0.0,0.0,1.0,0.0,0.0
1239,Normal,Normal,0.0,0.0,0.0,1.0,0.0
1240,Brute Force,Web Attack,0.0,0.33731932569593526,7.031744054494311e-06,0.000851447361075679,0.6618221951989348
1241,Brute Force,Brute Force,0.0,0.5945491595488976,1.1980490327606729e-05,0.0024211489429574297,0.4030177110178173
1242,DoS/DDoS,DoS/DDoS,0.0,0.0,1.0,0.0,0.0
1243,Normal,Normal,0.0,0.0,0.0,1.0,0.0
1244,DoS/DDoS,DoS/DDoS,0.0,0.0,1.0,0.0,0.0
1245,Normal,Normal,0.0,0.0,0.0,1.0,0.0
1246,DoS/DDoS,DoS/DDoS,0.0,0.0,1.0,0.0,0.0
1247,Normal,Normal,0.00015931446215744114,0.044062320757541976,0.0004381896163794359,0.8825950992393943,0.07274507592452686
1248,Normal,Normal,0.0,0.0,0.01,0.99,0.0
1249,DoS/DDoS,DoS/DDoS,0.0,0.0,1.0,0.0,0.0
1250,Bot,Bot,0.9998997013881337,0.0,2.6673565380087433e-06,9.763125532836162e-05,0.0
1251,DoS/DDoS,DoS/DDoS,0.0,0.0,1.0,0.0,0.0
1252,Brute Force,Web Attack,0.0,0.157020602399121,3.7583605044024734e-06,0.0006541029345634021,0.8423215363058111
1253,Normal,Normal,0.0,0.0,0.0,1.0,0.0
1254,DoS/DDoS,DoS/DDoS,0.0,0.0,1.0,0.0,0.0
1255,DoS/DDoS,DoS/DDoS,0.0,0.0,0.99,0.01,0.0
1256,DoS/DDoS,DoS/DDoS,0.0,0.0,0.9999878626709298,1.213732907028066e-05,0.0
1257,DoS/DDoS,DoS/DDoS,0.0,0.0,1.0,0.0,0.0
1258,Brute Force,Brute Force,0.0,1.0,0.0,0.0,0.0
1259,Brute Force,Brute Force,0.0,1.0,0.0,0.0,0.0
1260,DoS/DDoS,DoS/DDoS,0.0,0.0,1.0,0.0,0.0
1261,Web Attack,Web Attack,0.0,0.059371156660010006,3.7583605044024734e-06,0.0006985773754304222,0.9399265076040554
1262,DoS/DDoS,DoS/DDoS,0.0,0.0,0.9980348010042774,0.001965198995722525,0.0
1263,Normal,Normal,0.02402293255851372,0.0,0.004048386445954311,0.971928680995532,0.0
1264,DoS/DDoS,DoS/DDoS,0.0,0.0,1.0,0.0,0.0
1265,Normal,Normal,0.0,0.01,0.11210074546780407,0.877899254532196,0.0
1266,Normal,Normal,0.0,0.0,0.0,1.0,0.0
1267,Normal,Normal,0.0,0.012404373332175832,3.805712667943282e-05,0.9805845957080562,0.006972973833088519
1268,Normal,Normal,0.0,0.0,0.0,1.0,0.0
1269,DoS/DDoS,DoS/DDoS,0.0,0.0,1.0,0.0,0.0
1270,Normal,Normal,0.0,0.0,0.0,1.0,0.0
1271,DoS/DDoS,DoS/DDoS,0.0,0.0,1.0,0.0,0.0
1272,Normal,Normal,0.0,0.0,0.0,1.0,0.0
1273,DoS/DDoS,DoS/DDoS,0.0,0.0,1.0,0.0,0.0
1274,DoS/DDoS,DoS/DDoS,0.0,0.0,1.0,0.0,0.0
1275,Brute Force,Brute Force,0.0,1.0,0.0,0.0,0.0
1276,DoS/DDoS,DoS/DDoS,0.0,0.0,1.0,0.0,0.0
1277,DoS/DDoS,DoS/DDoS,0.0,0.0,1.0,0.0,0.0
1278,DoS/DDoS,DoS/DDoS,0.0,0.0,1.0,0.0,0.0
1279,DoS/DDoS,DoS/DDoS,0.0,0.0,1.0,0.0,0.0
1280,DoS/DDoS,DoS/DDoS,0.0,0.0,1.0,0.0,0.0
1281,DoS/DDoS,DoS/DDoS,0.0,0.0,1.0,0.0,0.0
1282,Brute Force,Brute Force,0.0,0.9999957572263637,4.242773636295104e-06,0.0,0.0
1283,Normal,Normal,0.0,0.0,0.0,1.0,0.0
1284,DoS/DDoS,DoS/DDoS,0.0,0.0,1.0,0.0,0.0
1285,DoS/DDoS,DoS/DDoS,0.0,0.0,1.0,0.0,0.0
1286,Bot,Bot,1.0,0.0,0.0,0.0,0.0
1287,Normal,Normal,0.0,0.003051759245509436,0.011299568432947526,0.962688042699332,0.02296062962221103
1288,DoS/DDoS,DoS/DDoS,0.0,0.0,1.0,0.0,0.0
1289,Brute Force,Brute Force,0.0,1.0,0.0,0.0,0.0
1290,Normal,Normal,0.0,0.0,0.0,1.0,0.0
1291,Web Attack,Web Attack,0.0,0.2533982482107087,3.7583605044024734e-06,0.0009553941928993844,0.7456425992358875
1292,DoS/DDoS,DoS/DDoS,0.0,0.0,1.0,0.0,0.0
1293,DoS/DDoS,DoS/DDoS,0.0,0.0,1.0,0.0,0.0
1294,DoS/DDoS,DoS/DDoS,0.0,0.00038870409189376286,0.9879698910154181,0.007945619269443389,0.0036957856232448416
1295,DoS/DDoS,DoS/DDoS,0.0,0.012766541971499132,0.967841898177858,0.019391559850642733,0.0
1296,Brute Force,Brute Force,0.0,0.9999957572263637,4.242773636295104e-06,0.0,0.0
1297,DoS/DDoS,DoS/DDoS,0.0,0.0,1.0,0.0,0.0
1298,Normal,Normal,0.0,0.0,0.0,1.0,0.0
1299,Normal,Normal,0.0,0.0,0.0,1.0,0.0
1300,DoS/DDoS,DoS/DDoS,0.0,0.0,1.0,0.0,0.0
1301,Normal,Normal,0.0,0.0,0.01,0.99,0.0
1302,Normal,Normal,0.0,0.0,0.0,1.0,0.0
1303,Normal,Normal,0.1128723256664795,0.0,1.3606354482045735e-05,0.8871140679790385,0.0
1304,DoS/DDoS,DoS/DDoS,0.0,0.0,1.0,0.0,0.0
1305,Normal,Normal,0.0,0.0,0.0,1.0,0.0
1306,DoS/DDoS,DoS/DDoS,0.0,0.0,1.0,0.0,0.0
1307,Brute Force,Brute Force,0.0,1.0,0.0,0.0,0.0
1308,DoS/DDoS,DoS/DDoS,0.0,0.0,1.0,0.0,0.0
1309,Normal,Normal,0.0,0.0,0.0,1.0,0.0
1310,Brute Force,Web Attack,0.0,0.40502256450954427,3.7583605044024734e-06,0.0008525355947935206,0.5941211415351578
1311,Normal,Normal,0.0,0.0,0.0,1.0,0.0
1312,Normal,Normal,0.0,0.0,0.0,1.0,0.0
1313,DoS/DDoS,DoS/DDoS,0.0,0.0,1.0,0.0,0.0
1314,DoS/DDoS,DoS/DDoS,0.0,0.0,1.0,0.0,0.0
1315,Normal,Normal,0.0,0.0,0.0,1.0,0.0
1316,Brute Force,Web Attack,0.0,0.3659423894241117,5.080590898272907e-05,0.0024557573459330394,0.6315510473209723
1317,DoS/DDoS,DoS/DDoS,0.0,0.0,1.0,0.0,0.0
1318,Normal,Normal,0.0,0.0,0.0,1.0,0.0
1319,DoS/DDoS,DoS/DDoS,0.0,0.0,1.0,0.0,0.0
1320,Normal,Normal,0.0,0.0,0.0,1.0,0.0
1321,DoS/DDoS,DoS/DDoS,0.0,0.0,1.0,0.0,0.0
1322,DoS/DDoS,DoS/DDoS,0.0,0.0,1.0,0.0,0.0
1323,Brute Force,Brute Force,0.0,0.9999957572263637,4.242773636295104e-06,0.0,0.0
1324,Brute Force,Brute Force,0.0,1.0,0.0,0.0,0.0
1325,Brute Force,Brute Force,0.0,0.9999957572263637,4.242773636295104e-06,0.0,0.0
1326,DoS/DDoS,DoS/DDoS,0.0,0.0,1.0,0.0,0.0
1327,Normal,Normal,0.0,0.0,0.0,1.0,0.0
1328,Brute Force,Brute Force,0.0,0.9999957572263637,4.242773636295104e-06,0.0,0.0
1329,DoS/DDoS,DoS/DDoS,0.0,0.0,1.0,0.0,0.0
1330,Normal,Normal,0.0,0.00791226828923164,0.0,0.9920877317107685,0.0
1331,Brute Force,Brute Force,0.0,0.8616395045141547,0.00010897862719913938,0.0557651194916017,0.08248639736704451
1332,Brute Force,Brute Force,0.0,1.0,0.0,0.0,0.0
1333,Normal,Normal,0.0,0.0,0.0016689487658804337,0.9983310512341196,0.0
1334,DoS/DDoS,DoS/DDoS,0.0,0.0,1.0,0.0,0.0
1335,Bot,Bot,0.999863717745244,0.0,2.6673565380087433e-06,0.00013361489821793257,0.0
1336,Brute Force,Brute Force,0.0,1.0,0.0,0.0,0.0
1337,Normal,Normal,0.0,0.012404373332175832,3.805712667943282e-05,0.9805845957080562,0.006972973833088519
1338,DoS/DDoS,DoS/DDoS,0.0,0.0,1.0,0.0,0.0
1339,DoS/DDoS,DoS/DDoS,0.0,0.0,0.9916080200901979,0.008391979909802005,0.0
1340,DoS/DDoS,DoS/DDoS,0.0,0.0,1.0,0.0,0.0
1341,Brute Force,Brute Force,0.0,0.9999957572263637,4.242773636295104e-06,0.0,0.0
1342,DoS/DDoS,DoS/DDoS,0.0,0.0,1.0,0.0,0.0
1343,DoS/DDoS,DoS/DDoS,0.0,0.0,1.0,0.0,0.0
1344,DoS/DDoS,DoS/DDoS,0.0,0.0,1.0,0.0,0.0
1345,DoS/DDoS,DoS/DDoS,0.0,0.0,1.0,0.0,0.0
1346,Normal,Normal,0.0,0.0,0.0,1.0,0.0
1347,DoS/DDoS,DoS/DDoS,0.0,0.0,1.0,0.0,0.0
1348,DoS/DDoS,DoS/DDoS,0.0,0.0,1.0,0.0,0.0
1349,Normal,Normal,0.0,0.0,0.002491048046603602,0.9975089519533964,0.0
1350,DoS/DDoS,DoS/DDoS,0.0,0.0,1.0,0.0,0.0
1351,DoS/DDoS,DoS/DDoS,0.0,0.0,1.0,0.0,0.0
1352,Brute Force,Web Attack,0.0,0.07345616253677288,3.7583605044024734e-06,0.0009410644220625464,0.9255990146806603
1353,Normal,Normal,0.0,0.0,0.0,1.0,0.0
1354,Normal,Normal,0.0,0.0,0.0,1.0,0.0
1355,Brute Force,Brute Force,0.0,1.0,0.0,0.0,0.0
1356,Normal,Normal,0.0,0.0,0.0,1.0,0.0
1357,Normal,Normal,0.0,0.0,0.0,1.0,0.0
1358,Brute Force,Brute Force,0.0,1.0,0.0,0.0,0.0
1359,Brute Force,Brute Force,0.0,1.0,0.0,0.0,0.0
1360,DoS/DDoS,DoS/DDoS,0.0,0.0,0.9998464559900256,0.0001535440099744956,0.0
1361,DoS/DDoS,DoS/DDoS,0.0,0.0,1.0,0.0,0.0
1362,Normal,Normal,0.0,0.0,0.0,1.0,0.0
1363,Normal,Normal,0.0,0.0,0.0,1.0,0.0
1364,Normal,Normal,0.0,0.0,0.01,0.99,0.0
1365,Normal,Normal,0.0,0.0,0.01660668565002034,0.9833933143499798,0.0
1366,Normal,Normal,0.0,0.0,1.9051442161899594e-05,0.9999809485578381,0.0
1367,Normal,Normal,0.0,0.0,0.0,1.0,0.0
1368,Brute Force,Brute Force,0.0,1.0,0.0,0.0,0.0
1369,Brute Force,Brute Force,0.0,1.0,0.0,0.0,0.0
1370,Normal,Normal,0.0,0.0,0.0,1.0,0.0
1371,Brute Force,Brute Force,0.0,1.0,0.0,0.0,0.0
1372,Normal,Normal,0.0,0.0,0.0,1.0,0.0
1373,DoS/DDoS,DoS/DDoS,0.0,0.0,1.0,0.0,0.0
1374,Normal,Normal,0.0,0.0,0.0003700718176147568,0.9996299281823852,0.0
1375,DoS/DDoS,DoS/DDoS,0.0,0.0,0.9999456879835311,5.4312016468903834e-05,0.0
1376,Brute Force,Web Attack,0.0,0.35849892995230187,0.00010758034535900212,0.0016805629504561429,0.6397129267518828
1377,Normal,Normal,0.0,0.0,0.0,1.0,0.0
1378,DoS/DDoS,DoS/DDoS,0.0,0.0,0.9999578253126014,4.217468739862318e-05,0.0
1379,DoS/DDoS,DoS/DDoS,0.0,0.0,1.0,0.0,0.0
1380,DoS/DDoS,DoS/DDoS,0.0,0.0,1.0,0.0,0.0
1381,Normal,Normal,0.0,0.0,1.9051442161899594e-05,0.9999809485578381,0.0
1382,Normal,Normal,0.0,0.0,0.0,1.0,0.0
1383,DoS/DDoS,DoS/DDoS,0.0,0.0,0.9999456879835311,5.4312016468903834e-05,0.0
1384,DoS/DDoS,DoS/DDoS,0.0,0.0,1.0,0.0,0.0
1385,DoS/DDoS,DoS/DDoS,0.0,0.0,1.0,0.0,0.0
1386,Normal,Normal,0.0,0.05988059473459103,0.00013457106561963117,0.9246411635152079,0.015343670684581541
1387,Normal,Normal,0.0,0.0,0.0,1.0,0.0
1388,DoS/DDoS,DoS/DDoS,0.0,0.0,1.0,0.0,0.0
1389,Brute Force,Brute Force,0.0,0.6980497741639214,6.409608984545085e-05,0.02318001877761022,0.27870611096862274
1390,Brute Force,Brute Force,0.0,1.0,0.0,0.0,0.0
1391,Normal,Normal,0.0,0.0,0.0,1.0,0.0
1392,Brute Force,Brute Force,0.0,1.0,0.0,0.0,0.0
1393,DoS/DDoS,DoS/DDoS,0.0,0.0,0.9980348010042774,0.001965198995722525,0.0
1394,Normal,Normal,0.0,0.0,0.0,1.0,0.0
1395,DoS/DDoS,DoS/DDoS,0.0,0.0,1.0,0.0,0.0
1396,Brute Force,Brute Force,0.0,1.0,0.0,0.0,0.0
1397,Normal,Normal,0.0,0.0,0.006702190927040465,0.9932978090729595,0.0
1398,DoS/DDoS,DoS/DDoS,0.0,0.0,0.9992892808871302,0.0007107191128698067,0.0
1399,Normal,Normal,0.0,0.0,0.0,1.0,0.0
1400,Brute Force,Brute Force,0.0,1.0,0.0,0.0,0.0
1401,DoS/DDoS,DoS/DDoS,0.0,0.0,1.0,0.0,0.0
1402,Brute Force,Brute Force,0.0,0.9999957572263637,4.242773636295104e-06,0.0,0.0
1403,Normal,Normal,0.0,0.0,0.0,1.0,0.0
1404,DoS/DDoS,DoS/DDoS,0.0,0.0,1.0,0.0,0.0
1405,Normal,Normal,0.0,0.0,0.0,1.0,0.0
1406,Bot,Bot,0.9855745585288749,0.0,2.6673565380087433e-06,0.014422774114587138,0.0
1407,Brute Force,Brute Force,0.0,1.0,0.0,0.0,0.0
1408,DoS/DDoS,DoS/DDoS,0.0,0.0,1.0,0.0,0.0
1409,Normal,Normal,0.0,0.0,0.0,1.0,0.0
1410,Normal,Normal,0.0,0.0,0.04533146141894524,0.9546685385810548,0.0
1411,Normal,Normal,0.0,0.01104051431238962,0.04289031071198446,0.9460691749756259,0.0
1412,DoS/DDoS,DoS/DDoS,0.0,0.0,1.0,0.0,0.0
1413,DoS/DDoS,DoS/DDoS,0.0,0.0,1.0,0.0,0.0
1414,Brute Force,Brute Force,0.0,1.0,0.0,0.0,0.0
1415,DoS/DDoS,DoS/DDoS,0.0,0.0,1.0,0.0,0.0
1416,DoS/DDoS,DoS/DDoS,0.0,0.0,1.0,0.0,0.0
1417,DoS/DDoS,DoS/DDoS,0.0,0.0,1.0,0.0,0.0
1418,Brute Force,Brute Force,0.0,1.0,0.0,0.0,0.0
1419,Normal,Normal,0.0,0.0,1.9051442161899594e-05,0.9999809485578381,0.0
1420,Normal,Normal,0.0,0.006542494154876904,0.011727827234708109,0.981729678610415,0.0
1421,DoS/DDoS,DoS/DDoS,0.0,0.0,1.0,0.0,0.0
1422,DoS/DDoS,DoS/DDoS,0.0,0.0,0.9998464559900256,0.0001535440099744956,0.0
1423,Normal,Normal,0.0,0.0,0.0,1.0,0.0
1424,Normal,Normal,0.0,0.0,0.0,1.0,0.0
1425,Normal,Normal,0.0,0.0,0.0,1.0,0.0
1426,Normal,Normal,0.0,0.0,0.0,1.0,0.0
1427,Normal,Normal,0.0,0.0,0.0,1.0,0.0
1428,Normal,Normal,0.0,0.0,0.0,1.0,0.0
1429,DoS/DDoS,DoS/DDoS,0.0,0.0,1.0,0.0,0.0
1430,Brute Force,Brute Force,0.0,1.0,0.0,0.0,0.0
1431,Normal,Normal,0.0,0.0,0.0,1.0,0.0
1432,Bot,Bot,1.0,0.0,0.0,0.0,0.0
1433,DoS/DDoS,DoS/DDoS,0.0,0.0,0.9998464559900256,0.0001535440099744956,0.0
1434,Bot,Bot,0.9076040794726193,0.0,1.898948543835154e-05,0.09237693104194188,0.0
1435,Brute Force,Brute Force,0.0,1.0,0.0,0.0,0.0
1436,Brute Force,Brute Force,0.0,1.0,0.0,0.0,0.0
1437,Brute Force,Brute Force,0.0,1.0,0.0,0.0,0.0
1438,DoS/DDoS,DoS/DDoS,0.0,0.0,1.0,0.0,0.0
1439,DoS/DDoS,DoS/DDoS,0.0,0.0,1.0,0.0,0.0
1440,DoS/DDoS,DoS/DDoS,0.0,0.0,1.0,0.0,0.0
1441,Brute Force,Brute Force,0.0,0.9999957572263637,4.242773636295104e-06,0.0,0.0
1442,Normal,Normal,0.0,0.0,0.0,1.0,0.0
1443,DoS/DDoS,DoS/DDoS,0.0,0.00790281113151575,0.9920971888684842,0.0,0.0
1444,DoS/DDoS,DoS/DDoS,0.0,0.0,1.0,0.0,0.0
1445,Normal,Normal,0.0,0.006495553568907919,0.0,0.993504446431092,0.0
1446,DoS/DDoS,DoS/DDoS,0.0,0.0,1.0,0.0,0.0
1447,Bot,Bot,0.9764745451245315,0.0,6.511844699291775e-05,0.02346033642847553,0.0
1448,Brute Force,Brute Force,0.0,1.0,0.0,0.0,0.0
1449,Normal,Normal,0.0,0.0,0.0,1.0,0.0
1450,Brute Force,Brute Force,0.0,1.0,0.0,0.0,0.0
1451,Brute Force,Brute Force,0.0,1.0,0.0,0.0,0.0
1452,Brute Force,Web Attack,0.0,0.04758770339046516,3.7583605044024734e-06,0.0006175853349901124,0.9517909529140404
1453,DoS/DDoS,DoS/DDoS,0.0,0.0,1.0,0.0,0.0
1454,Normal,Normal,0.0,0.0,0.0,1.0,0.0
1455,Normal,Normal,0.0,0.0,0.0,1.0,0.0
1456,Normal,Normal,0.0,0.0,0.0,1.0,0.0
1457,Normal,Normal,0.0,0.0,0.0,1.0,0.0
1458,Normal,Normal,0.0,0.0,0.0,1.0,0.0
1459,DoS/DDoS,DoS/DDoS,0.0,0.0,1.0,0.0,0.0
1460,Normal,Normal,0.0,0.0,0.0,1.0,0.0
1461,Normal,Normal,0.0,0.0,0.0,1.0,0.0
1462,DoS/DDoS,DoS/DDoS,0.0,0.0,1.0,0.0,0.0
1463,Normal,Normal,0.0,0.0,0.0,1.0,0.0
1464,Normal,Normal,0.009073301160819095,0.0,0.0024844002773284028,0.9884422985618525,0.0
1465,Normal,Normal,0.0,0.0,0.0,1.0,0.0
1466,Normal,Normal,0.0,0.0,0.0,1.0,0.0
1467,DoS/DDoS,DoS/DDoS,0.0,0.0,1.0,0.0,0.0
1468,DoS/DDoS,DoS/DDoS,0.0,0.0,1.0,0.0,0.0
1469,DoS/DDoS,DoS/DDoS,0.0,0.0,1.0,0.0,0.0
1470,DoS/DDoS,DoS/DDoS,0.0,0.0,1.0,0.0,0.0
1471,Normal,Normal,0.0,0.0,0.0,1.0,0.0
1472,Brute Force,Brute Force,0.0,1.0,0.0,0.0,0.0
1473,Brute Force,Brute Force,0.0,1.0,0.0,0.0,0.0
1474,DoS/DDoS,DoS/DDoS,0.0,0.0,1.0,0.0,0.0
1475,Brute Force,Brute Force,0.0,1.0,0.0,0.0,0.0
1476,DoS/DDoS,DoS/DDoS,0.0,0.0,1.0,0.0,0.0
1477,Normal,Normal,0.0,0.0,0.0,1.0,0.0
1478,DoS/DDoS,DoS/DDoS,0.0,0.0,1.0,0.0,0.0
1479,DoS/DDoS,DoS/DDoS,0.0,0.0,0.9999456879835311,5.4312016468903834e-05,0.0
1480,Normal,Normal,0.0,0.0,0.0,1.0,0.0
1481,Normal,Normal,0.14571478415739103,0.0,3.5391586997037206e-06,0.8542816766839091,0.0
1482,Brute Force,Brute Force,0.0,0.9999957572263637,4.242773636295104e-06,0.0,0.0
1483,DoS/DDoS,DoS/DDoS,0.0,0.0,1.0,0.0,0.0
1484,DoS/DDoS,DoS/DDoS,0.0,0.0,1.0,0.0,0.0
1485,Brute Force,Web Attack,0.0,0.2689799243438266,3.7583605044024734e-06,0.0006985773754304222,0.7303177399202386
1486,DoS/DDoS,DoS/DDoS,0.0,0.0,1.0,0.0,0.0
1487,Normal,Normal,0.0,0.0005227762974241848,0.03051372662224685,0.9497991233217621,0.019164373758566854
1488,DoS/DDoS,DoS/DDoS,0.0,0.0,0.9996845535813353,0.000315446418664595,0.0
1489,Web Attack,Web Attack,0.0,0.2850732910389526,3.7583605044024734e-06,0.0006541029345634021,0.7142688476659792
1490,Normal,Normal,0.05497877534711206,0.003841208561585225,0.023344759685780224,0.9144225183579786,0.003412738047544009
1491,Brute Force,Brute Force,0.0,1.0,0.0,0.0,0.0
1492,Normal,Normal,0.0,0.0,0.004998558973989481,0.9950014410260105,0.0
1493,Normal,Normal,0.0,0.0,0.0070534639370730765,0.9929465360629268,0.0
1494,Brute Force,Brute Force,0.0,0.9999957572263637,4.242773636295104e-06,0.0,0.0
1495,Normal,Normal,0.0,0.0,0.0,1.0,0.0
1496,Brute Force,Brute Force,0.0,1.0,0.0,0.0,0.0
1497,Brute Force,Brute Force,0.0,1.0,0.0,0.0,0.0
1498,Normal,Normal,0.0,0.0,0.0,1.0,0.0
1499,DoS/DDoS,DoS/DDoS,0.0,0.0,1.0,0.0,0.0
1500,Brute Force,Brute Force,0.0,0.9999957572263637,4.242773636295104e-06,0.0,0.0
1501,DoS/DDoS,DoS/DDoS,0.0,0.0,1.0,0.0,0.0
1502,Normal,Normal,0.0,0.0,0.0,1.0,0.0
1503,Normal,Normal,0.0,0.032339347197941855,3.805712667943282e-05,0.954449933165083,0.013172662510295781
1504,Normal,Normal,0.0,0.0,0.0,1.0,0.0
1505,DoS/DDoS,DoS/DDoS,0.0,0.0,1.0,0.0,0.0
1506,Normal,Normal,0.0,0.0020311325818572197,0.0,0.99,0.007968867418142782
1507,Brute Force,Brute Force,0.0,1.0,0.0,0.0,0.0
1508,DoS/DDoS,DoS/DDoS,0.0,0.0,1.0,0.0,0.0
1509,Normal,Normal,0.0,0.0,0.0,1.0,0.0
1510,Normal,Normal,0.0,0.0,0.0032747857871875813,0.9967252142128125,0.0
1511,Normal,Normal,0.0,0.0,0.0,1.0,0.0
1512,DoS/DDoS,DoS/DDoS,0.0,0.0,1.0,0.0,0.0
1513,DoS/DDoS,DoS/DDoS,0.0,0.0,1.0,0.0,0.0
1514,DoS/DDoS,DoS/DDoS,0.0,0.0,0.803852723233045,0.1961472767669546,0.0
1515,Normal,Normal,0.028607069826141914,0.0,0.03334825152692515,0.9283372445941751,0.009707434052757792
1516,DoS/DDoS,DoS/DDoS,0.0,0.0,1.0,0.0,0.0
1517,Brute Force,Brute Force,0.0,1.0,0.0,0.0,0.0
1518,Normal,Normal,0.0,0.0038513271409277576,0.01,0.9861486728590723,0.0
1519,Normal,Normal,0.00015931446215744114,0.05021706559826005,0.00013457106561963117,0.8599076137374717,0.08958143513649133
1520,DoS/DDoS,DoS/DDoS,0.0,0.0,1.0,0.0,0.0
1521,Brute Force,Brute Force,0.0,1.0,0.0,0.0,0.0
1522,Normal,Normal,0.0,0.0,0.0,1.0,0.0
1523,Brute Force,Brute Force,0.0,1.0,0.0,0.0,0.0
1524,Brute Force,Brute Force,0.0,0.9999957572263637,4.242773636295104e-06,0.0,0.0
1525,Bot,Normal,0.44546721941794476,0.0,9.647415623693664e-06,0.5545231331664316,0.0
1526,Normal,Normal,0.0,0.0,0.0,1.0,0.0
1527,DoS/DDoS,DoS/DDoS,0.0,0.0,1.0,0.0,0.0
1528,DoS/DDoS,DoS/DDoS,0.0,0.0,1.0,0.0,0.0
1529,Normal,Normal,0.0,0.0,0.01,0.99,0.0
1530,Normal,Normal,0.0,0.0,0.0,1.0,0.0
1531,Bot,Bot,0.9751858608309233,0.0,6.511844699291775e-05,0.024749020722083764,0.0
1532,Brute Force,Brute Force,0.0,1.0,0.0,0.0,0.0
1533,Normal,Normal,0.0,0.0,0.0,1.0,0.0
1534,DoS/DDoS,DoS/DDoS,0.0,0.0,1.0,0.0,0.0
1535,Normal,Normal,0.0,0.0,0.0,1.0,0.0
1536,Normal,Normal,0.009137496685229382,0.0,0.0,0.9908625033147707,0.0
1537,DoS/DDoS,DoS/DDoS,0.0,0.0,1.0,0.0,0.0
1538,DoS/DDoS,DoS/DDoS,0.0,0.0,1.0,0.0,0.0
1539,DoS/DDoS,DoS/DDoS,0.0,0.0,1.0,0.0,0.0
1540,DoS/DDoS,DoS/DDoS,0.0,0.0,1.0,0.0,0.0
1541,DoS/DDoS,DoS/DDoS,0.0,0.0,1.0,0.0,0.0
1542,Normal,Normal,0.0,0.0,0.0,1.0,0.0
1543,Normal,Normal,0.0,0.0,0.0,1.0,0.0
1544,DoS/DDoS,DoS/DDoS,0.0,0.00038870409189376286,0.9867933162255508,0.009122194059310479,0.0036957856232448416
1545,Normal,Normal,0.0,0.0,0.0,1.0,0.0
1546,Normal,Normal,0.0,0.0,0.0,1.0,0.0
1547,Normal,Normal,0.0,0.02023180743761574,0.030984665979426496,0.9379800497421804,0.010803476840777291
1548,Normal,Normal,0.0,0.0,0.0,1.0,0.0
1549,Normal,Normal,0.0,0.0,0.18733149704080312,0.8126685029591968,0.0
1550,Brute Force,Brute Force,0.0,1.0,0.0,0.0,0.0
1551,Brute Force,Web Attack,0.0,0.194030185901628,3.7583605044024734e-06,0.0006985773754304222,0.8052674783624372
1552,DoS/DDoS,DoS/DDoS,0.0,0.0,1.0,0.0,0.0
1553,DoS/DDoS,DoS/DDoS,0.0,0.0,0.9999456879835311,5.4312016468903834e-05,0.0
1554,Normal,Normal,0.0,0.0,0.0,1.0,0.0
1555,Normal,Normal,0.0,0.0,0.0,1.0,0.0
1556,Normal,Normal,0.0,0.0,0.0,1.0,0.0
1557,Normal,Normal,0.0,0.0,0.0,1.0,0.0
1558,DoS/DDoS,DoS/DDoS,0.0,0.0,1.0,0.0,0.0
1559,DoS/DDoS,DoS/DDoS,0.0,0.0395307630506538,0.9302860654436286,0.03018317150571768,0.0
1560,Brute Force,Web Attack,0.0,0.1737869761649712,3.7583605044024734e-06,0.0009121309674187438,0.8252971345071054
1561,DoS/DDoS,DoS/DDoS,0.0,0.0,1.0,0.0,0.0
1562,Normal,Normal,0.0,0.0,0.0,1.0,0.0
1563,Normal,Normal,0.0,0.0,0.0,1.0,0.0
1564,DoS/DDoS,DoS/DDoS,0.0,0.0,1.0,0.0,0.0
1565,Normal,Normal,0.0,0.0,0.0,1.0,0.0
1566,Brute Force,Brute Force,0.0,0.7071312906231804,0.0,0.28489620632463597,0.007972503052183676
1567,DoS/DDoS,DoS/DDoS,0.0,0.0,1.0,0.0,0.0
1568,DoS/DDoS,DoS/DDoS,0.0,0.0,1.0,0.0,0.0
1569,DoS/DDoS,DoS/DDoS,0.0,0.0,1.0,0.0,0.0
1570,Normal,Normal,0.0,0.0,0.0,1.0,0.0
1571,DoS/DDoS,DoS/DDoS,0.0,0.0,1.0,0.0,0.0
1572,Normal,Normal,0.0,0.0,0.0,1.0,0.0
1573,DoS/DDoS,DoS/DDoS,0.0,0.0,0.9998543238170151,0.00014567618298485063,0.0
1574,DoS/DDoS,DoS/DDoS,0.0,0.0,0.9856538279362335,0.01434617206376658,0.0
1575,Web Attack,Web Attack,0.0,0.17225662658953514,3.7583605044024734e-06,0.0006461599182201886,0.8270934551317396
1576,DoS/DDoS,DoS/DDoS,0.0,0.0,0.9999878626709298,1.213732907028066e-05,0.0
1577,DoS/DDoS,DoS/DDoS,0.0,0.0,1.0,0.0,0.0
1578,Brute Force,Brute Force,0.0,1.0,0.0,0.0,0.0
1579,Brute Force,Brute Force,0.0,0.9999957572263637,4.242773636295104e-06,0.0,0.0
1580,Web Attack,Web Attack,0.0,0.2416113445270265,3.7583605044024734e-06,0.0005566721797368293,0.7578282249327322
1581,Brute Force,Brute Force,0.0,1.0,0.0,0.0,0.0
1582,Brute Force,Brute Force,0.0,1.0,0.0,0.0,0.0
1583,DoS/DDoS,DoS/DDoS,0.0,0.0,1.0,0.0,0.0
1584,DoS/DDoS,DoS/DDoS,0.0,0.0,1.0,0.0,0.0
1585,Brute Force,Brute Force,0.0,1.0,0.0,0.0,0.0
1586,DoS/DDoS,DoS/DDoS,0.0,0.0,1.0,0.0,0.0
1587,DoS/DDoS,DoS/DDoS,0.0,0.0,1.0,0.0,0.0
1588,Normal,Normal,0.0,0.0,0.0,1.0,0.0
1589,Normal,Normal,0.0,0.0,0.0,1.0,0.0
1590,DoS/DDoS,DoS/DDoS,0.0,0.0,1.0,0.0,0.0
1591,Brute Force,Brute Force,0.0,1.0,0.0,0.0,0.0
1592,DoS/DDoS,DoS/DDoS,0.0,0.0,1.0,0.0,0.0
1593,Normal,Bot,0.6609396847677637,0.0,1.898948543835154e-05,0.33904132574679785,0.0
1594,DoS/DDoS,DoS/DDoS,0.0,0.0,1.0,0.0,0.0
1595,Normal,Normal,0.0,0.0,0.0,1.0,0.0
1596,Bot,Bot,0.9769418545104882,0.0,6.511844699291775e-05,0.02299302704251869,0.0
1597,DoS/DDoS,DoS/DDoS,0.0,0.0,1.0,0.0,0.0
1598,Normal,Normal,0.0,0.0,0.0,1.0,0.0
1599,Normal,Normal,0.0,0.023491800647508287,3.805712667943282e-05,0.9591628509427007,0.017307291283111564
1600,Normal,Normal,0.0,0.0,0.0,1.0,0.0
1601,DoS/DDoS,DoS/DDoS,0.0,0.0,1.0,0.0,0.0
1602,DoS/DDoS,DoS/DDoS,0.0,0.0,1.0,0.0,0.0
1603,Brute Force,Brute Force,0.0,0.9999957572263637,4.242773636295104e-06,0.0,0.0
1604,Normal,Normal,0.0,0.0,0.0,1.0,0.0
1605,Brute Force,Brute Force,0.0,1.0,0.0,0.0,0.0
1606,DoS/DDoS,DoS/DDoS,0.0,0.0,1.0,0.0,0.0
1607,Normal,Normal,0.0,0.0,0.0020034450584942225,0.9979965549415059,0.0
1608,Brute Force,Brute Force,0.0,1.0,0.0,0.0,0.0
1609,Normal,Normal,0.0,0.0,0.0,1.0,0.0
1610,DoS/DDoS,DoS/DDoS,0.0,0.00038870409189376286,0.987774251869666,0.008141258415195392,0.0036957856232448416
1611,Brute Force,Brute Force,0.0,0.9999957572263637,4.242773636295104e-06,0.0,0.0
1612,DoS/DDoS,DoS/DDoS,0.0,0.05159378081129882,0.789925447165273,0.09177516186964678,0.06670561015378132
1613,DoS/DDoS,DoS/DDoS,0.0,0.0,1.0,0.0,0.0
1614,Brute Force,Brute Force,0.0,1.0,0.0,0.0,0.0
1615,DoS/DDoS,DoS/DDoS,0.0,0.0,1.0,0.0,0.0
1616,Normal,Normal,0.0,0.0,0.0,1.0,0.0
1617,DoS/DDoS,DoS/DDoS,0.0,0.0,1.0,0.0,0.0
1618,Brute Force,Brute Force,0.0,1.0,0.0,0.0,0.0
1619,Normal,Normal,0.0,0.0,0.0,1.0,0.0
1620,Brute Force,Brute Force,0.0,1.0,0.0,0.0,0.0
1621,Normal,Normal,0.0,0.0,0.004983972075794273,0.9950160279242057,0.0
1622,DoS/DDoS,DoS/DDoS,0.0,0.0,1.0,0.0,0.0
1623,Brute Force,Brute Force,0.0,1.0,0.0,0.0,0.0
1624,Normal,Normal,0.0,0.0,0.0,1.0,0.0
1625,Normal,Normal,0.0,0.0,0.0,1.0,0.0
1626,Normal,Normal,0.0,0.0,0.0,1.0,0.0
1627,Normal,Normal,0.0,0.062304101032939305,0.00013457106561963117,0.8967645260691333,0.04079680183230759
1628,Normal,Normal,0.0,0.0,0.0,1.0,0.0
1629,Brute Force,Brute Force,0.0,1.0,0.0,0.0,0.0
1630,Normal,Normal,0.0,0.0,0.0,1.0,0.0
1631,DoS/DDoS,DoS/DDoS,0.0,0.0,1.0,0.0,0.0
1632,DoS/DDoS,DoS/DDoS,0.0,0.0,1.0,0.0,0.0
1633,Normal,Normal,0.14607748547229232,0.0,1.3606354482045735e-05,0.8539089081732254,0.0
1634,Brute Force,Brute Force,0.0,1.0,0.0,0.0,0.0
1635,Normal,Normal,0.0,0.00648459186073865,0.002977470235382416,0.9905379379038789,0.0
1636,Normal,Normal,0.0,0.0,0.01,0.99,0.0
1637,DoS/DDoS,DoS/DDoS,0.0,0.0,1.0,0.0,0.0
1638,DoS/DDoS,DoS/DDoS,0.0,0.0,1.0,0.0,0.0
1639,Normal,Normal,0.0,0.0,0.0,1.0,0.0
1640,Bot,Bot,0.9687842101594009,0.0,3.700861649006183e-05,0.03117878122410873,0.0
1641,Normal,Normal,0.0,0.0,0.0,1.0,0.0
1642,Brute Force,Brute Force,0.0,0.9999957572263637,4.242773636295104e-06,0.0,0.0
1643,Brute Force,Brute Force,0.0,1.0,0.0,0.0,0.0
1644,DoS/DDoS,DoS/DDoS,0.0,0.0,1.0,0.0,0.0
1645,Normal,Normal,0.0,0.0,0.0,1.0,0.0
1646,Brute Force,Brute Force,0.0,1.0,0.0,0.0,0.0
1647,DoS/DDoS,DoS/DDoS,0.0,0.0,1.0,0.0,0.0
1648,Normal,Normal,0.0,0.0,0.0,1.0,0.0
1649,Normal,Normal,0.0,0.0,0.0,1.0,0.0
1650,DoS/DDoS,DoS/DDoS,0.0,0.0,1.0,0.0,0.0
1651,Web Attack,Web Attack,0.0,0.26967947453780505,3.7583605044024734e-06,0.0008083763811711506,0.7295083907205193
1652,Brute Force,Brute Force,0.0,1.0,0.0,0.0,0.0
1653,Bot,Bot,1.0,0.0,0.0,0.0,0.0
1654,Brute Force,Brute Force,0.0,0.9999957572263637,4.242773636295104e-06,0.0,0.0
1655,Normal,Normal,0.0,0.0,0.0,1.0,0.0
1656,Brute Force,Web Attack,0.00015931446215744114,0.45731281353032577,0.0027514846933274517,0.05127759539437762,0.48849879191981155
1657,DoS/DDoS,DoS/DDoS,0.0,0.0,1.0,0.0,0.0
1658,DoS/DDoS,DoS/DDoS,0.0,0.0,1.0,0.0,0.0
1659,Brute Force,Brute Force,0.0,1.0,0.0,0.0,0.0
1660,DoS/DDoS,DoS/DDoS,0.0,0.0,1.0,0.0,0.0
1661,DoS/DDoS,DoS/DDoS,0.0,0.0,1.0,0.0,0.0
1662,Normal,Normal,0.01,0.0,0.005020488152503119,0.984979511847497,0.0
1663,DoS/DDoS,DoS/DDoS,0.0,0.0,1.0,0.0,0.0
1664,Brute Force,Brute Force,0.0,1.0,0.0,0.0,0.0
1665,Brute Force,Brute Force,0.0,1.0,0.0,0.0,0.0
1666,DoS/DDoS,DoS/DDoS,0.0,0.0,0.9998464559900256,0.0001535440099744956,0.0
1667,Normal,Normal,0.0,0.0,0.0,1.0,0.0
1668,Bot,Bot,0.9726183520662016,0.0,5.176293157457111e-05,0.027329885002223504,0.0
1669,Normal,Normal,0.0,0.0,0.0,1.0,0.0
1670,Normal,Normal,0.0,0.0,0.0,1.0,0.0
1671,DoS/DDoS,DoS/DDoS,0.0,0.0,1.0,0.0,0.0
1672,Bot,Bot,0.9668578724680431,0.0,3.700861649006183e-05,0.03310511891546666,0.0
1673,Normal,Normal,0.0,0.0,0.0,1.0,0.0
1674,Normal,Normal,0.3237022690296124,0.0,3.609984471090802e-05,0.6762616311256764,0.0
1675,DoS/DDoS,DoS/DDoS,0.0,0.0,1.0,0.0,0.0
1676,Bot,Bot,0.9765966875625058,0.0,6.511844699291775e-05,0.02333819399050112,0.0
1677,Normal,Normal,0.0,0.0,0.0033553978760893378,0.9966446021239106,0.0
1678,Normal,Normal,0.0,0.0,0.0,1.0,0.0
1679,DoS/DDoS,DoS/DDoS,0.0,0.0,1.0,0.0,0.0
1680,Normal,Normal,0.0,0.0,0.0,1.0,0.0
1681,Normal,Normal,0.0,0.0,0.0,1.0,0.0
1682,DoS/DDoS,DoS/DDoS,0.0,0.0,1.0,0.0,0.0
1683,Bot,Bot,0.9998997013881337,0.0,2.6673565380087433e-06,9.763125532836162e-05,0.0
1684,Normal,Normal,0.36419113045058293,0.0,0.00017951979050408014,0.6356293497589127,0.0
1685,Normal,Normal,0.0,0.0,0.0,1.0,0.0
1686,Brute Force,Brute Force,0.0,1.0,0.0,0.0,0.0
1687,Normal,Normal,0.3847721906982416,0.0,0.0001721105557772677,0.6150556987459809,0.0
1688,Normal,Normal,0.0,0.01,0.0,0.99,0.0
1689,DoS/DDoS,DoS/DDoS,0.0,0.0,1.0,0.0,0.0
1690,Brute Force,Brute Force,0.0,1.0,0.0,0.0,0.0
1691,DoS/DDoS,DoS/DDoS,0.0,0.0,1.0,0.0,0.0
1692,DoS/DDoS,DoS/DDoS,0.0,0.0,1.0,0.0,0.0
1693,Normal,Normal,0.0,0.0,0.0,1.0,0.0
1694,DoS/DDoS,DoS/DDoS,0.0,0.0,1.0,0.0,0.0
1695,Normal,Normal,0.0,0.0,0.0,1.0,0.0
1696,Normal,Normal,0.0,0.0,0.0,1.0,0.0
1697,Normal,Normal,0.0,0.0,0.0,1.0,0.0
1698,DoS/DDoS,DoS/DDoS,0.0,0.0,1.0,0.0,0.0
1699,Brute Force,Brute Force,0.0,1.0,0.0,0.0,0.0
1700,Brute Force,Brute Force,0.0,0.9999957572263637,4.242773636295104e-06,0.0,0.0
1701,Normal,Normal,0.0,0.0,1.9051442161899594e-05,0.9999809485578381,0.0
1702,Normal,Normal,0.0,0.0,0.0037766713074983155,0.9962233286925017,0.0
1703,DoS/DDoS,DoS/DDoS,0.0,0.0,1.0,0.0,0.0
1704,Normal,Bot,0.7400222753121117,0.0,0.0001611267661733531,0.2598165979217145,0.0
1705,Normal,Normal,0.0,0.0,0.0,1.0,0.0
1706,DoS/DDoS,DoS/DDoS,0.0,0.0,1.0,0.0,0.0
1707,Normal,Normal,0.01,0.01,0.12728247796470132,0.8527175220352986,0.0
1708,Brute Force,Brute Force,0.0,1.0,0.0,0.0,0.0
1709,DoS/DDoS,DoS/DDoS,0.0,0.0,1.0,0.0,0.0
1710,DoS/DDoS,DoS/DDoS,0.0,0.0,1.0,0.0,0.0
1711,DoS/DDoS,DoS/DDoS,0.0,0.0,1.0,0.0,0.0
1712,DoS/DDoS,DoS/DDoS,0.0,0.0,1.0,0.0,0.0
1713,Normal,Normal,0.0,0.0,0.0,1.0,0.0
1714,Normal,Normal,0.0,0.0,0.0,1.0,0.0
1715,DoS/DDoS,DoS/DDoS,0.0,0.0,1.0,0.0,0.0
1716,Brute Force,Brute Force,0.0,1.0,0.0,0.0,0.0
1717,Brute Force,Brute Force,0.0,0.9999957572263637,4.242773636295104e-06,0.0,0.0
1718,Normal,Normal,0.0,0.0,0.0,1.0,0.0
1719,Brute Force,Brute Force,0.0,1.0,0.0,0.0,0.0
1720,Normal,Normal,0.0,0.0,0.0,1.0,0.0
1721,Brute Force,Brute Force,0.00015931446215744114,0.5964121814102171,0.004302915318954615,0.06926906249046123,0.32985652631820933
1722,Bot,Bot,1.0,0.0,0.0,0.0,0.0
1723,DoS/DDoS,DoS/DDoS,0.0,0.0,0.9980120773634887,0.001987922636511237,0.0
1724,DoS/DDoS,DoS/DDoS,0.0,0.0,1.0,0.0,0.0
1725,Normal,Normal,0.0,0.0,0.0,1.0,0.0
1726,DoS/DDoS,DoS/DDoS,0.0,0.0,1.0,0.0,0.0
1727,Brute Force,Brute Force,0.0,0.9999957572263637,4.242773636295104e-06,0.0,0.0
1728,Brute Force,Brute Force,0.0,1.0,0.0,0.0,0.0
1729,DoS/DDoS,DoS/DDoS,0.0,0.0,0.9999578253126014,4.217468739862318e-05,0.0
1730,DoS/DDoS,DoS/DDoS,0.0,0.0,1.0,0.0,0.0
1731,Normal,Normal,0.0,0.0,0.0,1.0,0.0
1732,DoS/DDoS,DoS/DDoS,0.0,0.0,1.0,0.0,0.0
1733,DoS/DDoS,DoS/DDoS,0.0,0.0,1.0,0.0,0.0
1734,DoS/DDoS,DoS/DDoS,0.0,0.0,1.0,0.0,0.0
1735,DoS/DDoS,DoS/DDoS,0.0,0.0,1.0,0.0,0.0
1736,DoS/DDoS,DoS/DDoS,0.0,0.0,1.0,0.0,0.0
1737,Normal,Normal,0.0,0.0,0.0,1.0,0.0
1738,DoS/DDoS,DoS/DDoS,0.0,0.0,1.0,0.0,0.0
1739,DoS/DDoS,DoS/DDoS,0.0,0.0,1.0,0.0,0.0
1740,DoS/DDoS,DoS/DDoS,0.0,0.0,1.0,0.0,0.0
1741,Normal,Normal,0.0,0.0,0.0,1.0,0.0
1742,Brute Force,Brute Force,0.0,1.0,0.0,0.0,0.0
1743,Normal,Normal,0.0034480813596460373,0.00021190487017416204,0.0,0.9963400137701798,0.0
1744,Brute Force,Brute Force,0.0,0.9855747528213322,0.0,0.014425247178667732,0.0
1745,DoS/DDoS,DoS/DDoS,0.0,0.0,1.0,0.0,0.0
1746,Normal,Normal,0.0,0.0,0.0,1.0,0.0
1747,Normal,Normal,0.0,0.0,0.00667174845164364,0.9835013708432886,0.009826880705067674
1748,DoS/DDoS,DoS/DDoS,0.0,0.0,1.0,0.0,0.0
1749,DoS/DDoS,DoS/DDoS,0.0,0.0,1.0,0.0,0.0
1750,Normal,Normal,0.00015931446215744114,0.004662063888731142,3.805712667943282e-05,0.9883087583015205,0.0068318062209113024
1751,DoS/DDoS,DoS/DDoS,0.0,0.0,0.9999578253126014,4.217468739862318e-05,0.0
1752,Normal,Normal,0.0,0.0,0.0,1.0,0.0
1753,DoS/DDoS,DoS/DDoS,0.0,0.0,1.0,0.0,0.0
1754,Normal,Normal,0.0,0.0,0.0,1.0,0.0
1755,Normal,Normal,0.0,0.0,0.0,1.0,0.0
1756,DoS/DDoS,DoS/DDoS,0.0,0.0,1.0,0.0,0.0
1757,DoS/DDoS,DoS/DDoS,0.0,0.0,1.0,0.0,0.0
1758,Bot,Bot,0.9466741791349166,0.0,0.0033474707522218785,0.04997835011286155,0.0
1759,DoS/DDoS,DoS/DDoS,0.0,0.0,1.0,0.0,0.0
1760,Brute Force,Brute Force,0.0,1.0,0.0,0.0,0.0
1761,Normal,Normal,0.0,0.0,0.0,1.0,0.0
1762,Normal,Normal,0.0,0.0,0.0,1.0,0.0
1763,DoS/DDoS,DoS/DDoS,0.0,0.0,1.0,0.0,0.0
1764,Normal,Normal,0.0,0.0,0.0,1.0,0.0
1765,DoS/DDoS,DoS/DDoS,0.0,0.0,1.0,0.0,0.0
1766,Brute Force,Brute Force,0.0,0.6984576506696221,0.0017673203454164753,0.13162032439887328,0.16815470458608817
1767,Normal,Normal,0.0,0.0,0.0,1.0,0.0
1768,Brute Force,Brute Force,0.0,0.7417837349989389,0.00010758034535900212,0.0050644167107639524,0.25304426794493806
1769,Brute Force,Brute Force,0.0,1.0,0.0,0.0,0.0
1770,Brute Force,Brute Force,0.0,1.0,0.0,0.0,0.0
1771,Normal,Normal,0.0,0.0,0.0,1.0,0.0
1772,Bot,Bot,0.9751858608309233,0.0,6.511844699291775e-05,0.024749020722083764,0.0
1773,DoS/DDoS,DoS/DDoS,0.0,0.03405183701517779,0.8815294812504223,0.06535860830058204,0.019060073433817933
1774,Brute Force,Brute Force,0.0,1.0,0.0,0.0,0.0
1775,Normal,Normal,0.0,0.0,0.07505763433232843,0.9249423656676715,0.0
1776,DoS/DDoS,DoS/DDoS,0.0,0.0,1.0,0.0,0.0
1777,DoS/DDoS,DoS/DDoS,0.0,0.0,1.0,0.0,0.0
1778,Normal,Normal,0.00015931446215744114,0.03845251062983494,3.805712667943282e-05,0.9065178485663733,0.05483226921495485
1779,Normal,Normal,0.0,0.0,0.0,1.0,0.0
1780,DoS/DDoS,DoS/DDoS,0.0,0.0,1.0,0.0,0.0
1781,Normal,Normal,0.0,0.0,0.0,1.0,0.0
1782,Normal,Normal,0.0,0.0,0.0,1.0,0.0
1783,Normal,Normal,0.0,0.029709036262818192,3.805712667943282e-05,0.9521254177805828,0.018127488829919564
1784,Bot,Bot,0.9749010186310123,0.0,5.176293157457111e-05,0.025047218437413008,0.0
1785,Brute Force,Brute Force,0.0,0.99,0.0,0.01,0.0
1786,Normal,Normal,0.0,0.0,0.002510550401538489,0.9974894495984614,0.0
1787,Brute Force,Brute Force,0.0,0.9999957572263637,4.242773636295104e-06,0.0,0.0
1788,DoS/DDoS,DoS/DDoS,0.0,0.0,1.0,0.0,0.0
1789,Brute Force,Brute Force,0.0,0.9999957572263637,4.242773636295104e-06,0.0,0.0
1790,Bot,Bot,1.0,0.0,0.0,0.0,0.0
1791,Brute Force,Web Attack,0.0,0.19027721292727462,3.7583605044024734e-06,0.0006808753718454345,0.8090381533403759
1792,Normal,Normal,0.0,0.0,0.0,1.0,0.0
1793,DoS/DDoS,DoS/DDoS,0.0,0.0,1.0,0.0,0.0
1794,Normal,Normal,0.0,0.0,0.0,1.0,0.0
1795,DoS/DDoS,DoS/DDoS,0.0,0.0,1.0,0.0,0.0
1796,Normal,Normal,0.0,0.0,0.0,1.0,0.0
1797,Brute Force,Brute Force,0.0,1.0,0.0,0.0,0.0
1798,DoS/DDoS,DoS/DDoS,0.0,0.0,1.0,0.0,0.0
1799,Normal,Normal,0.0,0.0,0.0,1.0,0.0
1800,Normal,Normal,0.0,0.0,0.0,1.0,0.0
1801,DoS/DDoS,DoS/DDoS,0.0,0.0,1.0,0.0,0.0
1802,Normal,Normal,0.0,0.0,0.01,0.99,0.0
1803,DoS/DDoS,DoS/DDoS,0.0,0.0,1.0,0.0,0.0
1804,Brute Force,Brute Force,0.0,0.8927271328228609,0.00010897862719913938,0.0617723893697518,0.045391499180188116
1805,Normal,Normal,0.01908104004653399,0.0,0.0,0.980918959953466,0.0
1806,Brute Force,Brute Force,0.0,0.9999957572263637,4.242773636295104e-06,0.0,0.0
1807,DoS/DDoS,DoS/DDoS,0.0,0.0,1.0,0.0,0.0
1808,Brute Force,Brute Force,0.0,1.0,0.0,0.0,0.0
1809,Normal,Normal,0.0,0.0,0.0,1.0,0.0
1810,DoS/DDoS,DoS/DDoS,0.0,0.0,1.0,0.0,0.0
1811,Bot,Bot,0.9739631737086546,0.0,6.511844699291775e-05,0.025971707844352473,0.0
1812,Brute Force,Brute Force,0.0,0.9999957572263637,4.242773636295104e-06,0.0,0.0
1813,DoS/DDoS,DoS/DDoS,0.0,0.0,1.0,0.0,0.0
1814,Normal,Normal,0.0,0.0,0.0,1.0,0.0
1815,Brute Force,Brute Force,0.0,1.0,0.0,0.0,0.0
1816,DoS/DDoS,DoS/DDoS,0.0,0.0,1.0,0.0,0.0
1817,Normal,Normal,0.0,0.0,0.0,1.0,0.0
1818,DoS/DDoS,DoS/DDoS,0.0,0.0,1.0,0.0,0.0
1819,DoS/DDoS,DoS/DDoS,0.0,0.0,1.0,0.0,0.0
1820,Normal,Normal,0.0,0.0,0.0,1.0,0.0
1821,DoS/DDoS,DoS/DDoS,0.0,0.0,1.0,0.0,0.0
1822,Brute Force,Brute Force,0.0,1.0,0.0,0.0,0.0
1823,Normal,Normal,0.0,0.0,0.0,1.0,0.0
1824,Brute Force,Brute Force,0.0,1.0,0.0,0.0,0.0
1825,Brute Force,Brute Force,0.0,1.0,0.0,0.0,0.0
1826,Normal,Normal,0.0,0.0,0.0,1.0,0.0
1827,Normal,Normal,0.0,0.0,0.0,1.0,0.0
1828,Normal,Bot,0.8556794168315097,0.0,0.00028356077831087433,0.14403702239017943,0.0
1829,DoS/DDoS,DoS/DDoS,0.0,0.0,1.0,0.0,0.0
1830,Normal,Normal,0.0,0.0,0.0,1.0,0.0
1831,Normal,Normal,0.009515655639558748,0.0,0.010702324146462659,0.9797820202139785,0.0
1832,DoS/DDoS,DoS/DDoS,0.0,0.0,0.9990482730015501,0.000951726998450009,0.0
1833,DoS/DDoS,DoS/DDoS,0.0,0.0,1.0,0.0,0.0
1834,Brute Force,Brute Force,0.0,0.5694316056873729,1.1980490327606729e-05,0.0024211489429574297,0.42813526487934195
1835,Brute Force,Brute Force,0.0,1.0,0.0,0.0,0.0
1836,Brute Force,Brute Force,0.0,1.0,0.0,0.0,0.0
1837,Normal,Normal,0.0,0.0,0.03943118802328061,0.9605688119767193,0.0
1838,Brute Force,Brute Force,0.0,1.0,0.0,0.0,0.0
1839,DoS/DDoS,DoS/DDoS,0.0,0.0,1.0,0.0,0.0
1840,Normal,Normal,0.0,0.0,0.0,1.0,0.0
1841,Normal,Normal,0.0,0.0,0.0,1.0,0.0
1842,DoS/DDoS,DoS/DDoS,0.0,0.0,0.9999456879835311,5.4312016468903834e-05,0.0
1843,Brute Force,Brute Force,0.0,0.9547754624853861,0.00522453751461385,0.04,0.0
1844,DoS/DDoS,DoS/DDoS,0.0,0.0,1.0,0.0,0.0
1845,Normal,Normal,0.0,0.0,0.004932823554634459,0.9950671764453655,0.0
1846,Normal,Normal,0.0,0.0,0.0,1.0,0.0
1847,DoS/DDoS,DoS/DDoS,0.0,0.0,0.9998464559900256,0.0001535440099744956,0.0
1848,Normal,Normal,0.0,0.062304101032939305,0.00013457106561963117,0.8967645260691333,0.04079680183230759
1849,Normal,Normal,0.0,0.0,0.0,1.0,0.0
1850,Normal,Normal,0.0,0.04791399105337695,0.0,0.952086008946623,0.0
1851,DoS/DDoS,DoS/DDoS,0.0,0.0,1.0,0.0,0.0
1852,Normal,Normal,0.0,0.0,0.0,1.0,0.0
1853,Normal,Normal,0.0,0.0,0.0,0.9903424514512424,0.009657548548757569
1854,Normal,Normal,0.0,0.007902919770043329,0.0025050709939148075,0.9895920092360418,0.0
1855,DoS/DDoS,DoS/DDoS,0.0,0.0,1.0,0.0,0.0
1856,Normal,Normal,0.0,0.0,0.0,1.0,0.0
1857,Normal,Bot,0.8560521423275244,0.0,0.00028356077831087433,0.1436642968941648,0.0
1858,Normal,Normal,0.0,0.0,0.0,1.0,0.0
1859,Normal,Normal,0.0,0.0,0.0,1.0,0.0
1860,Normal,Normal,0.0,0.02517122554559741,0.028694044122838266,0.9373514775248839,0.008783252806680313
1861,DoS/DDoS,DoS/DDoS,0.0,0.0,1.0,0.0,0.0
1862,Normal,Normal,0.0,0.0,0.0,1.0,0.0
1863,Brute Force,Brute Force,0.0,0.9293865491240365,0.0002594488337276811,0.0239051690305403,0.04644883301169558
1864,Normal,Normal,0.0,0.0,0.0,1.0,0.0
1865,Normal,Normal,0.0,0.0,0.0,1.0,0.0
1866,Normal,Normal,0.0,0.0,0.0,1.0,0.0
1867,DoS/DDoS,DoS/DDoS,0.0,0.0,1.0,0.0,0.0
1868,DoS/DDoS,DoS/DDoS,0.0,0.0,1.0,0.0,0.0
1869,Brute Force,Brute Force,0.0,1.0,0.0,0.0,0.0
1870,DoS/DDoS,DoS/DDoS,0.0,0.0,1.0,0.0,0.0
1871,Normal,Normal,0.0,0.0,0.0,1.0,0.0
1872,DoS/DDoS,DoS/DDoS,0.0,0.0,1.0,0.0,0.0
1873,DoS/DDoS,DoS/DDoS,0.0,0.0,1.0,0.0,0.0
1874,Normal,Normal,0.0,0.006541851247377011,0.0,0.9836230127660641,0.009835135986558859
1875,DoS/DDoS,DoS/DDoS,0.0,0.0,1.0,0.0,0.0
1876,Bot,Bot,0.9674439496110093,0.0,3.700861649006183e-05,0.032519041772500326,0.0
1877,Brute Force,Brute Force,0.0,1.0,0.0,0.0,0.0
1878,Normal,Normal,0.0,0.0,0.0,1.0,0.0
1879,Normal,Normal,0.0,0.0,0.005014966859097712,0.9949850331409023,0.0
1880,DoS/DDoS,DoS/DDoS,0.0,0.0,1.0,0.0,0.0
1881,Normal,Normal,0.0035765806492077984,0.025052364675567606,0.00281644982351828,0.9639630521802859,0.00459155267142032
1882,Normal,Normal,0.0,0.0,0.0,1.0,0.0
1883,DoS/DDoS,DoS/DDoS,0.0,0.0,1.0,0.0,0.0
1884,DoS/DDoS,DoS/DDoS,0.0,0.0,1.0,0.0,0.0
1885,Normal,Normal,0.0,0.0,0.0,1.0,0.0
1886,Bot,Bot,0.9530276584142091,0.0,5.176293157457111e-05,0.04692057865421621,0.0
1887,Normal,Normal,0.0,0.0,0.0,1.0,0.0
1888,Normal,Normal,0.0,0.0,0.0,1.0,0.0
1889,DoS/DDoS,DoS/DDoS,0.0,0.0,1.0,0.0,0.0
1890,DoS/DDoS,DoS/DDoS,0.0,0.0,1.0,0.0,0.0
1891,Normal,Normal,0.0,0.0,0.0,1.0,0.0
1892,Bot,Bot,0.8414823843544074,0.0,1.898948543835154e-05,0.15849862616015403,0.0
1893,DoS/DDoS,DoS/DDoS,0.0,0.0,1.0,0.0,0.0
1894,Brute Force,Brute Force,0.0,1.0,0.0,0.0,0.0
1895,DoS/DDoS,DoS/DDoS,0.0,0.0,1.0,0.0,0.0
1896,DoS/DDoS,DoS/DDoS,0.0,0.0,1.0,0.0,0.0
1897,Brute Force,Web Attack,0.0,0.0899744937359041,3.7583605044024734e-06,0.0006461599182201886,0.9093755879853711
1898,Normal,Normal,0.0,0.0,0.0,1.0,0.0
1899,Normal,Normal,0.0011706116709632062,0.001107516047247935,0.002799480259706183,0.9868519227971589,0.008070469224923625
1900,DoS/DDoS,DoS/DDoS,0.0,0.0,0.9998464559900256,0.0001535440099744956,0.0
1901,Normal,Normal,0.0,0.0,0.0,1.0,0.0
1902,DoS/DDoS,DoS/DDoS,0.0,0.0,1.0,0.0,0.0
1903,Normal,Normal,0.0,0.0,0.0,1.0,0.0
1904,DoS/DDoS,DoS/DDoS,0.0,0.0,0.9999456879835311,5.4312016468903834e-05,0.0
1905,DoS/DDoS,DoS/DDoS,0.0,0.0,1.0,0.0,0.0
1906,Brute Force,Brute Force,0.0,1.0,0.0,0.0,0.0
1907,DoS/DDoS,DoS/DDoS,0.0,0.0,1.0,0.0,0.0
1908,Brute Force,Brute Force,0.0,1.0,0.0,0.0,0.0
1909,DoS/DDoS,DoS/DDoS,0.0,0.0,1.0,0.0,0.0
1910,Brute Force,Brute Force,0.0,1.0,0.0,0.0,0.0
1911,Normal,Normal,0.0,0.00797622259208761,3.805712667943282e-05,0.986654983013604,0.005330737267628802
1912,Normal,Normal,0.0,0.0,0.0,1.0,0.0
1913,DoS/DDoS,DoS/DDoS,0.0,0.0,1.0,0.0,0.0
1914,Normal,Normal,0.0,0.0,0.0,1.0,0.0
1915,DoS/DDoS,DoS/DDoS,0.0,0.00038870409189376286,0.8573312667728819,0.13858424351197918,0.0036957856232448416
1916,Normal,Normal,0.0,0.0,0.0,1.0,0.0
1917,DoS/DDoS,DoS/DDoS,0.0,0.0,1.0,0.0,0.0
1918,DoS/DDoS,DoS/DDoS,0.0,0.0,1.0,0.0,0.0
1919,Normal,Normal,0.009076126155661925,0.0,0.007978962997443382,0.9829449108468947,0.0
1920,Normal,Normal,0.0,0.0,0.0,1.0,0.0
1921,DoS/DDoS,DoS/DDoS,0.0,0.0,1.0,0.0,0.0
1922,Normal,Normal,0.0,0.0,0.0,1.0,0.0
1923,DoS/DDoS,DoS/DDoS,0.0,0.0,1.0,0.0,0.0
1924,Normal,Normal,0.0,0.0,0.0,1.0,0.0
1925,Brute Force,Brute Force,0.0,1.0,0.0,0.0,0.0
1926,DoS/DDoS,DoS/DDoS,0.0,0.0,1.0,0.0,0.0
1927,Normal,Normal,0.0,0.0,0.0,1.0,0.0
1928,Normal,Normal,0.0,0.0,0.0,1.0,0.0
1929,DoS/DDoS,DoS/DDoS,0.0,0.0,1.0,0.0,0.0
1930,DoS/DDoS,DoS/DDoS,0.0,0.0,1.0,0.0,0.0
1931,DoS/DDoS,DoS/DDoS,0.0,0.0,1.0,0.0,0.0
1932,DoS/DDoS,DoS/DDoS,0.0,0.0,1.0,0.0,0.0
1933,Normal,Normal,0.0,0.0,0.0,1.0,0.0
1934,DoS/DDoS,DoS/DDoS,0.0,0.0,1.0,0.0,0.0
1935,Normal,Normal,0.0,0.0,0.0,1.0,0.0
1936,Normal,Normal,0.010621071077891063,0.0,0.00038673045433758617,0.9889921984677713,0.0
1937,Normal,Normal,0.0,0.0,0.0,1.0,0.0
1938,Normal,Normal,0.0,0.0,0.0,1.0,0.0
1939,Normal,Normal,0.0,0.0,0.0,1.0,0.0
1940,Brute Force,Brute Force,0.0,1.0,0.0,0.0,0.0
1941,Normal,Normal,0.0,0.0,0.0,1.0,0.0
1942,Normal,Normal,0.009137496685229382,0.0,0.006044248167045405,0.9848182551477251,0.0
1943,DoS/DDoS,DoS/DDoS,0.0,0.0,0.9999878626709298,1.213732907028066e-05,0.0
1944,Normal,Normal,0.0,0.0,0.0,1.0,0.0
1945,Normal,Normal,0.0,0.0,0.0,1.0,0.0
1946,Brute Force,Brute Force,0.0,1.0,0.0,0.0,0.0
1947,Normal,Normal,0.0,0.0,0.0,1.0,0.0
1948,Web Attack,Web Attack,0.0,0.15500521435932266,0.0036136020636670786,0.026680196370270148,0.8147009872067401
1949,Brute Force,Brute Force,0.0,1.0,0.0,0.0,0.0
1950,Normal,Normal,0.0,0.0,0.0,1.0,0.0
1951,Normal,Normal,0.0,0.0,0.0,1.0,0.0
1952,DoS/DDoS,DoS/DDoS,0.0,0.0,0.9999456879835311,5.4312016468903834e-05,0.0
1953,DoS/DDoS,DoS/DDoS,0.0,0.0,1.0,0.0,0.0
1954,Brute Force,Brute Force,0.0,0.9999957572263637,4.242773636295104e-06,0.0,0.0
1955,Normal,Normal,0.0,0.0,0.0,1.0,0.0
1956,Brute Force,Brute Force,0.0,1.0,0.0,0.0,0.0
1957,DoS/DDoS,DoS/DDoS,0.0,0.0,0.9999456879835311,5.4312016468903834e-05,0.0
1958,Normal,Normal,0.0,0.0,0.0,1.0,0.0
1959,Normal,Normal,0.0,0.0,0.0,1.0,0.0
1960,DoS/DDoS,DoS/DDoS,0.0,0.0,1.0,0.0,0.0
1961,Normal,Normal,0.0,0.0,0.0,1.0,0.0
1962,DoS/DDoS,DoS/DDoS,0.0,0.00554941542842739,0.9545675177010076,0.03988306687056522,0.0
1963,DoS/DDoS,DoS/DDoS,0.0,0.0,1.0,0.0,0.0
1964,Normal,Normal,0.0,0.0,0.01998380059979083,0.9800161994002091,0.0
1965,Normal,Normal,0.0,0.0,0.021587509661323712,0.9784124903386763,0.0
1966,DoS/DDoS,DoS/DDoS,0.0,0.0,1.0,0.0,0.0
1967,DoS/DDoS,DoS/DDoS,0.0,0.0,1.0,0.0,0.0
1968,Normal,Normal,0.00839216388938661,0.0,0.0,0.9916078361106133,0.0
1969,DoS/DDoS,DoS/DDoS,0.0,0.0,1.0,0.0,0.0
1970,DoS/DDoS,DoS/DDoS,0.0,0.0,0.9999456879835311,5.4312016468903834e-05,0.0
1971,DoS/DDoS,DoS/DDoS,0.0,0.0,1.0,0.0,0.0
1972,Normal,Normal,0.0,0.0,0.0,1.0,0.0
1973,Normal,Normal,0.0,0.0,0.0,1.0,0.0
1974,DoS/DDoS,DoS/DDoS,0.0,0.0,1.0,0.0,0.0
1975,Normal,Normal,0.0,0.001516811101604804,0.004893005084619953,0.9898943981905305,0.0036957856232448416
1976,DoS/DDoS,DoS/DDoS,0.0,0.0,1.0,0.0,0.0
1977,DoS/DDoS,DoS/DDoS,0.0,0.0,1.0,0.0,0.0
1978,DoS/DDoS,DoS/DDoS,0.0,0.0,1.0,0.0,0.0
1979,Normal,Normal,0.0,0.0,0.0,1.0,0.0
1980,DoS/DDoS,DoS/DDoS,0.0,0.0,1.0,0.0,0.0
1981,Normal,Normal,0.0,0.0,0.0,1.0,0.0
1982,DoS/DDoS,Web Attack,0.0,0.0035461572645111646,0.38386812073327886,0.18233762032921827,0.4302481016729916
1983,Normal,Normal,0.0009224535197838869,0.0,0.008971494226260932,0.9901060522539551,0.0
1984,DoS/DDoS,DoS/DDoS,0.0,0.0,1.0,0.0,0.0
1985,Normal,Normal,0.0,0.0,0.0,1.0,0.0
1986,Normal,Normal,0.0,0.0,0.0,1.0,0.0
1987,DoS/DDoS,DoS/DDoS,0.0,0.0,1.0,0.0,0.0
1988,DoS/DDoS,DoS/DDoS,0.0,0.0,1.0,0.0,0.0
1989,Normal,Normal,0.0,0.0,0.0,1.0,0.0
1990,Brute Force,Web Attack,0.0,0.25912794219354796,3.7583605044024734e-06,0.0006363300930897798,0.740231969352858
1991,Brute Force,Brute Force,0.0,1.0,0.0,0.0,0.0
1992,Normal,Normal,0.0,0.003464123523821971,0.007138521266713481,0.9782650631711328,0.011132292038331876
1993,Brute Force,Brute Force,0.0,0.9999957572263637,4.242773636295104e-06,0.0,0.0
1994,Normal,Normal,0.0,0.0,0.0,1.0,0.0
1995,Normal,Normal,0.0,0.0,0.0,0.9906974728278989,0.009302527172101087
1996,Normal,Normal,0.0,0.0,0.0,1.0,0.0
1997,Normal,Normal,0.0,0.0,0.0,1.0,0.0
1998,DoS/DDoS,DoS/DDoS,0.0,0.0,1.0,0.0,0.0
1999,Brute Force,Brute Force,0.0,1.0,0.0,0.0,0.0
2000,Normal,Normal,0.009086948039279443,0.0,0.0024758531873792663,0.9884371987733412,0.0
2001,DoS/DDoS,DoS/DDoS,0.0,0.0,1.0,0.0,0.0
2002,Normal,Normal,0.0,0.0,0.0,1.0,0.0
2003,Brute Force,Brute Force,0.0,1.0,0.0,0.0,0.0
2004,Normal,Normal,0.0,0.03301590888872394,3.805712667943282e-05,0.953773371474301,0.013172662510295781
2005,DoS/DDoS,DoS/DDoS,0.0,0.0,0.9998464559900256,0.0001535440099744956,0.0
2006,Bot,Bot,1.0,0.0,0.0,0.0,0.0
2007,DoS/DDoS,DoS/DDoS,0.0,0.0,0.9999456879835311,5.4312016468903834e-05,0.0
2008,DoS/DDoS,DoS/DDoS,0.0,0.0,1.0,0.0,0.0
2009,DoS/DDoS,DoS/DDoS,0.0,0.0,1.0,0.0,0.0
2010,Normal,Normal,0.0,0.0,0.0,1.0,0.0
2011,Brute Force,Brute Force,0.0,0.9999957572263637,4.242773636295104e-06,0.0,0.0
2012,Normal,Normal,0.0,0.09754993911550702,0.020940910942032955,0.8729056958851258,0.008603454057334233
2013,Normal,Normal,0.0,0.0,0.01,0.99,0.0
2014,DoS/DDoS,DoS/DDoS,0.0,0.0,0.9999456879835311,5.4312016468903834e-05,0.0
2015,DoS/DDoS,DoS/DDoS,0.0,0.0,1.0,0.0,0.0
2016,DoS/DDoS,DoS/DDoS,0.0,0.0,1.0,0.0,0.0
2017,Normal,Normal,0.0,0.0,0.02,0.9703289110005529,0.009671088999447209
2018,Brute Force,Brute Force,0.0,1.0,0.0,0.0,0.0
2019,Brute Force,Brute Force,0.0,0.9999957572263637,4.242773636295104e-06,0.0,0.0
2020,DoS/DDoS,DoS/DDoS,0.0,0.0,1.0,0.0,0.0
2021,Normal,Normal,0.0,0.0,0.004992807307775299,0.9851591263938821,0.00984806629834254
2022,DoS/DDoS,DoS/DDoS,0.0,0.0,1.0,0.0,0.0
2023,Normal,Normal,0.34500147498710704,0.0,1.9448812743237454e-05,0.6549790762001496,0.0
2024,Normal,Normal,0.0,0.0,0.0,1.0,0.0
2025,Normal,Normal,0.0,0.0,0.0,1.0,0.0
2026,DoS/DDoS,DoS/DDoS,0.0,0.0,0.9990482730015501,0.000951726998450009,0.0
2027,DoS/DDoS,DoS/DDoS,0.0,0.0,1.0,0.0,0.0
2028,Normal,Normal,0.0011706116709632062,0.00021190487017416204,0.0,0.9986174834588626,0.0
2029,Normal,Normal,0.0034480813596460373,0.00021190487017416204,0.0,0.9963400137701798,0.0
2030,Normal,Normal,0.0,0.0,0.0,1.0,0.0
2031,Normal,Normal,0.0,0.0005844643463966065,0.007068163534279503,0.9886515864960792,0.0036957856232448416
2032,Brute Force,Brute Force,0.0,1.0,0.0,0.0,0.0
2033,Bot,Bot,0.9739933884387517,0.0,5.176293157457111e-05,0.025954848629673365,0.0
2034,DoS/DDoS,DoS/DDoS,0.0,0.0,1.0,0.0,0.0
2035,DoS/DDoS,DoS/DDoS,0.0,0.0,1.0,0.0,0.0
2036,Brute Force,Brute Force,0.0,1.0,0.0,0.0,0.0
2037,Normal,Normal,0.0,0.005151303547551914,0.048085980384416346,0.8775975968336528,0.06916511923437879
2038,DoS/DDoS,DoS/DDoS,0.0,0.0,1.0,0.0,0.0
2039,Brute Force,Brute Force,0.0,1.0,0.0,0.0,0.0
2040,Brute Force,Brute Force,0.0,1.0,0.0,0.0,0.0
2041,Brute Force,Brute Force,0.0,1.0,0.0,0.0,0.0
2042,Normal,Normal,0.0,0.0,0.0,1.0,0.0
2043,Normal,Normal,0.0,0.0,0.0,1.0,0.0
2044,DoS/DDoS,DoS/DDoS,0.0,0.0,1.0,0.0,0.0
2045,Bot,Bot,0.999863717745244,0.0,2.6673565380087433e-06,0.00013361489821793257,0.0
2046,DoS/DDoS,DoS/DDoS,0.0,0.0,1.0,0.0,0.0
2047,Brute Force,Brute Force,0.0,1.0,0.0,0.0,0.0
2048,DoS/DDoS,DoS/DDoS,0.0,0.0,1.0,0.0,0.0
2049,Brute Force,Brute Force,0.0,1.0,0.0,0.0,0.0
2050,Bot,Bot,0.9998566446327857,0.0,2.6673565380087433e-06,0.00014068801067621984,0.0
2051,Normal,Normal,0.0,0.0,0.005057634332328428,0.9949423656676716,0.0
2052,Normal,Normal,0.0,0.0,0.0,1.0,0.0
2053,DoS/DDoS,DoS/DDoS,0.0,0.0,0.9999878626709298,1.213732907028066e-05,0.0
2054,Normal,Normal,0.04689264111316124,0.01,0.044975463595721195,0.8981318952911177,0.0
2055,Normal,Normal,0.0,0.0,0.0033130569086372817,0.9966869430913627,0.0
2056,Bot,Bot,1.0,0.0,0.0,0.0,0.0
2057,DoS/DDoS,DoS/DDoS,0.0,0.0,1.0,0.0,0.0
2058,Brute Force,Brute Force,0.0,1.0,0.0,0.0,0.0
2059,Normal,Normal,0.0,0.0,0.0,1.0,0.0
2060,Normal,Normal,0.0,0.0,0.0,1.0,0.0
2061,DoS/DDoS,DoS/DDoS,0.0,0.0,0.9999878626709298,1.213732907028066e-05,0.0
2062,Normal,Normal,0.0,0.0,0.0,1.0,0.0
2063,Normal,Normal,0.0,0.0,0.00586486276793423,0.9941351372320659,0.0
2064,Normal,Normal,0.0,0.0,0.0,1.0,0.0
2065,DoS/DDoS,DoS/DDoS,0.0,0.0,1.0,0.0,0.0
2066,Normal,Normal,0.0,0.0,0.0,1.0,0.0
2067,Brute Force,Brute Force,0.0,0.9999957572263637,4.242773636295104e-06,0.0,0.0
2068,Brute Force,Brute Force,0.0,1.0,0.0,0.0,0.0
2069,Brute Force,Brute Force,0.0,1.0,0.0,0.0,0.0
2070,DoS/DDoS,DoS/DDoS,0.0,0.0,1.0,0.0,0.0
2071,Brute Force,Brute Force,0.0,0.9999957572263637,4.242773636295104e-06,0.0,0.0
2072,Normal,Normal,0.0,0.0,0.0,1.0,0.0
2073,DoS/DDoS,DoS/DDoS,0.0,0.0,1.0,0.0,0.0
2074,Brute Force,Brute Force,0.0,1.0,0.0,0.0,0.0
2075,DoS/DDoS,DoS/DDoS,0.0,0.0,1.0,0.0,0.0
2076,Normal,Normal,0.0,0.0,0.12408031856352843,0.8759196814364715,0.0
2077,Normal,Normal,0.0,0.0,0.008400004142617535,0.9915999958573825,0.0
2078,DoS/DDoS,DoS/DDoS,0.0,0.0,1.0,0.0,0.0
2079,Bot,Bot,0.9869624551755575,0.0,2.6673565380087433e-06,0.013034877467904396,0.0
2080,DoS/DDoS,DoS/DDoS,0.0,0.0,1.0,0.0,0.0
2081,Bot,Bot,0.977318116594377,0.0,5.176293157457111e-05,0.02263012047404827,0.0
2082,DoS/DDoS,DoS/DDoS,0.0,0.0,1.0,0.0,0.0
2083,DoS/DDoS,DoS/DDoS,0.0,0.0,1.0,0.0,0.0
2084,DoS/DDoS,DoS/DDoS,0.0,0.0,1.0,0.0,0.0
2085,DoS/DDoS,DoS/DDoS,0.0,0.0,0.9999456879835311,5.4312016468903834e-05,0.0
2086,DoS/DDoS,DoS/DDoS,0.0,0.0,1.0,0.0,0.0
2087,Normal,Normal,0.0,0.003051759245509436,0.020353796020198055,0.9601104531410993,0.016483991593193057
2088,Normal,Normal,0.0,0.029851377121954778,3.805712667943282e-05,0.9467809291210644,0.02332963663030123
2089,Normal,Normal,0.0,0.0040001741380593335,0.05030586714548854,0.9073743422989604,0.03831961641749179
2090,Normal,Normal,0.017701225571381252,0.0,0.01,0.9722987744286188,0.0
2091,Normal,Normal,0.3802406842805171,0.0,0.0001661642750857335,0.6195931514443969,0.0
2092,DoS/DDoS,DoS/DDoS,0.0,0.0,1.0,0.0,0.0
2093,DoS/DDoS,DoS/DDoS,0.0,0.0,1.0,0.0,0.0
2094,Brute Force,Web Attack,0.0,0.18287048505120299,3.7583605044024734e-06,0.0006363300930897798,0.8164894264952024
2095,DoS/DDoS,DoS/DDoS,0.0,0.0,1.0,0.0,0.0
2096,Normal,Normal,0.0,0.0,1.9051442161899594e-05,0.9999809485578381,0.0
2097,Normal,Normal,0.0,0.0,1.9051442161899594e-05,0.9999809485578381,0.0
2098,DoS/DDoS,DoS/DDoS,0.0,0.0,1.0,0.0,0.0
2099,DoS/DDoS,DoS/DDoS,0.0,0.0,1.0,0.0,0.0
2100,Brute Force,Web Attack,0.0,0.37128112109028394,3.7583605044024734e-06,0.0006377119193526241,0.6280774086298588
2101,Normal,Normal,0.0,0.0,0.008308127974935228,0.9916918720250648,0.0
2102,DoS/DDoS,DoS/DDoS,0.0,0.0,1.0,0.0,0.0
2103,Normal,Normal,0.0,0.0,0.0,1.0,0.0
2104,DoS/DDoS,DoS/DDoS,0.0,0.0,0.9990482730015501,0.000951726998450009,0.0
2105,DoS/DDoS,DoS/DDoS,0.0,0.0,1.0,0.0,0.0
2106,DoS/DDoS,DoS/DDoS,0.0,0.0,1.0,0.0,0.0
2107,DoS/DDoS,DoS/DDoS,0.0,0.0,1.0,0.0,0.0
2108,Normal,Normal,0.0,0.0,0.0,1.0,0.0
2109,DoS/DDoS,DoS/DDoS,0.0,0.0,1.0,0.0,0.0
2110,DoS/DDoS,DoS/DDoS,0.0,0.0,1.0,0.0,0.0
2111,Brute Force,Brute Force,0.0,0.9999957572263637,4.242773636295104e-06,0.0,0.0
2112,Normal,Normal,0.0,0.0,0.0,1.0,0.0
2113,DoS/DDoS,DoS/DDoS,0.0,0.0,1.0,0.0,0.0
2114,Normal,Normal,0.0,0.0028549679241346615,0.023523066147574136,0.9379906084137584,0.03563135751453289
2115,Brute Force,Brute Force,0.0,0.9999957572263637,4.242773636295104e-06,0.0,0.0
2116,DoS/DDoS,DoS/DDoS,0.0,0.0,1.0,0.0,0.0
2117,Normal,Normal,0.0,0.0,0.0,1.0,0.0
2118,Normal,Normal,0.0,0.0,0.03189692201566374,0.9681030779843363,0.0
2119,Normal,Normal,0.0,0.0,0.0,1.0,0.0
2120,Normal,Normal,0.0,0.0,0.005046176975945017,0.9949538230240549,0.0
2121,DoS/DDoS,DoS/DDoS,0.0,0.0036969207005309855,0.9221611232422012,0.04739345195891221,0.026748504098355642
2122,DoS/DDoS,DoS/DDoS,0.0,0.00038870409189376286,0.9867933162255508,0.009122194059310479,0.0036957856232448416
2123,Normal,Normal,0.0,0.0,0.0,1.0,0.0
2124,Normal,Normal,0.0,0.0,0.0,1.0,0.0
2125,DoS/DDoS,DoS/DDoS,0.0,0.0,1.0,0.0,0.0
2126,Web Attack,Web Attack,0.0,0.3491054568246233,3.7583605044024734e-06,0.0006461599182201886,0.6502446248966521
2127,Brute Force,Brute Force,0.0,1.0,0.0,0.0,0.0
2128,DoS/DDoS,DoS/DDoS,0.0,0.0,1.0,0.0,0.0
2129,DoS/DDoS,DoS/DDoS,0.0,0.0,1.0,0.0,0.0
2130,Brute Force,Brute Force,0.0,1.0,0.0,0.0,0.0
2131,Normal,Normal,0.0,0.0,0.0,1.0,0.0
2132,Normal,Normal,0.0,0.0,0.03637995525206672,0.9636200447479334,0.0
2133,DoS/DDoS,DoS/DDoS,0.0,0.0,1.0,0.0,0.0
2134,Bot,Bot,0.9998566446327857,0.0,2.6673565380087433e-06,0.00014068801067621984,0.0
2135,Normal,Normal,0.0,0.0,0.0,1.0,0.0
2136,DoS/DDoS,DoS/DDoS,0.0,0.0,1.0,0.0,0.0
2137,Normal,Normal,0.0,0.0,0.0,1.0,0.0
2138,DoS/DDoS,DoS/DDoS,0.0,0.0,0.8784205981503763,0.12157940184962364,0.0
2139,DoS/DDoS,DoS/DDoS,0.0,0.0,0.9998464559900256,0.0001535440099744956,0.0
2140,Normal,Normal,0.0,0.0,0.0,1.0,0.0
2141,Brute Force,Brute Force,0.0,1.0,0.0,0.0,0.0
2142,Normal,Normal,0.005245488010424871,0.019916562680018787,0.008356440503269431,0.9567974786486445,0.00968403015764222
2143,Brute Force,Brute Force,0.0,1.0,0.0,0.0,0.0
2144,DoS/DDoS,DoS/DDoS,0.0,0.0,1.0,0.0,0.0
2145,Brute Force,Brute Force,0.0,1.0,0.0,0.0,0.0
2146,Brute Force,Brute Force,0.0,1.0,0.0,0.0,0.0
2147,Brute Force,Brute Force,0.0,1.0,0.0,0.0,0.0
2148,Normal,Normal,0.0,0.0,0.0,1.0,0.0
2149,DoS/DDoS,DoS/DDoS,0.0,0.0,0.9990482730015501,0.000951726998450009,0.0
2150,DoS/DDoS,DoS/DDoS,0.0,0.0,1.0,0.0,0.0
2151,Normal,Normal,0.0,0.0,0.0,1.0,0.0
2152,Brute Force,Web Attack,0.0,0.11129514438692788,3.7583605044024734e-06,0.0006985773754304222,0.8880025198771372
2153,Normal,Normal,0.0,0.0,0.0,1.0,0.0
2154,DoS/DDoS,DoS/DDoS,0.0,0.0,0.9999578253126014,4.217468739862318e-05,0.0
2155,Normal,Normal,0.0,0.0,0.0,1.0,0.0
2156,Brute Force,Brute Force,0.0,1.0,0.0,0.0,0.0
2157,Normal,Normal,0.0,0.0,0.0,1.0,0.0
2158,Brute Force,Brute Force,0.0,0.6696501042129589,5.080590898272907e-05,0.0018929772198680226,0.3284061126581904
2159,Brute Force,Brute Force,0.0,0.9999957572263637,4.242773636295104e-06,0.0,0.0
2160,Brute Force,Brute Force,0.0,1.0,0.0,0.0,0.0
2161,Normal,Normal,0.0,0.0,0.0,1.0,0.0
2162,Brute Force,Brute Force,0.0,0.9999957572263637,4.242773636295104e-06,0.0,0.0
2163,Normal,Normal,0.01,0.0,0.02753693133826405,0.9624630686617358,0.0
2164,DoS/DDoS,DoS/DDoS,0.0,0.0,1.0,0.0,0.0
2165,Brute Force,Brute Force,0.0,1.0,0.0,0.0,0.0
2166,Normal,Normal,0.00015931446215744114,0.03845251062983494,3.805712667943282e-05,0.9065178485663733,0.05483226921495485
2167,Brute Force,Brute Force,0.0,1.0,0.0,0.0,0.0
2168,DoS/DDoS,DoS/DDoS,0.0,0.0,1.0,0.0,0.0
2169,DoS/DDoS,DoS/DDoS,0.0,0.0,1.0,0.0,0.0
2170,DoS/DDoS,DoS/DDoS,0.0,0.0,1.0,0.0,0.0
2171,Brute Force,Brute Force,0.0,1.0,0.0,0.0,0.0
2172,DoS/DDoS,DoS/DDoS,0.0,0.0,1.0,0.0,0.0
2173,DoS/DDoS,DoS/DDoS,0.0,0.0,1.0,0.0,0.0
2174,Brute Force,Web Attack,0.0,0.3435932190747183,7.031744054494311e-06,0.003012264723837348,0.6533874844573898
2175,Normal,Normal,0.0,0.0,0.0,1.0,0.0
2176,DoS/DDoS,DoS/DDoS,0.0,0.0,0.9999456879835311,5.4312016468903834e-05,0.0
2177,Brute Force,Brute Force,0.0,1.0,0.0,0.0,0.0
2178,Web Attack,Web Attack,0.0,0.290952635363973,3.7583605044024734e-06,0.0006541029345634021,0.7083895033409593
2179,Normal,Normal,0.0,0.026549048586735634,0.02,0.9534509514132644,0.0
2180,DoS/DDoS,DoS/DDoS,0.0,0.0,1.0,0.0,0.0
2181,Normal,Normal,0.0,0.0,0.0,1.0,0.0
2182,Bot,Bot,0.9774566334549061,0.0,5.176293157457111e-05,0.022491603613519155,0.0
2183,DoS/DDoS,DoS/DDoS,0.0,0.0,1.0,0.0,0.0
2184,Brute Force,Web Attack,0.0,0.41150299191357576,9.704190934459118e-05,0.0010836278481176674,0.5873163383289619
2185,DoS/DDoS,DoS/DDoS,0.0,0.0,1.0,0.0,0.0
2186,Brute Force,Brute Force,0.0,1.0,0.0,0.0,0.0
2187,DoS/DDoS,DoS/DDoS,0.0,0.0,1.0,0.0,0.0
2188,DoS/DDoS,DoS/DDoS,0.0,0.0,1.0,0.0,0.0
2189,Normal,Normal,0.0,0.02253649563364378,3.805712667943282e-05,0.9601181559565651,0.017307291283111564
2190,Normal,Normal,0.0009224535197838869,0.0,0.011066288708646312,0.9880112577715698,0.0
2191,Normal,Normal,0.0,0.0,0.0,1.0,0.0
2192,Normal,Normal,0.0,0.0,0.0,1.0,0.0
2193,Brute Force,Brute Force,0.0,1.0,0.0,0.0,0.0
2194,Brute Force,Web Attack,0.0,0.318678128369606,3.7583605044024734e-06,0.002171637569150139,0.6791464757007395
2195,Normal,Normal,0.0,0.0,0.0,1.0,0.0
2196,Normal,Normal,0.0,0.0,0.0,1.0,0.0
2197,DoS/DDoS,DoS/DDoS,0.0,0.0,1.0,0.0,0.0
2198,Normal,Normal,0.0,0.0,0.0,1.0,0.0
2199,Normal,Normal,0.0,0.0,0.0,1.0,0.0
2200,Web Attack,Web Attack,0.0,0.15478905412135588,3.7583605044024734e-06,0.0007650736294546168,0.8444421138886848
2201,Brute Force,Brute Force,0.0,1.0,0.0,0.0,0.0
2202,DoS/DDoS,DoS/DDoS,0.0,0.0,0.9990482730015501,0.000951726998450009,0.0
2203,DoS/DDoS,DoS/DDoS,0.0,0.0,1.0,0.0,0.0
2204,DoS/DDoS,DoS/DDoS,0.0,0.0,1.0,0.0,0.0
2205,DoS/DDoS,DoS/DDoS,0.0,0.0,1.0,0.0,0.0
2206,Normal,Normal,0.0,0.0,0.017995320703035837,0.9720046792969641,0.01
2207,DoS/DDoS,DoS/DDoS,0.0,0.0,1.0,0.0,0.0
2208,Brute Force,Brute Force,0.0,0.9999957572263637,4.242773636295104e-06,0.0,0.0
2209,DoS/DDoS,DoS/DDoS,0.0,0.0,1.0,0.0,0.0
2210,DoS/DDoS,DoS/DDoS,0.0,0.0,1.0,0.0,0.0
2211,Brute Force,Brute Force,0.0,0.9999957572263637,4.242773636295104e-06,0.0,0.0
2212,DoS/DDoS,DoS/DDoS,0.0,0.0,1.0,0.0,0.0
2213,Brute Force,Brute Force,0.0,0.9999957572263637,4.242773636295104e-06,0.0,0.0
2214,Normal,Normal,0.0,0.0,0.0,1.0,0.0
2215,Web Attack,Web Attack,0.0,0.3627994383972968,3.7583605044024734e-06,0.0006595413105382648,0.6365372619316606
2216,Normal,Normal,0.0,0.04397843630700363,0.05144446197929259,0.8772216773693416,0.027355424344362052
2217,Normal,Normal,0.0,0.0,0.005057634332328428,0.9949423656676716,0.0
2218,DoS/DDoS,DoS/DDoS,0.0,0.0,1.0,0.0,0.0
2219,DoS/DDoS,DoS/DDoS,0.0,0.0,1.0,0.0,0.0
2220,DoS/DDoS,DoS/DDoS,0.0,0.0,1.0,0.0,0.0
2221,Normal,Normal,0.0,0.0,0.0,1.0,0.0
2222,Normal,Normal,0.0,0.0,0.0,1.0,0.0
2223,Bot,Bot,0.9989730869967411,0.0,2.6673565380087433e-06,0.0010242456467206907,0.0
2224,Normal,Normal,0.0,0.0005844643463966065,0.007068163534279503,0.9886515864960792,0.0036957856232448416
2225,DoS/DDoS,DoS/DDoS,0.0,0.0,1.0,0.0,0.0
2226,DoS/DDoS,DoS/DDoS,0.0,0.0,1.0,0.0,0.0
2227,DoS/DDoS,DoS/DDoS,0.0,0.0,1.0,0.0,0.0
2228,Brute Force,Web Attack,0.0,0.3328857653462212,3.7583605044024734e-06,0.00417561006234293,0.6629348662309313
2229,DoS/DDoS,DoS/DDoS,0.0,0.0,1.0,0.0,0.0
2230,DoS/DDoS,DoS/DDoS,0.0,0.0,1.0,0.0,0.0
2231,DoS/DDoS,DoS/DDoS,0.0,0.0,1.0,0.0,0.0
2232,DoS/DDoS,DoS/DDoS,0.0,0.0,1.0,0.0,0.0
2233,Normal,Normal,0.0,0.0,0.0,1.0,0.0
2234,DoS/DDoS,DoS/DDoS,0.0,0.0,1.0,0.0,0.0
2235,Normal,Normal,0.0,0.0,0.024185463278744976,0.9758145367212551,0.0
2236,Normal,Normal,0.0,0.020850435140693308,0.04096301880828529,0.9191144405182345,0.019072105532786886
2237,Brute Force,Brute Force,0.0,1.0,0.0,0.0,0.0
2238,Normal,Normal,0.0,0.03774863836787503,3.805712667943282e-05,0.9388836678751441,0.02332963663030123
2239,Normal,Normal,0.0,0.0,0.0,1.0,0.0
2240,DoS/DDoS,DoS/DDoS,0.0,0.0,1.0,0.0,0.0
2241,Normal,Normal,0.0,0.0,0.0,1.0,0.0
2242,Normal,Normal,0.0,0.0,0.0,1.0,0.0
2243,Normal,Normal,0.0,0.009426294468326964,0.007078889970484994,0.9797990299379432,0.0036957856232448416
2244,Normal,Normal,0.0,0.0,0.0,1.0,0.0
2245,Brute Force,Brute Force,0.0,1.0,0.0,0.0,0.0
2246,Normal,Normal,0.0,0.0,0.0,1.0,0.0
2247,Normal,Normal,0.0,0.0,0.0,1.0,0.0
2248,Brute Force,Brute Force,0.0,0.9999957572263637,4.242773636295104e-06,0.0,0.0
2249,DoS/DDoS,DoS/DDoS,0.0,0.0,1.0,0.0,0.0
2250,Brute Force,Brute Force,0.0,1.0,0.0,0.0,0.0
2251,DoS/DDoS,DoS/DDoS,0.0,0.0,1.0,0.0,0.0
2252,Normal,Normal,0.0,0.0,0.0,1.0,0.0
2253,Normal,Normal,0.0,0.0,0.0,1.0,0.0
2254,DoS/DDoS,DoS/DDoS,0.0,0.0,1.0,0.0,0.0
2255,Web Attack,Web Attack,0.0,0.09932921582073824,3.7583605044024734e-06,0.0008083763811711506,0.8998586494375864
2256,Normal,Normal,0.0,0.0,0.04563214434046142,0.9543678556595385,0.0
2257,DoS/DDoS,DoS/DDoS,0.0,0.0,1.0,0.0,0.0
2258,Normal,Normal,0.0,0.0,0.0,1.0,0.0
2259,Brute Force,Brute Force,0.0,1.0,0.0,0.0,0.0
2260,DoS/DDoS,DoS/DDoS,0.0,0.0,0.9933501667460696,0.006649833253930443,0.0
2261,Normal,Normal,0.3319111839438132,0.0,1.9448812743237454e-05,0.6680693672434436,0.0
2262,Normal,Normal,0.0,0.0,0.0,1.0,0.0
2263,DoS/DDoS,DoS/DDoS,0.0,0.0,1.0,0.0,0.0
2264,DoS/DDoS,DoS/DDoS,0.0,0.0,1.0,0.0,0.0
2265,Bot,Bot,0.958782928521151,0.0,3.700861649006183e-05,0.041180062862358896,0.0
2266,Brute Force,Brute Force,0.0,1.0,0.0,0.0,0.0
2267,DoS/DDoS,DoS/DDoS,0.0,0.0,1.0,0.0,0.0
2268,Brute Force,Brute Force,0.0,0.9999957572263637,4.242773636295104e-06,0.0,0.0
2269,Brute Force,Brute Force,0.0,1.0,0.0,0.0,0.0
2270,DoS/DDoS,DoS/DDoS,0.0,0.0,1.0,0.0,0.0
2271,DoS/DDoS,DoS/DDoS,0.0,0.0,0.987000887292289,0.012999112707711005,0.0
2272,Normal,Normal,0.0,0.023166724596054886,3.805712667943282e-05,0.9615252435917943,0.01526997468547138
2273,Normal,Normal,0.0,0.0,0.0,1.0,0.0
2274,Brute Force,Brute Force,0.0,1.0,0.0,0.0,0.0
2275,DoS/DDoS,DoS/DDoS,0.0,0.0,1.0,0.0,0.0
2276,Web Attack,Web Attack,0.0,0.22241921080459132,3.7583605044024734e-06,0.0006985773754304222,0.7768784534594738
2277,DoS/DDoS,DoS/DDoS,0.0,0.0,1.0,0.0,0.0
2278,DoS/DDoS,DoS/DDoS,0.0,0.0,1.0,0.0,0.0
2279,Normal,Normal,0.0,0.0,0.0,1.0,0.0
2280,Bot,Bot,0.9761942617324897,0.0,5.176293157457111e-05,0.02375397533593576,0.0
2281,DoS/DDoS,DoS/DDoS,0.0,0.0,1.0,0.0,0.0
2282,Brute Force,Brute Force,0.0,1.0,0.0,0.0,0.0
2283,DoS/DDoS,DoS/DDoS,0.0,0.0,1.0,0.0,0.0
2284,Brute Force,Web Attack,0.0,0.30168352151683187,9.704190934459118e-05,0.0014608484123756534,0.6967585881614476
2285,DoS/DDoS,DoS/DDoS,0.0,0.0,1.0,0.0,0.0
2286,DoS/DDoS,DoS/DDoS,0.0,0.0036969207005309855,0.9680403039697546,0.010913342915640403,0.017349432414074103
2287,DoS/DDoS,DoS/DDoS,0.0,0.0,1.0,0.0,0.0
2288,DoS/DDoS,DoS/DDoS,0.0,0.0,1.0,0.0,0.0
2289,Bot,Bot,1.0,0.0,0.0,0.0,0.0
2290,Normal,Normal,0.05282308047201436,0.0018478621839648542,0.0,0.9407375046726005,0.00459155267142032
2291,Brute Force,Web Attack,0.0,0.18108326418970327,3.7583605044024734e-06,0.0006808753718454345,0.818232102077947
2292,Normal,Normal,0.0,0.0,0.0,1.0,0.0
2293,Normal,Normal,0.0,0.0,0.0,1.0,0.0
2294,Brute Force,Brute Force,0.0,1.0,0.0,0.0,0.0
2295,DoS/DDoS,DoS/DDoS,0.0,0.0,1.0,0.0,0.0
2296,Normal,Normal,0.0,0.0,0.00404049358708552,0.9959595064129145,0.0
2297,Normal,Normal,0.0,0.0,0.0,1.0,0.0
2298,DoS/DDoS,DoS/DDoS,0.0,0.0,1.0,0.0,0.0
2299,DoS/DDoS,DoS/DDoS,0.0,0.0,1.0,0.0,0.0
2300,Normal,Normal,0.013933395649083533,0.003112419453541735,0.0,0.9705664143684173,0.012387770528957337
2301,Brute Force,Brute Force,0.0,1.0,0.0,0.0,0.0
2302,Brute Force,Brute Force,0.0,1.0,0.0,0.0,0.0
2303,DoS/DDoS,DoS/DDoS,0.0,0.0,0.995038421673398,0.004961578326602094,0.0
2304,Normal,Normal,0.0,0.0,0.0,1.0,0.0
2305,Brute Force,Brute Force,0.0,1.0,0.0,0.0,0.0
2306,DoS/DDoS,DoS/DDoS,0.0,0.0,1.0,0.0,0.0
2307,DoS/DDoS,DoS/DDoS,0.0,0.0,0.9999456879835311,5.4312016468903834e-05,0.0
2308,Brute Force,Brute Force,0.0,0.9999957572263637,4.242773636295104e-06,0.0,0.0
2309,Normal,Normal,0.0,0.0,0.0,1.0,0.0
2310,DoS/DDoS,DoS/DDoS,0.0,0.0,1.0,0.0,0.0
2311,Normal,Normal,0.0,0.023478912108049758,0.03498596263404661,0.8731993508005992,0.06833577445730434
2312,Normal,Normal,0.0,0.0,0.0,1.0,0.0
2313,DoS/DDoS,DoS/DDoS,0.0,0.0,1.0,0.0,0.0
2314,DoS/DDoS,DoS/DDoS,0.0,0.0,1.0,0.0,0.0
2315,Normal,Normal,0.0,0.0,0.0,1.0,0.0
2316,DoS/DDoS,DoS/DDoS,0.0,0.0,1.0,0.0,0.0
2317,Normal,Normal,0.0,0.0,0.0,1.0,0.0
2318,DoS/DDoS,DoS/DDoS,0.0,0.0,0.9999456879835311,5.4312016468903834e-05,0.0
2319,DoS/DDoS,DoS/DDoS,0.0,0.0,1.0,0.0,0.0
2320,Normal,Normal,0.0,0.0533665283223613,0.003484207557811618,0.8941320569076031,0.04901720721222398
2321,Normal,Normal,0.0,0.0,0.006322785845879518,0.9840083763070173,0.009668837847103188
2322,DoS/DDoS,DoS/DDoS,0.0,0.0,1.0,0.0,0.0
2323,Normal,Normal,0.0,0.0,0.01,0.99,0.0
2324,Brute Force,Brute Force,0.0,0.6377228847233386,0.00010758034535900212,0.0014842434053357872,0.3606852915259666
2325,DoS/DDoS,DoS/DDoS,0.0,0.00038870409189376286,0.9879698910154181,0.007945619269443389,0.0036957856232448416
2326,DoS/DDoS,DoS/DDoS,0.0,0.0,1.0,0.0,0.0
2327,Normal,Normal,0.0,0.0,0.0,1.0,0.0
2328,Brute Force,Brute Force,0.0,1.0,0.0,0.0,0.0
2329,Brute Force,Brute Force,0.0,1.0,0.0,0.0,0.0
2330,Normal,Normal,0.0,0.0,0.0,1.0,0.0
2331,Normal,Normal,0.0,0.0,0.0,1.0,0.0
2332,DoS/DDoS,DoS/DDoS,0.0,0.0,0.9987890302627358,0.0012109697372642075,0.0
2333,Normal,Normal,0.0,0.0,0.0,1.0,0.0
2334,DoS/DDoS,DoS/DDoS,0.0,0.0,0.9980348010042774,0.001965198995722525,0.0
2335,Brute Force,Brute Force,0.0,1.0,0.0,0.0,0.0
2336,Normal,Normal,0.0,0.0,0.0,1.0,0.0
2337,DoS/DDoS,DoS/DDoS,0.0,0.0,1.0,0.0,0.0
2338,DoS/DDoS,DoS/DDoS,0.0,0.0038229481196815807,0.9928146792248868,0.003362372655431782,0.0
2339,DoS/DDoS,DoS/DDoS,0.0,0.0,1.0,0.0,0.0
2340,DoS/DDoS,DoS/DDoS,0.0,0.0,1.0,0.0,0.0
2341,DoS/DDoS,DoS/DDoS,0.0,0.0,1.0,0.0,0.0
2342,Brute Force,Brute Force,0.0,1.0,0.0,0.0,0.0
2343,Normal,Normal,0.0,0.0,0.0,1.0,0.0
2344,DoS/DDoS,DoS/DDoS,0.0,0.0,1.0,0.0,0.0
2345,DoS/DDoS,DoS/DDoS,0.0,0.0,0.9950057191878753,0.004994280812124678,0.0
2346,Normal,Normal,0.0,0.0,0.0,1.0,0.0
2347,DoS/DDoS,DoS/DDoS,0.0,0.0,1.0,0.0,0.0
2348,Normal,Normal,0.0,0.0,0.0,1.0,0.0
2349,DoS/DDoS,DoS/DDoS,0.0,0.0,0.9999456879835311,5.4312016468903834e-05,0.0
2350,DoS/DDoS,DoS/DDoS,0.0,0.0,1.0,0.0,0.0
2351,Normal,Normal,0.0,0.041497481368409736,0.04,0.8515229691178874,0.06697954951370272
2352,Brute Force,Brute Force,0.0,1.0,0.0,0.0,0.0
2353,DoS/DDoS,DoS/DDoS,0.0,0.0,1.0,0.0,0.0
2354,Brute Force,Web Attack,0.0,0.22043783330444466,3.7583605044024734e-06,0.0006595413105382648,0.7788988670245126
2355,Normal,Normal,0.0,0.0,0.0,1.0,0.0
2356,DoS/DDoS,DoS/DDoS,0.0,0.0,0.9946950710995064,0.005304928900493567,0.0
2357,Brute Force,Brute Force,0.0,1.0,0.0,0.0,0.0
2358,Bot,Bot,0.9859782105051415,0.0,2.6673565380087433e-06,0.01401912213832061,0.0
2359,Brute Force,Brute Force,0.0,1.0,0.0,0.0,0.0
2360,DoS/DDoS,DoS/DDoS,0.0,0.0,1.0,0.0,0.0
2361,Brute Force,Brute Force,0.0,1.0,0.0,0.0,0.0
2362,Normal,Normal,0.0,0.0,0.0,1.0,0.0
2363,Brute Force,Brute Force,0.0,1.0,0.0,0.0,0.0
2364,Brute Force,Brute Force,0.0,1.0,0.0,0.0,0.0
2365,Normal,Normal,0.0,0.0,0.0,1.0,0.0
2366,Normal,Normal,0.0,0.0,0.0,1.0,0.0
2367,Brute Force,Brute Force,0.0,1.0,0.0,0.0,0.0
2368,DoS/DDoS,DoS/DDoS,0.0,0.0,1.0,0.0,0.0
2369,DoS/DDoS,DoS/DDoS,0.0,0.0,1.0,0.0,0.0
2370,Brute Force,Brute Force,0.0,0.9999957572263637,4.242773636295104e-06,0.0,0.0
2371,DoS/DDoS,DoS/DDoS,0.0,0.0,1.0,0.0,0.0
2372,Normal,Normal,0.0,0.0,0.14582928016161018,0.8541707198383898,0.0
2373,Brute Force,Brute Force,0.0,1.0,0.0,0.0,0.0
2374,Normal,Normal,0.0,0.04275854166560915,0.00013457106561963117,0.9417632165841897,0.015343670684581541
2375,DoS/DDoS,DoS/DDoS,0.0,0.0,0.9866376273445683,0.013362372655431783,0.0
2376,DoS/DDoS,DoS/DDoS,0.0,0.0,1.0,0.0,0.0
2377,DoS/DDoS,DoS/DDoS,0.0,0.0,1.0,0.0,0.0
2378,Brute Force,Brute Force,0.0,1.0,0.0,0.0,0.0
2379,Normal,Normal,0.0,0.0,0.0,1.0,0.0
2380,Normal,Normal,0.09232088311903912,0.01,2.6673565380087433e-06,0.8976764495244228,0.0
2381,Bot,Bot,0.9745843687457758,0.0,5.176293157457111e-05,0.02536386832264943,0.0
2382,Normal,Normal,0.0,0.0,0.0,1.0,0.0
2383,Brute Force,Brute Force,0.0,1.0,0.0,0.0,0.0
2384,Brute Force,Brute Force,0.0,1.0,0.0,0.0,0.0
2385,Brute Force,Brute Force,0.0,0.9999957572263637,4.242773636295104e-06,0.0,0.0
2386,Brute Force,Brute Force,0.0,1.0,0.0,0.0,0.0
2387,Normal,Normal,0.0,0.0,0.0,1.0,0.0
2388,Normal,Normal,0.0,0.0,0.0,1.0,0.0
2389,Normal,Normal,0.0,0.0,0.0020034450584942225,0.9979965549415059,0.0
2390,Normal,Normal,0.0,0.0,0.0,1.0,0.0
2391,Normal,Normal,0.0,0.021749362609295705,0.00497414315774457,0.9732764942329597,0.0
2392,DoS/DDoS,DoS/DDoS,0.0,0.0,1.0,0.0,0.0
2393,Brute Force,Brute Force,0.0,1.0,0.0,0.0,0.0
2394,Normal,Normal,0.0,0.01930086225388114,0.02502327477652961,0.9556758629695894,0.0
2395,Normal,Normal,0.0,0.022359825432005556,0.002132745987911244,0.9672275789138041,0.0082798496662791
2396,Normal,Normal,0.0,0.0,1.9051442161899594e-05,0.9999809485578381,0.0
2397,DoS/DDoS,DoS/DDoS,0.0,0.0,1.0,0.0,0.0
2398,Normal,Normal,0.0,0.0,0.0067007320087460786,0.9932992679912539,0.0
2399,DoS/DDoS,DoS/DDoS,0.0,0.0,0.9999456879835311,5.4312016468903834e-05,0.0
2400,Normal,Normal,0.0,0.0,0.0,1.0,0.0
2401,DoS/DDoS,DoS/DDoS,0.0,0.0,1.0,0.0,0.0
2402,Brute Force,Brute Force,0.0,1.0,0.0,0.0,0.0
2403,DoS/DDoS,DoS/DDoS,0.0,0.0,1.0,0.0,0.0
2404,Normal,Normal,0.0,0.0,0.0,1.0,0.0
2405,Normal,Normal,0.0,0.0,0.0,1.0,0.0
2406,DoS/DDoS,DoS/DDoS,0.0,0.0,1.0,0.0,0.0
2407,Brute Force,Brute Force,0.0,1.0,0.0,0.0,0.0
2408,DoS/DDoS,DoS/DDoS,0.0,0.0,1.0,0.0,0.0
2409,DoS/DDoS,DoS/DDoS,0.0,0.0,0.9989659894674472,0.001034010532552832,0.0
2410,DoS/DDoS,DoS/DDoS,0.0,0.0,1.0,0.0,0.0
2411,DoS/DDoS,DoS/DDoS,0.0,0.0,1.0,0.0,0.0
2412,Normal,Normal,0.0,0.0,0.0,1.0,0.0
2413,Brute Force,Brute Force,0.0,0.9925770079217218,0.0,0.007422992078278186,0.0
2414,DoS/DDoS,DoS/DDoS,0.0,0.0,1.0,0.0,0.0
2415,Normal,Normal,0.0,0.0,0.0,1.0,0.0
2416,DoS/DDoS,DoS/DDoS,0.0,0.0,1.0,0.0,0.0
2417,Normal,Normal,0.0,0.0,0.0,1.0,0.0
2418,Normal,Normal,0.0,0.0,0.0,1.0,0.0
2419,Normal,Normal,0.0,0.005215845290081098,0.04863949161038469,0.9461446630995343,0.0
2420,Normal,Normal,0.0,0.0,0.0,1.0,0.0
2421,Normal,Normal,0.0,0.0,0.004014355293514483,0.9959856447064855,0.0
2422,Normal,Bot,0.8436773064619958,0.0,5.176293157457111e-05,0.15627093060642946,0.0
2423,Bot,Bot,0.9986366218516386,0.0,2.6673565380087433e-06,0.0013607107918232814,0.0
2424,DoS/DDoS,DoS/DDoS,0.0,0.0,1.0,0.0,0.0
2425,Normal,Normal,0.0,0.0,0.0,1.0,0.0
2426,DoS/DDoS,DoS/DDoS,0.0,0.0,1.0,0.0,0.0
2427,Normal,Normal,0.0,0.0,0.0,1.0,0.0
2428,DoS/DDoS,DoS/DDoS,0.0,0.0,1.0,0.0,0.0
2429,Brute Force,Brute Force,0.0,0.6780029016813228,5.080590898272907e-05,0.0024164018989749543,0.3195298905107195
2430,Normal,Normal,0.0,0.03452482977101396,3.805712667943282e-05,0.9543894136869707,0.011047699415335923
2431,Brute Force,Brute Force,0.0,0.724625670783198,5.080590898272907e-05,0.0018929772198680226,0.2734305460879512
2432,DoS/DDoS,DoS/DDoS,0.0,0.0,1.0,0.0,0.0
2433,DoS/DDoS,DoS/DDoS,0.0,0.0,0.9999456879835311,5.4312016468903834e-05,0.0
2434,Bot,Bot,1.0,0.0,0.0,0.0,0.0
2435,DoS/DDoS,DoS/DDoS,0.0,0.0,0.9999878626709298,1.213732907028066e-05,0.0
2436,Brute Force,Brute Force,0.0,0.7743346187796726,0.00010758034535900212,0.0050644167107639524,0.22049338416420447
2437,Normal,Normal,0.0,0.0,0.0,1.0,0.0
2438,Normal,Normal,0.0,0.0,0.0,1.0,0.0
2439,Normal,Normal,0.0,0.0,0.0,1.0,0.0
2440,DoS/DDoS,DoS/DDoS,0.0,0.0,1.0,0.0,0.0
2441,Normal,Normal,0.0,0.0,0.0,1.0,0.0
2442,Normal,Normal,0.0,0.0,0.0,1.0,0.0
2443,Normal,Normal,0.0,0.0057827237403643,0.21993341519194373,0.7533616317005589,0.020922229367132835
2444,Normal,Normal,0.0,0.0,0.003346630574155863,0.9966533694258441,0.0
2445,DoS/DDoS,DoS/DDoS,0.0,0.0,1.0,0.0,0.0
2446,DoS/DDoS,DoS/DDoS,0.0,0.0,1.0,0.0,0.0
2447,DoS/DDoS,DoS/DDoS,0.0,0.0,0.9999456879835311,5.4312016468903834e-05,0.0
2448,Normal,Normal,0.0,0.0,0.015048602456827487,0.9849513975431725,0.0
2449,Normal,Normal,0.0,0.0,0.0,1.0,0.0
2450,Brute Force,Brute Force,0.0,1.0,0.0,0.0,0.0
2451,Normal,Normal,0.0,0.0,0.0,1.0,0.0
2452,Brute Force,Brute Force,0.0,0.9999957572263637,4.242773636295104e-06,0.0,0.0
2453,Brute Force,Brute Force,0.0,1.0,0.0,0.0,0.0
2454,Normal,Normal,0.0,0.004708484101714061,0.0,0.9861843524433751,0.009107163454910886
2455,Normal,Bot,0.8054799426941095,0.0,0.0004136252086856998,0.19410643209720466,0.0
2456,Brute Force,Brute Force,0.0,0.9999957572263637,4.242773636295104e-06,0.0,0.0
2457,DoS/DDoS,DoS/DDoS,0.0,0.0,1.0,0.0,0.0
2458,DoS/DDoS,DoS/DDoS,0.0,0.0,1.0,0.0,0.0
2459,DoS/DDoS,DoS/DDoS,0.0,0.0,0.9998464559900256,0.0001535440099744956,0.0
2460,DoS/DDoS,DoS/DDoS,0.0,0.0,1.0,0.0,0.0
2461,DoS/DDoS,DoS/DDoS,0.0,0.0,1.0,0.0,0.0
2462,Normal,Normal,0.0,0.0,0.0,1.0,0.0
2463,Brute Force,Brute Force,0.0,1.0,0.0,0.0,0.0
2464,Normal,Normal,0.00840167865707434,0.0,0.01,0.9815983213429257,0.0
2465,Normal,Normal,0.0,0.0,0.0,1.0,0.0
2466,Normal,Normal,0.0,0.0,0.0,1.0,0.0
2467,DoS/DDoS,DoS/DDoS,0.0,0.0,1.0,0.0,0.0
2468,Normal,Normal,0.0,0.0,0.0,1.0,0.0
2469,Brute Force,Brute Force,0.0,0.9999957572263637,4.242773636295104e-06,0.0,0.0
2470,DoS/DDoS,DoS/DDoS,0.0,0.0,1.0,0.0,0.0
2471,Normal,Normal,0.0,0.0,0.01,0.99,0.0
2472,DoS/DDoS,DoS/DDoS,0.0,0.0,1.0,0.0,0.0
2473,Brute Force,Brute Force,0.0,0.9999957572263637,4.242773636295104e-06,0.0,0.0
2474,DoS/DDoS,DoS/DDoS,0.0,0.0,1.0,0.0,0.0
2475,Normal,Normal,0.0,0.030524651340030226,3.805712667943282e-05,0.9612459968304767,0.00819129470281343
2476,Brute Force,Web Attack,0.0,0.2784260342419096,7.031744054494311e-06,0.0007967054667357337,0.7207702285473
2477,Normal,Normal,0.0,0.0,0.0,1.0,0.0
2478,DoS/DDoS,DoS/DDoS,0.0,0.0,0.9948493055361348,0.0051506944638652005,0.0
2479,Brute Force,Brute Force,0.0,0.9999957572263637,4.242773636295104e-06,0.0,0.0
2480,Brute Force,Brute Force,0.0,1.0,0.0,0.0,0.0
2481,Normal,Normal,0.0,0.0,0.0,1.0,0.0
2482,Normal,Normal,0.0,0.0,0.0,1.0,0.0
2483,Normal,Normal,0.2795166820313774,0.0,1.9448812743237454e-05,0.7204638691558791,0.0
2484,Normal,Normal,0.0,0.0,0.0,1.0,0.0
2485,Brute Force,Brute Force,0.0,0.895177861808057,0.00020549256613933774,0.05787433581813768,0.04674230980766586
2486,Normal,Normal,0.0,0.010007946785100695,0.028959728781004942,0.955961560368677,0.005070764065217382
2487,DoS/DDoS,DoS/DDoS,0.0,0.0,1.0,0.0,0.0
2488,Normal,Normal,0.0,0.0,0.0,1.0,0.0
2489,DoS/DDoS,DoS/DDoS,0.0,0.0,1.0,0.0,0.0
2490,Normal,Normal,0.0,0.0,0.0,1.0,0.0
2491,DoS/DDoS,DoS/DDoS,0.0,0.0,1.0,0.0,0.0
2492,Brute Force,Brute Force,0.0,1.0,0.0,0.0,0.0
2493,Brute Force,Brute Force,0.0,1.0,0.0,0.0,0.0
2494,Normal,Normal,0.0,0.0,0.0,1.0,0.0
2495,Normal,Normal,0.0,0.0,0.0,1.0,0.0
2496,Brute Force,Brute Force,0.0,1.0,0.0,0.0,0.0
2497,Bot,Bot,1.0,0.0,0.0,0.0,0.0
2498,DoS/DDoS,DoS/DDoS,0.0,0.0,1.0,0.0,0.0
2499,DoS/DDoS,DoS/DDoS,0.0,0.0,1.0,0.0,0.0
2500,Normal,Normal,0.0,0.0,0.0,1.0,0.0
2501,Normal,Normal,0.0,0.001729909887668189,0.0,0.9882700901123317,0.01
2502,DoS/DDoS,DoS/DDoS,0.0,0.0,1.0,0.0,0.0
2503,Normal,Normal,0.0,0.0,0.0,1.0,0.0
2504,Brute Force,Brute Force,0.0,1.0,0.0,0.0,0.0
2505,DoS/DDoS,DoS/DDoS,0.0,0.0,1.0,0.0,0.0
2506,Normal,Normal,0.0,0.0,0.0,1.0,0.0
2507,Normal,Normal,0.0,0.0,0.0,1.0,0.0
2508,DoS/DDoS,DoS/DDoS,0.0,0.0,1.0,0.0,0.0
2509,Normal,Normal,0.0,0.01765973513007153,0.0006009012820678459,0.9730682237282415,0.008671139859618893
2510,DoS/DDoS,DoS/DDoS,0.0,0.0,1.0,0.0,0.0
2511,Brute Force,Brute Force,0.0,1.0,0.0,0.0,0.0
2512,Brute Force,Brute Force,0.0,1.0,0.0,0.0,0.0
2513,Normal,Normal,0.0,0.0,0.0,1.0,0.0
2514,DoS/DDoS,DoS/DDoS,0.0,0.0,1.0,0.0,0.0
2515,Normal,Normal,0.0,0.0,0.0,1.0,0.0
2516,DoS/DDoS,DoS/DDoS,0.0,0.0,1.0,0.0,0.0
2517,Bot,Bot,0.9227365526907252,0.0,0.00021135948557725128,0.07705208782369771,0.0
2518,Normal,Normal,0.0,0.0,0.0,1.0,0.0
2519,Brute Force,Brute Force,0.0,0.9999957572263637,4.242773636295104e-06,0.0,0.0
2520,Brute Force,Brute Force,0.0,1.0,0.0,0.0,0.0
2521,Normal,Normal,0.0,0.0,0.0,1.0,0.0
2522,DoS/DDoS,DoS/DDoS,0.0,0.0,1.0,0.0,0.0
2523,DoS/DDoS,DoS/DDoS,0.0,0.0,1.0,0.0,0.0
2524,DoS/DDoS,DoS/DDoS,0.0,0.0,1.0,0.0,0.0
2525,Brute Force,Brute Force,0.0,1.0,0.0,0.0,0.0
2526,DoS/DDoS,DoS/DDoS,0.0,0.0,0.9999878626709298,1.213732907028066e-05,0.0
2527,DoS/DDoS,DoS/DDoS,0.0,0.0,0.9999878626709298,1.213732907028066e-05,0.0
2528,DoS/DDoS,DoS/DDoS,0.0,0.0,1.0,0.0,0.0
2529,Normal,Normal,0.0,0.0,0.0,1.0,0.0
2530,DoS/DDoS,DoS/DDoS,0.0,0.0,1.0,0.0,0.0
2531,DoS/DDoS,DoS/DDoS,0.0,0.0,1.0,0.0,0.0
2532,Brute Force,Brute Force,0.0,0.9999957572263637,4.242773636295104e-06,0.0,0.0
2533,DoS/DDoS,DoS/DDoS,0.0,0.0,1.0,0.0,0.0
2534,DoS/DDoS,DoS/DDoS,0.0,0.0,1.0,0.0,0.0
2535,DoS/DDoS,DoS/DDoS,0.0,0.0,1.0,0.0,0.0
2536,DoS/DDoS,DoS/DDoS,0.0,0.0,1.0,0.0,0.0
2537,DoS/DDoS,DoS/DDoS,0.0,0.0,1.0,0.0,0.0
2538,Normal,Normal,0.0,0.0,0.0,1.0,0.0
2539,Normal,Normal,0.0,0.0,0.0,1.0,0.0
2540,Normal,Normal,0.0,0.0,0.0,1.0,0.0
2541,DoS/DDoS,DoS/DDoS,0.0,0.0,1.0,0.0,0.0
2542,Brute Force,Web Attack,0.0,0.09129537760986961,3.7583605044024734e-06,0.0007365443631225058,0.9079643196665035
2543,DoS/DDoS,DoS/DDoS,0.0,0.0,1.0,0.0,0.0
2544,Brute Force,Brute Force,0.0,0.9999957572263637,4.242773636295104e-06,0.0,0.0
2545,Normal,Normal,0.0,0.026306797052051703,3.805712667943282e-05,0.9555276569913491,0.018127488829919564
2546,Normal,Normal,0.0,0.0,0.0,1.0,0.0
2547,DoS/DDoS,DoS/DDoS,0.0,0.00038870409189376286,0.987774251869666,0.008141258415195392,0.0036957856232448416
2548,DoS/DDoS,DoS/DDoS,0.0,0.0,0.9998464559900256,0.0001535440099744956,0.0
2549,Brute Force,Brute Force,0.0,1.0,0.0,0.0,0.0
2550,Brute Force,Brute Force,0.0,1.0,0.0,0.0,0.0
2551,Normal,Normal,0.0,0.029709036262818192,3.805712667943282e-05,0.9521254177805828,0.018127488829919564
2552,Brute Force,Brute Force,0.0,1.0,0.0,0.0,0.0
2553,DoS/DDoS,DoS/DDoS,0.0,0.0,1.0,0.0,0.0
2554,DoS/DDoS,DoS/DDoS,0.0,0.0,1.0,0.0,0.0
2555,DoS/DDoS,DoS/DDoS,0.0,0.0,1.0,0.0,0.0
2556,Normal,Normal,0.0,0.0,0.0,1.0,0.0
2557,Normal,Normal,0.0,0.0,0.01753200616446844,0.9824679938355315,0.0
2558,Brute Force,Brute Force,0.0,1.0,0.0,0.0,0.0
2559,DoS/DDoS,DoS/DDoS,0.0,0.0,1.0,0.0,0.0
2560,Normal,Normal,0.06945488319767526,0.0028796591774253645,0.0,0.9276654576248994,0.0
2561,Normal,Normal,0.0,0.0,0.004037787466871848,0.9959622125331282,0.0
2562,Brute Force,Brute Force,0.0,0.9999957572263637,4.242773636295104e-06,0.0,0.0
2563,Brute Force,Brute Force,0.0,1.0,0.0,0.0,0.0
2564,Normal,Normal,0.003158147956495161,0.004008030630615508,0.002799480259706183,0.9695761013993021,0.02045823975388096
2565,DoS/DDoS,DoS/DDoS,0.0,0.0,1.0,0.0,0.0
2566,Brute Force,Brute Force,0.0,1.0,0.0,0.0,0.0
2567,Normal,Normal,0.0,0.0,0.0,1.0,0.0
2568,DoS/DDoS,DoS/DDoS,0.0,0.0,1.0,0.0,0.0
2569,Brute Force,Brute Force,0.0,1.0,0.0,0.0,0.0
2570,DoS/DDoS,DoS/DDoS,0.0,0.0,1.0,0.0,0.0
2571,Brute Force,Brute Force,0.0,1.0,0.0,0.0,0.0
2572,DoS/DDoS,DoS/DDoS,0.0,0.0,1.0,0.0,0.0
2573,Normal,Normal,0.0,0.0,0.0,1.0,0.0
2574,Brute Force,Brute Force,0.0,1.0,0.0,0.0,0.0
2575,Brute Force,Brute Force,0.0,1.0,0.0,0.0,0.0
2576,Brute Force,Brute Force,0.0,1.0,0.0,0.0,0.0
2577,Brute Force,Brute Force,0.0,0.9690976418310744,0.0,0.030902358168925673,0.0
2578,Normal,Normal,0.3457838690165717,0.0,1.9448812743237454e-05,0.654196682170685,0.0
2579,Normal,Normal,0.0,0.0038513271409277576,0.0,0.9961486728590723,0.0
2580,Normal,Normal,0.0,0.0,0.0,1.0,0.0
2581,Brute Force,Brute Force,0.0,0.9999957572263637,4.242773636295104e-06,0.0,0.0
2582,Normal,Normal,0.0,0.0,0.0,1.0,0.0
2583,Normal,Normal,0.0,0.0,0.0,1.0,0.0
2584,DoS/DDoS,DoS/DDoS,0.0,0.0,1.0,0.0,0.0
2585,Brute Force,Brute Force,0.0,1.0,0.0,0.0,0.0
2586,Brute Force,Brute Force,0.0,1.0,0.0,0.0,0.0
2587,DoS/DDoS,DoS/DDoS,0.0,0.0,1.0,0.0,0.0
2588,Normal,Normal,0.0,0.0,0.0,1.0,0.0
2589,Normal,Normal,0.0,0.0,0.0,1.0,0.0
2590,DoS/DDoS,DoS/DDoS,0.0,0.0,1.0,0.0,0.0
2591,Brute Force,Brute Force,0.0,1.0,0.0,0.0,0.0
2592,Normal,Normal,0.0,0.0,0.0,1.0,0.0
2593,Normal,Normal,0.0,0.0,0.0033130569086372817,0.9966869430913627,0.0
2594,DoS/DDoS,DoS/DDoS,0.0,0.0,1.0,0.0,0.0
2595,DoS/DDoS,DoS/DDoS,0.0,0.0,1.0,0.0,0.0
2596,Brute Force,Brute Force,0.0,1.0,0.0,0.0,0.0
2597,DoS/DDoS,DoS/DDoS,0.0,0.0,1.0,0.0,0.0
2598,Web Attack,Web Attack,0.0,0.1972145747675087,3.7583605044024734e-06,0.0006461599182201886,0.8021355069537667
2599,Normal,Normal,0.0,0.017623603309925476,3.805712667943282e-05,0.9783464793047224,0.003991860258672511
2600,Brute Force,Brute Force,0.0,0.897649780169592,0.00010897862719913938,0.03994602170610217,0.06229521949710682
2601,DoS/DDoS,DoS/DDoS,0.0,0.0,1.0,0.0,0.0
2602,DoS/DDoS,DoS/DDoS,0.0,0.0,1.0,0.0,0.0
2603,DoS/DDoS,DoS/DDoS,0.0,0.0,1.0,0.0,0.0
2604,Brute Force,Brute Force,0.0,1.0,0.0,0.0,0.0
2605,DoS/DDoS,DoS/DDoS,0.0,0.0,1.0,0.0,0.0
2606,DoS/DDoS,DoS/DDoS,0.0,0.0,1.0,0.0,0.0
2607,DoS/DDoS,DoS/DDoS,0.0,0.0,1.0,0.0,0.0
2608,DoS/DDoS,DoS/DDoS,0.0,0.0,1.0,0.0,0.0
2609,DoS/DDoS,DoS/DDoS,0.0,0.0,1.0,0.0,0.0
2610,Normal,Normal,0.0,0.05177959200791728,0.00013457106561963117,0.9327421662418816,0.015343670684581541
2611,DoS/DDoS,DoS/DDoS,0.0,0.0,1.0,0.0,0.0
2612,Normal,Normal,0.0,0.0,0.0,1.0,0.0
2613,Brute Force,Brute Force,0.0,1.0,0.0,0.0,0.0
2614,DoS/DDoS,DoS/DDoS,0.0,0.0,1.0,0.0,0.0
2615,Normal,Normal,0.0,0.0,0.0,1.0,0.0
2616,DoS/DDoS,DoS/DDoS,0.0,0.0,1.0,0.0,0.0
2617,Normal,Normal,0.0,0.007915180340864051,0.0,0.9920848196591359,0.0
2618,Normal,Normal,0.0,0.0,0.0,1.0,0.0
2619,Brute Force,Brute Force,0.0,1.0,0.0,0.0,0.0
2620,Normal,Normal,0.0,0.007207266188343806,3.805712667943282e-05,0.9794027757057355,0.013351900979241127
2621,DoS/DDoS,DoS/DDoS,0.0,0.0,1.0,0.0,0.0
2622,Normal,Normal,0.0,0.0,0.0,1.0,0.0
2623,Normal,Normal,0.0,0.0,0.006637893828226155,0.9933621061717739,0.0
2624,Normal,Normal,0.0,0.0,0.0280348010042775,0.9719651989957225,0.0
2625,Brute Force,Brute Force,0.0,0.9999957572263637,4.242773636295104e-06,0.0,0.0
2626,Normal,Normal,0.0,0.004865100087032202,0.08569643143202253,0.9094384684809451,0.0
2627,Normal,Normal,0.0011706116709632062,0.0028796591774253645,0.001678080152444471,0.9942716489991669,0.0
2628,DoS/DDoS,DoS/DDoS,0.0,0.0,1.0,0.0,0.0
2629,DoS/DDoS,DoS/DDoS,0.0,0.0,0.9959653069769915,0.004034693023008568,0.0
2630,Brute Force,Brute Force,0.0,0.9999957572263637,4.242773636295104e-06,0.0,0.0
2631,DoS/DDoS,DoS/DDoS,0.0,0.0,1.0,0.0,0.0
2632,Brute Force,Brute Force,0.0,1.0,0.0,0.0,0.0
2633,Brute Force,Brute Force,0.0,1.0,0.0,0.0,0.0
2634,DoS/DDoS,DoS/DDoS,0.0,0.0,1.0,0.0,0.0
2635,DoS/DDoS,DoS/DDoS,0.0,0.0,0.9999456879835311,5.4312016468903834e-05,0.0
2636,Normal,Normal,0.0,0.0,0.012539217824652666,0.9778032336265897,0.009657548548757569
2637,Brute Force,Web Attack,0.0,0.4801798649366063,0.0015654418693269397,0.022132593640881118,0.4961220995531854
2638,Normal,Normal,0.0,0.0,0.0,0.9909286311860481,0.009071368813951992
2639,Normal,Normal,0.0,0.0,0.0,1.0,0.0
2640,Normal,Normal,0.01,0.01,0.40489080774304753,0.5751091922569523,0.0
2641,DoS/DDoS,DoS/DDoS,0.0,0.0,1.0,0.0,0.0
2642,Normal,Normal,0.009261442687731582,0.0,3.5391586997037206e-06,0.9907350181535688,0.0
2643,Normal,Normal,0.0,0.0,0.0,1.0,0.0
2644,Bot,Bot,1.0,0.0,0.0,0.0,0.0
2645,Normal,Normal,0.0,0.0,0.0,1.0,0.0
2646,DoS/DDoS,DoS/DDoS,0.0,0.0,1.0,0.0,0.0
2647,Normal,Normal,0.0,0.0,0.0,1.0,0.0
2648,DoS/DDoS,DoS/DDoS,0.0,0.0,1.0,0.0,0.0
2649,DoS/DDoS,DoS/DDoS,0.0,0.0,1.0,0.0,0.0
2650,Web Attack,Web Attack,0.0,0.0005227762974241848,0.0,0.011158774841600059,0.9883184488609758
2651,DoS/DDoS,DoS/DDoS,0.0,0.0,1.0,0.0,0.0
2652,Brute Force,Brute Force,0.0,1.0,0.0,0.0,0.0
2653,Normal,Normal,0.0,0.00648459186073865,0.008325245655373868,0.9851901624838875,0.0
2654,DoS/DDoS,DoS/DDoS,0.0,0.0,1.0,0.0,0.0
2655,Normal,Bot,0.6494060226013127,0.0,0.00025545094780801843,0.350338526450879,0.0
2656,Normal,Normal,0.0,0.0,0.0,1.0,0.0
2657,DoS/DDoS,DoS/DDoS,0.0,0.0,0.9939809804351895,0.006019019564810573,0.0
2658,Brute Force,Brute Force,0.0,1.0,0.0,0.0,0.0
2659,Normal,Normal,0.0,0.025266869998201998,0.1471216366282894,0.8180589819579835,0.009552511415525114
2660,Brute Force,Brute Force,0.0,1.0,0.0,0.0,0.0
2661,DoS/DDoS,DoS/DDoS,0.0,0.0,1.0,0.0,0.0
2662,Normal,Normal,0.00015931446215744114,0.028404155771370124,3.805712667943282e-05,0.8746507253521318,0.09674774728766128
2663,Normal,Normal,0.0,0.0,0.0,1.0,0.0
2664,DoS/DDoS,DoS/DDoS,0.0,0.0,1.0,0.0,0.0
2665,Normal,Normal,0.0,0.0,0.0,1.0,0.0
2666,DoS/DDoS,DoS/DDoS,0.0,0.0,1.0,0.0,0.0
2667,DoS/DDoS,DoS/DDoS,0.0,0.0,1.0,0.0,0.0
2668,DoS/DDoS,DoS/DDoS,0.0,0.0,1.0,0.0,0.0
2669,Web Attack,Web Attack,0.0,0.22521763039871945,1.1980490327606729e-05,0.001179566606766888,0.7735908225041862
2670,DoS/DDoS,DoS/DDoS,0.0,0.0,1.0,0.0,0.0
2671,Brute Force,Brute Force,0.0,0.9999957572263637,4.242773636295104e-06,0.0,0.0
2672,Normal,Normal,0.0,0.0,0.005048602456827488,0.9949513975431725,0.0
2673,Bot,Bot,0.9998566446327857,0.0,2.6673565380087433e-06,0.00014068801067621984,0.0
2674,DoS/DDoS,DoS/DDoS,0.0,0.0,1.0,0.0,0.0
2675,Web Attack,Web Attack,0.0,0.08672466061100371,3.7583605044024734e-06,0.0006985773754304222,0.9125730036530618
2676,Normal,Normal,0.0,0.0,0.0,1.0,0.0
2677,DoS/DDoS,DoS/DDoS,0.0,0.0,0.9999578253126014,4.217468739862318e-05,0.0
2678,DoS/DDoS,DoS/DDoS,0.0,0.0,1.0,0.0,0.0
2679,Normal,Normal,0.0,0.0032139180564134235,0.0,0.9967860819435866,0.0
2680,DoS/DDoS,DoS/DDoS,0.0,0.0,0.9999578253126014,4.217468739862318e-05,0.0
2681,Normal,Normal,0.0,0.0,0.0,1.0,0.0
2682,DoS/DDoS,DoS/DDoS,0.0,0.0,1.0,0.0,0.0
2683,Normal,Normal,0.0,0.0,0.0,1.0,0.0
2684,DoS/DDoS,DoS/DDoS,0.0,0.0,1.0,0.0,0.0
2685,Brute Force,Brute Force,0.0,1.0,0.0,0.0,0.0
2686,DoS/DDoS,DoS/DDoS,0.0,0.0,1.0,0.0,0.0
2687,Brute Force,Brute Force,0.0,1.0,0.0,0.0,0.0
2688,Normal,Normal,0.08264822623677336,0.0,1.3606354482045735e-05,0.9173381674087446,0.0
2689,Normal,Normal,0.0,0.0,0.0,1.0,0.0
2690,Brute Force,Brute Force,0.0,1.0,0.0,0.0,0.0
2691,Normal,Normal,0.0,0.0,0.0,1.0,0.0
2692,DoS/DDoS,DoS/DDoS,0.0,0.0008151041593314955,0.9688436090830234,0.026645501134400257,0.0036957856232448416
2693,DoS/DDoS,DoS/DDoS,0.0,0.0,1.0,0.0,0.0
2694,Normal,Normal,0.0,0.0,0.0,1.0,0.0
2695,DoS/DDoS,DoS/DDoS,0.0,0.0,1.0,0.0,0.0
2696,DoS/DDoS,DoS/DDoS,0.0,0.0,1.0,0.0,0.0
2697,DoS/DDoS,DoS/DDoS,0.0,0.0,1.0,0.0,0.0
2698,DoS/DDoS,DoS/DDoS,0.0,0.0,1.0,0.0,0.0
2699,Normal,Normal,0.0,0.0,0.0,1.0,0.0
2700,DoS/DDoS,DoS/DDoS,0.0,0.0,1.0,0.0,0.0
2701,Brute Force,Brute Force,0.0,1.0,0.0,0.0,0.0
2702,DoS/DDoS,DoS/DDoS,0.0,0.0,1.0,0.0,0.0
2703,Normal,Normal,0.0,0.0,0.0,1.0,0.0
2704,Normal,Normal,0.0,0.0,0.0,1.0,0.0
2705,Brute Force,Brute Force,0.0,1.0,0.0,0.0,0.0
2706,Brute Force,Brute Force,0.0,1.0,0.0,0.0,0.0
2707,DoS/DDoS,DoS/DDoS,0.0,0.0,1.0,0.0,0.0
2708,DoS/DDoS,DoS/DDoS,0.0,0.0,1.0,0.0,0.0
2709,DoS/DDoS,DoS/DDoS,0.0,0.0,0.9998464559900256,0.0001535440099744956,0.0
2710,Normal,Normal,0.0,0.0,0.0010425594234503876,0.9989574405765497,0.0
2711,Normal,Normal,0.0,0.0,1.9051442161899594e-05,0.9999809485578381,0.0
2712,DoS/DDoS,DoS/DDoS,0.0,0.0,0.9999456879835311,5.4312016468903834e-05,0.0
2713,DoS/DDoS,DoS/DDoS,0.0,0.0,1.0,0.0,0.0
2714,DoS/DDoS,DoS/DDoS,0.0,0.0,1.0,0.0,0.0
2715,Normal,Normal,0.0,0.0,0.0,1.0,0.0
2716,DoS/DDoS,DoS/DDoS,0.0,0.0,1.0,0.0,0.0
2717,Normal,Normal,0.0,0.0,0.0,1.0,0.0
2718,DoS/DDoS,DoS/DDoS,0.0,0.0,1.0,0.0,0.0
2719,DoS/DDoS,DoS/DDoS,0.0,0.0,0.9948630084454579,0.005136991554542014,0.0
2720,Normal,Normal,0.0,0.0,0.0,1.0,0.0
2721,DoS/DDoS,DoS/DDoS,0.0,0.0,1.0,0.0,0.0
2722,DoS/DDoS,DoS/DDoS,0.0,0.0,1.0,0.0,0.0
2723,Normal,Normal,0.0,0.0,1.9051442161899594e-05,0.9999809485578381,0.0
2724,DoS/DDoS,DoS/DDoS,0.0,0.0,1.0,0.0,0.0
2725,DoS/DDoS,DoS/DDoS,0.0,0.0,1.0,0.0,0.0
2726,Normal,Normal,0.0,0.0,0.01,0.98,0.01
2727,Normal,Normal,0.0,0.00648459186073865,0.013324711334139941,0.9801906968051213,0.0
2728,DoS/DDoS,DoS/DDoS,0.0,0.0,1.0,0.0,0.0
2729,DoS/DDoS,DoS/DDoS,0.0,0.0,1.0,0.0,0.0
2730,Normal,Normal,0.0,0.0,0.0,1.0,0.0
2731,DoS/DDoS,DoS/DDoS,0.0,0.0,1.0,0.0,0.0
2732,Brute Force,Brute Force,0.0,0.9355453405624512,0.0002594488337276811,0.021159115639669514,0.043036094964151575
2733,Normal,Normal,0.0,0.0,0.0,1.0,0.0
2734,DoS/DDoS,DoS/DDoS,0.0,0.0,1.0,0.0,0.0
2735,Brute Force,Web Attack,0.0,0.31887050279531814,7.031744054494311e-06,0.000851447361075679,0.6802710180995516
2736,Normal,Normal,0.0,0.0,0.0,1.0,0.0
2737,Brute Force,Brute Force,0.0,0.9355453405624512,0.0002594488337276811,0.021159115639669514,0.043036094964151575
2738,Normal,Normal,0.0,0.0,0.0,1.0,0.0
2739,Brute Force,Brute Force,0.0,0.9999957572263637,4.242773636295104e-06,0.0,0.0
2740,Normal,Normal,0.0,0.00788006732661969,0.0050421097708942975,0.987077822902486,0.0
2741,DoS/DDoS,DoS/DDoS,0.0,0.0,0.7503528537642203,0.24964714623577958,0.0
2742,DoS/DDoS,DoS/DDoS,0.0,0.0,1.0,0.0,0.0
2743,Brute Force,Brute Force,0.0,1.0,0.0,0.0,0.0
2744,Normal,Normal,0.0,0.00240666857975071,0.07251647293868073,0.9164734044242343,0.008603454057334233
2745,Brute Force,Brute Force,0.0,1.0,0.0,0.0,0.0
2746,DoS/DDoS,DoS/DDoS,0.0,0.0,1.0,0.0,0.0
2747,Brute Force,Brute Force,0.0,1.0,0.0,0.0,0.0
2748,DoS/DDoS,DoS/DDoS,0.0,0.0,0.8878090021252025,0.11219099787479728,0.0
2749,Normal,Normal,0.0,0.0,0.0,1.0,0.0
2750,Normal,Normal,0.01,0.019778506503203203,0.023351538753799393,0.9468699547429974,0.0
2751,Brute Force,Brute Force,0.0,1.0,0.0,0.0,0.0
2752,DoS/DDoS,DoS/DDoS,0.0,0.0,1.0,0.0,0.0
2753,Web Attack,Web Attack,0.0,0.21159845708781472,9.704190934459118e-05,0.0014608484123756534,0.786843652590465
2754,DoS/DDoS,DoS/DDoS,0.0,0.0,1.0,0.0,0.0
2755,Normal,Normal,0.0,0.0,0.0,1.0,0.0
2756,Bot,Bot,1.0,0.0,0.0,0.0,0.0
2757,Normal,Normal,0.0,0.0,0.0,1.0,0.0
2758,DoS/DDoS,DoS/DDoS,0.0,0.0,1.0,0.0,0.0
2759,Normal,Normal,0.0,0.0,0.01,0.99,0.0
2760,DoS/DDoS,DoS/DDoS,0.0,0.0,1.0,0.0,0.0
2761,Normal,Normal,0.0,0.0,0.0,1.0,0.0
2762,Normal,Normal,0.0,0.0,0.0,1.0,0.0
2763,Normal,Normal,0.0,0.0,0.0,1.0,0.0
2764,DoS/DDoS,DoS/DDoS,0.0,0.0,1.0,0.0,0.0
2765,Brute Force,Brute Force,0.0,1.0,0.0,0.0,0.0
2766,Brute Force,Brute Force,0.0,0.9999957572263637,4.242773636295104e-06,0.0,0.0
2767,DoS/DDoS,DoS/DDoS,0.0,0.0,1.0,0.0,0.0
2768,Normal,Normal,0.0,0.04188704173621596,0.1315648386374831,0.8171220570149496,0.00942606261135149
2769,Normal,Normal,0.0,0.0,0.0,1.0,0.0
2770,DoS/DDoS,DoS/DDoS,0.0,0.0,1.0,0.0,0.0
2771,Normal,Normal,0.0,0.0,0.0,1.0,0.0
2772,DoS/DDoS,DoS/DDoS,0.0,0.0,1.0,0.0,0.0
2773,DoS/DDoS,DoS/DDoS,0.0,0.0,1.0,0.0,0.0
2774,Normal,Normal,0.0,0.0,0.0,1.0,0.0
2775,Normal,Normal,0.02669209838692287,0.004864342423196411,0.008034801004277503,0.9604087581856031,0.0
2776,DoS/DDoS,DoS/DDoS,0.0,0.0,1.0,0.0,0.0
2777,DoS/DDoS,DoS/DDoS,0.0,0.0,1.0,0.0,0.0
2778,DoS/DDoS,DoS/DDoS,0.0,0.0,1.0,0.0,0.0
2779,DoS/DDoS,DoS/DDoS,0.0,0.0,1.0,0.0,0.0
2780,Brute Force,Brute Force,0.0,1.0,0.0,0.0,0.0
2781,DoS/DDoS,DoS/DDoS,0.0,0.0,1.0,0.0,0.0
2782,DoS/DDoS,DoS/DDoS,0.0,0.0,1.0,0.0,0.0
2783,Brute Force,Brute Force,0.0,1.0,0.0,0.0,0.0
2784,DoS/DDoS,DoS/DDoS,0.0,0.0,0.9999456879835311,5.4312016468903834e-05,0.0
2785,DoS/DDoS,DoS/DDoS,0.0,0.0,1.0,0.0,0.0
2786,DoS/DDoS,DoS/DDoS,0.0,0.0,1.0,0.0,0.0
2787,Brute Force,Web Attack,0.0,0.3845558342259299,3.7583605044024734e-06,0.0007188696893618538,0.6147215377242038
2788,DoS/DDoS,DoS/DDoS,0.0,0.0,1.0,0.0,0.0
2789,Brute Force,Brute Force,0.0,1.0,0.0,0.0,0.0
2790,DoS/DDoS,DoS/DDoS,0.0,0.0,1.0,0.0,0.0
2791,DoS/DDoS,DoS/DDoS,0.0,0.0,1.0,0.0,0.0
2792,DoS/DDoS,DoS/DDoS,0.0,0.0,1.0,0.0,0.0
2793,Normal,Normal,0.0,0.0,0.0,1.0,0.0
2794,Bot,Bot,0.9675647755414719,0.0,3.700861649006183e-05,0.03239821584203785,0.0
2795,Bot,Bot,1.0,0.0,0.0,0.0,0.0
2796,DoS/DDoS,DoS/DDoS,0.0,0.0,1.0,0.0,0.0
2797,Normal,Normal,0.0,0.007873202465190595,0.015005379429063262,0.9771214181057463,0.0
2798,DoS/DDoS,DoS/DDoS,0.0,0.0,1.0,0.0,0.0
2799,Normal,Normal,0.0,0.0,0.013321114893009307,0.9866788851069908,0.0
2800,Brute Force,Web Attack,0.0,0.17270536960381336,3.7583605044024734e-06,0.0006461599182201886,0.8266447121174617
2801,DoS/DDoS,DoS/DDoS,0.0,0.0,0.9999578253126014,4.217468739862318e-05,0.0
2802,DoS/DDoS,DoS/DDoS,0.0,0.0,1.0,0.0,0.0
2803,Brute Force,Brute Force,0.0,1.0,0.0,0.0,0.0
2804,Bot,Bot,1.0,0.0,0.0,0.0,0.0
2805,DoS/DDoS,DoS/DDoS,0.0,0.0,1.0,0.0,0.0
2806,DoS/DDoS,DoS/DDoS,0.0,0.0,1.0,0.0,0.0
2807,Bot,Bot,1.0,0.0,0.0,0.0,0.0
2808,DoS/DDoS,DoS/DDoS,0.0,0.0,1.0,0.0,0.0
2809,DoS/DDoS,DoS/DDoS,0.0,0.0,1.0,0.0,0.0
2810,Brute Force,Brute Force,0.0,1.0,0.0,0.0,0.0
2811,DoS/DDoS,DoS/DDoS,0.0,0.0,0.9999878626709298,1.213732907028066e-05,0.0
2812,DoS/DDoS,DoS/DDoS,0.0,0.0,1.0,0.0,0.0
2813,Normal,Normal,0.0,0.0,0.0,1.0,0.0
2814,Normal,Bot,0.734502894887142,0.0,0.00025545094780801843,0.2652416541650497,0.0
2815,Brute Force,Brute Force,0.0,1.0,0.0,0.0,0.0
2816,DoS/DDoS,DoS/DDoS,0.0,0.0,0.967015695152068,0.03298430484793201,0.0
2817,DoS/DDoS,DoS/DDoS,0.0,0.0,1.0,0.0,0.0
2818,Normal,Normal,0.0,0.011758659982758414,0.03401552694511547,0.9542258130721263,0.0
2819,Normal,Normal,0.0,0.0,0.0,1.0,0.0
2820,Brute Force,Brute Force,0.0,0.9999957572263637,4.242773636295104e-06,0.0,0.0
2821,Brute Force,Brute Force,0.0,1.0,0.0,0.0,0.0
2822,Normal,Normal,0.0,0.0,0.0,1.0,0.0
2823,DoS/DDoS,DoS/DDoS,0.0,0.0,1.0,0.0,0.0
2824,DoS/DDoS,DoS/DDoS,0.0,0.0,1.0,0.0,0.0
2825,Brute Force,Brute Force,0.0,1.0,0.0,0.0,0.0
2826,Normal,Normal,0.0,0.02,0.0,0.98,0.0
2827,DoS/DDoS,DoS/DDoS,0.0,0.0,1.0,0.0,0.0
2828,DoS/DDoS,DoS/DDoS,0.0,0.0,1.0,0.0,0.0
2829,Normal,Normal,0.0,0.0,0.0,1.0,0.0
2830,DoS/DDoS,DoS/DDoS,0.0,0.0,1.0,0.0,0.0
2831,DoS/DDoS,DoS/DDoS,0.0,0.0,1.0,0.0,0.0
2832,DoS/DDoS,DoS/DDoS,0.0,0.0,1.0,0.0,0.0
2833,Normal,Normal,0.0,0.0,0.0,1.0,0.0
2834,Normal,Normal,0.0,0.04228089335588291,3.805712667943282e-05,0.9459996828259949,0.011681366691442794
2835,Normal,Normal,0.0,0.0,0.005046176975945017,0.9949538230240549,0.0
2836,Brute Force,Web Attack,0.0,0.13838631543738472,7.031744054494311e-06,0.0007553999138813453,0.8608512529046787
2837,DoS/DDoS,DoS/DDoS,0.0,0.0,1.0,0.0,0.0
2838,Normal,Normal,0.0,0.0,0.0,1.0,0.0
2839,Brute Force,Brute Force,0.0,1.0,0.0,0.0,0.0
2840,Normal,Normal,0.0,0.0,0.0,1.0,0.0
2841,Brute Force,Brute Force,0.0,1.0,0.0,0.0,0.0
2842,DoS/DDoS,DoS/DDoS,0.0,0.0,1.0,0.0,0.0
2843,DoS/DDoS,DoS/DDoS,0.0,0.0,1.0,0.0,0.0
2844,DoS/DDoS,DoS/DDoS,0.0,0.0,0.9982152136869078,0.001784786313092262,0.0
2845,Bot,Bot,0.9944675411242675,0.0,0.0,0.005532458875732535,0.0
2846,DoS/DDoS,DoS/DDoS,0.0,0.0,0.9998543238170151,0.00014567618298485063,0.0
2847,DoS/DDoS,DoS/DDoS,0.0,0.0,1.0,0.0,0.0
2848,Brute Force,Brute Force,0.0,1.0,0.0,0.0,0.0
2849,Normal,Normal,0.0,0.0,0.0,1.0,0.0
2850,DoS/DDoS,DoS/DDoS,0.0,0.0,1.0,0.0,0.0
2851,Normal,Normal,0.0,0.0,0.0,1.0,0.0
2852,DoS/DDoS,DoS/DDoS,0.0,0.0,1.0,0.0,0.0
2853,Normal,Normal,0.0,0.0005844643463966065,0.007068163534279503,0.9886515864960792,0.0036957856232448416
2854,Normal,Normal,0.0,0.0,0.0019514094377822769,0.9980485905622177,0.0
2855,Normal,Normal,0.0,0.0,0.0,1.0,0.0
2856,Normal,Normal,0.019305494337695187,0.0,0.0,0.9806945056623049,0.0
2857,Brute Force,Brute Force,0.0,1.0,0.0,0.0,0.0
2858,DoS/DDoS,DoS/DDoS,0.0,0.0,1.0,0.0,0.0
2859,DoS/DDoS,DoS/DDoS,0.0,0.0,0.9992892808871302,0.0007107191128698067,0.0
2860,DoS/DDoS,DoS/DDoS,0.0,0.0,1.0,0.0,0.0
2861,DoS/DDoS,DoS/DDoS,0.0,0.0,1.0,0.0,0.0
2862,Web Attack,Web Attack,0.0,0.13183586717445261,3.7583605044024734e-06,0.0006985773754304222,0.8674617970896127
2863,DoS/DDoS,DoS/DDoS,0.0,0.0,1.0,0.0,0.0
2864,Normal,Normal,0.0,0.0,0.0,1.0,0.0
2865,Brute Force,Brute Force,0.0,1.0,0.0,0.0,0.0
2866,Normal,Normal,0.31567819858646706,0.0,1.9448812743237454e-05,0.6843023526007894,0.0
2867,DoS/DDoS,DoS/DDoS,0.0,0.0,1.0,0.0,0.0
2868,Brute Force,Brute Force,0.0,1.0,0.0,0.0,0.0
2869,Normal,Normal,0.0,0.0200895614367418,3.805712667943282e-05,0.9625650901534673,0.017307291283111564
2870,Brute Force,Brute Force,0.0,1.0,0.0,0.0,0.0
2871,Brute Force,Brute Force,0.0,1.0,0.0,0.0,0.0
2872,Web Attack,Web Attack,0.0,0.25059848265646584,3.7583605044024734e-06,0.0006461599182201886,0.7487515990648096
2873,Normal,Normal,0.0,0.0,0.0,1.0,0.0
2874,DoS/DDoS,DoS/DDoS,0.0,0.0,1.0,0.0,0.0
2875,Normal,Normal,0.0,0.0,0.0,1.0,0.0
2876,DoS/DDoS,DoS/DDoS,0.0,0.0,1.0,0.0,0.0
2877,Brute Force,Brute Force,0.0,1.0,0.0,0.0,0.0
2878,DoS/DDoS,DoS/DDoS,0.0,0.0,1.0,0.0,0.0
2879,Brute Force,Brute Force,0.0,1.0,0.0,0.0,0.0
2880,DoS/DDoS,DoS/DDoS,0.0,0.0,1.0,0.0,0.0
2881,Normal,Normal,0.0,0.022359825432005556,0.00013457106561963117,0.9692257538360957,0.0082798496662791
2882,Normal,Normal,0.0,0.0,0.0,1.0,0.0
2883,Normal,Normal,0.0,0.0,0.0,1.0,0.0
2884,DoS/DDoS,DoS/DDoS,0.0,0.0,1.0,0.0,0.0
2885,DoS/DDoS,DoS/DDoS,0.0,0.0,1.0,0.0,0.0
2886,Brute Force,Brute Force,0.0,0.9999957572263637,4.242773636295104e-06,0.0,0.0
2887,DoS/DDoS,DoS/DDoS,0.0,0.0,1.0,0.0,0.0
2888,Bot,Bot,1.0,0.0,0.0,0.0,0.0
2889,Brute Force,Brute Force,0.0,0.9999957572263637,4.242773636295104e-06,0.0,0.0
2890,DoS/DDoS,DoS/DDoS,0.0,0.0,1.0,0.0,0.0
2891,Brute Force,Brute Force,0.0,0.9999957572263637,4.242773636295104e-06,0.0,0.0
2892,DoS/DDoS,DoS/DDoS,0.0,0.0,0.9998464559900256,0.0001535440099744956,0.0
2893,DoS/DDoS,DoS/DDoS,0.0,0.0,0.9999578253126014,4.217468739862318e-05,0.0
2894,Normal,Normal,0.0,0.0,0.0,1.0,0.0
2895,DoS/DDoS,DoS/DDoS,0.0,0.0,0.9998543238170151,0.00014567618298485063,0.0
2896,DoS/DDoS,DoS/DDoS,0.0,0.0,1.0,0.0,0.0
2897,Normal,Bot,0.8225644233826424,0.0,0.0004136252086856998,0.17702195140867197,0.0
2898,DoS/DDoS,DoS/DDoS,0.0,0.0,1.0,0.0,0.0
2899,Brute Force,Brute Force,0.0,0.9999957572263637,4.242773636295104e-06,0.0,0.0
2900,DoS/DDoS,DoS/DDoS,0.0,0.0,1.0,0.0,0.0
2901,Normal,Normal,0.26000771208358525,0.0,2.1317506076340556e-05,0.7399709704103384,0.0
2902,Normal,Normal,0.0,0.006541283117611327,0.006927016518386349,0.9865317003640023,0.0
2903,DoS/DDoS,DoS/DDoS,0.0,0.0,0.9913394775818449,0.008660522418155073,0.0
2904,Brute Force,Brute Force,0.0,1.0,0.0,0.0,0.0
2905,DoS/DDoS,DoS/DDoS,0.0,0.0,1.0,0.0,0.0
2906,Brute Force,Brute Force,0.0,0.9999957572263637,4.242773636295104e-06,0.0,0.0
2907,Normal,Normal,0.0,0.0,0.01700864396038563,0.9829913560396144,0.0
2908,DoS/DDoS,DoS/DDoS,0.0,0.0,1.0,0.0,0.0
2909,Normal,Normal,0.0,0.0,0.0,1.0,0.0
2910,Brute Force,Brute Force,0.0,1.0,0.0,0.0,0.0
2911,DoS/DDoS,DoS/DDoS,0.0,0.0,1.0,0.0,0.0
2912,Brute Force,Brute Force,0.0,1.0,0.0,0.0,0.0
2913,Brute Force,Brute Force,0.0,1.0,0.0,0.0,0.0
2914,DoS/DDoS,DoS/DDoS,0.0,0.0,1.0,0.0,0.0
2915,Brute Force,Brute Force,0.0,0.97,0.0,0.03,0.0
2916,Normal,Normal,0.0,0.0,0.0,1.0,0.0
2917,DoS/DDoS,DoS/DDoS,0.0,0.0,1.0,0.0,0.0
2918,DoS/DDoS,DoS/DDoS,0.0,0.0,1.0,0.0,0.0
2919,Normal,Normal,0.0,0.0,0.0,1.0,0.0
2920,Bot,Bot,0.9223484527834969,0.0,3.700861649006183e-05,0.07761453860001287,0.0
2921,DoS/DDoS,DoS/DDoS,0.0,0.0,0.9999578253126014,4.217468739862318e-05,0.0
2922,Normal,Normal,0.0,0.010290977485124307,3.805712667943282e-05,0.9840179737911612,0.005652991597034992
2923,DoS/DDoS,DoS/DDoS,0.0,0.0,1.0,0.0,0.0
2924,Web Attack,Web Attack,0.0,0.11881220484193325,3.7583605044024734e-06,0.0006461599182201886,0.8805378768793419
2925,Brute Force,Brute Force,0.0,1.0,0.0,0.0,0.0
2926,Normal,Normal,0.0,0.026298893545921288,0.00013457106561963117,0.9652866857221798,0.0082798496662791
2927,Normal,Normal,0.0,0.0,0.0,1.0,0.0
2928,Normal,Normal,0.0,0.0,0.0,1.0,0.0
2929,Normal,Normal,0.0,0.0,0.0,1.0,0.0
2930,DoS/DDoS,DoS/DDoS,0.0,0.0,1.0,0.0,0.0
2931,Normal,Normal,0.0,0.03295028325254737,3.805712667943282e-05,0.9488841707908535,0.018127488829919564
2932,Brute Force,Brute Force,0.0,1.0,0.0,0.0,0.0
2933,Normal,Normal,0.0,0.0,0.0,1.0,0.0
2934,Brute Force,Brute Force,0.0,1.0,0.0,0.0,0.0
2935,Normal,Normal,0.0,0.0,0.014983972075794272,0.9850160279242057,0.0
2936,DoS/DDoS,DoS/DDoS,0.0,0.0,1.0,0.0,0.0
2937,Bot,Bot,0.9870510116487425,0.0,2.6673565380087433e-06,0.012946320994719308,0.0
2938,Brute Force,Brute Force,0.0,0.9999957572263637,4.242773636295104e-06,0.0,0.0
2939,DoS/DDoS,DoS/DDoS,0.0,0.0,1.0,0.0,0.0
2940,Normal,Normal,0.01,0.006571561989259865,0.0,0.9834284380107401,0.0
2941,DoS/DDoS,DoS/DDoS,0.0,0.0,1.0,0.0,0.0
2942,DoS/DDoS,DoS/DDoS,0.0,0.0,1.0,0.0,0.0
2943,DoS/DDoS,DoS/DDoS,0.0,0.0,1.0,0.0,0.0
2944,Brute Force,Brute Force,0.0,1.0,0.0,0.0,0.0
2945,DoS/DDoS,DoS/DDoS,0.0,0.019399526635386258,0.7433174175099192,0.22785699324334296,0.00942606261135149
2946,DoS/DDoS,DoS/DDoS,0.0,0.0,1.0,0.0,0.0
2947,Brute Force,Brute Force,0.0,0.9999957572263637,4.242773636295104e-06,0.0,0.0
2948,Brute Force,Brute Force,0.0,1.0,0.0,0.0,0.0
2949,Normal,Normal,0.0,0.0,0.0,1.0,0.0
2950,Normal,Normal,0.0,0.0,0.0,1.0,0.0
2951,DoS/DDoS,DoS/DDoS,0.0,0.0,1.0,0.0,0.0
2952,DoS/DDoS,DoS/DDoS,0.0,0.0,1.0,0.0,0.0
2953,DoS/DDoS,DoS/DDoS,0.0,0.0,1.0,0.0,0.0
2954,Bot,Bot,0.9981731108787674,0.0,2.6673565380087433e-06,0.0018242217646945555,0.0
2955,Brute Force,Brute Force,0.0,1.0,0.0,0.0,0.0
2956,Normal,Normal,0.008697573137008767,0.02,0.03579853521514026,0.935503891647851,0.0
2957,Brute Force,Brute Force,0.0,1.0,0.0,0.0,0.0
2958,Normal,Normal,0.0,0.0,0.0,1.0,0.0
2959,Brute Force,Brute Force,0.0,1.0,0.0,0.0,0.0
2960,DoS/DDoS,DoS/DDoS,0.0,0.0,1.0,0.0,0.0
2961,Normal,Normal,0.0,0.0,0.0,1.0,0.0
2962,DoS/DDoS,DoS/DDoS,0.0,0.0,1.0,0.0,0.0
2963,Bot,Bot,1.0,0.0,0.0,0.0,0.0
2964,DoS/DDoS,DoS/DDoS,0.0,0.0,1.0,0.0,0.0
2965,Normal,Normal,0.0,0.0,0.0,1.0,0.0
2966,Normal,Normal,0.0,0.0,0.0,1.0,0.0
2967,DoS/DDoS,DoS/DDoS,0.0,0.0,1.0,0.0,0.0
2968,Normal,Normal,0.0,0.0,0.0,1.0,0.0
2969,DoS/DDoS,DoS/DDoS,0.0,0.0,1.0,0.0,0.0
2970,DoS/DDoS,DoS/DDoS,0.0,0.0,0.9963901798086419,0.003609820191358153,0.0
2971,DoS/DDoS,DoS/DDoS,0.0,0.0,1.0,0.0,0.0
2972,Normal,Normal,0.0,0.0,0.0,1.0,0.0
2973,DoS/DDoS,DoS/DDoS,0.0,0.0,1.0,0.0,0.0
2974,DoS/DDoS,DoS/DDoS,0.0,0.0,1.0,0.0,0.0
2975,Normal,Normal,0.0,0.0,0.0,1.0,0.0
2976,DoS/DDoS,DoS/DDoS,0.0,0.0,1.0,0.0,0.0
2977,Brute Force,Web Attack,0.0,0.19168667637667602,3.7583605044024734e-06,0.0007065076296837818,0.8076030576331361
2978,DoS/DDoS,DoS/DDoS,0.0,0.0,1.0,0.0,0.0
2979,Brute Force,Brute Force,0.0,0.9977257011940364,0.0,0.0022742988059636722,0.0
2980,DoS/DDoS,DoS/DDoS,0.0,0.0,1.0,0.0,0.0
2981,Brute Force,Web Attack,0.0,0.35679908905613816,9.704190934459118e-05,0.0008396465006384402,0.6422642225338785
2982,DoS/DDoS,DoS/DDoS,0.0,0.0,1.0,0.0,0.0
2983,Normal,Normal,0.0,0.023166724596054886,3.805712667943282e-05,0.9615252435917943,0.01526997468547138
2984,Normal,Normal,0.0,0.0,0.0,1.0,0.0
2985,DoS/DDoS,DoS/DDoS,0.0,0.0,1.0,0.0,0.0
2986,DoS/DDoS,DoS/DDoS,0.0,0.0,1.0,0.0,0.0
2987,DoS/DDoS,DoS/DDoS,0.0,0.0,1.0,0.0,0.0
2988,Normal,Normal,0.0,0.0,1.9051442161899594e-05,0.9999809485578381,0.0
2989,DoS/DDoS,DoS/DDoS,0.0,0.0,1.0,0.0,0.0
2990,Normal,Normal,0.0,0.0,0.0,1.0,0.0
2991,Brute Force,Web Attack,0.0,0.11849404997620466,3.7583605044024734e-06,0.0009410644220625464,0.8805611272412286
2992,Web Attack,Web Attack,0.0,0.04897881465279222,3.7583605044024734e-06,0.0006175853349901124,0.9503998416517131
2993,DoS/DDoS,DoS/DDoS,0.0,0.0,1.0,0.0,0.0
2994,Normal,Normal,0.0,0.0,1.9051442161899594e-05,0.9999809485578381,0.0
2995,Normal,Normal,0.0,0.0,1.9051442161899594e-05,0.9999809485578381,0.0
2996,Normal,Normal,0.00015931446215744114,0.0552631782027563,3.805712667943282e-05,0.8776323696536262,0.06690708055478053
2997,Bot,Bot,0.9995509235722758,0.0,0.0,0.0004490764277241145,0.0
2998,DoS/DDoS,DoS/DDoS,0.0,0.0,1.0,0.0,0.0
2999,Brute Force,Brute Force,0.0,1.0,0.0,0.0,0.0
3000,DoS/DDoS,DoS/DDoS,0.0,0.0,1.0,0.0,0.0
3001,DoS/DDoS,DoS/DDoS,0.0,0.0,1.0,0.0,0.0
3002,Normal,Normal,0.0,0.0,0.005014280614066406,0.9949857193859336,0.0
3003,DoS/DDoS,DoS/DDoS,0.0,0.0,1.0,0.0,0.0
3004,Bot,Bot,0.976833444356133,0.0,6.511844699291775e-05,0.023101437196874127,0.0
3005,DoS/DDoS,DoS/DDoS,0.0,0.0,1.0,0.0,0.0
3006,Brute Force,Brute Force,0.00015931446215744114,0.5672621827096276,0.0024066684103046143,0.05680069119381149,0.37337114322409853
3007,DoS/DDoS,DoS/DDoS,0.0,0.0,1.0,0.0,0.0
3008,DoS/DDoS,DoS/DDoS,0.0,0.0,1.0,0.0,0.0
3009,Brute Force,Brute Force,0.0,0.9999957572263637,4.242773636295104e-06,0.0,0.0
3010,Normal,Normal,0.0,0.0,0.0,1.0,0.0
3011,Normal,Normal,0.006811354109373754,0.004008030630615508,0.002799480259706183,0.9659228952464235,0.02045823975388096
3012,DoS/DDoS,DoS/DDoS,0.0,0.0,1.0,0.0,0.0
3013,DoS/DDoS,DoS/DDoS,0.0,0.0,0.9924844002773284,0.0075155997226715975,0.0
3014,Normal,Normal,0.0,0.0,0.0,1.0,0.0
3015,Normal,Normal,0.0,0.0,0.0,1.0,0.0
3016,DoS/DDoS,DoS/DDoS,0.0,0.0,1.0,0.0,0.0
3017,DoS/DDoS,DoS/DDoS,0.0,0.0,1.0,0.0,0.0
3018,Normal,Normal,0.0,0.0,0.0,1.0,0.0
3019,DoS/DDoS,DoS/DDoS,0.0,0.0,1.0,0.0,0.0
3020,Normal,Normal,0.0,0.012404373332175832,3.805712667943282e-05,0.9805845957080562,0.006972973833088519
3021,DoS/DDoS,DoS/DDoS,0.0,0.0,1.0,0.0,0.0
3022,DoS/DDoS,DoS/DDoS,0.0,0.0,1.0,0.0,0.0
3023,Brute Force,Brute Force,0.0,1.0,0.0,0.0,0.0
3024,Normal,Normal,0.0,0.0,0.0,1.0,0.0
3025,Normal,Normal,0.0,0.0,0.0,1.0,0.0
3026,DoS/DDoS,DoS/DDoS,0.0,0.0,1.0,0.0,0.0
3027,Brute Force,Brute Force,0.0,1.0,0.0,0.0,0.0
3028,Normal,Normal,0.0,0.006503545437581638,0.0019953288995855824,0.9915011256628327,0.0
3029,DoS/DDoS,DoS/DDoS,0.0,0.0,1.0,0.0,0.0
3030,Normal,Normal,0.0,0.0,0.0,1.0,0.0
3031,Brute Force,Brute Force,0.0,1.0,0.0,0.0,0.0
3032,Brute Force,Brute Force,0.0,1.0,0.0,0.0,0.0
3033,Brute Force,Brute Force,0.0,1.0,0.0,0.0,0.0
3034,Brute Force,Brute Force,0.0,1.0,0.0,0.0,0.0
3035,Brute Force,Brute Force,0.0,1.0,0.0,0.0,0.0
3036,Brute Force,Brute Force,0.0,1.0,0.0,0.0,0.0
3037,Normal,Normal,0.0,0.0,0.0,1.0,0.0
3038,Brute Force,Brute Force,0.0,1.0,0.0,0.0,0.0
3039,DoS/DDoS,DoS/DDoS,0.0,0.0,1.0,0.0,0.0
3040,Normal,Normal,0.0,0.0,0.0,1.0,0.0
3041,Normal,Normal,0.0,0.0,0.0,1.0,0.0
3042,DoS/DDoS,DoS/DDoS,0.0,0.0,0.9583858900638447,0.04161410993615523,0.0
3043,Normal,Normal,0.0,0.0,0.38655564101174633,0.6134443589882537,0.0
3044,Normal,Normal,0.0,0.0,0.0,1.0,0.0
3045,Normal,Normal,0.0,0.0,0.0,1.0,0.0
3046,Brute Force,Web Attack,0.0,0.4333334749486882,3.7583605044024734e-06,0.0006363300930897798,0.5660264365977177
3047,Normal,Normal,0.0,0.0,0.0,1.0,0.0
3048,Normal,Normal,0.0,0.0,0.0,1.0,0.0
3049,Normal,Normal,0.0,0.0,0.0,1.0,0.0
3050,Normal,Normal,0.0,0.0,0.0,1.0,0.0
3051,DoS/DDoS,DoS/DDoS,0.0,0.0,1.0,0.0,0.0
3052,DoS/DDoS,DoS/DDoS,0.0,0.0,1.0,0.0,0.0
3053,Brute Force,Brute Force,0.0,1.0,0.0,0.0,0.0
3054,Normal,Normal,0.0,0.0,0.0,1.0,0.0
3055,Normal,Normal,0.0,0.0,0.0,1.0,0.0
3056,DoS/DDoS,DoS/DDoS,0.0,0.0,1.0,0.0,0.0
3057,Brute Force,Brute Force,0.0,1.0,0.0,0.0,0.0
3058,DoS/DDoS,DoS/DDoS,0.0,0.0,1.0,0.0,0.0
3059,Normal,Normal,0.0,0.0,0.0074962343996557166,0.9925037656003443,0.0
3060,DoS/DDoS,DoS/DDoS,0.0,0.0,0.9980348010042774,0.001965198995722525,0.0
3061,Normal,Normal,0.0,0.0,0.0,1.0,0.0
3062,DoS/DDoS,DoS/DDoS,0.0,0.0,1.0,0.0,0.0
3063,Normal,Normal,0.0,0.04598912755730003,0.008366927065280994,0.9362743140836433,0.009369631293775606
3064,DoS/DDoS,DoS/DDoS,0.0,0.0,1.0,0.0,0.0
3065,Normal,Normal,0.0,0.0,0.0,1.0,0.0
3066,Normal,Normal,0.0,0.02211073256069359,0.0032050354893381895,0.9564615275122061,0.0182227044377621
3067,Brute Force,Brute Force,0.0,1.0,0.0,0.0,0.0
3068,DoS/DDoS,DoS/DDoS,0.0,0.0,1.0,0.0,0.0
3069,Normal,Normal,0.0,0.02583237698528464,3.805712667943282e-05,0.9588595912025645,0.01526997468547138
3070,Brute Force,Brute Force,0.0,0.9166860803390618,0.0002594488337276811,0.03237142060904832,0.05068305021816215
3071,Bot,Bot,1.0,0.0,0.0,0.0,0.0
3072,Brute Force,Brute Force,0.0,0.9999957572263637,4.242773636295104e-06,0.0,0.0
3073,DoS/DDoS,DoS/DDoS,0.0,0.0,1.0,0.0,0.0
3074,Normal,Normal,0.0,0.008298783304165528,3.805712667943282e-05,0.9877806694542042,0.0038824901149506984
3075,DoS/DDoS,DoS/DDoS,0.0,0.0,0.9990482730015501,0.000951726998450009,0.0
3076,Bot,Bot,0.9796620796391651,0.0,0.0,0.020337920360834972,0.0
3077,DoS/DDoS,DoS/DDoS,0.0,0.0,1.0,0.0,0.0
3078,DoS/DDoS,DoS/DDoS,0.0,0.0,1.0,0.0,0.0
3079,Brute Force,Brute Force,0.0,1.0,0.0,0.0,0.0
3080,Brute Force,Brute Force,0.0,1.0,0.0,0.0,0.0
3081,Bot,Bot,1.0,0.0,0.0,0.0,0.0
3082,DoS/DDoS,DoS/DDoS,0.0,0.0,0.9999456879835311,5.4312016468903834e-05,0.0
3083,Normal,Normal,0.0,0.01311787020032205,0.01,0.9768821297996779,0.0
3084,Normal,Normal,0.0,0.007907332841830657,0.0460442481670454,0.9460484189911239,0.0
3085,Normal,Normal,0.0,0.0,0.0,1.0,0.0
3086,DoS/DDoS,DoS/DDoS,0.0,0.0,1.0,0.0,0.0
3087,Normal,Normal,0.0,0.0018656165393687724,0.03593206231864561,0.9291298922681283,0.03307242887385752
3088,DoS/DDoS,DoS/DDoS,0.0,0.0,0.9999878626709298,1.213732907028066e-05,0.0
3089,Normal,Normal,0.0,0.0037831554237755067,0.03900713047211946,0.9362874847369723,0.020922229367132835
3090,Brute Force,Web Attack,0.0,0.46587583413685524,7.031744054494311e-06,0.0008010166686273857,0.5333161174504629
3091,DoS/DDoS,DoS/DDoS,0.0,0.0,1.0,0.0,0.0
3092,Normal,Normal,0.0,0.005051327562098229,0.15252320351037235,0.8259414773343363,0.016483991593193057
3093,Normal,Normal,0.006811354109373754,0.004008030630615508,0.002799480259706183,0.9659228952464235,0.02045823975388096
3094,Brute Force,Brute Force,0.0,1.0,0.0,0.0,0.0
3095,DoS/DDoS,DoS/DDoS,0.0,0.020549462946388354,0.7654161851217868,0.15736874261253475,0.0566656093192903
3096,Normal,Normal,0.0,0.0,0.0,1.0,0.0
3097,Normal,Normal,0.0,0.0,0.0,1.0,0.0
3098,Normal,Normal,0.0,0.003464123523821971,0.007138521266713481,0.9782650631711328,0.011132292038331876
3099,Brute Force,Brute Force,0.0,1.0,0.0,0.0,0.0
3100,Normal,Normal,0.0,0.0,0.0,1.0,0.0
3101,Bot,Bot,0.97,0.0,0.0,0.03,0.0
3102,DoS/DDoS,DoS/DDoS,0.0,0.0,1.0,0.0,0.0
3103,Brute Force,Brute Force,0.0,0.9999957572263637,4.242773636295104e-06,0.0,0.0
3104,DoS/DDoS,DoS/DDoS,0.0,0.0,1.0,0.0,0.0
3105,Brute Force,Web Attack,0.0,0.3457654037916136,7.031744054494311e-06,0.0008965580215919111,0.65333100644274
3106,Brute Force,Brute Force,0.0,1.0,0.0,0.0,0.0
3107,Brute Force,Brute Force,0.0,0.9999957572263637,4.242773636295104e-06,0.0,0.0
3108,Normal,Normal,0.0,0.0,0.0,1.0,0.0
3109,DoS/DDoS,DoS/DDoS,0.0,0.0,0.9975507105658045,0.002449289434195428,0.0
3110,Normal,Normal,0.0,0.00038870409189376286,0.1904404686788194,0.8054750416060421,0.0036957856232448416
3111,DoS/DDoS,DoS/DDoS,0.0,0.0,1.0,0.0,0.0
3112,Normal,Normal,0.0,0.0,0.0,1.0,0.0
3113,Normal,Normal,0.008346852981230387,0.09579545201992692,0.013273887162947329,0.8825838078358953,0.0
3114,DoS/DDoS,DoS/DDoS,0.0,0.0,1.0,0.0,0.0
3115,Normal,Normal,0.0,0.0,0.0,1.0,0.0
3116,Normal,Normal,0.0,0.0,0.0,1.0,0.0
3117,Normal,Normal,0.003158147956495161,0.0018478621839648542,0.0,0.9904024371881196,0.00459155267142032
3118,Brute Force,Brute Force,0.0,1.0,0.0,0.0,0.0
3119,DoS/DDoS,DoS/DDoS,0.0,0.0,1.0,0.0,0.0
3120,Normal,Normal,0.009100323197678253,0.0,0.0,0.9908996768023218,0.0
3121,DoS/DDoS,DoS/DDoS,0.0,0.0,1.0,0.0,0.0
3122,DoS/DDoS,DoS/DDoS,0.0,0.0,0.9998464559900256,0.0001535440099744956,0.0
3123,DoS/DDoS,DoS/DDoS,0.0,0.0,1.0,0.0,0.0
3124,DoS/DDoS,DoS/DDoS,0.0,0.0,0.9999878626709298,1.213732907028066e-05,0.0
3125,DoS/DDoS,DoS/DDoS,0.0,0.0,1.0,0.0,0.0
3126,DoS/DDoS,DoS/DDoS,0.0,0.0,1.0,0.0,0.0
3127,Brute Force,Brute Force,0.0,1.0,0.0,0.0,0.0
3128,Normal,Normal,0.0,0.0,0.0,1.0,0.0
3129,DoS/DDoS,DoS/DDoS,0.0,0.0,1.0,0.0,0.0
3130,Normal,Normal,0.0,0.0,0.0,1.0,0.0
3131,Brute Force,Brute Force,0.0,1.0,0.0,0.0,0.0
3132,DoS/DDoS,DoS/DDoS,0.0,0.0,1.0,0.0,0.0
3133,DoS/DDoS,DoS/DDoS,0.0,0.0,1.0,0.0,0.0
3134,DoS/DDoS,DoS/DDoS,0.0,0.0,1.0,0.0,0.0
3135,DoS/DDoS,DoS/DDoS,0.0,0.0,1.0,0.0,0.0
3136,Normal,Normal,0.0,0.0,0.0,1.0,0.0
3137,Brute Force,Brute Force,0.0,1.0,0.0,0.0,0.0
3138,DoS/DDoS,DoS/DDoS,0.0,0.0,1.0,0.0,0.0
3139,Normal,Normal,0.0,0.006538948553205458,0.10045804410593112,0.8930030073408635,0.0
3140,DoS/DDoS,DoS/DDoS,0.0,0.0,1.0,0.0,0.0
3141,DoS/DDoS,DoS/DDoS,0.0,0.0,1.0,0.0,0.0
3142,Normal,Normal,0.0,0.0,0.0,1.0,0.0
3143,Brute Force,Brute Force,0.0,1.0,0.0,0.0,0.0
3144,Brute Force,Brute Force,0.0,1.0,0.0,0.0,0.0
3145,Brute Force,Brute Force,0.0,0.9999957572263637,4.242773636295104e-06,0.0,0.0
3146,DoS/DDoS,DoS/DDoS,0.0,0.0,1.0,0.0,0.0
3147,Normal,Normal,0.0,0.0,0.0,1.0,0.0
3148,Brute Force,Brute Force,0.0,0.9933000025573275,0.0,0.0066999974426725836,0.0
3149,Brute Force,Brute Force,0.0,0.6603430241372158,5.080590898272907e-05,0.0018929772198680226,0.3377131927339333
3150,DoS/DDoS,DoS/DDoS,0.0,0.0,1.0,0.0,0.0
3151,Normal,Normal,0.0,0.0,0.0,1.0,0.0
3152,Bot,Bot,0.9747213807018329,0.0,6.511844699291775e-05,0.025213500851173954,0.0
3153,Brute Force,Brute Force,0.0,1.0,0.0,0.0,0.0
3154,DoS/DDoS,DoS/DDoS,0.0,0.0,0.9999456879835311,5.4312016468903834e-05,0.0
3155,DoS/DDoS,DoS/DDoS,0.0,0.0,1.0,0.0,0.0
3156,Normal,Normal,0.0,0.02469775009473677,0.011643371085179125,0.9471243565183676,0.01653452230171634
3157,DoS/DDoS,DoS/DDoS,0.0,0.0,1.0,0.0,0.0
3158,Brute Force,Brute Force,0.0,1.0,0.0,0.0,0.0
3159,Normal,DoS/DDoS,0.0,0.004426574205497066,0.6708560744492115,0.29753028991095326,0.027187061434337946
3160,Normal,Normal,0.0,0.01,0.0,0.99,0.0
3161,DoS/DDoS,DoS/DDoS,0.0,0.0,1.0,0.0,0.0
3162,DoS/DDoS,DoS/DDoS,0.0,0.0,0.9973839580166163,0.0026160419833838227,0.0
3163,DoS/DDoS,DoS/DDoS,0.0,0.021784816235824428,0.9258046380118138,0.043467572585482686,0.008942973166879113
3164,Normal,Normal,0.0,0.0,0.0,1.0,0.0
3165,Normal,Normal,0.0,0.0,0.0,1.0,0.0
3166,DoS/DDoS,DoS/DDoS,0.0,0.0,1.0,0.0,0.0
3167,DoS/DDoS,DoS/DDoS,0.0,0.0,1.0,0.0,0.0
3168,Normal,Normal,0.0,0.030781334742351847,3.805712667943282e-05,0.9539106334454972,0.01526997468547138
3169,DoS/DDoS,DoS/DDoS,0.0,0.0,1.0,0.0,0.0
3170,DoS/DDoS,DoS/DDoS,0.0,0.0,1.0,0.0,0.0
3171,Normal,Normal,0.0,0.0,0.0,1.0,0.0
3172,DoS/DDoS,DoS/DDoS,0.0,0.0,1.0,0.0,0.0
3173,Normal,Normal,0.0,0.0,1.9051442161899594e-05,0.9999809485578381,0.0
3174,Bot,Bot,0.9232390431431411,0.0,0.01750715744718937,0.05925379940966948,0.0
3175,Normal,Normal,0.0,0.062304101032939305,0.00013457106561963117,0.8967645260691333,0.04079680183230759
3176,DoS/DDoS,DoS/DDoS,0.0,0.0,1.0,0.0,0.0
3177,Normal,Normal,0.2986236212347036,0.0,4.459761778617683e-05,0.7013317811475102,0.0
3178,Brute Force,Brute Force,0.0,0.9999957572263637,4.242773636295104e-06,0.0,0.0
3179,Normal,Normal,0.0,0.0,0.0,1.0,0.0
3180,DoS/DDoS,DoS/DDoS,0.0,0.0,1.0,0.0,0.0
3181,Normal,Normal,0.0,0.0,0.0,1.0,0.0
3182,Brute Force,Brute Force,0.0,1.0,0.0,0.0,0.0
3183,Normal,Normal,0.0,0.0,0.0,1.0,0.0
3184,Brute Force,Brute Force,0.0,1.0,0.0,0.0,0.0
3185,Brute Force,Brute Force,0.0,1.0,0.0,0.0,0.0
3186,DoS/DDoS,DoS/DDoS,0.0,0.0,1.0,0.0,0.0
3187,Normal,Normal,0.0,0.00797622259208761,3.805712667943282e-05,0.986654983013604,0.005330737267628802
3188,Normal,Normal,0.0,0.029851377121954778,3.805712667943282e-05,0.9467809291210644,0.02332963663030123
3189,Normal,Normal,0.0,0.0,0.0,1.0,0.0
3190,Normal,Normal,0.0,0.0,0.0013103410531061632,0.9986896589468938,0.0
3191,DoS/DDoS,DoS/DDoS,0.0,0.0,1.0,0.0,0.0
3192,Normal,Normal,0.0,0.0,0.0,1.0,0.0
3193,DoS/DDoS,DoS/DDoS,0.0,0.0,1.0,0.0,0.0
3194,DoS/DDoS,DoS/DDoS,0.0,0.0,1.0,0.0,0.0
3195,DoS/DDoS,DoS/DDoS,0.0,0.0,1.0,0.0,0.0
3196,Brute Force,Brute Force,0.0,1.0,0.0,0.0,0.0
3197,Normal,Normal,0.0,0.002692825691148535,0.012694079029017601,0.9760096412224998,0.008603454057334233
3198,DoS/DDoS,DoS/DDoS,0.0,0.0,1.0,0.0,0.0
3199,DoS/DDoS,DoS/DDoS,0.0,0.0,1.0,0.0,0.0
3200,Normal,Normal,0.0,0.0,0.0,1.0,0.0
3201,Normal,Normal,0.0,0.0,0.0,1.0,0.0
3202,Normal,Normal,0.0,0.0,0.0,1.0,0.0
3203,Brute Force,Brute Force,0.0,0.9999957572263637,4.242773636295104e-06,0.0,0.0
3204,DoS/DDoS,DoS/DDoS,0.0,0.0,0.9998543238170151,0.00014567618298485063,0.0
3205,DoS/DDoS,DoS/DDoS,0.0,0.0,1.0,0.0,0.0
3206,DoS/DDoS,DoS/DDoS,0.0,0.0,1.0,0.0,0.0
3207,Normal,Normal,0.0,0.0,0.0,1.0,0.0
3208,Web Attack,Web Attack,0.0,0.478378199790781,7.031744054494311e-06,0.0006525084222287585,0.5209622600429358
3209,Brute Force,Brute Force,0.0,1.0,0.0,0.0,0.0
3210,Normal,Normal,0.0,0.0,0.0,1.0,0.0
3211,Normal,Normal,0.0,0.0,0.0,1.0,0.0
3212,Brute Force,Brute Force,0.0,0.9999957572263637,4.242773636295104e-06,0.0,0.0
3213,DoS/DDoS,DoS/DDoS,0.0,0.0,1.0,0.0,0.0
3214,Bot,Bot,0.998981603181421,0.0,2.6673565380087433e-06,0.0010157294620409254,0.0
3215,DoS/DDoS,DoS/DDoS,0.0,0.0,1.0,0.0,0.0
3216,Normal,Normal,0.0,0.005606241067174844,0.0,0.9943937589328251,0.0
3217,Brute Force,Brute Force,0.0,0.9999957572263637,4.242773636295104e-06,0.0,0.0
3218,DoS/DDoS,DoS/DDoS,0.0,0.0,1.0,0.0,0.0
3219,DoS/DDoS,DoS/DDoS,0.0,0.0,1.0,0.0,0.0
3220,DoS/DDoS,DoS/DDoS,0.0,0.0,1.0,0.0,0.0
3221,DoS/DDoS,DoS/DDoS,0.0,0.0,1.0,0.0,0.0
3222,Bot,Bot,0.9745307289696749,0.0,5.176293157457111e-05,0.025417508098750315,0.0
3223,Normal,DoS/DDoS,0.0,0.0,0.544194515045637,0.4070224562085694,0.04878302874579352
3224,DoS/DDoS,DoS/DDoS,0.0,0.0,1.0,0.0,0.0
3225,Normal,Normal,0.0,0.00791481760585001,0.0,0.99208518239415,0.0
3226,Normal,Normal,0.0,0.01,0.0,0.99,0.0
3227,Brute Force,Web Attack,0.0,0.3514197822318195,7.031744054494311e-06,0.020796705466735742,0.6277764805573901
3228,DoS/DDoS,DoS/DDoS,0.0,0.0,0.9999456879835311,5.4312016468903834e-05,0.0
3229,Brute Force,Brute Force,0.0,1.0,0.0,0.0,0.0
3230,Normal,Normal,0.0,0.0005844643463966065,0.007068163534279503,0.9886515864960792,0.0036957856232448416
3231,DoS/DDoS,DoS/DDoS,0.0,0.0,1.0,0.0,0.0
3232,Normal,Normal,0.0,0.0,0.0,1.0,0.0
3233,Brute Force,Brute Force,0.0,0.9999957572263637,4.242773636295104e-06,0.0,0.0
3234,Brute Force,Brute Force,0.0,1.0,0.0,0.0,0.0
3235,Normal,Normal,0.0,0.0,0.0,1.0,0.0
3236,Normal,Normal,0.0,0.0,0.0,1.0,0.0
3237,Normal,Normal,0.0,0.0,0.0,1.0,0.0
3238,Normal,Normal,0.0,0.0,0.0,1.0,0.0
3239,Normal,Normal,0.0,0.0,0.0,1.0,0.0
3240,DoS/DDoS,DoS/DDoS,0.0,0.0,1.0,0.0,0.0
3241,Brute Force,Brute Force,0.0,0.9830951376930228,0.0034447436209343553,0.013460118686042709,0.0
3242,DoS/DDoS,DoS/DDoS,0.0,0.0,1.0,0.0,0.0
3243,Normal,Normal,0.0,0.0,0.0,1.0,0.0
3244,DoS/DDoS,DoS/DDoS,0.0,0.0,1.0,0.0,0.0
3245,Brute Force,Brute Force,0.0,1.0,0.0,0.0,0.0
3246,Normal,Normal,0.0,0.0,0.0,1.0,0.0
3247,DoS/DDoS,DoS/DDoS,0.0,0.0,1.0,0.0,0.0
3248,Normal,Normal,0.0,0.0028549679241346615,0.006701357690699163,0.9744037139127448,0.016039960472421268
3249,Normal,Normal,0.0,0.0,0.0,1.0,0.0
3250,DoS/DDoS,DoS/DDoS,0.0,0.0,1.0,0.0,0.0
3251,DoS/DDoS,DoS/DDoS,0.0,0.0,1.0,0.0,0.0
3252,Normal,Normal,0.0,0.0,0.0,1.0,0.0
3253,Brute Force,Web Attack,0.0,0.43823995574598634,7.031744054494311e-06,0.0011159857600180748,0.5606370267499412
3254,Brute Force,Brute Force,0.0,1.0,0.0,0.0,0.0
3255,DoS/DDoS,DoS/DDoS,0.0,0.0,1.0,0.0,0.0
3256,DoS/DDoS,DoS/DDoS,0.0,0.0,1.0,0.0,0.0
3257,Normal,Normal,0.0,0.0,0.0,1.0,0.0
3258,DoS/DDoS,DoS/DDoS,0.0,0.0,1.0,0.0,0.0
3259,Normal,Normal,0.0,0.0,0.0,1.0,0.0
3260,Normal,Normal,0.0,0.0,0.0,1.0,0.0
3261,DoS/DDoS,DoS/DDoS,0.0,0.0,0.979994977568646,0.020005022431353978,0.0
3262,Normal,Normal,0.0,0.0,0.0,1.0,0.0
3263,Brute Force,Web Attack,0.0,0.1514029934655211,3.7583605044024734e-06,0.000965010463526612,0.8476282377104479
3264,DoS/DDoS,DoS/DDoS,0.0,0.0,0.9966216409036861,0.003378359096313912,0.0
3265,DoS/DDoS,DoS/DDoS,0.0,0.0,0.956605495535552,0.04339450446444801,0.0
3266,DoS/DDoS,DoS/DDoS,0.0,0.08428619205817588,0.7551108502627936,0.09321733477505735,0.06738562290397311
3267,DoS/DDoS,DoS/DDoS,0.0,0.0,1.0,0.0,0.0
3268,Normal,Normal,0.019023488835370035,0.0,0.005048855288495827,0.975927655876134,0.0
3269,DoS/DDoS,DoS/DDoS,0.0,0.0,1.0,0.0,0.0
3270,Normal,Normal,0.0,0.0,0.0,1.0,0.0
3271,Brute Force,Brute Force,0.0,1.0,0.0,0.0,0.0
3272,DoS/DDoS,DoS/DDoS,0.0,0.0,0.9434798520605261,0.05652014793947389,0.0
3273,Normal,Normal,0.0,0.0,0.0,1.0,0.0
3274,Brute Force,Brute Force,0.0,1.0,0.0,0.0,0.0
3275,Normal,Normal,0.0,0.0,0.0,1.0,0.0
3276,Brute Force,Web Attack,0.0,0.06345616253677287,3.7583605044024734e-06,0.0009410644220625464,0.9355990146806603
3277,Brute Force,Brute Force,0.0,1.0,0.0,0.0,0.0
3278,DoS/DDoS,DoS/DDoS,0.0,0.0,1.0,0.0,0.0
3279,Normal,Normal,0.0,0.0,0.0,1.0,0.0
3280,Normal,Normal,0.0,0.0,0.0,1.0,0.0
3281,DoS/DDoS,DoS/DDoS,0.0,0.0,1.0,0.0,0.0
3282,Normal,Normal,0.0,0.004836199882876252,0.22334654460401984,0.7632138014557697,0.008603454057334233
3283,DoS/DDoS,DoS/DDoS,0.0,0.0,1.0,0.0,0.0
3284,Brute Force,Brute Force,0.0,0.9999957572263637,4.242773636295104e-06,0.0,0.0
3285,Normal,Normal,0.0,0.0,0.0,1.0,0.0
3286,Normal,Normal,0.0,0.0,0.0,1.0,0.0
3287,Normal,Normal,0.0,0.0,0.004983972075794273,0.9950160279242057,0.0
3288,DoS/DDoS,DoS/DDoS,0.0,0.0,1.0,0.0,0.0
3289,Normal,Normal,0.0,0.0,0.0,1.0,0.0
3290,Normal,Normal,0.0,0.0,0.0050629974658243215,0.9949370025341756,0.0
3291,Normal,Normal,0.0,0.0,0.0,1.0,0.0
3292,Normal,Normal,0.0,0.0,0.0,1.0,0.0
3293,DoS/DDoS,DoS/DDoS,0.0,0.0,1.0,0.0,0.0
3294,Normal,Normal,0.0,0.0137213934962779,3.805712667943282e-05,0.9717907722383792,0.014449777138663378
3295,Normal,Normal,0.0,0.0,0.0,1.0,0.0
3296,DoS/DDoS,DoS/DDoS,0.0,0.0,1.0,0.0,0.0
3297,DoS/DDoS,DoS/DDoS,0.0,0.0,1.0,0.0,0.0
3298,DoS/DDoS,DoS/DDoS,0.0,0.0,1.0,0.0,0.0
3299,Brute Force,Brute Force,0.0,0.9999957572263637,4.242773636295104e-06,0.0,0.0
3300,Normal,Normal,0.0,0.0,0.0,1.0,0.0
3301,Brute Force,Brute Force,0.0,0.9999957572263637,4.242773636295104e-06,0.0,0.0
3302,Brute Force,Brute Force,0.0,1.0,0.0,0.0,0.0
3303,DoS/DDoS,DoS/DDoS,0.0,0.0,1.0,0.0,0.0
3304,DoS/DDoS,DoS/DDoS,0.0,0.0,1.0,0.0,0.0
3305,Normal,Normal,0.0,0.0,0.0002225027241243617,0.9997774972758756,0.0
3306,DoS/DDoS,DoS/DDoS,0.0,0.0,0.9998464559900256,0.0001535440099744956,0.0
3307,Brute Force,Brute Force,0.0,0.7117458737657,0.00010758034535900212,0.006548359144876665,0.2815981867440641
3308,DoS/DDoS,DoS/DDoS,0.0,0.00639232075178196,0.7232039286247322,0.07641729869912141,0.1939864519243647
3309,Normal,Normal,0.0,0.0,0.02,0.98,0.0
3310,DoS/DDoS,DoS/DDoS,0.0,0.0,1.0,0.0,0.0
3311,Normal,Normal,0.0,0.029613669677957456,3.805712667943282e-05,0.9571756106850674,0.013172662510295781
3312,DoS/DDoS,DoS/DDoS,0.0,0.0,0.9949674017599487,0.005032598240051303,0.0
3313,DoS/DDoS,DoS/DDoS,0.0,0.0,1.0,0.0,0.0
3314,Normal,Normal,0.0,0.0,0.0,1.0,0.0
3315,Brute Force,Web Attack,0.0,0.20432296729012758,3.7583605044024734e-06,0.0021586625137416625,0.7935146118356261
3316,Brute Force,Brute Force,0.0,0.9999957572263637,4.242773636295104e-06,0.0,0.0
3317,Normal,Normal,0.0,0.0,0.0,1.0,0.0
3318,DoS/DDoS,DoS/DDoS,0.0,0.0,1.0,0.0,0.0
3319,Brute Force,Brute Force,0.0,0.9188885893804806,0.02,0.06111141061951944,0.0
3320,Normal,Normal,0.0,0.0,0.0,1.0,0.0
3321,DoS/DDoS,DoS/DDoS,0.0,0.0,1.0,0.0,0.0
3322,Brute Force,Brute Force,0.0,1.0,0.0,0.0,0.0
3323,Normal,Normal,0.0,0.0,0.003265549668241921,0.9967344503317581,0.0
3324,Bot,Bot,0.9768514860665298,0.0,6.511844699291775e-05,0.02308339548647709,0.0
3325,DoS/DDoS,DoS/DDoS,0.0,0.0,0.9999878626709298,1.213732907028066e-05,0.0
3326,Bot,Bot,0.9645534678074358,0.0,5.176293157457111e-05,0.03539476926098955,0.0
3327,Normal,Normal,0.0,0.0,0.0,1.0,0.0
3328,DoS/DDoS,DoS/DDoS,0.0,0.0,0.9999456879835311,5.4312016468903834e-05,0.0
3329,Normal,Normal,0.0,0.0,0.0,1.0,0.0
3330,DoS/DDoS,DoS/DDoS,0.0,0.0,1.0,0.0,0.0
3331,DoS/DDoS,DoS/DDoS,0.0,0.0,1.0,0.0,0.0
3332,DoS/DDoS,DoS/DDoS,0.0,0.0,1.0,0.0,0.0
3333,Normal,Normal,0.0,0.0434545900571572,0.3687719471225728,0.5877734628202701,0.0
3334,DoS/DDoS,DoS/DDoS,0.0,0.0,0.9999456879835311,5.4312016468903834e-05,0.0
3335,DoS/DDoS,DoS/DDoS,0.0,0.0,1.0,0.0,0.0
3336,DoS/DDoS,DoS/DDoS,0.0,0.0,1.0,0.0,0.0
3337,DoS/DDoS,DoS/DDoS,0.0,0.0,0.9980348010042774,0.001965198995722525,0.0
3338,Normal,Normal,0.0,0.0,1.9051442161899594e-05,0.9999809485578381,0.0
3339,Normal,Normal,0.0,0.0,0.0,1.0,0.0
3340,DoS/DDoS,DoS/DDoS,0.0,0.0,1.0,0.0,0.0
3341,Normal,Normal,0.0,0.0,0.0,1.0,0.0
3342,Normal,Normal,0.0,0.0,0.0,1.0,0.0
3343,Normal,Normal,0.0,0.0,0.0,1.0,0.0
3344,Normal,Normal,0.0,0.0,0.0,1.0,0.0
3345,DoS/DDoS,DoS/DDoS,0.0,0.0,1.0,0.0,0.0
3346,Brute Force,Brute Force,0.0,0.9999957572263637,4.242773636295104e-06,0.0,0.0
3347,Normal,Normal,0.0,0.0,0.0,1.0,0.0
3348,Normal,Normal,0.0,0.0,0.0,1.0,0.0
3349,Brute Force,Brute Force,0.0,0.652761770689541,5.080590898272907e-05,0.019504085465142724,0.3276833379363335
3350,DoS/DDoS,DoS/DDoS,0.0,0.0,0.9998543238170151,0.00014567618298485063,0.0
3351,Normal,Normal,0.0,0.0040001741380593335,0.03716444865427391,0.920515760790175,0.03831961641749179
3352,DoS/DDoS,DoS/DDoS,0.0,0.0,1.0,0.0,0.0
3353,Brute Force,Brute Force,0.0,0.9999957572263637,4.242773636295104e-06,0.0,0.0
3354,DoS/DDoS,DoS/DDoS,0.0,0.0,1.0,0.0,0.0
3355,Brute Force,Brute Force,0.0,0.8927271328228609,0.00010897862719913938,0.0617723893697518,0.045391499180188116
3356,DoS/DDoS,DoS/DDoS,0.0,0.0,1.0,0.0,0.0
3357,Normal,Normal,0.0,0.0,0.0,1.0,0.0
3358,Bot,Bot,0.9937087258319984,0.0,2.6673565380087433e-06,0.006288606811463608,0.0
3359,Normal,Normal,0.0,0.0028792816386789865,0.03811585989095193,0.8601925512470828,0.0988123072232861
3360,DoS/DDoS,DoS/DDoS,0.0,0.0,1.0,0.0,0.0
3361,Normal,Normal,0.0,0.0,0.0,1.0,0.0
3362,Normal,Normal,0.0,0.0,0.003352646451214589,0.9966473535487854,0.0
3363,Brute Force,Brute Force,0.0,1.0,0.0,0.0,0.0
3364,Brute Force,Brute Force,0.0,1.0,0.0,0.0,0.0
3365,Normal,Normal,0.0,0.0,0.007499330321267209,0.9925006696787328,0.0
3366,Normal,Normal,0.0,0.05931317763713457,0.013936657393537341,0.9267501649693282,0.0
3367,DoS/DDoS,DoS/DDoS,0.0,0.0,1.0,0.0,0.0
3368,DoS/DDoS,DoS/DDoS,0.0,0.0,0.9980348010042774,0.001965198995722525,0.0
3369,DoS/DDoS,DoS/DDoS,0.0,0.0,1.0,0.0,0.0
3370,Normal,Normal,0.0,0.0,0.0,1.0,0.0
3371,Web Attack,Brute Force,0.0,0.6824621174695795,5.080590898272907e-05,0.008581902136561723,0.3089051744848757
3372,Normal,Normal,0.0,0.0,1.9051442161899594e-05,0.9999809485578381,0.0
3373,Normal,Normal,0.0,0.0,0.0,1.0,0.0
3374,Brute Force,Brute Force,0.0,1.0,0.0,0.0,0.0
3375,Normal,Normal,0.0,0.013942242838539176,0.0,0.9860577571614608,0.0
3376,DoS/DDoS,DoS/DDoS,0.0,0.0,1.0,0.0,0.0
3377,Brute Force,Brute Force,0.0,1.0,0.0,0.0,0.0
3378,Brute Force,Brute Force,0.0,1.0,0.0,0.0,0.0
3379,DoS/DDoS,DoS/DDoS,0.0,0.0,1.0,0.0,0.0
3380,Normal,Normal,0.01,0.0,0.0,0.99,0.0
3381,Normal,Normal,0.0,0.0,0.0,1.0,0.0
3382,Normal,Normal,0.0,0.0,0.0,1.0,0.0
3383,Brute Force,Brute Force,0.0,0.7323354515232556,0.00010758034535900212,0.0016771209339889461,0.2658798471973964
3384,Normal,Normal,0.0,0.0,0.0,1.0,0.0
3385,Brute Force,Brute Force,0.0,0.9999957572263637,4.242773636295104e-06,0.0,0.0
3386,Brute Force,Brute Force,0.00015931446215744114,0.6611541543861128,0.0030197635711110386,0.055122146943113466,0.2805446206375052
3387,DoS/DDoS,DoS/DDoS,0.0,0.0,1.0,0.0,0.0
3388,Normal,Normal,0.0,0.0,0.0,1.0,0.0
3389,Normal,Normal,0.0,0.0,0.0,1.0,0.0
3390,Normal,Normal,0.0,0.003464123523821971,0.007409503164683859,0.9779940812731625,0.011132292038331876
3391,Brute Force,Brute Force,0.0,0.9999957572263637,4.242773636295104e-06,0.0,0.0
3392,Normal,Normal,0.0,0.0,0.0,1.0,0.0
3393,Normal,Normal,0.0,0.0,0.0,1.0,0.0
3394,Brute Force,Brute Force,0.0,0.8405868302101012,0.00034291800280911736,0.06461328642184297,0.09445696536524684
3395,Normal,Normal,0.046545843870371056,0.0,0.0,0.9534541561296289,0.0
3396,Brute Force,Brute Force,0.0,1.0,0.0,0.0,0.0
3397,Normal,Normal,0.0,0.0,0.0,1.0,0.0
3398,Brute Force,Brute Force,0.0,0.9999957572263637,4.242773636295104e-06,0.0,0.0
3399,Normal,Normal,0.0,0.0,0.0,1.0,0.0
3400,Normal,Normal,0.0,0.0,0.0,1.0,0.0
3401,Normal,Normal,0.0,0.0,0.0,1.0,0.0
3402,DoS/DDoS,DoS/DDoS,0.0,0.0,1.0,0.0,0.0
3403,Normal,Normal,0.0,0.0,0.0,1.0,0.0
3404,Brute Force,Web Attack,0.0,0.19613781795430044,3.7583605044024734e-06,0.0007065076296837818,0.8031519160555112
3405,DoS/DDoS,DoS/DDoS,0.0,0.0,1.0,0.0,0.0
3406,DoS/DDoS,DoS/DDoS,0.0,0.0,1.0,0.0,0.0
3407,Normal,Normal,0.0,0.0,0.0,1.0,0.0
3408,Normal,Normal,0.0,0.0,0.0,1.0,0.0
3409,Normal,Normal,0.0,0.0,0.0,1.0,0.0
3410,Bot,Bot,0.9935658639687677,0.0,2.6673565380087433e-06,0.006431468674694253,0.0
3411,DoS/DDoS,DoS/DDoS,0.0,0.0,0.9966849041343546,0.0033150958656453684,0.0
3412,Brute Force,Brute Force,0.0,1.0,0.0,0.0,0.0
3413,Normal,Normal,0.0,0.0,0.0,1.0,0.0
3414,DoS/DDoS,DoS/DDoS,0.0,0.0,0.9982152136869078,0.001784786313092262,0.0
3415,Normal,Normal,0.0,0.0,0.0,1.0,0.0
3416,Normal,Normal,0.0,0.0,0.0,1.0,0.0
3417,DoS/DDoS,DoS/DDoS,0.0,0.0,1.0,0.0,0.0
3418,Brute Force,Brute Force,0.0,1.0,0.0,0.0,0.0
3419,DoS/DDoS,DoS/DDoS,0.0,0.0,1.0,0.0,0.0
3420,Normal,Normal,0.0,0.0,0.0,1.0,0.0
3421,Normal,Normal,0.0,0.0,0.0,1.0,0.0
3422,Normal,Normal,0.0,0.0,1.9051442161899594e-05,0.9999809485578381,0.0
3423,Normal,Normal,0.0,0.0,0.0,1.0,0.0
3424,Normal,Normal,0.0,0.0,0.011061442762777506,0.9889385572372226,0.0
3425,Normal,Normal,0.010169308875450112,0.001107516047247935,0.002799480259706183,0.977853225592672,0.008070469224923625
3426,DoS/DDoS,DoS/DDoS,0.0,0.0038229481196815807,0.9961770518803184,0.0,0.0
3427,DoS/DDoS,DoS/DDoS,0.0,0.0,1.0,0.0,0.0
3428,Normal,Normal,0.3151953736806703,0.0,1.9448812743237454e-05,0.6847851775065863,0.0
3429,Bot,Bot,1.0,0.0,0.0,0.0,0.0
3430,Normal,Normal,0.0,0.0,0.0,1.0,0.0
3431,DoS/DDoS,DoS/DDoS,0.0,0.0,1.0,0.0,0.0
3432,DoS/DDoS,DoS/DDoS,0.0,0.0,1.0,0.0,0.0
3433,Normal,Normal,0.0,0.0,0.0,1.0,0.0
3434,Normal,Normal,0.0,0.0,0.0,1.0,0.0
3435,DoS/DDoS,DoS/DDoS,0.0,0.0,0.9999456879835311,5.4312016468903834e-05,0.0
3436,Brute Force,Brute Force,0.0,0.9999957572263637,4.242773636295104e-06,0.0,0.0
3437,Normal,Normal,0.0,0.03616756725480142,0.00013457106561963117,0.9491743885418055,0.01452347313777354
3438,Normal,Normal,0.0,0.0,0.0,1.0,0.0
3439,Web Attack,Brute Force,0.0,0.4345610550384854,0.012546840468656733,0.1764608082392797,0.376431296253578
3440,Brute Force,Brute Force,0.0,1.0,0.0,0.0,0.0
3441,Brute Force,Brute Force,0.0,1.0,0.0,0.0,0.0
3442,Normal,Normal,0.0,0.0,0.0,1.0,0.0
3443,Brute Force,Brute Force,0.0,0.9965356385403209,4.242773636295104e-06,0.003460118686042708,0.0
3444,Normal,Normal,0.0,0.0,0.0,1.0,0.0
3445,Brute Force,Brute Force,0.0,0.9999957572263637,4.242773636295104e-06,0.0,0.0
3446,Normal,Normal,0.0,0.0,0.0,1.0,0.0
3447,Brute Force,Brute Force,0.0,0.9999957572263637,4.242773636295104e-06,0.0,0.0
3448,Normal,Normal,0.00015931446215744114,0.12258756884946365,3.805712667943282e-05,0.813934500367989,0.06328055919371084
3449,DoS/DDoS,DoS/DDoS,0.0,0.0,0.9885606064302097,0.011439393569790311,0.0
3450,DoS/DDoS,DoS/DDoS,0.0,0.0,1.0,0.0,0.0
3451,DoS/DDoS,DoS/DDoS,0.0,0.0,0.9980348010042774,0.001965198995722525,0.0
3452,DoS/DDoS,DoS/DDoS,0.0,0.0,1.0,0.0,0.0
3453,Normal,Normal,0.0,0.0,0.0,1.0,0.0
3454,DoS/DDoS,DoS/DDoS,0.0,0.0,0.9999456879835311,5.4312016468903834e-05,0.0
3455,Normal,Normal,0.0,0.0,0.0,1.0,0.0
3456,Brute Force,Brute Force,0.0,1.0,0.0,0.0,0.0
3457,Brute Force,Web Attack,0.0,0.39314658894118365,7.031744054494311e-06,0.0041135634061665585,0.6027328159085953
3458,Brute Force,Brute Force,0.0,1.0,0.0,0.0,0.0
3459,DoS/DDoS,DoS/DDoS,0.0,0.0,1.0,0.0,0.0
3460,Normal,Normal,0.0,0.0,0.0,1.0,0.0
3461,Normal,Normal,0.0,0.001516811101604804,0.004893005084619953,0.9898943981905305,0.0036957856232448416
3462,Brute Force,Web Attack,0.0,0.21965609013406706,3.7583605044024734e-06,0.000965010463526612,0.7793751410419019
3463,DoS/DDoS,DoS/DDoS,0.0,0.0,1.0,0.0,0.0
3464,Brute Force,Brute Force,0.0,1.0,0.0,0.0,0.0
3465,Normal,Normal,0.0,0.03859888946650883,0.003206429168850355,0.7842272635285726,0.17396741783606792
3466,Normal,Normal,0.29440114942912277,0.0,2.1317506076340556e-05,0.705577533064801,0.0
3467,DoS/DDoS,DoS/DDoS,0.0,0.0,1.0,0.0,0.0
3468,Normal,Normal,0.0,0.0,0.0,1.0,0.0
3469,Normal,Normal,0.0,0.0508854099819753,0.00013457106561963117,0.9336363482678236,0.015343670684581541
3470,Normal,Normal,0.0,0.0,0.0,1.0,0.0
3471,DoS/DDoS,DoS/DDoS,0.0,0.0,1.0,0.0,0.0
3472,DoS/DDoS,DoS/DDoS,0.0,0.0,1.0,0.0,0.0
3473,Normal,Normal,0.0,0.030994607752536776,3.805712667943282e-05,0.9508398462908642,0.018127488829919564
3474,DoS/DDoS,Normal,0.0,0.12063039530713167,0.1323434273306279,0.4635562888104189,0.2834698885518214
3475,Brute Force,Brute Force,0.0,1.0,0.0,0.0,0.0
3476,DoS/DDoS,DoS/DDoS,0.0,0.0,1.0,0.0,0.0
3477,Brute Force,Brute Force,0.0,0.9999957572263637,4.242773636295104e-06,0.0,0.0
3478,DoS/DDoS,DoS/DDoS,0.0,0.0,1.0,0.0,0.0
3479,Normal,Normal,0.0009224535197838869,0.0,0.00038673045433758617,0.9986908160258785,0.0
3480,Normal,Normal,0.0,0.0,0.0,1.0,0.0
3481,Brute Force,Brute Force,0.0,0.9999957572263637,4.242773636295104e-06,0.0,0.0
3482,Normal,Normal,0.0,0.0,1.9051442161899594e-05,0.9999809485578381,0.0
3483,Normal,Normal,0.0,0.0,0.0,1.0,0.0
3484,Brute Force,Brute Force,0.0,0.9999957572263637,4.242773636295104e-06,0.0,0.0
3485,Brute Force,Brute Force,0.0,1.0,0.0,0.0,0.0
3486,Brute Force,Brute Force,0.0,1.0,0.0,0.0,0.0
3487,Normal,Normal,0.0,0.0,0.10748537448548928,0.8826774096851534,0.009837215829357282
3488,Normal,Normal,0.0,0.0,0.0,1.0,0.0
3489,Brute Force,Web Attack,0.0,0.13279194410594314,0.0036136020636670786,0.02286837565330342,0.8407260781770863
3490,Bot,Bot,0.9946406530329392,0.0,2.6673565380087433e-06,0.005356679610522906,0.0
3491,Normal,Normal,0.0010908699264547488,0.0028796591774253645,0.0,0.9960294708961199,0.0
3492,Normal,Normal,0.0,0.0,0.0,1.0,0.0
3493,DoS/DDoS,DoS/DDoS,0.0,0.0,0.993293158735753,0.006706841264247025,0.0
3494,DoS/DDoS,DoS/DDoS,0.0,0.0,1.0,0.0,0.0
3495,Brute Force,Brute Force,0.0,0.9067629499969624,0.003133566495642244,0.04706738854324375,0.043036094964151575
3496,Normal,Normal,0.0,0.0,0.0,1.0,0.0
3497,DoS/DDoS,DoS/DDoS,0.0,0.0,1.0,0.0,0.0
3498,Normal,Normal,0.0,0.0,0.0,1.0,0.0
3499,Brute Force,Brute Force,0.0,0.9999957572263637,4.242773636295104e-06,0.0,0.0
3500,DoS/DDoS,DoS/DDoS,0.0,0.0,0.9982152136869078,0.001784786313092262,0.0
3501,Brute Force,Brute Force,0.0,0.9999957572263637,4.242773636295104e-06,0.0,0.0
3502,Normal,Normal,0.0,0.0,0.005014280614066406,0.9949857193859336,0.0
3503,Normal,Normal,0.0,0.0,1.9051442161899594e-05,0.9999809485578381,0.0
3504,DoS/DDoS,DoS/DDoS,0.0,0.0,1.0,0.0,0.0
3505,Normal,Normal,0.0,0.0,0.0,1.0,0.0
3506,Normal,Normal,0.0,0.027973096133291856,0.003206429168850355,0.7095376377822794,0.2592828369155784
3507,Brute Force,Brute Force,0.0,0.9999957572263637,4.242773636295104e-06,0.0,0.0
3508,Normal,Normal,0.0,0.0,0.0,1.0,0.0
3509,DoS/DDoS,DoS/DDoS,0.0,0.0,1.0,0.0,0.0
3510,DoS/DDoS,DoS/DDoS,0.0,0.0,1.0,0.0,0.0
3511,Normal,Normal,0.0,0.0,0.0,1.0,0.0
3512,Normal,Normal,0.0,0.0,0.0,1.0,0.0
3513,DoS/DDoS,DoS/DDoS,0.0,0.0,0.994693215667453,0.00530678433254709,0.0
3514,Normal,Normal,0.0,0.0,0.0,1.0,0.0
3515,Normal,Normal,0.0,0.0,0.0,1.0,0.0
3516,Brute Force,Brute Force,0.0,1.0,0.0,0.0,0.0
3517,Brute Force,Brute Force,0.0,0.9999957572263637,4.242773636295104e-06,0.0,0.0
3518,Normal,Normal,0.0,0.0,0.0,1.0,0.0
3519,DoS/DDoS,DoS/DDoS,0.0,0.0,1.0,0.0,0.0
3520,Normal,Normal,0.0,0.0,0.0,1.0,0.0
3521,DoS/DDoS,DoS/DDoS,0.0,0.0,1.0,0.0,0.0
3522,Normal,Normal,0.0,0.0,0.0,1.0,0.0
3523,Brute Force,Brute Force,0.0,1.0,0.0,0.0,0.0
3524,Brute Force,Brute Force,0.0,1.0,0.0,0.0,0.0
3525,Normal,Normal,0.0,0.01713646181197559,3.805712667943282e-05,0.9655181897782333,0.017307291283111564
3526,Brute Force,Brute Force,0.0,1.0,0.0,0.0,0.0
3527,Normal,Normal,0.0,0.0,0.0,1.0,0.0
3528,Brute Force,Brute Force,0.0,0.9376322046556886,0.0,0.06236779534431134,0.0
3529,Normal,Normal,0.0,0.0,0.0,1.0,0.0
3530,Normal,Normal,0.0,0.029851377121954778,3.805712667943282e-05,0.9467809291210644,0.02332963663030123
3531,DoS/DDoS,DoS/DDoS,0.0,0.0,1.0,0.0,0.0
3532,Brute Force,Brute Force,0.0,1.0,0.0,0.0,0.0
3533,DoS/DDoS,DoS/DDoS,0.0,0.0,0.9999456879835311,5.4312016468903834e-05,0.0
3534,Brute Force,Brute Force,0.0,1.0,0.0,0.0,0.0
3535,DoS/DDoS,DoS/DDoS,0.0,0.0,1.0,0.0,0.0
3536,DoS/DDoS,DoS/DDoS,0.0,0.0,1.0,0.0,0.0
3537,Normal,Normal,0.0,0.11128407151125924,0.0032714257350498323,0.7784863257718402,0.10695817698185055
3538,Bot,Bot,0.9994265036470119,0.0,2.6673565380087433e-06,0.0005708289964500713,0.0
3539,Bot,Bot,1.0,0.0,0.0,0.0,0.0
3540,Normal,Normal,0.0,0.0,0.0,1.0,0.0
3541,Brute Force,Brute Force,0.0,1.0,0.0,0.0,0.0
3542,Brute Force,Brute Force,0.0,1.0,0.0,0.0,0.0
3543,DoS/DDoS,DoS/DDoS,0.0,0.0,1.0,0.0,0.0
3544,Normal,Normal,0.0,0.0,0.0,1.0,0.0
3545,Bot,Bot,1.0,0.0,0.0,0.0,0.0
3546,DoS/DDoS,DoS/DDoS,0.0,0.0,1.0,0.0,0.0
3547,DoS/DDoS,DoS/DDoS,0.0,0.0,0.9997399845423998,0.00026001545760014733,0.0
3548,Normal,Normal,0.0,0.0,0.0,1.0,0.0
3549,DoS/DDoS,DoS/DDoS,0.0,0.0,1.0,0.0,0.0
3550,DoS/DDoS,DoS/DDoS,0.0,0.0,1.0,0.0,0.0
3551,Normal,Normal,0.0,0.0,0.0,1.0,0.0
3552,Normal,Normal,0.0,0.0,0.0,1.0,0.0
3553,DoS/DDoS,DoS/DDoS,0.0,0.0,1.0,0.0,0.0
3554,Normal,Normal,0.0,0.0,0.0,1.0,0.0
3555,Normal,Normal,0.0,0.0,0.0,1.0,0.0
3556,DoS/DDoS,DoS/DDoS,0.0,0.0,1.0,0.0,0.0
3557,DoS/DDoS,DoS/DDoS,0.0,0.0,1.0,0.0,0.0
3558,Normal,Normal,0.0,0.0,0.0,1.0,0.0
3559,DoS/DDoS,DoS/DDoS,0.0,0.0,1.0,0.0,0.0
3560,Brute Force,Brute Force,0.0,1.0,0.0,0.0,0.0
3561,DoS/DDoS,DoS/DDoS,0.0,0.00038870409189376286,0.9812734688244953,0.014642041460366115,0.0036957856232448416
3562,Normal,Normal,0.0,0.0,0.0,1.0,0.0
3563,Brute Force,Brute Force,0.0,1.0,0.0,0.0,0.0
3564,Normal,Normal,0.0,0.0,0.0,1.0,0.0
3565,Normal,Normal,0.0,0.0,0.0,1.0,0.0
3566,Normal,Normal,0.0,0.0,0.0,1.0,0.0
3567,Web Attack,Web Attack,0.0,0.30415291465108535,3.7583605044024734e-06,0.0006541029345634021,0.6951892240538468
3568,DoS/DDoS,DoS/DDoS,0.0,0.0,1.0,0.0,0.0
3569,DoS/DDoS,DoS/DDoS,0.0,0.0,1.0,0.0,0.0
3570,DoS/DDoS,DoS/DDoS,0.0,0.0,1.0,0.0,0.0
3571,Brute Force,Brute Force,0.0,0.9999957572263637,4.242773636295104e-06,0.0,0.0
3572,Normal,Normal,0.0,0.008493364400769931,0.0,0.99150663559923,0.0
3573,Brute Force,Brute Force,0.0,1.0,0.0,0.0,0.0
3574,DoS/DDoS,DoS/DDoS,0.0,0.0,0.9971165172855314,0.0028834827144686302,0.0
3575,Brute Force,Web Attack,0.0,0.3048343475393514,3.7583605044024734e-06,0.0007065076296837818,0.6944553864704603
3576,Brute Force,Brute Force,0.0,0.3390152254826478,0.06708170028734174,0.2560412452026925,0.33786182902731793
3577,Normal,Normal,0.0,0.0,0.0,1.0,0.0
3578,DoS/DDoS,DoS/DDoS,0.0,0.0,1.0,0.0,0.0
3579,DoS/DDoS,DoS/DDoS,0.0,0.0,1.0,0.0,0.0
3580,DoS/DDoS,DoS/DDoS,0.0,0.0,1.0,0.0,0.0
3581,DoS/DDoS,DoS/DDoS,0.0,0.0,1.0,0.0,0.0
3582,DoS/DDoS,DoS/DDoS,0.0,0.0,1.0,0.0,0.0
3583,DoS/DDoS,DoS/DDoS,0.0,0.0,1.0,0.0,0.0
3584,Normal,Normal,0.0,0.0,0.0,1.0,0.0
3585,Brute Force,Brute Force,0.0,1.0,0.0,0.0,0.0
3586,Brute Force,Brute Force,0.0,1.0,0.0,0.0,0.0
3587,Brute Force,Brute Force,0.0,0.9999957572263637,4.242773636295104e-06,0.0,0.0
3588,DoS/DDoS,DoS/DDoS,0.0,0.0,1.0,0.0,0.0
3589,Brute Force,Brute Force,0.0,0.9999957572263637,4.242773636295104e-06,0.0,0.0
3590,DoS/DDoS,DoS/DDoS,0.0,0.0,1.0,0.0,0.0
3591,Brute Force,Brute Force,0.0,0.9999957572263637,4.242773636295104e-06,0.0,0.0
3592,Normal,Normal,0.0,0.0,0.0,1.0,0.0
3593,Normal,Normal,0.0,0.0,0.0,1.0,0.0
3594,Normal,Normal,0.0,0.0,0.0,1.0,0.0
3595,Brute Force,Brute Force,0.0,1.0,0.0,0.0,0.0
3596,DoS/DDoS,DoS/DDoS,0.0,0.0,1.0,0.0,0.0
3597,Brute Force,Brute Force,0.0,0.9240239897233444,0.0034689658412817748,0.07250704443537394,0.0
3598,Bot,Bot,1.0,0.0,0.0,0.0,0.0
3599,Brute Force,Brute Force,0.0,0.9999957572263637,4.242773636295104e-06,0.0,0.0
3600,Bot,Bot,1.0,0.0,0.0,0.0,0.0
3601,Normal,Normal,0.0,0.008955109887520978,3.805712667943282e-05,0.9879463818895005,0.003060451096298984
3602,Normal,Bot,0.5660440129434176,0.0,0.00025545094780801843,0.4337005361087743,0.0
3603,Normal,Normal,0.0,0.006033127065456373,0.020299472418401087,0.9451715107272493,0.028495889788893364
3604,DoS/DDoS,DoS/DDoS,0.0,0.0,0.9898247023108115,0.010175297689188567,0.0
3605,DoS/DDoS,DoS/DDoS,0.0,0.00038870409189376286,0.9710638602434368,0.02485165004142468,0.0036957856232448416
3606,Normal,Normal,0.0,0.0,0.0,1.0,0.0
3607,Normal,Normal,0.0,0.0040001741380593335,0.03716444865427391,0.920515760790175,0.03831961641749179
3608,DoS/DDoS,DoS/DDoS,0.0,0.0,1.0,0.0,0.0
3609,Brute Force,Brute Force,0.0,1.0,0.0,0.0,0.0
3610,Normal,Normal,0.0,0.005930151879317777,0.18312031900915823,0.6787229475666047,0.13222658154491948
3611,DoS/DDoS,DoS/DDoS,0.0,0.0,1.0,0.0,0.0
3612,Bot,Bot,0.9684188602840997,0.0,3.700861649006183e-05,0.03154413109940999,0.0
3613,Brute Force,Brute Force,0.0,1.0,0.0,0.0,0.0
3614,DoS/DDoS,DoS/DDoS,0.0,0.0,1.0,0.0,0.0
3615,Normal,Normal,0.0,0.0,0.0,1.0,0.0
3616,DoS/DDoS,DoS/DDoS,0.0,0.0,0.8818614635154515,0.1181385364845483,0.0
3617,Brute Force,Brute Force,0.0,1.0,0.0,0.0,0.0
3618,Normal,Normal,0.0,0.03751068619369114,0.003206429168850355,0.7195376377822794,0.2397452468551791
3619,DoS/DDoS,DoS/DDoS,0.0,0.0,1.0,0.0,0.0
3620,DoS/DDoS,DoS/DDoS,0.0,0.0,1.0,0.0,0.0
3621,Brute Force,Brute Force,0.0,0.9998544482867022,0.0,0.00014555171329770514,0.0
3622,Normal,Normal,0.005527439506563341,0.0,1.9051442161899594e-05,0.9944535090512748,0.0
3623,Normal,Normal,0.0,0.0,0.0,1.0,0.0
3624,Bot,Bot,1.0,0.0,0.0,0.0,0.0
3625,DoS/DDoS,DoS/DDoS,0.0,0.0,1.0,0.0,0.0
3626,DoS/DDoS,DoS/DDoS,0.0,0.0,1.0,0.0,0.0
3627,DoS/DDoS,DoS/DDoS,0.0,0.0,1.0,0.0,0.0
3628,Brute Force,Brute Force,0.00015931446215744114,0.6730673803445961,0.0005241189550449722,0.15020777870949048,0.17604140752871103
3629,DoS/DDoS,DoS/DDoS,0.0,0.0,1.0,0.0,0.0
3630,Normal,Normal,0.0,0.011503346397935755,3.805712667943282e-05,0.9734644589306838,0.014994137544700843
3631,Brute Force,Brute Force,0.0,1.0,0.0,0.0,0.0
3632,Normal,Normal,0.0,0.0,0.0,1.0,0.0
3633,Normal,Normal,0.0,0.01657417289220918,0.0,0.9834258271077908,0.0
3634,Brute Force,Brute Force,0.0,1.0,0.0,0.0,0.0
3635,DoS/DDoS,DoS/DDoS,0.0,0.0,1.0,0.0,0.0
3636,DoS/DDoS,DoS/DDoS,0.0,0.0,1.0,0.0,0.0
3637,Brute Force,Brute Force,0.0,0.9999957572263637,4.242773636295104e-06,0.0,0.0
3638,DoS/DDoS,DoS/DDoS,0.0,0.0,1.0,0.0,0.0
3639,DoS/DDoS,DoS/DDoS,0.0,0.0,1.0,0.0,0.0
3640,DoS/DDoS,DoS/DDoS,0.0,0.0,1.0,0.0,0.0
3641,DoS/DDoS,DoS/DDoS,0.0,0.00038870409189376286,0.9867933162255508,0.009122194059310479,0.0036957856232448416
3642,DoS/DDoS,DoS/DDoS,0.0,0.0,1.0,0.0,0.0
3643,DoS/DDoS,DoS/DDoS,0.0,0.0,1.0,0.0,0.0
3644,Normal,Normal,0.0,0.0,0.0,1.0,0.0
3645,Normal,Normal,0.0,0.0,0.0002225027241243617,0.9997774972758756,0.0
3646,Bot,Bot,0.9768514860665298,0.0,6.511844699291775e-05,0.02308339548647709,0.0
3647,Brute Force,Brute Force,0.0,0.7367285339924655,0.00010758034535900212,0.0015143822948681864,0.26164950336730736
3648,DoS/DDoS,DoS/DDoS,0.0,0.0,1.0,0.0,0.0
3649,Normal,Normal,0.0,0.0,0.0,1.0,0.0
3650,Bot,Bot,0.999863717745244,0.0,2.6673565380087433e-06,0.00013361489821793257,0.0
3651,DoS/DDoS,DoS/DDoS,0.0,0.0,1.0,0.0,0.0
3652,DoS/DDoS,DoS/DDoS,0.0,0.0,1.0,0.0,0.0
3653,Brute Force,Brute Force,0.0,1.0,0.0,0.0,0.0
3654,Normal,Normal,0.0,0.0,0.0,1.0,0.0
3655,DoS/DDoS,DoS/DDoS,0.0,0.0,1.0,0.0,0.0
3656,Brute Force,Brute Force,0.0,0.9999957572263637,4.242773636295104e-06,0.0,0.0
3657,Normal,Normal,0.0,0.0,0.0,1.0,0.0
3658,Brute Force,Brute Force,0.0,1.0,0.0,0.0,0.0
3659,Normal,Normal,0.0,0.0,0.0,1.0,0.0
3660,DoS/DDoS,DoS/DDoS,0.0,0.0,1.0,0.0,0.0
3661,Normal,Normal,0.0,0.0,0.0,1.0,0.0
3662,Brute Force,Brute Force,0.0,1.0,0.0,0.0,0.0
3663,DoS/DDoS,DoS/DDoS,0.0,0.0006831426335049337,0.9912170275324054,0.008099829834089736,0.0
3664,Normal,Normal,0.28075231521174193,0.0,1.9448812743237454e-05,0.7192282359755149,0.0
3665,Normal,Normal,0.0,0.0,0.0,1.0,0.0
3666,Normal,Normal,0.0,0.0,0.0,1.0,0.0
3667,Normal,Normal,0.0,0.0,0.0,1.0,0.0
3668,DoS/DDoS,DoS/DDoS,0.0,0.0,1.0,0.0,0.0
3669,Normal,Normal,0.0,0.0,0.0,1.0,0.0
3670,Normal,Normal,0.0,0.0,0.0,1.0,0.0
3671,Normal,Normal,0.0,0.0,0.0,0.9903242084888704,0.009675791511129546
3672,DoS/DDoS,DoS/DDoS,0.0,0.0,1.0,0.0,0.0
3673,DoS/DDoS,DoS/DDoS,0.0,0.00038870409189376286,0.9879698910154181,0.007945619269443389,0.0036957856232448416
3674,Normal,Normal,0.0,0.0,0.0,1.0,0.0
3675,DoS/DDoS,DoS/DDoS,0.0,0.0,1.0,0.0,0.0
3676,Normal,Normal,0.00015931446215744114,0.048392638249621395,3.805712667943282e-05,0.8699894985115205,0.08142049165002119
3677,DoS/DDoS,DoS/DDoS,0.0,0.0,0.9990482730015501,0.000951726998450009,0.0
3678,Normal,Normal,0.0,0.009481378790748327,3.805712667943282e-05,0.9865980739676214,0.0038824901149506984
3679,Normal,Normal,0.0,0.0,0.0,1.0,0.0
3680,DoS/DDoS,DoS/DDoS,0.0,0.0,1.0,0.0,0.0
3681,Brute Force,Brute Force,0.0,1.0,0.0,0.0,0.0
3682,Normal,Normal,0.0,0.023166724596054886,3.805712667943282e-05,0.9615252435917943,0.01526997468547138
3683,Normal,Normal,0.0,0.0,0.0,1.0,0.0
3684,DoS/DDoS,DoS/DDoS,0.0,0.0,1.0,0.0,0.0
3685,Bot,Bot,0.9751858608309233,0.0,6.511844699291775e-05,0.024749020722083764,0.0
3686,Normal,Normal,0.0,0.0,0.0,1.0,0.0
3687,Brute Force,Brute Force,0.0,1.0,0.0,0.0,0.0
3688,Brute Force,Brute Force,0.0,1.0,0.0,0.0,0.0
3689,Brute Force,Brute Force,0.0,1.0,0.0,0.0,0.0
3690,DoS/DDoS,DoS/DDoS,0.0,0.0,1.0,0.0,0.0
3691,Brute Force,Brute Force,0.0,1.0,0.0,0.0,0.0
3692,Brute Force,Brute Force,0.0,1.0,0.0,0.0,0.0
3693,Normal,Normal,0.0,0.0,0.0,1.0,0.0
3694,Normal,Normal,0.0,0.0,0.0,1.0,0.0
3695,DoS/DDoS,DoS/DDoS,0.0,0.0,1.0,0.0,0.0
3696,DoS/DDoS,DoS/DDoS,0.0,0.0,1.0,0.0,0.0
3697,Brute Force,Brute Force,0.0,1.0,0.0,0.0,0.0
3698,DoS/DDoS,DoS/DDoS,0.0,0.0,1.0,0.0,0.0
3699,DoS/DDoS,DoS/DDoS,0.0,0.0,1.0,0.0,0.0
3700,Normal,Normal,0.0,0.0,0.0,1.0,0.0
3701,Normal,Normal,0.09426364317444336,0.0,1.3606354482045735e-05,0.9057227504710745,0.0
3702,Normal,Normal,0.0,0.0,0.0,1.0,0.0
3703,Brute Force,Web Attack,0.0,0.0858235921123646,3.7583605044024734e-06,0.0006242989580809444,0.9135483505690501
3704,Brute Force,Brute Force,0.0,0.9999957572263637,4.242773636295104e-06,0.0,0.0
3705,Normal,Normal,0.0,0.0,0.0,1.0,0.0
3706,DoS/DDoS,DoS/DDoS,0.0,0.0,1.0,0.0,0.0
3707,Normal,Normal,0.0,0.0,0.0,1.0,0.0
3708,Brute Force,Brute Force,0.0,0.9999957572263637,4.242773636295104e-06,0.0,0.0
3709,DoS/DDoS,DoS/DDoS,0.0,0.0,1.0,0.0,0.0
3710,Normal,Normal,0.0,0.0,0.0,1.0,0.0
3711,DoS/DDoS,DoS/DDoS,0.0,0.0,1.0,0.0,0.0
3712,Normal,Normal,0.0,0.0,0.0,1.0,0.0
3713,Brute Force,Brute Force,0.0,1.0,0.0,0.0,0.0
3714,Brute Force,Brute Force,0.0,0.9999957572263637,4.242773636295104e-06,0.0,0.0
3715,DoS/DDoS,DoS/DDoS,0.0,0.0,1.0,0.0,0.0
3716,Brute Force,Brute Force,0.0,1.0,0.0,0.0,0.0
3717,Normal,Normal,0.0,0.0008237759383254772,0.0,0.9991762240616744,0.0
3718,Normal,Normal,0.0,0.0,0.0,1.0,0.0
3719,DoS/DDoS,DoS/DDoS,0.0,0.0,1.0,0.0,0.0
3720,Brute Force,Brute Force,0.0,0.9999957572263637,4.242773636295104e-06,0.0,0.0
3721,Brute Force,Brute Force,0.0,1.0,0.0,0.0,0.0
3722,Normal,Normal,0.0,0.0,0.0,1.0,0.0
3723,Normal,Normal,0.0,0.014439680069317213,0.058833255937662435,0.9267270639930204,0.0
3724,Normal,Normal,0.0,0.00021190487017416204,0.0,0.9997880951298258,0.0
3725,Brute Force,Brute Force,0.0,0.9999957572263637,4.242773636295104e-06,0.0,0.0
3726,Brute Force,Brute Force,0.0,0.9999957572263637,4.242773636295104e-06,0.0,0.0
3727,Brute Force,Brute Force,0.0,1.0,0.0,0.0,0.0
3728,Normal,Normal,0.0,0.0,0.0,1.0,0.0
3729,Brute Force,Brute Force,0.0,1.0,0.0,0.0,0.0
3730,DoS/DDoS,DoS/DDoS,0.0,0.0,1.0,0.0,0.0
3731,Normal,Normal,0.0,0.0,0.0,1.0,0.0
3732,Normal,Normal,0.0,0.0,1.9051442161899594e-05,0.9999809485578381,0.0
3733,Brute Force,Brute Force,0.0,1.0,0.0,0.0,0.0
3734,DoS/DDoS,DoS/DDoS,0.0,0.0,1.0,0.0,0.0
3735,DoS/DDoS,DoS/DDoS,0.0,0.0,1.0,0.0,0.0
3736,Normal,Normal,0.0,0.0,0.0,1.0,0.0
3737,DoS/DDoS,DoS/DDoS,0.0,0.0,1.0,0.0,0.0
3738,DoS/DDoS,DoS/DDoS,0.0,0.0,1.0,0.0,0.0
3739,Normal,Normal,0.0,0.0,0.0,1.0,0.0
3740,Brute Force,Brute Force,0.0,1.0,0.0,0.0,0.0
3741,Brute Force,Brute Force,0.0,1.0,0.0,0.0,0.0
3742,Normal,Normal,0.02088663109428558,0.0,0.00038673045433758617,0.9787266384513768,0.0
3743,Brute Force,Brute Force,0.0,1.0,0.0,0.0,0.0
3744,DoS/DDoS,DoS/DDoS,0.0,0.0,1.0,0.0,0.0
3745,DoS/DDoS,DoS/DDoS,0.0,0.0,1.0,0.0,0.0
3746,Brute Force,Brute Force,0.0,1.0,0.0,0.0,0.0
3747,Normal,Normal,0.0,0.0,0.0,1.0,0.0
3748,DoS/DDoS,DoS/DDoS,0.0,0.0,1.0,0.0,0.0
3749,DoS/DDoS,DoS/DDoS,0.0,0.0,0.9999878626709298,1.213732907028066e-05,0.0
3750,DoS/DDoS,DoS/DDoS,0.0,0.0,1.0,0.0,0.0
3751,Normal,Normal,0.0,0.0,0.015266019570707555,0.9847339804292923,0.0
3752,Brute Force,Brute Force,0.0,1.0,0.0,0.0,0.0
3753,DoS/DDoS,DoS/DDoS,0.0,0.0,1.0,0.0,0.0
3754,DoS/DDoS,DoS/DDoS,0.0,0.0,1.0,0.0,0.0
3755,Normal,Normal,0.0,0.0,0.0,1.0,0.0
3756,Brute Force,Brute Force,0.0,1.0,0.0,0.0,0.0
3757,DoS/DDoS,DoS/DDoS,0.0,0.0,1.0,0.0,0.0
3758,DoS/DDoS,DoS/DDoS,0.0,0.0,0.9999456879835311,5.4312016468903834e-05,0.0
3759,DoS/DDoS,DoS/DDoS,0.0,0.0,1.0,0.0,0.0
3760,DoS/DDoS,DoS/DDoS,0.0,0.0,1.0,0.0,0.0
3761,Normal,Normal,0.0,0.0,0.0,1.0,0.0
3762,DoS/DDoS,DoS/DDoS,0.0,0.0,1.0,0.0,0.0
3763,DoS/DDoS,DoS/DDoS,0.0,0.0,1.0,0.0,0.0
3764,DoS/DDoS,DoS/DDoS,0.0,0.00038870409189376286,0.9709183375882224,0.024997172696639078,0.0036957856232448416
3765,Normal,Normal,0.0,0.0,0.0,1.0,0.0
3766,Normal,Normal,0.0,0.0,0.0,1.0,0.0
3767,DoS/DDoS,DoS/DDoS,0.0,0.0,1.0,0.0,0.0
3768,Bot,Bot,1.0,0.0,0.0,0.0,0.0
3769,DoS/DDoS,DoS/DDoS,0.0,0.0,1.0,0.0,0.0
3770,Normal,Normal,0.0,0.0,0.0,1.0,0.0
3771,Normal,Normal,0.0,0.0,0.0,1.0,0.0
3772,DoS/DDoS,DoS/DDoS,0.0,0.0,1.0,0.0,0.0
3773,Brute Force,Web Attack,0.0,0.1710286064730573,3.7583605044024734e-06,0.0006985773754304222,0.8282690577910078
3774,DoS/DDoS,DoS/DDoS,0.0,0.0,1.0,0.0,0.0
3775,DoS/DDoS,DoS/DDoS,0.0,0.0,1.0,0.0,0.0
3776,DoS/DDoS,DoS/DDoS,0.0,0.0,1.0,0.0,0.0
3777,DoS/DDoS,DoS/DDoS,0.0,0.0,1.0,0.0,0.0
3778,Normal,Normal,0.06505474053202372,0.0,0.0,0.9349452594679764,0.0
3779,Brute Force,Brute Force,0.0,0.8174269723362266,0.00010758034535900212,0.0016771209339889461,0.1807883263844252
3780,DoS/DDoS,DoS/DDoS,0.0,0.0,1.0,0.0,0.0
3781,DoS/DDoS,DoS/DDoS,0.0,0.0,1.0,0.0,0.0
3782,Brute Force,Brute Force,0.0,1.0,0.0,0.0,0.0
3783,Brute Force,Brute Force,0.0,1.0,0.0,0.0,0.0
3784,Brute Force,Brute Force,0.0,1.0,0.0,0.0,0.0
3785,Brute Force,Brute Force,0.0,1.0,0.0,0.0,0.0
3786,DoS/DDoS,DoS/DDoS,0.0,0.0,1.0,0.0,0.0
3787,Normal,Normal,0.0,0.0,0.0,1.0,0.0
3788,Brute Force,Web Attack,0.0,0.2396497558581926,3.7583605044024734e-06,0.0008083763811711506,0.7595381094001317
3789,Brute Force,Brute Force,0.0,1.0,0.0,0.0,0.0
3790,DoS/DDoS,DoS/DDoS,0.0,0.0,1.0,0.0,0.0
3791,DoS/DDoS,DoS/DDoS,0.0,0.0,1.0,0.0,0.0
3792,Bot,Bot,0.9458427566782233,0.0,3.1062335798527624e-05,0.0541261809859779,0.0
3793,Normal,Normal,0.0,0.0,0.0,1.0,0.0
3794,Normal,Normal,0.0,0.08599330231296742,0.0024993304408377527,0.911507367246195,0.0
3795,DoS/DDoS,DoS/DDoS,0.0,0.0,1.0,0.0,0.0
3796,Normal,Normal,0.0,0.0,0.0,1.0,0.0
3797,Brute Force,Brute Force,0.0,1.0,0.0,0.0,0.0
3798,Brute Force,Brute Force,0.0,0.9914933641880579,0.0,0.008506635811942099,0.0
3799,Normal,Normal,0.0,0.0,0.0,1.0,0.0
3800,DoS/DDoS,DoS/DDoS,0.0,0.0,1.0,0.0,0.0
3801,DoS/DDoS,DoS/DDoS,0.0,0.0,1.0,0.0,0.0
3802,DoS/DDoS,DoS/DDoS,0.0,0.0,1.0,0.0,0.0
3803,Normal,Normal,0.0,0.0,0.0,1.0,0.0
3804,DoS/DDoS,DoS/DDoS,0.0,0.0,1.0,0.0,0.0
3805,DoS/DDoS,DoS/DDoS,0.0,0.0,0.9982152136869078,0.001784786313092262,0.0
3806,DoS/DDoS,DoS/DDoS,0.0,0.0,1.0,0.0,0.0
3807,Normal,Normal,0.0,0.012236145107857565,0.02581966045448119,0.9452702711554035,0.016673923282257856
3808,Web Attack,Web Attack,0.0,0.08417790223257532,3.7583605044024734e-06,0.0006808753718454345,0.9151374640350748
3809,Normal,Normal,0.0,0.026306797052051703,3.805712667943282e-05,0.9555276569913491,0.018127488829919564
3810,DoS/DDoS,DoS/DDoS,0.0,0.0,1.0,0.0,0.0
3811,DoS/DDoS,DoS/DDoS,0.0,0.0,1.0,0.0,0.0
3812,Normal,Bot,0.564622164291354,0.0,0.0003855153781828439,0.4349923203304631,0.0
3813,Brute Force,Brute Force,0.0,0.6601522397334904,5.080590898272907e-05,0.002511099494786862,0.33728585486274
3814,Normal,Normal,0.0,0.0,0.0,1.0,0.0
3815,DoS/DDoS,DoS/DDoS,0.0,0.0,0.9998464559900256,0.0001535440099744956,0.0
3816,Brute Force,Web Attack,0.0,0.31878496281147123,3.7583605044024734e-06,0.017713399081380032,0.6634978797466442
3817,DoS/DDoS,DoS/DDoS,0.0,0.0,1.0,0.0,0.0
3818,Normal,Normal,0.0,0.03295028325254737,3.805712667943282e-05,0.9488841707908535,0.018127488829919564
3819,DoS/DDoS,DoS/DDoS,0.0,0.0,1.0,0.0,0.0
3820,DoS/DDoS,DoS/DDoS,0.0,0.0,1.0,0.0,0.0
3821,Brute Force,Brute Force,0.0,0.9999957572263637,4.242773636295104e-06,0.0,0.0
3822,Brute Force,Brute Force,0.0,1.0,0.0,0.0,0.0
3823,DoS/DDoS,DoS/DDoS,0.0,0.0,1.0,0.0,0.0
3824,Normal,Normal,0.0,0.017898035468367948,0.017990739682176748,0.9641112248494553,0.0
3825,DoS/DDoS,DoS/DDoS,0.0,0.0,1.0,0.0,0.0
3826,Normal,Normal,0.1688961416302097,0.0,0.01502523499025469,0.8160786233795357,0.0
3827,Bot,Bot,1.0,0.0,0.0,0.0,0.0
3828,DoS/DDoS,DoS/DDoS,0.0,0.0,1.0,0.0,0.0
3829,DoS/DDoS,DoS/DDoS,0.0,0.0,1.0,0.0,0.0
3830,Normal,Normal,0.0,0.0,0.07233173594783,0.9182739997798568,0.009394264272313053
3831,DoS/DDoS,DoS/DDoS,0.0,0.0,0.9999878626709298,1.213732907028066e-05,0.0
3832,DoS/DDoS,DoS/DDoS,0.0,0.0,1.0,0.0,0.0
3833,Normal,Normal,0.0,0.0,0.0,1.0,0.0
3834,Normal,Normal,0.0,0.0,0.0,1.0,0.0
3835,Normal,Normal,0.0,0.0,0.0,1.0,0.0
3836,Normal,Normal,0.0,0.0,0.013328093366678576,0.9866719066333214,0.0
3837,Normal,Normal,0.0,0.0,0.0,1.0,0.0
3838,DoS/DDoS,DoS/DDoS,0.0,0.0,1.0,0.0,0.0
3839,Brute Force,Brute Force,0.0,1.0,0.0,0.0,0.0
3840,Brute Force,Brute Force,0.0,1.0,0.0,0.0,0.0
3841,Normal,Normal,0.0009224535197838869,0.0,0.00020270240847910056,0.998874844071737,0.0
3842,DoS/DDoS,DoS/DDoS,0.0,0.0,1.0,0.0,0.0
3843,Normal,Normal,0.0,0.0,0.0,1.0,0.0
3844,DoS/DDoS,DoS/DDoS,0.0,0.0,1.0,0.0,0.0
3845,Normal,Normal,0.0,0.0,0.0,1.0,0.0
3846,DoS/DDoS,DoS/DDoS,0.0,0.0,0.9950057191878753,0.004994280812124678,0.0
3847,Brute Force,Brute Force,0.0,1.0,0.0,0.0,0.0
3848,Brute Force,Web Attack,0.0,0.3133243665695272,3.7583605044024734e-06,0.0021667923597634077,0.6845050827102049
3849,Normal,Normal,0.0058041425542950135,0.0018478621839648542,0.0,0.9877564425903198,0.00459155267142032
3850,DoS/DDoS,DoS/DDoS,0.0,0.02398677307594306,0.7765849605326225,0.16572643965197767,0.033701826739456514
3851,Bot,Bot,0.98,0.01,0.0,0.01,0.0
3852,Normal,Normal,0.0,0.0,0.0,1.0,0.0
3853,Brute Force,Brute Force,0.0,0.6352524358518199,0.00010758034535900212,0.0022706984022668676,0.3623692854005542
3854,Brute Force,Brute Force,0.0,1.0,0.0,0.0,0.0
3855,Brute Force,Brute Force,0.0,1.0,0.0,0.0,0.0
3856,Normal,Normal,0.0,0.0,0.0,1.0,0.0
3857,DoS/DDoS,DoS/DDoS,0.0,0.0,1.0,0.0,0.0
3858,DoS/DDoS,DoS/DDoS,0.0,0.0,1.0,0.0,0.0
3859,Normal,Normal,0.0,0.0,0.0,1.0,0.0
3860,Normal,Normal,0.0,0.04080728961667929,0.009243548738357926,0.8914948910609521,0.058454270584010606
3861,Normal,Normal,0.0,0.0,0.0,1.0,0.0
3862,DoS/DDoS,DoS/DDoS,0.0,0.0,1.0,0.0,0.0
3863,Normal,Normal,0.0,0.0,0.0,1.0,0.0
3864,Normal,Normal,0.0,0.0,0.0,1.0,0.0
3865,Normal,Normal,0.0,0.0,0.0,1.0,0.0
3866,Brute Force,Brute Force,0.0,0.9547754624853861,0.00522453751461385,0.04,0.0
3867,Normal,Normal,0.0,0.0,0.0,1.0,0.0
3868,DoS/DDoS,DoS/DDoS,0.0,0.0,1.0,0.0,0.0
3869,DoS/DDoS,DoS/DDoS,0.0,0.0,1.0,0.0,0.0
3870,DoS/DDoS,DoS/DDoS,0.0,0.0,1.0,0.0,0.0
3871,Brute Force,Brute Force,0.0,1.0,0.0,0.0,0.0
3872,Normal,Normal,0.0,0.0,0.0033103890247086465,0.9966896109752913,0.0
3873,Normal,Normal,0.0,0.0,0.0,1.0,0.0
3874,Normal,Normal,0.30588513911561493,0.0,1.9448812743237454e-05,0.6940954120716418,0.0
3875,Brute Force,Brute Force,0.0,0.9999957572263637,4.242773636295104e-06,0.0,0.0
3876,DoS/DDoS,DoS/DDoS,0.0,0.0,1.0,0.0,0.0
3877,Brute Force,Brute Force,0.0,1.0,0.0,0.0,0.0
3878,Normal,Normal,0.3430088201181234,0.0,1.9448812743237454e-05,0.6569717310691334,0.0
3879,Brute Force,Brute Force,0.00015931446215744114,0.5970749989663959,0.0024066684103046143,0.04992173017366545,0.3504372879874764
3880,DoS/DDoS,DoS/DDoS,0.0,0.0,1.0,0.0,0.0
3881,Normal,Normal,0.0,0.0,0.0,1.0,0.0
3882,DoS/DDoS,DoS/DDoS,0.0,0.0,1.0,0.0,0.0
3883,Normal,Normal,0.2285367528364859,0.0,1.744315816540339e-05,0.7714458040053485,0.0
3884,DoS/DDoS,DoS/DDoS,0.0,0.0,1.0,0.0,0.0
3885,DoS/DDoS,DoS/DDoS,0.0,0.0,1.0,0.0,0.0
3886,DoS/DDoS,DoS/DDoS,0.0,0.0,1.0,0.0,0.0
3887,Brute Force,Brute Force,0.0,1.0,0.0,0.0,0.0
3888,Normal,Normal,0.0,0.0,0.0,1.0,0.0
3889,DoS/DDoS,DoS/DDoS,0.0,0.0,1.0,0.0,0.0
3890,Normal,Normal,0.0,0.0,0.0,1.0,0.0
3891,DoS/DDoS,DoS/DDoS,0.0,0.0,1.0,0.0,0.0
3892,DoS/DDoS,DoS/DDoS,0.0,0.004825818600271994,0.9041375225756032,0.08167170705563606,0.009364951768488748
3893,Brute Force,Brute Force,0.0,1.0,0.0,0.0,0.0
3894,DoS/DDoS,DoS/DDoS,0.0,0.0,0.9998464559900256,0.0001535440099744956,0.0
3895,Normal,Normal,0.0,0.0,0.0,1.0,0.0
3896,Normal,Normal,0.0,0.0,0.0,1.0,0.0
3897,Normal,Normal,0.0,0.0,0.0,1.0,0.0
3898,Normal,Normal,0.02088663109428558,0.0,0.00038673045433758617,0.9787266384513768,0.0
3899,DoS/DDoS,DoS/DDoS,0.0,0.0,0.9999456879835311,5.4312016468903834e-05,0.0
3900,Normal,Normal,0.0,0.0,0.0,1.0,0.0
3901,DoS/DDoS,DoS/DDoS,0.0,0.0,1.0,0.0,0.0
3902,Normal,Normal,0.0,0.0,0.0,1.0,0.0
3903,DoS/DDoS,DoS/DDoS,0.0,0.0,1.0,0.0,0.0
3904,Normal,Normal,0.0,0.0,0.0,1.0,0.0
3905,Normal,Normal,0.0,0.0,0.0,1.0,0.0
3906,Normal,Normal,0.0,0.0,0.0,1.0,0.0
3907,Brute Force,Web Attack,0.0,0.48839621579007747,7.031744054494311e-06,0.0008114671953634619,0.5107852852705046
3908,Brute Force,Brute Force,0.0,1.0,0.0,0.0,0.0
3909,Normal,Normal,0.0,0.0,0.0,1.0,0.0
3910,Brute Force,Brute Force,0.0,1.0,0.0,0.0,0.0
3911,Brute Force,Brute Force,0.0,0.5820350594430801,5.080590898272907e-05,0.001972815916662089,0.41594131873127493
3912,DoS/DDoS,DoS/DDoS,0.0,0.0,1.0,0.0,0.0
3913,Normal,Normal,0.0,0.008219819421419059,0.0024950604318339595,0.989285120146747,0.0
3914,Normal,Normal,0.1564562345598061,0.0,3.688646619188201e-05,0.8435068789740017,0.0
3915,DoS/DDoS,DoS/DDoS,0.0,0.0,0.7123443001758146,0.2876556998241855,0.0
3916,DoS/DDoS,DoS/DDoS,0.0,0.0006831426335049337,0.9912170275324054,0.008099829834089736,0.0
3917,Brute Force,Brute Force,0.0,0.6047271382562541,1.1980490327606729e-05,0.0009387750388936073,0.3943221062145247
3918,Bot,Bot,1.0,0.0,0.0,0.0,0.0
3919,Normal,Normal,0.0,0.0,0.0,1.0,0.0
3920,DoS/DDoS,DoS/DDoS,0.0,0.0,1.0,0.0,0.0
3921,DoS/DDoS,DoS/DDoS,0.0,0.0,1.0,0.0,0.0
3922,Brute Force,Brute Force,0.0,0.9999957572263637,4.242773636295104e-06,0.0,0.0
3923,DoS/DDoS,DoS/DDoS,0.0,0.0,1.0,0.0,0.0
3924,Normal,Normal,0.0,0.0,0.0,1.0,0.0
3925,DoS/DDoS,DoS/DDoS,0.0,0.0,1.0,0.0,0.0
3926,DoS/DDoS,DoS/DDoS,0.0,0.0,1.0,0.0,0.0
3927,Brute Force,Brute Force,0.0,0.9999957572263637,4.242773636295104e-06,0.0,0.0
3928,DoS/DDoS,DoS/DDoS,0.0,0.0,1.0,0.0,0.0
3929,DoS/DDoS,DoS/DDoS,0.0,0.0,1.0,0.0,0.0
3930,DoS/DDoS,DoS/DDoS,0.0,0.0,0.9999456879835311,5.4312016468903834e-05,0.0
3931,DoS/DDoS,DoS/DDoS,0.0,0.0,1.0,0.0,0.0
3932,Normal,Normal,0.0,0.0,0.19074794868384515,0.8092520513161549,0.0
3933,DoS/DDoS,DoS/DDoS,0.0,0.0,1.0,0.0,0.0
3934,Normal,Normal,0.0,0.0037831554237755067,0.05554023091949074,0.9197543842896012,0.020922229367132835
3935,Web Attack,Web Attack,0.0,0.22429755436325027,7.031744054494311e-06,0.0008191152957775543,0.7748762985969175
3936,DoS/DDoS,DoS/DDoS,0.0,0.0,1.0,0.0,0.0
3937,DoS/DDoS,DoS/DDoS,0.0,0.0,1.0,0.0,0.0
3938,DoS/DDoS,DoS/DDoS,0.0,0.007205806833319919,0.974742421104238,0.018051772062442132,0.0
3939,Normal,Normal,0.0,0.0,0.0,1.0,0.0
3940,Bot,Bot,0.9909141180582866,0.0,2.6673565380087433e-06,0.009083214585175366,0.0
3941,Brute Force,Brute Force,0.0,1.0,0.0,0.0,0.0
3942,DoS/DDoS,DoS/DDoS,0.0,0.0,1.0,0.0,0.0
3943,DoS/DDoS,DoS/DDoS,0.0,0.0,1.0,0.0,0.0
3944,DoS/DDoS,DoS/DDoS,0.0,0.0,1.0,0.0,0.0
3945,Brute Force,Brute Force,0.0,1.0,0.0,0.0,0.0
3946,Normal,Normal,0.0,0.0,0.0,1.0,0.0
3947,DoS/DDoS,DoS/DDoS,0.0,0.0,1.0,0.0,0.0
3948,DoS/DDoS,DoS/DDoS,0.0,0.0,0.9999578253126014,4.217468739862318e-05,0.0
3949,Normal,Normal,0.0,0.0,0.0,1.0,0.0
3950,Normal,Normal,0.0,0.0,0.008593897643795532,0.9914061023562044,0.0
3951,Normal,Normal,0.0,0.0,0.0,1.0,0.0
3952,Normal,Normal,0.0,0.0,0.0,1.0,0.0
3953,DoS/DDoS,DoS/DDoS,0.0,0.0,1.0,0.0,0.0
3954,DoS/DDoS,DoS/DDoS,0.0,0.0,1.0,0.0,0.0
3955,DoS/DDoS,DoS/DDoS,0.0,0.0,0.9989013979229091,0.0010986020770908916,0.0
3956,Normal,Normal,0.009783386453639107,0.0,0.0,0.9902166135463608,0.0
3957,DoS/DDoS,DoS/DDoS,0.0,0.0,1.0,0.0,0.0
3958,DoS/DDoS,DoS/DDoS,0.0,0.0,1.0,0.0,0.0
3959,DoS/DDoS,DoS/DDoS,0.0,0.0,1.0,0.0,0.0
3960,Normal,Normal,0.0,0.0,0.0,1.0,0.0
3961,Normal,Normal,0.0,0.0005844643463966065,0.007068163534279503,0.9886515864960792,0.0036957856232448416
3962,DoS/DDoS,DoS/DDoS,0.0,0.0,1.0,0.0,0.0
3963,Normal,Normal,0.0,0.0,0.0,1.0,0.0
3964,Web Attack,Brute Force,0.0,0.8250551752247817,0.00010758034535900212,0.0012731723134649898,0.17356407211639407
3965,DoS/DDoS,DoS/DDoS,0.0,0.0,1.0,0.0,0.0
3966,Brute Force,Brute Force,0.0,0.9999957572263637,4.242773636295104e-06,0.0,0.0
3967,Normal,Normal,0.0,0.0,0.0,1.0,0.0
3968,DoS/DDoS,DoS/DDoS,0.0,0.0,1.0,0.0,0.0
3969,Normal,Normal,0.0,0.0,0.0,1.0,0.0
3970,Brute Force,Web Attack,0.0,0.06345616253677287,3.7583605044024734e-06,0.0009410644220625464,0.9355990146806603
3971,Normal,Normal,0.0,0.0,0.0,1.0,0.0
3972,Normal,Normal,0.0,0.0,0.0,1.0,0.0
3973,Normal,Normal,0.0,0.0,0.0,1.0,0.0
3974,Normal,Normal,0.0,0.0,0.0,1.0,0.0
3975,DoS/DDoS,DoS/DDoS,0.0,0.0,1.0,0.0,0.0
3976,Brute Force,Brute Force,0.0,0.895177861808057,0.00020549256613933774,0.05787433581813768,0.04674230980766586
3977,Brute Force,Brute Force,0.0,0.9999957572263637,4.242773636295104e-06,0.0,0.0
3978,Brute Force,Brute Force,0.0,0.9999957572263637,4.242773636295104e-06,0.0,0.0
3979,Normal,Normal,0.0,0.0,0.0033148319457292626,0.9966851680542708,0.0
3980,Brute Force,Brute Force,0.0,1.0,0.0,0.0,0.0
3981,DoS/DDoS,DoS/DDoS,0.0,0.0,1.0,0.0,0.0
3982,Normal,Normal,0.0,0.0,0.0,1.0,0.0
3983,Brute Force,Brute Force,0.0,0.9977257011940364,0.0,0.0022742988059636722,0.0
3984,Normal,Normal,0.0,0.0,0.0,1.0,0.0
3985,DoS/DDoS,DoS/DDoS,0.0,0.0,1.0,0.0,0.0
3986,DoS/DDoS,DoS/DDoS,0.0,0.0,1.0,0.0,0.0
3987,Normal,Normal,0.0,0.013661381062775176,3.805712667943282e-05,0.9806475702135105,0.005652991597034992
3988,Normal,Normal,0.0,0.0,0.0,1.0,0.0
3989,DoS/DDoS,DoS/DDoS,0.0,0.0,1.0,0.0,0.0
3990,DoS/DDoS,DoS/DDoS,0.0,0.0,1.0,0.0,0.0
3991,DoS/DDoS,DoS/DDoS,0.0,0.0,1.0,0.0,0.0
3992,Normal,Normal,0.0,0.0,0.0,1.0,0.0
3993,Web Attack,Web Attack,0.0,0.39859159586394255,3.7583605044024734e-06,0.007713399081380034,0.5936912466941728
3994,DoS/DDoS,DoS/DDoS,0.0,0.0,0.9990482730015501,0.000951726998450009,0.0
3995,Brute Force,Brute Force,0.0,0.9999957572263637,4.242773636295104e-06,0.0,0.0
3996,Normal,Normal,0.0,0.00032370910855309044,0.0032050354893381895,0.9914004913368913,0.005070764065217382
3997,Normal,Normal,0.0,0.0,0.0,1.0,0.0
3998,Normal,Normal,0.0,0.0,0.0,1.0,0.0
3999,DoS/DDoS,DoS/DDoS,0.0,0.0,1.0,0.0,0.0
4000,DoS/DDoS,DoS/DDoS,0.0,0.0,1.0,0.0,0.0
4001,Brute Force,Brute Force,0.0,0.9999957572263637,4.242773636295104e-06,0.0,0.0
4002,DoS/DDoS,DoS/DDoS,0.0,0.0,1.0,0.0,0.0
4003,Normal,Normal,0.22211665064807815,0.0,0.0003819998945657678,0.7775013494573558,0.0
4004,DoS/DDoS,DoS/DDoS,0.0,0.0,1.0,0.0,0.0
4005,Brute Force,Brute Force,0.0,1.0,0.0,0.0,0.0
4006,Normal,Normal,0.0,0.0,0.0,1.0,0.0
4007,DoS/DDoS,DoS/DDoS,0.0,0.0,1.0,0.0,0.0
4008,Normal,Normal,0.0,0.0,0.0,1.0,0.0
4009,DoS/DDoS,DoS/DDoS,0.0,0.0,1.0,0.0,0.0
4010,Normal,Normal,0.0,0.0,0.0,1.0,0.0
4011,Normal,Normal,0.0,0.0,0.0,1.0,0.0
4012,DoS/DDoS,DoS/DDoS,0.0,0.0,1.0,0.0,0.0
4013,Normal,Normal,0.0,0.0,1.9051442161899594e-05,0.9999809485578381,0.0
4014,DoS/DDoS,DoS/DDoS,0.0,0.0,1.0,0.0,0.0
4015,Brute Force,Brute Force,0.0,1.0,0.0,0.0,0.0
4016,Normal,Normal,0.0,0.0,0.0,1.0,0.0
4017,DoS/DDoS,DoS/DDoS,0.0,0.0,1.0,0.0,0.0
4018,DoS/DDoS,DoS/DDoS,0.0,0.0,1.0,0.0,0.0
4019,Normal,Normal,0.0,0.0028201076079907854,3.805712667943282e-05,0.9949015817158388,0.0022402535494909833
4020,Normal,Normal,0.0,0.0,0.0,1.0,0.0
4021,Normal,Normal,0.0,0.0,0.0,1.0,0.0
4022,DoS/DDoS,DoS/DDoS,0.0,0.0,1.0,0.0,0.0
4023,DoS/DDoS,DoS/DDoS,0.0,0.0,1.0,0.0,0.0
4024,Brute Force,Brute Force,0.0,1.0,0.0,0.0,0.0
4025,Web Attack,Web Attack,0.0,0.4279864922709124,5.080590898272907e-05,0.005130649390135844,0.566832052429969
4026,DoS/DDoS,DoS/DDoS,0.0,0.0,1.0,0.0,0.0
4027,Brute Force,Brute Force,0.0,0.9999957572263637,4.242773636295104e-06,0.0,0.0
4028,Brute Force,Brute Force,0.0,1.0,0.0,0.0,0.0
4029,DoS/DDoS,DoS/DDoS,0.0,0.0,1.0,0.0,0.0
4030,Normal,Normal,0.0,0.0,0.0,1.0,0.0
4031,Brute Force,Brute Force,0.0,1.0,0.0,0.0,0.0
4032,Brute Force,Brute Force,0.0,0.4934766331321655,0.019297208317484424,0.3509118875327421,0.13631427101760807
4033,DoS/DDoS,DoS/DDoS,0.0,0.0,0.9820024527026887,0.017997547297311425,0.0
4034,DoS/DDoS,DoS/DDoS,0.0,0.0,1.0,0.0,0.0
4035,Brute Force,Normal,0.0,0.3281958812500262,0.20713520424865112,0.3579353568128243,0.10673355768849836
4036,Normal,Normal,0.0,0.0,0.0,1.0,0.0
4037,Normal,Normal,0.0,0.0,0.0,1.0,0.0
4038,DoS/DDoS,DoS/DDoS,0.0,0.0,0.9980348010042774,0.001965198995722525,0.0
4039,Normal,Normal,0.008354189012036706,0.00240666857975071,0.040915595944970844,0.9397200924059077,0.008603454057334233
4040,DoS/DDoS,DoS/DDoS,0.0,0.0,1.0,0.0,0.0
4041,DoS/DDoS,DoS/DDoS,0.0,0.0,1.0,0.0,0.0
4042,DoS/DDoS,DoS/DDoS,0.0,0.0,1.0,0.0,0.0
4043,DoS/DDoS,DoS/DDoS,0.0,0.0,1.0,0.0,0.0
4044,Normal,Normal,0.0,0.0,0.0,1.0,0.0
4045,Normal,Normal,0.0,0.0,0.0,1.0,0.0
4046,Brute Force,Brute Force,0.0,1.0,0.0,0.0,0.0
4047,Normal,Normal,0.0,0.046633282074396994,0.00013457106561963117,0.9378884761754019,0.015343670684581541
4048,Brute Force,Brute Force,0.0,0.9999957572263637,4.242773636295104e-06,0.0,0.0
4049,Normal,Normal,0.0,0.0,0.0,1.0,0.0
4050,Brute Force,Brute Force,0.0,1.0,0.0,0.0,0.0
4051,Brute Force,Web Attack,0.0,0.3038870166834855,3.7583605044024734e-06,0.0006541029345634021,0.6954551220214468
4052,Normal,Normal,0.0,0.0,0.0,1.0,0.0
4053,DoS/DDoS,DoS/DDoS,0.0,0.0,1.0,0.0,0.0
4054,Normal,Normal,0.0,0.0,0.0,1.0,0.0
4055,Normal,Normal,0.0,0.0,0.0,1.0,0.0
4056,Normal,Normal,0.0,0.0,0.0,1.0,0.0
4057,DoS/DDoS,DoS/DDoS,0.0,0.0,1.0,0.0,0.0
4058,DoS/DDoS,DoS/DDoS,0.0,0.0,1.0,0.0,0.0
4059,Brute Force,Brute Force,0.0,1.0,0.0,0.0,0.0
4060,Normal,Normal,0.0,0.0,0.0003700718176147568,0.9996299281823852,0.0
4061,Normal,Normal,0.0,0.004890163028460901,0.013304792484243074,0.9818050444872961,0.0
4062,Normal,Normal,0.0,0.0,0.0,1.0,0.0
4063,Brute Force,Brute Force,0.0,0.9999957572263637,4.242773636295104e-06,0.0,0.0
4064,DoS/DDoS,DoS/DDoS,0.0,0.0,1.0,0.0,0.0
4065,Normal,Normal,0.0,0.0,0.0,1.0,0.0
4066,Normal,Normal,0.0,0.0,0.0,1.0,0.0
4067,DoS/DDoS,DoS/DDoS,0.0,0.0,1.0,0.0,0.0
4068,Bot,Bot,1.0,0.0,0.0,0.0,0.0
4069,Normal,Normal,0.0,0.0,0.0,1.0,0.0
4070,Normal,Normal,0.0,0.0,0.0,1.0,0.0
4071,DoS/DDoS,DoS/DDoS,0.0,0.0,1.0,0.0,0.0
4072,DoS/DDoS,DoS/DDoS,0.0,0.0,1.0,0.0,0.0
4073,DoS/DDoS,DoS/DDoS,0.0,0.0,0.8507047935001458,0.14929520649985428,0.0
4074,DoS/DDoS,DoS/DDoS,0.0,0.0,1.0,0.0,0.0
4075,DoS/DDoS,DoS/DDoS,0.0,0.0,1.0,0.0,0.0
4076,Brute Force,Web Attack,0.0,0.310369145602195,3.7583605044024734e-06,0.0006541029345634021,0.6889729931027372
4077,Normal,Normal,0.0,0.12815210011159484,3.805712667943282e-05,0.8062962361806268,0.06551360658109907
4078,DoS/DDoS,DoS/DDoS,0.0,0.0,0.9972933254075229,0.002706674592477048,0.0
4079,Brute Force,Brute Force,0.0,1.0,0.0,0.0,0.0
4080,Normal,Normal,0.0,0.0,0.0,1.0,0.0
4081,Normal,Normal,0.0,0.02,0.0,0.910934488780399,0.06906551121960088
4082,Normal,Normal,0.0,0.0,0.0,1.0,0.0
4083,DoS/DDoS,DoS/DDoS,0.0,0.0,0.9966644445502595,0.003335555449740489,0.0
4084,Brute Force,Brute Force,0.0,0.9999957572263637,4.242773636295104e-06,0.0,0.0
4085,Normal,Normal,0.0,0.0,0.0,1.0,0.0
4086,DoS/DDoS,DoS/DDoS,0.0,0.0,1.0,0.0,0.0
4087,DoS/DDoS,DoS/DDoS,0.0,0.0,1.0,0.0,0.0
4088,Normal,Normal,0.0,0.0,0.0,1.0,0.0
4089,DoS/DDoS,DoS/DDoS,0.0,0.0,1.0,0.0,0.0
4090,DoS/DDoS,DoS/DDoS,0.0,0.0,1.0,0.0,0.0
4091,Normal,Normal,0.0,0.0,0.0,1.0,0.0
4092,Brute Force,Brute Force,0.0,0.9922870252981641,0.0,0.007712974701835813,0.0
4093,DoS/DDoS,DoS/DDoS,0.0,0.0,1.0,0.0,0.0
4094,Normal,Normal,0.0,0.0,0.0,1.0,0.0
4095,DoS/DDoS,DoS/DDoS,0.0,0.0,0.9999578253126014,4.217468739862318e-05,0.0
4096,DoS/DDoS,DoS/DDoS,0.0,0.0,1.0,0.0,0.0
4097,Brute Force,Brute Force,0.0,1.0,0.0,0.0,0.0
4098,Normal,Normal,0.23198419263518624,0.0,0.04374697441040266,0.7242688329544111,0.0
4099,Normal,Normal,0.0,0.0,0.0,1.0,0.0
4100,Normal,Normal,0.0,0.0,0.0,1.0,0.0
4101,Brute Force,Brute Force,0.0,0.9999957572263637,4.242773636295104e-06,0.0,0.0
4102,Normal,Normal,0.0,0.0040001741380593335,0.05482307968559127,0.9139896847420116,0.027187061434337946
4103,Normal,Normal,0.0,0.0,0.003265549668241921,0.9967344503317581,0.0
4104,Bot,Bot,0.9998997013881337,0.0,2.6673565380087433e-06,9.763125532836162e-05,0.0
4105,Normal,Normal,0.0,0.022911514285782215,0.012526444883449415,0.9545620408307685,0.01
4106,Brute Force,Brute Force,0.0,1.0,0.0,0.0,0.0
4107,DoS/DDoS,DoS/DDoS,0.0,0.0,0.9999578253126014,4.217468739862318e-05,0.0
4108,Normal,Normal,0.0,0.0,0.0,1.0,0.0
4109,DoS/DDoS,DoS/DDoS,0.0,0.0,0.9915264411823905,0.008473558817609418,0.0
4110,Normal,Normal,0.0,0.0,0.0,1.0,0.0
4111,Normal,Normal,0.0,0.004426574205497066,0.25122121856196056,0.7060325908150508,0.03831961641749179
4112,DoS/DDoS,DoS/DDoS,0.0,0.0,1.0,0.0,0.0
4113,DoS/DDoS,DoS/DDoS,0.0,0.0,1.0,0.0,0.0
4114,Normal,Normal,0.0,0.0,0.004923379174852652,0.9950766208251474,0.0
4115,Normal,Normal,0.0,0.0,0.007134085815740732,0.9928659141842593,0.0
4116,DoS/DDoS,DoS/DDoS,0.0,0.0,1.0,0.0,0.0
4117,DoS/DDoS,DoS/DDoS,0.0,0.0,0.9966626987905914,0.0033373012094086276,0.0
4118,Normal,Normal,0.0,0.0,0.0,1.0,0.0
4119,Normal,Normal,0.0,0.0,0.0,1.0,0.0
4120,DoS/DDoS,DoS/DDoS,0.0,0.0,0.9999456879835311,5.4312016468903834e-05,0.0
4121,DoS/DDoS,DoS/DDoS,0.0,0.0,1.0,0.0,0.0
4122,Normal,Normal,0.0,0.07150565206491709,0.12642895272856966,0.7926654706877058,0.009399924518807397
4123,Brute Force,Brute Force,0.0,1.0,0.0,0.0,0.0
4124,Normal,Normal,0.0,0.0,0.0,1.0,0.0
4125,DoS/DDoS,DoS/DDoS,0.0,0.0,1.0,0.0,0.0
4126,DoS/DDoS,DoS/DDoS,0.0,0.0,0.9980348010042774,0.001965198995722525,0.0
4127,Normal,Normal,0.0,0.043652723691551126,0.00013457106561963117,0.9408690345582478,0.015343670684581541
4128,Normal,Normal,0.0,0.0,0.0,1.0,0.0
4129,Bot,Bot,1.0,0.0,0.0,0.0,0.0
4130,DoS/DDoS,DoS/DDoS,0.0,0.0,1.0,0.0,0.0
4131,DoS/DDoS,DoS/DDoS,0.0,0.0,1.0,0.0,0.0
4132,DoS/DDoS,DoS/DDoS,0.0,0.0,0.99,0.01,0.0
4133,DoS/DDoS,DoS/DDoS,0.0,0.0,1.0,0.0,0.0
4134,DoS/DDoS,DoS/DDoS,0.0,0.0,1.0,0.0,0.0
4135,Normal,Normal,0.0,0.007915180340864051,0.0,0.9920848196591359,0.0
4136,DoS/DDoS,DoS/DDoS,0.0,0.0,1.0,0.0,0.0
4137,Normal,Normal,0.0,0.0,0.0,1.0,0.0
4138,Normal,Normal,0.0,0.0,0.0,1.0,0.0
4139,Normal,Normal,0.0,0.01603312706545637,0.14095547609946052,0.8242015479711404,0.018809848863942692
4140,Normal,Normal,0.0,0.0,0.0,1.0,0.0
4141,DoS/DDoS,DoS/DDoS,0.0,0.0,1.0,0.0,0.0
4142,Brute Force,Brute Force,0.0,1.0,0.0,0.0,0.0
4143,Normal,Normal,0.021567071694279828,0.0,0.0036519205911581154,0.9747810077145621,0.0
4144,Normal,Normal,0.0,0.0005844643463966065,0.007068163534279503,0.9886515864960792,0.0036957856232448416
4145,Normal,Normal,0.0,0.0,0.0,1.0,0.0
4146,DoS/DDoS,DoS/DDoS,0.0,0.0,1.0,0.0,0.0
4147,DoS/DDoS,DoS/DDoS,0.0,0.0,0.9999878626709298,1.213732907028066e-05,0.0
4148,Normal,Normal,0.0,0.0,0.0,1.0,0.0
4149,Normal,Normal,0.0,0.0,0.0,1.0,0.0
4150,Brute Force,Brute Force,0.0,1.0,0.0,0.0,0.0
4151,Normal,Normal,0.0,0.0,0.021988204995370658,0.9780117950046293,0.0
4152,DoS/DDoS,DoS/DDoS,0.0,0.0,0.9418604513948963,0.05813954860510398,0.0
4153,Normal,Normal,0.0,0.0,0.10034507536588383,0.8996549246341163,0.0
4154,DoS/DDoS,DoS/DDoS,0.0,0.0,1.0,0.0,0.0
4155,Normal,Normal,0.0,0.0,0.0,1.0,0.0
4156,Bot,Bot,1.0,0.0,0.0,0.0,0.0
4157,DoS/DDoS,DoS/DDoS,0.0,0.0,1.0,0.0,0.0
4158,Web Attack,Web Attack,0.0,0.0858337256732309,3.7583605044024734e-06,0.0009410644220625464,0.9132214515442025
4159,Normal,Normal,0.0,0.02992725506429879,0.0009635594980283764,0.9495080660208568,0.01960111941681614
4160,DoS/DDoS,DoS/DDoS,0.0,0.0,1.0,0.0,0.0
4161,DoS/DDoS,DoS/DDoS,0.0,0.0,0.9999456879835311,5.4312016468903834e-05,0.0
4162,Brute Force,Brute Force,0.0,1.0,0.0,0.0,0.0
4163,DoS/DDoS,DoS/DDoS,0.0,0.0,1.0,0.0,0.0
4164,DoS/DDoS,DoS/DDoS,0.0,0.0,1.0,0.0,0.0
4165,Brute Force,Brute Force,0.0,1.0,0.0,0.0,0.0
4166,Brute Force,Brute Force,0.0,1.0,0.0,0.0,0.0
4167,Brute Force,Brute Force,0.0,0.6148180102682419,0.00010758034535900212,0.008542901275777986,0.37653150811062114
4168,DoS/DDoS,DoS/DDoS,0.0,0.013611316732085644,0.9214446988547274,0.06494398441318676,0.0
4169,Brute Force,Brute Force,0.0,0.78625107834963,0.00010758034535900212,0.004044606795214021,0.20959673450979666
4170,Brute Force,Brute Force,0.0,1.0,0.0,0.0,0.0
4171,Normal,Normal,0.0,0.01929134811446139,0.014187671641418577,0.9568498912446729,0.009671088999447209
4172,Normal,Normal,0.0,0.0,0.0,1.0,0.0
4173,Brute Force,Brute Force,0.0,0.98,0.0,0.02,0.0
4174,Normal,Normal,0.0,0.006013939913288318,0.0008355228403762174,0.9806452639540852,0.01250527329225024
4175,DoS/DDoS,DoS/DDoS,0.0,0.0,1.0,0.0,0.0
4176,DoS/DDoS,DoS/DDoS,0.0,0.0,1.0,0.0,0.0
4177,Brute Force,Brute Force,0.0,0.9999957572263637,4.242773636295104e-06,0.0,0.0
4178,Normal,Normal,0.0,0.0,0.0,1.0,0.0
4179,Brute Force,Brute Force,0.0,1.0,0.0,0.0,0.0
4180,DoS/DDoS,DoS/DDoS,0.0,0.0,1.0,0.0,0.0
4181,Normal,Normal,0.0,0.0,0.0,1.0,0.0
4182,DoS/DDoS,DoS/DDoS,0.0,0.0,1.0,0.0,0.0
4183,Normal,Normal,0.0,0.0,0.0002225027241243617,0.9997774972758756,0.0
4184,Brute Force,Brute Force,0.0,1.0,0.0,0.0,0.0
4185,Brute Force,Brute Force,0.0,1.0,0.0,0.0,0.0
4186,Brute Force,Web Attack,0.0,0.08758369785719315,3.7583605044024734e-06,0.0009121309674187438,0.9115004128148838
4187,DoS/DDoS,DoS/DDoS,0.0,0.0,1.0,0.0,0.0
4188,Bot,Bot,0.9774566334549061,0.0,5.176293157457111e-05,0.022491603613519155,0.0
4189,Brute Force,Brute Force,0.0,1.0,0.0,0.0,0.0
4190,Brute Force,Brute Force,0.0,1.0,0.0,0.0,0.0
4191,Brute Force,Brute Force,0.0,0.8998310560107976,0.03613012316807891,0.057144503220217364,0.006894317600906071
4192,Brute Force,Brute Force,0.0,1.0,0.0,0.0,0.0
4193,Normal,Normal,0.0,0.0,0.0,1.0,0.0
4194,Normal,Normal,0.0,0.0,0.0,1.0,0.0
4195,DoS/DDoS,DoS/DDoS,0.0,0.0,1.0,0.0,0.0
4196,DoS/DDoS,DoS/DDoS,0.0,0.0,0.9996845535813353,0.000315446418664595,0.0
4197,Brute Force,Brute Force,0.0,0.7175967865378651,0.0019197807254631627,0.15446544686778263,0.1260179858688889
4198,Brute Force,Brute Force,0.0,1.0,0.0,0.0,0.0
4199,Normal,Normal,0.0,0.0,0.0,1.0,0.0
4200,DoS/DDoS,DoS/DDoS,0.0,0.0,0.9980348010042774,0.001965198995722525,0.0
4201,DoS/DDoS,DoS/DDoS,0.0,0.0,0.9999578253126014,4.217468739862318e-05,0.0
4202,DoS/DDoS,DoS/DDoS,0.0,0.0,1.0,0.0,0.0
4203,DoS/DDoS,DoS/DDoS,0.0,0.0,1.0,0.0,0.0
4204,Bot,Bot,0.8319238807042149,0.0,0.003781310521809639,0.16429480877397573,0.0
4205,DoS/DDoS,DoS/DDoS,0.0,0.0,0.9933288741310529,0.00667112586894723,0.0
4206,Normal,Normal,0.0,0.0,0.0,1.0,0.0
4207,DoS/DDoS,DoS/DDoS,0.0,0.0,1.0,0.0,0.0
4208,Normal,Normal,0.0,0.0,0.0,1.0,0.0
4209,Brute Force,Brute Force,0.0,1.0,0.0,0.0,0.0
4210,Normal,Normal,0.0,0.0,0.0,1.0,0.0
4211,Brute Force,Brute Force,0.0,1.0,0.0,0.0,0.0
4212,DoS/DDoS,DoS/DDoS,0.0,0.0,1.0,0.0,0.0
4213,DoS/DDoS,DoS/DDoS,0.0,0.0,1.0,0.0,0.0
4214,Bot,Bot,1.0,0.0,0.0,0.0,0.0
4215,Normal,Normal,0.0,0.0,0.0,1.0,0.0
4216,Normal,Normal,0.0,0.0,0.0,1.0,0.0
4217,DoS/DDoS,DoS/DDoS,0.0,0.0,1.0,0.0,0.0
4218,DoS/DDoS,DoS/DDoS,0.0,0.0,1.0,0.0,0.0
4219,Brute Force,Brute Force,0.0,1.0,0.0,0.0,0.0
4220,Brute Force,Brute Force,0.0,0.859306166427765,0.00034291800280911736,0.04589395020417899,0.09445696536524684
4221,DoS/DDoS,DoS/DDoS,0.0,0.0,1.0,0.0,0.0
4222,DoS/DDoS,DoS/DDoS,0.0,0.0,1.0,0.0,0.0
4223,DoS/DDoS,DoS/DDoS,0.0,0.0,1.0,0.0,0.0
4224,Brute Force,Brute Force,0.0,1.0,0.0,0.0,0.0
4225,Brute Force,Brute Force,0.0,1.0,0.0,0.0,0.0
4226,Brute Force,Brute Force,0.0,1.0,0.0,0.0,0.0
4227,DoS/DDoS,DoS/DDoS,0.0,0.0,1.0,0.0,0.0
4228,Normal,Normal,0.0,0.0,0.0,1.0,0.0
4229,Brute Force,Brute Force,0.0,0.8576796900374772,0.00020549256613933774,0.06779329377057443,0.07432152362580918
4230,Brute Force,Brute Force,0.0,0.9999957572263637,4.242773636295104e-06,0.0,0.0
4231,DoS/DDoS,DoS/DDoS,0.0,0.0,1.0,0.0,0.0
4232,DoS/DDoS,DoS/DDoS,0.0,0.0,1.0,0.0,0.0
4233,DoS/DDoS,DoS/DDoS,0.0,0.0,1.0,0.0,0.0
4234,Brute Force,Brute Force,0.0,1.0,0.0,0.0,0.0
4235,DoS/DDoS,DoS/DDoS,0.0,0.0,0.9923828766600866,0.007617123339913423,0.0
4236,Normal,Normal,0.0,0.0009172016468188743,0.00843564201503612,0.9794103522885862,0.011236804049558784
4237,Normal,Normal,0.0,0.0,0.0,1.0,0.0
4238,DoS/DDoS,DoS/DDoS,0.0,0.004865100087032202,0.8966787615478264,0.059350506642539186,0.039105631722602105
4239,Brute Force,Brute Force,0.0,0.9999957572263637,4.242773636295104e-06,0.0,0.0
4240,DoS/DDoS,DoS/DDoS,0.0,0.0,1.0,0.0,0.0
4241,Normal,Normal,0.0,0.0,0.0,1.0,0.0
4242,DoS/DDoS,DoS/DDoS,0.0,0.0,1.0,0.0,0.0
4243,DoS/DDoS,DoS/DDoS,0.0,0.0,1.0,0.0,0.0
4244,DoS/DDoS,DoS/DDoS,0.0,0.0,0.9998543238170151,0.00014567618298485063,0.0
4245,DoS/DDoS,DoS/DDoS,0.0,0.0,1.0,0.0,0.0
4246,DoS/DDoS,DoS/DDoS,0.0,0.0,1.0,0.0,0.0
4247,Brute Force,Brute Force,0.0,1.0,0.0,0.0,0.0
4248,Bot,Bot,0.9765260567851555,0.0,6.511844699291775e-05,0.02340882476785162,0.0
4249,Brute Force,Brute Force,0.0,1.0,0.0,0.0,0.0
4250,DoS/DDoS,DoS/DDoS,0.0,0.0,1.0,0.0,0.0
4251,DoS/DDoS,DoS/DDoS,0.0,0.0,1.0,0.0,0.0
4252,Normal,Normal,0.0,0.0,0.0,1.0,0.0
4253,Normal,Normal,0.0,0.0,0.010312676677653,0.9896873233223471,0.0
4254,Normal,Normal,0.0,0.0,0.0,1.0,0.0
4255,DoS/DDoS,DoS/DDoS,0.0,0.0,1.0,0.0,0.0
4256,DoS/DDoS,DoS/DDoS,0.0,0.0,1.0,0.0,0.0
4257,DoS/DDoS,DoS/DDoS,0.0,0.0,1.0,0.0,0.0
4258,DoS/DDoS,DoS/DDoS,0.0,0.0,1.0,0.0,0.0
4259,Normal,Normal,0.0,0.0,0.0,1.0,0.0
4260,Normal,Normal,0.0,0.0,0.0,1.0,0.0
4261,DoS/DDoS,DoS/DDoS,0.0,0.0,1.0,0.0,0.0
4262,Bot,Bot,0.9348889546749402,0.0,6.511844699291775e-05,0.06504592687806679,0.0
4263,DoS/DDoS,DoS/DDoS,0.0,0.0,1.0,0.0,0.0
4264,DoS/DDoS,DoS/DDoS,0.0,0.0,1.0,0.0,0.0
4265,Brute Force,Brute Force,0.0,1.0,0.0,0.0,0.0
4266,Normal,Normal,0.0,0.0,0.0,1.0,0.0
4267,DoS/DDoS,DoS/DDoS,0.0,0.0,1.0,0.0,0.0
4268,DoS/DDoS,DoS/DDoS,0.0,0.0,1.0,0.0,0.0
4269,DoS/DDoS,DoS/DDoS,0.0,0.0,1.0,0.0,0.0
4270,DoS/DDoS,DoS/DDoS,0.0,0.0,1.0,0.0,0.0
4271,Brute Force,Brute Force,0.0,1.0,0.0,0.0,0.0
4272,DoS/DDoS,DoS/DDoS,0.0,0.0,1.0,0.0,0.0
4273,Normal,Normal,0.0,0.0,0.0,1.0,0.0
4274,DoS/DDoS,DoS/DDoS,0.0,0.0,1.0,0.0,0.0
4275,Brute Force,Brute Force,0.0,0.9999957572263637,4.242773636295104e-06,0.0,0.0
4276,Normal,Normal,0.0,0.0,0.0,1.0,0.0
4277,Normal,Normal,0.0,0.0,0.0,1.0,0.0
4278,DoS/DDoS,DoS/DDoS,0.0,0.0,1.0,0.0,0.0
4279,Normal,Normal,0.0,0.0,0.0,1.0,0.0
4280,Web Attack,Web Attack,0.0,0.2982697852743895,3.7583605044024734e-06,0.004149977804504584,0.6975764785606013
4281,Normal,Normal,0.0,0.0,0.0,1.0,0.0
4282,DoS/DDoS,DoS/DDoS,0.0,0.0,1.0,0.0,0.0
4283,DoS/DDoS,DoS/DDoS,0.0,0.0,1.0,0.0,0.0
4284,Brute Force,Web Attack,0.0,0.20283616726708412,3.7583605044024734e-06,0.000936481197194501,0.7962235931752168
4285,DoS/DDoS,DoS/DDoS,0.0,0.0,1.0,0.0,0.0
4286,Brute Force,Brute Force,0.0,1.0,0.0,0.0,0.0
4287,Bot,Bot,1.0,0.0,0.0,0.0,0.0
4288,Normal,Normal,0.0,0.014933219878859401,0.010038057126679434,0.9696979857268323,0.005330737267628802
4289,DoS/DDoS,DoS/DDoS,0.0,0.0,1.0,0.0,0.0
4290,DoS/DDoS,DoS/DDoS,0.0,0.0,1.0,0.0,0.0
4291,Brute Force,Brute Force,0.0,1.0,0.0,0.0,0.0
4292,DoS/DDoS,DoS/DDoS,0.0,0.0,1.0,0.0,0.0
4293,DoS/DDoS,DoS/DDoS,0.0,0.0,1.0,0.0,0.0
4294,Normal,Normal,0.0,0.0,0.0,1.0,0.0
4295,Brute Force,Brute Force,0.0,1.0,0.0,0.0,0.0
4296,DoS/DDoS,DoS/DDoS,0.0,0.0,1.0,0.0,0.0
4297,Normal,Normal,0.0,0.0,0.0,1.0,0.0
4298,Web Attack,Web Attack,0.0,0.15307664189252296,3.7583605044024734e-06,0.0006541029345634021,0.8462654968124091
4299,Brute Force,Brute Force,0.0,1.0,0.0,0.0,0.0
4300,DoS/DDoS,DoS/DDoS,0.0,0.0,1.0,0.0,0.0
4301,Normal,Normal,0.0,0.0,0.0,1.0,0.0
4302,Normal,Normal,0.0011706116709632062,0.00021190487017416204,0.0,0.9986174834588626,0.0
4303,Normal,Normal,0.0,0.0,0.0,1.0,0.0
4304,DoS/DDoS,DoS/DDoS,0.0,0.0,1.0,0.0,0.0
4305,Brute Force,Brute Force,0.0,1.0,0.0,0.0,0.0
4306,DoS/DDoS,DoS/DDoS,0.0,0.0,1.0,0.0,0.0
4307,DoS/DDoS,DoS/DDoS,0.0,0.0,1.0,0.0,0.0
4308,Brute Force,Brute Force,0.0,1.0,0.0,0.0,0.0
4309,DoS/DDoS,DoS/DDoS,0.0,0.0,1.0,0.0,0.0
4310,DoS/DDoS,DoS/DDoS,0.0,0.0,1.0,0.0,0.0
4311,DoS/DDoS,DoS/DDoS,0.0,0.0,1.0,0.0,0.0
4312,Normal,Normal,0.0,0.01,0.0,0.99,0.0
4313,Normal,Normal,0.009541663794885934,0.0,0.0180348010042775,0.9724235352008366,0.0
4314,DoS/DDoS,DoS/DDoS,0.0,0.0,1.0,0.0,0.0
4315,Normal,Normal,0.0,0.0,0.0,1.0,0.0
4316,DoS/DDoS,DoS/DDoS,0.0,0.0,1.0,0.0,0.0
4317,Brute Force,Brute Force,0.0,1.0,0.0,0.0,0.0
4318,DoS/DDoS,DoS/DDoS,0.0,0.0,1.0,0.0,0.0
4319,DoS/DDoS,DoS/DDoS,0.0,0.0,1.0,0.0,0.0
4320,DoS/DDoS,DoS/DDoS,0.0,0.0,1.0,0.0,0.0
4321,DoS/DDoS,DoS/DDoS,0.0,0.0,1.0,0.0,0.0
4322,Brute Force,Brute Force,0.0,1.0,0.0,0.0,0.0
4323,Brute Force,Brute Force,0.0,1.0,0.0,0.0,0.0
4324,Normal,Normal,0.0,0.0,0.0,1.0,0.0
4325,DoS/DDoS,DoS/DDoS,0.0,0.0,1.0,0.0,0.0
4326,Bot,Bot,0.9745763167296375,0.0,5.176293157457111e-05,0.025371920338787657,0.0
4327,DoS/DDoS,DoS/DDoS,0.0,0.0,1.0,0.0,0.0
4328,Normal,Normal,0.0,0.0,0.0,1.0,0.0
4329,DoS/DDoS,DoS/DDoS,0.0,0.0,1.0,0.0,0.0
4330,Normal,Normal,0.0,0.0,0.0025107257776188774,0.9974892742223811,0.0
4331,DoS/DDoS,DoS/DDoS,0.0,0.0,1.0,0.0,0.0
4332,Normal,Normal,0.0,0.0,0.0,1.0,0.0
4333,Bot,Bot,0.999863717745244,0.0,2.6673565380087433e-06,0.00013361489821793257,0.0
4334,Brute Force,Brute Force,0.0,1.0,0.0,0.0,0.0
4335,DoS/DDoS,DoS/DDoS,0.0,0.0,1.0,0.0,0.0
4336,DoS/DDoS,DoS/DDoS,0.0,0.0,1.0,0.0,0.0
4337,Normal,Normal,0.0,0.006013939913288318,0.006669311862311183,0.9837256840474317,0.00359106417696874
4338,DoS/DDoS,DoS/DDoS,0.0,0.0,0.8206110113708999,0.17938898862910008,0.0
4339,Normal,Normal,0.0,0.0,0.0,1.0,0.0
4340,Normal,Normal,0.0,0.0,0.0,1.0,0.0
4341,Normal,Normal,0.003446931121103724,0.004008030630615508,0.002799480259706183,0.9692873182346935,0.02045823975388096
4342,Normal,Normal,0.0,0.00240666857975071,0.05302226184081157,0.9359676155221034,0.008603454057334233
4343,Brute Force,Brute Force,0.0,1.0,0.0,0.0,0.0
4344,DoS/DDoS,DoS/DDoS,0.0,0.0,1.0,0.0,0.0
4345,Normal,Normal,0.0,0.0,0.0,1.0,0.0
4346,Brute Force,Brute Force,0.0,1.0,0.0,0.0,0.0
4347,Normal,Normal,0.0,0.0,0.0,1.0,0.0
4348,DoS/DDoS,DoS/DDoS,0.0,0.0,0.9999456879835311,5.4312016468903834e-05,0.0
4349,DoS/DDoS,DoS/DDoS,0.0,0.0,1.0,0.0,0.0
4350,DoS/DDoS,DoS/DDoS,0.0,0.0,1.0,0.0,0.0
4351,Brute Force,Brute Force,0.0,1.0,0.0,0.0,0.0
4352,DoS/DDoS,DoS/DDoS,0.0,0.0,1.0,0.0,0.0
4353,DoS/DDoS,DoS/DDoS,0.0,0.0,1.0,0.0,0.0
4354,DoS/DDoS,DoS/DDoS,0.0,0.0,1.0,0.0,0.0
4355,Normal,Normal,0.0,0.03295028325254737,3.805712667943282e-05,0.9488841707908535,0.018127488829919564
4356,Bot,Bot,1.0,0.0,0.0,0.0,0.0
4357,DoS/DDoS,Normal,0.009678689822760357,0.0034259041660926583,0.1496489781854175,0.8372464278257293,0.0
4358,Normal,Normal,0.0,0.010868516682122478,0.003206429168850355,0.8773229614663443,0.10860209268268273
4359,DoS/DDoS,DoS/DDoS,0.0,0.0,1.0,0.0,0.0
4360,Normal,Normal,0.0,0.0,0.0,1.0,0.0
4361,DoS/DDoS,DoS/DDoS,0.0,0.0,0.9998464559900256,0.0001535440099744956,0.0
4362,Normal,Normal,0.0,0.0,0.0,1.0,0.0
4363,DoS/DDoS,DoS/DDoS,0.0,0.0,1.0,0.0,0.0
4364,DoS/DDoS,DoS/DDoS,0.0,0.0,1.0,0.0,0.0
4365,Bot,Bot,0.9745307289696749,0.0,5.176293157457111e-05,0.025417508098750315,0.0
4366,DoS/DDoS,DoS/DDoS,0.0,0.0,1.0,0.0,0.0
4367,Normal,Normal,0.0,0.0,0.0,1.0,0.0
4368,DoS/DDoS,DoS/DDoS,0.0,0.0,1.0,0.0,0.0
4369,Brute Force,Brute Force,0.0,0.9999957572263637,4.242773636295104e-06,0.0,0.0
4370,DoS/DDoS,DoS/DDoS,0.0,0.0,1.0,0.0,0.0
4371,Normal,Normal,0.0,0.0,0.0016003815792487602,0.9983996184207513,0.0
4372,Normal,Normal,0.0,0.0,0.0,1.0,0.0
4373,Bot,Bot,0.9752075958182692,0.0,5.176293157457111e-05,0.024740641250155987,0.0
4374,Brute Force,Brute Force,0.0,0.9999957572263637,4.242773636295104e-06,0.0,0.0
4375,Normal,Normal,0.0,0.0,0.0,1.0,0.0
4376,DoS/DDoS,DoS/DDoS,0.0,0.0,1.0,0.0,0.0
4377,DoS/DDoS,DoS/DDoS,0.0,0.0,1.0,0.0,0.0
4378,DoS/DDoS,DoS/DDoS,0.0,0.0,1.0,0.0,0.0
4379,Normal,Normal,0.0,0.0,0.0,1.0,0.0
4380,DoS/DDoS,DoS/DDoS,0.0,0.0,1.0,0.0,0.0
4381,DoS/DDoS,DoS/DDoS,0.0,0.0,1.0,0.0,0.0
4382,DoS/DDoS,DoS/DDoS,0.0,0.0,1.0,0.0,0.0
4383,Normal,Normal,0.0,0.0,0.0,1.0,0.0
4384,Normal,Normal,0.0,0.0,0.0,1.0,0.0
4385,Brute Force,Web Attack,0.0,0.11475517419808616,3.7583605044024734e-06,0.0009410644220625464,0.884300003019347
4386,Brute Force,Brute Force,0.0,0.702338547177977,0.0017673203454164753,0.13665683844966955,0.15923729402693693
4387,DoS/DDoS,DoS/DDoS,0.0,0.0,1.0,0.0,0.0
4388,Normal,Normal,0.0,0.0,0.005057634332328428,0.9949423656676716,0.0
4389,Normal,Normal,0.0,0.0,0.0216848039293064,0.9783151960706937,0.0
4390,DoS/DDoS,DoS/DDoS,0.0,0.0,1.0,0.0,0.0
4391,DoS/DDoS,DoS/DDoS,0.0,0.0,1.0,0.0,0.0
4392,DoS/DDoS,DoS/DDoS,0.0,0.0,1.0,0.0,0.0
4393,Normal,Normal,0.0,0.0,0.0,1.0,0.0
4394,Normal,Normal,0.0,0.002445025312843482,0.0,0.9975549746871565,0.0
4395,DoS/DDoS,DoS/DDoS,0.0,0.0,1.0,0.0,0.0
4396,Web Attack,Brute Force,0.0,0.5973573552074101,0.00010758034535900212,0.008599082553794732,0.39393598189343604
4397,Brute Force,Brute Force,0.0,1.0,0.0,0.0,0.0
4398,Bot,Bot,1.0,0.0,0.0,0.0,0.0
4399,Normal,Normal,0.0,0.0,0.0050205452531532505,0.9949794547468468,0.0
4400,Normal,Normal,0.0,0.0,0.0,1.0,0.0
4401,DoS/DDoS,DoS/DDoS,0.0,0.0,1.0,0.0,0.0
4402,DoS/DDoS,DoS/DDoS,0.0,0.0,1.0,0.0,0.0
4403,Normal,Normal,0.0,0.0,0.0,1.0,0.0
4404,Brute Force,Brute Force,0.0,1.0,0.0,0.0,0.0
4405,Brute Force,Brute Force,0.0,0.9999957572263637,4.242773636295104e-06,0.0,0.0
4406,DoS/DDoS,DoS/DDoS,0.0,0.0,1.0,0.0,0.0
4407,DoS/DDoS,DoS/DDoS,0.01,0.006507588139154797,0.7252146179560874,0.2582777939047578,0.0
4408,DoS/DDoS,DoS/DDoS,0.0,0.0,1.0,0.0,0.0
4409,Normal,Normal,0.0,0.0,0.0,1.0,0.0
4410,DoS/DDoS,DoS/DDoS,0.0,0.0,1.0,0.0,0.0
4411,Web Attack,Normal,0.0,0.25457099907084113,0.1018770687220287,0.56531317593535,0.07823875627178029
4412,DoS/DDoS,DoS/DDoS,0.0,0.0,1.0,0.0,0.0
4413,Normal,Normal,0.0,0.0,0.0,1.0,0.0
4414,DoS/DDoS,DoS/DDoS,0.0,0.0,1.0,0.0,0.0
4415,Normal,Normal,0.0,0.0,0.0,1.0,0.0
4416,Brute Force,Brute Force,0.0,1.0,0.0,0.0,0.0
4417,Brute Force,Brute Force,0.0,1.0,0.0,0.0,0.0
4418,Brute Force,Brute Force,0.0,1.0,0.0,0.0,0.0
4419,Normal,Normal,0.01,0.019576957444727185,0.012526444883449415,0.9578965976718234,0.0
4420,Brute Force,Brute Force,0.0,0.9999957572263637,4.242773636295104e-06,0.0,0.0
4421,Brute Force,Brute Force,0.0,1.0,0.0,0.0,0.0
4422,Brute Force,Brute Force,0.00015931446215744114,0.6710845814661135,0.003057771818137281,0.05527949402051156,0.2704188382330803
4423,DoS/DDoS,DoS/DDoS,0.0,0.0,1.0,0.0,0.0
4424,DoS/DDoS,DoS/DDoS,0.0,0.0,0.9999456879835311,5.4312016468903834e-05,0.0
4425,Bot,Bot,0.9528569787280747,0.0,5.176293157457111e-05,0.04709125834035026,0.0
4426,Brute Force,Brute Force,0.0,0.9999957572263637,4.242773636295104e-06,0.0,0.0
4427,Normal,Normal,0.0,0.0,0.0,1.0,0.0
4428,DoS/DDoS,DoS/DDoS,0.0,0.0,1.0,0.0,0.0
4429,DoS/DDoS,DoS/DDoS,0.0,0.0,1.0,0.0,0.0
4430,DoS/DDoS,DoS/DDoS,0.0,0.0,1.0,0.0,0.0
4431,DoS/DDoS,DoS/DDoS,0.0,0.0,1.0,0.0,0.0
4432,Normal,Normal,0.0,0.0,0.0001237994570211309,0.9998762005429788,0.0
4433,DoS/DDoS,DoS/DDoS,0.0,0.0,1.0,0.0,0.0
4434,Normal,Normal,0.008361831878512496,0.0,0.0,0.9916381681214875,0.0
4435,Normal,Normal,0.0,0.0,0.0,1.0,0.0
4436,DoS/DDoS,DoS/DDoS,0.0,0.0,1.0,0.0,0.0
4437,Bot,Bot,0.9750352017267241,0.0,5.176293157457111e-05,0.024913035341701025,0.0
4438,Normal,Normal,0.0,0.0,0.0,1.0,0.0
4439,DoS/DDoS,DoS/DDoS,0.0,0.0,1.0,0.0,0.0
4440,Brute Force,Brute Force,0.0,1.0,0.0,0.0,0.0
4441,DoS/DDoS,DoS/DDoS,0.0,0.0,0.9998464559900256,0.0001535440099744956,0.0
4442,Web Attack,Web Attack,0.0,0.12675648235146603,3.7583605044024734e-06,0.0009410644220625464,0.8722986948659672
4443,Normal,Normal,0.0,0.013827997633740366,0.0,0.9861720023662596,0.0
4444,DoS/DDoS,DoS/DDoS,0.0,0.0,1.0,0.0,0.0
4445,Brute Force,Brute Force,0.0,1.0,0.0,0.0,0.0
4446,Normal,Normal,0.0,0.0,0.0,1.0,0.0
4447,Brute Force,Brute Force,0.0,0.9999957572263637,4.242773636295104e-06,0.0,0.0
4448,Normal,Normal,0.0,0.0,0.0,1.0,0.0
4449,Normal,Normal,0.01,0.007896614199977354,0.034031173725003215,0.9480722120750196,0.0
4450,Normal,Normal,0.0,0.0,0.0,1.0,0.0
4451,Normal,Normal,0.0,0.0,1.9051442161899594e-05,0.9999809485578381,0.0
4452,Bot,Bot,1.0,0.0,0.0,0.0,0.0
4453,Bot,Bot,0.9768514860665298,0.0,6.511844699291775e-05,0.02308339548647709,0.0
4454,Brute Force,Brute Force,0.0,0.9691068767721651,0.0,0.030893123227834822,0.0
4455,DoS/DDoS,DoS/DDoS,0.0,0.0,0.9982152136869078,0.001784786313092262,0.0
4456,DoS/DDoS,DoS/DDoS,0.0,0.0,1.0,0.0,0.0
4457,Brute Force,Brute Force,0.0,1.0,0.0,0.0,0.0
4458,Brute Force,Brute Force,0.0,0.9999957572263637,4.242773636295104e-06,0.0,0.0
4459,Normal,Normal,0.009703113188097037,0.00868920395871282,0.0,0.9816076828531901,0.0
4460,Normal,Normal,0.0,0.0,0.0,1.0,0.0
4461,DoS/DDoS,DoS/DDoS,0.0,0.0,1.0,0.0,0.0
4462,DoS/DDoS,DoS/DDoS,0.0,0.0,1.0,0.0,0.0
4463,Brute Force,Brute Force,0.0,0.9973519955949485,0.0,0.0026480044050515993,0.0
4464,Bot,Bot,0.976833444356133,0.0,6.511844699291775e-05,0.023101437196874127,0.0
4465,Normal,Normal,0.0,0.004528257002510309,0.03881678375617777,0.9241746138610035,0.03248034538030851
4466,DoS/DDoS,DoS/DDoS,0.0,0.0,1.0,0.0,0.0
4467,Brute Force,Brute Force,0.0,0.9035247633850257,0.00010897862719913938,0.0415396671502731,0.05482659083750198
4468,Normal,Normal,0.0,0.006452503509592887,0.0,0.9935474964904071,0.0
4469,Normal,Normal,0.0,0.0,0.0,1.0,0.0
4470,DoS/DDoS,DoS/DDoS,0.0,0.0,1.0,0.0,0.0
4471,Normal,Normal,0.0,0.0,0.0,1.0,0.0
4472,DoS/DDoS,DoS/DDoS,0.0,0.0,1.0,0.0,0.0
4473,Normal,Normal,0.0,0.0,0.005706233150886365,0.9942937668491136,0.0
4474,DoS/DDoS,DoS/DDoS,0.0,0.0,1.0,0.0,0.0
4475,Brute Force,Brute Force,0.0,1.0,0.0,0.0,0.0
4476,Bot,Bot,1.0,0.0,0.0,0.0,0.0
4477,DoS/DDoS,DoS/DDoS,0.0,0.0,1.0,0.0,0.0
4478,Normal,Normal,0.0,0.0,0.0,1.0,0.0
4479,Normal,Normal,0.0,0.0,0.0,1.0,0.0
4480,DoS/DDoS,DoS/DDoS,0.0,0.0,0.9834697840692123,0.016530215930787892,0.0
4481,Normal,Normal,0.0,0.0,0.06331404488187097,0.9366859551181289,0.0
4482,DoS/DDoS,DoS/DDoS,0.0,0.0,1.0,0.0,0.0
4483,Normal,Normal,0.0,0.0,0.0,1.0,0.0
4484,DoS/DDoS,DoS/DDoS,0.0,0.0,0.9931939267422475,0.006806073257752617,0.0
4485,Normal,Normal,0.00911743586395979,0.0,0.01,0.9712139894770054,0.009668574659034698
4486,DoS/DDoS,DoS/DDoS,0.0,0.0,1.0,0.0,0.0
4487,Normal,Normal,0.0,0.003051759245509436,0.009469559245498476,0.9635581835007119,0.023920498008280094
4488,Normal,Normal,0.0,0.0,0.0,1.0,0.0
4489,DoS/DDoS,DoS/DDoS,0.0,0.0,1.0,0.0,0.0
4490,Normal,Normal,0.0,0.0,0.0,1.0,0.0
4491,Brute Force,Brute Force,0.0,1.0,0.0,0.0,0.0
4492,DoS/DDoS,DoS/DDoS,0.0,0.0,1.0,0.0,0.0
4493,Brute Force,Brute Force,0.0,1.0,0.0,0.0,0.0
4494,Bot,Bot,0.9998997013881337,0.0,2.6673565380087433e-06,9.763125532836162e-05,0.0
4495,Bot,Bot,0.9656461532881075,0.0,5.176293157457111e-05,0.03430208378031782,0.0
4496,DoS/DDoS,DoS/DDoS,0.0,0.06295148501854118,0.8553174069989921,0.00847617207659608,0.0732549359058708
4497,Normal,Normal,0.0,0.0,0.0,1.0,0.0
4498,Web Attack,Web Attack,0.0,0.0005227762974241848,0.01,0.010778289729174391,0.9786989339734015
4499,Normal,Normal,0.0,0.0073974704979626405,0.0,0.9926025295020373,0.0
4500,DoS/DDoS,DoS/DDoS,0.0,0.0,1.0,0.0,0.0
4501,DoS/DDoS,DoS/DDoS,0.0,0.0,1.0,0.0,0.0
4502,Normal,Normal,0.0,0.0,0.0,1.0,0.0
4503,Normal,Normal,0.0,0.001729909887668189,0.0,0.9982700901123317,0.0
4504,DoS/DDoS,DoS/DDoS,0.0,0.0,1.0,0.0,0.0
4505,Normal,Normal,0.0,0.00240666857975071,0.005227516963095511,0.9837623603998196,0.008603454057334233
4506,Normal,Normal,0.0,0.07714683748525117,0.11224040909477878,0.8020092993626358,0.008603454057334233
4507,Normal,Normal,0.0,0.0,0.0,1.0,0.0
4508,Normal,Normal,0.0,0.0,0.0,1.0,0.0
4509,Bot,Bot,0.9745763167296375,0.0,5.176293157457111e-05,0.025371920338787657,0.0
4510,DoS/DDoS,DoS/DDoS,0.0,0.0,1.0,0.0,0.0
4511,DoS/DDoS,DoS/DDoS,0.0,0.0,1.0,0.0,0.0
4512,DoS/DDoS,DoS/DDoS,0.0,0.0,1.0,0.0,0.0
4513,DoS/DDoS,DoS/DDoS,0.0,0.0,1.0,0.0,0.0
4514,DoS/DDoS,DoS/DDoS,0.0,0.0,1.0,0.0,0.0
4515,DoS/DDoS,DoS/DDoS,0.0,0.0,1.0,0.0,0.0
4516,DoS/DDoS,DoS/DDoS,0.0,0.0,1.0,0.0,0.0
4517,DoS/DDoS,DoS/DDoS,0.0,0.0,1.0,0.0,0.0
4518,Normal,Normal,0.0,0.0,0.0,1.0,0.0
4519,Brute Force,Brute Force,0.0,1.0,0.0,0.0,0.0
4520,Brute Force,Brute Force,0.0,1.0,0.0,0.0,0.0
4521,Brute Force,Brute Force,0.0,1.0,0.0,0.0,0.0
4522,Brute Force,Brute Force,0.0,0.9036791865481609,0.01754722082177171,0.07877359263006742,0.0
4523,DoS/DDoS,DoS/DDoS,0.0,0.0,1.0,0.0,0.0
4524,DoS/DDoS,DoS/DDoS,0.0,0.0,1.0,0.0,0.0
4525,Brute Force,Brute Force,0.0,1.0,0.0,0.0,0.0
4526,DoS/DDoS,DoS/DDoS,0.0,0.0,1.0,0.0,0.0
4527,Normal,Normal,0.12218635215551901,0.0,1.3606354482045735e-05,0.8778000414899988,0.0
4528,Normal,Normal,0.0,0.0,0.0,1.0,0.0
4529,DoS/DDoS,DoS/DDoS,0.0,0.0,1.0,0.0,0.0
4530,DoS/DDoS,DoS/DDoS,0.0,0.0,1.0,0.0,0.0
4531,Normal,Normal,0.0,0.001729909887668189,0.0,0.9982700901123317,0.0
4532,Normal,Normal,0.0,0.0,0.0,1.0,0.0
4533,Normal,Normal,0.0,0.0,0.0,1.0,0.0
4534,Normal,Normal,0.0,0.0,0.0,1.0,0.0
4535,DoS/DDoS,DoS/DDoS,0.0,0.0,1.0,0.0,0.0
4536,DoS/DDoS,DoS/DDoS,0.0,0.0,1.0,0.0,0.0
4537,Brute Force,Web Attack,0.0,0.06345616253677287,3.7583605044024734e-06,0.0009410644220625464,0.9355990146806603
4538,DoS/DDoS,DoS/DDoS,0.0,0.006531229637903752,0.9901190260860101,0.0033497442760862294,0.0
4539,DoS/DDoS,DoS/DDoS,0.0,0.0,1.0,0.0,0.0
4540,Brute Force,Brute Force,0.0,0.9999957572263637,4.242773636295104e-06,0.0,0.0
4541,Brute Force,Brute Force,0.0,1.0,0.0,0.0,0.0
4542,Brute Force,Brute Force,0.0,1.0,0.0,0.0,0.0
4543,DoS/DDoS,DoS/DDoS,0.0,0.0,0.9999456879835311,5.4312016468903834e-05,0.0
4544,Normal,Normal,0.0,0.0,0.0,1.0,0.0
4545,DoS/DDoS,DoS/DDoS,0.0,0.0,0.9998543238170151,0.00014567618298485063,0.0
4546,Normal,Normal,0.0,0.0,0.0,1.0,0.0
4547,DoS/DDoS,DoS/DDoS,0.0,0.0,1.0,0.0,0.0
4548,DoS/DDoS,DoS/DDoS,0.0,0.01,0.975021048876204,0.014978951123795934,0.0
4549,Normal,Normal,0.0,0.0,0.0,1.0,0.0
4550,Normal,Normal,0.0,0.0,0.0,1.0,0.0
4551,Brute Force,Brute Force,0.0,0.9999957572263637,4.242773636295104e-06,0.0,0.0
4552,Brute Force,Brute Force,0.0,1.0,0.0,0.0,0.0
4553,Brute Force,Brute Force,0.0,1.0,0.0,0.0,0.0
4554,Normal,Normal,0.0,0.0,0.0,1.0,0.0
4555,Normal,Normal,0.0,0.0,0.0,1.0,0.0
4556,Normal,Normal,0.0,0.0,0.0,1.0,0.0
4557,Brute Force,Brute Force,0.0,1.0,0.0,0.0,0.0
4558,Brute Force,Brute Force,0.0,1.0,0.0,0.0,0.0
4559,Normal,Normal,0.30588513911561493,0.0,1.9448812743237454e-05,0.6940954120716418,0.0
4560,Normal,Normal,0.0,0.0,0.0,1.0,0.0
4561,DoS/DDoS,DoS/DDoS,0.0,0.0,1.0,0.0,0.0
4562,Normal,Normal,0.0,0.0,0.0,1.0,0.0
4563,DoS/DDoS,DoS/DDoS,0.0,0.0,1.0,0.0,0.0
4564,Brute Force,Brute Force,0.0,1.0,0.0,0.0,0.0
4565,Brute Force,Brute Force,0.0,0.9999957572263637,4.242773636295104e-06,0.0,0.0
4566,Normal,Normal,0.0,0.0,0.0,1.0,0.0
4567,Normal,Normal,0.0,0.0,0.0,1.0,0.0
4568,DoS/DDoS,DoS/DDoS,0.0,0.0,1.0,0.0,0.0
4569,DoS/DDoS,DoS/DDoS,0.0,0.0,1.0,0.0,0.0
4570,DoS/DDoS,DoS/DDoS,0.0,0.0,1.0,0.0,0.0
4571,DoS/DDoS,DoS/DDoS,0.0,0.0,1.0,0.0,0.0
4572,Brute Force,Brute Force,0.0,1.0,0.0,0.0,0.0
4573,Normal,Normal,0.0,0.0,0.0,1.0,0.0
4574,Normal,Normal,0.0,0.0,0.0,1.0,0.0
4575,Brute Force,Brute Force,0.0,1.0,0.0,0.0,0.0
4576,DoS/DDoS,DoS/DDoS,0.0,0.0,1.0,0.0,0.0
4577,Normal,Normal,0.0,0.0,0.0,1.0,0.0
4578,Brute Force,Brute Force,0.0,1.0,0.0,0.0,0.0
4579,DoS/DDoS,DoS/DDoS,0.0,0.0,1.0,0.0,0.0
4580,Brute Force,Brute Force,0.0,1.0,0.0,0.0,0.0
4581,Web Attack,Web Attack,0.0,0.30703017530505816,3.7583605044024734e-06,0.000965010463526612,0.6920010558709108
4582,Web Attack,Web Attack,0.0,0.1619359828690834,3.7583605044024734e-06,0.0006541029345634021,0.8374061558358485
4583,Brute Force,Web Attack,0.0,0.39116320232671226,3.7583605044024734e-06,0.0006595413105382648,0.608173498002245
4584,Normal,Normal,0.0,0.0,0.0,1.0,0.0
4585,DoS/DDoS,DoS/DDoS,0.0,0.0,1.0,0.0,0.0
4586,DoS/DDoS,DoS/DDoS,0.0,0.0,0.9949674017599487,0.005032598240051303,0.0
4587,DoS/DDoS,DoS/DDoS,0.0,0.0,0.9998464559900256,0.0001535440099744956,0.0
4588,DoS/DDoS,DoS/DDoS,0.0,0.0,1.0,0.0,0.0
4589,DoS/DDoS,DoS/DDoS,0.0,0.0,1.0,0.0,0.0
4590,DoS/DDoS,DoS/DDoS,0.0,0.0,1.0,0.0,0.0
4591,Normal,Normal,0.0,0.0,0.0,1.0,0.0
4592,Normal,Normal,0.0,0.0,0.0,1.0,0.0
4593,DoS/DDoS,DoS/DDoS,0.0,0.0,1.0,0.0,0.0
4594,Web Attack,Web Attack,0.0,0.21755066651097835,3.7583605044024734e-06,0.0008085220484336851,0.7816370530800835
4595,Brute Force,Brute Force,0.0,1.0,0.0,0.0,0.0
4596,Normal,Normal,0.0,0.0,0.0,1.0,0.0
4597,DoS/DDoS,DoS/DDoS,0.0,0.0,1.0,0.0,0.0
4598,Brute Force,Brute Force,0.0,0.9999957572263637,4.242773636295104e-06,0.0,0.0
4599,DoS/DDoS,DoS/DDoS,0.0,0.0,1.0,0.0,0.0
4600,DoS/DDoS,DoS/DDoS,0.0,0.0,1.0,0.0,0.0
4601,Brute Force,Brute Force,0.0,0.7292406417312922,0.0018797823049187745,0.15061810737179127,0.11826146859199754
4602,Web Attack,Web Attack,0.0,0.1737250180513206,3.7583605044024734e-06,0.0006541029345634021,0.8256171206536114
4603,Bot,Bot,0.93655750973725,0.0,0.0025125133278888195,0.06092997693486083,0.0
4604,DoS/DDoS,DoS/DDoS,0.0,0.0,1.0,0.0,0.0
4605,DoS/DDoS,DoS/DDoS,0.0,0.0,1.0,0.0,0.0
4606,DoS/DDoS,DoS/DDoS,0.0,0.0,0.9833895672536979,0.01661043274630218,0.0
4607,DoS/DDoS,DoS/DDoS,0.0,0.0,1.0,0.0,0.0
4608,Normal,Normal,0.0,0.0,0.0,1.0,0.0
4609,Normal,Normal,0.0,0.0,0.0,1.0,0.0
4610,Normal,Normal,0.0,0.0,0.0,1.0,0.0
4611,Normal,Normal,0.0,0.0,0.0,1.0,0.0
4612,Brute Force,Brute Force,0.0,1.0,0.0,0.0,0.0
4613,Normal,Normal,0.0,0.003464123523821971,0.007409503164683859,0.9779940812731625,0.011132292038331876
4614,DoS/DDoS,DoS/DDoS,0.0,0.0,1.0,0.0,0.0
4615,Brute Force,Brute Force,0.0,1.0,0.0,0.0,0.0
4616,DoS/DDoS,DoS/DDoS,0.0,0.0,1.0,0.0,0.0
4617,DoS/DDoS,DoS/DDoS,0.0,0.022931113155136726,0.9315683981317219,0.04550048871314165,0.0
4618,Normal,Normal,0.0,0.0,0.0,1.0,0.0
4619,Brute Force,Brute Force,0.0,0.9999957572263637,4.242773636295104e-06,0.0,0.0
4620,DoS/DDoS,DoS/DDoS,0.0,0.0,1.0,0.0,0.0
4621,Normal,Normal,0.0,0.0,0.0,1.0,0.0
4622,DoS/DDoS,DoS/DDoS,0.0,0.0,0.9998543238170151,0.00014567618298485063,0.0
4623,Normal,Normal,0.0,0.0,0.0,1.0,0.0
4624,Normal,Normal,0.0,0.0,0.0,1.0,0.0
4625,Normal,Normal,0.0,0.0,0.0,1.0,0.0
4626,Normal,Normal,0.0,0.0,0.0,1.0,0.0
4627,DoS/DDoS,DoS/DDoS,0.0,0.0,1.0,0.0,0.0
4628,Normal,Normal,0.0,0.0,0.0,1.0,0.0
4629,Normal,Normal,0.0,0.0,0.0,1.0,0.0
4630,Brute Force,Brute Force,0.0,0.9999957572263637,4.242773636295104e-06,0.0,0.0
4631,Normal,Normal,0.0,0.0,0.0,1.0,0.0
4632,Normal,Normal,0.0,0.0,0.0,1.0,0.0
4633,Brute Force,Brute Force,0.0,1.0,0.0,0.0,0.0
4634,DoS/DDoS,DoS/DDoS,0.0,0.0,1.0,0.0,0.0
4635,Brute Force,Brute Force,0.0,1.0,0.0,0.0,0.0
4636,Brute Force,Brute Force,0.0,1.0,0.0,0.0,0.0
4637,Normal,Normal,0.01069242847827778,0.021937737197532496,0.003374777687404946,0.9519669975502774,0.012028059086507358
4638,Normal,Normal,0.0,0.0,0.0,1.0,0.0
4639,DoS/DDoS,DoS/DDoS,0.0,0.0,1.0,0.0,0.0
4640,Normal,Normal,0.0,0.0,0.0,1.0,0.0
4641,DoS/DDoS,DoS/DDoS,0.0,0.0,1.0,0.0,0.0
4642,Normal,Normal,0.0,0.0,0.0,1.0,0.0
4643,Normal,Normal,0.0,0.0,0.0,1.0,0.0
4644,DoS/DDoS,DoS/DDoS,0.0,0.0,1.0,0.0,0.0
4645,Normal,Normal,0.0,0.0,0.0,1.0,0.0
4646,Normal,Normal,0.0,0.0,0.0,1.0,0.0
4647,DoS/DDoS,DoS/DDoS,0.0,0.0,1.0,0.0,0.0
4648,Normal,Normal,0.0,0.0,0.0,1.0,0.0
4649,DoS/DDoS,DoS/DDoS,0.0,0.0,1.0,0.0,0.0
4650,DoS/DDoS,DoS/DDoS,0.0,0.0,1.0,0.0,0.0
4651,DoS/DDoS,DoS/DDoS,0.0,0.0,1.0,0.0,0.0
4652,DoS/DDoS,DoS/DDoS,0.0,0.0,1.0,0.0,0.0
4653,Normal,Normal,0.009783386453639107,0.0,0.005048855288495827,0.9851677582578651,0.0
4654,Brute Force,Brute Force,0.0,0.8342131963435209,0.00010758034535900212,0.0012731723134649898,0.16440605099765498
4655,DoS/DDoS,DoS/DDoS,0.0,0.0,1.0,0.0,0.0
4656,DoS/DDoS,DoS/DDoS,0.0,0.0,0.9980348010042774,0.001965198995722525,0.0
4657,Brute Force,Brute Force,0.0,1.0,0.0,0.0,0.0
4658,Normal,Normal,0.0,0.0,0.0,1.0,0.0
4659,DoS/DDoS,DoS/DDoS,0.0,0.0,1.0,0.0,0.0
4660,Normal,Normal,0.0,0.0,0.0,1.0,0.0
4661,Normal,Normal,0.0,0.0,0.0,1.0,0.0
4662,Normal,Normal,0.0,0.0,0.0,1.0,0.0
4663,DoS/DDoS,DoS/DDoS,0.0,0.0,1.0,0.0,0.0
4664,Normal,Normal,0.0,0.0,0.0,1.0,0.0
4665,Brute Force,Brute Force,0.0,1.0,0.0,0.0,0.0
4666,Brute Force,Brute Force,0.0,1.0,0.0,0.0,0.0
4667,Normal,Normal,0.0,0.0,0.0,1.0,0.0
4668,Brute Force,Brute Force,0.0,0.9999957572263637,4.242773636295104e-06,0.0,0.0
4669,Brute Force,Web Attack,0.0,0.2659155029251182,3.7583605044024734e-06,0.0006461599182201886,0.7334345787961571
4670,Normal,Normal,0.0,0.0,0.0,1.0,0.0
4671,DoS/DDoS,DoS/DDoS,0.0,0.0,1.0,0.0,0.0
4672,DoS/DDoS,DoS/DDoS,0.0,0.0,1.0,0.0,0.0
4673,Brute Force,Brute Force,0.0,1.0,0.0,0.0,0.0
4674,DoS/DDoS,DoS/DDoS,0.0,0.0,1.0,0.0,0.0
4675,Normal,Normal,0.0,0.0,0.0,1.0,0.0
4676,Normal,Normal,0.0,0.0,0.0,1.0,0.0
4677,DoS/DDoS,DoS/DDoS,0.0,0.0,0.8850859944918398,0.11491400550816022,0.0
4678,DoS/DDoS,DoS/DDoS,0.0,0.0,0.9750324305060585,0.024967569493941556,0.0
4679,DoS/DDoS,DoS/DDoS,0.0,0.0,1.0,0.0,0.0
4680,Brute Force,Brute Force,0.0,1.0,0.0,0.0,0.0
4681,Normal,Normal,0.0,0.0,0.0,1.0,0.0
4682,Brute Force,Brute Force,0.0,0.8800629003396871,0.00020549256613933774,0.07298929728650771,0.04674230980766586
4683,Normal,Normal,0.0,0.0,0.0,1.0,0.0
4684,Bot,Bot,0.6386592312988739,0.0,1.898948543835154e-05,0.3613217792156876,0.0
4685,Normal,Normal,0.07437985420771925,0.0,1.3606354482045735e-05,0.9256065394377987,0.0
4686,Normal,Normal,0.0,0.013109098737915189,0.01,0.9768909012620849,0.0
4687,Bot,Bot,1.0,0.0,0.0,0.0,0.0
4688,Normal,Normal,0.0,0.0,0.009217354061533824,0.9907826459384662,0.0
4689,Brute Force,Brute Force,0.0,1.0,0.0,0.0,0.0
4690,Normal,Normal,0.0,0.0,0.0002225027241243617,0.9997774972758756,0.0
4691,DoS/DDoS,DoS/DDoS,0.0,0.0,1.0,0.0,0.0
4692,Bot,Bot,1.0,0.0,0.0,0.0,0.0
4693,DoS/DDoS,DoS/DDoS,0.0,0.0,1.0,0.0,0.0
4694,Brute Force,Brute Force,0.0,1.0,0.0,0.0,0.0
4695,Brute Force,Brute Force,0.0,0.9999957572263637,4.242773636295104e-06,0.0,0.0
4696,DoS/DDoS,DoS/DDoS,0.0,0.0,0.9996845535813353,0.000315446418664595,0.0
4697,DoS/DDoS,DoS/DDoS,0.0,0.0,0.9999878626709298,1.213732907028066e-05,0.0
4698,Brute Force,Brute Force,0.0,1.0,0.0,0.0,0.0
4699,Brute Force,Brute Force,0.0,0.9998544482867022,0.0,0.00014555171329770514,0.0
4700,DoS/DDoS,DoS/DDoS,0.0,0.0,1.0,0.0,0.0
4701,Normal,Normal,0.0,0.03325064713130929,0.00013457106561963117,0.9520913086652976,0.01452347313777354
4702,Normal,Normal,0.0,0.0,0.0,1.0,0.0
4703,DoS/DDoS,DoS/DDoS,0.0,0.0,1.0,0.0,0.0
4704,Normal,Normal,0.0,0.002692825691148535,0.007729550186308898,0.9809741700652084,0.008603454057334233
4705,Normal,Normal,0.0,0.0,0.0,1.0,0.0
4706,Normal,Normal,0.0,0.0,0.0,1.0,0.0
4707,DoS/DDoS,DoS/DDoS,0.0,0.0,1.0,0.0,0.0
4708,Normal,Normal,0.0,0.0,0.0,1.0,0.0
4709,Normal,Normal,0.0,0.0,0.0,1.0,0.0
4710,Brute Force,Brute Force,0.0,1.0,0.0,0.0,0.0
4711,Brute Force,Brute Force,0.0,0.4682850757442043,0.4078043949274888,0.07846295691917797,0.04544757240912892
4712,Normal,Normal,0.0,0.0,0.0,1.0,0.0
4713,Normal,Normal,0.0,0.0,0.0,1.0,0.0
4714,Normal,Normal,0.0,0.0,0.0,1.0,0.0
4715,DoS/DDoS,DoS/DDoS,0.0,0.0,1.0,0.0,0.0
4716,DoS/DDoS,DoS/DDoS,0.0,0.0,1.0,0.0,0.0
4717,Normal,Normal,0.0,0.006909894142822114,0.0702099454195636,0.8941755109786201,0.028704649458994105
4718,DoS/DDoS,DoS/DDoS,0.0,0.0,1.0,0.0,0.0
4719,DoS/DDoS,DoS/DDoS,0.0,0.0,1.0,0.0,0.0
4720,Brute Force,Brute Force,0.0,1.0,0.0,0.0,0.0
4721,DoS/DDoS,DoS/DDoS,0.0,0.0,0.9998543238170151,0.00014567618298485063,0.0
4722,Brute Force,Brute Force,0.0,0.9999957572263637,4.242773636295104e-06,0.0,0.0
4723,Brute Force,Brute Force,0.0,1.0,0.0,0.0,0.0
4724,DoS/DDoS,DoS/DDoS,0.0,0.0,1.0,0.0,0.0
4725,DoS/DDoS,DoS/DDoS,0.0,0.0,1.0,0.0,0.0
4726,DoS/DDoS,DoS/DDoS,0.0,0.0,1.0,0.0,0.0
4727,Brute Force,Brute Force,0.0,1.0,0.0,0.0,0.0
4728,Normal,Normal,0.0,0.0572396504902138,0.00013457106561963117,0.9085881057080989,0.03403767273606758
4729,DoS/DDoS,DoS/DDoS,0.0,0.0,1.0,0.0,0.0
4730,DoS/DDoS,DoS/DDoS,0.0,0.0,1.0,0.0,0.0
4731,Normal,Normal,0.0,0.0,0.0,1.0,0.0
4732,DoS/DDoS,DoS/DDoS,0.0,0.0,1.0,0.0,0.0
4733,Brute Force,Brute Force,0.0,0.9999957572263637,4.242773636295104e-06,0.0,0.0
4734,DoS/DDoS,DoS/DDoS,0.0,0.0,1.0,0.0,0.0
4735,Brute Force,Brute Force,0.0,0.5240945121055617,7.031744054494311e-06,0.0008756308349931235,0.475022825315391
4736,Normal,Normal,0.0,0.0,0.015013619095405346,0.9849863809045947,0.0
4737,DoS/DDoS,DoS/DDoS,0.0,0.0,1.0,0.0,0.0
4738,Brute Force,Brute Force,0.0,1.0,0.0,0.0,0.0
4739,Bot,Bot,0.9998926479641262,0.0,2.6673565380087433e-06,0.00010468467933569633,0.0
4740,Normal,Normal,0.0,0.0,0.0,1.0,0.0
4741,Normal,Normal,0.0,0.0,0.0,1.0,0.0
4742,Brute Force,Brute Force,0.0,1.0,0.0,0.0,0.0
4743,Brute Force,Brute Force,0.0,1.0,0.0,0.0,0.0
4744,Bot,Bot,0.9760668470214081,0.0,6.511844699291775e-05,0.02386803453159893,0.0
4745,DoS/DDoS,DoS/DDoS,0.0,0.0,1.0,0.0,0.0
4746,Brute Force,Brute Force,0.0,1.0,0.0,0.0,0.0
4747,Brute Force,Brute Force,0.0,0.9999957572263637,4.242773636295104e-06,0.0,0.0
4748,Brute Force,Brute Force,0.0,1.0,0.0,0.0,0.0
4749,Normal,Normal,0.0,0.0,0.0,1.0,0.0
4750,Normal,Normal,0.0,0.0,0.01,0.99,0.0
4751,DoS/DDoS,DoS/DDoS,0.0,0.0,1.0,0.0,0.0
4752,Normal,Normal,0.0,0.0,0.0,1.0,0.0
4753,DoS/DDoS,DoS/DDoS,0.0,0.0,1.0,0.0,0.0
4754,DoS/DDoS,DoS/DDoS,0.0,0.0,1.0,0.0,0.0
4755,Brute Force,Brute Force,0.0,0.9999957572263637,4.242773636295104e-06,0.0,0.0
4756,Brute Force,Web Attack,0.0,0.26836863482906353,3.7583605044024734e-06,0.0006595413105382648,0.7309680654998941
4757,DoS/DDoS,DoS/DDoS,0.0,0.0,1.0,0.0,0.0
4758,Normal,Normal,0.0,0.0,0.0074981249330333235,0.9825018750669667,0.01
4759,DoS/DDoS,DoS/DDoS,0.0,0.0,1.0,0.0,0.0
4760,Web Attack,Web Attack,0.0,0.21949880055979673,3.7583605044024734e-06,0.000965010463526612,0.7795324306161722
4761,Web Attack,Web Attack,0.0,0.12607386013657038,3.7583605044024734e-06,0.0006808753718454345,0.87324150613108
4762,Brute Force,Brute Force,0.0,1.0,0.0,0.0,0.0
4763,DoS/DDoS,DoS/DDoS,0.0,0.0,1.0,0.0,0.0
4764,Normal,Normal,0.0,0.0,0.0,1.0,0.0
4765,Brute Force,Brute Force,0.0,1.0,0.0,0.0,0.0
4766,Normal,Normal,0.0,0.0,0.0,1.0,0.0
4767,Brute Force,Brute Force,0.0,1.0,0.0,0.0,0.0
4768,Brute Force,Brute Force,0.0,1.0,0.0,0.0,0.0
4769,Normal,Normal,0.0,0.0,0.0,1.0,0.0
4770,Brute Force,Brute Force,0.0,1.0,0.0,0.0,0.0
4771,DoS/DDoS,DoS/DDoS,0.0,0.0,1.0,0.0,0.0
4772,Brute Force,Brute Force,0.0,1.0,0.0,0.0,0.0
4773,Normal,Normal,0.0,0.0,0.0,1.0,0.0
4774,DoS/DDoS,DoS/DDoS,0.0,0.0,1.0,0.0,0.0
4775,DoS/DDoS,DoS/DDoS,0.0,0.0036969207005309855,0.9680403039697546,0.010913342915640403,0.017349432414074103
4776,Normal,Normal,0.0,0.0,0.0,1.0,0.0
4777,DoS/DDoS,DoS/DDoS,0.0,0.0,1.0,0.0,0.0
4778,Web Attack,Web Attack,0.0,0.03897881465279221,3.7583605044024734e-06,0.0006175853349901124,0.9603998416517133
4779,DoS/DDoS,DoS/DDoS,0.0,0.0,1.0,0.0,0.0
4780,Normal,Normal,0.0,0.0,0.007499330321267209,0.9925006696787328,0.0
4781,Normal,Normal,0.0,0.0,0.0,1.0,0.0
4782,DoS/DDoS,DoS/DDoS,0.0,0.0,1.0,0.0,0.0
4783,Bot,Bot,0.9764841904389994,0.0,6.511844699291775e-05,0.023450691114007674,0.0
4784,DoS/DDoS,DoS/DDoS,0.0,0.0,0.9999456879835311,5.4312016468903834e-05,0.0
4785,DoS/DDoS,DoS/DDoS,0.0,0.0,1.0,0.0,0.0
4786,Brute Force,Brute Force,0.0,1.0,0.0,0.0,0.0
4787,Brute Force,Brute Force,0.0,0.9999957572263637,4.242773636295104e-06,0.0,0.0
4788,Brute Force,Brute Force,0.0,0.9999957572263637,4.242773636295104e-06,0.0,0.0
4789,Normal,Normal,0.0,0.0,0.0,1.0,0.0
4790,Normal,Normal,0.0,0.0,0.0,1.0,0.0
4791,Normal,Normal,0.0,0.0,0.0,1.0,0.0
4792,DoS/DDoS,DoS/DDoS,0.0,0.0,1.0,0.0,0.0
4793,Normal,Normal,0.0,0.0,0.0,1.0,0.0
4794,DoS/DDoS,DoS/DDoS,0.0,0.0,1.0,0.0,0.0
4795,DoS/DDoS,DoS/DDoS,0.0,0.0,1.0,0.0,0.0
4796,Normal,Normal,0.0,0.0,0.0,1.0,0.0
4797,DoS/DDoS,DoS/DDoS,0.0,0.0,1.0,0.0,0.0
4798,Normal,Normal,0.0,0.0,0.0,1.0,0.0
4799,Normal,Normal,0.0,0.0056534580847225815,0.0,0.9943465419152774,0.0
4800,Normal,Normal,0.0,0.0,0.0,1.0,0.0
4801,Normal,Normal,0.0,0.0,0.0,1.0,0.0
4802,Normal,Normal,0.0,0.0,0.0,1.0,0.0
4803,Brute Force,Brute Force,0.0,1.0,0.0,0.0,0.0
4804,DoS/DDoS,DoS/DDoS,0.0,0.0,0.9999456879835311,5.4312016468903834e-05,0.0
4805,Normal,Normal,0.0,0.0,0.0,1.0,0.0
4806,Normal,Normal,0.0,0.0,0.0,1.0,0.0
4807,Normal,Normal,0.0,0.0,0.0,1.0,0.0
4808,Normal,Normal,0.009094351942539993,0.0,0.022826573058718224,0.9288906189476889,0.03918845605105298
4809,Normal,Normal,0.04909992912827782,0.024451629315879554,0.015983375940816065,0.9104650656150264,0.0
4810,DoS/DDoS,DoS/DDoS,0.0,0.0,1.0,0.0,0.0
4811,Normal,Normal,0.0,0.0,0.0,1.0,0.0
4812,Normal,Normal,0.0,0.0,0.0,1.0,0.0
4813,Normal,Normal,0.0,0.0,0.0,1.0,0.0
4814,Brute Force,Brute Force,0.0,0.9999957572263637,4.242773636295104e-06,0.0,0.0
4815,DoS/DDoS,DoS/DDoS,0.0,0.0,1.0,0.0,0.0
4816,Normal,Normal,0.0,0.0,1.9051442161899594e-05,0.9999809485578381,0.0
4817,Brute Force,Brute Force,0.0,1.0,0.0,0.0,0.0
4818,Normal,Normal,0.0,0.0,0.0,1.0,0.0
4819,Bot,Bot,0.9569452791167155,0.0,2.6673565380087433e-06,0.04305205352674653,0.0
4820,DoS/DDoS,DoS/DDoS,0.0,0.0,1.0,0.0,0.0
4821,DoS/DDoS,DoS/DDoS,0.0,0.0,1.0,0.0,0.0
4822,DoS/DDoS,DoS/DDoS,0.0,0.0,1.0,0.0,0.0
4823,DoS/DDoS,DoS/DDoS,0.0,0.0,1.0,0.0,0.0
4824,DoS/DDoS,DoS/DDoS,0.0,0.0,1.0,0.0,0.0
4825,Brute Force,Brute Force,0.0,1.0,0.0,0.0,0.0
4826,Normal,Normal,0.0,0.0038513271409277576,0.01,0.9861486728590723,0.0
4827,Brute Force,Brute Force,0.0,1.0,0.0,0.0,0.0
4828,Bot,Bot,1.0,0.0,0.0,0.0,0.0
4829,Normal,Normal,0.0,0.0,0.0,1.0,0.0
4830,DoS/DDoS,DoS/DDoS,0.0,0.0,1.0,0.0,0.0
4831,Normal,Normal,0.0,0.0,0.0,0.9906303687062245,0.009369631293775606
4832,Normal,Normal,0.0,0.0,0.0,1.0,0.0
4833,DoS/DDoS,DoS/DDoS,0.0,0.0,1.0,0.0,0.0
4834,Normal,Normal,0.0,0.0,0.0,1.0,0.0
4835,Normal,Normal,0.0,0.0,0.0,1.0,0.0
4836,Normal,Normal,0.0,0.0,0.0,0.9901672052831249,0.009832794716875088
4837,DoS/DDoS,DoS/DDoS,0.0,0.0,1.0,0.0,0.0
4838,Normal,Normal,0.0,0.0,0.0,1.0,0.0
4839,Normal,Normal,0.0,0.0,0.01,0.99,0.0
4840,DoS/DDoS,DoS/DDoS,0.0,0.0,1.0,0.0,0.0
4841,Bot,Bot,0.9764841904389994,0.0,6.511844699291775e-05,0.023450691114007674,0.0
4842,Normal,Normal,0.0,0.0,0.0,1.0,0.0
4843,Normal,Normal,0.0,0.0,0.0,1.0,0.0
4844,Bot,Bot,0.8639269558424055,0.0,0.0034439082450300486,0.1326291359125646,0.0
4845,Brute Force,Brute Force,0.0,0.9999957572263637,4.242773636295104e-06,0.0,0.0
4846,Brute Force,Brute Force,0.0,1.0,0.0,0.0,0.0
4847,Brute Force,Brute Force,0.0,1.0,0.0,0.0,0.0
4848,DoS/DDoS,DoS/DDoS,0.0,0.0,1.0,0.0,0.0
4849,Normal,Normal,0.0,0.010726313637675892,0.03934156024536481,0.9260116281086792,0.023920498008280094
4850,DoS/DDoS,DoS/DDoS,0.0,0.0,1.0,0.0,0.0
4851,Normal,Normal,0.0,0.006492400357630229,0.002489182499688385,0.9910184171426815,0.0
4852,Normal,Normal,0.0,0.004848316941404626,0.0020036627940250673,0.9931480202645703,0.0
4853,DoS/DDoS,DoS/DDoS,0.0,0.0,1.0,0.0,0.0
4854,DoS/DDoS,DoS/DDoS,0.0,0.006463693617124959,0.5706120685532396,0.16710437912792422,0.25581985870171126
4855,DoS/DDoS,DoS/DDoS,0.0,0.0,1.0,0.0,0.0
4856,DoS/DDoS,DoS/DDoS,0.0,0.0,1.0,0.0,0.0
4857,Bot,Bot,0.9773388075332033,0.0,5.176293157457111e-05,0.022609429535221926,0.0
4858,Brute Force,Brute Force,0.0,1.0,0.0,0.0,0.0
4859,Normal,Bot,0.8326350402099417,0.0,0.00040026969326735316,0.16696469009679074,0.0
4860,DoS/DDoS,DoS/DDoS,0.0,0.0,1.0,0.0,0.0
4861,Brute Force,Brute Force,0.0,0.9965383896006733,0.0,0.0034616103993266624,0.0
4862,Brute Force,Brute Force,0.0,1.0,0.0,0.0,0.0
4863,DoS/DDoS,DoS/DDoS,0.0,0.0,1.0,0.0,0.0
4864,Normal,Normal,0.0,0.0,0.0,1.0,0.0
4865,DoS/DDoS,DoS/DDoS,0.0,0.0,1.0,0.0,0.0
4866,Brute Force,Brute Force,0.0,1.0,0.0,0.0,0.0
4867,Normal,Normal,0.13804424347563216,0.003112419453541735,0.0,0.8464555665418689,0.012387770528957337
4868,Brute Force,Brute Force,0.0,1.0,0.0,0.0,0.0
4869,DoS/DDoS,DoS/DDoS,0.0,0.0,1.0,0.0,0.0
4870,DoS/DDoS,DoS/DDoS,0.0,0.0,1.0,0.0,0.0
4871,Normal,Normal,0.0,0.0,0.0,1.0,0.0
4872,DoS/DDoS,DoS/DDoS,0.0,0.0,1.0,0.0,0.0
4873,Normal,Normal,0.0,0.0,0.0,1.0,0.0
4874,Brute Force,Brute Force,0.0,1.0,0.0,0.0,0.0
4875,Normal,Normal,0.0,0.0,0.0,1.0,0.0
4876,DoS/DDoS,DoS/DDoS,0.0,0.0,1.0,0.0,0.0
4877,DoS/DDoS,DoS/DDoS,0.0,0.0,0.9931709725132398,0.0068290274867600686,0.0
4878,Brute Force,Brute Force,0.0,1.0,0.0,0.0,0.0
4879,Normal,Normal,0.0,0.0,0.0019514094377822769,0.9980485905622177,0.0
4880,DoS/DDoS,DoS/DDoS,0.0,0.0,1.0,0.0,0.0
4881,Normal,Normal,0.0,0.0,0.0,1.0,0.0
4882,Normal,Normal,0.0,0.0,0.0,1.0,0.0
4883,Normal,Normal,0.0,0.0,0.0,1.0,0.0
4884,DoS/DDoS,DoS/DDoS,0.0,0.0,0.9999878626709298,1.213732907028066e-05,0.0
4885,DoS/DDoS,DoS/DDoS,0.0,0.0,1.0,0.0,0.0
4886,Bot,Bot,1.0,0.0,0.0,0.0,0.0
4887,DoS/DDoS,DoS/DDoS,0.0,0.0,0.9998464559900256,0.0001535440099744956,0.0
4888,DoS/DDoS,DoS/DDoS,0.0,0.0,1.0,0.0,0.0
4889,Brute Force,Brute Force,0.0,1.0,0.0,0.0,0.0
4890,Brute Force,Brute Force,0.0,1.0,0.0,0.0,0.0
4891,Bot,Bot,0.9669558005660548,0.0,3.700861649006183e-05,0.033007190817454984,0.0
4892,Brute Force,Brute Force,0.0,1.0,0.0,0.0,0.0
4893,Brute Force,Brute Force,0.0,1.0,0.0,0.0,0.0
4894,Brute Force,Brute Force,0.0,1.0,0.0,0.0,0.0
4895,Brute Force,Brute Force,0.0,1.0,0.0,0.0,0.0
4896,DoS/DDoS,DoS/DDoS,0.0,0.0,1.0,0.0,0.0
4897,Normal,Normal,0.0,0.0,0.006682680873329211,0.9933173191266708,0.0
4898,Normal,Normal,0.0,0.0,0.015046176975945019,0.9849538230240549,0.0
4899,DoS/DDoS,DoS/DDoS,0.0,0.0,1.0,0.0,0.0
4900,Normal,Normal,0.0,0.0,0.0,1.0,0.0
4901,Brute Force,Brute Force,0.0,0.907842094291231,0.00010897862719913938,0.046657427901381776,0.045391499180188116
4902,Normal,Normal,0.0,0.0,0.0,1.0,0.0
4903,DoS/DDoS,DoS/DDoS,0.0,0.0,1.0,0.0,0.0
4904,DoS/DDoS,DoS/DDoS,0.0,0.0,1.0,0.0,0.0
4905,Brute Force,Brute Force,0.0,1.0,0.0,0.0,0.0
4906,Brute Force,Brute Force,0.0,1.0,0.0,0.0,0.0
4907,DoS/DDoS,DoS/DDoS,0.0,0.0,1.0,0.0,0.0
4908,Brute Force,Web Attack,0.0,0.45689338306057287,0.00010758034535900212,0.0038663227135784326,0.5391327138804897
4909,DoS/DDoS,DoS/DDoS,0.0,0.0,1.0,0.0,0.0
4910,Brute Force,Brute Force,0.0,1.0,0.0,0.0,0.0
4911,DoS/DDoS,DoS/DDoS,0.0,0.0,1.0,0.0,0.0
4912,Brute Force,Brute Force,0.0,1.0,0.0,0.0,0.0
4913,Bot,Bot,0.9747181549379462,0.0,5.176293157457111e-05,0.025230082130479017,0.0
4914,Normal,Normal,0.0,0.0,0.0,1.0,0.0
4915,DoS/DDoS,DoS/DDoS,0.0,0.0,0.7408147976202047,0.25918520237979514,0.0
4916,Brute Force,Web Attack,0.0,0.321085421583125,0.0005338440883238326,0.019402847212934515,0.6589778871156164
4917,Brute Force,Brute Force,0.0,0.9999957572263637,4.242773636295104e-06,0.0,0.0
4918,DoS/DDoS,DoS/DDoS,0.0,0.0,1.0,0.0,0.0
4919,Normal,Normal,0.0,0.0,0.0,1.0,0.0
4920,DoS/DDoS,DoS/DDoS,0.0,0.0,1.0,0.0,0.0
4921,DoS/DDoS,DoS/DDoS,0.0,0.0,1.0,0.0,0.0
4922,Normal,Normal,0.0,0.0,0.0,1.0,0.0
4923,DoS/DDoS,DoS/DDoS,0.0,0.0,1.0,0.0,0.0
4924,Brute Force,Brute Force,0.0,0.9999957572263637,4.242773636295104e-06,0.0,0.0
4925,Brute Force,Brute Force,0.0,1.0,0.0,0.0,0.0
4926,Normal,Normal,0.0,0.0,0.0,1.0,0.0
4927,Brute Force,Brute Force,0.0,1.0,0.0,0.0,0.0
4928,Normal,Normal,0.0,0.0,0.0,1.0,0.0
4929,DoS/DDoS,DoS/DDoS,0.0,0.0,1.0,0.0,0.0
4930,DoS/DDoS,DoS/DDoS,0.0,0.0,1.0,0.0,0.0
4931,Normal,Normal,0.0,0.0,0.0,1.0,0.0
4932,Normal,Normal,0.0,0.0,0.005020488152503119,0.994979511847497,0.0
4933,DoS/DDoS,DoS/DDoS,0.0,0.0,1.0,0.0,0.0
4934,Normal,Normal,0.0,0.0,0.01779852255655284,0.9822014774434473,0.0
4935,DoS/DDoS,DoS/DDoS,0.0,0.0,1.0,0.0,0.0
4936,DoS/DDoS,DoS/DDoS,0.0,0.0,1.0,0.0,0.0
4937,DoS/DDoS,DoS/DDoS,0.0,0.0,0.9999878626709298,1.213732907028066e-05,0.0
4938,Normal,Normal,0.02088663109428558,0.0,0.00038673045433758617,0.9787266384513768,0.0
4939,DoS/DDoS,DoS/DDoS,0.0,0.0,0.9847328599057781,0.015267140094221913,0.0
4940,Normal,Normal,0.0009224535197838869,0.0,0.00038673045433758617,0.9986908160258785,0.0
4941,DoS/DDoS,DoS/DDoS,0.0,0.0,1.0,0.0,0.0
4942,DoS/DDoS,DoS/DDoS,0.0,0.0,1.0,0.0,0.0
4943,Normal,Normal,0.0,0.0,0.0,1.0,0.0
4944,Normal,Normal,0.0,0.0,0.0,1.0,0.0
4945,DoS/DDoS,DoS/DDoS,0.0,0.0,1.0,0.0,0.0
4946,DoS/DDoS,DoS/DDoS,0.0,0.0,1.0,0.0,0.0
4947,DoS/DDoS,DoS/DDoS,0.0,0.0,1.0,0.0,0.0
4948,DoS/DDoS,DoS/DDoS,0.0,0.0,0.977491301087407,0.012826061308918951,0.009682637603674
4949,DoS/DDoS,DoS/DDoS,0.0,0.0,1.0,0.0,0.0
4950,DoS/DDoS,DoS/DDoS,0.0,0.007064713678563297,0.6429770981734579,0.3306913018955999,0.019266886252378934
4951,Brute Force,Brute Force,0.0,1.0,0.0,0.0,0.0
4952,Normal,Normal,0.0,0.0,0.0,1.0,0.0
4953,Normal,Normal,0.0,0.0,0.0,1.0,0.0
4954,DoS/DDoS,DoS/DDoS,0.0,0.0,1.0,0.0,0.0
4955,Normal,Normal,0.0,0.0,0.0,1.0,0.0
4956,Normal,Normal,0.0,0.004864342423196411,0.0,0.9951356575768036,0.0
4957,Brute Force,Brute Force,0.0,0.9999957572263637,4.242773636295104e-06,0.0,0.0
4958,Brute Force,Brute Force,0.0,1.0,0.0,0.0,0.0
4959,DoS/DDoS,DoS/DDoS,0.0,0.0,1.0,0.0,0.0
4960,Normal,Normal,0.0,0.0,0.0,1.0,0.0
4961,Brute Force,Web Attack,0.0,0.027650469370120518,9.704190934459118e-05,0.0008396465006384402,0.9714128422198963
4962,Normal,Normal,0.0,0.0,0.0,1.0,0.0
4963,Brute Force,Brute Force,0.0,0.9999957572263637,4.242773636295104e-06,0.0,0.0
4964,Normal,Normal,0.0,0.0,0.0,1.0,0.0
4965,Bot,Bot,1.0,0.0,0.0,0.0,0.0
4966,DoS/DDoS,DoS/DDoS,0.0,0.0,1.0,0.0,0.0
4967,Web Attack,Web Attack,0.0,0.1464262733009675,3.7583605044024734e-06,0.0021586625137416625,0.851411305824786
4968,Normal,Normal,0.0,0.0,0.0074962343996557166,0.9925037656003443,0.0
4969,Normal,Normal,0.0,0.0,0.0,1.0,0.0
4970,Brute Force,Web Attack,0.0,0.49563794349265583,7.031744054494311e-06,0.0014199593384594165,0.5029350654248302
4971,Brute Force,Brute Force,0.0,1.0,0.0,0.0,0.0
4972,Web Attack,Web Attack,0.0,0.04523811807641326,0.0052976484159287,0.06305989768229496,0.886404335825363
4973,Normal,Normal,0.0,0.0,0.0,1.0,0.0
4974,Brute Force,Brute Force,0.0,1.0,0.0,0.0,0.0
4975,Bot,Bot,0.9875088357108097,0.0,2.6673565380087433e-06,0.012488496932652138,0.0
4976,DoS/DDoS,DoS/DDoS,0.0,0.0,1.0,0.0,0.0
4977,DoS/DDoS,DoS/DDoS,0.0,0.0,1.0,0.0,0.0
4978,Brute Force,Brute Force,0.0,1.0,0.0,0.0,0.0
4979,Normal,Normal,0.0,0.0,0.0,1.0,0.0
4980,Normal,Normal,0.0,0.0,0.0,1.0,0.0
4981,Brute Force,Brute Force,0.0,1.0,0.0,0.0,0.0
4982,Normal,Normal,0.0,0.0,0.0,1.0,0.0
4983,DoS/DDoS,DoS/DDoS,0.0,0.0,1.0,0.0,0.0
4984,DoS/DDoS,DoS/DDoS,0.0,0.0,1.0,0.0,0.0
4985,Normal,Normal,0.0,0.0,0.0,1.0,0.0
4986,DoS/DDoS,DoS/DDoS,0.0,0.00482018380440437,0.8214186593057369,0.17376115688985888,0.0
4987,Normal,Normal,0.0,0.0,0.0,1.0,0.0
4988,Bot,Bot,1.0,0.0,0.0,0.0,0.0
4989,Normal,Normal,0.0,0.028080872983771366,3.805712667943282e-05,0.9485514332592478,0.02332963663030123
4990,Brute Force,Brute Force,0.0,0.9999957572263637,4.242773636295104e-06,0.0,0.0
4991,Normal,Normal,0.0,0.0,0.0,1.0,0.0
4992,Normal,Normal,0.0,0.013042808346304571,0.0,0.9770693293220782,0.00988786233161718
4993,DoS/DDoS,DoS/DDoS,0.0,0.0,0.9758262747852371,0.024173725214762912,0.0
4994,Normal,Normal,0.0,0.0,0.0,1.0,0.0
4995,DoS/DDoS,DoS/DDoS,0.0,0.0,0.9949674017599487,0.005032598240051303,0.0
4996,DoS/DDoS,DoS/DDoS,0.0,0.0,1.0,0.0,0.0
4997,Bot,Bot,0.9561063167744831,0.0,3.700861649006183e-05,0.043856674609026626,0.0
4998,Bot,Bot,0.9960256661559483,0.0,2.6673565380087433e-06,0.003971666487513442,0.0
4999,Normal,Normal,0.0,0.0,0.0,1.0,0.0
5000,Normal,Normal,0.0,0.0,0.0,1.0,0.0
5001,Bot,Bot,1.0,0.0,0.0,0.0,0.0
5002,DoS/DDoS,DoS/DDoS,0.0,0.0,1.0,0.0,0.0
5003,Normal,Normal,0.0,0.0,0.0,1.0,0.0
5004,Normal,Normal,0.0,0.0,0.0,1.0,0.0
5005,Normal,Normal,0.0,0.0,0.0,1.0,0.0
5006,Normal,Normal,0.0,0.0,0.0,1.0,0.0
5007,DoS/DDoS,DoS/DDoS,0.0,0.0,1.0,0.0,0.0
5008,Normal,Normal,0.0,0.009631671578303065,3.805712667943282e-05,0.9872698201987182,0.003060451096298984
5009,Normal,Normal,0.0,0.0,1.9051442161899594e-05,0.9999809485578381,0.0
5010,Brute Force,Brute Force,0.0,0.6926960352933311,6.409608984545085e-05,0.0034023752032887244,0.30383749341353466
5011,DoS/DDoS,DoS/DDoS,0.0,0.0,1.0,0.0,0.0
5012,Brute Force,Brute Force,0.0,1.0,0.0,0.0,0.0
5013,Normal,Normal,0.009150654595193122,0.013124915623111579,0.07498780829855387,0.9027366214831415,0.0
5014,Normal,Normal,0.0,0.0,0.0,1.0,0.0
5015,Brute Force,Brute Force,0.0,0.9999957572263637,4.242773636295104e-06,0.0,0.0
5016,Normal,Normal,0.0,0.0,0.01,0.99,0.0
5017,Brute Force,Brute Force,0.0,1.0,0.0,0.0,0.0
5018,Normal,Normal,0.0,0.0,0.0,1.0,0.0
5019,Brute Force,Brute Force,0.0,0.9355146437087792,0.005256777258993139,0.05062512497489341,0.008603454057334233
5020,DoS/DDoS,DoS/DDoS,0.0,0.0,1.0,0.0,0.0
5021,Normal,Normal,0.0,0.0,0.03299655960345832,0.9670034403965417,0.0
5022,DoS/DDoS,DoS/DDoS,0.0,0.0,1.0,0.0,0.0
5023,DoS/DDoS,DoS/DDoS,0.0,0.0,0.9650629101757927,0.03493708982420731,0.0
5024,Web Attack,Web Attack,0.0,0.4304448575059325,3.7583605044024734e-06,0.0014191538227600294,0.568132230310803
5025,Normal,Normal,0.0,0.0005844643463966065,0.007068163534279503,0.9886515864960792,0.0036957856232448416
5026,Normal,Normal,0.0,0.0,0.0,1.0,0.0
5027,Normal,Normal,0.0,0.0,0.0,1.0,0.0
5028,DoS/DDoS,DoS/DDoS,0.0,0.0,1.0,0.0,0.0
5029,Normal,Normal,0.0,0.0,0.01,0.99,0.0
5030,Brute Force,Brute Force,0.0,1.0,0.0,0.0,0.0
5031,Normal,Normal,0.0,0.0,0.0,1.0,0.0
5032,DoS/DDoS,DoS/DDoS,0.0,0.0,1.0,0.0,0.0
5033,Normal,Normal,0.0,0.006543525799097381,0.0,0.9934564742009026,0.0
5034,DoS/DDoS,DoS/DDoS,0.0,0.0,1.0,0.0,0.0
5035,Normal,Normal,0.0,0.0,0.0,1.0,0.0
5036,Normal,Normal,0.0,0.0,0.0,1.0,0.0
5037,DoS/DDoS,DoS/DDoS,0.0,0.0,1.0,0.0,0.0
5038,Normal,Normal,0.0,0.0,0.01,0.99,0.0
5039,Normal,Normal,0.0,0.0,0.0,1.0,0.0
5040,DoS/DDoS,DoS/DDoS,0.0,0.0,1.0,0.0,0.0
5041,DoS/DDoS,DoS/DDoS,0.0,0.0,1.0,0.0,0.0
5042,DoS/DDoS,DoS/DDoS,0.0,0.0,0.9933346036585365,0.0066653963414634145,0.0
5043,DoS/DDoS,DoS/DDoS,0.0,0.0,0.9929323436740742,0.007067656325925669,0.0
5044,DoS/DDoS,DoS/DDoS,0.0,0.0,1.0,0.0,0.0
5045,Normal,Normal,0.0,0.0,0.0,1.0,0.0
5046,Bot,Bot,0.9998487988743954,0.0,2.6673565380087433e-06,0.00014853376906662482,0.0
5047,DoS/DDoS,DoS/DDoS,0.0,0.0,1.0,0.0,0.0
5048,Normal,Normal,0.0,0.033123221478944816,0.004471273304432338,0.9624055052166228,0.0
5049,DoS/DDoS,DoS/DDoS,0.0,0.0,1.0,0.0,0.0
5050,Brute Force,Brute Force,0.0,1.0,0.0,0.0,0.0
5051,Normal,Normal,0.0,0.0,0.0,1.0,0.0
5052,DoS/DDoS,DoS/DDoS,0.0,0.0,0.9999878626709298,1.213732907028066e-05,0.0
5053,Brute Force,Brute Force,0.0,1.0,0.0,0.0,0.0
5054,Brute Force,Brute Force,0.0,0.7121480499438677,0.0019197807254631627,0.1599141834617801,0.1260179858688889
5055,Normal,Normal,0.009123500724924212,0.0,0.0,0.9908764992750758,0.0
5056,Brute Force,Brute Force,0.0,1.0,0.0,0.0,0.0
5057,Brute Force,Brute Force,0.0,1.0,0.0,0.0,0.0
5058,DoS/DDoS,DoS/DDoS,0.0,0.0,0.99,0.01,0.0
5059,Normal,Normal,0.0,0.0,0.0,1.0,0.0
5060,Normal,Normal,0.0,0.0,0.0,1.0,0.0
5061,DoS/DDoS,DoS/DDoS,0.0,0.0,1.0,0.0,0.0
5062,Brute Force,Brute Force,0.0,1.0,0.0,0.0,0.0
5063,Web Attack,Web Attack,0.0,0.3210479898978987,3.7583605044024734e-06,0.0006363300930897798,0.678311921648507
5064,DoS/DDoS,DoS/DDoS,0.0,0.0,1.0,0.0,0.0
5065,DoS/DDoS,DoS/DDoS,0.0,0.0,1.0,0.0,0.0
5066,Normal,Normal,0.0,0.0037831554237755067,0.05554023091949074,0.9197543842896012,0.020922229367132835
5067,DoS/DDoS,DoS/DDoS,0.0,0.0,1.0,0.0,0.0
5068,Normal,Normal,0.0,0.0,0.0,1.0,0.0
5069,Bot,Bot,1.0,0.0,0.0,0.0,0.0
5070,DoS/DDoS,DoS/DDoS,0.0,0.0,1.0,0.0,0.0
5071,Normal,Normal,0.0,0.0,0.0,1.0,0.0
5072,Normal,Normal,0.03633136961700817,0.0018478621839648542,0.0,0.9572292155276066,0.00459155267142032
5073,Normal,Normal,0.0,0.0,0.0,1.0,0.0
5074,DoS/DDoS,DoS/DDoS,0.0,0.0,1.0,0.0,0.0
5075,Brute Force,Brute Force,0.0,0.7110869408556847,0.0019197807254631627,0.1609752925499631,0.1260179858688889
5076,DoS/DDoS,DoS/DDoS,0.0,0.0,1.0,0.0,0.0
5077,Brute Force,Brute Force,0.0,0.9999957572263637,4.242773636295104e-06,0.0,0.0
5078,Normal,Normal,0.0,0.0,0.0,1.0,0.0
5079,Normal,Normal,0.0,0.0,0.0,1.0,0.0
5080,Normal,Normal,0.0,0.0,0.0,1.0,0.0
5081,DoS/DDoS,DoS/DDoS,0.0,0.0,1.0,0.0,0.0
5082,Bot,Bot,0.9774566334549061,0.0,5.176293157457111e-05,0.022491603613519155,0.0
5083,DoS/DDoS,DoS/DDoS,0.0,0.0,1.0,0.0,0.0
5084,DoS/DDoS,DoS/DDoS,0.0,0.0,1.0,0.0,0.0
5085,Normal,Normal,0.0,0.0,0.0,1.0,0.0
5086,Normal,Normal,0.0,0.0,1.9051442161899594e-05,0.9999809485578381,0.0
5087,Brute Force,Brute Force,0.0,1.0,0.0,0.0,0.0
5088,DoS/DDoS,DoS/DDoS,0.0,0.0,0.9998543238170151,0.00014567618298485063,0.0
5089,Normal,Normal,0.0,0.0,0.0,1.0,0.0
5090,Brute Force,Brute Force,0.0,1.0,0.0,0.0,0.0
5091,Brute Force,Brute Force,0.0,1.0,0.0,0.0,0.0
5092,DoS/DDoS,DoS/DDoS,0.0,0.0,1.0,0.0,0.0
5093,Normal,Normal,0.02,0.028523668460189833,0.024965153092279355,0.9265111784475308,0.0
5094,Brute Force,Brute Force,0.0,1.0,0.0,0.0,0.0
5095,DoS/DDoS,DoS/DDoS,0.0,0.0,0.9833895672536979,0.01661043274630218,0.0
5096,Brute Force,Brute Force,0.0,1.0,0.0,0.0,0.0
5097,Bot,Bot,0.9932431504767655,0.0,2.6673565380087433e-06,0.006754182166696429,0.0
5098,DoS/DDoS,DoS/DDoS,0.0,0.0,1.0,0.0,0.0
5099,Normal,Normal,0.0,0.004845088991430454,0.0,0.9951549110085695,0.0
5100,Normal,Normal,0.0,0.0,0.0,1.0,0.0
5101,DoS/DDoS,DoS/DDoS,0.0,0.0,1.0,0.0,0.0
5102,Normal,Normal,0.0,0.0,0.0,1.0,0.0
5103,Bot,Bot,0.9998566446327857,0.0,2.6673565380087433e-06,0.00014068801067621984,0.0
5104,DoS/DDoS,DoS/DDoS,0.0,0.0,0.9999456879835311,5.4312016468903834e-05,0.0
5105,Normal,Normal,0.0,0.0,0.26649217020854876,0.7335078297914513,0.0
5106,DoS/DDoS,DoS/DDoS,0.0,0.0,1.0,0.0,0.0
5107,DoS/DDoS,DoS/DDoS,0.0,0.0,1.0,0.0,0.0
5108,Normal,Normal,0.0,0.0,0.0,1.0,0.0
5109,Brute Force,Brute Force,0.0,0.9999957572263637,4.242773636295104e-06,0.0,0.0
5110,Normal,Normal,0.0,0.0,0.0,1.0,0.0
5111,Brute Force,Brute Force,0.0,1.0,0.0,0.0,0.0
5112,Brute Force,Brute Force,0.0,0.9999957572263637,4.242773636295104e-06,0.0,0.0
5113,Normal,Normal,0.0,0.0,0.0,1.0,0.0
5114,Normal,Normal,0.0,0.0,0.0,1.0,0.0
5115,Brute Force,Brute Force,0.0,0.9999957572263637,4.242773636295104e-06,0.0,0.0
5116,Normal,Normal,0.0,0.0,0.0,1.0,0.0
5117,Brute Force,Brute Force,0.0,0.7175967865378651,0.0019197807254631627,0.15446544686778263,0.1260179858688889
5118,DoS/DDoS,DoS/DDoS,0.0,0.0,1.0,0.0,0.0
5119,Normal,Normal,0.0,0.04770221536769306,3.805712667943282e-05,0.9208389692727387,0.03142075823288848
5120,Brute Force,Web Attack,0.0,0.1890256685429231,3.7583605044024734e-06,0.0009121309674187438,0.8100584421291537
5121,DoS/DDoS,DoS/DDoS,0.0,0.0,1.0,0.0,0.0
5122,DoS/DDoS,DoS/DDoS,0.0,0.0,1.0,0.0,0.0
5123,DoS/DDoS,DoS/DDoS,0.0,0.0,1.0,0.0,0.0
5124,Normal,Normal,0.0,0.009165199404607362,3.805712667943282e-05,0.9851437518716781,0.005652991597034992
5125,DoS/DDoS,DoS/DDoS,0.0,0.0,1.0,0.0,0.0
5126,Normal,Normal,0.0,0.0,0.004499778535826904,0.995500221464173,0.0
5127,Normal,Normal,0.0,0.0,0.0,1.0,0.0
5128,DoS/DDoS,DoS/DDoS,0.0,0.0,0.993293158735753,0.006706841264247025,0.0
5129,Normal,Normal,0.0,0.0,0.0,1.0,0.0
5130,Brute Force,Brute Force,0.0,1.0,0.0,0.0,0.0
5131,DoS/DDoS,DoS/DDoS,0.0,0.0,1.0,0.0,0.0
5132,Brute Force,Web Attack,0.0,0.0893555830537304,3.7583605044024734e-06,0.0006808753718454345,0.9099597832139197
5133,Normal,Normal,0.0,0.0,0.0,1.0,0.0
5134,Brute Force,Brute Force,0.0,1.0,0.0,0.0,0.0
5135,DoS/DDoS,DoS/DDoS,0.0,0.0,1.0,0.0,0.0
5136,DoS/DDoS,DoS/DDoS,0.0,0.0,1.0,0.0,0.0
5137,Normal,Normal,0.0,0.0,0.0,1.0,0.0
5138,Normal,Normal,0.0,0.03788925688117984,0.12431030304201524,0.8131702513143394,0.02463018876246535
5139,Brute Force,Brute Force,0.0,0.9999957572263637,4.242773636295104e-06,0.0,0.0
5140,DoS/DDoS,DoS/DDoS,0.0,0.0,1.0,0.0,0.0
5141,Normal,Normal,0.0,0.0050868358606788585,0.005682553588633741,0.9244850192984561,0.06474559125223117
5142,Brute Force,Brute Force,0.0,1.0,0.0,0.0,0.0
5143,DoS/DDoS,DoS/DDoS,0.0,0.0,1.0,0.0,0.0
5144,Web Attack,Web Attack,0.0,0.11758611403729512,3.7583605044024734e-06,0.0006808753718454345,0.881729252230355
5145,DoS/DDoS,DoS/DDoS,0.0,0.0,0.9998543238170151,0.00014567618298485063,0.0
5146,Brute Force,Brute Force,0.0,0.9999957572263637,4.242773636295104e-06,0.0,0.0
5147,Brute Force,Brute Force,0.0,1.0,0.0,0.0,0.0
5148,DoS/DDoS,DoS/DDoS,0.0,0.0,1.0,0.0,0.0
5149,Normal,Normal,0.0,0.0,0.0,1.0,0.0
5150,Bot,Bot,0.9745763167296375,0.0,5.176293157457111e-05,0.025371920338787657,0.0
5151,DoS/DDoS,DoS/DDoS,0.0,0.0,1.0,0.0,0.0
5152,DoS/DDoS,DoS/DDoS,0.0,0.0,1.0,0.0,0.0
5153,Normal,Normal,0.0,0.0,0.0,1.0,0.0
5154,DoS/DDoS,DoS/DDoS,0.0,0.0,1.0,0.0,0.0
5155,Brute Force,Brute Force,0.0,1.0,0.0,0.0,0.0
5156,Normal,Normal,0.0,0.0,0.027972059118160822,0.9720279408818392,0.0
5157,Normal,Normal,0.0,0.0,0.0,1.0,0.0
5158,Normal,Normal,0.0,0.0,0.0,1.0,0.0
5159,Normal,Normal,0.0,0.003464123523821971,0.007138521266713481,0.9782650631711328,0.011132292038331876
5160,Normal,Normal,0.0,0.0,0.0,1.0,0.0
5161,Normal,Normal,0.0,0.0,0.0,1.0,0.0
5162,DoS/DDoS,DoS/DDoS,0.0,0.0,1.0,0.0,0.0
5163,DoS/DDoS,DoS/DDoS,0.0,0.0,1.0,0.0,0.0
5164,Normal,Normal,0.0,0.0,0.0,1.0,0.0
5165,DoS/DDoS,DoS/DDoS,0.0,0.0,1.0,0.0,0.0
5166,DoS/DDoS,DoS/DDoS,0.0,0.0,1.0,0.0,0.0
5167,Brute Force,Brute Force,0.0,1.0,0.0,0.0,0.0
5168,Bot,Bot,0.9684188602840997,0.0,3.700861649006183e-05,0.03154413109940999,0.0
5169,Brute Force,Brute Force,0.0,1.0,0.0,0.0,0.0
5170,Bot,Bot,1.0,0.0,0.0,0.0,0.0
5171,DoS/DDoS,DoS/DDoS,0.0,0.00038870409189376286,0.9879698910154181,0.007945619269443389,0.0036957856232448416
5172,DoS/DDoS,DoS/DDoS,0.0,0.0,1.0,0.0,0.0
5173,Normal,Normal,0.0,0.0,0.0,1.0,0.0
5174,Normal,Normal,0.0,0.0,0.0,1.0,0.0
5175,Normal,Normal,0.0,0.0,0.0,1.0,0.0
5176,Normal,Bot,0.872199557220089,0.0,0.00027020526289252766,0.12753023751701822,0.0
5177,DoS/DDoS,DoS/DDoS,0.0,0.0,0.9998543238170151,0.00014567618298485063,0.0
5178,Normal,Normal,0.0,0.0,0.0,1.0,0.0
5179,Normal,Normal,0.0,0.018319057298558386,3.805712667943282e-05,0.9643355942916506,0.017307291283111564
5180,Normal,Normal,0.0,0.0,0.0,1.0,0.0
5181,Brute Force,Brute Force,0.0,1.0,0.0,0.0,0.0
5182,DoS/DDoS,DoS/DDoS,0.0,0.0,1.0,0.0,0.0
5183,DoS/DDoS,DoS/DDoS,0.0,0.0,1.0,0.0,0.0
5184,Normal,Normal,0.0,0.03295028325254737,3.805712667943282e-05,0.9488841707908535,0.018127488829919564
5185,Normal,Normal,0.0,0.0,0.005048855288495827,0.9949511447115041,0.0
5186,Brute Force,Brute Force,0.0,1.0,0.0,0.0,0.0
5187,Brute Force,Brute Force,0.0,0.9999957572263637,4.242773636295104e-06,0.0,0.0
5188,DoS/DDoS,DoS/DDoS,0.0,0.0,1.0,0.0,0.0
5189,DoS/DDoS,DoS/DDoS,0.0,0.0,1.0,0.0,0.0
5190,DoS/DDoS,DoS/DDoS,0.0,0.0,1.0,0.0,0.0
5191,Normal,Normal,0.0,0.0,0.0,1.0,0.0
5192,Normal,Normal,0.009073301160819095,0.0,0.0024844002773284028,0.9884422985618525,0.0
5193,Normal,Normal,0.0,0.0,0.0,1.0,0.0
5194,Normal,Normal,0.0,0.0,0.0003700718176147568,0.9996299281823852,0.0
5195,Normal,Normal,0.0,0.0,0.009238656719417782,0.9907613432805822,0.0
5196,DoS/DDoS,DoS/DDoS,0.0,0.0,1.0,0.0,0.0
5197,DoS/DDoS,DoS/DDoS,0.0,0.0,1.0,0.0,0.0
5198,DoS/DDoS,DoS/DDoS,0.0,0.0,1.0,0.0,0.0
5199,DoS/DDoS,DoS/DDoS,0.0,0.0,1.0,0.0,0.0
5200,Brute Force,Brute Force,0.0,0.9999957572263637,4.242773636295104e-06,0.0,0.0
5201,Normal,Normal,0.0,0.0008237759383254772,0.0,0.9991762240616744,0.0
5202,DoS/DDoS,DoS/DDoS,0.0,0.0,0.9997942965588688,0.00020570344113124352,0.0
5203,DoS/DDoS,DoS/DDoS,0.0,0.0,1.0,0.0,0.0
5204,DoS/DDoS,DoS/DDoS,0.0,0.0,1.0,0.0,0.0
5205,Normal,Normal,0.0,0.0,0.0,1.0,0.0
5206,Normal,Bot,0.7364873215632594,0.0,1.898948543835154e-05,0.2634936889513022,0.0
5207,DoS/DDoS,DoS/DDoS,0.0,0.0,1.0,0.0,0.0
5208,DoS/DDoS,DoS/DDoS,0.0,0.0,1.0,0.0,0.0
5209,Brute Force,Web Attack,0.0,0.1082525998463259,3.7583605044024734e-06,0.0006461599182201886,0.8910974818749493
5210,Brute Force,Brute Force,0.0,1.0,0.0,0.0,0.0
5211,DoS/DDoS,DoS/DDoS,0.0,0.0,0.9999878626709298,1.213732907028066e-05,0.0
5212,DoS/DDoS,DoS/DDoS,0.0,0.0,1.0,0.0,0.0
5213,DoS/DDoS,DoS/DDoS,0.0,0.0,1.0,0.0,0.0
5214,Normal,Normal,0.0,0.0,0.16002569195208885,0.8202881011513594,0.019686206896551723
5215,DoS/DDoS,DoS/DDoS,0.0,0.0,0.9998464559900256,0.0001535440099744956,0.0
5216,Normal,Normal,0.003446931121103724,0.003112419453541735,0.0,0.9810528788963971,0.012387770528957337
5217,DoS/DDoS,DoS/DDoS,0.0,0.0,1.0,0.0,0.0
5218,Web Attack,Web Attack,0.0,0.1697438928552064,3.7583605044024734e-06,0.0006461599182201886,0.829606188866069
5219,Normal,Normal,0.0,0.0,0.0,1.0,0.0
5220,Brute Force,Brute Force,0.00015931446215744114,0.5121785436669672,0.007089107325515878,0.06886220991486759,0.4117108246304917
5221,DoS/DDoS,DoS/DDoS,0.0,0.0,1.0,0.0,0.0
5222,Normal,Normal,0.0,0.0,0.0,1.0,0.0
5223,DoS/DDoS,DoS/DDoS,0.0,0.0,0.9999578253126014,4.217468739862318e-05,0.0
5224,Normal,Normal,0.0,0.0,0.0,1.0,0.0
5225,DoS/DDoS,DoS/DDoS,0.0,0.0,1.0,0.0,0.0
5226,Normal,Normal,0.0,0.0,0.0,1.0,0.0
5227,Normal,Normal,0.37143823385248076,0.0,2.729181031793295e-05,0.6285344743372012,0.0
5228,DoS/DDoS,DoS/DDoS,0.0,0.0,0.9980348010042774,0.001965198995722525,0.0
5229,Bot,Bot,1.0,0.0,0.0,0.0,0.0
5230,Web Attack,Web Attack,0.0,0.1902275988276623,3.7583605044024734e-06,0.0006808753718454345,0.8090877674399879
5231,DoS/DDoS,DoS/DDoS,0.0,0.0,1.0,0.0,0.0
5232,Normal,Normal,0.0,0.0200895614367418,3.805712667943282e-05,0.9625650901534673,0.017307291283111564
5233,Normal,Normal,0.0,0.0,0.0,1.0,0.0
5234,DoS/DDoS,DoS/DDoS,0.0,0.0,1.0,0.0,0.0
5235,DoS/DDoS,DoS/DDoS,0.0,0.0,0.9990482730015501,0.000951726998450009,0.0
5236,DoS/DDoS,DoS/DDoS,0.0,0.0,1.0,0.0,0.0
5237,Normal,Normal,0.01,0.06732602456901365,0.0034924118608452015,0.9191815635701411,0.0
5238,DoS/DDoS,DoS/DDoS,0.0,0.0,1.0,0.0,0.0
5239,Normal,Normal,0.0,0.009481378790748327,3.805712667943282e-05,0.9865980739676214,0.0038824901149506984
5240,Normal,Normal,0.0,0.0,0.0,1.0,0.0
5241,DoS/DDoS,DoS/DDoS,0.0,0.0,1.0,0.0,0.0
5242,DoS/DDoS,DoS/DDoS,0.0,0.0,0.9692263473927524,0.021091015003573643,0.009682637603674
5243,Brute Force,Brute Force,0.0,1.0,0.0,0.0,0.0
5244,Brute Force,Brute Force,0.0,1.0,0.0,0.0,0.0
5245,Normal,Normal,0.0,0.0,0.0,1.0,0.0
5246,Normal,Normal,0.0,0.0,0.000890726989688716,0.9991092730103114,0.0
5247,Normal,Normal,0.0,0.0,0.00753563577051273,0.9924643642294874,0.0
5248,DoS/DDoS,DoS/DDoS,0.0,0.0,1.0,0.0,0.0
5249,DoS/DDoS,DoS/DDoS,0.0,0.0,1.0,0.0,0.0
5250,Normal,Normal,0.0,0.0,0.0001237994570211309,0.9998762005429788,0.0
5251,Normal,Normal,0.0,0.0,0.0,1.0,0.0
5252,DoS/DDoS,DoS/DDoS,0.0,0.0,0.9982152136869078,0.001784786313092262,0.0
5253,DoS/DDoS,DoS/DDoS,0.0,0.0,1.0,0.0,0.0
5254,Normal,Normal,0.0,0.0,0.0,1.0,0.0
5255,Brute Force,Brute Force,0.0,0.7587957294877486,0.00010758034535900212,0.0050644167107639524,0.2360322734561283
5256,Brute Force,Brute Force,0.0,0.8855230439303131,0.00010897862719913938,0.052331935467712185,0.062036041974775656
5257,Normal,Normal,0.0,0.0,0.0,1.0,0.0
5258,DoS/DDoS,DoS/DDoS,0.0,0.0,1.0,0.0,0.0
5259,Normal,Normal,0.0,0.0,0.0,1.0,0.0
5260,DoS/DDoS,DoS/DDoS,0.0,0.0,1.0,0.0,0.0
5261,DoS/DDoS,DoS/DDoS,0.0,0.0,1.0,0.0,0.0
5262,Normal,Normal,0.0,0.0,0.0,1.0,0.0
5263,Bot,Bot,0.977318116594377,0.0,5.176293157457111e-05,0.02263012047404827,0.0
5264,Normal,Normal,0.0,0.0,0.0,1.0,0.0
5265,DoS/DDoS,DoS/DDoS,0.0,0.0,0.9999578253126014,4.217468739862318e-05,0.0
5266,Brute Force,Brute Force,0.0,1.0,0.0,0.0,0.0
5267,Normal,Normal,0.0,0.0,0.0,1.0,0.0
5268,DoS/DDoS,DoS/DDoS,0.0,0.0,1.0,0.0,0.0
5269,DoS/DDoS,DoS/DDoS,0.0,0.0,1.0,0.0,0.0
5270,DoS/DDoS,DoS/DDoS,0.0,0.0,1.0,0.0,0.0
5271,Normal,Normal,0.0,0.0,0.0,1.0,0.0
5272,DoS/DDoS,DoS/DDoS,0.0,0.0,1.0,0.0,0.0
5273,Normal,Normal,0.0,0.0,0.0,1.0,0.0
5274,Bot,Bot,0.9764841904389994,0.0,6.511844699291775e-05,0.023450691114007674,0.0
5275,DoS/DDoS,DoS/DDoS,0.0,0.0,1.0,0.0,0.0
5276,DoS/DDoS,DoS/DDoS,0.0,0.0,0.9998543238170151,0.00014567618298485063,0.0
5277,Brute Force,Brute Force,0.0,1.0,0.0,0.0,0.0
5278,DoS/DDoS,DoS/DDoS,0.0,0.0,1.0,0.0,0.0
5279,DoS/DDoS,DoS/DDoS,0.0,0.0,1.0,0.0,0.0
5280,Normal,Normal,0.0,0.0,0.0,1.0,0.0
5281,Normal,Normal,0.0,0.0,0.0,1.0,0.0
5282,Normal,Normal,0.0,0.0,0.0,1.0,0.0
5283,DoS/DDoS,DoS/DDoS,0.0,0.0,0.9841331378655304,0.015866862134469778,0.0
5284,Brute Force,Brute Force,0.0,1.0,0.0,0.0,0.0
5285,DoS/DDoS,DoS/DDoS,0.0,0.0,1.0,0.0,0.0
5286,Normal,Normal,0.0,0.019675166500729376,3.805712667943282e-05,0.9658369992339277,0.014449777138663378
5287,Normal,Normal,0.0,0.0,0.02599433727531424,0.9740056627246858,0.0
5288,DoS/DDoS,DoS/DDoS,0.0,0.0,1.0,0.0,0.0
5289,DoS/DDoS,DoS/DDoS,0.0,0.0,0.9989659894674472,0.001034010532552832,0.0
5290,Normal,Normal,0.0,0.0,0.0,1.0,0.0
5291,Normal,Normal,0.0,0.0,0.0,1.0,0.0
5292,Brute Force,Brute Force,0.0,1.0,0.0,0.0,0.0
5293,DoS/DDoS,DoS/DDoS,0.0,0.0006831426335049337,0.9912170275324054,0.008099829834089736,0.0
5294,Normal,Normal,0.0,0.0,0.0,1.0,0.0
5295,Normal,Normal,0.0,0.0,0.06447934766701044,0.9355206523329896,0.0
5296,Normal,Normal,0.0,0.0,0.0,1.0,0.0
5297,Web Attack,Web Attack,0.0,0.1501290942491348,7.031744054494311e-06,0.0007329900848395246,0.849130883921971
5298,Brute Force,Brute Force,0.0,0.8342131963435209,0.00010758034535900212,0.0012731723134649898,0.16440605099765498
5299,DoS/DDoS,DoS/DDoS,0.0,0.025033833492438942,0.7111145242628605,0.23014981550524385,0.033701826739456514
5300,Bot,Bot,1.0,0.0,0.0,0.0,0.0
5301,Normal,Normal,0.0,0.0,0.0,1.0,0.0
5302,Normal,Normal,0.0,0.0,0.0007655876921884212,0.9992344123078116,0.0
5303,Normal,Normal,0.009683739875462333,0.0,0.027402544296203542,0.9629137158283342,0.0
5304,Normal,Normal,0.0,0.0,0.0,1.0,0.0
5305,DoS/DDoS,DoS/DDoS,0.0,0.0,1.0,0.0,0.0
5306,Normal,Normal,0.0,0.0,0.0,1.0,0.0
5307,Normal,Normal,0.00919341243597225,0.0,0.027538789246546597,0.9632677983174812,0.0
5308,Normal,Normal,0.0,0.0,0.0,1.0,0.0
5309,Normal,Normal,0.0,0.0,0.0,1.0,0.0
5310,DoS/DDoS,DoS/DDoS,0.0,0.0,1.0,0.0,0.0
5311,Normal,Normal,0.0,0.02895079984281328,0.00013457106561963117,0.9618145818784799,0.009100047213087102
5312,Brute Force,Brute Force,0.0,1.0,0.0,0.0,0.0
5313,DoS/DDoS,DoS/DDoS,0.0,0.0,1.0,0.0,0.0
5314,Normal,Normal,0.00015931446215744114,0.04641547977399572,3.805712667943282e-05,0.8807634425287746,0.07262370610839279
5315,Normal,Normal,0.0,0.0,0.0,1.0,0.0
5316,Normal,Normal,0.016406119492612344,0.0,0.002491048046603602,0.9811028324607841,0.0
5317,DoS/DDoS,DoS/DDoS,0.0,0.0,1.0,0.0,0.0
5318,DoS/DDoS,DoS/DDoS,0.0,0.0,1.0,0.0,0.0
5319,Bot,Bot,0.9774566334549061,0.0,5.176293157457111e-05,0.022491603613519155,0.0
5320,Bot,Bot,1.0,0.0,0.0,0.0,0.0
5321,Brute Force,Brute Force,0.0,1.0,0.0,0.0,0.0
5322,DoS/DDoS,DoS/DDoS,0.0,0.0,1.0,0.0,0.0
5323,Normal,Normal,0.0,0.043652723691551126,0.00013457106561963117,0.9408690345582478,0.015343670684581541
5324,Brute Force,Brute Force,0.0,1.0,0.0,0.0,0.0
5325,DoS/DDoS,DoS/DDoS,0.0,0.0,1.0,0.0,0.0
5326,Normal,Normal,0.0,0.007234372824200339,3.805712667943282e-05,0.9904873164996292,0.0022402535494909833
5327,DoS/DDoS,DoS/DDoS,0.0,0.0,0.9980348010042774,0.001965198995722525,0.0
5328,Bot,Bot,0.9745763167296375,0.0,5.176293157457111e-05,0.025371920338787657,0.0
5329,DoS/DDoS,DoS/DDoS,0.0,0.0,1.0,0.0,0.0
5330,Normal,Normal,0.0,0.0,0.0,1.0,0.0
5331,DoS/DDoS,DoS/DDoS,0.0,0.0,0.9691756696945828,0.030824330305417202,0.0
5332,Brute Force,Brute Force,0.0,1.0,0.0,0.0,0.0
5333,Brute Force,Web Attack,0.0,0.2835330644096945,3.7583605044024734e-06,0.0009410644220625464,0.7155221128077385
5334,DoS/DDoS,DoS/DDoS,0.0,0.0,1.0,0.0,0.0
5335,Brute Force,Brute Force,0.0,1.0,0.0,0.0,0.0
5336,DoS/DDoS,DoS/DDoS,0.0,0.0,0.9996845535813353,0.000315446418664595,0.0
5337,Normal,Normal,0.0,0.0,0.0,1.0,0.0
5338,DoS/DDoS,DoS/DDoS,0.0,0.0,1.0,0.0,0.0
5339,Normal,Normal,0.20996848870118406,0.0,0.005348128813898918,0.7846833824849169,0.0
5340,DoS/DDoS,DoS/DDoS,0.0,0.0,1.0,0.0,0.0
5341,Brute Force,Brute Force,0.0,0.9999957572263637,4.242773636295104e-06,0.0,0.0
5342,DoS/DDoS,DoS/DDoS,0.0,0.0,1.0,0.0,0.0
5343,Normal,Normal,0.0,0.0,0.0,1.0,0.0
5344,Brute Force,Brute Force,0.0,0.9036791865481609,0.01754722082177171,0.07877359263006742,0.0
5345,Normal,Normal,0.0,0.005051327562098229,0.12550714882010985,0.8529575320245988,0.016483991593193057
5346,Bot,Bot,0.9765293376163555,0.0,6.511844699291775e-05,0.023405543936651597,0.0
5347,Normal,Normal,0.0,0.0,1.9051442161899594e-05,0.9999809485578381,0.0
5348,Normal,Normal,0.0,0.0,0.0,1.0,0.0
5349,DoS/DDoS,DoS/DDoS,0.0,0.0,1.0,0.0,0.0
5350,DoS/DDoS,DoS/DDoS,0.0,0.0,1.0,0.0,0.0
5351,Bot,Bot,0.9998812799837428,0.0,2.6673565380087433e-06,0.00011605265971917845,0.0
5352,Normal,Normal,0.0,0.0,0.0,1.0,0.0
5353,DoS/DDoS,DoS/DDoS,0.0,0.0,0.9980348010042774,0.001965198995722525,0.0
5354,Normal,Normal,0.0,0.01966463267006586,0.00248395378690629,0.9778514135430278,0.0
5355,Web Attack,Web Attack,0.0,0.34903534814687037,3.7583605044024734e-06,0.000965010463526612,0.6499958830290986
5356,Normal,Normal,0.0,0.0,0.0,1.0,0.0
5357,Brute Force,Brute Force,0.0,1.0,0.0,0.0,0.0
5358,DoS/DDoS,DoS/DDoS,0.0,0.0,1.0,0.0,0.0
5359,Brute Force,Brute Force,0.0,1.0,0.0,0.0,0.0
5360,Normal,Normal,0.0,0.0,0.0,1.0,0.0
5361,Normal,Normal,0.0,0.0,0.0,1.0,0.0
5362,Brute Force,Brute Force,0.0,0.9999957572263637,4.242773636295104e-06,0.0,0.0
5363,DoS/DDoS,DoS/DDoS,0.0,0.0,0.9980348010042774,0.001965198995722525,0.0
5364,Normal,Normal,0.0,0.0,0.0,1.0,0.0
5365,DoS/DDoS,DoS/DDoS,0.0,0.0,1.0,0.0,0.0
5366,DoS/DDoS,DoS/DDoS,0.0,0.0,1.0,0.0,0.0
5367,DoS/DDoS,DoS/DDoS,0.0,0.0,1.0,0.0,0.0
5368,DoS/DDoS,DoS/DDoS,0.0,0.0,1.0,0.0,0.0
5369,DoS/DDoS,DoS/DDoS,0.0,0.0,1.0,0.0,0.0
5370,Normal,Normal,0.0,0.0,0.010866823608336637,0.9891331763916633,0.0
5371,Normal,Normal,0.0,0.0,0.0,1.0,0.0
5372,DoS/DDoS,DoS/DDoS,0.0,0.0,1.0,0.0,0.0
5373,DoS/DDoS,DoS/DDoS,0.0,0.006537295330503335,0.99,0.0034627046694966647,0.0
5374,DoS/DDoS,DoS/DDoS,0.0,0.0,1.0,0.0,0.0
5375,Normal,Normal,0.0,0.0,0.0,1.0,0.0
5376,DoS/DDoS,DoS/DDoS,0.0,0.0,1.0,0.0,0.0
5377,DoS/DDoS,DoS/DDoS,0.0,0.0,1.0,0.0,0.0
5378,Brute Force,Brute Force,0.0,0.9999957572263637,4.242773636295104e-06,0.0,0.0
5379,DoS/DDoS,DoS/DDoS,0.0,0.0,1.0,0.0,0.0
5380,Brute Force,Web Attack,0.0,0.12525542252952127,3.7583605044024734e-06,0.0006541029345634021,0.8740867161754111
5381,Brute Force,Brute Force,0.0,0.9999957572263637,4.242773636295104e-06,0.0,0.0
5382,DoS/DDoS,DoS/DDoS,0.0,0.0,1.0,0.0,0.0
5383,DoS/DDoS,DoS/DDoS,0.0,0.0,1.0,0.0,0.0
5384,Web Attack,Web Attack,0.0,0.28045153637143794,3.7583605044024734e-06,0.0006461599182201886,0.7188985453498374
5385,Brute Force,Brute Force,0.0,0.9999957572263637,4.242773636295104e-06,0.0,0.0
5386,Brute Force,Brute Force,0.0,1.0,0.0,0.0,0.0
5387,Normal,Normal,0.0,0.0,0.0,1.0,0.0
5388,Brute Force,Brute Force,0.0,0.9999957572263637,4.242773636295104e-06,0.0,0.0
5389,DoS/DDoS,DoS/DDoS,0.0,0.0,0.9999456879835311,5.4312016468903834e-05,0.0
5390,Normal,Normal,0.0,0.053636694087258775,0.00013457106561963117,0.9140671149092994,0.03216161993782225
5391,Normal,Normal,0.0,0.0,0.0,1.0,0.0
5392,DoS/DDoS,DoS/DDoS,0.0,0.0,1.0,0.0,0.0
5393,DoS/DDoS,DoS/DDoS,0.0,0.0,1.0,0.0,0.0
5394,Normal,Normal,0.34867405273847046,0.0,1.9448812743237454e-05,0.6513064984487863,0.0
5395,Normal,Normal,0.0,0.0,0.0,1.0,0.0
5396,Normal,Normal,0.0,0.0,0.0,1.0,0.0
5397,DoS/DDoS,DoS/DDoS,0.0,0.0,1.0,0.0,0.0
5398,Normal,Normal,0.0,0.0,0.0,1.0,0.0
5399,Normal,Normal,0.0,0.0,0.0,1.0,0.0
5400,Normal,Normal,0.0,0.0,0.0,1.0,0.0
5401,Bot,Bot,0.9764841904389994,0.0,6.511844699291775e-05,0.023450691114007674,0.0
5402,DoS/DDoS,DoS/DDoS,0.0,0.0,1.0,0.0,0.0
5403,Brute Force,Brute Force,0.0,1.0,0.0,0.0,0.0
5404,Normal,Normal,0.0,0.0,0.0,1.0,0.0
5405,Normal,Normal,0.0,0.0,0.0,1.0,0.0
5406,Brute Force,Brute Force,0.0,1.0,0.0,0.0,0.0
5407,DoS/DDoS,DoS/DDoS,0.0,0.0,1.0,0.0,0.0
5408,DoS/DDoS,DoS/DDoS,0.0,0.08234867108524835,0.7454955907093899,0.09375973366296755,0.07839600454239426
5409,Normal,Normal,0.0,0.0,0.0,1.0,0.0
5410,Brute Force,Brute Force,0.0,1.0,0.0,0.0,0.0
5411,Brute Force,Brute Force,0.0,0.9999957572263637,4.242773636295104e-06,0.0,0.0
5412,Brute Force,Brute Force,0.0,1.0,0.0,0.0,0.0
5413,Normal,Normal,0.0,0.0,0.0,1.0,0.0
5414,DoS/DDoS,DoS/DDoS,0.0,0.0,0.9975191804480378,0.002480819551962219,0.0
5415,DoS/DDoS,DoS/DDoS,0.0,0.0,0.9989659894674472,0.001034010532552832,0.0
5416,Normal,Normal,0.0,0.0,0.0,1.0,0.0
5417,DoS/DDoS,DoS/DDoS,0.0,0.0,0.9999456879835311,5.4312016468903834e-05,0.0
5418,Brute Force,Web Attack,0.0,0.4751447325083796,7.031744054494311e-06,0.0008756308349931235,0.5239726049125727
5419,Brute Force,Brute Force,0.0,1.0,0.0,0.0,0.0
5420,Normal,Normal,0.0,0.0,0.0,1.0,0.0
5421,Normal,Normal,0.0,0.0,0.0,1.0,0.0
5422,Normal,Normal,0.0,0.0,1.9051442161899594e-05,0.9999809485578381,0.0
5423,Normal,Normal,0.0,0.0,0.0,1.0,0.0
5424,DoS/DDoS,DoS/DDoS,0.0,0.0,1.0,0.0,0.0
5425,Normal,Normal,0.0,0.0,0.0,1.0,0.0
5426,DoS/DDoS,DoS/DDoS,0.0,0.0,1.0,0.0,0.0
5427,DoS/DDoS,DoS/DDoS,0.0,0.0,0.9980348010042774,0.001965198995722525,0.0
5428,Normal,Normal,0.32521682738590824,0.0,1.9448812743237454e-05,0.6747637238013483,0.0
5429,DoS/DDoS,DoS/DDoS,0.0,0.0,1.0,0.0,0.0
5430,DoS/DDoS,DoS/DDoS,0.0,0.0,1.0,0.0,0.0
5431,Brute Force,Web Attack,0.0,0.4020645064388858,3.7583605044024734e-06,0.0006595413105382648,0.5972721938900714
5432,DoS/DDoS,DoS/DDoS,0.0,0.0,1.0,0.0,0.0
5433,DoS/DDoS,DoS/DDoS,0.0,0.0,1.0,0.0,0.0
5434,Bot,Bot,0.9998997013881337,0.0,2.6673565380087433e-06,9.763125532836162e-05,0.0
5435,Brute Force,Brute Force,0.0,1.0,0.0,0.0,0.0
5436,Web Attack,Web Attack,0.0,0.12953782140349226,3.7583605044024734e-06,0.0007365443631225058,0.8697218758728809
5437,Normal,Normal,0.0,0.0,0.0,1.0,0.0
5438,Normal,Normal,0.0,0.0,0.0005037954316950162,0.999496204568305,0.0
5439,Brute Force,Brute Force,0.0,1.0,0.0,0.0,0.0
5440,DoS/DDoS,DoS/DDoS,0.0,0.0,1.0,0.0,0.0
5441,Brute Force,Brute Force,0.0,1.0,0.0,0.0,0.0
5442,DoS/DDoS,DoS/DDoS,0.0,0.00038870409189376286,0.97877681903434,0.017138691250521455,0.0036957856232448416
5443,DoS/DDoS,DoS/DDoS,0.0,0.0,1.0,0.0,0.0
5444,Bot,Bot,1.0,0.0,0.0,0.0,0.0
5445,Brute Force,Brute Force,0.0,1.0,0.0,0.0,0.0
5446,DoS/DDoS,DoS/DDoS,0.0,0.0,1.0,0.0,0.0
5447,Normal,Normal,0.0,0.0,0.0,1.0,0.0
5448,Normal,Normal,0.0,0.0,0.0,1.0,0.0
5449,DoS/DDoS,DoS/DDoS,0.0,0.0,1.0,0.0,0.0
5450,DoS/DDoS,DoS/DDoS,0.0,0.0017205251314341369,0.8793013872840507,0.10599994992550213,0.012978137659013017
5451,DoS/DDoS,DoS/DDoS,0.0,0.0,1.0,0.0,0.0
5452,DoS/DDoS,DoS/DDoS,0.0,0.0,1.0,0.0,0.0
5453,DoS/DDoS,DoS/DDoS,0.0,0.0,1.0,0.0,0.0
5454,Brute Force,Web Attack,0.0,0.09130904004688699,3.7583605044024734e-06,0.0006541029345634021,0.9080330986580454
5455,Normal,Normal,0.0,0.0,0.0,1.0,0.0
5456,DoS/DDoS,DoS/DDoS,0.0,0.0,1.0,0.0,0.0
5457,Normal,Normal,0.0,0.0,0.0,1.0,0.0
5458,Brute Force,Brute Force,0.00015931446215744114,0.5547534104803891,0.0024066684103046143,0.049956790206886544,0.392723816440262
5459,Brute Force,Brute Force,0.0,1.0,0.0,0.0,0.0
5460,DoS/DDoS,DoS/DDoS,0.0,0.0,1.0,0.0,0.0
5461,Normal,Normal,0.0,0.0,0.0,1.0,0.0
5462,Brute Force,Brute Force,0.0,1.0,0.0,0.0,0.0
5463,DoS/DDoS,DoS/DDoS,0.0,0.0,1.0,0.0,0.0
5464,DoS/DDoS,DoS/DDoS,0.0,0.0,1.0,0.0,0.0
5465,DoS/DDoS,DoS/DDoS,0.0,0.0,1.0,0.0,0.0
5466,Brute Force,Brute Force,0.0,1.0,0.0,0.0,0.0
5467,Normal,Normal,0.0,0.008497951195645526,0.0,0.9915020488043544,0.0
5468,Brute Force,Brute Force,0.0,1.0,0.0,0.0,0.0
5469,DoS/DDoS,DoS/DDoS,0.0,0.0,1.0,0.0,0.0
5470,DoS/DDoS,DoS/DDoS,0.0,0.0,1.0,0.0,0.0
5471,DoS/DDoS,DoS/DDoS,0.0,0.0,0.9999456879835311,5.4312016468903834e-05,0.0
5472,Brute Force,Brute Force,0.0,0.9999957572263637,4.242773636295104e-06,0.0,0.0
5473,Brute Force,Brute Force,0.0,0.9999957572263637,4.242773636295104e-06,0.0,0.0
5474,DoS/DDoS,DoS/DDoS,0.0,0.0,0.9999456879835311,5.4312016468903834e-05,0.0
5475,DoS/DDoS,DoS/DDoS,0.0,0.04505758355202863,0.800764557182307,0.08747224911188294,0.06670561015378132
5476,DoS/DDoS,DoS/DDoS,0.0,0.0,1.0,0.0,0.0
5477,Normal,Normal,0.0,0.0,0.0,1.0,0.0
5478,DoS/DDoS,DoS/DDoS,0.0,0.0,1.0,0.0,0.0
5479,Brute Force,Brute Force,0.0,0.8510475821569982,0.00034291800280911736,0.054152534474945814,0.09445696536524684
5480,DoS/DDoS,DoS/DDoS,0.0,0.007461166043623137,0.8864313536171163,0.0639063654940287,0.042201114845231695
5481,DoS/DDoS,DoS/DDoS,0.0,0.0,1.0,0.0,0.0
5482,Normal,Normal,0.0,0.0,0.0,1.0,0.0
5483,Brute Force,Brute Force,0.0,1.0,0.0,0.0,0.0
5484,DoS/DDoS,DoS/DDoS,0.0,0.0,1.0,0.0,0.0
5485,DoS/DDoS,DoS/DDoS,0.0,0.0,1.0,0.0,0.0
5486,DoS/DDoS,DoS/DDoS,0.0,0.0,1.0,0.0,0.0
5487,Normal,Normal,0.0,0.0,0.0,1.0,0.0
5488,Normal,Normal,0.0,0.0,0.0,1.0,0.0
5489,Brute Force,Brute Force,0.0,1.0,0.0,0.0,0.0
5490,DoS/DDoS,DoS/DDoS,0.0,0.0,0.9999456879835311,5.4312016468903834e-05,0.0
5491,DoS/DDoS,DoS/DDoS,0.0,0.0,1.0,0.0,0.0
5492,DoS/DDoS,DoS/DDoS,0.0,0.0,0.9999456879835311,5.4312016468903834e-05,0.0
5493,Normal,Normal,0.09868082747798206,0.004857063461738859,0.024222805087213983,0.872239303973065,0.0
5494,DoS/DDoS,DoS/DDoS,0.0,0.0,1.0,0.0,0.0
5495,DoS/DDoS,DoS/DDoS,0.0,0.0,1.0,0.0,0.0
5496,DoS/DDoS,DoS/DDoS,0.0,0.0,1.0,0.0,0.0
5497,Normal,Normal,0.0,0.0,0.0,1.0,0.0
5498,DoS/DDoS,DoS/DDoS,0.0,0.0,0.9982152136869078,0.001784786313092262,0.0
5499,Normal,Normal,0.0,0.0,0.0,1.0,0.0
5500,Normal,Normal,0.0,0.0,0.0,1.0,0.0
5501,DoS/DDoS,DoS/DDoS,0.0,0.0,0.9999456879835311,5.4312016468903834e-05,0.0
5502,Brute Force,Brute Force,0.0,1.0,0.0,0.0,0.0
5503,Brute Force,Brute Force,0.0,1.0,0.0,0.0,0.0
5504,Normal,Normal,0.0,0.0,0.0,1.0,0.0
5505,Normal,Normal,0.0,0.0,0.0,1.0,0.0
5506,Brute Force,Web Attack,0.0,0.4541885598043372,7.031744054494311e-06,0.000851447361075679,0.5449529610905328
5507,Bot,Bot,0.9730739744624951,0.0,5.176293157457111e-05,0.02687426260592997,0.0
5508,Normal,Normal,0.0,0.06370562189133094,0.0050421097708942975,0.8722775631909799,0.05897470514679495
5509,Normal,Normal,0.0,0.005151303547551914,0.042288934711095114,0.9022253392081154,0.05033442253323737
5510,DoS/DDoS,DoS/DDoS,0.0,0.0,1.0,0.0,0.0
5511,Normal,Normal,0.0,0.0,0.0,1.0,0.0
5512,Normal,Normal,0.0,0.0,0.0,1.0,0.0
5513,Brute Force,Web Attack,0.0,0.2682653133098422,3.7583605044024734e-06,0.0006363300930897798,0.7310945982365635
5514,DoS/DDoS,DoS/DDoS,0.0,0.0,1.0,0.0,0.0
5515,DoS/DDoS,DoS/DDoS,0.0,0.0,1.0,0.0,0.0
5516,DoS/DDoS,DoS/DDoS,0.0,0.0,1.0,0.0,0.0
5517,Normal,Normal,0.0,0.0,0.0,1.0,0.0
5518,DoS/DDoS,DoS/DDoS,0.0,0.0,1.0,0.0,0.0
5519,Normal,Normal,0.00015931446215744114,0.05310891903243608,0.0004381896163794359,0.8735485009645002,0.07274507592452686
5520,Brute Force,Brute Force,0.0,1.0,0.0,0.0,0.0
5521,Bot,Bot,0.9964507931040208,0.0,2.6673565380087433e-06,0.0035465395394410114,0.0
5522,Normal,Normal,0.0,0.0,0.0,1.0,0.0
5523,Normal,Normal,0.03822773606515893,0.0,0.01,0.9517722639348412,0.0
5524,Normal,Normal,0.0,0.026816044161408856,3.805712667943282e-05,0.9498162620816104,0.02332963663030123
5525,Web Attack,Web Attack,0.0,0.15936382870787977,3.7583605044024734e-06,0.000965010463526612,0.8396674024680894
5526,Normal,Normal,0.0,0.0,0.0,1.0,0.0
5527,Normal,Normal,0.04871741990320039,0.0,0.055240056619692994,0.8960425234771067,0.0
5528,DoS/DDoS,DoS/DDoS,0.0,0.0,1.0,0.0,0.0
5529,Normal,Normal,0.0,0.009909178401937451,0.22349388708967022,0.7573951815681035,0.00920175294028865
5530,DoS/DDoS,DoS/DDoS,0.0,0.0,1.0,0.0,0.0
5531,Normal,Normal,0.0011706116709632062,0.001107516047247935,0.002799480259706183,0.9868519227971589,0.008070469224923625
5532,Brute Force,Brute Force,0.0,1.0,0.0,0.0,0.0
5533,Normal,Normal,0.0,0.0,0.0,1.0,0.0
5534,DoS/DDoS,DoS/DDoS,0.0,0.0,1.0,0.0,0.0
5535,Normal,Normal,0.0,0.0,0.0,1.0,0.0
5536,Brute Force,Brute Force,0.0,1.0,0.0,0.0,0.0
5537,Brute Force,Brute Force,0.0,1.0,0.0,0.0,0.0
5538,DoS/DDoS,DoS/DDoS,0.0,0.0,1.0,0.0,0.0
5539,Brute Force,Brute Force,0.0,1.0,0.0,0.0,0.0
5540,DoS/DDoS,DoS/DDoS,0.0,0.03394047404805956,0.9414224672477594,0.024637058704181168,0.0
5541,Normal,Normal,0.0,0.0,0.0,1.0,0.0
5542,Brute Force,Brute Force,0.0,1.0,0.0,0.0,0.0
5543,Brute Force,Brute Force,0.0,1.0,0.0,0.0,0.0
5544,DoS/DDoS,DoS/DDoS,0.0,0.0,1.0,0.0,0.0
5545,Normal,Normal,0.0,0.0,0.0,1.0,0.0
5546,Normal,Normal,0.0,0.0,0.01,0.99,0.0
5547,Brute Force,Web Attack,0.0,0.38745570167206816,3.7583605044024734e-06,0.0007650736294546168,0.6117754663379729
5548,Bot,Bot,0.999863717745244,0.0,2.6673565380087433e-06,0.00013361489821793257,0.0
5549,DoS/DDoS,DoS/DDoS,0.0,0.0,1.0,0.0,0.0
5550,DoS/DDoS,DoS/DDoS,0.0,0.0,1.0,0.0,0.0
5551,DoS/DDoS,DoS/DDoS,0.0,0.0,1.0,0.0,0.0
5552,DoS/DDoS,DoS/DDoS,0.0,0.0,1.0,0.0,0.0
5553,Normal,Normal,0.0,0.0,0.0,1.0,0.0
5554,Brute Force,Brute Force,0.0,0.9293865491240365,0.0002594488337276811,0.0239051690305403,0.04644883301169558
5555,Normal,Normal,0.0,0.018319057298558386,3.805712667943282e-05,0.9643355942916506,0.017307291283111564
5556,Normal,Normal,0.0,0.0,0.0,1.0,0.0
5557,Normal,Normal,0.0,0.007931131650135257,0.0,0.9920688683498647,0.0
5558,DoS/DDoS,DoS/DDoS,0.0,0.0,1.0,0.0,0.0
5559,Brute Force,Brute Force,0.0,1.0,0.0,0.0,0.0
5560,Normal,Normal,0.0,0.016423178052215683,3.805712667943282e-05,0.9812985112716138,0.0022402535494909833
5561,DoS/DDoS,DoS/DDoS,0.0,0.0,1.0,0.0,0.0
5562,DoS/DDoS,DoS/DDoS,0.0,0.0,1.0,0.0,0.0
5563,Normal,Normal,0.0,0.0,0.0,1.0,0.0
5564,Brute Force,Brute Force,0.0,0.8190180587362993,0.0731224377183882,0.05505691869758711,0.05280258484772544
5565,Normal,Normal,0.0,0.0,0.0,1.0,0.0
5566,DoS/DDoS,DoS/DDoS,0.0,0.0,1.0,0.0,0.0
5567,DoS/DDoS,DoS/DDoS,0.0,0.0,1.0,0.0,0.0
5568,Brute Force,Brute Force,0.0,0.5803884853625708,7.031744054494311e-06,0.0007890573663216414,0.41881542552705314
5569,Brute Force,Web Attack,0.0,0.30374262787308737,3.7583605044024734e-06,0.00417561006234293,0.6920780037040654
5570,Bot,Bot,1.0,0.0,0.0,0.0,0.0
5571,DoS/DDoS,DoS/DDoS,0.0,0.0,1.0,0.0,0.0
5572,DoS/DDoS,DoS/DDoS,0.0,0.0,1.0,0.0,0.0
5573,Normal,Normal,0.0,0.0,0.0,1.0,0.0
5574,Brute Force,Brute Force,0.0,1.0,0.0,0.0,0.0
5575,Normal,Normal,0.0,0.0,0.0,1.0,0.0
5576,DoS/DDoS,DoS/DDoS,0.0,0.0,1.0,0.0,0.0
5577,Brute Force,Brute Force,0.0,1.0,0.0,0.0,0.0
5578,Web Attack,Web Attack,0.0,0.0005227762974241848,0.0,0.010946006237524442,0.9885312174650513
5579,DoS/DDoS,DoS/DDoS,0.0,0.0,1.0,0.0,0.0
5580,Normal,Normal,0.0,0.0,0.0,1.0,0.0
5581,DoS/DDoS,DoS/DDoS,0.0,0.0,0.9982152136869078,0.001784786313092262,0.0
5582,DoS/DDoS,DoS/DDoS,0.0,0.0,1.0,0.0,0.0
5583,DoS/DDoS,DoS/DDoS,0.0,0.0,1.0,0.0,0.0
5584,Normal,Normal,0.0,0.0,0.0,1.0,0.0
5585,DoS/DDoS,DoS/DDoS,0.0,0.0,1.0,0.0,0.0
5586,Normal,Normal,0.0,0.006559959113506482,0.0,0.9934400408864935,0.0
5587,Normal,Normal,0.0,0.0,0.0,1.0,0.0
5588,Brute Force,Brute Force,0.0,1.0,0.0,0.0,0.0
5589,DoS/DDoS,DoS/DDoS,0.0,0.0,1.0,0.0,0.0
5590,Normal,Normal,0.0,0.0,0.0,1.0,0.0
5591,Normal,Normal,0.0,0.0,0.05,0.95,0.0
5592,Normal,Normal,0.0,0.007982603918024566,3.805712667943282e-05,0.986326347358261,0.005652991597034992
5593,Normal,Normal,0.0,0.0,0.0,1.0,0.0
5594,Normal,Normal,0.0,0.0,0.0,1.0,0.0
5595,Normal,Normal,0.0,0.0,0.0,1.0,0.0
5596,Normal,Normal,0.0,0.0,0.0,1.0,0.0
5597,DoS/DDoS,DoS/DDoS,0.0,0.0,0.9999578253126014,4.217468739862318e-05,0.0
5598,Normal,Normal,0.0,0.0,0.0,1.0,0.0
5599,Normal,Normal,0.0,0.0,0.0,1.0,0.0
5600,Normal,Normal,0.0,0.0,0.0,1.0,0.0
5601,Normal,Normal,0.0,0.0,0.01,0.99,0.0
5602,DoS/DDoS,DoS/DDoS,0.0,0.0,1.0,0.0,0.0
5603,Brute Force,Brute Force,0.0,1.0,0.0,0.0,0.0
5604,Normal,Normal,0.0,0.003051759245509436,0.09816105978026289,0.8823031893810345,0.016483991593193057
5605,Brute Force,Brute Force,0.0,0.9999957572263637,4.242773636295104e-06,0.0,0.0
5606,DoS/DDoS,DoS/DDoS,0.0,0.0,1.0,0.0,0.0
5607,DoS/DDoS,DoS/DDoS,0.0,0.0,1.0,0.0,0.0
5608,Normal,Normal,0.0,0.0,0.0,1.0,0.0
5609,Normal,Normal,0.04438314145168986,0.0,0.002183770110686002,0.9534330884376243,0.0
5610,DoS/DDoS,DoS/DDoS,0.0,0.0,0.9980348010042774,0.001965198995722525,0.0
5611,Brute Force,Brute Force,0.0,1.0,0.0,0.0,0.0
5612,DoS/DDoS,DoS/DDoS,0.0,0.0,1.0,0.0,0.0
5613,Normal,Normal,0.0,0.0,0.0,1.0,0.0
5614,Brute Force,Brute Force,0.0,1.0,0.0,0.0,0.0
5615,Normal,Normal,0.0,0.0,0.0,1.0,0.0
5616,Brute Force,Brute Force,0.0,0.9999957572263637,4.242773636295104e-06,0.0,0.0
5617,Brute Force,Brute Force,0.0,0.996541732872231,0.0,0.0034582671277689505,0.0
5618,Brute Force,Brute Force,0.0,1.0,0.0,0.0,0.0
5619,DoS/DDoS,DoS/DDoS,0.0,0.0,1.0,0.0,0.0
5620,Normal,Normal,0.0,0.0,0.0,1.0,0.0
5621,DoS/DDoS,DoS/DDoS,0.0,0.0,1.0,0.0,0.0
5622,Normal,Normal,0.0,0.0005844643463966065,0.007068163534279503,0.9886515864960792,0.0036957856232448416
5623,DoS/DDoS,DoS/DDoS,0.0,0.006537295330503335,0.99,0.0034627046694966647,0.0
5624,Brute Force,Web Attack,0.0,0.11505939268220457,3.7583605044024734e-06,0.0009713517259266872,0.8839654972313643
5625,DoS/DDoS,DoS/DDoS,0.0,0.0,1.0,0.0,0.0
5626,Normal,Normal,0.0,0.0,0.0,1.0,0.0
5627,DoS/DDoS,DoS/DDoS,0.0,0.0,1.0,0.0,0.0
5628,Normal,Normal,0.0,0.0,0.0,1.0,0.0
5629,DoS/DDoS,DoS/DDoS,0.0,0.0,1.0,0.0,0.0
5630,DoS/DDoS,DoS/DDoS,0.0,0.0,1.0,0.0,0.0
5631,Normal,Normal,0.0,0.0,0.19898526675263056,0.8010147332473694,0.0
5632,DoS/DDoS,DoS/DDoS,0.0,0.0,1.0,0.0,0.0
5633,Brute Force,Brute Force,0.0,1.0,0.0,0.0,0.0
5634,DoS/DDoS,DoS/DDoS,0.0,0.003771855165849852,0.8924496032678639,0.09483556839940689,0.008942973166879113
5635,DoS/DDoS,DoS/DDoS,0.0,0.0,1.0,0.0,0.0
5636,DoS/DDoS,DoS/DDoS,0.0,0.0,1.0,0.0,0.0
5637,Brute Force,Brute Force,0.0,1.0,0.0,0.0,0.0
5638,Normal,Normal,0.0,0.0,0.0,1.0,0.0
5639,Normal,Normal,0.0,0.0,0.02,0.98,0.0
5640,Normal,Normal,0.0,0.0,0.0,1.0,0.0
5641,Brute Force,Brute Force,0.0,1.0,0.0,0.0,0.0
5642,DoS/DDoS,DoS/DDoS,0.0,0.0,1.0,0.0,0.0
5643,DoS/DDoS,DoS/DDoS,0.0,0.0,1.0,0.0,0.0
5644,Normal,Normal,0.0,0.0,0.0,1.0,0.0
5645,Normal,Normal,0.0,0.0,0.0,1.0,0.0
5646,Brute Force,Brute Force,0.0,1.0,0.0,0.0,0.0
5647,DoS/DDoS,DoS/DDoS,0.0,0.0,1.0,0.0,0.0
5648,Brute Force,Web Attack,0.0,0.27913222595543696,7.031744054494311e-06,0.0008669875770422555,0.7199937547234666
5649,Brute Force,Brute Force,0.0,1.0,0.0,0.0,0.0
5650,Normal,Normal,0.0,0.00032370910855309044,0.0032050354893381895,0.9914004913368913,0.005070764065217382
5651,Brute Force,Brute Force,0.0,1.0,0.0,0.0,0.0
5652,Brute Force,Brute Force,0.0,1.0,0.0,0.0,0.0
5653,DoS/DDoS,DoS/DDoS,0.0,0.013012387951845032,0.7037238655846291,0.2832637464635259,0.0
5654,DoS/DDoS,DoS/DDoS,0.0,0.0,1.0,0.0,0.0
5655,Normal,Normal,0.0,0.0,0.0,1.0,0.0
5656,Normal,Normal,0.0,0.0,0.0,1.0,0.0
5657,DoS/DDoS,DoS/DDoS,0.0,0.0,1.0,0.0,0.0
5658,Normal,Normal,0.012549567474939,0.01388846836693821,0.031217912240983026,0.9423440519171398,0.0
5659,Normal,Normal,0.0,0.0,0.0,1.0,0.0
5660,DoS/DDoS,DoS/DDoS,0.0,0.0,1.0,0.0,0.0
5661,Normal,Normal,0.0,0.0,0.0,1.0,0.0
5662,Normal,Normal,0.0,0.0,0.0,1.0,0.0
5663,DoS/DDoS,DoS/DDoS,0.0,0.0,1.0,0.0,0.0
5664,Normal,Normal,0.0,0.0,0.0,1.0,0.0
5665,DoS/DDoS,DoS/DDoS,0.0,0.0,1.0,0.0,0.0
5666,DoS/DDoS,DoS/DDoS,0.0,0.0,1.0,0.0,0.0
5667,Normal,Normal,0.0,0.0,0.0,1.0,0.0
5668,Normal,Normal,0.0,0.0,0.0,1.0,0.0
5669,DoS/DDoS,DoS/DDoS,0.0,0.0,1.0,0.0,0.0
5670,Normal,Normal,0.0,0.0,0.1205113152451386,0.8794886847548612,0.0
5671,Normal,Normal,0.0,0.009481378790748327,3.805712667943282e-05,0.9865980739676214,0.0038824901149506984
5672,DoS/DDoS,DoS/DDoS,0.0,0.0,1.0,0.0,0.0
5673,DoS/DDoS,DoS/DDoS,0.0,0.0,1.0,0.0,0.0
5674,DoS/DDoS,DoS/DDoS,0.0,0.0,1.0,0.0,0.0
5675,DoS/DDoS,DoS/DDoS,0.0,0.0,0.9998464559900256,0.0001535440099744956,0.0
5676,DoS/DDoS,DoS/DDoS,0.0,0.0,1.0,0.0,0.0
5677,Normal,Normal,0.0,0.0,0.0,1.0,0.0
5678,Normal,Normal,0.34066806332457966,0.0,3.609984471090802e-05,0.6592958368307094,0.0
5679,Brute Force,Brute Force,0.0,1.0,0.0,0.0,0.0
5680,DoS/DDoS,DoS/DDoS,0.0,0.0,1.0,0.0,0.0
5681,Normal,Normal,0.0,0.012404373332175832,3.805712667943282e-05,0.9805845957080562,0.006972973833088519
5682,Bot,Bot,1.0,0.0,0.0,0.0,0.0
5683,DoS/DDoS,DoS/DDoS,0.0,0.0,1.0,0.0,0.0
5684,Normal,Normal,0.0,0.0,0.0,1.0,0.0
5685,Normal,Normal,0.0,0.0,0.0,1.0,0.0
5686,Brute Force,Web Attack,0.0,0.3428541607316247,7.031744054494311e-06,0.0008789576336221204,0.6562598498906985
5687,DoS/DDoS,DoS/DDoS,0.0,0.0,1.0,0.0,0.0
5688,Normal,Normal,0.0,0.0,0.0,1.0,0.0
5689,DoS/DDoS,DoS/DDoS,0.0,0.0,1.0,0.0,0.0
5690,Normal,Normal,0.0,0.0,0.0003700718176147568,0.9996299281823852,0.0
5691,Brute Force,Brute Force,0.0,0.9999957572263637,4.242773636295104e-06,0.0,0.0
5692,Normal,Normal,0.09426364317444336,0.0,1.3606354482045735e-05,0.9057227504710745,0.0
5693,DoS/DDoS,DoS/DDoS,0.0,0.0,1.0,0.0,0.0
5694,Normal,Normal,0.00015931446215744114,0.05111831576960579,3.805712667943282e-05,0.8672638209915362,0.08142049165002119
5695,DoS/DDoS,DoS/DDoS,0.0,0.0,1.0,0.0,0.0
5696,DoS/DDoS,DoS/DDoS,0.0,0.0,1.0,0.0,0.0
5697,Normal,Normal,0.0,0.0,0.0,1.0,0.0
5698,DoS/DDoS,DoS/DDoS,0.0,0.0,1.0,0.0,0.0
5699,Normal,Normal,0.0,0.001230035756853397,0.0,0.99,0.008769964243146603
5700,Brute Force,Brute Force,0.0,0.9143219390363336,0.0002594488337276811,0.03637779847723622,0.049040813652702436
5701,DoS/DDoS,DoS/DDoS,0.0,0.0,1.0,0.0,0.0
5702,Normal,Normal,0.0,0.0,0.004994102719897066,0.995005897280103,0.0
5703,Brute Force,Brute Force,0.0,1.0,0.0,0.0,0.0
5704,Normal,Normal,0.0,0.0,0.0,1.0,0.0
5705,Normal,Normal,0.0,0.0,0.0,1.0,0.0
5706,Normal,Normal,0.0,0.0,0.0,1.0,0.0
5707,Brute Force,Brute Force,0.0,1.0,0.0,0.0,0.0
5708,DoS/DDoS,DoS/DDoS,0.0,0.0,1.0,0.0,0.0
5709,Brute Force,Brute Force,0.0,1.0,0.0,0.0,0.0
5710,Normal,Normal,0.0,0.0,0.0,1.0,0.0
5711,Brute Force,Brute Force,0.0,0.9982756359740282,0.0,0.0017243640259717022,0.0
5712,DoS/DDoS,DoS/DDoS,0.0,0.0,1.0,0.0,0.0
5713,DoS/DDoS,DoS/DDoS,0.0,0.0,1.0,0.0,0.0
5714,Normal,Normal,0.0,0.0,0.0,1.0,0.0
5715,Normal,Normal,0.0,0.0,0.0,1.0,0.0
5716,DoS/DDoS,DoS/DDoS,0.0,0.0,1.0,0.0,0.0
5717,DoS/DDoS,DoS/DDoS,0.0,0.0,1.0,0.0,0.0
5718,DoS/DDoS,DoS/DDoS,0.0,0.0,1.0,0.0,0.0
5719,DoS/DDoS,DoS/DDoS,0.0,0.0,0.9999578253126014,4.217468739862318e-05,0.0
5720,Normal,Normal,0.0,0.0,0.0,1.0,0.0
5721,Normal,Normal,0.0,0.0,0.0074981249330333235,0.9925018750669667,0.0
5722,DoS/DDoS,DoS/DDoS,0.0,0.0,1.0,0.0,0.0
5723,Normal,Normal,0.0,0.0,0.0,1.0,0.0
5724,Normal,Normal,0.0,0.0,0.03333841899494613,0.9666615810050538,0.0
5725,Normal,Normal,0.0,0.01713646181197559,3.805712667943282e-05,0.9655181897782333,0.017307291283111564
5726,Bot,Bot,0.9769200769362123,0.0,6.511844699291775e-05,0.023014804616794615,0.0
5727,Brute Force,Brute Force,0.0,1.0,0.0,0.0,0.0
5728,Normal,Normal,0.0,0.0,0.0,1.0,0.0
5729,DoS/DDoS,DoS/DDoS,0.0,0.0,1.0,0.0,0.0
5730,Normal,Normal,0.0,0.0,0.0,1.0,0.0
5731,Brute Force,Brute Force,0.0,1.0,0.0,0.0,0.0
5732,Normal,Normal,0.0,0.0,0.01,0.99,0.0
5733,DoS/DDoS,DoS/DDoS,0.0,0.0,1.0,0.0,0.0
5734,DoS/DDoS,DoS/DDoS,0.0,0.0,0.9998543238170151,0.00014567618298485063,0.0
5735,Brute Force,Brute Force,0.0,1.0,0.0,0.0,0.0
5736,Bot,Bot,1.0,0.0,0.0,0.0,0.0
5737,Brute Force,Brute Force,0.0,1.0,0.0,0.0,0.0
5738,Normal,Normal,0.0,0.0038513271409277576,0.0,0.9961486728590723,0.0
5739,Normal,Normal,0.0,0.01,0.0,0.99,0.0
5740,DoS/DDoS,DoS/DDoS,0.0,0.0,1.0,0.0,0.0
5741,Normal,Normal,0.0,0.0,0.0,1.0,0.0
5742,Brute Force,Brute Force,0.0,0.9999957572263637,4.242773636295104e-06,0.0,0.0
5743,Normal,Normal,0.24591393233846134,0.0,1.9448812743237454e-05,0.7540666188487954,0.0
5744,Normal,Normal,0.0,0.01,0.0,0.99,0.0
5745,Normal,Normal,0.0,0.0,0.0,1.0,0.0
5746,DoS/DDoS,DoS/DDoS,0.0,0.0036969207005309855,0.9288955511806947,0.0406590240204186,0.026748504098355642
5747,Brute Force,Brute Force,0.0,1.0,0.0,0.0,0.0
5748,Normal,Normal,0.0,0.01713646181197559,3.805712667943282e-05,0.9655181897782333,0.017307291283111564
5749,Normal,Normal,0.0,0.0,0.0,1.0,0.0
5750,Brute Force,Brute Force,0.0,1.0,0.0,0.0,0.0
5751,Normal,Normal,0.0,0.0,0.0,1.0,0.0
5752,Normal,Normal,0.00919341243597225,0.0,0.0124910480466036,0.9783155395174242,0.0
5753,Normal,Normal,0.0,0.0,0.0,1.0,0.0
5754,DoS/DDoS,DoS/DDoS,0.0,0.0,1.0,0.0,0.0
5755,Normal,Normal,0.0,0.06762780022906971,0.02319383183026253,0.9005749138833337,0.008603454057334233
5756,Normal,Normal,0.0,0.006505879085269882,0.07641075301390869,0.9085183207829657,0.00856504711785583
5757,DoS/DDoS,DoS/DDoS,0.0,0.0006831426335049337,0.9862237842891622,0.013093073077332979,0.0
5758,DoS/DDoS,DoS/DDoS,0.0,0.0,0.9972933254075229,0.002706674592477048,0.0
5759,Normal,Normal,0.0,0.0,0.0,1.0,0.0
5760,Brute Force,Brute Force,0.0,0.9979239659196355,0.0,0.0020760340803644235,0.0
5761,DoS/DDoS,DoS/DDoS,0.0,0.0,1.0,0.0,0.0
5762,Brute Force,Brute Force,0.0,1.0,0.0,0.0,0.0
5763,DoS/DDoS,DoS/DDoS,0.0,0.0,1.0,0.0,0.0
5764,Brute Force,Web Attack,0.0,0.10864677999828365,3.7583605044024734e-06,0.0006985773754304222,0.8906508842657814
5765,DoS/DDoS,DoS/DDoS,0.0,0.0,1.0,0.0,0.0
5766,Normal,Normal,0.0,0.0,0.0,1.0,0.0
5767,Normal,Normal,0.0,0.0,0.01,0.99,0.0
5768,Normal,Normal,0.0,0.0,0.0,1.0,0.0
5769,Normal,Normal,0.0,0.0,0.008341969864694883,0.9916580301353051,0.0
5770,DoS/DDoS,DoS/DDoS,0.0,0.0,1.0,0.0,0.0
5771,Normal,Normal,0.0,0.0,0.0,1.0,0.0
5772,Normal,Normal,0.0,0.0760706486841064,0.023520596481274948,0.8918053007772845,0.008603454057334233
5773,Normal,Normal,0.0,0.0,0.0,1.0,0.0
5774,Normal,Normal,0.0,0.0,0.0,1.0,0.0
5775,Normal,Normal,0.0,0.0,0.0,1.0,0.0
5776,DoS/DDoS,DoS/DDoS,0.0,0.0,1.0,0.0,0.0
5777,Brute Force,Brute Force,0.0,0.9999957572263637,4.242773636295104e-06,0.0,0.0
5778,Brute Force,Brute Force,0.0,1.0,0.0,0.0,0.0
5779,Brute Force,Brute Force,0.0,0.9999957572263637,4.242773636295104e-06,0.0,0.0
5780,Normal,Normal,0.0,0.0,0.0,1.0,0.0
5781,Normal,Normal,0.0,0.0,0.0,1.0,0.0
5782,Normal,Normal,0.0,0.0,0.0,1.0,0.0
5783,Normal,Normal,0.0,0.0,0.0,1.0,0.0
5784,DoS/DDoS,DoS/DDoS,0.0,0.0,1.0,0.0,0.0
5785,Brute Force,Brute Force,0.0,1.0,0.0,0.0,0.0
5786,Normal,Normal,0.0,0.0,0.0,1.0,0.0
5787,Brute Force,Brute Force,0.0,1.0,0.0,0.0,0.0
5788,Brute Force,Brute Force,0.0,1.0,0.0,0.0,0.0
5789,DoS/DDoS,DoS/DDoS,0.0,0.0,1.0,0.0,0.0
5790,DoS/DDoS,DoS/DDoS,0.0,0.0,1.0,0.0,0.0
5791,DoS/DDoS,DoS/DDoS,0.0,0.0,1.0,0.0,0.0
5792,Normal,Normal,0.0,0.0,0.0,1.0,0.0
5793,DoS/DDoS,DoS/DDoS,0.0,0.0,0.9998464559900256,0.0001535440099744956,0.0
5794,DoS/DDoS,DoS/DDoS,0.0,0.0,1.0,0.0,0.0
5795,DoS/DDoS,DoS/DDoS,0.0,0.0,1.0,0.0,0.0
5796,DoS/DDoS,DoS/DDoS,0.0,0.0,1.0,0.0,0.0
5797,Normal,Normal,0.0,0.0,0.0,1.0,0.0
5798,Normal,Normal,0.0,0.0,0.0,1.0,0.0
5799,DoS/DDoS,DoS/DDoS,0.0,0.0,1.0,0.0,0.0
5800,DoS/DDoS,DoS/DDoS,0.0,0.0,1.0,0.0,0.0
5801,DoS/DDoS,DoS/DDoS,0.0,0.0,1.0,0.0,0.0
5802,DoS/DDoS,DoS/DDoS,0.0,0.0,0.9924713470276724,0.007528652972327489,0.0
5803,Bot,Bot,0.9978744341398951,0.0,0.0,0.0021255658601049593,0.0
5804,DoS/DDoS,DoS/DDoS,0.0,0.0,1.0,0.0,0.0
5805,DoS/DDoS,DoS/DDoS,0.0,0.0,1.0,0.0,0.0
5806,Brute Force,Brute Force,0.0,0.9999957572263637,4.242773636295104e-06,0.0,0.0
5807,Normal,Normal,0.0,0.0,0.0,1.0,0.0
5808,Normal,Normal,0.0,0.0,0.020704047550767095,0.979295952449233,0.0
5809,DoS/DDoS,DoS/DDoS,0.0,0.0,1.0,0.0,0.0
5810,Normal,Normal,0.0,0.0,1.9051442161899594e-05,0.9999809485578381,0.0
5811,DoS/DDoS,DoS/DDoS,0.0,0.0,1.0,0.0,0.0
5812,Normal,Normal,0.0,0.0,0.005014966859097712,0.9949850331409023,0.0
5813,Normal,Normal,0.0,0.0,0.0,1.0,0.0
5814,Normal,Normal,0.0,0.0,0.0,1.0,0.0
5815,Normal,Normal,0.0,0.0,0.0,1.0,0.0
5816,DoS/DDoS,DoS/DDoS,0.0,0.0,1.0,0.0,0.0
5817,Normal,Normal,0.0,0.0,0.0,1.0,0.0
5818,DoS/DDoS,DoS/DDoS,0.0,0.0,1.0,0.0,0.0
5819,DoS/DDoS,DoS/DDoS,0.0,0.0,1.0,0.0,0.0
5820,Normal,Normal,0.0,0.0,0.0,1.0,0.0
5821,Bot,Bot,1.0,0.0,0.0,0.0,0.0
5822,DoS/DDoS,DoS/DDoS,0.0,0.0,1.0,0.0,0.0
5823,Bot,Bot,0.9757093931623662,0.0,5.176293157457111e-05,0.024238843906058904,0.0
5824,Normal,Normal,0.0,0.0,0.0,1.0,0.0
5825,DoS/DDoS,DoS/DDoS,0.0,0.0,0.9758458065546727,0.024154193445327474,0.0
5826,Normal,Normal,0.0,0.0,0.0,1.0,0.0
5827,DoS/DDoS,DoS/DDoS,0.0,0.0,1.0,0.0,0.0
5828,DoS/DDoS,DoS/DDoS,0.0,0.0,1.0,0.0,0.0
5829,DoS/DDoS,DoS/DDoS,0.0,0.0,1.0,0.0,0.0
5830,Normal,Normal,0.0,0.0,0.0,1.0,0.0
5831,Bot,Bot,0.8367931444532782,0.0,0.0001670730468648873,0.16303978249985654,0.0
5832,Normal,Normal,0.0,0.0,0.0,1.0,0.0
5833,Brute Force,Brute Force,0.0,1.0,0.0,0.0,0.0
5834,Normal,Normal,0.16951093071959666,0.0,1.908240479340659e-06,0.8304871610399239,0.0
5835,Brute Force,Brute Force,0.0,1.0,0.0,0.0,0.0
5836,DoS/DDoS,DoS/DDoS,0.0,0.0,0.9999456879835311,5.4312016468903834e-05,0.0
5837,DoS/DDoS,DoS/DDoS,0.0,0.0,1.0,0.0,0.0
5838,Normal,Normal,0.0,0.0,0.0,1.0,0.0
5839,Normal,Normal,0.0,0.0,0.0,1.0,0.0
5840,DoS/DDoS,DoS/DDoS,0.0,0.0,1.0,0.0,0.0
5841,Normal,Normal,0.0,0.0040001741380593335,0.04535634643848119,0.9123238630059677,0.03831961641749179
5842,Normal,Normal,0.0,0.0,0.0,1.0,0.0
5843,Brute Force,Brute Force,0.0,1.0,0.0,0.0,0.0
5844,DoS/DDoS,DoS/DDoS,0.0,0.0,0.944679535300455,0.05532046469954495,0.0
5845,Normal,Normal,0.0,0.0,0.0,1.0,0.0
5846,DoS/DDoS,DoS/DDoS,0.0,0.0,1.0,0.0,0.0
5847,DoS/DDoS,DoS/DDoS,0.0,0.0,1.0,0.0,0.0
5848,DoS/DDoS,DoS/DDoS,0.0,0.0,1.0,0.0,0.0
5849,Normal,Normal,0.0,0.01,0.015057634332328429,0.9749423656676716,0.0
5850,DoS/DDoS,DoS/DDoS,0.0,0.0,1.0,0.0,0.0
5851,Normal,Normal,0.0,0.0,0.014999465678766075,0.9850005343212339,0.0
5852,DoS/DDoS,DoS/DDoS,0.0,0.0,1.0,0.0,0.0
5853,Normal,Normal,0.0,0.0,0.0,1.0,0.0
5854,Normal,Normal,0.0,0.0,0.0,1.0,0.0
5855,DoS/DDoS,DoS/DDoS,0.0,0.0,1.0,0.0,0.0
5856,Normal,Normal,0.0,0.0,0.0,1.0,0.0
5857,DoS/DDoS,DoS/DDoS,0.0,0.0,1.0,0.0,0.0
5858,Normal,Normal,0.0,0.0,0.0,1.0,0.0
5859,Brute Force,Brute Force,0.0,1.0,0.0,0.0,0.0
5860,Normal,Normal,0.0,0.0,0.0,1.0,0.0
5861,Normal,Normal,0.0,0.0,0.0,1.0,0.0
5862,DoS/DDoS,DoS/DDoS,0.0,0.0,1.0,0.0,0.0
5863,Normal,Normal,0.0,0.0,0.0,1.0,0.0
5864,DoS/DDoS,DoS/DDoS,0.0,0.0,1.0,0.0,0.0
5865,DoS/DDoS,DoS/DDoS,0.0,0.0,1.0,0.0,0.0
5866,Normal,Normal,0.2666803872927929,0.0,1.9448812743237454e-05,0.7333001638944637,0.0
5867,DoS/DDoS,DoS/DDoS,0.0,0.0,1.0,0.0,0.0
5868,Normal,Normal,0.0,0.0,0.0,1.0,0.0
5869,Brute Force,Brute Force,0.0,0.9999957572263637,4.242773636295104e-06,0.0,0.0
5870,Normal,Normal,0.0,0.0,0.0,1.0,0.0
5871,Brute Force,Brute Force,0.0,1.0,0.0,0.0,0.0
5872,DoS/DDoS,DoS/DDoS,0.0,0.0,1.0,0.0,0.0
5873,DoS/DDoS,DoS/DDoS,0.0,0.0,1.0,0.0,0.0
5874,Normal,Normal,0.0,0.09961021599845597,0.02593187403431482,0.8683905248767868,0.006067385090442272
5875,Normal,Normal,0.0,0.0,0.0,1.0,0.0
5876,Normal,Normal,0.0,0.0,0.0,1.0,0.0
5877,Normal,Normal,0.0,0.0,0.02,0.98,0.0
5878,Brute Force,Web Attack,0.0,0.24695156249694644,3.7583605044024734e-06,0.0008085220484336851,0.7522361570941156
5879,Normal,Normal,0.0,0.00648990953375087,0.0,0.993510090466249,0.0
5880,Normal,Normal,0.0,0.004903829432019755,0.0033460393091125666,0.9917501312588677,0.0
5881,Normal,Normal,0.00909894791196024,0.0,0.0,0.9909010520880398,0.0
5882,DoS/DDoS,DoS/DDoS,0.0,0.0,1.0,0.0,0.0
5883,Normal,Normal,0.0,0.0,0.005014966859097712,0.9949850331409023,0.0
5884,Normal,Normal,0.0,0.0150114297746957,0.03481507770479351,0.9501734925205108,0.0
5885,Normal,Normal,0.25533802013410273,0.0,1.9448812743237454e-05,0.7446425310531538,0.0
5886,Normal,Normal,0.0,0.0,0.0,1.0,0.0
5887,Normal,Normal,0.0,0.04080286616559856,0.00013457106561963117,0.9437188920842003,0.015343670684581541
5888,DoS/DDoS,DoS/DDoS,0.0,0.0,1.0,0.0,0.0
5889,Normal,Normal,0.0,0.0,0.0,1.0,0.0
5890,Normal,Normal,0.0,0.0,0.02,0.98,0.0
5891,Bot,Bot,0.9745763167296375,0.0,5.176293157457111e-05,0.025371920338787657,0.0
5892,DoS/DDoS,DoS/DDoS,0.0,0.0,1.0,0.0,0.0
5893,DoS/DDoS,DoS/DDoS,0.0,0.0,1.0,0.0,0.0
5894,DoS/DDoS,DoS/DDoS,0.0,0.0,0.9997942965588688,0.00020570344113124352,0.0
5895,DoS/DDoS,DoS/DDoS,0.0,0.0,0.9999878626709298,1.213732907028066e-05,0.0
5896,DoS/DDoS,DoS/DDoS,0.0,0.0,1.0,0.0,0.0
5897,DoS/DDoS,DoS/DDoS,0.0,0.0,1.0,0.0,0.0
5898,Brute Force,Web Attack,0.0,0.4662786574228004,7.031744054494311e-06,0.0011159857600180748,0.5325983250731271
5899,Brute Force,Brute Force,0.0,0.9999957572263637,4.242773636295104e-06,0.0,0.0
5900,Normal,Normal,0.0,0.0,0.0,1.0,0.0
5901,Normal,Normal,0.0,0.0,0.0,1.0,0.0
5902,DoS/DDoS,DoS/DDoS,0.0,0.0,0.9999578253126014,4.217468739862318e-05,0.0
5903,DoS/DDoS,DoS/DDoS,0.0,0.0,0.9989013979229091,0.0010986020770908916,0.0
5904,Normal,Normal,0.0,0.0,0.0,1.0,0.0
5905,Brute Force,Brute Force,0.0,1.0,0.0,0.0,0.0
5906,Normal,Normal,0.0,0.0,0.0,1.0,0.0
5907,DoS/DDoS,DoS/DDoS,0.0,0.0,1.0,0.0,0.0
5908,Normal,Normal,0.0,0.0,0.0,1.0,0.0
5909,Bot,Bot,1.0,0.0,0.0,0.0,0.0
5910,Normal,Normal,0.0,0.0,0.0,1.0,0.0
5911,DoS/DDoS,DoS/DDoS,0.0,0.0,1.0,0.0,0.0
5912,DoS/DDoS,DoS/DDoS,0.0,0.0,1.0,0.0,0.0
5913,Normal,Normal,0.0,0.0,0.0,1.0,0.0
5914,Normal,Normal,0.0,0.0,0.0,1.0,0.0
5915,Brute Force,Web Attack,0.0,0.25026879500038945,7.031744054494311e-06,0.0007967054667357337,0.7489274677888202
5916,DoS/DDoS,DoS/DDoS,0.0,0.0,1.0,0.0,0.0
5917,Normal,Normal,0.0,0.0,0.0,1.0,0.0
5918,Bot,Bot,0.9969689657937593,0.0,2.6673565380087433e-06,0.003028366849702596,0.0
5919,DoS/DDoS,DoS/DDoS,0.0,0.0,1.0,0.0,0.0
5920,Normal,Normal,0.0,0.0,0.0,1.0,0.0
5921,Normal,Normal,0.0,0.0,0.0,1.0,0.0
5922,Web Attack,Brute Force,0.0,0.7709627444792639,0.00010758034535900212,0.0014842434053357872,0.22744543177004126
5923,Brute Force,Brute Force,0.0,0.9999957572263637,4.242773636295104e-06,0.0,0.0
5924,DoS/DDoS,DoS/DDoS,0.0,0.0,1.0,0.0,0.0
5925,DoS/DDoS,DoS/DDoS,0.0,0.0,1.0,0.0,0.0
5926,Normal,Normal,0.0,0.0,0.0,1.0,0.0
5927,DoS/DDoS,DoS/DDoS,0.0,0.0,1.0,0.0,0.0
5928,Brute Force,Brute Force,0.0,1.0,0.0,0.0,0.0
5929,Bot,Bot,0.99,0.0,0.0,0.01,0.0
5930,DoS/DDoS,DoS/DDoS,0.0,0.0,1.0,0.0,0.0
5931,DoS/DDoS,DoS/DDoS,0.0,0.0,1.0,0.0,0.0
5932,Normal,Normal,0.0,0.0,0.0,1.0,0.0
5933,Brute Force,Brute Force,0.0,1.0,0.0,0.0,0.0
5934,Normal,Normal,0.0,0.0,0.0,1.0,0.0
5935,DoS/DDoS,DoS/DDoS,0.0,0.0,1.0,0.0,0.0
5936,DoS/DDoS,DoS/DDoS,0.0,0.0,1.0,0.0,0.0
5937,DoS/DDoS,DoS/DDoS,0.0,0.0,1.0,0.0,0.0
5938,Normal,Normal,0.0,0.0,0.0,1.0,0.0
5939,Normal,Normal,0.20195637667258898,0.0,2.1317506076340556e-05,0.7980223058213346,0.0
5940,DoS/DDoS,DoS/DDoS,0.0,0.0,0.9998464559900256,0.0001535440099744956,0.0
5941,Normal,Normal,0.0,0.0,1.9051442161899594e-05,0.9999809485578381,0.0
5942,Normal,Normal,0.0,0.0,0.0,1.0,0.0
5943,Brute Force,Brute Force,0.0,1.0,0.0,0.0,0.0
5944,DoS/DDoS,DoS/DDoS,0.0,0.0,1.0,0.0,0.0
5945,Web Attack,Web Attack,0.0,0.424204400875532,5.080590898272907e-05,0.002537813422616819,0.5732069797928682
5946,DoS/DDoS,DoS/DDoS,0.0,0.0,1.0,0.0,0.0
5947,Normal,Normal,0.13090997084069858,0.0,0.04500778961002282,0.8240822395492786,0.0
5948,Brute Force,Brute Force,0.0,1.0,0.0,0.0,0.0
5949,DoS/DDoS,DoS/DDoS,0.0,0.0,1.0,0.0,0.0
5950,Normal,Normal,0.0,0.009718760681047111,0.018198850111142882,0.9634789351504758,0.008603454057334233
5951,Brute Force,Brute Force,0.0,0.9999957572263637,4.242773636295104e-06,0.0,0.0
5952,Brute Force,Brute Force,0.0,1.0,0.0,0.0,0.0
5953,DoS/DDoS,DoS/DDoS,0.0,0.0,1.0,0.0,0.0
5954,Normal,Normal,0.0,0.0,0.0,1.0,0.0
5955,Normal,Normal,0.0,0.0,0.0,1.0,0.0
5956,Normal,Normal,0.0,0.0,0.0,1.0,0.0
5957,Normal,Normal,0.0,0.0,0.0,1.0,0.0
5958,Normal,Normal,0.0,0.03374546974572973,0.028556065555873266,0.8790767177853164,0.05862174691308056
5959,Brute Force,Brute Force,0.0,0.5330249038512263,0.3037189834163607,0.08022022422918107,0.08303588850323194
5960,Normal,Normal,0.0,0.0,0.0,1.0,0.0
5961,Normal,Normal,0.0,0.0,0.0,1.0,0.0
5962,Normal,Normal,0.0,0.0,0.0,1.0,0.0
5963,Normal,Normal,0.0,0.008517963465510956,0.0,0.9914820365344891,0.0
5964,Normal,Normal,0.0,0.0,0.00248395378690629,0.9975160462130936,0.0
5965,Normal,Normal,0.0,0.006564956509605098,0.0,0.9934350434903949,0.0
5966,Brute Force,Brute Force,0.0,1.0,0.0,0.0,0.0
5967,Brute Force,Brute Force,0.0,0.9999957572263637,4.242773636295104e-06,0.0,0.0
5968,DoS/DDoS,DoS/DDoS,0.0,0.0,1.0,0.0,0.0
5969,DoS/DDoS,DoS/DDoS,0.0,0.0,1.0,0.0,0.0
5970,DoS/DDoS,DoS/DDoS,0.0,0.0,1.0,0.0,0.0
5971,Brute Force,Brute Force,0.0,1.0,0.0,0.0,0.0
5972,Normal,Normal,0.0,0.018319057298558386,3.805712667943282e-05,0.9643355942916506,0.017307291283111564
5973,Brute Force,Brute Force,0.0,0.9999957572263637,4.242773636295104e-06,0.0,0.0
5974,Normal,Normal,0.0,0.0,0.0,1.0,0.0
5975,DoS/DDoS,DoS/DDoS,0.0,0.0,1.0,0.0,0.0
5976,Normal,Normal,0.0,0.0,0.0,1.0,0.0
5977,Normal,Normal,0.0,0.0038672295339789746,0.31818726874171,0.6779455017243109,0.0
5978,Bot,Bot,0.9836609535602396,0.0,0.0,0.016339046439760287,0.0
5979,DoS/DDoS,DoS/DDoS,0.0,0.0,1.0,0.0,0.0
5980,Normal,Normal,0.0,0.0,0.0,1.0,0.0
5981,DoS/DDoS,DoS/DDoS,0.0,0.0,1.0,0.0,0.0
5982,Brute Force,Brute Force,0.0,1.0,0.0,0.0,0.0
5983,Normal,Normal,0.0,0.0,0.0,1.0,0.0
5984,Normal,Normal,0.0,0.0,0.0,1.0,0.0
5985,DoS/DDoS,DoS/DDoS,0.0,0.0,1.0,0.0,0.0
5986,Normal,Normal,0.029536257468766976,0.0,0.0,0.970463742531233,0.0
5987,DoS/DDoS,DoS/DDoS,0.0,0.0,1.0,0.0,0.0
5988,DoS/DDoS,DoS/DDoS,0.0,0.0,1.0,0.0,0.0
5989,DoS/DDoS,DoS/DDoS,0.0,0.0,1.0,0.0,0.0
5990,DoS/DDoS,DoS/DDoS,0.0,0.0,1.0,0.0,0.0
5991,Normal,Normal,0.014222178813692097,0.003112419453541735,0.0,0.9702776312038088,0.012387770528957337
5992,Brute Force,Brute Force,0.0,1.0,0.0,0.0,0.0
5993,DoS/DDoS,DoS/DDoS,0.0,0.0,1.0,0.0,0.0
5994,Bot,Bot,0.9918920770748632,0.0,2.6673565380087433e-06,0.008105255568598924,0.0
5995,Normal,Normal,0.0,0.0,0.0,1.0,0.0
5996,Normal,Normal,0.0,0.0,0.0,1.0,0.0
5997,Normal,Normal,0.0018282218233745134,0.00021190487017416204,0.007553362011154597,0.9904065112952967,0.0
5998,DoS/DDoS,DoS/DDoS,0.0,0.0,1.0,0.0,0.0
5999,Normal,Normal,0.0,0.0,0.0020195782048513643,0.9979804217951487,0.0
6000,Brute Force,Brute Force,0.0,1.0,0.0,0.0,0.0
6001,DoS/DDoS,DoS/DDoS,0.0,0.0,1.0,0.0,0.0
6002,Normal,Normal,0.0,0.0,0.0,1.0,0.0
6003,Brute Force,Brute Force,0.0,0.9999957572263637,4.242773636295104e-06,0.0,0.0
6004,DoS/DDoS,DoS/DDoS,0.0,0.0,1.0,0.0,0.0
6005,Normal,Normal,0.0,0.0,0.0,1.0,0.0
6006,Normal,Normal,0.0,0.0,0.0,1.0,0.0
6007,Normal,Normal,0.0,0.0,0.0,1.0,0.0
6008,Normal,Normal,0.0,0.0,0.0,1.0,0.0
6009,Normal,Normal,0.0,0.0,0.0,1.0,0.0
6010,Normal,Normal,0.0,0.0,0.0,1.0,0.0
6011,Brute Force,Brute Force,0.0,0.9999957572263637,4.242773636295104e-06,0.0,0.0
6012,Bot,Bot,0.9985953838265849,0.0,2.6673565380087433e-06,0.0014019488168769529,0.0
6013,Brute Force,Brute Force,0.0,1.0,0.0,0.0,0.0
6014,Normal,Normal,0.0,0.0,0.0,1.0,0.0
6015,Normal,Normal,0.0,0.05023829261189231,0.00013457106561963117,0.9146080022402177,0.03501913408227044
6016,Normal,Normal,0.0,0.0,0.0,1.0,0.0
6017,DoS/DDoS,DoS/DDoS,0.0,0.0,0.9980348010042774,0.001965198995722525,0.0
6018,DoS/DDoS,DoS/DDoS,0.0,0.0,1.0,0.0,0.0
6019,Brute Force,Brute Force,0.0,0.6118776768788203,5.080590898272907e-05,0.001705333052646932,0.38636618415955004
6020,Brute Force,Brute Force,0.0,0.9999957572263637,4.242773636295104e-06,0.0,0.0
6021,Brute Force,Web Attack,0.0,0.4790910595501589,3.957558723908774e-05,0.0016648689302392286,0.5192044959323626
6022,Normal,Normal,0.0,0.0,0.0,1.0,0.0
6023,Normal,Normal,0.0,0.0,0.0,1.0,0.0
6024,Brute Force,Brute Force,0.0,1.0,0.0,0.0,0.0
6025,Brute Force,Brute Force,0.0,1.0,0.0,0.0,0.0
6026,Brute Force,Brute Force,0.0,1.0,0.0,0.0,0.0
6027,Normal,Normal,0.0,0.006564956509605098,0.02,0.9636022487735199,0.009832794716875088
6028,Brute Force,Web Attack,0.0,0.4295422048729723,0.00010758034535900212,0.0017246987359937388,0.5686255160456749
6029,DoS/DDoS,DoS/DDoS,0.0,0.0,0.98,0.02,0.0
6030,Normal,Normal,0.0,0.0,0.0,1.0,0.0
6031,Normal,Normal,0.0,0.009481378790748327,3.805712667943282e-05,0.9865980739676214,0.0038824901149506984
6032,Normal,Normal,0.0,0.0,0.0,1.0,0.0
6033,Bot,Bot,0.9656461532881075,0.0,5.176293157457111e-05,0.03430208378031782,0.0
6034,DoS/DDoS,DoS/DDoS,0.0,0.0,1.0,0.0,0.0
6035,DoS/DDoS,DoS/DDoS,0.0,0.0,1.0,0.0,0.0
6036,Normal,Normal,0.0,0.0,0.0,1.0,0.0
6037,Normal,Normal,0.0,0.0,0.0,1.0,0.0
6038,Normal,Normal,0.0,0.0,0.0,1.0,0.0
6039,Normal,Normal,0.0,0.0,0.0,1.0,0.0
6040,Normal,Normal,0.0,0.0,0.0,1.0,0.0
6041,Brute Force,Brute Force,0.0,1.0,0.0,0.0,0.0
6042,Brute Force,Brute Force,0.0,1.0,0.0,0.0,0.0
6043,DoS/DDoS,DoS/DDoS,0.0,0.0,1.0,0.0,0.0
6044,Normal,Normal,0.0,0.0,0.0,1.0,0.0
6045,Bot,Bot,0.995119017598527,0.0,2.6673565380087433e-06,0.004878315044935172,0.0
6046,DoS/DDoS,DoS/DDoS,0.0,0.0,1.0,0.0,0.0
6047,Bot,Bot,0.9750213739796587,0.0,5.176293157457111e-05,0.024926863088766616,0.0
6048,DoS/DDoS,DoS/DDoS,0.0,0.0,1.0,0.0,0.0
6049,Normal,Normal,0.0,0.0040001741380593335,0.04556111058070653,0.9232516538468962,0.027187061434337946
6050,Normal,Normal,0.0,0.0,0.0,1.0,0.0
6051,Normal,Normal,0.0,0.0,0.0,1.0,0.0
6052,Normal,Normal,0.0,0.0,0.0,1.0,0.0
6053,Brute Force,Brute Force,0.0,1.0,0.0,0.0,0.0
6054,Normal,Normal,0.0,0.021616557019410055,0.038468721996681984,0.9399147209839082,0.0
6055,Bot,Bot,0.9750213739796587,0.0,5.176293157457111e-05,0.024926863088766616,0.0
6056,Normal,Normal,0.0,0.0,0.0,1.0,0.0
6057,DoS/DDoS,DoS/DDoS,0.0,0.0,1.0,0.0,0.0
6058,Normal,Normal,0.0,0.0008237759383254772,0.0,0.9991762240616744,0.0
6059,Normal,Normal,0.0,0.0,0.0,1.0,0.0
6060,Brute Force,Brute Force,0.0,1.0,0.0,0.0,0.0
6061,DoS/DDoS,DoS/DDoS,0.0,0.0,1.0,0.0,0.0
6062,Brute Force,Brute Force,0.0,1.0,0.0,0.0,0.0
6063,Normal,Normal,0.0,0.10209170341075317,0.003209702552400447,0.6814251379693558,0.21327345606749082
6064,Normal,Normal,0.0,0.01788006732661969,0.022526444883449414,0.9495934877899309,0.01
6065,DoS/DDoS,DoS/DDoS,0.0,0.0,1.0,0.0,0.0
6066,Normal,Normal,0.16767219847810377,0.0,0.00903406057739585,0.8232937409445004,0.0
6067,DoS/DDoS,DoS/DDoS,0.0,0.0,1.0,0.0,0.0
6068,Normal,Normal,0.24344547753981696,0.0,0.00035685108952282843,0.7561976713706601,0.0
6069,Normal,Normal,0.0,0.0,0.0,1.0,0.0
6070,Normal,Normal,0.0,0.0,0.0,1.0,0.0
6071,DoS/DDoS,DoS/DDoS,0.0,0.0,1.0,0.0,0.0
6072,DoS/DDoS,DoS/DDoS,0.0,0.0,0.9999456879835311,5.4312016468903834e-05,0.0
6073,DoS/DDoS,DoS/DDoS,0.0,0.0,1.0,0.0,0.0
6074,Normal,Normal,0.0,0.0,0.0,1.0,0.0
6075,DoS/DDoS,DoS/DDoS,0.0,0.0,1.0,0.0,0.0
6076,DoS/DDoS,DoS/DDoS,0.0,0.0,1.0,0.0,0.0
6077,Normal,Normal,0.0,0.017972135952865988,0.10669236586939154,0.8511510404125713,0.02418445776517099
6078,Brute Force,Brute Force,0.0,1.0,0.0,0.0,0.0
6079,Normal,Normal,0.0,0.006013939913288318,0.0008355228403762174,0.9806452639540852,0.01250527329225024
6080,Normal,Normal,0.0,0.0,0.0,1.0,0.0
6081,Normal,Normal,0.0,0.0,1.9051442161899594e-05,0.9999809485578381,0.0
6082,Normal,Normal,0.19420064275057047,0.0,2.3530950773535372e-05,0.8057758262986556,0.0
6083,DoS/DDoS,DoS/DDoS,0.0,0.0,1.0,0.0,0.0
6084,Normal,Normal,0.0,0.0,1.9051442161899594e-05,0.9999809485578381,0.0
6085,DoS/DDoS,DoS/DDoS,0.0,0.0,1.0,0.0,0.0
6086,Brute Force,Brute Force,0.0,1.0,0.0,0.0,0.0
6087,DoS/DDoS,DoS/DDoS,0.0,0.0,0.9950057191878753,0.004994280812124678,0.0
6088,Normal,Normal,0.0,0.0,0.0,1.0,0.0
6089,Normal,Normal,0.0,0.0,0.0,1.0,0.0
6090,DoS/DDoS,DoS/DDoS,0.0,0.0,1.0,0.0,0.0
6091,Brute Force,Brute Force,0.0,1.0,0.0,0.0,0.0
6092,DoS/DDoS,DoS/DDoS,0.0,0.0,1.0,0.0,0.0
6093,DoS/DDoS,DoS/DDoS,0.0,0.0,1.0,0.0,0.0
6094,Normal,Normal,0.0,0.0,0.0,1.0,0.0
6095,DoS/DDoS,DoS/DDoS,0.0,0.004799068939549531,0.9009977899899336,0.09420314107051675,0.0
6096,DoS/DDoS,DoS/DDoS,0.0,0.0,1.0,0.0,0.0
6097,DoS/DDoS,DoS/DDoS,0.0,0.0,0.9999578253126014,4.217468739862318e-05,0.0
6098,DoS/DDoS,DoS/DDoS,0.0,0.0,1.0,0.0,0.0
6099,DoS/DDoS,DoS/DDoS,0.0,0.0,0.9891541862904342,0.010845813709565824,0.0
6100,DoS/DDoS,DoS/DDoS,0.0,0.0,1.0,0.0,0.0
6101,Brute Force,Brute Force,0.0,1.0,0.0,0.0,0.0
6102,DoS/DDoS,DoS/DDoS,0.0,0.0,1.0,0.0,0.0
6103,Brute Force,Brute Force,0.0,0.9999957572263637,4.242773636295104e-06,0.0,0.0
6104,DoS/DDoS,DoS/DDoS,0.0,0.0008151041593314955,0.9717047059564217,0.023784404261002,0.0036957856232448416
6105,DoS/DDoS,DoS/DDoS,0.0,0.0,1.0,0.0,0.0
6106,DoS/DDoS,DoS/DDoS,0.0,0.00482018380440437,0.7763521384482557,0.2188276777473401,0.0
6107,Brute Force,Brute Force,0.0,1.0,0.0,0.0,0.0
6108,DoS/DDoS,DoS/DDoS,0.0,0.0,1.0,0.0,0.0
6109,Normal,Normal,0.0,0.0,0.0,1.0,0.0
6110,Normal,Normal,0.0,0.0,0.18254476695690108,0.817455233043099,0.0
6111,Normal,Normal,0.00015931446215744114,0.01992959102702056,0.00013457106561963117,0.9462006701692214,0.03357585327598087
6112,DoS/DDoS,DoS/DDoS,0.0,0.0,1.0,0.0,0.0
6113,Normal,Normal,0.0,0.0,0.0,1.0,0.0
6114,DoS/DDoS,DoS/DDoS,0.0,0.0,1.0,0.0,0.0
6115,Brute Force,Brute Force,0.0,1.0,0.0,0.0,0.0
6116,Normal,Normal,0.0,0.04275854166560915,0.00013457106561963117,0.9417632165841897,0.015343670684581541
6117,Brute Force,Brute Force,0.0,1.0,0.0,0.0,0.0
6118,DoS/DDoS,DoS/DDoS,0.0,0.0,1.0,0.0,0.0
6119,DoS/DDoS,DoS/DDoS,0.0,0.0,1.0,0.0,0.0
6120,Normal,Normal,0.0,0.0,0.0,1.0,0.0
6121,Normal,Normal,0.0,0.0,0.0,1.0,0.0
6122,Normal,Normal,0.0,0.0016485978250849452,0.04457667142146237,0.9380996889299543,0.01567504182349856
6123,Bot,Bot,0.9764841904389994,0.0,6.511844699291775e-05,0.023450691114007674,0.0
6124,Brute Force,Brute Force,0.00015931446215744114,0.5385109277651695,0.018896324143547926,0.09390654276387884,0.3485268908652462
6125,DoS/DDoS,DoS/DDoS,0.0,0.0,1.0,0.0,0.0
6126,Normal,Normal,0.0,0.0,0.0,1.0,0.0
6127,DoS/DDoS,DoS/DDoS,0.0,0.0,1.0,0.0,0.0
6128,DoS/DDoS,DoS/DDoS,0.0,0.0,1.0,0.0,0.0
6129,DoS/DDoS,DoS/DDoS,0.0,0.0,1.0,0.0,0.0
6130,DoS/DDoS,DoS/DDoS,0.0,0.0,1.0,0.0,0.0
6131,DoS/DDoS,DoS/DDoS,0.0,0.0,0.9999878626709298,1.213732907028066e-05,0.0
6132,DoS/DDoS,DoS/DDoS,0.0,0.0,1.0,0.0,0.0
6133,Normal,Normal,0.0,0.0,0.0,1.0,0.0
6134,Brute Force,Brute Force,0.0,1.0,0.0,0.0,0.0
6135,Bot,Bot,0.5909815441328827,0.0,0.015064285714285712,0.3939541701528316,0.0
6136,Bot,Bot,0.9998997013881337,0.0,2.6673565380087433e-06,9.763125532836162e-05,0.0
6137,Bot,Bot,0.9983441610162509,0.0,0.0,0.0016558389837489692,0.0
6138,Normal,Normal,0.0,0.0,0.0,1.0,0.0
6139,Normal,Normal,0.0,0.0,0.0,1.0,0.0
6140,Bot,Bot,0.9392326422989109,0.0,0.0,0.060767357701089084,0.0
6141,DoS/DDoS,DoS/DDoS,0.0,0.0,1.0,0.0,0.0
6142,DoS/DDoS,DoS/DDoS,0.0,0.0,1.0,0.0,0.0
6143,DoS/DDoS,DoS/DDoS,0.0,0.0,1.0,0.0,0.0
6144,Normal,Normal,0.0,0.0,0.0,1.0,0.0
6145,Brute Force,Brute Force,0.0,0.7885992933577066,5.080590898272907e-05,0.025582252994429545,0.18576764773888102
6146,Brute Force,Brute Force,0.0,0.9999957572263637,4.242773636295104e-06,0.0,0.0
6147,Brute Force,Brute Force,0.0,0.6529058438229878,0.00036180751757454416,0.33253008216452024,0.014202266494917484
6148,Brute Force,Brute Force,0.0,0.9999957572263637,4.242773636295104e-06,0.0,0.0
6149,Normal,Normal,0.0,0.0,0.02334663057415586,0.9766533694258441,0.0
6150,Normal,Normal,0.0,0.0,0.0,1.0,0.0
6151,DoS/DDoS,DoS/DDoS,0.0,0.0,1.0,0.0,0.0
6152,Normal,Normal,0.0,0.0,0.0033047924842430727,0.9966952075157569,0.0
6153,DoS/DDoS,DoS/DDoS,0.0,0.0,1.0,0.0,0.0
6154,Normal,Normal,0.0,0.0,0.0,1.0,0.0
6155,DoS/DDoS,DoS/DDoS,0.0,0.0,1.0,0.0,0.0
6156,Normal,Normal,0.0,0.0,0.0,1.0,0.0
6157,DoS/DDoS,DoS/DDoS,0.0,0.0,1.0,0.0,0.0
6158,Brute Force,Brute Force,0.0,1.0,0.0,0.0,0.0
6159,Normal,Normal,0.0,0.0,0.0,1.0,0.0
6160,Normal,Normal,0.0,0.0,0.0,1.0,0.0
6161,Brute Force,Brute Force,0.0,0.9999957572263637,4.242773636295104e-06,0.0,0.0
6162,Bot,Bot,1.0,0.0,0.0,0.0,0.0
6163,Normal,Normal,0.0,0.0,0.0,1.0,0.0
6164,DoS/DDoS,DoS/DDoS,0.0,0.0,1.0,0.0,0.0
6165,Brute Force,Brute Force,0.0,1.0,0.0,0.0,0.0
6166,DoS/DDoS,DoS/DDoS,0.0,0.0,1.0,0.0,0.0
6167,Normal,Normal,0.0,0.0,0.0,1.0,0.0
6168,DoS/DDoS,DoS/DDoS,0.0,0.0,1.0,0.0,0.0
6169,DoS/DDoS,DoS/DDoS,0.0,0.0,1.0,0.0,0.0
6170,Brute Force,Brute Force,0.0,1.0,0.0,0.0,0.0
6171,Brute Force,Brute Force,0.0,0.9999957572263637,4.242773636295104e-06,0.0,0.0
6172,Normal,Normal,0.0,0.0,0.0,1.0,0.0
6173,DoS/DDoS,DoS/DDoS,0.0,0.0,1.0,0.0,0.0
6174,Normal,Normal,0.0,0.0,0.0059930930282754155,0.9940069069717246,0.0
6175,Normal,Normal,0.0,0.0,0.0,1.0,0.0
6176,DoS/DDoS,DoS/DDoS,0.0,0.0,1.0,0.0,0.0
6177,DoS/DDoS,DoS/DDoS,0.0,0.0,1.0,0.0,0.0
6178,DoS/DDoS,DoS/DDoS,0.0,0.0,1.0,0.0,0.0
6179,DoS/DDoS,DoS/DDoS,0.0,0.0,1.0,0.0,0.0
6180,DoS/DDoS,DoS/DDoS,0.0,0.0,1.0,0.0,0.0
6181,Brute Force,Brute Force,0.0,1.0,0.0,0.0,0.0
6182,DoS/DDoS,DoS/DDoS,0.0,0.0,1.0,0.0,0.0
6183,DoS/DDoS,DoS/DDoS,0.0,0.0,1.0,0.0,0.0
6184,Web Attack,Web Attack,0.0,0.17797374731966376,3.7583605044024734e-06,0.0006461599182201886,0.8213763344016114
6185,DoS/DDoS,DoS/DDoS,0.0,0.0,1.0,0.0,0.0
6186,Normal,Normal,0.0,0.0,0.0,1.0,0.0
6187,DoS/DDoS,DoS/DDoS,0.0,0.0,1.0,0.0,0.0
6188,Normal,Normal,0.0,0.0,0.0,1.0,0.0
6189,DoS/DDoS,DoS/DDoS,0.0,0.0,1.0,0.0,0.0
6190,Normal,Normal,0.0,0.0,0.0,1.0,0.0
6191,Normal,Normal,0.0,0.0,0.0024993304408377527,0.9975006695591623,0.0
6192,Normal,Normal,0.016387777652122664,0.0,0.0,0.9836122223478774,0.0
6193,Normal,Normal,0.0,0.0,0.0,1.0,0.0
6194,Normal,Normal,0.0,0.0,0.0,1.0,0.0
6195,Brute Force,Brute Force,0.0,1.0,0.0,0.0,0.0
6196,Normal,Normal,0.0,0.0,0.0,1.0,0.0
6197,Normal,Normal,0.0,0.0,0.0,1.0,0.0
6198,Brute Force,Brute Force,0.0,1.0,0.0,0.0,0.0
6199,Normal,Normal,0.0,0.0,0.0,1.0,0.0
6200,Normal,Normal,0.00896665923637869,0.0,0.0,0.9910333407636213,0.0
6201,Normal,Normal,0.0,0.0,0.0,1.0,0.0
6202,DoS/DDoS,DoS/DDoS,0.0,0.0,1.0,0.0,0.0
6203,Brute Force,Brute Force,0.0,0.9999957572263637,4.242773636295104e-06,0.0,0.0
6204,Normal,Normal,0.0,0.0,0.0,1.0,0.0
6205,DoS/DDoS,DoS/DDoS,0.0,0.0,0.9982152136869078,0.001784786313092262,0.0
6206,Bot,Bot,0.977282221295734,0.0,2.6673565380087433e-06,0.022715111347727794,0.0
6207,Normal,Normal,0.0,0.0,0.0,1.0,0.0
6208,Normal,Normal,0.0,0.0,0.029304183726242883,0.9706958162737571,0.0
6209,DoS/DDoS,DoS/DDoS,0.0,0.0,1.0,0.0,0.0
6210,DoS/DDoS,DoS/DDoS,0.0,0.0,1.0,0.0,0.0
6211,Bot,Bot,0.9998566446327857,0.0,2.6673565380087433e-06,0.00014068801067621984,0.0
6212,Normal,Normal,0.0,0.0,0.0,1.0,0.0
6213,DoS/DDoS,DoS/DDoS,0.0,0.0,1.0,0.0,0.0
6214,Bot,Bot,0.9980046893895911,0.0,2.6673565380087433e-06,0.0019926432538707405,0.0
6215,DoS/DDoS,DoS/DDoS,0.0,0.0,1.0,0.0,0.0
6216,DoS/DDoS,DoS/DDoS,0.0,0.0,1.0,0.0,0.0
6217,Normal,Normal,0.335338120285046,0.0,1.9448812743237454e-05,0.6646424309022106,0.0
6218,DoS/DDoS,DoS/DDoS,0.0,0.0,1.0,0.0,0.0
6219,Normal,Normal,0.0,0.0,0.0,1.0,0.0
6220,Normal,Normal,0.0,0.0,0.0,1.0,0.0
6221,DoS/DDoS,DoS/DDoS,0.0,0.0,1.0,0.0,0.0
6222,Normal,Normal,0.008282082324455207,0.029539428259022543,0.04679565794647024,0.9011159530014545,0.01426687846859753
6223,DoS/DDoS,DoS/DDoS,0.0,0.0,1.0,0.0,0.0
6224,Normal,Normal,0.00015931446215744114,0.028404155771370124,3.805712667943282e-05,0.8746507253521318,0.09674774728766128
6225,Normal,Normal,0.0,0.0,0.0,1.0,0.0
6226,Web Attack,Web Attack,0.0,0.12437997594803059,3.7583605044024734e-06,0.0005889683429748978,0.8750272973484904
6227,DoS/DDoS,DoS/DDoS,0.0,0.0,1.0,0.0,0.0
6228,Normal,Normal,0.0,0.0,0.0,1.0,0.0
6229,Brute Force,Brute Force,0.0,1.0,0.0,0.0,0.0
6230,Normal,Normal,0.0,0.0,0.011668236016441434,0.9883317639835585,0.0
6231,Normal,Normal,0.0,0.0,0.0,1.0,0.0
6232,DoS/DDoS,DoS/DDoS,0.0,0.0,1.0,0.0,0.0
6233,Normal,Normal,0.0,0.04688081917601819,0.00013457106561963117,0.9376409390737809,0.015343670684581541
6234,Normal,Normal,0.0,0.0,0.0,1.0,0.0
6235,Normal,Normal,0.0,0.0,0.0,1.0,0.0
6236,Bot,Bot,1.0,0.0,0.0,0.0,0.0
6237,DoS/DDoS,DoS/DDoS,0.0,0.0,1.0,0.0,0.0
6238,DoS/DDoS,DoS/DDoS,0.0,0.0,1.0,0.0,0.0
6239,Brute Force,Brute Force,0.0,1.0,0.0,0.0,0.0
6240,DoS/DDoS,DoS/DDoS,0.0,0.0,0.9973839580166163,0.0026160419833838227,0.0
6241,Brute Force,Brute Force,0.0,1.0,0.0,0.0,0.0
6242,Web Attack,Web Attack,0.0,0.07815496600496515,3.7583605044024734e-06,0.0009121309674187438,0.9209291446671117
6243,DoS/DDoS,DoS/DDoS,0.0,0.0,1.0,0.0,0.0
6244,DoS/DDoS,DoS/DDoS,0.0,0.0,1.0,0.0,0.0
6245,Normal,Normal,0.0,0.0028201076079907854,3.805712667943282e-05,0.9949015817158388,0.0022402535494909833
6246,DoS/DDoS,DoS/DDoS,0.0,0.0,1.0,0.0,0.0
6247,Brute Force,Brute Force,0.0,0.9709416906480041,0.0,0.029058309351995867,0.0
6248,Normal,Normal,0.0,0.0,0.0,1.0,0.0
6249,Normal,Normal,0.0,0.0040001741380593335,0.04556111058070653,0.9232516538468962,0.027187061434337946
6250,DoS/DDoS,DoS/DDoS,0.0,0.0,1.0,0.0,0.0
6251,Normal,Normal,0.0,0.0,0.0,1.0,0.0
6252,Normal,Normal,0.00015931446215744114,0.04166179809527116,0.00013457106561963117,0.8840697996410813,0.07397451673587054
6253,DoS/DDoS,DoS/DDoS,0.0,0.0,1.0,0.0,0.0
6254,Normal,Normal,0.0,0.0,0.0,1.0,0.0
6255,Brute Force,Brute Force,0.0,1.0,0.0,0.0,0.0
6256,Web Attack,Web Attack,0.0,0.02,0.0,0.02127546688579865,0.9587245331142015
6257,DoS/DDoS,DoS/DDoS,0.0,0.0,1.0,0.0,0.0
6258,Normal,Normal,0.0,0.0,0.0,1.0,0.0
6259,Brute Force,Brute Force,0.0,1.0,0.0,0.0,0.0
6260,Normal,Normal,0.0,0.0,0.0,1.0,0.0
6261,Brute Force,Brute Force,0.0,1.0,0.0,0.0,0.0
6262,Brute Force,Brute Force,0.0,1.0,0.0,0.0,0.0
6263,Normal,Normal,0.0,0.01,0.0,0.99,0.0
6264,Normal,Normal,0.33178561275237484,0.0,1.9448812743237454e-05,0.668194938434882,0.0
6265,DoS/DDoS,DoS/DDoS,0.0,0.0,1.0,0.0,0.0
6266,Normal,Normal,0.0,0.0,1.9051442161899594e-05,0.9999809485578381,0.0
6267,DoS/DDoS,DoS/DDoS,0.0,0.0,0.9990482730015501,0.000951726998450009,0.0
6268,DoS/DDoS,DoS/DDoS,0.0,0.0,1.0,0.0,0.0
6269,Brute Force,Web Attack,0.0,0.17384963319938865,3.7583605044024734e-06,0.0006985773754304222,0.8254480310646766
6270,DoS/DDoS,DoS/DDoS,0.0,0.0,1.0,0.0,0.0
6271,Brute Force,Brute Force,0.0,1.0,0.0,0.0,0.0
6272,DoS/DDoS,DoS/DDoS,0.0,0.0,1.0,0.0,0.0
6273,Normal,Normal,0.0,0.0,0.0,1.0,0.0
6274,Brute Force,Brute Force,0.0,1.0,0.0,0.0,0.0
6275,DoS/DDoS,DoS/DDoS,0.0,0.0,1.0,0.0,0.0
6276,Normal,Normal,0.0,0.0,0.0,1.0,0.0
6277,Normal,Normal,0.0,0.0,0.0,1.0,0.0
6278,Normal,Normal,0.0,0.0,0.0,1.0,0.0
6279,Brute Force,Brute Force,0.0,0.9225010835174831,0.0002594488337276811,0.03079063463709374,0.04644883301169558
6280,Normal,Normal,0.0,0.0,0.0,1.0,0.0
6281,Normal,Normal,0.0,0.0,0.0,1.0,0.0
6282,DoS/DDoS,DoS/DDoS,0.0,0.0,1.0,0.0,0.0
6283,Brute Force,Brute Force,0.0,1.0,0.0,0.0,0.0
6284,Normal,Normal,0.0,0.0,0.01,0.99,0.0
6285,Bot,Bot,0.9998566446327857,0.0,2.6673565380087433e-06,0.00014068801067621984,0.0
6286,Normal,Normal,0.0,0.04120664189232257,0.0010016166247078092,0.9275716845362,0.0302200569467696
6287,Brute Force,Brute Force,0.0,0.9999957572263637,4.242773636295104e-06,0.0,0.0
6288,DoS/DDoS,DoS/DDoS,0.0,0.0,0.9999456879835311,5.4312016468903834e-05,0.0
6289,Brute Force,Brute Force,0.0,0.9999957572263637,4.242773636295104e-06,0.0,0.0
6290,Brute Force,Brute Force,0.0,1.0,0.0,0.0,0.0
6291,Normal,Normal,0.0,0.0,0.0,1.0,0.0
6292,Normal,Normal,0.0,0.0,0.0,1.0,0.0
6293,DoS/DDoS,DoS/DDoS,0.0,0.0,1.0,0.0,0.0
6294,Brute Force,Brute Force,0.0,1.0,0.0,0.0,0.0
6295,Normal,Normal,0.0,0.0,0.0,1.0,0.0
6296,Brute Force,Brute Force,0.0,0.9991901177294412,0.0,0.0008098822705588865,0.0
6297,Brute Force,Brute Force,0.0,1.0,0.0,0.0,0.0
6298,Brute Force,Brute Force,0.0,1.0,0.0,0.0,0.0
6299,DoS/DDoS,DoS/DDoS,0.0,0.006894583177163644,0.9545756190212953,0.034834012178296285,0.0036957856232448416
6300,DoS/DDoS,DoS/DDoS,0.0,0.0,1.0,0.0,0.0
6301,DoS/DDoS,DoS/DDoS,0.0,0.0,1.0,0.0,0.0
6302,Normal,Normal,0.0,0.0,0.0,1.0,0.0
6303,DoS/DDoS,DoS/DDoS,0.0,0.0,0.9999456879835311,5.4312016468903834e-05,0.0
6304,Normal,Normal,0.007719801434087148,0.0,0.0074999907887117,0.9847802077772012,0.0
6305,Bot,Bot,0.9998566446327857,0.0,2.6673565380087433e-06,0.00014068801067621984,0.0
6306,Normal,Normal,0.0,0.0,0.0,1.0,0.0
6307,Bot,Bot,0.9998997013881337,0.0,2.6673565380087433e-06,9.763125532836162e-05,0.0
6308,Brute Force,Brute Force,0.0,0.9999957572263637,4.242773636295104e-06,0.0,0.0
6309,DoS/DDoS,DoS/DDoS,0.0,0.0,1.0,0.0,0.0
6310,DoS/DDoS,DoS/DDoS,0.0,0.0,1.0,0.0,0.0
6311,Normal,Normal,0.0,0.03504361864295232,0.013346650495826498,0.9222487314856117,0.029360999375609497
6312,Normal,Normal,0.0,0.0,0.0,1.0,0.0
6313,Normal,Normal,0.0,0.0,0.0,1.0,0.0
6314,DoS/DDoS,DoS/DDoS,0.0,0.0,0.9999456879835311,5.4312016468903834e-05,0.0
6315,Brute Force,Brute Force,0.0,1.0,0.0,0.0,0.0
6316,Web Attack,Web Attack,0.0,0.17949880055979672,3.7583605044024734e-06,0.000965010463526612,0.8195324306161724
6317,Normal,Normal,0.0,0.006452503509592887,0.0,0.9935474964904071,0.0
6318,Normal,Normal,0.0,0.0,0.0,1.0,0.0
6319,Normal,Normal,0.0,0.06029710037524501,0.003206429168850355,0.6974911517711689,0.23900531868473565
6320,Brute Force,Brute Force,0.0,1.0,0.0,0.0,0.0
6321,DoS/DDoS,DoS/DDoS,0.0,0.0,0.9999456879835311,5.4312016468903834e-05,0.0
6322,DoS/DDoS,DoS/DDoS,0.0,0.0,1.0,0.0,0.0
6323,Normal,Normal,0.0,0.0,0.0,1.0,0.0
6324,Normal,Normal,0.0,0.0,0.0,1.0,0.0
6325,Bot,Bot,0.976833444356133,0.0,6.511844699291775e-05,0.023101437196874127,0.0
6326,DoS/DDoS,DoS/DDoS,0.0,0.0,1.0,0.0,0.0
6327,DoS/DDoS,DoS/DDoS,0.0,0.0,1.0,0.0,0.0
6328,DoS/DDoS,DoS/DDoS,0.0,0.0,1.0,0.0,0.0
6329,Normal,Normal,0.0,0.0,0.0002225027241243617,0.9997774972758756,0.0
6330,Normal,Normal,0.014222178813692097,0.003112419453541735,0.0,0.9702776312038088,0.012387770528957337
6331,Brute Force,Brute Force,0.0,0.7955336090725105,0.00010758034535900212,0.0014842434053357872,0.20287456717679453
6332,Brute Force,Brute Force,0.0,0.9999957572263637,4.242773636295104e-06,0.0,0.0
6333,Normal,Normal,0.0,0.0,1.9051442161899594e-05,0.9999809485578381,0.0
6334,DoS/DDoS,DoS/DDoS,0.0,0.0,1.0,0.0,0.0
6335,Normal,Normal,0.0,0.0,0.0,1.0,0.0
6336,Normal,Normal,0.0,0.0,0.0,1.0,0.0
6337,Normal,Normal,0.0,0.0,0.0,1.0,0.0
6338,Normal,Normal,0.0,0.0,0.0,1.0,0.0
6339,Normal,Normal,0.0,0.0,0.0,1.0,0.0
6340,Normal,Normal,0.0,0.07156622182342585,3.805712667943282e-05,0.9008765777687979,0.02751914328109665
6341,Normal,Normal,0.0,0.0,0.0,1.0,0.0
6342,Normal,Normal,0.00836616663654437,0.0,0.01585328020289592,0.9757805531605597,0.0
6343,DoS/DDoS,DoS/DDoS,0.0,0.0,0.9999878626709298,1.213732907028066e-05,0.0
6344,DoS/DDoS,DoS/DDoS,0.0,0.0,1.0,0.0,0.0
6345,DoS/DDoS,DoS/DDoS,0.0,0.0,1.0,0.0,0.0
6346,Brute Force,Brute Force,0.0,1.0,0.0,0.0,0.0
6347,Normal,Normal,0.0,0.0,0.0,1.0,0.0
6348,DoS/DDoS,DoS/DDoS,0.0,0.0,1.0,0.0,0.0
6349,DoS/DDoS,DoS/DDoS,0.0,0.0,1.0,0.0,0.0
6350,DoS/DDoS,DoS/DDoS,0.0,0.0,1.0,0.0,0.0
6351,Normal,Normal,0.0,0.007982603918024566,3.805712667943282e-05,0.986326347358261,0.005652991597034992
6352,DoS/DDoS,DoS/DDoS,0.0,0.0,1.0,0.0,0.0
6353,Normal,Normal,0.0,0.009481378790748327,3.805712667943282e-05,0.9865980739676214,0.0038824901149506984
6354,Normal,Normal,0.0,0.0,0.0,1.0,0.0
6355,DoS/DDoS,DoS/DDoS,0.0,0.0,1.0,0.0,0.0
6356,Normal,Normal,0.0,0.0,0.0,1.0,0.0
6357,Brute Force,Brute Force,0.0,1.0,0.0,0.0,0.0
6358,Brute Force,Brute Force,0.0,1.0,0.0,0.0,0.0
6359,Brute Force,Brute Force,0.0,1.0,0.0,0.0,0.0
6360,Normal,Normal,0.0,0.0,0.0,1.0,0.0
6361,Normal,Normal,0.0,0.0,0.0,1.0,0.0
6362,Brute Force,Brute Force,0.0,1.0,0.0,0.0,0.0
6363,Normal,Normal,0.18511676785119088,0.01,0.01,0.7948832321488091,0.0
6364,DoS/DDoS,DoS/DDoS,0.0,0.0,1.0,0.0,0.0
6365,Normal,Normal,0.0,0.0,0.006656035795887281,0.9933439642041129,0.0
6366,DoS/DDoS,DoS/DDoS,0.0,0.0,1.0,0.0,0.0
6367,DoS/DDoS,DoS/DDoS,0.0,0.0,1.0,0.0,0.0
6368,Brute Force,Brute Force,0.0,1.0,0.0,0.0,0.0
6369,Bot,Bot,1.0,0.0,0.0,0.0,0.0
6370,Normal,Normal,0.0,0.0,0.0,1.0,0.0
6371,Normal,Normal,0.03683624379804268,0.006555513983724628,0.017549809191260594,0.9390584330269721,0.0
6372,Normal,Normal,0.0,0.0,0.002493463994166504,0.9975065360058335,0.0
6373,DoS/DDoS,DoS/DDoS,0.0,0.0,1.0,0.0,0.0
6374,Normal,Normal,0.0,0.006539881313957291,0.010034219627128605,0.9834258990589142,0.0
6375,Normal,Normal,0.0,0.0,0.0,1.0,0.0
6376,DoS/DDoS,DoS/DDoS,0.0,0.0,1.0,0.0,0.0
6377,Normal,Normal,0.0,0.0,0.0,1.0,0.0
6378,Normal,Normal,0.0,0.0,0.0,1.0,0.0
6379,Normal,Normal,0.0,0.0,0.0,1.0,0.0
6380,Normal,Bot,0.5712583047192418,0.0,0.0001670730468648873,0.4285746222338932,0.0
6381,DoS/DDoS,DoS/DDoS,0.0,0.0,1.0,0.0,0.0
6382,Normal,Normal,0.0,0.0,0.0,1.0,0.0
6383,DoS/DDoS,DoS/DDoS,0.0,0.0,1.0,0.0,0.0
6384,Normal,Normal,0.0,0.0,0.0,1.0,0.0
6385,DoS/DDoS,DoS/DDoS,0.0,0.0,1.0,0.0,0.0
6386,Normal,Normal,0.0,0.0,0.0,1.0,0.0
6387,Brute Force,Web Attack,0.0,0.09387890009645179,3.7583605044024734e-06,0.0006541029345634021,0.9054632386084804
6388,Brute Force,Brute Force,0.0,0.9999957572263637,4.242773636295104e-06,0.0,0.0
6389,DoS/DDoS,DoS/DDoS,0.0,0.0,0.9856047923274559,0.014395207672544052,0.0
6390,Brute Force,Brute Force,0.0,1.0,0.0,0.0,0.0
6391,Normal,Normal,0.00015931446215744114,0.04885588013125066,3.805712667943282e-05,0.9041030489725415,0.04684369930737115
6392,Normal,Normal,0.0,0.0,0.0,1.0,0.0
6393,DoS/DDoS,DoS/DDoS,0.0,0.0,1.0,0.0,0.0
6394,Brute Force,Brute Force,0.0,0.7986773187932311,0.03356983785843633,0.1428602748393463,0.02489256850898625
6395,DoS/DDoS,DoS/DDoS,0.0,0.0,1.0,0.0,0.0
6396,Brute Force,Brute Force,0.0,1.0,0.0,0.0,0.0
6397,DoS/DDoS,DoS/DDoS,0.0,0.021784816235824428,0.9258046380118138,0.043467572585482686,0.008942973166879113
6398,Normal,Normal,0.0,0.0,0.0,1.0,0.0
6399,Normal,Normal,0.0,0.0,0.0,1.0,0.0
6400,Normal,Normal,0.0,0.0,0.0,1.0,0.0
6401,DoS/DDoS,DoS/DDoS,0.0,0.0,1.0,0.0,0.0
6402,Brute Force,Brute Force,0.0,1.0,0.0,0.0,0.0
6403,Normal,Normal,0.0,0.0,0.0,1.0,0.0
6404,Normal,Normal,0.0,0.005723565367173706,3.805712667943282e-05,0.9919981239566559,0.0022402535494909833
6405,DoS/DDoS,DoS/DDoS,0.0,0.0,0.9999456879835311,5.4312016468903834e-05,0.0
6406,Normal,Normal,0.0,0.0,0.0,1.0,0.0
6407,Normal,Normal,0.0,0.0,0.0,1.0,0.0
6408,Brute Force,Web Attack,0.0,0.3937179613707077,3.7583605044024734e-06,0.0014191538227600294,0.6048591264460277
6409,DoS/DDoS,DoS/DDoS,0.0,0.0,1.0,0.0,0.0
6410,DoS/DDoS,DoS/DDoS,0.0,0.0,1.0,0.0,0.0
6411,DoS/DDoS,DoS/DDoS,0.0,0.0,1.0,0.0,0.0
6412,Brute Force,Brute Force,0.0,1.0,0.0,0.0,0.0
6413,Normal,Normal,0.0,0.0,0.0,1.0,0.0
6414,DoS/DDoS,DoS/DDoS,0.0,0.0,1.0,0.0,0.0
6415,Normal,Normal,0.0,0.0,0.0024773655245872534,0.9975226344754128,0.0
6416,DoS/DDoS,DoS/DDoS,0.0,0.0,1.0,0.0,0.0
6417,DoS/DDoS,DoS/DDoS,0.0,0.0,1.0,0.0,0.0
6418,DoS/DDoS,DoS/DDoS,0.0,0.0,1.0,0.0,0.0
6419,Brute Force,Brute Force,0.0,1.0,0.0,0.0,0.0
6420,DoS/DDoS,DoS/DDoS,0.0,0.0,0.9989013979229091,0.0010986020770908916,0.0
6421,DoS/DDoS,DoS/DDoS,0.0,0.0,1.0,0.0,0.0
6422,Normal,Normal,0.0,0.0,0.0,1.0,0.0
6423,DoS/DDoS,DoS/DDoS,0.0,0.0,1.0,0.0,0.0
6424,DoS/DDoS,DoS/DDoS,0.0,0.0,1.0,0.0,0.0
6425,DoS/DDoS,DoS/DDoS,0.0,0.0,0.9999456879835311,5.4312016468903834e-05,0.0
6426,Bot,Bot,0.9645135112070018,0.0,2.6673565380087433e-06,0.03548382143646017,0.0
6427,DoS/DDoS,DoS/DDoS,0.0,0.0,1.0,0.0,0.0
6428,Normal,Normal,0.0,0.0,0.0,1.0,0.0
6429,Normal,Normal,0.0,0.0,0.0,1.0,0.0
6430,Normal,Normal,0.0,0.0,0.0,1.0,0.0
6431,DoS/DDoS,DoS/DDoS,0.0,0.0,1.0,0.0,0.0
6432,Normal,Normal,0.0,0.0,0.0,1.0,0.0
6433,DoS/DDoS,DoS/DDoS,0.0,0.0,0.9931200336126256,0.006879966387374485,0.0
6434,Brute Force,Web Attack,0.0,0.39581060283652997,3.7583605044024734e-06,0.0008525355947935206,0.6033331032081721
6435,Brute Force,Brute Force,0.0,1.0,0.0,0.0,0.0
6436,DoS/DDoS,DoS/DDoS,0.0,0.0,1.0,0.0,0.0
6437,Normal,Normal,0.0,0.0,0.0,1.0,0.0
6438,Brute Force,Brute Force,0.0,0.9999957572263637,4.242773636295104e-06,0.0,0.0
6439,DoS/DDoS,DoS/DDoS,0.0,0.0,1.0,0.0,0.0
6440,Normal,Normal,0.0,0.0,0.0,1.0,0.0
6441,DoS/DDoS,DoS/DDoS,0.0,0.0,1.0,0.0,0.0
6442,Brute Force,Brute Force,0.0,1.0,0.0,0.0,0.0
6443,Normal,Normal,0.0,0.0,0.0,1.0,0.0
6444,DoS/DDoS,DoS/DDoS,0.0,0.0,1.0,0.0,0.0
6445,Normal,Normal,0.0,0.0,0.0,1.0,0.0
6446,Normal,Normal,0.0,0.0,1.9051442161899594e-05,0.9999809485578381,0.0
6447,Normal,Normal,0.0,0.0,0.0,1.0,0.0
6448,Normal,Normal,0.0,0.00240666857975071,0.021196927366001393,0.9677929499969136,0.008603454057334233
6449,DoS/DDoS,DoS/DDoS,0.0,0.0,1.0,0.0,0.0
6450,Brute Force,Brute Force,0.0,1.0,0.0,0.0,0.0
6451,Brute Force,Brute Force,0.0,0.9999957572263637,4.242773636295104e-06,0.0,0.0
6452,DoS/DDoS,DoS/DDoS,0.0,0.0,1.0,0.0,0.0
6453,DoS/DDoS,DoS/DDoS,0.0,0.0,1.0,0.0,0.0
6454,DoS/DDoS,DoS/DDoS,0.0,0.0,1.0,0.0,0.0
6455,Normal,Normal,0.0,0.04525147461595818,0.08001783878867418,0.8747306865953675,0.0
6456,Normal,Normal,0.0,0.0,0.0,1.0,0.0
6457,Normal,Normal,0.0,0.0,0.0,1.0,0.0
6458,Normal,Normal,0.0,0.0,0.0,1.0,0.0
6459,Brute Force,Brute Force,0.0,1.0,0.0,0.0,0.0
6460,DoS/DDoS,DoS/DDoS,0.0,0.0,1.0,0.0,0.0
6461,Normal,Normal,0.0,0.0,0.0,1.0,0.0
6462,Normal,Normal,0.0,0.0,0.0,1.0,0.0
6463,Normal,Normal,0.0,0.0,0.0,1.0,0.0
6464,Normal,Normal,0.0,0.0,0.0,1.0,0.0
6465,Normal,Normal,0.0,0.0,0.0,1.0,0.0
6466,DoS/DDoS,DoS/DDoS,0.0,0.0,1.0,0.0,0.0
6467,Brute Force,Brute Force,0.0,1.0,0.0,0.0,0.0
6468,Normal,Normal,0.0,0.0,0.0,1.0,0.0
6469,Normal,Normal,0.0,0.0,0.0,1.0,0.0
6470,Normal,Normal,0.0,0.0,0.0,1.0,0.0
6471,Brute Force,Brute Force,0.0,1.0,0.0,0.0,0.0
6472,DoS/DDoS,DoS/DDoS,0.0,0.0,1.0,0.0,0.0
6473,DoS/DDoS,DoS/DDoS,0.0,0.0,1.0,0.0,0.0
6474,DoS/DDoS,DoS/DDoS,0.0,0.0,1.0,0.0,0.0
6475,Brute Force,Brute Force,0.0,0.9233639663717941,0.0002594488337276811,0.027335771141775857,0.049040813652702436
6476,DoS/DDoS,DoS/DDoS,0.0,0.00038870409189376286,0.8933552389593342,0.10256027132552718,0.0036957856232448416
6477,DoS/DDoS,DoS/DDoS,0.0,0.0,1.0,0.0,0.0
6478,Brute Force,Brute Force,0.0,1.0,0.0,0.0,0.0
6479,Normal,Normal,0.0,0.0,0.0,1.0,0.0
6480,DoS/DDoS,DoS/DDoS,0.0,0.0,1.0,0.0,0.0
6481,Brute Force,Web Attack,0.0,0.35698674313848555,3.7583605044024734e-06,0.0005889683429748978,0.642420530158035
6482,Normal,Normal,0.0,0.0,0.0,1.0,0.0
6483,DoS/DDoS,DoS/DDoS,0.0,0.0,1.0,0.0,0.0
6484,DoS/DDoS,DoS/DDoS,0.0,0.0,1.0,0.0,0.0
6485,DoS/DDoS,DoS/DDoS,0.0,0.0,1.0,0.0,0.0
6486,DoS/DDoS,DoS/DDoS,0.0,0.0,1.0,0.0,0.0
6487,Normal,Normal,0.0,0.0,1.9051442161899594e-05,0.9999809485578381,0.0
6488,Brute Force,Brute Force,0.0,1.0,0.0,0.0,0.0
6489,DoS/DDoS,DoS/DDoS,0.0,0.0,1.0,0.0,0.0
6490,Brute Force,Brute Force,0.0,1.0,0.0,0.0,0.0
6491,Normal,Normal,0.0,0.0,0.0,1.0,0.0
6492,DoS/DDoS,DoS/DDoS,0.0,0.0,1.0,0.0,0.0
6493,Normal,Normal,0.0,0.0,0.0,1.0,0.0
6494,DoS/DDoS,DoS/DDoS,0.0,0.0,1.0,0.0,0.0
6495,Normal,Normal,0.0,0.0,0.0,1.0,0.0
6496,DoS/DDoS,DoS/DDoS,0.0,0.0,0.9996845535813353,0.000315446418664595,0.0
6497,DoS/DDoS,DoS/DDoS,0.0,0.0,0.992486782057141,0.007513217942858913,0.0
6498,DoS/DDoS,DoS/DDoS,0.0,0.0,1.0,0.0,0.0
6499,Normal,Normal,0.0,0.0,0.0,1.0,0.0
6500,DoS/DDoS,DoS/DDoS,0.0,0.0,1.0,0.0,0.0
6501,Normal,Normal,0.0,0.0,0.0,1.0,0.0
6502,Normal,Normal,0.0,0.0,0.0,1.0,0.0
6503,DoS/DDoS,DoS/DDoS,0.0,0.0,1.0,0.0,0.0
6504,Normal,Normal,0.0,0.0,0.09125971755728629,0.9087402824427138,0.0
6505,DoS/DDoS,DoS/DDoS,0.0,0.0,1.0,0.0,0.0
6506,DoS/DDoS,DoS/DDoS,0.0,0.0,1.0,0.0,0.0
6507,Normal,Normal,0.0,0.0,0.0,1.0,0.0
6508,Normal,Normal,0.0,0.0,0.0,1.0,0.0
6509,Brute Force,Brute Force,0.0,0.5066800120968076,3.7583605044024734e-06,0.01204476630481787,0.48127146323786996
6510,Brute Force,Brute Force,0.0,1.0,0.0,0.0,0.0
6511,Brute Force,Brute Force,0.0,0.9999957572263637,4.242773636295104e-06,0.0,0.0
6512,DoS/DDoS,DoS/DDoS,0.0,0.0,1.0,0.0,0.0
6513,Normal,Normal,0.0,0.0,0.0,1.0,0.0
6514,DoS/DDoS,DoS/DDoS,0.0,0.0,1.0,0.0,0.0
6515,DoS/DDoS,DoS/DDoS,0.0,0.0,1.0,0.0,0.0
6516,DoS/DDoS,DoS/DDoS,0.0,0.0,0.9998464559900256,0.0001535440099744956,0.0
6517,Normal,Normal,0.0,0.0,0.0,1.0,0.0
6518,Normal,Normal,0.0,0.0,0.016658414663175435,0.9833415853368246,0.0
6519,DoS/DDoS,DoS/DDoS,0.0,0.0,1.0,0.0,0.0
6520,Normal,Normal,0.0,0.0,0.0,1.0,0.0
6521,DoS/DDoS,DoS/DDoS,0.0,0.0,1.0,0.0,0.0
6522,Normal,Normal,0.0,0.0,0.015144252628151923,0.984855747371848,0.0
6523,Brute Force,Web Attack,0.0,0.1551176701096023,3.7583605044024734e-06,0.0009121309674187438,0.8439664405624744
6524,Normal,Normal,0.0,0.0,0.0,1.0,0.0
6525,Brute Force,Brute Force,0.0,1.0,0.0,0.0,0.0
6526,Normal,Normal,0.0,0.0,0.0,1.0,0.0
6527,DoS/DDoS,DoS/DDoS,0.0,0.0,1.0,0.0,0.0
6528,Bot,Bot,1.0,0.0,0.0,0.0,0.0
6529,DoS/DDoS,DoS/DDoS,0.0,0.0,1.0,0.0,0.0
6530,Bot,Bot,0.9332864384498741,0.0,0.002600891228831951,0.06411267032129381,0.0
6531,DoS/DDoS,DoS/DDoS,0.0,0.0,1.0,0.0,0.0
6532,DoS/DDoS,DoS/DDoS,0.0,0.0,1.0,0.0,0.0
6533,Normal,Normal,0.0,0.0,0.0,1.0,0.0
6534,Brute Force,Brute Force,0.0,0.6864207720205906,5.080590898272907e-05,0.0024164018989749543,0.31111202017145184
6535,Web Attack,Web Attack,0.0,0.376968591217257,7.031744054494311e-06,0.003116769737253532,0.6199076073014349
6536,Normal,Normal,0.0,0.0,0.0,1.0,0.0
6537,Brute Force,Brute Force,0.0,1.0,0.0,0.0,0.0
6538,Brute Force,Brute Force,0.0,1.0,0.0,0.0,0.0
6539,DoS/DDoS,DoS/DDoS,0.0,0.0,1.0,0.0,0.0
6540,DoS/DDoS,DoS/DDoS,0.0,0.0,0.9999456879835311,5.4312016468903834e-05,0.0
6541,Normal,Normal,0.0,0.0,0.025057634332328427,0.9749423656676716,0.0
6542,DoS/DDoS,DoS/DDoS,0.0,0.0,1.0,0.0,0.0
6543,Normal,Normal,0.0,0.0,0.0,1.0,0.0
6544,DoS/DDoS,DoS/DDoS,0.0,0.0,1.0,0.0,0.0
6545,DoS/DDoS,DoS/DDoS,0.0,0.0,1.0,0.0,0.0
6546,Normal,Normal,0.0,0.0,0.0002653238027555255,0.9997346761972444,0.0
6547,Brute Force,Brute Force,0.0,1.0,0.0,0.0,0.0
6548,Normal,Normal,0.0,0.0,0.0,1.0,0.0
6549,Normal,Normal,0.0,0.12412950153689102,0.003209702552400447,0.7025770093102973,0.17008378660041118
6550,DoS/DDoS,DoS/DDoS,0.0,0.0,1.0,0.0,0.0
6551,DoS/DDoS,DoS/DDoS,0.0,0.0,0.9725220927657063,0.02747790723429355,0.0
6552,Brute Force,Brute Force,0.0,1.0,0.0,0.0,0.0
6553,Brute Force,Brute Force,0.0,1.0,0.0,0.0,0.0
6554,Brute Force,Brute Force,0.0,1.0,0.0,0.0,0.0
6555,Brute Force,Brute Force,0.0,0.9999957572263637,4.242773636295104e-06,0.0,0.0
6556,DoS/DDoS,DoS/DDoS,0.0,0.0,1.0,0.0,0.0
6557,Bot,Bot,0.9447907659627326,0.0,5.176293157457111e-05,0.05515747110569264,0.0
6558,Normal,Normal,0.0,0.0,0.0,1.0,0.0
6559,DoS/DDoS,DoS/DDoS,0.0,0.0,1.0,0.0,0.0
6560,DoS/DDoS,DoS/DDoS,0.0,0.0,1.0,0.0,0.0
6561,Normal,Normal,0.0,0.0,0.0,1.0,0.0
6562,Normal,Normal,0.0,0.0,0.0,1.0,0.0
6563,Brute Force,Brute Force,0.0,1.0,0.0,0.0,0.0
6564,Brute Force,Brute Force,0.0,0.9999957572263637,4.242773636295104e-06,0.0,0.0
6565,Brute Force,Brute Force,0.0,1.0,0.0,0.0,0.0
6566,Normal,Normal,0.0,0.0,0.0,1.0,0.0
6567,Brute Force,Web Attack,0.0,0.11229851011662849,3.7583605044024734e-06,0.0007365443631225058,0.8869611871597448
6568,Normal,Normal,0.0,0.0,0.0,1.0,0.0
6569,Normal,Normal,0.0,0.0,0.0,1.0,0.0
6570,Normal,Normal,0.0,0.0,0.0,1.0,0.0
6571,DoS/DDoS,DoS/DDoS,0.0,0.0,1.0,0.0,0.0
6572,Brute Force,Brute Force,0.0,1.0,0.0,0.0,0.0
6573,DoS/DDoS,DoS/DDoS,0.0,0.0,0.9939366573935373,0.006063342606462658,0.0
6574,DoS/DDoS,DoS/DDoS,0.0,0.0,1.0,0.0,0.0
6575,Brute Force,Brute Force,0.0,0.9963608817876558,0.003435505659850002,0.00020361255249429545,0.0
6576,DoS/DDoS,DoS/DDoS,0.0,0.0,1.0,0.0,0.0
6577,Normal,Normal,0.0,0.0,0.0,1.0,0.0
6578,Normal,Normal,0.0,0.006495553568907919,0.01,0.9736563801327495,0.00984806629834254
6579,DoS/DDoS,DoS/DDoS,0.0,0.0,1.0,0.0,0.0
6580,DoS/DDoS,DoS/DDoS,0.0,0.0,1.0,0.0,0.0
6581,DoS/DDoS,DoS/DDoS,0.0,0.0,1.0,0.0,0.0
6582,Normal,Normal,0.0,0.0,0.0,1.0,0.0
6583,Normal,Normal,0.0,0.0,0.0,1.0,0.0
6584,Brute Force,Brute Force,0.0,1.0,0.0,0.0,0.0
6585,Normal,Normal,0.0,0.0007699594541625464,0.0,0.9900109610506698,0.009219079495167653
6586,Normal,Normal,0.0,0.010974122916720872,0.0,0.9800918681289414,0.008934008954337637
6587,Normal,Normal,0.0,0.0,1.9051442161899594e-05,0.9999809485578381,0.0
6588,Normal,Normal,0.0,0.0,0.0,1.0,0.0
6589,Normal,Normal,0.0,0.0,0.0,1.0,0.0
6590,Normal,Normal,0.0,0.0,0.0,1.0,0.0
6591,Normal,Normal,0.0,0.0,1.9051442161899594e-05,0.9999809485578381,0.0
6592,Normal,Bot,0.552848220932623,0.0,0.0003855153781828439,0.4467662636891941,0.0
6593,Brute Force,Brute Force,0.0,1.0,0.0,0.0,0.0
6594,Normal,Normal,0.0,0.0,0.0,1.0,0.0
6595,Brute Force,Brute Force,0.0,0.9999957572263637,4.242773636295104e-06,0.0,0.0
6596,DoS/DDoS,DoS/DDoS,0.0,0.0,1.0,0.0,0.0
6597,DoS/DDoS,DoS/DDoS,0.0,0.0,1.0,0.0,0.0
6598,Normal,Normal,0.0,0.0,0.0,1.0,0.0
6599,Normal,Normal,0.009073301160819095,0.0,0.0024844002773284028,0.9884422985618525,0.0
6600,DoS/DDoS,DoS/DDoS,0.0,0.0,1.0,0.0,0.0
6601,Normal,Normal,0.0,0.0,0.0,1.0,0.0
6602,DoS/DDoS,DoS/DDoS,0.0,0.0,1.0,0.0,0.0
6603,DoS/DDoS,DoS/DDoS,0.0,0.0,0.9999456879835311,5.4312016468903834e-05,0.0
6604,Normal,Normal,0.00015931446215744114,0.09825673155627491,3.805712667943282e-05,0.8204727730720909,0.08107312378279746
6605,Brute Force,Brute Force,0.0,0.9999957572263637,4.242773636295104e-06,0.0,0.0
6606,DoS/DDoS,DoS/DDoS,0.0,0.0,1.0,0.0,0.0
6607,Normal,Normal,0.0,0.006549048586735637,0.02763657837403668,0.9658143730392277,0.0
6608,DoS/DDoS,DoS/DDoS,0.0,0.0,1.0,0.0,0.0
6609,DoS/DDoS,DoS/DDoS,0.0,0.0,1.0,0.0,0.0
6610,DoS/DDoS,DoS/DDoS,0.0,0.0,1.0,0.0,0.0
6611,Normal,Normal,0.0,0.0,0.018307922189506748,0.9816920778104933,0.0
6612,Normal,Normal,0.0,0.009481378790748327,3.805712667943282e-05,0.9865980739676214,0.0038824901149506984
6613,Brute Force,Brute Force,0.0,1.0,0.0,0.0,0.0
6614,Normal,Normal,0.0,0.006559959113506482,0.03573614838942446,0.9577038924970692,0.0
6615,Normal,Normal,0.0,0.0,0.0,1.0,0.0
6616,Brute Force,Brute Force,0.0,1.0,0.0,0.0,0.0
6617,Normal,Normal,0.0,0.0,0.0,1.0,0.0
6618,Bot,Bot,1.0,0.0,0.0,0.0,0.0
6619,Normal,Normal,0.0,0.001230035756853397,0.0,0.99,0.008769964243146603
6620,Brute Force,Brute Force,0.0,1.0,0.0,0.0,0.0
6621,Normal,Normal,0.0,0.0,0.0,1.0,0.0
6622,DoS/DDoS,DoS/DDoS,0.0,0.0,1.0,0.0,0.0
6623,Normal,Normal,0.0,0.0,0.0,1.0,0.0
6624,DoS/DDoS,DoS/DDoS,0.0,0.0,1.0,0.0,0.0
6625,DoS/DDoS,DoS/DDoS,0.0,0.0,1.0,0.0,0.0
6626,Normal,Normal,0.0,0.0,0.0,1.0,0.0
6627,Brute Force,Brute Force,0.0,1.0,0.0,0.0,0.0
6628,DoS/DDoS,DoS/DDoS,0.0,0.0,1.0,0.0,0.0
6629,Brute Force,Brute Force,0.0,0.6627959734793666,5.080590898272907e-05,0.0018192215498484864,0.335333999061802
6630,Normal,Normal,0.0,0.0,0.005046176975945017,0.9949538230240549,0.0
6631,Normal,Normal,0.0,0.0,0.0,1.0,0.0
6632,Normal,Normal,0.0,0.0,0.0,1.0,0.0
6633,DoS/DDoS,DoS/DDoS,0.0,0.0,1.0,0.0,0.0
6634,DoS/DDoS,DoS/DDoS,0.0,0.0,1.0,0.0,0.0
6635,Normal,Normal,0.0,0.0,0.02504774119994299,0.9749522588000571,0.0
6636,Normal,Normal,0.0,0.0,0.0,0.9903242084888704,0.009675791511129546
6637,DoS/DDoS,DoS/DDoS,0.0,0.0,1.0,0.0,0.0
6638,DoS/DDoS,DoS/DDoS,0.0,0.0,1.0,0.0,0.0
6639,DoS/DDoS,DoS/DDoS,0.0,0.0,0.9999878626709298,1.213732907028066e-05,0.0
6640,DoS/DDoS,DoS/DDoS,0.0,0.0,0.995038421673398,0.004961578326602094,0.0
6641,Brute Force,Brute Force,0.0,1.0,0.0,0.0,0.0
6642,DoS/DDoS,DoS/DDoS,0.0,0.0,1.0,0.0,0.0
6643,DoS/DDoS,DoS/DDoS,0.0,0.0,1.0,0.0,0.0
6644,DoS/DDoS,DoS/DDoS,0.0,0.0,1.0,0.0,0.0
6645,Normal,Normal,0.0,0.0,0.0,1.0,0.0
6646,Normal,Normal,0.0,0.0,0.005014047441231907,0.9949859525587681,0.0
6647,DoS/DDoS,DoS/DDoS,0.0,0.0,1.0,0.0,0.0
6648,Brute Force,Brute Force,0.0,1.0,0.0,0.0,0.0
6649,Brute Force,Brute Force,0.0,1.0,0.0,0.0,0.0
6650,DoS/DDoS,DoS/DDoS,0.0,0.017963914646408223,0.9599419126429308,0.02209417271066112,0.0
6651,Normal,Normal,0.0,0.009736819893818659,0.0,0.9902631801061813,0.0
6652,Brute Force,Brute Force,0.0,1.0,0.0,0.0,0.0
6653,Normal,Normal,0.0,0.0,0.0,1.0,0.0
6654,DoS/DDoS,DoS/DDoS,0.0,0.0,1.0,0.0,0.0
6655,Normal,Normal,0.0,0.0,0.020019079020914644,0.9799809209790854,0.0
6656,DoS/DDoS,DoS/DDoS,0.0,0.0,1.0,0.0,0.0
6657,Normal,Normal,0.0,0.0,0.0,1.0,0.0
6658,DoS/DDoS,DoS/DDoS,0.0,0.0006831426335049337,0.9912170275324054,0.008099829834089736,0.0
6659,DoS/DDoS,DoS/DDoS,0.0,0.0,1.0,0.0,0.0
6660,Brute Force,Brute Force,0.0,0.9999957572263637,4.242773636295104e-06,0.0,0.0
6661,Brute Force,Brute Force,0.0,1.0,0.0,0.0,0.0
6662,DoS/DDoS,DoS/DDoS,0.0,0.0,1.0,0.0,0.0
6663,DoS/DDoS,DoS/DDoS,0.0,0.0,1.0,0.0,0.0
6664,Normal,Normal,0.0,0.0,0.0,1.0,0.0
6665,Brute Force,Brute Force,0.0,0.9999957572263637,4.242773636295104e-06,0.0,0.0
6666,Normal,Normal,0.0,0.0,0.1181112372988506,0.8818887627011494,0.0
6667,DoS/DDoS,DoS/DDoS,0.0,0.0,1.0,0.0,0.0
6668,DoS/DDoS,DoS/DDoS,0.0,0.0,0.9920909019169782,0.00790909808302173,0.0
6669,DoS/DDoS,DoS/DDoS,0.0,0.0,1.0,0.0,0.0
6670,Normal,Normal,0.0,0.022523074438785713,0.003206429168850355,0.7740060768609056,0.20026441953145807
6671,DoS/DDoS,DoS/DDoS,0.0,0.0,1.0,0.0,0.0
6672,Normal,Normal,0.0,0.0,0.0,1.0,0.0
6673,Normal,Normal,0.0,0.0,0.0,1.0,0.0
6674,Brute Force,Brute Force,0.0,1.0,0.0,0.0,0.0
6675,Normal,Normal,0.0,0.0,0.0,1.0,0.0
6676,Normal,Normal,0.03622080577467115,0.0,0.15999459632887536,0.8037845978964535,0.0
6677,DoS/DDoS,DoS/DDoS,0.0,0.00038870409189376286,0.9796258122929382,0.016289697991923254,0.0036957856232448416
6678,DoS/DDoS,DoS/DDoS,0.0,0.007205806833319919,0.974742421104238,0.018051772062442132,0.0
6679,Bot,Bot,1.0,0.0,0.0,0.0,0.0
6680,DoS/DDoS,DoS/DDoS,0.0,0.0,1.0,0.0,0.0
6681,Brute Force,Brute Force,0.0,1.0,0.0,0.0,0.0
6682,Brute Force,Brute Force,0.0,1.0,0.0,0.0,0.0
6683,Brute Force,Brute Force,0.0,1.0,0.0,0.0,0.0
6684,DoS/DDoS,DoS/DDoS,0.0,0.0,0.9998464559900256,0.0001535440099744956,0.0
6685,Normal,Normal,0.0,0.0,0.0,1.0,0.0
6686,Normal,Normal,0.0,0.0,0.0,1.0,0.0
6687,Normal,Normal,0.0,0.0,0.0,1.0,0.0
6688,Normal,Normal,0.0,0.0,0.0,1.0,0.0
6689,DoS/DDoS,DoS/DDoS,0.0,0.0,1.0,0.0,0.0
6690,Brute Force,Brute Force,0.0,0.8668556041724598,0.00020549256613933774,0.06779329377057443,0.06514560949082647
6691,Normal,Normal,0.0,0.0,0.0,1.0,0.0
6692,Brute Force,Brute Force,0.0,1.0,0.0,0.0,0.0
6693,Web Attack,Web Attack,0.0,0.18434158195029998,3.7583605044024734e-06,0.0006985773754304222,0.8149560823137654
6694,Normal,Normal,0.0,0.0,0.0009894831345389253,0.9990105168654612,0.0
6695,Normal,Normal,0.0,0.10320510411990089,0.003206429168850355,0.6959378091934357,0.19765065751781305
6696,Normal,Normal,0.0,0.0,0.0,1.0,0.0
6697,Brute Force,Brute Force,0.0,1.0,0.0,0.0,0.0
6698,Brute Force,Brute Force,0.0,0.587613705805393,1.1980490327606729e-05,0.0009387750388936073,0.4114355386653859
6699,Normal,Normal,0.019101930333114366,0.0,3.5391586997037206e-06,0.9808945305081861,0.0
6700,Brute Force,Brute Force,0.00015931446215744114,0.6096058538270455,0.0024066684103046143,0.05676563116059039,0.3310625321399019
6701,Normal,Normal,0.0,0.0,0.0,1.0,0.0
6702,DoS/DDoS,DoS/DDoS,0.0,0.0,0.9925252970117853,0.007474702988214699,0.0
6703,DoS/DDoS,DoS/DDoS,0.0,0.0,1.0,0.0,0.0
6704,Brute Force,Brute Force,0.0,1.0,0.0,0.0,0.0
6705,DoS/DDoS,DoS/DDoS,0.0,0.0,1.0,0.0,0.0
6706,DoS/DDoS,DoS/DDoS,0.0,0.0,1.0,0.0,0.0
6707,DoS/DDoS,DoS/DDoS,0.0,0.0,1.0,0.0,0.0
6708,DoS/DDoS,DoS/DDoS,0.0,0.0,0.9999456879835311,5.4312016468903834e-05,0.0
6709,Normal,Normal,0.0,0.0,0.0,1.0,0.0
6710,DoS/DDoS,DoS/DDoS,0.0,0.0,0.9999456879835311,5.4312016468903834e-05,0.0
6711,DoS/DDoS,DoS/DDoS,0.0,0.0,1.0,0.0,0.0
6712,Web Attack,Web Attack,0.0,0.0014470981155848745,0.04225547866898044,0.0629173846817693,0.8933800385336654
6713,Normal,Normal,0.0,0.0,0.0,1.0,0.0
6714,DoS/DDoS,DoS/DDoS,0.0,0.0,1.0,0.0,0.0
6715,DoS/DDoS,DoS/DDoS,0.0,0.0,1.0,0.0,0.0
6716,DoS/DDoS,DoS/DDoS,0.0,0.0,1.0,0.0,0.0
6717,Brute Force,Brute Force,0.0,0.7944200395116477,6.409608984545085e-05,0.0034023752032887244,0.2021134891952179
6718,DoS/DDoS,DoS/DDoS,0.0,0.0,1.0,0.0,0.0
6719,Normal,Normal,0.0,0.0,0.0,1.0,0.0
6720,Brute Force,Brute Force,0.0,1.0,0.0,0.0,0.0
6721,Normal,Normal,0.0,0.0,0.0,1.0,0.0
6722,Brute Force,Brute Force,0.0,1.0,0.0,0.0,0.0
6723,Normal,Normal,0.0,0.0,0.0,1.0,0.0
6724,Normal,Normal,0.0,0.0,0.0,0.9903242084888704,0.009675791511129546
6725,DoS/DDoS,DoS/DDoS,0.0,0.0,1.0,0.0,0.0
6726,DoS/DDoS,DoS/DDoS,0.0,0.0,1.0,0.0,0.0
6727,Brute Force,Brute Force,0.0,1.0,0.0,0.0,0.0
6728,Brute Force,Brute Force,0.0,1.0,0.0,0.0,0.0
6729,DoS/DDoS,DoS/DDoS,0.0,0.0,1.0,0.0,0.0
6730,DoS/DDoS,DoS/DDoS,0.0,0.0,1.0,0.0,0.0
6731,Normal,Normal,0.0,0.0,0.0,1.0,0.0
6732,Brute Force,Brute Force,0.0,0.9999957572263637,4.242773636295104e-06,0.0,0.0
6733,Normal,Normal,0.0,0.0,0.0,1.0,0.0
6734,DoS/DDoS,DoS/DDoS,0.0,0.0,1.0,0.0,0.0
6735,DoS/DDoS,DoS/DDoS,0.0,0.0,1.0,0.0,0.0
6736,Normal,Normal,0.0,0.0,0.0,1.0,0.0
6737,Normal,Normal,0.0,0.0,0.004970649294867206,0.9950293507051328,0.0
6738,DoS/DDoS,DoS/DDoS,0.0,0.0,1.0,0.0,0.0
6739,Normal,Normal,0.0,0.0,0.0,1.0,0.0
6740,Normal,Normal,0.22744206951759963,0.0,0.0015496476728424327,0.7710082828095577,0.0
6741,DoS/DDoS,DoS/DDoS,0.0,0.0,1.0,0.0,0.0
6742,Normal,Normal,0.0,0.0,0.0,1.0,0.0
6743,Normal,Normal,0.0,0.0,0.0,1.0,0.0
6744,DoS/DDoS,DoS/DDoS,0.0,0.0,1.0,0.0,0.0
6745,Normal,Normal,0.0,0.01,0.04077255501727064,0.9492274449827295,0.0
6746,Normal,Normal,0.0,0.0,0.0,1.0,0.0
6747,DoS/DDoS,DoS/DDoS,0.0,0.0,1.0,0.0,0.0
6748,DoS/DDoS,DoS/DDoS,0.0,0.0,1.0,0.0,0.0
6749,Normal,Normal,0.0,0.0,0.0,1.0,0.0
6750,Normal,Normal,0.0,0.0,0.0,1.0,0.0
6751,Web Attack,Web Attack,0.0,0.36563173288450196,7.031744054494311e-06,0.000851447361075679,0.6335097880103678
6752,Normal,Normal,0.0,0.0,0.0,1.0,0.0
6753,DoS/DDoS,DoS/DDoS,0.0,0.0,1.0,0.0,0.0
6754,Brute Force,Brute Force,0.0,1.0,0.0,0.0,0.0
6755,Normal,Normal,0.0,0.0,0.0,1.0,0.0
6756,Normal,Normal,0.0,0.0,0.0,1.0,0.0
6757,Normal,Normal,0.0,0.0,0.0,1.0,0.0
6758,DoS/DDoS,DoS/DDoS,0.0,0.0,1.0,0.0,0.0
6759,Brute Force,Brute Force,0.0,1.0,0.0,0.0,0.0
6760,Brute Force,Brute Force,0.0,1.0,0.0,0.0,0.0
6761,DoS/DDoS,DoS/DDoS,0.0,0.0,1.0,0.0,0.0
6762,Bot,Bot,1.0,0.0,0.0,0.0,0.0
6763,DoS/DDoS,DoS/DDoS,0.0,0.0,1.0,0.0,0.0
6764,DoS/DDoS,DoS/DDoS,0.0,0.0,1.0,0.0,0.0
6765,DoS/DDoS,DoS/DDoS,0.0,0.0,1.0,0.0,0.0
6766,Normal,Normal,0.0,0.0,0.0,1.0,0.0
6767,DoS/DDoS,DoS/DDoS,0.0,0.0,1.0,0.0,0.0
6768,Web Attack,Web Attack,0.0,0.21582320634684474,3.7583605044024734e-06,0.0006541029345634021,0.783518932358087
6769,DoS/DDoS,DoS/DDoS,0.0,0.0,1.0,0.0,0.0
6770,Brute Force,Brute Force,0.0,1.0,0.0,0.0,0.0
6771,Normal,Normal,0.0,0.0,0.0,1.0,0.0
6772,Normal,Normal,0.0,0.0,0.0,1.0,0.0
6773,Brute Force,Brute Force,0.0,1.0,0.0,0.0,0.0
6774,DoS/DDoS,DoS/DDoS,0.0,0.0,1.0,0.0,0.0
6775,DoS/DDoS,DoS/DDoS,0.0,0.0,1.0,0.0,0.0
6776,Normal,Normal,0.00015931446215744114,0.048186992864769164,3.805712667943282e-05,0.8967833663314392,0.05483226921495485
6777,DoS/DDoS,DoS/DDoS,0.0,0.0,1.0,0.0,0.0
6778,DoS/DDoS,DoS/DDoS,0.0,0.0,1.0,0.0,0.0
6779,Web Attack,Web Attack,0.0,0.1626221274465135,3.7583605044024734e-06,0.07063633009308977,0.7667377840998921
6780,Normal,Normal,0.0,0.009168889160110529,0.0,0.9879735966954413,0.0028575141444481863
6781,Normal,Normal,0.0,0.0,0.0,1.0,0.0
6782,Normal,Normal,0.0,0.0,0.0,1.0,0.0
6783,DoS/DDoS,DoS/DDoS,0.0,0.0,1.0,0.0,0.0
6784,DoS/DDoS,DoS/DDoS,0.0,0.0,1.0,0.0,0.0
6785,DoS/DDoS,DoS/DDoS,0.0,0.0,0.9999578253126014,4.217468739862318e-05,0.0
6786,DoS/DDoS,DoS/DDoS,0.0,0.0,0.9998543238170151,0.00014567618298485063,0.0
6787,DoS/DDoS,DoS/DDoS,0.0,0.0,1.0,0.0,0.0
6788,Normal,Normal,0.0,0.0,0.0,1.0,0.0
6789,DoS/DDoS,DoS/DDoS,0.0,0.0,1.0,0.0,0.0
6790,Normal,Normal,0.0,0.0,0.0,1.0,0.0
6791,Brute Force,Brute Force,0.0,0.9999957572263637,4.242773636295104e-06,0.0,0.0
6792,Normal,Normal,0.0,0.0,0.0,1.0,0.0
6793,Brute Force,Brute Force,0.0,0.9999957572263637,4.242773636295104e-06,0.0,0.0
6794,Bot,Bot,0.966769876156882,0.0,3.700861649006183e-05,0.03319311522662763,0.0
6795,DoS/DDoS,DoS/DDoS,0.0,0.0,1.0,0.0,0.0
6796,Brute Force,Brute Force,0.0,1.0,0.0,0.0,0.0
6797,DoS/DDoS,DoS/DDoS,0.0,0.0,1.0,0.0,0.0
6798,Normal,Normal,0.0,0.0,0.0,1.0,0.0
6799,Normal,Normal,0.0,0.0,0.0,1.0,0.0
6800,Normal,Normal,0.014222178813692097,0.003112419453541735,0.0,0.9702776312038088,0.012387770528957337
6801,Normal,Normal,0.0,0.0,0.0,1.0,0.0
6802,Normal,Normal,0.0,0.0,0.0,1.0,0.0
6803,Web Attack,Web Attack,0.0,0.4613837812014549,7.031744054494311e-06,0.0008565478045802998,0.5377526392499103
6804,DoS/DDoS,DoS/DDoS,0.0,0.0,1.0,0.0,0.0
6805,Normal,Normal,0.00015931446215744114,0.04576604369991911,0.00013457106561963117,0.8573815622711579,0.09655850850114606
6806,Brute Force,Brute Force,0.0,0.9999957572263637,4.242773636295104e-06,0.0,0.0
6807,Normal,Normal,0.0,0.0,0.0,1.0,0.0
6808,Brute Force,Brute Force,0.0,1.0,0.0,0.0,0.0
6809,Brute Force,Brute Force,0.0,0.9999957572263637,4.242773636295104e-06,0.0,0.0
6810,DoS/DDoS,DoS/DDoS,0.0,0.0,1.0,0.0,0.0
6811,DoS/DDoS,DoS/DDoS,0.0,0.0,0.9949674017599487,0.005032598240051303,0.0
6812,Normal,Normal,0.0,0.054720514582431566,0.06295598783988961,0.8230367609486073,0.05928673662907153
6813,DoS/DDoS,DoS/DDoS,0.0,0.0,1.0,0.0,0.0
6814,DoS/DDoS,DoS/DDoS,0.0,0.0,0.9999456879835311,5.4312016468903834e-05,0.0
6815,Normal,Normal,0.0,0.0,0.0,1.0,0.0
6816,Brute Force,Brute Force,0.0,1.0,0.0,0.0,0.0
6817,Brute Force,Brute Force,0.0,0.5035875519485296,7.031744054494311e-06,0.0008893974060840762,0.4955160189013321
6818,Brute Force,Brute Force,0.0,0.9999957572263637,4.242773636295104e-06,0.0,0.0
6819,Normal,Normal,0.0,0.0,0.00828193291437771,0.9817180670856221,0.01
6820,DoS/DDoS,DoS/DDoS,0.0,0.0,1.0,0.0,0.0
6821,Normal,Normal,0.0,0.0,0.0,1.0,0.0
6822,Brute Force,Brute Force,0.0,1.0,0.0,0.0,0.0
6823,DoS/DDoS,DoS/DDoS,0.0,0.0,1.0,0.0,0.0
6824,Normal,Normal,0.0,0.004756110101806465,0.005023770666288227,0.9902201192319053,0.0
6825,Normal,Normal,0.0,0.0,0.0,1.0,0.0
6826,DoS/DDoS,DoS/DDoS,0.0,0.0,1.0,0.0,0.0
6827,DoS/DDoS,DoS/DDoS,0.0,0.0,1.0,0.0,0.0
6828,Brute Force,Brute Force,0.0,1.0,0.0,0.0,0.0
6829,Normal,Normal,0.0,0.0,0.0,1.0,0.0
6830,DoS/DDoS,DoS/DDoS,0.0,0.0,1.0,0.0,0.0
6831,Normal,Normal,0.0,0.0,1.9051442161899594e-05,0.9999809485578381,0.0
6832,DoS/DDoS,DoS/DDoS,0.0,0.0,1.0,0.0,0.0
6833,Normal,Normal,0.0,0.0,0.0,1.0,0.0
6834,DoS/DDoS,DoS/DDoS,0.0,0.0,1.0,0.0,0.0
6835,Normal,Normal,0.0,0.01791399105337696,0.0,0.982086008946623,0.0
6836,DoS/DDoS,DoS/DDoS,0.0,0.0,1.0,0.0,0.0
6837,Normal,Normal,0.0,0.0,1.9051442161899594e-05,0.9999809485578381,0.0
6838,Normal,Normal,0.0,0.0,0.0,1.0,0.0
6839,DoS/DDoS,DoS/DDoS,0.0,0.0,1.0,0.0,0.0
6840,Bot,Bot,1.0,0.0,0.0,0.0,0.0
6841,Brute Force,Brute Force,0.0,1.0,0.0,0.0,0.0
6842,DoS/DDoS,DoS/DDoS,0.0,0.0,0.9982152136869078,0.001784786313092262,0.0
6843,DoS/DDoS,DoS/DDoS,0.0,0.0,1.0,0.0,0.0
6844,DoS/DDoS,DoS/DDoS,0.0,0.0,1.0,0.0,0.0
6845,DoS/DDoS,DoS/DDoS,0.0,0.0,1.0,0.0,0.0
6846,Bot,Bot,0.999863717745244,0.0,2.6673565380087433e-06,0.00013361489821793257,0.0
6847,DoS/DDoS,DoS/DDoS,0.0,0.0,1.0,0.0,0.0
6848,DoS/DDoS,DoS/DDoS,0.0,0.0,0.9989013979229091,0.0010986020770908916,0.0
6849,Normal,Normal,0.0,0.03100424295728524,0.04250486255387616,0.9264908944888386,0.0
6850,Brute Force,Brute Force,0.0,1.0,0.0,0.0,0.0
6851,DoS/DDoS,DoS/DDoS,0.0,0.0,0.9883082422969579,0.011691757703042118,0.0
6852,DoS/DDoS,DoS/DDoS,0.0,0.0,0.9800270774186594,0.01997292258134075,0.0
6853,Normal,Normal,0.0,0.0,0.0,1.0,0.0
6854,DoS/DDoS,DoS/DDoS,0.0,0.0,1.0,0.0,0.0
6855,Normal,Normal,0.0,0.0,0.0,1.0,0.0
6856,Normal,Normal,0.0,0.0,0.0,1.0,0.0
6857,Normal,Normal,0.0,0.0,0.0,1.0,0.0
6858,DoS/DDoS,DoS/DDoS,0.0,0.0,1.0,0.0,0.0
6859,Bot,Bot,1.0,0.0,0.0,0.0,0.0
6860,DoS/DDoS,DoS/DDoS,0.0,0.0,1.0,0.0,0.0
6861,Normal,Normal,0.0,0.0,0.0,1.0,0.0
6862,DoS/DDoS,DoS/DDoS,0.0,0.0,1.0,0.0,0.0
6863,Brute Force,Web Attack,0.0,0.2358913774218896,3.7583605044024734e-06,0.0008702102685541727,0.763234653949052
6864,DoS/DDoS,DoS/DDoS,0.0,0.0,1.0,0.0,0.0
6865,Normal,Normal,0.0,0.0,0.0,1.0,0.0
6866,Brute Force,Brute Force,0.0,1.0,0.0,0.0,0.0
6867,Bot,Bot,0.9998997013881337,0.0,2.6673565380087433e-06,9.763125532836162e-05,0.0
6868,Brute Force,Brute Force,0.0,1.0,0.0,0.0,0.0
6869,Brute Force,Brute Force,0.0,0.9999957572263637,4.242773636295104e-06,0.0,0.0
6870,Normal,Normal,0.0,0.0,0.0,1.0,0.0
6871,Normal,Normal,0.0,0.0,0.0,1.0,0.0
6872,Normal,Normal,0.0,0.0,1.9051442161899594e-05,0.9999809485578381,0.0
6873,Normal,Normal,0.0,0.06976639150095104,3.805712667943282e-05,0.9191478519570337,0.011047699415335923
6874,Normal,Normal,0.0,0.0,0.0,1.0,0.0
6875,DoS/DDoS,DoS/DDoS,0.0,0.0,1.0,0.0,0.0
6876,DoS/DDoS,DoS/DDoS,0.0,0.0,1.0,0.0,0.0
6877,Bot,Bot,0.999863717745244,0.0,2.6673565380087433e-06,0.00013361489821793257,0.0
6878,Brute Force,Brute Force,0.0,0.8113240663574506,0.00010758034535900212,0.0156651574355479,0.17290319586164243
6879,Normal,Normal,0.0,0.0,0.0,1.0,0.0
6880,DoS/DDoS,DoS/DDoS,0.0,0.0,1.0,0.0,0.0
6881,Normal,Normal,0.0,0.0,0.0,1.0,0.0
6882,DoS/DDoS,DoS/DDoS,0.0,0.0197717087281869,0.9369856900650256,0.016372037839130663,0.026870563367656856
6883,Normal,Normal,0.0,0.018497951195645526,0.0,0.9815020488043544,0.0
6884,Brute Force,Brute Force,0.0,1.0,0.0,0.0,0.0
6885,Normal,Normal,0.27247496679559324,0.0,2.1317506076340556e-05,0.7275037156983305,0.0
6886,Normal,Normal,0.0,0.0,0.024988049798451827,0.9750119502015483,0.0
6887,Brute Force,Brute Force,0.0,1.0,0.0,0.0,0.0
6888,Bot,Bot,0.9730739744624951,0.0,5.176293157457111e-05,0.02687426260592997,0.0
6889,Normal,Normal,0.0,0.0,0.0,1.0,0.0
6890,Normal,Normal,0.0,0.0,0.004996418594656543,0.9950035814053435,0.0
6891,DoS/DDoS,DoS/DDoS,0.0,0.0,1.0,0.0,0.0
6892,Normal,Normal,0.0,0.013995826781315382,0.0033454501972976203,0.982658723021387,0.0
6893,Normal,Normal,0.28847015181426816,0.0,3.124210236783019e-05,0.7114986060833638,0.0
6894,Brute Force,Brute Force,0.0,1.0,0.0,0.0,0.0
6895,Normal,Normal,0.0,0.0,0.0,1.0,0.0
6896,Brute Force,Brute Force,0.0,1.0,0.0,0.0,0.0
6897,Brute Force,Brute Force,0.0,1.0,0.0,0.0,0.0
6898,DoS/DDoS,DoS/DDoS,0.0,0.0,1.0,0.0,0.0
6899,Brute Force,Brute Force,0.0,1.0,0.0,0.0,0.0
6900,Normal,Normal,0.0,0.019938629111587808,3.805712667943282e-05,0.9647533390762613,0.01526997468547138
6901,Normal,Normal,0.0,0.0,0.0,1.0,0.0
6902,Normal,Normal,0.0,0.0,0.0,1.0,0.0
6903,Bot,Bot,1.0,0.0,0.0,0.0,0.0
6904,Bot,Bot,0.8634830887697662,0.0,3.700861649006183e-05,0.13647990261374338,0.0
6905,Brute Force,Brute Force,0.0,0.9999957572263637,4.242773636295104e-06,0.0,0.0
6906,Normal,Normal,0.06455047326157232,0.0,3.5391586997037206e-06,0.9354459875797281,0.0
6907,Brute Force,Brute Force,0.0,1.0,0.0,0.0,0.0
6908,DoS/DDoS,DoS/DDoS,0.0,0.0,0.9947432689469926,0.0052567310530073595,0.0
6909,DoS/DDoS,DoS/DDoS,0.0,0.0,1.0,0.0,0.0
6910,DoS/DDoS,DoS/DDoS,0.0,0.0,1.0,0.0,0.0
6911,DoS/DDoS,DoS/DDoS,0.0,0.0,1.0,0.0,0.0
6912,Brute Force,Brute Force,0.0,1.0,0.0,0.0,0.0
6913,DoS/DDoS,DoS/DDoS,0.0,0.0,1.0,0.0,0.0
6914,DoS/DDoS,DoS/DDoS,0.0,0.0,1.0,0.0,0.0
6915,Brute Force,Brute Force,0.0,1.0,0.0,0.0,0.0
6916,Brute Force,Web Attack,0.0,0.40254705648632433,7.031744054494311e-06,0.06184114166167091,0.5356047701079504
6917,DoS/DDoS,DoS/DDoS,0.0,0.0,1.0,0.0,0.0
6918,DoS/DDoS,DoS/DDoS,0.0,0.0,1.0,0.0,0.0
6919,Normal,Normal,0.0,0.0,0.0,1.0,0.0
6920,DoS/DDoS,DoS/DDoS,0.0,0.0,1.0,0.0,0.0
6921,Brute Force,Brute Force,0.0,0.9999957572263637,4.242773636295104e-06,0.0,0.0
6922,Normal,Normal,0.0,0.0,0.0,1.0,0.0
6923,Normal,Normal,0.0,0.0,0.0020195782048513643,0.9979804217951487,0.0
6924,Normal,Normal,0.0,0.01268594188451855,3.805712667943282e-05,0.9722818634441011,0.014994137544700843
6925,Brute Force,Brute Force,0.0,1.0,0.0,0.0,0.0
6926,Normal,Normal,0.0,0.0,0.0,1.0,0.0
6927,DoS/DDoS,DoS/DDoS,0.0,0.0,1.0,0.0,0.0
6928,Brute Force,Brute Force,0.0,1.0,0.0,0.0,0.0
6929,Normal,Normal,0.0,0.0,0.0,1.0,0.0
6930,Normal,Normal,0.0,0.006472726906159469,0.054233146367188005,0.9109353909444328,0.02835873578221987
6931,Brute Force,Brute Force,0.0,1.0,0.0,0.0,0.0
6932,DoS/DDoS,DoS/DDoS,0.0,0.0,1.0,0.0,0.0
6933,DoS/DDoS,DoS/DDoS,0.0,0.0,1.0,0.0,0.0
6934,DoS/DDoS,DoS/DDoS,0.0,0.0,1.0,0.0,0.0
6935,Brute Force,Brute Force,0.0,1.0,0.0,0.0,0.0
6936,DoS/DDoS,DoS/DDoS,0.0,0.0,1.0,0.0,0.0
6937,Brute Force,Brute Force,0.0,1.0,0.0,0.0,0.0
6938,DoS/DDoS,DoS/DDoS,0.0,0.0,1.0,0.0,0.0
6939,Brute Force,Brute Force,0.0,1.0,0.0,0.0,0.0
6940,DoS/DDoS,DoS/DDoS,0.0,0.0,1.0,0.0,0.0
6941,Bot,Bot,0.9757093931623662,0.0,5.176293157457111e-05,0.024238843906058904,0.0
6942,DoS/DDoS,DoS/DDoS,0.0,0.0,1.0,0.0,0.0
6943,Normal,Normal,0.0,0.0,0.0,1.0,0.0
6944,DoS/DDoS,DoS/DDoS,0.0,0.0,1.0,0.0,0.0
6945,Normal,Normal,0.0,0.0,0.0,1.0,0.0
6946,Normal,Normal,0.0,0.0,0.0,1.0,0.0
6947,DoS/DDoS,DoS/DDoS,0.0,0.0,0.9999456879835311,5.4312016468903834e-05,0.0
6948,Normal,Normal,0.008248225033080559,0.0,0.0070407345470492174,0.9847110404198702,0.0
6949,Normal,Normal,0.0,0.0,0.0,1.0,0.0
6950,DoS/DDoS,DoS/DDoS,0.0,0.017898035468367948,0.8323026991394632,0.14979926539216878,0.0
6951,Normal,Normal,0.0,0.0,0.003332858398043267,0.9966671416019568,0.0
6952,Normal,Normal,0.0,0.0,0.0,1.0,0.0
6953,DoS/DDoS,DoS/DDoS,0.0,0.0,1.0,0.0,0.0
6954,DoS/DDoS,DoS/DDoS,0.0,0.0,1.0,0.0,0.0
6955,Normal,Normal,0.0,0.0,0.0,1.0,0.0
6956,DoS/DDoS,DoS/DDoS,0.0,0.0,0.9990482730015501,0.000951726998450009,0.0
6957,Normal,Normal,0.354254297365734,0.0,0.00017904536674591767,0.6455666572675202,0.0
6958,Bot,Bot,0.9998566446327857,0.0,2.6673565380087433e-06,0.00014068801067621984,0.0
6959,Brute Force,Brute Force,0.0,1.0,0.0,0.0,0.0
6960,Brute Force,Brute Force,0.0,0.99,0.0,0.01,0.0
6961,Normal,Normal,0.0,0.0,0.0,1.0,0.0
6962,DoS/DDoS,DoS/DDoS,0.0,0.0,1.0,0.0,0.0
6963,Normal,Normal,0.0,0.0,0.004938849949935632,0.9950611500500643,0.0
6964,DoS/DDoS,DoS/DDoS,0.0,0.0,1.0,0.0,0.0
6965,Normal,Normal,0.0,0.0,0.0,1.0,0.0
6966,DoS/DDoS,DoS/DDoS,0.0,0.0,1.0,0.0,0.0
6967,Normal,Normal,0.0,0.0,0.0,1.0,0.0
6968,DoS/DDoS,DoS/DDoS,0.0,0.0,1.0,0.0,0.0
6969,DoS/DDoS,DoS/DDoS,0.0,0.0,1.0,0.0,0.0
6970,Normal,Normal,0.0,0.043652723691551126,0.00013457106561963117,0.9408690345582478,0.015343670684581541
6971,DoS/DDoS,DoS/DDoS,0.0,0.0,1.0,0.0,0.0
6972,Normal,Normal,0.0,0.0,0.002493463994166504,0.9975065360058335,0.0
6973,Normal,Normal,0.0,0.0,0.0001237994570211309,0.9998762005429788,0.0
6974,Brute Force,Brute Force,0.0,0.7146507971128874,0.0018797823049187745,0.16520795199019617,0.11826146859199754
6975,DoS/DDoS,DoS/DDoS,0.0,0.0,1.0,0.0,0.0
6976,Brute Force,Brute Force,0.0,1.0,0.0,0.0,0.0
6977,DoS/DDoS,DoS/DDoS,0.0,0.0,1.0,0.0,0.0
6978,Brute Force,Brute Force,0.0,1.0,0.0,0.0,0.0
6979,Normal,Normal,0.0,0.0,0.0,0.9911725229503007,0.008827477049699273
6980,Web Attack,Web Attack,0.0,0.22862473073488304,3.7583605044024734e-06,0.0006985773754304222,0.7706729335291824
6981,Normal,Normal,0.0,0.0,0.0,1.0,0.0
6982,Normal,Normal,0.0,0.015317357111261922,0.0037419842631403687,0.9809406586255978,0.0
6983,Normal,Normal,0.0,0.00240666857975071,0.005227516963095511,0.9837623603998196,0.008603454057334233
6984,Normal,Normal,0.0,0.019155777489956484,0.0006996111509711258,0.9460400093761548,0.03410460198291726
6985,DoS/DDoS,DoS/DDoS,0.0,0.0,0.9999456879835311,5.4312016468903834e-05,0.0
6986,Normal,Normal,0.0,0.0,0.0,1.0,0.0
6987,Normal,Normal,0.0,0.0,0.0,1.0,0.0
6988,Normal,Normal,0.01,0.01,0.0074962343996557166,0.9725037656003442,0.0
6989,DoS/DDoS,DoS/DDoS,0.0,0.0,1.0,0.0,0.0
6990,DoS/DDoS,DoS/DDoS,0.0,0.0,0.994693215667453,0.00530678433254709,0.0
6991,DoS/DDoS,DoS/DDoS,0.0,0.0,1.0,0.0,0.0
6992,DoS/DDoS,DoS/DDoS,0.0,0.0,1.0,0.0,0.0
6993,DoS/DDoS,DoS/DDoS,0.0,0.0,0.990328593124396,0.0,0.009671406875604032
6994,DoS/DDoS,DoS/DDoS,0.0,0.0,1.0,0.0,0.0
6995,Brute Force,Brute Force,0.0,1.0,0.0,0.0,0.0
6996,DoS/DDoS,DoS/DDoS,0.0,0.0,1.0,0.0,0.0
6997,Brute Force,Brute Force,0.0,0.9999957572263637,4.242773636295104e-06,0.0,0.0
6998,Normal,Normal,0.0,0.004869544013655206,0.0,0.9951304559863448,0.0
6999,DoS/DDoS,DoS/DDoS,0.0,0.0,1.0,0.0,0.0
7000,Normal,Normal,0.0,0.0,0.14522606928997364,0.8547739307100265,0.0
7001,DoS/DDoS,DoS/DDoS,0.0,0.0,1.0,0.0,0.0
7002,Normal,Normal,0.037006012021732544,0.0016359573137906922,0.015307747934216518,0.94145873005884,0.00459155267142032
7003,DoS/DDoS,DoS/DDoS,0.0,0.0,1.0,0.0,0.0
7004,DoS/DDoS,DoS/DDoS,0.0,0.0,1.0,0.0,0.0
7005,DoS/DDoS,DoS/DDoS,0.0,0.0,1.0,0.0,0.0
7006,Normal,Normal,0.0,0.0,0.0,1.0,0.0
7007,Brute Force,Brute Force,0.0,1.0,0.0,0.0,0.0
7008,Bot,Bot,0.9063966103755403,0.0,0.0001951828773677432,0.09340820674709205,0.0
7009,DoS/DDoS,DoS/DDoS,0.0,0.0,1.0,0.0,0.0
7010,Normal,Normal,0.0,0.0,0.0,0.9903075655636414,0.009692434436358643
7011,DoS/DDoS,DoS/DDoS,0.0,0.0,0.9990482730015501,0.000951726998450009,0.0
7012,Normal,Normal,0.0,0.0011015704005256873,1.3936795121654873e-06,0.9900528430676288,0.008844192852333415
7013,DoS/DDoS,DoS/DDoS,0.0,0.0,1.0,0.0,0.0
7014,DoS/DDoS,DoS/DDoS,0.0,0.0,1.0,0.0,0.0
7015,Normal,Normal,0.0,0.0,0.0,1.0,0.0
7016,Web Attack,Web Attack,0.0,0.3328995909074674,3.7583605044024734e-06,0.0006595413105382648,0.66643710942149
7017,DoS/DDoS,DoS/DDoS,0.0,0.0,1.0,0.0,0.0
7018,Normal,Normal,0.0,0.004864342423196411,0.05,0.9451356575768035,0.0
7019,DoS/DDoS,DoS/DDoS,0.0,0.020492098615660398,0.830734263527339,0.0933410915703626,0.05543254628663805
7020,Normal,Normal,0.0,0.0,1.9051442161899594e-05,0.9999809485578381,0.0
7021,DoS/DDoS,DoS/DDoS,0.0,0.01,0.961686439782647,0.02831356021735297,0.0
7022,Brute Force,Brute Force,0.0,1.0,0.0,0.0,0.0
7023,Normal,Normal,0.0,0.03295028325254737,3.805712667943282e-05,0.9488841707908535,0.018127488829919564
7024,Normal,Normal,0.0,0.0,0.0,1.0,0.0
7025,Normal,Normal,0.0,0.0,0.0,1.0,0.0
7026,DoS/DDoS,DoS/DDoS,0.0,0.0,1.0,0.0,0.0
7027,DoS/DDoS,DoS/DDoS,0.0,0.0,0.9999878626709298,1.213732907028066e-05,0.0
7028,Normal,Normal,0.0,0.0,0.0,1.0,0.0
7029,Normal,Normal,0.0,0.0,0.0,1.0,0.0
7030,Normal,Normal,0.0,0.0,0.0,1.0,0.0
7031,Normal,Normal,0.3088850122958977,0.0,1.9448812743237454e-05,0.691095538891359,0.0
7032,Web Attack,Brute Force,0.0,0.6281993303065623,6.409608984545085e-05,0.0016896887515219477,0.37004688485207027
7033,Brute Force,Web Attack,0.0,0.391169541923478,7.031744054494311e-06,0.0007185757698652352,0.6081048505626022
7034,Brute Force,Brute Force,0.0,0.9991901177294412,0.0,0.0008098822705588865,0.0
7035,Normal,Normal,0.0,0.0,0.0,1.0,0.0
7036,Web Attack,Web Attack,0.0,0.19443778150272273,3.7583605044024734e-06,0.006342871095272611,0.7992155890415004
7037,Normal,Normal,0.0,0.0,0.0,1.0,0.0
7038,Normal,Normal,0.0,0.0,1.9051442161899594e-05,0.9999809485578381,0.0
7039,Normal,Normal,0.0,0.006013939913288318,0.006669311862311183,0.9837256840474317,0.00359106417696874
7040,DoS/DDoS,DoS/DDoS,0.0,0.0,1.0,0.0,0.0
7041,DoS/DDoS,DoS/DDoS,0.0,0.0,1.0,0.0,0.0
7042,DoS/DDoS,DoS/DDoS,0.0,0.0,1.0,0.0,0.0
7043,Normal,Normal,0.0,0.0,0.0,1.0,0.0
7044,Brute Force,Brute Force,0.0,1.0,0.0,0.0,0.0
7045,DoS/DDoS,DoS/DDoS,0.0,0.0,1.0,0.0,0.0
7046,Normal,Normal,0.0,0.0,0.0,1.0,0.0
7047,Normal,Normal,0.0,0.0,0.0,1.0,0.0
7048,Bot,Bot,0.9735590799120051,0.0,5.176293157457111e-05,0.026389157156420078,0.0
7049,Normal,Normal,0.0,0.02017589888835978,0.047034291986522925,0.9290940235018725,0.0036957856232448416
7050,Brute Force,Brute Force,0.0,1.0,0.0,0.0,0.0
7051,DoS/DDoS,DoS/DDoS,0.0,0.0,1.0,0.0,0.0
7052,Brute Force,Brute Force,0.0,0.9999957572263637,4.242773636295104e-06,0.0,0.0
7053,DoS/DDoS,DoS/DDoS,0.0,0.0,1.0,0.0,0.0
7054,Normal,Normal,0.0,0.0,0.0033103890247086465,0.9966896109752913,0.0
7055,DoS/DDoS,DoS/DDoS,0.0,0.0,0.9999456879835311,5.4312016468903834e-05,0.0
7056,DoS/DDoS,DoS/DDoS,0.0,0.0,0.9565106528182562,0.043489347181743715,0.0
7057,Normal,Normal,0.0,0.0,0.0,1.0,0.0
7058,DoS/DDoS,DoS/DDoS,0.0,0.0,1.0,0.0,0.0
7059,DoS/DDoS,DoS/DDoS,0.0,0.0,1.0,0.0,0.0
7060,Normal,Normal,0.0,0.0,0.0,1.0,0.0
7061,Normal,Normal,0.0,0.0,0.0,1.0,0.0
7062,DoS/DDoS,DoS/DDoS,0.0,0.0,0.8691954017333119,0.130804598266688,0.0
7063,DoS/DDoS,DoS/DDoS,0.0,0.0,1.0,0.0,0.0
7064,Normal,Normal,0.0,0.0,0.026510813721866366,0.9734891862781337,0.0
7065,DoS/DDoS,DoS/DDoS,0.0,0.0,1.0,0.0,0.0
7066,DoS/DDoS,DoS/DDoS,0.0,0.0,1.0,0.0,0.0
7067,DoS/DDoS,DoS/DDoS,0.0,0.0,1.0,0.0,0.0
7068,Brute Force,Brute Force,0.0,0.9999957572263637,4.242773636295104e-06,0.0,0.0
7069,DoS/DDoS,DoS/DDoS,0.0,0.0,1.0,0.0,0.0
7070,Normal,Normal,0.0,0.09500738201230394,0.00013457106561963117,0.8895143762374951,0.015343670684581541
7071,DoS/DDoS,DoS/DDoS,0.0,0.0038672295339789746,0.6348532347912279,0.3612795356747933,0.0
7072,Brute Force,Web Attack,0.0,0.2714197627214879,3.7583605044024734e-06,0.0006985773754304222,0.7278779015425776
7073,Normal,Normal,0.0,0.028499261354206426,3.805712667943282e-05,0.9561927068336427,0.01526997468547138
7074,Normal,Normal,0.0,0.0,0.0,1.0,0.0
7075,DoS/DDoS,DoS/DDoS,0.0,0.0,0.9980348010042774,0.001965198995722525,0.0
7076,DoS/DDoS,DoS/DDoS,0.0,0.0,1.0,0.0,0.0
7077,Normal,Normal,0.0,0.0,0.0,1.0,0.0
7078,Brute Force,Brute Force,0.0,1.0,0.0,0.0,0.0
7079,Normal,Normal,0.0,0.0,0.0,1.0,0.0
7080,Normal,Normal,0.0,0.0,0.0,1.0,0.0
7081,Normal,Normal,0.0,0.0,1.9051442161899594e-05,0.9999809485578381,0.0
7082,DoS/DDoS,DoS/DDoS,0.0,0.0,1.0,0.0,0.0
7083,Normal,Normal,0.039477460974018753,0.0,0.0,0.9605225390259813,0.0
7084,DoS/DDoS,DoS/DDoS,0.0,0.0,1.0,0.0,0.0
7085,DoS/DDoS,DoS/DDoS,0.0,0.0,1.0,0.0,0.0
7086,Web Attack,Web Attack,0.0,0.009918058924872485,0.0103048411081534,0.02364657074668223,0.9561305292202918
7087,DoS/DDoS,DoS/DDoS,0.0,0.0,1.0,0.0,0.0
7088,DoS/DDoS,DoS/DDoS,0.0,0.0,1.0,0.0,0.0
7089,DoS/DDoS,DoS/DDoS,0.0,0.0,0.9998543238170151,0.00014567618298485063,0.0
7090,Normal,Normal,0.0,0.0,0.0,1.0,0.0
7091,Normal,Normal,0.0,0.0,0.0,1.0,0.0
7092,Normal,Normal,0.0009224535197838869,0.0,0.00038673045433758617,0.9986908160258785,0.0
7093,DoS/DDoS,DoS/DDoS,0.0,0.0,1.0,0.0,0.0
7094,DoS/DDoS,DoS/DDoS,0.0,0.0,1.0,0.0,0.0
7095,Normal,Normal,0.0,0.003051759245509436,0.010388916825759185,0.9700753323355383,0.016483991593193057
7096,DoS/DDoS,DoS/DDoS,0.0,0.0,1.0,0.0,0.0
7097,Brute Force,Web Attack,0.0,0.3515685648015725,7.031744054494311e-06,0.0007840335391224768,0.6476403699152504
7098,Brute Force,Brute Force,0.0,1.0,0.0,0.0,0.0
7099,DoS/DDoS,DoS/DDoS,0.0,0.0,1.0,0.0,0.0
7100,Normal,Normal,0.0,0.0,0.0,1.0,0.0
7101,DoS/DDoS,DoS/DDoS,0.0,0.0,1.0,0.0,0.0
7102,Normal,Normal,0.0,0.0,0.0,1.0,0.0
7103,Normal,Normal,0.0,0.0,0.0,1.0,0.0
7104,Normal,Normal,0.0,0.0,0.005023649132865128,0.9949763508671349,0.0
7105,Normal,Normal,0.0,0.0,0.0,1.0,0.0
7106,Normal,Normal,0.0,0.0,0.0,1.0,0.0
7107,DoS/DDoS,DoS/DDoS,0.0,0.0,1.0,0.0,0.0
7108,Normal,Normal,0.0,0.0,0.0,1.0,0.0
7109,Normal,Normal,0.0,0.0,0.0,1.0,0.0
7110,DoS/DDoS,DoS/DDoS,0.0,0.0,1.0,0.0,0.0
7111,Normal,Normal,0.0,0.0,0.0,1.0,0.0
7112,Normal,Normal,0.0,0.0,0.0,1.0,0.0
7113,Brute Force,Brute Force,0.0,1.0,0.0,0.0,0.0
7114,Normal,Normal,0.0,0.0,0.0,1.0,0.0
7115,Brute Force,Brute Force,0.0,0.9691843944852881,0.0,0.030815605514711807,0.0
7116,Normal,Normal,0.0,0.0,0.0,1.0,0.0
7117,Normal,Normal,0.0,0.0,0.0,1.0,0.0
7118,Normal,Normal,0.0,0.03826883801703539,0.1370634511194275,0.8056904234137886,0.018977287449748356
7119,Normal,Normal,0.0,0.0,0.0,1.0,0.0
7120,DoS/DDoS,DoS/DDoS,0.0,0.0,0.9913394775818449,0.008660522418155073,0.0
7121,Normal,Normal,0.0,0.0,0.0019514094377822769,0.9980485905622177,0.0
7122,DoS/DDoS,DoS/DDoS,0.0,0.0,1.0,0.0,0.0
7123,Normal,Normal,0.00969304545243942,0.0,0.03,0.9603069545475605,0.0
7124,DoS/DDoS,DoS/DDoS,0.0,0.0,1.0,0.0,0.0
7125,DoS/DDoS,DoS/DDoS,0.0,0.0,1.0,0.0,0.0
7126,Brute Force,Web Attack,0.0,0.4930726814880949,5.080590898272907e-05,0.002981566407983408,0.5038949461949388
7127,Normal,Normal,0.0,0.0,0.002840596202107231,0.9971594037978927,0.0
7128,Normal,Normal,0.0,0.0,0.0,1.0,0.0
7129,Brute Force,Brute Force,0.0,1.0,0.0,0.0,0.0
7130,DoS/DDoS,DoS/DDoS,0.0,0.0,1.0,0.0,0.0
7131,Brute Force,Brute Force,0.0,1.0,0.0,0.0,0.0
7132,DoS/DDoS,DoS/DDoS,0.0,0.0,1.0,0.0,0.0
7133,Normal,Normal,0.0,0.0,0.0,1.0,0.0
7134,DoS/DDoS,DoS/DDoS,0.0,0.0,1.0,0.0,0.0
7135,Bot,Bot,0.999863717745244,0.0,2.6673565380087433e-06,0.00013361489821793257,0.0
7136,DoS/DDoS,DoS/DDoS,0.0,0.0,1.0,0.0,0.0
7137,Normal,Normal,0.0,0.0,0.0,1.0,0.0
7138,Brute Force,Brute Force,0.0,1.0,0.0,0.0,0.0
7139,Normal,Normal,0.0,0.023166724596054886,3.805712667943282e-05,0.9615252435917943,0.01526997468547138
7140,Bot,Bot,0.9749007535226693,0.0,6.511844699291775e-05,0.025034128030337582,0.0
7141,Normal,Normal,0.0,0.0,0.0,1.0,0.0
7142,Brute Force,Brute Force,0.0,0.7842942100558546,0.00010758034535900212,0.0012731723134649898,0.21432503728532118
7143,DoS/DDoS,DoS/DDoS,0.0,0.0,1.0,0.0,0.0
7144,DoS/DDoS,DoS/DDoS,0.0,0.0,0.9982152136869078,0.001784786313092262,0.0
7145,DoS/DDoS,DoS/DDoS,0.0,0.0,1.0,0.0,0.0
7146,Bot,Bot,0.9747058212149645,0.0,5.176293157457111e-05,0.02524241585346065,0.0
7147,DoS/DDoS,DoS/DDoS,0.0,0.0,1.0,0.0,0.0
7148,Normal,Normal,0.0,0.0,0.0,1.0,0.0
7149,Bot,Bot,0.9889353676801076,0.0,2.6673565380087433e-06,0.011061964963354305,0.0
7150,Normal,Normal,0.0,0.0,0.01,0.99,0.0
7151,DoS/DDoS,DoS/DDoS,0.0,0.0,0.9998543238170151,0.00014567618298485063,0.0
7152,Brute Force,Brute Force,0.0,1.0,0.0,0.0,0.0
7153,Normal,Normal,0.0,0.0,0.0,1.0,0.0
7154,DoS/DDoS,DoS/DDoS,0.0,0.0,0.99,0.01,0.0
7155,DoS/DDoS,DoS/DDoS,0.0,0.0,1.0,0.0,0.0
7156,Normal,Normal,0.0,0.0,0.0,1.0,0.0
7157,DoS/DDoS,DoS/DDoS,0.0,0.0,1.0,0.0,0.0
7158,Normal,Normal,0.0,0.0,0.0,1.0,0.0
7159,Brute Force,Brute Force,0.0,0.9999957572263637,4.242773636295104e-06,0.0,0.0
7160,Normal,Normal,0.0,0.0,0.0,1.0,0.0
7161,Normal,Normal,0.0,0.0,0.0,1.0,0.0
7162,DoS/DDoS,DoS/DDoS,0.0,0.0,1.0,0.0,0.0
7163,DoS/DDoS,DoS/DDoS,0.0,0.0,0.9998543238170151,0.00014567618298485063,0.0
7164,Normal,Normal,0.0,0.004865100087032202,0.08123491012329001,0.9138999897896777,0.0
7165,DoS/DDoS,DoS/DDoS,0.0,0.0,1.0,0.0,0.0
7166,DoS/DDoS,DoS/DDoS,0.0,0.0,1.0,0.0,0.0
7167,Normal,Normal,0.0,0.0,0.0,1.0,0.0
7168,DoS/DDoS,DoS/DDoS,0.0,0.0,1.0,0.0,0.0
7169,Brute Force,Brute Force,0.0,1.0,0.0,0.0,0.0
7170,Normal,Normal,0.0,0.0,0.0,1.0,0.0
7171,Bot,Bot,0.9757093931623662,0.0,5.176293157457111e-05,0.024238843906058904,0.0
7172,Normal,Normal,0.0,0.0,0.0,1.0,0.0
7173,DoS/DDoS,DoS/DDoS,0.0,0.0,1.0,0.0,0.0
7174,Normal,Normal,0.03836183187851249,0.006531764925547309,0.02503151587736422,0.9300748873185759,0.0
7175,Brute Force,Brute Force,0.0,0.9999957572263637,4.242773636295104e-06,0.0,0.0
7176,Normal,Normal,0.0,0.0,0.0,1.0,0.0
7177,DoS/DDoS,DoS/DDoS,0.0,0.007916229177899487,0.9098085356453474,0.08227523517675317,0.0
7178,DoS/DDoS,DoS/DDoS,0.0,0.0,1.0,0.0,0.0
7179,DoS/DDoS,DoS/DDoS,0.0,0.0,1.0,0.0,0.0
7180,DoS/DDoS,DoS/DDoS,0.0,0.00038870409189376286,0.9634623135598974,0.03245319672496408,0.0036957856232448416
7181,DoS/DDoS,DoS/DDoS,0.0,0.0,1.0,0.0,0.0
7182,DoS/DDoS,DoS/DDoS,0.0,0.0,1.0,0.0,0.0
7183,DoS/DDoS,DoS/DDoS,0.0,0.0,1.0,0.0,0.0
7184,Brute Force,Brute Force,0.0,0.9999957572263637,4.242773636295104e-06,0.0,0.0
7185,Brute Force,Brute Force,0.0,1.0,0.0,0.0,0.0
7186,Normal,Normal,0.0,0.006525116279069767,0.009135220694888762,0.9649649571832392,0.019374705842802393
7187,DoS/DDoS,DoS/DDoS,0.0,0.0,1.0,0.0,0.0
7188,Normal,Normal,0.0,0.0028201076079907854,0.01073900890143602,0.984200629941082,0.0022402535494909833
7189,Brute Force,Brute Force,0.0,1.0,0.0,0.0,0.0
7190,Normal,Normal,0.0,0.0,0.0,1.0,0.0
7191,Normal,Normal,0.0,0.0,0.0,1.0,0.0
7192,Normal,Normal,0.0,0.0,0.0,1.0,0.0
7193,DoS/DDoS,DoS/DDoS,0.0,0.0,1.0,0.0,0.0
7194,Normal,Normal,0.0,0.0,0.0,1.0,0.0
7195,Normal,Normal,0.0,0.0,0.0,1.0,0.0
7196,Normal,Normal,0.0,0.0,0.0,1.0,0.0
7197,Normal,Normal,0.0,0.0,0.0,1.0,0.0
7198,Normal,Normal,0.0,0.014295673534494941,0.0007961250899113242,0.9691938766206851,0.01571432475490834
7199,DoS/DDoS,DoS/DDoS,0.0,0.0,1.0,0.0,0.0
7200,Normal,Normal,0.0,0.0,0.01900397944803164,0.9809960205519684,0.0
7201,Normal,Normal,0.0,0.0,0.0,1.0,0.0
7202,Brute Force,Brute Force,0.0,0.9999957572263637,4.242773636295104e-06,0.0,0.0
7203,Normal,Normal,0.028717176060091436,0.003841208561585225,0.005021695831554987,0.9590071814992246,0.003412738047544009
7204,Normal,Normal,0.0,0.0,0.0,1.0,0.0
7205,Brute Force,Brute Force,0.0,1.0,0.0,0.0,0.0
7206,Brute Force,Brute Force,0.0,1.0,0.0,0.0,0.0
7207,Normal,Normal,0.0,0.02531951822694707,0.015335127502945564,0.9593453542701073,0.0
7208,Normal,Normal,0.0,0.0,0.0,1.0,0.0
7209,DoS/DDoS,DoS/DDoS,0.0,0.006001964633345997,0.9023267785049056,0.06988574464394458,0.021785512217803865
7210,DoS/DDoS,DoS/DDoS,0.0,0.0,1.0,0.0,0.0
7211,Normal,Normal,0.0,0.0,0.0,1.0,0.0
7212,Normal,Normal,0.0,0.07802656215768806,0.003206429168850355,0.689761689988726,0.22900531868473564
7213,DoS/DDoS,DoS/DDoS,0.0,0.0036969207005309855,0.9680403039697546,0.010913342915640403,0.017349432414074103
7214,Brute Force,Brute Force,0.0,0.9999957572263637,4.242773636295104e-06,0.0,0.0
7215,Brute Force,Brute Force,0.0,0.9999957572263637,4.242773636295104e-06,0.0,0.0
7216,DoS/DDoS,DoS/DDoS,0.0,0.0,1.0,0.0,0.0
7217,Brute Force,Brute Force,0.0,0.7972294809271625,0.00010758034535900212,0.0016033652639694102,0.20105957346350894
7218,Brute Force,Brute Force,0.0,1.0,0.0,0.0,0.0
7219,Normal,Normal,0.0,0.0,0.0,1.0,0.0
7220,Normal,Normal,0.0,0.0,0.0,1.0,0.0
7221,DoS/DDoS,DoS/DDoS,0.0,0.0,1.0,0.0,0.0
7222,Brute Force,Brute Force,0.0,1.0,0.0,0.0,0.0
7223,Normal,Normal,0.0,0.0,1.9051442161899594e-05,0.9999809485578381,0.0
7224,DoS/DDoS,DoS/DDoS,0.0,0.0,1.0,0.0,0.0
7225,DoS/DDoS,DoS/DDoS,0.0,0.0,1.0,0.0,0.0
7226,Normal,Normal,0.0,0.02143925570017426,0.0,0.9785607442998256,0.0
7227,DoS/DDoS,DoS/DDoS,0.0,0.0,1.0,0.0,0.0
7228,DoS/DDoS,DoS/DDoS,0.0,0.0,1.0,0.0,0.0
7229,Normal,Normal,0.00015931446215744114,0.04166179809527116,0.00013457106561963117,0.8840697996410813,0.07397451673587054
7230,DoS/DDoS,DoS/DDoS,0.0,0.0,1.0,0.0,0.0
7231,Brute Force,Web Attack,0.0,0.3030849710368067,3.7583605044024734e-06,0.0005889683429748978,0.6963223022597141
7232,DoS/DDoS,DoS/DDoS,0.0,0.0,1.0,0.0,0.0
7233,DoS/DDoS,DoS/DDoS,0.0,0.0,1.0,0.0,0.0
7234,DoS/DDoS,DoS/DDoS,0.0,0.0,1.0,0.0,0.0
7235,Normal,Normal,0.0956805400547605,0.0,5.44739917904438e-06,0.9043140125460606,0.0
7236,DoS/DDoS,DoS/DDoS,0.0,0.0,1.0,0.0,0.0
7237,Normal,Normal,0.0,0.0,0.0,1.0,0.0
7238,Brute Force,Brute Force,0.0,1.0,0.0,0.0,0.0
7239,DoS/DDoS,DoS/DDoS,0.0,0.0,0.9999578253126014,4.217468739862318e-05,0.0
7240,DoS/DDoS,DoS/DDoS,0.0,0.0,1.0,0.0,0.0
7241,Normal,Normal,0.0,0.0,0.0,1.0,0.0
7242,Brute Force,Brute Force,0.0,1.0,0.0,0.0,0.0
7243,DoS/DDoS,DoS/DDoS,0.0,0.0,1.0,0.0,0.0
7244,Brute Force,Brute Force,0.0,0.9999957572263637,4.242773636295104e-06,0.0,0.0
7245,Brute Force,Brute Force,0.0,1.0,0.0,0.0,0.0
7246,Normal,Normal,0.0,0.0,0.0,1.0,0.0
7247,Normal,Normal,0.0,0.0,0.0,1.0,0.0
7248,Brute Force,Brute Force,0.0,0.9999957572263637,4.242773636295104e-06,0.0,0.0
7249,DoS/DDoS,DoS/DDoS,0.0,0.0,1.0,0.0,0.0
7250,Normal,Normal,0.0,0.0,0.0,1.0,0.0
7251,Brute Force,Brute Force,0.0,1.0,0.0,0.0,0.0
7252,Normal,Normal,0.0,0.0,0.0,1.0,0.0
7253,Normal,Normal,0.0,0.04148554535032407,0.003206429168850355,0.7666401274967027,0.18866789798412284
7254,DoS/DDoS,DoS/DDoS,0.0,0.0006831426335049337,0.9912170275324054,0.008099829834089736,0.0
7255,DoS/DDoS,DoS/DDoS,0.0,0.0,1.0,0.0,0.0
7256,Brute Force,Brute Force,0.0,1.0,0.0,0.0,0.0
7257,DoS/DDoS,DoS/DDoS,0.0,0.0,1.0,0.0,0.0
7258,DoS/DDoS,DoS/DDoS,0.0,0.0,1.0,0.0,0.0
7259,Brute Force,Brute Force,0.0,1.0,0.0,0.0,0.0
7260,Normal,Normal,0.0,0.0,0.0,1.0,0.0
7261,Normal,Normal,0.0,0.0,0.0,1.0,0.0
7262,Brute Force,Brute Force,0.0,1.0,0.0,0.0,0.0
7263,DoS/DDoS,DoS/DDoS,0.0,0.0,1.0,0.0,0.0
7264,Bot,Bot,0.9766893260957468,0.0,6.511844699291775e-05,0.023245555457260144,0.0
7265,DoS/DDoS,DoS/DDoS,0.0,0.0,1.0,0.0,0.0
7266,Normal,Normal,0.0,0.0,0.0,1.0,0.0
7267,Normal,Normal,0.0,0.0017125713561076481,0.013028920967621219,0.9815627220530264,0.0036957856232448416
7268,DoS/DDoS,DoS/DDoS,0.0,0.0,1.0,0.0,0.0
7269,Brute Force,Brute Force,0.0,0.9999957572263637,4.242773636295104e-06,0.0,0.0
7270,Normal,Normal,0.0,0.0,0.0025295913448663697,0.9974704086551336,0.0
7271,DoS/DDoS,DoS/DDoS,0.0,0.0,1.0,0.0,0.0
7272,Normal,Normal,0.0,0.0,0.0,1.0,0.0
7273,DoS/DDoS,DoS/DDoS,0.0,0.0,1.0,0.0,0.0
7274,Normal,Normal,0.0,0.0,0.0,1.0,0.0
7275,DoS/DDoS,DoS/DDoS,0.0,0.0,1.0,0.0,0.0
7276,Normal,Normal,0.0,0.0,0.0150680743663574,0.9849319256336426,0.0
7277,Bot,Bot,1.0,0.0,0.0,0.0,0.0
7278,Normal,Normal,0.0,0.0,0.0,1.0,0.0
7279,DoS/DDoS,DoS/DDoS,0.0,0.0,1.0,0.0,0.0
7280,Normal,Normal,0.0,0.0,0.004977154280002855,0.9950228457199971,0.0
7281,Normal,Normal,0.0,0.0,0.0,1.0,0.0
7282,Normal,Normal,0.0,0.0,0.0,1.0,0.0
7283,Normal,Normal,0.0,0.0,0.0,1.0,0.0
7284,Normal,Normal,0.0,0.0,1.9051442161899594e-05,0.9999809485578381,0.0
7285,DoS/DDoS,DoS/DDoS,0.0,0.0,1.0,0.0,0.0
7286,Normal,Normal,0.0,0.0,0.001541129721104572,0.9984588702788955,0.0
7287,DoS/DDoS,DoS/DDoS,0.006724586060839432,0.008751964513294045,0.7862905720772615,0.19298568980497083,0.005247187543634272
7288,DoS/DDoS,DoS/DDoS,0.0,0.0,1.0,0.0,0.0
7289,Web Attack,Web Attack,0.0,0.04840206221268575,3.7583605044024734e-06,0.0006175853349901124,0.9509765940918196
7290,DoS/DDoS,DoS/DDoS,0.0,0.0,1.0,0.0,0.0
7291,DoS/DDoS,DoS/DDoS,0.0,0.0,1.0,0.0,0.0
7292,Normal,Normal,0.0,0.005723565367173706,3.805712667943282e-05,0.9919981239566559,0.0022402535494909833
7293,DoS/DDoS,DoS/DDoS,0.0,0.0,1.0,0.0,0.0
7294,Normal,Normal,0.0,0.0,0.014969729344729345,0.9850302706552706,0.0
7295,Normal,Normal,0.0,0.0,0.0,1.0,0.0
7296,Brute Force,Brute Force,0.0,1.0,0.0,0.0,0.0
7297,Brute Force,Brute Force,0.0,1.0,0.0,0.0,0.0
7298,Normal,Normal,0.0,0.010935703542790776,3.805712667943282e-05,0.9833732477334948,0.005652991597034992
7299,DoS/DDoS,DoS/DDoS,0.0,0.0,1.0,0.0,0.0
7300,Normal,Normal,0.23161930222636914,0.0,0.0003819998945657678,0.7679986978790647,0.0
7301,Normal,Normal,0.0,0.0,0.0,1.0,0.0
7302,Normal,Normal,0.0,0.0040001741380593335,0.041510698446109454,0.9161695109983395,0.03831961641749179
7303,Normal,Normal,0.0,0.0,1.9051442161899594e-05,0.9999809485578381,0.0
7304,Normal,Bot,0.7707143556939474,0.0,5.176293157457111e-05,0.22923388137447795,0.0
7305,Normal,Normal,0.0,0.0,0.0,1.0,0.0
7306,Brute Force,Brute Force,0.0,1.0,0.0,0.0,0.0
7307,Normal,Normal,0.0,0.01,0.0,0.99,0.0
7308,DoS/DDoS,DoS/DDoS,0.0,0.0,1.0,0.0,0.0
7309,Brute Force,Brute Force,0.0,0.9999957572263637,4.242773636295104e-06,0.0,0.0
7310,DoS/DDoS,DoS/DDoS,0.0,0.0,1.0,0.0,0.0
7311,Brute Force,Brute Force,0.0,1.0,0.0,0.0,0.0
7312,Brute Force,Brute Force,0.0,1.0,0.0,0.0,0.0
7313,Normal,Normal,0.0,0.0,0.0,1.0,0.0
7314,DoS/DDoS,DoS/DDoS,0.0,0.0,1.0,0.0,0.0
7315,DoS/DDoS,Normal,0.0,0.006574364123638737,0.48548978941821663,0.5079358464581446,0.0
7316,DoS/DDoS,DoS/DDoS,0.0,0.0,1.0,0.0,0.0
7317,Normal,Normal,0.22378590148181807,0.0,0.00035685108952282843,0.7758572474286589,0.0
7318,Normal,Normal,0.0,0.0,0.0,1.0,0.0
7319,Normal,Normal,0.0,0.0,0.0,1.0,0.0
7320,DoS/DDoS,DoS/DDoS,0.0,0.0,1.0,0.0,0.0
7321,Normal,Normal,0.0,0.0126383803041541,0.010001393679512164,0.9615223876141386,0.01583783840219507
7322,DoS/DDoS,DoS/DDoS,0.0,0.0,1.0,0.0,0.0
7323,DoS/DDoS,DoS/DDoS,0.0,0.0,1.0,0.0,0.0
7324,Bot,Bot,1.0,0.0,0.0,0.0,0.0
7325,DoS/DDoS,DoS/DDoS,0.0,0.0,1.0,0.0,0.0
7326,Brute Force,Brute Force,0.0,1.0,0.0,0.0,0.0
7327,Brute Force,Brute Force,0.0,1.0,0.0,0.0,0.0
7328,Brute Force,Brute Force,0.0,1.0,0.0,0.0,0.0
7329,Normal,Normal,0.0,0.0,0.0,1.0,0.0
7330,DoS/DDoS,DoS/DDoS,0.0,0.0,1.0,0.0,0.0
7331,Normal,Normal,0.0,0.0,0.0,1.0,0.0
7332,Brute Force,Brute Force,0.0,1.0,0.0,0.0,0.0
7333,Normal,Normal,0.0,0.0,0.0,1.0,0.0
7334,Brute Force,Brute Force,0.0,0.9999957572263637,4.242773636295104e-06,0.0,0.0
7335,Brute Force,Brute Force,0.0,1.0,0.0,0.0,0.0
7336,Normal,Normal,0.0,0.0,0.0,1.0,0.0
7337,DoS/DDoS,DoS/DDoS,0.0,0.0,1.0,0.0,0.0
7338,DoS/DDoS,DoS/DDoS,0.0,0.0,0.9990482730015501,0.000951726998450009,0.0
7339,DoS/DDoS,DoS/DDoS,0.0,0.0,1.0,0.0,0.0
7340,Bot,Bot,1.0,0.0,0.0,0.0,0.0
7341,Brute Force,Brute Force,0.0,1.0,0.0,0.0,0.0
7342,Brute Force,Brute Force,0.0,1.0,0.0,0.0,0.0
7343,DoS/DDoS,DoS/DDoS,0.0,0.0,1.0,0.0,0.0
7344,Normal,Normal,0.0,0.0,0.0,1.0,0.0
7345,DoS/DDoS,DoS/DDoS,0.0,0.0,1.0,0.0,0.0
7346,Brute Force,Brute Force,0.0,1.0,0.0,0.0,0.0
7347,Brute Force,Brute Force,0.0,0.7487376933997608,0.00010758034535900212,0.005081849828983442,0.24607287642589665
7348,Normal,Normal,0.0,0.0,0.0019514094377822769,0.9980485905622177,0.0
7349,Normal,Normal,0.0,0.0,0.0,1.0,0.0
7350,Normal,Normal,0.0,0.013105523892911388,0.02401435529351448,0.9628801208135742,0.0
7351,Normal,Normal,0.0,0.029613669677957456,3.805712667943282e-05,0.9571756106850674,0.013172662510295781
7352,DoS/DDoS,DoS/DDoS,0.0,0.0,1.0,0.0,0.0
7353,Normal,Normal,0.0034172661870503574,0.0,0.008034801004277503,0.9885479328086721,0.0
7354,Brute Force,Brute Force,0.0,0.9999957572263637,4.242773636295104e-06,0.0,0.0
7355,Normal,Normal,0.0,0.0,0.0,1.0,0.0
7356,Brute Force,Brute Force,0.0,1.0,0.0,0.0,0.0
7357,Brute Force,Web Attack,0.0,0.35620377437436845,7.031744054494311e-06,0.0029898548947955273,0.6407993389867815
7358,Normal,Normal,0.0,0.004818706577719401,0.03588397932457735,0.9592973140977032,0.0
7359,Brute Force,Brute Force,0.0,1.0,0.0,0.0,0.0
7360,DoS/DDoS,DoS/DDoS,0.0,0.0,1.0,0.0,0.0
7361,Bot,Bot,0.8319238807042149,0.0,0.003781310521809639,0.16429480877397573,0.0
7362,Normal,Normal,0.0,0.0,0.0,1.0,0.0
7363,Normal,Normal,0.0,0.0,0.0,1.0,0.0
7364,Bot,Bot,0.9998997013881337,0.0,2.6673565380087433e-06,9.763125532836162e-05,0.0
7365,Normal,Normal,0.25843790518710463,0.0,2.1317506076340556e-05,0.7415407773068189,0.0
7366,Brute Force,Brute Force,0.0,1.0,0.0,0.0,0.0
7367,Normal,Normal,0.01,0.0,0.13592212830955194,0.8540778716904479,0.0
7368,DoS/DDoS,DoS/DDoS,0.0,0.0,1.0,0.0,0.0
7369,Normal,Normal,0.0,0.01,0.0,0.99,0.0
7370,DoS/DDoS,DoS/DDoS,0.0,0.0,1.0,0.0,0.0
7371,Normal,Normal,0.0,0.0,0.0,1.0,0.0
7372,DoS/DDoS,DoS/DDoS,0.0,0.0,1.0,0.0,0.0
7373,DoS/DDoS,DoS/DDoS,0.0,0.010278113799299809,0.9134045314562674,0.0446611822119877,0.031656172532445036
7374,DoS/DDoS,DoS/DDoS,0.0,0.0,1.0,0.0,0.0
7375,DoS/DDoS,DoS/DDoS,0.0,0.0,0.9966705435442589,0.0033294564557410705,0.0
7376,Normal,Normal,0.005245488010424871,0.04256084724546568,0.01350867523994621,0.9290009593465208,0.00968403015764222
7377,DoS/DDoS,DoS/DDoS,0.0,0.0,0.9856047923274559,0.014395207672544052,0.0
7378,Normal,Normal,0.0,0.006574364123638737,0.01970515070718639,0.9737204851691749,0.0
7379,Normal,Normal,0.0,0.0073638741379981444,0.0,0.9926361258620017,0.0
7380,Normal,Normal,0.0,0.0,0.0,1.0,0.0
7381,Brute Force,Web Attack,0.0,0.45412616753765717,7.031744054494311e-06,0.0008669875770422555,0.5449998131412462
7382,Normal,Normal,0.0,0.0,0.0,1.0,0.0
7383,Brute Force,Brute Force,0.0,1.0,0.0,0.0,0.0
7384,Brute Force,Brute Force,0.0,0.9999957572263637,4.242773636295104e-06,0.0,0.0
7385,Brute Force,Brute Force,0.0,1.0,0.0,0.0,0.0
7386,Brute Force,Web Attack,0.0,0.16832515384870703,3.7583605044024734e-06,0.0006541029345634021,0.8310169848562252
7387,DoS/DDoS,DoS/DDoS,0.0,0.0,0.9980348010042774,0.001965198995722525,0.0
7388,DoS/DDoS,DoS/DDoS,0.0,0.0,1.0,0.0,0.0
7389,Normal,Normal,0.0,0.0,0.0,1.0,0.0
7390,Normal,Normal,0.2203959664284955,0.0,1.9448812743237454e-05,0.7795845847587611,0.0
7391,Normal,Normal,0.0,0.0,0.0,1.0,0.0
7392,Normal,Normal,0.0,0.0,0.0,1.0,0.0
7393,Normal,Normal,0.0,0.0,0.0002225027241243617,0.9997774972758756,0.0
7394,Brute Force,Brute Force,0.0,1.0,0.0,0.0,0.0
7395,DoS/DDoS,DoS/DDoS,0.0,0.0,1.0,0.0,0.0
7396,Normal,Normal,0.0009224535197838869,0.0,0.0051260561328403806,0.9939514903473757,0.0
7397,Normal,Normal,0.0,0.0,0.0,1.0,0.0
7398,Normal,Normal,0.0,0.0,0.0,1.0,0.0
7399,Normal,Normal,0.0,0.0,0.005769914232873813,0.9942300857671262,0.0
7400,Normal,Normal,0.0,0.0,0.0,1.0,0.0
7401,Normal,Normal,0.0,0.0,0.0,1.0,0.0
7402,Brute Force,Brute Force,0.0,1.0,0.0,0.0,0.0
7403,Normal,Normal,0.0,0.0,1.9051442161899594e-05,0.9999809485578381,0.0
7404,DoS/DDoS,DoS/DDoS,0.0,0.0,1.0,0.0,0.0
7405,DoS/DDoS,DoS/DDoS,0.0,0.0,1.0,0.0,0.0
7406,Bot,Bot,0.9773388075332033,0.0,5.176293157457111e-05,0.022609429535221926,0.0
7407,DoS/DDoS,DoS/DDoS,0.0,0.0,1.0,0.0,0.0
7408,DoS/DDoS,DoS/DDoS,0.0,0.0,1.0,0.0,0.0
7409,Brute Force,Brute Force,0.0,1.0,0.0,0.0,0.0
7410,Brute Force,Brute Force,0.0,1.0,0.0,0.0,0.0
7411,Normal,Normal,0.0,0.0572396504902138,0.00013457106561963117,0.9085881057080989,0.03403767273606758
7412,Normal,Normal,0.0,0.0,0.0,1.0,0.0
7413,Brute Force,Brute Force,0.0,0.9999957572263637,4.242773636295104e-06,0.0,0.0
7414,DoS/DDoS,DoS/DDoS,0.0,0.0,1.0,0.0,0.0
7415,Normal,Normal,0.0,0.04655075274776022,0.0,0.9534492472522398,0.0
7416,DoS/DDoS,DoS/DDoS,0.0,0.0,1.0,0.0,0.0
7417,DoS/DDoS,DoS/DDoS,0.0,0.0,0.9998543238170151,0.00014567618298485063,0.0
7418,DoS/DDoS,DoS/DDoS,0.0,0.0,1.0,0.0,0.0
7419,Brute Force,Brute Force,0.0,0.9999957572263637,4.242773636295104e-06,0.0,0.0
7420,Bot,Bot,0.977318116594377,0.0,5.176293157457111e-05,0.02263012047404827,0.0
7421,Brute Force,Brute Force,0.0,0.9999957572263637,4.242773636295104e-06,0.0,0.0
7422,DoS/DDoS,DoS/DDoS,0.0,0.0,1.0,0.0,0.0
7423,Normal,Normal,0.0,0.0,0.0,1.0,0.0
7424,DoS/DDoS,DoS/DDoS,0.0,0.0,1.0,0.0,0.0
7425,Normal,Normal,0.0,0.0,0.0,1.0,0.0
7426,DoS/DDoS,DoS/DDoS,0.0,0.0,1.0,0.0,0.0
7427,Brute Force,Web Attack,0.0,0.05934933457383585,3.7583605044024734e-06,0.0006985773754304222,0.9399483296902293
7428,Normal,Normal,0.0,0.004836199882876252,0.4445986249676183,0.5419617210921711,0.008603454057334233
7429,Normal,Normal,0.0,0.0,0.0,1.0,0.0
7430,DoS/DDoS,DoS/DDoS,0.0,0.0,1.0,0.0,0.0
7431,Normal,Normal,0.0,0.0,0.0,1.0,0.0
7432,DoS/DDoS,DoS/DDoS,0.0,0.0,1.0,0.0,0.0
7433,DoS/DDoS,DoS/DDoS,0.0,0.0,0.9982152136869078,0.001784786313092262,0.0
7434,Brute Force,Brute Force,0.0,0.9999957572263637,4.242773636295104e-06,0.0,0.0
7435,DoS/DDoS,DoS/DDoS,0.0,0.0,1.0,0.0,0.0
7436,Normal,Normal,0.0,0.0,0.0,1.0,0.0
7437,Brute Force,Normal,0.0,0.1334422993387946,0.06279435807647876,0.5403625818223127,0.26340076076241403
7438,Brute Force,Brute Force,0.0,1.0,0.0,0.0,0.0
7439,Normal,Normal,0.0,0.0,0.0,1.0,0.0
7440,Normal,Normal,0.0,0.0,0.0,1.0,0.0
7441,Brute Force,Brute Force,0.0,0.9999957572263637,4.242773636295104e-06,0.0,0.0
7442,DoS/DDoS,DoS/DDoS,0.0,0.006519365375641624,0.9481295615405081,0.045351073083850356,0.0
7443,DoS/DDoS,DoS/DDoS,0.0,0.0,1.0,0.0,0.0
7444,DoS/DDoS,DoS/DDoS,0.0,0.0,0.9306073057077316,0.06939269429226841,0.0
7445,Normal,Normal,0.0,0.0,0.0,1.0,0.0
7446,Brute Force,Brute Force,0.0,1.0,0.0,0.0,0.0
7447,Normal,Normal,0.0,0.0028201076079907854,3.805712667943282e-05,0.9949015817158388,0.0022402535494909833
7448,DoS/DDoS,DoS/DDoS,0.0,0.0,1.0,0.0,0.0
7449,Normal,Normal,0.0,0.01389101628248587,0.024191306392019846,0.9619176773254943,0.0
7450,Brute Force,Brute Force,0.0,0.9999957572263637,4.242773636295104e-06,0.0,0.0
7451,Web Attack,Web Attack,0.0,0.3583233428060131,3.7583605044024734e-06,0.0006985773754304222,0.640974321458052
7452,DoS/DDoS,DoS/DDoS,0.0,0.0,1.0,0.0,0.0
7453,DoS/DDoS,DoS/DDoS,0.0,0.0,1.0,0.0,0.0
7454,Brute Force,Brute Force,0.0,1.0,0.0,0.0,0.0
7455,Brute Force,Web Attack,0.0,0.1326910251827773,3.7583605044024734e-06,0.0005889683429748978,0.8667162481137436
7456,Normal,Normal,0.0,0.0,0.0,1.0,0.0
7457,Normal,Normal,0.0,0.0,0.0,1.0,0.0
7458,DoS/DDoS,DoS/DDoS,0.0,0.0011920275765090254,0.9646349079149371,0.026102595283630153,0.008070469224923625
7459,Normal,Normal,0.02,0.0,0.0,0.98,0.0
7460,DoS/DDoS,DoS/DDoS,0.0,0.0,1.0,0.0,0.0
7461,DoS/DDoS,DoS/DDoS,0.0,0.0,0.9998543238170151,0.00014567618298485063,0.0
7462,Normal,Normal,0.0,0.0,0.0,1.0,0.0
7463,DoS/DDoS,DoS/DDoS,0.0,0.0,1.0,0.0,0.0
7464,Normal,Normal,0.0,0.0,0.0,1.0,0.0
7465,DoS/DDoS,DoS/DDoS,0.0,0.0,1.0,0.0,0.0
7466,Brute Force,Brute Force,0.0,1.0,0.0,0.0,0.0
7467,Normal,Normal,0.0,0.0,0.13009535828187843,0.8605369257100841,0.009367716008037508
7468,Bot,Bot,1.0,0.0,0.0,0.0,0.0
7469,Normal,Normal,0.0,0.0,0.03499882742477399,0.9553167653498125,0.009684407225413524
7470,Normal,Normal,0.0,0.0,0.0,1.0,0.0
7471,DoS/DDoS,DoS/DDoS,0.0,0.0,1.0,0.0,0.0
7472,Brute Force,Brute Force,0.0,1.0,0.0,0.0,0.0
7473,Normal,Normal,0.0,0.0,0.0,1.0,0.0
7474,DoS/DDoS,DoS/DDoS,0.0,0.0,1.0,0.0,0.0
7475,Normal,Normal,0.0,0.0,0.011970620053521609,0.9880293799464783,0.0
7476,DoS/DDoS,DoS/DDoS,0.0,0.0,0.9999456879835311,5.4312016468903834e-05,0.0
7477,DoS/DDoS,DoS/DDoS,0.0,0.0,0.9980348010042774,0.001965198995722525,0.0
7478,Normal,Normal,0.0,0.0,0.0,1.0,0.0
7479,Bot,Bot,0.9747501845553727,0.0,2.6673565380087433e-06,0.025247148088089234,0.0
7480,DoS/DDoS,DoS/DDoS,0.0,0.0,1.0,0.0,0.0
7481,Normal,Normal,0.0,0.0,0.006988889473689617,0.9930111105263104,0.0
7482,DoS/DDoS,DoS/DDoS,0.0,0.0,1.0,0.0,0.0
7483,Normal,Normal,0.0,0.0,0.0,1.0,0.0
7484,DoS/DDoS,DoS/DDoS,0.0,0.0,1.0,0.0,0.0
7485,Normal,Normal,0.0,0.0,0.0,1.0,0.0
7486,Normal,Normal,0.0,0.0,0.0,1.0,0.0
7487,Brute Force,Brute Force,0.0,1.0,0.0,0.0,0.0
7488,Brute Force,Brute Force,0.0,1.0,0.0,0.0,0.0
7489,Normal,Normal,0.0,0.0,0.0,1.0,0.0
7490,DoS/DDoS,DoS/DDoS,0.0,0.0,1.0,0.0,0.0
7491,Normal,Normal,0.0,0.0,0.000890726989688716,0.9991092730103114,0.0
7492,DoS/DDoS,DoS/DDoS,0.0,0.0,1.0,0.0,0.0
7493,Normal,Normal,0.0,0.0,0.0,1.0,0.0
7494,Brute Force,Brute Force,0.0,0.9999957572263637,4.242773636295104e-06,0.0,0.0
7495,Brute Force,Brute Force,0.0,1.0,0.0,0.0,0.0
7496,DoS/DDoS,DoS/DDoS,0.0,0.0,1.0,0.0,0.0
7497,Normal,Normal,0.0,0.0,0.0,1.0,0.0
7498,DoS/DDoS,DoS/DDoS,0.0,0.0,1.0,0.0,0.0
7499,DoS/DDoS,DoS/DDoS,0.0,0.0,1.0,0.0,0.0
7500,Normal,Normal,0.0,0.0,0.0,1.0,0.0
7501,Normal,Normal,0.0,0.0,0.0,1.0,0.0
7502,Normal,Normal,0.0,0.0,0.0,1.0,0.0
7503,Normal,Normal,0.0,0.0,0.0,1.0,0.0
7504,Brute Force,Brute Force,0.0,0.9999957572263637,4.242773636295104e-06,0.0,0.0
7505,DoS/DDoS,DoS/DDoS,0.0,0.0,1.0,0.0,0.0
7506,Brute Force,Brute Force,0.0,1.0,0.0,0.0,0.0
7507,Normal,Normal,0.0,0.0,0.007492110786801118,0.9925078892131988,0.0
7508,DoS/DDoS,DoS/DDoS,0.0,0.0,1.0,0.0,0.0
7509,Normal,Normal,0.0,0.0,0.0,1.0,0.0
7510,DoS/DDoS,DoS/DDoS,0.0,0.0,1.0,0.0,0.0
7511,Normal,Normal,0.0,0.0,0.0,1.0,0.0
7512,Normal,Normal,0.0,0.009168889160110529,0.0,0.9879735966954413,0.0028575141444481863
7513,Brute Force,Brute Force,0.0,1.0,0.0,0.0,0.0
7514,DoS/DDoS,DoS/DDoS,0.0,0.0,1.0,0.0,0.0
7515,Brute Force,Brute Force,0.0,1.0,0.0,0.0,0.0
7516,Normal,Normal,0.0,0.017894572941143164,0.009999199650467918,0.9721062274083888,0.0
7517,Normal,Normal,0.0,0.0039017429133531,0.0,0.9960982570866469,0.0
7518,Normal,Normal,0.0,0.014852466974099372,0.08291390642229106,0.9022336266036096,0.0
7519,DoS/DDoS,DoS/DDoS,0.0,0.0,1.0,0.0,0.0
7520,Normal,Normal,0.0,0.01,0.0050421097708942975,0.9656514151830143,0.019306475046091412
7521,Brute Force,Brute Force,0.0,0.9948187065777193,0.0,0.0051812934222805985,0.0
7522,Normal,Normal,0.0009224535197838869,0.0,0.00038673045433758617,0.9986908160258785,0.0
7523,Brute Force,Brute Force,0.0,0.9999957572263637,4.242773636295104e-06,0.0,0.0
7524,Brute Force,Web Attack,0.0,0.3753093322947295,9.704190934459118e-05,0.0007134261439291273,0.6238801996519965
7525,Web Attack,Brute Force,0.0,0.7902168487023884,0.00010758034535900212,0.0016033652639694102,0.2080722056882829
7526,Normal,Normal,0.0,0.0,0.0,1.0,0.0
7527,Normal,Normal,0.0,0.0,0.0,1.0,0.0
7528,Normal,Normal,0.0,0.0,0.0,1.0,0.0
7529,Normal,Normal,0.0,0.0,0.0,1.0,0.0
7530,Normal,Normal,0.0,0.0,0.0,1.0,0.0
7531,Normal,Normal,0.0,0.0,0.0,1.0,0.0
7532,Brute Force,Brute Force,0.0,0.9999957572263637,4.242773636295104e-06,0.0,0.0
7533,Brute Force,Brute Force,0.0,1.0,0.0,0.0,0.0
7534,DoS/DDoS,DoS/DDoS,0.0,0.0,1.0,0.0,0.0
7535,Normal,Normal,0.0,0.0,0.07433050459949028,0.9256694954005097,0.0
7536,Normal,Normal,0.0,0.0,0.0,1.0,0.0
7537,Bot,Bot,1.0,0.0,0.0,0.0,0.0
7538,Brute Force,Brute Force,0.0,1.0,0.0,0.0,0.0
7539,DoS/DDoS,DoS/DDoS,0.0,0.0,1.0,0.0,0.0
7540,DoS/DDoS,DoS/DDoS,0.0,0.0,1.0,0.0,0.0
7541,Normal,Normal,0.0,0.0,0.0,1.0,0.0
7542,DoS/DDoS,DoS/DDoS,0.0,0.0,1.0,0.0,0.0
7543,Brute Force,Brute Force,0.0,1.0,0.0,0.0,0.0
7544,Normal,Normal,0.2663005851733187,0.0,7.375962383061375e-06,0.7336920388642981,0.0
7545,DoS/DDoS,DoS/DDoS,0.0,0.0,1.0,0.0,0.0
7546,DoS/DDoS,DoS/DDoS,0.0,0.0,1.0,0.0,0.0
7547,Normal,Normal,0.0,0.0,0.0,1.0,0.0
7548,Brute Force,Brute Force,0.0,1.0,0.0,0.0,0.0
7549,Normal,Bot,0.6828894339134588,0.0,0.0003855153781828439,0.31672505070835827,0.0
7550,Normal,Normal,0.0,0.02,0.0,0.98,0.0
7551,Normal,Normal,0.01,0.0,0.0,0.99,0.0
7552,Bot,Bot,0.9765293376163555,0.0,6.511844699291775e-05,0.023405543936651597,0.0
7553,Normal,Normal,0.0,0.0,0.0,1.0,0.0
7554,Normal,Normal,0.0,0.0,1.9051442161899594e-05,0.9999809485578381,0.0
7555,Brute Force,Brute Force,0.0,1.0,0.0,0.0,0.0
7556,Normal,Normal,0.0,0.0,0.0,1.0,0.0
7557,Normal,Normal,0.0,0.0,0.0,1.0,0.0
7558,Brute Force,Brute Force,0.0,1.0,0.0,0.0,0.0
7559,DoS/DDoS,DoS/DDoS,0.0,0.0,1.0,0.0,0.0
7560,DoS/DDoS,DoS/DDoS,0.0,0.0,1.0,0.0,0.0
7561,Web Attack,Normal,0.0,0.07209041378692811,0.10256160469373472,0.521112881595094,0.3042350999242433
7562,DoS/DDoS,DoS/DDoS,0.0,0.0,1.0,0.0,0.0
7563,DoS/DDoS,DoS/DDoS,0.0,0.0,1.0,0.0,0.0
7564,Brute Force,Brute Force,0.0,1.0,0.0,0.0,0.0
7565,Brute Force,Brute Force,0.0,1.0,0.0,0.0,0.0
7566,DoS/DDoS,DoS/DDoS,0.0,0.0,1.0,0.0,0.0
7567,DoS/DDoS,DoS/DDoS,0.0,0.0,1.0,0.0,0.0
7568,Normal,Normal,0.0,0.0,0.0,1.0,0.0
7569,Normal,Normal,0.0,0.0,0.0,1.0,0.0
7570,Brute Force,Web Attack,0.0,0.13472067265131163,3.7583605044024734e-06,0.0006363300930897798,0.8646392388950939
7571,Normal,Normal,0.0,0.0,0.0,1.0,0.0
7572,Normal,Normal,0.0,0.0,0.0,1.0,0.0
7573,DoS/DDoS,DoS/DDoS,0.0,0.0,1.0,0.0,0.0
7574,Normal,Normal,0.0,0.0,0.0,1.0,0.0
7575,DoS/DDoS,DoS/DDoS,0.0,0.0,1.0,0.0,0.0
7576,Brute Force,Brute Force,0.0,1.0,0.0,0.0,0.0
7577,Normal,Normal,0.0,0.002692825691148535,0.012694079029017601,0.9760096412224998,0.008603454057334233
7578,DoS/DDoS,DoS/DDoS,0.0,0.0,1.0,0.0,0.0
7579,Normal,Normal,0.047902673800356725,0.0,0.12911482346246694,0.8229825027371764,0.0
7580,Brute Force,Brute Force,0.0,0.9999957572263637,4.242773636295104e-06,0.0,0.0
7581,Brute Force,Brute Force,0.0,0.9999957572263637,4.242773636295104e-06,0.0,0.0
7582,Normal,Normal,0.0,0.0,0.0,1.0,0.0
7583,DoS/DDoS,DoS/DDoS,0.0,0.0,1.0,0.0,0.0
7584,DoS/DDoS,DoS/DDoS,0.0,0.0,1.0,0.0,0.0
7585,DoS/DDoS,DoS/DDoS,0.0,0.00038870409189376286,0.9650887147402912,0.03082679554457017,0.0036957856232448416
7586,DoS/DDoS,DoS/DDoS,0.0,0.0,0.9999456879835311,5.4312016468903834e-05,0.0
7587,DoS/DDoS,DoS/DDoS,0.0,0.0,1.0,0.0,0.0
7588,DoS/DDoS,DoS/DDoS,0.0,0.0,1.0,0.0,0.0
7589,DoS/DDoS,DoS/DDoS,0.0,0.015168846669102575,0.9272400185542378,0.025934962244214595,0.031656172532445036
7590,DoS/DDoS,DoS/DDoS,0.0,0.0,1.0,0.0,0.0
7591,DoS/DDoS,DoS/DDoS,0.0,0.0,1.0,0.0,0.0
7592,DoS/DDoS,DoS/DDoS,0.0,0.0,1.0,0.0,0.0
7593,Brute Force,Brute Force,0.0,1.0,0.0,0.0,0.0
7594,Normal,Normal,0.0,0.0,0.0,1.0,0.0
7595,Normal,Normal,0.0,0.0,0.0,1.0,0.0
7596,DoS/DDoS,DoS/DDoS,0.0,0.0,1.0,0.0,0.0
7597,Normal,Normal,0.0,0.0,0.0,1.0,0.0
7598,Brute Force,Brute Force,0.0,1.0,0.0,0.0,0.0
7599,Normal,Normal,0.0,0.0,0.0,1.0,0.0
7600,Normal,Normal,0.0,0.0,0.0,1.0,0.0
7601,DoS/DDoS,DoS/DDoS,0.0,0.0,1.0,0.0,0.0
7602,DoS/DDoS,DoS/DDoS,0.0,0.0,0.9917674490679707,0.008232550932029216,0.0
7603,DoS/DDoS,DoS/DDoS,0.0,0.0,1.0,0.0,0.0
7604,DoS/DDoS,DoS/DDoS,0.0,0.0,1.0,0.0,0.0
7605,DoS/DDoS,DoS/DDoS,0.0,0.0,1.0,0.0,0.0
7606,Normal,Normal,0.0,0.021630442584512653,0.006666825969557217,0.9530976312162247,0.01860510022970546
7607,DoS/DDoS,DoS/DDoS,0.0,0.0,1.0,0.0,0.0
7608,Normal,Normal,0.0,0.0,1.9051442161899594e-05,0.9999809485578381,0.0
7609,DoS/DDoS,DoS/DDoS,0.0,0.0,1.0,0.0,0.0
7610,Normal,Normal,0.0,0.021210193265152638,0.003206429168850355,0.783528115483183,0.19205526208281387
7611,DoS/DDoS,DoS/DDoS,0.0,0.0,1.0,0.0,0.0
7612,Normal,Normal,0.0,0.0,0.0003700718176147568,0.9996299281823852,0.0
7613,DoS/DDoS,DoS/DDoS,0.0,0.0,0.9922257515074702,0.007774248492529806,0.0
7614,Brute Force,Brute Force,0.0,1.0,0.0,0.0,0.0
7615,Normal,Normal,0.0,0.0,0.0,0.9911725229503007,0.008827477049699273
7616,DoS/DDoS,DoS/DDoS,0.0,0.0,1.0,0.0,0.0
7617,Brute Force,Brute Force,0.0,1.0,0.0,0.0,0.0
7618,DoS/DDoS,DoS/DDoS,0.0,0.0,1.0,0.0,0.0
7619,DoS/DDoS,DoS/DDoS,0.0,0.0,1.0,0.0,0.0
7620,Normal,Normal,0.0,0.0,0.0,1.0,0.0
7621,Normal,Normal,0.0,0.0,0.0,1.0,0.0
7622,DoS/DDoS,DoS/DDoS,0.0,0.0,0.976605495535552,0.023394504464448008,0.0
7623,Brute Force,Brute Force,0.0,1.0,0.0,0.0,0.0
7624,DoS/DDoS,DoS/DDoS,0.0,0.0,0.9083992834849272,0.09160071651507284,0.0
7625,DoS/DDoS,DoS/DDoS,0.0,0.0,1.0,0.0,0.0
7626,Normal,Normal,0.0,0.0,0.0,1.0,0.0
7627,DoS/DDoS,DoS/DDoS,0.0,0.0,1.0,0.0,0.0
7628,DoS/DDoS,DoS/DDoS,0.0,0.0,1.0,0.0,0.0
7629,Normal,Normal,0.0,0.014557033908208186,0.006618165501545645,0.9709738582774352,0.007850942312810893
7630,Normal,Normal,0.0,0.0,0.0,1.0,0.0
7631,DoS/DDoS,DoS/DDoS,0.0,0.0,0.9980348010042774,0.001965198995722525,0.0
7632,Bot,Bot,1.0,0.0,0.0,0.0,0.0
7633,Normal,Normal,0.0,0.0,0.0,1.0,0.0
7634,DoS/DDoS,DoS/DDoS,0.0,0.0,1.0,0.0,0.0
7635,DoS/DDoS,DoS/DDoS,0.0,0.0,1.0,0.0,0.0
7636,DoS/DDoS,DoS/DDoS,0.0,0.0,1.0,0.0,0.0
7637,Normal,Normal,0.0,0.0,0.0,1.0,0.0
7638,Brute Force,Brute Force,0.0,1.0,0.0,0.0,0.0
7639,DoS/DDoS,DoS/DDoS,0.0,0.0,1.0,0.0,0.0
7640,Normal,Normal,0.0,0.0,0.0,1.0,0.0
7641,Normal,Normal,0.0,0.0,0.0,1.0,0.0
7642,DoS/DDoS,DoS/DDoS,0.0,0.0,1.0,0.0,0.0
7643,Brute Force,Brute Force,0.0,1.0,0.0,0.0,0.0
7644,DoS/DDoS,DoS/DDoS,0.0,0.0,1.0,0.0,0.0
7645,DoS/DDoS,DoS/DDoS,0.0,0.0,1.0,0.0,0.0
7646,Normal,Normal,0.0,0.0,0.0,1.0,0.0
7647,Brute Force,Brute Force,0.0,1.0,0.0,0.0,0.0
7648,Normal,Normal,0.0,0.0,0.0,1.0,0.0
7649,DoS/DDoS,DoS/DDoS,0.0,0.0,1.0,0.0,0.0
7650,Normal,Normal,0.0,0.0,0.0,1.0,0.0
7651,Normal,Normal,0.0,0.0,0.0020195782048513643,0.9979804217951487,0.0
7652,Brute Force,Brute Force,0.0,1.0,0.0,0.0,0.0
7653,Normal,Normal,0.0,0.0,0.0,1.0,0.0
7654,Brute Force,Brute Force,0.0,1.0,0.0,0.0,0.0
7655,Brute Force,Brute Force,0.0,1.0,0.0,0.0,0.0
7656,DoS/DDoS,DoS/DDoS,0.0,0.0,1.0,0.0,0.0
7657,Bot,Bot,0.9998812799837428,0.0,2.6673565380087433e-06,0.00011605265971917845,0.0
7658,DoS/DDoS,DoS/DDoS,0.0,0.0,1.0,0.0,0.0
7659,Brute Force,Brute Force,0.0,1.0,0.0,0.0,0.0
7660,Normal,Normal,0.0,0.0,0.0,1.0,0.0
7661,DoS/DDoS,DoS/DDoS,0.0,0.0,1.0,0.0,0.0
7662,DoS/DDoS,DoS/DDoS,0.0,0.0,1.0,0.0,0.0
7663,Brute Force,Brute Force,0.0,0.9262245672804797,0.0020620992896627664,0.0717133334298575,0.0
7664,Normal,Normal,0.0,0.0,0.0,1.0,0.0
7665,Normal,Normal,0.0,0.0,0.0,1.0,0.0
7666,DoS/DDoS,DoS/DDoS,0.0,0.0,1.0,0.0,0.0
7667,Brute Force,Brute Force,0.0,1.0,0.0,0.0,0.0
7668,Brute Force,Brute Force,0.0,1.0,0.0,0.0,0.0
7669,Brute Force,Brute Force,0.0,1.0,0.0,0.0,0.0
7670,DoS/DDoS,DoS/DDoS,0.0,0.0,1.0,0.0,0.0
7671,Brute Force,Web Attack,0.0,0.4056374968125484,3.7583605044024734e-06,0.001224196969231879,0.5931345478577152
7672,DoS/DDoS,DoS/DDoS,0.0,0.0,1.0,0.0,0.0
7673,Normal,Normal,0.0,0.0,0.0,1.0,0.0
7674,DoS/DDoS,DoS/DDoS,0.0,0.0,1.0,0.0,0.0
7675,DoS/DDoS,DoS/DDoS,0.0,0.0,1.0,0.0,0.0
7676,DoS/DDoS,DoS/DDoS,0.0,0.0,1.0,0.0,0.0
7677,Brute Force,Brute Force,0.0,1.0,0.0,0.0,0.0
7678,Normal,Normal,0.0,0.0,0.36397520307823855,0.6360247969217615,0.0
7679,DoS/DDoS,DoS/DDoS,0.0,0.0,1.0,0.0,0.0
7680,DoS/DDoS,DoS/DDoS,0.0,0.0,1.0,0.0,0.0
7681,Normal,Normal,0.0,0.0,0.0,1.0,0.0
7682,DoS/DDoS,DoS/DDoS,0.0,0.0,1.0,0.0,0.0
7683,Normal,Normal,0.0,0.0,1.9051442161899594e-05,0.9999809485578381,0.0
7684,Normal,Normal,0.0,0.0028201076079907854,3.805712667943282e-05,0.9949015817158388,0.0022402535494909833
7685,Brute Force,Brute Force,0.0,0.9999957572263637,4.242773636295104e-06,0.0,0.0
7686,Brute Force,Brute Force,0.0,1.0,0.0,0.0,0.0
7687,Normal,Normal,0.0,0.0,0.0,1.0,0.0
7688,Brute Force,Brute Force,0.0,1.0,0.0,0.0,0.0
7689,Normal,Normal,0.0,0.0,0.0,1.0,0.0
7690,Brute Force,Web Attack,0.0,0.40909802730744915,3.7583605044024734e-06,0.0007188696893618538,0.5901793446426846
7691,Bot,Bot,0.9630869028473115,0.0,5.176293157457111e-05,0.03686133422111362,0.0
7692,DoS/DDoS,DoS/DDoS,0.0,0.0,1.0,0.0,0.0
7693,Normal,Normal,0.0,0.0,0.0,1.0,0.0
7694,Bot,Bot,0.9760668470214081,0.0,6.511844699291775e-05,0.02386803453159893,0.0
7695,Normal,Normal,0.0,0.0,0.0,1.0,0.0
7696,Brute Force,Brute Force,0.0,0.99,0.0,0.01,0.0
7697,DoS/DDoS,DoS/DDoS,0.0,0.0,1.0,0.0,0.0
7698,DoS/DDoS,DoS/DDoS,0.0,0.0,1.0,0.0,0.0
7699,Normal,Normal,0.2848031877857667,0.0,3.124210236783019e-05,0.7151655701118653,0.0
7700,DoS/DDoS,DoS/DDoS,0.0,0.0,1.0,0.0,0.0
7701,DoS/DDoS,DoS/DDoS,0.0,0.0,1.0,0.0,0.0
7702,Normal,Normal,0.0,0.0,1.9051442161899594e-05,0.9999809485578381,0.0
7703,Brute Force,Brute Force,0.0,1.0,0.0,0.0,0.0
7704,Normal,Normal,0.0,0.0,0.0,1.0,0.0
7705,DoS/DDoS,DoS/DDoS,0.0,0.0,1.0,0.0,0.0
7706,DoS/DDoS,DoS/DDoS,0.0,0.0,1.0,0.0,0.0
7707,Bot,Bot,1.0,0.0,0.0,0.0,0.0
7708,Normal,Normal,0.0,0.0,0.0,1.0,0.0
7709,Normal,Normal,0.0,0.0,0.0,1.0,0.0
7710,DoS/DDoS,DoS/DDoS,0.0,0.0,1.0,0.0,0.0
7711,DoS/DDoS,DoS/DDoS,0.0,0.0,1.0,0.0,0.0
7712,DoS/DDoS,DoS/DDoS,0.0,0.0,1.0,0.0,0.0
7713,DoS/DDoS,DoS/DDoS,0.0,0.0,1.0,0.0,0.0
7714,DoS/DDoS,DoS/DDoS,0.0,0.0,1.0,0.0,0.0
7715,Normal,Normal,0.0,0.0,0.0,1.0,0.0
7716,Brute Force,Brute Force,0.0,1.0,0.0,0.0,0.0
7717,DoS/DDoS,DoS/DDoS,0.0,0.0,1.0,0.0,0.0
7718,Brute Force,Brute Force,0.0,0.9999957572263637,4.242773636295104e-06,0.0,0.0
7719,DoS/DDoS,DoS/DDoS,0.0,0.0,1.0,0.0,0.0
7720,DoS/DDoS,DoS/DDoS,0.0,0.0,0.9998464559900256,0.0001535440099744956,0.0
7721,Normal,Normal,0.0,0.0,0.0,1.0,0.0
7722,DoS/DDoS,DoS/DDoS,0.0,0.0,1.0,0.0,0.0
7723,Normal,Normal,0.0,0.0,0.004970649294867206,0.9950293507051328,0.0
7724,Normal,Normal,0.0,0.0,0.0,1.0,0.0
7725,DoS/DDoS,DoS/DDoS,0.0,0.0,1.0,0.0,0.0
7726,Brute Force,Web Attack,0.0,0.2405594045755722,3.7583605044024734e-06,0.0006595413105382648,0.758777295753385
7727,Brute Force,Brute Force,0.0,1.0,0.0,0.0,0.0
7728,Normal,Normal,0.0,0.0,0.0,1.0,0.0
7729,Normal,Normal,0.0,0.0,0.0,1.0,0.0
7730,Normal,Normal,0.0,0.0,0.0,1.0,0.0
7731,Normal,Normal,0.0,0.0,0.0,1.0,0.0
7732,Brute Force,Brute Force,0.0,1.0,0.0,0.0,0.0
7733,Normal,Normal,0.0,0.0,0.0,1.0,0.0
7734,DoS/DDoS,DoS/DDoS,0.0,0.0,1.0,0.0,0.0
7735,DoS/DDoS,DoS/DDoS,0.0,0.0,0.9966705435442589,0.0033294564557410705,0.0
7736,Normal,Normal,0.0,0.0,0.0,1.0,0.0
7737,DoS/DDoS,DoS/DDoS,0.0,0.00038870409189376286,0.9879698910154181,0.007945619269443389,0.0036957856232448416
7738,Normal,Normal,0.0,0.0,0.0033604809926461783,0.9966395190073538,0.0
7739,DoS/DDoS,DoS/DDoS,0.0,0.0,1.0,0.0,0.0
7740,Brute Force,Brute Force,0.0,1.0,0.0,0.0,0.0
7741,Normal,Normal,0.0,0.0,0.0,1.0,0.0
7742,DoS/DDoS,DoS/DDoS,0.0,0.0,1.0,0.0,0.0
7743,DoS/DDoS,DoS/DDoS,0.0,0.0,1.0,0.0,0.0
7744,Normal,Normal,0.0,0.0,0.0,1.0,0.0
7745,Brute Force,Brute Force,0.0,1.0,0.0,0.0,0.0
7746,Normal,Normal,0.0,0.0,0.03998000284956995,0.96001999715043,0.0
7747,Normal,Normal,0.0,0.0,0.0,1.0,0.0
7748,DoS/DDoS,DoS/DDoS,0.0,0.0,1.0,0.0,0.0
7749,Normal,Normal,0.0,0.0,0.0,1.0,0.0
7750,Normal,Normal,0.0,0.0,0.013394857476920484,0.9866051425230795,0.0
7751,Normal,Normal,0.0,0.0,0.0,1.0,0.0
7752,Normal,Normal,0.0,0.0,0.0,1.0,0.0
7753,DoS/DDoS,DoS/DDoS,0.0,0.0,1.0,0.0,0.0
7754,Normal,Normal,0.3120088568846624,0.0,1.9448812743237454e-05,0.6879716943025943,0.0
7755,Normal,Bot,0.8309625722221382,0.0,0.0004136252086856998,0.168623802569176,0.0
7756,Brute Force,Brute Force,0.0,1.0,0.0,0.0,0.0
7757,DoS/DDoS,DoS/DDoS,0.0,0.0,1.0,0.0,0.0
7758,Normal,Normal,0.0,0.007960032376008262,0.0,0.9920399676239917,0.0
7759,Normal,Normal,0.0,0.0,0.0,1.0,0.0
7760,Web Attack,Web Attack,0.0,0.07624259147963543,3.7583605044024734e-06,0.0009410644220625464,0.9228125857377978
7761,Brute Force,Brute Force,0.0,1.0,0.0,0.0,0.0
7762,DoS/DDoS,DoS/DDoS,0.0,0.0,0.9965145939122441,0.0034854060877558936,0.0
7763,DoS/DDoS,DoS/DDoS,0.0,0.0,1.0,0.0,0.0
7764,DoS/DDoS,DoS/DDoS,0.0,0.0,0.9998543238170151,0.00014567618298485063,0.0
7765,Brute Force,Brute Force,0.0,1.0,0.0,0.0,0.0
7766,Normal,Normal,0.0,0.0,0.0,1.0,0.0
7767,Normal,Normal,0.0,0.0,0.0,1.0,0.0
7768,DoS/DDoS,DoS/DDoS,0.0,0.0,1.0,0.0,0.0
7769,Normal,Normal,0.0,0.010290977485124307,3.805712667943282e-05,0.9840179737911612,0.005652991597034992
7770,Normal,Normal,0.0,0.03317977901945255,0.20948908994442936,0.7573311310361182,0.0
7771,Normal,Normal,0.0,0.04437991061726284,0.024397821463356454,0.9217962053080292,0.00942606261135149
7772,Brute Force,Brute Force,0.0,0.9928468895950258,0.0,0.007153110404974301,0.0
7773,Brute Force,Brute Force,0.0,1.0,0.0,0.0,0.0
7774,DoS/DDoS,DoS/DDoS,0.0,0.0,1.0,0.0,0.0
7775,Normal,Normal,0.008354189012036706,0.005257697445872675,0.2750814057479128,0.707610922170933,0.0036957856232448416
7776,Normal,Normal,0.0,0.0,0.0,1.0,0.0
7777,Normal,Normal,0.0,0.0,0.0,1.0,0.0
7778,Brute Force,Brute Force,0.0,1.0,0.0,0.0,0.0
7779,Brute Force,Brute Force,0.0,1.0,0.0,0.0,0.0
7780,DoS/DDoS,DoS/DDoS,0.0,0.0,1.0,0.0,0.0
7781,DoS/DDoS,DoS/DDoS,0.0,0.0,1.0,0.0,0.0
7782,Web Attack,Web Attack,0.0,0.2599358220454044,3.7583605044024734e-06,0.0012603333845587167,0.7388000862095325
7783,Normal,Normal,0.0,0.0,0.0,1.0,0.0
7784,Normal,Normal,0.0,0.012404373332175832,3.805712667943282e-05,0.9805845957080562,0.006972973833088519
7785,DoS/DDoS,DoS/DDoS,0.0,0.0,1.0,0.0,0.0
7786,DoS/DDoS,DoS/DDoS,0.0,0.0,1.0,0.0,0.0
7787,Normal,Normal,0.0,0.0,0.0,1.0,0.0
7788,DoS/DDoS,DoS/DDoS,0.0,0.0,1.0,0.0,0.0
7789,DoS/DDoS,DoS/DDoS,0.0,0.0,1.0,0.0,0.0
7790,Brute Force,Brute Force,0.0,1.0,0.0,0.0,0.0
7791,DoS/DDoS,DoS/DDoS,0.0,0.0,1.0,0.0,0.0
7792,Brute Force,Web Attack,0.0,0.42855017740943446,7.031744054494311e-06,0.0008191152957775543,0.5706236755507336
7793,Brute Force,Brute Force,0.0,1.0,0.0,0.0,0.0
7794,Brute Force,Brute Force,0.0,1.0,0.0,0.0,0.0
7795,DoS/DDoS,DoS/DDoS,0.0,0.0,1.0,0.0,0.0
7796,Web Attack,Web Attack,0.0,0.20132857031788354,3.7583605044024734e-06,0.006342871095272611,0.7923248002263396
7797,DoS/DDoS,DoS/DDoS,0.0,0.003771855165849852,0.9207506358018794,0.06653453586539165,0.008942973166879113
7798,DoS/DDoS,DoS/DDoS,0.0,0.0,1.0,0.0,0.0
7799,Bot,Bot,1.0,0.0,0.0,0.0,0.0
7800,Normal,Normal,0.0,0.0,0.0,1.0,0.0
7801,Normal,Normal,0.0011706116709632062,0.0006592167028639839,0.0006714504596455492,0.9894282519416034,0.008070469224923625
7802,Bot,Bot,0.9998997013881337,0.0,2.6673565380087433e-06,9.763125532836162e-05,0.0
7803,Normal,Normal,0.00015931446215744114,0.05957190182000076,0.0003416756774392375,0.8891817937812395,0.05074531425916298
7804,Brute Force,Brute Force,0.0,1.0,0.0,0.0,0.0
7805,DoS/DDoS,DoS/DDoS,0.0,0.0,1.0,0.0,0.0
7806,DoS/DDoS,DoS/DDoS,0.0,0.0,1.0,0.0,0.0
7807,DoS/DDoS,DoS/DDoS,0.0,0.0,0.9980348010042774,0.001965198995722525,0.0
7808,DoS/DDoS,DoS/DDoS,0.0,0.0,1.0,0.0,0.0
7809,DoS/DDoS,DoS/DDoS,0.0,0.0,1.0,0.0,0.0
7810,DoS/DDoS,DoS/DDoS,0.0,0.0,1.0,0.0,0.0
7811,Normal,Normal,0.0,0.0,0.0,1.0,0.0
7812,DoS/DDoS,DoS/DDoS,0.0,0.0,1.0,0.0,0.0
7813,Normal,Normal,0.0,0.0,0.0,1.0,0.0
7814,DoS/DDoS,DoS/DDoS,0.0,0.0,1.0,0.0,0.0
7815,DoS/DDoS,DoS/DDoS,0.0,0.0,1.0,0.0,0.0
7816,DoS/DDoS,DoS/DDoS,0.0,0.0,1.0,0.0,0.0
7817,Brute Force,Brute Force,0.0,1.0,0.0,0.0,0.0
7818,DoS/DDoS,DoS/DDoS,0.0,0.0,1.0,0.0,0.0
7819,Normal,Normal,0.0,0.043843966295058844,0.00013457106561963117,0.9406777919547402,0.015343670684581541
7820,Brute Force,Brute Force,0.0,1.0,0.0,0.0,0.0
7821,DoS/DDoS,DoS/DDoS,0.0,0.0,0.9924883603400393,0.0075116396599607,0.0
7822,DoS/DDoS,DoS/DDoS,0.0,0.0,1.0,0.0,0.0
7823,DoS/DDoS,DoS/DDoS,0.0,0.0,1.0,0.0,0.0
7824,Normal,Normal,0.0,0.014469284733030068,0.025984913091593627,0.9595458021753762,0.0
7825,Brute Force,Brute Force,0.0,1.0,0.0,0.0,0.0
7826,Brute Force,Brute Force,0.0,0.9999957572263637,4.242773636295104e-06,0.0,0.0
7827,Normal,Normal,0.0,0.0,0.0,1.0,0.0
7828,DoS/DDoS,DoS/DDoS,0.0,0.0,1.0,0.0,0.0
7829,DoS/DDoS,DoS/DDoS,0.0,0.0,1.0,0.0,0.0
7830,Normal,Normal,0.23161930222636914,0.0,0.0003819998945657678,0.7679986978790647,0.0
7831,DoS/DDoS,DoS/DDoS,0.0,0.0,1.0,0.0,0.0
7832,Brute Force,Brute Force,0.00015931446215744114,0.596702196640308,0.0029039450733741386,0.077504874276559,0.32272966954760124
7833,Normal,Normal,0.0,0.0,0.0,1.0,0.0
7834,Normal,Normal,0.0,0.0,0.0,1.0,0.0
7835,DoS/DDoS,DoS/DDoS,0.0,0.0,1.0,0.0,0.0
7836,Normal,Normal,0.0,0.0,0.0,1.0,0.0
7837,DoS/DDoS,DoS/DDoS,0.0,0.0,0.9957775103360629,0.004222489663936997,0.0
7838,Normal,Normal,0.0,0.027376858367282157,0.0,0.9432767814689362,0.02934636016378169
7839,DoS/DDoS,DoS/DDoS,0.0,0.0,1.0,0.0,0.0
7840,Normal,Normal,0.009540736720710942,0.0,0.0,0.9904592632792891,0.0
7841,DoS/DDoS,DoS/DDoS,0.0,0.0,1.0,0.0,0.0
7842,Brute Force,Brute Force,0.0,1.0,0.0,0.0,0.0
7843,DoS/DDoS,DoS/DDoS,0.0,0.0,1.0,0.0,0.0
7844,Brute Force,Brute Force,0.0,1.0,0.0,0.0,0.0
7845,Normal,Normal,0.0,0.0,0.0,1.0,0.0
7846,Normal,Normal,0.0,0.007474136269771189,0.34292483750905745,0.6406580530542922,0.008942973166879113
7847,DoS/DDoS,DoS/DDoS,0.0,0.0,1.0,0.0,0.0
7848,Normal,Normal,0.0009224535197838869,0.0,0.00020270240847910056,0.998874844071737,0.0
7849,DoS/DDoS,DoS/DDoS,0.0,0.0,1.0,0.0,0.0
7850,DoS/DDoS,DoS/DDoS,0.0,0.0,1.0,0.0,0.0
7851,DoS/DDoS,DoS/DDoS,0.0,0.0,1.0,0.0,0.0
7852,Normal,Normal,0.0,0.0,0.0,1.0,0.0
7853,Brute Force,Brute Force,0.0,1.0,0.0,0.0,0.0
7854,DoS/DDoS,DoS/DDoS,0.0,0.0,1.0,0.0,0.0
7855,Normal,Normal,0.0,0.0,0.0,1.0,0.0
7856,Normal,Normal,0.0,0.0,0.0,1.0,0.0
7857,Normal,Normal,0.0,0.0,0.0,1.0,0.0
7858,DoS/DDoS,DoS/DDoS,0.0,0.0,1.0,0.0,0.0
7859,Brute Force,Brute Force,0.0,1.0,0.0,0.0,0.0
7860,DoS/DDoS,DoS/DDoS,0.0,0.0,1.0,0.0,0.0
7861,Normal,Normal,0.009672704816797037,0.0,0.0,0.990327295183203,0.0
7862,DoS/DDoS,DoS/DDoS,0.0,0.0,1.0,0.0,0.0
7863,Bot,Bot,0.9763797645846732,0.0,6.511844699291775e-05,0.02355511696833379,0.0
7864,Normal,Normal,0.0,0.0,0.0,1.0,0.0
7865,Brute Force,Brute Force,0.0,1.0,0.0,0.0,0.0
7866,DoS/DDoS,DoS/DDoS,0.0,0.0,1.0,0.0,0.0
7867,Normal,Normal,0.0,0.0,0.0,1.0,0.0
7868,Brute Force,Brute Force,0.0,1.0,0.0,0.0,0.0
7869,DoS/DDoS,DoS/DDoS,0.0,0.0,1.0,0.0,0.0
7870,Normal,Normal,0.0,0.0016485978250849452,0.04457667142146237,0.9380996889299543,0.01567504182349856
7871,Normal,Bot,0.5135650550311097,0.0,0.005376793102558933,0.4810581518663314,0.0
7872,Normal,Normal,0.0,0.0,0.0,1.0,0.0
7873,Bot,Bot,0.9684616114060582,0.0,3.1062335798527624e-05,0.03150732625814287,0.0
7874,DoS/DDoS,DoS/DDoS,0.0,0.027226819057962613,0.9021032885479268,0.026347139371422648,0.04432275302268801
7875,Bot,Bot,0.9675647755414719,0.0,3.700861649006183e-05,0.03239821584203785,0.0
7876,Brute Force,Brute Force,0.0,0.9999957572263637,4.242773636295104e-06,0.0,0.0
7877,Brute Force,Brute Force,0.0,1.0,0.0,0.0,0.0
7878,DoS/DDoS,DoS/DDoS,0.0,0.0,0.9980348010042774,0.001965198995722525,0.0
7879,Bot,Bot,0.9768514860665298,0.0,6.511844699291775e-05,0.02308339548647709,0.0
7880,DoS/DDoS,DoS/DDoS,0.0,0.0,0.9999578253126014,4.217468739862318e-05,0.0
7881,Brute Force,Brute Force,0.0,0.9999957572263637,4.242773636295104e-06,0.0,0.0
7882,DoS/DDoS,DoS/DDoS,0.0,0.0,1.0,0.0,0.0
7883,Bot,Bot,0.9744668476468215,0.0,5.176293157457111e-05,0.0254813894216038,0.0
7884,Normal,Normal,0.0,0.0,0.005004105529970369,0.9949958944700296,0.0
7885,Normal,Normal,0.0,0.0,0.0,1.0,0.0
7886,DoS/DDoS,DoS/DDoS,0.0,0.0,1.0,0.0,0.0
7887,DoS/DDoS,DoS/DDoS,0.0,0.0,1.0,0.0,0.0
7888,DoS/DDoS,DoS/DDoS,0.0,0.0,0.9998464559900256,0.0001535440099744956,0.0
7889,Normal,Normal,0.0,0.0,0.0,1.0,0.0
7890,DoS/DDoS,DoS/DDoS,0.0,0.0,1.0,0.0,0.0
7891,Brute Force,Brute Force,0.0,0.9999957572263637,4.242773636295104e-06,0.0,0.0
7892,Normal,Normal,0.0,0.0,0.0,1.0,0.0
7893,DoS/DDoS,DoS/DDoS,0.0,0.020681840352203468,0.9543810315835453,0.024937128064251256,0.0
7894,Brute Force,Brute Force,0.0,1.0,0.0,0.0,0.0
7895,Normal,Normal,0.0,0.0,0.013394857476920484,0.9866051425230795,0.0
7896,Normal,Normal,0.0,0.0,0.0,1.0,0.0
7897,Normal,Normal,0.0,0.0,0.015005379429063262,0.9849946205709367,0.0
7898,Normal,Normal,0.0,0.0,0.0,1.0,0.0
7899,DoS/DDoS,DoS/DDoS,0.0,0.0,1.0,0.0,0.0
7900,DoS/DDoS,DoS/DDoS,0.0,0.0,1.0,0.0,0.0
7901,Brute Force,Brute Force,0.0,1.0,0.0,0.0,0.0
7902,DoS/DDoS,DoS/DDoS,0.0,0.006209123807802033,0.78822766587223,0.18464098095283504,0.020922229367132835
7903,Normal,Normal,0.0,0.0,0.0,1.0,0.0
7904,DoS/DDoS,DoS/DDoS,0.0,0.0,0.9990482730015501,0.000951726998450009,0.0
7905,DoS/DDoS,DoS/DDoS,0.0,0.0,1.0,0.0,0.0
7906,Normal,Normal,0.0,0.0,0.0,1.0,0.0
7907,DoS/DDoS,DoS/DDoS,0.0,0.0,1.0,0.0,0.0
7908,DoS/DDoS,DoS/DDoS,0.0,0.0,1.0,0.0,0.0
7909,Brute Force,Brute Force,0.0,1.0,0.0,0.0,0.0
7910,Bot,Bot,0.9747213807018329,0.0,6.511844699291775e-05,0.025213500851173954,0.0
7911,Normal,Normal,0.0,0.24753386269405125,0.0032714257350498323,0.516495051979627,0.23269965959127176
7912,Normal,Normal,0.0,0.022513807089446516,0.00013457106561963117,0.9690717721786547,0.0082798496662791
7913,DoS/DDoS,DoS/DDoS,0.0,0.0,1.0,0.0,0.0
7914,Normal,Normal,0.0,0.0,0.0,1.0,0.0
7915,Normal,Normal,0.0,0.006564956509605098,0.01,0.9834350434903949,0.0
7916,DoS/DDoS,DoS/DDoS,0.0,0.0,0.9989659894674472,0.001034010532552832,0.0
7917,Brute Force,Brute Force,0.0,1.0,0.0,0.0,0.0
7918,DoS/DDoS,DoS/DDoS,0.0,0.0,1.0,0.0,0.0
7919,Normal,Normal,0.014980221906340706,0.0,0.0,0.9850197780936593,0.0
7920,Normal,Normal,0.0,0.0,0.0,1.0,0.0
7921,DoS/DDoS,DoS/DDoS,0.0,0.0,1.0,0.0,0.0
7922,Normal,Normal,0.0,0.0,0.0,1.0,0.0
7923,Normal,Normal,0.0,0.0,0.0,1.0,0.0
7924,Brute Force,Brute Force,0.0,1.0,0.0,0.0,0.0
7925,DoS/DDoS,DoS/DDoS,0.0,0.0,1.0,0.0,0.0
7926,DoS/DDoS,DoS/DDoS,0.0,0.0,1.0,0.0,0.0
7927,Brute Force,Brute Force,0.0,0.5074515901734725,7.031744054494311e-06,0.0014199593384594165,0.4911214187440137
7928,DoS/DDoS,DoS/DDoS,0.0,0.0,1.0,0.0,0.0
7929,DoS/DDoS,DoS/DDoS,0.0,0.0,1.0,0.0,0.0
7930,Normal,Normal,0.0,0.0,0.0,1.0,0.0
7931,Normal,Normal,0.0,0.0,1.9051442161899594e-05,0.9999809485578381,0.0
7932,Normal,Normal,0.0,0.0,0.0,1.0,0.0
7933,Normal,Normal,0.0,0.0,0.0,1.0,0.0
7934,Normal,Normal,0.0,0.07675005845512961,0.01,0.9132499415448705,0.0
7935,DoS/DDoS,DoS/DDoS,0.0,0.0,1.0,0.0,0.0
7936,Brute Force,Brute Force,0.0,0.5176551852064584,3.7583605044024734e-06,0.009574765677786567,0.4727662907552505
7937,DoS/DDoS,DoS/DDoS,0.0,0.0,1.0,0.0,0.0
7938,Brute Force,Brute Force,0.0,1.0,0.0,0.0,0.0
7939,DoS/DDoS,DoS/DDoS,0.0,0.0,1.0,0.0,0.0
7940,DoS/DDoS,DoS/DDoS,0.0,0.0,1.0,0.0,0.0
7941,Brute Force,Brute Force,0.0,1.0,0.0,0.0,0.0
7942,Normal,Normal,0.0,0.0,0.0,1.0,0.0
7943,Brute Force,Brute Force,0.0,1.0,0.0,0.0,0.0
7944,Brute Force,Brute Force,0.0,1.0,0.0,0.0,0.0
7945,DoS/DDoS,DoS/DDoS,0.0,0.0,1.0,0.0,0.0
7946,Bot,Bot,1.0,0.0,0.0,0.0,0.0
7947,Brute Force,Brute Force,0.0,1.0,0.0,0.0,0.0
7948,Normal,Normal,0.0009224535197838869,0.0,0.00038673045433758617,0.9986908160258785,0.0
7949,DoS/DDoS,DoS/DDoS,0.0,0.0,1.0,0.0,0.0
7950,DoS/DDoS,DoS/DDoS,0.0,0.0,1.0,0.0,0.0
7951,Bot,Bot,1.0,0.0,0.0,0.0,0.0
7952,DoS/DDoS,DoS/DDoS,0.0,0.0,1.0,0.0,0.0
7953,Normal,Normal,0.0,0.0,0.0,1.0,0.0
7954,Brute Force,Brute Force,0.0,0.9999957572263637,4.242773636295104e-06,0.0,0.0
7955,Brute Force,Brute Force,0.0,1.0,0.0,0.0,0.0
7956,DoS/DDoS,DoS/DDoS,0.0,0.0,1.0,0.0,0.0
7957,DoS/DDoS,DoS/DDoS,0.0,0.0,0.985632360533894,0.014367639466105864,0.0
7958,DoS/DDoS,DoS/DDoS,0.0,0.0,1.0,0.0,0.0
7959,Normal,Normal,0.0,0.0,0.0,1.0,0.0
7960,DoS/DDoS,DoS/DDoS,0.0,0.0,1.0,0.0,0.0
7961,Normal,Normal,0.0,0.0,0.0,1.0,0.0
7962,DoS/DDoS,DoS/DDoS,0.0,0.0,1.0,0.0,0.0
7963,DoS/DDoS,DoS/DDoS,0.0,0.0,1.0,0.0,0.0
7964,DoS/DDoS,DoS/DDoS,0.0,0.0,1.0,0.0,0.0
7965,Brute Force,Brute Force,0.0,0.9999957572263637,4.242773636295104e-06,0.0,0.0
7966,DoS/DDoS,DoS/DDoS,0.0,0.0,1.0,0.0,0.0
7967,Brute Force,Brute Force,0.0,1.0,0.0,0.0,0.0
7968,Normal,Normal,0.0,0.0,0.0,1.0,0.0
7969,DoS/DDoS,DoS/DDoS,0.0,0.0,1.0,0.0,0.0
7970,Normal,Normal,0.0,0.0,0.0002225027241243617,0.9997774972758756,0.0
7971,Brute Force,Brute Force,0.0,0.9999957572263637,4.242773636295104e-06,0.0,0.0
7972,Normal,Normal,0.0,0.0,0.0,1.0,0.0
7973,DoS/DDoS,DoS/DDoS,0.0,0.0,1.0,0.0,0.0
7974,DoS/DDoS,DoS/DDoS,0.0,0.0,1.0,0.0,0.0
7975,Normal,Normal,0.0,0.01,0.0,0.9803078512396695,0.00969214876033058
7976,Normal,DoS/DDoS,0.0,0.004836199882876252,0.6288776651708282,0.3576826808889614,0.008603454057334233
7977,Brute Force,Brute Force,0.0,0.9999957572263637,4.242773636295104e-06,0.0,0.0
7978,Normal,Normal,0.0,0.033703814286550594,0.24355082573142073,0.7118488565941082,0.010896503387920569
7979,DoS/DDoS,DoS/DDoS,0.0,0.0,1.0,0.0,0.0
7980,Normal,Normal,0.0,0.032934820391543884,0.08157623102999939,0.8660669439544937,0.019422004623963006
7981,DoS/DDoS,DoS/DDoS,0.0,0.0,1.0,0.0,0.0
7982,Normal,Normal,0.003158147956495161,0.0018478621839648542,0.0,0.9904024371881196,0.00459155267142032
7983,Normal,Normal,0.0,0.0,0.0,1.0,0.0
7984,Bot,Bot,0.9353712931158559,0.0,6.12816433095601e-05,0.06456742524083423,0.0
7985,DoS/DDoS,DoS/DDoS,0.0,0.0,0.9999578253126014,4.217468739862318e-05,0.0
