row_id,true_label,predicted_label,prob_Bot,prob_Brute Force,prob_DoS/DDoS,prob_Normal,prob_Web Attack
0,DoS/DDoS,DoS/DDoS,0.0,0.0,1.0,0.0,0.0
1,DoS/DDoS,DoS/DDoS,0.0,0.0,1.0,0.0,0.0
2,DoS/DDoS,DoS/DDoS,0.0,0.0,1.0,0.0,0.0
3,DoS/DDoS,DoS/DDoS,0.0,0.0,1.0,0.0,0.0
4,Normal,Normal,0.0,0.0,0.0,1.0,0.0
5,Normal,Normal,0.0,0.0,0.0,1.0,0.0
6,Normal,Normal,0.0,0.0,0.0,1.0,0.0
7,DoS/DDoS,DoS/DDoS,0.0,0.0,1.0,0.0,0.0
8,DoS/DDoS,DoS/DDoS,0.0,0.0,0.9998779831753416,0.00012201682465843791,0.0
9,DoS/DDoS,DoS/DDoS,0.0,0.0,1.0,0.0,0.0
10,DoS/DDoS,DoS/DDoS,0.0,0.0,1.0,0.0,0.0
11,Brute Force,Brute Force,0.0,1.0,0.0,0.0,0.0
12,DoS/DDoS,DoS/DDoS,0.0,0.0,1.0,0.0,0.0
13,Brute Force,Brute Force,0.0,1.0,0.0,0.0,0.0
14,Normal,Normal,0.0,0.0,0.0,1.0,0.0
15,Normal,Normal,0.0,0.030445822359123954,0.0025050989372741262,0.9670490787036019,0.0
16,Normal,Normal,0.0,0.0,0.0,1.0,0.0
17,DoS/DDoS,DoS/DDoS,0.0,0.0,1.0,0.0,0.0
18,Brute Force,Brute Force,0.0,1.0,0.0,0.0,0.0
19,Normal,Normal,0.0,0.0,0.0,1.0,0.0
20,Normal,Normal,0.0,0.0,0.0,1.0,0.0
21,Normal,Normal,0.0,0.0,0.0,1.0,0.0
22,Brute Force,Brute Force,0.0,1.0,0.0,0.0,0.0
23,Brute Force,Brute Force,0.0,1.0,0.0,0.0,0.0
24,Brute Force,Brute Force,0.0,1.0,0.0,0.0,0.0
25,DoS/DDoS,DoS/DDoS,0.0,0.0,1.0,0.0,0.0
26,DoS/DDoS,DoS/DDoS,0.0,0.0,1.0,0.0,0.0
27,DoS/DDoS,DoS/DDoS,0.0,0.0,1.0,0.0,0.0
28,DoS/DDoS,DoS/DDoS,0.0,0.0,1.0,0.0,0.0
29,Brute Force,Brute Force,0.0,1.0,0.0,0.0,0.0
30,DoS/DDoS,DoS/DDoS,0.0,0.0,0.9998142551174002,0.00018574488259984488,0.0
31,Normal,Normal,0.0,0.0,0.0,1.0,0.0
32,DoS/DDoS,DoS/DDoS,0.0,0.0,1.0,0.0,0.0
33,DoS/DDoS,DoS/DDoS,0.0,0.0,1.0,0.0,0.0
34,DoS/DDoS,DoS/DDoS,0.0,0.0,1.0,0.0,0.0
35,DoS/DDoS,DoS/DDoS,0.0,0.0,1.0,0.0,0.0
36,Brute Force,Brute Force,0.0,1.0,0.0,0.0,0.0
37,Normal,Normal,0.0,0.0,0.0,1.0,0.0
38,Normal,Normal,0.0,0.0,0.0,1.0,0.0
39,DoS/DDoS,DoS/DDoS,0.0,0.0,1.0,0.0,0.0
40,Bot,Bot,0.9820291652711063,0.0,4.362009610206515e-05,0.017927214632791566,0.0
41,Normal,Normal,0.0,0.0,0.0,1.0,0.0
42,DoS/DDoS,DoS/DDoS,0.0,0.0,0.9805471028460473,0.019452897153952917,0.0
43,DoS/DDoS,DoS/DDoS,0.0,0.0,1.0,0.0,0.0
44,DoS/DDoS,DoS/DDoS,0.0,0.0,1.0,0.0,0.0
45,Normal,Normal,0.0,0.0,0.0,1.0,0.0
46,DoS/DDoS,DoS/DDoS,0.0,0.0,0.9966502663068141,0.003349733693185889,0.0
47,Normal,Normal,0.0,0.0,0.0,1.0,0.0
48,Brute Force,Brute Force,0.0,1.0,0.0,0.0,0.0
49,Normal,Normal,0.0,0.0,0.0,1.0,0.0
50,Brute Force,Brute Force,0.0,1.0,0.0,0.0,0.0
51,Brute Force,Brute Force,0.0,1.0,0.0,0.0,0.0
52,Normal,Normal,0.0,0.0,0.0,1.0,0.0
53,Normal,Normal,0.0,0.0,0.0,1.0,0.0
54,Normal,Normal,0.0,0.0,0.0,1.0,0.0
55,Brute Force,Brute Force,0.0,0.9937005040826018,0.0053417079484714535,0.0009577879689267429,0.0
56,DoS/DDoS,DoS/DDoS,0.0,0.0,1.0,0.0,0.0
57,Normal,Normal,0.0,0.029102239723639855,0.0,0.924567583083329,0.046330177193031286
58,DoS/DDoS,DoS/DDoS,0.0,0.0,1.0,0.0,0.0
59,Normal,Normal,0.0,0.0,0.0,1.0,0.0
60,DoS/DDoS,DoS/DDoS,0.0,0.0,1.0,0.0,0.0
61,Normal,Normal,0.0,0.0,0.0,1.0,0.0
62,DoS/DDoS,DoS/DDoS,0.0,0.0,1.0,0.0,0.0
63,DoS/DDoS,DoS/DDoS,0.0,0.0,1.0,0.0,0.0
64,Normal,Normal,0.0,0.0,0.0,1.0,0.0
65,Brute Force,Brute Force,0.0,1.0,0.0,0.0,0.0
66,Brute Force,Brute Force,0.0,1.0,0.0,0.0,0.0
67,DoS/DDoS,DoS/DDoS,0.0,0.0,1.0,0.0,0.0
68,Normal,Normal,0.0,0.0,0.0,1.0,0.0
69,Normal,Normal,0.0,0.0,0.0,1.0,0.0
70,DoS/DDoS,DoS/DDoS,0.0,0.0,1.0,0.0,0.0
71,Normal,Normal,0.0,0.0,0.10249243323841382,0.8975075667615865,0.0
72,Normal,Normal,0.0,0.0,0.0,1.0,0.0
73,Normal,Normal,0.0,0.006484338907881363,0.020529621104826125,0.9729860399872925,0.0
74,Normal,Normal,0.019125490196078433,0.030290821683145924,0.27522784627167246,0.6653558418491032,0.01
75,Normal,Normal,0.0,0.0,0.0,1.0,0.0
76,Brute Force,Brute Force,0.0,1.0,0.0,0.0,0.0
77,DoS/DDoS,DoS/DDoS,0.0,0.0003353286992620004,0.999664671300738,0.0,0.0
78,DoS/DDoS,DoS/DDoS,0.0,0.0,1.0,0.0,0.0
79,Normal,Normal,0.0,0.0,0.0,1.0,0.0
80,DoS/DDoS,DoS/DDoS,0.0,0.0,1.0,0.0,0.0
81,Normal,Normal,0.0,0.0,0.0,1.0,0.0
82,Normal,Normal,0.0,0.0,0.0,1.0,0.0
83,Normal,Normal,0.0,0.0,0.0,1.0,0.0
84,Normal,Bot,0.8714383199158133,0.0,0.00010678817729531723,0.12845489190689127,0.0
85,Normal,Normal,0.0,0.0,0.0,1.0,0.0
86,DoS/DDoS,DoS/DDoS,0.0,0.0,1.0,0.0,0.0
87,DoS/DDoS,DoS/DDoS,0.0,0.0,1.0,0.0,0.0
88,DoS/DDoS,DoS/DDoS,0.0,0.0,1.0,0.0,0.0
89,DoS/DDoS,DoS/DDoS,0.0,0.0,1.0,0.0,0.0
90,Brute Force,Brute Force,0.0,1.0,0.0,0.0,0.0
91,Normal,Normal,0.0,0.0,0.0,1.0,0.0
92,Normal,Normal,0.0,0.0,0.0,1.0,0.0
93,Normal,Normal,0.0,0.0,0.0,1.0,0.0
94,DoS/DDoS,DoS/DDoS,0.0,0.0,1.0,0.0,0.0
95,Brute Force,Web Attack,0.0,0.28054675547198515,2.119664097954856e-06,0.0006207759528405987,0.718830348911076
96,DoS/DDoS,DoS/DDoS,0.0,0.0,1.0,0.0,0.0
97,DoS/DDoS,DoS/DDoS,0.0,0.0,1.0,0.0,0.0
98,Normal,Normal,0.0,0.0,0.0,1.0,0.0
99,Normal,Normal,0.0,0.0,0.0,1.0,0.0
100,Bot,Bot,0.9820291652711063,0.0,4.362009610206515e-05,0.017927214632791566,0.0
101,Brute Force,Brute Force,0.0,1.0,0.0,0.0,0.0
102,DoS/DDoS,DoS/DDoS,0.0,0.0,1.0,0.0,0.0
103,Normal,Normal,0.0,0.0,0.01,0.99,0.0
104,DoS/DDoS,DoS/DDoS,0.0,0.0,1.0,0.0,0.0
105,DoS/DDoS,DoS/DDoS,0.0,0.0,1.0,0.0,0.0
106,Brute Force,Brute Force,0.0,1.0,0.0,0.0,0.0
107,DoS/DDoS,DoS/DDoS,0.0,0.0,1.0,0.0,0.0
108,Brute Force,Brute Force,0.0,1.0,0.0,0.0,0.0
109,Normal,Normal,0.0,0.0,0.0,1.0,0.0
110,DoS/DDoS,DoS/DDoS,0.0,0.0,1.0,0.0,0.0
111,Normal,Normal,0.0,0.0,0.0,1.0,0.0
112,DoS/DDoS,DoS/DDoS,0.0,0.0,1.0,0.0,0.0
113,DoS/DDoS,DoS/DDoS,0.0,0.0003353286992620004,0.999664671300738,0.0,0.0
114,Bot,Bot,0.9998813106891216,0.0,0.0,0.00011868931087857678,0.0
115,Brute Force,Brute Force,0.0,1.0,0.0,0.0,0.0
116,Brute Force,Brute Force,0.0,1.0,0.0,0.0,0.0
117,DoS/DDoS,DoS/DDoS,0.0,0.0,1.0,0.0,0.0
118,DoS/DDoS,DoS/DDoS,0.0,0.0,0.968156582829064,0.031843417170935875,0.0
119,DoS/DDoS,DoS/DDoS,0.0,0.0,1.0,0.0,0.0
120,DoS/DDoS,DoS/DDoS,0.0,0.0,1.0,0.0,0.0
121,Brute Force,Brute Force,0.0,1.0,0.0,0.0,0.0
122,DoS/DDoS,DoS/DDoS,0.0,0.0,1.0,0.0,0.0
123,Brute Force,Brute Force,0.0,1.0,0.0,0.0,0.0
124,Bot,Bot,0.9709254947029881,0.0,2.9956241548768396e-05,0.029044549055463224,0.0
125,Normal,Normal,0.0,0.0,0.0,1.0,0.0
126,DoS/DDoS,DoS/DDoS,0.0,0.0,1.0,0.0,0.0
127,DoS/DDoS,DoS/DDoS,0.0,0.0,1.0,0.0,0.0
128,DoS/DDoS,DoS/DDoS,0.0,0.0,0.9985584876098993,0.001441512390100754,0.0
129,DoS/DDoS,DoS/DDoS,0.0,0.0,1.0,0.0,0.0
130,Normal,Normal,0.0,0.0,0.0,1.0,0.0
131,Normal,Normal,0.0,0.0,0.0,1.0,0.0
132,Normal,Normal,0.0,0.0,0.0,1.0,0.0
133,Normal,Normal,0.28168565898084563,0.0,1.185981413265176e-05,0.7183024812050217,0.0
134,Normal,Normal,0.0,0.007169956224560327,0.0,0.9928300437754396,0.0
135,Brute Force,Brute Force,0.0,1.0,0.0,0.0,0.0
136,Web Attack,Brute Force,0.0,0.6834364825190312,1.6281103216542896e-05,0.000987716602728799,0.3155595197750236
137,Web Attack,Web Attack,0.0,0.46986231824988084,2.9597595240715013e-05,0.003187771723037297,0.5269203124318409
138,Brute Force,Brute Force,0.0,1.0,0.0,0.0,0.0
139,Brute Force,Brute Force,0.0,1.0,0.0,0.0,0.0
140,Normal,Normal,0.0,0.0,0.0,1.0,0.0
141,Normal,Normal,0.0,0.0,0.0,1.0,0.0
142,DoS/DDoS,DoS/DDoS,0.0,0.0,1.0,0.0,0.0
143,DoS/DDoS,DoS/DDoS,0.0,0.0,1.0,0.0,0.0
144,Normal,Normal,0.0,0.0,0.0,1.0,0.0
145,Bot,Bot,1.0,0.0,0.0,0.0,0.0
146,Normal,Normal,0.0,0.09699674944932292,0.006854307448203071,0.7397740192171568,0.15637492388531726
147,Normal,Normal,0.0,0.0,0.0,1.0,0.0
148,DoS/DDoS,DoS/DDoS,0.0,0.0,1.0,0.0,0.0
149,Normal,Normal,0.0,0.0,0.02,0.98,0.0
150,Brute Force,Brute Force,0.0,1.0,0.0,0.0,0.0
151,DoS/DDoS,DoS/DDoS,0.0,0.0,1.0,0.0,0.0
152,Brute Force,Brute Force,0.0,1.0,0.0,0.0,0.0
153,Normal,Normal,0.0,0.0,0.0,1.0,0.0
154,Brute Force,Web Attack,0.0,0.31228925221155734,2.119664097954856e-06,0.0005899695279967256,0.6871186585963478
155,DoS/DDoS,DoS/DDoS,0.0,0.0,1.0,0.0,0.0
156,DoS/DDoS,DoS/DDoS,0.0,0.0,1.0,0.0,0.0
157,DoS/DDoS,DoS/DDoS,0.0,0.0,0.9999807544456359,1.9245554364025933e-05,0.0
158,DoS/DDoS,DoS/DDoS,0.0,0.0,1.0,0.0,0.0
159,Normal,Normal,0.0,0.0,0.0,1.0,0.0
160,Brute Force,Brute Force,0.0,1.0,0.0,0.0,0.0
161,Normal,Normal,0.00045391557554762117,0.0,0.003821372007002247,0.9957247124174502,0.0
162,DoS/DDoS,DoS/DDoS,0.0,0.0,1.0,0.0,0.0
163,Normal,Normal,0.0,0.0,0.0,1.0,0.0
164,DoS/DDoS,DoS/DDoS,0.0,0.0,1.0,0.0,0.0
165,DoS/DDoS,DoS/DDoS,0.0,0.0,1.0,0.0,0.0
166,DoS/DDoS,DoS/DDoS,0.0,0.0,1.0,0.0,0.0
167,Normal,Normal,0.0,0.0,0.0,1.0,0.0
168,DoS/DDoS,DoS/DDoS,0.0,0.0,1.0,0.0,0.0
169,Normal,Normal,0.002849891251961943,0.00651633621893326,0.004224227505169563,0.9864095450239353,0.0
170,Brute Force,Brute Force,0.0,1.0,0.0,0.0,0.0
171,Brute Force,Brute Force,0.0,1.0,0.0,0.0,0.0
172,Normal,Normal,0.0,0.0,0.0,1.0,0.0
173,Brute Force,Brute Force,0.0,1.0,0.0,0.0,0.0
174,Normal,Normal,0.0,0.0,0.0,1.0,0.0
175,DoS/DDoS,DoS/DDoS,0.0,0.0,0.9999515620674263,4.843793257365714e-05,0.0
176,Brute Force,Brute Force,0.0,1.0,0.0,0.0,0.0
177,Normal,Normal,0.0,0.0,0.0,1.0,0.0
178,Brute Force,Brute Force,0.0,1.0,0.0,0.0,0.0
179,Web Attack,Brute Force,0.0,0.815668201215905,1.6281103216542896e-05,0.000987716602728799,0.1833278010781498
180,DoS/DDoS,DoS/DDoS,0.0,0.0,1.0,0.0,0.0
181,Brute Force,Web Attack,0.0,0.44922117335484607,2.119664097954856e-06,0.00074706886575688,0.5500296381152993
182,DoS/DDoS,DoS/DDoS,0.0,0.0,1.0,0.0,0.0
183,Brute Force,Web Attack,0.0,0.09798502132474278,2.119664097954856e-06,0.0011400941319358274,0.9008727648792235
184,Normal,Normal,0.0,0.0,0.0,1.0,0.0
185,DoS/DDoS,DoS/DDoS,0.0,0.0,1.0,0.0,0.0
186,Normal,Normal,0.0,0.0,0.0,1.0,0.0
187,Brute Force,Brute Force,0.0,1.0,0.0,0.0,0.0
188,Brute Force,Brute Force,0.0,1.0,0.0,0.0,0.0
189,Normal,Normal,0.0,0.0,0.0,1.0,0.0
190,DoS/DDoS,DoS/DDoS,0.0,0.0,1.0,0.0,0.0
191,Normal,Normal,0.0,0.0,0.0,1.0,0.0
192,DoS/DDoS,DoS/DDoS,0.0,0.0,1.0,0.0,0.0
193,Normal,Normal,0.0,0.0,0.0,1.0,0.0
194,Normal,Normal,0.0,0.0,0.0,1.0,0.0
195,DoS/DDoS,DoS/DDoS,0.0,0.0,1.0,0.0,0.0
196,DoS/DDoS,DoS/DDoS,0.0,0.0003353286992620004,0.999664671300738,0.0,0.0
197,DoS/DDoS,DoS/DDoS,0.0,0.0,1.0,0.0,0.0
198,DoS/DDoS,DoS/DDoS,0.0,0.0,1.0,0.0,0.0
199,Brute Force,Brute Force,0.0,1.0,0.0,0.0,0.0
200,DoS/DDoS,DoS/DDoS,0.0,0.0,1.0,0.0,0.0
201,Web Attack,Web Attack,0.0,0.27416469736727955,1.278549656947793e-05,0.004896452221212625,0.7209260649149387
202,DoS/DDoS,DoS/DDoS,0.0,0.0,1.0,0.0,0.0
203,DoS/DDoS,DoS/DDoS,0.0,0.0,1.0,0.0,0.0
204,Normal,Normal,0.0,0.0048435378885446755,0.0,0.9951564621114554,0.0
205,Normal,Normal,0.0,0.0,0.0,1.0,0.0
206,Normal,Normal,0.0,0.0,0.0,1.0,0.0
207,Normal,Normal,0.0,0.0,0.0,1.0,0.0
208,Normal,Normal,0.0,0.0,0.0,1.0,0.0
209,Normal,Normal,0.0,0.0,0.0,1.0,0.0
210,Normal,Normal,0.0,0.0,0.0,1.0,0.0
211,DoS/DDoS,DoS/DDoS,0.0,0.0,1.0,0.0,0.0
212,Normal,Normal,0.0,0.0,0.0,1.0,0.0
213,DoS/DDoS,DoS/DDoS,0.0,0.0,1.0,0.0,0.0
214,Brute Force,Brute Force,0.0,1.0,0.0,0.0,0.0
215,Brute Force,Brute Force,0.0,1.0,0.0,0.0,0.0
216,DoS/DDoS,DoS/DDoS,0.0,0.0,1.0,0.0,0.0
217,DoS/DDoS,DoS/DDoS,0.0,0.0,1.0,0.0,0.0
218,Normal,Normal,0.0,0.0,0.0,1.0,0.0
219,DoS/DDoS,DoS/DDoS,0.0,0.0,1.0,0.0,0.0
220,DoS/DDoS,DoS/DDoS,0.0,0.0,1.0,0.0,0.0
221,DoS/DDoS,DoS/DDoS,0.0,0.0,1.0,0.0,0.0
222,Normal,Normal,0.0,0.0,0.0,1.0,0.0
223,DoS/DDoS,DoS/DDoS,0.0,0.0,1.0,0.0,0.0
224,DoS/DDoS,DoS/DDoS,0.0,0.0,1.0,0.0,0.0
225,DoS/DDoS,DoS/DDoS,0.0,0.0,1.0,0.0,0.0
226,Brute Force,Brute Force,0.0,1.0,0.0,0.0,0.0
227,DoS/DDoS,DoS/DDoS,0.0,0.0,1.0,0.0,0.0
228,Normal,Normal,0.0,0.0,0.0,1.0,0.0
229,Bot,Bot,0.9823844293514279,0.0,5.367481851905866e-05,0.017561895830053027,0.0
230,Normal,Normal,0.0,0.0,0.0,1.0,0.0
231,Normal,Normal,0.0,0.0,0.0,1.0,0.0
232,DoS/DDoS,DoS/DDoS,0.0,0.0,1.0,0.0,0.0
233,DoS/DDoS,DoS/DDoS,0.0,0.0,1.0,0.0,0.0
234,Normal,Normal,0.0,0.0,0.0,1.0,0.0
235,Brute Force,Brute Force,0.0,1.0,0.0,0.0,0.0
236,DoS/DDoS,DoS/DDoS,0.0,0.0,1.0,0.0,0.0
237,DoS/DDoS,DoS/DDoS,0.0,0.0,0.9999515620674263,4.843793257365714e-05,0.0
238,DoS/DDoS,DoS/DDoS,0.0,0.0,1.0,0.0,0.0
239,Brute Force,Brute Force,0.0,1.0,0.0,0.0,0.0
240,DoS/DDoS,DoS/DDoS,0.0,0.0,1.0,0.0,0.0
241,Normal,Normal,0.0,0.0,0.0,1.0,0.0
242,DoS/DDoS,DoS/DDoS,0.0,0.02689671155636584,0.7293925542831639,0.23479212235762278,0.008918611802847611
243,Normal,Normal,0.0,0.0,0.0,1.0,0.0
244,Normal,Normal,0.0,0.007685571223727467,0.0,0.9866851672205794,0.005629261555693226
245,Bot,Bot,0.9708071008655413,0.0,2.9956241548768396e-05,0.029162942892909834,0.0
246,Normal,Normal,0.0,0.0,0.0,1.0,0.0
247,DoS/DDoS,DoS/DDoS,0.0,0.0,1.0,0.0,0.0
248,DoS/DDoS,DoS/DDoS,0.0,0.0,1.0,0.0,0.0
249,DoS/DDoS,DoS/DDoS,0.0,0.0003353286992620004,0.999664671300738,0.0,0.0
250,DoS/DDoS,DoS/DDoS,0.0,0.0,1.0,0.0,0.0
251,DoS/DDoS,DoS/DDoS,0.0,0.0012664794550270107,0.9820744723108683,0.016659048234104662,0.0
252,Brute Force,Brute Force,0.0,1.0,0.0,0.0,0.0
253,Normal,Normal,0.0,0.008502112690293755,0.01,0.9814978873097062,0.0
254,Bot,Bot,0.9994291427606976,0.0,0.0,0.0005708572393025273,0.0
255,Brute Force,Brute Force,0.0,0.9948199503311258,0.0,0.005180049668874171,0.0
256,DoS/DDoS,DoS/DDoS,0.0,0.0,1.0,0.0,0.0
257,Normal,Normal,0.0,0.0,0.0,1.0,0.0
258,Normal,Normal,0.0,0.0,0.0,1.0,0.0
259,Bot,Bot,1.0,0.0,0.0,0.0,0.0
260,DoS/DDoS,DoS/DDoS,0.0,0.0,1.0,0.0,0.0
261,Normal,Normal,0.0,0.0,0.0,1.0,0.0
262,Bot,Bot,0.9823844293514279,0.0,5.367481851905866e-05,0.017561895830053027,0.0
263,Normal,Normal,0.0,0.0,0.0,1.0,0.0
264,Brute Force,Brute Force,0.0,1.0,0.0,0.0,0.0
265,DoS/DDoS,DoS/DDoS,0.0,0.0,1.0,0.0,0.0
266,DoS/DDoS,DoS/DDoS,0.0,0.0,1.0,0.0,0.0
267,Normal,Normal,0.0,0.0,0.0,1.0,0.0
268,Brute Force,Brute Force,0.0,1.0,0.0,0.0,0.0
269,Bot,Bot,0.9259496431644867,0.0,0.00010678817729531723,0.07394356865821795,0.0
270,Bot,Bot,1.0,0.0,0.0,0.0,0.0
271,Brute Force,Brute Force,0.0,1.0,0.0,0.0,0.0
272,Brute Force,Brute Force,0.0,1.0,0.0,0.0,0.0
273,DoS/DDoS,DoS/DDoS,0.0,0.0,1.0,0.0,0.0
274,DoS/DDoS,DoS/DDoS,0.0,0.0037942882177759763,0.9842597536280034,0.011945958154220362,0.0
275,DoS/DDoS,DoS/DDoS,0.0,0.0,1.0,0.0,0.0
276,Normal,Normal,0.4386781553273929,0.0,0.0004439723136967439,0.5608778723589103,0.0
277,Brute Force,Brute Force,0.0,1.0,0.0,0.0,0.0
278,Brute Force,Brute Force,0.0,1.0,0.0,0.0,0.0
279,DoS/DDoS,DoS/DDoS,0.0,0.0,1.0,0.0,0.0
280,DoS/DDoS,DoS/DDoS,0.0,0.0,1.0,0.0,0.0
281,DoS/DDoS,DoS/DDoS,0.00045391557554762117,0.00961273903668925,0.5229963932225078,0.4582923391126386,0.008644613052616785
282,Normal,Normal,0.0,0.0,0.0,1.0,0.0
283,DoS/DDoS,DoS/DDoS,0.0,0.0,1.0,0.0,0.0
284,Bot,Bot,0.9671528500057363,0.0,0.0,0.032847149994263705,0.0
285,Normal,Normal,0.0,0.0,0.0,1.0,0.0
286,DoS/DDoS,DoS/DDoS,0.0,0.0003353286992620004,0.999664671300738,0.0,0.0
287,Bot,Bot,1.0,0.0,0.0,0.0,0.0
288,DoS/DDoS,DoS/DDoS,0.0,0.0,1.0,0.0,0.0
289,DoS/DDoS,DoS/DDoS,0.0,0.0,0.9998142551174002,0.00018574488259984488,0.0
290,DoS/DDoS,DoS/DDoS,0.0,0.0,0.9879975917776409,0.012002408222359198,0.0
291,Brute Force,Brute Force,0.0,1.0,0.0,0.0,0.0
292,Normal,Normal,0.016615604360237256,0.0,0.0,0.9833843956397628,0.0
293,Brute Force,Brute Force,0.0,1.0,0.0,0.0,0.0
294,Normal,Normal,0.0,0.0,0.0,1.0,0.0
295,Brute Force,Brute Force,0.0,1.0,0.0,0.0,0.0
296,Brute Force,Brute Force,0.0,0.5101235621124137,0.0006134397798551331,0.04286539963444706,0.44639759847328386
297,DoS/DDoS,DoS/DDoS,0.0,0.0,0.9999515620674263,4.843793257365714e-05,0.0
298,Normal,Normal,0.0,0.0,0.01786176311340991,0.9821382368865902,0.0
299,DoS/DDoS,DoS/DDoS,0.0,0.0,1.0,0.0,0.0
300,Normal,Normal,0.0,0.0,0.010770158170292555,0.9892298418297074,0.0
301,DoS/DDoS,DoS/DDoS,0.0,0.0,1.0,0.0,0.0
302,Brute Force,Brute Force,0.0,1.0,0.0,0.0,0.0
303,DoS/DDoS,DoS/DDoS,0.0,0.0,1.0,0.0,0.0
304,DoS/DDoS,DoS/DDoS,0.0,0.0,1.0,0.0,0.0
305,DoS/DDoS,DoS/DDoS,0.0,0.0,0.9999807544456359,1.9245554364025933e-05,0.0
306,DoS/DDoS,DoS/DDoS,0.0,0.0,1.0,0.0,0.0
307,DoS/DDoS,DoS/DDoS,0.0,0.0,1.0,0.0,0.0
308,Normal,Normal,0.0,0.0,0.0,1.0,0.0
309,DoS/DDoS,DoS/DDoS,0.0,0.0,1.0,0.0,0.0
310,Normal,Normal,0.0,0.0,0.0,1.0,0.0
311,Normal,Normal,0.0,0.0,0.0,1.0,0.0
312,DoS/DDoS,DoS/DDoS,0.0,0.0,1.0,0.0,0.0
313,Normal,Normal,0.0,0.0,0.0,1.0,0.0
314,Bot,Bot,1.0,0.0,0.0,0.0,0.0
315,DoS/DDoS,DoS/DDoS,0.0,0.009960170308799216,0.9038203568065769,0.07857963567387531,0.0076398372107488325
316,Brute Force,Web Attack,0.0,0.13020365683381097,2.119664097954856e-06,0.0006703116799775329,0.8691239118221131
317,Bot,Bot,0.9735426933570775,0.0,4.526272127891693e-05,0.026412043921643858,0.0
318,DoS/DDoS,DoS/DDoS,0.0,0.0,1.0,0.0,0.0
319,Brute Force,Brute Force,0.0,1.0,0.0,0.0,0.0
320,DoS/DDoS,DoS/DDoS,0.0,0.0,1.0,0.0,0.0
321,Normal,Normal,0.0,0.0,0.0,1.0,0.0
322,Brute Force,Brute Force,0.0,1.0,0.0,0.0,0.0
323,DoS/DDoS,DoS/DDoS,0.0,0.0,1.0,0.0,0.0
324,DoS/DDoS,DoS/DDoS,0.0,0.0,1.0,0.0,0.0
325,Normal,Normal,0.0,0.006572802839264032,0.0,0.9934271971607359,0.0
326,Normal,Normal,0.0,0.0,0.0,1.0,0.0
327,Web Attack,Web Attack,0.0,0.08410887190641214,2.119664097954856e-06,0.0006244145650717785,0.915264593864418
328,DoS/DDoS,DoS/DDoS,0.0,0.0,1.0,0.0,0.0
329,Brute Force,Brute Force,0.0,1.0,0.0,0.0,0.0
330,DoS/DDoS,DoS/DDoS,0.0,0.0,0.9999807544456359,1.9245554364025933e-05,0.0
331,DoS/DDoS,DoS/DDoS,0.0,0.0,1.0,0.0,0.0
332,DoS/DDoS,DoS/DDoS,0.0,0.0,1.0,0.0,0.0
333,Brute Force,Web Attack,0.0,0.22117249428527952,2.119664097954856e-06,0.0006018126366785768,0.7782235734139437
334,DoS/DDoS,DoS/DDoS,0.0,0.0,0.9999515620674263,4.843793257365714e-05,0.0
335,Brute Force,Brute Force,0.0,1.0,0.0,0.0,0.0
336,DoS/DDoS,DoS/DDoS,0.0,0.0,1.0,0.0,0.0
337,Brute Force,Brute Force,0.0,1.0,0.0,0.0,0.0
338,DoS/DDoS,DoS/DDoS,0.0,0.0,1.0,0.0,0.0
339,DoS/DDoS,DoS/DDoS,0.0,0.0,1.0,0.0,0.0
340,Normal,Normal,0.010766043540206285,0.004846079514080618,0.001121638700549254,0.9832662382451639,0.0
341,DoS/DDoS,DoS/DDoS,0.0,0.0,1.0,0.0,0.0
342,Normal,Normal,0.0,0.0025078768535904254,0.1895210772945057,0.8079710458519039,0.0
343,DoS/DDoS,DoS/DDoS,0.0,0.0,1.0,0.0,0.0
344,DoS/DDoS,DoS/DDoS,0.0,0.0,1.0,0.0,0.0
345,DoS/DDoS,DoS/DDoS,0.0,0.0,0.9986484779319366,0.0013515220680635012,0.0
346,Bot,Bot,0.9795223431191405,0.0,0.0,0.02047765688085951,0.0
347,Brute Force,Brute Force,0.0,1.0,0.0,0.0,0.0
348,Normal,Normal,0.0,0.0,0.0,1.0,0.0
349,Normal,Normal,0.0,0.0,0.0,1.0,0.0
350,DoS/DDoS,DoS/DDoS,0.0,0.0,1.0,0.0,0.0
351,DoS/DDoS,DoS/DDoS,0.0,0.0,1.0,0.0,0.0
352,Normal,Normal,0.0,0.0,0.0,1.0,0.0
353,DoS/DDoS,DoS/DDoS,0.0,0.0,1.0,0.0,0.0
354,DoS/DDoS,DoS/DDoS,0.0,0.0,1.0,0.0,0.0
355,DoS/DDoS,DoS/DDoS,0.0,0.0,1.0,0.0,0.0
356,Brute Force,Brute Force,0.0,0.7748886018142334,1.6281103216542896e-05,0.0012895884937422328,0.22380552858880803
357,DoS/DDoS,DoS/DDoS,0.0,0.0,1.0,0.0,0.0
358,DoS/DDoS,DoS/DDoS,0.0,0.0,1.0,0.0,0.0
359,Normal,Normal,0.0,0.0,0.0,1.0,0.0
360,Bot,Bot,0.9752337111847841,0.0,4.526272127891693e-05,0.0247210260939372,0.0
361,DoS/DDoS,DoS/DDoS,0.0,0.0,1.0,0.0,0.0
362,Brute Force,Brute Force,0.0,0.4799196787636687,0.0009540393011362265,0.04143539724236252,0.47769088469283255
363,DoS/DDoS,DoS/DDoS,0.0,0.0,0.9977672957401087,0.002232704259891346,0.0
364,DoS/DDoS,DoS/DDoS,0.0,0.0,1.0,0.0,0.0
365,Brute Force,Brute Force,0.0,1.0,0.0,0.0,0.0
366,DoS/DDoS,DoS/DDoS,0.0,0.0,1.0,0.0,0.0
367,Normal,Normal,0.0,0.0,0.0,1.0,0.0
368,Normal,Normal,0.0,0.0,0.0,1.0,0.0
369,DoS/DDoS,DoS/DDoS,0.0,0.0,1.0,0.0,0.0
370,Brute Force,Brute Force,0.0,1.0,0.0,0.0,0.0
371,Normal,Normal,0.0,0.00044095184887354847,0.005261055079503303,0.9942979930716231,0.0
372,Normal,DoS/DDoS,0.0,0.01266105268967664,0.47736204665205423,0.35644586403310186,0.1535310366251674
373,DoS/DDoS,DoS/DDoS,0.0,0.0,1.0,0.0,0.0
374,Normal,Normal,0.0,0.0,0.0,1.0,0.0
375,Normal,Normal,0.0,0.0,0.0,1.0,0.0
376,Brute Force,Web Attack,0.0,0.2307442478014734,2.119664097954856e-06,0.002168009225197105,0.7670856233092315
377,DoS/DDoS,DoS/DDoS,0.0,0.0,1.0,0.0,0.0
378,Normal,Normal,0.0,0.0,0.0,1.0,0.0
379,Normal,Normal,0.0,0.0411913511711993,0.0,0.9462973756575233,0.012511273171277598
380,Brute Force,Brute Force,0.0,1.0,0.0,0.0,0.0
381,Web Attack,Web Attack,0.0,0.0951166346262306,2.119664097954856e-06,0.0006207759528405987,0.9042604697568305
382,DoS/DDoS,DoS/DDoS,0.0,0.0,1.0,0.0,0.0
383,Normal,Normal,0.0054769800319233565,0.0,0.00037149651321238694,0.9941515234548642,0.0
384,Normal,Normal,0.0,0.0,0.0,1.0,0.0
385,Normal,Normal,0.0,0.0,0.0,1.0,0.0
386,DoS/DDoS,DoS/DDoS,0.0,0.0,1.0,0.0,0.0
387,Normal,Normal,0.0,0.0,0.0,1.0,0.0
388,Normal,Normal,0.0,0.0,0.0,1.0,0.0
389,Normal,Normal,0.0,0.0,0.0,1.0,0.0
390,Brute Force,Brute Force,0.0,1.0,0.0,0.0,0.0
391,Bot,Bot,0.9769794689733041,0.0,4.526272127891693e-05,0.02297526830541696,0.0
392,Normal,Normal,0.0,0.0,0.0,1.0,0.0
393,DoS/DDoS,DoS/DDoS,0.0,0.0,1.0,0.0,0.0
394,Normal,Normal,0.0,0.0,0.0,1.0,0.0
395,Web Attack,Web Attack,0.0,0.21687315355077652,2.119664097954856e-06,0.00413417485324421,0.7789905519318812
396,DoS/DDoS,DoS/DDoS,0.0,0.0,1.0,0.0,0.0
397,DoS/DDoS,DoS/DDoS,0.0,0.0,1.0,0.0,0.0
398,Normal,Normal,0.0,0.0,0.0,1.0,0.0
399,Normal,Normal,0.0,0.03659181757393904,0.04065455473289464,0.9134494129700462,0.009304214723120137
400,Brute Force,Brute Force,0.0,1.0,0.0,0.0,0.0
401,Bot,Bot,0.8467130075143775,0.0,7.772755779751203e-05,0.15320926492782475,0.0
402,DoS/DDoS,DoS/DDoS,0.0,0.0,1.0,0.0,0.0
403,Normal,Normal,0.0,0.008464661715498246,0.0,0.9915353382845018,0.0
404,Bot,Bot,0.9811717979103983,0.0,4.362009610206515e-05,0.018784581993499725,0.0
405,Normal,Normal,0.0,0.0,0.0,1.0,0.0
406,Normal,Normal,0.0,0.008502127144786984,0.015038657498129476,0.9671188353731393,0.00934037998394434
407,Normal,Normal,0.0,0.0,0.0032925324983395007,0.9967074675016605,0.0
408,Brute Force,Brute Force,0.0,1.0,0.0,0.0,0.0
409,DoS/DDoS,DoS/DDoS,0.0,0.0,0.9751848914392602,0.015287897647929382,0.009527210912810368
410,Normal,Normal,0.0,0.0,0.004996238850879393,0.9950037611491206,0.0
411,DoS/DDoS,DoS/DDoS,0.0,0.0,0.9968232220570699,0.003176777942930045,0.0
412,Normal,Normal,0.0,0.0,0.0,1.0,0.0
413,Normal,Normal,0.0,0.0,0.0,1.0,0.0
414,DoS/DDoS,DoS/DDoS,0.0,0.0,1.0,0.0,0.0
415,Normal,Normal,0.0,0.0,0.0,1.0,0.0
416,Normal,Normal,0.0,0.0,0.0,1.0,0.0
417,Bot,Bot,1.0,0.0,0.0,0.0,0.0
418,Normal,Normal,0.0,0.0,0.0,1.0,0.0
419,DoS/DDoS,DoS/DDoS,0.0,0.0,1.0,0.0,0.0
420,Normal,Normal,0.0,0.0,0.0,1.0,0.0
421,Normal,Normal,0.00045391557554762117,0.008371341638125833,0.2905181488205944,0.700656593965732,0.0
422,Normal,Normal,0.0,0.0,0.0,1.0,0.0
423,Normal,Normal,0.0,0.0,0.0,1.0,0.0
424,Normal,Normal,0.0,0.0,0.0,1.0,0.0
425,Normal,Normal,0.0,0.0,0.0,1.0,0.0
426,Normal,Normal,0.0,0.0,0.0,0.9903464043231258,0.009653595676874047
427,Normal,Normal,0.0,0.0,0.0,1.0,0.0
428,Normal,Normal,0.0,0.008474906734503357,0.0,0.9782848253893112,0.013240267876185605
429,Normal,Normal,0.0,0.021352574482168894,0.0,0.9744405612067868,0.004206864311044184
430,Brute Force,Brute Force,0.0,1.0,0.0,0.0,0.0
431,Normal,Normal,0.3511745106156813,0.0,5.886779294291551e-05,0.6487666215913758,0.0
432,Brute Force,Brute Force,0.0,1.0,0.0,0.0,0.0
433,DoS/DDoS,DoS/DDoS,0.0,0.0,0.9999515620674263,4.843793257365714e-05,0.0
434,Brute Force,Brute Force,0.0,1.0,0.0,0.0,0.0
435,DoS/DDoS,DoS/DDoS,0.0,0.0,1.0,0.0,0.0
436,Normal,Normal,0.00045391557554762117,0.0037024891665995074,0.019430066639208723,0.976413528618644,0.0
437,Normal,Normal,0.0,0.0,0.0,1.0,0.0
438,Normal,Normal,0.0,0.0,0.0,1.0,0.0
439,Brute Force,Web Attack,0.0,0.19895421454793408,2.119664097954856e-06,0.0006516183526529315,0.800392047435315
440,DoS/DDoS,DoS/DDoS,0.0,0.0,1.0,0.0,0.0
441,Brute Force,Brute Force,0.0,1.0,0.0,0.0,0.0
442,Brute Force,Brute Force,0.0,1.0,0.0,0.0,0.0
443,DoS/DDoS,DoS/DDoS,0.0,0.0003353286992620004,0.999664671300738,0.0,0.0
444,DoS/DDoS,DoS/DDoS,0.0,0.0,1.0,0.0,0.0
445,DoS/DDoS,DoS/DDoS,0.0,0.0,1.0,0.0,0.0
446,DoS/DDoS,DoS/DDoS,0.0,0.01538801960358032,0.9226541025909725,0.06195787780544717,0.0
447,DoS/DDoS,DoS/DDoS,0.0,0.0,0.990864120029263,0.009135879970736935,0.0
448,Brute Force,Brute Force,0.0,1.0,0.0,0.0,0.0
449,Normal,Normal,0.0,0.0,0.0,1.0,0.0
450,Normal,Normal,0.0,0.0,0.0,1.0,0.0
451,Normal,Normal,0.0,0.0,0.0,1.0,0.0
452,DoS/DDoS,DoS/DDoS,0.0,0.0,1.0,0.0,0.0
453,Bot,Bot,1.0,0.0,0.0,0.0,0.0
454,Normal,Normal,0.002849891251961943,0.0,0.00022955373686064148,0.9969205550111775,0.0
455,DoS/DDoS,DoS/DDoS,0.0,0.0,1.0,0.0,0.0
456,DoS/DDoS,DoS/DDoS,0.0,0.0,1.0,0.0,0.0
457,DoS/DDoS,DoS/DDoS,0.0,0.0,0.9987707187539315,0.0012292812460683322,0.0
458,Brute Force,Brute Force,0.0,1.0,0.0,0.0,0.0
459,Bot,Bot,0.9635676529542715,0.0,5.367481851905866e-05,0.036378672227209516,0.0
460,DoS/DDoS,DoS/DDoS,0.0,0.0,0.9975089263431669,0.002491073656833184,0.0
461,DoS/DDoS,DoS/DDoS,0.0,0.0,1.0,0.0,0.0
462,Normal,Normal,0.0,0.0,0.0,1.0,0.0
463,Brute Force,Brute Force,0.0,1.0,0.0,0.0,0.0
464,Normal,Normal,0.0,0.0,0.0,1.0,0.0
465,DoS/DDoS,DoS/DDoS,0.0,0.0,1.0,0.0,0.0
466,DoS/DDoS,DoS/DDoS,0.0,0.0,0.9999515620674263,4.843793257365714e-05,0.0
467,Brute Force,Brute Force,0.0,0.861732266134448,8.937462928232822e-06,0.0018080706492073092,0.13645072575341669
468,Brute Force,Brute Force,0.0,1.0,0.0,0.0,0.0
469,Web Attack,Web Attack,0.0,0.26004440059612577,2.119664097954856e-06,0.0006693158207079804,0.7392841639190684
470,Brute Force,Brute Force,0.0,1.0,0.0,0.0,0.0
471,Normal,Normal,0.0,0.0,0.0,1.0,0.0
472,Brute Force,Brute Force,0.0,1.0,0.0,0.0,0.0
473,Normal,Normal,0.3500229883250732,0.0,8.725519614667738e-05,0.6498897564787801,0.0
474,Brute Force,Brute Force,0.0,1.0,0.0,0.0,0.0
475,Brute Force,Brute Force,0.0,1.0,0.0,0.0,0.0
476,DoS/DDoS,DoS/DDoS,0.0,0.0,0.9998779831753416,0.00012201682465843791,0.0
477,Bot,Bot,0.9564142264372696,0.0,0.00010843080247216901,0.04347734276025845,0.0
478,Brute Force,Brute Force,0.0,1.0,0.0,0.0,0.0
479,Brute Force,Web Attack,0.0,0.34269122485675474,1.278549656947793e-05,0.007202009493037308,0.6500939801536383
480,DoS/DDoS,DoS/DDoS,0.0,0.0,1.0,0.0,0.0
481,Normal,Normal,0.0,0.0,0.0,1.0,0.0
482,Normal,Normal,0.0,0.0,0.0,1.0,0.0
483,DoS/DDoS,DoS/DDoS,0.0,0.0,0.9947850320240288,0.005214967975971193,0.0
484,DoS/DDoS,DoS/DDoS,0.0,0.0,1.0,0.0,0.0
485,DoS/DDoS,DoS/DDoS,0.0,0.0,1.0,0.0,0.0
486,Normal,Normal,0.0,0.0,0.0,1.0,0.0
487,DoS/DDoS,DoS/DDoS,0.0,0.0,1.0,0.0,0.0
488,Brute Force,Brute Force,0.0,1.0,0.0,0.0,0.0
489,DoS/DDoS,DoS/DDoS,0.0,0.0,1.0,0.0,0.0
490,Brute Force,Brute Force,0.0,1.0,0.0,0.0,0.0
491,Bot,Bot,0.9776759423398336,0.0,4.526272127891693e-05,0.022278794938887694,0.0
492,Normal,Normal,0.0,0.0,0.0,1.0,0.0
493,Bot,Bot,1.0,0.0,0.0,0.0,0.0
494,Normal,Normal,0.0,0.0,0.0,1.0,0.0
495,DoS/DDoS,Normal,0.00045391557554762117,0.00961273903668925,0.4844789978775805,0.4968097344575659,0.008644613052616785
496,DoS/DDoS,DoS/DDoS,0.0,0.0,1.0,0.0,0.0
497,DoS/DDoS,DoS/DDoS,0.0,0.0,1.0,0.0,0.0
498,Brute Force,Brute Force,0.0,1.0,0.0,0.0,0.0
499,DoS/DDoS,DoS/DDoS,0.0,0.0,1.0,0.0,0.0
500,Normal,Normal,0.0,0.0025078768535904254,0.2405588746964214,0.7569332484499881,0.0
501,Brute Force,Web Attack,0.0,0.27580790775149805,2.119664097954856e-06,0.0006244145650717785,0.723565558019332
502,DoS/DDoS,DoS/DDoS,0.0,0.0,1.0,0.0,0.0
503,Bot,Bot,0.9998197911964907,0.0,0.0,0.00018020880350936918,0.0
504,DoS/DDoS,DoS/DDoS,0.0,0.0,1.0,0.0,0.0
505,Brute Force,Web Attack,0.0,0.09144146771422496,2.9597595240715013e-05,0.0008520410002285637,0.9076768936903059
506,Normal,Normal,0.0,0.0,0.0,1.0,0.0
507,DoS/DDoS,DoS/DDoS,0.0,0.0,1.0,0.0,0.0
508,DoS/DDoS,DoS/DDoS,0.0,0.0,1.0,0.0,0.0
509,DoS/DDoS,DoS/DDoS,0.0,0.0,1.0,0.0,0.0
510,DoS/DDoS,DoS/DDoS,0.0,0.0,1.0,0.0,0.0
511,Brute Force,Brute Force,0.0,1.0,0.0,0.0,0.0
512,Normal,Normal,0.0,0.0,0.0,1.0,0.0
513,Brute Force,Web Attack,0.0,0.2383449810632341,2.119664097954856e-06,0.004114051316351513,0.7575388479563163
514,DoS/DDoS,DoS/DDoS,0.0,0.0,1.0,0.0,0.0
515,DoS/DDoS,DoS/DDoS,0.0,0.0,1.0,0.0,0.0
516,DoS/DDoS,DoS/DDoS,0.0,0.0,1.0,0.0,0.0
517,Normal,Normal,0.0,0.0,0.0,1.0,0.0
518,Brute Force,Brute Force,0.0,1.0,0.0,0.0,0.0
519,DoS/DDoS,DoS/DDoS,0.0,0.0,1.0,0.0,0.0
520,Normal,Normal,0.0,0.03102056532322369,0.0,0.931192767054061,0.03778666762271545
521,Normal,Normal,0.05508929545380177,0.0065189725354419135,0.01,0.8897050186166626,0.03868671339409377
522,Brute Force,Brute Force,0.0,1.0,0.0,0.0,0.0
523,Normal,Normal,0.0,0.0,0.0,1.0,0.0
524,Web Attack,Brute Force,0.0,0.4946618454497285,0.0008616425901188406,0.24886697362840454,0.25560953833174793
525,DoS/DDoS,DoS/DDoS,0.0,0.0,1.0,0.0,0.0
526,Brute Force,Brute Force,0.0,1.0,0.0,0.0,0.0
527,Normal,Normal,0.0,0.04,0.045093844841302425,0.9149061551586977,0.0
528,Normal,Normal,0.0,0.0466597951713039,5.544403877171457e-05,0.8982273764268921,0.05505738436303234
529,Brute Force,Brute Force,0.0,1.0,0.0,0.0,0.0
530,Normal,Normal,0.0,0.02924825854562894,0.029990340552216662,0.9407614009021543,0.0
531,DoS/DDoS,DoS/DDoS,0.0,0.0,1.0,0.0,0.0
532,Normal,Normal,0.0,0.0,0.0,1.0,0.0
533,Brute Force,Web Attack,0.0,0.21497110433672698,2.119664097954856e-06,0.006251297157533909,0.778775478841641
534,Normal,Normal,0.0,0.0,0.0,1.0,0.0
535,Brute Force,Brute Force,0.0,0.7578724013325672,0.0001572945684176533,0.0984193544843138,0.14355094961470122
536,Brute Force,Brute Force,0.0,0.9965046667027608,0.0,0.0034953332972391745,0.0
537,Brute Force,Brute Force,0.0,0.6526047943546012,1.6281103216542896e-05,0.0021961375836562344,0.3451827869585263
538,Normal,Normal,0.0,0.0,0.0,1.0,0.0
539,Normal,Normal,0.0,0.0,0.0,1.0,0.0
540,DoS/DDoS,DoS/DDoS,0.0,0.0,1.0,0.0,0.0
541,Normal,Normal,0.0,0.0,0.0,1.0,0.0
542,DoS/DDoS,DoS/DDoS,0.0,0.0,1.0,0.0,0.0
543,Normal,Normal,0.0,0.0,0.0,1.0,0.0
544,Brute Force,Brute Force,0.0,1.0,0.0,0.0,0.0
545,Normal,Normal,0.0,0.0,0.0,1.0,0.0
546,Normal,Normal,0.0,0.0,0.0,1.0,0.0
547,Brute Force,Brute Force,0.0,1.0,0.0,0.0,0.0
548,Normal,Normal,0.0,0.0,0.0033100332857822156,0.9966899667142178,0.0
549,DoS/DDoS,DoS/DDoS,0.0,0.0,1.0,0.0,0.0
550,DoS/DDoS,DoS/DDoS,0.0,0.009707309258092935,0.6780956957585541,0.3121969949833529,0.0
551,Normal,Normal,0.0,0.0,0.0,1.0,0.0
552,DoS/DDoS,DoS/DDoS,0.0,0.0,1.0,0.0,0.0
553,DoS/DDoS,DoS/DDoS,0.0,0.0,0.9949553078594068,0.005044692140593284,0.0
554,Normal,Normal,0.0,0.0,0.0,1.0,0.0
555,DoS/DDoS,DoS/DDoS,0.0,0.0,1.0,0.0,0.0
556,Brute Force,Brute Force,0.0,1.0,0.0,0.0,0.0
557,DoS/DDoS,DoS/DDoS,0.0,0.0,1.0,0.0,0.0
558,DoS/DDoS,DoS/DDoS,0.0,0.0,1.0,0.0,0.0
559,Normal,Normal,0.0,0.0,0.0,1.0,0.0
560,Normal,Normal,0.0,0.0,0.0,1.0,0.0
561,DoS/DDoS,DoS/DDoS,0.0,0.0,0.9999515620674263,4.843793257365714e-05,0.0
562,Normal,Normal,0.0,0.0,0.0,1.0,0.0
563,Normal,Normal,0.046535152996912466,0.0,0.027494890092157637,0.916274455180826,0.009695501730103808
564,DoS/DDoS,DoS/DDoS,0.0,0.0,1.0,0.0,0.0
565,DoS/DDoS,DoS/DDoS,0.0,0.0,1.0,0.0,0.0
566,Normal,Normal,0.09575790386946664,0.0,9.829310655844389e-06,0.9042322668198776,0.0
567,Normal,Normal,0.0,0.0,0.0,1.0,0.0
568,DoS/DDoS,DoS/DDoS,0.0,0.0,1.0,0.0,0.0
569,DoS/DDoS,DoS/DDoS,0.0,0.0,1.0,0.0,0.0
570,DoS/DDoS,DoS/DDoS,0.0,0.001241397398563415,0.9917797145873243,0.006978888014112157,0.0
571,DoS/DDoS,DoS/DDoS,0.0,0.0,1.0,0.0,0.0
572,Normal,Normal,0.0,0.0,0.0,1.0,0.0
573,DoS/DDoS,DoS/DDoS,0.0,0.0,1.0,0.0,0.0
574,Brute Force,Brute Force,0.0,0.912320671427937,0.0,0.03351492089318579,0.05416440767887694
575,Brute Force,Brute Force,0.0,1.0,0.0,0.0,0.0
576,DoS/DDoS,DoS/DDoS,0.0,0.0,0.784670334961342,0.21532966503865814,0.0
577,Normal,Normal,0.0,0.0,0.0,1.0,0.0
578,DoS/DDoS,DoS/DDoS,0.0,0.007851986070609553,0.9732771342180402,0.018870879711350284,0.0
579,DoS/DDoS,DoS/DDoS,0.0,0.0,1.0,0.0,0.0
580,Brute Force,Web Attack,0.0,0.28414438766507294,1.278549656947793e-05,0.004501936490170229,0.7113408903481876
581,Normal,Normal,0.0,0.0,0.006021209572815257,0.9939787904271847,0.0
582,Normal,Normal,0.0,0.0,0.0,1.0,0.0
583,DoS/DDoS,DoS/DDoS,0.0,0.0,1.0,0.0,0.0
584,Normal,Normal,0.0,0.0,0.0,1.0,0.0
585,Normal,Normal,0.0,0.0,0.0,1.0,0.0
586,Brute Force,Brute Force,0.0,1.0,0.0,0.0,0.0
587,Normal,Normal,0.0,0.0,0.0,1.0,0.0
588,Normal,Normal,0.0,0.0,0.0,1.0,0.0
589,Brute Force,Brute Force,0.0,1.0,0.0,0.0,0.0
590,Brute Force,Brute Force,0.0,1.0,0.0,0.0,0.0
591,Brute Force,Brute Force,0.0,1.0,0.0,0.0,0.0
592,Normal,Bot,0.8524184071390666,0.0,0.00010678817729531723,0.14747480468363816,0.0
593,Normal,Normal,0.0,0.0,0.0,0.9906610568832044,0.009338943116795692
594,Bot,Bot,1.0,0.0,0.0,0.0,0.0
595,Brute Force,Brute Force,0.0,1.0,0.0,0.0,0.0
596,DoS/DDoS,DoS/DDoS,0.0,0.0,0.9998142551174002,0.00018574488259984488,0.0
597,DoS/DDoS,DoS/DDoS,0.0,0.0,1.0,0.0,0.0
598,DoS/DDoS,DoS/DDoS,0.0,0.001241397398563415,0.995161534503387,0.003597068098049585,0.0
599,Normal,Normal,0.0,0.0,0.015836455567645964,0.9841635444323541,0.0
600,Brute Force,Brute Force,0.0,1.0,0.0,0.0,0.0
601,Normal,Normal,0.0,0.0,0.0,1.0,0.0
602,Normal,Normal,0.0,0.0,0.0,1.0,0.0
603,Brute Force,Brute Force,0.0,1.0,0.0,0.0,0.0
604,Normal,Normal,0.0,0.0,0.0,1.0,0.0
605,Normal,Normal,0.0,0.0,0.0,1.0,0.0
606,DoS/DDoS,DoS/DDoS,0.0,0.0,1.0,0.0,0.0
607,Normal,Normal,0.0,0.0,0.0,1.0,0.0
608,Brute Force,Brute Force,0.0,1.0,0.0,0.0,0.0
609,DoS/DDoS,DoS/DDoS,0.0,0.0,1.0,0.0,0.0
610,DoS/DDoS,DoS/DDoS,0.0,0.0,1.0,0.0,0.0
611,Normal,Normal,0.0,0.0,0.0,1.0,0.0
612,Brute Force,Brute Force,0.0,1.0,0.0,0.0,0.0
613,Normal,Normal,0.0,0.0,0.0,1.0,0.0
614,Normal,Normal,0.0,0.0,0.0,1.0,0.0
615,Normal,Normal,0.0,0.0,0.0,1.0,0.0
616,DoS/DDoS,DoS/DDoS,0.0,0.0,1.0,0.0,0.0
617,Brute Force,Brute Force,0.0,1.0,0.0,0.0,0.0
618,DoS/DDoS,DoS/DDoS,0.0,0.0,1.0,0.0,0.0
619,Normal,Normal,0.0,0.0,0.0,1.0,0.0
620,DoS/DDoS,DoS/DDoS,0.0,0.0,1.0,0.0,0.0
621,Normal,Normal,0.0,0.0,0.0,1.0,0.0
622,Brute Force,Brute Force,0.0,1.0,0.0,0.0,0.0
623,Normal,Normal,0.0,0.0,0.0,1.0,0.0
624,DoS/DDoS,DoS/DDoS,0.0,0.0,1.0,0.0,0.0
625,DoS/DDoS,DoS/DDoS,0.0,0.0,1.0,0.0,0.0
626,DoS/DDoS,DoS/DDoS,0.0,0.0,1.0,0.0,0.0
627,Brute Force,Brute Force,0.0,1.0,0.0,0.0,0.0
628,DoS/DDoS,DoS/DDoS,0.0,0.0,1.0,0.0,0.0
629,Bot,Bot,0.9966084341611027,0.0,0.0,0.0033915658388972173,0.0
630,Brute Force,Brute Force,0.0,1.0,0.0,0.0,0.0
631,DoS/DDoS,DoS/DDoS,0.0,0.0,1.0,0.0,0.0
632,Normal,Normal,0.0,0.0,0.0,1.0,0.0
633,Normal,Normal,0.0,0.01991007673922367,0.028149405240943847,0.9422585929748871,0.009681925044945375
634,DoS/DDoS,DoS/DDoS,0.0,0.0003353286992620004,0.999664671300738,0.0,0.0
635,DoS/DDoS,DoS/DDoS,0.0,0.0,1.0,0.0,0.0
636,Bot,Bot,1.0,0.0,0.0,0.0,0.0
637,Normal,Normal,0.0,0.0,0.0,1.0,0.0
638,Normal,Normal,0.0,0.0836519356194081,0.017416431911084385,0.8889316324695075,0.01
639,DoS/DDoS,DoS/DDoS,0.0,0.0,1.0,0.0,0.0
640,Normal,Normal,0.0,0.0,0.0,1.0,0.0
641,DoS/DDoS,DoS/DDoS,0.0,0.0,0.9999515620674263,4.843793257365714e-05,0.0
642,DoS/DDoS,DoS/DDoS,0.0,0.0,1.0,0.0,0.0
643,DoS/DDoS,DoS/DDoS,0.0,0.0,1.0,0.0,0.0
644,DoS/DDoS,DoS/DDoS,0.0,0.0,1.0,0.0,0.0
645,Brute Force,Brute Force,0.0,1.0,0.0,0.0,0.0
646,Brute Force,Brute Force,0.0,1.0,0.0,0.0,0.0
647,Normal,Normal,0.0,0.00685517651476494,0.0,0.98710675498599,0.006038068499245142
648,Normal,Normal,0.0,0.0,0.023450336379598005,0.9765496636204021,0.0
649,DoS/DDoS,DoS/DDoS,0.0,0.0,1.0,0.0,0.0
650,Normal,Normal,0.0,0.0,0.0,1.0,0.0
651,Normal,Normal,0.0,0.0,0.03413761561216069,0.9658623843878393,0.0
652,Normal,Normal,0.0,0.0,0.004983275211728703,0.9950167247882713,0.0
653,Normal,Normal,0.0,0.0,0.005027812668221784,0.9850801245830075,0.00989206274877078
654,Brute Force,Brute Force,0.0,1.0,0.0,0.0,0.0
655,DoS/DDoS,DoS/DDoS,0.0,0.0,1.0,0.0,0.0
656,Brute Force,Web Attack,0.0,0.13420514589734256,2.119664097954856e-06,0.005872302778712379,0.8599204316598467
657,DoS/DDoS,DoS/DDoS,0.0,0.001241397398563415,0.995161534503387,0.003597068098049585,0.0
658,Brute Force,Brute Force,0.0,1.0,0.0,0.0,0.0
659,Normal,Normal,0.0,0.0,0.0,1.0,0.0
660,Normal,Normal,0.0,0.04334787474542291,0.0,0.9418082011895308,0.014843924065046305
661,DoS/DDoS,DoS/DDoS,0.0,0.0,1.0,0.0,0.0
662,Brute Force,Brute Force,0.0,1.0,0.0,0.0,0.0
663,Normal,Normal,0.0,0.0,0.0,1.0,0.0
664,Normal,Normal,0.0,0.0,0.0,1.0,0.0
665,DoS/DDoS,DoS/DDoS,0.0,0.0,1.0,0.0,0.0
666,Normal,Normal,0.0,0.010935959360698933,0.007885096255234534,0.9811789443840665,0.0
667,Brute Force,Brute Force,0.0,1.0,0.0,0.0,0.0
668,DoS/DDoS,DoS/DDoS,0.0,0.0,1.0,0.0,0.0
669,Brute Force,Web Attack,0.0,0.17718206633291791,2.119664097954856e-06,0.0006568105266906438,0.8221590034762931
670,Bot,Bot,0.9977316921146664,0.0,0.0,0.0022683078853335996,0.0
671,Brute Force,Brute Force,0.0,1.0,0.0,0.0,0.0
672,DoS/DDoS,DoS/DDoS,0.0,0.001241397398563415,0.995161534503387,0.003597068098049585,0.0
673,Normal,Normal,0.0,0.0,0.0,1.0,0.0
674,Normal,Normal,0.0,0.0,0.0,1.0,0.0
675,DoS/DDoS,DoS/DDoS,0.0,0.0,1.0,0.0,0.0
676,Normal,Normal,0.0,0.0,0.0,1.0,0.0
677,DoS/DDoS,DoS/DDoS,0.0,0.0,1.0,0.0,0.0
678,Normal,Normal,0.0,0.0,0.014032504305751516,0.9859674956942486,0.0
679,DoS/DDoS,DoS/DDoS,0.0,0.0,1.0,0.0,0.0
680,DoS/DDoS,DoS/DDoS,0.0,0.0,0.9999515620674263,4.843793257365714e-05,0.0
681,Normal,Normal,0.0,0.0,0.0,1.0,0.0
682,Brute Force,Brute Force,0.0,0.996488103585285,0.0,0.003511896414715094,0.0
683,DoS/DDoS,DoS/DDoS,0.0,0.0,0.9991599881493601,0.0008400118506398297,0.0
684,Normal,Normal,0.0,0.0,0.0,1.0,0.0
685,Normal,Normal,0.0,0.0,0.0,1.0,0.0
686,Normal,Normal,0.0,0.0,0.0,1.0,0.0
687,Brute Force,Brute Force,0.0,1.0,0.0,0.0,0.0
688,DoS/DDoS,DoS/DDoS,0.0,0.0,1.0,0.0,0.0
689,Brute Force,Brute Force,0.0,1.0,0.0,0.0,0.0
690,DoS/DDoS,DoS/DDoS,0.0,0.0,1.0,0.0,0.0
691,DoS/DDoS,DoS/DDoS,0.0,0.0,1.0,0.0,0.0
692,Normal,Normal,0.45082894207706076,0.0,8.955376223124516e-05,0.5490815041607082,0.0
693,DoS/DDoS,DoS/DDoS,0.0,0.0,1.0,0.0,0.0
694,Normal,Normal,0.0,0.0,0.0,1.0,0.0
695,DoS/DDoS,DoS/DDoS,0.0,0.0,1.0,0.0,0.0
696,DoS/DDoS,DoS/DDoS,0.0,0.0,1.0,0.0,0.0
697,Brute Force,Brute Force,0.0,1.0,0.0,0.0,0.0
698,Brute Force,Brute Force,0.0,1.0,0.0,0.0,0.0
699,Bot,Bot,0.9958565148375227,0.0,0.0,0.004143485162477028,0.0
700,Normal,Normal,0.0,0.0,0.0,1.0,0.0
701,Brute Force,Brute Force,0.0,1.0,0.0,0.0,0.0
702,Normal,Normal,0.0,0.0,0.0,1.0,0.0
703,Normal,Normal,0.0,0.0,0.0,1.0,0.0
704,Normal,Normal,0.0,0.0,0.0,1.0,0.0
705,Brute Force,Brute Force,0.0,1.0,0.0,0.0,0.0
706,Brute Force,Brute Force,0.0,1.0,0.0,0.0,0.0
707,DoS/DDoS,DoS/DDoS,0.0,0.0,0.9999515620674263,4.843793257365714e-05,0.0
708,Normal,Normal,0.0,0.0,0.0,1.0,0.0
709,Normal,Normal,0.43222807091598114,0.00807141341340744,0.003356941187730296,0.5563435744828811,0.0
710,Normal,Normal,0.0,0.0,0.01168953962938538,0.9883104603706147,0.0
711,DoS/DDoS,DoS/DDoS,0.0,0.0,1.0,0.0,0.0
712,DoS/DDoS,DoS/DDoS,0.0,0.0,1.0,0.0,0.0
713,Normal,Bot,0.7927896789518114,0.0,0.00010678817729531723,0.2071035328708933,0.0
714,Brute Force,Brute Force,0.0,1.0,0.0,0.0,0.0
715,DoS/DDoS,DoS/DDoS,0.0,0.0,1.0,0.0,0.0
716,Normal,Normal,0.0,0.0,0.0723860311271766,0.9276139688728233,0.0
717,DoS/DDoS,DoS/DDoS,0.0,0.0,1.0,0.0,0.0
718,Normal,Normal,0.0,0.0,0.0,1.0,0.0
719,Normal,Normal,0.0,0.0,0.0,1.0,0.0
720,DoS/DDoS,DoS/DDoS,0.0,0.017430192962542567,0.9733380965990283,0.00923171043842914,0.0
721,Normal,Normal,0.0,0.004603041595147481,0.0013404975650363003,0.9940564608398161,0.0
722,Normal,Normal,0.0,0.0,0.0,1.0,0.0
723,DoS/DDoS,DoS/DDoS,0.0,0.0,1.0,0.0,0.0
724,Normal,Normal,0.0,0.0,0.0,1.0,0.0
725,DoS/DDoS,DoS/DDoS,0.0,0.0,1.0,0.0,0.0
726,DoS/DDoS,DoS/DDoS,0.0,0.0,1.0,0.0,0.0
727,DoS/DDoS,DoS/DDoS,0.0,0.0,0.9991599881493601,0.0008400118506398297,0.0
728,DoS/DDoS,DoS/DDoS,0.0,0.0,1.0,0.0,0.0
729,Normal,Normal,0.0,0.0,0.0,1.0,0.0
730,DoS/DDoS,DoS/DDoS,0.0,0.0,1.0,0.0,0.0
731,Normal,Normal,0.0,0.0,0.0,1.0,0.0
732,Normal,Normal,0.0,0.0,0.008309324194614161,0.9916906758053858,0.0
733,DoS/DDoS,DoS/DDoS,0.0,0.0,1.0,0.0,0.0
734,Normal,Normal,0.0,0.0,0.0,1.0,0.0
735,DoS/DDoS,DoS/DDoS,0.0,0.0,1.0,0.0,0.0
736,DoS/DDoS,DoS/DDoS,0.0,0.0,1.0,0.0,0.0
737,Brute Force,Brute Force,0.0,1.0,0.0,0.0,0.0
738,Normal,Normal,0.0,0.0,0.0,1.0,0.0
739,DoS/DDoS,DoS/DDoS,0.0,0.0,1.0,0.0,0.0
740,Normal,Normal,0.0,0.0,0.0,1.0,0.0
741,DoS/DDoS,DoS/DDoS,0.0,0.0,1.0,0.0,0.0
742,Bot,Bot,1.0,0.0,0.0,0.0,0.0
743,Normal,Normal,0.0,0.0,0.0,1.0,0.0
744,Bot,Bot,0.9404529075262203,0.0,4.362009610206515e-05,0.059503472377677634,0.0
745,DoS/DDoS,DoS/DDoS,0.0,0.0,1.0,0.0,0.0
746,Normal,Normal,0.0,0.0,0.0,1.0,0.0
747,DoS/DDoS,DoS/DDoS,0.0,0.0,1.0,0.0,0.0
748,Brute Force,Brute Force,0.0,0.7470282158646782,1.6281103216542896e-05,0.007116252810037416,0.24583925022206785
749,Normal,Normal,0.0,0.0,0.0,1.0,0.0
750,Normal,Normal,0.01,0.0008213395036344629,0.007826878523842402,0.9326382910214889,0.04871349095103418
751,DoS/DDoS,DoS/DDoS,0.0,0.0,0.8242203219725869,0.1757796780274132,0.0
752,Normal,Normal,0.0,0.0,0.0,1.0,0.0
753,DoS/DDoS,DoS/DDoS,0.0,0.0,1.0,0.0,0.0
754,DoS/DDoS,DoS/DDoS,0.0,0.0,1.0,0.0,0.0
755,DoS/DDoS,DoS/DDoS,0.0,0.0,0.9999515620674263,4.843793257365714e-05,0.0
756,Normal,Normal,0.0,0.0,0.0,1.0,0.0
757,DoS/DDoS,DoS/DDoS,0.0,0.0,1.0,0.0,0.0
758,DoS/DDoS,DoS/DDoS,0.0,0.0,1.0,0.0,0.0
759,DoS/DDoS,DoS/DDoS,0.0,0.0003353286992620004,0.999664671300738,0.0,0.0
760,Normal,Normal,0.0,0.0,0.03747554602645155,0.9625244539735485,0.0
761,DoS/DDoS,DoS/DDoS,0.0,0.0,1.0,0.0,0.0
762,Normal,Normal,0.007805886243386243,0.017962361800165194,0.016000863060989644,0.9463853600237161,0.011845528871742762
763,Brute Force,Brute Force,0.0,1.0,0.0,0.0,0.0
764,DoS/DDoS,DoS/DDoS,0.0,0.0,1.0,0.0,0.0
765,DoS/DDoS,DoS/DDoS,0.0,0.0,1.0,0.0,0.0
766,Brute Force,Brute Force,0.0,1.0,0.0,0.0,0.0
767,DoS/DDoS,DoS/DDoS,0.0,0.0,1.0,0.0,0.0
768,DoS/DDoS,DoS/DDoS,0.0,0.0,1.0,0.0,0.0
769,Normal,Normal,0.0,0.0,0.0,1.0,0.0
770,Brute Force,Brute Force,0.0,1.0,0.0,0.0,0.0
771,DoS/DDoS,DoS/DDoS,0.0,0.0,1.0,0.0,0.0
772,Brute Force,Brute Force,0.0,1.0,0.0,0.0,0.0
773,Brute Force,Brute Force,0.0,1.0,0.0,0.0,0.0
774,Brute Force,Web Attack,0.0,0.11491709404394754,2.119664097954856e-06,0.0006797050253344196,0.88440108126662
775,Normal,Normal,0.0,0.0,0.0,1.0,0.0
776,Web Attack,Web Attack,0.0,0.4052467291095078,1.278549656947793e-05,0.008026377936264189,0.5867141074576583
777,DoS/DDoS,DoS/DDoS,0.0,0.0,1.0,0.0,0.0
778,Normal,Normal,0.0,0.0,0.0,1.0,0.0
779,Brute Force,Brute Force,0.0,1.0,0.0,0.0,0.0
780,Normal,Normal,0.0,0.0,0.05836209797790537,0.9319669087549329,0.009670993267161795
781,DoS/DDoS,DoS/DDoS,0.0,0.0,1.0,0.0,0.0
782,DoS/DDoS,DoS/DDoS,0.0,0.0,1.0,0.0,0.0
783,Normal,Normal,0.0,0.00685517651476494,0.0,0.98710675498599,0.006038068499245142
784,DoS/DDoS,DoS/DDoS,0.0,0.0,1.0,0.0,0.0
785,Brute Force,Brute Force,0.0,1.0,0.0,0.0,0.0
786,Normal,Normal,0.0,0.0,0.0,1.0,0.0
787,Normal,Normal,0.0,0.03791758842824772,0.18914634444077538,0.7729360671309768,0.0
788,Bot,Bot,0.9998813106891216,0.0,0.0,0.00011868931087857678,0.0
789,Normal,Bot,0.9998813106891216,0.0,0.0,0.00011868931087857678,0.0
790,Normal,Normal,0.0,0.0,0.0,1.0,0.0
791,Normal,Normal,0.0,0.0,0.0,1.0,0.0
792,Normal,Normal,0.00045391557554762117,0.0,0.008500735085056674,0.9910453493393956,0.0
793,DoS/DDoS,DoS/DDoS,0.0,0.0,1.0,0.0,0.0
794,DoS/DDoS,DoS/DDoS,0.0,0.0,1.0,0.0,0.0
795,DoS/DDoS,DoS/DDoS,0.0,0.0,1.0,0.0,0.0
796,Normal,Normal,0.0,0.0,0.0,1.0,0.0
797,DoS/DDoS,DoS/DDoS,0.0,0.0,1.0,0.0,0.0
798,DoS/DDoS,DoS/DDoS,0.0,0.0,1.0,0.0,0.0
799,Brute Force,Brute Force,0.0,1.0,0.0,0.0,0.0
800,Brute Force,Web Attack,0.0,0.2183850757342714,1.278549656947793e-05,0.009489362809806954,0.7721127759593519
801,Normal,Normal,0.0,0.0,0.0,1.0,0.0
802,Brute Force,Brute Force,0.0,1.0,0.0,0.0,0.0
803,DoS/DDoS,DoS/DDoS,0.0,0.0,1.0,0.0,0.0
804,Brute Force,Brute Force,0.0,1.0,0.0,0.0,0.0
805,Bot,Bot,1.0,0.0,0.0,0.0,0.0
806,Normal,Normal,0.002849891251961943,0.0,0.00022955373686064148,0.9969205550111775,0.0
807,Brute Force,Web Attack,0.0,0.2557398735054463,2.119664097954856e-06,0.0006039911384678714,0.7436540156919879
808,Normal,Normal,0.0,0.0,0.0,1.0,0.0
809,Normal,Normal,0.0,0.0,0.0,1.0,0.0
810,DoS/DDoS,DoS/DDoS,0.0,0.0,1.0,0.0,0.0
811,DoS/DDoS,DoS/DDoS,0.0,0.0,1.0,0.0,0.0
812,Brute Force,Brute Force,0.0,1.0,0.0,0.0,0.0
813,Normal,Normal,0.0,0.0,0.0,1.0,0.0
814,Normal,Normal,0.0,0.0,0.0,1.0,0.0
815,Normal,Normal,0.0,0.0,0.0,1.0,0.0
816,Normal,Normal,0.0,0.011367213462853161,0.0,0.9886327865371469,0.0
817,Normal,Normal,0.0,0.0,0.0,1.0,0.0
818,DoS/DDoS,DoS/DDoS,0.0,0.0,1.0,0.0,0.0
819,DoS/DDoS,DoS/DDoS,0.0,0.0,0.9991599881493601,0.0008400118506398297,0.0
820,Normal,Normal,0.0,0.0,0.0,1.0,0.0
821,Normal,Normal,0.0,0.0,0.0033982252029551635,0.9966017747970448,0.0
822,Brute Force,Brute Force,0.0,0.6966211699798717,0.000794517207468214,0.044825476135981666,0.25775883667667854
823,DoS/DDoS,DoS/DDoS,0.0,0.0,1.0,0.0,0.0
824,Normal,Normal,0.0,0.0,0.011717407899132004,0.988282592100868,0.0
825,Bot,Bot,0.9998089821560554,0.0,0.0,0.00019101784394467126,0.0
826,DoS/DDoS,DoS/DDoS,0.0,0.0,1.0,0.0,0.0
827,Brute Force,Brute Force,0.0,1.0,0.0,0.0,0.0
828,Normal,Normal,0.0,0.0,0.0,1.0,0.0
829,DoS/DDoS,DoS/DDoS,0.0,0.0,1.0,0.0,0.0
830,Normal,Normal,0.0,0.0,0.0,1.0,0.0
831,Normal,Normal,0.0,0.0,0.0,1.0,0.0
832,Brute Force,Brute Force,0.0,1.0,0.0,0.0,0.0
833,DoS/DDoS,DoS/DDoS,0.0,0.0,1.0,0.0,0.0
834,Normal,Normal,0.0,0.0,0.0,1.0,0.0
835,Normal,Normal,0.0,0.0,0.0,1.0,0.0
836,DoS/DDoS,DoS/DDoS,0.0,0.0,1.0,0.0,0.0
837,DoS/DDoS,DoS/DDoS,0.0,0.09240759992697056,0.8240828452270077,0.027204760283055508,0.05630479456296634
838,DoS/DDoS,DoS/DDoS,0.0,0.0,1.0,0.0,0.0
839,DoS/DDoS,DoS/DDoS,0.0,0.0,1.0,0.0,0.0
840,DoS/DDoS,DoS/DDoS,0.0,0.0,1.0,0.0,0.0
841,Web Attack,Brute Force,0.0,0.6303900955897584,1.6281103216542896e-05,0.0024836257825420283,0.36710999752448303
842,Normal,Normal,0.0,0.0,8.982829642318197e-05,0.9999101717035768,0.0
843,Brute Force,Brute Force,0.0,1.0,0.0,0.0,0.0
844,Brute Force,Brute Force,0.0,1.0,0.0,0.0,0.0
845,DoS/DDoS,DoS/DDoS,0.0,0.0,1.0,0.0,0.0
846,Normal,Normal,0.0,0.0,0.0,1.0,0.0
847,Brute Force,Brute Force,0.0,1.0,0.0,0.0,0.0
848,Normal,Normal,0.0,0.0026842031655725062,0.017950261096435452,0.9763203166806065,0.003045219057385608
849,DoS/DDoS,DoS/DDoS,0.0,0.0,1.0,0.0,0.0
850,DoS/DDoS,DoS/DDoS,0.0,0.0,1.0,0.0,0.0
851,Brute Force,Brute Force,0.0,1.0,0.0,0.0,0.0
852,DoS/DDoS,DoS/DDoS,0.0,0.0,1.0,0.0,0.0
853,Brute Force,Brute Force,0.0,1.0,0.0,0.0,0.0
854,Normal,Normal,0.0,0.0,0.0,1.0,0.0
855,Brute Force,Brute Force,0.0,1.0,0.0,0.0,0.0
856,Normal,Normal,0.0,0.0,0.0,1.0,0.0
857,Normal,Normal,0.0,0.0,0.0,1.0,0.0
858,DoS/DDoS,DoS/DDoS,0.0,0.0,1.0,0.0,0.0
859,DoS/DDoS,DoS/DDoS,0.0,0.0,1.0,0.0,0.0
860,Brute Force,Brute Force,0.0,1.0,0.0,0.0,0.0
861,Normal,Normal,0.0,0.0,0.0,1.0,0.0
862,Brute Force,Brute Force,0.0,0.820202470137437,0.003530839986926273,0.17626668987563668,0.0
863,DoS/DDoS,DoS/DDoS,0.0,0.0,1.0,0.0,0.0
864,Brute Force,Brute Force,0.0,1.0,0.0,0.0,0.0
865,Normal,Normal,0.0,0.0,0.0,1.0,0.0
866,DoS/DDoS,DoS/DDoS,0.0,0.0,1.0,0.0,0.0
867,DoS/DDoS,DoS/DDoS,0.0,0.0,1.0,0.0,0.0
868,DoS/DDoS,DoS/DDoS,0.0,0.0,1.0,0.0,0.0
869,Normal,Normal,0.0,0.0,0.0,1.0,0.0
870,Brute Force,Brute Force,0.0,1.0,0.0,0.0,0.0
871,DoS/DDoS,DoS/DDoS,0.0,0.0,1.0,0.0,0.0
872,Brute Force,Brute Force,0.0,1.0,0.0,0.0,0.0
873,DoS/DDoS,DoS/DDoS,0.0,0.0,1.0,0.0,0.0
874,DoS/DDoS,DoS/DDoS,0.0,0.0,1.0,0.0,0.0
875,Web Attack,Web Attack,0.0,0.2947863271730264,2.9597595240715013e-05,0.0007569074770810327,0.7044271677546519
876,DoS/DDoS,DoS/DDoS,0.0,0.0,1.0,0.0,0.0
877,Normal,Normal,0.0,0.0,0.0,1.0,0.0
878,DoS/DDoS,DoS/DDoS,0.0,0.0,1.0,0.0,0.0
879,Brute Force,Brute Force,0.0,1.0,0.0,0.0,0.0
880,DoS/DDoS,DoS/DDoS,0.0,0.0,1.0,0.0,0.0
881,Normal,Normal,0.0,0.0,0.0,1.0,0.0
882,Normal,Normal,0.0,0.0,0.0,1.0,0.0
883,Normal,Normal,0.0,0.0,0.0,1.0,0.0
884,Normal,Normal,0.0,0.005462040857045876,0.0,0.9838817337650763,0.010656225377877986
885,DoS/DDoS,DoS/DDoS,0.0,0.0,1.0,0.0,0.0
886,Normal,Normal,0.0,0.0,0.0,1.0,0.0
887,Web Attack,Web Attack,0.0,0.17804367444729252,2.119664097954856e-06,0.0006694742796606224,0.8212847316089489
888,DoS/DDoS,DoS/DDoS,0.0,0.0,1.0,0.0,0.0
889,Brute Force,Brute Force,0.0,1.0,0.0,0.0,0.0
890,Brute Force,Brute Force,0.0,1.0,0.0,0.0,0.0
891,Normal,Normal,0.0,0.0,0.0,1.0,0.0
892,Brute Force,Brute Force,0.0,1.0,0.0,0.0,0.0
893,Brute Force,Brute Force,0.0,1.0,0.0,0.0,0.0
894,Normal,Normal,0.0,0.0,0.0,1.0,0.0
895,Brute Force,Brute Force,0.0,1.0,0.0,0.0,0.0
896,Normal,Normal,0.0,0.0,0.0,1.0,0.0
897,Brute Force,Brute Force,0.0,1.0,0.0,0.0,0.0
898,Normal,Normal,0.27163496828391503,0.0,5.11250332041678e-05,0.7283139066828807,0.0
899,Normal,Normal,0.0,0.031751196354965615,0.0,0.9652035845876488,0.003045219057385608
900,DoS/DDoS,DoS/DDoS,0.0,0.0,1.0,0.0,0.0
901,Normal,Normal,0.0,0.006536268461394652,0.11535773715608705,0.8781059943825182,0.0
902,DoS/DDoS,DoS/DDoS,0.0,0.0,1.0,0.0,0.0
903,DoS/DDoS,DoS/DDoS,0.0,0.0,1.0,0.0,0.0
904,DoS/DDoS,DoS/DDoS,0.0,0.0,1.0,0.0,0.0
905,DoS/DDoS,DoS/DDoS,0.0,0.0,1.0,0.0,0.0
906,DoS/DDoS,DoS/DDoS,0.0,0.0,1.0,0.0,0.0
907,Normal,Normal,0.0,0.0,0.0,1.0,0.0
908,DoS/DDoS,DoS/DDoS,0.0,0.0,1.0,0.0,0.0
909,Normal,Normal,0.0,0.0,0.0,1.0,0.0
910,DoS/DDoS,DoS/DDoS,0.0,0.0028133766277609884,0.9348265336178067,0.04190175805870631,0.020458331695726244
911,DoS/DDoS,DoS/DDoS,0.0,0.0,1.0,0.0,0.0
912,Brute Force,Brute Force,0.0,1.0,0.0,0.0,0.0
913,DoS/DDoS,DoS/DDoS,0.0,0.0,0.9987707187539315,0.0012292812460683322,0.0
914,Normal,Normal,0.0,0.0,0.0,1.0,0.0
915,Normal,Normal,0.0,0.0,0.0,1.0,0.0
916,DoS/DDoS,DoS/DDoS,0.0,0.009960170308799216,0.9038203568065769,0.07857963567387531,0.0076398372107488325
917,DoS/DDoS,DoS/DDoS,0.0,0.0,0.9998142551174002,0.00018574488259984488,0.0
918,DoS/DDoS,DoS/DDoS,0.0,0.0,1.0,0.0,0.0
919,Brute Force,Brute Force,0.0,1.0,0.0,0.0,0.0
920,Normal,Normal,0.13806148161954346,0.0,9.829310655844389e-06,0.8619286890698007,0.0
921,DoS/DDoS,DoS/DDoS,0.0,0.0,1.0,0.0,0.0
922,Normal,Normal,0.0,0.002416077802413957,0.006801422028872007,0.9907825001687139,0.0
923,Normal,Normal,0.0,0.01731363033542777,0.0013404975650363003,0.9813458720995358,0.0
924,Normal,Normal,0.0,0.0,0.0018221232716194046,0.9981778767283805,0.0
925,Normal,Normal,0.28168565898084563,0.0,1.185981413265176e-05,0.7183024812050217,0.0
926,DoS/DDoS,DoS/DDoS,0.0,0.0,0.9991599881493601,0.0008400118506398297,0.0
927,DoS/DDoS,DoS/DDoS,0.0,0.0,1.0,0.0,0.0
928,DoS/DDoS,DoS/DDoS,0.0,0.0,1.0,0.0,0.0
929,Brute Force,Brute Force,0.0,0.989417429805448,0.0,0.010582570194551926,0.0
930,Normal,Normal,0.0,0.00882105561593347,0.0,0.9911789443840665,0.0
931,Normal,Normal,0.0,0.0,0.013338206162806517,0.9766617938371934,0.01
932,Normal,Normal,0.0,0.0,0.0,1.0,0.0
933,DoS/DDoS,DoS/DDoS,0.0,0.0,1.0,0.0,0.0
934,Brute Force,Brute Force,0.0,1.0,0.0,0.0,0.0
935,Normal,Normal,0.0,0.0,0.0,1.0,0.0
936,DoS/DDoS,DoS/DDoS,0.0,0.0,1.0,0.0,0.0
937,Brute Force,Brute Force,0.0,1.0,0.0,0.0,0.0
938,Normal,Normal,0.0,0.0,0.006660003807348182,0.9933399961926519,0.0
939,Brute Force,Web Attack,0.0,0.2057371788995116,2.119664097954856e-06,0.0006729544329391602,0.7935877470034511
940,DoS/DDoS,DoS/DDoS,0.0,0.0,1.0,0.0,0.0
941,Brute Force,Brute Force,0.0,1.0,0.0,0.0,0.0
942,DoS/DDoS,DoS/DDoS,0.0,0.0,1.0,0.0,0.0
943,Web Attack,Web Attack,0.0,0.19719287847034028,2.119664097954856e-06,0.0006479797404217516,0.8021570221251397
944,Brute Force,Brute Force,0.0,1.0,0.0,0.0,0.0
945,Normal,Normal,0.017310046052120765,0.0,0.00500000225901121,0.9776899516888681,0.0
946,DoS/DDoS,DoS/DDoS,0.0,0.006486977589339795,0.9434705128672428,0.04004250954341743,0.01
947,DoS/DDoS,DoS/DDoS,0.0,0.0,1.0,0.0,0.0
948,DoS/DDoS,DoS/DDoS,0.0,0.0,1.0,0.0,0.0
949,Normal,Normal,0.0,0.0,0.0,1.0,0.0
950,Normal,Normal,0.0,0.0,0.0,1.0,0.0
951,Brute Force,Brute Force,0.0,1.0,0.0,0.0,0.0
952,DoS/DDoS,DoS/DDoS,0.0,0.0,1.0,0.0,0.0
953,Normal,Normal,0.0,0.008228449754619364,0.13097217897501734,0.7431611069112992,0.11763826435906395
954,Normal,Normal,0.0,0.0,0.0,1.0,0.0
955,DoS/DDoS,DoS/DDoS,0.0,0.0,1.0,0.0,0.0
956,Normal,Normal,0.0012869184796038846,0.0,0.0,0.9987130815203961,0.0
957,Normal,Normal,0.0,0.0,0.01,0.99,0.0
958,Normal,Normal,0.1585769659573437,0.0,1.185981413265176e-05,0.8414111742285237,0.0
959,Normal,Normal,0.0,0.0,0.0,1.0,0.0
960,Normal,Normal,0.0,0.026021364446708738,0.0,0.9652350724242734,0.008743563129017968
961,Brute Force,Web Attack,0.0,0.30382244682321446,2.119664097954856e-06,0.0006076297506990514,0.6955678037619883
962,DoS/DDoS,DoS/DDoS,0.0,0.0,1.0,0.0,0.0
963,Brute Force,Brute Force,0.0,1.0,0.0,0.0,0.0
964,DoS/DDoS,DoS/DDoS,0.0,0.0,1.0,0.0,0.0
965,DoS/DDoS,DoS/DDoS,0.0,0.0,1.0,0.0,0.0
966,Normal,Normal,0.0,0.0,0.0,1.0,0.0
967,Normal,Normal,0.0,0.0,0.0,1.0,0.0
968,DoS/DDoS,DoS/DDoS,0.0,0.0,0.9999515620674263,4.843793257365714e-05,0.0
969,Brute Force,Web Attack,0.0,0.19104276130143436,2.119664097954856e-06,0.0011569736385118679,0.8077981453959557
970,Normal,Normal,0.0,0.0011326350473643417,0.0,0.988502504371725,0.010364860580910623
971,DoS/DDoS,DoS/DDoS,0.0,0.0,1.0,0.0,0.0
972,Normal,Normal,0.0,0.0,0.0,1.0,0.0
973,Brute Force,Brute Force,0.0,1.0,0.0,0.0,0.0
974,Web Attack,Web Attack,0.0,0.4789287264069011,1.278549656947793e-05,0.0009073007850285457,0.5201511873115008
975,DoS/DDoS,DoS/DDoS,0.0,0.0,1.0,0.0,0.0
976,Brute Force,Brute Force,0.0,1.0,0.0,0.0,0.0
977,Brute Force,Brute Force,0.0,1.0,0.0,0.0,0.0
978,Brute Force,Web Attack,0.0,0.21453418161227028,2.119664097954856e-06,0.002168009225197105,0.7832956894984345
979,Normal,Normal,0.0,0.007007480671957655,0.0,0.9869544508287973,0.006038068499245142
980,Normal,Normal,0.0,0.0,0.0,1.0,0.0
981,DoS/DDoS,DoS/DDoS,0.0,0.0,1.0,0.0,0.0
982,DoS/DDoS,DoS/DDoS,0.0,0.0,1.0,0.0,0.0
983,Brute Force,Brute Force,0.0,1.0,0.0,0.0,0.0
984,DoS/DDoS,DoS/DDoS,0.0,0.0,1.0,0.0,0.0
985,Normal,Normal,0.0,0.0,0.0,1.0,0.0
986,DoS/DDoS,DoS/DDoS,0.0,0.0,1.0,0.0,0.0
987,Normal,Normal,0.0,0.0,0.0,1.0,0.0
988,Normal,Normal,0.42141403147219636,0.0,1.883752800976123e-05,0.5785671309997941,0.0
989,DoS/DDoS,DoS/DDoS,0.0,0.0,1.0,0.0,0.0
990,Brute Force,Brute Force,0.0,1.0,0.0,0.0,0.0
991,DoS/DDoS,DoS/DDoS,0.0,0.0,1.0,0.0,0.0
992,Bot,Bot,1.0,0.0,0.0,0.0,0.0
993,DoS/DDoS,DoS/DDoS,0.0,0.0,1.0,0.0,0.0
994,Normal,Normal,0.0,0.0,0.0,1.0,0.0
995,Brute Force,Brute Force,0.0,1.0,0.0,0.0,0.0
996,Normal,Normal,0.0,0.0,0.0,1.0,0.0
997,Normal,Normal,0.0,0.030118251514807307,0.00022678101422729174,0.9121477840458906,0.05750718342507505
998,DoS/DDoS,DoS/DDoS,0.0,0.0,1.0,0.0,0.0
999,DoS/DDoS,DoS/DDoS,0.0,0.0,1.0,0.0,0.0
1000,Normal,Normal,0.0,0.0,0.0,1.0,0.0
1001,Brute Force,Brute Force,0.0,1.0,0.0,0.0,0.0
1002,Normal,Normal,0.0,0.0,0.0,1.0,0.0
1003,Normal,Normal,0.0,0.15170961233116004,1.0665832471523074e-05,0.6018665205161208,0.24641320132024763
1004,DoS/DDoS,DoS/DDoS,0.0,0.0,1.0,0.0,0.0
1005,Normal,Normal,0.0,0.0,0.0,1.0,0.0
1006,Brute Force,Web Attack,0.0,0.388850912773472,1.278549656947793e-05,0.0009310164123033245,0.610205285317655
1007,Normal,Normal,0.0,0.0017496539381098458,0.0,0.9800826546085648,0.018167691453325484
1008,Normal,Normal,0.00045391557554762117,0.0049438865651629214,0.43242922421843133,0.562172973640858,0.0
1009,Normal,Normal,0.0,0.0,0.0,1.0,0.0
1010,DoS/DDoS,DoS/DDoS,0.0,0.0,1.0,0.0,0.0
1011,Normal,Normal,0.0,0.0,0.0,1.0,0.0
1012,DoS/DDoS,DoS/DDoS,0.0,0.0,1.0,0.0,0.0
1013,Normal,Normal,0.0,0.02495914137062747,0.0,0.9662972955003545,0.008743563129017968
1014,DoS/DDoS,DoS/DDoS,0.0,0.001241397398563415,0.995161534503387,0.003597068098049585,0.0
1015,Bot,Bot,0.9665271478210755,0.0,4.526272127891693e-05,0.03342758945764588,0.0
1016,Brute Force,Brute Force,0.0,1.0,0.0,0.0,0.0
1017,DoS/DDoS,DoS/DDoS,0.0,0.0,1.0,0.0,0.0
1018,Normal,Normal,0.0,0.0,0.0,1.0,0.0
1019,Brute Force,Brute Force,0.0,0.9869201092756298,0.0,0.013079890724370278,0.0
1020,Brute Force,Brute Force,0.0,1.0,0.0,0.0,0.0
1021,Normal,Normal,0.0,0.006519598649662416,0.0328561430971516,0.960624258253186,0.0
1022,Normal,Normal,0.0,0.020981429718241143,0.01,0.959018570281759,0.01
1023,Normal,Normal,0.0,0.0,0.0,1.0,0.0
1024,DoS/DDoS,DoS/DDoS,0.0,0.0,1.0,0.0,0.0
1025,Web Attack,Web Attack,0.0,0.10229946974647403,2.119664097954856e-06,0.08060146640687456,0.8170969441825533
1026,Brute Force,Web Attack,0.0,0.24824516255871112,2.119664097954856e-06,0.0029421673488311977,0.7488105504283599
1027,DoS/DDoS,DoS/DDoS,0.0,0.0,1.0,0.0,0.0
1028,Bot,Bot,0.9746378530724463,0.0,3.520799886192343e-05,0.025326938928691797,0.0
1029,Brute Force,Brute Force,0.0,1.0,0.0,0.0,0.0
1030,Normal,Normal,0.0,0.03040100744166684,0.0,0.9608554294293153,0.008743563129017968
1031,Brute Force,Brute Force,0.0,1.0,0.0,0.0,0.0
1032,Normal,Normal,0.0,0.05571061094525992,1.0665832471523074e-05,0.7653665561579632,0.17891216706430543
1033,DoS/DDoS,DoS/DDoS,0.0,0.0,1.0,0.0,0.0
1034,Normal,Normal,0.0,0.0,0.0,1.0,0.0
1035,Brute Force,Brute Force,0.0,0.7163418666208407,0.000794517207468214,0.043886881127876004,0.23897673504381525
1036,Brute Force,Brute Force,0.0,1.0,0.0,0.0,0.0
1037,Brute Force,Brute Force,0.0,0.9831075937901983,0.0,0.01689240620980162,0.0
1038,DoS/DDoS,DoS/DDoS,0.0,0.0,1.0,0.0,0.0
1039,DoS/DDoS,DoS/DDoS,0.0,0.0,1.0,0.0,0.0
1040,Brute Force,Brute Force,0.0,1.0,0.0,0.0,0.0
1041,Normal,Normal,0.0,0.0,0.0,1.0,0.0
1042,Normal,Normal,0.0,0.0,0.0,1.0,0.0
1043,Normal,Normal,0.0,0.0,0.0,1.0,0.0
1044,DoS/DDoS,DoS/DDoS,0.0,0.0,1.0,0.0,0.0
1045,DoS/DDoS,DoS/DDoS,0.0,0.0,0.9999807544456359,1.9245554364025933e-05,0.0
1046,Normal,Normal,0.0,0.0,0.0,1.0,0.0
1047,Normal,Normal,0.0,0.0,0.0,1.0,0.0
1048,DoS/DDoS,DoS/DDoS,0.0,0.0,1.0,0.0,0.0
1049,Bot,Bot,1.0,0.0,0.0,0.0,0.0
1050,DoS/DDoS,DoS/DDoS,0.0,0.0,1.0,0.0,0.0
1051,DoS/DDoS,DoS/DDoS,0.0,0.0,1.0,0.0,0.0
1052,Brute Force,Brute Force,0.0,1.0,0.0,0.0,0.0
1053,Normal,Normal,0.0,0.0,0.0,1.0,0.0
1054,DoS/DDoS,DoS/DDoS,0.0,0.00321615505931293,0.9817942662502449,0.01498957869044205,0.0
1055,Web Attack,Web Attack,0.0,0.1692657754963984,2.119664097954856e-06,0.0006516183526529315,0.8300804864868505
1056,DoS/DDoS,Normal,0.0,0.011786064951752783,0.07778448762100564,0.9104294474272414,0.0
1057,Brute Force,Brute Force,0.0,1.0,0.0,0.0,0.0
1058,DoS/DDoS,DoS/DDoS,0.0,0.0,1.0,0.0,0.0
1059,Normal,Normal,0.0,0.0,0.0,1.0,0.0
1060,Normal,Normal,0.0,0.0,0.0,1.0,0.0
1061,DoS/DDoS,DoS/DDoS,0.0,0.0,1.0,0.0,0.0
1062,Brute Force,Web Attack,0.0,0.3285219823430067,1.278549656947793e-05,0.0011565018070920847,0.670308730353332
1063,Normal,Normal,0.0,0.0,0.0,1.0,0.0
1064,DoS/DDoS,DoS/DDoS,0.0,0.0,0.9999515620674263,4.843793257365714e-05,0.0
1065,DoS/DDoS,DoS/DDoS,0.0,0.0,1.0,0.0,0.0
1066,Brute Force,Brute Force,0.0,1.0,0.0,0.0,0.0
1067,DoS/DDoS,DoS/DDoS,0.0,0.0,1.0,0.0,0.0
1068,DoS/DDoS,DoS/DDoS,0.0,0.0,1.0,0.0,0.0
1069,Normal,Normal,0.0,0.0,0.0,1.0,0.0
1070,DoS/DDoS,DoS/DDoS,0.0,0.0,1.0,0.0,0.0
1071,Brute Force,Brute Force,0.0,1.0,0.0,0.0,0.0
1072,Normal,Normal,0.0,0.0,0.0,1.0,0.0
1073,DoS/DDoS,DoS/DDoS,0.0,0.0,1.0,0.0,0.0
1074,Normal,Normal,0.0,0.0,0.0,1.0,0.0
1075,DoS/DDoS,DoS/DDoS,0.0,0.0,1.0,0.0,0.0
1076,Brute Force,Brute Force,0.0,1.0,0.0,0.0,0.0
1077,Normal,Normal,0.0,0.0,0.0,1.0,0.0
1078,DoS/DDoS,DoS/DDoS,0.0,0.0,0.9665931879930996,0.03340681200690028,0.0
1079,DoS/DDoS,DoS/DDoS,0.0,0.0,1.0,0.0,0.0
1080,Brute Force,Brute Force,0.0,1.0,0.0,0.0,0.0
1081,DoS/DDoS,DoS/DDoS,0.0,0.0012664794550270107,0.9657325305530746,0.033000989991898384,0.0
1082,Normal,Normal,0.0,0.0,0.0,1.0,0.0
1083,Normal,Normal,0.0,0.0055074726143295,0.0,0.9884544588864255,0.006038068499245142
1084,DoS/DDoS,DoS/DDoS,0.0,0.0,1.0,0.0,0.0
1085,DoS/DDoS,DoS/DDoS,0.0,0.0,1.0,0.0,0.0
1086,DoS/DDoS,DoS/DDoS,0.0,0.0,0.9999515620674263,4.843793257365714e-05,0.0
1087,DoS/DDoS,DoS/DDoS,0.0,0.0,1.0,0.0,0.0
1088,DoS/DDoS,DoS/DDoS,0.0,0.0,1.0,0.0,0.0
1089,Normal,Normal,0.0,0.0,0.0,1.0,0.0
1090,DoS/DDoS,DoS/DDoS,0.0,0.0,1.0,0.0,0.0
1091,DoS/DDoS,DoS/DDoS,0.0,0.0,1.0,0.0,0.0
1092,Normal,Normal,0.0,0.0,0.0,1.0,0.0
1093,DoS/DDoS,DoS/DDoS,0.0,0.0,0.9985584876098993,0.001441512390100754,0.0
1094,DoS/DDoS,DoS/DDoS,0.0,0.0,1.0,0.0,0.0
1095,DoS/DDoS,DoS/DDoS,0.0,0.0,1.0,0.0,0.0
1096,Normal,Normal,0.0,0.014846255292566113,0.0,0.9851537447074338,0.0
1097,DoS/DDoS,DoS/DDoS,0.0,0.0,1.0,0.0,0.0
1098,Bot,Bot,0.9771567557387667,0.0,5.367481851905866e-05,0.022789569442714423,0.0
1099,Brute Force,Brute Force,0.0,1.0,0.0,0.0,0.0
1100,Brute Force,Brute Force,0.0,1.0,0.0,0.0,0.0
1101,DoS/DDoS,DoS/DDoS,0.0,0.0,1.0,0.0,0.0
1102,DoS/DDoS,DoS/DDoS,0.0,0.0,1.0,0.0,0.0
1103,DoS/DDoS,DoS/DDoS,0.0,0.0,1.0,0.0,0.0
1104,DoS/DDoS,DoS/DDoS,0.0,0.0,1.0,0.0,0.0
1105,DoS/DDoS,DoS/DDoS,0.0,0.0,1.0,0.0,0.0
1106,Normal,Normal,0.0,0.0,0.0,1.0,0.0
1107,Normal,Normal,0.0,0.0,0.01,0.99,0.0
1108,Normal,Normal,0.0,0.0,0.0,1.0,0.0
1109,Normal,Normal,0.0,0.0,0.0,1.0,0.0
1110,Normal,Normal,0.0,0.0,0.0,1.0,0.0
1111,DoS/DDoS,DoS/DDoS,0.0,0.0,0.989064028187674,0.010935971812326101,0.0
1112,DoS/DDoS,DoS/DDoS,0.0,0.0,1.0,0.0,0.0
1113,Normal,Normal,0.0,0.025421416779466313,0.0,0.9689493216648404,0.005629261555693226
1114,Brute Force,Brute Force,0.0,1.0,0.0,0.0,0.0
1115,Brute Force,Brute Force,0.0,1.0,0.0,0.0,0.0
1116,Normal,Normal,0.0,0.0,0.0,1.0,0.0
1117,Normal,Normal,0.0,0.0,0.014152270955576403,0.9858477290444236,0.0
1118,Brute Force,Brute Force,0.0,1.0,0.0,0.0,0.0
1119,Brute Force,Brute Force,0.0,1.0,0.0,0.0,0.0
1120,DoS/DDoS,DoS/DDoS,0.0,0.0,1.0,0.0,0.0
1121,Brute Force,Brute Force,0.0,1.0,0.0,0.0,0.0
1122,DoS/DDoS,DoS/DDoS,0.0,0.0,1.0,0.0,0.0
1123,DoS/DDoS,DoS/DDoS,0.0,0.0,1.0,0.0,0.0
1124,DoS/DDoS,DoS/DDoS,0.0,0.0,1.0,0.0,0.0
1125,DoS/DDoS,DoS/DDoS,0.0,0.0,1.0,0.0,0.0
1126,Normal,Normal,0.0,0.0,0.0,1.0,0.0
1127,Normal,Normal,0.0,0.07775744942506216,0.0,0.9097412481167919,0.012501302458146075
1128,Normal,Normal,0.0,0.0,0.0,1.0,0.0
1129,Normal,Normal,0.0,0.0,0.0,1.0,0.0
1130,Bot,Bot,0.9802185204377846,0.0,4.526272127891693e-05,0.019736216840936585,0.0
1131,Normal,Normal,0.0,0.0,0.0,1.0,0.0
1132,Brute Force,Brute Force,0.0,1.0,0.0,0.0,0.0
1133,Brute Force,Web Attack,0.0,0.04285623865225979,2.9597595240715013e-05,0.0011644125579762005,0.9559497511945237
1134,DoS/DDoS,DoS/DDoS,0.0,0.0,1.0,0.0,0.0
1135,Brute Force,Brute Force,0.0,1.0,0.0,0.0,0.0
1136,DoS/DDoS,DoS/DDoS,0.0,0.0,1.0,0.0,0.0
1137,DoS/DDoS,DoS/DDoS,0.0,0.0,1.0,0.0,0.0
1138,DoS/DDoS,DoS/DDoS,0.0,0.0,1.0,0.0,0.0
1139,DoS/DDoS,DoS/DDoS,0.0,0.0,1.0,0.0,0.0
1140,Brute Force,Brute Force,0.0,1.0,0.0,0.0,0.0
1141,Brute Force,Brute Force,0.0,1.0,0.0,0.0,0.0
1142,DoS/DDoS,DoS/DDoS,0.0,0.0,1.0,0.0,0.0
1143,DoS/DDoS,DoS/DDoS,0.0,0.0,1.0,0.0,0.0
1144,Brute Force,Brute Force,0.0,1.0,0.0,0.0,0.0
1145,Brute Force,Brute Force,0.0,1.0,0.0,0.0,0.0
1146,DoS/DDoS,DoS/DDoS,0.0,0.0,1.0,0.0,0.0
1147,Brute Force,Brute Force,0.0,1.0,0.0,0.0,0.0
1148,Brute Force,Brute Force,0.0,1.0,0.0,0.0,0.0
1149,Normal,Normal,0.0,0.0,0.0,1.0,0.0
1150,Normal,Normal,0.09370877299751201,0.0,9.829310655844389e-06,0.9062813976918322,0.0
1151,Normal,Normal,0.0,0.0,0.0,1.0,0.0
1152,Bot,Bot,0.9820291652711063,0.0,4.362009610206515e-05,0.017927214632791566,0.0
1153,Normal,Normal,0.0,0.03059049048549665,0.0,0.9567243539215227,0.012685155592980574
1154,Normal,Normal,0.0,0.0,0.0,1.0,0.0
1155,DoS/DDoS,DoS/DDoS,0.0,0.0,1.0,0.0,0.0
1156,DoS/DDoS,DoS/DDoS,0.0,0.0,1.0,0.0,0.0
1157,DoS/DDoS,DoS/DDoS,0.0,0.0,1.0,0.0,0.0
1158,DoS/DDoS,DoS/DDoS,0.0,0.0003353286992620004,0.999664671300738,0.0,0.0
1159,DoS/DDoS,DoS/DDoS,0.0,0.0,1.0,0.0,0.0
1160,Normal,Normal,0.0,0.0,0.0,1.0,0.0
1161,DoS/DDoS,DoS/DDoS,0.0,0.0,1.0,0.0,0.0
1162,Normal,Normal,0.0,0.0,0.0,1.0,0.0
1163,DoS/DDoS,DoS/DDoS,0.0,0.0,1.0,0.0,0.0
1164,Brute Force,Brute Force,0.0,1.0,0.0,0.0,0.0
1165,Normal,Normal,0.0,0.0,0.0,1.0,0.0
1166,Normal,Normal,0.016615604360237256,0.0,0.0,0.9833843956397628,0.0
1167,Normal,Normal,0.0,0.0003567545735037896,0.023293927607255474,0.9538667134330823,0.0224826043861585
1168,DoS/DDoS,DoS/DDoS,0.0,0.0,1.0,0.0,0.0
1169,DoS/DDoS,DoS/DDoS,0.0,0.0,1.0,0.0,0.0
1170,DoS/DDoS,DoS/DDoS,0.0,0.0,1.0,0.0,0.0
1171,DoS/DDoS,DoS/DDoS,0.0,0.0,1.0,0.0,0.0
1172,Brute Force,Brute Force,0.0,1.0,0.0,0.0,0.0
1173,DoS/DDoS,DoS/DDoS,0.0,0.0,1.0,0.0,0.0
1174,DoS/DDoS,DoS/DDoS,0.0,0.0,1.0,0.0,0.0
1175,DoS/DDoS,DoS/DDoS,0.0,0.0,1.0,0.0,0.0
1176,Normal,Normal,0.0,0.0,0.24433281859357903,0.755667181406421,0.0
1177,Brute Force,Brute Force,0.0,0.99718663063577,0.0,0.002813369364230229,0.0
1178,DoS/DDoS,DoS/DDoS,0.0,0.0,1.0,0.0,0.0
1179,Normal,Normal,0.0,0.04489514137655201,0.007444762573604884,0.9379914317252581,0.009668664324584969
1180,DoS/DDoS,DoS/DDoS,0.0,0.0,1.0,0.0,0.0
1181,Normal,Normal,0.0,0.0,0.0,1.0,0.0
1182,DoS/DDoS,DoS/DDoS,0.0,0.0,1.0,0.0,0.0
1183,Normal,Normal,0.0,0.0,0.0,1.0,0.0
1184,DoS/DDoS,DoS/DDoS,0.0,0.0,1.0,0.0,0.0
1185,DoS/DDoS,DoS/DDoS,0.0,0.0,1.0,0.0,0.0
1186,Normal,Normal,0.0,0.0,0.0,1.0,0.0
1187,Normal,Normal,0.0,0.0,0.0,1.0,0.0
1188,DoS/DDoS,DoS/DDoS,0.0,0.0,1.0,0.0,0.0
1189,Brute Force,Brute Force,0.0,1.0,0.0,0.0,0.0
1190,Bot,Bot,0.9998048579588008,0.0,0.0,0.00019514204119913423,0.0
1191,DoS/DDoS,DoS/DDoS,0.0,0.0,1.0,0.0,0.0
1192,DoS/DDoS,DoS/DDoS,0.0,0.0,1.0,0.0,0.0
1193,Brute Force,Brute Force,0.0,1.0,0.0,0.0,0.0
1194,DoS/DDoS,DoS/DDoS,0.0,0.023639758035610945,0.7902829215807653,0.1860773203836237,0.0
1195,Normal,Normal,0.0,0.0,0.0,1.0,0.0
1196,DoS/DDoS,DoS/DDoS,0.0,0.0,1.0,0.0,0.0
1197,DoS/DDoS,DoS/DDoS,0.0,0.0,1.0,0.0,0.0
1198,Normal,Normal,0.0,0.0,0.0,1.0,0.0
1199,Normal,Normal,0.0,0.0,0.0,1.0,0.0
1200,DoS/DDoS,DoS/DDoS,0.0,0.0,1.0,0.0,0.0
1201,DoS/DDoS,DoS/DDoS,0.0,0.0,1.0,0.0,0.0
1202,Normal,Normal,0.0,0.0,0.0,1.0,0.0
1203,Normal,Normal,0.0,0.0,0.0,1.0,0.0
1204,Brute Force,Brute Force,0.0,1.0,0.0,0.0,0.0
1205,DoS/DDoS,DoS/DDoS,0.0,0.01841117003423977,0.8570592951022152,0.12452953486354494,0.0
1206,Brute Force,Brute Force,0.0,1.0,0.0,0.0,0.0
1207,Normal,Normal,0.0,0.0,0.0,1.0,0.0
1208,DoS/DDoS,DoS/DDoS,0.0,0.0,0.9999515620674263,4.843793257365714e-05,0.0
1209,Normal,Normal,0.0,0.0,0.0,1.0,0.0
1210,DoS/DDoS,DoS/DDoS,0.0,0.0,1.0,0.0,0.0
1211,DoS/DDoS,DoS/DDoS,0.0,0.0,0.9669182801507303,0.033081719849269685,0.0
1212,Normal,Normal,0.0,0.0,0.0,1.0,0.0
1213,Bot,Bot,1.0,0.0,0.0,0.0,0.0
1214,DoS/DDoS,DoS/DDoS,0.0,0.0,1.0,0.0,0.0
1215,Brute Force,Brute Force,0.0,1.0,0.0,0.0,0.0
1216,Brute Force,Brute Force,0.0,1.0,0.0,0.0,0.0
1217,Normal,Normal,0.0,0.0,0.005349915499653607,0.9946500845003464,0.0
1218,Normal,Normal,0.0,0.0,0.0006574410828552646,0.9993425589171447,0.0
1219,Normal,Normal,0.0,0.007133215531145852,0.004800629240037543,0.9797257136776727,0.008340441551143806
1220,DoS/DDoS,DoS/DDoS,0.0,0.0,0.9999807544456359,1.9245554364025933e-05,0.0
1221,Brute Force,Brute Force,0.0,1.0,0.0,0.0,0.0
1222,Normal,Normal,0.0,0.0,0.0,1.0,0.0
1223,Brute Force,Brute Force,0.0,1.0,0.0,0.0,0.0
1224,Brute Force,Brute Force,0.0,1.0,0.0,0.0,0.0
1225,Normal,Normal,0.0,0.0,0.0,1.0,0.0
1226,Normal,Normal,0.0,0.01,0.0,0.99,0.0
1227,DoS/DDoS,DoS/DDoS,0.0,0.0,1.0,0.0,0.0
1228,Normal,Normal,0.0,0.0,0.0,1.0,0.0
1229,Brute Force,Brute Force,0.0,1.0,0.0,0.0,0.0
1230,Normal,Normal,0.0,0.0,0.0,1.0,0.0
1231,Brute Force,Brute Force,0.0,1.0,0.0,0.0,0.0
1232,Normal,Normal,0.0,0.0,0.0,1.0,0.0
1233,Normal,Normal,0.0,0.0,0.0,1.0,0.0
1234,Brute Force,Brute Force,0.0,0.6174751390314035,0.0,0.38252486096859656,0.0
1235,Brute Force,Brute Force,0.0,1.0,0.0,0.0,0.0
1236,Normal,Normal,0.0,0.0,0.0,1.0,0.0
1237,DoS/DDoS,DoS/DDoS,0.0,0.0,1.0,0.0,0.0
1238,DoS/DDoS,DoS/DDoS,0.0,0.0,1.0,0.0,0.0
1239,Normal,Normal,0.0,0.0,0.0,1.0,0.0
1240,Brute Force,Web Attack,0.0,0.31019265834636917,1.278549656947793e-05,0.0008575083253295718,0.688937047831732
1241,Brute Force,Brute Force,0.0,0.5299073545686295,1.278549656947793e-05,0.01484580579338564,0.4552340541414152
1242,DoS/DDoS,DoS/DDoS,0.0,0.0,1.0,0.0,0.0
1243,Normal,Normal,0.0,0.0,0.01669598706732598,0.983304012932674,0.0
1244,DoS/DDoS,DoS/DDoS,0.0,0.0,1.0,0.0,0.0
1245,Normal,Normal,0.0,0.0,0.0,1.0,0.0
1246,DoS/DDoS,DoS/DDoS,0.0,0.0,1.0,0.0,0.0
1247,Normal,Normal,0.0,0.03057176962981364,0.0,0.9127333432364568,0.05669488713372961
1248,Normal,Normal,0.0,0.0,0.0,1.0,0.0
1249,DoS/DDoS,DoS/DDoS,0.0,0.0,1.0,0.0,0.0
1250,Bot,Bot,0.9998813106891216,0.0,0.0,0.00011868931087857678,0.0
1251,DoS/DDoS,DoS/DDoS,0.0,0.0,1.0,0.0,0.0
1252,Brute Force,Web Attack,0.0,0.14739126395310392,2.119664097954856e-06,0.003094011228816493,0.8495126051539814
1253,Normal,Normal,0.0,0.0,0.0,1.0,0.0
1254,DoS/DDoS,DoS/DDoS,0.0,0.0,1.0,0.0,0.0
1255,DoS/DDoS,DoS/DDoS,0.0,0.0,1.0,0.0,0.0
1256,DoS/DDoS,DoS/DDoS,0.0,0.0,1.0,0.0,0.0
1257,DoS/DDoS,DoS/DDoS,0.0,0.0,1.0,0.0,0.0
1258,Brute Force,Brute Force,0.0,1.0,0.0,0.0,0.0
1259,Brute Force,Brute Force,0.0,1.0,0.0,0.0,0.0
1260,DoS/DDoS,DoS/DDoS,0.0,0.0,1.0,0.0,0.0
1261,Web Attack,Web Attack,0.0,0.08924434815415536,2.119664097954856e-06,0.0006703116799775329,0.9100832205017688
1262,DoS/DDoS,DoS/DDoS,0.0,0.0,0.9998779831753416,0.00012201682465843791,0.0
1263,Normal,Normal,0.02896951929307713,0.0,0.01,0.9610304807069228,0.0
1264,DoS/DDoS,DoS/DDoS,0.0,0.0,1.0,0.0,0.0
1265,Normal,Normal,0.0016920990166158023,0.0,0.0728310463017528,0.9254768546816315,0.0
1266,Normal,Normal,0.0,0.0,0.0,1.0,0.0
1267,Normal,Normal,0.0,0.0011326350473643417,0.0,0.9958221458952501,0.003045219057385608
1268,Normal,Normal,0.0,0.0,0.0,1.0,0.0
1269,DoS/DDoS,DoS/DDoS,0.0,0.0,1.0,0.0,0.0
1270,Normal,Normal,0.0,0.0,0.0,1.0,0.0
1271,DoS/DDoS,DoS/DDoS,0.0,0.0,1.0,0.0,0.0
1272,Normal,Normal,0.0,0.0,0.0,1.0,0.0
1273,DoS/DDoS,DoS/DDoS,0.0,0.0,1.0,0.0,0.0
1274,DoS/DDoS,DoS/DDoS,0.0,0.0,1.0,0.0,0.0
1275,Brute Force,Brute Force,0.0,1.0,0.0,0.0,0.0
1276,DoS/DDoS,DoS/DDoS,0.0,0.0,1.0,0.0,0.0
1277,DoS/DDoS,DoS/DDoS,0.0,0.0,1.0,0.0,0.0
1278,DoS/DDoS,DoS/DDoS,0.0,0.0,1.0,0.0,0.0
1279,DoS/DDoS,DoS/DDoS,0.0,0.0,1.0,0.0,0.0
1280,DoS/DDoS,DoS/DDoS,0.0,0.0,1.0,0.0,0.0
1281,DoS/DDoS,DoS/DDoS,0.0,0.0,1.0,0.0,0.0
1282,Brute Force,Brute Force,0.0,1.0,0.0,0.0,0.0
1283,Normal,Normal,0.0,0.0,0.0,1.0,0.0
1284,DoS/DDoS,DoS/DDoS,0.0,0.0,1.0,0.0,0.0
1285,DoS/DDoS,DoS/DDoS,0.0,0.0,1.0,0.0,0.0
1286,Bot,Bot,1.0,0.0,0.0,0.0,0.0
1287,Normal,Normal,0.0,5.159261173208868e-05,0.013800812354486349,0.9528148627329585,0.033332732300823044
1288,DoS/DDoS,DoS/DDoS,0.0,0.0,1.0,0.0,0.0
1289,Brute Force,Brute Force,0.0,1.0,0.0,0.0,0.0
1290,Normal,Normal,0.0,0.0,0.0,1.0,0.0
1291,Web Attack,Web Attack,0.0,0.2558389413203247,2.119664097954856e-06,0.0005899695279967256,0.7435689694875808
1292,DoS/DDoS,DoS/DDoS,0.0,0.0,1.0,0.0,0.0
1293,DoS/DDoS,DoS/DDoS,0.0,0.0,1.0,0.0,0.0
1294,DoS/DDoS,DoS/DDoS,0.0,0.0037942882177759763,0.9842597536280034,0.011945958154220362,0.0
1295,DoS/DDoS,DoS/DDoS,0.0,0.006486977589339795,0.9758898499537135,0.01762317245694671,0.0
1296,Brute Force,Brute Force,0.0,1.0,0.0,0.0,0.0
1297,DoS/DDoS,DoS/DDoS,0.0,0.0,1.0,0.0,0.0
1298,Normal,Normal,0.0,0.0,0.0,1.0,0.0
1299,Normal,Normal,0.0,0.0,0.0,1.0,0.0
1300,DoS/DDoS,DoS/DDoS,0.0,0.0,1.0,0.0,0.0
1301,Normal,Normal,0.0,0.0,0.01499139846605978,0.9850086015339403,0.0
1302,Normal,Normal,0.0,0.0,0.0,1.0,0.0
1303,Normal,Normal,0.13806148161954346,0.0,9.829310655844389e-06,0.8619286890698007,0.0
1304,DoS/DDoS,DoS/DDoS,0.0,0.0,1.0,0.0,0.0
1305,Normal,Normal,0.0,0.0,0.0,1.0,0.0
1306,DoS/DDoS,DoS/DDoS,0.0,0.0,1.0,0.0,0.0
1307,Brute Force,Brute Force,0.0,1.0,0.0,0.0,0.0
1308,DoS/DDoS,DoS/DDoS,0.0,0.0,1.0,0.0,0.0
1309,Normal,Normal,0.0,0.0,0.0,1.0,0.0
1310,Brute Force,Web Attack,0.0,0.4403452677694289,2.119664097954856e-06,0.00074706886575688,0.5589055437007164
1311,Normal,Normal,0.0,0.0,0.0,1.0,0.0
1312,Normal,Normal,0.0,0.0,0.0,1.0,0.0
1313,DoS/DDoS,DoS/DDoS,0.0,0.0,1.0,0.0,0.0
1314,DoS/DDoS,DoS/DDoS,0.0,0.0,1.0,0.0,0.0
1315,Normal,Normal,0.0,0.0,0.0,1.0,0.0
1316,Brute Force,Web Attack,0.0,0.243304314716318,1.6281103216542896e-05,0.0013931910367137423,0.7552862131437519
1317,DoS/DDoS,DoS/DDoS,0.0,0.0,1.0,0.0,0.0
1318,Normal,Normal,0.0,0.0,0.0,1.0,0.0
1319,DoS/DDoS,DoS/DDoS,0.0,0.0,1.0,0.0,0.0
1320,Normal,Normal,0.0,0.0,0.0,1.0,0.0
1321,DoS/DDoS,DoS/DDoS,0.0,0.0,1.0,0.0,0.0
1322,DoS/DDoS,DoS/DDoS,0.0,0.0,1.0,0.0,0.0
1323,Brute Force,Brute Force,0.0,1.0,0.0,0.0,0.0
1324,Brute Force,Brute Force,0.0,1.0,0.0,0.0,0.0
1325,Brute Force,Brute Force,0.0,1.0,0.0,0.0,0.0
1326,DoS/DDoS,DoS/DDoS,0.0,0.0,1.0,0.0,0.0
1327,Normal,Normal,0.0,0.0,0.0,1.0,0.0
1328,Brute Force,Brute Force,0.0,1.0,0.0,0.0,0.0
1329,DoS/DDoS,DoS/DDoS,0.0,0.0,1.0,0.0,0.0
1330,Normal,Normal,0.0,0.0,0.0,1.0,0.0
1331,Brute Force,Brute Force,0.0,0.8832476862674392,0.0,0.02891141080954926,0.08784090292301122
1332,Brute Force,Brute Force,0.0,1.0,0.0,0.0,0.0
1333,Normal,Normal,0.0,0.0,0.0,1.0,0.0
1334,DoS/DDoS,DoS/DDoS,0.0,0.0,1.0,0.0,0.0
1335,Bot,Bot,0.9998197911964907,0.0,0.0,0.00018020880350936918,0.0
1336,Brute Force,Brute Force,0.0,1.0,0.0,0.0,0.0
1337,Normal,Normal,0.0,0.0055074726143295,0.0,0.9884544588864255,0.006038068499245142
1338,DoS/DDoS,DoS/DDoS,0.0,0.0,1.0,0.0,0.0
1339,DoS/DDoS,DoS/DDoS,0.0,0.0,0.9966598302012782,0.00334016979872174,0.0
1340,DoS/DDoS,DoS/DDoS,0.0,0.0,1.0,0.0,0.0
1341,Brute Force,Brute Force,0.0,1.0,0.0,0.0,0.0
1342,DoS/DDoS,DoS/DDoS,0.0,0.0,1.0,0.0,0.0
1343,DoS/DDoS,DoS/DDoS,0.0,0.0,1.0,0.0,0.0
1344,DoS/DDoS,DoS/DDoS,0.0,0.0,1.0,0.0,0.0
1345,DoS/DDoS,DoS/DDoS,0.0,0.0,1.0,0.0,0.0
1346,Normal,Normal,0.0,0.0,0.0,1.0,0.0
1347,DoS/DDoS,DoS/DDoS,0.0,0.0,1.0,0.0,0.0
1348,DoS/DDoS,DoS/DDoS,0.0,0.0,1.0,0.0,0.0
1349,Normal,Normal,0.0,0.0,0.0,1.0,0.0
1350,DoS/DDoS,DoS/DDoS,0.0,0.0,1.0,0.0,0.0
1351,DoS/DDoS,DoS/DDoS,0.0,0.0,1.0,0.0,0.0
1352,Brute Force,Web Attack,0.0,0.08167401910711025,2.119664097954856e-06,0.0009771060907345184,0.917346755138057
1353,Normal,Normal,0.0,0.0,0.0,1.0,0.0
1354,Normal,Normal,0.0,0.0,0.0,1.0,0.0
1355,Brute Force,Brute Force,0.0,1.0,0.0,0.0,0.0
1356,Normal,Normal,0.0,0.0,0.0,1.0,0.0
1357,Normal,Normal,0.0,0.0,0.0,1.0,0.0
1358,Brute Force,Brute Force,0.0,1.0,0.0,0.0,0.0
1359,Brute Force,Brute Force,0.0,1.0,0.0,0.0,0.0
1360,DoS/DDoS,DoS/DDoS,0.0,0.0,0.9999515620674263,4.843793257365714e-05,0.0
1361,DoS/DDoS,DoS/DDoS,0.0,0.0,1.0,0.0,0.0
1362,Normal,Normal,0.0,0.0,0.0,1.0,0.0
1363,Normal,Normal,0.0,0.0,0.0,1.0,0.0
1364,Normal,Normal,0.0,0.0,0.005006428571428573,0.9755944182596756,0.01939915316889576
1365,Normal,Normal,0.0,0.0,0.02667270301181853,0.9633272969881814,0.01
1366,Normal,Normal,0.0,0.0,0.0,1.0,0.0
1367,Normal,Normal,0.0,0.01,0.0,0.99,0.0
1368,Brute Force,Brute Force,0.0,1.0,0.0,0.0,0.0
1369,Brute Force,Brute Force,0.0,1.0,0.0,0.0,0.0
1370,Normal,Normal,0.0,0.0,0.0,1.0,0.0
1371,Brute Force,Brute Force,0.0,1.0,0.0,0.0,0.0
1372,Normal,Normal,0.0,0.0,0.0,1.0,0.0
1373,DoS/DDoS,DoS/DDoS,0.0,0.0,1.0,0.0,0.0
1374,Normal,Normal,0.0,0.0,0.00025655269197596736,0.999743447308024,0.0
1375,DoS/DDoS,DoS/DDoS,0.0,0.0,0.9999515620674263,4.843793257365714e-05,0.0
1376,Brute Force,Web Attack,0.0,0.3086194781390656,1.6281103216542896e-05,0.003759439014404497,0.6876048017433131
1377,Normal,Normal,0.0,0.0,0.0,1.0,0.0
1378,DoS/DDoS,DoS/DDoS,0.0,0.0,1.0,0.0,0.0
1379,DoS/DDoS,DoS/DDoS,0.0,0.0,1.0,0.0,0.0
1380,DoS/DDoS,DoS/DDoS,0.0,0.0,1.0,0.0,0.0
1381,Normal,Normal,0.0,0.0,0.0,1.0,0.0
1382,Normal,Normal,0.0,0.0,0.0,1.0,0.0
1383,DoS/DDoS,DoS/DDoS,0.0,0.0,0.9999807544456359,1.9245554364025933e-05,0.0
1384,DoS/DDoS,DoS/DDoS,0.0,0.0,0.9910859651505761,0.008914034849423956,0.0
1385,DoS/DDoS,DoS/DDoS,0.0,0.0,1.0,0.0,0.0
1386,Normal,Normal,0.0,0.05010858073334465,0.0,0.9277022322352305,0.022189187031424914
1387,Normal,Normal,0.0,0.0,0.0,1.0,0.0
1388,DoS/DDoS,DoS/DDoS,0.0,0.0,1.0,0.0,0.0
1389,Brute Force,Brute Force,0.0,0.7057143181852849,1.6281103216542896e-05,0.0031446411888306634,0.2911247595226681
1390,Brute Force,Brute Force,0.0,1.0,0.0,0.0,0.0
1391,Normal,Normal,0.0,0.0,0.0,1.0,0.0
1392,Brute Force,Brute Force,0.0,1.0,0.0,0.0,0.0
1393,DoS/DDoS,DoS/DDoS,0.0,0.0,0.99,0.01,0.0
1394,Normal,Normal,0.0,0.0,0.0,1.0,0.0
1395,DoS/DDoS,DoS/DDoS,0.0,0.0,1.0,0.0,0.0
1396,Brute Force,Brute Force,0.0,1.0,0.0,0.0,0.0
1397,Normal,Normal,0.0,0.0,0.0,1.0,0.0
1398,DoS/DDoS,DoS/DDoS,0.0,0.0,0.9988607090759689,0.0011392909240310794,0.0
1399,Normal,Normal,0.0,0.0,0.0,1.0,0.0
1400,Brute Force,Brute Force,0.0,1.0,0.0,0.0,0.0
1401,DoS/DDoS,DoS/DDoS,0.0,0.0,1.0,0.0,0.0
1402,Brute Force,Brute Force,0.0,1.0,0.0,0.0,0.0
1403,Normal,Normal,0.0,0.0,0.0,1.0,0.0
1404,DoS/DDoS,DoS/DDoS,0.0,0.0,1.0,0.0,0.0
1405,Normal,Normal,0.0,0.0,0.0,1.0,0.0
1406,Bot,Bot,0.9980295959942915,0.0,0.0,0.0019704040057084878,0.0
1407,Brute Force,Brute Force,0.0,1.0,0.0,0.0,0.0
1408,DoS/DDoS,DoS/DDoS,0.0,0.0,1.0,0.0,0.0
1409,Normal,Normal,0.0,0.0,0.0,1.0,0.0
1410,Normal,Normal,0.0,0.0,0.0340328161961674,0.9659671838038325,0.0
1411,Normal,Normal,0.009392604363825854,0.00790293351455431,0.06792053326444068,0.9147839288571792,0.0
1412,DoS/DDoS,DoS/DDoS,0.0,0.0,1.0,0.0,0.0
1413,DoS/DDoS,DoS/DDoS,0.0,0.0,1.0,0.0,0.0
1414,Brute Force,Brute Force,0.0,1.0,0.0,0.0,0.0
1415,DoS/DDoS,DoS/DDoS,0.0,0.0,1.0,0.0,0.0
1416,DoS/DDoS,DoS/DDoS,0.0,0.0,1.0,0.0,0.0
1417,DoS/DDoS,DoS/DDoS,0.0,0.0,1.0,0.0,0.0
1418,Brute Force,Brute Force,0.0,1.0,0.0,0.0,0.0
1419,Normal,Normal,0.0,0.0,0.0,1.0,0.0
1420,Normal,Normal,0.0,0.006520602921274907,0.005038657498129476,0.9884407395805956,0.0
1421,DoS/DDoS,DoS/DDoS,0.0,0.0,1.0,0.0,0.0
1422,DoS/DDoS,DoS/DDoS,0.0,0.0,0.9999515620674263,4.843793257365714e-05,0.0
1423,Normal,Normal,0.0,0.0,0.0,1.0,0.0
1424,Normal,Normal,0.0,0.0,0.0,1.0,0.0
1425,Normal,Normal,0.0,0.0,0.0,1.0,0.0
1426,Normal,Normal,0.0,0.0,0.0,1.0,0.0
1427,Normal,Normal,0.0,0.0,0.0,1.0,0.0
1428,Normal,Normal,0.0,0.0,0.0,1.0,0.0
1429,DoS/DDoS,DoS/DDoS,0.0,0.0,1.0,0.0,0.0
1430,Brute Force,Brute Force,0.0,1.0,0.0,0.0,0.0
1431,Normal,Normal,0.0,0.0,0.0,1.0,0.0
1432,Bot,Bot,1.0,0.0,0.0,0.0,0.0
1433,DoS/DDoS,DoS/DDoS,0.0,0.0,0.9999515620674263,4.843793257365714e-05,0.0
1434,Bot,Bot,0.854057915862798,0.0,2.396415980324682e-05,0.1459181199773987,0.0
1435,Brute Force,Brute Force,0.0,1.0,0.0,0.0,0.0
1436,Brute Force,Brute Force,0.0,1.0,0.0,0.0,0.0
1437,Brute Force,Brute Force,0.0,1.0,0.0,0.0,0.0
1438,DoS/DDoS,DoS/DDoS,0.0,0.0,1.0,0.0,0.0
1439,DoS/DDoS,DoS/DDoS,0.0,0.0,1.0,0.0,0.0
1440,DoS/DDoS,DoS/DDoS,0.0,0.0,1.0,0.0,0.0
1441,Brute Force,Brute Force,0.0,1.0,0.0,0.0,0.0
1442,Normal,Normal,0.0,0.0,0.0,1.0,0.0
1443,DoS/DDoS,DoS/DDoS,0.0,0.0,1.0,0.0,0.0
1444,DoS/DDoS,DoS/DDoS,0.0,0.0,1.0,0.0,0.0
1445,Normal,Normal,0.0,0.0,0.0,1.0,0.0
1446,DoS/DDoS,DoS/DDoS,0.0,0.0,1.0,0.0,0.0
1447,Bot,Bot,0.9820937974911373,0.0,4.362009610206515e-05,0.01786258241276071,0.0
1448,Brute Force,Brute Force,0.0,1.0,0.0,0.0,0.0
1449,Normal,Normal,0.0,0.0,0.0,1.0,0.0
1450,Brute Force,Brute Force,0.0,1.0,0.0,0.0,0.0
1451,Brute Force,Brute Force,0.0,1.0,0.0,0.0,0.0
1452,Brute Force,Web Attack,0.0,0.049129152920537995,2.119664097954856e-06,0.0015513163678470144,0.9493174110475168
1453,DoS/DDoS,DoS/DDoS,0.0,0.0,1.0,0.0,0.0
1454,Normal,Normal,0.0,0.0,0.0,1.0,0.0
1455,Normal,Normal,0.0,0.0,0.004970776906628654,0.9950292230933714,0.0
1456,Normal,Normal,0.0,0.0,0.01,0.99,0.0
1457,Normal,Normal,0.0,0.0,0.0,1.0,0.0
1458,Normal,Normal,0.0,0.0,0.0,1.0,0.0
1459,DoS/DDoS,DoS/DDoS,0.0,0.0,1.0,0.0,0.0
1460,Normal,Normal,0.0,0.0,0.0,1.0,0.0
1461,Normal,Normal,0.0,0.0,0.0,1.0,0.0
1462,DoS/DDoS,DoS/DDoS,0.0,0.0,1.0,0.0,0.0
1463,Normal,Normal,0.0,0.0,0.0,1.0,0.0
1464,Normal,Normal,0.0,0.006528948587308941,0.0,0.9934710514126911,0.0
1465,Normal,Normal,0.0,0.006536268461394653,0.0,0.9934637315386052,0.0
1466,Normal,Normal,0.0,0.0,0.0,1.0,0.0
1467,DoS/DDoS,DoS/DDoS,0.0,0.0,1.0,0.0,0.0
1468,DoS/DDoS,DoS/DDoS,0.0,0.0,1.0,0.0,0.0
1469,DoS/DDoS,DoS/DDoS,0.0,0.0,1.0,0.0,0.0
1470,DoS/DDoS,DoS/DDoS,0.0,0.0,1.0,0.0,0.0
1471,Normal,Normal,0.0,0.0,0.0,1.0,0.0
1472,Brute Force,Brute Force,0.0,1.0,0.0,0.0,0.0
1473,Brute Force,Brute Force,0.0,1.0,0.0,0.0,0.0
1474,DoS/DDoS,DoS/DDoS,0.0,0.0,1.0,0.0,0.0
1475,Brute Force,Brute Force,0.0,1.0,0.0,0.0,0.0
1476,DoS/DDoS,DoS/DDoS,0.0,0.0,1.0,0.0,0.0
1477,Normal,Normal,0.0,0.0,0.0,1.0,0.0
1478,DoS/DDoS,DoS/DDoS,0.0,0.0,1.0,0.0,0.0
1479,DoS/DDoS,DoS/DDoS,0.0,0.0,0.9999515620674263,4.843793257365714e-05,0.0
1480,Normal,Normal,0.0,0.0,0.0,1.0,0.0
1481,Normal,Normal,0.15827857518705007,0.0,5.3929913141183075e-05,0.8416674948998087,0.0
1482,Brute Force,Brute Force,0.0,1.0,0.0,0.0,0.0
1483,DoS/DDoS,DoS/DDoS,0.0,0.0,1.0,0.0,0.0
1484,DoS/DDoS,DoS/DDoS,0.0,0.0,1.0,0.0,0.0
1485,Brute Force,Web Attack,0.0,0.23572425949937603,2.119664097954856e-06,0.0006493796456541316,0.7636242411908718
1486,DoS/DDoS,DoS/DDoS,0.0,0.0,1.0,0.0,0.0
1487,Normal,Normal,0.0,0.012120553006074114,0.018862906348018932,0.9596409427116019,0.009375597934305011
1488,DoS/DDoS,DoS/DDoS,0.0,0.0,0.9925258106082515,0.007474189391748424,0.0
1489,Web Attack,Web Attack,0.0,0.34808444657111903,2.119664097954856e-06,0.0006207759528405987,0.651292657811942
1490,Normal,Normal,0.002167932502612249,0.0,0.03919531323653451,0.9586367542608534,0.0
1491,Brute Force,Brute Force,0.0,1.0,0.0,0.0,0.0
1492,Normal,Normal,0.0,0.0,0.0,1.0,0.0
1493,Normal,Normal,0.0,0.0,0.00671201489331233,0.9932879851066878,0.0
1494,Brute Force,Brute Force,0.0,1.0,0.0,0.0,0.0
1495,Normal,Normal,0.0,0.0,0.0,1.0,0.0
1496,Brute Force,Brute Force,0.0,1.0,0.0,0.0,0.0
1497,Brute Force,Brute Force,0.0,1.0,0.0,0.0,0.0
1498,Normal,Normal,0.0,0.0,0.0,1.0,0.0
1499,DoS/DDoS,DoS/DDoS,0.0,0.0,1.0,0.0,0.0
1500,Brute Force,Brute Force,0.0,1.0,0.0,0.0,0.0
1501,DoS/DDoS,DoS/DDoS,0.0,0.0,1.0,0.0,0.0
1502,Normal,Normal,0.0,0.0,0.0,1.0,0.0
1503,Normal,Normal,0.0,0.026021364446708738,0.0,0.9652350724242734,0.008743563129017968
1504,Normal,Normal,0.0,0.0,0.01,0.99,0.0
1505,DoS/DDoS,DoS/DDoS,0.0,0.0,1.0,0.0,0.0
1506,Normal,Normal,0.0,0.0,0.0,1.0,0.0
1507,Brute Force,Brute Force,0.0,1.0,0.0,0.0,0.0
1508,DoS/DDoS,DoS/DDoS,0.0,0.0,1.0,0.0,0.0
1509,Normal,Normal,0.0,0.0,0.0,1.0,0.0
1510,Normal,Normal,0.0,0.0,0.0,1.0,0.0
1511,Normal,Normal,0.0,0.0,0.0,1.0,0.0
1512,DoS/DDoS,DoS/DDoS,0.0,0.0,1.0,0.0,0.0
1513,DoS/DDoS,DoS/DDoS,0.0,0.0,1.0,0.0,0.0
1514,DoS/DDoS,DoS/DDoS,0.0,0.0,0.8728919928177153,0.12710800718228496,0.0
1515,Normal,Normal,0.01,0.04151019539973346,0.02895720975888205,0.890492161488705,0.02904043335267944
1516,DoS/DDoS,DoS/DDoS,0.0,0.0,1.0,0.0,0.0
1517,Brute Force,Brute Force,0.0,1.0,0.0,0.0,0.0
1518,Normal,Normal,0.0,0.0,0.0,1.0,0.0
1519,Normal,Normal,0.0,0.03933899662159357,0.00022678101422729174,0.8959549156640901,0.06447930670008918
1520,DoS/DDoS,DoS/DDoS,0.0,0.0,1.0,0.0,0.0
1521,Brute Force,Brute Force,0.0,1.0,0.0,0.0,0.0
1522,Normal,Normal,0.0,0.0,0.0,1.0,0.0
1523,Brute Force,Brute Force,0.0,1.0,0.0,0.0,0.0
1524,Brute Force,Brute Force,0.0,1.0,0.0,0.0,0.0
1525,Bot,Normal,0.36987646287561704,0.0,2.03050347680737e-06,0.6301215066209064,0.0
1526,Normal,Normal,0.0,0.0,0.0,1.0,0.0
1527,DoS/DDoS,DoS/DDoS,0.0,0.0,1.0,0.0,0.0
1528,DoS/DDoS,DoS/DDoS,0.0,0.0,1.0,0.0,0.0
1529,Normal,Normal,0.0,0.0,0.0,1.0,0.0
1530,Normal,Normal,0.0,0.0,0.0,1.0,0.0
1531,Bot,Bot,0.9783492355218002,0.0,4.362009610206515e-05,0.021607144382097817,0.0
1532,Brute Force,Brute Force,0.0,1.0,0.0,0.0,0.0
1533,Normal,Normal,0.0,0.0,0.0,1.0,0.0
1534,DoS/DDoS,DoS/DDoS,0.0,0.0,1.0,0.0,0.0
1535,Normal,Normal,0.0,0.0,0.0,1.0,0.0
1536,Normal,Normal,0.00778395817109801,0.0,0.0,0.9922160418289019,0.0
1537,DoS/DDoS,DoS/DDoS,0.0,0.0,1.0,0.0,0.0
1538,DoS/DDoS,DoS/DDoS,0.0,0.0,1.0,0.0,0.0
1539,DoS/DDoS,DoS/DDoS,0.0,0.0,1.0,0.0,0.0
1540,DoS/DDoS,DoS/DDoS,0.0,0.0,1.0,0.0,0.0
1541,DoS/DDoS,DoS/DDoS,0.0,0.0,1.0,0.0,0.0
1542,Normal,Normal,0.0,0.0,0.0,1.0,0.0
1543,Normal,Normal,0.0,0.0,0.0,1.0,0.0
1544,DoS/DDoS,DoS/DDoS,0.0,0.0037942882177759763,0.9832941925212808,0.012911519260942974,0.0
1545,Normal,Normal,0.0,0.0,0.0,1.0,0.0
1546,Normal,Normal,0.0,0.0,0.00532428464385832,0.9851670584483023,0.009508656907839431
1547,Normal,Normal,0.0,0.013087577099917336,0.031952431545847794,0.9329160207100041,0.022043970644230713
1548,Normal,Normal,0.0,0.0,0.0,1.0,0.0
1549,Normal,Normal,0.0,0.0038790269559500325,0.16800379868740203,0.8281171743566479,0.0
1550,Brute Force,Brute Force,0.0,1.0,0.0,0.0,0.0
1551,Brute Force,Web Attack,0.0,0.24907286954366492,2.119664097954856e-06,0.0006457410334229517,0.750279269758814
1552,DoS/DDoS,DoS/DDoS,0.0,0.0,1.0,0.0,0.0
1553,DoS/DDoS,DoS/DDoS,0.0,0.0,0.9999807544456359,1.9245554364025933e-05,0.0
1554,Normal,Normal,0.0,0.0,0.0,1.0,0.0
1555,Normal,Normal,0.0,0.0,0.0,1.0,0.0
1556,Normal,Normal,0.0,0.0,0.0,1.0,0.0
1557,Normal,Normal,0.0,0.0,0.0,1.0,0.0
1558,DoS/DDoS,DoS/DDoS,0.0,0.0,1.0,0.0,0.0
1559,DoS/DDoS,DoS/DDoS,0.0,0.04267431505725114,0.8502839385064458,0.10704174643630295,0.0
1560,Brute Force,Web Attack,0.0,0.28071127438223,2.119664097954856e-06,0.00074706886575688,0.7185395370879155
1561,DoS/DDoS,DoS/DDoS,0.0,0.0,1.0,0.0,0.0
1562,Normal,Normal,0.0,0.0,0.0,1.0,0.0
1563,Normal,Normal,0.0,0.0,0.0,1.0,0.0
1564,DoS/DDoS,DoS/DDoS,0.0,0.0,1.0,0.0,0.0
1565,Normal,Normal,0.0,0.0,0.0,1.0,0.0
1566,Brute Force,Brute Force,0.0,0.6631751578826283,0.0013328897925266529,0.2980075872284836,0.03748436509636133
1567,DoS/DDoS,DoS/DDoS,0.0,0.0,1.0,0.0,0.0
1568,DoS/DDoS,DoS/DDoS,0.0,0.0,1.0,0.0,0.0
1569,DoS/DDoS,DoS/DDoS,0.0,0.0,1.0,0.0,0.0
1570,Normal,Normal,0.0,0.0,0.0,1.0,0.0
1571,DoS/DDoS,DoS/DDoS,0.0,0.0,1.0,0.0,0.0
1572,Normal,Normal,0.0,0.0,0.0,1.0,0.0
1573,DoS/DDoS,DoS/DDoS,0.0,0.0,0.9991599881493601,0.0008400118506398297,0.0
1574,DoS/DDoS,DoS/DDoS,0.0,0.0003353286992620004,0.9829690348530569,0.01669563644768106,0.0
1575,Web Attack,Web Attack,0.0,0.2438528189343218,2.119664097954856e-06,0.0006207759528405987,0.7555242854487393
1576,DoS/DDoS,DoS/DDoS,0.0,0.0,1.0,0.0,0.0
1577,DoS/DDoS,DoS/DDoS,0.0,0.0,1.0,0.0,0.0
1578,Brute Force,Brute Force,0.0,1.0,0.0,0.0,0.0
1579,Brute Force,Brute Force,0.0,1.0,0.0,0.0,0.0
1580,Web Attack,Web Attack,0.0,0.2094920989019201,1.278549656947793e-05,0.003447268288443878,0.7870478473130663
1581,Brute Force,Brute Force,0.0,1.0,0.0,0.0,0.0
1582,Brute Force,Brute Force,0.0,1.0,0.0,0.0,0.0
1583,DoS/DDoS,DoS/DDoS,0.0,0.0,1.0,0.0,0.0
1584,DoS/DDoS,DoS/DDoS,0.0,0.0,1.0,0.0,0.0
1585,Brute Force,Brute Force,0.0,1.0,0.0,0.0,0.0
1586,DoS/DDoS,DoS/DDoS,0.0,0.0,1.0,0.0,0.0
1587,DoS/DDoS,DoS/DDoS,0.0,0.0,1.0,0.0,0.0
1588,Normal,Normal,0.0,0.00483566445701593,0.0,0.995164335542984,0.0
1589,Normal,Normal,0.0,0.0,0.0,1.0,0.0
1590,DoS/DDoS,DoS/DDoS,0.0,0.0,1.0,0.0,0.0
1591,Brute Force,Brute Force,0.0,1.0,0.0,0.0,0.0
1592,DoS/DDoS,DoS/DDoS,0.0,0.0,1.0,0.0,0.0
1593,Normal,Bot,0.6318010094300331,0.0,5.641637887526947e-05,0.3681425741910916,0.0
1594,DoS/DDoS,DoS/DDoS,0.0,0.0,1.0,0.0,0.0
1595,Normal,Normal,0.0,0.0,0.0,1.0,0.0
1596,Bot,Bot,0.9818321990518524,0.0,4.362009610206515e-05,0.018124180852045573,0.0
1597,DoS/DDoS,DoS/DDoS,0.0,0.0,1.0,0.0,0.0
1598,Normal,Normal,0.0,0.0,0.0,1.0,0.0
1599,Normal,Normal,0.0,0.01007864832031865,0.0,0.9842920901239881,0.005629261555693226
1600,Normal,Normal,0.0,0.0,0.0,1.0,0.0
1601,DoS/DDoS,DoS/DDoS,0.0,0.0,1.0,0.0,0.0
1602,DoS/DDoS,DoS/DDoS,0.0,0.0,1.0,0.0,0.0
1603,Brute Force,Brute Force,0.0,1.0,0.0,0.0,0.0
1604,Normal,Normal,0.0,0.0,0.0,1.0,0.0
1605,Brute Force,Brute Force,0.0,1.0,0.0,0.0,0.0
1606,DoS/DDoS,DoS/DDoS,0.0,0.0,1.0,0.0,0.0
1607,Normal,Normal,0.0,0.0,0.0,1.0,0.0
1608,Brute Force,Brute Force,0.0,1.0,0.0,0.0,0.0
1609,Normal,Normal,0.0,0.0,0.0,1.0,0.0
1610,DoS/DDoS,DoS/DDoS,0.0,0.0037942882177759763,0.9842597536280034,0.011945958154220362,0.0
1611,Brute Force,Brute Force,0.0,1.0,0.0,0.0,0.0
1612,DoS/DDoS,DoS/DDoS,0.0,0.05681299367431318,0.8060997667698427,0.08406262596503203,0.05302461359081192
1613,DoS/DDoS,DoS/DDoS,0.0,0.0,1.0,0.0,0.0
1614,Brute Force,Brute Force,0.0,1.0,0.0,0.0,0.0
1615,DoS/DDoS,DoS/DDoS,0.0,0.0,1.0,0.0,0.0
1616,Normal,Normal,0.0,0.014819950331125828,0.0,0.9851800496688742,0.0
1617,DoS/DDoS,DoS/DDoS,0.0,0.0,1.0,0.0,0.0
1618,Brute Force,Brute Force,0.0,1.0,0.0,0.0,0.0
1619,Normal,Normal,0.0,0.0,0.0,1.0,0.0
1620,Brute Force,Brute Force,0.0,1.0,0.0,0.0,0.0
1621,Normal,Normal,0.0,0.0,0.0,1.0,0.0
1622,DoS/DDoS,DoS/DDoS,0.0,0.0,1.0,0.0,0.0
1623,Brute Force,Brute Force,0.0,1.0,0.0,0.0,0.0
1624,Normal,Normal,0.009091741319557967,0.0,0.013374127955427511,0.9775341307250146,0.0
1625,Normal,Normal,0.0,0.004833385346232531,0.0,0.9951666146537674,0.0
1626,Normal,Normal,0.0,0.0,0.0,1.0,0.0
1627,Normal,Normal,0.0,0.060037542174072846,0.0,0.9075092129761532,0.03245324484977375
1628,Normal,Normal,0.0,0.0,0.0,1.0,0.0
1629,Brute Force,Brute Force,0.0,1.0,0.0,0.0,0.0
1630,Normal,Normal,0.0,0.0,0.0,1.0,0.0
1631,DoS/DDoS,DoS/DDoS,0.0,0.0,1.0,0.0,0.0
1632,DoS/DDoS,DoS/DDoS,0.0,0.0,1.0,0.0,0.0
1633,Normal,Normal,0.17584275947484884,0.0,5.62544004198579e-05,0.8241009861247313,0.0
1634,Brute Force,Brute Force,0.0,1.0,0.0,0.0,0.0
1635,Normal,Normal,0.0,0.004895141376552012,0.0,0.9951048586234481,0.0
1636,Normal,Normal,0.0,0.0,0.0066959870673259795,0.993304012932674,0.0
1637,DoS/DDoS,DoS/DDoS,0.0,0.0,1.0,0.0,0.0
1638,DoS/DDoS,DoS/DDoS,0.0,0.0,1.0,0.0,0.0
1639,Normal,Normal,0.0,0.0,0.0,1.0,0.0
1640,Bot,Bot,0.9709049625410746,0.0,2.9956241548768396e-05,0.029065081217376502,0.0
1641,Normal,Normal,0.0,0.0,0.0,1.0,0.0
1642,Brute Force,Brute Force,0.0,1.0,0.0,0.0,0.0
1643,Brute Force,Brute Force,0.0,1.0,0.0,0.0,0.0
1644,DoS/DDoS,DoS/DDoS,0.0,0.0,1.0,0.0,0.0
1645,Normal,Normal,0.0,0.0,0.0,1.0,0.0
1646,Brute Force,Brute Force,0.0,1.0,0.0,0.0,0.0
1647,DoS/DDoS,DoS/DDoS,0.0,0.0,1.0,0.0,0.0
1648,Normal,Normal,0.0,0.0,0.0,1.0,0.0
1649,Normal,Normal,0.0,0.0,0.0,1.0,0.0
1650,DoS/DDoS,DoS/DDoS,0.0,0.0,1.0,0.0,0.0
1651,Web Attack,Web Attack,0.0,0.2852035953290278,2.119664097954856e-06,0.0006797050253344196,0.71411457998154
1652,Brute Force,Brute Force,0.0,1.0,0.0,0.0,0.0
1653,Bot,Bot,1.0,0.0,0.0,0.0,0.0
1654,Brute Force,Brute Force,0.0,1.0,0.0,0.0,0.0
1655,Normal,Normal,0.0,0.0,0.0,1.0,0.0
1656,Brute Force,Brute Force,0.0,0.4918899674439212,0.0006134397798551331,0.04076327023099416,0.4667333225452294
1657,DoS/DDoS,DoS/DDoS,0.0,0.0,1.0,0.0,0.0
1658,DoS/DDoS,DoS/DDoS,0.0,0.0,1.0,0.0,0.0
1659,Brute Force,Brute Force,0.0,1.0,0.0,0.0,0.0
1660,DoS/DDoS,DoS/DDoS,0.0,0.0,1.0,0.0,0.0
1661,DoS/DDoS,DoS/DDoS,0.0,0.0,1.0,0.0,0.0
1662,Normal,Normal,0.0,0.0,0.0,1.0,0.0
1663,DoS/DDoS,DoS/DDoS,0.0,0.0,1.0,0.0,0.0
1664,Brute Force,Brute Force,0.0,1.0,0.0,0.0,0.0
1665,Brute Force,Brute Force,0.0,1.0,0.0,0.0,0.0
1666,DoS/DDoS,DoS/DDoS,0.0,0.0,0.9999515620674263,4.843793257365714e-05,0.0
1667,Normal,Normal,0.0,0.0,0.0,1.0,0.0
1668,Bot,Bot,0.9746069274539968,0.0,4.526272127891693e-05,0.025347809824724395,0.0
1669,Normal,Normal,0.0,0.0,0.0,1.0,0.0
1670,Normal,Normal,0.0,0.0,0.0,1.0,0.0
1671,DoS/DDoS,DoS/DDoS,0.0,0.0,1.0,0.0,0.0
1672,Bot,Bot,0.970635540708469,0.0,2.9956241548768396e-05,0.02933450304998209,0.0
1673,Normal,Normal,0.0,0.014032173672928295,0.03,0.9470082749608864,0.00895955136618542
1674,Normal,Normal,0.2830958022971256,0.0,5.11250332041678e-05,0.7168530726696701,0.0
1675,DoS/DDoS,DoS/DDoS,0.0,0.0,1.0,0.0,0.0
1676,Bot,Bot,0.9791478970632889,0.0,5.367481851905866e-05,0.020798428118192033,0.0
1677,Normal,Normal,0.0,0.0,0.0,1.0,0.0
1678,Normal,Normal,0.0,0.0,0.0,1.0,0.0
1679,DoS/DDoS,DoS/DDoS,0.0,0.0,1.0,0.0,0.0
1680,Normal,Normal,0.0,0.0,0.0,1.0,0.0
1681,Normal,Normal,0.0,0.0,0.0,1.0,0.0
1682,DoS/DDoS,DoS/DDoS,0.0,0.0,1.0,0.0,0.0
1683,Bot,Bot,0.9998264245213513,0.0,0.0,0.00017357547864877836,0.0
1684,Normal,Normal,0.27045714094613904,0.0,5.11250332041678e-05,0.7294917340206567,0.0
1685,Normal,Normal,0.0,0.0,0.0,1.0,0.0
1686,Brute Force,Brute Force,0.0,1.0,0.0,0.0,0.0
1687,Normal,Normal,0.31375481717627346,0.0,5.886779294291551e-05,0.6861863150307836,0.0
1688,Normal,Normal,0.0,0.0,0.006684182869153967,0.993315817130846,0.0
1689,DoS/DDoS,DoS/DDoS,0.0,0.0,1.0,0.0,0.0
1690,Brute Force,Brute Force,0.0,1.0,0.0,0.0,0.0
1691,DoS/DDoS,DoS/DDoS,0.0,0.0,1.0,0.0,0.0
1692,DoS/DDoS,DoS/DDoS,0.0,0.0,1.0,0.0,0.0
1693,Normal,Normal,0.0,0.0,0.0,1.0,0.0
1694,DoS/DDoS,DoS/DDoS,0.0,0.0,1.0,0.0,0.0
1695,Normal,Normal,0.0,0.0,0.0,1.0,0.0
1696,Normal,Normal,0.0,0.0,0.0,1.0,0.0
1697,Normal,Normal,0.0,0.0,0.0,1.0,0.0
1698,DoS/DDoS,DoS/DDoS,0.0,0.0,1.0,0.0,0.0
1699,Brute Force,Brute Force,0.0,1.0,0.0,0.0,0.0
1700,Brute Force,Brute Force,0.0,1.0,0.0,0.0,0.0
1701,Normal,Normal,0.0,0.0,0.0,1.0,0.0
1702,Normal,Normal,0.0,0.0,0.004179474649769071,0.9958205253502309,0.0
1703,DoS/DDoS,DoS/DDoS,0.0,0.0,1.0,0.0,0.0
1704,Normal,Bot,0.6742367583132914,0.0,6.47330407456093e-05,0.32569850864596284,0.0
1705,Normal,Normal,0.0,0.0,0.0,1.0,0.0
1706,DoS/DDoS,DoS/DDoS,0.0,0.0,1.0,0.0,0.0
1707,Normal,Normal,0.0,0.013186389253846353,0.06327916449843017,0.9235344462477234,0.0
1708,Brute Force,Brute Force,0.0,1.0,0.0,0.0,0.0
1709,DoS/DDoS,DoS/DDoS,0.0,0.0,1.0,0.0,0.0
1710,DoS/DDoS,DoS/DDoS,0.0,0.0,1.0,0.0,0.0
1711,DoS/DDoS,DoS/DDoS,0.0,0.0,1.0,0.0,0.0
1712,DoS/DDoS,DoS/DDoS,0.0,0.0,1.0,0.0,0.0
1713,Normal,Normal,0.0,0.0,0.0,1.0,0.0
1714,Normal,Normal,0.0,0.0,0.0,1.0,0.0
1715,DoS/DDoS,DoS/DDoS,0.0,0.0,1.0,0.0,0.0
1716,Brute Force,Brute Force,0.0,1.0,0.0,0.0,0.0
1717,Brute Force,Brute Force,0.0,1.0,0.0,0.0,0.0
1718,Normal,Normal,0.0,0.0,0.0,1.0,0.0
1719,Brute Force,Brute Force,0.0,1.0,0.0,0.0,0.0
1720,Normal,Normal,0.0,0.0,0.0,1.0,0.0
1721,Brute Force,Brute Force,0.0,0.6453958998626206,0.0007970816046511626,0.04678429565106814,0.30702272288166016
1722,Bot,Bot,1.0,0.0,0.0,0.0,0.0
1723,DoS/DDoS,DoS/DDoS,0.0,0.0,0.9999331038738194,6.689612618067845e-05,0.0
1724,DoS/DDoS,DoS/DDoS,0.0,0.0,1.0,0.0,0.0
1725,Normal,Normal,0.0,0.0,0.0,1.0,0.0
1726,DoS/DDoS,DoS/DDoS,0.0,0.0,1.0,0.0,0.0
1727,Brute Force,Brute Force,0.0,1.0,0.0,0.0,0.0
1728,Brute Force,Brute Force,0.0,1.0,0.0,0.0,0.0
1729,DoS/DDoS,DoS/DDoS,0.0,0.0,1.0,0.0,0.0
1730,DoS/DDoS,DoS/DDoS,0.0,0.0,1.0,0.0,0.0
1731,Normal,Normal,0.0,0.0,0.0,1.0,0.0
1732,DoS/DDoS,DoS/DDoS,0.0,0.0,1.0,0.0,0.0
1733,DoS/DDoS,DoS/DDoS,0.0,0.0,1.0,0.0,0.0
1734,DoS/DDoS,DoS/DDoS,0.0,0.0,1.0,0.0,0.0
1735,DoS/DDoS,DoS/DDoS,0.0,0.0,1.0,0.0,0.0
1736,DoS/DDoS,DoS/DDoS,0.0,0.0,1.0,0.0,0.0
1737,Normal,Normal,0.0,0.0,0.0,1.0,0.0
1738,DoS/DDoS,DoS/DDoS,0.0,0.0,1.0,0.0,0.0
1739,DoS/DDoS,DoS/DDoS,0.0,0.0,1.0,0.0,0.0
1740,DoS/DDoS,DoS/DDoS,0.0,0.0,1.0,0.0,0.0
1741,Normal,Normal,0.0,0.0,0.0,1.0,0.0
1742,Brute Force,Brute Force,0.0,1.0,0.0,0.0,0.0
1743,Normal,Normal,0.007357079050663433,0.0,0.00022955373686064148,0.992413367212476,0.0
1744,Brute Force,Brute Force,0.0,0.9931922848935296,0.0,0.006807715106470293,0.0
1745,DoS/DDoS,DoS/DDoS,0.0,0.0,1.0,0.0,0.0
1746,Normal,Normal,0.0,0.0,0.01,0.99,0.0
1747,Normal,Normal,0.0,0.0,0.01,0.99,0.0
1748,DoS/DDoS,DoS/DDoS,0.0,0.0,1.0,0.0,0.0
1749,DoS/DDoS,DoS/DDoS,0.0,0.0,1.0,0.0,0.0
1750,Normal,Normal,0.0,0.0023796116484632564,0.0001817471583652269,0.9785495535035479,0.018889087689623715
1751,DoS/DDoS,DoS/DDoS,0.0,0.0,1.0,0.0,0.0
1752,Normal,Normal,0.0,0.0,0.0,1.0,0.0
1753,DoS/DDoS,DoS/DDoS,0.0,0.0,1.0,0.0,0.0
1754,Normal,Normal,0.0,0.0,0.0,1.0,0.0
1755,Normal,Normal,0.0,0.0,0.0,1.0,0.0
1756,DoS/DDoS,DoS/DDoS,0.0,0.0,1.0,0.0,0.0
1757,DoS/DDoS,DoS/DDoS,0.0,0.0,1.0,0.0,0.0
1758,Bot,Bot,0.9839783581524911,0.0,0.0,0.016021641847508823,0.0
1759,DoS/DDoS,DoS/DDoS,0.0,0.0,1.0,0.0,0.0
1760,Brute Force,Brute Force,0.0,1.0,0.0,0.0,0.0
1761,Normal,Normal,0.0,0.0,0.0,1.0,0.0
1762,Normal,Normal,0.0,0.0,0.0,1.0,0.0
1763,DoS/DDoS,DoS/DDoS,0.0,0.0,0.9924849083836571,0.007515091616342959,0.0
1764,Normal,Normal,0.0,0.0,0.0,1.0,0.0
1765,DoS/DDoS,DoS/DDoS,0.0,0.0,1.0,0.0,0.0
1766,Brute Force,Brute Force,0.0,0.7482975375233992,0.0001572945684176533,0.10103471048424403,0.15051045742393904
1767,Normal,Normal,0.0,0.0,0.0,1.0,0.0
1768,Brute Force,Brute Force,0.0,0.805718102321552,1.6281103216542896e-05,0.007116252810037416,0.18714936376519403
1769,Brute Force,Brute Force,0.0,1.0,0.0,0.0,0.0
1770,Brute Force,Brute Force,0.0,1.0,0.0,0.0,0.0
1771,Normal,Normal,0.0,0.0,0.0,1.0,0.0
1772,Bot,Bot,0.978929068588674,0.0,4.362009610206515e-05,0.02102731131522387,0.0
1773,DoS/DDoS,DoS/DDoS,0.0,0.017430192962542567,0.98,0.0025698070374574346,0.0
1774,Brute Force,Brute Force,0.0,1.0,0.0,0.0,0.0
1775,Normal,Normal,0.0,0.0038759668584326568,0.05334934929028687,0.9427746838512806,0.0
1776,DoS/DDoS,DoS/DDoS,0.0,0.0,1.0,0.0,0.0
1777,DoS/DDoS,DoS/DDoS,0.0,0.0,1.0,0.0,0.0
1778,Normal,Normal,0.0,0.0313811081618716,0.0,0.9336209596514924,0.03499793218663612
1779,Normal,Normal,0.0,0.0,0.0,1.0,0.0
1780,DoS/DDoS,DoS/DDoS,0.0,0.0,1.0,0.0,0.0
1781,Normal,Normal,0.0,0.0,0.0,1.0,0.0
1782,Normal,Normal,0.0,0.0,0.0,1.0,0.0
1783,Normal,Normal,0.0,0.01007864832031865,0.0,0.9842920901239881,0.005629261555693226
1784,Bot,Bot,0.9789988292745803,0.0,3.520799886192343e-05,0.020965962726557777,0.0
1785,Brute Force,Brute Force,0.009532163742690059,0.9665046781175813,0.0,0.0239631581397286,0.0
1786,Normal,Normal,0.0,0.0,0.0,1.0,0.0
1787,Brute Force,Brute Force,0.0,1.0,0.0,0.0,0.0
1788,DoS/DDoS,DoS/DDoS,0.0,0.0,1.0,0.0,0.0
1789,Brute Force,Brute Force,0.0,1.0,0.0,0.0,0.0
1790,Bot,Bot,0.9895187897871176,0.0,0.0,0.01048121021288247,0.0
1791,Brute Force,Web Attack,0.0,0.2433085564407385,2.119664097954856e-06,0.0006516183526529315,0.7560377055425104
1792,Normal,Normal,0.0,0.0,0.0,1.0,0.0
1793,DoS/DDoS,DoS/DDoS,0.0,0.0,1.0,0.0,0.0
1794,Normal,Normal,0.0,0.0,0.0,1.0,0.0
1795,DoS/DDoS,DoS/DDoS,0.0,0.0,1.0,0.0,0.0
1796,Normal,Normal,0.0,0.0,0.0,1.0,0.0
1797,Brute Force,Brute Force,0.0,1.0,0.0,0.0,0.0
1798,DoS/DDoS,DoS/DDoS,0.0,0.0,1.0,0.0,0.0
1799,Normal,Normal,0.0,0.0,0.0,1.0,0.0
1800,Normal,Normal,0.0,0.0,0.0,1.0,0.0
1801,DoS/DDoS,DoS/DDoS,0.0,0.0,1.0,0.0,0.0
1802,Normal,Normal,0.0,0.0,0.0,1.0,0.0
1803,DoS/DDoS,DoS/DDoS,0.0,0.0,1.0,0.0,0.0
1804,Brute Force,Brute Force,0.0,0.8924921326199989,0.0,0.030153511283579206,0.07735435609642144
1805,Normal,Normal,0.028045941354265514,0.0,0.004961072203064454,0.9669929864426701,0.0
1806,Brute Force,Brute Force,0.0,1.0,0.0,0.0,0.0
1807,DoS/DDoS,DoS/DDoS,0.0,0.0,1.0,0.0,0.0
1808,Brute Force,Brute Force,0.0,1.0,0.0,0.0,0.0
1809,Normal,Normal,0.0,0.0,0.0,1.0,0.0
1810,DoS/DDoS,DoS/DDoS,0.0,0.0,1.0,0.0,0.0
1811,Bot,Bot,0.9790901445701112,0.0,4.362009610206515e-05,0.020866235333786617,0.0
1812,Brute Force,Brute Force,0.0,1.0,0.0,0.0,0.0
1813,DoS/DDoS,DoS/DDoS,0.0,0.0,1.0,0.0,0.0
1814,Normal,Normal,0.0,0.0,0.0,1.0,0.0
1815,Brute Force,Brute Force,0.0,1.0,0.0,0.0,0.0
1816,DoS/DDoS,DoS/DDoS,0.0,0.0,1.0,0.0,0.0
1817,Normal,Normal,0.0,0.0,0.0,1.0,0.0
1818,DoS/DDoS,DoS/DDoS,0.0,0.0,1.0,0.0,0.0
1819,DoS/DDoS,DoS/DDoS,0.0,0.0,1.0,0.0,0.0
1820,Normal,Normal,0.0,0.0,0.0,1.0,0.0
1821,DoS/DDoS,DoS/DDoS,0.0,0.0,1.0,0.0,0.0
1822,Brute Force,Brute Force,0.0,1.0,0.0,0.0,0.0
1823,Normal,Normal,0.0,0.0,0.0,1.0,0.0
1824,Brute Force,Brute Force,0.0,1.0,0.0,0.0,0.0
1825,Brute Force,Brute Force,0.0,1.0,0.0,0.0,0.0
1826,Normal,Normal,0.0,0.0,0.0,1.0,0.0
1827,Normal,Normal,0.0,0.0,0.0,1.0,0.0
1828,Normal,Bot,0.8379601794630303,0.0,0.00010678817729531723,0.1619330323596743,0.0
1829,DoS/DDoS,DoS/DDoS,0.0,0.007851986070609553,0.9919622690467906,0.00018574488259984488,0.0
1830,Normal,Normal,0.0,0.0,0.0,1.0,0.0
1831,Normal,Normal,0.009587320610217632,0.006522044698495993,0.03199680284828046,0.9484158765415017,0.0034779553015040067
1832,DoS/DDoS,DoS/DDoS,0.0,0.0,0.9987707187539315,0.0012292812460683322,0.0
1833,DoS/DDoS,DoS/DDoS,0.0,0.0,1.0,0.0,0.0
1834,Brute Force,Brute Force,0.0,0.5326854753687458,1.278549656947793e-05,0.014849444405616821,0.4524522947290677
1835,Brute Force,Brute Force,0.0,1.0,0.0,0.0,0.0
1836,Brute Force,Brute Force,0.0,1.0,0.0,0.0,0.0
1837,Normal,Normal,0.0,0.0,0.05750389395675864,0.9424961060432413,0.0
1838,Brute Force,Brute Force,0.0,1.0,0.0,0.0,0.0
1839,DoS/DDoS,DoS/DDoS,0.0,0.0,1.0,0.0,0.0
1840,Normal,Normal,0.0,0.0,0.0,1.0,0.0
1841,Normal,Normal,0.0,0.0,0.0,1.0,0.0
1842,DoS/DDoS,DoS/DDoS,0.0,0.0,0.9999515620674263,4.843793257365714e-05,0.0
1843,Brute Force,Brute Force,0.0,0.9878785283905185,0.0,0.012121471609481467,0.0
1844,DoS/DDoS,DoS/DDoS,0.0,0.0,1.0,0.0,0.0
1845,Normal,Normal,0.0,0.0,0.0,1.0,0.0
1846,Normal,Normal,0.0,0.0,0.0,1.0,0.0
1847,DoS/DDoS,DoS/DDoS,0.0,0.0,0.9999515620674263,4.843793257365714e-05,0.0
1848,Normal,Normal,0.0,0.05300922470612894,0.0,0.9072178889205722,0.03977288637329877
1849,Normal,Normal,0.0,0.0,0.0,1.0,0.0
1850,Normal,Normal,0.0,0.02655140186915888,0.0,0.9734485981308412,0.0
1851,DoS/DDoS,DoS/DDoS,0.0,0.0,1.0,0.0,0.0
1852,Normal,Normal,0.0,0.0,0.0,1.0,0.0
1853,Normal,Normal,0.0,0.0,0.0,1.0,0.0
1854,Normal,Normal,0.0,0.0,0.0,1.0,0.0
1855,DoS/DDoS,DoS/DDoS,0.0,0.0,1.0,0.0,0.0
1856,Normal,Normal,0.0,0.0,0.0,1.0,0.0
1857,Normal,Bot,0.8404332426188402,0.0,0.00010678817729531723,0.1594599692038642,0.0
1858,Normal,Normal,0.0,0.0,0.0,1.0,0.0
1859,Normal,Normal,0.0,0.0,0.0,1.0,0.0
1860,Normal,Normal,0.0,0.0023447965874157694,0.02806443635636643,0.9618049603401309,0.00778580671608685
1861,DoS/DDoS,DoS/DDoS,0.0,0.0,1.0,0.0,0.0
1862,Normal,Normal,0.0,0.0,0.01,0.99,0.0
1863,Brute Force,Brute Force,0.0,0.9151880769413175,0.0,0.030647515379805385,0.05416440767887694
1864,Normal,Normal,0.0,0.0,0.0,1.0,0.0
1865,Normal,Normal,0.0,0.0,0.0,1.0,0.0
1866,Normal,Normal,0.0,0.0,0.0,1.0,0.0
1867,DoS/DDoS,DoS/DDoS,0.0,0.0,1.0,0.0,0.0
1868,DoS/DDoS,DoS/DDoS,0.0,0.0,1.0,0.0,0.0
1869,Brute Force,Brute Force,0.0,1.0,0.0,0.0,0.0
1870,DoS/DDoS,DoS/DDoS,0.0,0.0,1.0,0.0,0.0
1871,Normal,Normal,0.0,0.0,0.0,1.0,0.0
1872,DoS/DDoS,DoS/DDoS,0.0,0.0,1.0,0.0,0.0
1873,DoS/DDoS,DoS/DDoS,0.0,0.0,1.0,0.0,0.0
1874,Normal,Normal,0.0,0.017897738753461175,0.0,0.9821022612465388,0.0
1875,DoS/DDoS,DoS/DDoS,0.0,0.0,1.0,0.0,0.0
1876,Bot,Bot,0.9708071008655413,0.0,2.9956241548768396e-05,0.029162942892909834,0.0
1877,Brute Force,Brute Force,0.0,1.0,0.0,0.0,0.0
1878,Normal,Normal,0.0,0.0027552140504939625,0.0,0.9972447859495059,0.0
1879,Normal,Normal,0.0,0.0,0.0,1.0,0.0
1880,DoS/DDoS,DoS/DDoS,0.0,0.0,1.0,0.0,0.0
1881,Normal,Normal,0.008370067863791963,0.0024142061259508052,5.544403877171457e-05,0.9745126384762978,0.014647643495187775
1882,Normal,Normal,0.0,0.0,0.0,1.0,0.0
1883,DoS/DDoS,DoS/DDoS,0.0,0.0,1.0,0.0,0.0
1884,DoS/DDoS,DoS/DDoS,0.0,0.0,1.0,0.0,0.0
1885,Normal,Normal,0.0,0.0,0.0,1.0,0.0
1886,Bot,Bot,0.9529658293991757,0.0,2.9956241548768396e-05,0.04700421435927546,0.0
1887,Normal,Normal,0.0,0.0,0.0,1.0,0.0
1888,Normal,Normal,0.0,0.0,0.0,1.0,0.0
1889,DoS/DDoS,DoS/DDoS,0.0,0.0,1.0,0.0,0.0
1890,DoS/DDoS,DoS/DDoS,0.0,0.0,1.0,0.0,0.0
1891,Normal,Normal,0.0,0.0,0.0,1.0,0.0
1892,Bot,Bot,0.7585675234821768,0.0,1.3896819939680865e-05,0.24141857969788333,0.0
1893,DoS/DDoS,DoS/DDoS,0.0,0.0,1.0,0.0,0.0
1894,Brute Force,Brute Force,0.0,1.0,0.0,0.0,0.0
1895,DoS/DDoS,DoS/DDoS,0.0,0.0,1.0,0.0,0.0
1896,DoS/DDoS,DoS/DDoS,0.0,0.0,1.0,0.0,0.0
1897,Brute Force,Web Attack,0.0,0.10689504206505833,2.119664097954856e-06,0.0006039911384678714,0.8924988471323756
1898,Normal,Normal,0.0,0.0,0.0,1.0,0.0
1899,Normal,Normal,0.002849891251961943,0.008344360403523843,0.00022955373686064148,0.9878470252797189,0.0007291693279346996
1900,DoS/DDoS,DoS/DDoS,0.0,0.0,0.9999515620674263,4.843793257365714e-05,0.0
1901,Normal,Normal,0.0,0.0,0.0,1.0,0.0
1902,DoS/DDoS,DoS/DDoS,0.0,0.0,1.0,0.0,0.0
1903,Normal,Normal,0.0,0.0,0.0,1.0,0.0
1904,DoS/DDoS,DoS/DDoS,0.0,0.0,0.9999807544456359,1.9245554364025933e-05,0.0
1905,DoS/DDoS,DoS/DDoS,0.0,0.0,1.0,0.0,0.0
1906,Brute Force,Brute Force,0.0,1.0,0.0,0.0,0.0
1907,DoS/DDoS,DoS/DDoS,0.0,0.0,1.0,0.0,0.0
1908,Brute Force,Brute Force,0.0,1.0,0.0,0.0,0.0
1909,DoS/DDoS,DoS/DDoS,0.0,0.0,1.0,0.0,0.0
1910,Brute Force,Brute Force,0.0,1.0,0.0,0.0,0.0
1911,Normal,Normal,0.0,0.0058013328235226955,0.0,0.9823935819828284,0.01180508519364879
1912,Normal,Normal,0.0,0.0,0.0,1.0,0.0
1913,DoS/DDoS,DoS/DDoS,0.0,0.0,1.0,0.0,0.0
1914,Normal,Normal,0.0,0.0,0.0,1.0,0.0
1915,DoS/DDoS,DoS/DDoS,0.0,0.010520344164717548,0.787488871070302,0.1920988505069525,0.009891934258027741
1916,Normal,Normal,0.0,0.0,0.0,1.0,0.0
1917,DoS/DDoS,DoS/DDoS,0.0,0.0,1.0,0.0,0.0
1918,DoS/DDoS,DoS/DDoS,0.0,0.0,1.0,0.0,0.0
1919,Normal,Normal,0.0,0.0,0.01501713306681896,0.984982866933181,0.0
1920,Normal,Normal,0.0,0.0,0.0,1.0,0.0
1921,DoS/DDoS,DoS/DDoS,0.0,0.0,1.0,0.0,0.0
1922,Normal,Normal,0.0,0.0,0.0,1.0,0.0
1923,DoS/DDoS,DoS/DDoS,0.0,0.0,1.0,0.0,0.0
1924,Normal,Normal,0.0,0.0,0.0,1.0,0.0
1925,Brute Force,Brute Force,0.0,1.0,0.0,0.0,0.0
1926,DoS/DDoS,DoS/DDoS,0.0,0.0,1.0,0.0,0.0
1927,Normal,Normal,0.0,0.0,0.0,1.0,0.0
1928,Normal,Normal,0.0,0.0,0.0,1.0,0.0
1929,DoS/DDoS,DoS/DDoS,0.0,0.0,1.0,0.0,0.0
1930,DoS/DDoS,DoS/DDoS,0.0,0.0,1.0,0.0,0.0
1931,DoS/DDoS,DoS/DDoS,0.0,0.0,1.0,0.0,0.0
1932,DoS/DDoS,DoS/DDoS,0.0,0.0,1.0,0.0,0.0
1933,Normal,Normal,0.0,0.0,0.0,1.0,0.0
1934,DoS/DDoS,DoS/DDoS,0.0,0.0,1.0,0.0,0.0
1935,Normal,Normal,0.0,0.0,0.0,1.0,0.0
1936,Normal,Normal,0.02223418649571719,0.0,0.0,0.977765813504283,0.0
1937,Normal,Normal,0.0,0.0,0.0,1.0,0.0
1938,Normal,Normal,0.0,0.0,0.0,1.0,0.0
1939,Normal,Normal,0.0,0.0,0.0,1.0,0.0
1940,Brute Force,Brute Force,0.0,1.0,0.0,0.0,0.0
1941,Normal,Normal,0.0,0.0,0.0,1.0,0.0
1942,Normal,Normal,0.00778395817109801,0.004809176081565169,0.0,0.9874068657473367,0.0
1943,DoS/DDoS,DoS/DDoS,0.0,0.0,1.0,0.0,0.0
1944,Normal,Normal,0.0,0.0,0.0,1.0,0.0
1945,Normal,Normal,0.0,0.0,0.0,1.0,0.0
1946,Brute Force,Brute Force,0.0,1.0,0.0,0.0,0.0
1947,Normal,Normal,0.0,0.0,0.0,1.0,0.0
1948,Web Attack,Web Attack,0.0,0.22583603044036507,0.0005175203272085855,0.0522007570100217,0.7214456922224051
1949,Brute Force,Brute Force,0.0,1.0,0.0,0.0,0.0
1950,Normal,Normal,0.0,0.0,0.0,1.0,0.0
1951,Normal,Normal,0.0,0.0,0.0,1.0,0.0
1952,DoS/DDoS,DoS/DDoS,0.0,0.0,0.9999515620674263,4.843793257365714e-05,0.0
1953,DoS/DDoS,DoS/DDoS,0.0,0.0,1.0,0.0,0.0
1954,Brute Force,Brute Force,0.0,1.0,0.0,0.0,0.0
1955,Normal,Normal,0.0,0.0,0.0,1.0,0.0
1956,Brute Force,Brute Force,0.0,1.0,0.0,0.0,0.0
1957,DoS/DDoS,DoS/DDoS,0.0,0.0,0.9999515620674263,4.843793257365714e-05,0.0
1958,Normal,Normal,0.0,0.0,0.0,1.0,0.0
1959,Normal,Normal,0.0,0.0,0.0,1.0,0.0
1960,DoS/DDoS,DoS/DDoS,0.0,0.0,1.0,0.0,0.0
1961,Normal,Normal,0.0,0.0,0.0,1.0,0.0
1962,DoS/DDoS,DoS/DDoS,0.0,0.008478300271875943,0.9540606129098697,0.0374610868182543,0.0
1963,DoS/DDoS,DoS/DDoS,0.0,0.0,1.0,0.0,0.0
1964,Normal,Normal,0.0,0.0,0.023300254030056266,0.9766997459699438,0.0
1965,Normal,Normal,0.0,0.0,0.0,1.0,0.0
1966,DoS/DDoS,DoS/DDoS,0.0,0.0,1.0,0.0,0.0
1967,DoS/DDoS,DoS/DDoS,0.0,0.0,1.0,0.0,0.0
1968,Normal,Normal,0.0,0.0,0.0,1.0,0.0
1969,DoS/DDoS,DoS/DDoS,0.0,0.0,1.0,0.0,0.0
1970,DoS/DDoS,DoS/DDoS,0.0,0.0,0.9999515620674263,4.843793257365714e-05,0.0
1971,DoS/DDoS,DoS/DDoS,0.0,0.0,1.0,0.0,0.0
1972,Normal,Normal,0.0,0.0,0.0,1.0,0.0
1973,Normal,Normal,0.0,0.0,0.0,1.0,0.0
1974,DoS/DDoS,DoS/DDoS,0.0,0.0,1.0,0.0,0.0
1975,Normal,Normal,0.0,0.0030036762233408266,0.0025581130518695116,0.991392991667404,0.003045219057385608
1976,DoS/DDoS,DoS/DDoS,0.0,0.0,1.0,0.0,0.0
1977,DoS/DDoS,DoS/DDoS,0.0,0.0,1.0,0.0,0.0
1978,DoS/DDoS,DoS/DDoS,0.0,0.0,1.0,0.0,0.0
1979,Normal,Normal,0.0,0.0,0.0033100332857822156,0.9966899667142178,0.0
1980,DoS/DDoS,DoS/DDoS,0.0,0.0,1.0,0.0,0.0
1981,Normal,Normal,0.0,0.0,0.0,1.0,0.0
1982,DoS/DDoS,DoS/DDoS,0.0,0.008355939970463553,0.480092129305229,0.17634061783646238,0.335211312887845
1983,Normal,Normal,0.0016920990166158023,0.0,0.027074098362068665,0.9712338026213158,0.0
1984,DoS/DDoS,DoS/DDoS,0.0,0.0,1.0,0.0,0.0
1985,Normal,Normal,0.0,0.0,0.0,1.0,0.0
1986,Normal,Normal,0.0,0.0,0.0,1.0,0.0
1987,DoS/DDoS,DoS/DDoS,0.0,0.0,1.0,0.0,0.0
1988,DoS/DDoS,DoS/DDoS,0.0,0.0,1.0,0.0,0.0
1989,Normal,Normal,0.0,0.0,0.0,1.0,0.0
1990,Brute Force,Web Attack,0.0,0.28411763138834945,2.119664097954856e-06,0.0006244145650717785,0.7152558343824806
1991,Brute Force,Brute Force,0.0,1.0,0.0,0.0,0.0
1992,Normal,Normal,0.0,0.00012147879110522841,0.003803400114246514,0.9960751210946482,0.0
1993,Brute Force,Brute Force,0.0,1.0,0.0,0.0,0.0
1994,Normal,Normal,0.0,0.0,0.0,1.0,0.0
1995,Normal,Normal,0.007724320158537928,0.0,0.002275679841462072,0.99,0.0
1996,Normal,Normal,0.0,0.0,0.0,1.0,0.0
1997,Normal,Normal,0.0,0.0,0.006660003807348182,0.9933399961926519,0.0
1998,DoS/DDoS,DoS/DDoS,0.0,0.0,1.0,0.0,0.0
1999,Brute Force,Brute Force,0.0,1.0,0.0,0.0,0.0
2000,Normal,Normal,0.0,0.0,0.0,1.0,0.0
2001,DoS/DDoS,DoS/DDoS,0.0,0.0,1.0,0.0,0.0
2002,Normal,Normal,0.0,0.006539772992666636,0.0,0.9934602270073333,0.0
2003,Brute Force,Brute Force,0.0,1.0,0.0,0.0,0.0
2004,Normal,Normal,0.0,0.02841444154329992,0.0,0.9628419953276821,0.008743563129017968
2005,DoS/DDoS,DoS/DDoS,0.0,0.0,0.9999515620674263,4.843793257365714e-05,0.0
2006,Bot,Bot,1.0,0.0,0.0,0.0,0.0
2007,DoS/DDoS,DoS/DDoS,0.0,0.0,1.0,0.0,0.0
2008,DoS/DDoS,DoS/DDoS,0.0,0.0,1.0,0.0,0.0
2009,DoS/DDoS,DoS/DDoS,0.0,0.0,1.0,0.0,0.0
2010,Normal,Normal,0.0,0.0,0.0,1.0,0.0
2011,Brute Force,Brute Force,0.0,1.0,0.0,0.0,0.0
2012,Normal,Normal,0.0,0.21028040891158578,0.033048275562449644,0.7566713155259644,0.0
2013,Normal,Normal,0.0,0.0,0.012512169463117164,0.9874878305368828,0.0
2014,DoS/DDoS,DoS/DDoS,0.0,0.0,1.0,0.0,0.0
2015,DoS/DDoS,DoS/DDoS,0.0,0.0,1.0,0.0,0.0
2016,DoS/DDoS,DoS/DDoS,0.0,0.0,1.0,0.0,0.0
2017,Normal,Normal,0.02821944533882353,0.0,0.01,0.9617805546611764,0.0
2018,Brute Force,Brute Force,0.0,1.0,0.0,0.0,0.0
2019,Brute Force,Brute Force,0.0,1.0,0.0,0.0,0.0
2020,DoS/DDoS,DoS/DDoS,0.0,0.0,1.0,0.0,0.0
2021,Normal,Normal,0.0,0.00651633621893326,0.0,0.9934836637810668,0.0
2022,DoS/DDoS,DoS/DDoS,0.0,0.0,1.0,0.0,0.0
2023,Normal,Normal,0.2850212167693017,0.0,1.185981413265176e-05,0.714966923416566,0.0
2024,Normal,Normal,0.0,0.0,0.0,1.0,0.0
2025,Normal,Normal,0.0,0.0,0.0,1.0,0.0
2026,DoS/DDoS,DoS/DDoS,0.0,0.0,0.9986452266001858,0.0013547733998141636,0.0
2027,DoS/DDoS,DoS/DDoS,0.0,0.0,1.0,0.0,0.0
2028,Normal,Normal,0.002849891251961943,0.01529069342427865,0.00031149542723817286,0.9808187505685865,0.0007291693279346996
2029,Normal,Normal,0.007357079050663433,0.0,0.00022955373686064148,0.992413367212476,0.0
2030,Normal,Normal,0.0,0.0,0.0,1.0,0.0
2031,Normal,Normal,0.0,0.00044095184887354847,0.004658352153185195,0.9949006959979411,0.0
2032,Brute Force,Brute Force,0.0,1.0,0.0,0.0,0.0
2033,Bot,Bot,0.9654584854477691,0.0,4.526272127891693e-05,0.03449625183095199,0.0
2034,DoS/DDoS,DoS/DDoS,0.0,0.0,1.0,0.0,0.0
2035,DoS/DDoS,DoS/DDoS,0.0,0.0,1.0,0.0,0.0
2036,Brute Force,Brute Force,0.0,1.0,0.0,0.0,0.0
2037,Normal,Normal,0.0,0.006113223656459936,0.04213801816049853,0.8634156006280882,0.08833315755495351
2038,DoS/DDoS,DoS/DDoS,0.0,0.0,1.0,0.0,0.0
2039,Brute Force,Brute Force,0.0,1.0,0.0,0.0,0.0
2040,Brute Force,Brute Force,0.0,1.0,0.0,0.0,0.0
2041,Brute Force,Brute Force,0.0,1.0,0.0,0.0,0.0
2042,Normal,Normal,0.0,0.0,0.0,1.0,0.0
2043,Normal,Normal,0.0,0.0,0.0,1.0,0.0
2044,DoS/DDoS,DoS/DDoS,0.0,0.0,1.0,0.0,0.0
2045,Bot,Bot,0.9998197911964907,0.0,0.0,0.00018020880350936918,0.0
2046,DoS/DDoS,DoS/DDoS,0.0,0.0,1.0,0.0,0.0
2047,Brute Force,Brute Force,0.0,1.0,0.0,0.0,0.0
2048,DoS/DDoS,DoS/DDoS,0.0,0.0,1.0,0.0,0.0
2049,Brute Force,Brute Force,0.0,1.0,0.0,0.0,0.0
2050,Bot,Bot,0.9991823836341753,0.0,0.0,0.000817616365824704,0.0
2051,Normal,Normal,0.0,0.0,0.01,0.9704340766706596,0.019565923329340314
2052,Normal,Normal,0.0,0.0,0.0,1.0,0.0
2053,DoS/DDoS,DoS/DDoS,0.0,0.0,1.0,0.0,0.0
2054,Normal,Normal,0.02719106827162346,0.020708327583047574,0.05000563586577598,0.8933053807905316,0.00878958748902157
2055,Normal,Normal,0.0,0.0,0.0,1.0,0.0
2056,Bot,Bot,1.0,0.0,0.0,0.0,0.0
2057,DoS/DDoS,DoS/DDoS,0.0,0.0,1.0,0.0,0.0
2058,Brute Force,Brute Force,0.0,1.0,0.0,0.0,0.0
2059,Normal,Normal,0.0,0.0,0.0,1.0,0.0
2060,Normal,Normal,0.0,0.0,0.0,1.0,0.0
2061,DoS/DDoS,DoS/DDoS,0.0,0.0,0.9998355146565323,0.00016448534346767324,0.0
2062,Normal,Normal,0.0,0.0,0.0,1.0,0.0
2063,Normal,Normal,0.0,0.0,0.00021631245947853207,0.9997836875405214,0.0
2064,Normal,Normal,0.0,0.0,0.0,1.0,0.0
2065,DoS/DDoS,DoS/DDoS,0.0,0.0,1.0,0.0,0.0
2066,Normal,Normal,0.0,0.0,0.0,1.0,0.0
2067,Brute Force,Brute Force,0.0,1.0,0.0,0.0,0.0
2068,Brute Force,Brute Force,0.0,1.0,0.0,0.0,0.0
2069,Brute Force,Brute Force,0.0,1.0,0.0,0.0,0.0
2070,DoS/DDoS,DoS/DDoS,0.0,0.0,1.0,0.0,0.0
2071,Brute Force,Brute Force,0.0,1.0,0.0,0.0,0.0
2072,Normal,Normal,0.0,0.0,0.0,1.0,0.0
2073,DoS/DDoS,DoS/DDoS,0.0,0.0,1.0,0.0,0.0
2074,Brute Force,Brute Force,0.0,1.0,0.0,0.0,0.0
2075,DoS/DDoS,DoS/DDoS,0.0,0.0,1.0,0.0,0.0
2076,Normal,Normal,0.0,0.0,0.0823860311271766,0.9176139688728233,0.0
2077,Normal,Normal,0.009557546237950885,0.0,0.006005141388174807,0.9844373123738742,0.0
2078,DoS/DDoS,DoS/DDoS,0.0,0.0,1.0,0.0,0.0
2079,Bot,Bot,0.9956718334260838,0.0,0.0,0.004328166573916144,0.0
2080,DoS/DDoS,DoS/DDoS,0.0,0.0,1.0,0.0,0.0
2081,Bot,Bot,0.9821833386093107,0.0,4.362009610206515e-05,0.01777304129458741,0.0
2082,DoS/DDoS,DoS/DDoS,0.0,0.0,1.0,0.0,0.0
2083,DoS/DDoS,DoS/DDoS,0.0,0.0,1.0,0.0,0.0
2084,DoS/DDoS,DoS/DDoS,0.0,0.0,1.0,0.0,0.0
2085,DoS/DDoS,DoS/DDoS,0.0,0.0,0.9975089263431669,0.002491073656833184,0.0
2086,DoS/DDoS,DoS/DDoS,0.0,0.0,1.0,0.0,0.0
2087,Normal,Normal,0.0,0.0011842276590964304,0.04848543568314076,0.9303822123771952,0.019948124280567664
2088,Normal,Normal,0.0,0.02327998690983744,0.0,0.9635873244533751,0.013132688636787525
2089,Normal,Normal,0.0,0.0003567545735037896,0.030958627726140216,0.9462020133141976,0.0224826043861585
2090,Normal,Normal,0.0,0.0,0.0,1.0,0.0
2091,Normal,Normal,0.31208886388073237,0.0,5.11250332041678e-05,0.6878600110860635,0.0
2092,DoS/DDoS,DoS/DDoS,0.0,0.0,1.0,0.0,0.0
2093,DoS/DDoS,DoS/DDoS,0.0,0.0,1.0,0.0,0.0
2094,Brute Force,Web Attack,0.0,0.20353546325023564,2.119664097954856e-06,0.0006207759528405987,0.7958416411328254
2095,DoS/DDoS,DoS/DDoS,0.0,0.0,1.0,0.0,0.0
2096,Normal,Normal,0.0,0.0,0.0,1.0,0.0
2097,Normal,Normal,0.0,0.0,0.0,1.0,0.0
2098,DoS/DDoS,DoS/DDoS,0.0,0.0,1.0,0.0,0.0
2099,DoS/DDoS,DoS/DDoS,0.0,0.0,1.0,0.0,0.0
2100,Brute Force,Web Attack,0.0,0.33179146129699033,2.119664097954856e-06,0.0006694742796606224,0.6675369447592507
2101,Normal,Normal,0.0,0.0,0.0,1.0,0.0
2102,DoS/DDoS,DoS/DDoS,0.0,0.0,1.0,0.0,0.0
2103,Normal,Normal,0.0,0.0,0.0,1.0,0.0
2104,DoS/DDoS,DoS/DDoS,0.0,0.0,0.9974738683513796,0.0025261316486203445,0.0
2105,DoS/DDoS,DoS/DDoS,0.0,0.0,1.0,0.0,0.0
2106,DoS/DDoS,DoS/DDoS,0.0,0.0,1.0,0.0,0.0
2107,DoS/DDoS,DoS/DDoS,0.0,0.0,1.0,0.0,0.0
2108,Normal,Normal,0.0,0.0,0.0,1.0,0.0
2109,DoS/DDoS,DoS/DDoS,0.0,0.0,1.0,0.0,0.0
2110,DoS/DDoS,DoS/DDoS,0.0,0.0,1.0,0.0,0.0
2111,Brute Force,Brute Force,0.0,1.0,0.0,0.0,0.0
2112,Normal,Normal,0.0,0.0,0.0,1.0,0.0
2113,DoS/DDoS,DoS/DDoS,0.0,0.0,1.0,0.0,0.0
2114,Normal,Normal,0.0,0.007324825859734441,0.019845241350408726,0.9728299327898567,0.0
2115,Brute Force,Brute Force,0.0,1.0,0.0,0.0,0.0
2116,DoS/DDoS,DoS/DDoS,0.0,0.0,1.0,0.0,0.0
2117,Normal,Normal,0.0,0.0,0.0,1.0,0.0
2118,Normal,Normal,0.0,0.0,0.03520861260896577,0.9647913873910343,0.0
2119,Normal,Normal,0.0,0.0,0.0,1.0,0.0
2120,Normal,Normal,0.0,0.0,0.0,1.0,0.0
2121,DoS/DDoS,DoS/DDoS,0.0,0.0,0.9613061780606672,0.038693821939332566,0.0
2122,DoS/DDoS,DoS/DDoS,0.0,0.0037942882177759763,0.9832941925212808,0.012911519260942974,0.0
2123,Normal,Normal,0.0,0.0,0.0,1.0,0.0
2124,Normal,Normal,0.0,0.0,0.0,1.0,0.0
2125,DoS/DDoS,DoS/DDoS,0.0,0.0,1.0,0.0,0.0
2126,Web Attack,Web Attack,0.0,0.26815076750577344,2.119664097954856e-06,0.0006244145650717785,0.7312226982650567
2127,Brute Force,Brute Force,0.0,1.0,0.0,0.0,0.0
2128,DoS/DDoS,DoS/DDoS,0.0,0.0,1.0,0.0,0.0
2129,DoS/DDoS,DoS/DDoS,0.0,0.0,1.0,0.0,0.0
2130,Brute Force,Brute Force,0.0,1.0,0.0,0.0,0.0
2131,Normal,Normal,0.0,0.0,0.0,1.0,0.0
2132,Normal,Normal,0.009611514927518376,0.01,0.02503600712949803,0.9553524779429837,0.0
2133,DoS/DDoS,DoS/DDoS,0.0,0.0,1.0,0.0,0.0
2134,Bot,Bot,0.9998197911964907,0.0,0.0,0.00018020880350936918,0.0
2135,Normal,Normal,0.0,0.0,0.0,1.0,0.0
2136,DoS/DDoS,DoS/DDoS,0.0,0.0,1.0,0.0,0.0
2137,Normal,Normal,0.0,0.0,0.0,1.0,0.0
2138,DoS/DDoS,DoS/DDoS,0.0,0.0,0.9548922381073013,0.04510776189269871,0.0
2139,DoS/DDoS,DoS/DDoS,0.0,0.0,0.9999515620674263,4.843793257365714e-05,0.0
2140,Normal,Normal,0.0,0.0,0.0,1.0,0.0
2141,Brute Force,Brute Force,0.0,1.0,0.0,0.0,0.0
2142,Normal,Normal,0.008362300662963626,0.01820296831127156,0.0,0.9734347310257648,0.0
2143,Brute Force,Brute Force,0.0,1.0,0.0,0.0,0.0
2144,DoS/DDoS,DoS/DDoS,0.0,0.0,1.0,0.0,0.0
2145,Brute Force,Brute Force,0.0,1.0,0.0,0.0,0.0
2146,Brute Force,Brute Force,0.0,1.0,0.0,0.0,0.0
2147,Brute Force,Brute Force,0.0,1.0,0.0,0.0,0.0
2148,Normal,Normal,0.0,0.0,0.0,1.0,0.0
2149,DoS/DDoS,DoS/DDoS,0.0,0.0,0.9986452266001858,0.0013547733998141636,0.0
2150,DoS/DDoS,DoS/DDoS,0.0,0.0,1.0,0.0,0.0
2151,Normal,Normal,0.0,0.0,0.0,1.0,0.0
2152,Brute Force,Web Attack,0.0,0.09583436896317199,2.119664097954856e-06,0.0006270859573114955,0.9035364254154183
2153,Normal,Normal,0.0,0.0,0.0,1.0,0.0
2154,DoS/DDoS,DoS/DDoS,0.0,0.0,1.0,0.0,0.0
2155,Normal,Normal,0.0,0.0,0.0,1.0,0.0
2156,Brute Force,Brute Force,0.0,1.0,0.0,0.0,0.0
2157,Normal,Normal,0.0,0.0,0.0,1.0,0.0
2158,Brute Force,Brute Force,0.0,0.7092639847528346,1.6281103216542896e-05,0.000989274467097729,0.2897304596768511
2159,Brute Force,Brute Force,0.0,1.0,0.0,0.0,0.0
2160,Brute Force,Brute Force,0.0,1.0,0.0,0.0,0.0
2161,Normal,Normal,0.0,0.0,0.0,1.0,0.0
2162,Brute Force,Brute Force,0.0,1.0,0.0,0.0,0.0
2163,Normal,Normal,0.0,0.0,0.013310033285782214,0.9866899667142178,0.0
2164,DoS/DDoS,DoS/DDoS,0.0,0.0,0.9991599881493601,0.0008400118506398297,0.0
2165,Brute Force,Brute Force,0.0,1.0,0.0,0.0,0.0
2166,Normal,Normal,0.0,0.0313811081618716,0.0,0.9336209596514924,0.03499793218663612
2167,Brute Force,Brute Force,0.0,1.0,0.0,0.0,0.0
2168,DoS/DDoS,DoS/DDoS,0.0,0.0,1.0,0.0,0.0
2169,DoS/DDoS,DoS/DDoS,0.0,0.0,1.0,0.0,0.0
2170,DoS/DDoS,DoS/DDoS,0.0,0.0,1.0,0.0,0.0
2171,Brute Force,Brute Force,0.0,1.0,0.0,0.0,0.0
2172,DoS/DDoS,DoS/DDoS,0.0,0.0,1.0,0.0,0.0
2173,DoS/DDoS,DoS/DDoS,0.0,0.0,1.0,0.0,0.0
2174,Brute Force,Web Attack,0.0,0.3253196643211914,1.278549656947793e-05,0.011156501807092083,0.6635110483751471
2175,Normal,Normal,0.01,0.0,0.0,0.99,0.0
2176,DoS/DDoS,DoS/DDoS,0.0,0.0,0.9999515620674263,4.843793257365714e-05,0.0
2177,Brute Force,Brute Force,0.0,1.0,0.0,0.0,0.0
2178,Web Attack,Web Attack,0.0,0.22013976716563893,2.119664097954856e-06,0.0006244145650717785,0.7792336986051912
2179,Normal,Normal,0.0,0.013189287468831605,0.038381029378300666,0.9386083857232471,0.009821297429620563
2180,DoS/DDoS,DoS/DDoS,0.0,0.0,1.0,0.0,0.0
2181,Normal,Normal,0.0,0.0,0.0,1.0,0.0
2182,Bot,Bot,0.982207134988167,0.0,3.520799886192343e-05,0.017757657012971,0.0
2183,DoS/DDoS,DoS/DDoS,0.0,0.0,1.0,0.0,0.0
2184,Brute Force,Web Attack,0.0,0.40480582063880094,2.9597595240715013e-05,0.010644123842644333,0.584520457923314
2185,DoS/DDoS,DoS/DDoS,0.0,0.0,1.0,0.0,0.0
2186,Brute Force,Brute Force,0.0,1.0,0.0,0.0,0.0
2187,DoS/DDoS,DoS/DDoS,0.0,0.0,1.0,0.0,0.0
2188,DoS/DDoS,DoS/DDoS,0.0,0.0,1.0,0.0,0.0
2189,Normal,Normal,0.0,0.029812890446562365,0.0,0.9645578479977444,0.005629261555693226
2190,Normal,Normal,0.0012869184796038846,0.01,0.002239649131170595,0.9864734323892256,0.0
2191,Normal,Normal,0.0,0.0,0.0,1.0,0.0
2192,Normal,Normal,0.0,0.004861356319451656,0.0,0.9951386436805484,0.0
2193,Brute Force,Brute Force,0.0,1.0,0.0,0.0,0.0
2194,Brute Force,Web Attack,0.0,0.27500930672537344,0.000449907651252278,0.0024197690269507992,0.7221210165964237
2195,Normal,Normal,0.0,0.0,0.0,1.0,0.0
2196,Normal,Normal,0.01,0.0,0.0,0.99,0.0
2197,DoS/DDoS,DoS/DDoS,0.0,0.0,1.0,0.0,0.0
2198,Normal,Normal,0.0,0.0,0.0,1.0,0.0
2199,Normal,Normal,0.0,0.0,0.0,1.0,0.0
2200,Web Attack,Web Attack,0.0,0.16619141110507918,2.119664097954856e-06,0.0006797050253344196,0.8331267642054883
2201,Brute Force,Brute Force,0.0,1.0,0.0,0.0,0.0
2202,DoS/DDoS,DoS/DDoS,0.0,0.0,0.9972616372073473,0.0027383627926527666,0.0
2203,DoS/DDoS,DoS/DDoS,0.0,0.0,1.0,0.0,0.0
2204,DoS/DDoS,DoS/DDoS,0.0,0.0,1.0,0.0,0.0
2205,DoS/DDoS,DoS/DDoS,0.0,0.0,1.0,0.0,0.0
2206,Normal,Normal,0.0,0.0004934842781418208,0.0072231000966664636,0.9832927868231729,0.008990628802018674
2207,DoS/DDoS,DoS/DDoS,0.0,0.0,1.0,0.0,0.0
2208,Brute Force,Brute Force,0.0,1.0,0.0,0.0,0.0
2209,DoS/DDoS,DoS/DDoS,0.0,0.0,1.0,0.0,0.0
2210,DoS/DDoS,DoS/DDoS,0.0,0.0,1.0,0.0,0.0
2211,Brute Force,Brute Force,0.0,1.0,0.0,0.0,0.0
2212,DoS/DDoS,DoS/DDoS,0.0,0.0,1.0,0.0,0.0
2213,Brute Force,Brute Force,0.0,1.0,0.0,0.0,0.0
2214,Normal,Normal,0.0,0.0,0.0,1.0,0.0
2215,Web Attack,Web Attack,0.0,0.24403577963703188,2.119664097954856e-06,0.0006076297506990514,0.7553544709481709
2216,Normal,Normal,0.0,0.07403367299288367,0.02884128583428196,0.8873497915145938,0.009775249658240462
2217,Normal,Normal,0.0,0.0,0.0,1.0,0.0
2218,DoS/DDoS,DoS/DDoS,0.0,0.0,1.0,0.0,0.0
2219,DoS/DDoS,DoS/DDoS,0.0,0.0,1.0,0.0,0.0
2220,DoS/DDoS,DoS/DDoS,0.0,0.0,1.0,0.0,0.0
2221,Normal,Normal,0.0,0.0,0.0,1.0,0.0
2222,Normal,Normal,0.0,0.0,0.0,1.0,0.0
2223,Bot,Bot,0.9998197911964907,0.0,0.0,0.00018020880350936918,0.0
2224,Normal,Normal,0.0,0.00044095184887354847,0.004658352153185195,0.9949006959979411,0.0
2225,DoS/DDoS,DoS/DDoS,0.0,0.0,1.0,0.0,0.0
2226,DoS/DDoS,DoS/DDoS,0.0,0.0,1.0,0.0,0.0
2227,DoS/DDoS,DoS/DDoS,0.0,0.0,1.0,0.0,0.0
2228,Brute Force,Web Attack,0.0,0.29328619408466383,2.119664097954856e-06,0.0006531719144594639,0.7060585143367785
2229,DoS/DDoS,DoS/DDoS,0.0,0.0,1.0,0.0,0.0
2230,DoS/DDoS,DoS/DDoS,0.0,0.0,1.0,0.0,0.0
2231,DoS/DDoS,DoS/DDoS,0.0,0.0,1.0,0.0,0.0
2232,DoS/DDoS,DoS/DDoS,0.0,0.0,1.0,0.0,0.0
2233,Normal,Normal,0.0,0.0,0.0,1.0,0.0
2234,DoS/DDoS,DoS/DDoS,0.0,0.0,1.0,0.0,0.0
2235,Normal,Normal,0.0,0.0,0.0401514002557333,0.9598485997442667,0.0
2236,Normal,Normal,0.0,0.0,0.0282678274562104,0.9619007929542518,0.00983137958953779
2237,Brute Force,Brute Force,0.0,1.0,0.0,0.0,0.0
2238,Normal,Normal,0.0,0.012394100589829047,0.0,0.9744732107733836,0.013132688636787525
2239,Normal,Normal,0.0,0.0,0.0,1.0,0.0
2240,DoS/DDoS,DoS/DDoS,0.0,0.0,1.0,0.0,0.0
2241,Normal,Normal,0.0,0.0,0.0,1.0,0.0
2242,Normal,Normal,0.0,0.0,0.0,1.0,0.0
2243,Normal,Normal,0.0,0.0030036762233408266,0.02490184851463356,0.96904925620464,0.003045219057385608
2244,Normal,Normal,0.0,0.0,0.0,1.0,0.0
2245,Brute Force,Brute Force,0.0,1.0,0.0,0.0,0.0
2246,Normal,Normal,0.0,0.0,0.0,1.0,0.0
2247,Normal,Normal,0.0,0.0,0.014992508027113806,0.9756083388039904,0.009399153168895759
2248,Brute Force,Brute Force,0.0,1.0,0.0,0.0,0.0
2249,DoS/DDoS,DoS/DDoS,0.0,0.0,1.0,0.0,0.0
2250,Brute Force,Brute Force,0.0,1.0,0.0,0.0,0.0
2251,DoS/DDoS,DoS/DDoS,0.0,0.0,1.0,0.0,0.0
2252,Normal,Normal,0.0,0.0,0.0,1.0,0.0
2253,Normal,Normal,0.0,0.0,0.0,1.0,0.0
2254,DoS/DDoS,DoS/DDoS,0.0,0.0,1.0,0.0,0.0
2255,Web Attack,Web Attack,0.0,0.14087642436341144,2.119664097954856e-06,0.0006797050253344196,0.8584417509471559
2256,Normal,Normal,0.0,0.0,0.01335810162991371,0.9866418983700862,0.0
2257,DoS/DDoS,DoS/DDoS,0.0,0.0,1.0,0.0,0.0
2258,Normal,Normal,0.0,0.0,0.0,1.0,0.0
2259,Brute Force,Brute Force,0.0,1.0,0.0,0.0,0.0
2260,DoS/DDoS,DoS/DDoS,0.0,0.0,1.0,0.0,0.0
2261,Normal,Normal,0.28168565898084563,0.0,1.185981413265176e-05,0.7183024812050217,0.0
2262,Normal,Normal,0.0,0.0,0.0,1.0,0.0
2263,DoS/DDoS,DoS/DDoS,0.0,0.0,1.0,0.0,0.0
2264,DoS/DDoS,DoS/DDoS,0.0,0.0,1.0,0.0,0.0
2265,Bot,Bot,0.956570316843236,0.0,2.9956241548768396e-05,0.04339972691521535,0.0
2266,Brute Force,Brute Force,0.0,1.0,0.0,0.0,0.0
2267,DoS/DDoS,DoS/DDoS,0.0,0.0,1.0,0.0,0.0
2268,Brute Force,Brute Force,0.0,1.0,0.0,0.0,0.0
2269,Brute Force,Brute Force,0.0,1.0,0.0,0.0,0.0
2270,DoS/DDoS,DoS/DDoS,0.0,0.0,1.0,0.0,0.0
2271,DoS/DDoS,DoS/DDoS,0.0,0.0,0.9939928098607623,0.006007190139237617,0.0
2272,Normal,Normal,0.0,0.010927100962366612,0.0,0.9834436374819401,0.005629261555693226
2273,Normal,Normal,0.0,0.0,0.0,1.0,0.0
2274,Brute Force,Brute Force,0.0,1.0,0.0,0.0,0.0
2275,DoS/DDoS,DoS/DDoS,0.0,0.0,1.0,0.0,0.0
2276,Web Attack,Web Attack,0.0,0.1594926562177089,2.119664097954856e-06,0.002735190841904259,0.8377700332762883
2277,DoS/DDoS,DoS/DDoS,0.0,0.0,1.0,0.0,0.0
2278,DoS/DDoS,DoS/DDoS,0.0,0.0,1.0,0.0,0.0
2279,Normal,Normal,0.0,0.0,0.0,1.0,0.0
2280,Bot,Bot,0.9770531622910635,0.0,4.362009610206515e-05,0.02290321761283449,0.0
2281,DoS/DDoS,DoS/DDoS,0.0,0.0,1.0,0.0,0.0
2282,Brute Force,Brute Force,0.0,1.0,0.0,0.0,0.0
2283,DoS/DDoS,DoS/DDoS,0.0,0.0,1.0,0.0,0.0
2284,Brute Force,Web Attack,0.0,0.27110502711784557,2.9597595240715013e-05,0.0008606967490497391,0.7280046785378641
2285,DoS/DDoS,DoS/DDoS,0.0,0.0,1.0,0.0,0.0
2286,DoS/DDoS,DoS/DDoS,0.0,0.0012664794550270107,0.9937070276575132,0.005026492887459714,0.0
2287,DoS/DDoS,DoS/DDoS,0.0,0.0,1.0,0.0,0.0
2288,DoS/DDoS,DoS/DDoS,0.0,0.0,1.0,0.0,0.0
2289,Bot,Bot,1.0,0.0,0.0,0.0,0.0
2290,Normal,Normal,0.07636364515627184,0.0,0.00022955373686064148,0.9234068011068675,0.0
2291,Brute Force,Web Attack,0.0,0.2418628117959453,2.119664097954856e-06,0.0006516183526529315,0.7574834501873036
2292,Normal,Normal,0.0,0.0,0.0,1.0,0.0
2293,Normal,Normal,0.0,0.0,0.0,1.0,0.0
2294,Brute Force,Brute Force,0.0,1.0,0.0,0.0,0.0
2295,DoS/DDoS,DoS/DDoS,0.0,0.0,1.0,0.0,0.0
2296,Normal,Normal,0.0,0.0,0.0,1.0,0.0
2297,Normal,Normal,0.0,0.0,0.0,1.0,0.0
2298,DoS/DDoS,DoS/DDoS,0.0,0.0,1.0,0.0,0.0
2299,DoS/DDoS,DoS/DDoS,0.0,0.0,1.0,0.0,0.0
2300,Normal,Normal,0.002849891251961943,0.006946333020754807,0.0014331341277874269,0.9887706415994958,0.0
2301,Brute Force,Brute Force,0.0,1.0,0.0,0.0,0.0
2302,Brute Force,Brute Force,0.0,1.0,0.0,0.0,0.0
2303,DoS/DDoS,DoS/DDoS,0.0,0.0,1.0,0.0,0.0
2304,Normal,Normal,0.0,0.0,0.0,1.0,0.0
2305,Brute Force,Brute Force,0.0,1.0,0.0,0.0,0.0
2306,DoS/DDoS,DoS/DDoS,0.0,0.0,1.0,0.0,0.0
2307,DoS/DDoS,DoS/DDoS,0.0,0.0,0.9999807544456359,1.9245554364025933e-05,0.0
2308,Brute Force,Brute Force,0.0,1.0,0.0,0.0,0.0
2309,Normal,Normal,0.0,0.0,0.0,1.0,0.0
2310,DoS/DDoS,DoS/DDoS,0.0,0.0,1.0,0.0,0.0
2311,Normal,Normal,0.0,0.011110948474571282,0.026105858028945557,0.9440262961160143,0.018756897380468818
2312,Normal,Normal,0.0,0.0,0.0,1.0,0.0
2313,DoS/DDoS,DoS/DDoS,0.0,0.0,1.0,0.0,0.0
2314,DoS/DDoS,DoS/DDoS,0.0,0.0,1.0,0.0,0.0
2315,Normal,Normal,0.0,0.0,0.0,1.0,0.0
2316,DoS/DDoS,DoS/DDoS,0.0,0.0,1.0,0.0,0.0
2317,Normal,Normal,0.0,0.0,0.0,1.0,0.0
2318,DoS/DDoS,DoS/DDoS,0.0,0.0,0.9999807544456359,1.9245554364025933e-05,0.0
2319,DoS/DDoS,DoS/DDoS,0.0,0.0,1.0,0.0,0.0
2320,Normal,Normal,0.0,0.03258112393766292,0.015615348973637557,0.9025458093399742,0.049257717748725366
2321,Normal,Normal,0.0,0.0,0.0,1.0,0.0
2322,DoS/DDoS,DoS/DDoS,0.0,0.0,1.0,0.0,0.0
2323,Normal,Normal,0.0,0.0,0.0,1.0,0.0
2324,Brute Force,Brute Force,0.0,0.6332614791590134,1.6281103216542896e-05,0.001862734331014232,0.3648595054067558
2325,DoS/DDoS,DoS/DDoS,0.0,0.0037942882177759763,0.9842597536280034,0.011945958154220362,0.0
2326,DoS/DDoS,DoS/DDoS,0.0,0.0,1.0,0.0,0.0
2327,Normal,Normal,0.0,0.0,0.0,1.0,0.0
2328,Brute Force,Brute Force,0.0,1.0,0.0,0.0,0.0
2329,Brute Force,Brute Force,0.0,1.0,0.0,0.0,0.0
2330,Normal,Normal,0.0,0.0,0.0,1.0,0.0
2331,Normal,Normal,0.0,0.0,0.0,1.0,0.0
2332,DoS/DDoS,DoS/DDoS,0.0,0.0,1.0,0.0,0.0
2333,Normal,Normal,0.0,0.0,0.0,1.0,0.0
2334,DoS/DDoS,DoS/DDoS,0.0,0.0,0.9998779831753416,0.00012201682465843791,0.0
2335,Brute Force,Brute Force,0.0,1.0,0.0,0.0,0.0
2336,Normal,Normal,0.0,0.0,0.0,1.0,0.0
2337,DoS/DDoS,DoS/DDoS,0.0,0.0,1.0,0.0,0.0
2338,DoS/DDoS,DoS/DDoS,0.0,0.0,1.0,0.0,0.0
2339,DoS/DDoS,DoS/DDoS,0.0,0.0,1.0,0.0,0.0
2340,DoS/DDoS,DoS/DDoS,0.0,0.0,1.0,0.0,0.0
2341,DoS/DDoS,DoS/DDoS,0.0,0.0,1.0,0.0,0.0
2342,Brute Force,Brute Force,0.0,1.0,0.0,0.0,0.0
2343,Normal,Normal,0.0,0.0,0.0,1.0,0.0
2344,DoS/DDoS,DoS/DDoS,0.0,0.0,1.0,0.0,0.0
2345,DoS/DDoS,DoS/DDoS,0.0,0.0,1.0,0.0,0.0
2346,Normal,Normal,0.0,0.0,0.0,1.0,0.0
2347,DoS/DDoS,DoS/DDoS,0.0,0.0,1.0,0.0,0.0
2348,Normal,Normal,0.0,0.0,0.0,1.0,0.0
2349,DoS/DDoS,DoS/DDoS,0.0,0.0,0.9999515620674263,4.843793257365714e-05,0.0
2350,DoS/DDoS,DoS/DDoS,0.0,0.0,1.0,0.0,0.0
2351,Normal,Normal,0.0,0.0851691627080321,0.025234552934217423,0.8505482681170632,0.03904801624068723
2352,Brute Force,Brute Force,0.0,1.0,0.0,0.0,0.0
2353,DoS/DDoS,DoS/DDoS,0.0,0.0,1.0,0.0,0.0
2354,Brute Force,Web Attack,0.0,0.2266080965073067,2.119664097954856e-06,0.005710502317443572,0.7676792815111516
2355,Normal,Normal,0.0,0.0,0.0,1.0,0.0
2356,DoS/DDoS,DoS/DDoS,0.0,0.0,0.9960008630609898,0.003999136939010357,0.0
2357,Brute Force,Brute Force,0.0,1.0,0.0,0.0,0.0
2358,Bot,Bot,0.9889512959535237,0.0,0.0,0.011048704046476178,0.0
2359,Brute Force,Brute Force,0.0,1.0,0.0,0.0,0.0
2360,DoS/DDoS,DoS/DDoS,0.0,0.0,1.0,0.0,0.0
2361,Brute Force,Brute Force,0.0,1.0,0.0,0.0,0.0
2362,Normal,Normal,0.0,0.0,0.0,1.0,0.0
2363,Brute Force,Brute Force,0.0,1.0,0.0,0.0,0.0
2364,Brute Force,Brute Force,0.0,1.0,0.0,0.0,0.0
2365,Normal,Normal,0.0,0.0,0.0,1.0,0.0
2366,Normal,Normal,0.0,0.0,0.0,1.0,0.0
2367,Brute Force,Brute Force,0.0,1.0,0.0,0.0,0.0
2368,DoS/DDoS,DoS/DDoS,0.0,0.0,1.0,0.0,0.0
2369,DoS/DDoS,DoS/DDoS,0.0,0.0,1.0,0.0,0.0
2370,Brute Force,Brute Force,0.0,1.0,0.0,0.0,0.0
2371,DoS/DDoS,DoS/DDoS,0.0,0.0,1.0,0.0,0.0
2372,Normal,Normal,0.008395303326810176,0.0,0.1865560383440452,0.8050486583291446,0.0
2373,Brute Force,Brute Force,0.0,1.0,0.0,0.0,0.0
2374,Normal,Normal,0.0,0.02545995854296898,0.0,0.965796478328013,0.008743563129017968
2375,DoS/DDoS,DoS/DDoS,0.0,0.0,0.98,0.02,0.0
2376,DoS/DDoS,DoS/DDoS,0.0,0.0,1.0,0.0,0.0
2377,DoS/DDoS,DoS/DDoS,0.0,0.0,1.0,0.0,0.0
2378,Brute Force,Brute Force,0.0,1.0,0.0,0.0,0.0
2379,Normal,Normal,0.0,0.0,0.0,1.0,0.0
2380,Normal,Normal,0.06203647538131552,0.0,0.014968447472212263,0.9229950771464722,0.0
2381,Bot,Bot,0.9768592102734039,0.0,4.526272127891693e-05,0.023095527005317383,0.0
2382,Normal,Normal,0.0,0.0,0.0,1.0,0.0
2383,Brute Force,Brute Force,0.0,1.0,0.0,0.0,0.0
2384,Brute Force,Brute Force,0.0,1.0,0.0,0.0,0.0
2385,Brute Force,Brute Force,0.0,1.0,0.0,0.0,0.0
2386,Brute Force,Brute Force,0.0,1.0,0.0,0.0,0.0
2387,Normal,Normal,0.0,0.0,0.0,1.0,0.0
2388,Normal,Normal,0.0,0.0,0.0,1.0,0.0
2389,Normal,Normal,0.0,0.0,0.0,1.0,0.0
2390,Normal,Normal,0.0,0.0,0.0,1.0,0.0
2391,Normal,Normal,0.0,0.02867238168574183,0.01,0.9516301859756043,0.009697432338653713
2392,DoS/DDoS,DoS/DDoS,0.0,0.0,1.0,0.0,0.0
2393,Brute Force,Brute Force,0.0,1.0,0.0,0.0,0.0
2394,Normal,Normal,0.0,0.027624871452073006,0.00830878792196322,0.9640663406259639,0.0
2395,Normal,Normal,0.0,0.020732845875180105,0.0,0.9731076334941097,0.00615952063071035
2396,Normal,Normal,0.0,0.0,0.0,1.0,0.0
2397,DoS/DDoS,DoS/DDoS,0.0,0.0,1.0,0.0,0.0
2398,Normal,Normal,0.0,0.0,0.007487435394760291,0.9925125646052397,0.0
2399,DoS/DDoS,DoS/DDoS,0.0,0.0,0.9999515620674263,4.843793257365714e-05,0.0
2400,Normal,Normal,0.0,0.0,0.0,1.0,0.0
2401,DoS/DDoS,DoS/DDoS,0.0,0.0,1.0,0.0,0.0
2402,Brute Force,Brute Force,0.0,1.0,0.0,0.0,0.0
2403,DoS/DDoS,DoS/DDoS,0.0,0.0,1.0,0.0,0.0
2404,Normal,Normal,0.0,0.0,0.0,1.0,0.0
2405,Normal,Normal,0.0,0.0,0.0,1.0,0.0
2406,DoS/DDoS,DoS/DDoS,0.0,0.0,1.0,0.0,0.0
2407,Brute Force,Brute Force,0.0,1.0,0.0,0.0,0.0
2408,DoS/DDoS,DoS/DDoS,0.0,0.0,1.0,0.0,0.0
2409,DoS/DDoS,DoS/DDoS,0.0,0.0003353286992620004,0.999664671300738,0.0,0.0
2410,DoS/DDoS,DoS/DDoS,0.0,0.0,1.0,0.0,0.0
2411,DoS/DDoS,DoS/DDoS,0.0,0.0,1.0,0.0,0.0
2412,Normal,Normal,0.0,0.0,0.0,1.0,0.0
2413,Brute Force,Brute Force,0.0,0.9820185007266883,0.0,0.01798149927331166,0.0
2414,DoS/DDoS,DoS/DDoS,0.0,0.0,1.0,0.0,0.0
2415,Normal,Normal,0.0,0.0,0.0,1.0,0.0
2416,DoS/DDoS,DoS/DDoS,0.0,0.0,1.0,0.0,0.0
2417,Normal,Normal,0.0,0.0,0.0,1.0,0.0
2418,Normal,Normal,0.0,0.002273017308919384,0.0024821859094562014,0.9952447967816244,0.0
2419,Normal,Normal,0.0,0.0,0.05669445461377727,0.9334842479566021,0.009821297429620563
2420,Normal,Normal,0.0,0.0,0.004015561762526364,0.9959844382374736,0.0
2421,Normal,Normal,0.0,0.0,0.0033256919072521905,0.9966743080927478,0.0
2422,Normal,Bot,0.8403180732436898,0.0,9.837608005517552e-05,0.15958355067625496,0.0
2423,Bot,Bot,0.9998048579588008,0.0,0.0,0.00019514204119913423,0.0
2424,DoS/DDoS,DoS/DDoS,0.0,0.0,1.0,0.0,0.0
2425,Normal,Normal,0.0,0.0,0.0,1.0,0.0
2426,DoS/DDoS,DoS/DDoS,0.0,0.0,1.0,0.0,0.0
2427,Normal,Normal,0.0,0.0,0.0,1.0,0.0
2428,DoS/DDoS,DoS/DDoS,0.0,0.0,1.0,0.0,0.0
2429,Brute Force,Brute Force,0.0,0.7196002044513695,1.6281103216542896e-05,0.0012895884937422328,0.27909392595167193
2430,Normal,Normal,0.0,0.042257201944819425,0.0001817471583652269,0.9416386914703121,0.015922359426503198
2431,Brute Force,Brute Force,0.0,0.7844624986293064,1.6281103216542896e-05,0.000989274467097729,0.21453194580037935
2432,DoS/DDoS,DoS/DDoS,0.0,0.0,1.0,0.0,0.0
2433,DoS/DDoS,DoS/DDoS,0.0,0.0,0.9999515620674263,4.843793257365714e-05,0.0
2434,Bot,Bot,1.0,0.0,0.0,0.0,0.0
2435,DoS/DDoS,DoS/DDoS,0.0,0.0,1.0,0.0,0.0
2436,Brute Force,Brute Force,0.0,0.7755189766685515,1.6281103216542896e-05,0.0036346226340418977,0.2208301195941902
2437,Normal,Normal,0.0,0.0,0.0,1.0,0.0
2438,Normal,Normal,0.0,0.0,0.0,1.0,0.0
2439,Normal,Normal,0.0,0.0,0.0,1.0,0.0
2440,DoS/DDoS,DoS/DDoS,0.0,0.0,1.0,0.0,0.0
2441,Normal,Normal,0.0,0.0,0.0,1.0,0.0
2442,Normal,Normal,0.0,0.0,0.0,1.0,0.0
2443,Normal,Normal,0.0,0.00017307140283731712,0.20389238022717052,0.7840219386120703,0.011912609757921886
2444,Normal,Normal,0.0,0.00849560231006265,0.0,0.9915043976899374,0.0
2445,DoS/DDoS,DoS/DDoS,0.0,0.0,1.0,0.0,0.0
2446,DoS/DDoS,DoS/DDoS,0.0,0.0,1.0,0.0,0.0
2447,DoS/DDoS,DoS/DDoS,0.0,0.0,1.0,0.0,0.0
2448,Normal,Normal,0.0,0.0,0.0,1.0,0.0
2449,Normal,Normal,0.008383814054314445,0.006572802839264032,0.0,0.9850433831064216,0.0
2450,Brute Force,Brute Force,0.0,1.0,0.0,0.0,0.0
2451,Normal,Normal,0.0,0.0,0.0,1.0,0.0
2452,Brute Force,Brute Force,0.0,1.0,0.0,0.0,0.0
2453,Brute Force,Brute Force,0.0,1.0,0.0,0.0,0.0
2454,Normal,Normal,0.0,0.0,0.0,1.0,0.0
2455,Normal,Bot,0.8133814415256673,0.0,0.00010678817729531723,0.18651177029703686,0.0
2456,Brute Force,Brute Force,0.0,1.0,0.0,0.0,0.0
2457,DoS/DDoS,DoS/DDoS,0.0,0.0,0.9959514378458766,0.004048562154123351,0.0
2458,DoS/DDoS,DoS/DDoS,0.0,0.0,1.0,0.0,0.0
2459,DoS/DDoS,DoS/DDoS,0.0,0.0,0.9999515620674263,4.843793257365714e-05,0.0
2460,DoS/DDoS,DoS/DDoS,0.0,0.0,1.0,0.0,0.0
2461,DoS/DDoS,DoS/DDoS,0.0,0.0,1.0,0.0,0.0
2462,Normal,Normal,0.0,0.0,0.0,1.0,0.0
2463,Brute Force,Brute Force,0.0,1.0,0.0,0.0,0.0
2464,Normal,Normal,0.03,0.0,0.0032937249982247256,0.9667062750017753,0.0
2465,Normal,Normal,0.0,0.0,0.0,1.0,0.0
2466,Normal,Normal,0.0,0.0,0.0,1.0,0.0
2467,DoS/DDoS,DoS/DDoS,0.0,0.0,1.0,0.0,0.0
2468,Normal,Normal,0.0,0.0,0.0,1.0,0.0
2469,Brute Force,Brute Force,0.0,1.0,0.0,0.0,0.0
2470,DoS/DDoS,DoS/DDoS,0.0,0.0,1.0,0.0,0.0
2471,Normal,Normal,0.0,0.0,0.02,0.98,0.0
2472,DoS/DDoS,DoS/DDoS,0.0,0.0,1.0,0.0,0.0
2473,Brute Force,Brute Force,0.0,1.0,0.0,0.0,0.0
2474,DoS/DDoS,DoS/DDoS,0.0,0.0,1.0,0.0,0.0
2475,Normal,Normal,0.0,0.03805537119167992,0.0,0.9569467534312684,0.004997875377051775
2476,Brute Force,Web Attack,0.0,0.25612677608629963,1.278549656947793e-05,0.000984221973602155,0.7428762164435291
2477,Normal,Normal,0.0,0.0,0.0,1.0,0.0
2478,DoS/DDoS,DoS/DDoS,0.0,0.0,0.9991599881493601,0.0008400118506398297,0.0
2479,Brute Force,Brute Force,0.0,1.0,0.0,0.0,0.0
2480,Brute Force,Brute Force,0.0,1.0,0.0,0.0,0.0
2481,Normal,Normal,0.0,0.0,0.0,1.0,0.0
2482,Normal,Normal,0.0,0.0,0.0,1.0,0.0
2483,Normal,Normal,0.235182829043606,0.0,1.185981413265176e-05,0.7648053111422616,0.0
2484,Normal,Normal,0.0,0.0,0.0,1.0,0.0
2485,Brute Force,Brute Force,0.0,0.8958937473659667,0.0,0.02631558888090054,0.0777906637531325
2486,Normal,Normal,0.0,0.00790603231901633,0.009691392871069585,0.9633285002684747,0.019074074541439386
2487,DoS/DDoS,DoS/DDoS,0.0,0.0,1.0,0.0,0.0
2488,Normal,Normal,0.0,0.0,0.0,1.0,0.0
2489,DoS/DDoS,DoS/DDoS,0.0,0.0,1.0,0.0,0.0
2490,Normal,Normal,0.0,0.0,0.0,1.0,0.0
2491,DoS/DDoS,DoS/DDoS,0.0,0.0,1.0,0.0,0.0
2492,Brute Force,Brute Force,0.0,1.0,0.0,0.0,0.0
2493,Brute Force,Brute Force,0.0,1.0,0.0,0.0,0.0
2494,Normal,Normal,0.0,0.0,0.0,1.0,0.0
2495,Normal,Normal,0.0,0.0,0.0,1.0,0.0
2496,Brute Force,Brute Force,0.0,1.0,0.0,0.0,0.0
2497,Bot,Bot,1.0,0.0,0.0,0.0,0.0
2498,DoS/DDoS,DoS/DDoS,0.0,0.0,1.0,0.0,0.0
2499,DoS/DDoS,DoS/DDoS,0.0,0.0,1.0,0.0,0.0
2500,Normal,Normal,0.0,0.0,0.0,1.0,0.0
2501,Normal,Normal,0.0,0.0,0.0,1.0,0.0
2502,DoS/DDoS,DoS/DDoS,0.0,0.0,1.0,0.0,0.0
2503,Normal,Normal,0.0,0.0,0.0,1.0,0.0
2504,Brute Force,Brute Force,0.0,1.0,0.0,0.0,0.0
2505,DoS/DDoS,DoS/DDoS,0.0,0.0,1.0,0.0,0.0
2506,Normal,Normal,0.0,0.0,0.0,1.0,0.0
2507,Normal,Normal,0.0,0.0,0.0,1.0,0.0
2508,DoS/DDoS,DoS/DDoS,0.0,0.0,1.0,0.0,0.0
2509,Normal,Normal,0.0,0.018286132845972324,0.00023225881623663167,0.9686354837198445,0.012846124617946576
2510,DoS/DDoS,DoS/DDoS,0.0,0.0,1.0,0.0,0.0
2511,Brute Force,Brute Force,0.0,1.0,0.0,0.0,0.0
2512,Brute Force,Brute Force,0.0,1.0,0.0,0.0,0.0
2513,Normal,Normal,0.0,0.0,0.0,1.0,0.0
2514,DoS/DDoS,DoS/DDoS,0.0,0.0,1.0,0.0,0.0
2515,Normal,Normal,0.0,0.0,0.0,1.0,0.0
2516,DoS/DDoS,DoS/DDoS,0.0,0.0,1.0,0.0,0.0
2517,Bot,Bot,0.9373982868946699,0.0,0.00010843080247216901,0.0624932823028578,0.0
2518,Normal,Normal,0.0,0.0,0.0,1.0,0.0
2519,Brute Force,Brute Force,0.0,1.0,0.0,0.0,0.0
2520,Brute Force,Brute Force,0.0,1.0,0.0,0.0,0.0
2521,Normal,Normal,0.0,0.0,0.0,1.0,0.0
2522,DoS/DDoS,DoS/DDoS,0.0,0.0,1.0,0.0,0.0
2523,DoS/DDoS,DoS/DDoS,0.0,0.0,1.0,0.0,0.0
2524,DoS/DDoS,DoS/DDoS,0.0,0.0,1.0,0.0,0.0
2525,Brute Force,Brute Force,0.0,1.0,0.0,0.0,0.0
2526,DoS/DDoS,DoS/DDoS,0.0,0.0,0.9998355146565323,0.00016448534346767324,0.0
2527,DoS/DDoS,DoS/DDoS,0.0,0.0,1.0,0.0,0.0
2528,DoS/DDoS,DoS/DDoS,0.0,0.0,1.0,0.0,0.0
2529,Normal,Normal,0.0,0.0,0.0,1.0,0.0
2530,DoS/DDoS,DoS/DDoS,0.0,0.0,1.0,0.0,0.0
2531,DoS/DDoS,DoS/DDoS,0.0,0.0,1.0,0.0,0.0
2532,Brute Force,Brute Force,0.0,1.0,0.0,0.0,0.0
2533,DoS/DDoS,DoS/DDoS,0.0,0.0,1.0,0.0,0.0
2534,DoS/DDoS,DoS/DDoS,0.0,0.0,1.0,0.0,0.0
2535,DoS/DDoS,DoS/DDoS,0.0,0.0,1.0,0.0,0.0
2536,DoS/DDoS,DoS/DDoS,0.0,0.0,1.0,0.0,0.0
2537,DoS/DDoS,DoS/DDoS,0.0,0.0,1.0,0.0,0.0
2538,Normal,Normal,0.0,0.0,0.0,1.0,0.0
2539,Normal,Normal,0.0,0.0,0.0,1.0,0.0
2540,Normal,Normal,0.0,0.0,0.0,1.0,0.0
2541,DoS/DDoS,DoS/DDoS,0.0,0.0,1.0,0.0,0.0
2542,Brute Force,Web Attack,0.0,0.09101542313130974,2.119664097954856e-06,0.0006797050253344196,0.9083027521792577
2543,DoS/DDoS,DoS/DDoS,0.0,0.0,1.0,0.0,0.0
2544,Brute Force,Brute Force,0.0,1.0,0.0,0.0,0.0
2545,Normal,Normal,0.0,0.007685571223727467,0.0,0.9866851672205794,0.005629261555693226
2546,Normal,Normal,0.0,0.0,0.0,1.0,0.0
2547,DoS/DDoS,DoS/DDoS,0.0,0.0037942882177759763,0.9842597536280034,0.011945958154220362,0.0
2548,DoS/DDoS,DoS/DDoS,0.0,0.0,0.9999515620674263,4.843793257365714e-05,0.0
2549,Brute Force,Brute Force,0.0,1.0,0.0,0.0,0.0
2550,Brute Force,Brute Force,0.0,1.0,0.0,0.0,0.0
2551,Normal,Normal,0.0,0.01007864832031865,0.0,0.9842920901239881,0.005629261555693226
2552,Brute Force,Brute Force,0.0,1.0,0.0,0.0,0.0
2553,DoS/DDoS,DoS/DDoS,0.0,0.0,1.0,0.0,0.0
2554,DoS/DDoS,DoS/DDoS,0.0,0.0,1.0,0.0,0.0
2555,DoS/DDoS,DoS/DDoS,0.0,0.0,1.0,0.0,0.0
2556,Normal,Normal,0.0,0.0,0.0,1.0,0.0
2557,Normal,Normal,0.0,0.0,0.025114996710859327,0.9748850032891407,0.0
2558,Brute Force,Brute Force,0.0,1.0,0.0,0.0,0.0
2559,DoS/DDoS,DoS/DDoS,0.0,0.0,1.0,0.0,0.0
2560,Normal,Normal,0.08536629216347487,0.005527351161350883,0.00022955373686064148,0.9088768029383135,0.0
2561,Normal,Normal,0.0,0.0,0.004998036625852282,0.9950019633741476,0.0
2562,Brute Force,Brute Force,0.0,1.0,0.0,0.0,0.0
2563,Brute Force,Brute Force,0.0,1.0,0.0,0.0,0.0
2564,Normal,Normal,0.002849891251961943,0.0,0.00022955373686064148,0.9969205550111775,0.0
2565,DoS/DDoS,DoS/DDoS,0.0,0.0,1.0,0.0,0.0
2566,Brute Force,Brute Force,0.0,1.0,0.0,0.0,0.0
2567,Normal,Normal,0.0,0.0,0.0,1.0,0.0
2568,DoS/DDoS,DoS/DDoS,0.0,0.0,1.0,0.0,0.0
2569,Brute Force,Brute Force,0.0,1.0,0.0,0.0,0.0
2570,DoS/DDoS,DoS/DDoS,0.0,0.0,1.0,0.0,0.0
2571,Brute Force,Brute Force,0.0,1.0,0.0,0.0,0.0
2572,DoS/DDoS,DoS/DDoS,0.0,0.0,1.0,0.0,0.0
2573,Normal,Normal,0.0,0.0,0.0,1.0,0.0
2574,Brute Force,Brute Force,0.0,1.0,0.0,0.0,0.0
2575,Brute Force,Brute Force,0.0,1.0,0.0,0.0,0.0
2576,Brute Force,Brute Force,0.0,1.0,0.0,0.0,0.0
2577,Brute Force,Brute Force,0.0,0.9712516790372403,0.0,0.02874832096275974,0.0
2578,Normal,Normal,0.31646631971135636,0.0,1.185981413265176e-05,0.6835218204745113,0.0
2579,Normal,Normal,0.0,0.0,0.0,1.0,0.0
2580,Normal,Normal,0.0,0.0,0.0,1.0,0.0
2581,Brute Force,Brute Force,0.0,1.0,0.0,0.0,0.0
2582,Normal,Normal,0.0,0.0,0.0,1.0,0.0
2583,Normal,Normal,0.0,0.0,0.0,1.0,0.0
2584,DoS/DDoS,DoS/DDoS,0.0,0.0,1.0,0.0,0.0
2585,Brute Force,Brute Force,0.0,1.0,0.0,0.0,0.0
2586,Brute Force,Brute Force,0.0,1.0,0.0,0.0,0.0
2587,DoS/DDoS,DoS/DDoS,0.0,0.0,1.0,0.0,0.0
2588,Normal,Normal,0.0,0.0,0.0,1.0,0.0
2589,Normal,Normal,0.0,0.0,0.0,1.0,0.0
2590,DoS/DDoS,DoS/DDoS,0.0,0.0,1.0,0.0,0.0
2591,Brute Force,Brute Force,0.0,1.0,0.0,0.0,0.0
2592,Normal,Normal,0.0,0.0,0.0,1.0,0.0
2593,Normal,Normal,0.0,0.0,0.0,1.0,0.0
2594,DoS/DDoS,DoS/DDoS,0.0,0.0,1.0,0.0,0.0
2595,DoS/DDoS,DoS/DDoS,0.0,0.0,1.0,0.0,0.0
2596,Brute Force,Brute Force,0.0,1.0,0.0,0.0,0.0
2597,DoS/DDoS,DoS/DDoS,0.0,0.0,1.0,0.0,0.0
2598,Web Attack,Web Attack,0.0,0.17617914846561142,2.119664097954856e-06,0.0006244145650717785,0.8231943173052185
2599,Normal,Normal,0.0,0.026213180164570006,0.0001817471583652269,0.9602667557488691,0.013338316928195582
2600,Brute Force,Brute Force,0.0,0.8863353890001828,0.0,0.03124012792868196,0.08242448307113494
2601,DoS/DDoS,DoS/DDoS,0.0,0.0,1.0,0.0,0.0
2602,DoS/DDoS,DoS/DDoS,0.0,0.0,1.0,0.0,0.0
2603,DoS/DDoS,DoS/DDoS,0.0,0.0,1.0,0.0,0.0
2604,Brute Force,Brute Force,0.0,1.0,0.0,0.0,0.0
2605,DoS/DDoS,DoS/DDoS,0.0,0.0,1.0,0.0,0.0
2606,DoS/DDoS,DoS/DDoS,0.0,0.0,1.0,0.0,0.0
2607,DoS/DDoS,DoS/DDoS,0.0,0.0,1.0,0.0,0.0
2608,DoS/DDoS,DoS/DDoS,0.0,0.0,1.0,0.0,0.0
2609,DoS/DDoS,DoS/DDoS,0.0,0.0,1.0,0.0,0.0
2610,Normal,Normal,0.0,0.04363927945994484,0.0,0.9436755649470746,0.012685155592980574
2611,DoS/DDoS,DoS/DDoS,0.0,0.0,1.0,0.0,0.0
2612,Normal,Normal,0.0,0.0,0.0,1.0,0.0
2613,Brute Force,Brute Force,0.0,1.0,0.0,0.0,0.0
2614,DoS/DDoS,DoS/DDoS,0.0,0.0,1.0,0.0,0.0
2615,Normal,Normal,0.0,0.0,0.0,1.0,0.0
2616,DoS/DDoS,DoS/DDoS,0.0,0.0,1.0,0.0,0.0
2617,Normal,Normal,0.0,0.007354900432286868,0.0,0.9926450995677132,0.0
2618,Normal,Normal,0.0,0.0,0.0,1.0,0.0
2619,Brute Force,Brute Force,0.0,1.0,0.0,0.0,0.0
2620,Normal,Normal,0.0,0.004453628923087255,0.00022678101422729174,0.9856977215927083,0.009621868469977068
2621,DoS/DDoS,DoS/DDoS,0.0,0.0,1.0,0.0,0.0
2622,Normal,Normal,0.0,0.0,0.0,1.0,0.0
2623,Normal,Normal,0.0,0.004896921576821285,0.0,0.9951030784231787,0.0
2624,Normal,Normal,0.0,0.0,0.021701589752060622,0.9782984102479394,0.0
2625,Brute Force,Brute Force,0.0,1.0,0.0,0.0,0.0
2626,Normal,Normal,0.0,0.005316001222244857,0.18360347454036088,0.8110805242373942,0.0
2627,Normal,Normal,0.002849891251961943,0.005527351161350883,0.00022955373686064148,0.9913932038498265,0.0
2628,DoS/DDoS,DoS/DDoS,0.0,0.0,1.0,0.0,0.0
2629,DoS/DDoS,DoS/DDoS,0.0,0.0,0.9999515620674263,4.843793257365714e-05,0.0
2630,Brute Force,Brute Force,0.0,1.0,0.0,0.0,0.0
2631,DoS/DDoS,DoS/DDoS,0.0,0.0,1.0,0.0,0.0
2632,Brute Force,Brute Force,0.0,1.0,0.0,0.0,0.0
2633,Brute Force,Brute Force,0.0,1.0,0.0,0.0,0.0
2634,DoS/DDoS,DoS/DDoS,0.0,0.0,1.0,0.0,0.0
2635,DoS/DDoS,DoS/DDoS,0.0,0.0,0.9999515620674263,4.843793257365714e-05,0.0
2636,Normal,Normal,0.019113181729328205,0.0,0.0008868182706717925,0.98,0.0
2637,Brute Force,Brute Force,0.0,0.6035972796177851,0.0033563439707798874,0.031022771613586745,0.3620236047978482
2638,Normal,Normal,0.0,0.0,0.004923032760414798,0.9850769672395852,0.01
2639,Normal,Normal,0.0,0.0,0.0,1.0,0.0
2640,Normal,Normal,0.0,0.0,0.4287350201701582,0.5712649798298418,0.0
2641,DoS/DDoS,DoS/DDoS,0.0,0.0,1.0,0.0,0.0
2642,Normal,Normal,0.03285505662059224,0.0,4.251955893558861e-05,0.9671024238204722,0.0
2643,Normal,Normal,0.0,0.0,0.0,1.0,0.0
2644,Bot,Bot,1.0,0.0,0.0,0.0,0.0
2645,Normal,Normal,0.0,0.0,0.0,1.0,0.0
2646,DoS/DDoS,DoS/DDoS,0.0,0.0,1.0,0.0,0.0
2647,Normal,Normal,0.0,0.0,0.0,1.0,0.0
2648,DoS/DDoS,DoS/DDoS,0.0,0.0,1.0,0.0,0.0
2649,DoS/DDoS,DoS/DDoS,0.0,0.0,1.0,0.0,0.0
2650,Web Attack,Web Attack,0.0,0.0,0.0,0.01231223029174761,0.9876877697082523
2651,DoS/DDoS,DoS/DDoS,0.0,0.0,1.0,0.0,0.0
2652,Brute Force,Brute Force,0.0,1.0,0.0,0.0,0.0
2653,Normal,Normal,0.0,0.0,0.0060451800809831644,0.9939548199190169,0.0
2654,DoS/DDoS,DoS/DDoS,0.0,0.0,1.0,0.0,0.0
2655,Normal,Bot,0.6378114883693607,0.0,7.247580048435702e-05,0.36211603583015484,0.0
2656,Normal,Normal,0.0,0.0,0.0,1.0,0.0
2657,DoS/DDoS,DoS/DDoS,0.0,0.0,0.9998779831753416,0.00012201682465843791,0.0
2658,Brute Force,Brute Force,0.0,1.0,0.0,0.0,0.0
2659,Normal,Normal,0.0,0.02223084049093306,0.15718230776495906,0.7827782960977413,0.03780855564636667
2660,Brute Force,Brute Force,0.0,1.0,0.0,0.0,0.0
2661,DoS/DDoS,DoS/DDoS,0.0,0.0,1.0,0.0,0.0
2662,Normal,Normal,0.0,0.03958913904593124,5.544403877171457e-05,0.8979131415321423,0.0624422753831547
2663,Normal,Normal,0.0,0.0,0.0,1.0,0.0
2664,DoS/DDoS,DoS/DDoS,0.0,0.0,1.0,0.0,0.0
2665,Normal,Normal,0.0,0.0,0.0,1.0,0.0
2666,DoS/DDoS,DoS/DDoS,0.0,0.0,1.0,0.0,0.0
2667,DoS/DDoS,DoS/DDoS,0.0,0.0,1.0,0.0,0.0
2668,DoS/DDoS,DoS/DDoS,0.0,0.0,1.0,0.0,0.0
2669,Web Attack,Web Attack,0.0,0.22918168581713952,1.278549656947793e-05,0.0017444029681201714,0.7690611257181709
2670,DoS/DDoS,DoS/DDoS,0.0,0.0,1.0,0.0,0.0
2671,Brute Force,Brute Force,0.0,1.0,0.0,0.0,0.0
2672,Normal,Normal,0.0,0.0,0.005796552379298234,0.9942034476207017,0.0
2673,Bot,Bot,0.9998048579588008,0.0,0.0,0.00019514204119913423,0.0
2674,DoS/DDoS,DoS/DDoS,0.0,0.0,1.0,0.0,0.0
2675,Web Attack,Web Attack,0.0,0.05366971307229786,2.119664097954856e-06,0.0006054512489097568,0.9457227160146942
2676,Normal,Normal,0.0,0.0,0.0,1.0,0.0
2677,DoS/DDoS,DoS/DDoS,0.0,0.0,1.0,0.0,0.0
2678,DoS/DDoS,DoS/DDoS,0.0,0.0,1.0,0.0,0.0
2679,Normal,Normal,0.008284128483703355,0.0,0.0,0.9917158715162967,0.0
2680,DoS/DDoS,DoS/DDoS,0.0,0.0,1.0,0.0,0.0
2681,Normal,Normal,0.0,0.0,0.0,1.0,0.0
2682,DoS/DDoS,DoS/DDoS,0.0,0.0,1.0,0.0,0.0
2683,Normal,Normal,0.0,0.0,0.0,1.0,0.0
2684,DoS/DDoS,DoS/DDoS,0.0,0.0,1.0,0.0,0.0
2685,Brute Force,Brute Force,0.0,1.0,0.0,0.0,0.0
2686,DoS/DDoS,DoS/DDoS,0.0,0.0,1.0,0.0,0.0
2687,Brute Force,Brute Force,0.0,1.0,0.0,0.0,0.0
2688,Normal,Normal,0.08560896313645605,0.0,9.829310655844389e-06,0.9143812075528882,0.0
2689,Normal,Normal,0.0,0.0,0.0,1.0,0.0
2690,Brute Force,Brute Force,0.0,1.0,0.0,0.0,0.0
2691,Normal,Normal,0.0,0.0,0.0,1.0,0.0
2692,DoS/DDoS,DoS/DDoS,0.0,0.0013360140266134956,0.9654497797742719,0.024868931542799632,0.008345274656314851
2693,DoS/DDoS,DoS/DDoS,0.0,0.0,1.0,0.0,0.0
2694,Normal,Normal,0.0,0.0,0.0,1.0,0.0
2695,DoS/DDoS,DoS/DDoS,0.0,0.0,1.0,0.0,0.0
2696,DoS/DDoS,DoS/DDoS,0.0,0.0,1.0,0.0,0.0
2697,DoS/DDoS,DoS/DDoS,0.0,0.0,1.0,0.0,0.0
2698,DoS/DDoS,DoS/DDoS,0.0,0.0,1.0,0.0,0.0
2699,Normal,Normal,0.0,0.0,0.0,1.0,0.0
2700,DoS/DDoS,DoS/DDoS,0.0,0.0,1.0,0.0,0.0
2701,Brute Force,Brute Force,0.0,1.0,0.0,0.0,0.0
2702,DoS/DDoS,DoS/DDoS,0.0,0.0,1.0,0.0,0.0
2703,Normal,Normal,0.0,0.0,0.0,1.0,0.0
2704,Normal,Normal,0.0,0.0,0.0,1.0,0.0
2705,Brute Force,Brute Force,0.0,1.0,0.0,0.0,0.0
2706,Brute Force,Brute Force,0.0,1.0,0.0,0.0,0.0
2707,DoS/DDoS,DoS/DDoS,0.0,0.0,1.0,0.0,0.0
2708,DoS/DDoS,DoS/DDoS,0.0,0.0,1.0,0.0,0.0
2709,DoS/DDoS,DoS/DDoS,0.0,0.0,0.9999515620674263,4.843793257365714e-05,0.0
2710,Normal,Normal,0.0,0.0,0.001730525477762608,0.9982694745222375,0.0
2711,Normal,Normal,0.0,0.0,0.0,1.0,0.0
2712,DoS/DDoS,DoS/DDoS,0.0,0.0,0.9999515620674263,4.843793257365714e-05,0.0
2713,DoS/DDoS,DoS/DDoS,0.0,0.0,1.0,0.0,0.0
2714,DoS/DDoS,DoS/DDoS,0.0,0.0,1.0,0.0,0.0
2715,Normal,Normal,0.0,0.0,0.0,1.0,0.0
2716,DoS/DDoS,DoS/DDoS,0.0,0.0,1.0,0.0,0.0
2717,Normal,Normal,0.0,0.0,0.0,1.0,0.0
2718,DoS/DDoS,DoS/DDoS,0.0,0.0,1.0,0.0,0.0
2719,DoS/DDoS,DoS/DDoS,0.0,0.0,0.9795012792134996,0.02049872078650044,0.0
2720,Normal,Normal,0.0,0.0,0.0,1.0,0.0
2721,DoS/DDoS,DoS/DDoS,0.0,0.0,1.0,0.0,0.0
2722,DoS/DDoS,DoS/DDoS,0.0,0.0,1.0,0.0,0.0
2723,Normal,Normal,0.0,0.0,0.0,1.0,0.0
2724,DoS/DDoS,DoS/DDoS,0.0,0.0,1.0,0.0,0.0
2725,DoS/DDoS,DoS/DDoS,0.0,0.0,1.0,0.0,0.0
2726,Normal,Normal,0.0,0.0,0.013338096599028293,0.9866619034009717,0.0
2727,Normal,Normal,0.0,0.0,0.0060451800809831644,0.9939548199190169,0.0
2728,DoS/DDoS,DoS/DDoS,0.0,0.0,1.0,0.0,0.0
2729,DoS/DDoS,DoS/DDoS,0.0,0.0,1.0,0.0,0.0
2730,Normal,Normal,0.0,0.0,0.0,1.0,0.0
2731,DoS/DDoS,DoS/DDoS,0.0,0.0,1.0,0.0,0.0
2732,Brute Force,Brute Force,0.0,0.918989809518106,0.0,0.026845782803016905,0.05416440767887694
2733,Normal,Normal,0.0,0.0,0.0,1.0,0.0
2734,DoS/DDoS,DoS/DDoS,0.0,0.0,1.0,0.0,0.0
2735,Brute Force,Web Attack,0.0,0.3467673444002973,1.278549656947793e-05,0.0008575083253295718,0.6523623617778037
2736,Normal,Normal,0.0,0.0,0.0,1.0,0.0
2737,Brute Force,Brute Force,0.0,0.918989809518106,0.0,0.026845782803016905,0.05416440767887694
2738,Normal,Normal,0.0,0.0,0.0,1.0,0.0
2739,Brute Force,Brute Force,0.0,1.0,0.0,0.0,0.0
2740,Normal,Normal,0.0,0.0,0.0,1.0,0.0
2741,DoS/DDoS,DoS/DDoS,0.0,0.0,0.7117126930552854,0.2882873069447149,0.0
2742,DoS/DDoS,DoS/DDoS,0.0,0.0,1.0,0.0,0.0
2743,Brute Force,Brute Force,0.0,1.0,0.0,0.0,0.0
2744,Normal,Normal,0.00045391557554762117,0.0037024891665995074,0.10133344416115522,0.8945101510966977,0.0
2745,Brute Force,Brute Force,0.0,1.0,0.0,0.0,0.0
2746,DoS/DDoS,DoS/DDoS,0.0,0.0,1.0,0.0,0.0
2747,Brute Force,Brute Force,0.0,1.0,0.0,0.0,0.0
2748,DoS/DDoS,DoS/DDoS,0.0,0.010592312539382483,0.8312876478690595,0.1487123521309405,0.009407687460617518
2749,Normal,Normal,0.0,0.0,0.0,1.0,0.0
2750,Normal,Normal,0.0,0.02271532469421749,0.013339050069077225,0.9639456252367051,0.0
2751,Brute Force,Brute Force,0.0,1.0,0.0,0.0,0.0
2752,DoS/DDoS,DoS/DDoS,0.0,0.0,1.0,0.0,0.0
2753,Web Attack,Web Attack,0.0,0.1957939477892073,2.9597595240715013e-05,0.0008606967490497391,0.8033157578665027
2754,DoS/DDoS,DoS/DDoS,0.0,0.0,1.0,0.0,0.0
2755,Normal,Normal,0.0,0.0,0.0,1.0,0.0
2756,Bot,Bot,1.0,0.0,0.0,0.0,0.0
2757,Normal,Normal,0.0,0.0,0.0,1.0,0.0
2758,DoS/DDoS,DoS/DDoS,0.0,0.0,1.0,0.0,0.0
2759,Normal,Normal,0.0,0.0,0.0,1.0,0.0
2760,DoS/DDoS,DoS/DDoS,0.0,0.0,1.0,0.0,0.0
2761,Normal,Normal,0.0,0.0,0.0,1.0,0.0
2762,Normal,Normal,0.0,0.0,0.0,1.0,0.0
2763,Normal,Normal,0.0,0.0,0.0,1.0,0.0
2764,DoS/DDoS,DoS/DDoS,0.0,0.0,1.0,0.0,0.0
2765,Brute Force,Brute Force,0.0,1.0,0.0,0.0,0.0
2766,Brute Force,Brute Force,0.0,1.0,0.0,0.0,0.0
2767,DoS/DDoS,DoS/DDoS,0.0,0.0,1.0,0.0,0.0
2768,Normal,Normal,0.0,0.029627188181434002,0.09082664177775022,0.8418331395969667,0.03771303044384895
2769,Normal,Normal,0.0,0.0,0.0,1.0,0.0
2770,DoS/DDoS,DoS/DDoS,0.0,0.0,1.0,0.0,0.0
2771,Normal,Normal,0.0,0.0,0.0,1.0,0.0
2772,DoS/DDoS,DoS/DDoS,0.0,0.0,1.0,0.0,0.0
2773,DoS/DDoS,DoS/DDoS,0.0,0.0,1.0,0.0,0.0
2774,Normal,Normal,0.0,0.0,0.0,1.0,0.0
2775,Normal,Normal,0.0,0.02,0.0,0.98,0.0
2776,DoS/DDoS,DoS/DDoS,0.0,0.0,1.0,0.0,0.0
2777,DoS/DDoS,DoS/DDoS,0.0,0.0,1.0,0.0,0.0
2778,DoS/DDoS,DoS/DDoS,0.0,0.0,1.0,0.0,0.0
2779,DoS/DDoS,DoS/DDoS,0.0,0.0,1.0,0.0,0.0
2780,Brute Force,Brute Force,0.0,1.0,0.0,0.0,0.0
2781,DoS/DDoS,DoS/DDoS,0.0,0.0,1.0,0.0,0.0
2782,DoS/DDoS,DoS/DDoS,0.0,0.0,1.0,0.0,0.0
2783,Brute Force,Brute Force,0.0,1.0,0.0,0.0,0.0
2784,DoS/DDoS,DoS/DDoS,0.0,0.0,1.0,0.0,0.0
2785,DoS/DDoS,DoS/DDoS,0.0,0.0,1.0,0.0,0.0
2786,DoS/DDoS,DoS/DDoS,0.0,0.0,1.0,0.0,0.0
2787,Brute Force,Web Attack,0.0,0.3530579022355312,2.119664097954856e-06,0.0011001635968141035,0.645839814503557
2788,DoS/DDoS,DoS/DDoS,0.0,0.0,1.0,0.0,0.0
2789,Brute Force,Brute Force,0.0,1.0,0.0,0.0,0.0
2790,DoS/DDoS,DoS/DDoS,0.0,0.0,1.0,0.0,0.0
2791,DoS/DDoS,DoS/DDoS,0.0,0.0,1.0,0.0,0.0
2792,DoS/DDoS,DoS/DDoS,0.0,0.0,1.0,0.0,0.0
2793,Normal,Normal,0.0,0.0,0.0,1.0,0.0
2794,Bot,Bot,0.9725304002367757,0.0,2.9956241548768396e-05,0.02743964352167556,0.0
2795,Bot,Bot,1.0,0.0,0.0,0.0,0.0
2796,DoS/DDoS,DoS/DDoS,0.0,0.0,1.0,0.0,0.0
2797,Normal,Normal,0.0,0.0,0.003297287042306963,0.9967027129576931,0.0
2798,DoS/DDoS,DoS/DDoS,0.0,0.0,1.0,0.0,0.0
2799,Normal,Normal,0.018630171733717293,0.0,0.014322776314845744,0.9670470519514369,0.0
2800,Brute Force,Web Attack,0.0,0.18491870568861973,2.119664097954856e-06,0.0006076297506990514,0.8144715448965829
2801,DoS/DDoS,DoS/DDoS,0.0,0.0,1.0,0.0,0.0
2802,DoS/DDoS,DoS/DDoS,0.0,0.0,1.0,0.0,0.0
2803,Brute Force,Brute Force,0.0,1.0,0.0,0.0,0.0
2804,Bot,Bot,0.99,0.0,0.0,0.01,0.0
2805,DoS/DDoS,DoS/DDoS,0.0,0.0,1.0,0.0,0.0
2806,DoS/DDoS,DoS/DDoS,0.0,0.0,1.0,0.0,0.0
2807,Bot,Bot,1.0,0.0,0.0,0.0,0.0
2808,DoS/DDoS,DoS/DDoS,0.0,0.0,1.0,0.0,0.0
2809,DoS/DDoS,DoS/DDoS,0.0,0.0,1.0,0.0,0.0
2810,Brute Force,Brute Force,0.0,1.0,0.0,0.0,0.0
2811,DoS/DDoS,DoS/DDoS,0.0,0.0,1.0,0.0,0.0
2812,DoS/DDoS,DoS/DDoS,0.0,0.0,1.0,0.0,0.0
2813,Normal,Normal,0.0,0.0,0.0,1.0,0.0
2814,Normal,Bot,0.6859819023098624,0.0,7.247580048435702e-05,0.3139456218896532,0.0
2815,Brute Force,Brute Force,0.0,1.0,0.0,0.0,0.0
2816,DoS/DDoS,DoS/DDoS,0.0,0.014874326750448832,0.9551256732495511,0.03,0.0
2817,DoS/DDoS,DoS/DDoS,0.0,0.0,1.0,0.0,0.0
2818,Normal,Normal,0.0,0.0,0.025008218982275583,0.9749917810177244,0.0
2819,Normal,Normal,0.0,0.0,0.0,1.0,0.0
2820,Brute Force,Brute Force,0.0,1.0,0.0,0.0,0.0
2821,Brute Force,Brute Force,0.0,1.0,0.0,0.0,0.0
2822,Normal,Normal,0.0,0.0,0.0,1.0,0.0
2823,DoS/DDoS,DoS/DDoS,0.0,0.0,1.0,0.0,0.0
2824,DoS/DDoS,DoS/DDoS,0.0,0.0,1.0,0.0,0.0
2825,Brute Force,Brute Force,0.0,1.0,0.0,0.0,0.0
2826,Normal,Normal,0.0,0.0357842273416689,0.0,0.964215772658331,0.0
2827,DoS/DDoS,DoS/DDoS,0.0,0.0,1.0,0.0,0.0
2828,DoS/DDoS,DoS/DDoS,0.0,0.0,1.0,0.0,0.0
2829,Normal,Normal,0.0,0.0,0.0,1.0,0.0
2830,DoS/DDoS,DoS/DDoS,0.0,0.0,1.0,0.0,0.0
2831,DoS/DDoS,DoS/DDoS,0.0,0.0,0.9991599881493601,0.0008400118506398297,0.0
2832,DoS/DDoS,DoS/DDoS,0.0,0.0,1.0,0.0,0.0
2833,Normal,Normal,0.0,0.0,0.0,1.0,0.0
2834,Normal,Normal,0.0,0.046648675611915484,0.0,0.9457694065127251,0.007581917875359392
2835,Normal,Normal,0.0,0.0,0.0,1.0,0.0
2836,Brute Force,Web Attack,0.0,0.12935618248011244,1.278549656947793e-05,0.0009406513670681084,0.8696903806562498
2837,DoS/DDoS,DoS/DDoS,0.0,0.0,1.0,0.0,0.0
2838,Normal,Normal,0.0,0.0,0.0,1.0,0.0
2839,Brute Force,Brute Force,0.0,1.0,0.0,0.0,0.0
2840,Normal,Normal,0.0,0.0,0.0,1.0,0.0
2841,Brute Force,Brute Force,0.0,1.0,0.0,0.0,0.0
2842,DoS/DDoS,DoS/DDoS,0.0,0.0,1.0,0.0,0.0
2843,DoS/DDoS,DoS/DDoS,0.0,0.0,1.0,0.0,0.0
2844,DoS/DDoS,DoS/DDoS,0.0,0.0003353286992620004,0.999664671300738,0.0,0.0
2845,Bot,Bot,0.9865291306466069,0.0,0.0008868182706717925,0.01258405108272145,0.0
2846,DoS/DDoS,DoS/DDoS,0.0,0.0,0.9991599881493601,0.0008400118506398297,0.0
2847,DoS/DDoS,DoS/DDoS,0.0,0.0,1.0,0.0,0.0
2848,Brute Force,Brute Force,0.0,1.0,0.0,0.0,0.0
2849,Normal,Normal,0.0,0.0,0.0,1.0,0.0
2850,DoS/DDoS,DoS/DDoS,0.0,0.0,1.0,0.0,0.0
2851,Normal,Normal,0.0,0.0,0.0,1.0,0.0
2852,DoS/DDoS,DoS/DDoS,0.0,0.0,1.0,0.0,0.0
2853,Normal,Normal,0.0,0.00044095184887354847,0.004658352153185195,0.9949006959979411,0.0
2854,Normal,Normal,0.0,0.0,0.0,1.0,0.0
2855,Normal,Normal,0.0,0.0,0.0,1.0,0.0
2856,Normal,Normal,0.00954210956663941,0.0,0.004961072203064454,0.9854968182302961,0.0
2857,Brute Force,Brute Force,0.0,1.0,0.0,0.0,0.0
2858,DoS/DDoS,DoS/DDoS,0.0,0.0,1.0,0.0,0.0
2859,DoS/DDoS,DoS/DDoS,0.0,0.0,0.9986484779319366,0.0013515220680635012,0.0
2860,DoS/DDoS,DoS/DDoS,0.0,0.0,1.0,0.0,0.0
2861,DoS/DDoS,DoS/DDoS,0.0,0.0,1.0,0.0,0.0
2862,Web Attack,Web Attack,0.0,0.11792306215602956,2.119664097954856e-06,0.0006270859573114955,0.8814477322225607
2863,DoS/DDoS,DoS/DDoS,0.0,0.0,1.0,0.0,0.0
2864,Normal,Normal,0.0,0.0,0.0,1.0,0.0
2865,Brute Force,Brute Force,0.0,1.0,0.0,0.0,0.0
2866,Normal,Normal,0.30794994366320194,0.0,1.185981413265176e-05,0.6920381965226656,0.0
2867,DoS/DDoS,DoS/DDoS,0.0,0.0,1.0,0.0,0.0
2868,Brute Force,Brute Force,0.0,1.0,0.0,0.0,0.0
2869,Normal,Normal,0.0,0.011350890235787751,0.0,0.9830198482085192,0.005629261555693226
2870,Brute Force,Brute Force,0.0,1.0,0.0,0.0,0.0
2871,Brute Force,Brute Force,0.0,1.0,0.0,0.0,0.0
2872,Web Attack,Web Attack,0.0,0.20230481498750805,2.119664097954856e-06,0.0006076297506990514,0.7970854355976944
2873,Normal,Normal,0.0,0.0,0.0,1.0,0.0
2874,DoS/DDoS,DoS/DDoS,0.0,0.0,1.0,0.0,0.0
2875,Normal,Normal,0.0,0.0,0.0,1.0,0.0
2876,DoS/DDoS,DoS/DDoS,0.0,0.0,1.0,0.0,0.0
2877,Brute Force,Brute Force,0.0,1.0,0.0,0.0,0.0
2878,DoS/DDoS,DoS/DDoS,0.0,0.0,1.0,0.0,0.0
2879,Brute Force,Brute Force,0.0,1.0,0.0,0.0,0.0
2880,DoS/DDoS,DoS/DDoS,0.0,0.0,1.0,0.0,0.0
2881,Normal,Normal,0.0,0.020732845875180105,0.0,0.9731076334941097,0.00615952063071035
2882,Normal,Normal,0.0,0.0,0.0,1.0,0.0
2883,Normal,Normal,0.0,0.0,0.0,1.0,0.0
2884,DoS/DDoS,DoS/DDoS,0.0,0.0,0.99,0.0,0.01
2885,DoS/DDoS,DoS/DDoS,0.0,0.0,1.0,0.0,0.0
2886,Brute Force,Brute Force,0.0,1.0,0.0,0.0,0.0
2887,DoS/DDoS,DoS/DDoS,0.0,0.0,1.0,0.0,0.0
2888,Bot,Bot,1.0,0.0,0.0,0.0,0.0
2889,Brute Force,Brute Force,0.0,1.0,0.0,0.0,0.0
2890,DoS/DDoS,DoS/DDoS,0.0,0.0,1.0,0.0,0.0
2891,Brute Force,Brute Force,0.0,1.0,0.0,0.0,0.0
2892,DoS/DDoS,DoS/DDoS,0.0,0.0,0.9999515620674263,4.843793257365714e-05,0.0
2893,DoS/DDoS,DoS/DDoS,0.0,0.0,1.0,0.0,0.0
2894,Normal,Normal,0.0,0.0,0.0,1.0,0.0
2895,DoS/DDoS,DoS/DDoS,0.0,0.0,0.9991599881493601,0.0008400118506398297,0.0
2896,DoS/DDoS,DoS/DDoS,0.0,0.0,1.0,0.0,0.0
2897,Normal,Bot,0.7877837286595023,0.0,0.00010678817729531723,0.21210948316320216,0.0
2898,DoS/DDoS,DoS/DDoS,0.0,0.0,1.0,0.0,0.0
2899,Brute Force,Brute Force,0.0,1.0,0.0,0.0,0.0
2900,DoS/DDoS,DoS/DDoS,0.0,0.0,1.0,0.0,0.0
2901,Normal,Normal,0.28565296724861916,0.0,6.396830909891647e-05,0.7142830644422818,0.0
2902,Normal,Normal,0.0,0.0,0.0,1.0,0.0
2903,DoS/DDoS,DoS/DDoS,0.0,0.0,0.9997704137554078,0.00022958624459224912,0.0
2904,Brute Force,Brute Force,0.0,1.0,0.0,0.0,0.0
2905,DoS/DDoS,DoS/DDoS,0.0,0.0,1.0,0.0,0.0
2906,Brute Force,Brute Force,0.0,1.0,0.0,0.0,0.0
2907,Normal,Normal,0.0,0.007887714925077189,0.10165579241938699,0.8904564926555358,0.0
2908,DoS/DDoS,DoS/DDoS,0.0,0.0,1.0,0.0,0.0
2909,Normal,Normal,0.0,0.0,0.0,1.0,0.0
2910,Brute Force,Brute Force,0.0,1.0,0.0,0.0,0.0
2911,DoS/DDoS,DoS/DDoS,0.0,0.0,1.0,0.0,0.0
2912,Brute Force,Brute Force,0.0,1.0,0.0,0.0,0.0
2913,Brute Force,Brute Force,0.0,1.0,0.0,0.0,0.0
2914,DoS/DDoS,DoS/DDoS,0.0,0.0,1.0,0.0,0.0
2915,Brute Force,Brute Force,0.0,1.0,0.0,0.0,0.0
2916,Normal,Normal,0.0,0.0,0.0,1.0,0.0
2917,DoS/DDoS,DoS/DDoS,0.0,0.0,1.0,0.0,0.0
2918,DoS/DDoS,DoS/DDoS,0.0,0.0,1.0,0.0,0.0
2919,Normal,Normal,0.0,0.0,0.0,1.0,0.0
2920,Bot,Bot,0.893711947071282,0.0,2.9956241548768396e-05,0.10625809668716935,0.0
2921,DoS/DDoS,DoS/DDoS,0.0,0.0,1.0,0.0,0.0
2922,Normal,Normal,0.0,0.007914235084909129,0.0,0.9890405458577053,0.003045219057385608
2923,DoS/DDoS,DoS/DDoS,0.0,0.0,1.0,0.0,0.0
2924,Web Attack,Web Attack,0.0,0.14947596190305254,2.119664097954856e-06,0.0006207759528405987,0.8499011424800084
2925,Brute Force,Brute Force,0.0,1.0,0.0,0.0,0.0
2926,Normal,Normal,0.0,0.04214256339868495,0.0,0.9548122175439295,0.003045219057385608
2927,Normal,Normal,0.0,0.0,0.0,1.0,0.0
2928,Normal,Normal,0.0,0.0,0.0,1.0,0.0
2929,Normal,Normal,0.0,0.0,0.0,1.0,0.0
2930,DoS/DDoS,DoS/DDoS,0.0,0.0,1.0,0.0,0.0
2931,Normal,Normal,0.0,0.01007864832031865,0.0,0.9842920901239881,0.005629261555693226
2932,Brute Force,Brute Force,0.0,1.0,0.0,0.0,0.0
2933,Normal,Normal,0.0,0.0,0.0,1.0,0.0
2934,Brute Force,Brute Force,0.0,1.0,0.0,0.0,0.0
2935,Normal,Normal,0.0,0.0,0.01,0.99,0.0
2936,DoS/DDoS,DoS/DDoS,0.0,0.0,1.0,0.0,0.0
2937,Bot,Bot,0.983776980945261,0.0,0.0,0.016223019054738923,0.0
2938,Brute Force,Brute Force,0.0,1.0,0.0,0.0,0.0
2939,DoS/DDoS,DoS/DDoS,0.0,0.0,1.0,0.0,0.0
2940,Normal,Normal,0.01,0.0,0.01,0.98,0.0
2941,DoS/DDoS,DoS/DDoS,0.0,0.0,1.0,0.0,0.0
2942,DoS/DDoS,DoS/DDoS,0.0,0.0,1.0,0.0,0.0
2943,DoS/DDoS,DoS/DDoS,0.0,0.0,1.0,0.0,0.0
2944,Brute Force,Brute Force,0.0,1.0,0.0,0.0,0.0
2945,DoS/DDoS,DoS/DDoS,0.0,0.007699987151133991,0.8026491094259263,0.16146631236778272,0.02818459105515712
2946,DoS/DDoS,DoS/DDoS,0.0,0.0,1.0,0.0,0.0
2947,Brute Force,Brute Force,0.0,1.0,0.0,0.0,0.0
2948,Brute Force,Brute Force,0.0,0.9896522933590282,0.0,0.010347706640971883,0.0
2949,Normal,Normal,0.0,0.0,0.0,1.0,0.0
2950,Normal,Normal,0.0,0.0,0.0,1.0,0.0
2951,DoS/DDoS,DoS/DDoS,0.0,0.0,1.0,0.0,0.0
2952,DoS/DDoS,DoS/DDoS,0.0,0.0,1.0,0.0,0.0
2953,DoS/DDoS,DoS/DDoS,0.0,0.0,1.0,0.0,0.0
2954,Bot,Bot,0.9963128121032544,0.0,0.0,0.003687187896745571,0.0
2955,Brute Force,Brute Force,0.0,1.0,0.0,0.0,0.0
2956,Normal,Normal,0.0,0.00882099664408282,0.04790691540105487,0.9432720879548624,0.0
2957,Brute Force,Brute Force,0.0,1.0,0.0,0.0,0.0
2958,Normal,Normal,0.0,0.0,0.0,1.0,0.0
2959,Brute Force,Brute Force,0.0,1.0,0.0,0.0,0.0
2960,DoS/DDoS,DoS/DDoS,0.0,0.0,1.0,0.0,0.0
2961,Normal,Normal,0.0,0.0,0.0,1.0,0.0
2962,DoS/DDoS,DoS/DDoS,0.0,0.0,1.0,0.0,0.0
2963,Bot,Bot,1.0,0.0,0.0,0.0,0.0
2964,DoS/DDoS,DoS/DDoS,0.0,0.0,1.0,0.0,0.0
2965,Normal,Normal,0.0,0.0,0.0,1.0,0.0
2966,Normal,Normal,0.0,0.0,0.0,1.0,0.0
2967,DoS/DDoS,DoS/DDoS,0.0,0.0,1.0,0.0,0.0
2968,Normal,Normal,0.0,0.0,0.0,1.0,0.0
2969,DoS/DDoS,DoS/DDoS,0.0,0.0,1.0,0.0,0.0
2970,DoS/DDoS,DoS/DDoS,0.0,0.0,0.99,0.01,0.0
2971,DoS/DDoS,DoS/DDoS,0.0,0.0,1.0,0.0,0.0
2972,Normal,Normal,0.0,0.006566028931404573,0.0,0.9934339710685954,0.0
2973,DoS/DDoS,DoS/DDoS,0.0,0.0,1.0,0.0,0.0
2974,DoS/DDoS,DoS/DDoS,0.0,0.0,1.0,0.0,0.0
2975,Normal,Normal,0.0,0.0,0.0,1.0,0.0
2976,DoS/DDoS,DoS/DDoS,0.0,0.0,1.0,0.0,0.0
2977,Brute Force,Web Attack,0.0,0.20218248720590065,2.119664097954856e-06,0.0006457971618677192,0.7971695959681335
2978,DoS/DDoS,DoS/DDoS,0.0,0.0,1.0,0.0,0.0
2979,Brute Force,Brute Force,0.0,0.9965046667027608,0.0,0.0034953332972391745,0.0
2980,DoS/DDoS,DoS/DDoS,0.0,0.0,1.0,0.0,0.0
2981,Brute Force,Web Attack,0.0,0.27449377522103896,2.9597595240715013e-05,0.0007569074770810327,0.7247197197066394
2982,DoS/DDoS,DoS/DDoS,0.0,0.0,0.9998142551174002,0.00018574488259984488,0.0
2983,Normal,Normal,0.0,0.010927100962366612,0.0,0.9834436374819401,0.005629261555693226
2984,Normal,Normal,0.0,0.0,0.0,1.0,0.0
2985,DoS/DDoS,DoS/DDoS,0.0,0.0,1.0,0.0,0.0
2986,DoS/DDoS,DoS/DDoS,0.0,0.0,1.0,0.0,0.0
2987,DoS/DDoS,DoS/DDoS,0.0,0.0,1.0,0.0,0.0
2988,Normal,Normal,0.0,0.0,0.0,1.0,0.0
2989,DoS/DDoS,DoS/DDoS,0.0,0.0,1.0,0.0,0.0
2990,Normal,Normal,0.0,0.0,0.0,1.0,0.0
2991,Brute Force,Web Attack,0.0,0.1563960304983143,2.119664097954856e-06,0.0006703116799775329,0.8429315381576099
2992,Web Attack,Web Attack,0.0,0.04936877418783588,2.119664097954856e-06,0.001197318309488579,0.9494317878385773
2993,DoS/DDoS,DoS/DDoS,0.0,0.0,1.0,0.0,0.0
2994,Normal,Normal,0.0,0.0,0.0,1.0,0.0
2995,Normal,Normal,0.0,0.0,0.0,1.0,0.0
2996,Normal,Normal,0.0,0.05929102497372995,0.00033603508670566033,0.8996466225068587,0.040726317432705696
2997,Bot,Bot,0.9991130457550567,0.0,0.0,0.0008869542449433789,0.0
2998,DoS/DDoS,DoS/DDoS,0.0,0.0,1.0,0.0,0.0
2999,Brute Force,Brute Force,0.0,1.0,0.0,0.0,0.0
3000,DoS/DDoS,DoS/DDoS,0.0,0.0,1.0,0.0,0.0
3001,DoS/DDoS,DoS/DDoS,0.0,0.0,1.0,0.0,0.0
3002,Normal,Normal,0.0,0.0,0.0,1.0,0.0
3003,DoS/DDoS,DoS/DDoS,0.0,0.0,1.0,0.0,0.0
3004,Bot,Bot,0.982323720153218,0.0,4.362009610206515e-05,0.017632659750679906,0.0
3005,DoS/DDoS,DoS/DDoS,0.0,0.0,1.0,0.0,0.0
3006,Brute Force,Brute Force,0.0,0.5463394689304528,0.0005139261595342682,0.04084468408080483,0.4123019208292081
3007,DoS/DDoS,DoS/DDoS,0.0,0.0,1.0,0.0,0.0
3008,DoS/DDoS,DoS/DDoS,0.0,0.0,1.0,0.0,0.0
3009,Brute Force,Brute Force,0.0,1.0,0.0,0.0,0.0
3010,Normal,Normal,0.0,0.0,0.0,1.0,0.0
3011,Normal,Normal,0.002849891251961943,0.0,0.00022955373686064148,0.9969205550111775,0.0
3012,DoS/DDoS,DoS/DDoS,0.0,0.0,1.0,0.0,0.0
3013,DoS/DDoS,DoS/DDoS,0.0,0.0,1.0,0.0,0.0
3014,Normal,Normal,0.0,0.0,0.0,1.0,0.0
3015,Normal,Normal,0.0,0.0,0.0,1.0,0.0
3016,DoS/DDoS,DoS/DDoS,0.0,0.0,1.0,0.0,0.0
3017,DoS/DDoS,DoS/DDoS,0.0,0.0,1.0,0.0,0.0
3018,Normal,Normal,0.0,0.0,0.0,1.0,0.0
3019,DoS/DDoS,DoS/DDoS,0.0,0.0,1.0,0.0,0.0
3020,Normal,Normal,0.0,0.00685517651476494,0.0,0.98710675498599,0.006038068499245142
3021,DoS/DDoS,DoS/DDoS,0.0,0.0,1.0,0.0,0.0
3022,DoS/DDoS,DoS/DDoS,0.0,0.0,1.0,0.0,0.0
3023,Brute Force,Brute Force,0.0,1.0,0.0,0.0,0.0
3024,Normal,Normal,0.0,0.0,0.0,1.0,0.0
3025,Normal,Normal,0.0,0.0,0.0,1.0,0.0
3026,DoS/DDoS,DoS/DDoS,0.0,0.0,1.0,0.0,0.0
3027,Brute Force,Brute Force,0.0,1.0,0.0,0.0,0.0
3028,Normal,Normal,0.0,0.027892239142969854,0.0,0.97210776085703,0.0
3029,DoS/DDoS,DoS/DDoS,0.0,0.0,1.0,0.0,0.0
3030,Normal,Normal,0.0,0.0,0.0,1.0,0.0
3031,Brute Force,Brute Force,0.0,1.0,0.0,0.0,0.0
3032,Brute Force,Brute Force,0.0,1.0,0.0,0.0,0.0
3033,Brute Force,Brute Force,0.0,1.0,0.0,0.0,0.0
3034,Brute Force,Brute Force,0.0,1.0,0.0,0.0,0.0
3035,Brute Force,Brute Force,0.0,1.0,0.0,0.0,0.0
3036,Brute Force,Brute Force,0.0,1.0,0.0,0.0,0.0
3037,Normal,Normal,0.0,0.0,0.0,1.0,0.0
3038,Brute Force,Brute Force,0.0,1.0,0.0,0.0,0.0
3039,DoS/DDoS,DoS/DDoS,0.0,0.0,1.0,0.0,0.0
3040,Normal,Normal,0.0,0.0,0.0,1.0,0.0
3041,Normal,Normal,0.0,0.0,0.0,1.0,0.0
3042,DoS/DDoS,DoS/DDoS,0.0,0.0,0.9955178952612911,0.004482104738708846,0.0
3043,Normal,Normal,0.0,0.0003353286992620004,0.2932695518189009,0.7063951194818371,0.0
3044,Normal,Normal,0.0,0.0001836831706664724,0.0018972555083946242,0.9979190613209389,0.0
3045,Normal,Normal,0.0,0.0,0.0,1.0,0.0
3046,Brute Force,Web Attack,0.0,0.37039800695056996,2.119664097954856e-06,0.0006076297506990514,0.6289922436346326
3047,Normal,Normal,0.0,0.0,0.0,1.0,0.0
3048,Normal,Normal,0.0,0.0,0.0,1.0,0.0
3049,Normal,Normal,0.0,0.0,0.0,1.0,0.0
3050,Normal,Normal,0.0,0.0,0.0,1.0,0.0
3051,DoS/DDoS,DoS/DDoS,0.0,0.0,1.0,0.0,0.0
3052,DoS/DDoS,DoS/DDoS,0.0,0.0,1.0,0.0,0.0
3053,Brute Force,Brute Force,0.0,1.0,0.0,0.0,0.0
3054,Normal,Normal,0.0,0.0,0.0,1.0,0.0
3055,Normal,Normal,0.0,0.0,0.0,1.0,0.0
3056,DoS/DDoS,DoS/DDoS,0.0,0.0,1.0,0.0,0.0
3057,Brute Force,Brute Force,0.0,1.0,0.0,0.0,0.0
3058,DoS/DDoS,DoS/DDoS,0.0,0.0,1.0,0.0,0.0
3059,Normal,Normal,0.0,0.007850287907869482,0.0,0.9921497120921304,0.0
3060,DoS/DDoS,DoS/DDoS,0.0,0.0,1.0,0.0,0.0
3061,Normal,Normal,0.0,0.0,0.0,1.0,0.0
3062,DoS/DDoS,DoS/DDoS,0.0,0.0,1.0,0.0,0.0
3063,Normal,Normal,0.0,0.004856444289207125,0.02,0.9561422291450605,0.019001326565732328
3064,DoS/DDoS,DoS/DDoS,0.0,0.0,1.0,0.0,0.0
3065,Normal,Normal,0.0,0.0,0.0,1.0,0.0
3066,Normal,Normal,0.0,0.02113801452784504,0.01673346346145137,0.9532665365385486,0.008861985472154964
3067,Brute Force,Brute Force,0.0,1.0,0.0,0.0,0.0
3068,DoS/DDoS,DoS/DDoS,0.0,0.0,1.0,0.0,0.0
3069,Normal,Normal,0.0,0.010927100962366612,0.0,0.9834436374819401,0.005629261555693226
3070,Brute Force,Brute Force,0.0,0.9167094679196542,0.0,0.029126124401468757,0.05416440767887694
3071,Bot,Bot,1.0,0.0,0.0,0.0,0.0
3072,Brute Force,Brute Force,0.0,1.0,0.0,0.0,0.0
3073,DoS/DDoS,DoS/DDoS,0.0,0.0,1.0,0.0,0.0
3074,Normal,Normal,0.0,0.02372998590437419,0.0,0.9702319455963808,0.006038068499245142
3075,DoS/DDoS,DoS/DDoS,0.0,0.0,0.9955263716545178,0.004473628345482058,0.0
3076,Bot,Bot,0.9679879772453944,0.0,0.0,0.032012022754605594,0.0
3077,DoS/DDoS,DoS/DDoS,0.0,0.0,1.0,0.0,0.0
3078,DoS/DDoS,DoS/DDoS,0.0,0.0,1.0,0.0,0.0
3079,Brute Force,Brute Force,0.0,1.0,0.0,0.0,0.0
3080,Brute Force,Brute Force,0.0,1.0,0.0,0.0,0.0
3081,Bot,Bot,1.0,0.0,0.0,0.0,0.0
3082,DoS/DDoS,DoS/DDoS,0.0,0.0,0.9999515620674263,4.843793257365714e-05,0.0
3083,Normal,Normal,0.0,0.0,0.0,1.0,0.0
3084,Normal,Normal,0.0,0.0,0.0,1.0,0.0
3085,Normal,Normal,0.0,0.0,0.0,1.0,0.0
3086,DoS/DDoS,DoS/DDoS,0.0,0.0,1.0,0.0,0.0
3087,Normal,Normal,0.0,0.0003567545735037896,0.01765025830007423,0.9595103827402636,0.0224826043861585
3088,DoS/DDoS,DoS/DDoS,0.0,0.0,1.0,0.0,0.0
3089,Normal,Normal,0.0,0.0003567545735037896,0.04540729584086013,0.9423233398277142,0.011912609757921886
3090,Brute Force,Web Attack,0.0,0.39248336477230145,1.278549656947793e-05,0.004778119563204926,0.6027257301679241
3091,DoS/DDoS,DoS/DDoS,0.0,0.0,1.0,0.0,0.0
3092,Normal,Normal,0.0,0.0028975014274842275,0.22354329982793847,0.7586013699292699,0.014957828815307495
3093,Normal,Normal,0.002849891251961943,0.0,0.00022955373686064148,0.9969205550111775,0.0
3094,Brute Force,Brute Force,0.0,1.0,0.0,0.0,0.0
3095,DoS/DDoS,DoS/DDoS,0.0,0.008219297613520873,0.7276469824304374,0.19702829575877903,0.06710542419726266
3096,Normal,Normal,0.0,0.0,0.0,1.0,0.0
3097,Normal,Normal,0.0,0.0,0.0,1.0,0.0
3098,Normal,Normal,0.0,0.00012147879110522841,0.003803400114246514,0.9960751210946482,0.0
3099,Brute Force,Brute Force,0.0,1.0,0.0,0.0,0.0
3100,Normal,Normal,0.0,0.0,0.0,1.0,0.0
3101,Bot,Bot,0.98,0.0,0.0,0.02,0.0
3102,DoS/DDoS,DoS/DDoS,0.0,0.0,1.0,0.0,0.0
3103,Brute Force,Brute Force,0.0,1.0,0.0,0.0,0.0
3104,DoS/DDoS,DoS/DDoS,0.0,0.0,1.0,0.0,0.0
3105,Brute Force,Web Attack,0.0,0.3874480969138699,1.278549656947793e-05,0.0011565018070920847,0.6113826157824687
3106,Brute Force,Brute Force,0.0,1.0,0.0,0.0,0.0
3107,Brute Force,Brute Force,0.0,1.0,0.0,0.0,0.0
3108,Normal,Normal,0.0,0.0,0.0,1.0,0.0
3109,DoS/DDoS,DoS/DDoS,0.0,0.0,1.0,0.0,0.0
3110,Normal,Normal,0.0,0.0025078768535904254,0.20205020541838004,0.7954419177280294,0.0
3111,DoS/DDoS,DoS/DDoS,0.0,0.0,1.0,0.0,0.0
3112,Normal,Normal,0.0,0.0,0.0,1.0,0.0
3113,Normal,Normal,0.01,0.09436496416607205,0.006647119120837207,0.8889879167130909,0.0
3114,DoS/DDoS,DoS/DDoS,0.0,0.0,1.0,0.0,0.0
3115,Normal,Normal,0.0,0.0,0.0,1.0,0.0
3116,Normal,Normal,0.0,0.0,0.0,1.0,0.0
3117,Normal,Normal,0.002849891251961943,0.0,0.00022955373686064148,0.9969205550111775,0.0
3118,Brute Force,Brute Force,0.0,1.0,0.0,0.0,0.0
3119,DoS/DDoS,DoS/DDoS,0.0,0.0,1.0,0.0,0.0
3120,Normal,Normal,0.0,0.0,0.0,1.0,0.0
3121,DoS/DDoS,DoS/DDoS,0.0,0.0,1.0,0.0,0.0
3122,DoS/DDoS,DoS/DDoS,0.0,0.0,0.9999515620674263,4.843793257365714e-05,0.0
3123,DoS/DDoS,DoS/DDoS,0.0,0.0,1.0,0.0,0.0
3124,DoS/DDoS,DoS/DDoS,0.0,0.0,1.0,0.0,0.0
3125,DoS/DDoS,DoS/DDoS,0.0,0.0,1.0,0.0,0.0
3126,DoS/DDoS,DoS/DDoS,0.0,0.0,1.0,0.0,0.0
3127,Brute Force,Brute Force,0.0,1.0,0.0,0.0,0.0
3128,Normal,Normal,0.0,0.0,0.0,1.0,0.0
3129,DoS/DDoS,DoS/DDoS,0.0,0.0,1.0,0.0,0.0
3130,Normal,Normal,0.0,0.0,0.0,1.0,0.0
3131,Brute Force,Brute Force,0.0,1.0,0.0,0.0,0.0
3132,DoS/DDoS,DoS/DDoS,0.0,0.0,1.0,0.0,0.0
3133,DoS/DDoS,DoS/DDoS,0.0,0.0,1.0,0.0,0.0
3134,DoS/DDoS,DoS/DDoS,0.0,0.0,1.0,0.0,0.0
3135,DoS/DDoS,DoS/DDoS,0.0,0.0,1.0,0.0,0.0
3136,Normal,Normal,0.0,0.0,0.0,1.0,0.0
3137,Brute Force,Brute Force,0.0,1.0,0.0,0.0,0.0
3138,DoS/DDoS,DoS/DDoS,0.0,0.0,1.0,0.0,0.0
3139,Normal,Normal,0.0,0.0,0.13979215036123535,0.8602078496387646,0.0
3140,DoS/DDoS,DoS/DDoS,0.0,0.0,1.0,0.0,0.0
3141,DoS/DDoS,DoS/DDoS,0.0,0.0,1.0,0.0,0.0
3142,Normal,Normal,0.0,0.0,0.0,1.0,0.0
3143,Brute Force,Brute Force,0.0,1.0,0.0,0.0,0.0
3144,Brute Force,Brute Force,0.0,1.0,0.0,0.0,0.0
3145,Brute Force,Brute Force,0.0,1.0,0.0,0.0,0.0
3146,DoS/DDoS,DoS/DDoS,0.0,0.0,1.0,0.0,0.0
3147,Normal,Normal,0.0,0.0,0.0,1.0,0.0
3148,Brute Force,Brute Force,0.0,0.9965046667027608,0.0,0.0034953332972391745,0.0
3149,Brute Force,Brute Force,0.0,0.6732967549584914,1.6281103216542896e-05,0.004537546048412542,0.3221494178898798
3150,DoS/DDoS,DoS/DDoS,0.0,0.0,1.0,0.0,0.0
3151,Normal,Normal,0.0,0.0,0.0,1.0,0.0
3152,Bot,Bot,0.964461064703429,0.0,5.367481851905866e-05,0.03548526047805205,0.0
3153,Brute Force,Brute Force,0.0,1.0,0.0,0.0,0.0
3154,DoS/DDoS,DoS/DDoS,0.0,0.0,0.9999515620674263,4.843793257365714e-05,0.0
3155,DoS/DDoS,DoS/DDoS,0.0,0.0,1.0,0.0,0.0
3156,Normal,Normal,0.0,0.01478378041573966,0.010683993478572611,0.9641652496160475,0.010366976489640278
3157,DoS/DDoS,DoS/DDoS,0.0,0.0,1.0,0.0,0.0
3158,Brute Force,Brute Force,0.0,1.0,0.0,0.0,0.0
3159,Normal,DoS/DDoS,0.0,0.01508979579559922,0.6386972371248871,0.31870796985677957,0.02750499722273419
3160,Normal,Normal,0.0,0.0,0.0,1.0,0.0
3161,DoS/DDoS,DoS/DDoS,0.0,0.0,1.0,0.0,0.0
3162,DoS/DDoS,DoS/DDoS,0.0,0.0,0.9998779831753416,0.00012201682465843791,0.0
3163,DoS/DDoS,DoS/DDoS,0.0,0.01179433653239961,0.960763353788445,0.02744230967915535,0.0
3164,Normal,Normal,0.0,0.0,0.0,1.0,0.0
3165,Normal,Normal,0.0,0.0,0.0,1.0,0.0
3166,DoS/DDoS,DoS/DDoS,0.0,0.0,1.0,0.0,0.0
3167,DoS/DDoS,DoS/DDoS,0.0,0.0,1.0,0.0,0.0
3168,Normal,Normal,0.0,0.034063318083719214,0.0,0.9526964140400952,0.013240267876185605
3169,DoS/DDoS,DoS/DDoS,0.0,0.0,1.0,0.0,0.0
3170,DoS/DDoS,DoS/DDoS,0.0,0.0,1.0,0.0,0.0
3171,Normal,Normal,0.0,0.0,0.0,1.0,0.0
3172,DoS/DDoS,DoS/DDoS,0.0,0.0,1.0,0.0,0.0
3173,Normal,Normal,0.0,0.0,0.0,1.0,0.0
3174,Bot,Bot,0.9437790727778199,0.0,0.0042419900618845836,0.051978937160295606,0.0
3175,Normal,Normal,0.0,0.05300922470612894,0.0,0.9145375304440972,0.03245324484977375
3176,DoS/DDoS,DoS/DDoS,0.0,0.0,1.0,0.0,0.0
3177,Normal,Normal,0.35378762909384065,0.0,8.725519614667738e-05,0.6461251157100127,0.0
3178,Brute Force,Brute Force,0.0,1.0,0.0,0.0,0.0
3179,Normal,Normal,0.0,0.0,0.0,1.0,0.0
3180,DoS/DDoS,DoS/DDoS,0.0,0.0,1.0,0.0,0.0
3181,Normal,Normal,0.0,0.0,0.0,1.0,0.0
3182,Brute Force,Brute Force,0.0,1.0,0.0,0.0,0.0
3183,Normal,Normal,0.0,0.0,0.0,1.0,0.0
3184,Brute Force,Brute Force,0.0,1.0,0.0,0.0,0.0
3185,Brute Force,Brute Force,0.0,1.0,0.0,0.0,0.0
3186,DoS/DDoS,DoS/DDoS,0.0,0.0,1.0,0.0,0.0
3187,Normal,Normal,0.0,0.0058013328235226955,0.0,0.9911534481190917,0.003045219057385608
3188,Normal,Normal,0.0,0.02327998690983744,0.0,0.9635873244533751,0.013132688636787525
3189,Normal,Normal,0.0,0.0,0.0,1.0,0.0
3190,Normal,Normal,0.0,0.0,0.0007701581702925554,0.9992298418297074,0.0
3191,DoS/DDoS,DoS/DDoS,0.0,0.0,1.0,0.0,0.0
3192,Normal,Normal,0.0,0.0,0.0,1.0,0.0
3193,DoS/DDoS,DoS/DDoS,0.0,0.0,1.0,0.0,0.0
3194,DoS/DDoS,DoS/DDoS,0.0,0.0,1.0,0.0,0.0
3195,DoS/DDoS,DoS/DDoS,0.0,0.0,1.0,0.0,0.0
3196,Brute Force,Brute Force,0.0,1.0,0.0,0.0,0.0
3197,Normal,Normal,0.00045391557554762117,0.0037024891665995074,0.01610437473195653,0.9797392205258962,0.0
3198,DoS/DDoS,DoS/DDoS,0.0,0.0,1.0,0.0,0.0
3199,DoS/DDoS,DoS/DDoS,0.0,0.0,1.0,0.0,0.0
3200,Normal,Normal,0.0,0.0,0.0,0.9903269925020828,0.009673007497917245
3201,Normal,Normal,0.0,0.0,0.0,1.0,0.0
3202,Normal,Normal,0.0,0.0,0.0,1.0,0.0
3203,Brute Force,Brute Force,0.0,1.0,0.0,0.0,0.0
3204,DoS/DDoS,DoS/DDoS,0.0,0.0003353286992620004,0.999664671300738,0.0,0.0
3205,DoS/DDoS,DoS/DDoS,0.0,0.0,1.0,0.0,0.0
3206,DoS/DDoS,DoS/DDoS,0.0,0.0,1.0,0.0,0.0
3207,Normal,Normal,0.0,0.0,0.0,1.0,0.0
3208,Web Attack,Web Attack,0.0,0.44451071734850595,1.278549656947793e-05,0.007438588695017571,0.5480379084599069
3209,Brute Force,Brute Force,0.0,1.0,0.0,0.0,0.0
3210,Normal,Normal,0.0,0.0,0.0,1.0,0.0
3211,Normal,Normal,0.0,0.0,0.0,1.0,0.0
3212,Brute Force,Brute Force,0.0,1.0,0.0,0.0,0.0
3213,DoS/DDoS,DoS/DDoS,0.0,0.0,1.0,0.0,0.0
3214,Bot,Bot,0.9998264245213513,0.0,0.0,0.00017357547864877836,0.0
3215,DoS/DDoS,DoS/DDoS,0.0,0.0,1.0,0.0,0.0
3216,Normal,Normal,0.0,0.006484338907881363,0.0,0.9935156610921186,0.0
3217,Brute Force,Brute Force,0.0,1.0,0.0,0.0,0.0
3218,DoS/DDoS,DoS/DDoS,0.0,0.0,1.0,0.0,0.0
3219,DoS/DDoS,DoS/DDoS,0.0,0.0,1.0,0.0,0.0
3220,DoS/DDoS,DoS/DDoS,0.0,0.0,1.0,0.0,0.0
3221,DoS/DDoS,DoS/DDoS,0.0,0.0,1.0,0.0,0.0
3222,Bot,Bot,0.9787202166986562,0.0,4.526272127891693e-05,0.021234520580064996,0.0
3223,Normal,DoS/DDoS,0.0,0.006838838890623389,0.568297903915018,0.3669457132825798,0.05791754391177873
3224,DoS/DDoS,DoS/DDoS,0.0,0.0,1.0,0.0,0.0
3225,Normal,Normal,0.0,0.0,0.0,1.0,0.0
3226,Normal,Normal,0.0,0.0,0.0,1.0,0.0
3227,Brute Force,Web Attack,0.0,0.3704920225218469,1.278549656947793e-05,0.016101042049666895,0.6133941499319164
3228,DoS/DDoS,DoS/DDoS,0.0,0.0,0.9999515620674263,4.843793257365714e-05,0.0
3229,Brute Force,Brute Force,0.0,1.0,0.0,0.0,0.0
3230,Normal,Normal,0.0,0.00044095184887354847,0.004658352153185195,0.9949006959979411,0.0
3231,DoS/DDoS,DoS/DDoS,0.0,0.0,1.0,0.0,0.0
3232,Normal,Normal,0.0,0.0,0.0,1.0,0.0
3233,Brute Force,Brute Force,0.0,1.0,0.0,0.0,0.0
3234,Brute Force,Brute Force,0.0,1.0,0.0,0.0,0.0
3235,Normal,Normal,0.0,0.0,0.0,1.0,0.0
3236,Normal,Normal,0.0,0.0,0.0,1.0,0.0
3237,Normal,Normal,0.0,0.0,0.0,1.0,0.0
3238,Normal,Normal,0.0,0.0,0.0,1.0,0.0
3239,Normal,Normal,0.0,0.0,0.0,1.0,0.0
3240,DoS/DDoS,DoS/DDoS,0.0,0.0,1.0,0.0,0.0
3241,Brute Force,Brute Force,0.0,0.9874854876481494,0.009843819850495086,0.0026706925013554273,0.0
3242,DoS/DDoS,DoS/DDoS,0.0,0.0,1.0,0.0,0.0
3243,Normal,Normal,0.0,0.0,0.0,1.0,0.0
3244,DoS/DDoS,DoS/DDoS,0.0,0.0,1.0,0.0,0.0
3245,Brute Force,Brute Force,0.0,1.0,0.0,0.0,0.0
3246,Normal,Normal,0.01,0.0,0.0,0.99,0.0
3247,DoS/DDoS,DoS/DDoS,0.0,0.0,1.0,0.0,0.0
3248,Normal,Normal,0.0,0.0036574752009773713,0.018550143557667945,0.9777923812413546,0.0
3249,Normal,Normal,0.0,0.0,0.0,1.0,0.0
3250,DoS/DDoS,DoS/DDoS,0.0,0.0,1.0,0.0,0.0
3251,DoS/DDoS,DoS/DDoS,0.0,0.0,1.0,0.0,0.0
3252,Normal,Normal,0.0,0.0,0.0,1.0,0.0
3253,Brute Force,Web Attack,0.0,0.3547662962728398,1.278549656947793e-05,0.0073688109478827115,0.637852107282708
3254,Brute Force,Brute Force,0.0,1.0,0.0,0.0,0.0
3255,DoS/DDoS,DoS/DDoS,0.0,0.0,1.0,0.0,0.0
3256,DoS/DDoS,DoS/DDoS,0.0,0.0,1.0,0.0,0.0
3257,Normal,Normal,0.0,0.0,0.0,1.0,0.0
3258,DoS/DDoS,DoS/DDoS,0.0,0.0,1.0,0.0,0.0
3259,Normal,Normal,0.0,0.0,0.0,1.0,0.0
3260,Normal,Normal,0.0,0.0,0.0,1.0,0.0
3261,DoS/DDoS,DoS/DDoS,0.0,0.0,0.9950386574981295,0.004961342501870524,0.0
3262,Normal,Normal,0.0,0.0,0.0,1.0,0.0
3263,Brute Force,Web Attack,0.0,0.19613006532062907,2.119664097954856e-06,0.0006797050253344196,0.8031881099899383
3264,DoS/DDoS,DoS/DDoS,0.0,0.0,1.0,0.0,0.0
3265,DoS/DDoS,DoS/DDoS,0.0,0.0,0.9425899765377888,0.057410023462211184,0.0
3266,DoS/DDoS,DoS/DDoS,0.0,0.05411603443784451,0.7473766179958686,0.10094889071867306,0.09755845684761381
3267,DoS/DDoS,DoS/DDoS,0.0,0.0,1.0,0.0,0.0
3268,Normal,Normal,0.07439327249585477,0.0,4.4410320801819716e-05,0.9255623171833431,0.0
3269,DoS/DDoS,DoS/DDoS,0.0,0.0,1.0,0.0,0.0
3270,Normal,Normal,0.0,0.0,0.0,1.0,0.0
3271,Brute Force,Brute Force,0.0,1.0,0.0,0.0,0.0
3272,DoS/DDoS,DoS/DDoS,0.0,0.0,0.9324742791288102,0.06752572087118987,0.0
3273,Normal,Normal,0.0,0.0,0.0,1.0,0.0
3274,Brute Force,Brute Force,0.0,1.0,0.0,0.0,0.0
3275,Normal,Normal,0.0,0.0,0.0,1.0,0.0
3276,Brute Force,Web Attack,0.0,0.07991366056899718,2.119664097954856e-06,0.0009771060907345184,0.9191071136761699
3277,Brute Force,Brute Force,0.0,1.0,0.0,0.0,0.0
3278,DoS/DDoS,DoS/DDoS,0.0,0.0,1.0,0.0,0.0
3279,Normal,Normal,0.0,0.0,0.0,1.0,0.0
3280,Normal,Normal,0.0,0.0,0.0,1.0,0.0
3281,DoS/DDoS,DoS/DDoS,0.0,0.0,1.0,0.0,0.0
3282,Normal,Normal,0.00045391557554762117,0.00861123722391999,0.2716666855541832,0.7192681616463493,0.0
3283,DoS/DDoS,DoS/DDoS,0.0,0.0,1.0,0.0,0.0
3284,Brute Force,Brute Force,0.0,1.0,0.0,0.0,0.0
3285,Normal,Normal,0.0,0.0,0.0,1.0,0.0
3286,Normal,Normal,0.0,0.0,0.0,1.0,0.0
3287,Normal,Normal,0.0,0.0,0.01,0.99,0.0
3288,DoS/DDoS,DoS/DDoS,0.0,0.0,1.0,0.0,0.0
3289,Normal,Normal,0.0,0.0,0.0,1.0,0.0
3290,Normal,Normal,0.0,0.0,0.0,1.0,0.0
3291,Normal,Normal,0.0,0.0,0.0,1.0,0.0
3292,Normal,Normal,0.0,0.0,0.0,1.0,0.0
3293,DoS/DDoS,DoS/DDoS,0.0,0.0,1.0,0.0,0.0
3294,Normal,Normal,0.0,0.010927100962366612,0.0,0.9834436374819401,0.005629261555693226
3295,Normal,Normal,0.0,0.0,0.0,1.0,0.0
3296,DoS/DDoS,DoS/DDoS,0.0,0.0,1.0,0.0,0.0
3297,DoS/DDoS,DoS/DDoS,0.0,0.0,1.0,0.0,0.0
3298,DoS/DDoS,DoS/DDoS,0.0,0.0,1.0,0.0,0.0
3299,Brute Force,Brute Force,0.0,1.0,0.0,0.0,0.0
3300,Normal,Normal,0.0,0.0,0.0,1.0,0.0
3301,Brute Force,Brute Force,0.0,1.0,0.0,0.0,0.0
3302,Brute Force,Brute Force,0.0,1.0,0.0,0.0,0.0
3303,DoS/DDoS,DoS/DDoS,0.0,0.0,1.0,0.0,0.0
3304,DoS/DDoS,DoS/DDoS,0.0,0.0,1.0,0.0,0.0
3305,Normal,Normal,0.0,0.0,8.982829642318197e-05,0.9999101717035768,0.0
3306,DoS/DDoS,DoS/DDoS,0.0,0.0,0.9999515620674263,4.843793257365714e-05,0.0
3307,Brute Force,Brute Force,0.0,0.6864108197588402,1.6281103216542896e-05,0.009747070485146642,0.3038258286527969
3308,DoS/DDoS,DoS/DDoS,0.0,0.01760052245526863,0.6790740470485943,0.06729703733694602,0.23602839315919102
3309,Normal,Normal,0.0,0.006530612244897959,0.036687940560106685,0.9567814471949955,0.0
3310,DoS/DDoS,DoS/DDoS,0.0,0.0,1.0,0.0,0.0
3311,Normal,Normal,0.0,0.02818667540114087,0.0,0.9630697614698412,0.008743563129017968
3312,DoS/DDoS,DoS/DDoS,0.0,0.0,0.9941437131556198,0.005856286844380217,0.0
3313,DoS/DDoS,DoS/DDoS,0.0,0.0,1.0,0.0,0.0
3314,Normal,Normal,0.0,0.0,0.0,1.0,0.0
3315,Brute Force,Web Attack,0.0,0.17348393594796252,2.119664097954856e-06,0.0006479797404217516,0.8258659646475176
3316,Brute Force,Brute Force,0.0,1.0,0.0,0.0,0.0
3317,Normal,Normal,0.0,0.0,0.0,1.0,0.0
3318,DoS/DDoS,DoS/DDoS,0.0,0.0,1.0,0.0,0.0
3319,Brute Force,Brute Force,0.0,0.9287909072357745,0.0036892544179941917,0.06751983834623144,0.0
3320,Normal,Normal,0.0,0.0,0.0,0.99,0.01
3321,DoS/DDoS,DoS/DDoS,0.0,0.0,1.0,0.0,0.0
3322,Brute Force,Brute Force,0.0,1.0,0.0,0.0,0.0
3323,Normal,Normal,0.0,0.0,0.0,1.0,0.0
3324,Bot,Bot,0.9815403611863985,0.0,4.362009610206515e-05,0.018416018717499604,0.0
3325,DoS/DDoS,DoS/DDoS,0.0,0.0,1.0,0.0,0.0
3326,Bot,Bot,0.9746378530724463,0.0,3.520799886192343e-05,0.025326938928691797,0.0
3327,Normal,Normal,0.0,0.0,0.0,1.0,0.0
3328,DoS/DDoS,DoS/DDoS,0.0,0.0,0.9999515620674263,4.843793257365714e-05,0.0
3329,Normal,Normal,0.0,0.0,0.0,1.0,0.0
3330,DoS/DDoS,DoS/DDoS,0.0,0.0,1.0,0.0,0.0
3331,DoS/DDoS,DoS/DDoS,0.0,0.0,1.0,0.0,0.0
3332,DoS/DDoS,DoS/DDoS,0.0,0.0,1.0,0.0,0.0
3333,Normal,Normal,0.009109047970428538,0.020290821683145922,0.36175807821064704,0.6088420521357785,0.0
3334,DoS/DDoS,DoS/DDoS,0.0,0.0,1.0,0.0,0.0
3335,DoS/DDoS,DoS/DDoS,0.0,0.0,1.0,0.0,0.0
3336,DoS/DDoS,DoS/DDoS,0.0,0.0,0.9998142551174002,0.00018574488259984488,0.0
3337,DoS/DDoS,DoS/DDoS,0.0,0.0,0.9998779831753416,0.00012201682465843791,0.0
3338,Normal,Normal,0.0,0.0,0.0,1.0,0.0
3339,Normal,Normal,0.0,0.0,0.0,1.0,0.0
3340,DoS/DDoS,DoS/DDoS,0.0,0.0,1.0,0.0,0.0
3341,Normal,Normal,0.0,0.0,0.0,1.0,0.0
3342,Normal,Normal,0.0,0.0,0.0,1.0,0.0
3343,Normal,Normal,0.0,0.0,0.0,1.0,0.0
3344,Normal,Normal,0.0,0.0,0.0,1.0,0.0
3345,DoS/DDoS,DoS/DDoS,0.0,0.0,1.0,0.0,0.0
3346,Brute Force,Brute Force,0.0,1.0,0.0,0.0,0.0
3347,Normal,Normal,0.0,0.0,0.0,1.0,0.0
3348,Normal,Normal,0.0,0.0,0.0,1.0,0.0
3349,Brute Force,Brute Force,0.0,0.6814815749614489,9.46330438626493e-06,0.030139702322008143,0.28836925941215685
3350,DoS/DDoS,DoS/DDoS,0.0,0.0,0.9991599881493601,0.0008400118506398297,0.0
3351,Normal,Normal,0.0,0.0003567545735037896,0.01946756492332277,0.9576930761170149,0.0224826043861585
3352,DoS/DDoS,DoS/DDoS,0.0,0.0,1.0,0.0,0.0
3353,Brute Force,Brute Force,0.0,1.0,0.0,0.0,0.0
3354,DoS/DDoS,DoS/DDoS,0.0,0.0,1.0,0.0,0.0
3355,Brute Force,Brute Force,0.0,0.900099055523408,0.0,0.022546588380170388,0.07735435609642144
3356,DoS/DDoS,DoS/DDoS,0.0,0.0,1.0,0.0,0.0
3357,Normal,Normal,0.0,0.0,0.0,1.0,0.0
3358,Bot,Bot,0.9990740433723313,0.0,0.0,0.0009259566276686529,0.0
3359,Normal,Normal,0.0,0.006113223656459936,0.0535127462699912,0.8434738240647469,0.0969002060088021
3360,DoS/DDoS,DoS/DDoS,0.0,0.0,1.0,0.0,0.0
3361,Normal,Normal,0.0,0.0,0.0,1.0,0.0
3362,Normal,Normal,0.0,0.0,0.0,1.0,0.0
3363,Brute Force,Brute Force,0.0,1.0,0.0,0.0,0.0
3364,Brute Force,Brute Force,0.0,1.0,0.0,0.0,0.0
3365,Normal,Normal,0.0,0.0,0.0,1.0,0.0
3366,Normal,Normal,0.0,0.0,0.017721118836220347,0.9722788811637797,0.01
3367,DoS/DDoS,DoS/DDoS,0.0,0.0,1.0,0.0,0.0
3368,DoS/DDoS,DoS/DDoS,0.0,0.0,0.9998779831753416,0.00012201682465843791,0.0
3369,DoS/DDoS,DoS/DDoS,0.0,0.0,1.0,0.0,0.0
3370,Normal,Normal,0.0,0.0,0.0,1.0,0.0
3371,Web Attack,Brute Force,0.0,0.6708694956411153,1.6281103216542896e-05,0.020136456365732486,0.3089777668899356
3372,Normal,Normal,0.0,0.0,0.0,1.0,0.0
3373,Normal,Normal,0.0,0.0,0.0,1.0,0.0
3374,Brute Force,Brute Force,0.0,1.0,0.0,0.0,0.0
3375,Normal,Normal,0.0,0.01,0.004977462974887315,0.9850225370251127,0.0
3376,DoS/DDoS,DoS/DDoS,0.0,0.0,0.9959514378458766,0.004048562154123351,0.0
3377,Brute Force,Brute Force,0.0,1.0,0.0,0.0,0.0
3378,Brute Force,Brute Force,0.0,1.0,0.0,0.0,0.0
3379,DoS/DDoS,DoS/DDoS,0.0,0.0,1.0,0.0,0.0
3380,Normal,Normal,0.008346126169345167,0.0,0.0,0.9916538738306548,0.0
3381,Normal,Normal,0.0,0.0,0.0,1.0,0.0
3382,Normal,Normal,0.0,0.0,0.0,1.0,0.0
3383,Brute Force,Brute Force,0.0,0.7358469846817047,1.6281103216542896e-05,0.004610823947693737,0.259525910267385
3384,Normal,Normal,0.0,0.0,0.0,1.0,0.0
3385,Brute Force,Brute Force,0.0,1.0,0.0,0.0,0.0
3386,Brute Force,Brute Force,0.0,0.6699813133432413,0.000794517207468214,0.043728385222660995,0.28549578422662975
3387,DoS/DDoS,DoS/DDoS,0.0,0.0,1.0,0.0,0.0
3388,Normal,Normal,0.0,0.0,0.0,1.0,0.0
3389,Normal,Normal,0.0,0.0,0.0,1.0,0.0
3390,Normal,Normal,0.0,0.00012147879110522841,0.003803400114246514,0.9960751210946482,0.0
3391,Brute Force,Brute Force,0.0,1.0,0.0,0.0,0.0
3392,Normal,Normal,0.0,0.0,0.0,1.0,0.0
3393,Normal,Normal,0.0,0.0,0.0,1.0,0.0
3394,Brute Force,Brute Force,0.0,0.8722485795387049,0.00015646502847047037,0.03577718003046315,0.0918177754023612
3395,Normal,Normal,0.08490367565788355,0.0,0.0,0.9150963243421165,0.0
3396,Brute Force,Brute Force,0.0,1.0,0.0,0.0,0.0
3397,Normal,Normal,0.0,0.0,0.0,1.0,0.0
3398,Brute Force,Brute Force,0.0,1.0,0.0,0.0,0.0
3399,Normal,Normal,0.0,0.0,0.0,1.0,0.0
3400,Normal,Normal,0.0,0.0,0.0,1.0,0.0
3401,Normal,Normal,0.0,0.0,0.0,1.0,0.0
3402,DoS/DDoS,DoS/DDoS,0.0,0.0,0.9991599881493601,0.0008400118506398297,0.0
3403,Normal,Normal,0.0,0.0,0.0,1.0,0.0
3404,Brute Force,Web Attack,0.0,0.15960874070044245,2.119664097954856e-06,0.0006516463990258588,0.8397374932364332
3405,DoS/DDoS,DoS/DDoS,0.0,0.0,1.0,0.0,0.0
3406,DoS/DDoS,DoS/DDoS,0.0,0.0,1.0,0.0,0.0
3407,Normal,Normal,0.0,0.0,0.0,1.0,0.0
3408,Normal,Normal,0.0,0.0,0.0,1.0,0.0
3409,Normal,Normal,0.0,0.009051796210786268,0.0,0.9909482037892137,0.0
3410,Bot,Bot,0.9975133761352845,0.0,0.0,0.0024866238647154463,0.0
3411,DoS/DDoS,DoS/DDoS,0.0,0.0,1.0,0.0,0.0
3412,Brute Force,Brute Force,0.0,1.0,0.0,0.0,0.0
3413,Normal,Normal,0.0,0.0,0.01331178740113529,0.9866882125988647,0.0
3414,DoS/DDoS,DoS/DDoS,0.0,0.0003353286992620004,0.999664671300738,0.0,0.0
3415,Normal,Normal,0.0,0.0,0.0,1.0,0.0
3416,Normal,Normal,0.0,0.0,0.0,1.0,0.0
3417,DoS/DDoS,DoS/DDoS,0.0,0.0,1.0,0.0,0.0
3418,Brute Force,Brute Force,0.0,1.0,0.0,0.0,0.0
3419,DoS/DDoS,DoS/DDoS,0.0,0.0,1.0,0.0,0.0
3420,Normal,Normal,0.01,0.0,0.0,0.99,0.0
3421,Normal,Normal,0.0,0.0,0.0,1.0,0.0
3422,Normal,Normal,0.0,0.0,0.0,1.0,0.0
3423,Normal,Normal,0.0,0.0,0.0,1.0,0.0
3424,Normal,Normal,0.0,0.0,0.007021932621280845,0.9929780673787191,0.0
3425,Normal,Normal,0.00045391557554762117,0.008344360403523843,0.00022955373686064148,0.9902430009561332,0.0007291693279346996
3426,DoS/DDoS,DoS/DDoS,0.0,0.0,1.0,0.0,0.0
3427,DoS/DDoS,DoS/DDoS,0.0,0.0,1.0,0.0,0.0
3428,Normal,Normal,0.29524212135582084,0.0,1.185981413265176e-05,0.7047460188300466,0.0
3429,Bot,Bot,1.0,0.0,0.0,0.0,0.0
3430,Normal,Normal,0.0,0.0,0.0,1.0,0.0
3431,DoS/DDoS,DoS/DDoS,0.0,0.0,1.0,0.0,0.0
3432,DoS/DDoS,DoS/DDoS,0.0,0.0,1.0,0.0,0.0
3433,Normal,Normal,0.0,0.0,0.0,1.0,0.0
3434,Normal,Normal,0.0,0.0,0.0,1.0,0.0
3435,DoS/DDoS,DoS/DDoS,0.0,0.0,0.9999515620674263,4.843793257365714e-05,0.0
3436,Brute Force,Brute Force,0.0,1.0,0.0,0.0,0.0
3437,Normal,Normal,0.0,0.02735221846721865,0.0,0.9639042184037635,0.008743563129017968
3438,Normal,Normal,0.0,0.0,0.0,1.0,0.0
3439,Web Attack,Brute Force,0.0,0.49596583801338545,0.0014696184107347327,0.09688727111201563,0.4056772724638641
3440,Brute Force,Brute Force,0.0,1.0,0.0,0.0,0.0
3441,Brute Force,Brute Force,0.0,1.0,0.0,0.0,0.0
3442,Normal,Normal,0.0,0.0,0.0,1.0,0.0
3443,Brute Force,Brute Force,0.0,1.0,0.0,0.0,0.0
3444,Normal,Normal,0.0,0.009051796210786268,0.0,0.9909482037892137,0.0
3445,Brute Force,Brute Force,0.0,1.0,0.0,0.0,0.0
3446,Normal,Normal,0.0,0.0,0.0,1.0,0.0
3447,Brute Force,Brute Force,0.0,1.0,0.0,0.0,0.0
3448,Normal,Normal,0.0,0.07096099757721848,5.544403877171457e-05,0.8714058326103609,0.05757772577364898
3449,DoS/DDoS,DoS/DDoS,0.0,0.0,0.9991626809932517,0.0008373190067483455,0.0
3450,DoS/DDoS,DoS/DDoS,0.0,0.0,1.0,0.0,0.0
3451,DoS/DDoS,DoS/DDoS,0.0,0.0,0.9998779831753416,0.00012201682465843791,0.0
3452,DoS/DDoS,DoS/DDoS,0.0,0.0,1.0,0.0,0.0
3453,Normal,Normal,0.0,0.0,0.0,1.0,0.0
3454,DoS/DDoS,DoS/DDoS,0.0,0.0,0.9999515620674263,4.843793257365714e-05,0.0
3455,Normal,Normal,0.0,0.00481261441746399,0.0,0.995187385582536,0.0
3456,Brute Force,Brute Force,0.0,1.0,0.0,0.0,0.0
3457,Brute Force,Web Attack,0.0,0.32715214049857216,1.278549656947793e-05,0.010906627244298264,0.66192844676056
3458,Brute Force,Brute Force,0.0,1.0,0.0,0.0,0.0
3459,DoS/DDoS,DoS/DDoS,0.0,0.0,1.0,0.0,0.0
3460,Normal,Normal,0.0,0.0,0.0,1.0,0.0
3461,Normal,Normal,0.0,0.0030036762233408266,0.0025581130518695116,0.991392991667404,0.003045219057385608
3462,Brute Force,Web Attack,0.0,0.29317618062029915,2.119664097954856e-06,0.0006693158207079804,0.7061523838948952
3463,DoS/DDoS,DoS/DDoS,0.0,0.0,1.0,0.0,0.0
3464,Brute Force,Brute Force,0.0,1.0,0.0,0.0,0.0
3465,Normal,Normal,0.0,0.0344429551856132,0.0,0.8205398270472217,0.1450172177671651
3466,Normal,Normal,0.39802809918842286,0.0,6.396830909891647e-05,0.6019079325024782,0.0
3467,DoS/DDoS,DoS/DDoS,0.0,0.0,1.0,0.0,0.0
3468,Normal,Normal,0.0,0.0,0.0,1.0,0.0
3469,Normal,Normal,0.0,0.03040100744166684,0.0,0.9608554294293153,0.008743563129017968
3470,Normal,Normal,0.0,0.0,0.0,1.0,0.0
3471,DoS/DDoS,DoS/DDoS,0.0,0.0,1.0,0.0,0.0
3472,DoS/DDoS,DoS/DDoS,0.0,0.0,1.0,0.0,0.0
3473,Normal,Normal,0.0,0.01007864832031865,0.0,0.9842920901239881,0.005629261555693226
3474,DoS/DDoS,Normal,0.0,0.13183036198256737,0.12898789992611,0.3851520468998434,0.3540296911914792
3475,Brute Force,Brute Force,0.0,1.0,0.0,0.0,0.0
3476,DoS/DDoS,DoS/DDoS,0.0,0.0,1.0,0.0,0.0
3477,Brute Force,Brute Force,0.0,1.0,0.0,0.0,0.0
3478,DoS/DDoS,DoS/DDoS,0.0,0.0,1.0,0.0,0.0
3479,Normal,Normal,0.0054769800319233565,0.0,0.00037149651321238694,0.9941515234548642,0.0
3480,Normal,Normal,0.0,0.0,0.0,1.0,0.0
3481,Brute Force,Brute Force,0.0,1.0,0.0,0.0,0.0
3482,Normal,Normal,0.0,0.0,0.0,1.0,0.0
3483,Normal,Normal,0.01,0.0,0.0032937249982247256,0.9867062750017753,0.0
3484,Brute Force,Brute Force,0.0,1.0,0.0,0.0,0.0
3485,Brute Force,Brute Force,0.0,1.0,0.0,0.0,0.0
3486,Brute Force,Brute Force,0.0,1.0,0.0,0.0,0.0
3487,Normal,Normal,0.0,0.0,0.08164287890182735,0.9183571210981728,0.0
3488,Normal,Normal,0.0,0.004835457025449774,0.0,0.9951645429745503,0.0
3489,Brute Force,Web Attack,0.0,0.17209182129509068,0.0005175203272085855,0.020682802773614076,0.8067078556040868
3490,Bot,Bot,0.9966296454325219,0.0,0.0,0.0033703545674781538,0.0
3491,Normal,Normal,0.00045391557554762117,0.0,0.00022955373686064148,0.9993165306875917,0.0
3492,Normal,Normal,0.0,0.0,0.0,1.0,0.0
3493,DoS/DDoS,DoS/DDoS,0.0,0.0,0.9999515620674263,4.843793257365714e-05,0.0
3494,DoS/DDoS,DoS/DDoS,0.0,0.0,1.0,0.0,0.0
3495,Brute Force,Brute Force,0.0,0.9248540444630596,0.0,0.026937648124709623,0.04820830741223075
3496,Normal,Normal,0.0,0.0,0.0,1.0,0.0
3497,DoS/DDoS,DoS/DDoS,0.0,0.0,1.0,0.0,0.0
3498,Normal,Normal,0.0,0.0,0.0,1.0,0.0
3499,Brute Force,Brute Force,0.0,1.0,0.0,0.0,0.0
3500,DoS/DDoS,DoS/DDoS,0.0,0.0003353286992620004,0.999664671300738,0.0,0.0
3501,Brute Force,Brute Force,0.0,1.0,0.0,0.0,0.0
3502,Normal,Normal,0.0,0.0,0.006660003807348182,0.9933399961926519,0.0
3503,Normal,Normal,0.0,0.0,0.0,1.0,0.0
3504,DoS/DDoS,DoS/DDoS,0.0,0.0,1.0,0.0,0.0
3505,Normal,Normal,0.0,0.0,0.0,1.0,0.0
3506,Normal,Normal,0.0,0.06804842225727631,0.0,0.6733984433891405,0.25855313435358335
3507,Brute Force,Brute Force,0.0,1.0,0.0,0.0,0.0
3508,Normal,Normal,0.0,0.0,0.0,1.0,0.0
3509,DoS/DDoS,DoS/DDoS,0.0,0.0,1.0,0.0,0.0
3510,DoS/DDoS,DoS/DDoS,0.0,0.0,1.0,0.0,0.0
3511,Normal,Normal,0.0,0.0,0.0,1.0,0.0
3512,Normal,Normal,0.0,0.0,0.0,1.0,0.0
3513,DoS/DDoS,DoS/DDoS,0.0,0.0,1.0,0.0,0.0
3514,Normal,Normal,0.0,0.0,0.0,1.0,0.0
3515,Normal,Normal,0.0,0.0,0.0,1.0,0.0
3516,Brute Force,Brute Force,0.0,1.0,0.0,0.0,0.0
3517,Brute Force,Brute Force,0.0,1.0,0.0,0.0,0.0
3518,Normal,Normal,0.0,0.0,0.0,1.0,0.0
3519,DoS/DDoS,DoS/DDoS,0.0,0.0,1.0,0.0,0.0
3520,Normal,Normal,0.0,0.0,0.0,1.0,0.0
3521,DoS/DDoS,DoS/DDoS,0.0,0.0,1.0,0.0,0.0
3522,Normal,Normal,0.0,0.0,0.0,1.0,0.0
3523,Brute Force,Brute Force,0.0,1.0,0.0,0.0,0.0
3524,Brute Force,Brute Force,0.0,1.0,0.0,0.0,0.0
3525,Normal,Normal,0.0,0.023834452578361354,0.0,0.9705362858659454,0.005629261555693226
3526,Brute Force,Brute Force,0.0,1.0,0.0,0.0,0.0
3527,Normal,Normal,0.0,0.0,0.0,1.0,0.0
3528,Brute Force,Brute Force,0.0,0.9492167950434164,0.006128038628038628,0.044655166328544924,0.0
3529,Normal,Normal,0.0,0.0,0.0,1.0,0.0
3530,Normal,Normal,0.0,0.018796134260098185,0.0,0.9587469675231733,0.022456898216728586
3531,DoS/DDoS,DoS/DDoS,0.0,0.0,1.0,0.0,0.0
3532,Brute Force,Brute Force,0.0,1.0,0.0,0.0,0.0
3533,DoS/DDoS,DoS/DDoS,0.0,0.0,0.9999807544456359,1.9245554364025933e-05,0.0
3534,Brute Force,Brute Force,0.0,1.0,0.0,0.0,0.0
3535,DoS/DDoS,DoS/DDoS,0.0,0.0,1.0,0.0,0.0
3536,DoS/DDoS,DoS/DDoS,0.0,0.0,1.0,0.0,0.0
3537,Normal,Normal,0.0,0.159728950147377,1.0665832471523074e-05,0.7197822114291407,0.12047817259101076
3538,Bot,Bot,0.9998264245213513,0.0,0.0,0.00017357547864877836,0.0
3539,Bot,Bot,0.9991387937845667,0.0,0.0,0.0008612062154332367,0.0
3540,Normal,Normal,0.0,0.0,0.0,1.0,0.0
3541,Brute Force,Brute Force,0.0,1.0,0.0,0.0,0.0
3542,Brute Force,Brute Force,0.0,1.0,0.0,0.0,0.0
3543,DoS/DDoS,DoS/DDoS,0.0,0.0,1.0,0.0,0.0
3544,Normal,Normal,0.0,0.0,0.0,1.0,0.0
3545,Bot,Bot,1.0,0.0,0.0,0.0,0.0
3546,DoS/DDoS,DoS/DDoS,0.0,0.0,1.0,0.0,0.0
3547,DoS/DDoS,DoS/DDoS,0.0,0.0,0.9981016019382164,0.0018983980617836205,0.0
3548,Normal,Normal,0.0,0.0,0.0,1.0,0.0
3549,DoS/DDoS,DoS/DDoS,0.0,0.0,1.0,0.0,0.0
3550,DoS/DDoS,DoS/DDoS,0.0,0.0,1.0,0.0,0.0
3551,Normal,Normal,0.0,0.0,0.0025040197234430274,0.997495980276557,0.0
3552,Normal,Normal,0.0,0.0,0.0,1.0,0.0
3553,DoS/DDoS,DoS/DDoS,0.0,0.0,1.0,0.0,0.0
3554,Normal,Normal,0.0,0.0,0.0,1.0,0.0
3555,Normal,Normal,0.0,0.0,0.0,1.0,0.0
3556,DoS/DDoS,DoS/DDoS,0.0,0.0,1.0,0.0,0.0
3557,DoS/DDoS,DoS/DDoS,0.0,0.0,1.0,0.0,0.0
3558,Normal,Normal,0.0,0.0,0.0,1.0,0.0
3559,DoS/DDoS,DoS/DDoS,0.0,0.0,1.0,0.0,0.0
3560,Brute Force,Brute Force,0.0,1.0,0.0,0.0,0.0
3561,DoS/DDoS,DoS/DDoS,0.0,0.0037942882177759763,0.9832941925212808,0.012911519260942974,0.0
3562,Normal,Normal,0.0,0.0,0.0,1.0,0.0
3563,Brute Force,Brute Force,0.0,1.0,0.0,0.0,0.0
3564,Normal,Normal,0.0,0.0,0.0,1.0,0.0
3565,Normal,Normal,0.0,0.0,0.0,1.0,0.0
3566,Normal,Normal,0.0,0.0,0.0,1.0,0.0
3567,Web Attack,Web Attack,0.0,0.3389852732483912,2.119664097954856e-06,0.0006207759528405987,0.66039183113467
3568,DoS/DDoS,DoS/DDoS,0.0,0.0,1.0,0.0,0.0
3569,DoS/DDoS,DoS/DDoS,0.0,0.0,1.0,0.0,0.0
3570,DoS/DDoS,DoS/DDoS,0.0,0.0,1.0,0.0,0.0
3571,Brute Force,Brute Force,0.0,1.0,0.0,0.0,0.0
3572,Normal,Normal,0.0,0.0,0.0,1.0,0.0
3573,Brute Force,Brute Force,0.0,1.0,0.0,0.0,0.0
3574,DoS/DDoS,DoS/DDoS,0.0,0.0,0.9860186575621108,0.013981342437889253,0.0
3575,Brute Force,Web Attack,0.0,0.2547425013080124,2.119664097954856e-06,0.0006531719144594639,0.7446022071134298
3576,Brute Force,Brute Force,0.0,0.40686607272907993,0.07490346453982318,0.28164315404027906,0.2365873086908179
3577,Normal,Normal,0.0,0.0,0.0,1.0,0.0
3578,DoS/DDoS,DoS/DDoS,0.0,0.0,1.0,0.0,0.0
3579,DoS/DDoS,DoS/DDoS,0.0,0.0,1.0,0.0,0.0
3580,DoS/DDoS,DoS/DDoS,0.0,0.0,1.0,0.0,0.0
3581,DoS/DDoS,DoS/DDoS,0.0,0.0,1.0,0.0,0.0
3582,DoS/DDoS,DoS/DDoS,0.0,0.0,1.0,0.0,0.0
3583,DoS/DDoS,DoS/DDoS,0.0,0.0,1.0,0.0,0.0
3584,Normal,Normal,0.0,0.0,0.0,1.0,0.0
3585,Brute Force,Brute Force,0.0,1.0,0.0,0.0,0.0
3586,Brute Force,Brute Force,0.0,1.0,0.0,0.0,0.0
3587,Brute Force,Brute Force,0.0,1.0,0.0,0.0,0.0
3588,DoS/DDoS,DoS/DDoS,0.0,0.0,1.0,0.0,0.0
3589,Brute Force,Brute Force,0.0,1.0,0.0,0.0,0.0
3590,DoS/DDoS,DoS/DDoS,0.0,0.0,1.0,0.0,0.0
3591,Brute Force,Brute Force,0.0,1.0,0.0,0.0,0.0
3592,Normal,Normal,0.0,0.0,0.0,1.0,0.0
3593,Normal,Normal,0.0,0.0,0.0,1.0,0.0
3594,Normal,Normal,0.0,0.0,0.0,1.0,0.0
3595,Brute Force,Brute Force,0.0,1.0,0.0,0.0,0.0
3596,DoS/DDoS,DoS/DDoS,0.0,0.0,1.0,0.0,0.0
3597,Brute Force,Brute Force,0.0,0.8719327812384617,0.0,0.12806721876153826,0.0
3598,Bot,Bot,1.0,0.0,0.0,0.0,0.0
3599,Brute Force,Brute Force,0.0,1.0,0.0,0.0,0.0
3600,Bot,Bot,1.0,0.0,0.0,0.0,0.0
3601,Normal,Normal,0.0,0.01217657361503709,0.0,0.9821941648292697,0.005629261555693226
3602,Normal,Normal,0.41583044166649846,0.0,0.0004439723136967439,0.5837255860198047,0.0
3603,Normal,Normal,0.0,0.0,0.03501710985955657,0.9452854578017897,0.019697432338653714
3604,DoS/DDoS,DoS/DDoS,0.0,0.0,0.9880858065692051,0.011914193430794869,0.0
3605,DoS/DDoS,DoS/DDoS,0.0,0.0012664794550270107,0.9657969152901913,0.03293660525478151,0.0
3606,Normal,Normal,0.0,0.0,0.0,1.0,0.0
3607,Normal,Normal,0.0,0.0003567545735037896,0.026322744876757564,0.9508378961635802,0.0224826043861585
3608,DoS/DDoS,DoS/DDoS,0.0,0.0,1.0,0.0,0.0
3609,Brute Force,Brute Force,0.0,1.0,0.0,0.0,0.0
3610,Normal,Normal,0.0,5.159261173208868e-05,0.13174096166616078,0.812041128353188,0.05616631736891931
3611,DoS/DDoS,DoS/DDoS,0.0,0.0,1.0,0.0,0.0
3612,Bot,Bot,0.9708071008655413,0.0,2.9956241548768396e-05,0.029162942892909834,0.0
3613,Brute Force,Brute Force,0.0,1.0,0.0,0.0,0.0
3614,DoS/DDoS,DoS/DDoS,0.0,0.0,1.0,0.0,0.0
3615,Normal,Normal,0.0,0.0,0.0,1.0,0.0
3616,DoS/DDoS,DoS/DDoS,0.0,0.0,0.8839188348551551,0.10608116514484484,0.01
3617,Brute Force,Brute Force,0.0,1.0,0.0,0.0,0.0
3618,Normal,Normal,0.0,0.027967606771739484,0.0,0.7031560320722869,0.26887636115597385
3619,DoS/DDoS,DoS/DDoS,0.0,0.0,1.0,0.0,0.0
3620,DoS/DDoS,DoS/DDoS,0.0,0.0,1.0,0.0,0.0
3621,Brute Force,Brute Force,0.0,0.9968016991454712,0.0,0.003198300854528802,0.0
3622,Normal,Normal,0.0,0.0,0.0,1.0,0.0
3623,Normal,Normal,0.0,0.0,0.0,1.0,0.0
3624,Bot,Bot,1.0,0.0,0.0,0.0,0.0
3625,DoS/DDoS,DoS/DDoS,0.0,0.0,1.0,0.0,0.0
3626,DoS/DDoS,DoS/DDoS,0.0,0.0,1.0,0.0,0.0
3627,DoS/DDoS,DoS/DDoS,0.0,0.0,1.0,0.0,0.0
3628,Brute Force,Brute Force,0.0,0.7319375130054628,0.00019882919927561324,0.07678368332682871,0.19107997446843267
3629,DoS/DDoS,DoS/DDoS,0.0,0.0,1.0,0.0,0.0
3630,Normal,Normal,0.0,0.0055074726143295,0.0005520717299238347,0.9623227003081023,0.03161775534764449
3631,Brute Force,Brute Force,0.0,1.0,0.0,0.0,0.0
3632,Normal,Normal,0.0,0.0,0.0,1.0,0.0
3633,Normal,Normal,0.0,0.0,0.01,0.98,0.01
3634,Brute Force,Brute Force,0.0,1.0,0.0,0.0,0.0
3635,DoS/DDoS,DoS/DDoS,0.0,0.0,1.0,0.0,0.0
3636,DoS/DDoS,DoS/DDoS,0.0,0.0,1.0,0.0,0.0
3637,Brute Force,Brute Force,0.0,1.0,0.0,0.0,0.0
3638,DoS/DDoS,DoS/DDoS,0.0,0.0,1.0,0.0,0.0
3639,DoS/DDoS,DoS/DDoS,0.0,0.0,1.0,0.0,0.0
3640,DoS/DDoS,DoS/DDoS,0.0,0.0,1.0,0.0,0.0
3641,DoS/DDoS,DoS/DDoS,0.0,0.0037942882177759763,0.9832941925212808,0.012911519260942974,0.0
3642,DoS/DDoS,DoS/DDoS,0.0,0.0,1.0,0.0,0.0
3643,DoS/DDoS,DoS/DDoS,0.0,0.0,1.0,0.0,0.0
3644,Normal,Normal,0.0,0.0,0.0,1.0,0.0
3645,Normal,Normal,0.0,0.0,8.982829642318197e-05,0.9999101717035768,0.0
3646,Bot,Bot,0.9815403611863985,0.0,4.362009610206515e-05,0.018416018717499604,0.0
3647,Brute Force,Brute Force,0.0,0.7811155118560263,1.6281103216542896e-05,0.0012831151736509127,0.21758509186710626
3648,DoS/DDoS,DoS/DDoS,0.0,0.0,1.0,0.0,0.0
3649,Normal,Normal,0.0,0.0,0.0,1.0,0.0
3650,Bot,Bot,0.9998197911964907,0.0,0.0,0.00018020880350936918,0.0
3651,DoS/DDoS,DoS/DDoS,0.0,0.0,1.0,0.0,0.0
3652,DoS/DDoS,DoS/DDoS,0.0,0.0,1.0,0.0,0.0
3653,Brute Force,Brute Force,0.0,1.0,0.0,0.0,0.0
3654,Normal,Normal,0.0,0.0,0.0,1.0,0.0
3655,DoS/DDoS,DoS/DDoS,0.0,0.0,1.0,0.0,0.0
3656,Brute Force,Brute Force,0.0,1.0,0.0,0.0,0.0
3657,Normal,Normal,0.0,0.0,0.0,1.0,0.0
3658,Brute Force,Brute Force,0.0,1.0,0.0,0.0,0.0
3659,Normal,Normal,0.0,0.0,0.0,1.0,0.0
3660,DoS/DDoS,DoS/DDoS,0.0,0.0,1.0,0.0,0.0
3661,Normal,Normal,0.0,0.0,0.0,1.0,0.0
3662,Brute Force,Brute Force,0.0,1.0,0.0,0.0,0.0
3663,DoS/DDoS,DoS/DDoS,0.0,0.001241397398563415,0.995161534503387,0.003597068098049585,0.0
3664,Normal,Normal,0.21143479203360324,0.0,1.185981413265176e-05,0.7885533481522643,0.0
3665,Normal,Normal,0.0,0.0,0.0,1.0,0.0
3666,Normal,Normal,0.0,0.0,0.0,1.0,0.0
3667,Normal,Normal,0.0,0.0,0.0,1.0,0.0
3668,DoS/DDoS,DoS/DDoS,0.0,0.0,1.0,0.0,0.0
3669,Normal,Normal,0.0,0.0,0.0,1.0,0.0
3670,Normal,Normal,0.0,0.0,0.0,1.0,0.0
3671,Normal,Normal,0.0,0.0,0.0,1.0,0.0
3672,DoS/DDoS,DoS/DDoS,0.0,0.0,1.0,0.0,0.0
3673,DoS/DDoS,DoS/DDoS,0.0,0.0037942882177759763,0.9725503072349005,0.023655404547323386,0.0
3674,Normal,Normal,0.0,0.0,0.0,1.0,0.0
3675,DoS/DDoS,DoS/DDoS,0.0,0.0,1.0,0.0,0.0
3676,Normal,Normal,0.0,0.02671492510837065,0.0,0.9292875485923667,0.04399752629926258
3677,DoS/DDoS,DoS/DDoS,0.0,0.0,0.9987707187539315,0.0012292812460683322,0.0
3678,Normal,Normal,0.0,0.0055074726143295,0.0,0.9884544588864255,0.006038068499245142
3679,Normal,Normal,0.0,0.0,0.0,1.0,0.0
3680,DoS/DDoS,DoS/DDoS,0.0,0.0,1.0,0.0,0.0
3681,Brute Force,Brute Force,0.0,1.0,0.0,0.0,0.0
3682,Normal,Normal,0.0,0.014063318083719205,0.0,0.9726964140400952,0.013240267876185605
3683,Normal,Normal,0.0,0.0,0.0,1.0,0.0
3684,DoS/DDoS,DoS/DDoS,0.0,0.0,0.9991599881493601,0.0008400118506398297,0.0
3685,Bot,Bot,0.9788297612251339,0.0,4.362009610206515e-05,0.02112661867876425,0.0
3686,Normal,Normal,0.0,0.0,0.0,1.0,0.0
3687,Brute Force,Brute Force,0.0,1.0,0.0,0.0,0.0
3688,Brute Force,Brute Force,0.0,1.0,0.0,0.0,0.0
3689,Brute Force,Brute Force,0.0,1.0,0.0,0.0,0.0
3690,DoS/DDoS,DoS/DDoS,0.0,0.0,1.0,0.0,0.0
3691,Brute Force,Brute Force,0.0,1.0,0.0,0.0,0.0
3692,Brute Force,Brute Force,0.0,1.0,0.0,0.0,0.0
3693,Normal,Normal,0.0,0.0,0.0,1.0,0.0
3694,Normal,Normal,0.0,0.0,0.0,1.0,0.0
3695,DoS/DDoS,DoS/DDoS,0.0,0.0,1.0,0.0,0.0
3696,DoS/DDoS,DoS/DDoS,0.0,0.0,1.0,0.0,0.0
3697,Brute Force,Brute Force,0.0,1.0,0.0,0.0,0.0
3698,DoS/DDoS,DoS/DDoS,0.0,0.0,1.0,0.0,0.0
3699,DoS/DDoS,DoS/DDoS,0.0,0.0,1.0,0.0,0.0
3700,Normal,Normal,0.0,0.0,0.0,1.0,0.0
3701,Normal,Normal,0.06351064872182131,0.0,9.829310655844389e-06,0.9364795219675228,0.0
3702,Normal,Normal,0.0,0.0,0.0,1.0,0.0
3703,Brute Force,Web Attack,0.0,0.13208172027421675,2.119664097954856e-06,0.0005518317714593072,0.8673643282902258
3704,Brute Force,Brute Force,0.0,1.0,0.0,0.0,0.0
3705,Normal,Normal,0.0,0.0,0.0,1.0,0.0
3706,DoS/DDoS,DoS/DDoS,0.0,0.0,1.0,0.0,0.0
3707,Normal,Normal,0.0,0.0,0.0,1.0,0.0
3708,Brute Force,Brute Force,0.0,1.0,0.0,0.0,0.0
3709,DoS/DDoS,DoS/DDoS,0.0,0.0,1.0,0.0,0.0
3710,Normal,Normal,0.0,0.0,0.0,1.0,0.0
3711,DoS/DDoS,DoS/DDoS,0.0,0.0,1.0,0.0,0.0
3712,Normal,Normal,0.0,0.0,0.0,1.0,0.0
3713,Brute Force,Brute Force,0.0,1.0,0.0,0.0,0.0
3714,Brute Force,Brute Force,0.0,1.0,0.0,0.0,0.0
3715,DoS/DDoS,DoS/DDoS,0.0,0.0,1.0,0.0,0.0
3716,Brute Force,Brute Force,0.0,1.0,0.0,0.0,0.0
3717,Normal,Normal,0.0,0.007354097900133436,0.0,0.9926459020998665,0.0
3718,Normal,Normal,0.0,0.0,0.0,1.0,0.0
3719,DoS/DDoS,DoS/DDoS,0.0,0.0,1.0,0.0,0.0
3720,Brute Force,Brute Force,0.0,1.0,0.0,0.0,0.0
3721,Brute Force,Brute Force,0.0,1.0,0.0,0.0,0.0
3722,Normal,Normal,0.0,0.0,0.0,1.0,0.0
3723,Normal,Normal,0.009113181729328207,0.006551885468326004,0.057533509905746225,0.9171239586952927,0.009677464201306827
3724,Normal,Normal,0.0,0.0,0.0,1.0,0.0
3725,Brute Force,Brute Force,0.0,1.0,0.0,0.0,0.0
3726,Brute Force,Brute Force,0.0,1.0,0.0,0.0,0.0
3727,Brute Force,Brute Force,0.0,1.0,0.0,0.0,0.0
3728,Normal,Normal,0.0,0.0,0.0,1.0,0.0
3729,Brute Force,Brute Force,0.0,1.0,0.0,0.0,0.0
3730,DoS/DDoS,DoS/DDoS,0.0,0.0,1.0,0.0,0.0
3731,Normal,Normal,0.0,0.0,0.0,1.0,0.0
3732,Normal,Normal,0.0,0.0,0.0,1.0,0.0
3733,Brute Force,Brute Force,0.0,1.0,0.0,0.0,0.0
3734,DoS/DDoS,DoS/DDoS,0.0,0.0,1.0,0.0,0.0
3735,DoS/DDoS,DoS/DDoS,0.0,0.0,1.0,0.0,0.0
3736,Normal,Normal,0.0,0.0,0.0,1.0,0.0
3737,DoS/DDoS,DoS/DDoS,0.0,0.0,1.0,0.0,0.0
3738,DoS/DDoS,DoS/DDoS,0.0,0.0,1.0,0.0,0.0
3739,Normal,Normal,0.0,0.0,0.0,1.0,0.0
3740,Brute Force,Brute Force,0.0,1.0,0.0,0.0,0.0
3741,Brute Force,Brute Force,0.0,1.0,0.0,0.0,0.0
3742,Normal,Normal,0.0012869184796038846,0.0,0.0,0.9987130815203961,0.0
3743,Brute Force,Brute Force,0.0,1.0,0.0,0.0,0.0
3744,DoS/DDoS,DoS/DDoS,0.0,0.0,1.0,0.0,0.0
3745,DoS/DDoS,DoS/DDoS,0.0,0.0,1.0,0.0,0.0
3746,Brute Force,Brute Force,0.0,1.0,0.0,0.0,0.0
3747,Normal,Normal,0.0,0.0,0.0,1.0,0.0
3748,DoS/DDoS,DoS/DDoS,0.0,0.0,1.0,0.0,0.0
3749,DoS/DDoS,DoS/DDoS,0.0,0.0,0.9997704137554078,0.00022958624459224912,0.0
3750,DoS/DDoS,DoS/DDoS,0.0,0.0,1.0,0.0,0.0
3751,Normal,Normal,0.0,0.0,0.027024202543914574,0.9729757974560854,0.0
3752,Brute Force,Brute Force,0.0,1.0,0.0,0.0,0.0
3753,DoS/DDoS,DoS/DDoS,0.0,0.0,1.0,0.0,0.0
3754,DoS/DDoS,DoS/DDoS,0.0,0.0,1.0,0.0,0.0
3755,Normal,Normal,0.0,0.0,0.0,1.0,0.0
3756,Brute Force,Brute Force,0.0,1.0,0.0,0.0,0.0
3757,DoS/DDoS,DoS/DDoS,0.0,0.0,0.9920034305317325,0.007996569468267581,0.0
3758,DoS/DDoS,DoS/DDoS,0.0,0.0,0.9999807544456359,1.9245554364025933e-05,0.0
3759,DoS/DDoS,DoS/DDoS,0.0,0.0,1.0,0.0,0.0
3760,DoS/DDoS,DoS/DDoS,0.0,0.0,1.0,0.0,0.0
3761,Normal,Normal,0.0,0.0,0.0,1.0,0.0
3762,DoS/DDoS,DoS/DDoS,0.0,0.0,1.0,0.0,0.0
3763,DoS/DDoS,DoS/DDoS,0.0,0.0,1.0,0.0,0.0
3764,DoS/DDoS,DoS/DDoS,0.0,0.0012664794550270107,0.970458437940559,0.028275082604413956,0.0
3765,Normal,Normal,0.0,0.0,0.0,1.0,0.0
3766,Normal,Normal,0.0,0.0,0.0,1.0,0.0
3767,DoS/DDoS,DoS/DDoS,0.0,0.0,1.0,0.0,0.0
3768,Bot,Bot,1.0,0.0,0.0,0.0,0.0
3769,DoS/DDoS,DoS/DDoS,0.0,0.0,1.0,0.0,0.0
3770,Normal,Normal,0.0,0.0,0.0,1.0,0.0
3771,Normal,Normal,0.0,0.0,0.0,1.0,0.0
3772,DoS/DDoS,DoS/DDoS,0.0,0.0,1.0,0.0,0.0
3773,Brute Force,Web Attack,0.0,0.20881891188053442,2.119664097954856e-06,0.0006054512489097568,0.7905735172064575
3774,DoS/DDoS,DoS/DDoS,0.0,0.0,1.0,0.0,0.0
3775,DoS/DDoS,DoS/DDoS,0.0,0.0,1.0,0.0,0.0
3776,DoS/DDoS,DoS/DDoS,0.0,0.0,1.0,0.0,0.0
3777,DoS/DDoS,DoS/DDoS,0.0,0.0,1.0,0.0,0.0
3778,Normal,Normal,0.0773822239185738,0.0,0.0,0.9226177760814263,0.0
3779,Brute Force,Brute Force,0.0,0.8107438683479573,1.6281103216542896e-05,0.0017628493737877635,0.1874770011750384
3780,DoS/DDoS,DoS/DDoS,0.0,0.0,1.0,0.0,0.0
3781,DoS/DDoS,DoS/DDoS,0.0,0.0,1.0,0.0,0.0
3782,Brute Force,Brute Force,0.0,1.0,0.0,0.0,0.0
3783,Brute Force,Brute Force,0.0,1.0,0.0,0.0,0.0
3784,Brute Force,Brute Force,0.0,1.0,0.0,0.0,0.0
3785,Brute Force,Brute Force,0.0,1.0,0.0,0.0,0.0
3786,DoS/DDoS,DoS/DDoS,0.0,0.0,1.0,0.0,0.0
3787,Normal,Normal,0.0,0.0,0.0,1.0,0.0
3788,Brute Force,Web Attack,0.0,0.2370081537883041,2.119664097954856e-06,0.0006797050253344196,0.7623100215222633
3789,Brute Force,Brute Force,0.0,1.0,0.0,0.0,0.0
3790,DoS/DDoS,DoS/DDoS,0.0,0.0,1.0,0.0,0.0
3791,DoS/DDoS,DoS/DDoS,0.0,0.0,1.0,0.0,0.0
3792,Bot,Bot,0.9573754856520249,0.0,2.9956241548768396e-05,0.04259455810642612,0.0
3793,Normal,Normal,0.0,0.0,0.0,1.0,0.0
3794,Normal,Normal,0.0,0.11850358636593254,0.008004111114283266,0.8734923025197842,0.0
3795,DoS/DDoS,DoS/DDoS,0.0,0.0,1.0,0.0,0.0
3796,Normal,Normal,0.0,0.0,0.00246086678734959,0.9975391332126504,0.0
3797,Brute Force,Brute Force,0.0,1.0,0.0,0.0,0.0
3798,Brute Force,Brute Force,0.0,0.9947493769039047,0.0,0.005250623096095264,0.0
3799,Normal,Normal,0.0,0.0,0.0,1.0,0.0
3800,DoS/DDoS,DoS/DDoS,0.0,0.0,1.0,0.0,0.0
3801,DoS/DDoS,DoS/DDoS,0.0,0.0,1.0,0.0,0.0
3802,DoS/DDoS,DoS/DDoS,0.0,0.0,1.0,0.0,0.0
3803,Normal,Normal,0.0,0.00787004224194143,0.0,0.9921299577580585,0.0
3804,DoS/DDoS,DoS/DDoS,0.0,0.0,1.0,0.0,0.0
3805,DoS/DDoS,DoS/DDoS,0.0,0.0003353286992620004,0.999664671300738,0.0,0.0
3806,DoS/DDoS,DoS/DDoS,0.0,0.0,1.0,0.0,0.0
3807,Normal,Normal,0.00045391557554762117,0.01343077307428369,0.04248484279749614,0.9436304685526724,0.0
3808,Web Attack,Web Attack,0.0,0.09319138019796239,2.119664097954856e-06,0.0006479797404217516,0.9061585203975174
3809,Normal,Normal,0.0,0.014227849350911252,0.0,0.9801428890933955,0.005629261555693226
3810,DoS/DDoS,DoS/DDoS,0.0,0.0,1.0,0.0,0.0
3811,DoS/DDoS,DoS/DDoS,0.0,0.0,1.0,0.0,0.0
3812,Normal,Normal,0.43193348269398646,0.0,0.0004439723136967439,0.5676225449923167,0.0
3813,Brute Force,Brute Force,0.0,0.7366644217838326,1.6281103216542896e-05,0.0012895884937422328,0.26202970861920866
3814,Normal,Normal,0.0,0.0,0.0,1.0,0.0
3815,DoS/DDoS,DoS/DDoS,0.0,0.0,0.9999515620674263,4.843793257365714e-05,0.0
3816,Brute Force,Web Attack,0.0,0.32720366108635446,1.278549656947793e-05,0.008038390517246814,0.664745162899829
3817,DoS/DDoS,DoS/DDoS,0.0,0.0,1.0,0.0,0.0
3818,Normal,Normal,0.0,0.01007864832031865,0.0,0.9842920901239881,0.005629261555693226
3819,DoS/DDoS,DoS/DDoS,0.0,0.0,1.0,0.0,0.0
3820,DoS/DDoS,DoS/DDoS,0.0,0.0,1.0,0.0,0.0
3821,Brute Force,Brute Force,0.0,1.0,0.0,0.0,0.0
3822,Brute Force,Brute Force,0.0,1.0,0.0,0.0,0.0
3823,DoS/DDoS,DoS/DDoS,0.0,0.0,1.0,0.0,0.0
3824,Normal,Normal,0.0,0.01788754015407795,0.020276411434145228,0.9618360484117768,0.0
3825,DoS/DDoS,DoS/DDoS,0.0,0.0,1.0,0.0,0.0
3826,Normal,Normal,0.03743684902460345,0.0,0.012505098937274126,0.9500580520381224,0.0
3827,Bot,Bot,1.0,0.0,0.0,0.0,0.0
3828,DoS/DDoS,DoS/DDoS,0.0,0.0,1.0,0.0,0.0
3829,DoS/DDoS,DoS/DDoS,0.0,0.0,1.0,0.0,0.0
3830,Normal,Normal,0.0,0.006551885468326004,0.06111477659870725,0.9126558737316599,0.019677464201306828
3831,DoS/DDoS,DoS/DDoS,0.0,0.0,1.0,0.0,0.0
3832,DoS/DDoS,DoS/DDoS,0.0,0.0,1.0,0.0,0.0
3833,Normal,Normal,0.0,0.0,0.0,1.0,0.0
3834,Normal,Normal,0.0,0.0,0.0,1.0,0.0
3835,Normal,Normal,0.0,0.0,0.0,1.0,0.0
3836,Normal,Normal,0.0,0.0065306602663654754,0.0,0.9934693397336345,0.0
3837,Normal,Normal,0.0,0.0,0.0,1.0,0.0
3838,DoS/DDoS,DoS/DDoS,0.0,0.0,1.0,0.0,0.0
3839,Brute Force,Brute Force,0.0,1.0,0.0,0.0,0.0
3840,Brute Force,Brute Force,0.0,1.0,0.0,0.0,0.0
3841,Normal,Normal,0.026424248048036655,0.0,0.0,0.9735757519519634,0.0
3842,DoS/DDoS,DoS/DDoS,0.0,0.0,1.0,0.0,0.0
3843,Normal,Normal,0.0,0.0,0.0,1.0,0.0
3844,DoS/DDoS,DoS/DDoS,0.0,0.0,1.0,0.0,0.0
3845,Normal,Normal,0.0,0.0,0.0,1.0,0.0
3846,DoS/DDoS,DoS/DDoS,0.0,0.0,1.0,0.0,0.0
3847,Brute Force,Brute Force,0.0,1.0,0.0,0.0,0.0
3848,Brute Force,Web Attack,0.0,0.2840841383739529,2.119664097954856e-06,0.0005481931592281273,0.7153655488027207
3849,Normal,Normal,0.00045391557554762117,0.0,0.00022955373686064148,0.9993165306875917,0.0
3850,DoS/DDoS,DoS/DDoS,0.0,0.026670735702374992,0.787134451792885,0.1596642470888734,0.026530565415866757
3851,Bot,Bot,0.9646066152880114,0.0,0.0,0.03539338471198869,0.0
3852,Normal,Normal,0.0,0.0,0.0,1.0,0.0
3853,Brute Force,Brute Force,0.0,0.5870890166318571,1.6281103216542896e-05,0.008755770755105753,0.4041389315098205
3854,Brute Force,Brute Force,0.0,1.0,0.0,0.0,0.0
3855,Brute Force,Brute Force,0.0,1.0,0.0,0.0,0.0
3856,Normal,Normal,0.0,0.0,0.0,1.0,0.0
3857,DoS/DDoS,DoS/DDoS,0.0,0.0,1.0,0.0,0.0
3858,DoS/DDoS,DoS/DDoS,0.0,0.0,1.0,0.0,0.0
3859,Normal,Normal,0.0,0.0,0.0,1.0,0.0
3860,Normal,Normal,0.0,0.06562115778470651,0.009162295031786272,0.885510109638757,0.039706437544750374
3861,Normal,Normal,0.0,0.0,0.0,1.0,0.0
3862,DoS/DDoS,DoS/DDoS,0.0,0.0,1.0,0.0,0.0
3863,Normal,Normal,0.0,0.0,0.0,1.0,0.0
3864,Normal,Normal,0.0,0.0,0.0,1.0,0.0
3865,Normal,Normal,0.0,0.0,0.0,1.0,0.0
3866,Brute Force,Brute Force,0.0,0.9851986042941538,0.006128038628038628,0.008673357077807472,0.0
3867,Normal,Normal,0.0,0.0,0.0,1.0,0.0
3868,DoS/DDoS,DoS/DDoS,0.0,0.0,1.0,0.0,0.0
3869,DoS/DDoS,DoS/DDoS,0.0,0.0,1.0,0.0,0.0
3870,DoS/DDoS,DoS/DDoS,0.0,0.0,0.9960260216942542,0.003973978305745754,0.0
3871,Brute Force,Brute Force,0.0,1.0,0.0,0.0,0.0
3872,Normal,Normal,0.0,0.0,0.009180961684448393,0.9908190383155516,0.0
3873,Normal,Normal,0.0,0.0,0.0,1.0,0.0
3874,Normal,Normal,0.26665918931037697,0.0,1.185981413265176e-05,0.7333289508754904,0.0
3875,Brute Force,Brute Force,0.0,1.0,0.0,0.0,0.0
3876,DoS/DDoS,DoS/DDoS,0.0,0.0,1.0,0.0,0.0
3877,Brute Force,Brute Force,0.0,1.0,0.0,0.0,0.0
3878,Normal,Normal,0.2795177264782334,0.0,1.185981413265176e-05,0.7204704137076341,0.0
3879,Brute Force,Brute Force,0.0,0.6159688731186664,0.0005139261595342682,0.04603788282890414,0.33747931789289504
3880,DoS/DDoS,DoS/DDoS,0.0,0.0,1.0,0.0,0.0
3881,Normal,Normal,0.0,0.0,0.0,1.0,0.0
3882,DoS/DDoS,DoS/DDoS,0.0,0.0,1.0,0.0,0.0
3883,Normal,Normal,0.14010321626910505,0.0,9.829310655844389e-06,0.8598869544202391,0.0
3884,DoS/DDoS,DoS/DDoS,0.0,0.0,1.0,0.0,0.0
3885,DoS/DDoS,DoS/DDoS,0.0,0.0,1.0,0.0,0.0
3886,DoS/DDoS,DoS/DDoS,0.0,0.0,1.0,0.0,0.0
3887,Brute Force,Brute Force,0.0,1.0,0.0,0.0,0.0
3888,Normal,Normal,0.0,0.0,0.0,1.0,0.0
3889,DoS/DDoS,DoS/DDoS,0.0,0.0,1.0,0.0,0.0
3890,Normal,Normal,0.0,0.0,0.0,1.0,0.0
3891,DoS/DDoS,DoS/DDoS,0.0,0.0,1.0,0.0,0.0
3892,DoS/DDoS,DoS/DDoS,0.0,0.0,0.9137223385278912,0.06692280843264664,0.019354853039462157
3893,Brute Force,Brute Force,0.0,1.0,0.0,0.0,0.0
3894,DoS/DDoS,DoS/DDoS,0.0,0.0,0.9999515620674263,4.843793257365714e-05,0.0
3895,Normal,Normal,0.0,0.0,0.0,1.0,0.0
3896,Normal,Normal,0.0,0.0,0.0,1.0,0.0
3897,Normal,Normal,0.0,0.0,0.0,1.0,0.0
3898,Normal,Normal,0.0012869184796038846,0.0,0.0,0.9987130815203961,0.0
3899,DoS/DDoS,DoS/DDoS,0.0,0.0,0.9999807544456359,1.9245554364025933e-05,0.0
3900,Normal,Normal,0.0,0.006515654981981561,0.0024764100364572162,0.9910079349815613,0.0
3901,DoS/DDoS,DoS/DDoS,0.0,0.0,1.0,0.0,0.0
3902,Normal,Normal,0.0,0.0,0.0,1.0,0.0
3903,DoS/DDoS,DoS/DDoS,0.0,0.0,1.0,0.0,0.0
3904,Normal,Normal,0.0,0.0,0.0,1.0,0.0
3905,Normal,Normal,0.0,0.0,0.0,1.0,0.0
3906,Normal,Normal,0.0,0.0,0.0,1.0,0.0
3907,Brute Force,Brute Force,0.0,0.5366472658490822,1.278549656947793e-05,0.0009494287715197412,0.4623905198828285
3908,Brute Force,Brute Force,0.0,1.0,0.0,0.0,0.0
3909,Normal,Normal,0.0,0.0,0.0,1.0,0.0
3910,Brute Force,Brute Force,0.0,1.0,0.0,0.0,0.0
3911,Brute Force,Brute Force,0.0,0.532506861049464,1.6281103216542896e-05,0.0012895884937422328,0.4661872693535772
3912,DoS/DDoS,DoS/DDoS,0.0,0.0,1.0,0.0,0.0
3913,Normal,Normal,0.0,0.0,0.0,1.0,0.0
3914,Normal,Normal,0.1354243409998798,0.0,4.851164068111019e-05,0.8645271473594391,0.0
3915,DoS/DDoS,DoS/DDoS,0.0,0.0,0.7651234457486353,0.2348765542513648,0.0
3916,DoS/DDoS,DoS/DDoS,0.0,0.001241397398563415,0.995161534503387,0.003597068098049585,0.0
3917,Brute Force,Brute Force,0.0,0.5723503038214428,1.278549656947793e-05,0.001030005531333775,0.4266069051506537
3918,Bot,Bot,1.0,0.0,0.0,0.0,0.0
3919,Normal,Normal,0.0,0.0,0.0,1.0,0.0
3920,DoS/DDoS,DoS/DDoS,0.0,0.0,1.0,0.0,0.0
3921,DoS/DDoS,DoS/DDoS,0.0,0.0,1.0,0.0,0.0
3922,Brute Force,Brute Force,0.0,1.0,0.0,0.0,0.0
3923,DoS/DDoS,DoS/DDoS,0.0,0.0,1.0,0.0,0.0
3924,Normal,Normal,0.0,0.0,0.0,1.0,0.0
3925,DoS/DDoS,DoS/DDoS,0.0,0.0,1.0,0.0,0.0
3926,DoS/DDoS,DoS/DDoS,0.0,0.0,1.0,0.0,0.0
3927,Brute Force,Brute Force,0.0,1.0,0.0,0.0,0.0
3928,DoS/DDoS,DoS/DDoS,0.0,0.0,1.0,0.0,0.0
3929,DoS/DDoS,DoS/DDoS,0.0,0.0,1.0,0.0,0.0
3930,DoS/DDoS,DoS/DDoS,0.0,0.0,1.0,0.0,0.0
3931,DoS/DDoS,DoS/DDoS,0.0,0.0,1.0,0.0,0.0
3932,Normal,Normal,0.0,0.0,0.19829162754363672,0.8017083724563634,0.0
3933,DoS/DDoS,DoS/DDoS,0.0,0.0,1.0,0.0,0.0
3934,Normal,Normal,0.0,0.00017307140283731712,0.06030160470386231,0.9276127141353786,0.011912609757921886
3935,Web Attack,Web Attack,0.0,0.2413847464697946,1.278549656947793e-05,0.0013240843231736683,0.7572783837104627
3936,DoS/DDoS,DoS/DDoS,0.0,0.0,1.0,0.0,0.0
3937,DoS/DDoS,DoS/DDoS,0.0,0.0,1.0,0.0,0.0
3938,DoS/DDoS,DoS/DDoS,0.0,0.001241397398563415,0.995161534503387,0.003597068098049585,0.0
3939,Normal,Normal,0.0,0.0,0.0,1.0,0.0
3940,Bot,Bot,0.9966084341611027,0.0,0.0,0.0033915658388972173,0.0
3941,Brute Force,Brute Force,0.0,1.0,0.0,0.0,0.0
3942,DoS/DDoS,DoS/DDoS,0.0,0.0,1.0,0.0,0.0
3943,DoS/DDoS,DoS/DDoS,0.0,0.0,1.0,0.0,0.0
3944,DoS/DDoS,DoS/DDoS,0.0,0.0,1.0,0.0,0.0
3945,Brute Force,Brute Force,0.0,1.0,0.0,0.0,0.0
3946,Normal,Normal,0.0,0.0,0.0,1.0,0.0
3947,DoS/DDoS,DoS/DDoS,0.0,0.0,1.0,0.0,0.0
3948,DoS/DDoS,DoS/DDoS,0.0,0.0,1.0,0.0,0.0
3949,Normal,Normal,0.0,0.0,0.0,1.0,0.0
3950,Normal,Normal,0.0,0.0,0.0,1.0,0.0
3951,Normal,Normal,0.0,0.0,0.0,1.0,0.0
3952,Normal,Normal,0.0,0.0,0.0,1.0,0.0
3953,DoS/DDoS,DoS/DDoS,0.0,0.0,1.0,0.0,0.0
3954,DoS/DDoS,DoS/DDoS,0.0,0.0,1.0,0.0,0.0
3955,DoS/DDoS,DoS/DDoS,0.0,0.0,0.9997704137554078,0.00022958624459224912,0.0
3956,Normal,Normal,0.0,0.0,0.0,1.0,0.0
3957,DoS/DDoS,DoS/DDoS,0.0,0.0,1.0,0.0,0.0
3958,DoS/DDoS,DoS/DDoS,0.0,0.0,1.0,0.0,0.0
3959,DoS/DDoS,DoS/DDoS,0.0,0.0,1.0,0.0,0.0
3960,Normal,Normal,0.0,0.0,0.0,1.0,0.0
3961,Normal,Normal,0.0,0.00044095184887354847,0.004658352153185195,0.9949006959979411,0.0
3962,DoS/DDoS,DoS/DDoS,0.0,0.0,1.0,0.0,0.0
3963,Normal,Normal,0.0,0.0,0.0,1.0,0.0
3964,Web Attack,Brute Force,0.0,0.8367990452877921,2.119664097954856e-06,0.001773831575472936,0.16142500347263702
3965,DoS/DDoS,DoS/DDoS,0.0,0.0,1.0,0.0,0.0
3966,Brute Force,Brute Force,0.0,1.0,0.0,0.0,0.0
3967,Normal,Normal,0.0,0.0,0.0,1.0,0.0
3968,DoS/DDoS,DoS/DDoS,0.0,0.0,1.0,0.0,0.0
3969,Normal,Normal,0.0,0.0,0.0,1.0,0.0
3970,Brute Force,Web Attack,0.0,0.08050917870691969,2.119664097954856e-06,0.0009771060907345184,0.9185115955382476
3971,Normal,Normal,0.0,0.0,0.0,1.0,0.0
3972,Normal,Normal,0.0,0.0,0.0,1.0,0.0
3973,Normal,Normal,0.0,0.008651366540310627,0.011897255508394624,0.9794513779512948,0.0
3974,Normal,Normal,0.0,0.0,0.0,1.0,0.0
3975,DoS/DDoS,DoS/DDoS,0.0,0.0,1.0,0.0,0.0
3976,Brute Force,Brute Force,0.0,0.888286824462558,0.0,0.033922511784309356,0.0777906637531325
3977,Brute Force,Brute Force,0.0,1.0,0.0,0.0,0.0
3978,Brute Force,Brute Force,0.0,1.0,0.0,0.0,0.0
3979,Normal,Normal,0.0,0.0,0.0037882908993623755,0.9962117091006377,0.0
3980,Brute Force,Brute Force,0.0,1.0,0.0,0.0,0.0
3981,DoS/DDoS,DoS/DDoS,0.0,0.0,1.0,0.0,0.0
3982,Normal,Normal,0.0,0.0,0.0,1.0,0.0
3983,Brute Force,Brute Force,0.0,0.9965046667027608,0.0,0.0034953332972391745,0.0
3984,Normal,Normal,0.0,0.0,0.0,1.0,0.0
3985,DoS/DDoS,DoS/DDoS,0.0,0.0,1.0,0.0,0.0
3986,DoS/DDoS,DoS/DDoS,0.0,0.0,1.0,0.0,0.0
3987,Normal,Normal,0.0,0.004672705346269985,0.0,0.9922820755963445,0.003045219057385608
3988,Normal,Normal,0.0,0.0,0.0,1.0,0.0
3989,DoS/DDoS,DoS/DDoS,0.0,0.0,1.0,0.0,0.0
3990,DoS/DDoS,DoS/DDoS,0.0,0.0,1.0,0.0,0.0
3991,DoS/DDoS,DoS/DDoS,0.0,0.0,1.0,0.0,0.0
3992,Normal,Normal,0.0,0.0,0.0,1.0,0.0
3993,Web Attack,Web Attack,0.0,0.37730037004087225,1.278549656947793e-05,0.008028902667857496,0.6146579417947007
3994,DoS/DDoS,DoS/DDoS,0.0,0.0,0.9987707187539315,0.0012292812460683322,0.0
3995,Brute Force,Brute Force,0.0,1.0,0.0,0.0,0.0
3996,Normal,Normal,0.0,0.0,0.0,1.0,0.0
3997,Normal,Normal,0.0,0.0,0.0,1.0,0.0
3998,Normal,Normal,0.0,0.0,0.0,1.0,0.0
3999,DoS/DDoS,DoS/DDoS,0.0,0.0,1.0,0.0,0.0
4000,DoS/DDoS,DoS/DDoS,0.0,0.0,1.0,0.0,0.0
4001,Brute Force,Brute Force,0.0,1.0,0.0,0.0,0.0
4002,DoS/DDoS,DoS/DDoS,0.0,0.0,1.0,0.0,0.0
4003,Normal,Normal,0.1796484432173124,0.0,0.0006758232972280809,0.8196757334854594,0.0
4004,DoS/DDoS,DoS/DDoS,0.0,0.0,1.0,0.0,0.0
4005,Brute Force,Brute Force,0.0,1.0,0.0,0.0,0.0
4006,Normal,Normal,0.0,0.0,0.0,1.0,0.0
4007,DoS/DDoS,DoS/DDoS,0.0,0.0,1.0,0.0,0.0
4008,Normal,Normal,0.0,0.0,0.0,1.0,0.0
4009,DoS/DDoS,DoS/DDoS,0.0,0.0,1.0,0.0,0.0
4010,Normal,Normal,0.0,0.0,0.0,1.0,0.0
4011,Normal,Normal,0.0,0.0,0.0,1.0,0.0
4012,DoS/DDoS,DoS/DDoS,0.0,0.0,1.0,0.0,0.0
4013,Normal,Normal,0.0,0.0,0.0,1.0,0.0
4014,DoS/DDoS,DoS/DDoS,0.0,0.0,1.0,0.0,0.0
4015,Brute Force,Brute Force,0.0,1.0,0.0,0.0,0.0
4016,Normal,Normal,0.0,0.0,0.0,1.0,0.0
4017,DoS/DDoS,DoS/DDoS,0.0,0.0,1.0,0.0,0.0
4018,DoS/DDoS,DoS/DDoS,0.0,0.0,1.0,0.0,0.0
4019,Normal,Normal,0.0,0.0011326350473643417,0.0001817471583652269,0.987299957185741,0.011385660608529413
4020,Normal,Normal,0.0,0.0,0.0,1.0,0.0
4021,Normal,Normal,0.0,0.0,0.0,1.0,0.0
4022,DoS/DDoS,DoS/DDoS,0.0,0.0,1.0,0.0,0.0
4023,DoS/DDoS,DoS/DDoS,0.0,0.0,1.0,0.0,0.0
4024,Brute Force,Brute Force,0.0,1.0,0.0,0.0,0.0
4025,Web Attack,Web Attack,0.0,0.4747583713654749,1.6281103216542896e-05,0.001339843965856724,0.5238855035654517
4026,DoS/DDoS,DoS/DDoS,0.0,0.0,1.0,0.0,0.0
4027,Brute Force,Brute Force,0.0,1.0,0.0,0.0,0.0
4028,Brute Force,Brute Force,0.0,1.0,0.0,0.0,0.0
4029,DoS/DDoS,DoS/DDoS,0.0,0.0,1.0,0.0,0.0
4030,Normal,Normal,0.0,0.0,0.0,1.0,0.0
4031,Brute Force,Brute Force,0.0,1.0,0.0,0.0,0.0
4032,Brute Force,Brute Force,0.009111213598629595,0.44405730878683136,0.013850115424857676,0.3581525349551425,0.1748288272345388
4033,DoS/DDoS,DoS/DDoS,0.0,0.0,0.9831648831914857,0.01683511680851444,0.0
4034,DoS/DDoS,DoS/DDoS,0.0,0.0,1.0,0.0,0.0
4035,Brute Force,Brute Force,0.0,0.3285274290808617,0.3072828509229866,0.31936921394539153,0.04482050605076013
4036,Normal,Normal,0.0,0.0,0.0,1.0,0.0
4037,Normal,Normal,0.0,0.0,0.0,1.0,0.0
4038,DoS/DDoS,DoS/DDoS,0.0,0.0,1.0,0.0,0.0
4039,Normal,Normal,0.009098516048898476,0.002416077802413957,0.0608263088243373,0.9276590973243501,0.0
4040,DoS/DDoS,DoS/DDoS,0.0,0.0,1.0,0.0,0.0
4041,DoS/DDoS,DoS/DDoS,0.0,0.0,1.0,0.0,0.0
4042,DoS/DDoS,DoS/DDoS,0.0,0.0,1.0,0.0,0.0
4043,DoS/DDoS,DoS/DDoS,0.0,0.0,0.990864120029263,0.009135879970736935,0.0
4044,Normal,Normal,0.0,0.0,0.0,1.0,0.0
4045,Normal,Normal,0.0,0.0,0.0,1.0,0.0
4046,Brute Force,Brute Force,0.0,1.0,0.0,0.0,0.0
4047,Normal,Normal,0.0,0.027853035639560163,0.0,0.963403401231422,0.008743563129017968
4048,Brute Force,Brute Force,0.0,1.0,0.0,0.0,0.0
4049,Normal,Normal,0.0,0.0,0.0,1.0,0.0
4050,Brute Force,Brute Force,0.0,1.0,0.0,0.0,0.0
4051,Brute Force,Web Attack,0.0,0.28423400057336223,2.119664097954856e-06,0.0006244145650717785,0.7151394651974678
4052,Normal,Normal,0.0,0.0,0.0,1.0,0.0
4053,DoS/DDoS,DoS/DDoS,0.0,0.0,1.0,0.0,0.0
4054,Normal,Normal,0.0,0.0,0.0,1.0,0.0
4055,Normal,Normal,0.0,0.0,0.0,1.0,0.0
4056,Normal,Normal,0.0,0.0,0.0,1.0,0.0
4057,DoS/DDoS,DoS/DDoS,0.0,0.0,1.0,0.0,0.0
4058,DoS/DDoS,DoS/DDoS,0.0,0.0,1.0,0.0,0.0
4059,Brute Force,Brute Force,0.0,1.0,0.0,0.0,0.0
4060,Normal,Normal,0.0,0.0,0.0,1.0,0.0
4061,Normal,Normal,0.0,0.006519598649662416,0.0328561430971516,0.960624258253186,0.0
4062,Normal,Normal,0.0,0.0,0.0,1.0,0.0
4063,Brute Force,Brute Force,0.0,1.0,0.0,0.0,0.0
4064,DoS/DDoS,DoS/DDoS,0.0,0.0,1.0,0.0,0.0
4065,Normal,Normal,0.0,0.0,0.0,1.0,0.0
4066,Normal,Normal,0.0,0.0,0.0,1.0,0.0
4067,DoS/DDoS,DoS/DDoS,0.0,0.0,1.0,0.0,0.0
4068,Bot,Bot,1.0,0.0,0.0,0.0,0.0
4069,Normal,Normal,0.0,0.0,0.0,1.0,0.0
4070,Normal,Normal,0.0,0.0,0.0,1.0,0.0
4071,DoS/DDoS,DoS/DDoS,0.0,0.0,1.0,0.0,0.0
4072,DoS/DDoS,DoS/DDoS,0.0,0.0,1.0,0.0,0.0
4073,DoS/DDoS,DoS/DDoS,0.0,0.01,0.6950656501143159,0.294934349885684,0.0
4074,DoS/DDoS,DoS/DDoS,0.0,0.0,1.0,0.0,0.0
4075,DoS/DDoS,DoS/DDoS,0.0,0.0,1.0,0.0,0.0
4076,Brute Force,Web Attack,0.0,0.34150038937661037,2.119664097954856e-06,0.0006207759528405987,0.6578767150064507
4077,Normal,Normal,0.0,0.08172813830770637,0.0002822250529990063,0.8200747794595739,0.09791485717972064
4078,DoS/DDoS,DoS/DDoS,0.0,0.0,1.0,0.0,0.0
4079,Brute Force,Brute Force,0.0,1.0,0.0,0.0,0.0
4080,Normal,Normal,0.0,0.0,0.0,1.0,0.0
4081,Normal,Normal,0.0,0.01271147549894589,0.006024106684903402,0.9125608685237764,0.06870354929237428
4082,Normal,Normal,0.0,0.0,0.0,1.0,0.0
4083,DoS/DDoS,DoS/DDoS,0.0,0.0,1.0,0.0,0.0
4084,Brute Force,Brute Force,0.0,1.0,0.0,0.0,0.0
4085,Normal,Normal,0.0,0.0,0.0,1.0,0.0
4086,DoS/DDoS,DoS/DDoS,0.0,0.0,1.0,0.0,0.0
4087,DoS/DDoS,DoS/DDoS,0.0,0.0,1.0,0.0,0.0
4088,Normal,Normal,0.0,0.0,0.0,1.0,0.0
4089,DoS/DDoS,DoS/DDoS,0.0,0.0,1.0,0.0,0.0
4090,DoS/DDoS,DoS/DDoS,0.0,0.0,1.0,0.0,0.0
4091,Normal,Normal,0.0,0.0,0.0,1.0,0.0
4092,Brute Force,Brute Force,0.0,0.996518972535442,0.0,0.0034810274645580876,0.0
4093,DoS/DDoS,DoS/DDoS,0.0,0.0,1.0,0.0,0.0
4094,Normal,Normal,0.0,0.0,0.0,1.0,0.0
4095,DoS/DDoS,DoS/DDoS,0.0,0.0,1.0,0.0,0.0
4096,DoS/DDoS,DoS/DDoS,0.0,0.0,1.0,0.0,0.0
4097,Brute Force,Brute Force,0.0,1.0,0.0,0.0,0.0
4098,Normal,Normal,0.20053561826619892,0.0,0.04229021472825651,0.7571741670055444,0.0
4099,Normal,Normal,0.0,0.0,0.0,1.0,0.0
4100,Normal,Normal,0.0,0.0,0.0,1.0,0.0
4101,Brute Force,Brute Force,0.0,1.0,0.0,0.0,0.0
4102,Normal,Normal,0.0,0.0003567545735037896,0.0271926124436423,0.9555477277596719,0.016902905223182055
4103,Normal,Normal,0.0,0.0,0.02,0.98,0.0
4104,Bot,Bot,0.9998813106891216,0.0,0.0,0.00011868931087857678,0.0
4105,Normal,Normal,0.0,0.0,0.01,0.99,0.0
4106,Brute Force,Brute Force,0.0,1.0,0.0,0.0,0.0
4107,DoS/DDoS,DoS/DDoS,0.0,0.0,1.0,0.0,0.0
4108,Normal,Normal,0.0,0.0,0.0,1.0,0.0
4109,DoS/DDoS,DoS/DDoS,0.0,0.0,0.9872171930172381,0.012782806982761876,0.0
4110,Normal,Normal,0.0,0.0,0.0,1.0,0.0
4111,Normal,Normal,0.0,0.011064004009639727,0.24949811999685814,0.7013628841425315,0.03807499185097081
4112,DoS/DDoS,DoS/DDoS,0.0,0.0,1.0,0.0,0.0
4113,DoS/DDoS,DoS/DDoS,0.0,0.0,1.0,0.0,0.0
4114,Normal,Normal,0.0,0.0,0.0,1.0,0.0
4115,Normal,Normal,0.018372247360482655,0.0,0.0,0.9816277526395173,0.0
4116,DoS/DDoS,DoS/DDoS,0.0,0.0,1.0,0.0,0.0
4117,DoS/DDoS,DoS/DDoS,0.0,0.0,0.9849098692187271,0.015090130781272764,0.0
4118,Normal,Normal,0.0,0.0,0.0,1.0,0.0
4119,Normal,Normal,0.0,0.0,0.0,1.0,0.0
4120,DoS/DDoS,DoS/DDoS,0.0,0.0,0.9999515620674263,4.843793257365714e-05,0.0
4121,DoS/DDoS,DoS/DDoS,0.0,0.0,1.0,0.0,0.0
4122,Normal,Normal,0.00910639958376691,0.07059681854736517,0.11212036355223846,0.7987824384728064,0.009393979843823
4123,Brute Force,Brute Force,0.0,1.0,0.0,0.0,0.0
4124,Normal,Normal,0.0,0.0,0.0,1.0,0.0
4125,DoS/DDoS,DoS/DDoS,0.0,0.0,1.0,0.0,0.0
4126,DoS/DDoS,DoS/DDoS,0.0,0.0,0.9998779831753416,0.00012201682465843791,0.0
4127,Normal,Normal,0.0,0.029720741807786957,0.0,0.9575941025992326,0.012685155592980574
4128,Normal,Normal,0.0,0.0,0.0,1.0,0.0
4129,Bot,Bot,1.0,0.0,0.0,0.0,0.0
4130,DoS/DDoS,DoS/DDoS,0.0,0.0,1.0,0.0,0.0
4131,DoS/DDoS,DoS/DDoS,0.0,0.0,1.0,0.0,0.0
4132,DoS/DDoS,DoS/DDoS,0.0,0.0,1.0,0.0,0.0
4133,DoS/DDoS,DoS/DDoS,0.0,0.0,1.0,0.0,0.0
4134,DoS/DDoS,DoS/DDoS,0.0,0.0,1.0,0.0,0.0
4135,Normal,Normal,0.0,0.050039389099708086,0.01,0.9399606109002918,0.0
4136,DoS/DDoS,DoS/DDoS,0.0,0.0,1.0,0.0,0.0
4137,Normal,Normal,0.0,0.0,0.0,1.0,0.0
4138,Normal,Normal,0.0,0.0,0.0,1.0,0.0
4139,Normal,Normal,0.0,0.013513483071558575,0.1967263439454584,0.76992274071954,0.0198374322634431
4140,Normal,Normal,0.0,0.0,0.0,1.0,0.0
4141,DoS/DDoS,DoS/DDoS,0.0,0.0,1.0,0.0,0.0
4142,Brute Force,Brute Force,0.0,1.0,0.0,0.0,0.0
4143,Normal,Normal,0.04421267898387815,0.0,0.007444385658451966,0.9483429353576698,0.0
4144,Normal,Normal,0.0,0.00044095184887354847,0.004658352153185195,0.9949006959979411,0.0
4145,Normal,Normal,0.0,0.0,0.0,1.0,0.0
4146,DoS/DDoS,DoS/DDoS,0.0,0.0,1.0,0.0,0.0
4147,DoS/DDoS,DoS/DDoS,0.0,0.0,0.9997704137554078,0.00022958624459224912,0.0
4148,Normal,Normal,0.0,0.0,0.0,1.0,0.0
4149,Normal,Normal,0.0,0.0,0.0,1.0,0.0
4150,Brute Force,Brute Force,0.0,1.0,0.0,0.0,0.0
4151,Normal,Normal,0.0,0.0,0.00498896797153025,0.9950110320284697,0.0
4152,DoS/DDoS,DoS/DDoS,0.0,0.0003353286992620004,0.9702061726520707,0.029458498648667345,0.0
4153,Normal,Normal,0.0,0.0,0.08909601394794942,0.9109039860520505,0.0
4154,DoS/DDoS,DoS/DDoS,0.0,0.0,1.0,0.0,0.0
4155,Normal,Normal,0.0,0.0,0.0,1.0,0.0
4156,Bot,Bot,1.0,0.0,0.0,0.0,0.0
4157,DoS/DDoS,DoS/DDoS,0.0,0.0,1.0,0.0,0.0
4158,Web Attack,Web Attack,0.0,0.15280051199581857,2.119664097954856e-06,0.0006457410334229517,0.8465516273066602
4159,Normal,Normal,0.0,0.029877054426474866,0.0003912983707968986,0.9285404634442139,0.041191183758514216
4160,DoS/DDoS,DoS/DDoS,0.0,0.0,1.0,0.0,0.0
4161,DoS/DDoS,DoS/DDoS,0.0,0.0,0.9999515620674263,4.843793257365714e-05,0.0
4162,Brute Force,Brute Force,0.0,1.0,0.0,0.0,0.0
4163,DoS/DDoS,DoS/DDoS,0.0,0.0,1.0,0.0,0.0
4164,DoS/DDoS,DoS/DDoS,0.0,0.0,1.0,0.0,0.0
4165,Brute Force,Brute Force,0.0,1.0,0.0,0.0,0.0
4166,Brute Force,Brute Force,0.0,1.0,0.0,0.0,0.0
4167,Brute Force,Brute Force,0.0,0.6146192875725549,1.6281103216542896e-05,0.0021961375836562344,0.38316829374057243
4168,DoS/DDoS,DoS/DDoS,0.0,0.005604898024092554,0.9083912523073296,0.08600384966857759,0.0
4169,Brute Force,Brute Force,0.0,0.7962864543976168,1.6281103216542896e-05,0.0011784637397904856,0.2025188007593763
4170,Brute Force,Brute Force,0.0,1.0,0.0,0.0,0.0
4171,Normal,Normal,0.0,0.004874417627071146,0.01,0.9664084993204557,0.018717083052473146
4172,Normal,Normal,0.0,0.0,0.0,1.0,0.0
4173,Brute Force,Brute Force,0.0,0.9751986042941538,0.006128038628038628,0.01867335707780747,0.0
4174,Normal,Normal,0.0,0.004603041595147481,0.0013404975650363003,0.9940564608398161,0.0
4175,DoS/DDoS,DoS/DDoS,0.0,0.0,1.0,0.0,0.0
4176,DoS/DDoS,DoS/DDoS,0.0,0.0,1.0,0.0,0.0
4177,Brute Force,Brute Force,0.0,1.0,0.0,0.0,0.0
4178,Normal,Normal,0.0,0.0,0.0,1.0,0.0
4179,Brute Force,Brute Force,0.0,1.0,0.0,0.0,0.0
4180,DoS/DDoS,DoS/DDoS,0.0,0.0,1.0,0.0,0.0
4181,Normal,Normal,0.0,0.0,0.0,1.0,0.0
4182,DoS/DDoS,DoS/DDoS,0.0,0.0,1.0,0.0,0.0
4183,Normal,Normal,0.0,0.0,0.0034338597200675586,0.9965661402799324,0.0
4184,Brute Force,Brute Force,0.0,1.0,0.0,0.0,0.0
4185,Brute Force,Brute Force,0.0,1.0,0.0,0.0,0.0
4186,Brute Force,Web Attack,0.0,0.09381686943039029,2.119664097954856e-06,0.0008010407137238151,0.9053799701917881
4187,DoS/DDoS,DoS/DDoS,0.0,0.0,1.0,0.0,0.0
4188,Bot,Bot,0.982207134988167,0.0,3.520799886192343e-05,0.017757657012971,0.0
4189,Brute Force,Brute Force,0.0,1.0,0.0,0.0,0.0
4190,Brute Force,Brute Force,0.0,1.0,0.0,0.0,0.0
4191,Brute Force,Brute Force,0.0,0.9063548406614724,0.026956523586329453,0.06170005694309733,0.004988578809100937
4192,Brute Force,Brute Force,0.0,1.0,0.0,0.0,0.0
4193,Normal,Normal,0.0,0.0,0.0,1.0,0.0
4194,Normal,Normal,0.0,0.0,0.0,1.0,0.0
4195,DoS/DDoS,DoS/DDoS,0.0,0.0,1.0,0.0,0.0
4196,DoS/DDoS,DoS/DDoS,0.0,0.0003353286992620004,0.999664671300738,0.0,0.0
4197,Brute Force,Brute Force,0.0,0.7501312351269843,0.0001572945684176533,0.10616052068989677,0.14355094961470122
4198,Brute Force,Brute Force,0.0,1.0,0.0,0.0,0.0
4199,Normal,Normal,0.0,0.0,0.0,1.0,0.0
4200,DoS/DDoS,DoS/DDoS,0.0,0.0,0.9998779831753416,0.00012201682465843791,0.0
4201,DoS/DDoS,DoS/DDoS,0.0,0.0,1.0,0.0,0.0
4202,DoS/DDoS,DoS/DDoS,0.0,0.0,1.0,0.0,0.0
4203,DoS/DDoS,DoS/DDoS,0.0,0.0,0.9991599881493601,0.0008400118506398297,0.0
4204,Bot,Bot,0.7704780264189425,0.0,0.0012148778060874013,0.22830709577496988,0.0
4205,DoS/DDoS,DoS/DDoS,0.0,0.0,0.99,0.01,0.0
4206,Normal,Normal,0.0,0.0,0.0,1.0,0.0
4207,DoS/DDoS,DoS/DDoS,0.0,0.0,1.0,0.0,0.0
4208,Normal,Normal,0.0,0.0,0.0,1.0,0.0
4209,Brute Force,Brute Force,0.0,1.0,0.0,0.0,0.0
4210,Normal,Normal,0.0,0.0,0.0,1.0,0.0
4211,Brute Force,Brute Force,0.0,1.0,0.0,0.0,0.0
4212,DoS/DDoS,DoS/DDoS,0.0,0.0,1.0,0.0,0.0
4213,DoS/DDoS,DoS/DDoS,0.0,0.0,1.0,0.0,0.0
4214,Bot,Bot,1.0,0.0,0.0,0.0,0.0
4215,Normal,Normal,0.0,0.007901540541301716,0.0,0.9920984594586983,0.0
4216,Normal,Normal,0.0,0.0,0.0,1.0,0.0
4217,DoS/DDoS,DoS/DDoS,0.0,0.0,1.0,0.0,0.0
4218,DoS/DDoS,DoS/DDoS,0.0,0.0,1.0,0.0,0.0
4219,Brute Force,Brute Force,0.0,1.0,0.0,0.0,0.0
4220,Brute Force,Brute Force,0.0,0.8694608714081187,0.0005857344293019682,0.03551627052080506,0.09443712364177406
4221,DoS/DDoS,DoS/DDoS,0.0,0.0,1.0,0.0,0.0
4222,DoS/DDoS,DoS/DDoS,0.0,0.0,1.0,0.0,0.0
4223,DoS/DDoS,DoS/DDoS,0.0,0.0,1.0,0.0,0.0
4224,Brute Force,Brute Force,0.0,1.0,0.0,0.0,0.0
4225,Brute Force,Brute Force,0.0,1.0,0.0,0.0,0.0
4226,Brute Force,Brute Force,0.0,1.0,0.0,0.0,0.0
4227,DoS/DDoS,DoS/DDoS,0.0,0.0,1.0,0.0,0.0
4228,Normal,Normal,0.0,0.0,0.0,1.0,0.0
4229,Brute Force,Brute Force,0.0,0.8713734269264839,0.0,0.03325113600704428,0.0953754370664715
4230,Brute Force,Brute Force,0.0,1.0,0.0,0.0,0.0
4231,DoS/DDoS,DoS/DDoS,0.0,0.0,1.0,0.0,0.0
4232,DoS/DDoS,DoS/DDoS,0.0,0.0,1.0,0.0,0.0
4233,DoS/DDoS,DoS/DDoS,0.0,0.0,1.0,0.0,0.0
4234,Brute Force,Brute Force,0.0,1.0,0.0,0.0,0.0
4235,DoS/DDoS,DoS/DDoS,0.0,0.0,0.9982573162683492,0.0017426837316508537,0.0
4236,Normal,Normal,0.0,0.0011842276590964304,0.006944310887392961,0.9719233371729429,0.019948124280567664
4237,Normal,Normal,0.0,0.0,0.0,1.0,0.0
4238,DoS/DDoS,DoS/DDoS,0.0,0.00447344856836021,0.9117081542466137,0.04573344059217731,0.038084956592848766
4239,Brute Force,Brute Force,0.0,1.0,0.0,0.0,0.0
4240,DoS/DDoS,DoS/DDoS,0.0,0.0,1.0,0.0,0.0
4241,Normal,Normal,0.0,0.0,0.0,1.0,0.0
4242,DoS/DDoS,DoS/DDoS,0.0,0.0,1.0,0.0,0.0
4243,DoS/DDoS,DoS/DDoS,0.0,0.0,1.0,0.0,0.0
4244,DoS/DDoS,DoS/DDoS,0.0,0.0,0.9991599881493601,0.0008400118506398297,0.0
4245,DoS/DDoS,DoS/DDoS,0.0,0.0,1.0,0.0,0.0
4246,DoS/DDoS,DoS/DDoS,0.0,0.0,1.0,0.0,0.0
4247,Brute Force,Brute Force,0.0,1.0,0.0,0.0,0.0
4248,Bot,Bot,0.9819317393056193,0.0,4.362009610206515e-05,0.018024640598278806,0.0
4249,Brute Force,Brute Force,0.0,1.0,0.0,0.0,0.0
4250,DoS/DDoS,DoS/DDoS,0.0,0.0,1.0,0.0,0.0
4251,DoS/DDoS,DoS/DDoS,0.0,0.0,1.0,0.0,0.0
4252,Normal,Normal,0.0,0.0,0.0,1.0,0.0
4253,Normal,Normal,0.0,0.0,0.0,1.0,0.0
4254,Normal,Normal,0.0,0.0,0.0,1.0,0.0
4255,DoS/DDoS,DoS/DDoS,0.0,0.0,1.0,0.0,0.0
4256,DoS/DDoS,DoS/DDoS,0.0,0.0,1.0,0.0,0.0
4257,DoS/DDoS,DoS/DDoS,0.0,0.0,1.0,0.0,0.0
4258,DoS/DDoS,DoS/DDoS,0.0,0.0,1.0,0.0,0.0
4259,Normal,Normal,0.0,0.0,0.0,1.0,0.0
4260,Normal,Normal,0.0,0.0,0.0,1.0,0.0
4261,DoS/DDoS,DoS/DDoS,0.0,0.0,1.0,0.0,0.0
4262,Bot,Bot,0.9224892134229684,0.0,0.00010678817729531723,0.0774039983997364,0.0
4263,DoS/DDoS,DoS/DDoS,0.0,0.0,1.0,0.0,0.0
4264,DoS/DDoS,DoS/DDoS,0.0,0.0,1.0,0.0,0.0
4265,Brute Force,Brute Force,0.0,1.0,0.0,0.0,0.0
4266,Normal,Normal,0.0,0.0,0.0,1.0,0.0
4267,DoS/DDoS,DoS/DDoS,0.0,0.0,1.0,0.0,0.0
4268,DoS/DDoS,DoS/DDoS,0.0,0.0,1.0,0.0,0.0
4269,DoS/DDoS,DoS/DDoS,0.0,0.0,1.0,0.0,0.0
4270,DoS/DDoS,DoS/DDoS,0.0,0.0,1.0,0.0,0.0
4271,Brute Force,Brute Force,0.0,1.0,0.0,0.0,0.0
4272,DoS/DDoS,DoS/DDoS,0.0,0.0,1.0,0.0,0.0
4273,Normal,Normal,0.0,0.0,0.0,1.0,0.0
4274,DoS/DDoS,DoS/DDoS,0.0,0.0,1.0,0.0,0.0
4275,Brute Force,Brute Force,0.0,1.0,0.0,0.0,0.0
4276,Normal,Normal,0.0,0.01,0.0,0.99,0.0
4277,Normal,Normal,0.0,0.0,0.0,1.0,0.0
4278,DoS/DDoS,DoS/DDoS,0.0,0.0,1.0,0.0,0.0
4279,Normal,Normal,0.0,0.0,0.0,1.0,0.0
4280,Web Attack,Web Attack,0.0,0.28128135249381464,2.119664097954856e-06,0.0006479797404217516,0.7180685481016654
4281,Normal,Normal,0.0,0.0,0.0,1.0,0.0
4282,DoS/DDoS,DoS/DDoS,0.0,0.0,1.0,0.0,0.0
4283,DoS/DDoS,DoS/DDoS,0.0,0.0,1.0,0.0,0.0
4284,Brute Force,Web Attack,0.0,0.19748551982533932,2.119664097954856e-06,0.0006693158207079804,0.8018430446898545
4285,DoS/DDoS,DoS/DDoS,0.0,0.0,1.0,0.0,0.0
4286,Brute Force,Brute Force,0.0,1.0,0.0,0.0,0.0
4287,Bot,Bot,1.0,0.0,0.0,0.0,0.0
4288,Normal,Normal,0.0,0.0026326431049924983,0.02,0.9743221378376219,0.003045219057385608
4289,DoS/DDoS,DoS/DDoS,0.0,0.0,1.0,0.0,0.0
4290,DoS/DDoS,DoS/DDoS,0.0,0.0,1.0,0.0,0.0
4291,Brute Force,Brute Force,0.0,1.0,0.0,0.0,0.0
4292,DoS/DDoS,DoS/DDoS,0.0,0.0,1.0,0.0,0.0
4293,DoS/DDoS,DoS/DDoS,0.0,0.0,1.0,0.0,0.0
4294,Normal,Normal,0.0,0.0,0.0,1.0,0.0
4295,Brute Force,Brute Force,0.0,1.0,0.0,0.0,0.0
4296,DoS/DDoS,DoS/DDoS,0.0,0.0,1.0,0.0,0.0
4297,Normal,Normal,0.0,0.0,0.0,1.0,0.0
4298,Web Attack,Web Attack,0.0,0.1883766289723145,2.119664097954856e-06,0.0006244145650717785,0.8109968367985156
4299,Brute Force,Brute Force,0.0,1.0,0.0,0.0,0.0
4300,DoS/DDoS,DoS/DDoS,0.0,0.0,1.0,0.0,0.0
4301,Normal,Normal,0.0,0.0,0.0,1.0,0.0
4302,Normal,Normal,0.002849891251961943,0.0,0.00022955373686064148,0.9969205550111775,0.0
4303,Normal,Normal,0.0,0.0,0.0,1.0,0.0
4304,DoS/DDoS,DoS/DDoS,0.0,0.0,1.0,0.0,0.0
4305,Brute Force,Brute Force,0.0,1.0,0.0,0.0,0.0
4306,DoS/DDoS,DoS/DDoS,0.0,0.0,1.0,0.0,0.0
4307,DoS/DDoS,DoS/DDoS,0.0,0.0,1.0,0.0,0.0
4308,Brute Force,Brute Force,0.0,1.0,0.0,0.0,0.0
4309,DoS/DDoS,DoS/DDoS,0.0,0.0,1.0,0.0,0.0
4310,DoS/DDoS,DoS/DDoS,0.0,0.0,1.0,0.0,0.0
4311,DoS/DDoS,DoS/DDoS,0.0,0.0,1.0,0.0,0.0
4312,Normal,Normal,0.0,0.0,0.0,1.0,0.0
4313,Normal,Normal,0.0,0.004829861470964176,0.010207931830128424,0.9849622066989073,0.0
4314,DoS/DDoS,DoS/DDoS,0.0,0.0,1.0,0.0,0.0
4315,Normal,Normal,0.0,0.0,0.0,1.0,0.0
4316,DoS/DDoS,DoS/DDoS,0.0,0.0,1.0,0.0,0.0
4317,Brute Force,Brute Force,0.0,1.0,0.0,0.0,0.0
4318,DoS/DDoS,DoS/DDoS,0.0,0.0,1.0,0.0,0.0
4319,DoS/DDoS,DoS/DDoS,0.0,0.0,1.0,0.0,0.0
4320,DoS/DDoS,DoS/DDoS,0.0,0.0,1.0,0.0,0.0
4321,DoS/DDoS,DoS/DDoS,0.0,0.0,1.0,0.0,0.0
4322,Brute Force,Brute Force,0.0,1.0,0.0,0.0,0.0
4323,Brute Force,Brute Force,0.0,1.0,0.0,0.0,0.0
4324,Normal,Normal,0.0,0.0,0.0,1.0,0.0
4325,DoS/DDoS,DoS/DDoS,0.0,0.0,1.0,0.0,0.0
4326,Bot,Bot,0.9776759423398336,0.0,4.526272127891693e-05,0.022278794938887694,0.0
4327,DoS/DDoS,DoS/DDoS,0.0,0.0,1.0,0.0,0.0
4328,Normal,Normal,0.0,0.0,0.0,1.0,0.0
4329,DoS/DDoS,DoS/DDoS,0.0,0.0,1.0,0.0,0.0
4330,Normal,Normal,0.0,0.0,0.0,1.0,0.0
4331,DoS/DDoS,DoS/DDoS,0.0,0.0,1.0,0.0,0.0
4332,Normal,Normal,0.0,0.0,0.0,1.0,0.0
4333,Bot,Bot,0.9998197911964907,0.0,0.0,0.00018020880350936918,0.0
4334,Brute Force,Brute Force,0.0,1.0,0.0,0.0,0.0
4335,DoS/DDoS,DoS/DDoS,0.0,0.0,1.0,0.0,0.0
4336,DoS/DDoS,DoS/DDoS,0.0,0.0,1.0,0.0,0.0
4337,Normal,Normal,0.0,0.002055069793040803,0.0013404975650363003,0.9966044326419228,0.0
4338,DoS/DDoS,DoS/DDoS,0.0,0.023639758035610945,0.7782477095929617,0.19811253237142734,0.0
4339,Normal,Normal,0.0,0.0,0.0,1.0,0.0
4340,Normal,Normal,0.0,0.0,0.0,1.0,0.0
4341,Normal,Normal,0.00045391557554762117,0.0,0.00022955373686064148,0.9993165306875917,0.0
4342,Normal,Normal,0.0,0.002416077802413957,0.09697527345749726,0.9006086487400887,0.0
4343,Brute Force,Brute Force,0.0,1.0,0.0,0.0,0.0
4344,DoS/DDoS,DoS/DDoS,0.0,0.0,1.0,0.0,0.0
4345,Normal,Normal,0.0,0.0,0.0,1.0,0.0
4346,Brute Force,Brute Force,0.0,1.0,0.0,0.0,0.0
4347,Normal,Normal,0.0,0.0,0.0,1.0,0.0
4348,DoS/DDoS,DoS/DDoS,0.0,0.0,0.9999807544456359,1.9245554364025933e-05,0.0
4349,DoS/DDoS,DoS/DDoS,0.0,0.0,1.0,0.0,0.0
4350,DoS/DDoS,DoS/DDoS,0.0,0.0,1.0,0.0,0.0
4351,Brute Force,Brute Force,0.0,1.0,0.0,0.0,0.0
4352,DoS/DDoS,DoS/DDoS,0.0,0.0,1.0,0.0,0.0
4353,DoS/DDoS,DoS/DDoS,0.0,0.0,1.0,0.0,0.0
4354,DoS/DDoS,DoS/DDoS,0.0,0.0,1.0,0.0,0.0
4355,Normal,Normal,0.0,0.01007864832031865,0.0,0.9842920901239881,0.005629261555693226
4356,Bot,Bot,1.0,0.0,0.0,0.0,0.0
4357,DoS/DDoS,Normal,0.009122658688865765,0.006579753178064397,0.14091992253610233,0.8433776655969676,0.0
4358,Normal,Normal,0.0,0.024150500354859706,0.006854307448203071,0.8708862898486441,0.09810890234829316
4359,DoS/DDoS,DoS/DDoS,0.0,0.0,1.0,0.0,0.0
4360,Normal,Normal,0.0,0.0,0.0,1.0,0.0
4361,DoS/DDoS,DoS/DDoS,0.0,0.0,0.9999515620674263,4.843793257365714e-05,0.0
4362,Normal,Normal,0.0,0.0,0.0,1.0,0.0
4363,DoS/DDoS,DoS/DDoS,0.0,0.0,1.0,0.0,0.0
4364,DoS/DDoS,DoS/DDoS,0.0,0.0,1.0,0.0,0.0
4365,Bot,Bot,0.9787202166986562,0.0,4.526272127891693e-05,0.021234520580064996,0.0
4366,DoS/DDoS,DoS/DDoS,0.0,0.0,1.0,0.0,0.0
4367,Normal,Normal,0.0,0.0,0.0,1.0,0.0
4368,DoS/DDoS,DoS/DDoS,0.0,0.0,1.0,0.0,0.0
4369,Brute Force,Brute Force,0.0,1.0,0.0,0.0,0.0
4370,DoS/DDoS,DoS/DDoS,0.0,0.0,1.0,0.0,0.0
4371,Normal,Normal,0.0,0.0,0.0,1.0,0.0
4372,Normal,Normal,0.0,0.0,0.0,1.0,0.0
4373,Bot,Bot,0.9762032953454781,0.0,4.526272127891693e-05,0.023751441933243096,0.0
4374,Brute Force,Brute Force,0.0,1.0,0.0,0.0,0.0
4375,Normal,Normal,0.0,0.0,0.0,1.0,0.0
4376,DoS/DDoS,DoS/DDoS,0.0,0.0,1.0,0.0,0.0
4377,DoS/DDoS,DoS/DDoS,0.0,0.0,1.0,0.0,0.0
4378,DoS/DDoS,DoS/DDoS,0.0,0.0,1.0,0.0,0.0
4379,Normal,Normal,0.0,0.0,0.0,1.0,0.0
4380,DoS/DDoS,DoS/DDoS,0.0,0.0,1.0,0.0,0.0
4381,DoS/DDoS,DoS/DDoS,0.0,0.0,0.9979542632749111,0.0020457367250887883,0.0
4382,DoS/DDoS,DoS/DDoS,0.0,0.0,1.0,0.0,0.0
4383,Normal,Normal,0.0,0.0,0.0,1.0,0.0
4384,Normal,Normal,0.0,0.0,0.0,1.0,0.0
4385,Brute Force,Web Attack,0.0,0.1451699039567385,2.119664097954856e-06,0.0006457410334229517,0.8541822353457401
4386,Brute Force,Brute Force,0.0,0.7268949701368256,0.0001572945684176533,0.10873345301554643,0.16421428227921034
4387,DoS/DDoS,DoS/DDoS,0.0,0.0,1.0,0.0,0.0
4388,Normal,Normal,0.0,0.0,0.0,0.9903261394194304,0.009673860580569538
4389,Normal,Normal,0.0,0.0,0.007431717895863932,0.9925682821041361,0.0
4390,DoS/DDoS,DoS/DDoS,0.0,0.0,1.0,0.0,0.0
4391,DoS/DDoS,DoS/DDoS,0.0,0.0,1.0,0.0,0.0
4392,DoS/DDoS,DoS/DDoS,0.0,0.0,1.0,0.0,0.0
4393,Normal,Normal,0.0,0.0,0.0,1.0,0.0
4394,Normal,Normal,0.0,0.007133215531145852,0.004800629240037543,0.9797257136776727,0.008340441551143806
4395,DoS/DDoS,DoS/DDoS,0.0,0.0,1.0,0.0,0.0
4396,Web Attack,Brute Force,0.0,0.6091151678300167,1.6281103216542896e-05,0.004780409397240628,0.38608814166952626
4397,Brute Force,Brute Force,0.0,1.0,0.0,0.0,0.0
4398,Bot,Bot,1.0,0.0,0.0,0.0,0.0
4399,Normal,Normal,0.0,0.0,0.0,1.0,0.0
4400,Normal,Normal,0.0,0.0,0.0,1.0,0.0
4401,DoS/DDoS,DoS/DDoS,0.0,0.0,1.0,0.0,0.0
4402,DoS/DDoS,DoS/DDoS,0.0,0.0,1.0,0.0,0.0
4403,Normal,Normal,0.0,0.0,0.0,1.0,0.0
4404,Brute Force,Brute Force,0.0,1.0,0.0,0.0,0.0
4405,Brute Force,Brute Force,0.0,1.0,0.0,0.0,0.0
4406,DoS/DDoS,DoS/DDoS,0.0,0.0,1.0,0.0,0.0
4407,DoS/DDoS,DoS/DDoS,0.0,0.0,0.6675531396353679,0.33244686036463195,0.0
4408,DoS/DDoS,DoS/DDoS,0.0,0.0,1.0,0.0,0.0
4409,Normal,Normal,0.0,0.0,0.0,1.0,0.0
4410,DoS/DDoS,DoS/DDoS,0.0,0.0,1.0,0.0,0.0
4411,Web Attack,Normal,0.0,0.30358550615129265,0.06547888928176303,0.5986455148234413,0.032290089743502885
4412,DoS/DDoS,DoS/DDoS,0.0,0.0,1.0,0.0,0.0
4413,Normal,Normal,0.0,0.0,0.0,1.0,0.0
4414,DoS/DDoS,DoS/DDoS,0.0,0.0,1.0,0.0,0.0
4415,Normal,Normal,0.0,0.0,0.0,1.0,0.0
4416,Brute Force,Brute Force,0.0,1.0,0.0,0.0,0.0
4417,Brute Force,Brute Force,0.0,1.0,0.0,0.0,0.0
4418,Brute Force,Brute Force,0.0,1.0,0.0,0.0,0.0
4419,Normal,Normal,0.0,0.00790293351455431,0.005331190190602937,0.9867658762948427,0.0
4420,Brute Force,Brute Force,0.0,1.0,0.0,0.0,0.0
4421,Brute Force,Brute Force,0.0,1.0,0.0,0.0,0.0
4422,Brute Force,Brute Force,0.0,0.6372913027092916,0.0005139261595342682,0.04187682310516827,0.3203179480260059
4423,DoS/DDoS,DoS/DDoS,0.0,0.0,1.0,0.0,0.0
4424,DoS/DDoS,DoS/DDoS,0.0,0.0,0.9999807544456359,1.9245554364025933e-05,0.0
4425,Bot,Bot,0.9715053189225179,0.0,4.526272127891693e-05,0.028449418356203213,0.0
4426,Brute Force,Brute Force,0.0,1.0,0.0,0.0,0.0
4427,Normal,Normal,0.0,0.0,0.0,1.0,0.0
4428,DoS/DDoS,DoS/DDoS,0.0,0.0,1.0,0.0,0.0
4429,DoS/DDoS,DoS/DDoS,0.0,0.0,1.0,0.0,0.0
4430,DoS/DDoS,DoS/DDoS,0.0,0.0,1.0,0.0,0.0
4431,DoS/DDoS,DoS/DDoS,0.0,0.0,1.0,0.0,0.0
4432,Normal,Normal,0.0,0.0,0.0,1.0,0.0
4433,DoS/DDoS,DoS/DDoS,0.0,0.0,0.9991599881493601,0.0008400118506398297,0.0
4434,Normal,Normal,0.0,0.0,0.01,0.99,0.0
4435,Normal,Normal,0.0,0.0,0.0,1.0,0.0
4436,DoS/DDoS,DoS/DDoS,0.0,0.0,1.0,0.0,0.0
4437,Bot,Bot,0.97896598796973,0.0,4.526272127891693e-05,0.02098874930899116,0.0
4438,Normal,Normal,0.0,0.0,0.0,1.0,0.0
4439,DoS/DDoS,DoS/DDoS,0.0,0.0,1.0,0.0,0.0
4440,Brute Force,Brute Force,0.0,1.0,0.0,0.0,0.0
4441,DoS/DDoS,DoS/DDoS,0.0,0.0,0.9999515620674263,4.843793257365714e-05,0.0
4442,Web Attack,Web Attack,0.0,0.1545589551443417,2.119664097954856e-06,0.0006457410334229517,0.8447931841581371
4443,Normal,Normal,0.0,0.0,0.005019139269488069,0.994980860730512,0.0
4444,DoS/DDoS,DoS/DDoS,0.0,0.0,1.0,0.0,0.0
4445,Brute Force,Brute Force,0.0,1.0,0.0,0.0,0.0
4446,Normal,Normal,0.0,0.0,0.0,1.0,0.0
4447,Brute Force,Brute Force,0.0,1.0,0.0,0.0,0.0
4448,Normal,Normal,0.0,0.0,0.0,1.0,0.0
4449,Normal,Normal,0.0,0.0,0.005978901023500485,0.9940210989764995,0.0
4450,Normal,Normal,0.0,0.0,0.0,1.0,0.0
4451,Normal,Normal,0.0,0.0,0.0,1.0,0.0
4452,Bot,Bot,1.0,0.0,0.0,0.0,0.0
4453,Bot,Bot,0.9806531021482988,0.0,4.362009610206515e-05,0.019303277755599167,0.0
4454,Brute Force,Brute Force,0.0,0.9757132714299843,0.0,0.024286728570015747,0.0
4455,DoS/DDoS,DoS/DDoS,0.0,0.0003353286992620004,0.999664671300738,0.0,0.0
4456,DoS/DDoS,DoS/DDoS,0.0,0.0,1.0,0.0,0.0
4457,Brute Force,Brute Force,0.0,1.0,0.0,0.0,0.0
4458,Brute Force,Brute Force,0.0,1.0,0.0,0.0,0.0
4459,Normal,Normal,0.03657941212386766,0.0,0.006696311494541019,0.9567242763815913,0.0
4460,Normal,Normal,0.0,0.0,0.0,1.0,0.0
4461,DoS/DDoS,DoS/DDoS,0.0,0.0,0.9932895925450482,0.006710407454951744,0.0
4462,DoS/DDoS,DoS/DDoS,0.0,0.0,1.0,0.0,0.0
4463,Brute Force,Brute Force,0.0,1.0,0.0,0.0,0.0
4464,Bot,Bot,0.9821626441717808,0.0,4.362009610206515e-05,0.017793735732117164,0.0
4465,Normal,Normal,0.0,0.00017307140283731712,0.03613297897454942,0.9517813398646915,0.011912609757921886
4466,DoS/DDoS,DoS/DDoS,0.0,0.0,1.0,0.0,0.0
4467,Brute Force,Brute Force,0.0,0.8989012345408527,0.0,0.023744409362725708,0.07735435609642144
4468,Normal,Normal,0.0,0.0,0.01,0.99,0.0
4469,Normal,Normal,0.0,0.0,0.0,1.0,0.0
4470,DoS/DDoS,DoS/DDoS,0.0,0.0,1.0,0.0,0.0
4471,Normal,Normal,0.0,0.0,0.0,1.0,0.0
4472,DoS/DDoS,DoS/DDoS,0.0,0.0,1.0,0.0,0.0
4473,Normal,Normal,0.0,0.0,0.0,1.0,0.0
4474,DoS/DDoS,DoS/DDoS,0.0,0.0,1.0,0.0,0.0
4475,Brute Force,Brute Force,0.0,1.0,0.0,0.0,0.0
4476,Bot,Bot,0.989100090638353,0.0,0.0,0.01089990936164703,0.0
4477,DoS/DDoS,DoS/DDoS,0.0,0.0,1.0,0.0,0.0
4478,Normal,Normal,0.0,0.0,0.0,1.0,0.0
4479,Normal,Normal,0.0,0.0,0.0,1.0,0.0
4480,DoS/DDoS,DoS/DDoS,0.0,0.0,0.9734764999708732,0.02652350002912667,0.0
4481,Normal,Normal,0.0,0.006504678117581344,0.042324531361154334,0.9511707905212643,0.0
4482,DoS/DDoS,DoS/DDoS,0.0,0.0,1.0,0.0,0.0
4483,Normal,Normal,0.0,0.0,0.0,1.0,0.0
4484,DoS/DDoS,DoS/DDoS,0.0,0.0,0.9999515620674263,4.843793257365714e-05,0.0
4485,Normal,Normal,0.0,0.0,0.011717407899132004,0.988282592100868,0.0
4486,DoS/DDoS,DoS/DDoS,0.0,0.0,1.0,0.0,0.0
4487,Normal,Normal,0.0,0.0011842276590964304,0.020230998113175677,0.9636269454124203,0.014957828815307495
4488,Normal,Normal,0.0,0.0,0.0,1.0,0.0
4489,DoS/DDoS,DoS/DDoS,0.0,0.0,1.0,0.0,0.0
4490,Normal,Normal,0.0,0.0,0.0,1.0,0.0
4491,Brute Force,Brute Force,0.0,1.0,0.0,0.0,0.0
4492,DoS/DDoS,DoS/DDoS,0.0,0.0,1.0,0.0,0.0
4493,Brute Force,Brute Force,0.0,1.0,0.0,0.0,0.0
4494,Bot,Bot,0.9998813106891216,0.0,0.0,0.00011868931087857678,0.0
4495,Bot,Bot,0.9767718577016441,0.0,4.362009610206515e-05,0.023184522202253966,0.0
4496,DoS/DDoS,DoS/DDoS,0.0,0.07556997093595695,0.8506448760077885,0.027204760283055508,0.046580392773199135
4497,Normal,Normal,0.0,0.0,0.0,1.0,0.0
4498,Web Attack,Web Attack,0.0,0.0005692162553331723,0.0,0.02451550954073342,0.9749152742039334
4499,Normal,Normal,0.0,0.008507000647458724,0.0,0.9914929993525413,0.0
4500,DoS/DDoS,DoS/DDoS,0.0,0.0,1.0,0.0,0.0
4501,DoS/DDoS,DoS/DDoS,0.0,0.0,0.9998142551174002,0.00018574488259984488,0.0
4502,Normal,Normal,0.0,0.0,0.0,1.0,0.0
4503,Normal,Normal,0.0,0.0,0.0,1.0,0.0
4504,DoS/DDoS,DoS/DDoS,0.0,0.0,1.0,0.0,0.0
4505,Normal,Normal,0.0,0.007324825859734441,0.020076261827562704,0.9725989123127028,0.0
4506,Normal,Normal,0.0,0.07028040891158582,0.12490459336706407,0.8048149977213502,0.0
4507,Normal,Normal,0.0,0.0,0.0,1.0,0.0
4508,Normal,Normal,0.0,0.0,0.0,1.0,0.0
4509,Bot,Bot,0.9770156062565603,0.0,4.526272127891693e-05,0.02293913102216104,0.0
4510,DoS/DDoS,DoS/DDoS,0.0,0.0,1.0,0.0,0.0
4511,DoS/DDoS,DoS/DDoS,0.0,0.0,1.0,0.0,0.0
4512,DoS/DDoS,DoS/DDoS,0.0,0.0,1.0,0.0,0.0
4513,DoS/DDoS,DoS/DDoS,0.0,0.0,1.0,0.0,0.0
4514,DoS/DDoS,DoS/DDoS,0.0,0.0,1.0,0.0,0.0
4515,DoS/DDoS,DoS/DDoS,0.0,0.0,1.0,0.0,0.0
4516,DoS/DDoS,DoS/DDoS,0.0,0.0,1.0,0.0,0.0
4517,DoS/DDoS,DoS/DDoS,0.0,0.0,1.0,0.0,0.0
4518,Normal,Normal,0.0,0.0,0.0,1.0,0.0
4519,Brute Force,Brute Force,0.0,1.0,0.0,0.0,0.0
4520,Brute Force,Brute Force,0.0,1.0,0.0,0.0,0.0
4521,Brute Force,Brute Force,0.0,1.0,0.0,0.0,0.0
4522,Brute Force,Brute Force,0.0,0.9253144792840469,0.0,0.0746855207159534,0.0
4523,DoS/DDoS,DoS/DDoS,0.0,0.0,1.0,0.0,0.0
4524,DoS/DDoS,DoS/DDoS,0.0,0.0,1.0,0.0,0.0
4525,Brute Force,Brute Force,0.0,1.0,0.0,0.0,0.0
4526,DoS/DDoS,DoS/DDoS,0.0,0.0,0.9851848914392601,0.005287897647929383,0.009527210912810368
4527,Normal,Normal,0.13281228206254225,0.0,9.829310655844389e-06,0.8671778886268021,0.0
4528,Normal,Normal,0.0,0.0,0.0,1.0,0.0
4529,DoS/DDoS,DoS/DDoS,0.0,0.0,1.0,0.0,0.0
4530,DoS/DDoS,DoS/DDoS,0.0,0.0,1.0,0.0,0.0
4531,Normal,Normal,0.0,0.0,0.0,1.0,0.0
4532,Normal,Normal,0.0,0.0,0.0,1.0,0.0
4533,Normal,Normal,0.0,0.0,0.0,1.0,0.0
4534,Normal,Normal,0.0,0.0,0.0,1.0,0.0
4535,DoS/DDoS,DoS/DDoS,0.0,0.0,1.0,0.0,0.0
4536,DoS/DDoS,DoS/DDoS,0.0,0.0,1.0,0.0,0.0
4537,Brute Force,Web Attack,0.0,0.11898206616808808,2.119664097954856e-06,0.0006457410334229517,0.8803700731343906
4538,DoS/DDoS,DoS/DDoS,0.0,0.006549188289163313,0.957391166944714,0.03605964476612263,0.0
4539,DoS/DDoS,DoS/DDoS,0.0,0.0,1.0,0.0,0.0
4540,Brute Force,Brute Force,0.0,1.0,0.0,0.0,0.0
4541,Brute Force,Brute Force,0.0,1.0,0.0,0.0,0.0
4542,Brute Force,Brute Force,0.0,1.0,0.0,0.0,0.0
4543,DoS/DDoS,DoS/DDoS,0.0,0.0,0.9999515620674263,4.843793257365714e-05,0.0
4544,Normal,Normal,0.0,0.0,0.0,1.0,0.0
4545,DoS/DDoS,DoS/DDoS,0.0,0.0,0.9925296516589504,0.0074703483410496156,0.0
4546,Normal,Normal,0.0,0.0,0.0,1.0,0.0
4547,DoS/DDoS,DoS/DDoS,0.0,0.0,1.0,0.0,0.0
4548,DoS/DDoS,DoS/DDoS,0.0,0.0,0.9947800500293933,0.005219949970606687,0.0
4549,Normal,Normal,0.0,0.0,0.0,1.0,0.0
4550,Normal,Normal,0.0,0.0,0.0,1.0,0.0
4551,Brute Force,Brute Force,0.0,1.0,0.0,0.0,0.0
4552,Brute Force,Brute Force,0.0,1.0,0.0,0.0,0.0
4553,Brute Force,Brute Force,0.0,1.0,0.0,0.0,0.0
4554,Normal,Normal,0.0,0.0,0.0,1.0,0.0
4555,Normal,Normal,0.0,0.0,0.0,1.0,0.0
4556,Normal,Normal,0.0,0.0,0.0,1.0,0.0
4557,Brute Force,Brute Force,0.0,1.0,0.0,0.0,0.0
4558,Brute Force,Brute Force,0.0,1.0,0.0,0.0,0.0
4559,Normal,Normal,0.2571798984445446,0.0,1.185981413265176e-05,0.7428082417413229,0.0
4560,Normal,Normal,0.0,0.0,0.0,1.0,0.0
4561,DoS/DDoS,DoS/DDoS,0.0,0.0,1.0,0.0,0.0
4562,Normal,Normal,0.0,0.0,0.0,1.0,0.0
4563,DoS/DDoS,DoS/DDoS,0.0,0.0,1.0,0.0,0.0
4564,Brute Force,Brute Force,0.0,1.0,0.0,0.0,0.0
4565,Brute Force,Brute Force,0.0,1.0,0.0,0.0,0.0
4566,Normal,Normal,0.0,0.0,0.0,1.0,0.0
4567,Normal,Normal,0.0,0.0,0.0,1.0,0.0
4568,DoS/DDoS,DoS/DDoS,0.0,0.0,1.0,0.0,0.0
4569,DoS/DDoS,DoS/DDoS,0.0,0.0,1.0,0.0,0.0
4570,DoS/DDoS,DoS/DDoS,0.0,0.0,1.0,0.0,0.0
4571,DoS/DDoS,DoS/DDoS,0.0,0.0,1.0,0.0,0.0
4572,Brute Force,Brute Force,0.0,1.0,0.0,0.0,0.0
4573,Normal,Normal,0.0,0.0,0.0,1.0,0.0
4574,Normal,Normal,0.0,0.0,0.0,1.0,0.0
4575,Brute Force,Brute Force,0.0,1.0,0.0,0.0,0.0
4576,DoS/DDoS,DoS/DDoS,0.0,0.0,1.0,0.0,0.0
4577,Normal,Normal,0.0,0.0,0.0141527204336201,0.98584727956638,0.0
4578,Brute Force,Brute Force,0.0,1.0,0.0,0.0,0.0
4579,DoS/DDoS,DoS/DDoS,0.0,0.0,1.0,0.0,0.0
4580,Brute Force,Brute Force,0.0,1.0,0.0,0.0,0.0
4581,Web Attack,Web Attack,0.0,0.3699486096317678,2.119664097954856e-06,0.0005899695279967256,0.6294593011761375
4582,Web Attack,Web Attack,0.0,0.13208742342517144,2.119664097954856e-06,0.0006207759528405987,0.8672896809578897
4583,Brute Force,Web Attack,0.0,0.2733881205663237,2.119664097954856e-06,0.0006814364852502548,0.7259283232843281
4584,Normal,Normal,0.0,0.0,0.0,1.0,0.0
4585,DoS/DDoS,DoS/DDoS,0.0,0.0,1.0,0.0,0.0
4586,DoS/DDoS,DoS/DDoS,0.0,0.0,0.9941437131556198,0.005856286844380217,0.0
4587,DoS/DDoS,DoS/DDoS,0.0,0.0,0.9999515620674263,4.843793257365714e-05,0.0
4588,DoS/DDoS,DoS/DDoS,0.0,0.0,1.0,0.0,0.0
4589,DoS/DDoS,DoS/DDoS,0.0,0.0,1.0,0.0,0.0
4590,DoS/DDoS,DoS/DDoS,0.0,0.0,1.0,0.0,0.0
4591,Normal,Normal,0.0,0.0,0.0,1.0,0.0
4592,Normal,Normal,0.0,0.0,0.0,1.0,0.0
4593,DoS/DDoS,DoS/DDoS,0.0,0.0,1.0,0.0,0.0
4594,Web Attack,Web Attack,0.0,0.1776736512457867,2.119664097954856e-06,0.00413417485324421,0.818190054236871
4595,Brute Force,Brute Force,0.0,1.0,0.0,0.0,0.0
4596,Normal,Normal,0.0,0.0,0.0,1.0,0.0
4597,DoS/DDoS,DoS/DDoS,0.0,0.0,1.0,0.0,0.0
4598,Brute Force,Brute Force,0.0,1.0,0.0,0.0,0.0
4599,DoS/DDoS,DoS/DDoS,0.0,0.0,1.0,0.0,0.0
4600,DoS/DDoS,DoS/DDoS,0.0,0.0,1.0,0.0,0.0
4601,Brute Force,Brute Force,0.0,0.7646493133938885,0.0001572945684176533,0.12889565772278483,0.10629773431490898
4602,Web Attack,Web Attack,0.0,0.18680665313661077,2.119664097954856e-06,0.003094011228816493,0.8100972159704746
4603,Bot,Bot,0.9630040997555034,0.0,0.00011684289971231075,0.0368790573447844,0.0
4604,DoS/DDoS,DoS/DDoS,0.0,0.0,1.0,0.0,0.0
4605,DoS/DDoS,DoS/DDoS,0.0,0.0,1.0,0.0,0.0
4606,DoS/DDoS,DoS/DDoS,0.0,0.0,1.0,0.0,0.0
4607,DoS/DDoS,DoS/DDoS,0.0,0.0,1.0,0.0,0.0
4608,Normal,Normal,0.0,0.0,0.0,1.0,0.0
4609,Normal,Normal,0.0,0.0,0.0,1.0,0.0
4610,Normal,Normal,0.0,0.0,0.0,1.0,0.0
4611,Normal,Normal,0.0,0.0,0.0,1.0,0.0
4612,Brute Force,Brute Force,0.0,1.0,0.0,0.0,0.0
4613,Normal,Normal,0.0,0.00012147879110522841,0.003803400114246514,0.9960751210946482,0.0
4614,DoS/DDoS,DoS/DDoS,0.0,0.0,1.0,0.0,0.0
4615,Brute Force,Brute Force,0.0,1.0,0.0,0.0,0.0
4616,DoS/DDoS,DoS/DDoS,0.0,0.0,1.0,0.0,0.0
4617,DoS/DDoS,DoS/DDoS,0.0,0.006549188289163313,0.9475595128633764,0.03599073862337068,0.009900560224089635
4618,Normal,Normal,0.0,0.0,0.0,1.0,0.0
4619,Brute Force,Brute Force,0.0,1.0,0.0,0.0,0.0
4620,DoS/DDoS,DoS/DDoS,0.0,0.0,1.0,0.0,0.0
4621,Normal,Normal,0.0,0.0,0.0,1.0,0.0
4622,DoS/DDoS,DoS/DDoS,0.0,0.0,0.9991599881493601,0.0008400118506398297,0.0
4623,Normal,Normal,0.0,0.0,0.0,1.0,0.0
4624,Normal,Normal,0.0,0.0,0.0,1.0,0.0
4625,Normal,Normal,0.0,0.0,0.0,1.0,0.0
4626,Normal,Normal,0.0,0.0,0.0,1.0,0.0
4627,DoS/DDoS,DoS/DDoS,0.0,0.0,1.0,0.0,0.0
4628,Normal,Normal,0.0,0.0,0.01,0.99,0.0
4629,Normal,Normal,0.0,0.0,0.0,1.0,0.0
4630,Brute Force,Brute Force,0.0,1.0,0.0,0.0,0.0
4631,Normal,Normal,0.0,0.0,0.0006574410828552646,0.9993425589171447,0.0
4632,Normal,Normal,0.0,0.0,0.0,1.0,0.0
4633,Brute Force,Brute Force,0.0,1.0,0.0,0.0,0.0
4634,DoS/DDoS,DoS/DDoS,0.0,0.0,1.0,0.0,0.0
4635,Brute Force,Brute Force,0.0,1.0,0.0,0.0,0.0
4636,Brute Force,Brute Force,0.0,1.0,0.0,0.0,0.0
4637,Normal,Normal,0.00045391557554762117,0.00651633621893326,0.00022955373686064148,0.9928001944686585,0.0
4638,Normal,Normal,0.0,0.0,0.0,1.0,0.0
4639,DoS/DDoS,DoS/DDoS,0.0,0.0,1.0,0.0,0.0
4640,Normal,Normal,0.0,0.0,0.0,1.0,0.0
4641,DoS/DDoS,DoS/DDoS,0.0,0.0,1.0,0.0,0.0
4642,Normal,Normal,0.0,0.0,0.0,1.0,0.0
4643,Normal,Normal,0.0,0.0,0.0,1.0,0.0
4644,DoS/DDoS,DoS/DDoS,0.0,0.0,1.0,0.0,0.0
4645,Normal,Normal,0.0,0.0,0.0,1.0,0.0
4646,Normal,Normal,0.0,0.0,0.0,1.0,0.0
4647,DoS/DDoS,DoS/DDoS,0.0,0.0,1.0,0.0,0.0
4648,Normal,Normal,0.0,0.0,0.0,1.0,0.0
4649,DoS/DDoS,DoS/DDoS,0.0,0.0,1.0,0.0,0.0
4650,DoS/DDoS,DoS/DDoS,0.0,0.0,1.0,0.0,0.0
4651,DoS/DDoS,DoS/DDoS,0.0,0.0,1.0,0.0,0.0
4652,DoS/DDoS,DoS/DDoS,0.0,0.0,1.0,0.0,0.0
4653,Normal,Normal,0.015989497463741387,0.0,4.251955893558861e-05,0.983967982977323,0.0
4654,Brute Force,Brute Force,0.0,0.8596426193516105,2.119664097954856e-06,0.0018080706492073092,0.13854719033508434
4655,DoS/DDoS,DoS/DDoS,0.0,0.0,1.0,0.0,0.0
4656,DoS/DDoS,DoS/DDoS,0.0,0.0,0.9898779831753416,0.010122016824658438,0.0
4657,Brute Force,Brute Force,0.0,1.0,0.0,0.0,0.0
4658,Normal,Normal,0.0,0.0,0.0,1.0,0.0
4659,DoS/DDoS,DoS/DDoS,0.0,0.0,1.0,0.0,0.0
4660,Normal,Normal,0.0,0.0,0.0,1.0,0.0
4661,Normal,Normal,0.0,0.0,0.0,1.0,0.0
4662,Normal,Normal,0.0,0.0,0.0,1.0,0.0
4663,DoS/DDoS,DoS/DDoS,0.0,0.0,1.0,0.0,0.0
4664,Normal,Normal,0.0,0.0,0.0,1.0,0.0
4665,Brute Force,Brute Force,0.0,1.0,0.0,0.0,0.0
4666,Brute Force,Brute Force,0.0,1.0,0.0,0.0,0.0
4667,Normal,Normal,0.0,0.0,0.0,1.0,0.0
4668,Brute Force,Brute Force,0.0,1.0,0.0,0.0,0.0
4669,Brute Force,Web Attack,0.0,0.28362342553896713,2.119664097954856e-06,0.0006076297506990514,0.7157668250462355
4670,Normal,Normal,0.0,0.0,0.0,1.0,0.0
4671,DoS/DDoS,DoS/DDoS,0.0,0.0,1.0,0.0,0.0
4672,DoS/DDoS,DoS/DDoS,0.0,0.0,1.0,0.0,0.0
4673,Brute Force,Brute Force,0.0,1.0,0.0,0.0,0.0
4674,DoS/DDoS,DoS/DDoS,0.0,0.0,1.0,0.0,0.0
4675,Normal,Normal,0.0,0.0,0.0,1.0,0.0
4676,Normal,Normal,0.0,0.0,0.0,1.0,0.0
4677,DoS/DDoS,DoS/DDoS,0.0,0.0,0.9548922381073013,0.04510776189269871,0.0
4678,DoS/DDoS,DoS/DDoS,0.0,0.0,1.0,0.0,0.0
4679,DoS/DDoS,DoS/DDoS,0.0,0.0,1.0,0.0,0.0
4680,Brute Force,Brute Force,0.0,1.0,0.0,0.0,0.0
4681,Normal,Normal,0.0,0.0,0.0,1.0,0.0
4682,Brute Force,Brute Force,0.0,0.8855606434919433,0.0,0.03664869275492397,0.0777906637531325
4683,Normal,Normal,0.0,0.0,0.0,1.0,0.0
4684,Bot,Bot,0.630710988671733,0.0,6.648371873883544e-05,0.36922252760952823,0.0
4685,Normal,Normal,0.08436532958192794,0.0,9.829310655844389e-06,0.9156248411074164,0.0
4686,Normal,Normal,0.0,0.0284930419921875,0.0,0.9715069580078125,0.0
4687,Bot,Bot,1.0,0.0,0.0,0.0,0.0
4688,Normal,Normal,0.0,0.01,0.0,0.99,0.0
4689,Brute Force,Brute Force,0.0,0.9948839307401367,0.0,0.005116069259863284,0.0
4690,Normal,Normal,0.0,0.0,8.982829642318197e-05,0.9999101717035768,0.0
4691,DoS/DDoS,DoS/DDoS,0.0,0.0,1.0,0.0,0.0
4692,Bot,Bot,1.0,0.0,0.0,0.0,0.0
4693,DoS/DDoS,DoS/DDoS,0.0,0.0,1.0,0.0,0.0
4694,Brute Force,Brute Force,0.0,1.0,0.0,0.0,0.0
4695,Brute Force,Brute Force,0.0,1.0,0.0,0.0,0.0
4696,DoS/DDoS,DoS/DDoS,0.0,0.0003353286992620004,0.999664671300738,0.0,0.0
4697,DoS/DDoS,DoS/DDoS,0.0,0.0,0.9998355146565323,0.00016448534346767324,0.0
4698,Brute Force,Brute Force,0.0,1.0,0.0,0.0,0.0
4699,Brute Force,Brute Force,0.0,0.998893437007501,0.0,0.0011065629924989781,0.0
4700,DoS/DDoS,DoS/DDoS,0.0,0.0,1.0,0.0,0.0
4701,Normal,Normal,0.0,0.03059049048549665,0.0,0.9567243539215227,0.012685155592980574
4702,Normal,Normal,0.0,0.0,0.0,1.0,0.0
4703,DoS/DDoS,DoS/DDoS,0.0,0.0,1.0,0.0,0.0
4704,Normal,Normal,0.00045391557554762117,0.0037024891665995074,0.021603715251676106,0.9742398800061767,0.0
4705,Normal,Normal,0.0,0.0,0.0,1.0,0.0
4706,Normal,Normal,0.0,0.0,0.0,1.0,0.0
4707,DoS/DDoS,DoS/DDoS,0.0,0.0,1.0,0.0,0.0
4708,Normal,Normal,0.0,0.0,0.0,1.0,0.0
4709,Normal,Normal,0.0,0.0,0.0,1.0,0.0
4710,Brute Force,Brute Force,0.0,1.0,0.0,0.0,0.0
4711,Brute Force,DoS/DDoS,0.0,0.4533396580039108,0.46710948319915857,0.055713771166123374,0.023837087630807215
4712,Normal,Normal,0.0,0.0,0.0,1.0,0.0
4713,Normal,Normal,0.0,0.0,0.0,1.0,0.0
4714,Normal,Normal,0.0,0.0,0.0,1.0,0.0
4715,DoS/DDoS,DoS/DDoS,0.0,0.0,1.0,0.0,0.0
4716,DoS/DDoS,DoS/DDoS,0.0,0.0,1.0,0.0,0.0
4717,Normal,Normal,0.0,0.015554318877449616,0.05802298189007753,0.9169052976818735,0.009517401550599405
4718,DoS/DDoS,DoS/DDoS,0.0,0.0,1.0,0.0,0.0
4719,DoS/DDoS,DoS/DDoS,0.0,0.0,1.0,0.0,0.0
4720,Brute Force,Brute Force,0.0,1.0,0.0,0.0,0.0
4721,DoS/DDoS,DoS/DDoS,0.0,0.0,0.9991599881493601,0.0008400118506398297,0.0
4722,Brute Force,Brute Force,0.0,1.0,0.0,0.0,0.0
4723,Brute Force,Brute Force,0.0,1.0,0.0,0.0,0.0
4724,DoS/DDoS,DoS/DDoS,0.0,0.0,1.0,0.0,0.0
4725,DoS/DDoS,DoS/DDoS,0.0,0.0,1.0,0.0,0.0
4726,DoS/DDoS,DoS/DDoS,0.0,0.0,1.0,0.0,0.0
4727,Brute Force,Brute Force,0.0,1.0,0.0,0.0,0.0
4728,Normal,Normal,0.0,0.04619194595122687,0.0,0.9349673949301237,0.018840659118649353
4729,DoS/DDoS,DoS/DDoS,0.0,0.0,1.0,0.0,0.0
4730,DoS/DDoS,DoS/DDoS,0.0,0.0,1.0,0.0,0.0
4731,Normal,Normal,0.0,0.0,0.0,1.0,0.0
4732,DoS/DDoS,DoS/DDoS,0.0,0.0,1.0,0.0,0.0
4733,Brute Force,Brute Force,0.0,1.0,0.0,0.0,0.0
4734,DoS/DDoS,DoS/DDoS,0.0,0.0,1.0,0.0,0.0
4735,Brute Force,Brute Force,0.0,0.5136700675633886,1.278549656947793e-05,0.0009073007850285457,0.4854098461550133
4736,Normal,Normal,0.0,0.0,0.013338096599028293,0.9866619034009717,0.0
4737,DoS/DDoS,DoS/DDoS,0.0,0.0,1.0,0.0,0.0
4738,Brute Force,Brute Force,0.0,1.0,0.0,0.0,0.0
4739,Bot,Bot,0.9993503958441061,0.0,0.0,0.00064960415589386,0.0
4740,Normal,Normal,0.0,0.0,0.0,1.0,0.0
4741,Normal,Normal,0.0,0.0,0.0,1.0,0.0
4742,Brute Force,Brute Force,0.0,1.0,0.0,0.0,0.0
4743,Brute Force,Brute Force,0.0,1.0,0.0,0.0,0.0
4744,Bot,Bot,0.978403794286688,0.0,4.362009610206515e-05,0.02155258561721004,0.0
4745,DoS/DDoS,DoS/DDoS,0.0,0.0,1.0,0.0,0.0
4746,Brute Force,Brute Force,0.0,1.0,0.0,0.0,0.0
4747,Brute Force,Brute Force,0.0,1.0,0.0,0.0,0.0
4748,Brute Force,Brute Force,0.0,1.0,0.0,0.0,0.0
4749,Normal,Normal,0.0,0.0,0.0,1.0,0.0
4750,Normal,Normal,0.0,0.0,0.015023971377459748,0.9849760286225403,0.0
4751,DoS/DDoS,DoS/DDoS,0.0,0.0,1.0,0.0,0.0
4752,Normal,Normal,0.0,0.0,0.0,1.0,0.0
4753,DoS/DDoS,DoS/DDoS,0.0,0.0,1.0,0.0,0.0
4754,DoS/DDoS,DoS/DDoS,0.0,0.0,1.0,0.0,0.0
4755,Brute Force,Brute Force,0.0,1.0,0.0,0.0,0.0
4756,Brute Force,Web Attack,0.0,0.22032063414826916,2.119664097954856e-06,0.0006814364852502548,0.7789958097023824
4757,DoS/DDoS,DoS/DDoS,0.0,0.0,1.0,0.0,0.0
4758,Normal,Normal,0.0,0.0,0.016045180080983164,0.9739548199190169,0.01
4759,DoS/DDoS,DoS/DDoS,0.0,0.0,1.0,0.0,0.0
4760,Web Attack,Web Attack,0.0,0.22682679382234971,2.119664097954856e-06,0.0006693158207079804,0.7725017706928442
4761,Web Attack,Web Attack,0.0,0.14618887401655917,2.119664097954856e-06,0.0006516183526529315,0.8531573879666897
4762,Brute Force,Brute Force,0.0,1.0,0.0,0.0,0.0
4763,DoS/DDoS,DoS/DDoS,0.0,0.0,1.0,0.0,0.0
4764,Normal,Normal,0.0,0.0,0.0,1.0,0.0
4765,Brute Force,Brute Force,0.0,1.0,0.0,0.0,0.0
4766,Normal,Normal,0.0,0.0,0.0,1.0,0.0
4767,Brute Force,Brute Force,0.0,1.0,0.0,0.0,0.0
4768,Brute Force,Brute Force,0.0,1.0,0.0,0.0,0.0
4769,Normal,Normal,0.0,0.004846651079631412,0.0,0.9951533489203687,0.0
4770,Brute Force,Brute Force,0.0,1.0,0.0,0.0,0.0
4771,DoS/DDoS,DoS/DDoS,0.0,0.0,1.0,0.0,0.0
4772,Brute Force,Brute Force,0.0,1.0,0.0,0.0,0.0
4773,Normal,Normal,0.0,0.0,0.0,1.0,0.0
4774,DoS/DDoS,DoS/DDoS,0.0,0.0,1.0,0.0,0.0
4775,DoS/DDoS,DoS/DDoS,0.0,0.00261625294544904,0.9769501367720647,0.0204336102824863,0.0
4776,Normal,Normal,0.0,0.0,0.0,1.0,0.0
4777,DoS/DDoS,DoS/DDoS,0.0,0.0,1.0,0.0,0.0
4778,Web Attack,Web Attack,0.0,0.049129152920537995,2.119664097954856e-06,0.0005481931592281273,0.9503205342561357
4779,DoS/DDoS,DoS/DDoS,0.0,0.0,1.0,0.0,0.0
4780,Normal,Normal,0.0,0.0,0.01,0.99,0.0
4781,Normal,Normal,0.0,0.0,0.0,1.0,0.0
4782,DoS/DDoS,DoS/DDoS,0.0,0.0,1.0,0.0,0.0
4783,Bot,Bot,0.9823844293514279,0.0,5.367481851905866e-05,0.017561895830053027,0.0
4784,DoS/DDoS,DoS/DDoS,0.0,0.0,0.9999515620674263,4.843793257365714e-05,0.0
4785,DoS/DDoS,DoS/DDoS,0.0,0.0,1.0,0.0,0.0
4786,Brute Force,Brute Force,0.0,1.0,0.0,0.0,0.0
4787,Brute Force,Brute Force,0.0,1.0,0.0,0.0,0.0
4788,Brute Force,Brute Force,0.0,1.0,0.0,0.0,0.0
4789,Normal,Normal,0.0,0.0,0.0,1.0,0.0
4790,Normal,Normal,0.0,0.0,0.0,1.0,0.0
4791,Normal,Normal,0.0,0.0,0.0,1.0,0.0
4792,DoS/DDoS,DoS/DDoS,0.0,0.0,1.0,0.0,0.0
4793,Normal,Normal,0.0,0.0,0.0,1.0,0.0
4794,DoS/DDoS,DoS/DDoS,0.0,0.0,1.0,0.0,0.0
4795,DoS/DDoS,DoS/DDoS,0.0,0.0,1.0,0.0,0.0
4796,Normal,Normal,0.0,0.0,0.0,1.0,0.0
4797,DoS/DDoS,DoS/DDoS,0.0,0.0,1.0,0.0,0.0
4798,Normal,Normal,0.0,0.0,0.01,0.99,0.0
4799,Normal,Normal,0.0,0.0,0.0,1.0,0.0
4800,Normal,Normal,0.0,0.0,0.0,1.0,0.0
4801,Normal,Normal,0.0,0.0,0.0,1.0,0.0
4802,Normal,Normal,0.0,0.0,0.0,1.0,0.0
4803,Brute Force,Brute Force,0.0,1.0,0.0,0.0,0.0
4804,DoS/DDoS,DoS/DDoS,0.0,0.0,0.9999807544456359,1.9245554364025933e-05,0.0
4805,Normal,Normal,0.0,0.0,0.0,1.0,0.0
4806,Normal,Normal,0.0,0.0,0.0,1.0,0.0
4807,Normal,Normal,0.0,0.0,0.0,1.0,0.0
4808,Normal,Normal,0.0,0.0,0.014953958169748018,0.9375433616490493,0.04750268018120262
4809,Normal,Normal,0.04,0.004871973281380462,0.0,0.9451280267186195,0.01
4810,DoS/DDoS,DoS/DDoS,0.0,0.0,1.0,0.0,0.0
4811,Normal,Normal,0.0,0.0,0.0,1.0,0.0
4812,Normal,Normal,0.0,0.0,0.0,1.0,0.0
4813,Normal,Normal,0.0,0.0,0.0,1.0,0.0
4814,Brute Force,Brute Force,0.0,1.0,0.0,0.0,0.0
4815,DoS/DDoS,DoS/DDoS,0.0,0.0,1.0,0.0,0.0
4816,Normal,Normal,0.0,0.0,0.0,1.0,0.0
4817,Brute Force,Brute Force,0.0,1.0,0.0,0.0,0.0
4818,Normal,Normal,0.0,0.0,0.0,1.0,0.0
4819,Bot,Bot,0.9871985946098295,0.0,0.0,0.012801405390170672,0.0
4820,DoS/DDoS,DoS/DDoS,0.0,0.0,1.0,0.0,0.0
4821,DoS/DDoS,DoS/DDoS,0.0,0.0,1.0,0.0,0.0
4822,DoS/DDoS,DoS/DDoS,0.0,0.0,1.0,0.0,0.0
4823,DoS/DDoS,DoS/DDoS,0.0,0.0,1.0,0.0,0.0
4824,DoS/DDoS,DoS/DDoS,0.0,0.0,1.0,0.0,0.0
4825,Brute Force,Brute Force,0.0,1.0,0.0,0.0,0.0
4826,Normal,Normal,0.0,0.0,0.0,1.0,0.0
4827,Brute Force,Brute Force,0.0,1.0,0.0,0.0,0.0
4828,Bot,Bot,1.0,0.0,0.0,0.0,0.0
4829,Normal,Normal,0.0,0.0,0.0,1.0,0.0
4830,DoS/DDoS,DoS/DDoS,0.0,0.0,1.0,0.0,0.0
4831,Normal,Normal,0.0,0.0,0.0,1.0,0.0
4832,Normal,Normal,0.0,0.0,0.0,1.0,0.0
4833,DoS/DDoS,DoS/DDoS,0.0,0.0,1.0,0.0,0.0
4834,Normal,Normal,0.0,0.0,0.0,1.0,0.0
4835,Normal,Normal,0.0,0.0,0.0,1.0,0.0
4836,Normal,Normal,0.0,0.0,0.0,1.0,0.0
4837,DoS/DDoS,DoS/DDoS,0.0,0.0,1.0,0.0,0.0
4838,Normal,Normal,0.0,0.0,0.0,1.0,0.0
4839,Normal,Normal,0.0,0.0,0.024630917377389094,0.9753690826226108,0.0
4840,DoS/DDoS,DoS/DDoS,0.0,0.0,1.0,0.0,0.0
4841,Bot,Bot,0.9822598066126043,0.0,5.367481851905866e-05,0.017686518568876656,0.0
4842,Normal,Normal,0.0,0.0,0.0,1.0,0.0
4843,Normal,Normal,0.0,0.0,0.0,1.0,0.0
4844,Bot,Bot,0.8127542467694971,0.0,0.000997806218218385,0.1862479470122842,0.0
4845,Brute Force,Brute Force,0.0,1.0,0.0,0.0,0.0
4846,Brute Force,Brute Force,0.0,1.0,0.0,0.0,0.0
4847,Brute Force,Brute Force,0.0,1.0,0.0,0.0,0.0
4848,DoS/DDoS,DoS/DDoS,0.0,0.0,1.0,0.0,0.0
4849,Normal,Normal,0.0,0.0011842276590964304,0.09457800797433417,0.8842896400860016,0.019948124280567664
4850,DoS/DDoS,DoS/DDoS,0.0,0.0,1.0,0.0,0.0
4851,Normal,Normal,0.0,0.0,0.006694634471909041,0.9933053655280909,0.0
4852,Normal,Normal,0.0,0.0,0.009944755174167196,0.9900552448258328,0.0
4853,DoS/DDoS,DoS/DDoS,0.0,0.0,1.0,0.0,0.0
4854,DoS/DDoS,DoS/DDoS,0.0,0.002626455044420055,0.5945084977598473,0.11434213471839948,0.28852291247733325
4855,DoS/DDoS,DoS/DDoS,0.0,0.0,1.0,0.0,0.0
4856,DoS/DDoS,DoS/DDoS,0.0,0.0,1.0,0.0,0.0
4857,Bot,Bot,0.9824140229257324,0.0,4.362009610206515e-05,0.01754235697816563,0.0
4858,Brute Force,Brute Force,0.0,1.0,0.0,0.0,0.0
4859,Normal,Bot,0.8514979541107331,0.0,9.573771526507809e-05,0.14840630817400144,0.0
4860,DoS/DDoS,DoS/DDoS,0.0,0.0,1.0,0.0,0.0
4861,Brute Force,Brute Force,0.0,1.0,0.0,0.0,0.0
4862,Brute Force,Brute Force,0.0,1.0,0.0,0.0,0.0
4863,DoS/DDoS,DoS/DDoS,0.0,0.0,1.0,0.0,0.0
4864,Normal,Normal,0.0,0.0,0.0,1.0,0.0
4865,DoS/DDoS,DoS/DDoS,0.0,0.0,1.0,0.0,0.0
4866,Brute Force,Brute Force,0.0,1.0,0.0,0.0,0.0
4867,Normal,Normal,0.11692798597264505,0.006946333020754807,0.00031149542723817286,0.8758141855793619,0.0
4868,Brute Force,Brute Force,0.0,1.0,0.0,0.0,0.0
4869,DoS/DDoS,DoS/DDoS,0.0,0.0,1.0,0.0,0.0
4870,DoS/DDoS,DoS/DDoS,0.0,0.0,1.0,0.0,0.0
4871,Normal,Normal,0.0,0.0,0.0,1.0,0.0
4872,DoS/DDoS,DoS/DDoS,0.0,0.0,1.0,0.0,0.0
4873,Normal,Normal,0.0,0.0,0.0,1.0,0.0
4874,Brute Force,Brute Force,0.0,1.0,0.0,0.0,0.0
4875,Normal,Normal,0.0,0.0,0.0,1.0,0.0
4876,DoS/DDoS,DoS/DDoS,0.0,0.0,1.0,0.0,0.0
4877,DoS/DDoS,DoS/DDoS,0.0,0.0,0.9942038139302172,0.005796186069782885,0.0
4878,Brute Force,Brute Force,0.0,1.0,0.0,0.0,0.0
4879,Normal,Normal,0.0,0.0,0.004973741559787075,0.995026258440213,0.0
4880,DoS/DDoS,DoS/DDoS,0.0,0.0,1.0,0.0,0.0
4881,Normal,Normal,0.006118935370473053,0.0,4.251955893558861e-05,0.9938385450705912,0.0
4882,Normal,Normal,0.0,0.0,0.0,1.0,0.0
4883,Normal,Normal,0.0,0.0,0.0,1.0,0.0
4884,DoS/DDoS,DoS/DDoS,0.0,0.0,1.0,0.0,0.0
4885,DoS/DDoS,DoS/DDoS,0.0,0.0,1.0,0.0,0.0
4886,Bot,Bot,1.0,0.0,0.0,0.0,0.0
4887,DoS/DDoS,DoS/DDoS,0.0,0.0,0.9999515620674263,4.843793257365714e-05,0.0
4888,DoS/DDoS,DoS/DDoS,0.0,0.0,1.0,0.0,0.0
4889,Brute Force,Brute Force,0.0,1.0,0.0,0.0,0.0
4890,Brute Force,Brute Force,0.0,1.0,0.0,0.0,0.0
4891,Bot,Bot,0.9722177320757985,0.0,2.9956241548768396e-05,0.02775231168265264,0.0
4892,Brute Force,Brute Force,0.0,1.0,0.0,0.0,0.0
4893,Brute Force,Brute Force,0.0,1.0,0.0,0.0,0.0
4894,Brute Force,Brute Force,0.0,1.0,0.0,0.0,0.0
4895,Brute Force,Brute Force,0.0,1.0,0.0,0.0,0.0
4896,DoS/DDoS,DoS/DDoS,0.0,0.0,1.0,0.0,0.0
4897,Normal,Normal,0.0,0.0003353286992620004,0.009664671300738,0.99,0.0
4898,Normal,Normal,0.0,0.023704376006167153,0.02005892364827833,0.9365536695424743,0.019683030803080304
4899,DoS/DDoS,DoS/DDoS,0.0,0.0,1.0,0.0,0.0
4900,Normal,Normal,0.0,0.0,0.0,1.0,0.0
4901,Brute Force,Brute Force,0.0,0.8850676203838498,0.0,0.035245372625959906,0.07968700699019016
4902,Normal,Normal,0.0,0.0,0.0,1.0,0.0
4903,DoS/DDoS,DoS/DDoS,0.0,0.0,1.0,0.0,0.0
4904,DoS/DDoS,DoS/DDoS,0.0,0.0,1.0,0.0,0.0
4905,Brute Force,Brute Force,0.0,1.0,0.0,0.0,0.0
4906,Brute Force,Brute Force,0.0,1.0,0.0,0.0,0.0
4907,DoS/DDoS,DoS/DDoS,0.0,0.0,0.9998142551174002,0.00018574488259984488,0.0
4908,Brute Force,Web Attack,0.0,0.377156998456824,1.6281103216542896e-05,0.0015010923591265968,0.621325628080833
4909,DoS/DDoS,DoS/DDoS,0.0,0.0,1.0,0.0,0.0
4910,Brute Force,Brute Force,0.0,1.0,0.0,0.0,0.0
4911,DoS/DDoS,DoS/DDoS,0.0,0.0,1.0,0.0,0.0
4912,Brute Force,Brute Force,0.0,1.0,0.0,0.0,0.0
4913,Bot,Bot,0.9626280931356545,0.0,4.526272127891693e-05,0.037326644143067,0.0
4914,Normal,Normal,0.0,0.0,0.0,1.0,0.0
4915,DoS/DDoS,DoS/DDoS,0.0,0.0,0.7595988319930066,0.22105244881460973,0.01934871919238358
4916,Brute Force,Web Attack,0.0,0.31762602976319476,0.000449907651252278,0.019543022600057757,0.6623810399854958
4917,Brute Force,Brute Force,0.0,1.0,0.0,0.0,0.0
4918,DoS/DDoS,DoS/DDoS,0.0,0.0,1.0,0.0,0.0
4919,Normal,Normal,0.0,0.0,0.0,1.0,0.0
4920,DoS/DDoS,DoS/DDoS,0.0,0.0,1.0,0.0,0.0
4921,DoS/DDoS,DoS/DDoS,0.0,0.0,1.0,0.0,0.0
4922,Normal,Normal,0.0,0.0,0.0,1.0,0.0
4923,DoS/DDoS,DoS/DDoS,0.0,0.0,1.0,0.0,0.0
4924,Brute Force,Brute Force,0.0,1.0,0.0,0.0,0.0
4925,Brute Force,Brute Force,0.0,1.0,0.0,0.0,0.0
4926,Normal,Normal,0.0,0.0,0.0,1.0,0.0
4927,Brute Force,Brute Force,0.0,1.0,0.0,0.0,0.0
4928,Normal,Normal,0.0,0.0,0.0,1.0,0.0
4929,DoS/DDoS,DoS/DDoS,0.0,0.0,1.0,0.0,0.0
4930,DoS/DDoS,DoS/DDoS,0.0,0.0,1.0,0.0,0.0
4931,Normal,Normal,0.0,0.0,0.0,1.0,0.0
4932,Normal,Normal,0.0,0.0,0.004733517936735966,0.995266482063264,0.0
4933,DoS/DDoS,DoS/DDoS,0.0,0.0,1.0,0.0,0.0
4934,Normal,Normal,0.0,0.0,0.0034338597200675586,0.9965661402799324,0.0
4935,DoS/DDoS,DoS/DDoS,0.0,0.0,1.0,0.0,0.0
4936,DoS/DDoS,DoS/DDoS,0.0,0.0,1.0,0.0,0.0
4937,DoS/DDoS,DoS/DDoS,0.0,0.0,0.9997704137554078,0.00022958624459224912,0.0
4938,Normal,Normal,0.0012869184796038846,0.0,0.006684182869153967,0.9920288986512421,0.0
4939,DoS/DDoS,DoS/DDoS,0.0,0.0,0.989064028187674,0.010935971812326101,0.0
4940,Normal,Normal,0.0012869184796038846,0.0,0.00037149651321238694,0.9983415850071836,0.0
4941,DoS/DDoS,DoS/DDoS,0.0,0.0,1.0,0.0,0.0
4942,DoS/DDoS,DoS/DDoS,0.0,0.0,1.0,0.0,0.0
4943,Normal,Normal,0.0,0.0027552140504939625,0.0,0.9972447859495059,0.0
4944,Normal,Normal,0.0,0.0,0.004973741559787075,0.995026258440213,0.0
4945,DoS/DDoS,DoS/DDoS,0.0,0.0,1.0,0.0,0.0
4946,DoS/DDoS,DoS/DDoS,0.0,0.0,1.0,0.0,0.0
4947,DoS/DDoS,DoS/DDoS,0.0,0.0,1.0,0.0,0.0
4948,DoS/DDoS,DoS/DDoS,0.0,0.00321615505931293,0.9760566689543265,0.020727175986360428,0.0
4949,DoS/DDoS,DoS/DDoS,0.0,0.0,1.0,0.0,0.0
4950,DoS/DDoS,DoS/DDoS,0.0,0.0013013013332176992,0.6544036010825153,0.29592947834411737,0.048365619240149794
4951,Brute Force,Brute Force,0.0,1.0,0.0,0.0,0.0
4952,Normal,Normal,0.0,0.0,0.0,1.0,0.0
4953,Normal,Normal,0.0,0.0,0.0,1.0,0.0
4954,DoS/DDoS,DoS/DDoS,0.0,0.0,1.0,0.0,0.0
4955,Normal,Normal,0.0,0.0,0.0,1.0,0.0
4956,Normal,Normal,0.0,0.0,0.006626821602057339,0.9933731783979427,0.0
4957,Brute Force,Brute Force,0.0,1.0,0.0,0.0,0.0
4958,Brute Force,Brute Force,0.0,1.0,0.0,0.0,0.0
4959,DoS/DDoS,DoS/DDoS,0.0,0.0,1.0,0.0,0.0
4960,Normal,Normal,0.0,0.0,0.0,1.0,0.0
4961,Brute Force,Web Attack,0.0,0.0320879954660343,2.9597595240715013e-05,0.0009081078012496249,0.9669742991374756
4962,Normal,Normal,0.0,0.0,0.0,1.0,0.0
4963,Brute Force,Brute Force,0.0,1.0,0.0,0.0,0.0
4964,Normal,Normal,0.0,0.0,0.0,1.0,0.0
4965,Bot,Bot,1.0,0.0,0.0,0.0,0.0
4966,DoS/DDoS,DoS/DDoS,0.0,0.0,1.0,0.0,0.0
4967,Web Attack,Web Attack,0.0,0.10179804558296053,2.119664097954856e-06,0.0007159550375487002,0.8974838797153926
4968,Normal,Normal,0.0,0.0,0.02,0.98,0.0
4969,Normal,Normal,0.0,0.0,0.0,1.0,0.0
4970,Brute Force,Brute Force,0.0,0.5050502935376123,1.278549656947793e-05,0.0009494287715197412,0.4939874921942983
4971,Brute Force,Brute Force,0.0,1.0,0.0,0.0,0.0
4972,Web Attack,Web Attack,0.0,0.06481995033112582,0.01,0.11756614254842342,0.8076139071204507
4973,Normal,Normal,0.0,0.0,0.0,1.0,0.0
4974,Brute Force,Brute Force,0.0,1.0,0.0,0.0,0.0
4975,Bot,Bot,0.9866433306321224,0.0,0.0,0.013356669367877397,0.0
4976,DoS/DDoS,DoS/DDoS,0.0,0.0,1.0,0.0,0.0
4977,DoS/DDoS,DoS/DDoS,0.0,0.0,1.0,0.0,0.0
4978,Brute Force,Brute Force,0.0,1.0,0.0,0.0,0.0
4979,Normal,Normal,0.0,0.0,0.0,1.0,0.0
4980,Normal,Normal,0.0,0.0,0.0,1.0,0.0
4981,Brute Force,Brute Force,0.0,1.0,0.0,0.0,0.0
4982,Normal,Normal,0.0,0.0,0.0,1.0,0.0
4983,DoS/DDoS,DoS/DDoS,0.0,0.0,1.0,0.0,0.0
4984,DoS/DDoS,DoS/DDoS,0.0,0.0,1.0,0.0,0.0
4985,Normal,Normal,0.0,0.0,0.0,1.0,0.0
4986,DoS/DDoS,DoS/DDoS,0.0,0.0,0.7867604030710363,0.21323959692896377,0.0
4987,Normal,Normal,0.0,0.0,0.0,1.0,0.0
4988,Bot,Bot,1.0,0.0,0.0,0.0,0.0
4989,Normal,Normal,0.0,0.02327998690983744,0.0,0.9635873244533751,0.013132688636787525
4990,Brute Force,Brute Force,0.0,1.0,0.0,0.0,0.0
4991,Normal,Normal,0.0,0.0,0.0,1.0,0.0
4992,Normal,Normal,0.0,0.00789316833650271,0.007444762573604884,0.9749934047653074,0.009668664324584969
4993,DoS/DDoS,DoS/DDoS,0.0,0.006549188289163313,0.9834508117108368,0.01,0.0
4994,Normal,Normal,0.0,0.0,0.0,1.0,0.0
4995,DoS/DDoS,DoS/DDoS,0.0,0.0,0.9841437131556198,0.015856286844380216,0.0
4996,DoS/DDoS,DoS/DDoS,0.0,0.0,1.0,0.0,0.0
4997,Bot,Bot,0.9592174057888444,0.0,2.9956241548768396e-05,0.04075263796960669,0.0
4998,Bot,Bot,0.9984952841818252,0.0,0.0,0.0015047158181747651,0.0
4999,Normal,Normal,0.0,0.0,0.0,1.0,0.0
5000,Normal,Normal,0.0,0.0,0.0,1.0,0.0
5001,Bot,Bot,1.0,0.0,0.0,0.0,0.0
5002,DoS/DDoS,DoS/DDoS,0.0,0.0,1.0,0.0,0.0
5003,Normal,Normal,0.0,0.0,0.0,1.0,0.0
5004,Normal,Normal,0.0,0.0,0.0,1.0,0.0
5005,Normal,Normal,0.0,0.0,0.0,1.0,0.0
5006,Normal,Normal,0.0,0.0,0.0,1.0,0.0
5007,DoS/DDoS,DoS/DDoS,0.0,0.0,1.0,0.0,0.0
5008,Normal,Normal,0.0,0.0074274985513756685,0.0,0.9895272823912387,0.003045219057385608
5009,Normal,Normal,0.0,0.0,0.0,1.0,0.0
5010,Brute Force,Brute Force,0.0,0.7058344437484017,1.6281103216542896e-05,0.000987716602728799,0.2931615585456529
5011,DoS/DDoS,DoS/DDoS,0.0,0.0,1.0,0.0,0.0
5012,Brute Force,Brute Force,0.0,1.0,0.0,0.0,0.0
5013,Normal,Normal,0.0,0.008516316874924178,0.08340657893100321,0.8890066231353938,0.019070481058678954
5014,Normal,Normal,0.0,0.0,0.0,1.0,0.0
5015,Brute Force,Brute Force,0.0,1.0,0.0,0.0,0.0
5016,Normal,Normal,0.0,0.0,0.024630917377389094,0.9753690826226108,0.0
5017,Brute Force,Brute Force,0.0,1.0,0.0,0.0,0.0
5018,Normal,Normal,0.0,0.0,0.0,1.0,0.0
5019,Brute Force,Brute Force,0.0,0.9214556964150761,0.023218239762986446,0.055326063821937284,0.0
5020,DoS/DDoS,DoS/DDoS,0.0,0.0,1.0,0.0,0.0
5021,Normal,Normal,0.0,0.0,0.02666575258107979,0.9733342474189202,0.0
5022,DoS/DDoS,DoS/DDoS,0.0,0.0,1.0,0.0,0.0
5023,DoS/DDoS,DoS/DDoS,0.0,0.0,0.9966119527615411,0.003388047238458785,0.0
5024,Web Attack,Web Attack,0.0,0.4849564777401533,0.000449907651252278,0.003130323324087672,0.5114632912845068
5025,Normal,Normal,0.0,0.00044095184887354847,0.004658352153185195,0.9949006959979411,0.0
5026,Normal,Normal,0.0,0.0001836831706664724,0.008554108710037587,0.9912622081192959,0.0
5027,Normal,Normal,0.0,0.0,0.0,1.0,0.0
5028,DoS/DDoS,DoS/DDoS,0.0,0.0,1.0,0.0,0.0
5029,Normal,Normal,0.035495391611904285,0.011367213462853161,0.0,0.9531373949252425,0.0
5030,Brute Force,Brute Force,0.0,1.0,0.0,0.0,0.0
5031,Normal,Normal,0.0,0.0,0.0,1.0,0.0
5032,DoS/DDoS,DoS/DDoS,0.0,0.0,1.0,0.0,0.0
5033,Normal,Normal,0.0,0.0,0.0,1.0,0.0
5034,DoS/DDoS,DoS/DDoS,0.0,0.0,1.0,0.0,0.0
5035,Normal,Normal,0.0,0.0,0.0,1.0,0.0
5036,Normal,Normal,0.0,0.0,0.0,1.0,0.0
5037,DoS/DDoS,DoS/DDoS,0.0,0.0,1.0,0.0,0.0
5038,Normal,Normal,0.0,0.0,0.0,1.0,0.0
5039,Normal,Normal,0.0,0.0,0.0,1.0,0.0
5040,DoS/DDoS,DoS/DDoS,0.0,0.0,1.0,0.0,0.0
5041,DoS/DDoS,DoS/DDoS,0.0,0.0,1.0,0.0,0.0
5042,DoS/DDoS,DoS/DDoS,0.0,0.0,0.9993380811341476,0.0006619188658524411,0.0
5043,DoS/DDoS,DoS/DDoS,0.0,0.0,0.9880210736152641,0.011978926384735869,0.0
5044,DoS/DDoS,DoS/DDoS,0.0,0.0,1.0,0.0,0.0
5045,Normal,Normal,0.008736822289156627,0.0,0.0,0.9912631777108433,0.0
5046,Bot,Bot,0.9998048579588008,0.0,0.0,0.00019514204119913423,0.0
5047,DoS/DDoS,DoS/DDoS,0.0,0.0,1.0,0.0,0.0
5048,Normal,Normal,0.0,0.02,0.0,0.98,0.0
5049,DoS/DDoS,DoS/DDoS,0.0,0.0,1.0,0.0,0.0
5050,Brute Force,Brute Force,0.0,1.0,0.0,0.0,0.0
5051,Normal,Normal,0.015481796822802383,0.0,0.0,0.9845182031771975,0.0
5052,DoS/DDoS,DoS/DDoS,0.0,0.0,0.9998355146565323,0.00016448534346767324,0.0
5053,Brute Force,Brute Force,0.0,1.0,0.0,0.0,0.0
5054,Brute Force,Brute Force,0.0,0.7553278326742121,0.0001572945684176533,0.10096392314266894,0.14355094961470122
5055,Normal,Normal,0.0,0.0,0.02,0.98,0.0
5056,Brute Force,Brute Force,0.0,1.0,0.0,0.0,0.0
5057,Brute Force,Brute Force,0.0,1.0,0.0,0.0,0.0
5058,DoS/DDoS,DoS/DDoS,0.0,0.0,1.0,0.0,0.0
5059,Normal,Normal,0.0,0.0,0.0,1.0,0.0
5060,Normal,Normal,0.0,0.0,0.0,1.0,0.0
5061,DoS/DDoS,DoS/DDoS,0.0,0.0,1.0,0.0,0.0
5062,Brute Force,Brute Force,0.0,1.0,0.0,0.0,0.0
5063,Web Attack,Web Attack,0.0,0.30312050123832646,2.119664097954856e-06,0.0006207759528405987,0.6962566031447346
5064,DoS/DDoS,DoS/DDoS,0.0,0.0,1.0,0.0,0.0
5065,DoS/DDoS,DoS/DDoS,0.0,0.0,1.0,0.0,0.0
5066,Normal,Normal,0.0,0.00017307140283731712,0.05647776245132929,0.9314365563879116,0.011912609757921886
5067,DoS/DDoS,DoS/DDoS,0.0,0.0,1.0,0.0,0.0
5068,Normal,Normal,0.0,0.0,0.0,1.0,0.0
5069,Bot,Bot,1.0,0.0,0.0,0.0,0.0
5070,DoS/DDoS,DoS/DDoS,0.0,0.0,1.0,0.0,0.0
5071,Normal,Normal,0.008767759309128053,0.0,0.0,0.991232240690872,0.0
5072,Normal,Normal,0.06800914620953695,0.0,0.00022955373686064148,0.9317613000536025,0.0
5073,Normal,Normal,0.0,0.0,0.0,1.0,0.0
5074,DoS/DDoS,DoS/DDoS,0.0,0.0,1.0,0.0,0.0
5075,Brute Force,Brute Force,0.0,0.7529347555776209,0.0001572945684176533,0.10335700023926014,0.14355094961470122
5076,DoS/DDoS,DoS/DDoS,0.0,0.0,1.0,0.0,0.0
5077,Brute Force,Brute Force,0.0,1.0,0.0,0.0,0.0
5078,Normal,Normal,0.0,0.0,0.0,1.0,0.0
5079,Normal,Normal,0.0,0.0,0.0,1.0,0.0
5080,Normal,Normal,0.0,0.0,0.0,1.0,0.0
5081,DoS/DDoS,DoS/DDoS,0.0,0.0,1.0,0.0,0.0
5082,Bot,Bot,0.982207134988167,0.0,3.520799886192343e-05,0.017757657012971,0.0
5083,DoS/DDoS,DoS/DDoS,0.0,0.0,1.0,0.0,0.0
5084,DoS/DDoS,DoS/DDoS,0.0,0.0,1.0,0.0,0.0
5085,Normal,Normal,0.0,0.0,0.0,1.0,0.0
5086,Normal,Normal,0.0,0.0,0.0,1.0,0.0
5087,Brute Force,Brute Force,0.0,1.0,0.0,0.0,0.0
5088,DoS/DDoS,DoS/DDoS,0.0,0.0,0.9991599881493601,0.0008400118506398297,0.0
5089,Normal,Normal,0.0,0.0,0.0,1.0,0.0
5090,Brute Force,Brute Force,0.0,1.0,0.0,0.0,0.0
5091,Brute Force,Brute Force,0.0,1.0,0.0,0.0,0.0
5092,DoS/DDoS,DoS/DDoS,0.0,0.0,1.0,0.0,0.0
5093,Normal,Normal,0.009520972273942923,0.01949093439858228,0.003530839986926273,0.9674572533405486,0.0
5094,Brute Force,Brute Force,0.0,1.0,0.0,0.0,0.0
5095,DoS/DDoS,DoS/DDoS,0.0,0.0,1.0,0.0,0.0
5096,Brute Force,Brute Force,0.0,1.0,0.0,0.0,0.0
5097,Bot,Bot,0.9934859318470505,0.0,0.0,0.00651406815294936,0.0
5098,DoS/DDoS,DoS/DDoS,0.0,0.0,1.0,0.0,0.0
5099,Normal,Normal,0.0,0.0,0.0,1.0,0.0
5100,Normal,Normal,0.0,0.0,0.0,1.0,0.0
5101,DoS/DDoS,DoS/DDoS,0.0,0.0,1.0,0.0,0.0
5102,Normal,Normal,0.0,0.0,0.0,1.0,0.0
5103,Bot,Bot,0.9998197911964907,0.0,0.0,0.00018020880350936918,0.0
5104,DoS/DDoS,DoS/DDoS,0.0,0.0,0.9999807544456359,1.9245554364025933e-05,0.0
5105,Normal,Normal,0.0,0.0,0.23798781686738707,0.7620121831326128,0.0
5106,DoS/DDoS,DoS/DDoS,0.0,0.0,1.0,0.0,0.0
5107,DoS/DDoS,DoS/DDoS,0.0,0.0,1.0,0.0,0.0
5108,Normal,Normal,0.0,0.00741366849406829,0.006633137741034139,0.9859531937648975,0.0
5109,Brute Force,Brute Force,0.0,1.0,0.0,0.0,0.0
5110,Normal,Normal,0.0,0.0,0.0,1.0,0.0
5111,Brute Force,Brute Force,0.0,1.0,0.0,0.0,0.0
5112,Brute Force,Brute Force,0.0,1.0,0.0,0.0,0.0
5113,Normal,Normal,0.0,0.0,0.0,1.0,0.0
5114,Normal,Normal,0.0,0.0,0.0,1.0,0.0
5115,Brute Force,Brute Force,0.0,1.0,0.0,0.0,0.0
5116,Normal,Normal,0.0,0.0,0.0,1.0,0.0
5117,Brute Force,Brute Force,0.0,0.7501312351269843,0.0001572945684176533,0.10616052068989677,0.14355094961470122
5118,DoS/DDoS,DoS/DDoS,0.0,0.0,1.0,0.0,0.0
5119,Normal,Normal,0.0,0.046760483775891204,0.0,0.9209091576984014,0.03233035852570741
5120,Brute Force,Web Attack,0.0,0.23459281724890832,2.119664097954856e-06,0.0008046793259549951,0.7646003837610388
5121,DoS/DDoS,DoS/DDoS,0.0,0.0,1.0,0.0,0.0
5122,DoS/DDoS,DoS/DDoS,0.0,0.0,1.0,0.0,0.0
5123,DoS/DDoS,DoS/DDoS,0.0,0.0,1.0,0.0,0.0
5124,Normal,Normal,0.0,0.009406887601239661,0.0,0.9875478933413748,0.003045219057385608
5125,DoS/DDoS,DoS/DDoS,0.0,0.0,1.0,0.0,0.0
5126,Normal,Normal,0.0,0.0,0.0,1.0,0.0
5127,Normal,Normal,0.0,0.0,0.0,1.0,0.0
5128,DoS/DDoS,DoS/DDoS,0.0,0.0,0.9999515620674263,4.843793257365714e-05,0.0
5129,Normal,Normal,0.0,0.0,0.0,1.0,0.0
5130,Brute Force,Brute Force,0.0,1.0,0.0,0.0,0.0
5131,DoS/DDoS,DoS/DDoS,0.0,0.0,1.0,0.0,0.0
5132,Brute Force,Web Attack,0.0,0.08569952873682601,2.119664097954856e-06,0.0006479797404217516,0.9136503718586539
5133,Normal,Normal,0.0,0.0,0.0,1.0,0.0
5134,Brute Force,Brute Force,0.0,1.0,0.0,0.0,0.0
5135,DoS/DDoS,DoS/DDoS,0.0,0.0,1.0,0.0,0.0
5136,DoS/DDoS,DoS/DDoS,0.0,0.0,1.0,0.0,0.0
5137,Normal,Normal,0.0,0.0,0.0,1.0,0.0
5138,Normal,Normal,0.0,0.030763395670999144,0.10065210418271481,0.8588852030882284,0.009699297058057799
5139,Brute Force,Brute Force,0.0,1.0,0.0,0.0,0.0
5140,DoS/DDoS,DoS/DDoS,0.0,0.004874326750448833,0.9951256732495511,0.0,0.0
5141,Normal,Normal,0.0,0.016352012674559015,0.0,0.9102438731994983,0.07340411412594261
5142,Brute Force,Brute Force,0.0,1.0,0.0,0.0,0.0
5143,DoS/DDoS,DoS/DDoS,0.0,0.0,1.0,0.0,0.0
5144,Web Attack,Web Attack,0.0,0.11032977379671031,2.119664097954856e-06,0.0006516183526529315,0.8890164881865387
5145,DoS/DDoS,DoS/DDoS,0.0,0.0,0.9991599881493601,0.0008400118506398297,0.0
5146,Brute Force,Brute Force,0.0,1.0,0.0,0.0,0.0
5147,Brute Force,Brute Force,0.0,1.0,0.0,0.0,0.0
5148,DoS/DDoS,DoS/DDoS,0.0,0.0,1.0,0.0,0.0
5149,Normal,Normal,0.0,0.0,0.0,1.0,0.0
5150,Bot,Bot,0.9774700435632458,0.0,4.526272127891693e-05,0.022484693715475342,0.0
5151,DoS/DDoS,DoS/DDoS,0.0,0.0,1.0,0.0,0.0
5152,DoS/DDoS,DoS/DDoS,0.0,0.0,1.0,0.0,0.0
5153,Normal,Normal,0.0,0.0,0.0,1.0,0.0
5154,DoS/DDoS,DoS/DDoS,0.0,0.0,1.0,0.0,0.0
5155,Brute Force,Brute Force,0.0,1.0,0.0,0.0,0.0
5156,Normal,Normal,0.00911304575505662,0.0,0.004981572261781229,0.9859053819831621,0.0
5157,Normal,Normal,0.0,0.0,0.0006574410828552646,0.9993425589171447,0.0
5158,Normal,Normal,0.0,0.0,0.011490016523834506,0.9885099834761655,0.0
5159,Normal,Normal,0.0,0.00012147879110522841,0.003803400114246514,0.9960751210946482,0.0
5160,Normal,Normal,0.0,0.0,0.0,1.0,0.0
5161,Normal,Normal,0.0,0.0,0.0,1.0,0.0
5162,DoS/DDoS,DoS/DDoS,0.0,0.0,1.0,0.0,0.0
5163,DoS/DDoS,DoS/DDoS,0.0,0.0,1.0,0.0,0.0
5164,Normal,Normal,0.0,0.0,0.0,1.0,0.0
5165,DoS/DDoS,DoS/DDoS,0.0,0.0,1.0,0.0,0.0
5166,DoS/DDoS,DoS/DDoS,0.0,0.0,1.0,0.0,0.0
5167,Brute Force,Brute Force,0.0,1.0,0.0,0.0,0.0
5168,Bot,Bot,0.9703383561767349,0.0,2.9956241548768396e-05,0.029631687581716387,0.0
5169,Brute Force,Brute Force,0.0,1.0,0.0,0.0,0.0
5170,Bot,Bot,1.0,0.0,0.0,0.0,0.0
5171,DoS/DDoS,DoS/DDoS,0.0,0.0037942882177759763,0.9842597536280034,0.011945958154220362,0.0
5172,DoS/DDoS,DoS/DDoS,0.0,0.0,1.0,0.0,0.0
5173,Normal,Normal,0.0,0.0,0.0,1.0,0.0
5174,Normal,Normal,0.0,0.0,0.0,1.0,0.0
5175,Normal,Normal,0.0,0.0,0.0,1.0,0.0
5176,Normal,Bot,0.8942591061774947,0.0,0.00010678817729531723,0.10563410564520988,0.0
5177,DoS/DDoS,DoS/DDoS,0.0,0.0,0.9991599881493601,0.0008400118506398297,0.0
5178,Normal,Normal,0.0,0.0,0.0,1.0,0.0
5179,Normal,Normal,0.0,0.018821787148966283,0.0,0.9755489512953406,0.005629261555693226
5180,Normal,Normal,0.0,0.0,0.0,1.0,0.0
5181,Brute Force,Brute Force,0.0,1.0,0.0,0.0,0.0
5182,DoS/DDoS,DoS/DDoS,0.0,0.0,1.0,0.0,0.0
5183,DoS/DDoS,DoS/DDoS,0.0,0.0,1.0,0.0,0.0
5184,Normal,Normal,0.0,0.007685571223727467,0.0,0.9866851672205794,0.005629261555693226
5185,Normal,Normal,0.014860508404180916,0.0,4.251955893558861e-05,0.9850969720368833,0.0
5186,Brute Force,Brute Force,0.0,1.0,0.0,0.0,0.0
5187,Brute Force,Brute Force,0.0,1.0,0.0,0.0,0.0
5188,DoS/DDoS,DoS/DDoS,0.0,0.0,1.0,0.0,0.0
5189,DoS/DDoS,DoS/DDoS,0.0,0.0,1.0,0.0,0.0
5190,DoS/DDoS,DoS/DDoS,0.0,0.0,1.0,0.0,0.0
5191,Normal,Normal,0.0,0.0,0.0,1.0,0.0
5192,Normal,Normal,0.0,0.006528948587308941,0.0,0.9934710514126911,0.0
5193,Normal,Normal,0.0,0.0,0.0,1.0,0.0
5194,Normal,Normal,0.0,0.0,0.005288691484897836,0.9947113085151023,0.0
5195,Normal,Normal,0.0,0.0,0.013371300783475737,0.9866286992165243,0.0
5196,DoS/DDoS,DoS/DDoS,0.0,0.0,1.0,0.0,0.0
5197,DoS/DDoS,DoS/DDoS,0.0,0.0,1.0,0.0,0.0
5198,DoS/DDoS,DoS/DDoS,0.0,0.0,1.0,0.0,0.0
5199,DoS/DDoS,DoS/DDoS,0.0,0.0,1.0,0.0,0.0
5200,Brute Force,Brute Force,0.0,1.0,0.0,0.0,0.0
5201,Normal,Normal,0.0,0.0,0.0,1.0,0.0
5202,DoS/DDoS,DoS/DDoS,0.0,0.0,0.99495062965083,0.005049370349170006,0.0
5203,DoS/DDoS,DoS/DDoS,0.0,0.0,1.0,0.0,0.0
5204,DoS/DDoS,DoS/DDoS,0.0,0.0,0.9998142551174002,0.00018574488259984488,0.0
5205,Normal,Normal,0.0,0.0,0.0,1.0,0.0
5206,Normal,Bot,0.7580749626327434,0.0,6.648371873883544e-05,0.24185855364851735,0.0
5207,DoS/DDoS,DoS/DDoS,0.0,0.0,1.0,0.0,0.0
5208,DoS/DDoS,DoS/DDoS,0.0,0.0,1.0,0.0,0.0
5209,Brute Force,Web Attack,0.0,0.08811891407644316,2.119664097954856e-06,0.0006207759528405987,0.9112581903066177
5210,Brute Force,Brute Force,0.0,1.0,0.0,0.0,0.0
5211,DoS/DDoS,DoS/DDoS,0.0,0.0,1.0,0.0,0.0
5212,DoS/DDoS,DoS/DDoS,0.0,0.0,1.0,0.0,0.0
5213,DoS/DDoS,DoS/DDoS,0.0,0.0,1.0,0.0,0.0
5214,Normal,Normal,0.0,0.007390428878638098,0.1234688507587648,0.8691407203625972,0.0
5215,DoS/DDoS,DoS/DDoS,0.0,0.0,0.9999515620674263,4.843793257365714e-05,0.0
5216,Normal,Normal,0.00045391557554762117,0.006946333020754807,0.00031149542723817286,0.9922882559764594,0.0
5217,DoS/DDoS,DoS/DDoS,0.0,0.0,1.0,0.0,0.0
5218,Web Attack,Web Attack,0.0,0.11977108519909319,2.119664097954856e-06,0.0006039911384678714,0.8796228039983405
5219,Normal,Normal,0.0,0.0,0.0,1.0,0.0
5220,Brute Force,Brute Force,0.0,0.48091061028774,0.0009540393011362265,0.04143539724236252,0.4766999531687612
5221,DoS/DDoS,DoS/DDoS,0.0,0.0,1.0,0.0,0.0
5222,Normal,Normal,0.0,0.0,0.0,1.0,0.0
5223,DoS/DDoS,DoS/DDoS,0.0,0.0,1.0,0.0,0.0
5224,Normal,Normal,0.0,0.0,0.0,1.0,0.0
5225,DoS/DDoS,DoS/DDoS,0.0,0.0,1.0,0.0,0.0
5226,Normal,Normal,0.0,0.0,0.0050053567602314115,0.9949946432397687,0.0
5227,Normal,Normal,0.3526787564259385,0.0,0.0017097358836637702,0.6456115076903977,0.0
5228,DoS/DDoS,DoS/DDoS,0.0,0.0,1.0,0.0,0.0
5229,Bot,Bot,1.0,0.0,0.0,0.0,0.0
5230,Web Attack,Web Attack,0.0,0.23362365634247445,2.119664097954856e-06,0.0006516183526529315,0.7657226056407744
5231,DoS/DDoS,DoS/DDoS,0.0,0.0,1.0,0.0,0.0
5232,Normal,Normal,0.0,0.018821787148966283,0.0,0.9755489512953406,0.005629261555693226
5233,Normal,Normal,0.0,0.0,0.0,1.0,0.0
5234,DoS/DDoS,DoS/DDoS,0.0,0.0,1.0,0.0,0.0
5235,DoS/DDoS,DoS/DDoS,0.0,0.0,0.9985584876098993,0.001441512390100754,0.0
5236,DoS/DDoS,DoS/DDoS,0.0,0.0,1.0,0.0,0.0
5237,Normal,Normal,0.0,0.06486364349086303,0.0,0.935136356509137,0.0
5238,DoS/DDoS,DoS/DDoS,0.0,0.0,1.0,0.0,0.0
5239,Normal,Normal,0.0,0.01170574003754102,0.0,0.982256191463214,0.006038068499245142
5240,Normal,Normal,0.0,0.0,0.0,1.0,0.0
5241,DoS/DDoS,DoS/DDoS,0.0,0.0,1.0,0.0,0.0
5242,DoS/DDoS,DoS/DDoS,0.0,0.00321615505931293,0.9635173114111854,0.03326653352950157,0.0
5243,Brute Force,Brute Force,0.0,1.0,0.0,0.0,0.0
5244,Brute Force,Brute Force,0.0,1.0,0.0,0.0,0.0
5245,Normal,Normal,0.0,0.0,0.0,1.0,0.0
5246,Normal,Normal,0.0,0.0,0.0010407597936787922,0.9989592402063212,0.0
5247,Normal,Normal,0.0,0.0,0.0,1.0,0.0
5248,DoS/DDoS,DoS/DDoS,0.0,0.0,1.0,0.0,0.0
5249,DoS/DDoS,DoS/DDoS,0.0,0.0,1.0,0.0,0.0
5250,Normal,Normal,0.0,0.0,0.00025655269197596736,0.999743447308024,0.0
5251,Normal,Normal,0.0,0.0,0.0,1.0,0.0
5252,DoS/DDoS,DoS/DDoS,0.0,0.0003353286992620004,0.999664671300738,0.0,0.0
5253,DoS/DDoS,DoS/DDoS,0.0,0.0,1.0,0.0,0.0
5254,Normal,Normal,0.0,0.0,0.0,1.0,0.0
5255,Brute Force,Brute Force,0.0,0.796567389892862,1.6281103216542896e-05,0.007116252810037416,0.19630007619388426
5256,Brute Force,Brute Force,0.0,0.898055377175977,0.0,0.02891141080954926,0.07303321201447337
5257,Normal,Normal,0.0,0.0,0.0,1.0,0.0
5258,DoS/DDoS,DoS/DDoS,0.0,0.0,1.0,0.0,0.0
5259,Normal,Normal,0.0,0.0,0.0,1.0,0.0
5260,DoS/DDoS,DoS/DDoS,0.0,0.0,1.0,0.0,0.0
5261,DoS/DDoS,DoS/DDoS,0.0,0.0,1.0,0.0,0.0
5262,Normal,Normal,0.0,0.0,0.0,1.0,0.0
5263,Bot,Bot,0.9821833386093107,0.0,4.362009610206515e-05,0.01777304129458741,0.0
5264,Normal,Normal,0.0,0.0,0.0,1.0,0.0
5265,DoS/DDoS,DoS/DDoS,0.0,0.0,1.0,0.0,0.0
5266,Brute Force,Brute Force,0.0,1.0,0.0,0.0,0.0
5267,Normal,Normal,0.0,0.0,0.0,1.0,0.0
5268,DoS/DDoS,DoS/DDoS,0.0,0.0,1.0,0.0,0.0
5269,DoS/DDoS,DoS/DDoS,0.0,0.0,1.0,0.0,0.0
5270,DoS/DDoS,DoS/DDoS,0.0,0.0,1.0,0.0,0.0
5271,Normal,Normal,0.0,0.0,0.0,1.0,0.0
5272,DoS/DDoS,DoS/DDoS,0.0,0.0,1.0,0.0,0.0
5273,Normal,Normal,0.0,0.0,0.0,1.0,0.0
5274,Bot,Bot,0.9823844293514279,0.0,5.367481851905866e-05,0.017561895830053027,0.0
5275,DoS/DDoS,DoS/DDoS,0.0,0.0,1.0,0.0,0.0
5276,DoS/DDoS,DoS/DDoS,0.0,0.0,0.9991599881493601,0.0008400118506398297,0.0
5277,Brute Force,Brute Force,0.0,1.0,0.0,0.0,0.0
5278,DoS/DDoS,DoS/DDoS,0.0,0.0,1.0,0.0,0.0
5279,DoS/DDoS,DoS/DDoS,0.0,0.0,1.0,0.0,0.0
5280,Normal,Normal,0.0,0.0,0.0,1.0,0.0
5281,Normal,Normal,0.0,0.0,0.0,1.0,0.0
5282,Normal,Normal,0.0,0.0,0.0,1.0,0.0
5283,DoS/DDoS,DoS/DDoS,0.0,0.0,0.9683063091307653,0.03169369086923484,0.0
5284,Brute Force,Brute Force,0.0,1.0,0.0,0.0,0.0
5285,DoS/DDoS,DoS/DDoS,0.0,0.0,1.0,0.0,0.0
5286,Normal,Normal,0.0,0.008474906734503357,0.0,0.9782848253893112,0.013240267876185605
5287,Normal,Normal,0.0,0.0,0.03996179816482715,0.9600382018351727,0.0
5288,DoS/DDoS,DoS/DDoS,0.0,0.0,1.0,0.0,0.0
5289,DoS/DDoS,DoS/DDoS,0.0,0.0003353286992620004,0.999664671300738,0.0,0.0
5290,Normal,Normal,0.0,0.0,0.0,1.0,0.0
5291,Normal,Normal,0.0,0.0,0.0,1.0,0.0
5292,Brute Force,Brute Force,0.0,1.0,0.0,0.0,0.0
5293,DoS/DDoS,DoS/DDoS,0.0,0.001241397398563415,0.995161534503387,0.003597068098049585,0.0
5294,Normal,Normal,0.0,0.0,0.0,1.0,0.0
5295,Normal,Normal,0.036976291617958144,0.0,0.038816227668818454,0.9242074807132235,0.0
5296,Normal,Normal,0.0,0.0,0.0,1.0,0.0
5297,Web Attack,Web Attack,0.0,0.13311509167057445,1.278549656947793e-05,0.0009442899792992883,0.8659278328535565
5298,Brute Force,Brute Force,0.0,0.861732266134448,8.937462928232822e-06,0.0018080706492073092,0.13645072575341669
5299,DoS/DDoS,DoS/DDoS,0.00045391557554762117,0.016573543562322282,0.7038433957582673,0.27001537029545253,0.009113774808410297
5300,Bot,Bot,1.0,0.0,0.0,0.0,0.0
5301,Normal,Normal,0.0,0.0,0.0,1.0,0.0
5302,Normal,Normal,0.0,0.0,0.0004776851665466852,0.9995223148334533,0.0
5303,Normal,Normal,0.018767759309128055,0.0,0.03,0.951232240690872,0.0
5304,Normal,Normal,0.0,0.0,0.0,1.0,0.0
5305,DoS/DDoS,DoS/DDoS,0.0,0.0,1.0,0.0,0.0
5306,Normal,Normal,0.0,0.0,0.0,1.0,0.0
5307,Normal,Normal,0.018267937792544937,0.0,0.02997109123656698,0.951760970970888,0.0
5308,Normal,Normal,0.0,0.0,0.0,1.0,0.0
5309,Normal,Normal,0.0,0.0,0.0,1.0,0.0
5310,DoS/DDoS,DoS/DDoS,0.0,0.0,1.0,0.0,0.0
5311,Normal,Normal,0.0,0.02138855775303711,0.0,0.9724519216162526,0.00615952063071035
5312,Brute Force,Brute Force,0.0,1.0,0.0,0.0,0.0
5313,DoS/DDoS,DoS/DDoS,0.0,0.0,1.0,0.0,0.0
5314,Normal,Normal,0.0,0.028633250707954482,0.0,0.9359127325630987,0.03545401672894675
5315,Normal,Normal,0.0,0.0,0.0,1.0,0.0
5316,Normal,Normal,0.017072966429735752,0.0,0.0,0.9829270335702642,0.0
5317,DoS/DDoS,DoS/DDoS,0.0,0.0,1.0,0.0,0.0
5318,DoS/DDoS,DoS/DDoS,0.0,0.0,1.0,0.0,0.0
5319,Bot,Bot,0.982207134988167,0.0,3.520799886192343e-05,0.017757657012971,0.0
5320,Bot,Bot,1.0,0.0,0.0,0.0,0.0
5321,Brute Force,Brute Force,0.0,1.0,0.0,0.0,0.0
5322,DoS/DDoS,DoS/DDoS,0.0,0.0,1.0,0.0,0.0
5323,Normal,Normal,0.0,0.029720741807786957,0.0,0.9575941025992326,0.012685155592980574
5324,Brute Force,Brute Force,0.0,1.0,0.0,0.0,0.0
5325,DoS/DDoS,DoS/DDoS,0.0,0.0,1.0,0.0,0.0
5326,Normal,Normal,0.0,0.011132635047364342,0.0,0.9858221458952501,0.003045219057385608
5327,DoS/DDoS,DoS/DDoS,0.0,0.0,0.9998779831753416,0.00012201682465843791,0.0
5328,Bot,Bot,0.9774700435632458,0.0,4.526272127891693e-05,0.022484693715475342,0.0
5329,DoS/DDoS,DoS/DDoS,0.0,0.0,1.0,0.0,0.0
5330,Normal,Normal,0.0,0.0,0.0,1.0,0.0
5331,DoS/DDoS,DoS/DDoS,0.0,0.0,0.98,0.02,0.0
5332,Brute Force,Brute Force,0.0,1.0,0.0,0.0,0.0
5333,Brute Force,Web Attack,0.0,0.24306121771334419,2.119664097954856e-06,0.000671425560615405,0.7562652370619424
5334,DoS/DDoS,DoS/DDoS,0.0,0.0,1.0,0.0,0.0
5335,Brute Force,Brute Force,0.0,1.0,0.0,0.0,0.0
5336,DoS/DDoS,DoS/DDoS,0.0,0.0003353286992620004,0.999664671300738,0.0,0.0
5337,Normal,Normal,0.0,0.0,0.0,1.0,0.0
5338,DoS/DDoS,DoS/DDoS,0.0,0.0,1.0,0.0,0.0
5339,Normal,Normal,0.12366006198948222,0.0,0.005012394821444419,0.8713275431890736,0.0
5340,DoS/DDoS,DoS/DDoS,0.0,0.0,1.0,0.0,0.0
5341,Brute Force,Brute Force,0.0,1.0,0.0,0.0,0.0
5342,DoS/DDoS,DoS/DDoS,0.0,0.0,1.0,0.0,0.0
5343,Normal,Normal,0.0,0.0,0.0,1.0,0.0
5344,Brute Force,Brute Force,0.0,0.9253144792840469,0.0,0.0746855207159534,0.0
5345,Normal,Normal,0.0,0.0011842276590964304,0.1721538498694041,0.8117040936561921,0.014957828815307495
5346,Bot,Bot,0.9822233533699907,0.0,5.367481851905866e-05,0.017722971811490282,0.0
5347,Normal,Normal,0.0,0.0,0.0,1.0,0.0
5348,Normal,Normal,0.0,0.0065466111604845865,0.0,0.9934533888395154,0.0
5349,DoS/DDoS,DoS/DDoS,0.0,0.0,1.0,0.0,0.0
5350,DoS/DDoS,DoS/DDoS,0.0,0.0,1.0,0.0,0.0
5351,Bot,Bot,0.9998264245213513,0.0,0.0,0.00017357547864877836,0.0
5352,Normal,Normal,0.0,0.0,0.0,1.0,0.0
5353,DoS/DDoS,DoS/DDoS,0.0,0.0,0.9998779831753416,0.00012201682465843791,0.0
5354,Normal,Normal,0.0,0.000626244337201834,0.02,0.9703309823734751,0.009042773289322981
5355,Web Attack,Web Attack,0.0,0.4536076381982925,2.119664097954856e-06,0.0005899695279967256,0.5458002726096126
5356,Normal,Normal,0.0,0.0,0.0,1.0,0.0
5357,Brute Force,Brute Force,0.0,1.0,0.0,0.0,0.0
5358,DoS/DDoS,DoS/DDoS,0.0,0.0,1.0,0.0,0.0
5359,Brute Force,Brute Force,0.0,1.0,0.0,0.0,0.0
5360,Normal,Normal,0.0,0.0,0.0,1.0,0.0
5361,Normal,Normal,0.0,0.0,0.0,1.0,0.0
5362,Brute Force,Brute Force,0.0,1.0,0.0,0.0,0.0
5363,DoS/DDoS,DoS/DDoS,0.0,0.0,0.9998779831753416,0.00012201682465843791,0.0
5364,Normal,Normal,0.0,0.0,0.0,1.0,0.0
5365,DoS/DDoS,DoS/DDoS,0.0,0.0,1.0,0.0,0.0
5366,DoS/DDoS,DoS/DDoS,0.0,0.0,1.0,0.0,0.0
5367,DoS/DDoS,DoS/DDoS,0.0,0.0,1.0,0.0,0.0
5368,DoS/DDoS,DoS/DDoS,0.0,0.0,1.0,0.0,0.0
5369,DoS/DDoS,DoS/DDoS,0.0,0.0,1.0,0.0,0.0
5370,Normal,Normal,0.02,0.0,0.0,0.98,0.0
5371,Normal,Normal,0.0,0.0,0.0,1.0,0.0
5372,DoS/DDoS,DoS/DDoS,0.0,0.0,1.0,0.0,0.0
5373,DoS/DDoS,DoS/DDoS,0.0,0.0,1.0,0.0,0.0
5374,DoS/DDoS,DoS/DDoS,0.0,0.0,1.0,0.0,0.0
5375,Normal,Normal,0.0,0.0,0.0,1.0,0.0
5376,DoS/DDoS,DoS/DDoS,0.0,0.0,1.0,0.0,0.0
5377,DoS/DDoS,DoS/DDoS,0.0,0.0,1.0,0.0,0.0
5378,Brute Force,Brute Force,0.0,1.0,0.0,0.0,0.0
5379,DoS/DDoS,DoS/DDoS,0.0,0.0,1.0,0.0,0.0
5380,Brute Force,Web Attack,0.0,0.11914293331594047,2.119664097954856e-06,0.0006479797404217516,0.8802069672795393
5381,Brute Force,Brute Force,0.0,1.0,0.0,0.0,0.0
5382,DoS/DDoS,DoS/DDoS,0.0,0.0,1.0,0.0,0.0
5383,DoS/DDoS,DoS/DDoS,0.0,0.0,1.0,0.0,0.0
5384,Web Attack,Web Attack,0.0,0.33911367800004605,2.119664097954856e-06,0.0006051050191057436,0.6602790973167498
5385,Brute Force,Brute Force,0.0,1.0,0.0,0.0,0.0
5386,Brute Force,Brute Force,0.0,1.0,0.0,0.0,0.0
5387,Normal,Normal,0.0,0.0,0.0,1.0,0.0
5388,Brute Force,Brute Force,0.0,1.0,0.0,0.0,0.0
5389,DoS/DDoS,DoS/DDoS,0.0,0.0,0.9999807544456359,1.9245554364025933e-05,0.0
5390,Normal,Normal,0.0,0.03029256380451637,0.0,0.9563244006852203,0.013383035510263385
5391,Normal,Normal,0.0,0.0,0.0,1.0,0.0
5392,DoS/DDoS,DoS/DDoS,0.0,0.0,1.0,0.0,0.0
5393,DoS/DDoS,DoS/DDoS,0.0,0.0,1.0,0.0,0.0
5394,Normal,Normal,0.292399374412672,0.0,1.185981413265176e-05,0.7075887657731954,0.0
5395,Normal,Normal,0.0,0.0,0.0,1.0,0.0
5396,Normal,Normal,0.0,0.0,0.0,1.0,0.0
5397,DoS/DDoS,DoS/DDoS,0.0,0.0,1.0,0.0,0.0
5398,Normal,Normal,0.0,0.0,0.0,1.0,0.0
5399,Normal,Normal,0.0,0.0,0.0,1.0,0.0
5400,Normal,Normal,0.0,0.0,0.0,1.0,0.0
5401,Bot,Bot,0.9823844293514279,0.0,5.367481851905866e-05,0.017561895830053027,0.0
5402,DoS/DDoS,DoS/DDoS,0.0,0.0,1.0,0.0,0.0
5403,Brute Force,Brute Force,0.0,1.0,0.0,0.0,0.0
5404,Normal,Normal,0.0,0.0,0.0,1.0,0.0
5405,Normal,Normal,0.0,0.0,0.03466842517834868,0.9653315748216512,0.0
5406,Brute Force,Brute Force,0.0,1.0,0.0,0.0,0.0
5407,DoS/DDoS,DoS/DDoS,0.0,0.0,1.0,0.0,0.0
5408,DoS/DDoS,DoS/DDoS,0.0,0.07493626952710876,0.6678633549915827,0.16054991501292626,0.09665046046838216
5409,Normal,Normal,0.0,0.0,0.0,1.0,0.0
5410,Brute Force,Brute Force,0.0,1.0,0.0,0.0,0.0
5411,Brute Force,Brute Force,0.0,1.0,0.0,0.0,0.0
5412,Brute Force,Brute Force,0.0,1.0,0.0,0.0,0.0
5413,Normal,Normal,0.0,0.0,0.0,1.0,0.0
5414,DoS/DDoS,DoS/DDoS,0.0,0.0,0.9985584876098993,0.001441512390100754,0.0
5415,DoS/DDoS,DoS/DDoS,0.0,0.0003353286992620004,0.999664671300738,0.0,0.0
5416,Normal,Normal,0.0,0.0,0.0,1.0,0.0
5417,DoS/DDoS,DoS/DDoS,0.0,0.0,0.9999515620674263,4.843793257365714e-05,0.0
5418,Brute Force,Web Attack,0.0,0.44028785481432003,1.278549656947793e-05,0.0009073007850285457,0.5587920589040817
5419,Brute Force,Brute Force,0.0,1.0,0.0,0.0,0.0
5420,Normal,Normal,0.0,0.0,0.0,1.0,0.0
5421,Normal,Normal,0.0,0.0,0.0032937249982247264,0.9967062750017753,0.0
5422,Normal,Normal,0.0,0.0,0.0,1.0,0.0
5423,Normal,Normal,0.0,0.0,0.0,1.0,0.0
5424,DoS/DDoS,DoS/DDoS,0.0,0.0,1.0,0.0,0.0
5425,Normal,Normal,0.0,0.0,0.0,1.0,0.0
5426,DoS/DDoS,DoS/DDoS,0.0,0.0,1.0,0.0,0.0
5427,DoS/DDoS,DoS/DDoS,0.0,0.0,0.9998779831753416,0.00012201682465843791,0.0
5428,Normal,Normal,0.2879851125864348,0.0,1.185981413265176e-05,0.7120030275994328,0.0
5429,DoS/DDoS,DoS/DDoS,0.0,0.0,1.0,0.0,0.0
5430,DoS/DDoS,DoS/DDoS,0.0,0.0,1.0,0.0,0.0
5431,Brute Force,Web Attack,0.0,0.31368452474231356,2.119664097954856e-06,0.000751314728093007,0.6855620408654953
5432,DoS/DDoS,DoS/DDoS,0.0,0.0,1.0,0.0,0.0
5433,DoS/DDoS,DoS/DDoS,0.0,0.0,1.0,0.0,0.0
5434,Bot,Bot,0.9998813106891216,0.0,0.0,0.00011868931087857678,0.0
5435,Brute Force,Brute Force,0.0,1.0,0.0,0.0,0.0
5436,Web Attack,Web Attack,0.0,0.12785511617587736,2.119664097954856e-06,0.0006833436375655995,0.871459420522459
5437,Normal,Normal,0.0,0.0,0.0,1.0,0.0
5438,Normal,Normal,0.0,0.0,0.002469067471299255,0.9975309325287007,0.0
5439,Brute Force,Brute Force,0.0,1.0,0.0,0.0,0.0
5440,DoS/DDoS,DoS/DDoS,0.0,0.0,1.0,0.0,0.0
5441,Brute Force,Brute Force,0.0,1.0,0.0,0.0,0.0
5442,DoS/DDoS,DoS/DDoS,0.0,0.0037942882177759763,0.975000080964834,0.021205630817389777,0.0
5443,DoS/DDoS,DoS/DDoS,0.0,0.0,1.0,0.0,0.0
5444,Bot,Bot,1.0,0.0,0.0,0.0,0.0
5445,Brute Force,Brute Force,0.0,1.0,0.0,0.0,0.0
5446,DoS/DDoS,DoS/DDoS,0.0,0.0,1.0,0.0,0.0
5447,Normal,Normal,0.0,0.0,0.0,1.0,0.0
5448,Normal,Normal,0.0,0.0,0.0,1.0,0.0
5449,DoS/DDoS,DoS/DDoS,0.0,0.0,1.0,0.0,0.0
5450,DoS/DDoS,DoS/DDoS,0.0,0.0,0.9345530856776695,0.06544691432233045,0.0
5451,DoS/DDoS,DoS/DDoS,0.0,0.0,1.0,0.0,0.0
5452,DoS/DDoS,DoS/DDoS,0.0,0.0,1.0,0.0,0.0
5453,DoS/DDoS,DoS/DDoS,0.0,0.0,1.0,0.0,0.0
5454,Brute Force,Web Attack,0.0,0.1332050482666748,2.119664097954856e-06,0.0021333420470744627,0.8646594900221524
5455,Normal,Normal,0.0,0.0,0.0,1.0,0.0
5456,DoS/DDoS,DoS/DDoS,0.0,0.0,1.0,0.0,0.0
5457,Normal,Normal,0.0,0.0,0.0,1.0,0.0
5458,Brute Force,Brute Force,0.0,0.5472315949565831,0.0005139261595342682,0.04084468408080483,0.4114097948030777
5459,Brute Force,Brute Force,0.0,1.0,0.0,0.0,0.0
5460,DoS/DDoS,DoS/DDoS,0.0,0.0,1.0,0.0,0.0
5461,Normal,Normal,0.0,0.01,0.0,0.99,0.0
5462,Brute Force,Brute Force,0.0,1.0,0.0,0.0,0.0
5463,DoS/DDoS,DoS/DDoS,0.0,0.0,1.0,0.0,0.0
5464,DoS/DDoS,DoS/DDoS,0.0,0.0,1.0,0.0,0.0
5465,DoS/DDoS,DoS/DDoS,0.0,0.0,1.0,0.0,0.0
5466,Brute Force,Brute Force,0.0,1.0,0.0,0.0,0.0
5467,Normal,Normal,0.01,0.0,0.0,0.99,0.0
5468,Brute Force,Brute Force,0.0,1.0,0.0,0.0,0.0
5469,DoS/DDoS,DoS/DDoS,0.0,0.0,1.0,0.0,0.0
5470,DoS/DDoS,DoS/DDoS,0.0,0.0,0.99,0.01,0.0
5471,DoS/DDoS,DoS/DDoS,0.0,0.0,0.9999515620674263,4.843793257365714e-05,0.0
5472,Brute Force,Brute Force,0.0,1.0,0.0,0.0,0.0
5473,Brute Force,Brute Force,0.0,1.0,0.0,0.0,0.0
5474,DoS/DDoS,DoS/DDoS,0.0,0.0,0.9999515620674263,4.843793257365714e-05,0.0
5475,DoS/DDoS,DoS/DDoS,0.0,0.04724091115556192,0.7914004763193786,0.10039698699469674,0.060961625530362655
5476,DoS/DDoS,DoS/DDoS,0.0,0.0,1.0,0.0,0.0
5477,Normal,Normal,0.0,0.0,0.0,1.0,0.0
5478,DoS/DDoS,DoS/DDoS,0.0,0.0,1.0,0.0,0.0
5479,Brute Force,Brute Force,0.0,0.8694608714081187,0.0005857344293019682,0.03551627052080506,0.09443712364177406
5480,DoS/DDoS,DoS/DDoS,0.0,0.015626743116596016,0.9191919405015362,0.04687829041137228,0.018303025970495504
5481,DoS/DDoS,DoS/DDoS,0.0,0.0,1.0,0.0,0.0
5482,Normal,Normal,0.0,0.0,0.0,1.0,0.0
5483,Brute Force,Brute Force,0.0,1.0,0.0,0.0,0.0
5484,DoS/DDoS,DoS/DDoS,0.0,0.0,1.0,0.0,0.0
5485,DoS/DDoS,DoS/DDoS,0.0,0.0,1.0,0.0,0.0
5486,DoS/DDoS,DoS/DDoS,0.0,0.0,1.0,0.0,0.0
5487,Normal,Normal,0.0,0.0,0.0,1.0,0.0
5488,Normal,Normal,0.0,0.0,0.0,1.0,0.0
5489,Brute Force,Brute Force,0.0,1.0,0.0,0.0,0.0
5490,DoS/DDoS,DoS/DDoS,0.0,0.0,0.9999807544456359,1.9245554364025933e-05,0.0
5491,DoS/DDoS,DoS/DDoS,0.0,0.0,1.0,0.0,0.0
5492,DoS/DDoS,DoS/DDoS,0.0,0.0,0.9999515620674263,4.843793257365714e-05,0.0
5493,Normal,Normal,0.05,0.0,0.036579130560112645,0.9134208694398874,0.0
5494,DoS/DDoS,DoS/DDoS,0.0,0.0,1.0,0.0,0.0
5495,DoS/DDoS,DoS/DDoS,0.0,0.0,1.0,0.0,0.0
5496,DoS/DDoS,DoS/DDoS,0.0,0.0,1.0,0.0,0.0
5497,Normal,Normal,0.0,0.0,0.0,1.0,0.0
5498,DoS/DDoS,DoS/DDoS,0.0,0.0003353286992620004,0.999664671300738,0.0,0.0
5499,Normal,Normal,0.0,0.0,0.0,1.0,0.0
5500,Normal,Normal,0.0,0.0,0.0,1.0,0.0
5501,DoS/DDoS,DoS/DDoS,0.0,0.0,0.9999807544456359,1.9245554364025933e-05,0.0
5502,Brute Force,Brute Force,0.0,1.0,0.0,0.0,0.0
5503,Brute Force,Brute Force,0.0,1.0,0.0,0.0,0.0
5504,Normal,Normal,0.0,0.00790293351455431,0.0,0.9920970664854457,0.0
5505,Normal,Normal,0.0,0.0,0.0,1.0,0.0
5506,Brute Force,Web Attack,0.0,0.4274940931380871,1.278549656947793e-05,0.0008283507541914687,0.571664770611152
5507,Bot,Bot,0.9784186578865479,0.0,4.526272127891693e-05,0.02153607939217331,0.0
5508,Normal,Normal,0.01,0.04963296416062089,0.005027663751561663,0.819166525390212,0.11617284669760553
5509,Normal,Normal,0.0,0.006113223656459936,0.045486598301531504,0.869955217185068,0.07844496085694087
5510,DoS/DDoS,DoS/DDoS,0.0,0.0,1.0,0.0,0.0
5511,Normal,Normal,0.0,0.0,0.0,1.0,0.0
5512,Normal,Normal,0.0,0.0,0.0,1.0,0.0
5513,Brute Force,Web Attack,0.0,0.15339804554893935,2.119664097954856e-06,0.0006039911384678714,0.8459958436484944
5514,DoS/DDoS,DoS/DDoS,0.0,0.0,1.0,0.0,0.0
5515,DoS/DDoS,DoS/DDoS,0.0,0.0,1.0,0.0,0.0
5516,DoS/DDoS,DoS/DDoS,0.0,0.0,1.0,0.0,0.0
5517,Normal,Normal,0.0,0.0,0.0,1.0,0.0
5518,DoS/DDoS,DoS/DDoS,0.0,0.0,1.0,0.0,0.0
5519,Normal,Normal,0.0,0.03057176962981364,0.0,0.9127333432364568,0.05669488713372961
5520,Brute Force,Brute Force,0.0,1.0,0.0,0.0,0.0
5521,Bot,Bot,0.9942824468649512,0.0,0.0,0.0057175531350487354,0.0
5522,Normal,Normal,0.0,0.0,0.0,1.0,0.0
5523,Normal,Normal,0.027806676525075548,0.0,0.010790072539238532,0.9614032509356859,0.0
5524,Normal,Normal,0.0,0.020638135497887077,0.0,0.9662291758653255,0.013132688636787525
5525,Web Attack,Web Attack,0.0,0.19702437990615249,2.119664097954856e-06,0.0009774821817722778,0.8019960182479773
5526,Normal,Normal,0.0,0.0,0.0,1.0,0.0
5527,Normal,Normal,0.09955454492121568,0.0,0.0629766640078919,0.8374687910708922,0.0
5528,DoS/DDoS,DoS/DDoS,0.0,0.0,1.0,0.0,0.0
5529,Normal,Normal,0.0,0.013888240989749872,0.18146547527652004,0.80464628373373,0.0
5530,DoS/DDoS,DoS/DDoS,0.0,0.0,1.0,0.0,0.0
5531,Normal,Normal,0.002849891251961943,0.008344360403523843,0.00022955373686064148,0.9878470252797189,0.0007291693279346996
5532,Brute Force,Brute Force,0.0,1.0,0.0,0.0,0.0
5533,Normal,Normal,0.0,0.0,0.0,1.0,0.0
5534,DoS/DDoS,DoS/DDoS,0.0,0.0,1.0,0.0,0.0
5535,Normal,Normal,0.0,0.0,0.0,1.0,0.0
5536,Brute Force,Brute Force,0.0,1.0,0.0,0.0,0.0
5537,Brute Force,Brute Force,0.0,1.0,0.0,0.0,0.0
5538,DoS/DDoS,DoS/DDoS,0.0,0.0,1.0,0.0,0.0
5539,Brute Force,Brute Force,0.0,1.0,0.0,0.0,0.0
5540,DoS/DDoS,DoS/DDoS,0.0,0.025132533537368298,0.9573560293773893,0.017511437085242484,0.0
5541,Normal,Normal,0.0,0.0,0.0,1.0,0.0
5542,Brute Force,Brute Force,0.0,1.0,0.0,0.0,0.0
5543,Brute Force,Brute Force,0.0,1.0,0.0,0.0,0.0
5544,DoS/DDoS,DoS/DDoS,0.0,0.0,1.0,0.0,0.0
5545,Normal,Normal,0.0,0.0,0.0,1.0,0.0
5546,Normal,Normal,0.0,0.007901540541301716,0.0,0.9920984594586983,0.0
5547,Brute Force,Web Attack,0.0,0.3955697723268126,2.119664097954856e-06,0.0006797050253344196,0.6037484029837548
5548,Bot,Bot,0.9998197911964907,0.0,0.0,0.00018020880350936918,0.0
5549,DoS/DDoS,DoS/DDoS,0.0,0.0,1.0,0.0,0.0
5550,DoS/DDoS,DoS/DDoS,0.0,0.0,1.0,0.0,0.0
5551,DoS/DDoS,DoS/DDoS,0.0,0.0,1.0,0.0,0.0
5552,DoS/DDoS,DoS/DDoS,0.0,0.0,1.0,0.0,0.0
5553,Normal,Normal,0.0,0.0,0.0,1.0,0.0
5554,Brute Force,Brute Force,0.0,0.9151880769413175,0.0,0.030647515379805385,0.05416440767887694
5555,Normal,Normal,0.0,0.018821787148966283,0.0,0.9755489512953406,0.005629261555693226
5556,Normal,Normal,0.0,0.0,0.0,1.0,0.0
5557,Normal,Normal,0.0,0.0,0.003290609407146404,0.9967093905928536,0.0
5558,DoS/DDoS,DoS/DDoS,0.0,0.0,1.0,0.0,0.0
5559,Brute Force,Brute Force,0.0,1.0,0.0,0.0,0.0
5560,Normal,Normal,0.0,0.0037260779570987344,0.0,0.9786846889518023,0.017589233091098996
5561,DoS/DDoS,DoS/DDoS,0.0,0.0,1.0,0.0,0.0
5562,DoS/DDoS,DoS/DDoS,0.0,0.0,1.0,0.0,0.0
5563,Normal,Normal,0.0,0.0,0.0,1.0,0.0
5564,Brute Force,Brute Force,0.0,0.8672905018022825,0.035773256898480134,0.07059097985736704,0.026345261441870403
5565,Normal,Normal,0.0,0.0,0.0,1.0,0.0
5566,DoS/DDoS,DoS/DDoS,0.0,0.0,1.0,0.0,0.0
5567,DoS/DDoS,DoS/DDoS,0.0,0.0,1.0,0.0,0.0
5568,Brute Force,Brute Force,0.0,0.6196355669138253,1.278549656947793e-05,0.0009530673837509212,0.3793985802058542
5569,Brute Force,Web Attack,0.0,0.2934126373601827,2.119664097954856e-06,0.0006531719144594639,0.7059320710612595
5570,Bot,Bot,1.0,0.0,0.0,0.0,0.0
5571,DoS/DDoS,DoS/DDoS,0.0,0.0,1.0,0.0,0.0
5572,DoS/DDoS,DoS/DDoS,0.0,0.0,1.0,0.0,0.0
5573,Normal,Normal,0.0,0.0,0.0,1.0,0.0
5574,Brute Force,Brute Force,0.0,1.0,0.0,0.0,0.0
5575,Normal,Normal,0.0,0.0,0.0,1.0,0.0
5576,DoS/DDoS,DoS/DDoS,0.0,0.0,1.0,0.0,0.0
5577,Brute Force,Brute Force,0.0,1.0,0.0,0.0,0.0
5578,Web Attack,Web Attack,0.0,0.009040437413353026,0.0,0.024903822849148577,0.9660557397374984
5579,DoS/DDoS,DoS/DDoS,0.0,0.0,1.0,0.0,0.0
5580,Normal,Normal,0.0,0.0,0.0,1.0,0.0
5581,DoS/DDoS,DoS/DDoS,0.0,0.0003353286992620004,0.999664671300738,0.0,0.0
5582,DoS/DDoS,DoS/DDoS,0.0,0.0,1.0,0.0,0.0
5583,DoS/DDoS,DoS/DDoS,0.0,0.0,1.0,0.0,0.0
5584,Normal,Normal,0.0,0.0,0.0,1.0,0.0
5585,DoS/DDoS,DoS/DDoS,0.0,0.0,1.0,0.0,0.0
5586,Normal,Normal,0.0,0.0,0.0,1.0,0.0
5587,Normal,Normal,0.0,0.0,0.0,1.0,0.0
5588,Brute Force,Brute Force,0.0,1.0,0.0,0.0,0.0
5589,DoS/DDoS,DoS/DDoS,0.0,0.0,1.0,0.0,0.0
5590,Normal,Normal,0.0,0.0,0.0,1.0,0.0
5591,Normal,Normal,0.0,0.005574004076705389,0.0433557407161226,0.951070255207172,0.0
5592,Normal,Normal,0.0,0.01600651723173969,0.0,0.9809482637108746,0.003045219057385608
5593,Normal,Normal,0.0,0.0,0.0,1.0,0.0
5594,Normal,Normal,0.0,0.0,0.0,1.0,0.0
5595,Normal,Normal,0.0,0.0,0.0,1.0,0.0
5596,Normal,Normal,0.0,0.0,0.0,1.0,0.0
5597,DoS/DDoS,DoS/DDoS,0.0,0.0,1.0,0.0,0.0
5598,Normal,Normal,0.0,0.0,0.0,1.0,0.0
5599,Normal,Normal,0.0,0.0,0.0,1.0,0.0
5600,Normal,Normal,0.0,0.0,0.0,1.0,0.0
5601,Normal,Normal,0.0,0.0,0.01,0.99,0.0
5602,DoS/DDoS,DoS/DDoS,0.0,0.0,1.0,0.0,0.0
5603,Brute Force,Brute Force,0.0,1.0,0.0,0.0,0.0
5604,Normal,Normal,0.0,5.159261173208868e-05,0.14977382205477519,0.8155419645295048,0.03463262080398813
5605,Brute Force,Brute Force,0.0,1.0,0.0,0.0,0.0
5606,DoS/DDoS,DoS/DDoS,0.0,0.0,1.0,0.0,0.0
5607,DoS/DDoS,DoS/DDoS,0.0,0.0,1.0,0.0,0.0
5608,Normal,Normal,0.0,0.0,0.0,1.0,0.0
5609,Normal,Normal,0.054827168192660904,0.0,0.012077631702050427,0.9330952001052886,0.0
5610,DoS/DDoS,DoS/DDoS,0.0,0.0,0.9998779831753416,0.00012201682465843791,0.0
5611,Brute Force,Brute Force,0.0,1.0,0.0,0.0,0.0
5612,DoS/DDoS,DoS/DDoS,0.0,0.0,1.0,0.0,0.0
5613,Normal,Normal,0.0,0.0,0.0,1.0,0.0
5614,Brute Force,Brute Force,0.0,1.0,0.0,0.0,0.0
5615,Normal,Normal,0.0,0.0,0.0,1.0,0.0
5616,Brute Force,Brute Force,0.0,1.0,0.0,0.0,0.0
5617,Brute Force,Brute Force,0.0,1.0,0.0,0.0,0.0
5618,Brute Force,Brute Force,0.0,1.0,0.0,0.0,0.0
5619,DoS/DDoS,DoS/DDoS,0.0,0.0,1.0,0.0,0.0
5620,Normal,Normal,0.0,0.0,0.0,1.0,0.0
5621,DoS/DDoS,DoS/DDoS,0.0,0.0,1.0,0.0,0.0
5622,Normal,Normal,0.0,0.00044095184887354847,0.004658352153185195,0.9949006959979411,0.0
5623,DoS/DDoS,DoS/DDoS,0.0,0.0,1.0,0.0,0.0
5624,Brute Force,Web Attack,0.0,0.10434821437243114,2.119664097954856e-06,0.0006797050253344196,0.8949699609381362
5625,DoS/DDoS,DoS/DDoS,0.0,0.0,1.0,0.0,0.0
5626,Normal,Normal,0.0,0.0,0.0,1.0,0.0
5627,DoS/DDoS,DoS/DDoS,0.0,0.0,1.0,0.0,0.0
5628,Normal,Normal,0.0,0.0,0.0,1.0,0.0
5629,DoS/DDoS,DoS/DDoS,0.0,0.0,1.0,0.0,0.0
5630,DoS/DDoS,DoS/DDoS,0.0,0.0,1.0,0.0,0.0
5631,Normal,Normal,0.0,0.0,0.09595007431161989,0.9040499256883802,0.0
5632,DoS/DDoS,DoS/DDoS,0.0,0.0,1.0,0.0,0.0
5633,Brute Force,Brute Force,0.0,1.0,0.0,0.0,0.0
5634,DoS/DDoS,DoS/DDoS,0.0,0.002756945793666213,0.9685115917031173,0.02873146250321642,0.0
5635,DoS/DDoS,DoS/DDoS,0.0,0.0,1.0,0.0,0.0
5636,DoS/DDoS,DoS/DDoS,0.0,0.0,1.0,0.0,0.0
5637,Brute Force,Brute Force,0.0,1.0,0.0,0.0,0.0
5638,Normal,Normal,0.0,0.0,0.0,1.0,0.0
5639,Normal,Normal,0.0,0.0,0.0,1.0,0.0
5640,Normal,Normal,0.0,0.0,0.0,1.0,0.0
5641,Brute Force,Brute Force,0.0,1.0,0.0,0.0,0.0
5642,DoS/DDoS,DoS/DDoS,0.0,0.0,1.0,0.0,0.0
5643,DoS/DDoS,DoS/DDoS,0.0,0.0,1.0,0.0,0.0
5644,Normal,Normal,0.0,0.0,0.0,1.0,0.0
5645,Normal,Normal,0.0,0.0,0.0,1.0,0.0
5646,Brute Force,Brute Force,0.0,1.0,0.0,0.0,0.0
5647,DoS/DDoS,DoS/DDoS,0.0,0.0,1.0,0.0,0.0
5648,Brute Force,Web Attack,0.0,0.2972244404005392,1.278549656947793e-05,0.0008780711316735084,0.701884702971218
5649,Brute Force,Brute Force,0.0,1.0,0.0,0.0,0.0
5650,Normal,Normal,0.0,0.0,0.005027663751561663,0.9949723362484383,0.0
5651,Brute Force,Brute Force,0.0,1.0,0.0,0.0,0.0
5652,Brute Force,Brute Force,0.0,1.0,0.0,0.0,0.0
5653,DoS/DDoS,DoS/DDoS,0.0,0.00652575587905935,0.635073572589484,0.3584006715314564,0.0
5654,DoS/DDoS,DoS/DDoS,0.0,0.0,1.0,0.0,0.0
5655,Normal,Normal,0.0,0.0,0.0,1.0,0.0
5656,Normal,Normal,0.0,0.0,0.0,1.0,0.0
5657,DoS/DDoS,DoS/DDoS,0.0,0.0,1.0,0.0,0.0
5658,Normal,Normal,0.009522234968621363,0.007877314487632509,0.0250039423697226,0.9575965081740236,0.0
5659,Normal,Normal,0.0,0.0,0.0,1.0,0.0
5660,DoS/DDoS,DoS/DDoS,0.0,0.0,1.0,0.0,0.0
5661,Normal,Normal,0.0,0.0,0.0,1.0,0.0
5662,Normal,Normal,0.0,0.0,0.0,1.0,0.0
5663,DoS/DDoS,DoS/DDoS,0.0,0.0,1.0,0.0,0.0
5664,Normal,Normal,0.0,0.0,0.0,1.0,0.0
5665,DoS/DDoS,DoS/DDoS,0.0,0.0,1.0,0.0,0.0
5666,DoS/DDoS,DoS/DDoS,0.0,0.0,1.0,0.0,0.0
5667,Normal,Normal,0.0,0.0,0.0,1.0,0.0
5668,Normal,Normal,0.0,0.0,0.0,1.0,0.0
5669,DoS/DDoS,DoS/DDoS,0.0,0.0,1.0,0.0,0.0
5670,Normal,Normal,0.0,0.0,0.07311746487454099,0.9268825351254588,0.0
5671,Normal,Normal,0.0,0.0062968081251053905,0.0,0.9800541170551571,0.013649074819737522
5672,DoS/DDoS,DoS/DDoS,0.0,0.0,1.0,0.0,0.0
5673,DoS/DDoS,DoS/DDoS,0.0,0.0,1.0,0.0,0.0
5674,DoS/DDoS,DoS/DDoS,0.0,0.0,1.0,0.0,0.0
5675,DoS/DDoS,DoS/DDoS,0.0,0.0,0.9999515620674263,4.843793257365714e-05,0.0
5676,DoS/DDoS,DoS/DDoS,0.0,0.0,1.0,0.0,0.0
5677,Normal,Normal,0.0,0.0,0.0,1.0,0.0
5678,Normal,Normal,0.24938589576997644,0.0,5.11250332041678e-05,0.7505629791968194,0.0
5679,Brute Force,Brute Force,0.0,1.0,0.0,0.0,0.0
5680,DoS/DDoS,DoS/DDoS,0.0,0.0,1.0,0.0,0.0
5681,Normal,Normal,0.0,0.0055074726143295,0.0,0.9884544588864255,0.006038068499245142
5682,Bot,Bot,1.0,0.0,0.0,0.0,0.0
5683,DoS/DDoS,DoS/DDoS,0.0,0.0,1.0,0.0,0.0
5684,Normal,Normal,0.0,0.0,0.0,1.0,0.0
5685,Normal,Normal,0.0,0.0,0.0,1.0,0.0
5686,Brute Force,Web Attack,0.0,0.3767878437802338,1.278549656947793e-05,0.01917132048176363,0.6040280502414328
5687,DoS/DDoS,DoS/DDoS,0.0,0.0,1.0,0.0,0.0
5688,Normal,Normal,0.0,0.0,0.0,1.0,0.0
5689,DoS/DDoS,DoS/DDoS,0.0,0.0,1.0,0.0,0.0
5690,Normal,Normal,0.0,0.0,0.0005538457108140234,0.9994461542891859,0.0
5691,Brute Force,Brute Force,0.0,1.0,0.0,0.0,0.0
5692,Normal,Normal,0.06351064872182131,0.0,9.829310655844389e-06,0.9364795219675228,0.0
5693,DoS/DDoS,DoS/DDoS,0.0,0.0,1.0,0.0,0.0
5694,Normal,Normal,0.0,0.030703005668684894,0.0,0.9229668171382838,0.046330177193031286
5695,DoS/DDoS,DoS/DDoS,0.0,0.0,1.0,0.0,0.0
5696,DoS/DDoS,DoS/DDoS,0.0,0.0,1.0,0.0,0.0
5697,Normal,Normal,0.0,0.0,0.0,1.0,0.0
5698,DoS/DDoS,DoS/DDoS,0.0,0.0,1.0,0.0,0.0
5699,Normal,Normal,0.0,0.0,0.0,1.0,0.0
5700,Brute Force,Brute Force,0.0,0.9068543505295869,0.0,0.03898124179153601,0.05416440767887694
5701,DoS/DDoS,DoS/DDoS,0.0,0.0,1.0,0.0,0.0
5702,Normal,Normal,0.0,0.0,0.0,1.0,0.0
5703,Brute Force,Brute Force,0.0,1.0,0.0,0.0,0.0
5704,Normal,Normal,0.0,0.0,0.0,1.0,0.0
5705,Normal,Normal,0.0,0.0,0.0,1.0,0.0
5706,Normal,Normal,0.0,0.0,0.0,1.0,0.0
5707,Brute Force,Brute Force,0.0,1.0,0.0,0.0,0.0
5708,DoS/DDoS,DoS/DDoS,0.0,0.0,1.0,0.0,0.0
5709,Brute Force,Brute Force,0.0,1.0,0.0,0.0,0.0
5710,Normal,Normal,0.0,0.006566028931404573,0.0,0.9934339710685954,0.0
5711,Brute Force,Brute Force,0.0,0.9988744139057976,0.00019811635829269922,0.0009274697359097989,0.0
5712,DoS/DDoS,DoS/DDoS,0.0,0.0,1.0,0.0,0.0
5713,DoS/DDoS,DoS/DDoS,0.0,0.0,1.0,0.0,0.0
5714,Normal,Normal,0.0,0.0,0.0,1.0,0.0
5715,Normal,Normal,0.0,0.0,0.0,1.0,0.0
5716,DoS/DDoS,DoS/DDoS,0.0,0.0,1.0,0.0,0.0
5717,DoS/DDoS,DoS/DDoS,0.0,0.0,1.0,0.0,0.0
5718,DoS/DDoS,DoS/DDoS,0.0,0.0,1.0,0.0,0.0
5719,DoS/DDoS,DoS/DDoS,0.0,0.0,1.0,0.0,0.0
5720,Normal,Normal,0.0,0.0,0.009992159944378614,0.9900078400556214,0.0
5721,Normal,Normal,0.0,0.0,0.0,1.0,0.0
5722,DoS/DDoS,DoS/DDoS,0.0,0.0,1.0,0.0,0.0
5723,Normal,Normal,0.0,0.0,0.0,1.0,0.0
5724,Normal,Normal,0.0,0.0,0.02505119086108417,0.9649488091389159,0.01
5725,Normal,Normal,0.0,0.025421416779466313,0.0,0.9689493216648404,0.005629261555693226
5726,Bot,Bot,0.9819691747523137,0.0,4.362009610206515e-05,0.017987205151584338,0.0
5727,Brute Force,Brute Force,0.0,1.0,0.0,0.0,0.0
5728,Normal,Normal,0.0,0.007385765424299851,0.0006574410828552646,0.9919567934928449,0.0
5729,DoS/DDoS,DoS/DDoS,0.0,0.0,1.0,0.0,0.0
5730,Normal,Normal,0.0,0.0,0.0,1.0,0.0
5731,Brute Force,Brute Force,0.0,1.0,0.0,0.0,0.0
5732,Normal,Normal,0.0,0.0,0.0,1.0,0.0
5733,DoS/DDoS,DoS/DDoS,0.0,0.0,1.0,0.0,0.0
5734,DoS/DDoS,DoS/DDoS,0.0,0.0,0.9991599881493601,0.0008400118506398297,0.0
5735,Brute Force,Brute Force,0.0,1.0,0.0,0.0,0.0
5736,Bot,Bot,1.0,0.0,0.0,0.0,0.0
5737,Brute Force,Brute Force,0.0,1.0,0.0,0.0,0.0
5738,Normal,Normal,0.0,0.0,0.0,1.0,0.0
5739,Normal,Normal,0.0,0.0,0.0,1.0,0.0
5740,DoS/DDoS,DoS/DDoS,0.0,0.0,1.0,0.0,0.0
5741,Normal,Normal,0.0,0.0,0.0,1.0,0.0
5742,Brute Force,Brute Force,0.0,1.0,0.0,0.0,0.0
5743,Normal,Normal,0.1302846311039492,0.0,1.185981413265176e-05,0.8697035090819182,0.0
5744,Normal,Normal,0.0,0.0,0.0049925080271138065,0.9950074919728863,0.0
5745,Normal,Normal,0.0,0.0,0.0,1.0,0.0
5746,DoS/DDoS,DoS/DDoS,0.0,0.0,0.9626487036331517,0.03735129636684813,0.0
5747,Brute Force,Brute Force,0.0,1.0,0.0,0.0,0.0
5748,Normal,Normal,0.0,0.025421416779466313,0.0,0.9689493216648404,0.005629261555693226
5749,Normal,Normal,0.0,0.0,0.007512827822120868,0.9924871721778792,0.0
5750,Brute Force,Brute Force,0.0,1.0,0.0,0.0,0.0
5751,Normal,Normal,0.009513257640723081,0.0,0.0004867423592769183,0.99,0.0
5752,Normal,Normal,0.018267937792544937,0.0,0.004953958169748018,0.9767781040377069,0.0
5753,Normal,Normal,0.0,0.0,0.0,1.0,0.0
5754,DoS/DDoS,DoS/DDoS,0.0,0.0,1.0,0.0,0.0
5755,Normal,Normal,0.00045391557554762117,0.0834307730742837,0.04709592005186096,0.8690193912983076,0.0
5756,Normal,Normal,0.0,0.0022394968998136573,0.0517569060286457,0.9098148926220117,0.03618870444952891
5757,DoS/DDoS,DoS/DDoS,0.0,0.001241397398563415,0.9901629594107679,0.008595643190668564,0.0
5758,DoS/DDoS,DoS/DDoS,0.0,0.0,0.993205267190815,0.006794732809184919,0.0
5759,Normal,Normal,0.0,0.0,0.0,1.0,0.0
5760,Brute Force,Brute Force,0.0,1.0,0.0,0.0,0.0
5761,DoS/DDoS,DoS/DDoS,0.0,0.0,1.0,0.0,0.0
5762,Brute Force,Brute Force,0.0,1.0,0.0,0.0,0.0
5763,DoS/DDoS,DoS/DDoS,0.0,0.0,1.0,0.0,0.0
5764,Brute Force,Web Attack,0.0,0.09418796996556847,2.119664097954856e-06,0.0006234473450803156,0.905186463025253
5765,DoS/DDoS,DoS/DDoS,0.0,0.0,1.0,0.0,0.0
5766,Normal,Normal,0.0,0.0,0.0,1.0,0.0
5767,Normal,Normal,0.0,0.0,0.0,1.0,0.0
5768,Normal,Normal,0.0,0.0,0.0,1.0,0.0
5769,Normal,Normal,0.008339158732071833,0.0,0.01,0.9816608412679281,0.0
5770,DoS/DDoS,DoS/DDoS,0.0,0.0,1.0,0.0,0.0
5771,Normal,Normal,0.0,0.0,0.0,1.0,0.0
5772,Normal,Normal,0.0,0.10753982884857718,0.07049234997982885,0.8219678211715938,0.0
5773,Normal,Normal,0.0,0.0,0.0,1.0,0.0
5774,Normal,Normal,0.0,0.0,0.0,1.0,0.0
5775,Normal,Normal,0.0,0.0,0.0,1.0,0.0
5776,DoS/DDoS,DoS/DDoS,0.0,0.0,1.0,0.0,0.0
5777,Brute Force,Brute Force,0.0,1.0,0.0,0.0,0.0
5778,Brute Force,Brute Force,0.0,1.0,0.0,0.0,0.0
5779,Brute Force,Brute Force,0.0,1.0,0.0,0.0,0.0
5780,Normal,Normal,0.0,0.0,0.0,1.0,0.0
5781,Normal,Normal,0.0,0.0,0.0,1.0,0.0
5782,Normal,Normal,0.0,0.0,0.0,1.0,0.0
5783,Normal,Normal,0.0,0.0,0.0,1.0,0.0
5784,DoS/DDoS,DoS/DDoS,0.0,0.0,1.0,0.0,0.0
5785,Brute Force,Brute Force,0.0,1.0,0.0,0.0,0.0
5786,Normal,Normal,0.0,0.0,0.0,1.0,0.0
5787,Brute Force,Brute Force,0.0,1.0,0.0,0.0,0.0
5788,Brute Force,Brute Force,0.0,1.0,0.0,0.0,0.0
5789,DoS/DDoS,DoS/DDoS,0.0,0.0,1.0,0.0,0.0
5790,DoS/DDoS,DoS/DDoS,0.0,0.0,1.0,0.0,0.0
5791,DoS/DDoS,DoS/DDoS,0.0,0.0,1.0,0.0,0.0
5792,Normal,Normal,0.0,0.0,0.0,1.0,0.0
5793,DoS/DDoS,DoS/DDoS,0.0,0.0,0.9999515620674263,4.843793257365714e-05,0.0
5794,DoS/DDoS,DoS/DDoS,0.0,0.0,1.0,0.0,0.0
5795,DoS/DDoS,DoS/DDoS,0.0,0.0,1.0,0.0,0.0
5796,DoS/DDoS,DoS/DDoS,0.0,0.0,1.0,0.0,0.0
5797,Normal,Normal,0.0,0.0,0.0,1.0,0.0
5798,Normal,Normal,0.0,0.0,0.0,1.0,0.0
5799,DoS/DDoS,DoS/DDoS,0.0,0.0,1.0,0.0,0.0
5800,DoS/DDoS,DoS/DDoS,0.0,0.0,1.0,0.0,0.0
5801,DoS/DDoS,DoS/DDoS,0.0,0.0,1.0,0.0,0.0
5802,DoS/DDoS,DoS/DDoS,0.0,0.0,1.0,0.0,0.0
5803,Bot,Bot,1.0,0.0,0.0,0.0,0.0
5804,DoS/DDoS,DoS/DDoS,0.0,0.0,1.0,0.0,0.0
5805,DoS/DDoS,DoS/DDoS,0.0,0.0,1.0,0.0,0.0
5806,Brute Force,Brute Force,0.0,1.0,0.0,0.0,0.0
5807,Normal,Normal,0.0,0.0,0.0,1.0,0.0
5808,Normal,Normal,0.0,0.0,0.01589516639499233,0.9841048336050077,0.0
5809,DoS/DDoS,DoS/DDoS,0.0,0.0,1.0,0.0,0.0
5810,Normal,Normal,0.0,0.0,0.0,1.0,0.0
5811,DoS/DDoS,DoS/DDoS,0.0,0.0,1.0,0.0,0.0
5812,Normal,Normal,0.0,0.0,0.0,1.0,0.0
5813,Normal,Normal,0.0,0.0,0.0,1.0,0.0
5814,Normal,Normal,0.0,0.0,0.0,1.0,0.0
5815,Normal,Normal,0.0,0.0,0.0,1.0,0.0
5816,DoS/DDoS,DoS/DDoS,0.0,0.0,1.0,0.0,0.0
5817,Normal,Normal,0.0,0.0,0.0,1.0,0.0
5818,DoS/DDoS,DoS/DDoS,0.0,0.0,1.0,0.0,0.0
5819,DoS/DDoS,DoS/DDoS,0.0,0.0,1.0,0.0,0.0
5820,Normal,Normal,0.0,0.0,0.0,1.0,0.0
5821,Bot,Bot,1.0,0.0,0.0,0.0,0.0
5822,DoS/DDoS,DoS/DDoS,0.0,0.0,1.0,0.0,0.0
5823,Bot,Bot,0.9800938976989609,0.0,4.526272127891693e-05,0.019860839579760214,0.0
5824,Normal,Normal,0.0,0.0,0.0,1.0,0.0
5825,DoS/DDoS,DoS/DDoS,0.0,0.0,0.9705982037179094,0.02940179628209058,0.0
5826,Normal,Normal,0.0,0.0,0.0,1.0,0.0
5827,DoS/DDoS,DoS/DDoS,0.0,0.0,1.0,0.0,0.0
5828,DoS/DDoS,DoS/DDoS,0.0,0.0,1.0,0.0,0.0
5829,DoS/DDoS,DoS/DDoS,0.0,0.0,1.0,0.0,0.0
5830,Normal,Normal,0.0,0.0,0.0,1.0,0.0
5831,Bot,Bot,0.8292750178244261,0.0,7.247580048435702e-05,0.17065250637508902,0.0
5832,Normal,Normal,0.0,0.0,0.0,1.0,0.0
5833,Brute Force,Brute Force,0.0,1.0,0.0,0.0,0.0
5834,Normal,Normal,0.12191854304092434,0.0,0.0,0.8780814569590758,0.0
5835,Brute Force,Brute Force,0.0,1.0,0.0,0.0,0.0
5836,DoS/DDoS,DoS/DDoS,0.0,0.0,1.0,0.0,0.0
5837,DoS/DDoS,DoS/DDoS,0.0,0.0,1.0,0.0,0.0
5838,Normal,Normal,0.0,0.0,0.0,1.0,0.0
5839,Normal,Normal,0.0,0.0,0.0,1.0,0.0
5840,DoS/DDoS,DoS/DDoS,0.0,0.0,1.0,0.0,0.0
5841,Normal,Normal,0.0,0.0003567545735037896,0.0271926124436423,0.9555477277596719,0.016902905223182055
5842,Normal,Normal,0.0,0.0,0.0,1.0,0.0
5843,Brute Force,Brute Force,0.0,1.0,0.0,0.0,0.0
5844,DoS/DDoS,DoS/DDoS,0.0,0.0,0.9741521276377124,0.02584787236228768,0.0
5845,Normal,Normal,0.0,0.0,0.0,1.0,0.0
5846,DoS/DDoS,DoS/DDoS,0.0,0.0,1.0,0.0,0.0
5847,DoS/DDoS,DoS/DDoS,0.0,0.0,1.0,0.0,0.0
5848,DoS/DDoS,DoS/DDoS,0.0,0.0,1.0,0.0,0.0
5849,Normal,Normal,0.0,0.05975098828818326,0.01,0.9302490117118167,0.0
5850,DoS/DDoS,DoS/DDoS,0.0,0.0,1.0,0.0,0.0
5851,Normal,Normal,0.02,0.006519598649662416,0.012882741843916029,0.9605976595064216,0.0
5852,DoS/DDoS,DoS/DDoS,0.0,0.0,1.0,0.0,0.0
5853,Normal,Normal,0.0,0.0,0.0,1.0,0.0
5854,Normal,Normal,0.0,0.0,0.0,1.0,0.0
5855,DoS/DDoS,DoS/DDoS,0.0,0.0,1.0,0.0,0.0
5856,Normal,Normal,0.0,0.0,0.0,1.0,0.0
5857,DoS/DDoS,DoS/DDoS,0.0,0.0,1.0,0.0,0.0
5858,Normal,Normal,0.0,0.0,0.0,1.0,0.0
5859,Brute Force,Brute Force,0.0,1.0,0.0,0.0,0.0
5860,Normal,Normal,0.0,0.006546942171682153,0.0,0.9934530578283178,0.0
5861,Normal,Normal,0.0,0.0,0.0,1.0,0.0
5862,DoS/DDoS,DoS/DDoS,0.0,0.0,1.0,0.0,0.0
5863,Normal,Normal,0.0,0.0,0.0,1.0,0.0
5864,DoS/DDoS,DoS/DDoS,0.0,0.0,1.0,0.0,0.0
5865,DoS/DDoS,DoS/DDoS,0.0,0.0,1.0,0.0,0.0
5866,Normal,Normal,0.21963935015583438,0.0,1.185981413265176e-05,0.7803487900300332,0.0
5867,DoS/DDoS,DoS/DDoS,0.0,0.0,1.0,0.0,0.0
5868,Normal,Normal,0.0,0.0,0.0,1.0,0.0
5869,Brute Force,Brute Force,0.0,1.0,0.0,0.0,0.0
5870,Normal,Normal,0.0,0.0,0.0,1.0,0.0
5871,Brute Force,Brute Force,0.0,1.0,0.0,0.0,0.0
5872,DoS/DDoS,DoS/DDoS,0.0,0.0,1.0,0.0,0.0
5873,DoS/DDoS,DoS/DDoS,0.0,0.0,1.0,0.0,0.0
5874,Normal,Normal,0.0,0.033828053833335495,0.03643154093988379,0.9181439453467638,0.011596459880016894
5875,Normal,Normal,0.0,0.0,0.0,1.0,0.0
5876,Normal,Normal,0.0,0.0,0.0,1.0,0.0
5877,Normal,Normal,0.0,0.0038759668584326568,0.0,0.9961240331415674,0.0
5878,Brute Force,Web Attack,0.0,0.2122543013583699,2.119664097954856e-06,0.0006568105266906438,0.7870867684508412
5879,Normal,Normal,0.0,0.0,0.0,1.0,0.0
5880,Normal,Normal,0.0,0.0,0.0,1.0,0.0
5881,Normal,Normal,0.0,0.0,0.0,1.0,0.0
5882,DoS/DDoS,DoS/DDoS,0.0,0.0,1.0,0.0,0.0
5883,Normal,Normal,0.0,0.0,0.0,1.0,0.0
5884,Normal,Normal,0.0,0.0,0.02668418286915397,0.9639166639619503,0.009399153168895759
5885,Normal,Normal,0.1585769659573437,0.0,1.185981413265176e-05,0.8414111742285237,0.0
5886,Normal,Normal,0.0,0.0,0.0,1.0,0.0
5887,Normal,Normal,0.0,0.027853035639560163,0.0,0.963403401231422,0.008743563129017968
5888,DoS/DDoS,DoS/DDoS,0.0,0.0,1.0,0.0,0.0
5889,Normal,Normal,0.0,0.0,0.0,1.0,0.0
5890,Normal,Normal,0.0,0.0,0.02,0.98,0.0
5891,Bot,Bot,0.9776759423398336,0.0,4.526272127891693e-05,0.022278794938887694,0.0
5892,DoS/DDoS,DoS/DDoS,0.0,0.0,1.0,0.0,0.0
5893,DoS/DDoS,DoS/DDoS,0.0,0.0,1.0,0.0,0.0
5894,DoS/DDoS,DoS/DDoS,0.0,0.0,0.9933315883402736,0.006668411659726353,0.0
5895,DoS/DDoS,DoS/DDoS,0.0,0.0,1.0,0.0,0.0
5896,DoS/DDoS,DoS/DDoS,0.0,0.0,1.0,0.0,0.0
5897,DoS/DDoS,DoS/DDoS,0.0,0.0,1.0,0.0,0.0
5898,Brute Force,Web Attack,0.0,0.39839406442016956,0.00296101907445372,0.00627170176489677,0.59237321474048
5899,Brute Force,Brute Force,0.0,1.0,0.0,0.0,0.0
5900,Normal,Normal,0.0,0.0,0.0,1.0,0.0
5901,Normal,Normal,0.0,0.0,0.0,1.0,0.0
5902,DoS/DDoS,DoS/DDoS,0.0,0.0,1.0,0.0,0.0
5903,DoS/DDoS,DoS/DDoS,0.0,0.0,0.9997704137554078,0.00022958624459224912,0.0
5904,Normal,Normal,0.0,0.0,0.0,1.0,0.0
5905,Brute Force,Brute Force,0.0,1.0,0.0,0.0,0.0
5906,Normal,Normal,0.0,0.0,0.0,1.0,0.0
5907,DoS/DDoS,DoS/DDoS,0.0,0.0,1.0,0.0,0.0
5908,Normal,Normal,0.0,0.0,0.0,1.0,0.0
5909,Bot,Bot,1.0,0.0,0.0,0.0,0.0
5910,Normal,Normal,0.0,0.0,0.0,1.0,0.0
5911,DoS/DDoS,DoS/DDoS,0.0,0.0,1.0,0.0,0.0
5912,DoS/DDoS,DoS/DDoS,0.0,0.0,1.0,0.0,0.0
5913,Normal,Normal,0.0,0.0,0.0,1.0,0.0
5914,Normal,Normal,0.0,0.0,0.0,1.0,0.0
5915,Brute Force,Web Attack,0.0,0.2289951687060495,1.278549656947793e-05,0.000984221973602155,0.7700078238237792
5916,DoS/DDoS,DoS/DDoS,0.0,0.0,1.0,0.0,0.0
5917,Normal,Normal,0.0,0.0,0.0,1.0,0.0
5918,Bot,Bot,0.9979874064562513,0.0,0.0,0.0020125935437486026,0.0
5919,DoS/DDoS,DoS/DDoS,0.0,0.0,1.0,0.0,0.0
5920,Normal,Normal,0.0,0.0,0.0,1.0,0.0
5921,Normal,Normal,0.0,0.0,0.0,1.0,0.0
5922,Web Attack,Brute Force,0.0,0.7712590967620787,1.6281103216542896e-05,0.0019591456926554432,0.22676547644204936
5923,Brute Force,Brute Force,0.0,1.0,0.0,0.0,0.0
5924,DoS/DDoS,DoS/DDoS,0.0,0.0,1.0,0.0,0.0
5925,DoS/DDoS,DoS/DDoS,0.0,0.0,1.0,0.0,0.0
5926,Normal,Normal,0.0,0.0,0.0,1.0,0.0
5927,DoS/DDoS,DoS/DDoS,0.0,0.0,1.0,0.0,0.0
5928,Brute Force,Brute Force,0.0,1.0,0.0,0.0,0.0
5929,Bot,Bot,1.0,0.0,0.0,0.0,0.0
5930,DoS/DDoS,DoS/DDoS,0.0,0.0,1.0,0.0,0.0
5931,DoS/DDoS,DoS/DDoS,0.0,0.0,1.0,0.0,0.0
5932,Normal,Normal,0.0,0.0,0.0,1.0,0.0
5933,Brute Force,Brute Force,0.0,1.0,0.0,0.0,0.0
5934,Normal,Normal,0.0,0.0,0.0,1.0,0.0
5935,DoS/DDoS,DoS/DDoS,0.0,0.0,1.0,0.0,0.0
5936,DoS/DDoS,DoS/DDoS,0.0,0.0,1.0,0.0,0.0
5937,DoS/DDoS,DoS/DDoS,0.0,0.0,1.0,0.0,0.0
5938,Normal,Normal,0.0,0.0,0.0,1.0,0.0
5939,Normal,Normal,0.17089918391102812,0.0,0.00043546482231130335,0.8286653512666604,0.0
5940,DoS/DDoS,DoS/DDoS,0.0,0.0,0.9999515620674263,4.843793257365714e-05,0.0
5941,Normal,Normal,0.0,0.0,0.0,1.0,0.0
5942,Normal,Normal,0.0,0.0,0.0,1.0,0.0
5943,Brute Force,Brute Force,0.0,1.0,0.0,0.0,0.0
5944,DoS/DDoS,DoS/DDoS,0.0,0.0,1.0,0.0,0.0
5945,Web Attack,Web Attack,0.0,0.4465225987141539,1.6281103216542896e-05,0.0013164453317576121,0.5521446748508719
5946,DoS/DDoS,DoS/DDoS,0.0,0.0,1.0,0.0,0.0
5947,Normal,Normal,0.2304698229380973,0.01,0.07457163647371909,0.6849585405881836,0.0
5948,Brute Force,Brute Force,0.0,1.0,0.0,0.0,0.0
5949,DoS/DDoS,DoS/DDoS,0.0,0.0,1.0,0.0,0.0
5950,Normal,Normal,0.00045391557554762117,0.023430773074283685,0.04806149974833275,0.9280538116018358,0.0
5951,Brute Force,Brute Force,0.0,1.0,0.0,0.0,0.0
5952,Brute Force,Brute Force,0.0,1.0,0.0,0.0,0.0
5953,DoS/DDoS,DoS/DDoS,0.0,0.0,1.0,0.0,0.0
5954,Normal,Normal,0.0,0.0,0.0,1.0,0.0
5955,Normal,Normal,0.0,0.0,0.0,1.0,0.0
5956,Normal,Normal,0.0,0.0,0.0,1.0,0.0
5957,Normal,Normal,0.0,0.0,0.0,1.0,0.0
5958,Normal,Normal,0.045968891704702995,0.0562472310186609,0.014633622661709346,0.8055513559424752,0.07759889867245158
5959,Brute Force,Brute Force,0.0,0.5242033946555178,0.39161022411896984,0.06034929359470516,0.023837087630807215
5960,Normal,Normal,0.0,0.0,0.0,1.0,0.0
5961,Normal,Normal,0.0,0.0,0.0,1.0,0.0
5962,Normal,Normal,0.0,0.0,0.0,1.0,0.0
5963,Normal,Normal,0.0,0.0,0.0,1.0,0.0
5964,Normal,Normal,0.0,0.0,0.01,0.99,0.0
5965,Normal,Normal,0.0,0.006588691226595695,0.0,0.9846319190785568,0.008779389694847423
5966,Brute Force,Brute Force,0.0,1.0,0.0,0.0,0.0
5967,Brute Force,Brute Force,0.0,1.0,0.0,0.0,0.0
5968,DoS/DDoS,DoS/DDoS,0.0,0.0,1.0,0.0,0.0
5969,DoS/DDoS,DoS/DDoS,0.0,0.0,1.0,0.0,0.0
5970,DoS/DDoS,DoS/DDoS,0.0,0.0,1.0,0.0,0.0
5971,Brute Force,Brute Force,0.0,1.0,0.0,0.0,0.0
5972,Normal,Normal,0.0,0.02766964621017589,0.0,0.966701092234131,0.005629261555693226
5973,Brute Force,Brute Force,0.0,1.0,0.0,0.0,0.0
5974,Normal,Normal,0.0,0.0,0.0,1.0,0.0
5975,DoS/DDoS,DoS/DDoS,0.0,0.0,1.0,0.0,0.0
5976,Normal,Normal,0.0,0.0,0.0,1.0,0.0
5977,Normal,Normal,0.0,0.016528589461872925,0.2686088694924576,0.7148625410456697,0.0
5978,Bot,Bot,0.9765291306466068,0.0,0.0008868182706717925,0.02258405108272145,0.0
5979,DoS/DDoS,DoS/DDoS,0.0,0.0,1.0,0.0,0.0
5980,Normal,Normal,0.0,0.0,0.0,1.0,0.0
5981,DoS/DDoS,DoS/DDoS,0.0,0.0,1.0,0.0,0.0
5982,Brute Force,Brute Force,0.0,1.0,0.0,0.0,0.0
5983,Normal,Normal,0.0,0.0,0.0,1.0,0.0
5984,Normal,Normal,0.0,0.0,0.0,1.0,0.0
5985,DoS/DDoS,DoS/DDoS,0.0,0.0,1.0,0.0,0.0
5986,Normal,Normal,0.0,0.0,0.022448848261905657,0.9675511517380943,0.01
5987,DoS/DDoS,DoS/DDoS,0.0,0.0,1.0,0.0,0.0
5988,DoS/DDoS,DoS/DDoS,0.0,0.0,1.0,0.0,0.0
5989,DoS/DDoS,DoS/DDoS,0.0,0.0,1.0,0.0,0.0
5990,DoS/DDoS,DoS/DDoS,0.0,0.0,1.0,0.0,0.0
5991,Normal,Normal,0.008264122380083979,0.006946333020754807,0.00533803338185649,0.9794515112173048,0.0
5992,Brute Force,Brute Force,0.0,1.0,0.0,0.0,0.0
5993,DoS/DDoS,DoS/DDoS,0.0,0.0,1.0,0.0,0.0
5994,Bot,Bot,0.9900850347877017,0.0,0.0,0.009914965212298553,0.0
5995,Normal,Normal,0.0,0.0,0.0,1.0,0.0
5996,Normal,Normal,0.0,0.0,0.0,1.0,0.0
5997,Normal,Normal,0.0023959756764143215,0.006946333020754807,8.194169037753141e-05,0.9905757496124533,0.0
5998,DoS/DDoS,DoS/DDoS,0.0,0.0,1.0,0.0,0.0
5999,Normal,Normal,0.0,0.0,0.0,1.0,0.0
6000,Brute Force,Brute Force,0.0,1.0,0.0,0.0,0.0
6001,DoS/DDoS,DoS/DDoS,0.0,0.0,1.0,0.0,0.0
6002,Normal,Normal,0.0,0.0,0.0,1.0,0.0
6003,Brute Force,Brute Force,0.0,1.0,0.0,0.0,0.0
6004,DoS/DDoS,DoS/DDoS,0.0,0.0,1.0,0.0,0.0
6005,Normal,Normal,0.0,0.0,0.0,1.0,0.0
6006,Normal,Normal,0.0,0.0,0.0,1.0,0.0
6007,Normal,Normal,0.0,0.0,0.0,1.0,0.0
6008,Normal,Normal,0.0,0.0,0.0,1.0,0.0
6009,Normal,Normal,0.0,0.0,0.0,1.0,0.0
6010,Normal,Normal,0.0,0.0,0.0,1.0,0.0
6011,Brute Force,Brute Force,0.0,1.0,0.0,0.0,0.0
6012,Bot,Bot,0.996119492534018,0.0,0.0,0.0038805074659819133,0.0
6013,Brute Force,Brute Force,0.0,1.0,0.0,0.0,0.0
6014,Normal,Normal,0.0,0.0,0.0,1.0,0.0
6015,Normal,Normal,0.0,0.030843819067516005,0.00022678101422729174,0.948969714995402,0.019959684922854846
6016,Normal,Normal,0.0,0.0,0.0,1.0,0.0
6017,DoS/DDoS,DoS/DDoS,0.0,0.0,0.9998779831753416,0.00012201682465843791,0.0
6018,DoS/DDoS,DoS/DDoS,0.0,0.0,1.0,0.0,0.0
6019,Brute Force,Brute Force,0.0,0.6084277694681108,1.6281103216542896e-05,0.001339843965856724,0.3902161054628159
6020,Brute Force,Brute Force,0.0,1.0,0.0,0.0,0.0
6021,Brute Force,Brute Force,0.0,0.557638761765991,1.6281103216542896e-05,0.00108285012587633,0.441262107004916
6022,Normal,Normal,0.0,0.0,0.0,1.0,0.0
6023,Normal,Normal,0.0,0.01,0.0,0.99,0.0
6024,Brute Force,Brute Force,0.0,1.0,0.0,0.0,0.0
6025,Brute Force,Brute Force,0.0,1.0,0.0,0.0,0.0
6026,Brute Force,Brute Force,0.0,1.0,0.0,0.0,0.0
6027,Normal,Normal,0.0,0.008516316874924178,0.04339405791358111,0.9386956453676717,0.009393979843823
6028,Brute Force,Web Attack,0.0,0.3415478417193201,1.6281103216542896e-05,0.006341002627915672,0.6520948745495477
6029,DoS/DDoS,DoS/DDoS,0.0,0.0,1.0,0.0,0.0
6030,Normal,Normal,0.0,0.0,0.0,1.0,0.0
6031,Normal,Normal,0.0,0.01170574003754102,0.0,0.982256191463214,0.006038068499245142
6032,Normal,Normal,0.0,0.0,0.0,1.0,0.0
6033,Bot,Bot,0.9767718577016441,0.0,4.362009610206515e-05,0.023184522202253966,0.0
6034,DoS/DDoS,DoS/DDoS,0.0,0.0,1.0,0.0,0.0
6035,DoS/DDoS,DoS/DDoS,0.0,0.0,1.0,0.0,0.0
6036,Normal,Normal,0.0,0.0,0.0,1.0,0.0
6037,Normal,Normal,0.0,0.0,0.0,1.0,0.0
6038,Normal,Normal,0.0,0.0,0.0,1.0,0.0
6039,Normal,Normal,0.0,0.0,0.0,1.0,0.0
6040,Normal,Normal,0.0,0.0,0.0,1.0,0.0
6041,Brute Force,Brute Force,0.0,1.0,0.0,0.0,0.0
6042,Brute Force,Brute Force,0.0,1.0,0.0,0.0,0.0
6043,DoS/DDoS,DoS/DDoS,0.0,0.0,1.0,0.0,0.0
6044,Normal,Normal,0.0,0.0,0.0,1.0,0.0
6045,Bot,Bot,0.9966296454325219,0.0,0.0,0.0033703545674781538,0.0
6046,DoS/DDoS,DoS/DDoS,0.0,0.0,1.0,0.0,0.0
6047,Bot,Bot,0.9807006187793453,0.0,4.362009610206515e-05,0.019255761124552562,0.0
6048,DoS/DDoS,DoS/DDoS,0.0,0.0,0.9949553078594068,0.005044692140593284,0.0
6049,Normal,Normal,0.0,0.0003567545735037896,0.03282294725212021,0.9549076884164542,0.011912609757921886
6050,Normal,Normal,0.0,0.0,0.0,1.0,0.0
6051,Normal,Normal,0.0,0.0,0.0,1.0,0.0
6052,Normal,Normal,0.0,0.0,0.0,1.0,0.0
6053,Brute Force,Brute Force,0.0,1.0,0.0,0.0,0.0
6054,Normal,Normal,0.0,0.006316480525572306,0.048342972445185185,0.9361027086773652,0.009237838351877293
6055,Bot,Bot,0.9807006187793453,0.0,4.362009610206515e-05,0.019255761124552562,0.0
6056,Normal,Normal,0.0,0.0,0.0,1.0,0.0
6057,DoS/DDoS,DoS/DDoS,0.0,0.0,1.0,0.0,0.0
6058,Normal,Normal,0.0,0.007354097900133436,0.0,0.9926459020998665,0.0
6059,Normal,Normal,0.0,0.0,0.0,1.0,0.0
6060,Brute Force,Brute Force,0.0,1.0,0.0,0.0,0.0
6061,DoS/DDoS,DoS/DDoS,0.0,0.0,1.0,0.0,0.0
6062,Brute Force,Brute Force,0.0,1.0,0.0,0.0,0.0
6063,Normal,Normal,0.0,0.19585428773565142,1.0665832471523074e-05,0.5933383952332523,0.21079665119862473
6064,Normal,Normal,0.008391312130795393,0.0,0.015331190190602938,0.9762774976786016,0.0
6065,DoS/DDoS,DoS/DDoS,0.0,0.0,1.0,0.0,0.0
6066,Normal,Normal,0.16907234045577013,0.0,1.185981413265176e-05,0.8309157997300973,0.0
6067,DoS/DDoS,DoS/DDoS,0.0,0.0,0.9998142551174002,0.00018574488259984488,0.0
6068,Normal,Normal,0.1318327314577178,0.0,1.185981413265176e-05,0.8681554087281498,0.0
6069,Normal,Normal,0.0,0.0,0.0,1.0,0.0
6070,Normal,Normal,0.0,0.0,0.0,1.0,0.0
6071,DoS/DDoS,DoS/DDoS,0.0,0.0,1.0,0.0,0.0
6072,DoS/DDoS,DoS/DDoS,0.0,0.0,0.9999807544456359,1.9245554364025933e-05,0.0
6073,DoS/DDoS,DoS/DDoS,0.0,0.0,1.0,0.0,0.0
6074,Normal,Normal,0.0,0.0,0.0,1.0,0.0
6075,DoS/DDoS,DoS/DDoS,0.0,0.0,1.0,0.0,0.0
6076,DoS/DDoS,DoS/DDoS,0.0,0.0,1.0,0.0,0.0
6077,Normal,Normal,0.0,0.01717918899202816,0.10173809971062443,0.855242876708955,0.02583983458839242
6078,Brute Force,Brute Force,0.0,1.0,0.0,0.0,0.0
6079,Normal,Normal,0.0,0.004603041595147481,0.0013404975650363003,0.9940564608398161,0.0
6080,Normal,Normal,0.0,0.0,0.01,0.99,0.0
6081,Normal,Normal,0.0,0.0,0.0,1.0,0.0
6082,Normal,Normal,0.209233981890808,0.0,8.057051714436815e-05,0.7906854475920475,0.0
6083,DoS/DDoS,DoS/DDoS,0.0,0.0,1.0,0.0,0.0
6084,Normal,Normal,0.0,0.0,0.0,1.0,0.0
6085,DoS/DDoS,DoS/DDoS,0.0,0.0,1.0,0.0,0.0
6086,Brute Force,Brute Force,0.0,1.0,0.0,0.0,0.0
6087,DoS/DDoS,DoS/DDoS,0.0,0.0,0.9949832752117287,0.005016724788271297,0.0
6088,Normal,Normal,0.0,0.0,0.0,1.0,0.0
6089,Normal,Normal,0.0,0.0,0.0,1.0,0.0
6090,DoS/DDoS,DoS/DDoS,0.0,0.0,1.0,0.0,0.0
6091,Brute Force,Brute Force,0.0,1.0,0.0,0.0,0.0
6092,DoS/DDoS,DoS/DDoS,0.0,0.0,1.0,0.0,0.0
6093,DoS/DDoS,DoS/DDoS,0.0,0.0,1.0,0.0,0.0
6094,Normal,Normal,0.0,0.0,0.0,1.0,0.0
6095,DoS/DDoS,DoS/DDoS,0.0,0.007851986070609553,0.8802907796335517,0.11185723429583874,0.0
6096,DoS/DDoS,DoS/DDoS,0.0,0.0,1.0,0.0,0.0
6097,DoS/DDoS,DoS/DDoS,0.0,0.0,1.0,0.0,0.0
6098,DoS/DDoS,DoS/DDoS,0.0,0.0,1.0,0.0,0.0
6099,DoS/DDoS,DoS/DDoS,0.0,0.0,0.978444386907985,0.02155561309201499,0.0
6100,DoS/DDoS,DoS/DDoS,0.0,0.0,1.0,0.0,0.0
6101,Brute Force,Brute Force,0.0,1.0,0.0,0.0,0.0
6102,DoS/DDoS,DoS/DDoS,0.0,0.0,1.0,0.0,0.0
6103,Brute Force,Brute Force,0.0,1.0,0.0,0.0,0.0
6104,DoS/DDoS,DoS/DDoS,0.0,0.0013360140266134956,0.9701756871617563,0.0201430241553152,0.008345274656314851
6105,DoS/DDoS,DoS/DDoS,0.0,0.0,1.0,0.0,0.0
6106,DoS/DDoS,DoS/DDoS,0.0,0.0,0.721345697681723,0.27865430231827687,0.0
6107,Brute Force,Brute Force,0.0,1.0,0.0,0.0,0.0
6108,DoS/DDoS,DoS/DDoS,0.0,0.0,1.0,0.0,0.0
6109,Normal,Normal,0.0,0.0001836831706664724,0.016597388308652598,0.9832189285206809,0.0
6110,Normal,Normal,0.0,0.0,0.13663612208615875,0.8633638779138413,0.0
6111,Normal,Normal,0.0,0.017686695415554232,0.0,0.9619484440035352,0.020364860580910627
6112,DoS/DDoS,DoS/DDoS,0.0,0.0,1.0,0.0,0.0
6113,Normal,Normal,0.0,0.0,0.0,1.0,0.0
6114,DoS/DDoS,DoS/DDoS,0.0,0.0,1.0,0.0,0.0
6115,Brute Force,Brute Force,0.0,1.0,0.0,0.0,0.0
6116,Normal,Normal,0.0,0.027853035639560163,0.0,0.963403401231422,0.008743563129017968
6117,Brute Force,Brute Force,0.0,1.0,0.0,0.0,0.0
6118,DoS/DDoS,DoS/DDoS,0.0,0.0,1.0,0.0,0.0
6119,DoS/DDoS,DoS/DDoS,0.0,0.0,1.0,0.0,0.0
6120,Normal,Normal,0.0,0.00481261441746399,0.0,0.995187385582536,0.0
6121,Normal,Normal,0.0,0.0,0.0,1.0,0.0
6122,Normal,Normal,0.0,0.00017307140283731712,0.03850990692722214,0.9494044119120187,0.011912609757921886
6123,Bot,Bot,0.9823844293514279,0.0,5.367481851905866e-05,0.017561895830053027,0.0
6124,Brute Force,Brute Force,0.0,0.5795052782838828,0.0013006878668704504,0.056151092513118644,0.36304294133612813
6125,DoS/DDoS,DoS/DDoS,0.0,0.0,1.0,0.0,0.0
6126,Normal,Normal,0.0,0.0,0.0,1.0,0.0
6127,DoS/DDoS,DoS/DDoS,0.0,0.0,1.0,0.0,0.0
6128,DoS/DDoS,DoS/DDoS,0.0,0.0,1.0,0.0,0.0
6129,DoS/DDoS,DoS/DDoS,0.0,0.0,1.0,0.0,0.0
6130,DoS/DDoS,DoS/DDoS,0.0,0.0,1.0,0.0,0.0
6131,DoS/DDoS,DoS/DDoS,0.0,0.0,1.0,0.0,0.0
6132,DoS/DDoS,DoS/DDoS,0.0,0.0,1.0,0.0,0.0
6133,Normal,Normal,0.0,0.0,0.0,1.0,0.0
6134,Brute Force,Brute Force,0.0,1.0,0.0,0.0,0.0
6135,Bot,Bot,0.6928059128074644,0.0,0.01,0.29719408719253576,0.0
6136,Bot,Bot,0.9998771864918671,0.0,0.0,0.00012281350813303973,0.0
6137,Bot,Bot,1.0,0.0,0.0,0.0,0.0
6138,Normal,Normal,0.0,0.0,0.0,1.0,0.0
6139,Normal,Normal,0.0,0.0,0.0,1.0,0.0
6140,Bot,Bot,0.9760157241264367,0.0,0.0,0.023984275873563443,0.0
6141,DoS/DDoS,DoS/DDoS,0.0,0.0,1.0,0.0,0.0
6142,DoS/DDoS,DoS/DDoS,0.0,0.0,1.0,0.0,0.0
6143,DoS/DDoS,DoS/DDoS,0.0,0.0,1.0,0.0,0.0
6144,Normal,Normal,0.0,0.0,0.0,1.0,0.0
6145,Brute Force,Brute Force,0.0,0.8034439937509334,9.46330438626493e-06,0.019140232472768234,0.17740631047191222
6146,Brute Force,Brute Force,0.0,1.0,0.0,0.0,0.0
6147,Brute Force,Brute Force,0.0,0.6483569005117156,0.008004344594980848,0.31391958357990385,0.029719171313399805
6148,Brute Force,Brute Force,0.0,1.0,0.0,0.0,0.0
6149,Normal,Normal,0.0,0.0,0.004945650237000606,0.9950543497629993,0.0
6150,Normal,Normal,0.0,0.0,0.0,1.0,0.0
6151,DoS/DDoS,DoS/DDoS,0.0,0.0,1.0,0.0,0.0
6152,Normal,Normal,0.0,0.0,0.0,1.0,0.0
6153,DoS/DDoS,DoS/DDoS,0.0,0.0,1.0,0.0,0.0
6154,Normal,Normal,0.0,0.0,0.0,1.0,0.0
6155,DoS/DDoS,DoS/DDoS,0.0,0.0,1.0,0.0,0.0
6156,Normal,Normal,0.0,0.0,0.0,1.0,0.0
6157,DoS/DDoS,DoS/DDoS,0.0,0.0,1.0,0.0,0.0
6158,Brute Force,Brute Force,0.0,1.0,0.0,0.0,0.0
6159,Normal,Normal,0.0,0.0,0.0,1.0,0.0
6160,Normal,Normal,0.0,0.0,0.0,1.0,0.0
6161,Brute Force,Brute Force,0.0,1.0,0.0,0.0,0.0
6162,Bot,Bot,1.0,0.0,0.0,0.0,0.0
6163,Normal,Normal,0.0,0.0,0.0066701700745270395,0.993329829925473,0.0
6164,DoS/DDoS,DoS/DDoS,0.0,0.0,1.0,0.0,0.0
6165,Brute Force,Brute Force,0.0,1.0,0.0,0.0,0.0
6166,DoS/DDoS,DoS/DDoS,0.0,0.0,1.0,0.0,0.0
6167,Normal,Normal,0.0,0.0,0.0,1.0,0.0
6168,DoS/DDoS,DoS/DDoS,0.0,0.0,1.0,0.0,0.0
6169,DoS/DDoS,DoS/DDoS,0.0,0.0,1.0,0.0,0.0
6170,Brute Force,Brute Force,0.0,1.0,0.0,0.0,0.0
6171,Brute Force,Brute Force,0.0,1.0,0.0,0.0,0.0
6172,Normal,Normal,0.0,0.0,0.0,1.0,0.0
6173,DoS/DDoS,DoS/DDoS,0.0,0.0,1.0,0.0,0.0
6174,Normal,Normal,0.0,0.0048017712585622365,0.0,0.9951982287414377,0.0
6175,Normal,Normal,0.0,0.0,0.0,1.0,0.0
6176,DoS/DDoS,DoS/DDoS,0.0,0.0,1.0,0.0,0.0
6177,DoS/DDoS,DoS/DDoS,0.0,0.0,1.0,0.0,0.0
6178,DoS/DDoS,DoS/DDoS,0.0,0.0,1.0,0.0,0.0
6179,DoS/DDoS,DoS/DDoS,0.0,0.0,1.0,0.0,0.0
6180,DoS/DDoS,DoS/DDoS,0.0,0.0,1.0,0.0,0.0
6181,Brute Force,Brute Force,0.0,1.0,0.0,0.0,0.0
6182,DoS/DDoS,DoS/DDoS,0.0,0.0,1.0,0.0,0.0
6183,DoS/DDoS,DoS/DDoS,0.0,0.0,1.0,0.0,0.0
6184,Web Attack,Web Attack,0.0,0.12568366509525508,2.119664097954856e-06,0.0006039911384678714,0.8737102241021788
6185,DoS/DDoS,DoS/DDoS,0.0,0.0,1.0,0.0,0.0
6186,Normal,Normal,0.0,0.0,0.0,1.0,0.0
6187,DoS/DDoS,DoS/DDoS,0.0,0.0,1.0,0.0,0.0
6188,Normal,Normal,0.0,0.0,0.0,1.0,0.0
6189,DoS/DDoS,DoS/DDoS,0.0,0.0,1.0,0.0,0.0
6190,Normal,Normal,0.0,0.0,0.0,1.0,0.0
6191,Normal,Normal,0.0,0.0,0.0,1.0,0.0
6192,Normal,Normal,0.008726840260390585,0.0,0.0,0.9912731597396095,0.0
6193,Normal,Normal,0.0,0.0,0.0,1.0,0.0
6194,Normal,Normal,0.0,0.0,0.0,1.0,0.0
6195,Brute Force,Brute Force,0.0,1.0,0.0,0.0,0.0
6196,Normal,Normal,0.0,0.0,0.0,1.0,0.0
6197,Normal,Normal,0.0,0.0,0.0,1.0,0.0
6198,Brute Force,Brute Force,0.0,1.0,0.0,0.0,0.0
6199,Normal,Normal,0.0,0.0,0.0,1.0,0.0
6200,Normal,Normal,0.018071713238495116,0.0,0.0,0.9819282867615048,0.0
6201,Normal,Normal,0.0,0.0,0.0,1.0,0.0
6202,DoS/DDoS,DoS/DDoS,0.0,0.0,1.0,0.0,0.0
6203,Brute Force,Brute Force,0.0,1.0,0.0,0.0,0.0
6204,Normal,Normal,0.0,0.0,0.0,1.0,0.0
6205,DoS/DDoS,DoS/DDoS,0.0,0.0003353286992620004,0.999664671300738,0.0,0.0
6206,Bot,Bot,0.9773295243109231,0.0,0.0,0.02267047568907629,0.0
6207,Normal,Normal,0.0,0.0,0.0,1.0,0.0
6208,Normal,Normal,0.0,0.0,0.0,1.0,0.0
6209,DoS/DDoS,DoS/DDoS,0.0,0.0,1.0,0.0,0.0
6210,DoS/DDoS,DoS/DDoS,0.0,0.0,0.9925477603885591,0.007452239611440908,0.0
6211,Bot,Bot,0.9998197911964907,0.0,0.0,0.00018020880350936918,0.0
6212,Normal,Normal,0.0,0.0,0.0,1.0,0.0
6213,DoS/DDoS,DoS/DDoS,0.0,0.0,1.0,0.0,0.0
6214,Bot,Bot,0.9969855144564856,0.0,0.0,0.0030144855435143255,0.0
6215,DoS/DDoS,DoS/DDoS,0.0,0.0,1.0,0.0,0.0
6216,DoS/DDoS,DoS/DDoS,0.0,0.0,1.0,0.0,0.0
6217,Normal,Normal,0.28505952431875214,0.0,1.185981413265176e-05,0.7149286158671154,0.0
6218,DoS/DDoS,DoS/DDoS,0.0,0.0,1.0,0.0,0.0
6219,Normal,Normal,0.0,0.0,0.0,1.0,0.0
6220,Normal,Normal,0.0,0.0,0.0,1.0,0.0
6221,DoS/DDoS,DoS/DDoS,0.0,0.0,1.0,0.0,0.0
6222,Normal,Normal,0.0,0.00835799023217223,0.06625597006223774,0.9159719722728332,0.009414067432756662
6223,DoS/DDoS,DoS/DDoS,0.0,0.0,1.0,0.0,0.0
6224,Normal,Normal,0.0,0.03958913904593124,5.544403877171457e-05,0.8979131415321423,0.0624422753831547
6225,Normal,Normal,0.0,0.0,0.0,1.0,0.0
6226,Web Attack,Web Attack,0.0,0.08752359722247764,2.119664097954856e-06,0.0005394541330851135,0.9119348289803391
6227,DoS/DDoS,DoS/DDoS,0.0,0.0,1.0,0.0,0.0
6228,Normal,Normal,0.0,0.0,0.0,1.0,0.0
6229,Brute Force,Brute Force,0.0,1.0,0.0,0.0,0.0
6230,Normal,Normal,0.0,0.0,0.0,1.0,0.0
6231,Normal,Normal,0.0,0.0,0.0,1.0,0.0
6232,DoS/DDoS,DoS/DDoS,0.0,0.0,1.0,0.0,0.0
6233,Normal,Normal,0.0,0.029720741807786957,0.0,0.9575941025992326,0.012685155592980574
6234,Normal,Normal,0.0,0.0,0.0,1.0,0.0
6235,Normal,Normal,0.0,0.0,0.0,1.0,0.0
6236,Bot,Bot,1.0,0.0,0.0,0.0,0.0
6237,DoS/DDoS,DoS/DDoS,0.0,0.0,1.0,0.0,0.0
6238,DoS/DDoS,DoS/DDoS,0.0,0.0,1.0,0.0,0.0
6239,Brute Force,Brute Force,0.0,1.0,0.0,0.0,0.0
6240,DoS/DDoS,DoS/DDoS,0.0,0.0,0.9998779831753416,0.00012201682465843791,0.0
6241,Brute Force,Brute Force,0.0,1.0,0.0,0.0,0.0
6242,Web Attack,Web Attack,0.0,0.0960893063114041,2.119664097954856e-06,0.0008010407137238151,0.9031075333107742
6243,DoS/DDoS,DoS/DDoS,0.0,0.0,1.0,0.0,0.0
6244,DoS/DDoS,DoS/DDoS,0.0,0.0,1.0,0.0,0.0
6245,Normal,Normal,0.0,0.011528894104830578,0.0001817471583652269,0.9769036981282748,0.011385660608529413
6246,DoS/DDoS,DoS/DDoS,0.0,0.0,1.0,0.0,0.0
6247,Brute Force,Brute Force,0.0,0.9680203814516543,0.0,0.03197961854834564,0.0
6248,Normal,Normal,0.0,0.0,0.0,1.0,0.0
6249,Normal,Normal,0.0,0.0003567545735037896,0.041646254497341474,0.946084381171233,0.011912609757921886
6250,DoS/DDoS,DoS/DDoS,0.0,0.0,1.0,0.0,0.0
6251,Normal,Normal,0.0,0.0,0.0,1.0,0.0
6252,Normal,Normal,0.0,0.03262133126826872,0.0,0.9295920011090157,0.03778666762271545
6253,DoS/DDoS,DoS/DDoS,0.0,0.0,1.0,0.0,0.0
6254,Normal,Normal,0.0,0.0,0.0,1.0,0.0
6255,Brute Force,Brute Force,0.0,1.0,0.0,0.0,0.0
6256,Web Attack,Web Attack,0.0,0.02,0.0,0.022938953444191966,0.9570610465558079
6257,DoS/DDoS,DoS/DDoS,0.0,0.0,1.0,0.0,0.0
6258,Normal,Normal,0.0,0.0,0.0,1.0,0.0
6259,Brute Force,Brute Force,0.0,1.0,0.0,0.0,0.0
6260,Normal,Normal,0.0,0.0,0.0,1.0,0.0
6261,Brute Force,Brute Force,0.0,1.0,0.0,0.0,0.0
6262,Brute Force,Brute Force,0.0,1.0,0.0,0.0,0.0
6263,Normal,Normal,0.0,0.0,0.0,1.0,0.0
6264,Normal,Normal,0.3050849365943319,0.0,1.185981413265176e-05,0.6949032035915356,0.0
6265,DoS/DDoS,DoS/DDoS,0.0,0.0,1.0,0.0,0.0
6266,Normal,Normal,0.0,0.0,0.0,1.0,0.0
6267,DoS/DDoS,DoS/DDoS,0.0,0.0,0.9984695474123815,0.0015304525876184316,0.0
6268,DoS/DDoS,DoS/DDoS,0.0,0.0,1.0,0.0,0.0
6269,Brute Force,Web Attack,0.0,0.24935914782725835,2.119664097954856e-06,0.0006703116799775329,0.7499684208286659
6270,DoS/DDoS,DoS/DDoS,0.0,0.0,1.0,0.0,0.0
6271,Brute Force,Brute Force,0.0,1.0,0.0,0.0,0.0
6272,DoS/DDoS,DoS/DDoS,0.0,0.0,1.0,0.0,0.0
6273,Normal,Normal,0.0,0.0,0.0,1.0,0.0
6274,Brute Force,Brute Force,0.0,1.0,0.0,0.0,0.0
6275,DoS/DDoS,DoS/DDoS,0.0,0.0,1.0,0.0,0.0
6276,Normal,Normal,0.0,0.0,0.0,1.0,0.0
6277,Normal,Normal,0.0,0.0,0.0,1.0,0.0
6278,Normal,Normal,0.0,0.0,0.0,1.0,0.0
6279,Brute Force,Brute Force,0.0,0.9151880769413175,0.0,0.030647515379805385,0.05416440767887694
6280,Normal,Normal,0.0,0.0,0.0,1.0,0.0
6281,Normal,Normal,0.0,0.0,0.0,1.0,0.0
6282,DoS/DDoS,DoS/DDoS,0.0,0.0,1.0,0.0,0.0
6283,Brute Force,Brute Force,0.0,1.0,0.0,0.0,0.0
6284,Normal,Normal,0.0,0.0,0.0,1.0,0.0
6285,Bot,Bot,0.9998197911964907,0.0,0.0,0.00018020880350936918,0.0
6286,Normal,Normal,0.0,0.04546844046663508,0.005411564520945755,0.9059761549342386,0.04314384007818038
6287,Brute Force,Brute Force,0.0,1.0,0.0,0.0,0.0
6288,DoS/DDoS,DoS/DDoS,0.0,0.0,0.9999807544456359,1.9245554364025933e-05,0.0
6289,Brute Force,Brute Force,0.0,1.0,0.0,0.0,0.0
6290,Brute Force,Brute Force,0.0,1.0,0.0,0.0,0.0
6291,Normal,Normal,0.0,0.0,0.0,1.0,0.0
6292,Normal,Normal,0.0,0.0,0.0,1.0,0.0
6293,DoS/DDoS,DoS/DDoS,0.0,0.0,1.0,0.0,0.0
6294,Brute Force,Brute Force,0.0,1.0,0.0,0.0,0.0
6295,Normal,Normal,0.0,0.0,0.0,1.0,0.0
6296,Brute Force,Brute Force,0.0,1.0,0.0,0.0,0.0
6297,Brute Force,Brute Force,0.0,1.0,0.0,0.0,0.0
6298,Brute Force,Brute Force,0.0,1.0,0.0,0.0,0.0
6299,DoS/DDoS,DoS/DDoS,0.0,0.0012664794550270107,0.9626399831526686,0.03609353739230421,0.0
6300,DoS/DDoS,DoS/DDoS,0.0,0.0,1.0,0.0,0.0
6301,DoS/DDoS,DoS/DDoS,0.0,0.0,1.0,0.0,0.0
6302,Normal,Normal,0.0,0.0,0.0,1.0,0.0
6303,DoS/DDoS,DoS/DDoS,0.0,0.0,0.9999515620674263,4.843793257365714e-05,0.0
6304,Normal,Normal,0.0,0.0,0.02434364009500584,0.975656359904994,0.0
6305,Bot,Bot,0.9992602053822331,0.0,0.0,0.0007397946177668893,0.0
6306,Normal,Normal,0.0,0.0,0.0,1.0,0.0
6307,Bot,Bot,0.9998813106891216,0.0,0.0,0.00011868931087857678,0.0
6308,Brute Force,Brute Force,0.0,1.0,0.0,0.0,0.0
6309,DoS/DDoS,DoS/DDoS,0.0,0.0,1.0,0.0,0.0
6310,DoS/DDoS,DoS/DDoS,0.0,0.0,1.0,0.0,0.0
6311,Normal,Normal,0.0,0.025478076058139593,0.012022146454148291,0.9324997774877122,0.03
6312,Normal,Normal,0.0,0.0,0.0,1.0,0.0
6313,Normal,Normal,0.009078955933085987,0.0,0.0,0.9909210440669141,0.0
6314,DoS/DDoS,DoS/DDoS,0.0,0.0,0.9999515620674263,4.843793257365714e-05,0.0
6315,Brute Force,Brute Force,0.0,1.0,0.0,0.0,0.0
6316,Web Attack,Web Attack,0.0,0.1874998467482502,2.119664097954856e-06,0.0006693158207079804,0.8118287177669435
6317,Normal,Normal,0.0,0.0,0.006660003807348182,0.9933399961926519,0.0
6318,Normal,Normal,0.0,0.0,0.0,1.0,0.0
6319,Normal,Normal,0.0,0.0481429435319343,0.0,0.7021645795031337,0.24969247696493216
6320,Brute Force,Brute Force,0.0,1.0,0.0,0.0,0.0
6321,DoS/DDoS,DoS/DDoS,0.0,0.0,0.9999515620674263,4.843793257365714e-05,0.0
6322,DoS/DDoS,DoS/DDoS,0.0,0.0,1.0,0.0,0.0
6323,Normal,Normal,0.0,0.0,0.0,1.0,0.0
6324,Normal,Normal,0.0,0.0,0.0,1.0,0.0
6325,Bot,Bot,0.9814711205161208,0.0,4.362009610206515e-05,0.01848525938777716,0.0
6326,DoS/DDoS,DoS/DDoS,0.0,0.0,1.0,0.0,0.0
6327,DoS/DDoS,DoS/DDoS,0.0,0.0,1.0,0.0,0.0
6328,DoS/DDoS,DoS/DDoS,0.0,0.0,1.0,0.0,0.0
6329,Normal,Normal,0.0,0.0038531405208133253,0.0033999941974538154,0.992746865281733,0.0
6330,Normal,Normal,0.00045391557554762117,0.006946333020754807,0.00533803338185649,0.9872617180218412,0.0
6331,Brute Force,Brute Force,0.0,0.7758613455629448,1.6281103216542896e-05,0.001862734331014232,0.22225963900282447
6332,Brute Force,Brute Force,0.0,1.0,0.0,0.0,0.0
6333,Normal,Normal,0.0,0.0,0.0,1.0,0.0
6334,DoS/DDoS,DoS/DDoS,0.0,0.0,1.0,0.0,0.0
6335,Normal,Normal,0.0,0.0,0.0,1.0,0.0
6336,Normal,Normal,0.0,0.0,0.01,0.99,0.0
6337,Normal,Normal,0.0,0.0,0.0,1.0,0.0
6338,Normal,Normal,0.0,0.0,0.0,1.0,0.0
6339,Normal,Normal,0.0,0.0,0.0,1.0,0.0
6340,Normal,Normal,0.0,0.05558775866004122,0.0,0.9240855269751819,0.02032671436477691
6341,Normal,Normal,0.0,0.0,0.0,1.0,0.0
6342,Normal,Normal,0.009611514927518376,0.0,0.06023924202392483,0.9301492430485567,0.0
6343,DoS/DDoS,DoS/DDoS,0.0,0.0,1.0,0.0,0.0
6344,DoS/DDoS,DoS/DDoS,0.0,0.0,1.0,0.0,0.0
6345,DoS/DDoS,DoS/DDoS,0.0,0.0,1.0,0.0,0.0
6346,Brute Force,Brute Force,0.0,1.0,0.0,0.0,0.0
6347,Normal,Normal,0.0,0.0,0.0,1.0,0.0
6348,DoS/DDoS,DoS/DDoS,0.0,0.0,1.0,0.0,0.0
6349,DoS/DDoS,DoS/DDoS,0.0,0.0,1.0,0.0,0.0
6350,DoS/DDoS,DoS/DDoS,0.0,0.0,1.0,0.0,0.0
6351,Normal,Normal,0.0,0.01600651723173969,0.0,0.9809482637108746,0.003045219057385608
6352,DoS/DDoS,DoS/DDoS,0.0,0.0,1.0,0.0,0.0
6353,Normal,Normal,0.0,0.0055074726143295,0.0,0.9884544588864255,0.006038068499245142
6354,Normal,Normal,0.0,0.0,0.0,1.0,0.0
6355,DoS/DDoS,DoS/DDoS,0.0,0.0,1.0,0.0,0.0
6356,Normal,Normal,0.0,0.0,0.0,1.0,0.0
6357,Brute Force,Brute Force,0.0,1.0,0.0,0.0,0.0
6358,Brute Force,Brute Force,0.0,1.0,0.0,0.0,0.0
6359,Brute Force,Brute Force,0.0,1.0,0.0,0.0,0.0
6360,Normal,Normal,0.0,0.0,0.0,1.0,0.0
6361,Normal,Normal,0.0,0.0,0.0,1.0,0.0
6362,Brute Force,Brute Force,0.0,1.0,0.0,0.0,0.0
6363,Normal,Normal,0.18672719740172666,0.006512160898035548,0.01,0.7967606417002377,0.0
6364,DoS/DDoS,DoS/DDoS,0.0,0.0,1.0,0.0,0.0
6365,Normal,Normal,0.0,0.006543419747839638,0.0060451800809831644,0.9774114001711773,0.01
6366,DoS/DDoS,DoS/DDoS,0.0,0.0,0.99,0.01,0.0
6367,DoS/DDoS,DoS/DDoS,0.0,0.0,1.0,0.0,0.0
6368,Brute Force,Brute Force,0.0,1.0,0.0,0.0,0.0
6369,Bot,Bot,1.0,0.0,0.0,0.0,0.0
6370,Normal,Normal,0.0,0.0,0.0,1.0,0.0
6371,Normal,Normal,0.03,0.0,0.014343640095005838,0.955656359904994,0.0
6372,Normal,Normal,0.0,0.0,0.0,1.0,0.0
6373,DoS/DDoS,DoS/DDoS,0.0,0.0,1.0,0.0,0.0
6374,Normal,Normal,0.0,0.02271532469421749,0.01,0.9672846753057824,0.0
6375,Normal,Normal,0.0,0.0,0.0,1.0,0.0
6376,DoS/DDoS,DoS/DDoS,0.0,0.0,1.0,0.0,0.0
6377,Normal,Normal,0.0,0.0,0.0,1.0,0.0
6378,Normal,Normal,0.0,0.0,0.0,1.0,0.0
6379,Normal,Normal,0.0,0.0,0.0,1.0,0.0
6380,Normal,Normal,0.45722140953663915,0.0,0.0004439723136967439,0.542334618149664,0.0
6381,DoS/DDoS,DoS/DDoS,0.0,0.0,1.0,0.0,0.0
6382,Normal,Normal,0.0,0.0,0.0,1.0,0.0
6383,DoS/DDoS,DoS/DDoS,0.0,0.0,1.0,0.0,0.0
6384,Normal,Normal,0.0,0.0,0.0,1.0,0.0
6385,DoS/DDoS,DoS/DDoS,0.0,0.0,1.0,0.0,0.0
6386,Normal,Normal,0.0,0.0,0.0,1.0,0.0
6387,Brute Force,Web Attack,0.0,0.1104575393968023,2.119664097954856e-06,0.0006479797404217516,0.8888923611986774
6388,Brute Force,Brute Force,0.0,1.0,0.0,0.0,0.0
6389,DoS/DDoS,DoS/DDoS,0.0,0.0,0.9920516302051868,0.00794836979481309,0.0
6390,Brute Force,Brute Force,0.0,1.0,0.0,0.0,0.0
6391,Normal,Normal,0.0,0.054447688525505876,0.0,0.9194138503547679,0.0261384611197263
6392,Normal,Normal,0.0,0.0,0.0,1.0,0.0
6393,DoS/DDoS,DoS/DDoS,0.0,0.0,1.0,0.0,0.0
6394,Brute Force,Brute Force,0.0,0.7782920274423433,0.03900534404902904,0.1394071521136457,0.04329547639498184
6395,DoS/DDoS,DoS/DDoS,0.0,0.0,1.0,0.0,0.0
6396,Brute Force,Brute Force,0.0,1.0,0.0,0.0,0.0
6397,DoS/DDoS,DoS/DDoS,0.0,0.01179433653239961,0.9531308972600483,0.03507476620755225,0.0
6398,Normal,Normal,0.0,0.0,0.0,1.0,0.0
6399,Normal,Normal,0.0,0.0,0.0,1.0,0.0
6400,Normal,Normal,0.0,0.0,0.0,1.0,0.0
6401,DoS/DDoS,DoS/DDoS,0.0,0.0,1.0,0.0,0.0
6402,Brute Force,Brute Force,0.0,1.0,0.0,0.0,0.0
6403,Normal,Normal,0.0,0.0,0.0,1.0,0.0
6404,Normal,Normal,0.0,0.008447935248164364,0.0,0.9885068456944501,0.003045219057385608
6405,DoS/DDoS,DoS/DDoS,0.0,0.0,0.9999515620674263,4.843793257365714e-05,0.0
6406,Normal,Normal,0.0,0.0,0.0,1.0,0.0
6407,Normal,Normal,0.0,0.0,0.0,1.0,0.0
6408,Brute Force,Web Attack,0.0,0.4303030501960926,0.000449907651252278,0.003130323324087672,0.5661167188285673
6409,DoS/DDoS,DoS/DDoS,0.0,0.0,1.0,0.0,0.0
6410,DoS/DDoS,DoS/DDoS,0.0,0.0,1.0,0.0,0.0
6411,DoS/DDoS,DoS/DDoS,0.0,0.0,1.0,0.0,0.0
6412,Brute Force,Brute Force,0.0,1.0,0.0,0.0,0.0
6413,Normal,Normal,0.0,0.0,0.0,1.0,0.0
6414,DoS/DDoS,DoS/DDoS,0.0,0.0,1.0,0.0,0.0
6415,Normal,Normal,0.0,0.0,0.0,1.0,0.0
6416,DoS/DDoS,DoS/DDoS,0.0,0.0,1.0,0.0,0.0
6417,DoS/DDoS,DoS/DDoS,0.0,0.0,0.985000899054195,0.014999100945805012,0.0
6418,DoS/DDoS,DoS/DDoS,0.0,0.0,1.0,0.0,0.0
6419,Brute Force,Brute Force,0.0,1.0,0.0,0.0,0.0
6420,DoS/DDoS,DoS/DDoS,0.0,0.0,0.9997704137554078,0.00022958624459224912,0.0
6421,DoS/DDoS,DoS/DDoS,0.0,0.0,1.0,0.0,0.0
6422,Normal,Normal,0.0,0.0,0.0,1.0,0.0
6423,DoS/DDoS,DoS/DDoS,0.0,0.0,1.0,0.0,0.0
6424,DoS/DDoS,DoS/DDoS,0.0,0.0,1.0,0.0,0.0
6425,DoS/DDoS,DoS/DDoS,0.0,0.0,0.9999515620674263,4.843793257365714e-05,0.0
6426,Bot,Bot,0.9841521599341011,0.0,0.0,0.015847840065898715,0.0
6427,DoS/DDoS,DoS/DDoS,0.0,0.0,1.0,0.0,0.0
6428,Normal,Normal,0.0,0.0,0.0,1.0,0.0
6429,Normal,Normal,0.0,0.0,0.0,1.0,0.0
6430,Normal,Normal,0.0,0.0,0.0,1.0,0.0
6431,DoS/DDoS,DoS/DDoS,0.0,0.0,1.0,0.0,0.0
6432,Normal,Normal,0.0,0.006566028931404573,0.0,0.9934339710685954,0.0
6433,DoS/DDoS,DoS/DDoS,0.0,0.0003353286992620004,0.9814987632259269,0.018165908074811145,0.0
6434,Brute Force,Web Attack,0.0,0.44922117335484607,2.119664097954856e-06,0.00074706886575688,0.5500296381152993
6435,Brute Force,Brute Force,0.0,1.0,0.0,0.0,0.0
6436,DoS/DDoS,DoS/DDoS,0.0,0.0,1.0,0.0,0.0
6437,Normal,Normal,0.0,0.0,0.0,1.0,0.0
6438,Brute Force,Brute Force,0.0,1.0,0.0,0.0,0.0
6439,DoS/DDoS,DoS/DDoS,0.0,0.0,1.0,0.0,0.0
6440,Normal,Normal,0.0,0.0,0.0,1.0,0.0
6441,DoS/DDoS,DoS/DDoS,0.0,0.0,1.0,0.0,0.0
6442,Brute Force,Brute Force,0.0,1.0,0.0,0.0,0.0
6443,Normal,Normal,0.0,0.0,0.0,1.0,0.0
6444,DoS/DDoS,DoS/DDoS,0.0,0.0,1.0,0.0,0.0
6445,Normal,Normal,0.0,0.0,0.0,1.0,0.0
6446,Normal,Normal,0.0,0.0,0.0,1.0,0.0
6447,Normal,Normal,0.0,0.0,0.0,1.0,0.0
6448,Normal,Normal,0.0,0.007324825859734441,0.025092461492888293,0.9675827126473772,0.0
6449,DoS/DDoS,DoS/DDoS,0.0,0.0,1.0,0.0,0.0
6450,Brute Force,Brute Force,0.0,1.0,0.0,0.0,0.0
6451,Brute Force,Brute Force,0.0,1.0,0.0,0.0,0.0
6452,DoS/DDoS,DoS/DDoS,0.0,0.0,1.0,0.0,0.0
6453,DoS/DDoS,DoS/DDoS,0.0,0.0,1.0,0.0,0.0
6454,DoS/DDoS,DoS/DDoS,0.0,0.0,1.0,0.0,0.0
6455,Normal,Normal,0.0,0.025043295936011224,0.1038959328890884,0.8710607711749004,0.0
6456,Normal,Normal,0.0,0.0,0.0,1.0,0.0
6457,Normal,Normal,0.0,0.0,0.0,1.0,0.0
6458,Normal,Normal,0.0,0.0,0.0,1.0,0.0
6459,Brute Force,Brute Force,0.0,1.0,0.0,0.0,0.0
6460,DoS/DDoS,DoS/DDoS,0.0,0.0,1.0,0.0,0.0
6461,Normal,Normal,0.0,0.0,0.0,1.0,0.0
6462,Normal,Normal,0.0,0.0,0.0,1.0,0.0
6463,Normal,Normal,0.0,0.0,0.0,1.0,0.0
6464,Normal,Normal,0.0,0.0,0.0,1.0,0.0
6465,Normal,Normal,0.0,0.0,0.0,1.0,0.0
6466,DoS/DDoS,DoS/DDoS,0.0,0.0,1.0,0.0,0.0
6467,Brute Force,Brute Force,0.0,1.0,0.0,0.0,0.0
6468,Normal,Normal,0.0,0.0,0.0,1.0,0.0
6469,Normal,Normal,0.0,0.0,0.0,1.0,0.0
6470,Normal,Normal,0.0,0.0,0.0,1.0,0.0
6471,Brute Force,Brute Force,0.0,1.0,0.0,0.0,0.0
6472,DoS/DDoS,DoS/DDoS,0.0,0.0,1.0,0.0,0.0
6473,DoS/DDoS,DoS/DDoS,0.0,0.0,1.0,0.0,0.0
6474,DoS/DDoS,DoS/DDoS,0.0,0.0,1.0,0.0,0.0
6475,Brute Force,Brute Force,0.0,0.9133665125278018,0.0,0.0324690797933212,0.05416440767887694
6476,DoS/DDoS,DoS/DDoS,0.0,0.0037942882177759763,0.8461922554500422,0.1500134563321816,0.0
6477,DoS/DDoS,DoS/DDoS,0.0,0.0,1.0,0.0,0.0
6478,Brute Force,Brute Force,0.0,1.0,0.0,0.0,0.0
6479,Normal,Normal,0.0,0.0,0.0,1.0,0.0
6480,DoS/DDoS,DoS/DDoS,0.0,0.0,1.0,0.0,0.0
6481,Brute Force,Web Attack,0.0,0.26837140100666057,2.119664097954856e-06,0.0005371409947022534,0.731089338334539
6482,Normal,Normal,0.0,0.0,0.0,1.0,0.0
6483,DoS/DDoS,DoS/DDoS,0.0,0.0,1.0,0.0,0.0
6484,DoS/DDoS,DoS/DDoS,0.0,0.0,1.0,0.0,0.0
6485,DoS/DDoS,DoS/DDoS,0.0,0.0,1.0,0.0,0.0
6486,DoS/DDoS,DoS/DDoS,0.0,0.0,1.0,0.0,0.0
6487,Normal,Normal,0.0,0.0,0.0,1.0,0.0
6488,Brute Force,Brute Force,0.0,1.0,0.0,0.0,0.0
6489,DoS/DDoS,DoS/DDoS,0.0,0.0,1.0,0.0,0.0
6490,Brute Force,Brute Force,0.0,1.0,0.0,0.0,0.0
6491,Normal,Normal,0.0,0.0,0.0,1.0,0.0
6492,DoS/DDoS,DoS/DDoS,0.0,0.0,1.0,0.0,0.0
6493,Normal,Normal,0.0,0.0,0.0,1.0,0.0
6494,DoS/DDoS,DoS/DDoS,0.0,0.0,1.0,0.0,0.0
6495,Normal,Normal,0.0,0.0,0.0,1.0,0.0
6496,DoS/DDoS,DoS/DDoS,0.0,0.0003353286992620004,0.999664671300738,0.0,0.0
6497,DoS/DDoS,DoS/DDoS,0.0,0.0,0.9997704137554078,0.00022958624459224912,0.0
6498,DoS/DDoS,DoS/DDoS,0.0,0.0,1.0,0.0,0.0
6499,Normal,Normal,0.0,0.0,0.0,1.0,0.0
6500,DoS/DDoS,DoS/DDoS,0.0,0.0,1.0,0.0,0.0
6501,Normal,Normal,0.0,0.0,0.0,1.0,0.0
6502,Normal,Normal,0.0,0.0,0.0,1.0,0.0
6503,DoS/DDoS,DoS/DDoS,0.0,0.0,1.0,0.0,0.0
6504,Normal,Normal,0.0,0.0,0.1141907817584799,0.8858092182415203,0.0
6505,DoS/DDoS,DoS/DDoS,0.0,0.0,1.0,0.0,0.0
6506,DoS/DDoS,DoS/DDoS,0.0,0.0,1.0,0.0,0.0
6507,Normal,Normal,0.0,0.0,0.0,1.0,0.0
6508,Normal,Normal,0.0,0.0,0.0,1.0,0.0
6509,Brute Force,Brute Force,0.0,0.5455906336492286,0.000449907651252278,0.03693173799269312,0.417027720706826
6510,Brute Force,Brute Force,0.0,1.0,0.0,0.0,0.0
6511,Brute Force,Brute Force,0.0,1.0,0.0,0.0,0.0
6512,DoS/DDoS,DoS/DDoS,0.0,0.0,1.0,0.0,0.0
6513,Normal,Normal,0.0,0.0,0.0,1.0,0.0
6514,DoS/DDoS,DoS/DDoS,0.0,0.0,1.0,0.0,0.0
6515,DoS/DDoS,DoS/DDoS,0.0,0.0,1.0,0.0,0.0
6516,DoS/DDoS,DoS/DDoS,0.0,0.0,0.9999515620674263,4.843793257365714e-05,0.0
6517,Normal,Normal,0.0,0.0,0.0,1.0,0.0
6518,Normal,Normal,0.0,0.0,0.0,1.0,0.0
6519,DoS/DDoS,DoS/DDoS,0.0,0.0,1.0,0.0,0.0
6520,Normal,Normal,0.0,0.0,0.0,1.0,0.0
6521,DoS/DDoS,DoS/DDoS,0.0,0.0,1.0,0.0,0.0
6522,Normal,Normal,0.0,0.0,0.020834599408739902,0.9791654005912602,0.0
6523,Brute Force,Web Attack,0.0,0.15901412333357967,2.119664097954856e-06,0.0008010407137238151,0.8401827162885982
6524,Normal,Normal,0.0,0.0,0.0,1.0,0.0
6525,Brute Force,Brute Force,0.0,1.0,0.0,0.0,0.0
6526,Normal,Normal,0.0,0.0,0.0,1.0,0.0
6527,DoS/DDoS,DoS/DDoS,0.0,0.0,1.0,0.0,0.0
6528,Bot,Bot,1.0,0.0,0.0,0.0,0.0
6529,DoS/DDoS,DoS/DDoS,0.0,0.0,0.99,0.01,0.0
6530,Bot,Bot,0.9579551324912665,0.0,0.00010678817729531723,0.04193807933143812,0.0
6531,DoS/DDoS,DoS/DDoS,0.0,0.0,1.0,0.0,0.0
6532,DoS/DDoS,DoS/DDoS,0.0,0.0,1.0,0.0,0.0
6533,Normal,Normal,0.0,0.0,0.0,1.0,0.0
6534,Brute Force,Brute Force,0.0,0.722024780044311,1.6281103216542896e-05,0.0012895884937422328,0.27666935035873025
6535,Web Attack,Web Attack,0.0,0.38555784101992996,1.278549656947793e-05,0.0011565018070920847,0.6132728716764084
6536,Normal,Normal,0.0,0.0,0.0,1.0,0.0
6537,Brute Force,Brute Force,0.0,1.0,0.0,0.0,0.0
6538,Brute Force,Brute Force,0.0,1.0,0.0,0.0,0.0
6539,DoS/DDoS,DoS/DDoS,0.0,0.0,1.0,0.0,0.0
6540,DoS/DDoS,DoS/DDoS,0.0,0.0,0.9999807544456359,1.9245554364025933e-05,0.0
6541,Normal,Normal,0.0,0.0,0.0,1.0,0.0
6542,DoS/DDoS,DoS/DDoS,0.0,0.0,1.0,0.0,0.0
6543,Normal,Normal,0.0,0.0,0.0,1.0,0.0
6544,DoS/DDoS,DoS/DDoS,0.0,0.0,1.0,0.0,0.0
6545,DoS/DDoS,DoS/DDoS,0.0,0.0,1.0,0.0,0.0
6546,Normal,Normal,0.0,0.0,0.0,1.0,0.0
6547,Brute Force,Brute Force,0.0,1.0,0.0,0.0,0.0
6548,Normal,Normal,0.0,0.0,0.0,1.0,0.0
6549,Normal,Normal,0.0,0.0757274656256603,1.0665832471523074e-05,0.6869323059068841,0.23732956263498417
6550,DoS/DDoS,DoS/DDoS,0.0,0.0,1.0,0.0,0.0
6551,DoS/DDoS,DoS/DDoS,0.0,0.0,0.9879542632749111,0.012045736725088789,0.0
6552,Brute Force,Brute Force,0.0,1.0,0.0,0.0,0.0
6553,Brute Force,Brute Force,0.0,1.0,0.0,0.0,0.0
6554,Brute Force,Brute Force,0.0,1.0,0.0,0.0,0.0
6555,Brute Force,Brute Force,0.0,1.0,0.0,0.0,0.0
6556,DoS/DDoS,DoS/DDoS,0.0,0.0,1.0,0.0,0.0
6557,Bot,Bot,0.9046804639081968,0.0,9.837608005517552e-05,0.09522116001174809,0.0
6558,Normal,Normal,0.0,0.0,0.0,1.0,0.0
6559,DoS/DDoS,DoS/DDoS,0.0,0.0,1.0,0.0,0.0
6560,DoS/DDoS,DoS/DDoS,0.0,0.0,1.0,0.0,0.0
6561,Normal,Normal,0.0,0.0,0.0,1.0,0.0
6562,Normal,Normal,0.0,0.0,0.0,1.0,0.0
6563,Brute Force,Brute Force,0.0,1.0,0.0,0.0,0.0
6564,Brute Force,Brute Force,0.0,1.0,0.0,0.0,0.0
6565,Brute Force,Brute Force,0.0,1.0,0.0,0.0,0.0
6566,Normal,Normal,0.0,0.0,0.0,1.0,0.0
6567,Brute Force,Web Attack,0.0,0.13724793093940865,2.119664097954856e-06,0.0006797050253344196,0.8620702443711588
6568,Normal,Normal,0.0,0.0,0.0,1.0,0.0
6569,Normal,Normal,0.0,0.0,0.0,1.0,0.0
6570,Normal,Normal,0.0,0.0,0.0,1.0,0.0
6571,DoS/DDoS,DoS/DDoS,0.0,0.0,1.0,0.0,0.0
6572,Brute Force,Brute Force,0.0,1.0,0.0,0.0,0.0
6573,DoS/DDoS,DoS/DDoS,0.0,0.0,0.9979836004472605,0.002016399552739471,0.0
6574,DoS/DDoS,DoS/DDoS,0.0,0.0,1.0,0.0,0.0
6575,Brute Force,Brute Force,0.0,0.9964980893522669,0.0,0.0035019106477331696,0.0
6576,DoS/DDoS,DoS/DDoS,0.0,0.0,1.0,0.0,0.0
6577,Normal,Normal,0.0,0.0,0.0,1.0,0.0
6578,Normal,Normal,0.0,0.008002124354112019,0.014905680853688983,0.959890396217045,0.01720179857515406
6579,DoS/DDoS,DoS/DDoS,0.0,0.0,1.0,0.0,0.0
6580,DoS/DDoS,DoS/DDoS,0.0,0.0,1.0,0.0,0.0
6581,DoS/DDoS,DoS/DDoS,0.0,0.0,1.0,0.0,0.0
6582,Normal,Normal,0.0,0.0,0.0,1.0,0.0
6583,Normal,Normal,0.0,0.0,0.0,1.0,0.0
6584,Brute Force,Brute Force,0.0,1.0,0.0,0.0,0.0
6585,Normal,Normal,0.0,0.0,0.0,1.0,0.0
6586,Normal,Normal,0.0,0.011538039347459832,0.0,0.9884619606525402,0.0
6587,Normal,Normal,0.0,0.0,0.0,1.0,0.0
6588,Normal,Normal,0.0,0.0,0.0,1.0,0.0
6589,Normal,Normal,0.0,0.0,0.0,1.0,0.0
6590,Normal,Normal,0.0,0.0,0.0,1.0,0.0
6591,Normal,Normal,0.0,0.0,0.0,1.0,0.0
6592,Normal,Normal,0.40746839721570227,0.0,0.0004439723136967439,0.592087630470601,0.0
6593,Brute Force,Brute Force,0.0,1.0,0.0,0.0,0.0
6594,Normal,Normal,0.0,0.0,0.03,0.97,0.0
6595,Brute Force,Brute Force,0.0,1.0,0.0,0.0,0.0
6596,DoS/DDoS,DoS/DDoS,0.0,0.0,1.0,0.0,0.0
6597,DoS/DDoS,DoS/DDoS,0.0,0.0,1.0,0.0,0.0
6598,Normal,Normal,0.0,0.0,0.0,1.0,0.0
6599,Normal,Normal,0.0,0.006528948587308941,0.0,0.9934710514126911,0.0
6600,DoS/DDoS,DoS/DDoS,0.0,0.0,1.0,0.0,0.0
6601,Normal,Normal,0.0,0.0,0.0,1.0,0.0
6602,DoS/DDoS,DoS/DDoS,0.0,0.0,1.0,0.0,0.0
6603,DoS/DDoS,DoS/DDoS,0.0,0.0,0.9999515620674263,4.843793257365714e-05,0.0
6604,Normal,Normal,0.0,0.08312625372367213,0.0,0.862943551672222,0.05393019460410587
6605,Brute Force,Brute Force,0.0,1.0,0.0,0.0,0.0
6606,DoS/DDoS,DoS/DDoS,0.0,0.0,1.0,0.0,0.0
6607,Normal,Normal,0.0,0.013189287468831605,0.023381207612357627,0.9536082074891901,0.009821297429620563
6608,DoS/DDoS,DoS/DDoS,0.0,0.0,1.0,0.0,0.0
6609,DoS/DDoS,DoS/DDoS,0.0,0.0,1.0,0.0,0.0
6610,DoS/DDoS,DoS/DDoS,0.0,0.0,1.0,0.0,0.0
6611,Normal,Normal,0.0,0.0,0.043379539762596835,0.9566204602374032,0.0
6612,Normal,Normal,0.0,0.026941209064146435,0.0,0.9670207224366085,0.006038068499245142
6613,Brute Force,Brute Force,0.0,1.0,0.0,0.0,0.0
6614,Normal,Normal,0.0,0.0055543188774496155,0.06174304863790422,0.9327026324846461,0.0
6615,Normal,Normal,0.0,0.0,0.0,1.0,0.0
6616,Brute Force,Brute Force,0.0,1.0,0.0,0.0,0.0
6617,Normal,Normal,0.0,0.0,0.0,1.0,0.0
6618,Bot,Bot,1.0,0.0,0.0,0.0,0.0
6619,Normal,Normal,0.0,0.0,0.0,1.0,0.0
6620,Brute Force,Brute Force,0.0,1.0,0.0,0.0,0.0
6621,Normal,Normal,0.0,0.0,0.0,1.0,0.0
6622,DoS/DDoS,DoS/DDoS,0.0,0.0,1.0,0.0,0.0
6623,Normal,Normal,0.0,0.0,0.01,0.99,0.0
6624,DoS/DDoS,DoS/DDoS,0.0,0.0,1.0,0.0,0.0
6625,DoS/DDoS,DoS/DDoS,0.0,0.0,1.0,0.0,0.0
6626,Normal,Normal,0.0,0.0,0.0,1.0,0.0
6627,Brute Force,Brute Force,0.0,1.0,0.0,0.0,0.0
6628,DoS/DDoS,DoS/DDoS,0.0,0.0,1.0,0.0,0.0
6629,Brute Force,Brute Force,0.0,0.673221752919543,1.6281103216542896e-05,0.0010320759946391331,0.32572988998260155
6630,Normal,Normal,0.0,0.0,0.0049925080271138065,0.9950074919728863,0.0
6631,Normal,Normal,0.0,0.0,0.0006574410828552646,0.9993425589171447,0.0
6632,Normal,Normal,0.0,0.0,0.0,1.0,0.0
6633,DoS/DDoS,DoS/DDoS,0.0,0.0,1.0,0.0,0.0
6634,DoS/DDoS,DoS/DDoS,0.0,0.0,1.0,0.0,0.0
6635,Normal,Normal,0.0,0.0,0.03665824293717964,0.9633417570628204,0.0
6636,Normal,Normal,0.0,0.0,0.01746278852376501,0.9725372114762351,0.01
6637,DoS/DDoS,DoS/DDoS,0.0,0.0,1.0,0.0,0.0
6638,DoS/DDoS,DoS/DDoS,0.0,0.0,1.0,0.0,0.0
6639,DoS/DDoS,DoS/DDoS,0.0,0.0,0.9938434074743542,0.00615659252564592,0.0
6640,DoS/DDoS,DoS/DDoS,0.0,0.0,0.99,0.01,0.0
6641,Brute Force,Brute Force,0.0,1.0,0.0,0.0,0.0
6642,DoS/DDoS,DoS/DDoS,0.0,0.0,1.0,0.0,0.0
6643,DoS/DDoS,DoS/DDoS,0.0,0.0,1.0,0.0,0.0
6644,DoS/DDoS,DoS/DDoS,0.0,0.0,1.0,0.0,0.0
6645,Normal,Normal,0.0,0.0,0.0,1.0,0.0
6646,Normal,Normal,0.0,0.006572802839264032,0.0,0.9934271971607359,0.0
6647,DoS/DDoS,DoS/DDoS,0.0,0.0,1.0,0.0,0.0
6648,Brute Force,Brute Force,0.0,1.0,0.0,0.0,0.0
6649,Brute Force,Brute Force,0.0,1.0,0.0,0.0,0.0
6650,DoS/DDoS,DoS/DDoS,0.0,0.0,1.0,0.0,0.0
6651,Normal,Normal,0.00969714259631185,0.0,0.0,0.9903028574036881,0.0
6652,Brute Force,Brute Force,0.0,1.0,0.0,0.0,0.0
6653,Normal,Normal,0.0,0.0,0.0,1.0,0.0
6654,DoS/DDoS,DoS/DDoS,0.0,0.0,1.0,0.0,0.0
6655,Normal,Normal,0.0,0.0,0.013355714285714287,0.9866442857142858,0.0
6656,DoS/DDoS,DoS/DDoS,0.0,0.0,1.0,0.0,0.0
6657,Normal,Normal,0.0,0.0,0.0,1.0,0.0
6658,DoS/DDoS,DoS/DDoS,0.0,0.001241397398563415,0.995161534503387,0.003597068098049585,0.0
6659,DoS/DDoS,DoS/DDoS,0.0,0.0,1.0,0.0,0.0
6660,Brute Force,Brute Force,0.0,1.0,0.0,0.0,0.0
6661,Brute Force,Brute Force,0.0,1.0,0.0,0.0,0.0
6662,DoS/DDoS,DoS/DDoS,0.0,0.0,1.0,0.0,0.0
6663,DoS/DDoS,DoS/DDoS,0.0,0.0,1.0,0.0,0.0
6664,Normal,Normal,0.0,0.0,0.0,1.0,0.0
6665,Brute Force,Brute Force,0.0,1.0,0.0,0.0,0.0
6666,Normal,Normal,0.0,0.011988922631736586,0.08346432160424362,0.9045467557640198,0.0
6667,DoS/DDoS,DoS/DDoS,0.0,0.0,1.0,0.0,0.0
6668,DoS/DDoS,DoS/DDoS,0.0,0.0,0.994589072474133,0.0054109275258670715,0.0
6669,DoS/DDoS,DoS/DDoS,0.0,0.0,1.0,0.0,0.0
6670,Normal,Normal,0.0,0.03154247792168029,0.0,0.7956543964553527,0.17280312562296693
6671,DoS/DDoS,DoS/DDoS,0.0,0.0,1.0,0.0,0.0
6672,Normal,Normal,0.0,0.0,0.0,1.0,0.0
6673,Normal,Normal,0.0,0.0,0.0,1.0,0.0
6674,Brute Force,Brute Force,0.0,1.0,0.0,0.0,0.0
6675,Normal,Normal,0.0,0.0,0.0,1.0,0.0
6676,Normal,Normal,0.0378670632297863,0.0,0.08993778972535277,0.8721951470448609,0.0
6677,DoS/DDoS,DoS/DDoS,0.0,0.0037942882177759763,0.9807900281681436,0.015415683614080118,0.0
6678,DoS/DDoS,DoS/DDoS,0.0,0.001241397398563415,0.995161534503387,0.003597068098049585,0.0
6679,Bot,Bot,1.0,0.0,0.0,0.0,0.0
6680,DoS/DDoS,DoS/DDoS,0.0,0.0,1.0,0.0,0.0
6681,Brute Force,Brute Force,0.0,1.0,0.0,0.0,0.0
6682,Brute Force,Brute Force,0.0,1.0,0.0,0.0,0.0
6683,Brute Force,Brute Force,0.0,1.0,0.0,0.0,0.0
6684,DoS/DDoS,DoS/DDoS,0.0,0.0,0.9999515620674263,4.843793257365714e-05,0.0
6685,Normal,Normal,0.0,0.0,0.0,1.0,0.0
6686,Normal,Normal,0.0,0.0,0.0,1.0,0.0
6687,Normal,Normal,0.0,0.0,0.0,1.0,0.0
6688,Normal,Normal,0.0,0.0,0.0,1.0,0.0
6689,DoS/DDoS,DoS/DDoS,0.0,0.0,1.0,0.0,0.0
6690,Brute Force,Brute Force,0.0,0.8747916406810756,0.0,0.038379162725663815,0.08682919659326027
6691,Normal,Normal,0.0,0.0,0.0,1.0,0.0
6692,Brute Force,Brute Force,0.0,1.0,0.0,0.0,0.0
6693,Web Attack,Web Attack,0.0,0.24907286954366492,2.119664097954856e-06,0.0006457410334229517,0.750279269758814
6694,Normal,Normal,0.0,0.0,0.0016704445133735777,0.9983295554866264,0.0
6695,Normal,Normal,0.0,0.10676829947953866,0.0,0.6833931194036353,0.2098385811168262
6696,Normal,Normal,0.0,0.0,0.0,1.0,0.0
6697,Brute Force,Brute Force,0.0,1.0,0.0,0.0,0.0
6698,Brute Force,Brute Force,0.0,0.553996946736122,1.278549656947793e-05,0.003141376451952926,0.44284889131535543
6699,Normal,Normal,0.053264592836982094,0.0,4.4410320801819716e-05,0.9466909968422159,0.0
6700,Brute Force,Brute Force,0.0,0.6157683638757452,0.0005139261595342682,0.04603788282890414,0.3376798271358164
6701,Normal,Normal,0.0,0.0,0.0,1.0,0.0
6702,DoS/DDoS,DoS/DDoS,0.0,0.0,1.0,0.0,0.0
6703,DoS/DDoS,DoS/DDoS,0.0,0.0,1.0,0.0,0.0
6704,Brute Force,Brute Force,0.0,1.0,0.0,0.0,0.0
6705,DoS/DDoS,DoS/DDoS,0.0,0.0,1.0,0.0,0.0
6706,DoS/DDoS,DoS/DDoS,0.0,0.0,1.0,0.0,0.0
6707,DoS/DDoS,DoS/DDoS,0.0,0.0,1.0,0.0,0.0
6708,DoS/DDoS,DoS/DDoS,0.0,0.0,1.0,0.0,0.0
6709,Normal,Normal,0.0,0.0,0.0,1.0,0.0
6710,DoS/DDoS,DoS/DDoS,0.0,0.0,0.9999515620674263,4.843793257365714e-05,0.0
6711,DoS/DDoS,DoS/DDoS,0.0,0.0,1.0,0.0,0.0
6712,Web Attack,Web Attack,0.0,0.0004037557917008365,0.07291174320292147,0.05700142784342106,0.8696830731619564
6713,Normal,Normal,0.0,0.0,0.0,1.0,0.0
6714,DoS/DDoS,DoS/DDoS,0.0,0.0,1.0,0.0,0.0
6715,DoS/DDoS,DoS/DDoS,0.0,0.0,1.0,0.0,0.0
6716,DoS/DDoS,DoS/DDoS,0.0,0.0,1.0,0.0,0.0
6717,Brute Force,Brute Force,0.0,0.8245889956643375,1.6281103216542896e-05,0.000987716602728799,0.17440700662971712
6718,DoS/DDoS,DoS/DDoS,0.0,0.0,1.0,0.0,0.0
6719,Normal,Normal,0.0,0.0,0.0,1.0,0.0
6720,Brute Force,Brute Force,0.0,1.0,0.0,0.0,0.0
6721,Normal,Normal,0.0,0.0,0.0,1.0,0.0
6722,Brute Force,Brute Force,0.0,1.0,0.0,0.0,0.0
6723,Normal,Normal,0.0,0.0,0.0,1.0,0.0
6724,Normal,Normal,0.0,0.0,0.0,1.0,0.0
6725,DoS/DDoS,DoS/DDoS,0.0,0.0,1.0,0.0,0.0
6726,DoS/DDoS,DoS/DDoS,0.0,0.0,1.0,0.0,0.0
6727,Brute Force,Brute Force,0.0,1.0,0.0,0.0,0.0
6728,Brute Force,Brute Force,0.0,1.0,0.0,0.0,0.0
6729,DoS/DDoS,DoS/DDoS,0.0,0.0,1.0,0.0,0.0
6730,DoS/DDoS,DoS/DDoS,0.0,0.0,1.0,0.0,0.0
6731,Normal,Normal,0.0,0.0,0.0,1.0,0.0
6732,Brute Force,Brute Force,0.0,1.0,0.0,0.0,0.0
6733,Normal,Normal,0.0,0.006542238771235745,0.0,0.9934577612287643,0.0
6734,DoS/DDoS,DoS/DDoS,0.0,0.0,1.0,0.0,0.0
6735,DoS/DDoS,DoS/DDoS,0.0,0.0,1.0,0.0,0.0
6736,Normal,Normal,0.0,0.0,0.0,1.0,0.0
6737,Normal,Normal,0.0,0.0,0.0,1.0,0.0
6738,DoS/DDoS,DoS/DDoS,0.0,0.0,1.0,0.0,0.0
6739,Normal,Normal,0.0,0.0,0.0,1.0,0.0
6740,Normal,Normal,0.13404768893916377,0.0,1.185981413265176e-05,0.8659404512467036,0.0
6741,DoS/DDoS,DoS/DDoS,0.0,0.0,1.0,0.0,0.0
6742,Normal,Normal,0.0,0.007385765424299851,0.0006574410828552646,0.9919567934928449,0.0
6743,Normal,Normal,0.0,0.0,0.0,1.0,0.0
6744,DoS/DDoS,DoS/DDoS,0.0,0.0,1.0,0.0,0.0
6745,Normal,Normal,0.0,0.02300074191315459,0.047646685076300974,0.9293525730105445,0.0
6746,Normal,Normal,0.0,0.0,0.0033485594651821186,0.986815873506281,0.009835567028537077
6747,DoS/DDoS,DoS/DDoS,0.0,0.0,1.0,0.0,0.0
6748,DoS/DDoS,DoS/DDoS,0.0,0.0,1.0,0.0,0.0
6749,Normal,Normal,0.0,0.0,0.0,1.0,0.0
6750,Normal,Normal,0.0,0.0,0.0,1.0,0.0
6751,Web Attack,Web Attack,0.0,0.38408298287641685,1.278549656947793e-05,0.0008283507541914687,0.6150758808728221
6752,Normal,Normal,0.0,0.0,0.0,1.0,0.0
6753,DoS/DDoS,DoS/DDoS,0.0,0.0,1.0,0.0,0.0
6754,Brute Force,Brute Force,0.0,1.0,0.0,0.0,0.0
6755,Normal,Normal,0.0,0.0,0.0,1.0,0.0
6756,Normal,Normal,0.0,0.0,0.0,1.0,0.0
6757,Normal,Normal,0.0,0.0,0.0,1.0,0.0
6758,DoS/DDoS,DoS/DDoS,0.0,0.0,1.0,0.0,0.0
6759,Brute Force,Brute Force,0.0,1.0,0.0,0.0,0.0
6760,Brute Force,Brute Force,0.0,1.0,0.0,0.0,0.0
6761,DoS/DDoS,DoS/DDoS,0.0,0.0,1.0,0.0,0.0
6762,Bot,Bot,1.0,0.0,0.0,0.0,0.0
6763,DoS/DDoS,DoS/DDoS,0.0,0.0,1.0,0.0,0.0
6764,DoS/DDoS,DoS/DDoS,0.0,0.0,1.0,0.0,0.0
6765,DoS/DDoS,DoS/DDoS,0.0,0.0,1.0,0.0,0.0
6766,Normal,Normal,0.0,0.0,0.0,1.0,0.0
6767,DoS/DDoS,DoS/DDoS,0.0,0.0,1.0,0.0,0.0
6768,Web Attack,Web Attack,0.0,0.2415055043985408,2.119664097954856e-06,0.0006207759528405987,0.7578715999845203
6769,DoS/DDoS,DoS/DDoS,0.0,0.0,1.0,0.0,0.0
6770,Brute Force,Brute Force,0.0,1.0,0.0,0.0,0.0
6771,Normal,Normal,0.0,0.0,0.0,1.0,0.0
6772,Normal,Normal,0.0,0.0,0.0,1.0,0.0
6773,Brute Force,Brute Force,0.0,1.0,0.0,0.0,0.0
6774,DoS/DDoS,DoS/DDoS,0.0,0.0,1.0,0.0,0.0
6775,DoS/DDoS,DoS/DDoS,0.0,0.0,1.0,0.0,0.0
6776,Normal,Normal,0.0,0.050194313994567204,0.0,0.908993133593205,0.040812552412227816
6777,DoS/DDoS,DoS/DDoS,0.0,0.0,1.0,0.0,0.0
6778,DoS/DDoS,DoS/DDoS,0.0,0.0,1.0,0.0,0.0
6779,Web Attack,Web Attack,0.0,0.11460002245747093,2.119664097954856e-06,0.030956225980449666,0.8544416318979812
6780,Normal,Normal,0.0,0.008529040024074631,0.0,0.9914709599759255,0.0
6781,Normal,Normal,0.0,0.0,0.0,1.0,0.0
6782,Normal,Normal,0.0,0.0,0.0,1.0,0.0
6783,DoS/DDoS,DoS/DDoS,0.0,0.0,1.0,0.0,0.0
6784,DoS/DDoS,DoS/DDoS,0.0,0.0,1.0,0.0,0.0
6785,DoS/DDoS,DoS/DDoS,0.0,0.0,1.0,0.0,0.0
6786,DoS/DDoS,DoS/DDoS,0.0,0.0003353286992620004,0.9982237978577116,0.0014408734430262954,0.0
6787,DoS/DDoS,DoS/DDoS,0.0,0.0,0.9998355146565323,0.00016448534346767324,0.0
6788,Normal,Normal,0.0,0.0,0.0,1.0,0.0
6789,DoS/DDoS,DoS/DDoS,0.0,0.0,1.0,0.0,0.0
6790,Normal,Normal,0.0,0.0,0.0,1.0,0.0
6791,Brute Force,Brute Force,0.0,1.0,0.0,0.0,0.0
6792,Normal,Normal,0.0,0.0,0.0,1.0,0.0
6793,Brute Force,Brute Force,0.0,1.0,0.0,0.0,0.0
6794,Bot,Bot,0.9715906671442361,0.0,2.9956241548768396e-05,0.02837937661421491,0.0
6795,DoS/DDoS,DoS/DDoS,0.0,0.0,1.0,0.0,0.0
6796,Brute Force,Brute Force,0.0,1.0,0.0,0.0,0.0
6797,DoS/DDoS,DoS/DDoS,0.0,0.0,1.0,0.0,0.0
6798,Normal,Normal,0.0,0.0,0.0,1.0,0.0
6799,Normal,Normal,0.0,0.0,0.0,1.0,0.0
6800,Normal,Normal,0.008264122380083979,0.006946333020754807,0.00533803338185649,0.9794515112173048,0.0
6801,Normal,Normal,0.0,0.0,0.0,1.0,0.0
6802,Normal,Normal,0.0,0.0,0.0,1.0,0.0
6803,Web Attack,Web Attack,0.0,0.49493718942723314,1.278549656947793e-05,0.0011645163911900127,0.5038855086850074
6804,DoS/DDoS,DoS/DDoS,0.0,0.0,1.0,0.0,0.0
6805,Normal,Normal,0.0,0.03508146342729565,0.0004618199759754367,0.871269293065516,0.09318742353121288
6806,Brute Force,Brute Force,0.0,1.0,0.0,0.0,0.0
6807,Normal,Normal,0.00778395817109801,0.0,0.00499910493716659,0.9872169368917354,0.0
6808,Brute Force,Brute Force,0.0,1.0,0.0,0.0,0.0
6809,Brute Force,Brute Force,0.0,1.0,0.0,0.0,0.0
6810,DoS/DDoS,DoS/DDoS,0.0,0.0,1.0,0.0,0.0
6811,DoS/DDoS,DoS/DDoS,0.0,0.0,0.9941437131556198,0.005856286844380217,0.0
6812,Normal,Normal,0.0,0.05474345729754608,0.02061946544802408,0.90463707725443,0.02
6813,DoS/DDoS,DoS/DDoS,0.0,0.0,1.0,0.0,0.0
6814,DoS/DDoS,DoS/DDoS,0.0,0.0,0.9999515620674263,4.843793257365714e-05,0.0
6815,Normal,Normal,0.0,0.0,0.0,1.0,0.0
6816,Brute Force,Brute Force,0.0,1.0,0.0,0.0,0.0
6817,Brute Force,Brute Force,0.0,0.5475839451881992,1.278549656947793e-05,0.002983402022570572,0.4494198672926607
6818,Brute Force,Brute Force,0.0,1.0,0.0,0.0,0.0
6819,Normal,Normal,0.0,0.005604898024092554,0.03886290634801893,0.9461565976935834,0.009375597934305011
6820,DoS/DDoS,DoS/DDoS,0.0,0.0,1.0,0.0,0.0
6821,Normal,Normal,0.0,0.0,0.0,1.0,0.0
6822,Brute Force,Brute Force,0.0,1.0,0.0,0.0,0.0
6823,DoS/DDoS,DoS/DDoS,0.0,0.0,1.0,0.0,0.0
6824,Normal,Normal,0.0,0.0038759668584326568,0.0,0.9961240331415674,0.0
6825,Normal,Normal,0.0,0.0,0.0,1.0,0.0
6826,DoS/DDoS,DoS/DDoS,0.0,0.0,1.0,0.0,0.0
6827,DoS/DDoS,DoS/DDoS,0.0,0.0,1.0,0.0,0.0
6828,Brute Force,Brute Force,0.0,1.0,0.0,0.0,0.0
6829,Normal,Normal,0.0,0.0,0.0,1.0,0.0
6830,DoS/DDoS,DoS/DDoS,0.0,0.0,1.0,0.0,0.0
6831,Normal,Normal,0.0,0.0,0.0,1.0,0.0
6832,DoS/DDoS,DoS/DDoS,0.0,0.0,1.0,0.0,0.0
6833,Normal,Normal,0.0,0.0,0.0,1.0,0.0
6834,DoS/DDoS,DoS/DDoS,0.0,0.0,1.0,0.0,0.0
6835,Normal,Normal,0.0,0.01,0.0,0.99,0.0
6836,DoS/DDoS,DoS/DDoS,0.0,0.0,1.0,0.0,0.0
6837,Normal,Normal,0.0,0.0,0.0,1.0,0.0
6838,Normal,Normal,0.0,0.0,0.0,1.0,0.0
6839,DoS/DDoS,DoS/DDoS,0.0,0.0,1.0,0.0,0.0
6840,Bot,Bot,1.0,0.0,0.0,0.0,0.0
6841,Brute Force,Brute Force,0.0,1.0,0.0,0.0,0.0
6842,DoS/DDoS,DoS/DDoS,0.0,0.0003353286992620004,0.999664671300738,0.0,0.0
6843,DoS/DDoS,DoS/DDoS,0.0,0.0,1.0,0.0,0.0
6844,DoS/DDoS,DoS/DDoS,0.0,0.0,1.0,0.0,0.0
6845,DoS/DDoS,DoS/DDoS,0.0,0.0,1.0,0.0,0.0
6846,Bot,Bot,0.9998048579588008,0.0,0.0,0.00019514204119913423,0.0
6847,DoS/DDoS,DoS/DDoS,0.0,0.0,1.0,0.0,0.0
6848,DoS/DDoS,DoS/DDoS,0.0,0.0,0.9997704137554078,0.00022958624459224912,0.0
6849,Normal,Normal,0.0,0.04,0.045093844841302425,0.9149061551586977,0.0
6850,Brute Force,Brute Force,0.0,1.0,0.0,0.0,0.0
6851,DoS/DDoS,DoS/DDoS,0.0,0.0,0.9830554117914475,0.016944588208552394,0.0
6852,DoS/DDoS,DoS/DDoS,0.0,0.0,0.9950511908610841,0.004948809138915832,0.0
6853,Normal,Normal,0.0,0.0,0.0,1.0,0.0
6854,DoS/DDoS,DoS/DDoS,0.0,0.0,1.0,0.0,0.0
6855,Normal,Normal,0.0,0.0,0.0,1.0,0.0
6856,Normal,Normal,0.0,0.0,0.0,1.0,0.0
6857,Normal,Normal,0.0,0.0,0.0,1.0,0.0
6858,DoS/DDoS,DoS/DDoS,0.0,0.0,1.0,0.0,0.0
6859,Bot,Bot,1.0,0.0,0.0,0.0,0.0
6860,DoS/DDoS,DoS/DDoS,0.0,0.0,1.0,0.0,0.0
6861,Normal,Normal,0.0,0.0,0.0,1.0,0.0
6862,DoS/DDoS,DoS/DDoS,0.0,0.0,1.0,0.0,0.0
6863,Brute Force,Web Attack,0.0,0.16227345329048906,2.119664097954856e-06,0.0006509061251149746,0.8370735209202981
6864,DoS/DDoS,DoS/DDoS,0.0,0.0,1.0,0.0,0.0
6865,Normal,Normal,0.0,0.0,0.0,1.0,0.0
6866,Brute Force,Brute Force,0.0,1.0,0.0,0.0,0.0
6867,Bot,Bot,0.9998813106891216,0.0,0.0,0.00011868931087857678,0.0
6868,Brute Force,Brute Force,0.0,1.0,0.0,0.0,0.0
6869,Brute Force,Brute Force,0.0,1.0,0.0,0.0,0.0
6870,Normal,Normal,0.0,0.0,0.0,1.0,0.0
6871,Normal,Normal,0.0,0.0,0.0,1.0,0.0
6872,Normal,Normal,0.0,0.0,0.0,1.0,0.0
6873,Normal,Normal,0.0,0.03904056982030433,0.0001817471583652269,0.9474393660931348,0.013338316928195582
6874,Normal,Normal,0.0,0.0,0.0,1.0,0.0
6875,DoS/DDoS,DoS/DDoS,0.0,0.0,1.0,0.0,0.0
6876,DoS/DDoS,DoS/DDoS,0.0,0.0,1.0,0.0,0.0
6877,Bot,Bot,0.9998197911964907,0.0,0.0,0.00018020880350936918,0.0
6878,Brute Force,Brute Force,0.0,0.8404573012289326,2.119664097954856e-06,0.003867275263504348,0.1556733038434652
6879,Normal,Normal,0.0,0.0,0.0,1.0,0.0
6880,DoS/DDoS,DoS/DDoS,0.0,0.0,1.0,0.0,0.0
6881,Normal,Normal,0.0,0.0,0.0,1.0,0.0
6882,DoS/DDoS,DoS/DDoS,0.0,0.021268265065130843,0.9335560343926456,0.016305844211791688,0.02886985633043193
6883,Normal,Normal,0.0,0.0,0.0,1.0,0.0
6884,Brute Force,Brute Force,0.0,1.0,0.0,0.0,0.0
6885,Normal,Normal,0.31904496808387756,0.0,6.396830909891647e-05,0.6808910636070236,0.0
6886,Normal,Normal,0.0,0.0,0.02,0.98,0.0
6887,Brute Force,Brute Force,0.0,1.0,0.0,0.0,0.0
6888,Bot,Bot,0.9760998727224028,0.0,4.526272127891693e-05,0.023854864556318182,0.0
6889,Normal,Normal,0.0,0.0,0.0,1.0,0.0
6890,Normal,Normal,0.0,0.0,0.007506413125725837,0.9924935868742741,0.0
6891,DoS/DDoS,DoS/DDoS,0.0,0.0,1.0,0.0,0.0
6892,Normal,Normal,0.0,0.0,0.0,1.0,0.0
6893,Normal,Normal,0.35015019905762024,0.0,8.725519614667738e-05,0.6497625457462332,0.0
6894,Brute Force,Brute Force,0.0,1.0,0.0,0.0,0.0
6895,Normal,Normal,0.0,0.0,0.0,1.0,0.0
6896,Brute Force,Brute Force,0.0,1.0,0.0,0.0,0.0
6897,Brute Force,Brute Force,0.0,1.0,0.0,0.0,0.0
6898,DoS/DDoS,DoS/DDoS,0.0,0.0,1.0,0.0,0.0
6899,Brute Force,Brute Force,0.0,1.0,0.0,0.0,0.0
6900,Normal,Normal,0.0,0.010927100962366612,0.0,0.9834436374819401,0.005629261555693226
6901,Normal,Normal,0.0,0.0,0.0,1.0,0.0
6902,Normal,Normal,0.0,0.0,0.0,1.0,0.0
6903,Bot,Bot,1.0,0.0,0.0,0.0,0.0
6904,Bot,Bot,0.8170721836872097,0.0,2.9956241548768396e-05,0.1828978600712416,0.0
6905,Brute Force,Brute Force,0.0,1.0,0.0,0.0,0.0
6906,Normal,Normal,0.04594491691007732,0.0,0.0,0.9540550830899228,0.0
6907,Brute Force,Brute Force,0.0,1.0,0.0,0.0,0.0
6908,DoS/DDoS,DoS/DDoS,0.0,0.0,0.9853943819536194,0.01460561804638068,0.0
6909,DoS/DDoS,DoS/DDoS,0.0,0.0,1.0,0.0,0.0
6910,DoS/DDoS,DoS/DDoS,0.0,0.0,1.0,0.0,0.0
6911,DoS/DDoS,DoS/DDoS,0.0,0.0,1.0,0.0,0.0
6912,Brute Force,Brute Force,0.0,1.0,0.0,0.0,0.0
6913,DoS/DDoS,DoS/DDoS,0.0,0.0,1.0,0.0,0.0
6914,DoS/DDoS,DoS/DDoS,0.0,0.0,1.0,0.0,0.0
6915,Brute Force,Brute Force,0.0,1.0,0.0,0.0,0.0
6916,Brute Force,Web Attack,0.0,0.45928427153076595,1.278549656947793e-05,0.06898935312730291,0.4717135898453616
6917,DoS/DDoS,DoS/DDoS,0.0,0.0,1.0,0.0,0.0
6918,DoS/DDoS,DoS/DDoS,0.0,0.0,1.0,0.0,0.0
6919,Normal,Normal,0.0,0.0,0.0,1.0,0.0
6920,DoS/DDoS,DoS/DDoS,0.0,0.0,1.0,0.0,0.0
6921,Brute Force,Brute Force,0.0,1.0,0.0,0.0,0.0
6922,Normal,Normal,0.0,0.0,0.0,1.0,0.0
6923,Normal,Normal,0.0,0.0,0.0,1.0,0.0
6924,Normal,Normal,0.0,0.0055074726143295,0.00022678101422729174,0.9816510284596067,0.012614717911836604
6925,Brute Force,Brute Force,0.0,1.0,0.0,0.0,0.0
6926,Normal,Normal,0.0,0.0,0.0,1.0,0.0
6927,DoS/DDoS,DoS/DDoS,0.0,0.0,1.0,0.0,0.0
6928,Brute Force,Brute Force,0.0,1.0,0.0,0.0,0.0
6929,Normal,Normal,0.0,0.0,0.0,1.0,0.0
6930,Normal,Normal,0.0,0.00017307140283731712,0.039242141846060175,0.9486721769931807,0.011912609757921886
6931,Brute Force,Brute Force,0.0,1.0,0.0,0.0,0.0
6932,DoS/DDoS,DoS/DDoS,0.0,0.0,1.0,0.0,0.0
6933,DoS/DDoS,DoS/DDoS,0.0,0.0,1.0,0.0,0.0
6934,DoS/DDoS,DoS/DDoS,0.0,0.0,1.0,0.0,0.0
6935,Brute Force,Brute Force,0.0,1.0,0.0,0.0,0.0
6936,DoS/DDoS,DoS/DDoS,0.0,0.0,1.0,0.0,0.0
6937,Brute Force,Brute Force,0.0,1.0,0.0,0.0,0.0
6938,DoS/DDoS,DoS/DDoS,0.0,0.0,1.0,0.0,0.0
6939,Brute Force,Brute Force,0.0,1.0,0.0,0.0,0.0
6940,DoS/DDoS,DoS/DDoS,0.0,0.0,1.0,0.0,0.0
6941,Bot,Bot,0.979678862354277,0.0,4.526272127891693e-05,0.020275874924444093,0.0
6942,DoS/DDoS,DoS/DDoS,0.0,0.0,1.0,0.0,0.0
6943,Normal,Normal,0.0,0.0,0.0,1.0,0.0
6944,DoS/DDoS,DoS/DDoS,0.0,0.0,1.0,0.0,0.0
6945,Normal,Normal,0.0,0.0,0.0033392188208346257,0.9966607811791652,0.0
6946,Normal,Normal,0.0,0.0,0.0,1.0,0.0
6947,DoS/DDoS,DoS/DDoS,0.0,0.0,0.9933548824010634,0.006645117598936515,0.0
6948,Normal,Normal,0.002965207441623933,0.0,0.0019882322698580447,0.995046560288518,0.0
6949,Normal,Normal,0.0,0.006562689420431762,0.0,0.9742236864925075,0.019213624087060743
6950,DoS/DDoS,DoS/DDoS,0.0,0.0,0.8427189718492373,0.14794876533796988,0.00933226281279272
6951,Normal,Normal,0.0,0.0,0.0,1.0,0.0
6952,Normal,Normal,0.0,0.0,0.0,1.0,0.0
6953,DoS/DDoS,DoS/DDoS,0.0,0.0,1.0,0.0,0.0
6954,DoS/DDoS,DoS/DDoS,0.0,0.0,1.0,0.0,0.0
6955,Normal,Normal,0.0,0.0,0.0,1.0,0.0
6956,DoS/DDoS,DoS/DDoS,0.0,0.0,0.9974738683513796,0.0025261316486203445,0.0
6957,Normal,Normal,0.2902204144083776,0.0,1.185981413265176e-05,0.7097677257774899,0.0
6958,Bot,Bot,0.9998197911964907,0.0,0.0,0.00018020880350936918,0.0
6959,Brute Force,Brute Force,0.0,1.0,0.0,0.0,0.0
6960,Brute Force,Brute Force,0.0,1.0,0.0,0.0,0.0
6961,Normal,Normal,0.0,0.0,0.0,1.0,0.0
6962,DoS/DDoS,DoS/DDoS,0.0,0.0,1.0,0.0,0.0
6963,Normal,Normal,0.0,0.0,0.03412639799639408,0.9658736020036061,0.0
6964,DoS/DDoS,DoS/DDoS,0.0,0.0,1.0,0.0,0.0
6965,Normal,Normal,0.0,0.0,0.0,1.0,0.0
6966,DoS/DDoS,DoS/DDoS,0.0,0.0,1.0,0.0,0.0
6967,Normal,Normal,0.0,0.0,0.0,1.0,0.0
6968,DoS/DDoS,DoS/DDoS,0.0,0.0,1.0,0.0,0.0
6969,DoS/DDoS,DoS/DDoS,0.0,0.0,1.0,0.0,0.0
6970,Normal,Normal,0.0,0.029720741807786957,0.0,0.9575941025992326,0.012685155592980574
6971,DoS/DDoS,DoS/DDoS,0.0,0.0,1.0,0.0,0.0
6972,Normal,Normal,0.0,0.0,0.0,1.0,0.0
6973,Normal,Normal,0.0,0.0,0.0,1.0,0.0
6974,Brute Force,Brute Force,0.0,0.7457444164173208,0.0001572945684176533,0.1478005546993525,0.10629773431490898
6975,DoS/DDoS,DoS/DDoS,0.0,0.0,1.0,0.0,0.0
6976,Brute Force,Brute Force,0.0,1.0,0.0,0.0,0.0
6977,DoS/DDoS,DoS/DDoS,0.0,0.0,1.0,0.0,0.0
6978,Brute Force,Brute Force,0.0,1.0,0.0,0.0,0.0
6979,Normal,Normal,0.0,0.0,0.00495178107540657,0.9950482189245935,0.0
6980,Web Attack,Web Attack,0.0,0.22624880712595086,2.119664097954856e-06,0.0006457410334229517,0.7731033321765282
6981,Normal,Normal,0.0,0.0,0.0,1.0,0.0
6982,Normal,Normal,0.0,0.01975098828818326,0.01,0.9702490117118167,0.0
6983,Normal,Normal,0.0,0.007324825859734441,0.020076261827562704,0.9725989123127028,0.0
6984,Normal,Normal,0.0,0.015617552603183696,0.0,0.9707196052974303,0.013662842099386069
6985,DoS/DDoS,DoS/DDoS,0.0,0.0,0.9999515620674263,4.843793257365714e-05,0.0
6986,Normal,Normal,0.0,0.0,0.0,1.0,0.0
6987,Normal,Normal,0.0,0.0,0.0,1.0,0.0
6988,Normal,Normal,0.01,0.00483234302790229,0.0,0.9851676569720976,0.0
6989,DoS/DDoS,DoS/DDoS,0.0,0.0,1.0,0.0,0.0
6990,DoS/DDoS,DoS/DDoS,0.0,0.0,1.0,0.0,0.0
6991,DoS/DDoS,DoS/DDoS,0.0,0.0,1.0,0.0,0.0
6992,DoS/DDoS,DoS/DDoS,0.0,0.0,1.0,0.0,0.0
6993,DoS/DDoS,DoS/DDoS,0.0,0.0,1.0,0.0,0.0
6994,DoS/DDoS,DoS/DDoS,0.0,0.0,1.0,0.0,0.0
6995,Brute Force,Brute Force,0.0,1.0,0.0,0.0,0.0
6996,DoS/DDoS,DoS/DDoS,0.0,0.0,1.0,0.0,0.0
6997,Brute Force,Brute Force,0.0,1.0,0.0,0.0,0.0
6998,Normal,Normal,0.009098339217993984,0.0,0.005000535007311767,0.9859011257746941,0.0
6999,DoS/DDoS,DoS/DDoS,0.0,0.0,1.0,0.0,0.0
7000,Normal,Normal,0.0,0.0,0.11998905315179251,0.8800109468482075,0.0
7001,DoS/DDoS,DoS/DDoS,0.0,0.0,1.0,0.0,0.0
7002,Normal,Normal,0.07258388742995116,0.0,0.015230088744172407,0.9121860238258764,0.0
7003,DoS/DDoS,DoS/DDoS,0.0,0.0,1.0,0.0,0.0
7004,DoS/DDoS,DoS/DDoS,0.0,0.0,1.0,0.0,0.0
7005,DoS/DDoS,DoS/DDoS,0.0,0.0,1.0,0.0,0.0
7006,Normal,Normal,0.0,0.0,0.0,1.0,0.0
7007,Brute Force,Brute Force,0.0,1.0,0.0,0.0,0.0
7008,Bot,Bot,0.8909124765917151,0.0,0.00010678817729531723,0.10898073523098968,0.0
7009,DoS/DDoS,DoS/DDoS,0.0,0.0,1.0,0.0,0.0
7010,Normal,Normal,0.0,0.0065837541888894135,0.0,0.9934162458111107,0.0
7011,DoS/DDoS,DoS/DDoS,0.0,0.0,0.9972616372073473,0.0027383627926527666,0.0
7012,Normal,Normal,0.0,0.002279000913622863,0.0,0.9601098583961459,0.03761114069023131
7013,DoS/DDoS,DoS/DDoS,0.0,0.0,1.0,0.0,0.0
7014,DoS/DDoS,DoS/DDoS,0.0,0.0,1.0,0.0,0.0
7015,Normal,Normal,0.0,0.0,0.0,1.0,0.0
7016,Web Attack,Web Attack,0.0,0.2784004289361568,2.119664097954856e-06,0.0006051050191057436,0.7209923463806395
7017,DoS/DDoS,DoS/DDoS,0.0,0.0,1.0,0.0,0.0
7018,Normal,Normal,0.0,0.0,0.01499910493716659,0.9850008950628335,0.0
7019,DoS/DDoS,DoS/DDoS,0.0,0.00216333100145438,0.8286051034341633,0.09122725686203959,0.07800430870234276
7020,Normal,Normal,0.0,0.0,0.0,1.0,0.0
7021,DoS/DDoS,DoS/DDoS,0.0,0.0,0.9879975917776409,0.012002408222359198,0.0
7022,Brute Force,Brute Force,0.0,1.0,0.0,0.0,0.0
7023,Normal,Normal,0.0,0.01007864832031865,0.0,0.9842920901239881,0.005629261555693226
7024,Normal,Normal,0.0,0.0,0.0,1.0,0.0
7025,Normal,Normal,0.0,0.0,0.0,1.0,0.0
7026,DoS/DDoS,DoS/DDoS,0.0,0.0,1.0,0.0,0.0
7027,DoS/DDoS,DoS/DDoS,0.0,0.0,0.9998355146565323,0.00016448534346767324,0.0
7028,Normal,Normal,0.0,0.0,0.0,1.0,0.0
7029,Normal,Normal,0.0,0.0,0.0,1.0,0.0
7030,Normal,Normal,0.0,0.0,0.0,1.0,0.0
7031,Normal,Normal,0.2562234264665018,0.0,1.185981413265176e-05,0.7437647137193655,0.0
7032,Web Attack,Brute Force,0.0,0.631985219067088,1.6281103216542896e-05,0.007008235733145029,0.3609902640965504
7033,Brute Force,Web Attack,0.0,0.3610954488753441,1.278549656947793e-05,0.0030495374483499103,0.6358422281797362
7034,Brute Force,Brute Force,0.0,0.9866656020436859,0.0,0.013334397956314002,0.0
7035,Normal,Normal,0.0,0.0,0.015005356760231412,0.9849946432397687,0.0
7036,Web Attack,Web Attack,0.0,0.14298595521642624,2.119664097954856e-06,0.0006076297506990514,0.8564042953687765
7037,Normal,Normal,0.0,0.0,0.0,1.0,0.0
7038,Normal,Normal,0.0,0.0,0.0,1.0,0.0
7039,Normal,Normal,0.0,0.002055069793040803,0.0013404975650363003,0.9966044326419228,0.0
7040,DoS/DDoS,DoS/DDoS,0.0,0.0,1.0,0.0,0.0
7041,DoS/DDoS,DoS/DDoS,0.0,0.0,1.0,0.0,0.0
7042,DoS/DDoS,DoS/DDoS,0.0,0.0,1.0,0.0,0.0
7043,Normal,Normal,0.0,0.0,0.0,1.0,0.0
7044,Brute Force,Brute Force,0.0,1.0,0.0,0.0,0.0
7045,DoS/DDoS,DoS/DDoS,0.0,0.0,1.0,0.0,0.0
7046,Normal,Normal,0.0,0.0,0.0,1.0,0.0
7047,Normal,Normal,0.0,0.0,0.01,0.99,0.0
7048,Bot,Bot,0.9567524957110541,0.0,4.526272127891693e-05,0.04320224156766697,0.0
7049,Normal,Normal,0.0,0.012461721148778908,0.04326831013573013,0.9442699687154907,0.0
7050,Brute Force,Brute Force,0.0,1.0,0.0,0.0,0.0
7051,DoS/DDoS,DoS/DDoS,0.0,0.0,1.0,0.0,0.0
7052,Brute Force,Brute Force,0.0,1.0,0.0,0.0,0.0
7053,DoS/DDoS,DoS/DDoS,0.0,0.0,1.0,0.0,0.0
7054,Normal,Normal,0.0,0.0,0.0,1.0,0.0
7055,DoS/DDoS,DoS/DDoS,0.0,0.0,0.9999515620674263,4.843793257365714e-05,0.0
7056,DoS/DDoS,DoS/DDoS,0.0,0.0,0.9471252597755189,0.05287474022448115,0.0
7057,Normal,Normal,0.0,0.0,0.012498527758445312,0.9875014722415547,0.0
7058,DoS/DDoS,DoS/DDoS,0.0,0.0,1.0,0.0,0.0
7059,DoS/DDoS,DoS/DDoS,0.0,0.0,1.0,0.0,0.0
7060,Normal,Normal,0.0,0.0,0.0,1.0,0.0
7061,Normal,Normal,0.0,0.0,0.0,1.0,0.0
7062,DoS/DDoS,DoS/DDoS,0.0,0.0,0.8156573168167958,0.18434268318320438,0.0
7063,DoS/DDoS,DoS/DDoS,0.0,0.0,1.0,0.0,0.0
7064,Normal,Normal,0.0,0.0,0.0005136054783165881,0.9994863945216834,0.0
7065,DoS/DDoS,DoS/DDoS,0.0,0.0,1.0,0.0,0.0
7066,DoS/DDoS,DoS/DDoS,0.0,0.0,1.0,0.0,0.0
7067,DoS/DDoS,DoS/DDoS,0.0,0.0,1.0,0.0,0.0
7068,Brute Force,Brute Force,0.0,1.0,0.0,0.0,0.0
7069,DoS/DDoS,DoS/DDoS,0.0,0.0,1.0,0.0,0.0
7070,Normal,Normal,0.0,0.05206158184044174,0.0,0.9389989503185439,0.008939467841014381
7071,DoS/DDoS,DoS/DDoS,0.0,0.01,0.7269012186026841,0.2630987813973158,0.0
7072,Brute Force,Web Attack,0.0,0.2166927420339078,2.119664097954856e-06,0.0006493796456541316,0.7826557586563401
7073,Normal,Normal,0.0,0.008474906734503357,0.0,0.9782848253893112,0.013240267876185605
7074,Normal,Normal,0.0,0.0,0.0,1.0,0.0
7075,DoS/DDoS,DoS/DDoS,0.0,0.0,1.0,0.0,0.0
7076,DoS/DDoS,DoS/DDoS,0.0,0.0,1.0,0.0,0.0
7077,Normal,Normal,0.0,0.0,0.0,1.0,0.0
7078,Brute Force,Brute Force,0.0,1.0,0.0,0.0,0.0
7079,Normal,Normal,0.0,0.0,0.0,1.0,0.0
7080,Normal,Normal,0.0,0.0,0.0,1.0,0.0
7081,Normal,Normal,0.0,0.0,0.0,1.0,0.0
7082,DoS/DDoS,DoS/DDoS,0.0,0.0,1.0,0.0,0.0
7083,Normal,Normal,0.04568038303242302,0.0,4.251955893558861e-05,0.9542770974086414,0.0
7084,DoS/DDoS,DoS/DDoS,0.0,0.0,1.0,0.0,0.0
7085,DoS/DDoS,DoS/DDoS,0.0,0.0,1.0,0.0,0.0
7086,Web Attack,Web Attack,0.0,0.01,0.0066912114014251785,0.03510268157954779,0.9482061070190271
7087,DoS/DDoS,DoS/DDoS,0.0,0.0,1.0,0.0,0.0
7088,DoS/DDoS,DoS/DDoS,0.0,0.0,1.0,0.0,0.0
7089,DoS/DDoS,DoS/DDoS,0.0,0.0,0.9991599881493601,0.0008400118506398297,0.0
7090,Normal,Normal,0.0,0.0,0.0,1.0,0.0
7091,Normal,Normal,0.0,0.0,0.0,1.0,0.0
7092,Normal,Normal,0.0012869184796038846,0.0,0.00037149651321238694,0.9983415850071836,0.0
7093,DoS/DDoS,DoS/DDoS,0.0,0.0,1.0,0.0,0.0
7094,DoS/DDoS,DoS/DDoS,0.0,0.0,1.0,0.0,0.0
7095,Normal,Normal,0.0,0.0011842276590964304,0.012098835328793528,0.9667688127315424,0.019948124280567664
7096,DoS/DDoS,DoS/DDoS,0.0,0.0,1.0,0.0,0.0
7097,Brute Force,Web Attack,0.0,0.3310231183975442,1.278549656947793e-05,0.0008319893664226485,0.6681321067394639
7098,Brute Force,Brute Force,0.0,1.0,0.0,0.0,0.0
7099,DoS/DDoS,DoS/DDoS,0.0,0.0,1.0,0.0,0.0
7100,Normal,Normal,0.0,0.0,0.0,1.0,0.0
7101,DoS/DDoS,DoS/DDoS,0.0,0.0,1.0,0.0,0.0
7102,Normal,Normal,0.0,0.0,0.0,1.0,0.0
7103,Normal,Normal,0.0,0.0,0.0,1.0,0.0
7104,Normal,Normal,0.0,0.0,0.0,1.0,0.0
7105,Normal,Normal,0.0,0.0,0.0,1.0,0.0
7106,Normal,Normal,0.0,0.0,0.0,1.0,0.0
7107,DoS/DDoS,DoS/DDoS,0.0,0.0,1.0,0.0,0.0
7108,Normal,Normal,0.0,0.0,0.0,1.0,0.0
7109,Normal,Normal,0.0,0.0,0.0,1.0,0.0
7110,DoS/DDoS,DoS/DDoS,0.0,0.0,1.0,0.0,0.0
7111,Normal,Normal,0.0,0.0,0.0,1.0,0.0
7112,Normal,Normal,0.0,0.0,0.004990529287730959,0.9950094707122691,0.0
7113,Brute Force,Brute Force,0.0,1.0,0.0,0.0,0.0
7114,Normal,Normal,0.0,0.0,0.0,1.0,0.0
7115,Brute Force,Brute Force,0.0,0.9385867512085163,0.006092897680312966,0.05532035111117061,0.0
7116,Normal,Normal,0.0,0.0,0.0,1.0,0.0
7117,Normal,Normal,0.0,0.0,0.0,1.0,0.0
7118,Normal,Normal,0.0,0.019677585971195746,0.12879779339537248,0.7740975644694228,0.07742705616400924
7119,Normal,Normal,0.0,0.0,0.0,1.0,0.0
7120,DoS/DDoS,DoS/DDoS,0.0,0.0,0.992246823791865,0.007753176208135033,0.0
7121,Normal,Normal,0.0,0.0,0.0,0.9903409483056111,0.009659051694388847
7122,DoS/DDoS,DoS/DDoS,0.0,0.0,1.0,0.0,0.0
7123,Normal,Normal,0.009534939842107078,0.0,0.03,0.9604650601578929,0.0
7124,DoS/DDoS,DoS/DDoS,0.0,0.0,1.0,0.0,0.0
7125,DoS/DDoS,DoS/DDoS,0.0,0.0,1.0,0.0,0.0
7126,Brute Force,Brute Force,0.0,0.5126294192608496,1.6281103216542896e-05,0.0013164453317576121,0.4860378543041762
7127,Normal,Normal,0.0,0.0,0.016378373770329926,0.9836216262296699,0.0
7128,Normal,Normal,0.0,0.0,0.0,1.0,0.0
7129,Brute Force,Brute Force,0.0,1.0,0.0,0.0,0.0
7130,DoS/DDoS,DoS/DDoS,0.0,0.0,1.0,0.0,0.0
7131,Brute Force,Brute Force,0.0,1.0,0.0,0.0,0.0
7132,DoS/DDoS,DoS/DDoS,0.0,0.0,1.0,0.0,0.0
7133,Normal,Normal,0.0,0.0,0.0,1.0,0.0
7134,DoS/DDoS,DoS/DDoS,0.0,0.0,1.0,0.0,0.0
7135,Bot,Bot,0.9998197911964907,0.0,0.0,0.00018020880350936918,0.0
7136,DoS/DDoS,DoS/DDoS,0.0,0.0,1.0,0.0,0.0
7137,Normal,Normal,0.0,0.0,0.0,1.0,0.0
7138,Brute Force,Brute Force,0.0,1.0,0.0,0.0,0.0
7139,Normal,Normal,0.0,0.010927100962366612,0.0,0.9834436374819401,0.005629261555693226
7140,Bot,Bot,0.9762633439896092,0.0,5.367481851905866e-05,0.023682981191871892,0.0
7141,Normal,Normal,0.0,0.0,0.0,1.0,0.0
7142,Brute Force,Brute Force,0.0,0.8512791260687493,2.119664097954856e-06,0.001777470187704116,0.14694128407944884
7143,DoS/DDoS,DoS/DDoS,0.0,0.0,1.0,0.0,0.0
7144,DoS/DDoS,DoS/DDoS,0.0,0.0003353286992620004,0.999664671300738,0.0,0.0
7145,DoS/DDoS,DoS/DDoS,0.0,0.0,1.0,0.0,0.0
7146,Bot,Bot,0.9792982541374491,0.0,4.526272127891693e-05,0.020656483141272095,0.0
7147,DoS/DDoS,DoS/DDoS,0.0,0.0,1.0,0.0,0.0
7148,Normal,Normal,0.0,0.0,0.0,1.0,0.0
7149,Bot,Bot,0.990486243072115,0.0,0.0,0.009513756927885034,0.0
7150,Normal,Normal,0.0,0.0,0.0074688101967703025,0.9925311898032296,0.0
7151,DoS/DDoS,DoS/DDoS,0.0,0.0,0.9991599881493601,0.0008400118506398297,0.0
7152,Brute Force,Brute Force,0.0,1.0,0.0,0.0,0.0
7153,Normal,Normal,0.0,0.0,0.0,1.0,0.0
7154,DoS/DDoS,DoS/DDoS,0.0,0.0,1.0,0.0,0.0
7155,DoS/DDoS,DoS/DDoS,0.0,0.0,1.0,0.0,0.0
7156,Normal,Normal,0.0,0.0,0.0,1.0,0.0
7157,DoS/DDoS,DoS/DDoS,0.0,0.0,1.0,0.0,0.0
7158,Normal,Normal,0.0,0.0,0.0,1.0,0.0
7159,Brute Force,Brute Force,0.0,1.0,0.0,0.0,0.0
7160,Normal,Normal,0.0,0.0,0.0,1.0,0.0
7161,Normal,Normal,0.0,0.0,0.0,1.0,0.0
7162,DoS/DDoS,DoS/DDoS,0.0,0.0,1.0,0.0,0.0
7163,DoS/DDoS,DoS/DDoS,0.0,0.0,0.9925296516589504,0.0074703483410496156,0.0
7164,Normal,Normal,0.0,0.0,0.18604115365384707,0.8139588463461529,0.0
7165,DoS/DDoS,DoS/DDoS,0.0,0.0,1.0,0.0,0.0
7166,DoS/DDoS,DoS/DDoS,0.0,0.0,1.0,0.0,0.0
7167,Normal,Normal,0.0,0.0,0.0,1.0,0.0
7168,DoS/DDoS,DoS/DDoS,0.0,0.0,1.0,0.0,0.0
7169,Brute Force,Brute Force,0.0,1.0,0.0,0.0,0.0
7170,Normal,Normal,0.0,0.0,0.0,1.0,0.0
7171,Bot,Bot,0.9802185204377846,0.0,4.526272127891693e-05,0.019736216840936585,0.0
7172,Normal,Normal,0.0,0.0,0.0,1.0,0.0
7173,DoS/DDoS,DoS/DDoS,0.0,0.0,1.0,0.0,0.0
7174,Normal,Normal,0.01,0.00790293351455431,0.019446214744810963,0.9626508517406347,0.0
7175,Brute Force,Brute Force,0.0,1.0,0.0,0.0,0.0
7176,Normal,Normal,0.0,0.0,0.0,1.0,0.0
7177,DoS/DDoS,DoS/DDoS,0.0,0.01,0.9127126538219774,0.07728734617802269,0.0
7178,DoS/DDoS,DoS/DDoS,0.0,0.0,1.0,0.0,0.0
7179,DoS/DDoS,DoS/DDoS,0.0,0.0,1.0,0.0,0.0
7180,DoS/DDoS,DoS/DDoS,0.0,0.0012664794550270107,0.9835773188722196,0.015156201672753214,0.0
7181,DoS/DDoS,DoS/DDoS,0.0,0.0,1.0,0.0,0.0
7182,DoS/DDoS,DoS/DDoS,0.0,0.0,1.0,0.0,0.0
7183,DoS/DDoS,DoS/DDoS,0.0,0.0,1.0,0.0,0.0
7184,Brute Force,Brute Force,0.0,1.0,0.0,0.0,0.0
7185,Brute Force,Brute Force,0.0,1.0,0.0,0.0,0.0
7186,Normal,Normal,0.0,0.0,0.006672703011818528,0.9834934076115353,0.00983388937664618
7187,DoS/DDoS,DoS/DDoS,0.0,0.0,1.0,0.0,0.0
7188,Normal,Normal,0.0,0.007260073381657718,0.0,0.9927399266183423,0.0
7189,Brute Force,Brute Force,0.0,1.0,0.0,0.0,0.0
7190,Normal,Normal,0.0,0.0,0.0,1.0,0.0
7191,Normal,Normal,0.0,0.0,0.0,1.0,0.0
7192,Normal,Normal,0.0,0.0,0.0,1.0,0.0
7193,DoS/DDoS,DoS/DDoS,0.0,0.0,1.0,0.0,0.0
7194,Normal,Normal,0.0,0.0,0.0,1.0,0.0
7195,Normal,Normal,0.0,0.0,0.0,1.0,0.0
7196,Normal,Normal,0.0,0.0,0.0,1.0,0.0
7197,Normal,Normal,0.0,0.0,0.0,1.0,0.0
7198,Normal,Normal,0.0,0.01615434626579087,0.0,0.9734786772445687,0.010366976489640278
7199,DoS/DDoS,DoS/DDoS,0.0,0.0,1.0,0.0,0.0
7200,Normal,Normal,0.0,0.003842639733604866,0.021490016523834504,0.9746673437425606,0.0
7201,Normal,Normal,0.0,0.0,0.0,1.0,0.0
7202,Brute Force,Brute Force,0.0,1.0,0.0,0.0,0.0
7203,Normal,Normal,0.0,0.0,0.009085468983672735,0.9909145310163274,0.0
7204,Normal,Normal,0.0,0.0,0.0,1.0,0.0
7205,Brute Force,Brute Force,0.0,1.0,0.0,0.0,0.0
7206,Brute Force,Brute Force,0.0,1.0,0.0,0.0,0.0
7207,Normal,Normal,0.0,0.002948959197520225,0.005008218982275586,0.9851869495988886,0.006855872221315653
7208,Normal,Normal,0.0,0.0,0.0,1.0,0.0
7209,DoS/DDoS,DoS/DDoS,0.0,0.0012664794550270107,0.9228384049087804,0.0758951156361924,0.0
7210,DoS/DDoS,DoS/DDoS,0.0,0.0,1.0,0.0,0.0
7211,Normal,Normal,0.0,0.0,0.0,1.0,0.0
7212,Normal,Normal,0.0,0.02794217821223891,0.0,0.7406158008919506,0.2314420208958105
7213,DoS/DDoS,DoS/DDoS,0.0,0.0012664794550270107,0.9937070276575132,0.005026492887459714,0.0
7214,Brute Force,Brute Force,0.0,1.0,0.0,0.0,0.0
7215,Brute Force,Brute Force,0.0,1.0,0.0,0.0,0.0
7216,DoS/DDoS,DoS/DDoS,0.0,0.0,1.0,0.0,0.0
7217,Brute Force,Brute Force,0.0,0.8253011359090605,1.6281103216542896e-05,0.0017628493737877635,0.17291973361393523
7218,Brute Force,Brute Force,0.0,1.0,0.0,0.0,0.0
7219,Normal,Normal,0.0,0.0,0.0,1.0,0.0
7220,Normal,Normal,0.0,0.0,0.0,1.0,0.0
7221,DoS/DDoS,DoS/DDoS,0.0,0.0,1.0,0.0,0.0
7222,Brute Force,Brute Force,0.0,1.0,0.0,0.0,0.0
7223,Normal,Normal,0.0,0.0,0.0,1.0,0.0
7224,DoS/DDoS,DoS/DDoS,0.0,0.0,1.0,0.0,0.0
7225,DoS/DDoS,DoS/DDoS,0.0,0.0,1.0,0.0,0.0
7226,Normal,Normal,0.0,0.014812614417463989,0.0,0.985187385582536,0.0
7227,DoS/DDoS,DoS/DDoS,0.0,0.0,1.0,0.0,0.0
7228,DoS/DDoS,DoS/DDoS,0.0,0.0,1.0,0.0,0.0
7229,Normal,Normal,0.0,0.029520557265595535,0.0,0.9326927751116891,0.03778666762271545
7230,DoS/DDoS,DoS/DDoS,0.0,0.0,1.0,0.0,0.0
7231,Brute Force,Web Attack,0.0,0.2698283907701694,2.119664097954856e-06,0.003946897772826236,0.7262225917929064
7232,DoS/DDoS,DoS/DDoS,0.0,0.0,1.0,0.0,0.0
7233,DoS/DDoS,DoS/DDoS,0.0,0.0,1.0,0.0,0.0
7234,DoS/DDoS,DoS/DDoS,0.0,0.0,1.0,0.0,0.0
7235,Normal,Normal,0.14973054401724004,0.0,5.727990776553909e-06,0.8502637279919835,0.0
7236,DoS/DDoS,DoS/DDoS,0.0,0.0,1.0,0.0,0.0
7237,Normal,Normal,0.0,0.0,0.0,1.0,0.0
7238,Brute Force,Brute Force,0.0,1.0,0.0,0.0,0.0
7239,DoS/DDoS,DoS/DDoS,0.0,0.0,1.0,0.0,0.0
7240,DoS/DDoS,DoS/DDoS,0.0,0.0,1.0,0.0,0.0
7241,Normal,Normal,0.0,0.0,0.0,1.0,0.0
7242,Brute Force,Brute Force,0.0,1.0,0.0,0.0,0.0
7243,DoS/DDoS,DoS/DDoS,0.0,0.0,1.0,0.0,0.0
7244,Brute Force,Brute Force,0.0,1.0,0.0,0.0,0.0
7245,Brute Force,Brute Force,0.0,1.0,0.0,0.0,0.0
7246,Normal,Normal,0.0,0.0,0.0,1.0,0.0
7247,Normal,Normal,0.0,0.0,0.0,1.0,0.0
7248,Brute Force,Brute Force,0.0,1.0,0.0,0.0,0.0
7249,DoS/DDoS,DoS/DDoS,0.0,0.006536393810481042,0.983463606189519,0.0,0.01
7250,Normal,Normal,0.0,0.0,0.0,1.0,0.0
7251,Brute Force,Brute Force,0.0,1.0,0.0,0.0,0.0
7252,Normal,Normal,0.0,0.0,0.0,1.0,0.0
7253,Normal,Normal,0.0,0.06335631236429104,0.010164340733985287,0.7702802861367346,0.15619906076498927
7254,DoS/DDoS,DoS/DDoS,0.0,0.001241397398563415,0.995161534503387,0.003597068098049585,0.0
7255,DoS/DDoS,DoS/DDoS,0.0,0.0,1.0,0.0,0.0
7256,Brute Force,Brute Force,0.0,1.0,0.0,0.0,0.0
7257,DoS/DDoS,DoS/DDoS,0.0,0.0,1.0,0.0,0.0
7258,DoS/DDoS,DoS/DDoS,0.0,0.0,1.0,0.0,0.0
7259,Brute Force,Brute Force,0.0,1.0,0.0,0.0,0.0
7260,Normal,Normal,0.0,0.0,0.0,1.0,0.0
7261,Normal,Normal,0.0,0.0,0.0,1.0,0.0
7262,Brute Force,Brute Force,0.0,1.0,0.0,0.0,0.0
7263,DoS/DDoS,DoS/DDoS,0.0,0.0,1.0,0.0,0.0
7264,Bot,Bot,0.9784472652000624,0.0,8.613965503765377e-05,0.02146659514489996,0.0
7265,DoS/DDoS,DoS/DDoS,0.0,0.0,1.0,0.0,0.0
7266,Normal,Normal,0.0,0.0,0.0,1.0,0.0
7267,Normal,Normal,0.0,0.001992519967081713,0.007423285907051927,0.9905841941258662,0.0
7268,DoS/DDoS,DoS/DDoS,0.0,0.0,1.0,0.0,0.0
7269,Brute Force,Brute Force,0.0,1.0,0.0,0.0,0.0
7270,Normal,Normal,0.0,0.0065902432218760175,0.0,0.9934097567781239,0.0
7271,DoS/DDoS,DoS/DDoS,0.0,0.0,1.0,0.0,0.0
7272,Normal,Normal,0.0,0.0,0.0,1.0,0.0
7273,DoS/DDoS,DoS/DDoS,0.0,0.0,1.0,0.0,0.0
7274,Normal,Normal,0.0,0.0,0.0,1.0,0.0
7275,DoS/DDoS,DoS/DDoS,0.0,0.0,1.0,0.0,0.0
7276,Normal,Normal,0.0,0.0065086548779918815,0.006649017363098645,0.9868423277589095,0.0
7277,Bot,Bot,1.0,0.0,0.0,0.0,0.0
7278,Normal,Normal,0.0,0.0,0.0,1.0,0.0
7279,DoS/DDoS,DoS/DDoS,0.0,0.0,1.0,0.0,0.0
7280,Normal,Normal,0.0,0.0,0.0,1.0,0.0
7281,Normal,Normal,0.0,0.0,0.0,1.0,0.0
7282,Normal,Normal,0.01,0.0,0.0,0.99,0.0
7283,Normal,Normal,0.0,0.0,0.0,1.0,0.0
7284,Normal,Normal,0.0,0.0,0.0,1.0,0.0
7285,DoS/DDoS,DoS/DDoS,0.0,0.0,1.0,0.0,0.0
7286,Normal,Normal,0.0,0.0026842031655725062,0.0017031610129308308,0.992567416764111,0.003045219057385608
7287,DoS/DDoS,DoS/DDoS,0.0,0.011067853640863374,0.7851526822382353,0.20377946412090137,0.0
7288,DoS/DDoS,DoS/DDoS,0.0,0.0,1.0,0.0,0.0
7289,Web Attack,Web Attack,0.0,0.04936877418783588,2.119664097954856e-06,0.0005481931592281273,0.9500809129888377
7290,DoS/DDoS,DoS/DDoS,0.0,0.0,1.0,0.0,0.0
7291,DoS/DDoS,DoS/DDoS,0.0,0.0,1.0,0.0,0.0
7292,Normal,Normal,0.0,0.001905657120980577,0.0,0.9950491238216338,0.003045219057385608
7293,DoS/DDoS,DoS/DDoS,0.0,0.0,1.0,0.0,0.0
7294,Normal,Normal,0.0,0.0,0.0,1.0,0.0
7295,Normal,Normal,0.0,0.0,0.0,1.0,0.0
7296,Brute Force,Brute Force,0.0,1.0,0.0,0.0,0.0
7297,Brute Force,Brute Force,0.0,1.0,0.0,0.0,0.0
7298,Normal,Normal,0.0,0.00813425811127265,0.0,0.9888205228313418,0.003045219057385608
7299,DoS/DDoS,DoS/DDoS,0.0,0.0,1.0,0.0,0.0
7300,Normal,Normal,0.1783938846411715,0.0,0.0004587517093590643,0.8211473636494692,0.0
7301,Normal,Normal,0.0,0.0,0.0,1.0,0.0
7302,Normal,Normal,0.0,0.0003567545735037896,0.0271926124436423,0.9555477277596719,0.016902905223182055
7303,Normal,Normal,0.0,0.0,0.0,1.0,0.0
7304,Normal,Bot,0.8154696675862877,0.0,9.837608005517552e-05,0.1844319563336572,0.0
7305,Normal,Normal,0.0,0.0,0.0,1.0,0.0
7306,Brute Force,Brute Force,0.0,1.0,0.0,0.0,0.0
7307,Normal,Normal,0.0,0.004819950331125828,0.0,0.9951800496688742,0.0
7308,DoS/DDoS,DoS/DDoS,0.0,0.0,1.0,0.0,0.0
7309,Brute Force,Brute Force,0.0,1.0,0.0,0.0,0.0
7310,DoS/DDoS,DoS/DDoS,0.0,0.0,1.0,0.0,0.0
7311,Brute Force,Brute Force,0.0,1.0,0.0,0.0,0.0
7312,Brute Force,Brute Force,0.0,1.0,0.0,0.0,0.0
7313,Normal,Normal,0.0,0.0,0.0,1.0,0.0
7314,DoS/DDoS,DoS/DDoS,0.0,0.0,1.0,0.0,0.0
7315,DoS/DDoS,DoS/DDoS,0.0,0.01794000455373406,0.6008203404379712,0.3812396550082948,0.0
7316,DoS/DDoS,DoS/DDoS,0.0,0.0,1.0,0.0,0.0
7317,Normal,Normal,0.14232614510789857,0.0,1.185981413265176e-05,0.857661995077969,0.0
7318,Normal,Normal,0.0,0.0,0.0,1.0,0.0
7319,Normal,Normal,0.0,0.0,0.0,1.0,0.0
7320,DoS/DDoS,DoS/DDoS,0.0,0.0,1.0,0.0,0.0
7321,Normal,Normal,0.0,0.00902416066692111,0.0,0.9726391022423279,0.018336737090751072
7322,DoS/DDoS,DoS/DDoS,0.0,0.0,1.0,0.0,0.0
7323,DoS/DDoS,DoS/DDoS,0.0,0.0,0.9966268216020573,0.003373178397942661,0.0
7324,Bot,Bot,1.0,0.0,0.0,0.0,0.0
7325,DoS/DDoS,DoS/DDoS,0.0,0.0,1.0,0.0,0.0
7326,Brute Force,Brute Force,0.0,1.0,0.0,0.0,0.0
7327,Brute Force,Brute Force,0.0,1.0,0.0,0.0,0.0
7328,Brute Force,Brute Force,0.0,1.0,0.0,0.0,0.0
7329,Normal,Normal,0.0,0.0,0.0,1.0,0.0
7330,DoS/DDoS,DoS/DDoS,0.0,0.0,1.0,0.0,0.0
7331,Normal,Normal,0.0,0.0,0.0,1.0,0.0
7332,Brute Force,Brute Force,0.0,1.0,0.0,0.0,0.0
7333,Normal,Normal,0.0,0.0,0.0,1.0,0.0
7334,Brute Force,Brute Force,0.0,1.0,0.0,0.0,0.0
7335,Brute Force,Brute Force,0.0,1.0,0.0,0.0,0.0
7336,Normal,Normal,0.0,0.0,0.0,1.0,0.0
7337,DoS/DDoS,DoS/DDoS,0.0,0.0,1.0,0.0,0.0
7338,DoS/DDoS,DoS/DDoS,0.0,0.0,0.9987707187539315,0.0012292812460683322,0.0
7339,DoS/DDoS,DoS/DDoS,0.0,0.0,1.0,0.0,0.0
7340,Bot,Bot,1.0,0.0,0.0,0.0,0.0
7341,Brute Force,Brute Force,0.0,1.0,0.0,0.0,0.0
7342,Brute Force,Brute Force,0.0,1.0,0.0,0.0,0.0
7343,DoS/DDoS,DoS/DDoS,0.0,0.0,1.0,0.0,0.0
7344,Normal,Normal,0.0,0.0,0.0,1.0,0.0
7345,DoS/DDoS,DoS/DDoS,0.0,0.0,1.0,0.0,0.0
7346,Brute Force,Brute Force,0.0,1.0,0.0,0.0,0.0
7347,Brute Force,Brute Force,0.0,0.7656422513821336,1.6281103216542896e-05,0.0013133240641469038,0.23302814345050293
7348,Normal,Normal,0.0,0.0,0.0,1.0,0.0
7349,Normal,Normal,0.0,0.0,0.0,1.0,0.0
7350,Normal,Normal,0.0,0.0039071023196870355,0.032801345320082144,0.9632915523602308,0.0
7351,Normal,Normal,0.0,0.02818667540114087,0.0,0.9630697614698412,0.008743563129017968
7352,DoS/DDoS,DoS/DDoS,0.0,0.0,1.0,0.0,0.0
7353,Normal,Normal,0.00045391557554762117,0.0,0.0013511924374098954,0.9981948919870425,0.0
7354,Brute Force,Brute Force,0.0,1.0,0.0,0.0,0.0
7355,Normal,Normal,0.0,0.0,0.0,1.0,0.0
7356,Brute Force,Brute Force,0.0,1.0,0.0,0.0,0.0
7357,Brute Force,Web Attack,0.0,0.32743375479694214,1.278549656947793e-05,0.0011601404193232647,0.6713933192871653
7358,Normal,Normal,0.0,0.0048017712585622365,0.0475197767518141,0.9476784519896236,0.0
7359,Brute Force,Brute Force,0.0,1.0,0.0,0.0,0.0
7360,DoS/DDoS,DoS/DDoS,0.0,0.0,1.0,0.0,0.0
7361,Bot,Bot,0.7695763656369365,0.0,0.0012148778060874013,0.22920875655697592,0.0
7362,Normal,Normal,0.0,0.0,0.0,1.0,0.0
7363,Normal,Normal,0.0,0.0,0.0,1.0,0.0
7364,Bot,Bot,0.999862889809522,0.0,0.0,0.0001371101904781414,0.0
7365,Normal,Normal,0.3154759821100324,0.0,6.396830909891647e-05,0.6844600495808686,0.0
7366,Brute Force,Brute Force,0.0,1.0,0.0,0.0,0.0
7367,Normal,Normal,0.01,0.0,0.10480952185976648,0.8851904781402338,0.0
7368,DoS/DDoS,DoS/DDoS,0.0,0.0,1.0,0.0,0.0
7369,Normal,Normal,0.0,0.0,0.006684182869153967,0.993315817130846,0.0
7370,DoS/DDoS,DoS/DDoS,0.0,0.0,1.0,0.0,0.0
7371,Normal,Normal,0.0,0.0,0.0,1.0,0.0
7372,DoS/DDoS,DoS/DDoS,0.0,0.0,1.0,0.0,0.0
7373,DoS/DDoS,DoS/DDoS,0.0,0.0,0.961756934423361,0.022029681650277903,0.016213383926361014
7374,DoS/DDoS,DoS/DDoS,0.0,0.0,1.0,0.0,0.0
7375,DoS/DDoS,DoS/DDoS,0.0,0.0,0.991539564632981,0.008460435367019035,0.0
7376,Normal,Normal,0.009562034232846607,0.01655312847093669,0.00022955373686064148,0.973655283559356,0.0
7377,DoS/DDoS,DoS/DDoS,0.0,0.0,0.9920516302051868,0.00794836979481309,0.0
7378,Normal,Normal,0.0,0.01,0.02503696260676093,0.9649630373932391,0.0
7379,Normal,Normal,0.0,0.0,0.003489154917067684,0.9881704035317884,0.008340441551143806
7380,Normal,Normal,0.0,0.0,0.0,1.0,0.0
7381,Brute Force,Web Attack,0.0,0.3768382477292802,1.278549656947793e-05,0.0008780711316735084,0.6222708956424767
7382,Normal,Normal,0.0,0.0,0.0,1.0,0.0
7383,Brute Force,Brute Force,0.0,1.0,0.0,0.0,0.0
7384,Brute Force,Brute Force,0.0,1.0,0.0,0.0,0.0
7385,Brute Force,Brute Force,0.0,1.0,0.0,0.0,0.0
7386,Brute Force,Web Attack,0.0,0.1660292010420073,2.119664097954856e-06,0.0006516183526529315,0.8333170609412416
7387,DoS/DDoS,DoS/DDoS,0.0,0.0,0.9998779831753416,0.00012201682465843791,0.0
7388,DoS/DDoS,DoS/DDoS,0.0,0.0,1.0,0.0,0.0
7389,Normal,Normal,0.0,0.0,0.0,1.0,0.0
7390,Normal,Normal,0.14022190760552986,0.0,1.185981413265176e-05,0.8597662325803376,0.0
7391,Normal,Normal,0.0,0.0,0.0,1.0,0.0
7392,Normal,Normal,0.0,0.0,0.0,1.0,0.0
7393,Normal,Normal,0.0,0.0,8.982829642318197e-05,0.9999101717035768,0.0
7394,Brute Force,Brute Force,0.0,1.0,0.0,0.0,0.0
7395,DoS/DDoS,DoS/DDoS,0.0,0.0,1.0,0.0,0.0
7396,Normal,Normal,0.0012869184796038846,0.0,0.008043887632119096,0.990669193888277,0.0
7397,Normal,Normal,0.0,0.0,0.0,1.0,0.0
7398,Normal,Normal,0.0,0.0,0.0,1.0,0.0
7399,Normal,Normal,0.0,0.0,0.02,0.98,0.0
7400,Normal,Normal,0.0,0.0,0.0,1.0,0.0
7401,Normal,Normal,0.0,0.0,0.0,1.0,0.0
7402,Brute Force,Brute Force,0.0,1.0,0.0,0.0,0.0
7403,Normal,Normal,0.0,0.0,0.0,1.0,0.0
7404,DoS/DDoS,DoS/DDoS,0.0,0.0,1.0,0.0,0.0
7405,DoS/DDoS,DoS/DDoS,0.0,0.0,1.0,0.0,0.0
7406,Bot,Bot,0.9824140229257324,0.0,4.362009610206515e-05,0.01754235697816563,0.0
7407,DoS/DDoS,DoS/DDoS,0.0,0.0,1.0,0.0,0.0
7408,DoS/DDoS,DoS/DDoS,0.0,0.0,1.0,0.0,0.0
7409,Brute Force,Brute Force,0.0,1.0,0.0,0.0,0.0
7410,Brute Force,Brute Force,0.0,1.0,0.0,0.0,0.0
7411,Normal,Normal,0.0,0.04619194595122687,0.0,0.9276477534065987,0.026160300642174367
7412,Normal,Normal,0.0,0.0,0.0,1.0,0.0
7413,Brute Force,Brute Force,0.0,1.0,0.0,0.0,0.0
7414,DoS/DDoS,DoS/DDoS,0.0,0.0,1.0,0.0,0.0
7415,Normal,Normal,0.0,0.030179159826424214,0.002605366676032593,0.9672154734975432,0.0
7416,DoS/DDoS,DoS/DDoS,0.0,0.0,1.0,0.0,0.0
7417,DoS/DDoS,DoS/DDoS,0.0,0.0,0.9991599881493601,0.0008400118506398297,0.0
7418,DoS/DDoS,DoS/DDoS,0.0,0.0,1.0,0.0,0.0
7419,Brute Force,Brute Force,0.0,1.0,0.0,0.0,0.0
7420,Bot,Bot,0.9821833386093107,0.0,4.362009610206515e-05,0.01777304129458741,0.0
7421,Brute Force,Brute Force,0.0,1.0,0.0,0.0,0.0
7422,DoS/DDoS,DoS/DDoS,0.0,0.0,1.0,0.0,0.0
7423,Normal,Normal,0.0,0.0,0.007444762573604884,0.9925552374263951,0.0
7424,DoS/DDoS,DoS/DDoS,0.0,0.0,1.0,0.0,0.0
7425,Normal,Normal,0.0,0.002273017308919384,0.0,0.9977269826910806,0.0
7426,DoS/DDoS,DoS/DDoS,0.0,0.0,1.0,0.0,0.0
7427,Brute Force,Web Attack,0.0,0.053402643325794426,2.119664097954856e-06,0.0006234473450803156,0.9459717896650269
7428,Normal,Normal,0.00045391557554762117,0.0049438865651629214,0.46419485920668047,0.530407338652609,0.0
7429,Normal,Normal,0.0,0.0,0.0,1.0,0.0
7430,DoS/DDoS,DoS/DDoS,0.0,0.0,1.0,0.0,0.0
7431,Normal,Normal,0.0,0.0,0.0,1.0,0.0
7432,DoS/DDoS,DoS/DDoS,0.0,0.0,1.0,0.0,0.0
7433,DoS/DDoS,DoS/DDoS,0.0,0.0003353286992620004,0.999664671300738,0.0,0.0
7434,Brute Force,Brute Force,0.0,1.0,0.0,0.0,0.0
7435,DoS/DDoS,DoS/DDoS,0.0,0.0,1.0,0.0,0.0
7436,Normal,Normal,0.0,0.0,0.0,1.0,0.0
7437,Brute Force,Normal,0.0,0.11491815985114913,0.05021983357401296,0.5008205989323066,0.3340414076425314
7438,Brute Force,Brute Force,0.0,1.0,0.0,0.0,0.0
7439,Normal,Normal,0.0,0.0,0.0,1.0,0.0
7440,Normal,Normal,0.0,0.0,0.0,1.0,0.0
7441,Brute Force,Brute Force,0.0,1.0,0.0,0.0,0.0
7442,DoS/DDoS,DoS/DDoS,0.0,0.00321615505931293,0.9685141982581706,0.02826964668251644,0.0
7443,DoS/DDoS,DoS/DDoS,0.0,0.0,1.0,0.0,0.0
7444,DoS/DDoS,DoS/DDoS,0.0,0.0003353286992620004,0.956561147671177,0.04310352362956096,0.0
7445,Normal,Normal,0.0,0.0,0.0,1.0,0.0
7446,Brute Force,Brute Force,0.0,1.0,0.0,0.0,0.0
7447,Normal,Normal,0.0,0.01170574003754102,0.0,0.982256191463214,0.006038068499245142
7448,DoS/DDoS,DoS/DDoS,0.0,0.0,1.0,0.0,0.0
7449,Normal,Normal,0.0,0.00789534523104683,0.02826456573060421,0.963840089038349,0.0
7450,Brute Force,Brute Force,0.0,1.0,0.0,0.0,0.0
7451,Web Attack,Web Attack,0.0,0.43178608414149544,2.119664097954856e-06,0.0006018126366785768,0.5676099835577277
7452,DoS/DDoS,DoS/DDoS,0.0,0.0,1.0,0.0,0.0
7453,DoS/DDoS,DoS/DDoS,0.0,0.0,1.0,0.0,0.0
7454,Brute Force,Brute Force,0.0,1.0,0.0,0.0,0.0
7455,Brute Force,Web Attack,0.0,0.12084551412657643,2.119664097954856e-06,0.0005430927453162934,0.8786092734640093
7456,Normal,Normal,0.0,0.0,0.0,1.0,0.0
7457,Normal,Normal,0.0,0.0,0.0,1.0,0.0
7458,DoS/DDoS,DoS/DDoS,0.0,0.0,0.9698274028365154,0.030172597163484572,0.0
7459,Normal,Normal,0.01835972095844707,0.0,0.00499231291787336,0.9766479661236795,0.0
7460,DoS/DDoS,DoS/DDoS,0.0,0.0,1.0,0.0,0.0
7461,DoS/DDoS,DoS/DDoS,0.0,0.0,0.9991599881493601,0.0008400118506398297,0.0
7462,Normal,Normal,0.0,0.0,0.0,1.0,0.0
7463,DoS/DDoS,DoS/DDoS,0.0,0.0,1.0,0.0,0.0
7464,Normal,Normal,0.0,0.0,0.0,1.0,0.0
7465,DoS/DDoS,DoS/DDoS,0.0,0.0,1.0,0.0,0.0
7466,Brute Force,Brute Force,0.0,1.0,0.0,0.0,0.0
7467,Normal,Normal,0.0,0.0,0.07728758768009068,0.9133087885985748,0.00940362372133449
7468,Bot,Bot,1.0,0.0,0.0,0.0,0.0
7469,Normal,Normal,0.0,0.0,0.03297207421268977,0.9670279257873102,0.0
7470,Normal,Normal,0.0,0.0,0.0,1.0,0.0
7471,DoS/DDoS,DoS/DDoS,0.0,0.0,1.0,0.0,0.0
7472,Brute Force,Brute Force,0.0,1.0,0.0,0.0,0.0
7473,Normal,Normal,0.0,0.0,0.0,1.0,0.0
7474,DoS/DDoS,DoS/DDoS,0.0,0.0,1.0,0.0,0.0
7475,Normal,Normal,0.0,0.0,0.0,1.0,0.0
7476,DoS/DDoS,DoS/DDoS,0.0,0.0,0.9999515620674263,4.843793257365714e-05,0.0
7477,DoS/DDoS,DoS/DDoS,0.0,0.0,0.9998779831753416,0.00012201682465843791,0.0
7478,Normal,Normal,0.0,0.0,0.0,1.0,0.0
7479,Bot,Bot,0.9883780812830938,0.0,0.0,0.01162191871690626,0.0
7480,DoS/DDoS,DoS/DDoS,0.0,0.0,1.0,0.0,0.0
7481,Normal,Normal,0.0,0.0,0.0,1.0,0.0
7482,DoS/DDoS,DoS/DDoS,0.0,0.0,1.0,0.0,0.0
7483,Normal,Normal,0.0,0.0,0.0,1.0,0.0
7484,DoS/DDoS,DoS/DDoS,0.0,0.0,1.0,0.0,0.0
7485,Normal,Normal,0.0,0.0,0.0,1.0,0.0
7486,Normal,Normal,0.0,0.0,0.0,1.0,0.0
7487,Brute Force,Brute Force,0.0,1.0,0.0,0.0,0.0
7488,Brute Force,Brute Force,0.0,1.0,0.0,0.0,0.0
7489,Normal,Normal,0.0,0.0,0.0,1.0,0.0
7490,DoS/DDoS,DoS/DDoS,0.0,0.0,1.0,0.0,0.0
7491,Normal,Normal,0.0,0.0,0.00021631245947853207,0.9997836875405214,0.0
7492,DoS/DDoS,DoS/DDoS,0.0,0.0,1.0,0.0,0.0
7493,Normal,Normal,0.0,0.0,0.0,1.0,0.0
7494,Brute Force,Brute Force,0.0,1.0,0.0,0.0,0.0
7495,Brute Force,Brute Force,0.0,1.0,0.0,0.0,0.0
7496,DoS/DDoS,DoS/DDoS,0.0,0.0,1.0,0.0,0.0
7497,Normal,Normal,0.0,0.0,0.0,1.0,0.0
7498,DoS/DDoS,DoS/DDoS,0.0,0.0,1.0,0.0,0.0
7499,DoS/DDoS,DoS/DDoS,0.0,0.0,1.0,0.0,0.0
7500,Normal,Normal,0.0,0.0,0.0,1.0,0.0
7501,Normal,Normal,0.0,0.0,0.0,1.0,0.0
7502,Normal,Normal,0.0,0.0,0.0,1.0,0.0
7503,Normal,Normal,0.0,0.00741366849406829,0.0016704445133735777,0.9909158869925581,0.0
7504,Brute Force,Brute Force,0.0,1.0,0.0,0.0,0.0
7505,DoS/DDoS,DoS/DDoS,0.0,0.0,1.0,0.0,0.0
7506,Brute Force,Brute Force,0.0,1.0,0.0,0.0,0.0
7507,Normal,Normal,0.0,0.0,0.0,1.0,0.0
7508,DoS/DDoS,DoS/DDoS,0.0,0.0,1.0,0.0,0.0
7509,Normal,Normal,0.0,0.0,0.0,1.0,0.0
7510,DoS/DDoS,DoS/DDoS,0.0,0.0,1.0,0.0,0.0
7511,Normal,Normal,0.0,0.0,0.0,1.0,0.0
7512,Normal,Normal,0.0,0.013872467724137917,0.0,0.9861275322758619,0.0
7513,Brute Force,Brute Force,0.0,1.0,0.0,0.0,0.0
7514,DoS/DDoS,DoS/DDoS,0.0,0.0,1.0,0.0,0.0
7515,Brute Force,Brute Force,0.0,1.0,0.0,0.0,0.0
7516,Normal,Normal,0.0,0.0,0.02,0.98,0.0
7517,Normal,Normal,0.0,0.0,0.0,1.0,0.0
7518,Normal,Normal,0.0,0.027959000203121965,0.03621495052301882,0.9272731258871374,0.008552923386721839
7519,DoS/DDoS,DoS/DDoS,0.0,0.0,1.0,0.0,0.0
7520,Normal,Normal,0.0,0.03655312847093669,0.008412024107006592,0.9360410597099914,0.01899378771206519
7521,Brute Force,Brute Force,0.0,0.9896522933590282,0.0,0.010347706640971883,0.0
7522,Normal,Normal,0.026424248048036655,0.0,0.0,0.9735757519519634,0.0
7523,Brute Force,Brute Force,0.0,1.0,0.0,0.0,0.0
7524,Brute Force,Web Attack,0.0,0.32667184014713696,2.9597595240715013e-05,0.0007569074770810327,0.6725416547805412
7525,Web Attack,Brute Force,0.0,0.8247116163143926,1.6281103216542896e-05,0.007116252810037416,0.16815584977235368
7526,Normal,Normal,0.0,0.0,0.0,1.0,0.0
7527,Normal,Normal,0.0,0.0,0.0,1.0,0.0
7528,Normal,Normal,0.0,0.0,0.0,1.0,0.0
7529,Normal,Normal,0.0,0.0,0.0,1.0,0.0
7530,Normal,Normal,0.0,0.0,0.0,1.0,0.0
7531,Normal,Normal,0.0,0.0,0.0,1.0,0.0
7532,Brute Force,Brute Force,0.0,1.0,0.0,0.0,0.0
7533,Brute Force,Brute Force,0.0,1.0,0.0,0.0,0.0
7534,DoS/DDoS,DoS/DDoS,0.0,0.0,1.0,0.0,0.0
7535,Normal,Normal,0.0,0.0,0.006737319441861872,0.9932626805581383,0.0
7536,Normal,Normal,0.0,0.0,0.0,1.0,0.0
7537,Bot,Bot,1.0,0.0,0.0,0.0,0.0
7538,Brute Force,Brute Force,0.0,1.0,0.0,0.0,0.0
7539,DoS/DDoS,DoS/DDoS,0.0,0.0,1.0,0.0,0.0
7540,DoS/DDoS,DoS/DDoS,0.0,0.0,1.0,0.0,0.0
7541,Normal,Normal,0.0,0.0,0.0,1.0,0.0
7542,DoS/DDoS,DoS/DDoS,0.0,0.0,1.0,0.0,0.0
7543,Brute Force,Brute Force,0.0,1.0,0.0,0.0,0.0
7544,Normal,Normal,0.27995459172834347,0.0,2.03050347680737e-06,0.7200433777681802,0.0
7545,DoS/DDoS,DoS/DDoS,0.0,0.0,1.0,0.0,0.0
7546,DoS/DDoS,DoS/DDoS,0.0,0.0,1.0,0.0,0.0
7547,Normal,Normal,0.0,0.0,0.0,1.0,0.0
7548,Brute Force,Brute Force,0.0,1.0,0.0,0.0,0.0
7549,Normal,Bot,0.6695138205583251,0.0,7.247580048435702e-05,0.33041370364119055,0.0
7550,Normal,Normal,0.0,0.009407695949534875,0.0,0.9905923040504651,0.0
7551,Normal,Normal,0.0,0.0,0.0,1.0,0.0
7552,Bot,Bot,0.9822233533699907,0.0,5.367481851905866e-05,0.017722971811490282,0.0
7553,Normal,Normal,0.0,0.0,0.0,1.0,0.0
7554,Normal,Normal,0.0,0.0,0.0,1.0,0.0
7555,Brute Force,Brute Force,0.0,1.0,0.0,0.0,0.0
7556,Normal,Normal,0.0,0.0,0.0,1.0,0.0
7557,Normal,Normal,0.0,0.0,0.0,1.0,0.0
7558,Brute Force,Brute Force,0.0,1.0,0.0,0.0,0.0
7559,DoS/DDoS,DoS/DDoS,0.0,0.0,1.0,0.0,0.0
7560,DoS/DDoS,DoS/DDoS,0.0,0.0,1.0,0.0,0.0
7561,Web Attack,Normal,0.0,0.12604430317799925,0.1250742396670162,0.44684984808416073,0.30203160907082394
7562,DoS/DDoS,DoS/DDoS,0.0,0.0,1.0,0.0,0.0
7563,DoS/DDoS,DoS/DDoS,0.0,0.0,1.0,0.0,0.0
7564,Brute Force,Brute Force,0.0,1.0,0.0,0.0,0.0
7565,Brute Force,Brute Force,0.0,1.0,0.0,0.0,0.0
7566,DoS/DDoS,DoS/DDoS,0.0,0.0,1.0,0.0,0.0
7567,DoS/DDoS,DoS/DDoS,0.0,0.0,1.0,0.0,0.0
7568,Normal,Normal,0.0,0.0,0.0,1.0,0.0
7569,Normal,Normal,0.0,0.0,0.0,1.0,0.0
7570,Brute Force,Web Attack,0.0,0.11060844490757214,2.119664097954856e-06,0.0006207759528405987,0.8887686594754891
7571,Normal,Normal,0.0,0.0,0.0,1.0,0.0
7572,Normal,Normal,0.0,0.0,0.0,1.0,0.0
7573,DoS/DDoS,DoS/DDoS,0.0,0.0,1.0,0.0,0.0
7574,Normal,Normal,0.0,0.0,0.0,1.0,0.0
7575,DoS/DDoS,DoS/DDoS,0.0,0.0,1.0,0.0,0.0
7576,Brute Force,Brute Force,0.0,1.0,0.0,0.0,0.0
7577,Normal,Normal,0.00045391557554762117,0.0037024891665995074,0.01610437473195653,0.9797392205258962,0.0
7578,DoS/DDoS,DoS/DDoS,0.0,0.0,1.0,0.0,0.0
7579,Normal,Normal,0.03912549019607843,0.0,0.1040985114557516,0.85677599834817,0.0
7580,Brute Force,Brute Force,0.0,1.0,0.0,0.0,0.0
7581,Brute Force,Brute Force,0.0,1.0,0.0,0.0,0.0
7582,Normal,Normal,0.0,0.0,0.0,1.0,0.0
7583,DoS/DDoS,DoS/DDoS,0.0,0.007851986070609553,0.9919622690467906,0.00018574488259984488,0.0
7584,DoS/DDoS,DoS/DDoS,0.0,0.0,1.0,0.0,0.0
7585,DoS/DDoS,DoS/DDoS,0.0,0.0012664794550270107,0.9470702274971754,0.05166329304779754,0.0
7586,DoS/DDoS,DoS/DDoS,0.0,0.0,0.9999515620674263,4.843793257365714e-05,0.0
7587,DoS/DDoS,DoS/DDoS,0.0,0.0,1.0,0.0,0.0
7588,DoS/DDoS,DoS/DDoS,0.0,0.0,1.0,0.0,0.0
7589,DoS/DDoS,DoS/DDoS,0.0,0.0,0.9816317754146934,0.010244226185442821,0.008123998399863828
7590,DoS/DDoS,DoS/DDoS,0.0,0.0,1.0,0.0,0.0
7591,DoS/DDoS,DoS/DDoS,0.0,0.0,1.0,0.0,0.0
7592,DoS/DDoS,DoS/DDoS,0.0,0.0,1.0,0.0,0.0
7593,Brute Force,Brute Force,0.0,1.0,0.0,0.0,0.0
7594,Normal,Normal,0.0,0.0,0.0,1.0,0.0
7595,Normal,Normal,0.0,0.004861356319451656,0.0,0.9951386436805484,0.0
7596,DoS/DDoS,DoS/DDoS,0.0,0.0,1.0,0.0,0.0
7597,Normal,Normal,0.0,0.0,0.0,1.0,0.0
7598,Brute Force,Brute Force,0.0,1.0,0.0,0.0,0.0
7599,Normal,Normal,0.0,0.0,0.0,1.0,0.0
7600,Normal,Normal,0.0,0.0,0.0,1.0,0.0
7601,DoS/DDoS,DoS/DDoS,0.0,0.0,1.0,0.0,0.0
7602,DoS/DDoS,DoS/DDoS,0.0,0.0,0.991008544331003,0.008991455668996928,0.0
7603,DoS/DDoS,DoS/DDoS,0.0,0.0,1.0,0.0,0.0
7604,DoS/DDoS,DoS/DDoS,0.0,0.0,1.0,0.0,0.0
7605,DoS/DDoS,DoS/DDoS,0.0,0.0,1.0,0.0,0.0
7606,Normal,Normal,0.0,0.040847797257393494,0.0,0.9591522027426066,0.0
7607,DoS/DDoS,DoS/DDoS,0.0,0.0,1.0,0.0,0.0
7608,Normal,Normal,0.0,0.0,0.0,1.0,0.0
7609,DoS/DDoS,DoS/DDoS,0.0,0.0,1.0,0.0,0.0
7610,Normal,Normal,0.0,0.026334987097171973,0.0,0.7806060605667021,0.1930589523361261
7611,DoS/DDoS,DoS/DDoS,0.0,0.0,1.0,0.0,0.0
7612,Normal,Normal,0.0,0.0,0.0,1.0,0.0
7613,DoS/DDoS,DoS/DDoS,0.0,0.01,0.9813719766911753,0.008628023308824768,0.0
7614,Brute Force,Brute Force,0.0,1.0,0.0,0.0,0.0
7615,Normal,Normal,0.0,0.0,0.0,1.0,0.0
7616,DoS/DDoS,DoS/DDoS,0.0,0.0,1.0,0.0,0.0
7617,Brute Force,Brute Force,0.0,1.0,0.0,0.0,0.0
7618,DoS/DDoS,DoS/DDoS,0.0,0.0,1.0,0.0,0.0
7619,DoS/DDoS,DoS/DDoS,0.0,0.0,1.0,0.0,0.0
7620,Normal,Normal,0.0,0.0,0.0,1.0,0.0
7621,Normal,Normal,0.0,0.0,0.0,1.0,0.0
7622,DoS/DDoS,DoS/DDoS,0.0,0.0,0.9492417601315759,0.05075823986842407,0.0
7623,Brute Force,Brute Force,0.0,1.0,0.0,0.0,0.0
7624,DoS/DDoS,DoS/DDoS,0.0,0.0,0.9065902119433192,0.09340978805668085,0.0
7625,DoS/DDoS,DoS/DDoS,0.0,0.0,1.0,0.0,0.0
7626,Normal,Normal,0.0,0.0,0.0,1.0,0.0
7627,DoS/DDoS,DoS/DDoS,0.0,0.0,1.0,0.0,0.0
7628,DoS/DDoS,DoS/DDoS,0.0,0.0,1.0,0.0,0.0
7629,Normal,Normal,0.0,0.03533757742806051,0.00990068362335044,0.9313001099722511,0.023461628976337936
7630,Normal,Normal,0.0,0.0,0.0,1.0,0.0
7631,DoS/DDoS,DoS/DDoS,0.0,0.0,0.9998779831753416,0.00012201682465843791,0.0
7632,Bot,Bot,1.0,0.0,0.0,0.0,0.0
7633,Normal,Normal,0.0,0.0,0.0,1.0,0.0
7634,DoS/DDoS,DoS/DDoS,0.0,0.0,1.0,0.0,0.0
7635,DoS/DDoS,DoS/DDoS,0.0,0.0,1.0,0.0,0.0
7636,DoS/DDoS,DoS/DDoS,0.0,0.0,1.0,0.0,0.0
7637,Normal,Normal,0.0,0.0,0.0,1.0,0.0
7638,Brute Force,Brute Force,0.0,1.0,0.0,0.0,0.0
7639,DoS/DDoS,DoS/DDoS,0.0,0.0,1.0,0.0,0.0
7640,Normal,Normal,0.0,0.0,0.0,1.0,0.0
7641,Normal,Normal,0.0,0.0,0.0,1.0,0.0
7642,DoS/DDoS,DoS/DDoS,0.0,0.0,1.0,0.0,0.0
7643,Brute Force,Brute Force,0.0,1.0,0.0,0.0,0.0
7644,DoS/DDoS,DoS/DDoS,0.0,0.0,1.0,0.0,0.0
7645,DoS/DDoS,DoS/DDoS,0.0,0.0,1.0,0.0,0.0
7646,Normal,Normal,0.0,0.0,0.0,1.0,0.0
7647,Brute Force,Brute Force,0.0,1.0,0.0,0.0,0.0
7648,Normal,Normal,0.0,0.0,0.0,1.0,0.0
7649,DoS/DDoS,DoS/DDoS,0.0,0.0,1.0,0.0,0.0
7650,Normal,Normal,0.0,0.0,0.0,1.0,0.0
7651,Normal,Normal,0.0,0.0,0.0,1.0,0.0
7652,Brute Force,Brute Force,0.0,1.0,0.0,0.0,0.0
7653,Normal,Normal,0.0,0.0,0.0,1.0,0.0
7654,Brute Force,Brute Force,0.0,1.0,0.0,0.0,0.0
7655,Brute Force,Brute Force,0.0,1.0,0.0,0.0,0.0
7656,DoS/DDoS,DoS/DDoS,0.0,0.0,1.0,0.0,0.0
7657,Bot,Bot,0.9998264245213513,0.0,0.0,0.00017357547864877836,0.0
7658,DoS/DDoS,DoS/DDoS,0.0,0.0,1.0,0.0,0.0
7659,Brute Force,Brute Force,0.0,1.0,0.0,0.0,0.0
7660,Normal,Normal,0.0,0.0,0.028345790991567813,0.9716542090084324,0.0
7661,DoS/DDoS,DoS/DDoS,0.0,0.0,1.0,0.0,0.0
7662,DoS/DDoS,DoS/DDoS,0.0,0.0,1.0,0.0,0.0
7663,Brute Force,Brute Force,0.0,0.9515689367647624,0.0,0.03843106323523769,0.01
7664,Normal,Normal,0.0,0.0,0.0,1.0,0.0
7665,Normal,Normal,0.0,0.0,0.0,1.0,0.0
7666,DoS/DDoS,DoS/DDoS,0.0,0.0,1.0,0.0,0.0
7667,Brute Force,Brute Force,0.0,1.0,0.0,0.0,0.0
7668,Brute Force,Brute Force,0.0,1.0,0.0,0.0,0.0
7669,Brute Force,Brute Force,0.0,1.0,0.0,0.0,0.0
7670,DoS/DDoS,DoS/DDoS,0.0,0.0,1.0,0.0,0.0
7671,Brute Force,Web Attack,0.0,0.44975682281427637,0.000449907651252278,0.004476392348212826,0.5453168771862584
7672,DoS/DDoS,DoS/DDoS,0.0,0.0,1.0,0.0,0.0
7673,Normal,Normal,0.0,0.0,0.0,1.0,0.0
7674,DoS/DDoS,DoS/DDoS,0.0,0.0,1.0,0.0,0.0
7675,DoS/DDoS,DoS/DDoS,0.0,0.0,1.0,0.0,0.0
7676,DoS/DDoS,DoS/DDoS,0.0,0.0,1.0,0.0,0.0
7677,Brute Force,Brute Force,0.0,1.0,0.0,0.0,0.0
7678,Normal,Normal,0.0,0.0,0.40476094304313875,0.5952390569568613,0.0
7679,DoS/DDoS,DoS/DDoS,0.0,0.0,1.0,0.0,0.0
7680,DoS/DDoS,DoS/DDoS,0.0,0.0,1.0,0.0,0.0
7681,Normal,Normal,0.0,0.0,0.0,1.0,0.0
7682,DoS/DDoS,DoS/DDoS,0.0,0.0,1.0,0.0,0.0
7683,Normal,Normal,0.0,0.0,0.0,1.0,0.0
7684,Normal,Normal,0.0,0.0055074726143295,0.0,0.9884544588864255,0.006038068499245142
7685,Brute Force,Brute Force,0.0,1.0,0.0,0.0,0.0
7686,Brute Force,Brute Force,0.0,1.0,0.0,0.0,0.0
7687,Normal,Normal,0.0,0.007879976131617084,0.0,0.9921200238683829,0.0
7688,Brute Force,Brute Force,0.0,1.0,0.0,0.0,0.0
7689,Normal,Normal,0.0,0.0,0.0,1.0,0.0
7690,Brute Force,Web Attack,0.0,0.4567915392771381,2.119664097954856e-06,0.0007434302535257001,0.5424629108052382
7691,Bot,Bot,0.9624269969271421,0.0,4.526272127891693e-05,0.037527740351579096,0.0
7692,DoS/DDoS,DoS/DDoS,0.0,0.0,1.0,0.0,0.0
7693,Normal,Normal,0.0,0.0,0.0,1.0,0.0
7694,Bot,Bot,0.9803104998260466,0.0,4.362009610206515e-05,0.019645880077851438,0.0
7695,Normal,Normal,0.0,0.0,0.0,1.0,0.0
7696,Brute Force,Brute Force,0.0,1.0,0.0,0.0,0.0
7697,DoS/DDoS,DoS/DDoS,0.0,0.0,1.0,0.0,0.0
7698,DoS/DDoS,DoS/DDoS,0.0,0.0,1.0,0.0,0.0
7699,Normal,Normal,0.37079096149631496,0.0,8.461683135657995e-05,0.6291244216723284,0.0
7700,DoS/DDoS,DoS/DDoS,0.0,0.0,1.0,0.0,0.0
7701,DoS/DDoS,DoS/DDoS,0.0,0.0,1.0,0.0,0.0
7702,Normal,Normal,0.0,0.0,0.0,1.0,0.0
7703,Brute Force,Brute Force,0.0,1.0,0.0,0.0,0.0
7704,Normal,Normal,0.0,0.0,0.0,1.0,0.0
7705,DoS/DDoS,DoS/DDoS,0.0,0.0,1.0,0.0,0.0
7706,DoS/DDoS,DoS/DDoS,0.0,0.0,1.0,0.0,0.0
7707,Bot,Bot,1.0,0.0,0.0,0.0,0.0
7708,Normal,Normal,0.0,0.0,0.0,1.0,0.0
7709,Normal,Normal,0.0,0.0,0.0,1.0,0.0
7710,DoS/DDoS,DoS/DDoS,0.0,0.0,1.0,0.0,0.0
7711,DoS/DDoS,DoS/DDoS,0.0,0.0,1.0,0.0,0.0
7712,DoS/DDoS,DoS/DDoS,0.0,0.0,1.0,0.0,0.0
7713,DoS/DDoS,DoS/DDoS,0.0,0.0,1.0,0.0,0.0
7714,DoS/DDoS,DoS/DDoS,0.0,0.0,1.0,0.0,0.0
7715,Normal,Normal,0.0,0.0,0.0,1.0,0.0
7716,Brute Force,Brute Force,0.0,1.0,0.0,0.0,0.0
7717,DoS/DDoS,DoS/DDoS,0.0,0.0,1.0,0.0,0.0
7718,Brute Force,Brute Force,0.0,1.0,0.0,0.0,0.0
7719,DoS/DDoS,DoS/DDoS,0.0,0.0,1.0,0.0,0.0
7720,DoS/DDoS,DoS/DDoS,0.0,0.0,0.9999515620674263,4.843793257365714e-05,0.0
7721,Normal,Normal,0.0,0.0,0.0,1.0,0.0
7722,DoS/DDoS,DoS/DDoS,0.0,0.0,1.0,0.0,0.0
7723,Normal,Normal,0.0,0.0,0.0,1.0,0.0
7724,Normal,Normal,0.0,0.0,0.0,1.0,0.0
7725,DoS/DDoS,DoS/DDoS,0.0,0.0,1.0,0.0,0.0
7726,Brute Force,Web Attack,0.0,0.27757027559973435,2.119664097954856e-06,0.005710502317443572,0.7167171024187239
7727,Brute Force,Brute Force,0.0,1.0,0.0,0.0,0.0
7728,Normal,Normal,0.0,0.0,0.0,1.0,0.0
7729,Normal,Normal,0.0,0.0,0.0,1.0,0.0
7730,Normal,Normal,0.0,0.0,0.0,1.0,0.0
7731,Normal,Normal,0.0,0.0,0.0,1.0,0.0
7732,Brute Force,Brute Force,0.0,1.0,0.0,0.0,0.0
7733,Normal,Normal,0.0,0.0,0.0,1.0,0.0
7734,DoS/DDoS,DoS/DDoS,0.0,0.0,1.0,0.0,0.0
7735,DoS/DDoS,DoS/DDoS,0.0,0.0,0.991539564632981,0.008460435367019035,0.0
7736,Normal,Normal,0.0,0.0,0.0,1.0,0.0
7737,DoS/DDoS,DoS/DDoS,0.0,0.0037942882177759763,0.9842597536280034,0.011945958154220362,0.0
7738,Normal,Normal,0.0,0.0,0.0,1.0,0.0
7739,DoS/DDoS,DoS/DDoS,0.0,0.0,1.0,0.0,0.0
7740,Brute Force,Brute Force,0.0,1.0,0.0,0.0,0.0
7741,Normal,Normal,0.0,0.0,0.0,1.0,0.0
7742,DoS/DDoS,DoS/DDoS,0.0,0.0,1.0,0.0,0.0
7743,DoS/DDoS,DoS/DDoS,0.0,0.0,1.0,0.0,0.0
7744,Normal,Normal,0.0,0.0,0.0,1.0,0.0
7745,Brute Force,Brute Force,0.0,1.0,0.0,0.0,0.0
7746,Normal,Normal,0.0,0.0,0.06580625802535545,0.9341937419746447,0.0
7747,Normal,Normal,0.0,0.0,0.0,1.0,0.0
7748,DoS/DDoS,DoS/DDoS,0.0,0.0,1.0,0.0,0.0
7749,Normal,Normal,0.0,0.0,0.0,1.0,0.0
7750,Normal,Normal,0.0,0.0,0.0009895286472374359,0.9990104713527626,0.0
7751,Normal,Normal,0.0,0.0,0.0,1.0,0.0
7752,Normal,Normal,0.0,0.0,0.0,1.0,0.0
7753,DoS/DDoS,DoS/DDoS,0.0,0.0,1.0,0.0,0.0
7754,Normal,Normal,0.27092230361898495,0.0,1.185981413265176e-05,0.7290658365668825,0.0
7755,Normal,Bot,0.8316959142907142,0.0,0.00010678817729531723,0.16819729753199053,0.0
7756,Brute Force,Brute Force,0.0,1.0,0.0,0.0,0.0
7757,DoS/DDoS,DoS/DDoS,0.0,0.0,0.99,0.01,0.0
7758,Normal,Normal,0.0,0.0,0.0,1.0,0.0
7759,Normal,Normal,0.0,0.0,0.0,1.0,0.0
7760,Web Attack,Web Attack,0.0,0.1242495832198051,2.119664097954856e-06,0.0009771060907345184,0.8747711910253619
7761,Brute Force,Brute Force,0.0,1.0,0.0,0.0,0.0
7762,DoS/DDoS,DoS/DDoS,0.0,0.0,0.9991599881493601,0.0008400118506398297,0.0
7763,DoS/DDoS,DoS/DDoS,0.0,0.0,1.0,0.0,0.0
7764,DoS/DDoS,DoS/DDoS,0.0,0.0003353286992620004,0.9982237978577116,0.0014408734430262954,0.0
7765,Brute Force,Brute Force,0.0,1.0,0.0,0.0,0.0
7766,Normal,Normal,0.0,0.0,0.0,1.0,0.0
7767,Normal,Normal,0.0,0.0,0.01,0.99,0.0
7768,DoS/DDoS,DoS/DDoS,0.0,0.0,1.0,0.0,0.0
7769,Normal,Normal,0.0,0.011050452206261727,0.0,0.9782933224158603,0.010656225377877986
7770,Normal,Normal,0.0,0.013757686242038894,0.2079424323627595,0.7782998813952018,0.0
7771,Normal,Normal,0.0,0.004839696780026428,0.0,0.9951603032199736,0.0
7772,Brute Force,Brute Force,0.0,0.9809377158493585,0.00019811635829269922,0.018864167792348775,0.0
7773,Brute Force,Brute Force,0.0,1.0,0.0,0.0,0.0
7774,DoS/DDoS,DoS/DDoS,0.0,0.0,1.0,0.0,0.0
7775,Normal,Normal,0.01,0.00789082586952222,0.29711093657214166,0.6752229879000958,0.009775249658240462
7776,Normal,Normal,0.0,0.0,0.0,1.0,0.0
7777,Normal,Normal,0.0,0.0,0.0,1.0,0.0
7778,Brute Force,Brute Force,0.0,1.0,0.0,0.0,0.0
7779,Brute Force,Brute Force,0.0,1.0,0.0,0.0,0.0
7780,DoS/DDoS,DoS/DDoS,0.0,0.0,1.0,0.0,0.0
7781,DoS/DDoS,DoS/DDoS,0.0,0.0,1.0,0.0,0.0
7782,Web Attack,Web Attack,0.0,0.25062406796850795,2.119664097954856e-06,0.0006479797404217516,0.7487258326269722
7783,Normal,Normal,0.0,0.0,0.0,1.0,0.0
7784,Normal,Normal,0.0,0.0011326350473643417,0.0,0.9958221458952501,0.003045219057385608
7785,DoS/DDoS,DoS/DDoS,0.0,0.0,1.0,0.0,0.0
7786,DoS/DDoS,DoS/DDoS,0.0,0.0,1.0,0.0,0.0
7787,Normal,Normal,0.0,0.0,0.0,1.0,0.0
7788,DoS/DDoS,DoS/DDoS,0.0,0.0,0.9933474485547759,0.006652551445224217,0.0
7789,DoS/DDoS,DoS/DDoS,0.0,0.0,1.0,0.0,0.0
7790,Brute Force,Brute Force,0.0,1.0,0.0,0.0,0.0
7791,DoS/DDoS,DoS/DDoS,0.0,0.0,1.0,0.0,0.0
7792,Brute Force,Web Attack,0.0,0.37447026347424606,1.278549656947793e-05,0.004499204817735621,0.6210177462114486
7793,Brute Force,Brute Force,0.0,1.0,0.0,0.0,0.0
7794,Brute Force,Brute Force,0.0,1.0,0.0,0.0,0.0
7795,DoS/DDoS,DoS/DDoS,0.0,0.0,1.0,0.0,0.0
7796,Web Attack,Web Attack,0.0,0.13242408919047258,2.119664097954856e-06,0.0006076297506990514,0.8669661613947303
7797,DoS/DDoS,DoS/DDoS,0.0,0.0008453330784817886,0.9483152956535659,0.03814623335518768,0.012693137912764716
7798,DoS/DDoS,DoS/DDoS,0.0,0.0,1.0,0.0,0.0
7799,Bot,Bot,1.0,0.0,0.0,0.0,0.0
7800,Normal,Normal,0.0,0.0,0.0,1.0,0.0
7801,Normal,Normal,0.002849891251961943,0.008344360403523843,0.00022955373686064148,0.9878470252797189,0.0007291693279346996
7802,Bot,Bot,0.999862889809522,0.0,0.0,0.0001371101904781414,0.0
7803,Normal,Normal,0.0,0.04506929469685594,0.0,0.9055861782724048,0.04934452703073933
7804,Brute Force,Brute Force,0.0,1.0,0.0,0.0,0.0
7805,DoS/DDoS,DoS/DDoS,0.0,0.0,1.0,0.0,0.0
7806,DoS/DDoS,DoS/DDoS,0.0,0.0,1.0,0.0,0.0
7807,DoS/DDoS,DoS/DDoS,0.0,0.0,0.9998779831753416,0.00012201682465843791,0.0
7808,DoS/DDoS,DoS/DDoS,0.0,0.0,1.0,0.0,0.0
7809,DoS/DDoS,DoS/DDoS,0.0,0.0,1.0,0.0,0.0
7810,DoS/DDoS,DoS/DDoS,0.0,0.0,1.0,0.0,0.0
7811,Normal,Normal,0.0,0.0,0.0,1.0,0.0
7812,DoS/DDoS,DoS/DDoS,0.0,0.0,1.0,0.0,0.0
7813,Normal,Normal,0.0,0.0,0.0,1.0,0.0
7814,DoS/DDoS,DoS/DDoS,0.0,0.0,1.0,0.0,0.0
7815,DoS/DDoS,DoS/DDoS,0.0,0.0,1.0,0.0,0.0
7816,DoS/DDoS,DoS/DDoS,0.0,0.0,1.0,0.0,0.0
7817,Brute Force,Brute Force,0.0,1.0,0.0,0.0,0.0
7818,DoS/DDoS,DoS/DDoS,0.0,0.0,1.0,0.0,0.0
7819,Normal,Normal,0.0,0.029431572819825905,0.0,0.9578832715871936,0.012685155592980574
7820,Brute Force,Brute Force,0.0,1.0,0.0,0.0,0.0
7821,DoS/DDoS,DoS/DDoS,0.0,0.0,0.9974314940863113,0.002568505913688727,0.0
7822,DoS/DDoS,DoS/DDoS,0.0,0.0,1.0,0.0,0.0
7823,DoS/DDoS,DoS/DDoS,0.0,0.0,1.0,0.0,0.0
7824,Normal,Normal,0.0,0.00651633621893326,0.02005767589048716,0.9556033538883628,0.017822634002216675
7825,Brute Force,Brute Force,0.0,1.0,0.0,0.0,0.0
7826,Brute Force,Brute Force,0.0,1.0,0.0,0.0,0.0
7827,Normal,Normal,0.0,0.0,0.0,1.0,0.0
7828,DoS/DDoS,DoS/DDoS,0.0,0.0,1.0,0.0,0.0
7829,DoS/DDoS,DoS/DDoS,0.0,0.0,1.0,0.0,0.0
7830,Normal,Normal,0.1783938846411715,0.0,0.0004587517093590643,0.8211473636494692,0.0
7831,DoS/DDoS,DoS/DDoS,0.0,0.0,1.0,0.0,0.0
7832,Brute Force,Brute Force,0.0,0.5878351259594241,0.0008412761096329049,0.037775368003066155,0.37354822992787684
7833,Normal,Normal,0.0,0.0,0.0,1.0,0.0
7834,Normal,Normal,0.0,0.0,0.0,1.0,0.0
7835,DoS/DDoS,DoS/DDoS,0.0,0.0,1.0,0.0,0.0
7836,Normal,Normal,0.0,0.0,0.0,1.0,0.0
7837,DoS/DDoS,DoS/DDoS,0.0,0.0,0.9801203241257407,0.019879675874259345,0.0
7838,Normal,Normal,0.0,0.022383161381731704,0.0,0.9679323459044932,0.009684492713775089
7839,DoS/DDoS,DoS/DDoS,0.0,0.0,1.0,0.0,0.0
7840,Normal,Normal,0.0,0.0,0.0,1.0,0.0
7841,DoS/DDoS,DoS/DDoS,0.0,0.0,1.0,0.0,0.0
7842,Brute Force,Brute Force,0.0,1.0,0.0,0.0,0.0
7843,DoS/DDoS,DoS/DDoS,0.0,0.0,1.0,0.0,0.0
7844,Brute Force,Brute Force,0.0,1.0,0.0,0.0,0.0
7845,Normal,Normal,0.0,0.0,0.0,1.0,0.0
7846,Normal,Normal,0.0,0.008864208178614833,0.32418363123681443,0.6622115729258695,0.00474058765870124
7847,DoS/DDoS,DoS/DDoS,0.0,0.0,1.0,0.0,0.0
7848,Normal,Normal,0.016615604360237256,0.0,0.0,0.9833843956397628,0.0
7849,DoS/DDoS,DoS/DDoS,0.0,0.0,1.0,0.0,0.0
7850,DoS/DDoS,DoS/DDoS,0.0,0.0,1.0,0.0,0.0
7851,DoS/DDoS,DoS/DDoS,0.0,0.0,1.0,0.0,0.0
7852,Normal,Normal,0.0,0.0,0.0,1.0,0.0
7853,Brute Force,Brute Force,0.0,1.0,0.0,0.0,0.0
7854,DoS/DDoS,DoS/DDoS,0.0,0.0,1.0,0.0,0.0
7855,Normal,Normal,0.0,0.0,0.0,1.0,0.0
7856,Normal,Normal,0.0,0.0,0.0,1.0,0.0
7857,Normal,Normal,0.0,0.0,0.0,1.0,0.0
7858,DoS/DDoS,DoS/DDoS,0.0,0.0,1.0,0.0,0.0
7859,Brute Force,Brute Force,0.0,1.0,0.0,0.0,0.0
7860,DoS/DDoS,DoS/DDoS,0.0,0.0,1.0,0.0,0.0
7861,Normal,Normal,0.0,0.0,0.01,0.99,0.0
7862,DoS/DDoS,DoS/DDoS,0.0,0.0,1.0,0.0,0.0
7863,Bot,Bot,0.9820633368082403,0.0,4.362009610206515e-05,0.01789304309565755,0.0
7864,Normal,Normal,0.0,0.0,0.0,1.0,0.0
7865,Brute Force,Brute Force,0.0,1.0,0.0,0.0,0.0
7866,DoS/DDoS,DoS/DDoS,0.0,0.0,1.0,0.0,0.0
7867,Normal,Normal,0.0,0.0,0.0,1.0,0.0
7868,Brute Force,Brute Force,0.0,1.0,0.0,0.0,0.0
7869,DoS/DDoS,DoS/DDoS,0.0,0.0,1.0,0.0,0.0
7870,Normal,Normal,0.0,0.00017307140283731712,0.042333749179755166,0.9455805696594857,0.011912609757921886
7871,Normal,Normal,0.3853782384629391,0.0,0.008699359770738161,0.6059224017663227,0.0
7872,Normal,Normal,0.009537125666621085,0.0,0.0024942391168432153,0.9879686352165358,0.0
7873,Bot,Bot,0.9666795691022013,0.0,2.9956241548768396e-05,0.03329047465624977,0.0
7874,DoS/DDoS,DoS/DDoS,0.0,0.036346187596617646,0.9007311432650309,0.025721572901226574,0.03720109623712492
7875,Bot,Bot,0.9722177320757985,0.0,2.9956241548768396e-05,0.02775231168265264,0.0
7876,Brute Force,Brute Force,0.0,1.0,0.0,0.0,0.0
7877,Brute Force,Brute Force,0.0,1.0,0.0,0.0,0.0
7878,DoS/DDoS,DoS/DDoS,0.0,0.0,1.0,0.0,0.0
7879,Bot,Bot,0.9815403611863985,0.0,4.362009610206515e-05,0.018416018717499604,0.0
7880,DoS/DDoS,DoS/DDoS,0.0,0.0,1.0,0.0,0.0
7881,Brute Force,Brute Force,0.0,1.0,0.0,0.0,0.0
7882,DoS/DDoS,DoS/DDoS,0.0,0.0,1.0,0.0,0.0
7883,Bot,Bot,0.9813415890829666,0.0,3.520799886192343e-05,0.018623202918171287,0.0
7884,Normal,Normal,0.0,0.0,0.00669944155410243,0.9933005584458976,0.0
7885,Normal,Normal,0.0,0.0,0.0,1.0,0.0
7886,DoS/DDoS,DoS/DDoS,0.0,0.0,1.0,0.0,0.0
7887,DoS/DDoS,DoS/DDoS,0.0,0.0,1.0,0.0,0.0
7888,DoS/DDoS,DoS/DDoS,0.0,0.0,0.9999515620674263,4.843793257365714e-05,0.0
7889,Normal,Normal,0.0,0.0,0.0,1.0,0.0
7890,DoS/DDoS,DoS/DDoS,0.0,0.0,1.0,0.0,0.0
7891,Brute Force,Brute Force,0.0,1.0,0.0,0.0,0.0
7892,Normal,Normal,0.0,0.0,0.0,1.0,0.0
7893,DoS/DDoS,DoS/DDoS,0.0,0.006486977589339795,0.978463016272639,0.015050006138021259,0.0
7894,Brute Force,Brute Force,0.0,1.0,0.0,0.0,0.0
7895,Normal,Normal,0.0,0.0,0.0009895286472374359,0.9990104713527626,0.0
7896,Normal,Normal,0.0,0.008847502949272513,0.0,0.9911524970507274,0.0
7897,Normal,Normal,0.0,0.0,0.003297287042306963,0.9967027129576931,0.0
7898,Normal,Normal,0.0,0.0,0.0,1.0,0.0
7899,DoS/DDoS,DoS/DDoS,0.0,0.0,1.0,0.0,0.0
7900,DoS/DDoS,DoS/DDoS,0.0,0.0,1.0,0.0,0.0
7901,Brute Force,Brute Force,0.0,1.0,0.0,0.0,0.0
7902,DoS/DDoS,DoS/DDoS,0.0,0.0066193863933205425,0.7882739504749715,0.18555421616303747,0.019552446968670714
7903,Normal,Normal,0.0,0.0,0.0,1.0,0.0
7904,DoS/DDoS,DoS/DDoS,0.0,0.0,0.9972616372073473,0.0027383627926527666,0.0
7905,DoS/DDoS,DoS/DDoS,0.0,0.0,1.0,0.0,0.0
7906,Normal,Normal,0.0,0.0,0.0,1.0,0.0
7907,DoS/DDoS,DoS/DDoS,0.0,0.0,0.9909788829479619,0.009021117052038119,0.0
7908,DoS/DDoS,DoS/DDoS,0.0,0.0,1.0,0.0,0.0
7909,Brute Force,Brute Force,0.0,1.0,0.0,0.0,0.0
7910,Bot,Bot,0.9777544570855073,0.0,5.367481851905866e-05,0.02219186809597365,0.0
7911,Normal,Normal,0.0,0.2654990010622497,0.0,0.45716156344567244,0.27733943549207807
7912,Normal,Normal,0.0,0.04349026729912039,0.0,0.953464513643494,0.003045219057385608
7913,DoS/DDoS,DoS/DDoS,0.0,0.0,1.0,0.0,0.0
7914,Normal,Normal,0.0,0.0,0.0,1.0,0.0
7915,Normal,Normal,0.0,0.0,0.026672378504450475,0.9639336416517266,0.009393979843823
7916,DoS/DDoS,DoS/DDoS,0.0,0.0003353286992620004,0.999664671300738,0.0,0.0
7917,Brute Force,Brute Force,0.0,1.0,0.0,0.0,0.0
7918,DoS/DDoS,DoS/DDoS,0.0,0.0,1.0,0.0,0.0
7919,Normal,Normal,0.0162376637049143,0.0,4.251955893558861e-05,0.98371981673615,0.0
7920,Normal,Normal,0.0,0.0,0.0,1.0,0.0
7921,DoS/DDoS,DoS/DDoS,0.0,0.0,1.0,0.0,0.0
7922,Normal,Normal,0.0,0.0,0.0,1.0,0.0
7923,Normal,Normal,0.0,0.0,0.0,1.0,0.0
7924,Brute Force,Brute Force,0.0,1.0,0.0,0.0,0.0
7925,DoS/DDoS,DoS/DDoS,0.0,0.0,1.0,0.0,0.0
7926,DoS/DDoS,DoS/DDoS,0.0,0.0,1.0,0.0,0.0
7927,Brute Force,Brute Force,0.0,0.5070416617012703,1.278549656947793e-05,0.0009494287715197412,0.49199612403064036
7928,DoS/DDoS,DoS/DDoS,0.0,0.0,1.0,0.0,0.0
7929,DoS/DDoS,DoS/DDoS,0.0,0.0,1.0,0.0,0.0
7930,Normal,Normal,0.0,0.0,0.0,1.0,0.0
7931,Normal,Normal,0.0,0.0,0.0,1.0,0.0
7932,Normal,Normal,0.0,0.0,0.0,1.0,0.0
7933,Normal,Normal,0.0,0.0,0.0,1.0,0.0
7934,Normal,Normal,0.0,0.1,0.0,0.8903280739556544,0.00967192604434559
7935,DoS/DDoS,DoS/DDoS,0.0,0.0,1.0,0.0,0.0
7936,Brute Force,Web Attack,0.0,0.3220138453621256,2.119664097954856e-06,0.0005394541330851135,0.6774445808406914
7937,DoS/DDoS,DoS/DDoS,0.0,0.0,1.0,0.0,0.0
7938,Brute Force,Brute Force,0.0,1.0,0.0,0.0,0.0
7939,DoS/DDoS,DoS/DDoS,0.0,0.0,1.0,0.0,0.0
7940,DoS/DDoS,DoS/DDoS,0.0,0.0,1.0,0.0,0.0
7941,Brute Force,Brute Force,0.0,1.0,0.0,0.0,0.0
7942,Normal,Normal,0.0,0.0,0.0,1.0,0.0
7943,Brute Force,Brute Force,0.0,1.0,0.0,0.0,0.0
7944,Brute Force,Brute Force,0.0,1.0,0.0,0.0,0.0
7945,DoS/DDoS,DoS/DDoS,0.0,0.0,1.0,0.0,0.0
7946,Bot,Bot,1.0,0.0,0.0,0.0,0.0
7947,Brute Force,Brute Force,0.0,1.0,0.0,0.0,0.0
7948,Normal,Normal,0.0012869184796038846,0.0,0.00037149651321238694,0.9983415850071836,0.0
7949,DoS/DDoS,DoS/DDoS,0.0,0.0,1.0,0.0,0.0
7950,DoS/DDoS,DoS/DDoS,0.0,0.0,1.0,0.0,0.0
7951,Bot,Bot,1.0,0.0,0.0,0.0,0.0
7952,DoS/DDoS,DoS/DDoS,0.0,0.0,1.0,0.0,0.0
7953,Normal,Normal,0.0,0.0,0.0037882908993623755,0.9962117091006377,0.0
7954,Brute Force,Brute Force,0.0,1.0,0.0,0.0,0.0
7955,Brute Force,Brute Force,0.0,1.0,0.0,0.0,0.0
7956,DoS/DDoS,DoS/DDoS,0.0,0.0,1.0,0.0,0.0
7957,DoS/DDoS,DoS/DDoS,0.0,0.0,1.0,0.0,0.0
7958,DoS/DDoS,DoS/DDoS,0.0,0.0,1.0,0.0,0.0
7959,Normal,Normal,0.0,0.0,0.0,1.0,0.0
7960,DoS/DDoS,DoS/DDoS,0.0,0.0,1.0,0.0,0.0
7961,Normal,Normal,0.0,0.0,0.0,1.0,0.0
7962,DoS/DDoS,DoS/DDoS,0.0,0.0,1.0,0.0,0.0
7963,DoS/DDoS,DoS/DDoS,0.0,0.0,1.0,0.0,0.0
7964,DoS/DDoS,DoS/DDoS,0.0,0.0,1.0,0.0,0.0
7965,Brute Force,Brute Force,0.0,1.0,0.0,0.0,0.0
7966,DoS/DDoS,DoS/DDoS,0.0,0.0,1.0,0.0,0.0
7967,Brute Force,Brute Force,0.0,1.0,0.0,0.0,0.0
7968,Normal,Normal,0.0,0.0,0.0,1.0,0.0
7969,DoS/DDoS,DoS/DDoS,0.0,0.0,1.0,0.0,0.0
7970,Normal,Normal,0.0,0.0,8.982829642318197e-05,0.9999101717035768,0.0
7971,Brute Force,Brute Force,0.0,1.0,0.0,0.0,0.0
7972,Normal,Normal,0.0,0.0,0.0,1.0,0.0
7973,DoS/DDoS,DoS/DDoS,0.0,0.0,1.0,0.0,0.0
7974,DoS/DDoS,DoS/DDoS,0.0,0.0,1.0,0.0,0.0
7975,Normal,Normal,0.0,0.008502112690293755,0.0,0.9814978873097062,0.01
7976,Normal,DoS/DDoS,0.00045391557554762117,0.0049438865651629214,0.5972121240465507,0.3973900738127388,0.0
7977,Brute Force,Brute Force,0.0,1.0,0.0,0.0,0.0
7978,Normal,Normal,0.0,0.008880515057591645,0.21439986108895537,0.769646385300983,0.007073238552469948
7979,DoS/DDoS,DoS/DDoS,0.0,0.0,1.0,0.0,0.0
7980,Normal,Normal,0.0,0.008285644257472422,0.057980427321551335,0.8949012032929525,0.038832725128023854
7981,DoS/DDoS,DoS/DDoS,0.0,0.0,1.0,0.0,0.0
7982,Normal,Normal,0.002849891251961943,0.0,0.00022955373686064148,0.9969205550111775,0.0
7983,Normal,Normal,0.0,0.0,0.0,1.0,0.0
7984,Bot,Bot,0.9183924479908839,0.0,4.362009610206515e-05,0.08156393191301378,0.0
7985,DoS/DDoS,DoS/DDoS,0.0,0.0,1.0,0.0,0.0
