row_id,true_label,predicted_label,prob_benign,prob_bruteforce,prob_dos,prob_recon
0,dos,dos,0.0,0.0,1.0,0.0
1,dos,dos,0.0,0.0,1.0,0.0
2,dos,dos,0.0,0.0,1.0,0.0
3,dos,dos,0.0,0.0,1.0,0.0
4,dos,dos,0.0,0.0,1.0,0.0
5,dos,dos,0.0,0.0,1.0,0.0
6,dos,dos,0.0,0.0,1.0,0.0
7,dos,dos,0.0,0.0,0.99329400660689,0.006705993393109957
8,dos,dos,0.0,0.0,1.0,0.0
9,dos,dos,0.0,0.0,1.0,0.0
10,dos,dos,0.0,0.0,1.0,0.0
11,dos,dos,0.0,0.0,1.0,0.0
12,dos,dos,0.0,0.0,1.0,0.0
13,dos,dos,0.0,0.0,1.0,0.0
14,dos,dos,0.0,0.0,1.0,0.0
15,dos,dos,0.0,0.0,1.0,0.0
16,dos,dos,0.0,0.0,1.0,0.0
17,dos,dos,0.0,0.0,0.99329400660689,0.006705993393109957
18,dos,dos,0.0,0.0,1.0,0.0
19,dos,dos,0.0,0.0,1.0,0.0
20,dos,dos,0.0,0.0,1.0,0.0
21,dos,dos,0.0,0.0,1.0,0.0
22,dos,dos,0.0,0.0,1.0,0.0
23,dos,dos,0.0,0.0,1.0,0.0
24,dos,dos,0.0,0.0,1.0,0.0
25,benign,benign,1.0,0.0,0.0,0.0
26,dos,dos,0.0,0.0,1.0,0.0
27,dos,dos,0.0,0.0,1.0,0.0
28,dos,dos,0.0,0.0,1.0,0.0
29,recon,recon,0.0,0.0,0.0,1.0
30,dos,dos,0.0,0.0,1.0,0.0
31,dos,dos,0.0,0.0,1.0,0.0
32,dos,dos,0.0,0.0,1.0,0.0
33,dos,dos,0.0,0.0,1.0,0.0
34,dos,dos,0.0,0.0,1.0,0.0
35,dos,dos,0.0,0.0,1.0,0.0
36,dos,dos,0.0,0.0,1.0,0.0
37,dos,dos,0.0,0.0,1.0,0.0
38,dos,dos,0.0,0.0,1.0,0.0
39,dos,dos,0.028294781054453523,0.0,0.9717052189455464,0.0
40,recon,recon,0.0,0.0,0.0,1.0
41,dos,dos,0.0,0.0,1.0,0.0
42,dos,dos,0.0,0.0,1.0,0.0
43,dos,dos,0.0,0.0,1.0,0.0
44,dos,dos,0.0,0.0,1.0,0.0
45,dos,dos,0.0,0.0,1.0,0.0
46,dos,dos,0.0,0.0,1.0,0.0
47,dos,dos,0.0,0.0,1.0,0.0
48,dos,dos,0.0,0.0,1.0,0.0
49,dos,dos,0.0,0.0,1.0,0.0
50,dos,dos,0.0,0.0,1.0,0.0
51,dos,dos,0.0,0.0,1.0,0.0
52,dos,dos,0.0,0.0,1.0,0.0
53,dos,dos,0.0,0.0,1.0,0.0
54,dos,dos,0.0,0.0,1.0,0.0
55,dos,dos,0.0,0.0,1.0,0.0
56,dos,dos,0.0,0.0,1.0,0.0
57,dos,dos,0.0,0.0,1.0,0.0
58,dos,dos,0.0,0.0,1.0,0.0
59,dos,dos,0.0,0.0,1.0,0.0
60,dos,dos,0.0,0.0,1.0,0.0
61,dos,dos,0.0,0.0,1.0,0.0
62,dos,dos,0.0,0.0,1.0,0.0
63,dos,dos,0.0,0.0,1.0,0.0
64,dos,dos,0.0,0.0,1.0,0.0
65,dos,dos,0.0,0.0,1.0,0.0
66,benign,benign,1.0,0.0,0.0,0.0
67,dos,dos,0.0,0.0,1.0,0.0
68,dos,dos,0.0,0.0,1.0,0.0
69,dos,dos,0.0,0.0,1.0,0.0
70,dos,dos,0.0,0.0,1.0,0.0
71,dos,dos,0.0,0.0,1.0,0.0
72,dos,dos,0.0,0.0,1.0,0.0
73,dos,dos,0.0,0.0,1.0,0.0
74,benign,benign,1.0,0.0,0.0,0.0
75,dos,dos,0.0,0.0,1.0,0.0
76,dos,dos,0.0,0.005008139534883721,0.9949918604651162,0.0
77,dos,dos,0.0,0.0,1.0,0.0
78,benign,benign,1.0,0.0,0.0,0.0
79,dos,dos,0.0,0.0,1.0,0.0
80,dos,dos,0.0,0.0,1.0,0.0
81,dos,dos,0.0,0.0,1.0,0.0
82,dos,dos,0.0,0.0,1.0,0.0
83,dos,dos,0.0,0.0,1.0,0.0
84,dos,dos,0.0,0.0,1.0,0.0
85,dos,dos,0.0,0.0,1.0,0.0
86,dos,dos,0.0,0.0,1.0,0.0
87,dos,dos,0.0,0.0,1.0,0.0
88,dos,dos,0.0,0.0,1.0,0.0
89,dos,dos,0.0,0.0,1.0,0.0
90,dos,dos,0.0,0.0,1.0,0.0
91,dos,dos,0.0,0.0,1.0,0.0
92,dos,dos,0.0,0.0,1.0,0.0
93,dos,dos,0.0,0.0,1.0,0.0
94,dos,dos,0.0,0.0,1.0,0.0
95,dos,dos,0.0,0.0,1.0,0.0
96,dos,dos,0.0,0.0,1.0,0.0
97,dos,dos,0.0,0.0,1.0,0.0
98,dos,dos,0.0,0.0,1.0,0.0
99,dos,dos,0.0,0.0,1.0,0.0
100,dos,dos,0.0,0.0,1.0,0.0
101,dos,dos,0.0,0.0,1.0,0.0
102,dos,dos,0.0,0.0,1.0,0.0
103,dos,dos,0.0,0.0,1.0,0.0
104,dos,dos,0.0,0.0,1.0,0.0
105,dos,dos,0.0,0.0,1.0,0.0
106,dos,dos,0.0,0.0,1.0,0.0
107,dos,dos,0.0,0.0,1.0,0.0
108,dos,dos,0.0,0.0,1.0,0.0
109,dos,dos,0.0,0.0,1.0,0.0
110,dos,dos,0.0,0.0,1.0,0.0
111,dos,dos,0.0,0.0,1.0,0.0
112,dos,dos,0.0,0.0,1.0,0.0
113,bruteforce,bruteforce,0.0,1.0,0.0,0.0
114,dos,dos,0.0,0.0,1.0,0.0
115,dos,dos,0.0,0.0,1.0,0.0
116,dos,dos,0.0,0.0,1.0,0.0
117,dos,dos,0.0,0.0,1.0,0.0
118,dos,dos,0.0,0.0,1.0,0.0
119,dos,dos,0.0,0.0,1.0,0.0
120,dos,dos,0.0,0.0,1.0,0.0
121,dos,dos,0.0,0.0,1.0,0.0
122,dos,dos,0.0,0.0,1.0,0.0
123,dos,dos,0.0,0.0,1.0,0.0
124,dos,dos,0.0,0.0,1.0,0.0
125,dos,dos,0.0,0.0,1.0,0.0
126,recon,recon,0.005063456292254773,0.0,0.0,0.9949365437077452
127,dos,dos,0.0,0.0,1.0,0.0
128,dos,dos,0.0,0.0,1.0,0.0
129,dos,dos,0.0,0.0,1.0,0.0
130,benign,benign,1.0,0.0,0.0,0.0
131,dos,dos,0.0,0.0,1.0,0.0
132,dos,dos,0.0,0.0,1.0,0.0
133,benign,benign,0.9999597694384428,0.0,0.0,4.023056155712573e-05
134,dos,dos,0.005118438281157004,0.0,0.994881561718843,0.0
135,dos,dos,0.0,0.0,1.0,0.0
136,bruteforce,bruteforce,0.0,0.9945494259162545,0.005450574083745591,0.0
137,dos,dos,0.0,0.0,1.0,0.0
138,dos,dos,0.0,0.0,1.0,0.0
139,dos,dos,0.0,0.0,1.0,0.0
140,dos,dos,0.0,0.0,1.0,0.0
141,dos,dos,0.0,0.0,1.0,0.0
142,dos,dos,0.0,0.0,1.0,0.0
143,dos,dos,0.0,0.0,1.0,0.0
144,dos,dos,0.0,0.0,1.0,0.0
145,dos,dos,0.0,0.0,1.0,0.0
146,dos,dos,0.0,0.0,1.0,0.0
147,dos,dos,0.0,0.0,1.0,0.0
148,dos,dos,0.0,0.0,1.0,0.0
149,dos,dos,0.0,0.0,1.0,0.0
150,dos,dos,0.0,0.0,1.0,0.0
151,dos,dos,0.0,0.0,1.0,0.0
152,dos,dos,0.0,0.0,1.0,0.0
153,dos,dos,0.0,0.0,1.0,0.0
154,dos,dos,0.0,0.0,1.0,0.0
155,benign,benign,1.0,0.0,0.0,0.0
156,dos,dos,0.0,0.0,1.0,0.0
157,dos,dos,0.0,0.0,1.0,0.0
158,bruteforce,bruteforce,0.0,1.0,0.0,0.0
159,dos,dos,0.0,0.0,1.0,0.0
160,dos,dos,0.006702463676563486,0.0,0.9857878384275861,0.0075096978958504755
161,dos,dos,0.0,0.0,1.0,0.0
162,dos,dos,0.0,0.0,1.0,0.0
163,dos,dos,0.0,0.0,1.0,0.0
164,dos,dos,0.0,0.0,1.0,0.0
165,dos,dos,0.0,0.0,1.0,0.0
166,dos,dos,0.0,0.0,1.0,0.0
167,dos,dos,0.0,0.0,1.0,0.0
168,dos,dos,0.0,0.0,1.0,0.0
169,dos,dos,0.0,0.0,1.0,0.0
170,dos,dos,0.0,0.0,1.0,0.0
171,dos,dos,0.0,0.0,1.0,0.0
172,dos,dos,0.0,0.0,1.0,0.0
173,dos,dos,0.0,0.0,1.0,0.0
174,dos,dos,0.0,0.0,1.0,0.0
175,dos,dos,0.0,0.0,1.0,0.0
176,dos,dos,0.0,0.0,1.0,0.0
177,dos,dos,0.0,0.0,1.0,0.0
178,dos,dos,0.0,0.0,1.0,0.0
179,dos,dos,0.0,0.0,1.0,0.0
180,dos,dos,0.0,0.0,1.0,0.0
181,dos,dos,0.0,0.0,1.0,0.0
182,dos,dos,0.0,0.00508179357420266,0.9949182064257974,0.0
183,dos,dos,0.0,0.0,1.0,0.0
184,dos,dos,0.0,0.0,1.0,0.0
185,dos,dos,0.0,0.0,1.0,0.0
186,dos,dos,0.0,0.0,1.0,0.0
187,dos,dos,0.0,0.0,1.0,0.0
188,dos,dos,0.0,0.0,1.0,0.0
189,dos,dos,0.0,0.0,1.0,0.0
190,dos,dos,0.0,0.0,1.0,0.0
191,dos,dos,0.0,0.0,1.0,0.0
192,recon,recon,0.0,0.0,0.0,1.0
193,dos,dos,0.0,0.0,1.0,0.0
194,dos,dos,0.0,0.0,1.0,0.0
195,dos,dos,0.0,0.0,1.0,0.0
196,dos,dos,0.0,0.0,1.0,0.0
197,dos,dos,0.0,0.0,1.0,0.0
198,dos,dos,0.0,0.0,1.0,0.0
199,dos,dos,0.0,0.0,1.0,0.0
200,dos,dos,0.0,0.0,1.0,0.0
201,dos,dos,0.0,0.0,1.0,0.0
202,dos,dos,0.025080056510477986,0.0,0.974919943489522,0.0
203,dos,dos,0.0,0.0,1.0,0.0
204,dos,dos,0.0,0.0,1.0,0.0
205,dos,dos,0.0,0.0,1.0,0.0
206,dos,dos,0.0,0.0,1.0,0.0
207,dos,dos,0.0,0.0,1.0,0.0
208,dos,dos,0.0,0.0,1.0,0.0
209,dos,dos,0.0,0.0,1.0,0.0
210,dos,dos,0.0,0.0,1.0,0.0
211,dos,dos,0.0,0.0,1.0,0.0
212,dos,dos,0.0,0.0,1.0,0.0
213,dos,dos,0.0,0.0,1.0,0.0
214,dos,dos,0.0,0.0,1.0,0.0
215,dos,dos,0.0,0.0,1.0,0.0
216,dos,dos,0.0,0.0,1.0,0.0
217,dos,dos,0.0,0.0,1.0,0.0
218,dos,dos,0.0,0.0,1.0,0.0
219,dos,dos,0.0,0.0,1.0,0.0
220,dos,dos,0.0,0.0,1.0,0.0
221,dos,dos,0.0,0.0,1.0,0.0
222,dos,dos,0.0,0.0,1.0,0.0
223,dos,dos,0.0,0.0,1.0,0.0
224,dos,dos,0.0,0.0,1.0,0.0
225,dos,dos,0.0,0.0,1.0,0.0
226,dos,dos,0.0,0.0,1.0,0.0
227,bruteforce,bruteforce,0.0,1.0,0.0,0.0
228,dos,dos,0.0,0.0,1.0,0.0
229,dos,dos,0.0,0.0,1.0,0.0
230,dos,dos,0.006702463676563486,0.0,0.9932975363234365,0.0
231,dos,dos,0.0,0.0,1.0,0.0
232,dos,dos,0.0,0.0,1.0,0.0
233,dos,dos,0.0,0.0,1.0,0.0
234,dos,dos,0.0,0.0,1.0,0.0
235,dos,dos,0.0,0.0,1.0,0.0
236,dos,dos,0.0,0.00491380307763508,0.9950861969223649,0.0
237,dos,dos,0.0,0.0,1.0,0.0
238,dos,dos,0.0,0.0,1.0,0.0
239,dos,dos,0.0,0.0,1.0,0.0
240,dos,dos,0.0,0.0,1.0,0.0
241,dos,dos,0.0,0.0,1.0,0.0
242,dos,dos,0.0,0.0,1.0,0.0
243,dos,dos,0.0,0.0,1.0,0.0
244,dos,dos,0.0,0.0,1.0,0.0
245,dos,dos,0.0,0.0,1.0,0.0
246,bruteforce,bruteforce,0.0,1.0,0.0,0.0
247,dos,dos,0.0,0.0,1.0,0.0
248,dos,dos,0.0,0.0,1.0,0.0
249,dos,dos,0.0,0.0,1.0,0.0
250,dos,dos,0.0,0.0,1.0,0.0
251,dos,dos,0.0,0.0,1.0,0.0
252,benign,benign,1.0,0.0,0.0,0.0
253,dos,dos,0.0,0.0,1.0,0.0
254,dos,dos,0.0,0.0,1.0,0.0
255,dos,dos,0.0,0.0,1.0,0.0
256,dos,dos,0.0,0.0,1.0,0.0
257,dos,dos,0.0,0.0,1.0,0.0
258,dos,dos,0.0,0.0,1.0,0.0
259,dos,dos,0.0,0.0,1.0,0.0
260,dos,dos,0.0,0.0,1.0,0.0
261,bruteforce,bruteforce,0.0,1.0,0.0,0.0
262,dos,dos,0.0,0.0,1.0,0.0
263,dos,dos,0.0,0.0,1.0,0.0
264,dos,dos,0.0,0.0,1.0,0.0
265,dos,dos,0.0,0.0,1.0,0.0
266,dos,dos,0.0,0.0,1.0,0.0
267,dos,dos,0.0,0.0,1.0,0.0
268,dos,dos,0.0,0.0,1.0,0.0
269,dos,dos,0.0,0.0,1.0,0.0
270,dos,dos,0.0,0.0,1.0,0.0
271,dos,dos,0.0,0.0,1.0,0.0
272,dos,dos,0.0,0.0,1.0,0.0
273,dos,dos,0.0,0.0,1.0,0.0
274,dos,dos,0.0,0.0,1.0,0.0
275,bruteforce,bruteforce,0.0,1.0,0.0,0.0
276,dos,dos,0.0,0.0,1.0,0.0
277,dos,dos,0.0,0.0,1.0,0.0
278,dos,dos,0.0,0.0,1.0,0.0
279,dos,dos,0.0,0.0,1.0,0.0
280,dos,dos,0.0,0.0,1.0,0.0
281,dos,dos,0.0,0.0,1.0,0.0
282,dos,dos,0.0,0.0,1.0,0.0
283,dos,dos,0.0,0.0,1.0,0.0
284,dos,dos,0.0,0.0,1.0,0.0
285,dos,dos,0.0,0.0,1.0,0.0
286,dos,dos,0.0,0.0,1.0,0.0
287,dos,dos,0.0,0.0,1.0,0.0
288,dos,dos,0.0,0.0,1.0,0.0
289,dos,dos,0.0,0.0,1.0,0.0
290,dos,dos,0.0,0.0,1.0,0.0
291,dos,dos,0.0,0.0,1.0,0.0
292,dos,dos,0.0,0.0,1.0,0.0
293,dos,dos,0.0,0.0,1.0,0.0
294,bruteforce,bruteforce,0.0,1.0,0.0,0.0
295,dos,dos,0.0,0.0,1.0,0.0
296,dos,dos,0.0,0.0,1.0,0.0
297,dos,dos,0.0,0.0,1.0,0.0
298,dos,dos,0.0,0.0,1.0,0.0
299,dos,dos,0.0,0.0,1.0,0.0
300,dos,dos,0.0,0.006179195185272598,0.9804451181347436,0.013375686679983843
301,dos,dos,0.0,0.0,1.0,0.0
302,dos,dos,0.0,0.0,1.0,0.0
303,dos,dos,0.0,0.0,1.0,0.0
304,dos,dos,0.0,0.0,1.0,0.0
305,dos,dos,0.0,0.0,1.0,0.0
306,bruteforce,bruteforce,0.0,1.0,0.0,0.0
307,dos,dos,0.0,0.0,1.0,0.0
308,dos,dos,0.0,0.00491380307763508,0.9950861969223649,0.0
309,dos,dos,0.0,0.0,1.0,0.0
310,dos,dos,0.0,0.0,1.0,0.0
311,dos,dos,0.0,0.0,1.0,0.0
312,dos,dos,0.0,0.0,1.0,0.0
313,dos,dos,0.0,0.0,1.0,0.0
314,dos,dos,0.0,0.0,1.0,0.0
315,dos,dos,0.0,0.0,1.0,0.0
316,dos,dos,0.0,0.0,1.0,0.0
317,dos,dos,0.051068736111912046,0.03,0.9114215659922373,0.0075096978958504755
318,dos,dos,0.0,0.0,1.0,0.0
319,dos,dos,0.0,0.0,1.0,0.0
320,dos,dos,0.0,0.0,1.0,0.0
321,recon,recon,0.0,0.0,0.0,1.0
322,dos,dos,0.0,0.0,1.0,0.0
323,dos,dos,0.0,0.0,1.0,0.0
324,dos,dos,0.0,0.0,1.0,0.0
325,dos,dos,0.0,0.0,1.0,0.0
326,dos,dos,0.0,0.0,1.0,0.0
327,dos,dos,0.0,0.0,1.0,0.0
328,dos,dos,0.0,0.0,1.0,0.0
329,dos,dos,0.0,0.0,1.0,0.0
330,dos,dos,0.0,0.0,1.0,0.0
331,dos,dos,0.0,0.0,1.0,0.0
332,dos,dos,0.0,0.0,1.0,0.0
333,dos,dos,0.0,0.0,1.0,0.0
334,dos,dos,0.0,0.0,1.0,0.0
335,dos,dos,0.0,0.0,1.0,0.0
336,dos,dos,0.0,0.0,1.0,0.0
337,dos,dos,0.0,0.0,1.0,0.0
338,recon,recon,0.0,0.0,0.0,1.0
339,dos,dos,0.0,0.0,1.0,0.0
340,dos,dos,0.0,0.0,1.0,0.0
341,dos,dos,0.0,0.0,1.0,0.0
342,dos,dos,0.0,0.0,1.0,0.0
343,dos,dos,0.0,0.0,1.0,0.0
344,dos,dos,0.0,0.0,1.0,0.0
345,dos,dos,0.0,0.0,1.0,0.0
346,dos,dos,0.0,0.0,1.0,0.0
347,dos,dos,0.0,0.0,1.0,0.0
348,dos,dos,0.0,0.0,1.0,0.0
349,dos,dos,0.0,0.0,1.0,0.0
350,recon,recon,0.0,0.0,0.0,1.0
351,dos,dos,0.0,0.0,1.0,0.0
352,dos,dos,0.0,0.0,1.0,0.0
353,dos,dos,0.0,0.0,1.0,0.0
354,dos,dos,0.0,0.0,0.9959773851590106,0.0040226148409893995
355,dos,dos,0.0,0.0,1.0,0.0
356,dos,dos,0.0,0.0,1.0,0.0
357,dos,dos,0.0,0.0,1.0,0.0
358,dos,dos,0.0,0.0,1.0,0.0
359,benign,benign,1.0,0.0,0.0,0.0
360,benign,benign,1.0,0.0,0.0,0.0
361,dos,dos,0.0,0.0,1.0,0.0
362,dos,dos,0.0,0.0,1.0,0.0
363,dos,dos,0.0,0.0,1.0,0.0
364,benign,benign,1.0,0.0,0.0,0.0
365,dos,dos,0.0,0.0,1.0,0.0
366,dos,dos,0.0,0.0,1.0,0.0
367,dos,dos,0.0,0.0,1.0,0.0
368,benign,benign,1.0,0.0,0.0,0.0
369,dos,dos,0.0,0.0,1.0,0.0
370,dos,dos,0.0,0.0,1.0,0.0
371,dos,dos,0.0,0.0,1.0,0.0
372,dos,dos,0.0,0.0,1.0,0.0
373,dos,dos,0.0,0.0,1.0,0.0
374,dos,dos,0.0,0.0,1.0,0.0
375,dos,dos,0.0,0.0,1.0,0.0
376,dos,dos,0.0,0.0,1.0,0.0
377,benign,benign,1.0,0.0,0.0,0.0
378,dos,dos,0.0,0.0,1.0,0.0
379,dos,dos,0.0,0.0,1.0,0.0
380,dos,dos,0.0,0.0,1.0,0.0
381,dos,dos,0.0,0.0,1.0,0.0
382,dos,dos,0.0,0.0,1.0,0.0
383,dos,dos,0.0,0.0,1.0,0.0
384,dos,dos,0.0,0.0,1.0,0.0
385,dos,dos,0.0,0.0,1.0,0.0
386,dos,dos,0.0,0.0,1.0,0.0
387,dos,dos,0.0,0.0,1.0,0.0
388,dos,dos,0.0,0.0,1.0,0.0
389,dos,dos,0.0,0.0,1.0,0.0
390,dos,dos,0.0,0.0,1.0,0.0
391,dos,dos,0.0,0.0,1.0,0.0
392,dos,dos,0.0,0.0,1.0,0.0
393,dos,dos,0.0,0.0,1.0,0.0
394,dos,dos,0.0,0.0,1.0,0.0
395,dos,dos,0.0,0.0,1.0,0.0
396,dos,dos,0.0,0.0,1.0,0.0
397,dos,dos,0.0,0.0,1.0,0.0
398,dos,dos,0.0,0.0,1.0,0.0
399,dos,dos,0.0,0.0,1.0,0.0
400,dos,dos,0.0,0.0,1.0,0.0
401,dos,dos,0.0,0.0,1.0,0.0
402,dos,dos,0.0,0.0,1.0,0.0
403,dos,dos,0.0,0.0,1.0,0.0
404,dos,dos,0.0,0.0,1.0,0.0
405,dos,dos,0.0,0.0,1.0,0.0
406,dos,dos,0.0,0.0,1.0,0.0
407,dos,dos,0.0,0.0,1.0,0.0
408,dos,dos,0.0,0.0,1.0,0.0
409,dos,dos,0.0,0.0,1.0,0.0
410,dos,dos,0.0,0.0,1.0,0.0
411,dos,dos,0.0,0.0,1.0,0.0
412,dos,dos,0.0,0.0,1.0,0.0
413,dos,dos,0.0,0.0,1.0,0.0
414,dos,dos,0.0,0.0,0.9883770232925384,0.011622976707461508
415,dos,dos,0.0,0.0,1.0,0.0
416,dos,dos,0.0,0.0,1.0,0.0
417,dos,dos,0.004953968068989628,0.0,0.9950460319310104,0.0
418,dos,dos,0.0,0.0,1.0,0.0
419,dos,dos,0.0,0.0,1.0,0.0
420,dos,dos,0.0,0.0,1.0,0.0
421,dos,dos,0.0,0.0,1.0,0.0
422,dos,dos,0.0,0.0,1.0,0.0
423,dos,dos,0.0,0.0,1.0,0.0
424,dos,dos,0.0,0.0,1.0,0.0
425,dos,dos,0.0,0.0,1.0,0.0
426,dos,dos,0.0,0.0,1.0,0.0
427,dos,dos,0.0,0.0,1.0,0.0
428,dos,dos,0.0,0.0,1.0,0.0
429,dos,dos,0.0,0.0,1.0,0.0
430,dos,dos,0.0,0.0,1.0,0.0
431,dos,dos,0.0,0.0,1.0,0.0
432,dos,dos,0.0,0.0,1.0,0.0
433,dos,dos,0.0,0.0,1.0,0.0
434,dos,dos,0.0,0.0,1.0,0.0
435,dos,dos,0.0,0.0,1.0,0.0
436,dos,dos,0.006702463676563486,0.0,0.9932975363234365,0.0
437,dos,dos,0.0,0.0,1.0,0.0
438,dos,dos,0.0,0.0,1.0,0.0
439,dos,dos,0.006704669686084647,0.013295330313915353,0.98,0.0
440,dos,dos,0.0,0.0,1.0,0.0
441,dos,dos,0.0,0.0,1.0,0.0
442,dos,dos,0.0,0.0,1.0,0.0
443,dos,dos,0.0,0.0,1.0,0.0
444,dos,dos,0.0,0.0,1.0,0.0
445,dos,dos,0.0,0.0,1.0,0.0
446,dos,dos,0.0,0.0,1.0,0.0
447,dos,dos,0.0,0.0,1.0,0.0
448,dos,dos,0.0,0.0,1.0,0.0
449,dos,dos,0.0,0.0,1.0,0.0
450,dos,dos,0.0,0.0,1.0,0.0
451,dos,dos,0.0,0.0,1.0,0.0
452,dos,dos,0.0,0.0,1.0,0.0
453,dos,dos,0.0,0.0,1.0,0.0
454,dos,dos,0.0,0.0,1.0,0.0
455,dos,dos,0.0,0.0,1.0,0.0
456,dos,dos,0.0,0.0,1.0,0.0
457,dos,dos,0.0,0.0,1.0,0.0
458,dos,dos,0.0,0.0,1.0,0.0
459,recon,recon,8.332147627153021e-06,0.0,0.0,0.9999916678523729
460,dos,dos,0.0,0.0,1.0,0.0
461,dos,dos,0.0,0.0,1.0,0.0
462,dos,dos,0.0,0.0,1.0,0.0
463,dos,dos,0.002487727910238429,0.0,0.9975122720897616,0.0
464,dos,dos,0.0,0.0,1.0,0.0
465,dos,dos,0.0,0.0,1.0,0.0
466,dos,dos,0.0,0.0,1.0,0.0
467,dos,dos,0.0,0.0,1.0,0.0
468,recon,recon,8.332147627153021e-06,0.0,0.0,0.9999916678523729
469,dos,dos,0.012837241699558856,0.024967592592592593,0.9621951657078485,0.0
470,dos,dos,0.0,0.0,1.0,0.0
471,dos,dos,0.0,0.0,1.0,0.0
472,dos,dos,0.0,0.0,1.0,0.0
473,dos,dos,0.0,0.0,1.0,0.0
474,dos,dos,0.0,0.0,1.0,0.0
475,dos,dos,0.0,0.0,1.0,0.0
476,dos,dos,0.0,0.0,1.0,0.0
477,dos,dos,0.0,0.0,1.0,0.0
478,dos,dos,0.0,0.0,1.0,0.0
479,dos,dos,0.0,0.0,1.0,0.0
480,dos,dos,0.0,0.01,0.99,0.0
481,dos,dos,0.0,0.0,1.0,0.0
482,bruteforce,bruteforce,0.0,1.0,0.0,0.0
483,dos,dos,0.0,0.0,1.0,0.0
484,benign,benign,1.0,0.0,0.0,0.0
485,dos,dos,0.0,0.0,1.0,0.0
486,dos,dos,0.0,0.0,1.0,0.0
487,dos,dos,0.0,0.0,1.0,0.0
488,dos,dos,0.0,0.0,1.0,0.0
489,dos,dos,0.0,0.0,1.0,0.0
490,dos,dos,0.03178577124848653,0.009931928113581283,0.9382210902984479,0.02006121033948422
491,dos,dos,0.016702463676563487,0.0,0.9757878384275861,0.0075096978958504755
492,dos,dos,0.0,0.0,1.0,0.0
493,dos,dos,0.0,0.0,1.0,0.0
494,dos,dos,0.0,0.0,1.0,0.0
495,dos,dos,0.0,0.0,1.0,0.0
496,dos,dos,0.0,0.0,1.0,0.0
497,dos,dos,0.0,0.0,1.0,0.0
498,dos,dos,0.0,0.0,1.0,0.0
499,dos,dos,0.0,0.0,1.0,0.0
500,dos,dos,0.0,0.0,1.0,0.0
501,dos,dos,0.0,0.0,1.0,0.0
502,dos,dos,0.0,0.0,1.0,0.0
503,benign,benign,0.9999597694384428,0.0,0.0,4.023056155712573e-05
504,dos,dos,0.0,0.0,1.0,0.0
505,dos,dos,0.0,0.0,1.0,0.0
506,dos,dos,0.0,0.0,1.0,0.0
507,dos,dos,0.02,0.0,0.98,0.0
508,dos,dos,0.0,0.0,1.0,0.0
509,dos,dos,0.0,0.0,1.0,0.0
510,dos,dos,0.0,0.0,1.0,0.0
511,dos,dos,0.0,0.0,1.0,0.0
512,benign,benign,1.0,0.0,0.0,0.0
513,dos,dos,0.0,0.0,1.0,0.0
514,dos,dos,0.0,0.0,1.0,0.0
515,dos,dos,0.0,0.0,1.0,0.0
516,dos,dos,0.0,0.0,1.0,0.0
517,dos,dos,0.0,0.0,1.0,0.0
518,dos,dos,0.011590696239985175,0.0,0.9884093037600148,0.0
519,dos,dos,0.0,0.0,0.9866609037328096,0.013339096267190568
520,dos,dos,0.0,0.0,1.0,0.0
521,dos,dos,0.0,0.0,1.0,0.0
522,bruteforce,bruteforce,0.0,0.9924363551237784,0.007563644876221689,0.0
523,dos,dos,0.0,0.0,1.0,0.0
524,dos,dos,0.0,0.0,1.0,0.0
525,dos,dos,0.0,0.0,1.0,0.0
526,dos,dos,0.0,0.0,1.0,0.0
527,recon,recon,0.0,0.0,0.0,1.0
528,dos,dos,0.0,0.0,1.0,0.0
529,dos,dos,0.0,0.0,1.0,0.0
530,dos,dos,0.0,0.0,1.0,0.0
531,dos,dos,0.0,0.0,1.0,0.0
532,dos,dos,0.0,0.0,1.0,0.0
533,dos,dos,0.0,0.0,1.0,0.0
534,dos,dos,0.0,0.0,1.0,0.0
535,dos,dos,0.00502669452181987,0.0,0.9949733054781801,0.0
536,dos,dos,0.0,0.0,1.0,0.0
537,dos,dos,0.0,0.0,1.0,0.0
538,dos,dos,0.0,0.0,1.0,0.0
539,dos,dos,0.0,0.0,1.0,0.0
540,dos,dos,0.0,0.0,1.0,0.0
541,dos,dos,0.0,0.0,1.0,0.0
542,dos,dos,0.0,0.0,1.0,0.0
543,dos,dos,0.0,0.0,1.0,0.0
544,dos,dos,0.0,0.0,1.0,0.0
545,dos,dos,0.0,0.0,1.0,0.0
546,dos,dos,0.016666666666666666,0.0,0.9833333333333333,0.0
547,dos,dos,0.0,0.0,1.0,0.0
548,dos,dos,0.0,0.0,1.0,0.0
549,dos,dos,0.0,0.0,1.0,0.0
550,dos,dos,0.0,0.0,1.0,0.0
551,dos,dos,0.0,0.0,1.0,0.0
552,dos,dos,0.0,0.0,1.0,0.0
553,dos,dos,0.0,0.0,1.0,0.0
554,dos,dos,0.0,0.0,1.0,0.0
555,dos,dos,0.0,0.0,1.0,0.0
556,dos,dos,0.0,0.0,1.0,0.0
557,dos,dos,0.0,0.0,1.0,0.0
558,dos,dos,0.0,0.0,1.0,0.0
559,dos,dos,0.0,0.0,1.0,0.0
560,dos,dos,0.0,0.0,1.0,0.0
561,dos,dos,0.0,0.0,1.0,0.0
562,dos,dos,0.0,0.0,1.0,0.0
563,dos,dos,0.0,0.0,1.0,0.0
564,dos,dos,0.0,0.0,1.0,0.0
565,dos,dos,0.0,0.0,1.0,0.0
566,dos,dos,0.0,0.0,1.0,0.0
567,dos,dos,0.0,0.0,1.0,0.0
568,dos,dos,0.0,0.0,1.0,0.0
569,dos,dos,0.0,0.0,1.0,0.0
570,dos,dos,0.0,0.0,1.0,0.0
571,dos,dos,0.0,0.0,1.0,0.0
572,dos,dos,0.0,0.0,1.0,0.0
573,dos,dos,0.0,0.0,1.0,0.0
574,dos,dos,0.0,0.0,1.0,0.0
575,dos,dos,0.0,0.0,1.0,0.0
576,dos,dos,0.0,0.0,1.0,0.0
577,dos,dos,0.0,0.0,1.0,0.0
578,dos,dos,0.0,0.0,1.0,0.0
579,dos,dos,0.0,0.0,1.0,0.0
580,dos,dos,0.0,0.0,1.0,0.0
581,dos,dos,0.0,0.0,1.0,0.0
582,dos,dos,0.0,0.0,1.0,0.0
583,dos,dos,0.0,0.0,1.0,0.0
584,dos,dos,0.0,0.0,1.0,0.0
585,dos,dos,0.0,0.0,1.0,0.0
586,dos,dos,0.024055312544094824,0.005944687455905179,0.97,0.0
587,dos,dos,0.0,0.0,1.0,0.0
588,dos,dos,0.0,0.0,1.0,0.0
589,dos,dos,0.0,0.0,1.0,0.0
590,dos,dos,0.0,0.0,1.0,0.0
591,dos,dos,0.0,0.0,1.0,0.0
592,dos,dos,0.0,0.0,1.0,0.0
593,dos,dos,0.0,0.0,1.0,0.0
594,dos,dos,0.0,0.0,1.0,0.0
595,bruteforce,bruteforce,0.0,1.0,0.0,0.0
596,dos,dos,0.0,0.0,1.0,0.0
597,dos,dos,0.0,0.0,1.0,0.0
598,dos,dos,0.0,0.0,1.0,0.0
599,dos,dos,0.0,0.0,1.0,0.0
600,recon,recon,0.0001181873401447448,0.0,0.0,0.9998818126598553
601,dos,dos,0.0,0.0,1.0,0.0
602,dos,dos,0.0,0.0,1.0,0.0
603,dos,dos,0.0,0.0,1.0,0.0
604,dos,dos,0.0,0.0,1.0,0.0
605,dos,dos,0.0,0.0,1.0,0.0
606,dos,dos,0.0066135897840138725,0.0,0.9933864102159862,0.0
607,dos,dos,0.0,0.0,1.0,0.0
608,dos,dos,0.0,0.0,1.0,0.0
609,dos,dos,0.0,0.0,1.0,0.0
610,dos,dos,0.0,0.0,1.0,0.0
611,dos,dos,0.0,0.0,1.0,0.0
612,dos,dos,0.0,0.0,1.0,0.0
613,dos,dos,0.0,0.0,1.0,0.0
614,dos,dos,0.0,0.0,1.0,0.0
615,dos,dos,0.0,0.0,1.0,0.0
616,dos,dos,0.0,0.0,1.0,0.0
617,dos,dos,0.0,0.0,1.0,0.0
618,recon,recon,0.0,0.0,0.0,1.0
619,benign,benign,1.0,0.0,0.0,0.0
620,dos,dos,0.0,0.0,1.0,0.0
621,dos,dos,0.0,0.0,1.0,0.0
622,dos,dos,0.0,0.0,1.0,0.0
623,dos,dos,0.0,0.0,1.0,0.0
624,bruteforce,bruteforce,0.0,1.0,0.0,0.0
625,dos,dos,0.0033511264620456867,0.0,0.9966488735379544,0.0
626,dos,dos,0.0,0.0,1.0,0.0
627,dos,dos,0.0,0.0,1.0,0.0
628,dos,dos,0.0,0.0,1.0,0.0
629,benign,benign,1.0,0.0,0.0,0.0
630,dos,dos,0.0,0.0,1.0,0.0
631,dos,dos,0.0,0.0,1.0,0.0
632,dos,dos,0.0,0.0,1.0,0.0
633,dos,dos,0.0,0.0,1.0,0.0
634,dos,dos,0.0,0.0,1.0,0.0
635,dos,dos,0.0,0.0,1.0,0.0
636,dos,dos,0.005920663889508024,0.03,0.9565696382146416,0.0075096978958504755
637,dos,dos,0.0,0.0,1.0,0.0
638,dos,dos,0.0,0.0,1.0,0.0
639,dos,dos,0.0,0.0,1.0,0.0
640,dos,dos,0.0,0.0,1.0,0.0
641,dos,dos,0.0,0.0,1.0,0.0
642,dos,dos,0.0,0.0,1.0,0.0
643,dos,dos,0.0,0.0,1.0,0.0
644,dos,dos,0.0,0.0,1.0,0.0
645,dos,dos,0.0,0.0,1.0,0.0
646,dos,dos,0.0,0.0,1.0,0.0
647,dos,dos,0.0,0.0,1.0,0.0
648,dos,dos,0.0,0.0,1.0,0.0
649,dos,dos,0.006671838634600465,0.0,0.9933281613653995,0.0
650,dos,dos,0.0,0.0,1.0,0.0
651,dos,dos,0.0,0.0,1.0,0.0
652,benign,benign,1.0,0.0,0.0,0.0
653,dos,dos,0.0,0.0,1.0,0.0
654,dos,dos,0.01,0.0,0.99,0.0
655,dos,dos,0.0,0.0,1.0,0.0
656,dos,dos,0.0,0.0,1.0,0.0
657,dos,dos,0.0,0.0,1.0,0.0
658,dos,dos,0.0,0.0,1.0,0.0
659,dos,dos,0.0,0.01,0.99,0.0
660,dos,dos,0.0,0.0,1.0,0.0
661,dos,dos,0.0,0.0,1.0,0.0
662,dos,dos,0.0,0.0,1.0,0.0
663,dos,dos,0.01248609592359895,0.0,0.9825056977458031,0.00500820633059789
664,dos,dos,0.0,0.0,1.0,0.0
665,dos,dos,0.0,0.0,1.0,0.0
666,dos,dos,0.0,0.0,1.0,0.0
667,dos,dos,0.0,0.0,1.0,0.0
668,dos,dos,0.0,0.0,1.0,0.0
669,dos,dos,0.0,0.0,1.0,0.0
670,dos,dos,0.0,0.0,1.0,0.0
671,dos,dos,0.0,0.0,1.0,0.0
672,dos,dos,0.0,0.0,1.0,0.0
673,dos,dos,0.0,0.0,1.0,0.0
674,dos,dos,0.0,0.0,1.0,0.0
675,dos,dos,0.0,0.0,1.0,0.0
676,dos,dos,0.0,0.0,1.0,0.0
677,dos,dos,0.0,0.0,1.0,0.0
678,dos,dos,0.0,0.0,1.0,0.0
679,dos,dos,0.0,0.0,1.0,0.0
680,dos,dos,0.0,0.0,1.0,0.0
681,dos,dos,0.00500591575958353,0.0,0.9949940842404165,0.0
682,dos,dos,0.0,0.0,1.0,0.0
683,dos,dos,0.0,0.0,1.0,0.0
684,dos,dos,0.0,0.0,1.0,0.0
685,dos,dos,0.0,0.0,1.0,0.0
686,dos,dos,0.0,0.0,1.0,0.0
687,dos,dos,0.0,0.0,1.0,0.0
688,dos,dos,0.0,0.0,1.0,0.0
689,dos,dos,0.0,0.0,1.0,0.0
690,dos,dos,0.0,0.0,1.0,0.0
691,dos,dos,0.0,0.0,1.0,0.0
692,dos,dos,0.0,0.0,1.0,0.0
693,dos,dos,0.0,0.0,1.0,0.0
694,dos,dos,0.0,0.0,1.0,0.0
695,dos,dos,0.0,0.0,1.0,0.0
696,recon,recon,0.0,0.0,0.0,1.0
697,dos,dos,0.0,0.0,1.0,0.0
698,dos,dos,0.0,0.0,1.0,0.0
699,dos,dos,0.0,0.0,1.0,0.0
700,dos,dos,0.0,0.0,1.0,0.0
701,dos,dos,0.0,0.0,1.0,0.0
702,dos,dos,0.0,0.0,1.0,0.0
703,dos,dos,0.0,0.0,1.0,0.0
704,dos,dos,0.0,0.0,1.0,0.0
705,dos,dos,0.0,0.0,1.0,0.0
706,dos,dos,0.0,0.0,1.0,0.0
707,dos,dos,0.0,0.0,1.0,0.0
708,dos,dos,0.0,0.0,1.0,0.0
709,dos,dos,0.0,0.0,1.0,0.0
710,dos,dos,0.0,0.0,1.0,0.0
711,dos,dos,0.0,0.0,1.0,0.0
712,dos,dos,0.0,0.0,1.0,0.0
713,dos,dos,0.03006366690616986,0.01,0.9599363330938302,0.0
714,dos,dos,0.0,0.0,1.0,0.0
715,dos,dos,0.0,0.0,1.0,0.0
716,benign,benign,1.0,0.0,0.0,0.0
717,bruteforce,bruteforce,0.0,1.0,0.0,0.0
718,dos,dos,0.0,0.0,1.0,0.0
719,dos,dos,0.0,0.0,1.0,0.0
720,dos,dos,0.0,0.0,1.0,0.0
721,dos,dos,0.0,0.0,1.0,0.0
722,dos,dos,0.0,0.0,1.0,0.0
723,dos,dos,0.0,0.0,1.0,0.0
724,dos,dos,0.0,0.0,1.0,0.0
725,dos,dos,0.0,0.0,1.0,0.0
726,dos,dos,0.0,0.0,1.0,0.0
727,dos,dos,0.0,0.0,1.0,0.0
728,dos,dos,0.0,0.0,1.0,0.0
729,dos,dos,0.0,0.0,1.0,0.0
730,dos,dos,0.0,0.0,1.0,0.0
731,dos,dos,0.0,0.0,1.0,0.0
732,dos,dos,0.0,0.0,1.0,0.0
733,dos,dos,0.0,0.0,1.0,0.0
734,dos,dos,0.0,0.0,1.0,0.0
735,dos,dos,0.0,0.0,1.0,0.0
736,dos,dos,0.0,0.0,1.0,0.0
737,dos,dos,0.0,0.0,1.0,0.0
738,dos,dos,0.006671838634600465,0.0,0.9933281613653995,0.0
739,dos,dos,0.0,0.0,1.0,0.0
740,dos,dos,0.0,0.0,1.0,0.0
741,dos,dos,0.0,0.0,1.0,0.0
742,dos,dos,0.10731643748094871,0.0,0.8877242512795184,0.004959311239532964
743,dos,dos,0.0,0.0,1.0,0.0
744,dos,dos,0.0,0.0,1.0,0.0
745,dos,dos,0.0,0.0,1.0,0.0
746,dos,dos,0.0,0.0,1.0,0.0
747,bruteforce,bruteforce,0.0,1.0,0.0,0.0
748,dos,dos,0.0,0.0,1.0,0.0
749,dos,dos,0.0,0.0,1.0,0.0
750,dos,dos,0.0,0.0,1.0,0.0
751,dos,dos,0.0,0.0,1.0,0.0
752,dos,dos,0.0,0.0,1.0,0.0
753,bruteforce,bruteforce,0.0,1.0,0.0,0.0
754,dos,dos,0.0,0.0,1.0,0.0
755,dos,dos,0.0,0.0,1.0,0.0
756,dos,dos,0.0,0.0,1.0,0.0
757,dos,dos,0.0,0.0,1.0,0.0
758,dos,dos,0.0,0.0,1.0,0.0
759,dos,dos,0.0,0.0,1.0,0.0
760,dos,dos,0.0,0.0,1.0,0.0
761,dos,dos,0.0,0.0,1.0,0.0
762,dos,dos,0.0,0.0,1.0,0.0
763,dos,dos,0.0,0.0,1.0,0.0
764,dos,dos,0.0,0.0,1.0,0.0
765,dos,dos,0.0,0.0,1.0,0.0
766,dos,dos,0.0,0.0,1.0,0.0
767,dos,dos,0.0,0.0,1.0,0.0
768,dos,dos,0.0,0.0,1.0,0.0
769,dos,dos,0.0,0.0,1.0,0.0
770,dos,dos,0.0,0.0,1.0,0.0
771,dos,dos,0.0,0.0,1.0,0.0
772,dos,dos,0.0,0.0,1.0,0.0
773,dos,dos,0.0,0.0,1.0,0.0
774,dos,dos,0.0,0.0,1.0,0.0
775,dos,dos,0.0,0.0,1.0,0.0
776,dos,dos,0.0,0.0,1.0,0.0
777,dos,dos,0.0,0.0,1.0,0.0
778,dos,dos,0.0,0.0,1.0,0.0
779,dos,dos,0.0,0.0,1.0,0.0
780,dos,dos,0.0,0.0,1.0,0.0
781,dos,dos,0.0,0.0,1.0,0.0
782,dos,dos,0.0,0.0,1.0,0.0
783,dos,dos,0.0,0.0,1.0,0.0
784,dos,dos,0.01,0.0,0.99,0.0
785,dos,dos,0.0,0.006179195185272598,0.9838229552508985,0.00999784956382897
786,dos,dos,0.0,0.0,1.0,0.0
787,dos,dos,0.0,0.0,1.0,0.0
788,dos,dos,0.0,0.0,1.0,0.0
789,dos,dos,0.0,0.0,1.0,0.0
790,dos,dos,0.0,0.0,1.0,0.0
791,recon,recon,0.0,0.0,0.0,1.0
792,dos,dos,0.0,0.0,1.0,0.0
793,dos,dos,0.0,0.0,1.0,0.0
794,dos,dos,0.0,0.0,1.0,0.0
795,dos,dos,0.0,0.0,1.0,0.0
796,dos,dos,0.0,0.0,1.0,0.0
797,dos,dos,0.0,0.0,1.0,0.0
798,dos,dos,0.006708959899749373,0.0,0.9932910401002506,0.0
799,dos,dos,0.0,0.0,1.0,0.0
800,dos,dos,0.0,0.0,1.0,0.0
801,dos,dos,0.0,0.0,1.0,0.0
802,dos,dos,0.0,0.0,1.0,0.0
803,bruteforce,bruteforce,0.0,1.0,0.0,0.0
804,dos,dos,0.0,0.0,1.0,0.0
805,benign,benign,1.0,0.0,0.0,0.0
806,dos,dos,0.0,0.0,1.0,0.0
807,dos,dos,0.0,0.0,1.0,0.0
808,dos,dos,0.0,0.0,1.0,0.0
809,recon,recon,0.0,0.0,0.0,1.0
810,dos,dos,0.0,0.0,1.0,0.0
811,dos,dos,0.0,0.0,1.0,0.0
812,dos,dos,0.0,0.0,1.0,0.0
813,dos,dos,0.0,0.0,1.0,0.0
814,dos,dos,0.0,0.0,1.0,0.0
815,dos,dos,0.0,0.0,1.0,0.0
816,dos,dos,0.01170734720247255,0.0,0.9882926527975274,0.0
817,dos,dos,0.0,0.0,1.0,0.0
818,dos,dos,0.0,0.0,1.0,0.0
819,dos,dos,0.0,0.0,1.0,0.0
820,dos,dos,0.0,0.0,1.0,0.0
821,benign,benign,1.0,0.0,0.0,0.0
822,dos,dos,0.0,0.0,1.0,0.0
823,dos,dos,0.0,0.0,1.0,0.0
824,dos,dos,0.0,0.0,1.0,0.0
825,dos,dos,0.0,0.0,1.0,0.0
826,dos,dos,0.0,0.0,1.0,0.0
827,dos,dos,0.0,0.0,1.0,0.0
828,dos,dos,0.0,0.0,1.0,0.0
829,dos,dos,0.0,0.0,1.0,0.0
830,dos,dos,0.0,0.0,1.0,0.0
831,dos,dos,0.0,0.0,1.0,0.0
832,dos,dos,0.0,0.0,1.0,0.0
833,dos,dos,0.0,0.0,1.0,0.0
834,dos,dos,0.0,0.0,1.0,0.0
835,dos,dos,0.0,0.0,1.0,0.0
836,dos,dos,0.0,0.0,1.0,0.0
837,dos,dos,0.0,0.0,1.0,0.0
838,dos,dos,0.0,0.0,1.0,0.0
839,dos,dos,0.0,0.0,1.0,0.0
840,dos,dos,0.0,0.0,1.0,0.0
841,dos,dos,0.0,0.0,1.0,0.0
842,dos,dos,0.0,0.0,1.0,0.0
843,dos,dos,0.01,0.0,0.99,0.0
844,dos,dos,0.0,0.0,1.0,0.0
845,dos,dos,0.0,0.0,1.0,0.0
846,benign,benign,1.0,0.0,0.0,0.0
847,dos,dos,0.00497446859042869,0.0,0.9950255314095713,0.0
848,dos,dos,0.0,0.0,1.0,0.0
849,dos,dos,0.0,0.0,1.0,0.0
850,dos,dos,0.0,0.0,1.0,0.0
851,dos,dos,0.0,0.0,1.0,0.0
852,dos,dos,0.0,0.0,1.0,0.0
853,dos,dos,0.0,0.0,1.0,0.0
854,dos,dos,0.0,0.0,1.0,0.0
855,dos,dos,0.0,0.0,1.0,0.0
856,dos,dos,0.0,0.0,1.0,0.0
857,dos,dos,0.01,0.0,0.99,0.0
858,dos,dos,0.0,0.0,1.0,0.0
859,dos,dos,0.0,0.0,1.0,0.0
860,dos,dos,0.0,0.0,1.0,0.0
861,dos,dos,0.0,0.0,1.0,0.0
862,dos,dos,0.0,0.0,1.0,0.0
863,dos,dos,0.0,0.0,1.0,0.0
864,dos,dos,0.0,0.0,1.0,0.0
865,dos,dos,0.0,0.0,1.0,0.0
866,dos,dos,0.0,0.0,1.0,0.0
867,dos,dos,0.0,0.0,1.0,0.0
868,dos,dos,0.0,0.0,1.0,0.0
869,dos,dos,0.0,0.0,1.0,0.0
870,dos,dos,0.0,0.0,1.0,0.0
871,dos,dos,0.0,0.0,1.0,0.0
872,dos,dos,0.0,0.0,1.0,0.0
873,bruteforce,bruteforce,0.0,1.0,0.0,0.0
874,dos,dos,0.0,0.0,1.0,0.0
875,dos,dos,0.0,0.0,1.0,0.0
876,dos,dos,0.0,0.0,1.0,0.0
877,dos,dos,0.0,0.0,1.0,0.0
878,dos,dos,0.0,0.0,1.0,0.0
879,dos,dos,0.0,0.0,1.0,0.0
880,dos,dos,0.0,0.01,0.99,0.0
881,dos,dos,0.0,0.0,1.0,0.0
882,dos,dos,0.0,0.0,1.0,0.0
883,dos,dos,0.0,0.0,1.0,0.0
884,dos,dos,0.0,0.0,1.0,0.0
885,dos,dos,0.0,0.0,1.0,0.0
886,dos,dos,0.0,0.0,1.0,0.0
887,dos,dos,0.0,0.0,1.0,0.0
888,dos,dos,0.0,0.0,1.0,0.0
889,dos,dos,0.0,0.0,1.0,0.0
890,dos,dos,0.0,0.0,1.0,0.0
891,dos,dos,0.0,0.0,1.0,0.0
892,dos,dos,0.0,0.0,1.0,0.0
893,benign,benign,0.9999597694384428,0.0,0.0,4.023056155712573e-05
894,dos,dos,0.0,0.0,1.0,0.0
895,benign,benign,1.0,0.0,0.0,0.0
896,dos,dos,0.0,0.0,1.0,0.0
897,dos,dos,0.0,0.0,1.0,0.0
898,dos,dos,0.0,0.0,1.0,0.0
899,dos,dos,0.0,0.0,1.0,0.0
900,dos,dos,0.0,0.0,1.0,0.0
901,dos,dos,0.0,0.0,1.0,0.0
902,dos,dos,0.0,0.0,1.0,0.0
903,dos,dos,0.0,0.0,1.0,0.0
904,dos,dos,0.0,0.0,1.0,0.0
905,dos,dos,0.0,0.0,1.0,0.0
906,dos,dos,0.0,0.0,1.0,0.0
907,dos,dos,0.0,0.0,1.0,0.0
908,dos,dos,0.0,0.0,1.0,0.0
909,dos,dos,0.0,0.0,1.0,0.0
910,dos,dos,0.0,0.0,1.0,0.0
911,recon,recon,0.0,0.0,0.0,1.0
912,dos,dos,0.0,0.0,1.0,0.0
913,dos,dos,0.0,0.0,1.0,0.0
914,benign,benign,1.0,0.0,0.0,0.0
915,dos,dos,0.0,0.0,1.0,0.0
916,dos,dos,0.0,0.0,1.0,0.0
917,dos,dos,0.0,0.0,1.0,0.0
918,dos,dos,0.0,0.0,1.0,0.0
919,dos,dos,0.0,0.0,1.0,0.0
920,dos,dos,0.0,0.0,1.0,0.0
921,dos,dos,0.02,0.0049546300604932526,0.9750453699395067,0.0
922,dos,dos,0.0,0.0,1.0,0.0
923,dos,dos,0.0,0.0,1.0,0.0
924,dos,dos,0.11447480026207167,0.0,0.7425477333346311,0.14297746640329717
925,dos,dos,0.0,0.0,1.0,0.0
926,dos,dos,0.0,0.0,1.0,0.0
927,benign,benign,1.0,0.0,0.0,0.0
928,benign,benign,0.9767024636765634,0.0,0.023297536323436514,0.0
929,dos,dos,0.0,0.0,1.0,0.0
930,dos,dos,0.0,0.0,1.0,0.0
931,dos,dos,0.06,0.0,0.94,0.0
932,dos,dos,0.0,0.0,1.0,0.0
933,dos,dos,0.0,0.0,1.0,0.0
934,dos,dos,0.0,0.0,1.0,0.0
935,dos,dos,0.0,0.0,1.0,0.0
936,dos,dos,0.0,0.0,1.0,0.0
937,dos,dos,0.0,0.0,1.0,0.0
938,dos,dos,0.0,0.0,1.0,0.0
939,dos,dos,0.0,0.03327930821379465,0.9634102040590775,0.0033104877271278293
940,benign,benign,1.0,0.0,0.0,0.0
941,dos,dos,0.0,0.0,1.0,0.0
942,dos,dos,0.0,0.0,1.0,0.0
943,benign,benign,0.9997616436818173,0.0,0.00023835631818266853,0.0
944,dos,dos,0.0,0.0,1.0,0.0
945,dos,dos,0.0,0.0,1.0,0.0
946,dos,dos,0.0,0.0,1.0,0.0
947,dos,dos,0.0,0.0,1.0,0.0
948,dos,dos,0.0,0.0,1.0,0.0
949,dos,dos,0.0,0.0,1.0,0.0
950,dos,dos,0.0,0.0,1.0,0.0
951,dos,dos,0.0,0.0,1.0,0.0
952,dos,dos,0.0,0.0,1.0,0.0
953,dos,dos,0.0,0.0,1.0,0.0
954,bruteforce,bruteforce,0.0,1.0,0.0,0.0
955,dos,dos,0.0,0.0,1.0,0.0
956,dos,dos,0.0,0.0,1.0,0.0
957,dos,dos,0.0,0.0,1.0,0.0
958,dos,dos,0.0,0.0,1.0,0.0
959,dos,dos,0.0,0.0,1.0,0.0
960,dos,dos,0.0,0.0,1.0,0.0
961,bruteforce,bruteforce,0.0,1.0,0.0,0.0
962,dos,dos,0.0,0.0,1.0,0.0
963,dos,dos,0.0,0.0,1.0,0.0
964,dos,dos,0.0,0.0,1.0,0.0
965,dos,dos,0.0,0.0,1.0,0.0
966,dos,dos,0.004981779710826378,0.0,0.9950182202891736,0.0
967,dos,dos,0.0,0.0,1.0,0.0
968,dos,dos,0.0,0.0,1.0,0.0
969,dos,dos,0.0,0.0,1.0,0.0
970,dos,dos,0.0,0.0,1.0,0.0
971,dos,dos,0.0,0.0,1.0,0.0
972,dos,dos,0.004967870078280172,0.0,0.9950321299217199,0.0
973,dos,dos,0.0,0.0,1.0,0.0
974,dos,dos,0.0,0.0,1.0,0.0
975,dos,dos,0.0,0.0,1.0,0.0
976,dos,dos,0.0,0.0,1.0,0.0
977,dos,dos,0.0,0.0,1.0,0.0
978,dos,dos,0.0,0.0,1.0,0.0
979,dos,dos,0.0,0.0,1.0,0.0
980,dos,dos,0.0,0.0,1.0,0.0
981,dos,dos,0.0,0.0,1.0,0.0
982,dos,dos,0.0,0.0,1.0,0.0
983,dos,dos,0.0,0.0,1.0,0.0
984,dos,dos,0.0,0.0,1.0,0.0
985,dos,dos,0.0,0.0,1.0,0.0
986,dos,dos,0.0,0.0,1.0,0.0
987,dos,dos,0.0,0.0,1.0,0.0
988,dos,dos,0.0,0.0,1.0,0.0
989,dos,dos,0.0,0.0,1.0,0.0
990,dos,dos,0.0,0.0,1.0,0.0
991,dos,dos,0.0,0.0,1.0,0.0
992,dos,dos,0.0,0.0,1.0,0.0
993,dos,dos,0.0,0.0,1.0,0.0
994,dos,dos,0.0,0.0,1.0,0.0
995,dos,dos,0.0,0.0,1.0,0.0
996,dos,dos,0.0,0.0,1.0,0.0
997,dos,dos,0.0,0.0,1.0,0.0
998,dos,dos,0.0,0.0,1.0,0.0
999,dos,dos,0.0,0.0,1.0,0.0
1000,dos,dos,0.0,0.0,1.0,0.0
1001,dos,dos,0.0,0.0,1.0,0.0
1002,dos,dos,0.0,0.0,1.0,0.0
1003,dos,dos,0.0,0.0,1.0,0.0
1004,dos,dos,0.016737450230306816,0.0,0.9832625497696932,0.0
1005,dos,dos,0.0,0.0,1.0,0.0
1006,dos,dos,0.0,0.0,1.0,0.0
1007,dos,dos,0.0,0.0,1.0,0.0
1008,dos,dos,0.0,0.0,1.0,0.0
1009,dos,dos,0.0,0.0,1.0,0.0
1010,dos,dos,0.05,0.0,0.95,0.0
1011,dos,dos,0.0033511264620456867,0.0,0.9966488735379544,0.0
1012,dos,dos,0.0,0.0,1.0,0.0
1013,dos,dos,0.0,0.0,1.0,0.0
1014,dos,dos,0.0,0.0,1.0,0.0
1015,dos,dos,0.0,0.0,1.0,0.0
1016,dos,dos,0.0,0.0,1.0,0.0
1017,dos,dos,0.006680652680652681,0.0,0.9933193473193472,0.0
1018,dos,dos,0.0,0.0,1.0,0.0
1019,dos,dos,0.0,0.0,1.0,0.0
1020,dos,dos,0.0,0.0,1.0,0.0
1021,dos,dos,0.0,0.0,1.0,0.0
1022,dos,dos,0.0,0.0,1.0,0.0
1023,dos,dos,0.0,0.0,1.0,0.0
1024,dos,dos,0.0,0.0,1.0,0.0
1025,dos,dos,0.0,0.0,1.0,0.0
1026,dos,dos,0.0,0.0,1.0,0.0
1027,dos,dos,0.0,0.0,1.0,0.0
1028,dos,dos,0.0,0.0,1.0,0.0
1029,dos,dos,0.0,0.0,1.0,0.0
1030,dos,dos,0.0,0.0,1.0,0.0
1031,dos,dos,0.0,0.0,1.0,0.0
1032,dos,dos,0.0,0.0,1.0,0.0
1033,dos,dos,0.0,0.0,1.0,0.0
1034,dos,dos,0.0,0.0,1.0,0.0
1035,dos,dos,0.0,0.0,1.0,0.0
1036,dos,dos,0.0,0.0,1.0,0.0
1037,dos,dos,0.0,0.0,1.0,0.0
1038,dos,dos,0.0,0.0,1.0,0.0
1039,dos,dos,0.0,0.0,1.0,0.0
1040,dos,dos,0.0,0.0,1.0,0.0
1041,dos,dos,0.0,0.0,1.0,0.0
1042,dos,dos,0.0,0.0,1.0,0.0
1043,dos,dos,0.0,0.0,1.0,0.0
1044,dos,dos,0.0,0.0,1.0,0.0
1045,dos,dos,0.0,0.0,1.0,0.0
1046,dos,dos,0.01,0.0,0.99,0.0
1047,dos,dos,0.0,0.0,1.0,0.0
1048,dos,dos,0.0,0.0,1.0,0.0
1049,bruteforce,bruteforce,0.0,1.0,0.0,0.0
1050,dos,dos,0.0,0.0,1.0,0.0
1051,dos,dos,0.0,0.0,1.0,0.0
1052,dos,dos,0.01,0.0,0.99,0.0
1053,dos,dos,0.0,0.0,1.0,0.0
1054,bruteforce,bruteforce,0.0,1.0,0.0,0.0
1055,dos,dos,0.0,0.0,1.0,0.0
1056,bruteforce,bruteforce,0.0,1.0,0.0,0.0
1057,benign,benign,1.0,0.0,0.0,0.0
1058,dos,dos,0.0,0.0,1.0,0.0
1059,dos,dos,0.0,0.0,1.0,0.0
1060,dos,dos,0.0,0.0,1.0,0.0
1061,dos,dos,0.0,0.0,1.0,0.0
1062,dos,dos,0.0,0.0,1.0,0.0
1063,dos,dos,0.0,0.0,1.0,0.0
1064,dos,dos,0.0,0.0,1.0,0.0
1065,dos,dos,0.0,0.0,1.0,0.0
1066,dos,dos,0.0,0.0,1.0,0.0
1067,dos,dos,0.0,0.0,1.0,0.0
1068,dos,dos,0.0,0.0,1.0,0.0
1069,dos,dos,0.0,0.0,1.0,0.0
1070,dos,dos,0.0,0.0,1.0,0.0
1071,dos,dos,0.0,0.0,1.0,0.0
1072,dos,dos,0.006696881241358119,0.0,0.9933031187586419,0.0
1073,dos,dos,0.0,0.0,1.0,0.0
1074,dos,dos,0.0,0.0,1.0,0.0
1075,dos,dos,0.0,0.0,1.0,0.0
1076,dos,dos,0.0,0.0,1.0,0.0
1077,dos,dos,0.0,0.0,1.0,0.0
1078,dos,dos,0.0,0.0,1.0,0.0
1079,dos,dos,0.0,0.0,1.0,0.0
1080,dos,dos,0.0,0.0,1.0,0.0
1081,dos,dos,0.0,0.0,1.0,0.0
1082,dos,dos,0.0,0.006179195185272598,0.9804451181347436,0.013375686679983843
1083,dos,dos,0.0,0.0,1.0,0.0
1084,dos,dos,0.0,0.0,1.0,0.0
1085,dos,dos,0.0,0.0,1.0,0.0
1086,dos,dos,0.0,0.0,1.0,0.0
1087,benign,benign,1.0,0.0,0.0,0.0
1088,recon,recon,0.0,0.0,0.0,1.0
1089,dos,dos,0.0,0.0,1.0,0.0
1090,dos,dos,0.0,0.0,1.0,0.0
1091,dos,dos,0.0,0.0,1.0,0.0
1092,dos,dos,0.0,0.0,1.0,0.0
1093,dos,dos,0.0,0.0,1.0,0.0
1094,dos,dos,0.0,0.0,1.0,0.0
1095,dos,dos,0.0,0.0,1.0,0.0
1096,dos,dos,0.0,0.0,1.0,0.0
1097,dos,dos,0.0,0.0,1.0,0.0
1098,dos,dos,0.0,0.0,1.0,0.0
1099,dos,dos,0.0,0.0,1.0,0.0
1100,dos,dos,0.0,0.0,1.0,0.0
1101,dos,dos,0.0,0.0,1.0,0.0
1102,dos,dos,0.0,0.0,1.0,0.0
1103,dos,dos,0.0,0.0,1.0,0.0
1104,dos,dos,0.0,0.0,1.0,0.0
1105,dos,dos,0.0,0.0,1.0,0.0
1106,dos,dos,0.0,0.0,1.0,0.0
1107,dos,dos,0.0,0.0,1.0,0.0
1108,dos,dos,0.0,0.0,1.0,0.0
1109,dos,dos,0.0,0.0,1.0,0.0
1110,dos,dos,0.0,0.0,1.0,0.0
1111,dos,dos,0.0,0.0,1.0,0.0
1112,dos,dos,0.0,0.0,1.0,0.0
1113,dos,dos,0.0,0.0,1.0,0.0
1114,dos,dos,0.0,0.0,1.0,0.0
1115,dos,dos,0.0,0.0,1.0,0.0
1116,dos,dos,0.0,0.0,1.0,0.0
1117,dos,dos,0.0,0.0,1.0,0.0
1118,dos,dos,0.0,0.0,1.0,0.0
1119,dos,dos,0.0,0.0,1.0,0.0
1120,dos,dos,0.0,0.0,1.0,0.0
1121,recon,recon,0.0,0.0,5.766872655310987e-05,0.999942331273447
1122,dos,dos,0.0,0.0,1.0,0.0
1123,dos,dos,0.0,0.0,1.0,0.0
1124,dos,dos,0.0,0.0,1.0,0.0
1125,dos,dos,0.0,0.0,1.0,0.0
1126,dos,dos,0.0,0.0,1.0,0.0
1127,dos,dos,0.0,0.0,1.0,0.0
1128,dos,dos,0.0,0.0,1.0,0.0
1129,dos,dos,0.0,0.0,1.0,0.0
1130,dos,dos,0.0033511264620456867,0.0,0.9966488735379544,0.0
1131,dos,dos,0.0,0.0,1.0,0.0
1132,dos,dos,0.0,0.0,1.0,0.0
1133,dos,dos,0.0,0.0,1.0,0.0
1134,dos,dos,0.02,0.0,0.98,0.0
1135,dos,dos,0.0,0.0,1.0,0.0
1136,dos,dos,0.0,0.0,1.0,0.0
1137,dos,dos,0.0,0.0,1.0,0.0
1138,dos,dos,0.006644915715062534,0.03167094303872419,0.9616841412462134,0.0
1139,benign,benign,1.0,0.0,0.0,0.0
1140,dos,dos,0.0,0.0,1.0,0.0
1141,dos,dos,0.0,0.0,1.0,0.0
1142,dos,dos,0.0,0.0,1.0,0.0
1143,dos,dos,0.0,0.0,1.0,0.0
1144,dos,dos,0.0,0.0,1.0,0.0
1145,dos,dos,0.0,0.0,1.0,0.0
1146,dos,dos,0.0,0.0,1.0,0.0
1147,dos,dos,0.0,0.0,1.0,0.0
1148,dos,dos,0.0,0.0,1.0,0.0
1149,dos,dos,0.0,0.0,1.0,0.0
1150,dos,dos,0.0,0.0,1.0,0.0
1151,dos,dos,0.0,0.0,1.0,0.0
1152,dos,dos,0.0,0.0,1.0,0.0
1153,dos,dos,0.0,0.0,1.0,0.0
1154,dos,dos,0.0032389545737398877,0.0067610454262601125,0.99,0.0
1155,dos,dos,0.0,0.0,1.0,0.0
1156,dos,dos,0.0,0.0,1.0,0.0
1157,dos,dos,0.0,0.0,1.0,0.0
1158,dos,dos,0.0,0.0,1.0,0.0
1159,dos,dos,0.0,0.0,1.0,0.0
1160,dos,dos,0.0,0.0,1.0,0.0
1161,dos,dos,0.0,0.0,1.0,0.0
1162,dos,dos,0.0,0.0,1.0,0.0
1163,dos,dos,0.0,0.0,1.0,0.0
1164,dos,dos,0.0,0.0,1.0,0.0
1165,dos,dos,0.0,0.0,1.0,0.0
1166,dos,dos,0.0,0.0,1.0,0.0
1167,dos,dos,0.0,0.0,1.0,0.0
1168,dos,dos,0.0,0.0,1.0,0.0
1169,dos,dos,0.0,0.0,1.0,0.0
1170,dos,dos,0.0,0.0,1.0,0.0
1171,dos,dos,0.09613519514867233,0.0,0.8655911051657346,0.038273699685593215
1172,bruteforce,bruteforce,0.0,1.0,0.0,0.0
1173,dos,dos,0.0,0.0,1.0,0.0
1174,dos,dos,0.0,0.0,1.0,0.0
1175,dos,dos,0.0,0.0,1.0,0.0
1176,dos,dos,0.0,0.0,1.0,0.0
1177,dos,dos,0.0,0.0,1.0,0.0
1178,dos,dos,0.0,0.0,1.0,0.0
1179,benign,benign,1.0,0.0,0.0,0.0
1180,dos,dos,0.0,0.0,1.0,0.0
1181,dos,dos,0.0,0.0,1.0,0.0
1182,dos,dos,0.0,0.0,1.0,0.0
1183,dos,dos,0.0,0.0,1.0,0.0
1184,dos,dos,0.0,0.0,1.0,0.0
1185,dos,dos,0.0,0.0,1.0,0.0
1186,dos,dos,0.0,0.0,1.0,0.0
1187,dos,dos,0.0,0.0,1.0,0.0
1188,dos,dos,0.0,0.0,1.0,0.0
1189,dos,dos,0.0,0.0,1.0,0.0
1190,dos,dos,0.0,0.0,1.0,0.0
1191,dos,dos,0.0,0.0,1.0,0.0
1192,dos,dos,0.0,0.0,1.0,0.0
1193,dos,dos,0.0,0.0,1.0,0.0
1194,dos,dos,0.0,0.0,1.0,0.0
1195,dos,dos,0.0,0.0,1.0,0.0
1196,bruteforce,bruteforce,0.0,1.0,0.0,0.0
1197,dos,dos,0.0,0.0,1.0,0.0
1198,dos,dos,0.0,0.0,1.0,0.0
1199,dos,dos,0.0,0.0,1.0,0.0
1200,dos,dos,0.0,0.0,1.0,0.0
1201,dos,dos,0.0,0.0,1.0,0.0
1202,dos,dos,0.005118438281157004,0.0,0.994881561718843,0.0
1203,dos,dos,0.0,0.0,1.0,0.0
1204,dos,dos,0.0,0.0,1.0,0.0
1205,dos,dos,0.0,0.0,1.0,0.0
1206,dos,dos,0.0,0.0,1.0,0.0
1207,dos,dos,0.0,0.0,1.0,0.0
1208,dos,dos,0.0,0.0,1.0,0.0
1209,dos,dos,0.0,0.0,1.0,0.0
1210,dos,dos,0.0,0.0,1.0,0.0
1211,dos,dos,0.0,0.0,1.0,0.0
1212,dos,dos,0.0,0.0,1.0,0.0
1213,dos,dos,0.0,0.0,1.0,0.0
1214,dos,dos,0.0,0.0,1.0,0.0
1215,dos,dos,0.0,0.0,1.0,0.0
1216,dos,dos,0.0,0.0,1.0,0.0
1217,dos,dos,0.0,0.0,1.0,0.0
1218,dos,dos,0.0,0.0,1.0,0.0
1219,dos,dos,0.0,0.0,1.0,0.0
1220,dos,dos,0.0,0.0,1.0,0.0
1221,dos,dos,0.0,0.0,1.0,0.0
1222,dos,dos,0.0,0.0,1.0,0.0
1223,dos,dos,0.0,0.0,1.0,0.0
1224,dos,dos,0.0,0.0,1.0,0.0
1225,dos,dos,0.0,0.0,1.0,0.0
1226,dos,dos,0.0,0.0,1.0,0.0
1227,dos,dos,0.0,0.0,1.0,0.0
1228,dos,dos,0.0,0.0,1.0,0.0
1229,dos,dos,0.0,0.0,1.0,0.0
1230,dos,dos,0.00502669452181987,0.0,0.9949733054781801,0.0
1231,dos,dos,0.0,0.0,1.0,0.0
1232,dos,dos,0.0,0.0,1.0,0.0
1233,dos,dos,0.0,0.0,1.0,0.0
1234,dos,dos,0.0,0.0,1.0,0.0
1235,dos,dos,0.0,0.0,1.0,0.0
1236,dos,dos,0.0,0.0,1.0,0.0
1237,dos,dos,0.0,0.0,1.0,0.0
1238,dos,dos,0.0,0.0,1.0,0.0
1239,dos,dos,0.0,0.0,1.0,0.0
1240,dos,dos,0.006704669686084647,0.013295330313915353,0.98,0.0
1241,dos,dos,0.0,0.0,1.0,0.0
1242,dos,dos,0.0,0.0,1.0,0.0
1243,dos,dos,0.0,0.0,1.0,0.0
1244,bruteforce,bruteforce,0.0,1.0,0.0,0.0
1245,dos,dos,0.0,0.0,1.0,0.0
1246,dos,dos,0.0,0.0,1.0,0.0
1247,dos,dos,0.0,0.0,1.0,0.0
1248,dos,dos,0.0,0.0,1.0,0.0
1249,dos,dos,0.0,0.0,1.0,0.0
1250,dos,dos,0.0,0.0,1.0,0.0
1251,dos,dos,0.0,0.0,1.0,0.0
1252,recon,recon,8.332147627153021e-06,0.0,0.0,0.9999916678523729
1253,dos,dos,0.0,0.0,1.0,0.0
1254,dos,dos,0.0,0.0,1.0,0.0
1255,dos,dos,0.0,0.0,1.0,0.0
1256,dos,dos,0.0,0.0,1.0,0.0
1257,dos,dos,0.0,0.0,1.0,0.0
1258,benign,benign,0.9999597694384428,0.0,0.0,4.023056155712573e-05
1259,dos,dos,0.0,0.0,1.0,0.0
1260,dos,dos,0.0,0.0,1.0,0.0
1261,dos,dos,0.0,0.0,1.0,0.0
1262,dos,dos,0.0,0.0,1.0,0.0
1263,dos,dos,0.0,0.0,1.0,0.0
1264,dos,dos,0.0,0.0,1.0,0.0
1265,dos,dos,0.0,0.0,1.0,0.0
1266,dos,dos,0.0,0.0,1.0,0.0
1267,dos,dos,0.0,0.0,1.0,0.0
1268,dos,dos,0.0,0.0,1.0,0.0
1269,dos,dos,0.0,0.0,1.0,0.0
1270,recon,recon,0.000535131686623012,0.0,0.0,0.9994648683133769
1271,recon,recon,0.0,0.0,0.0,1.0
1272,dos,dos,0.0,0.0,1.0,0.0
1273,dos,dos,0.0,0.0,1.0,0.0
1274,dos,dos,0.0,0.0,1.0,0.0
1275,dos,dos,0.0,0.0,1.0,0.0
1276,dos,dos,0.0,0.0,1.0,0.0
1277,dos,dos,0.0,0.0,1.0,0.0
1278,dos,dos,0.01,0.0,0.99,0.0
1279,dos,dos,0.0,0.0,1.0,0.0
1280,dos,dos,0.0,0.0,1.0,0.0
1281,dos,dos,0.003387147831592276,0.01508179357420266,0.9815310585942051,0.0
1282,dos,dos,0.0,0.0,1.0,0.0
1283,dos,dos,0.0,0.0,1.0,0.0
1284,dos,dos,0.0,0.0,1.0,0.0
1285,dos,dos,0.0,0.0,1.0,0.0
1286,dos,dos,0.0,0.0,1.0,0.0
1287,dos,dos,0.0,0.0,1.0,0.0
1288,dos,dos,0.0,0.0,1.0,0.0
1289,dos,dos,0.0,0.0,1.0,0.0
1290,dos,dos,0.0,0.0,1.0,0.0
1291,dos,dos,0.0,0.0,1.0,0.0
1292,dos,dos,0.016737450230306816,0.0,0.9741853420020482,0.00907720776764499
1293,dos,dos,0.0,0.0,1.0,0.0
1294,dos,dos,0.0,0.0,1.0,0.0
1295,dos,dos,0.0,0.0,1.0,0.0
1296,dos,dos,0.0,0.0,1.0,0.0
1297,dos,dos,0.0,0.0,1.0,0.0
1298,dos,dos,0.0,0.0,1.0,0.0
1299,dos,dos,0.0,0.0,1.0,0.0
1300,dos,dos,0.0,0.0,1.0,0.0
1301,dos,dos,0.0,0.0,1.0,0.0
1302,dos,dos,0.0,0.0,1.0,0.0
1303,dos,dos,0.0,0.0,1.0,0.0
1304,dos,dos,0.01,0.0,0.98,0.01
1305,dos,dos,0.0,0.0,1.0,0.0
1306,dos,dos,0.0,0.0050212214100448,0.9949787785899552,0.0
1307,dos,dos,0.0,0.0,1.0,0.0
1308,dos,dos,0.0,0.0,1.0,0.0
1309,dos,dos,0.0,0.0,1.0,0.0
1310,dos,dos,0.0,0.0,1.0,0.0
1311,dos,dos,0.0,0.0,1.0,0.0
1312,dos,dos,0.0,0.0,1.0,0.0
1313,dos,dos,0.0,0.0,1.0,0.0
1314,dos,dos,0.0,0.0,1.0,0.0
1315,dos,dos,0.0,0.0,1.0,0.0
1316,dos,dos,0.0,0.0,1.0,0.0
1317,dos,dos,0.0,0.0,1.0,0.0
1318,dos,dos,0.0,0.0,1.0,0.0
1319,benign,benign,1.0,0.0,0.0,0.0
1320,dos,dos,0.0,0.0,1.0,0.0
1321,dos,dos,0.0,0.0,1.0,0.0
1322,dos,dos,0.0,0.0,1.0,0.0
1323,dos,dos,0.0,0.0,1.0,0.0
1324,dos,dos,0.0,0.0,1.0,0.0
1325,dos,dos,0.0,0.0,1.0,0.0
1326,dos,dos,0.0,0.0,1.0,0.0
1327,dos,dos,0.0,0.0,1.0,0.0
1328,dos,dos,0.0,0.0,1.0,0.0
1329,dos,dos,0.0,0.0,1.0,0.0
1330,dos,dos,0.0,0.0,1.0,0.0
1331,dos,dos,0.0,0.0,1.0,0.0
1332,dos,dos,0.0,0.0,1.0,0.0
1333,dos,dos,0.004026356371793074,0.05343135039512422,0.9425422932330827,0.0
1334,dos,dos,0.0,0.0,1.0,0.0
1335,dos,dos,0.0,0.0,1.0,0.0
1336,dos,dos,0.0,0.0,1.0,0.0
1337,dos,dos,0.0,0.0,1.0,0.0
1338,dos,dos,0.0,0.0,1.0,0.0
1339,dos,dos,0.0,0.0,1.0,0.0
1340,recon,recon,0.0,0.0,0.0,1.0
1341,dos,dos,0.0,0.0,1.0,0.0
1342,dos,dos,0.0,0.0,1.0,0.0
1343,dos,dos,0.0,0.0,1.0,0.0
1344,dos,dos,0.0,0.0,1.0,0.0
1345,dos,dos,0.0,0.0,1.0,0.0
1346,recon,recon,0.0,0.0,0.0,1.0
1347,dos,dos,0.0,0.0,1.0,0.0
1348,dos,dos,0.01,0.0,0.99,0.0
1349,dos,dos,0.0,0.0,1.0,0.0
1350,dos,dos,0.0,0.0,1.0,0.0
1351,dos,dos,0.0,0.0,1.0,0.0
1352,dos,dos,0.0,0.0,1.0,0.0
1353,dos,dos,0.0,0.0,1.0,0.0
1354,dos,dos,0.0,0.0,1.0,0.0
1355,dos,dos,0.0,0.0,1.0,0.0
1356,dos,dos,0.0,0.0,1.0,0.0
1357,dos,dos,0.0,0.0,1.0,0.0
1358,dos,dos,0.0,0.0,1.0,0.0
1359,dos,dos,0.0,0.0,1.0,0.0
1360,dos,dos,0.0,0.0,1.0,0.0
1361,dos,dos,0.0,0.0,1.0,0.0
1362,dos,dos,0.0,0.0,1.0,0.0
1363,benign,benign,1.0,0.0,0.0,0.0
1364,dos,dos,0.0,0.0,1.0,0.0
1365,dos,dos,0.0,0.0,1.0,0.0
1366,dos,dos,0.0,0.0,1.0,0.0
1367,dos,dos,0.0,0.0,1.0,0.0
1368,dos,dos,0.0,0.0,1.0,0.0
1369,dos,dos,0.0,0.0,1.0,0.0
1370,dos,dos,0.0,0.0,1.0,0.0
1371,dos,dos,0.0,0.0,1.0,0.0
1372,dos,dos,0.0,0.0,1.0,0.0
1373,dos,dos,0.0,0.0,1.0,0.0
1374,dos,dos,0.0,0.0,1.0,0.0
1375,dos,dos,0.0,0.0,1.0,0.0
1376,dos,dos,0.0,0.0,1.0,0.0
1377,dos,dos,0.0,0.0,1.0,0.0
1378,dos,dos,0.0,0.0,1.0,0.0
1379,dos,dos,0.0,0.0,1.0,0.0
1380,recon,recon,0.0001181873401447448,0.0,0.0,0.9998818126598553
1381,dos,dos,0.0,0.0,1.0,0.0
1382,bruteforce,bruteforce,0.0,1.0,0.0,0.0
1383,dos,dos,0.0,0.0,1.0,0.0
1384,dos,dos,0.0,0.0,1.0,0.0
1385,dos,dos,0.0,0.0,1.0,0.0
1386,dos,dos,0.0,0.0,1.0,0.0
1387,dos,dos,0.0,0.0,1.0,0.0
1388,dos,dos,0.0,0.0,1.0,0.0
1389,dos,dos,0.0,0.0,1.0,0.0
1390,dos,dos,0.0,0.0,1.0,0.0
1391,recon,recon,0.0,0.0,0.0,1.0
1392,dos,dos,0.0,0.0,1.0,0.0
1393,dos,dos,0.0,0.0,1.0,0.0
1394,dos,dos,0.0,0.0,1.0,0.0
1395,dos,dos,0.0,0.0,1.0,0.0
1396,dos,dos,0.0,0.0,1.0,0.0
1397,dos,dos,0.0,0.0,1.0,0.0
1398,dos,dos,0.0,0.0,1.0,0.0
1399,dos,dos,0.0,0.0,1.0,0.0
1400,dos,dos,0.0,0.0,1.0,0.0
1401,dos,dos,0.0,0.0,1.0,0.0
1402,dos,dos,0.0,0.0,1.0,0.0
1403,dos,dos,0.0,0.0,1.0,0.0
1404,dos,dos,0.0,0.0,1.0,0.0
1405,dos,dos,0.0,0.0,1.0,0.0
1406,dos,dos,0.0,0.0,1.0,0.0
1407,dos,dos,0.0,0.0,1.0,0.0
1408,dos,dos,0.0,0.0,1.0,0.0
1409,dos,dos,0.0,0.0,1.0,0.0
1410,dos,dos,0.0,0.0,1.0,0.0
1411,dos,dos,0.0,0.0,1.0,0.0
1412,dos,dos,0.0,0.0,0.9924903021041496,0.0075096978958504755
1413,dos,dos,0.0,0.0,1.0,0.0
1414,dos,dos,0.0,0.0,1.0,0.0
1415,dos,dos,0.0,0.0,1.0,0.0
1416,dos,dos,0.0,0.0,1.0,0.0
1417,bruteforce,bruteforce,0.0,1.0,0.0,0.0
1418,dos,dos,0.0,0.0,1.0,0.0
1419,bruteforce,bruteforce,0.0,1.0,0.0,0.0
1420,dos,dos,0.0,0.0,1.0,0.0
1421,dos,dos,0.0,0.0,1.0,0.0
1422,dos,dos,0.0,0.0,1.0,0.0
1423,dos,dos,0.0,0.0,1.0,0.0
1424,dos,dos,0.0,0.0,1.0,0.0
1425,dos,dos,0.0,0.0,1.0,0.0
1426,dos,dos,0.006702463676563486,0.0,0.9932975363234365,0.0
1427,benign,benign,1.0,0.0,0.0,0.0
1428,dos,dos,0.0,0.0,1.0,0.0
1429,dos,dos,0.0,0.0,1.0,0.0
1430,dos,dos,0.0,0.0,1.0,0.0
1431,dos,dos,0.0,0.0,1.0,0.0
1432,dos,dos,0.0,0.0,1.0,0.0
1433,dos,dos,0.0,0.0,1.0,0.0
1434,dos,dos,0.0,0.0,1.0,0.0
1435,dos,dos,0.006644915715062534,0.03,0.9633550842849375,0.0
1436,dos,dos,0.0,0.0,1.0,0.0
1437,dos,dos,0.0,0.0,1.0,0.0
1438,dos,dos,0.0,0.0,1.0,0.0
1439,dos,dos,0.0,0.0,1.0,0.0
1440,dos,dos,0.0,0.0,1.0,0.0
1441,dos,dos,0.0,0.0,1.0,0.0
1442,dos,dos,0.0,0.0,1.0,0.0
1443,dos,dos,0.0,0.0,1.0,0.0
1444,dos,dos,0.0,0.0,1.0,0.0
1445,benign,benign,1.0,0.0,0.0,0.0
1446,dos,dos,0.0,0.0,1.0,0.0
1447,dos,dos,0.0,0.0,1.0,0.0
1448,dos,dos,0.0,0.0,1.0,0.0
1449,dos,dos,0.0,0.0,1.0,0.0
1450,dos,dos,0.0,0.0,1.0,0.0
1451,dos,dos,0.0,0.0,1.0,0.0
1452,dos,dos,0.0,0.0,1.0,0.0
1453,dos,dos,0.0,0.0,1.0,0.0
1454,dos,dos,0.0,0.0,1.0,0.0
1455,dos,dos,0.0,0.0,1.0,0.0
1456,dos,dos,0.0,0.0,1.0,0.0
1457,dos,dos,0.12613519514867236,0.0,0.8355911051657345,0.038273699685593215
1458,dos,dos,0.01,0.0016709430387241936,0.9883290569612758,0.0
1459,dos,dos,0.0,0.0,1.0,0.0
1460,dos,dos,0.0,0.0,1.0,0.0
1461,dos,dos,0.0,0.0,1.0,0.0
1462,dos,dos,0.0,0.0,1.0,0.0
1463,dos,dos,0.0,0.0,1.0,0.0
1464,dos,dos,0.0,0.0,1.0,0.0
1465,dos,dos,0.0,0.0,1.0,0.0
1466,dos,dos,0.0,0.0,1.0,0.0
1467,dos,dos,0.0,0.0,1.0,0.0
1468,dos,dos,0.0,0.0,1.0,0.0
1469,dos,dos,0.0,0.0,1.0,0.0
1470,dos,dos,0.0,0.0,1.0,0.0
1471,dos,dos,0.0,0.0,1.0,0.0
1472,dos,dos,0.0,0.0,1.0,0.0
1473,dos,dos,0.02,0.0049546300604932526,0.9750453699395067,0.0
1474,dos,dos,0.0,0.0,1.0,0.0
1475,dos,dos,0.0,0.0,1.0,0.0
1476,dos,dos,0.0,0.0,1.0,0.0
1477,dos,dos,0.0,0.0,1.0,0.0
1478,dos,dos,0.0,0.0,1.0,0.0
1479,dos,dos,0.0,0.0,0.9974299482420131,0.0025700517579867925
1480,dos,dos,0.0,0.0,1.0,0.0
1481,dos,dos,0.0,0.0,1.0,0.0
1482,dos,dos,0.0,0.0,1.0,0.0
1483,dos,dos,0.0,0.0,1.0,0.0
1484,dos,dos,0.0,0.0,1.0,0.0
1485,dos,dos,0.0,0.0,1.0,0.0
1486,dos,dos,0.0,0.0,1.0,0.0
1487,dos,dos,0.0,0.0,1.0,0.0
1488,dos,dos,0.0,0.0,1.0,0.0
1489,dos,dos,0.0,0.0,1.0,0.0
1490,dos,dos,0.0,0.0,1.0,0.0
1491,dos,dos,0.0,0.0,1.0,0.0
1492,dos,dos,0.0,0.0,1.0,0.0
1493,dos,dos,0.0,0.0,1.0,0.0
1494,dos,dos,0.0,0.0,1.0,0.0
1495,dos,dos,0.0,0.0,0.995,0.005
1496,dos,dos,0.0,0.0,1.0,0.0
1497,benign,benign,1.0,0.0,0.0,0.0
1498,dos,dos,0.0,0.0,1.0,0.0
1499,dos,dos,0.0,0.0,1.0,0.0
1500,dos,dos,0.0,0.0,1.0,0.0
1501,dos,dos,0.0,0.0,1.0,0.0
1502,dos,dos,0.0,0.0,1.0,0.0
1503,dos,dos,0.0,0.0,1.0,0.0
1504,dos,dos,0.0,0.0,1.0,0.0
1505,dos,dos,0.0,0.0,1.0,0.0
1506,dos,dos,0.0,0.0,1.0,0.0
1507,benign,benign,1.0,0.0,0.0,0.0
1508,dos,dos,0.0,0.0,1.0,0.0
1509,dos,dos,0.0,0.0,1.0,0.0
1510,dos,dos,0.0,0.0,1.0,0.0
1511,dos,dos,0.0,0.0,1.0,0.0
1512,dos,dos,0.0,0.0,1.0,0.0
1513,dos,dos,0.0,0.0,1.0,0.0
1514,dos,dos,0.0,0.0,1.0,0.0
1515,dos,dos,0.0,0.0,1.0,0.0
1516,dos,dos,0.0,0.0,1.0,0.0
1517,dos,dos,0.0,0.0,1.0,0.0
1518,dos,dos,0.0,0.0,1.0,0.0
1519,dos,dos,0.0,0.0,1.0,0.0
1520,dos,dos,0.0,0.0,1.0,0.0
1521,recon,recon,0.0,0.0,0.0,1.0
1522,dos,dos,0.0,0.0,1.0,0.0
1523,dos,dos,0.0,0.0,1.0,0.0
1524,dos,dos,0.0,0.0,1.0,0.0
1525,dos,dos,0.0,0.0,1.0,0.0
1526,dos,dos,0.0,0.0,1.0,0.0
1527,dos,dos,0.0,0.0,1.0,0.0
1528,dos,dos,0.0,0.0,1.0,0.0
1529,dos,dos,0.0,0.0,1.0,0.0
1530,dos,dos,0.0,0.0,1.0,0.0
1531,dos,dos,0.0,0.0,1.0,0.0
1532,dos,dos,0.0,0.0,1.0,0.0
1533,benign,benign,1.0,0.0,0.0,0.0
1534,dos,dos,0.0,0.0,1.0,0.0
1535,dos,dos,0.0,0.0,1.0,0.0
1536,dos,dos,0.0,0.0,1.0,0.0
1537,dos,dos,0.0,0.0,1.0,0.0
1538,dos,dos,0.0,0.0,1.0,0.0
1539,dos,dos,0.0,0.0,1.0,0.0
1540,dos,dos,0.0,0.0,1.0,0.0
1541,dos,dos,0.0,0.0,1.0,0.0
1542,dos,dos,0.0,0.0,1.0,0.0
1543,dos,dos,0.0,0.0,1.0,0.0
1544,dos,dos,0.0,0.0,1.0,0.0
1545,dos,dos,0.0,0.0,1.0,0.0
1546,dos,dos,0.0,0.0,1.0,0.0
1547,dos,dos,0.0,0.0,1.0,0.0
1548,dos,dos,0.0,0.0,1.0,0.0
1549,dos,dos,0.0,0.0,1.0,0.0
1550,dos,dos,0.0,0.0,1.0,0.0
1551,dos,dos,0.0,0.0,1.0,0.0
1552,recon,recon,8.332147627153021e-06,0.0,0.0,0.9999916678523729
1553,bruteforce,bruteforce,0.0,1.0,0.0,0.0
1554,dos,dos,0.0,0.0,1.0,0.0
1555,dos,dos,0.0,0.0,1.0,0.0
1556,dos,dos,0.0,0.0,1.0,0.0
1557,dos,dos,0.0,0.0,1.0,0.0
1558,dos,dos,0.0,0.0,1.0,0.0
1559,dos,dos,0.0,0.0,1.0,0.0
1560,dos,dos,0.0,0.0,1.0,0.0
1561,dos,dos,0.0,0.0,1.0,0.0
1562,dos,dos,0.0,0.0,1.0,0.0
1563,dos,dos,0.0,0.0,1.0,0.0
1564,dos,dos,0.0,0.0,1.0,0.0
1565,dos,dos,0.0,0.0,1.0,0.0
1566,dos,dos,0.0,0.0,1.0,0.0
1567,dos,dos,0.0,0.0,1.0,0.0
1568,dos,dos,0.0,0.0,1.0,0.0
1569,dos,dos,0.0,0.0,1.0,0.0
1570,dos,dos,0.0,0.0,1.0,0.0
1571,dos,dos,0.0,0.0,1.0,0.0
1572,dos,dos,0.0,0.0,1.0,0.0
1573,dos,dos,0.0,0.0,1.0,0.0
1574,dos,dos,0.0,0.0,1.0,0.0
1575,dos,dos,0.0,0.0,1.0,0.0
1576,recon,recon,0.0,0.0,0.0,1.0
1577,dos,dos,0.0,0.0,1.0,0.0
1578,dos,dos,0.0,0.0,1.0,0.0
1579,dos,dos,0.0,0.0,1.0,0.0
1580,dos,dos,0.0,0.0,1.0,0.0
1581,dos,dos,0.0,0.0,1.0,0.0
1582,dos,dos,0.0,0.0,1.0,0.0
1583,dos,dos,0.0,0.0,1.0,0.0
1584,dos,dos,0.0,0.0,1.0,0.0
1585,dos,dos,0.0,0.0,1.0,0.0
1586,dos,dos,0.0,0.0,1.0,0.0
1587,dos,dos,0.0,0.0,1.0,0.0
1588,dos,dos,0.0,0.0,1.0,0.0
1589,dos,dos,0.0,0.0,1.0,0.0
1590,recon,recon,0.0,0.0,5.766872655310987e-05,0.999942331273447
1591,dos,dos,0.0,0.0,1.0,0.0
1592,dos,dos,0.0,0.0,1.0,0.0
1593,dos,dos,0.0,0.0,1.0,0.0
1594,dos,dos,0.0,0.0,1.0,0.0
1595,dos,dos,0.0,0.0,1.0,0.0
1596,dos,dos,0.0,0.0,1.0,0.0
1597,dos,dos,0.0,0.0,1.0,0.0
1598,dos,dos,0.0,0.0,1.0,0.0
1599,dos,dos,0.03670571473800855,0.003294285261991452,0.95,0.01
1600,dos,dos,0.0,0.0,1.0,0.0
1601,dos,dos,0.0,0.0,1.0,0.0
1602,dos,dos,0.0,0.0,1.0,0.0
1603,dos,dos,0.0,0.0,1.0,0.0
1604,dos,dos,0.0,0.0,1.0,0.0
1605,dos,dos,0.0,0.0,1.0,0.0
1606,dos,dos,0.0,0.0,1.0,0.0
1607,dos,dos,0.0,0.0,1.0,0.0
1608,dos,dos,0.0,0.0,1.0,0.0
1609,dos,dos,0.0,0.0,1.0,0.0
1610,dos,dos,0.0,0.0,1.0,0.0
1611,dos,dos,0.0,0.0,1.0,0.0
1612,recon,recon,8.332147627153021e-06,0.0,0.0,0.9999916678523729
1613,dos,dos,0.0,0.0,1.0,0.0
1614,dos,dos,0.0,0.0,1.0,0.0
1615,dos,dos,0.0,0.0,1.0,0.0
1616,dos,dos,0.0,0.0,1.0,0.0
1617,dos,dos,0.0,0.0,1.0,0.0
1618,dos,dos,0.0,0.0,1.0,0.0
1619,dos,dos,0.0,0.0,1.0,0.0
1620,dos,dos,0.0,0.0,1.0,0.0
1621,dos,dos,0.0,0.0,1.0,0.0
1622,dos,dos,0.0,0.0,1.0,0.0
1623,benign,benign,0.9999597694384428,0.0,0.0,4.023056155712573e-05
1624,dos,dos,0.0,0.0,1.0,0.0
1625,dos,dos,0.0,0.0,1.0,0.0
1626,dos,dos,0.0,0.0,1.0,0.0
1627,dos,dos,0.0,0.0,1.0,0.0
1628,dos,dos,0.0,0.0,1.0,0.0
1629,dos,dos,0.0,0.0,1.0,0.0
1630,dos,dos,0.0,0.0,1.0,0.0
1631,dos,dos,0.0,0.0,1.0,0.0
1632,dos,dos,0.0,0.0,1.0,0.0
1633,dos,dos,0.0,0.0,1.0,0.0
1634,dos,dos,0.0,0.0,1.0,0.0
1635,dos,dos,0.0,0.0,1.0,0.0
1636,dos,dos,0.0,0.0,1.0,0.0
1637,dos,dos,0.0,0.0,1.0,0.0
1638,dos,dos,0.0,0.0,1.0,0.0
1639,dos,dos,0.0,0.0,1.0,0.0
1640,dos,dos,0.0,0.0,1.0,0.0
1641,dos,dos,0.0,0.0,1.0,0.0
1642,benign,benign,0.9999597694384428,0.0,0.0,4.023056155712573e-05
1643,dos,dos,0.0,0.0,1.0,0.0
1644,dos,dos,0.0,0.0,1.0,0.0
1645,dos,dos,0.0,0.0,1.0,0.0
1646,dos,dos,0.0,0.0,1.0,0.0
1647,dos,dos,0.0,0.0,1.0,0.0
1648,dos,dos,0.0,0.0,1.0,0.0
1649,dos,dos,0.0,0.0,1.0,0.0
1650,dos,dos,0.0,0.0,1.0,0.0
1651,dos,dos,0.0,0.0,1.0,0.0
1652,dos,dos,0.007501386136195921,0.0,0.9924986138638041,0.0
1653,dos,dos,0.0,0.0,1.0,0.0
1654,dos,dos,0.0,0.0,1.0,0.0
1655,benign,benign,1.0,0.0,0.0,0.0
1656,dos,dos,0.0,0.0,1.0,0.0
1657,dos,dos,0.0,0.0,1.0,0.0
1658,dos,dos,0.0,0.0,1.0,0.0
1659,dos,dos,0.0,0.0,1.0,0.0
1660,dos,dos,0.0,0.0,1.0,0.0
1661,dos,dos,0.0,0.0,1.0,0.0
1662,dos,dos,0.0,0.0,1.0,0.0
1663,dos,dos,0.0,0.0,1.0,0.0
1664,dos,dos,0.0,0.0,1.0,0.0
1665,recon,recon,0.0,0.0,5.766872655310987e-05,0.999942331273447
1666,dos,dos,0.0,0.0,1.0,0.0
1667,dos,dos,0.0,0.0,1.0,0.0
1668,dos,dos,0.0,0.0,1.0,0.0
1669,dos,dos,0.0,0.0,1.0,0.0
1670,dos,dos,0.0,0.0,1.0,0.0
1671,dos,dos,0.0,0.0,1.0,0.0
1672,dos,dos,0.0,0.0,1.0,0.0
1673,dos,dos,0.0,0.0,1.0,0.0
1674,dos,dos,0.0,0.0,1.0,0.0
1675,dos,dos,0.0,0.0,1.0,0.0
1676,dos,dos,0.0,0.0,1.0,0.0
1677,dos,dos,0.0,0.0,1.0,0.0
1678,dos,dos,0.0050833236219554835,0.0,0.9899219861125579,0.004994690265486725
1679,dos,dos,0.0,0.0,1.0,0.0
1680,dos,dos,0.0,0.0,1.0,0.0
1681,dos,dos,0.0,0.0,1.0,0.0
1682,dos,dos,0.0,0.0,1.0,0.0
1683,dos,dos,0.0,0.0,1.0,0.0
1684,dos,dos,0.0,0.0,1.0,0.0
1685,dos,dos,0.0,0.0,1.0,0.0
1686,bruteforce,bruteforce,0.0,1.0,0.0,0.0
1687,dos,dos,0.0,0.0,1.0,0.0
1688,dos,dos,0.00500591575958353,0.0,0.9949940842404165,0.0
1689,dos,dos,0.0,0.0,1.0,0.0
1690,dos,dos,0.0,0.0,1.0,0.0
1691,dos,dos,0.0,0.0,1.0,0.0
1692,dos,dos,0.0,0.0,1.0,0.0
1693,dos,dos,0.0,0.0,1.0,0.0
1694,dos,dos,0.0,0.0,1.0,0.0
1695,dos,dos,0.0,0.0,1.0,0.0
1696,dos,dos,0.0,0.0,1.0,0.0
1697,dos,dos,0.0,0.0,1.0,0.0
1698,dos,dos,0.0,0.0,1.0,0.0
1699,dos,dos,0.0,0.0,1.0,0.0
1700,dos,dos,0.0,0.0,1.0,0.0
1701,dos,dos,0.0,0.0,1.0,0.0
1702,dos,dos,0.0,0.0,1.0,0.0
1703,dos,dos,0.0,0.0,1.0,0.0
1704,dos,dos,0.0,0.0,1.0,0.0
1705,dos,dos,0.0,0.0,1.0,0.0
1706,dos,dos,0.0,0.0,1.0,0.0
1707,dos,dos,0.0,0.0,1.0,0.0
1708,dos,dos,0.0,0.0,1.0,0.0
1709,dos,dos,0.0,0.0,1.0,0.0
1710,dos,dos,0.0,0.0,1.0,0.0
1711,dos,dos,0.0,0.0,1.0,0.0
1712,dos,dos,0.0,0.0,1.0,0.0
1713,dos,dos,0.0,0.0,1.0,0.0
1714,dos,dos,0.008364734845033174,0.01,0.9816352651549668,0.0
1715,dos,dos,0.0,0.0,1.0,0.0
1716,dos,dos,0.0,0.0,1.0,0.0
1717,dos,dos,0.0,0.0,1.0,0.0
1718,dos,dos,0.0,0.0,1.0,0.0
1719,dos,dos,0.0,0.0,1.0,0.0
1720,dos,dos,0.0,0.0,1.0,0.0
1721,dos,dos,0.0,0.0,1.0,0.0
1722,dos,dos,0.0,0.0,1.0,0.0
1723,dos,dos,0.0,0.0,1.0,0.0
1724,dos,dos,0.0,0.0,1.0,0.0
1725,dos,dos,0.0,0.0,1.0,0.0
1726,dos,dos,0.0,0.0,1.0,0.0
1727,dos,dos,0.0,0.0,1.0,0.0
1728,dos,dos,0.0,0.0,1.0,0.0
1729,dos,dos,0.0,0.0,1.0,0.0
1730,dos,dos,0.0,0.0,1.0,0.0
1731,dos,dos,0.0,0.0,1.0,0.0
1732,dos,dos,0.0,0.0,1.0,0.0
1733,dos,dos,0.0,0.0,1.0,0.0
1734,dos,dos,0.0,0.0,1.0,0.0
1735,dos,dos,0.0,0.0,1.0,0.0
1736,dos,dos,0.0,0.0,1.0,0.0
1737,dos,dos,0.0,0.0,1.0,0.0
1738,dos,dos,0.0,0.0,1.0,0.0
1739,dos,dos,0.0,0.0,1.0,0.0
1740,dos,dos,0.0,0.0,1.0,0.0
1741,dos,dos,0.0,0.0,1.0,0.0
1742,dos,dos,0.0,0.0,1.0,0.0
1743,dos,dos,0.0,0.0,1.0,0.0
1744,dos,dos,0.0,0.0,1.0,0.0
1745,dos,dos,0.0,0.0,1.0,0.0
1746,dos,dos,0.0,0.0,1.0,0.0
1747,dos,dos,0.0025335160579157486,0.0,0.9974664839420843,0.0
1748,dos,dos,0.0,0.0,1.0,0.0
1749,dos,dos,0.0,0.0,1.0,0.0
1750,dos,dos,0.0,0.0,1.0,0.0
1751,dos,dos,0.0,0.0,1.0,0.0
1752,dos,dos,0.0,0.0,1.0,0.0
1753,dos,dos,0.0,0.0,1.0,0.0
1754,dos,dos,0.0,0.0,1.0,0.0
1755,dos,dos,0.0,0.0,1.0,0.0
1756,dos,dos,0.0,0.0,1.0,0.0
1757,dos,dos,0.0,0.0,1.0,0.0
1758,dos,dos,0.0,0.0,1.0,0.0
1759,dos,dos,0.0,0.0,1.0,0.0
1760,dos,dos,0.0,0.0,1.0,0.0
1761,dos,dos,0.0,0.0,1.0,0.0
1762,dos,dos,0.0,0.0,1.0,0.0
1763,dos,dos,0.0,0.0,1.0,0.0
1764,dos,dos,0.0,0.0,1.0,0.0
1765,dos,dos,0.0,0.0,1.0,0.0
1766,dos,dos,0.0,0.0,1.0,0.0
1767,dos,dos,0.0,0.0,1.0,0.0
1768,dos,dos,0.0,0.0,1.0,0.0
1769,dos,dos,0.0,0.0,1.0,0.0
1770,dos,dos,0.0,0.0,1.0,0.0
1771,dos,dos,0.006497099937148409,0.025173843101575787,0.9683290569612758,0.0
1772,dos,dos,0.0,0.0,1.0,0.0
1773,dos,dos,0.0,0.0,1.0,0.0
1774,dos,dos,0.0,0.0,1.0,0.0
1775,dos,dos,0.0,0.0,1.0,0.0
1776,dos,dos,0.0,0.0,1.0,0.0
1777,dos,dos,0.0,0.0,1.0,0.0
1778,dos,dos,0.0,0.0,1.0,0.0
1779,dos,dos,0.0,0.0,1.0,0.0
1780,dos,dos,0.0,0.0,1.0,0.0
1781,dos,dos,0.0,0.0,1.0,0.0
1782,dos,dos,0.0,0.0,1.0,0.0
1783,dos,dos,0.0,0.0,1.0,0.0
1784,dos,dos,0.0,0.0,1.0,0.0
1785,dos,dos,0.0,0.0,1.0,0.0
1786,dos,dos,0.0,0.0,1.0,0.0
1787,dos,dos,0.0,0.0,1.0,0.0
1788,dos,dos,0.0,0.0,1.0,0.0
1789,dos,dos,0.0,0.0,1.0,0.0
1790,dos,dos,0.0,0.0,1.0,0.0
1791,dos,dos,0.0,0.0,1.0,0.0
1792,dos,dos,0.0,0.0,1.0,0.0
1793,dos,dos,0.0,0.0,1.0,0.0
1794,dos,dos,0.0,0.0,1.0,0.0
1795,dos,dos,0.0,0.0,1.0,0.0
1796,dos,dos,0.0,0.0,1.0,0.0
1797,dos,dos,0.0,0.0,1.0,0.0
1798,dos,dos,0.0,0.0,1.0,0.0
1799,dos,dos,0.0,0.0,1.0,0.0
1800,dos,dos,0.0,0.0,1.0,0.0
1801,dos,dos,0.0,0.0,1.0,0.0
1802,dos,dos,0.0,0.0,1.0,0.0
1803,dos,dos,0.0,0.0,1.0,0.0
1804,dos,dos,0.0,0.0,1.0,0.0
1805,dos,dos,0.0,0.0,1.0,0.0
1806,dos,dos,0.0,0.0,1.0,0.0
1807,dos,dos,0.0,0.0,1.0,0.0
1808,dos,dos,0.0,0.0,1.0,0.0
1809,dos,dos,0.0,0.0,1.0,0.0
1810,dos,dos,0.0,0.0,1.0,0.0
1811,dos,dos,0.0,0.0,1.0,0.0
1812,dos,dos,0.0,0.0,1.0,0.0
1813,dos,dos,0.0,0.0,1.0,0.0
1814,dos,dos,0.0,0.0,1.0,0.0
1815,dos,dos,0.0,0.0,1.0,0.0
1816,dos,dos,0.0,0.0,1.0,0.0
1817,dos,dos,0.0,0.0,1.0,0.0
1818,dos,dos,0.0,0.00491380307763508,0.9950861969223649,0.0
1819,dos,dos,0.0,0.0,1.0,0.0
1820,dos,dos,0.0,0.0,1.0,0.0
1821,dos,dos,0.0,0.0,1.0,0.0
1822,dos,dos,0.0,0.0,1.0,0.0
1823,dos,dos,0.0,0.0,1.0,0.0
1824,dos,dos,0.0,0.0,1.0,0.0
1825,dos,dos,0.026737450230306815,0.02,0.9348813332809693,0.01838121648872382
1826,dos,dos,0.0,0.0,1.0,0.0
1827,dos,dos,0.0,0.0,1.0,0.0
1828,dos,dos,0.0,0.0,1.0,0.0
1829,dos,dos,0.0,0.0,1.0,0.0
1830,dos,dos,0.0,0.0,1.0,0.0
1831,dos,dos,0.0,0.03249843395379015,0.9675015660462098,0.0
1832,dos,dos,0.0,0.0,1.0,0.0
1833,dos,dos,0.0,0.0,1.0,0.0
1834,dos,dos,0.0,0.0,1.0,0.0
1835,benign,benign,1.0,0.0,0.0,0.0
1836,bruteforce,bruteforce,0.0,1.0,0.0,0.0
1837,dos,dos,0.0,0.0,1.0,0.0
1838,dos,dos,0.0,0.0,1.0,0.0
1839,dos,dos,0.0,0.0,1.0,0.0
1840,dos,dos,0.0,0.0,1.0,0.0
1841,dos,dos,0.0,0.0,1.0,0.0
1842,dos,dos,0.0,0.0,1.0,0.0
1843,dos,dos,0.0,0.0,1.0,0.0
1844,dos,dos,0.0,0.0,1.0,0.0
1845,dos,dos,0.0,0.0,1.0,0.0
1846,dos,dos,0.0,0.0,1.0,0.0
1847,dos,dos,0.0,0.0,1.0,0.0
1848,dos,dos,0.0,0.0,1.0,0.0
1849,dos,dos,0.0,0.0,1.0,0.0
1850,dos,dos,0.0,0.0,1.0,0.0
1851,benign,benign,0.9999597694384428,0.0,0.0,4.023056155712573e-05
1852,dos,dos,0.0,0.0,1.0,0.0
1853,dos,dos,0.006737450230306815,0.0,0.9932625497696932,0.0
1854,dos,dos,0.0,0.0,1.0,0.0
1855,dos,dos,0.0,0.0,1.0,0.0
1856,dos,dos,0.0,0.0,1.0,0.0
1857,dos,dos,0.0,0.0,1.0,0.0
1858,dos,dos,0.0,0.0,1.0,0.0
1859,dos,dos,0.0,0.0,1.0,0.0
1860,dos,dos,0.0,0.0,1.0,0.0
1861,dos,dos,0.0,0.0,1.0,0.0
1862,dos,dos,0.0,0.0,1.0,0.0
1863,dos,dos,0.0,0.0,1.0,0.0
1864,dos,dos,0.0,0.0,1.0,0.0
1865,dos,dos,0.0,0.0,1.0,0.0
1866,dos,dos,0.0,0.0,1.0,0.0
1867,dos,dos,0.0,0.0,1.0,0.0
1868,dos,dos,0.0,0.0,1.0,0.0
1869,dos,dos,0.0,0.0,1.0,0.0
1870,dos,dos,0.008305057997317131,0.0,0.9809773851590106,0.010717556843672269
1871,dos,dos,0.0,0.0,1.0,0.0
1872,dos,dos,0.0,0.0,1.0,0.0
1873,dos,dos,0.0,0.0,1.0,0.0
1874,benign,benign,0.9949776101814755,0.0,0.0,0.005022389818524629
1875,dos,dos,0.0,0.0,1.0,0.0
1876,dos,dos,0.0,0.0,1.0,0.0
1877,dos,dos,0.0,0.0,1.0,0.0
1878,dos,dos,0.0,0.0,1.0,0.0
1879,dos,dos,0.0,0.0,1.0,0.0
1880,dos,dos,0.0,0.0,1.0,0.0
1881,dos,dos,0.02,0.0,0.98,0.0
1882,dos,dos,0.0,0.0,1.0,0.0
1883,dos,dos,0.0,0.0,1.0,0.0
1884,dos,dos,0.0,0.0,1.0,0.0
1885,recon,recon,0.0,0.0,0.0,1.0
1886,dos,dos,0.0,0.0,1.0,0.0
1887,dos,dos,0.0,0.0,1.0,0.0
1888,dos,dos,0.0,0.0,1.0,0.0
1889,dos,dos,0.0,0.0,1.0,0.0
1890,dos,dos,0.0,0.0,1.0,0.0
1891,dos,dos,0.0,0.0,1.0,0.0
1892,dos,dos,0.0,0.0,1.0,0.0
1893,dos,dos,0.0,0.0,1.0,0.0
1894,dos,dos,0.0,0.0,1.0,0.0
1895,benign,benign,1.0,0.0,0.0,0.0
1896,dos,dos,0.0,0.0,1.0,0.0
1897,dos,dos,0.0,0.0,1.0,0.0
1898,dos,dos,0.0,0.0,1.0,0.0
1899,dos,dos,0.0,0.0,1.0,0.0
1900,dos,dos,0.0,0.0,1.0,0.0
1901,dos,dos,0.0,0.0,1.0,0.0
1902,dos,dos,0.0,0.0,1.0,0.0
1903,dos,dos,0.0,0.0,1.0,0.0
1904,dos,dos,0.09430103222946805,0.0,0.8585170929590186,0.047181874811513404
1905,dos,dos,0.0,0.0,1.0,0.0
1906,dos,dos,0.0,0.0,1.0,0.0
1907,dos,dos,0.0,0.0,1.0,0.0
1908,dos,dos,0.0,0.0,1.0,0.0
1909,dos,dos,0.0,0.0,1.0,0.0
1910,dos,dos,0.0,0.0,1.0,0.0
1911,dos,dos,0.0,0.0,1.0,0.0
1912,recon,recon,0.0,0.0,0.0,1.0
1913,dos,dos,0.0,0.0,1.0,0.0
1914,dos,dos,0.0,0.0,1.0,0.0
1915,dos,dos,0.0,0.0,1.0,0.0
1916,dos,dos,0.0,0.0,1.0,0.0
1917,dos,dos,0.0,0.0,1.0,0.0
1918,dos,dos,0.0,0.0,1.0,0.0
1919,dos,dos,0.0,0.0,1.0,0.0
1920,dos,dos,0.0,0.0,1.0,0.0
1921,dos,dos,0.0,0.0,1.0,0.0
1922,dos,dos,0.0,0.0,1.0,0.0
1923,dos,dos,0.0,0.0,1.0,0.0
1924,dos,dos,0.0,0.0,1.0,0.0
1925,dos,dos,0.0,0.0,1.0,0.0
1926,dos,dos,0.0,0.0,1.0,0.0
1927,dos,dos,0.0,0.0,1.0,0.0
1928,dos,dos,0.0,0.0,1.0,0.0
1929,dos,dos,0.0,0.0,1.0,0.0
1930,dos,dos,0.0,0.0,1.0,0.0
1931,dos,dos,0.0,0.0,1.0,0.0
1932,dos,dos,0.0,0.0,1.0,0.0
1933,dos,dos,0.0,0.0,1.0,0.0
1934,bruteforce,bruteforce,0.0,1.0,0.0,0.0
1935,recon,recon,0.0,0.0,0.0,1.0
1936,dos,dos,0.0,0.0,1.0,0.0
1937,dos,dos,0.0,0.0,1.0,0.0
1938,dos,dos,0.0,0.0,1.0,0.0
1939,dos,dos,0.0,0.0,1.0,0.0
1940,recon,recon,0.0,0.0,0.0,1.0
1941,dos,dos,0.0,0.0,1.0,0.0
1942,dos,dos,0.0,0.0,1.0,0.0
1943,dos,dos,0.0,0.0,1.0,0.0
1944,dos,dos,0.0,0.0,1.0,0.0
1945,dos,dos,0.08653710525625051,0.0,0.9085035835042164,0.004959311239532964
1946,dos,dos,0.0,0.0,1.0,0.0
1947,dos,dos,0.0,0.0,1.0,0.0
1948,dos,dos,0.0,0.0,1.0,0.0
1949,dos,dos,0.0,0.0,1.0,0.0
1950,dos,dos,0.0,0.0,1.0,0.0
1951,dos,dos,0.0,0.0,1.0,0.0
1952,dos,dos,0.0,0.0,1.0,0.0
1953,dos,dos,0.004953968068989628,0.0,0.9950460319310104,0.0
1954,dos,dos,0.0,0.0,1.0,0.0
1955,dos,dos,0.0,0.0,1.0,0.0
1956,dos,dos,0.0,0.0,1.0,0.0
1957,recon,recon,8.332147627153021e-06,0.0,0.0,0.9999916678523729
1958,dos,dos,0.0,0.0,1.0,0.0
1959,dos,dos,0.0,0.0,1.0,0.0
1960,dos,dos,0.0,0.0,1.0,0.0
1961,dos,dos,0.0,0.0,1.0,0.0
1962,dos,dos,0.0,0.0,1.0,0.0
1963,dos,dos,0.0,0.0,1.0,0.0
1964,dos,dos,0.0,0.0,1.0,0.0
1965,dos,dos,0.0,0.0,1.0,0.0
1966,recon,recon,0.0,0.0,0.0,1.0
1967,benign,benign,1.0,0.0,0.0,0.0
1968,dos,dos,0.0,0.0,1.0,0.0
1969,recon,recon,0.006698195002758729,0.0,5.766872655310987e-05,0.9932441362706882
1970,dos,dos,0.0,0.0,1.0,0.0
1971,recon,recon,0.0,0.0,0.0,1.0
1972,dos,dos,0.0,0.0,1.0,0.0
1973,dos,dos,0.0,0.0,1.0,0.0
1974,dos,dos,0.0,0.0,1.0,0.0
1975,dos,dos,0.0,0.0,1.0,0.0
1976,dos,dos,0.0,0.0,1.0,0.0
1977,dos,dos,0.0,0.0,1.0,0.0
1978,dos,dos,0.0,0.0,1.0,0.0
1979,dos,dos,0.0,0.0,1.0,0.0
1980,dos,dos,0.0,0.0,1.0,0.0
1981,dos,dos,0.005118438281157004,0.0,0.994881561718843,0.0
1982,dos,dos,0.0,0.0,1.0,0.0
1983,dos,dos,0.0,0.0,1.0,0.0
1984,dos,dos,0.0,0.0,1.0,0.0
1985,dos,dos,0.0,0.0,1.0,0.0
1986,dos,dos,0.0,0.0,1.0,0.0
1987,dos,dos,0.0,0.0,1.0,0.0
1988,dos,dos,0.0,0.0,1.0,0.0
1989,dos,dos,0.0,0.0,1.0,0.0
1990,dos,dos,0.0,0.0,1.0,0.0
1991,dos,dos,0.0,0.0,1.0,0.0
1992,dos,dos,0.01,0.0,0.9867100721681833,0.003289927831816756
1993,dos,dos,0.0,0.0,1.0,0.0
1994,dos,dos,0.0,0.0,1.0,0.0
1995,dos,dos,0.0,0.0,1.0,0.0
1996,dos,dos,0.0,0.0,1.0,0.0
1997,dos,dos,0.0,0.0,1.0,0.0
1998,dos,dos,0.0,0.0,1.0,0.0
1999,dos,dos,0.0,0.0,1.0,0.0
2000,dos,dos,0.0,0.0,1.0,0.0
2001,dos,dos,0.0,0.0,1.0,0.0
2002,dos,dos,0.0,0.0,1.0,0.0
2003,dos,dos,0.0,0.0,1.0,0.0
2004,dos,dos,0.0,0.0,1.0,0.0
2005,dos,dos,0.0,0.0,1.0,0.0
2006,dos,dos,0.0,0.0,1.0,0.0
2007,dos,dos,0.0,0.0,1.0,0.0
2008,dos,dos,0.0,0.0,1.0,0.0
2009,dos,dos,0.0032389545737398877,0.016761045426260113,0.98,0.0
2010,dos,dos,0.0,0.0,1.0,0.0
2011,dos,dos,0.0,0.0,1.0,0.0
2012,dos,dos,0.0,0.0,1.0,0.0
2013,dos,dos,0.0,0.0,1.0,0.0
2014,dos,dos,0.0,0.0,1.0,0.0
2015,dos,dos,0.0,0.0,1.0,0.0
2016,dos,dos,0.0,0.0,1.0,0.0
2017,dos,dos,0.0,0.0,1.0,0.0
2018,dos,dos,0.0,0.0,1.0,0.0
2019,dos,dos,0.0,0.0,1.0,0.0
2020,dos,dos,0.0,0.0,1.0,0.0
2021,dos,dos,0.0,0.0,1.0,0.0
2022,dos,dos,0.0,0.0,1.0,0.0
2023,benign,benign,1.0,0.0,0.0,0.0
2024,dos,dos,0.0,0.0,1.0,0.0
2025,dos,dos,0.0,0.0,1.0,0.0
2026,dos,dos,0.0,0.01,0.99,0.0
2027,dos,dos,0.0,0.0,1.0,0.0
2028,dos,dos,0.0,0.0,1.0,0.0
2029,dos,dos,0.0,0.0,1.0,0.0
2030,dos,dos,0.0,0.0,1.0,0.0
2031,dos,dos,0.0,0.0,1.0,0.0
2032,benign,benign,1.0,0.0,0.0,0.0
2033,dos,dos,0.0,0.0,1.0,0.0
2034,dos,dos,0.0,0.0,1.0,0.0
2035,dos,dos,0.0,0.0,1.0,0.0
2036,dos,dos,0.0,0.0,1.0,0.0
2037,dos,dos,0.0,0.0,1.0,0.0
2038,dos,dos,0.0,0.0,1.0,0.0
2039,dos,dos,0.0,0.0,1.0,0.0
2040,dos,dos,0.0,0.0,1.0,0.0
2041,recon,recon,0.0,0.0,0.0,1.0
2042,dos,dos,0.0,0.0,1.0,0.0
2043,dos,dos,0.0,0.0,1.0,0.0
2044,dos,dos,0.0,0.0,1.0,0.0
2045,dos,dos,0.0,0.0,1.0,0.0
2046,dos,dos,0.0,0.0,1.0,0.0
2047,dos,dos,0.0,0.0,1.0,0.0
2048,dos,dos,0.0,0.0,1.0,0.0
2049,dos,dos,0.0,0.0,1.0,0.0
2050,dos,dos,0.0,0.0,1.0,0.0
2051,dos,dos,0.0049289322213085865,0.0,0.9950710677786914,0.0
2052,dos,dos,0.027987341807470978,0.2811798955313489,0.6758310072486583,0.015001755412521942
2053,dos,dos,0.0,0.0,1.0,0.0
2054,benign,benign,0.9999597694384428,0.0,0.0,4.023056155712573e-05
2055,dos,dos,0.0,0.0,1.0,0.0
2056,dos,dos,0.012837241699558856,0.024967592592592593,0.9621951657078485,0.0
2057,dos,dos,0.006708959899749373,0.0,0.9932910401002506,0.0
2058,dos,dos,0.0,0.0,1.0,0.0
2059,dos,dos,0.0,0.0,1.0,0.0
2060,dos,dos,0.0,0.0,1.0,0.0
2061,dos,dos,0.0,0.0,1.0,0.0
2062,dos,dos,0.0,0.0,1.0,0.0
2063,dos,dos,0.0,0.0,1.0,0.0
2064,dos,dos,0.0,0.0,1.0,0.0
2065,dos,dos,0.0,0.0,1.0,0.0
2066,dos,dos,0.0,0.0,1.0,0.0
2067,dos,dos,0.0,0.0,1.0,0.0
2068,dos,dos,0.0,0.0,1.0,0.0
2069,dos,dos,0.0,0.0,1.0,0.0
2070,dos,dos,0.0,0.0,1.0,0.0
2071,dos,dos,0.0,0.0,1.0,0.0
2072,dos,dos,0.0,0.0,1.0,0.0
2073,dos,dos,0.0,0.0,1.0,0.0
2074,dos,dos,0.0,0.0,1.0,0.0
2075,dos,dos,0.0,0.0,1.0,0.0
2076,dos,dos,0.0,0.0,1.0,0.0
2077,dos,dos,0.0,0.0,1.0,0.0
2078,dos,dos,0.0,0.0,1.0,0.0
2079,dos,dos,0.0,0.0,1.0,0.0
2080,recon,recon,8.332147627153021e-06,0.0,0.0,0.9999916678523729
2081,dos,dos,0.0,0.0,1.0,0.0
2082,dos,dos,0.0,0.0,1.0,0.0
2083,recon,recon,0.0,0.0,0.0,1.0
2084,benign,benign,1.0,0.0,0.0,0.0
2085,dos,dos,0.0,0.0,1.0,0.0
2086,dos,dos,0.0,0.0,1.0,0.0
2087,dos,dos,0.0,0.0,1.0,0.0
2088,dos,dos,0.0,0.0,1.0,0.0
2089,dos,dos,0.0,0.0,1.0,0.0
2090,dos,dos,0.0,0.0,1.0,0.0
2091,dos,dos,0.0,0.0,1.0,0.0
2092,dos,dos,0.0,0.0,1.0,0.0
2093,dos,dos,0.0,0.0,1.0,0.0
2094,dos,dos,0.0,0.0,1.0,0.0
2095,dos,dos,0.0,0.0,1.0,0.0
2096,dos,dos,0.0,0.0,1.0,0.0
2097,dos,dos,0.0,0.0,1.0,0.0
2098,dos,dos,0.0,0.0,1.0,0.0
2099,dos,dos,0.0,0.0,1.0,0.0
2100,dos,dos,0.0,0.0,1.0,0.0
2101,dos,dos,0.0,0.0,1.0,0.0
2102,dos,dos,0.0,0.0,1.0,0.0
2103,dos,dos,0.0,0.0,1.0,0.0
2104,dos,dos,0.0,0.0,1.0,0.0
2105,dos,dos,0.0,0.0,1.0,0.0
2106,dos,dos,0.0,0.0,1.0,0.0
2107,dos,dos,0.0,0.0,1.0,0.0
2108,dos,dos,0.0,0.0,1.0,0.0
2109,dos,dos,0.0,0.0,1.0,0.0
2110,dos,dos,0.0,0.0,1.0,0.0
2111,dos,dos,0.0,0.0,0.9933936220847215,0.006606377915278438
2112,dos,dos,0.0,0.0,1.0,0.0
2113,dos,dos,0.0,0.0,1.0,0.0
2114,dos,dos,0.0,0.0,1.0,0.0
2115,dos,dos,0.0,0.0,1.0,0.0
2116,bruteforce,bruteforce,0.0,1.0,0.0,0.0
2117,dos,dos,0.0,0.0,1.0,0.0
2118,dos,dos,0.0,0.0,1.0,0.0
2119,dos,dos,0.0,0.0,1.0,0.0
2120,dos,dos,0.0,0.0,1.0,0.0
2121,dos,dos,0.0,0.0,1.0,0.0
2122,dos,dos,0.0,0.0,1.0,0.0
2123,dos,dos,0.0,0.0,1.0,0.0
2124,dos,dos,0.0,0.0,1.0,0.0
2125,dos,dos,0.0,0.0,1.0,0.0
2126,dos,dos,0.0,0.0,1.0,0.0
2127,dos,dos,0.0,0.0,1.0,0.0
2128,dos,dos,0.0,0.0,1.0,0.0
2129,dos,dos,0.0,0.0,1.0,0.0
2130,recon,recon,8.332147627153021e-06,0.0,0.0,0.9999916678523729
2131,recon,recon,8.332147627153021e-06,0.0,0.0,0.9999916678523729
2132,benign,benign,1.0,0.0,0.0,0.0
2133,bruteforce,bruteforce,0.0,1.0,0.0,0.0
2134,bruteforce,bruteforce,0.0,1.0,0.0,0.0
2135,recon,recon,0.0,0.0,0.0,1.0
2136,bruteforce,bruteforce,0.0,1.0,0.0,0.0
2137,benign,benign,1.0,0.0,0.0,0.0
2138,bruteforce,bruteforce,0.0,1.0,0.0,0.0
2139,bruteforce,bruteforce,0.0,1.0,0.0,0.0
2140,recon,recon,8.332147627153021e-06,0.0,0.0,0.9999916678523729
2141,recon,recon,0.0,0.0,0.0,1.0
2142,benign,benign,1.0,0.0,0.0,0.0
2143,benign,benign,1.0,0.0,0.0,0.0
2144,recon,recon,0.0,0.0,0.0,1.0
2145,recon,recon,0.004923294784045315,0.0,0.0,0.9950767052159547
2146,bruteforce,bruteforce,0.0,1.0,0.0,0.0
2147,bruteforce,bruteforce,0.0,1.0,0.0,0.0
2148,benign,benign,0.99,0.01,0.0,0.0
2149,recon,recon,0.0,0.0,0.0,1.0
2150,bruteforce,bruteforce,0.0,1.0,0.0,0.0
2151,recon,recon,0.0,0.0,0.0,1.0
2152,benign,benign,1.0,0.0,0.0,0.0
2153,bruteforce,bruteforce,0.0,1.0,0.0,0.0
2154,recon,recon,0.0,0.0,0.0,1.0
2155,recon,recon,0.0,0.0,0.0,1.0
2156,bruteforce,bruteforce,0.0,1.0,0.0,0.0
2157,benign,benign,1.0,0.0,0.0,0.0
2158,bruteforce,bruteforce,0.0,1.0,0.0,0.0
2159,benign,benign,1.0,0.0,0.0,0.0
2160,bruteforce,bruteforce,0.0,1.0,0.0,0.0
2161,recon,recon,0.0,0.0,0.0,1.0
2162,bruteforce,bruteforce,0.0,1.0,0.0,0.0
2163,benign,benign,1.0,0.0,0.0,0.0
2164,recon,recon,0.0,0.0,0.0,1.0
2165,recon,recon,0.0,0.0,0.0,1.0
2166,benign,benign,1.0,0.0,0.0,0.0
2167,benign,benign,1.0,0.0,0.0,0.0
2168,benign,benign,1.0,0.0,0.0,0.0
2169,recon,recon,0.00028760231668372674,0.0,0.0,0.9997123976833163
2170,benign,benign,0.9733291288923925,0.01667087110760741,0.01,0.0
2171,bruteforce,bruteforce,0.0,1.0,0.0,0.0
2172,benign,benign,1.0,0.0,0.0,0.0
2173,benign,benign,1.0,0.0,0.0,0.0
2174,bruteforce,bruteforce,0.0,1.0,0.0,0.0
2175,bruteforce,bruteforce,0.0,1.0,0.0,0.0
2176,bruteforce,bruteforce,0.0,1.0,0.0,0.0
2177,recon,recon,0.0,0.0,0.0,1.0
2178,benign,benign,0.9997616436818173,0.0,0.00023835631818266853,0.0
2179,recon,recon,8.332147627153021e-06,0.0,0.0,0.9999916678523729
2180,recon,recon,0.13176972161673955,0.054991766643142787,0.03831356557424358,0.774924946165874
2181,recon,recon,8.332147627153021e-06,0.0,0.0,0.9999916678523729
2182,benign,benign,0.9583333096933498,0.0,0.04166669030665017,0.0
2183,benign,benign,1.0,0.0,0.0,0.0
2184,benign,benign,0.9999597694384428,0.0,0.0,4.023056155712573e-05
2185,benign,benign,1.0,0.0,0.0,0.0
2186,bruteforce,bruteforce,0.0,1.0,0.0,0.0
2187,benign,benign,1.0,0.0,0.0,0.0
2188,benign,benign,1.0,0.0,0.0,0.0
2189,recon,recon,0.0,0.0,0.0,1.0
2190,recon,recon,0.0,0.0,0.0,1.0
2191,bruteforce,bruteforce,0.0,1.0,0.0,0.0
2192,benign,benign,1.0,0.0,0.0,0.0
2193,benign,benign,1.0,0.0,0.0,0.0
2194,benign,benign,1.0,0.0,0.0,0.0
2195,recon,recon,0.0,0.0,0.0,1.0
2196,benign,benign,1.0,0.0,0.0,0.0
2197,recon,recon,8.332147627153021e-06,0.0,0.0,0.9999916678523729
2198,recon,recon,0.0,0.0,0.0,1.0
2199,recon,recon,0.0,0.0,0.0,1.0
2200,recon,recon,8.332147627153021e-06,0.0,0.0,0.9999916678523729
2201,recon,recon,0.0001181873401447448,0.0,0.0,0.9998818126598553
2202,recon,recon,0.02834399223368969,0.0,0.0,0.9716560077663102
2203,benign,benign,1.0,0.0,0.0,0.0
2204,benign,benign,1.0,0.0,0.0,0.0
2205,benign,benign,1.0,0.0,0.0,0.0
2206,benign,benign,1.0,0.0,0.0,0.0
2207,recon,recon,0.0,0.0,0.0,1.0
2208,recon,recon,0.0,0.0,0.0,1.0
2209,benign,benign,1.0,0.0,0.0,0.0
2210,recon,recon,0.0,0.0,0.0,1.0
2211,benign,benign,1.0,0.0,0.0,0.0
2212,recon,recon,8.332147627153021e-06,0.0,0.0,0.9999916678523729
2213,recon,recon,0.0,0.0,0.0,1.0
2214,recon,recon,8.332147627153021e-06,0.0,0.0,0.9999916678523729
2215,benign,benign,1.0,0.0,0.0,0.0
2216,benign,benign,1.0,0.0,0.0,0.0
2217,benign,benign,1.0,0.0,0.0,0.0
2218,bruteforce,bruteforce,0.0,1.0,0.0,0.0
2219,bruteforce,bruteforce,0.0,1.0,0.0,0.0
2220,bruteforce,bruteforce,0.0,1.0,0.0,0.0
2221,benign,benign,1.0,0.0,0.0,0.0
2222,benign,benign,0.9999597694384428,0.0,0.0,4.023056155712573e-05
2223,recon,recon,0.0,0.0,5.766872655310987e-05,0.999942331273447
2224,recon,recon,0.0,0.0,0.0,1.0
2225,bruteforce,bruteforce,0.0,1.0,0.0,0.0
2226,benign,benign,1.0,0.0,0.0,0.0
2227,bruteforce,bruteforce,0.004993514915693904,0.995006485084306,0.0,0.0
2228,recon,recon,0.0,0.0,5.766872655310987e-05,0.999942331273447
2229,benign,benign,1.0,0.0,0.0,0.0
2230,recon,recon,8.332147627153021e-06,0.0,0.0,0.9999916678523729
2231,benign,benign,0.9825150229763168,0.0,0.01748497702368328,0.0
2232,benign,benign,1.0,0.0,0.0,0.0
2233,bruteforce,bruteforce,0.0,1.0,0.0,0.0
2234,recon,recon,0.0,0.0,0.0,1.0
2235,benign,benign,1.0,0.0,0.0,0.0
2236,recon,recon,8.332147627153021e-06,0.0,0.0,0.9999916678523729
2237,bruteforce,bruteforce,0.0,1.0,0.0,0.0
2238,recon,recon,0.0,0.0,0.0,1.0
2239,benign,benign,0.9999597694384428,0.0,0.0,4.023056155712573e-05
2240,recon,recon,0.005063456292254773,0.0,0.0,0.9949365437077452
2241,bruteforce,bruteforce,0.0,1.0,0.0,0.0
2242,bruteforce,bruteforce,0.0,1.0,0.0,0.0
2243,recon,recon,0.00028760231668372674,0.0,0.0,0.9997123976833163
2244,recon,recon,0.0,0.0,0.0,1.0
2245,benign,benign,1.0,0.0,0.0,0.0
2246,recon,recon,0.0,0.0,0.0,1.0
2247,benign,benign,1.0,0.0,0.0,0.0
2248,bruteforce,bruteforce,0.0,1.0,0.0,0.0
2249,recon,recon,0.0,0.0,0.0,1.0
2250,benign,benign,0.9999597694384428,0.0,0.0,4.023056155712573e-05
2251,bruteforce,bruteforce,0.0,1.0,0.0,0.0
2252,bruteforce,bruteforce,0.0,1.0,0.0,0.0
2253,recon,recon,0.0,0.0,0.0,1.0
2254,bruteforce,bruteforce,0.0,1.0,0.0,0.0
2255,recon,recon,8.332147627153021e-06,0.0,0.0,0.9999916678523729
2256,recon,recon,7.143331782842707e-05,0.0,0.0,0.9999285666821716
2257,bruteforce,bruteforce,0.0,1.0,0.0,0.0
2258,benign,benign,0.9997616436818173,0.0,0.00023835631818266853,0.0
2259,benign,benign,1.0,0.0,0.0,0.0
2260,recon,recon,8.332147627153021e-06,0.0,0.0,0.9999916678523729
2261,benign,benign,1.0,0.0,0.0,0.0
2262,bruteforce,bruteforce,0.0,1.0,0.0,0.0
2263,benign,benign,1.0,0.0,0.0,0.0
2264,benign,benign,1.0,0.0,0.0,0.0
2265,recon,recon,0.0,0.0,0.0,1.0
2266,benign,benign,1.0,0.0,0.0,0.0
2267,benign,benign,1.0,0.0,0.0,0.0
2268,recon,recon,8.332147627153021e-06,0.0,0.0,0.9999916678523729
2269,benign,benign,1.0,0.0,0.0,0.0
2270,benign,benign,1.0,0.0,0.0,0.0
2271,bruteforce,bruteforce,0.0,1.0,0.0,0.0
2272,benign,benign,0.9916412493726111,0.0,0.008358750627388903,0.0
2273,benign,benign,0.9975208666311489,0.0,0.0,0.0024791333688510037
2274,recon,recon,0.0,0.0,5.766872655310987e-05,0.999942331273447
2275,benign,benign,1.0,0.0,0.0,0.0
2276,bruteforce,bruteforce,0.0,1.0,0.0,0.0
2277,bruteforce,bruteforce,0.0,1.0,0.0,0.0
2278,benign,benign,1.0,0.0,0.0,0.0
2279,recon,recon,0.0,0.0,0.0,1.0
2280,recon,recon,0.0,0.0,0.0,1.0
2281,bruteforce,bruteforce,0.0,1.0,0.0,0.0
2282,benign,benign,1.0,0.0,0.0,0.0
2283,benign,benign,1.0,0.0,0.0,0.0
2284,benign,benign,1.0,0.0,0.0,0.0
2285,benign,benign,0.9999597694384428,0.0,0.0,4.023056155712573e-05
2286,benign,benign,1.0,0.0,0.0,0.0
2287,benign,benign,1.0,0.0,0.0,0.0
2288,benign,benign,0.9997616436818173,0.0,0.00023835631818266853,0.0
2289,benign,benign,1.0,0.0,0.0,0.0
2290,bruteforce,bruteforce,0.0,1.0,0.0,0.0
2291,recon,recon,8.332147627153021e-06,0.0,0.0,0.9999916678523729
2292,bruteforce,bruteforce,0.0,1.0,0.0,0.0
2293,recon,recon,8.332147627153021e-06,0.0,0.0,0.9999916678523729
2294,benign,benign,0.994997045266517,0.0,0.00500295473348304,0.0
2295,recon,recon,0.0,0.0,0.0,1.0
2296,bruteforce,bruteforce,0.0,1.0,0.0,0.0
2297,recon,recon,0.0,0.0,0.0,1.0
2298,benign,benign,0.99,0.01,0.0,0.0
2299,benign,benign,0.9997616436818173,0.0,0.00023835631818266853,0.0
2300,benign,benign,0.9999597694384428,0.0,0.0,4.023056155712573e-05
2301,recon,recon,8.332147627153021e-06,0.0,0.0,0.9999916678523729
2302,bruteforce,bruteforce,0.0,0.9915188332429566,0.008481166757043287,0.0
2303,benign,benign,0.9733134609350487,0.01,0.0,0.016686539064951367
2304,recon,recon,0.0,0.0,0.0,1.0
2305,benign,benign,1.0,0.0,0.0,0.0
2306,recon,recon,0.0,0.0,0.0,1.0
2307,benign,benign,1.0,0.0,0.0,0.0
2308,recon,recon,0.0,0.0,0.0,1.0
2309,bruteforce,bruteforce,0.0,1.0,0.0,0.0
2310,benign,benign,1.0,0.0,0.0,0.0
2311,recon,recon,0.0,0.0,0.0,1.0
2312,benign,benign,1.0,0.0,0.0,0.0
2313,recon,recon,0.0,0.0,0.0,1.0
2314,bruteforce,bruteforce,0.0,1.0,0.0,0.0
2315,benign,benign,1.0,0.0,0.0,0.0
2316,benign,benign,1.0,0.0,0.0,0.0
2317,bruteforce,bruteforce,0.0,1.0,0.0,0.0
2318,benign,benign,1.0,0.0,0.0,0.0
2319,bruteforce,bruteforce,0.0,1.0,0.0,0.0
2320,bruteforce,bruteforce,0.0,1.0,0.0,0.0
2321,benign,benign,1.0,0.0,0.0,0.0
2322,benign,benign,1.0,0.0,0.0,0.0
2323,benign,benign,1.0,0.0,0.0,0.0
2324,recon,recon,0.0,0.0,0.0,1.0
2325,recon,recon,0.004923294784045315,0.0,0.0,0.9950767052159547
2326,benign,benign,1.0,0.0,0.0,0.0
2327,bruteforce,bruteforce,0.0,1.0,0.0,0.0
2328,recon,recon,8.332147627153021e-06,0.0,0.0,0.9999916678523729
2329,benign,benign,1.0,0.0,0.0,0.0
2330,benign,benign,1.0,0.0,0.0,0.0
2331,recon,recon,0.0,0.0,0.0,1.0
2332,benign,benign,1.0,0.0,0.0,0.0
2333,bruteforce,bruteforce,0.0,1.0,0.0,0.0
2334,benign,benign,0.9999597694384428,0.0,0.0,4.023056155712573e-05
2335,benign,benign,1.0,0.0,0.0,0.0
2336,benign,benign,1.0,0.0,0.0,0.0
2337,bruteforce,bruteforce,0.0,1.0,0.0,0.0
2338,bruteforce,bruteforce,0.0,1.0,0.0,0.0
2339,recon,recon,0.0,0.0,0.0,1.0
2340,benign,benign,1.0,0.0,0.0,0.0
2341,recon,recon,8.332147627153021e-06,0.0,0.0,0.9999916678523729
2342,recon,recon,8.332147627153021e-06,0.0,0.0,0.9999916678523729
2343,benign,benign,1.0,0.0,0.0,0.0
2344,recon,recon,8.332147627153021e-06,0.0,0.0,0.9999916678523729
2345,benign,benign,1.0,0.0,0.0,0.0
2346,benign,benign,1.0,0.0,0.0,0.0
2347,benign,benign,1.0,0.0,0.0,0.0
2348,benign,benign,0.9850278205279982,0.01,0.004972179472001894,0.0
2349,benign,benign,1.0,0.0,0.0,0.0
2350,benign,benign,0.9999597694384428,0.0,0.0,4.023056155712573e-05
2351,benign,benign,1.0,0.0,0.0,0.0
2352,benign,benign,1.0,0.0,0.0,0.0
2353,bruteforce,bruteforce,0.0,1.0,0.0,0.0
2354,bruteforce,bruteforce,0.0,1.0,0.0,0.0
2355,benign,benign,1.0,0.0,0.0,0.0
2356,recon,recon,0.0,0.0,0.0,1.0
2357,recon,recon,0.0,0.0,0.0,1.0
2358,benign,benign,1.0,0.0,0.0,0.0
2359,recon,recon,0.0,0.0,0.0,1.0
2360,recon,recon,0.0,0.0,0.0,1.0
2361,bruteforce,bruteforce,0.0,1.0,0.0,0.0
2362,benign,benign,1.0,0.0,0.0,0.0
2363,recon,recon,0.0001181873401447448,0.0,0.0,0.9998818126598553
2364,benign,benign,1.0,0.0,0.0,0.0
2365,benign,benign,1.0,0.0,0.0,0.0
2366,bruteforce,bruteforce,0.0,1.0,0.0,0.0
2367,benign,benign,0.9999597694384428,0.0,0.0,4.023056155712573e-05
2368,benign,benign,0.9999597694384428,0.0,0.0,4.023056155712573e-05
2369,benign,benign,0.9999597694384428,0.0,0.0,4.023056155712573e-05
2370,recon,recon,0.00028760231668372674,0.0,0.0,0.9997123976833163
2371,recon,recon,7.143331782842707e-05,0.0,0.0,0.9999285666821716
2372,bruteforce,bruteforce,0.0,1.0,0.0,0.0
2373,bruteforce,bruteforce,0.0,1.0,0.0,0.0
2374,recon,recon,0.0,0.0,0.0,1.0
2375,bruteforce,bruteforce,0.0,1.0,0.0,0.0
2376,bruteforce,bruteforce,0.0,1.0,0.0,0.0
2377,benign,benign,1.0,0.0,0.0,0.0
2378,benign,benign,0.9999597694384428,0.0,0.0,4.023056155712573e-05
2379,bruteforce,bruteforce,0.0,1.0,0.0,0.0
2380,benign,benign,1.0,0.0,0.0,0.0
2381,benign,benign,1.0,0.0,0.0,0.0
2382,benign,benign,1.0,0.0,0.0,0.0
2383,recon,recon,0.0,0.0,0.0,1.0
2384,benign,benign,1.0,0.0,0.0,0.0
2385,bruteforce,bruteforce,0.0,1.0,0.0,0.0
2386,benign,benign,0.9849437016185785,0.005056298381421533,0.01,0.0
2387,bruteforce,bruteforce,0.0,1.0,0.0,0.0
2388,benign,benign,1.0,0.0,0.0,0.0
2389,benign,benign,1.0,0.0,0.0,0.0
2390,recon,recon,0.0,0.0,0.0,1.0
2391,recon,recon,0.0,0.0,0.0,1.0
2392,recon,recon,0.0,0.0,0.0,1.0
2393,benign,benign,0.9999597694384428,0.0,0.0,4.023056155712573e-05
2394,benign,benign,1.0,0.0,0.0,0.0
2395,benign,benign,1.0,0.0,0.0,0.0
2396,bruteforce,bruteforce,0.0,1.0,0.0,0.0
2397,benign,benign,1.0,0.0,0.0,0.0
2398,benign,benign,1.0,0.0,0.0,0.0
2399,benign,benign,1.0,0.0,0.0,0.0
2400,recon,recon,0.00028760231668372674,0.0,0.0,0.9997123976833163
2401,bruteforce,bruteforce,0.014359156058307801,0.9640346788234505,0.02160616511824169,0.0
2402,benign,benign,1.0,0.0,0.0,0.0
2403,bruteforce,bruteforce,0.0,1.0,0.0,0.0
2404,benign,benign,1.0,0.0,0.0,0.0
2405,benign,benign,0.9997616436818173,0.0,0.00023835631818266853,0.0
2406,recon,recon,8.332147627153021e-06,0.0,0.0,0.9999916678523729
2407,recon,recon,0.0,0.0,0.0,1.0
2408,recon,recon,0.0,0.0,0.0,1.0
2409,benign,benign,1.0,0.0,0.0,0.0
2410,bruteforce,bruteforce,0.0,1.0,0.0,0.0
2411,benign,benign,1.0,0.0,0.0,0.0
2412,recon,recon,0.0001181873401447448,0.0,0.0,0.9998818126598553
2413,bruteforce,bruteforce,0.0,1.0,0.0,0.0
2414,bruteforce,bruteforce,0.0,1.0,0.0,0.0
2415,recon,recon,0.0,0.0,0.0,1.0
2416,recon,recon,0.0,0.0,0.0,1.0
2417,recon,recon,0.00028760231668372674,0.0,0.0,0.9997123976833163
2418,benign,benign,1.0,0.0,0.0,0.0
2419,recon,recon,8.332147627153021e-06,0.0,0.0,0.9999916678523729
2420,bruteforce,bruteforce,0.0,1.0,0.0,0.0
2421,benign,benign,1.0,0.0,0.0,0.0
2422,bruteforce,bruteforce,0.0,1.0,0.0,0.0
2423,benign,benign,1.0,0.0,0.0,0.0
2424,recon,recon,0.061738236616078634,0.00497854588796186,0.00837526788001655,0.9249079496159429
2425,bruteforce,bruteforce,0.0,1.0,0.0,0.0
2426,bruteforce,bruteforce,0.0,1.0,0.0,0.0
2427,bruteforce,bruteforce,0.0,1.0,0.0,0.0
2428,recon,recon,0.0,0.0,5.766872655310987e-05,0.999942331273447
2429,benign,benign,1.0,0.0,0.0,0.0
2430,benign,benign,1.0,0.0,0.0,0.0
2431,recon,recon,0.0,0.0,0.0,1.0
2432,benign,benign,1.0,0.0,0.0,0.0
2433,bruteforce,bruteforce,0.0,1.0,0.0,0.0
2434,benign,benign,1.0,0.0,0.0,0.0
2435,benign,benign,0.7830005868240544,0.19500701098387474,0.02199240219207075,0.0
2436,recon,recon,0.0,0.0,0.0,1.0
2437,recon,recon,8.332147627153021e-06,0.0,0.0,0.9999916678523729
2438,bruteforce,bruteforce,0.0,1.0,0.0,0.0
2439,bruteforce,bruteforce,0.0,1.0,0.0,0.0
2440,bruteforce,bruteforce,0.0,1.0,0.0,0.0
2441,bruteforce,bruteforce,0.009372511069340202,0.9906274889306599,0.0,0.0
2442,recon,recon,0.0,0.0,0.0,1.0
2443,bruteforce,bruteforce,0.0,1.0,0.0,0.0
2444,bruteforce,bruteforce,0.0,1.0,0.0,0.0
2445,recon,recon,0.0,0.0,0.0,1.0
2446,bruteforce,bruteforce,0.0,1.0,0.0,0.0
2447,bruteforce,bruteforce,0.0,1.0,0.0,0.0
2448,bruteforce,bruteforce,0.0,1.0,0.0,0.0
2449,bruteforce,bruteforce,0.0,1.0,0.0,0.0
2450,recon,recon,0.0,0.0,0.0,1.0
2451,benign,benign,1.0,0.0,0.0,0.0
2452,recon,recon,0.0,0.0,0.0,1.0
2453,recon,recon,0.0,0.0,0.0,1.0
2454,benign,benign,1.0,0.0,0.0,0.0
2455,recon,recon,8.332147627153021e-06,0.0,0.0,0.9999916678523729
2456,bruteforce,bruteforce,0.0,1.0,0.0,0.0
2457,recon,recon,0.0,0.0,0.0,1.0
2458,recon,recon,0.000535131686623012,0.0,0.0,0.9994648683133769
2459,bruteforce,bruteforce,0.0,1.0,0.0,0.0
2460,recon,recon,0.0,0.0,0.0,1.0
2461,benign,benign,1.0,0.0,0.0,0.0
2462,benign,benign,0.9999597694384428,0.0,0.0,4.023056155712573e-05
2463,recon,recon,0.0,0.0,0.0,1.0
2464,benign,benign,1.0,0.0,0.0,0.0
2465,recon,recon,0.0,0.0,0.0,1.0
2466,recon,recon,0.000535131686623012,0.0,0.0,0.9994648683133769
2467,benign,benign,1.0,0.0,0.0,0.0
2468,benign,benign,1.0,0.0,0.0,0.0
2469,recon,recon,8.332147627153021e-06,0.0,0.0,0.9999916678523729
2470,recon,recon,0.0001181873401447448,0.0,0.0,0.9998818126598553
2471,benign,benign,1.0,0.0,0.0,0.0
2472,benign,benign,1.0,0.0,0.0,0.0
2473,benign,benign,1.0,0.0,0.0,0.0
2474,benign,benign,0.9999597694384428,0.0,0.0,4.023056155712573e-05
2475,recon,recon,8.332147627153021e-06,0.0,0.0,0.9999916678523729
2476,bruteforce,bruteforce,0.0,1.0,0.0,0.0
2477,bruteforce,bruteforce,0.0,1.0,0.0,0.0
2478,benign,benign,1.0,0.0,0.0,0.0
2479,benign,benign,1.0,0.0,0.0,0.0
2480,bruteforce,bruteforce,0.0,1.0,0.0,0.0
2481,recon,recon,0.0,0.0,0.0,1.0
2482,recon,recon,8.332147627153021e-06,0.0,0.0,0.9999916678523729
2483,benign,benign,1.0,0.0,0.0,0.0
2484,bruteforce,bruteforce,0.0,1.0,0.0,0.0
2485,recon,recon,0.0,0.0,0.0,1.0
2486,recon,recon,7.143331782842707e-05,0.0,0.0,0.9999285666821716
2487,benign,benign,1.0,0.0,0.0,0.0
2488,recon,recon,0.0,0.0,0.0,1.0
2489,recon,recon,0.0,0.0,0.0,1.0
2490,benign,benign,1.0,0.0,0.0,0.0
2491,recon,recon,0.0,0.0,0.0,1.0
2492,benign,benign,1.0,0.0,0.0,0.0
2493,recon,recon,0.0,0.0,0.0,1.0
2494,benign,benign,1.0,0.0,0.0,0.0
2495,recon,recon,0.0,0.0,0.0,1.0
2496,recon,recon,8.332147627153021e-06,0.0,0.0,0.9999916678523729
2497,bruteforce,bruteforce,0.0,1.0,0.0,0.0
2498,benign,benign,1.0,0.0,0.0,0.0
2499,benign,benign,1.0,0.0,0.0,0.0
2500,benign,benign,1.0,0.0,0.0,0.0
2501,bruteforce,bruteforce,0.0,1.0,0.0,0.0
2502,recon,recon,0.0,0.0,0.0,1.0
2503,recon,recon,8.332147627153021e-06,0.0,0.0,0.9999916678523729
2504,recon,recon,8.332147627153021e-06,0.0,0.0,0.9999916678523729
2505,benign,benign,1.0,0.0,0.0,0.0
2506,benign,benign,0.9999597694384428,0.0,0.0,4.023056155712573e-05
2507,recon,recon,0.000535131686623012,0.0,0.0,0.9994648683133769
2508,benign,benign,1.0,0.0,0.0,0.0
2509,recon,recon,0.0,0.0,0.0,1.0
2510,recon,recon,0.0,0.0,0.0,1.0
2511,benign,benign,1.0,0.0,0.0,0.0
2512,benign,benign,0.990941606859249,0.0,0.0,0.009058393140750923
2513,benign,benign,1.0,0.0,0.0,0.0
2514,recon,recon,8.332147627153021e-06,0.0,0.0,0.9999916678523729
2515,benign,benign,1.0,0.0,0.0,0.0
2516,benign,benign,1.0,0.0,0.0,0.0
2517,recon,recon,8.332147627153021e-06,0.0,0.0,0.9999916678523729
2518,benign,benign,0.9999597694384428,0.0,0.0,4.023056155712573e-05
2519,recon,recon,0.0,0.0,0.0,1.0
2520,benign,benign,1.0,0.0,0.0,0.0
2521,bruteforce,bruteforce,0.0,1.0,0.0,0.0
2522,benign,benign,0.9974356530028597,0.0025643469971401334,0.0,0.0
2523,recon,recon,0.0,0.0,0.0,1.0
2524,benign,benign,1.0,0.0,0.0,0.0
2525,bruteforce,bruteforce,0.0,1.0,0.0,0.0
2526,benign,benign,1.0,0.0,0.0,0.0
2527,benign,benign,1.0,0.0,0.0,0.0
2528,benign,benign,1.0,0.0,0.0,0.0
2529,benign,benign,1.0,0.0,0.0,0.0
2530,recon,recon,8.332147627153021e-06,0.0,0.0,0.9999916678523729
2531,recon,recon,0.0,0.0,0.0,1.0
2532,benign,benign,1.0,0.0,0.0,0.0
2533,recon,recon,8.332147627153021e-06,0.0,0.0,0.9999916678523729
2534,bruteforce,bruteforce,0.0,1.0,0.0,0.0
2535,benign,benign,1.0,0.0,0.0,0.0
2536,bruteforce,bruteforce,0.0,1.0,0.0,0.0
2537,bruteforce,bruteforce,0.0,1.0,0.0,0.0
2538,recon,recon,0.0,0.0,0.0,1.0
2539,bruteforce,bruteforce,0.0,0.9966050301653216,0.0033949698346783675,0.0
2540,recon,recon,0.0,0.0,0.0,1.0
2541,benign,benign,0.9999597694384428,0.0,0.0,4.023056155712573e-05
2542,bruteforce,bruteforce,0.0,1.0,0.0,0.0
2543,benign,benign,1.0,0.0,0.0,0.0
2544,benign,benign,1.0,0.0,0.0,0.0
2545,bruteforce,bruteforce,0.0,1.0,0.0,0.0
2546,bruteforce,bruteforce,0.0,1.0,0.0,0.0
2547,bruteforce,bruteforce,0.0,1.0,0.0,0.0
2548,recon,recon,7.143331782842707e-05,0.0,0.0,0.9999285666821716
2549,bruteforce,bruteforce,0.0,1.0,0.0,0.0
2550,bruteforce,bruteforce,0.0,1.0,0.0,0.0
2551,recon,recon,0.000535131686623012,0.0,0.0,0.9994648683133769
2552,recon,recon,8.332147627153021e-06,0.0,0.0,0.9999916678523729
2553,bruteforce,bruteforce,0.0,1.0,0.0,0.0
2554,benign,benign,1.0,0.0,0.0,0.0
2555,bruteforce,bruteforce,0.0,1.0,0.0,0.0
2556,benign,benign,1.0,0.0,0.0,0.0
2557,recon,recon,0.0,0.0,0.0,1.0
2558,bruteforce,bruteforce,0.0,1.0,0.0,0.0
2559,benign,benign,0.9999597694384428,0.0,0.0,4.023056155712573e-05
2560,recon,recon,0.0,0.0,0.0,1.0
2561,bruteforce,bruteforce,0.0,1.0,0.0,0.0
2562,benign,benign,1.0,0.0,0.0,0.0
2563,benign,benign,1.0,0.0,0.0,0.0
2564,recon,recon,0.0,0.0,0.0,1.0
2565,benign,benign,1.0,0.0,0.0,0.0
2566,bruteforce,bruteforce,0.0,1.0,0.0,0.0
2567,recon,recon,0.0,0.0,0.0,1.0
2568,benign,benign,1.0,0.0,0.0,0.0
2569,bruteforce,bruteforce,0.0,1.0,0.0,0.0
2570,recon,recon,0.0,0.0,0.0,1.0
2571,bruteforce,bruteforce,0.0,1.0,0.0,0.0
2572,benign,benign,0.9949889031655181,0.005011096834481953,0.0,0.0
2573,bruteforce,bruteforce,0.0,1.0,0.0,0.0
2574,recon,recon,0.0,0.0,0.0,1.0
2575,bruteforce,bruteforce,0.0,1.0,0.0,0.0
2576,recon,recon,8.332147627153021e-06,0.0,0.0,0.9999916678523729
2577,benign,benign,1.0,0.0,0.0,0.0
2578,bruteforce,bruteforce,0.0,1.0,0.0,0.0
2579,bruteforce,bruteforce,0.0,1.0,0.0,0.0
2580,recon,recon,0.0,0.0,0.0,1.0
2581,benign,benign,1.0,0.0,0.0,0.0
2582,benign,benign,1.0,0.0,0.0,0.0
2583,recon,recon,0.0,0.0,0.0,1.0
2584,recon,recon,0.0,0.0,5.766872655310987e-05,0.999942331273447
2585,recon,recon,8.332147627153021e-06,0.0,0.0,0.9999916678523729
2586,recon,recon,8.332147627153021e-06,0.0,0.0,0.9999916678523729
2587,recon,recon,0.0,0.0,0.0,1.0
2588,benign,benign,0.9999597694384428,0.0,0.0,4.023056155712573e-05
2589,benign,benign,0.9997616436818173,0.0,0.00023835631818266853,0.0
2590,benign,benign,1.0,0.0,0.0,0.0
2591,recon,recon,0.0,0.0,0.0,1.0
2592,bruteforce,bruteforce,0.0,1.0,0.0,0.0
2593,recon,recon,0.0,0.0,0.0,1.0
2594,benign,benign,1.0,0.0,0.0,0.0
2595,benign,benign,1.0,0.0,0.0,0.0
2596,bruteforce,bruteforce,0.0,1.0,0.0,0.0
2597,benign,benign,1.0,0.0,0.0,0.0
2598,bruteforce,bruteforce,0.0,1.0,0.0,0.0
2599,benign,benign,0.9867024636765634,0.0,0.013297536323436514,0.0
2600,benign,benign,1.0,0.0,0.0,0.0
2601,benign,benign,1.0,0.0,0.0,0.0
2602,benign,benign,0.9933755274261603,0.0,0.0,0.006624472573839663
2603,benign,benign,1.0,0.0,0.0,0.0
2604,recon,recon,0.0,0.0,0.0,1.0
2605,recon,recon,8.332147627153021e-06,0.0,0.0,0.9999916678523729
2606,benign,benign,1.0,0.0,0.0,0.0
2607,benign,benign,1.0,0.0,0.0,0.0
2608,benign,benign,1.0,0.0,0.0,0.0
2609,bruteforce,bruteforce,0.0,1.0,0.0,0.0
2610,recon,recon,0.0,0.0,0.0,1.0
2611,bruteforce,bruteforce,0.0,1.0,0.0,0.0
2612,bruteforce,bruteforce,0.0,1.0,0.0,0.0
2613,benign,benign,0.946290102618977,0.0,0.03861921049349709,0.015090686887525944
2614,benign,benign,1.0,0.0,0.0,0.0
2615,recon,recon,8.332147627153021e-06,0.0,0.0,0.9999916678523729
2616,benign,benign,0.9999597694384428,0.0,0.0,4.023056155712573e-05
2617,recon,recon,0.0,0.0,0.0,1.0
2618,benign,benign,1.0,0.0,0.0,0.0
2619,benign,benign,1.0,0.0,0.0,0.0
2620,bruteforce,bruteforce,0.0,1.0,0.0,0.0
2621,bruteforce,bruteforce,0.0,1.0,0.0,0.0
2622,recon,recon,0.0,0.0,0.0,1.0
2623,benign,benign,0.9999597694384428,0.0,0.0,4.023056155712573e-05
2624,benign,benign,1.0,0.0,0.0,0.0
2625,benign,benign,1.0,0.0,0.0,0.0
2626,recon,recon,0.0,0.0,0.0,1.0
2627,bruteforce,bruteforce,0.0,1.0,0.0,0.0
2628,recon,recon,8.332147627153021e-06,0.0,0.0,0.9999916678523729
2629,recon,recon,0.0,0.0,5.766872655310987e-05,0.999942331273447
2630,recon,recon,0.0,0.0,0.0,1.0
2631,recon,recon,0.0,0.0,0.0,1.0
2632,recon,recon,0.0,0.0,5.766872655310987e-05,0.999942331273447
2633,recon,recon,0.0,0.0,0.0,1.0
2634,recon,recon,8.332147627153021e-06,0.0,5.766872655310987e-05,0.9999339991258198
2635,benign,benign,1.0,0.0,0.0,0.0
2636,recon,recon,0.0,0.0,0.0,1.0
2637,bruteforce,bruteforce,0.0,1.0,0.0,0.0
2638,benign,benign,1.0,0.0,0.0,0.0
2639,benign,benign,0.9999597694384428,0.0,0.0,4.023056155712573e-05
2640,benign,benign,0.9949057270798963,0.0,0.0,0.005094272920103699
2641,bruteforce,bruteforce,0.0,1.0,0.0,0.0
2642,benign,benign,0.9999597694384428,0.0,0.0,4.023056155712573e-05
2643,benign,benign,0.9949057270798963,0.0,0.0,0.005094272920103699
2644,benign,benign,1.0,0.0,0.0,0.0
2645,bruteforce,bruteforce,0.0,1.0,0.0,0.0
2646,benign,benign,1.0,0.0,0.0,0.0
2647,benign,benign,1.0,0.0,0.0,0.0
2648,benign,benign,0.9999597694384428,0.0,0.0,4.023056155712573e-05
2649,benign,benign,0.9999597694384428,0.0,0.0,4.023056155712573e-05
2650,bruteforce,bruteforce,0.0,1.0,0.0,0.0
2651,bruteforce,bruteforce,0.0,1.0,0.0,0.0
2652,recon,recon,8.332147627153021e-06,0.0,0.0,0.9999916678523729
2653,recon,recon,0.0,0.0,0.0,1.0
2654,benign,benign,0.9949776101814755,0.0,0.0,0.005022389818524629
2655,benign,benign,0.9999597694384428,0.0,0.0,4.023056155712573e-05
2656,recon,recon,0.0,0.0,0.0,1.0
2657,bruteforce,bruteforce,0.0,1.0,0.0,0.0
2658,recon,recon,8.332147627153021e-06,0.0,0.0,0.9999916678523729
2659,recon,recon,8.332147627153021e-06,0.0,0.0,0.9999916678523729
2660,benign,benign,0.9999597694384428,0.0,0.0,4.023056155712573e-05
2661,recon,recon,8.332147627153021e-06,0.0,0.0,0.9999916678523729
2662,recon,recon,0.0,0.0,0.0,1.0
2663,benign,benign,1.0,0.0,0.0,0.0
2664,benign,benign,1.0,0.0,0.0,0.0
2665,benign,benign,1.0,0.0,0.0,0.0
2666,bruteforce,bruteforce,0.0,1.0,0.0,0.0
2667,benign,benign,1.0,0.0,0.0,0.0
2668,benign,benign,1.0,0.0,0.0,0.0
2669,benign,benign,0.9997616436818173,0.0,0.00023835631818266853,0.0
2670,benign,benign,1.0,0.0,0.0,0.0
2671,recon,recon,8.332147627153021e-06,0.0,0.0,0.9999916678523729
2672,benign,benign,1.0,0.0,0.0,0.0
2673,recon,recon,0.0,0.0,0.0,1.0
2674,recon,recon,0.0,0.0,0.0,1.0
2675,recon,recon,0.00028760231668372674,0.0,0.0,0.9997123976833163
2676,benign,benign,1.0,0.0,0.0,0.0
2677,recon,recon,8.332147627153021e-06,0.0,0.0,0.9999916678523729
2678,benign,benign,1.0,0.0,0.0,0.0
2679,recon,recon,0.0,0.0,0.0,1.0
2680,recon,recon,0.0,0.0,0.0,1.0
2681,benign,benign,1.0,0.0,0.0,0.0
2682,bruteforce,bruteforce,0.0,1.0,0.0,0.0
2683,bruteforce,bruteforce,0.0,1.0,0.0,0.0
2684,bruteforce,bruteforce,0.0,1.0,0.0,0.0
2685,bruteforce,bruteforce,0.0,1.0,0.0,0.0
2686,benign,benign,1.0,0.0,0.0,0.0
2687,bruteforce,bruteforce,0.011541340712888464,0.9776425757988844,0.010816083488227053,0.0
2688,benign,benign,1.0,0.0,0.0,0.0
2689,bruteforce,bruteforce,0.0,1.0,0.0,0.0
2690,bruteforce,bruteforce,0.0,1.0,0.0,0.0
2691,bruteforce,bruteforce,0.0,1.0,0.0,0.0
2692,recon,recon,0.0,0.0,0.0,1.0
2693,benign,benign,1.0,0.0,0.0,0.0
2694,recon,recon,8.332147627153021e-06,0.0,0.0,0.9999916678523729
2695,benign,benign,1.0,0.0,0.0,0.0
2696,recon,recon,0.0,0.0,0.0,1.0
2697,recon,recon,0.0,0.0,0.0,1.0
2698,bruteforce,bruteforce,0.0,1.0,0.0,0.0
2699,benign,benign,0.9999597694384428,0.0,0.0,4.023056155712573e-05
2700,benign,benign,1.0,0.0,0.0,0.0
2701,recon,recon,0.006698195002758729,0.0,5.766872655310987e-05,0.9932441362706882
2702,recon,recon,0.0,0.0,0.0,1.0
2703,recon,recon,8.332147627153021e-06,0.0,0.0,0.9999916678523729
2704,bruteforce,bruteforce,0.0,1.0,0.0,0.0
2705,benign,benign,1.0,0.0,0.0,0.0
2706,recon,recon,0.0,0.0,0.0,1.0
2707,recon,recon,0.0,0.0,0.0,1.0
2708,benign,benign,0.9999597694384428,0.0,0.0,4.023056155712573e-05
2709,benign,benign,1.0,0.0,0.0,0.0
2710,recon,recon,8.332147627153021e-06,0.0,0.0,0.9999916678523729
2711,recon,recon,0.0,0.0,0.0,1.0
2712,bruteforce,bruteforce,0.0,1.0,0.0,0.0
2713,bruteforce,bruteforce,0.0,1.0,0.0,0.0
2714,benign,benign,1.0,0.0,0.0,0.0
2715,bruteforce,bruteforce,0.0,1.0,0.0,0.0
2716,benign,benign,1.0,0.0,0.0,0.0
2717,bruteforce,bruteforce,0.0,1.0,0.0,0.0
2718,benign,benign,1.0,0.0,0.0,0.0
2719,benign,benign,0.9997616436818173,0.0,0.00023835631818266853,0.0
2720,benign,benign,1.0,0.0,0.0,0.0
2721,recon,recon,0.0,0.0,0.0,1.0
2722,benign,benign,1.0,0.0,0.0,0.0
2723,recon,recon,8.332147627153021e-06,0.0,0.0,0.9999916678523729
2724,benign,benign,1.0,0.0,0.0,0.0
2725,benign,benign,1.0,0.0,0.0,0.0
2726,bruteforce,bruteforce,0.0,1.0,0.0,0.0
2727,recon,recon,8.332147627153021e-06,0.0,0.0,0.9999916678523729
2728,recon,recon,0.0,0.0,0.0,1.0
2729,bruteforce,bruteforce,0.0,1.0,0.0,0.0
2730,recon,recon,0.0,0.0,0.0,1.0
2731,benign,benign,0.995770412124076,0.0,0.0,0.004229587875923988
2732,benign,benign,1.0,0.0,0.0,0.0
2733,bruteforce,bruteforce,0.0,1.0,0.0,0.0
2734,recon,recon,0.0,0.0,0.0,1.0
2735,bruteforce,bruteforce,0.0,1.0,0.0,0.0
2736,recon,recon,8.332147627153021e-06,0.0,0.0,0.9999916678523729
2737,bruteforce,bruteforce,0.0,1.0,0.0,0.0
2738,benign,benign,1.0,0.0,0.0,0.0
2739,bruteforce,bruteforce,0.0,1.0,0.0,0.0
2740,bruteforce,bruteforce,0.03495135388582816,0.9416862889657617,0.003362357148410169,0.02
2741,benign,benign,1.0,0.0,0.0,0.0
2742,benign,benign,1.0,0.0,0.0,0.0
2743,recon,recon,0.00028760231668372674,0.0,0.0,0.9997123976833163
2744,benign,benign,1.0,0.0,0.0,0.0
2745,benign,benign,1.0,0.0,0.0,0.0
2746,bruteforce,bruteforce,0.0,1.0,0.0,0.0
2747,bruteforce,bruteforce,0.0,1.0,0.0,0.0
2748,benign,benign,1.0,0.0,0.0,0.0
2749,benign,benign,1.0,0.0,0.0,0.0
2750,bruteforce,bruteforce,0.0,1.0,0.0,0.0
2751,benign,benign,0.99,0.01,0.0,0.0
2752,benign,benign,1.0,0.0,0.0,0.0
2753,bruteforce,bruteforce,0.0,1.0,0.0,0.0
2754,bruteforce,bruteforce,0.0,1.0,0.0,0.0
2755,benign,benign,1.0,0.0,0.0,0.0
2756,benign,benign,1.0,0.0,0.0,0.0
2757,bruteforce,bruteforce,0.0,1.0,0.0,0.0
2758,recon,recon,8.332147627153021e-06,0.0,0.0,0.9999916678523729
2759,bruteforce,bruteforce,0.0,1.0,0.0,0.0
2760,benign,benign,1.0,0.0,0.0,0.0
2761,recon,recon,0.0,0.0,0.0,1.0
2762,bruteforce,bruteforce,0.0,1.0,0.0,0.0
2763,benign,benign,1.0,0.0,0.0,0.0
2764,bruteforce,bruteforce,0.0,1.0,0.0,0.0
2765,benign,benign,1.0,0.0,0.0,0.0
2766,recon,recon,0.0,0.0,0.0,1.0
2767,benign,benign,1.0,0.0,0.0,0.0
2768,bruteforce,bruteforce,0.0,1.0,0.0,0.0
2769,benign,benign,1.0,0.0,0.0,0.0
2770,recon,recon,8.332147627153021e-06,0.0,0.0,0.9999916678523729
2771,benign,benign,1.0,0.0,0.0,0.0
2772,benign,benign,1.0,0.0,0.0,0.0
2773,benign,benign,0.9999597694384428,0.0,0.0,4.023056155712573e-05
2774,recon,recon,0.0,0.0,0.0,1.0
2775,recon,recon,0.0,0.0,0.0,1.0
2776,bruteforce,bruteforce,0.0,1.0,0.0,0.0
2777,benign,benign,0.9967228346456694,0.0,0.0,0.0032771653543307087
2778,benign,benign,1.0,0.0,0.0,0.0
2779,recon,recon,0.0,0.0,0.0,1.0
2780,recon,recon,0.0,0.0,0.0,1.0
2781,recon,recon,0.000535131686623012,0.0,0.0,0.9994648683133769
2782,benign,benign,1.0,0.0,0.0,0.0
2783,recon,recon,8.332147627153021e-06,0.0,0.0,0.9999916678523729
2784,recon,recon,0.0,0.0,0.0,1.0
2785,recon,recon,0.0,0.0,0.0,1.0
2786,benign,benign,1.0,0.0,0.0,0.0
2787,recon,recon,0.0,0.0,0.0,1.0
2788,recon,recon,8.332147627153021e-06,0.0,0.0,0.9999916678523729
2789,recon,recon,0.0,0.0,0.0,1.0
2790,benign,benign,1.0,0.0,0.0,0.0
2791,benign,benign,1.0,0.0,0.0,0.0
2792,recon,recon,0.0,0.0,0.0,1.0
2793,benign,benign,1.0,0.0,0.0,0.0
2794,benign,benign,1.0,0.0,0.0,0.0
2795,benign,benign,1.0,0.0,0.0,0.0
2796,bruteforce,bruteforce,0.0,1.0,0.0,0.0
2797,recon,recon,0.0,0.0,0.0,1.0
2798,recon,recon,0.0,0.0,0.0,1.0
2799,benign,benign,1.0,0.0,0.0,0.0
2800,benign,benign,1.0,0.0,0.0,0.0
2801,benign,benign,1.0,0.0,0.0,0.0
2802,benign,benign,1.0,0.0,0.0,0.0
2803,recon,recon,8.332147627153021e-06,0.0,5.766872655310987e-05,0.9999339991258198
2804,benign,benign,1.0,0.0,0.0,0.0
2805,benign,benign,1.0,0.0,0.0,0.0
2806,recon,recon,0.0,0.0,0.0,1.0
2807,recon,recon,8.332147627153021e-06,0.0,0.0,0.9999916678523729
2808,bruteforce,bruteforce,0.0,1.0,0.0,0.0
2809,benign,benign,1.0,0.0,0.0,0.0
2810,recon,recon,8.332147627153021e-06,0.0,0.0,0.9999916678523729
2811,bruteforce,bruteforce,0.0,1.0,0.0,0.0
2812,benign,benign,1.0,0.0,0.0,0.0
2813,bruteforce,bruteforce,0.0,1.0,0.0,0.0
2814,bruteforce,bruteforce,0.0,1.0,0.0,0.0
2815,recon,recon,0.0,0.0,0.0,1.0
2816,bruteforce,bruteforce,0.0,1.0,0.0,0.0
2817,benign,benign,1.0,0.0,0.0,0.0
2818,bruteforce,bruteforce,0.0,1.0,0.0,0.0
2819,recon,recon,0.0,0.0,0.0,1.0
2820,benign,benign,1.0,0.0,0.0,0.0
2821,benign,benign,0.9999597694384428,0.0,0.0,4.023056155712573e-05
2822,recon,recon,0.0,0.0,0.0,1.0
2823,bruteforce,bruteforce,0.0,1.0,0.0,0.0
2824,bruteforce,bruteforce,0.0,1.0,0.0,0.0
2825,benign,benign,0.9999597694384428,0.0,0.0,4.023056155712573e-05
2826,bruteforce,bruteforce,0.0,1.0,0.0,0.0
2827,recon,recon,0.0,0.0,0.0,1.0
2828,bruteforce,bruteforce,0.0,1.0,0.0,0.0
2829,bruteforce,bruteforce,0.0,1.0,0.0,0.0
2830,benign,benign,1.0,0.0,0.0,0.0
2831,benign,benign,1.0,0.0,0.0,0.0
2832,bruteforce,bruteforce,0.0,1.0,0.0,0.0
2833,bruteforce,bruteforce,0.0,1.0,0.0,0.0
2834,benign,benign,1.0,0.0,0.0,0.0
2835,recon,recon,0.0,0.0,0.0,1.0
2836,bruteforce,bruteforce,0.0,1.0,0.0,0.0
2837,recon,recon,8.332147627153021e-06,0.0,0.0,0.9999916678523729
2838,benign,benign,1.0,0.0,0.0,0.0
2839,recon,recon,0.00028760231668372674,0.0,0.0,0.9997123976833163
2840,benign,benign,1.0,0.0,0.0,0.0
2841,benign,benign,0.9999597694384428,0.0,0.0,4.023056155712573e-05
2842,recon,recon,0.006698195002758729,0.0,5.766872655310987e-05,0.9932441362706882
2843,recon,recon,0.0,0.0,0.0,1.0
2844,recon,recon,0.0,0.0,0.0,1.0
2845,recon,recon,0.0,0.0,0.0,1.0
2846,bruteforce,bruteforce,0.0,1.0,0.0,0.0
2847,bruteforce,bruteforce,0.0,1.0,0.0,0.0
2848,benign,benign,1.0,0.0,0.0,0.0
2849,recon,recon,0.0,0.0,0.0,1.0
2850,benign,benign,1.0,0.0,0.0,0.0
2851,recon,recon,8.332147627153021e-06,0.0,0.0,0.9999916678523729
2852,benign,benign,1.0,0.0,0.0,0.0
2853,recon,recon,8.332147627153021e-06,0.0,0.0,0.9999916678523729
2854,benign,benign,1.0,0.0,0.0,0.0
2855,benign,benign,1.0,0.0,0.0,0.0
2856,benign,benign,1.0,0.0,0.0,0.0
2857,recon,recon,0.0,0.0,0.0,1.0
2858,benign,benign,1.0,0.0,0.0,0.0
2859,recon,recon,8.332147627153021e-06,0.0,0.0,0.9999916678523729
2860,bruteforce,bruteforce,0.0,1.0,0.0,0.0
2861,bruteforce,bruteforce,0.0,1.0,0.0,0.0
2862,recon,recon,8.332147627153021e-06,0.0,0.0,0.9999916678523729
2863,recon,recon,0.0,0.0,0.0,1.0
2864,benign,benign,0.9999597694384428,0.0,0.0,4.023056155712573e-05
2865,benign,benign,0.9999597694384428,0.0,0.0,4.023056155712573e-05
2866,benign,benign,1.0,0.0,0.0,0.0
2867,bruteforce,bruteforce,0.0,1.0,0.0,0.0
2868,bruteforce,bruteforce,0.0,1.0,0.0,0.0
2869,benign,benign,0.9820993056216213,0.005377963053721841,0.012522731324656802,0.0
2870,benign,benign,1.0,0.0,0.0,0.0
2871,recon,recon,0.0,0.0,0.0,1.0
2872,benign,benign,0.9999597694384428,0.0,0.0,4.023056155712573e-05
2873,recon,recon,0.0,0.0,0.0,1.0
2874,bruteforce,bruteforce,0.0,1.0,0.0,0.0
2875,bruteforce,bruteforce,0.0,1.0,0.0,0.0
2876,benign,benign,0.9949057270798963,0.0,0.0,0.005094272920103699
2877,bruteforce,bruteforce,0.01441656917841379,0.9855834308215862,0.0,0.0
2878,benign,benign,1.0,0.0,0.0,0.0
2879,recon,recon,0.0,0.0,0.0,1.0
2880,benign,benign,1.0,0.0,0.0,0.0
2881,recon,recon,0.0,0.0,0.0,1.0
2882,benign,benign,1.0,0.0,0.0,0.0
2883,bruteforce,bruteforce,0.0049289322213085865,0.99,0.005071067778691413,0.0
2884,benign,benign,1.0,0.0,0.0,0.0
2885,benign,benign,0.9633134609350487,0.01,0.01,0.016686539064951367
2886,bruteforce,bruteforce,0.0,1.0,0.0,0.0
2887,recon,recon,8.332147627153021e-06,0.0,5.766872655310987e-05,0.9999339991258198
2888,benign,benign,1.0,0.0,0.0,0.0
2889,benign,benign,0.9999597694384428,0.0,0.0,4.023056155712573e-05
2890,benign,benign,1.0,0.0,0.0,0.0
2891,benign,benign,1.0,0.0,0.0,0.0
2892,benign,benign,1.0,0.0,0.0,0.0
2893,benign,benign,1.0,0.0,0.0,0.0
2894,benign,benign,1.0,0.0,0.0,0.0
2895,benign,benign,1.0,0.0,0.0,0.0
2896,recon,recon,8.332147627153021e-06,0.0,0.0,0.9999916678523729
2897,bruteforce,bruteforce,0.0,1.0,0.0,0.0
2898,bruteforce,bruteforce,0.0,1.0,0.0,0.0
2899,bruteforce,bruteforce,0.0,0.99,0.01,0.0
2900,recon,recon,0.0,0.0,0.0,1.0
2901,benign,benign,0.9999597694384428,0.0,0.0,4.023056155712573e-05
2902,benign,benign,1.0,0.0,0.0,0.0
2903,bruteforce,bruteforce,0.0,1.0,0.0,0.0
2904,benign,benign,1.0,0.0,0.0,0.0
2905,benign,benign,1.0,0.0,0.0,0.0
2906,bruteforce,bruteforce,0.0,1.0,0.0,0.0
2907,recon,recon,8.332147627153021e-06,0.0,0.0,0.9999916678523729
2908,bruteforce,bruteforce,0.0,1.0,0.0,0.0
2909,recon,recon,0.0,0.0,0.0,1.0
2910,bruteforce,bruteforce,0.0,1.0,0.0,0.0
2911,benign,benign,0.9949889031655181,0.005011096834481953,0.0,0.0
2912,recon,recon,0.0,0.0,5.766872655310987e-05,0.999942331273447
2913,recon,recon,0.0,0.0,0.0,1.0
2914,benign,benign,0.9997616436818173,0.0,0.00023835631818266853,0.0
2915,bruteforce,bruteforce,0.0,1.0,0.0,0.0
2916,recon,recon,0.0,0.0,0.0,1.0
2917,recon,recon,0.0,0.0,0.0,1.0
2918,benign,benign,1.0,0.0,0.0,0.0
2919,benign,benign,1.0,0.0,0.0,0.0
2920,recon,recon,8.332147627153021e-06,0.0,0.0,0.9999916678523729
2921,benign,benign,1.0,0.0,0.0,0.0
2922,bruteforce,bruteforce,0.0,1.0,0.0,0.0
2923,benign,benign,1.0,0.0,0.0,0.0
2924,recon,recon,0.0001181873401447448,0.0,0.0,0.9998818126598553
2925,benign,benign,1.0,0.0,0.0,0.0
2926,benign,benign,1.0,0.0,0.0,0.0
2927,bruteforce,bruteforce,0.0,1.0,0.0,0.0
2928,recon,recon,8.332147627153021e-06,0.0,0.0,0.9999916678523729
2929,recon,recon,0.0,0.0,0.0,1.0
2930,recon,recon,8.332147627153021e-06,0.0,0.0,0.9999916678523729
2931,recon,recon,0.0,0.0,0.0,1.0
2932,benign,benign,0.9885300976316835,0.0,0.0,0.011469902368316494
2933,bruteforce,bruteforce,0.0,1.0,0.0,0.0
2934,benign,benign,1.0,0.0,0.0,0.0
2935,recon,recon,0.0,0.0,0.0,1.0
2936,bruteforce,bruteforce,0.0,1.0,0.0,0.0
2937,benign,benign,1.0,0.0,0.0,0.0
2938,benign,benign,1.0,0.0,0.0,0.0
2939,recon,recon,0.0,0.0,0.0,1.0
2940,benign,benign,1.0,0.0,0.0,0.0
2941,benign,benign,1.0,0.0,0.0,0.0
2942,benign,benign,1.0,0.0,0.0,0.0
2943,bruteforce,bruteforce,0.0,1.0,0.0,0.0
2944,bruteforce,bruteforce,0.0,1.0,0.0,0.0
2945,benign,benign,1.0,0.0,0.0,0.0
2946,bruteforce,bruteforce,0.0,1.0,0.0,0.0
2947,recon,recon,0.0,0.0,0.0,1.0
2948,bruteforce,bruteforce,0.0,1.0,0.0,0.0
2949,benign,benign,1.0,0.0,0.0,0.0
2950,benign,benign,0.9997616436818173,0.0,0.00023835631818266853,0.0
2951,recon,recon,0.0,0.0,0.0,1.0
2952,recon,recon,0.0,0.0,0.0,1.0
2953,recon,recon,8.332147627153021e-06,0.0,0.0,0.9999916678523729
2954,benign,benign,1.0,0.0,0.0,0.0
2955,benign,benign,1.0,0.0,0.0,0.0
2956,recon,recon,0.0,0.0,0.0,1.0
2957,benign,benign,1.0,0.0,0.0,0.0
2958,benign,benign,1.0,0.0,0.0,0.0
2959,bruteforce,bruteforce,0.0,1.0,0.0,0.0
2960,benign,benign,1.0,0.0,0.0,0.0
2961,bruteforce,bruteforce,0.0,1.0,0.0,0.0
2962,benign,benign,1.0,0.0,0.0,0.0
2963,recon,recon,0.0,0.0,0.0,1.0
2964,recon,recon,0.0,0.0,0.0,1.0
2965,benign,benign,1.0,0.0,0.0,0.0
2966,benign,benign,1.0,0.0,0.0,0.0
2967,recon,recon,8.332147627153021e-06,0.0,0.0,0.9999916678523729
2968,recon,recon,0.0,0.0,0.0,1.0
2969,bruteforce,bruteforce,0.0,1.0,0.0,0.0
2970,benign,benign,0.9997616436818173,0.0,0.00023835631818266853,0.0
2971,recon,recon,0.0,0.0,0.0,1.0
2972,benign,benign,1.0,0.0,0.0,0.0
2973,bruteforce,bruteforce,0.0,1.0,0.0,0.0
2974,recon,recon,0.0,0.0,0.0,1.0
2975,recon,recon,0.0,0.0,0.0,1.0
2976,bruteforce,bruteforce,0.0,1.0,0.0,0.0
2977,benign,benign,1.0,0.0,0.0,0.0
2978,bruteforce,bruteforce,0.0,1.0,0.0,0.0
2979,benign,benign,1.0,0.0,0.0,0.0
2980,benign,benign,1.0,0.0,0.0,0.0
2981,benign,benign,1.0,0.0,0.0,0.0
2982,recon,recon,0.0,0.0,0.0,1.0
2983,benign,benign,0.9999597694384428,0.0,0.0,4.023056155712573e-05
2984,benign,benign,1.0,0.0,0.0,0.0
2985,bruteforce,bruteforce,0.0,1.0,0.0,0.0
2986,benign,benign,1.0,0.0,0.0,0.0
2987,benign,benign,0.9999597694384428,0.0,0.0,4.023056155712573e-05
2988,benign,benign,1.0,0.0,0.0,0.0
2989,bruteforce,bruteforce,0.0,1.0,0.0,0.0
2990,benign,benign,0.9633134609350487,0.01,0.01,0.016686539064951367
2991,bruteforce,bruteforce,0.0,1.0,0.0,0.0
2992,benign,benign,1.0,0.0,0.0,0.0
2993,recon,recon,0.006698195002758729,0.0,5.766872655310987e-05,0.9932441362706882
2994,benign,benign,0.9997616436818173,0.0,0.00023835631818266853,0.0
2995,bruteforce,bruteforce,0.0,1.0,0.0,0.0
2996,benign,benign,1.0,0.0,0.0,0.0
2997,benign,benign,1.0,0.0,0.0,0.0
2998,benign,benign,1.0,0.0,0.0,0.0
2999,benign,benign,1.0,0.0,0.0,0.0
3000,bruteforce,bruteforce,0.0,1.0,0.0,0.0
3001,bruteforce,bruteforce,0.0,1.0,0.0,0.0
3002,benign,benign,1.0,0.0,0.0,0.0
3003,recon,recon,8.332147627153021e-06,0.0,0.0,0.9999916678523729
3004,recon,recon,0.0,0.0,0.0,1.0
3005,bruteforce,bruteforce,0.0,1.0,0.0,0.0
3006,benign,benign,1.0,0.0,0.0,0.0
3007,benign,benign,1.0,0.0,0.0,0.0
3008,bruteforce,bruteforce,0.0,1.0,0.0,0.0
3009,bruteforce,bruteforce,0.0,0.9950292877225867,0.004970712277413308,0.0
3010,bruteforce,bruteforce,0.0,1.0,0.0,0.0
3011,bruteforce,bruteforce,0.0,1.0,0.0,0.0
3012,recon,recon,8.332147627153021e-06,0.0,0.0,0.9999916678523729
3013,benign,benign,1.0,0.0,0.0,0.0
3014,recon,recon,0.0,0.0,5.766872655310987e-05,0.999942331273447
3015,benign,benign,1.0,0.0,0.0,0.0
3016,bruteforce,bruteforce,0.0,1.0,0.0,0.0
3017,bruteforce,bruteforce,0.0,1.0,0.0,0.0
3018,recon,recon,0.0,0.0,0.0,1.0
3019,benign,benign,1.0,0.0,0.0,0.0
3020,bruteforce,bruteforce,0.0,1.0,0.0,0.0
3021,benign,benign,1.0,0.0,0.0,0.0
3022,bruteforce,bruteforce,0.0,1.0,0.0,0.0
3023,recon,recon,0.000535131686623012,0.0,0.0,0.9994648683133769
3024,recon,recon,0.0,0.0,0.0,1.0
3025,bruteforce,bruteforce,0.0,1.0,0.0,0.0
3026,recon,recon,8.332147627153021e-06,0.0,0.0,0.9999916678523729
3027,recon,recon,0.0,0.0,0.0,1.0
3028,benign,benign,0.9997616436818173,0.0,0.00023835631818266853,0.0
3029,bruteforce,bruteforce,0.0,0.999498037847737,0.0005019621522630156,0.0
3030,benign,benign,0.9947722194750018,0.0,0.00023835631818266853,0.004989424206815512
3031,benign,benign,0.9999597694384428,0.0,0.0,4.023056155712573e-05
3032,recon,recon,0.00028760231668372674,0.0,0.0,0.9997123976833163
3033,bruteforce,bruteforce,0.0,1.0,0.0,0.0
3034,benign,benign,1.0,0.0,0.0,0.0
3035,recon,recon,8.332147627153021e-06,0.0,0.004885603660682857,0.9951060641916899
3036,recon,recon,8.332147627153021e-06,0.0,0.0,0.9999916678523729
3037,recon,recon,8.332147627153021e-06,0.0,0.0,0.9999916678523729
3038,benign,benign,1.0,0.0,0.0,0.0
3039,bruteforce,bruteforce,0.0,1.0,0.0,0.0
3040,recon,recon,0.0,0.0,0.0,1.0
3041,recon,recon,0.0,0.0,0.0,1.0
3042,benign,benign,1.0,0.0,0.0,0.0
3043,benign,benign,0.9966397530277844,0.0,0.003360246972215626,0.0
3044,bruteforce,bruteforce,0.0,1.0,0.0,0.0
3045,recon,recon,8.332147627153021e-06,0.0,0.0,0.9999916678523729
3046,benign,benign,1.0,0.0,0.0,0.0
3047,bruteforce,bruteforce,0.0,1.0,0.0,0.0
3048,benign,benign,1.0,0.0,0.0,0.0
3049,recon,recon,0.0,0.0,0.0,1.0
3050,benign,benign,1.0,0.0,0.0,0.0
3051,recon,recon,0.0,0.0,0.0,1.0
3052,bruteforce,bruteforce,0.0,1.0,0.0,0.0
3053,benign,benign,0.9999597694384428,0.0,0.0,4.023056155712573e-05
3054,benign,benign,1.0,0.0,0.0,0.0
3055,bruteforce,bruteforce,0.0,1.0,0.0,0.0
3056,recon,recon,0.0,0.0,0.0,1.0
3057,recon,recon,0.0,0.0,0.0,1.0
3058,recon,recon,0.0,0.0,0.0,1.0
3059,bruteforce,bruteforce,0.0,1.0,0.0,0.0
3060,recon,recon,8.332147627153021e-06,0.0,0.0,0.9999916678523729
3061,bruteforce,bruteforce,0.0,1.0,0.0,0.0
3062,benign,benign,1.0,0.0,0.0,0.0
3063,benign,benign,1.0,0.0,0.0,0.0
3064,recon,recon,0.0,0.0,0.0,1.0
3065,benign,benign,0.9924265089580797,0.007573491041920333,0.0,0.0
3066,benign,benign,1.0,0.0,0.0,0.0
3067,benign,benign,1.0,0.0,0.0,0.0
3068,benign,benign,1.0,0.0,0.0,0.0
3069,benign,benign,1.0,0.0,0.0,0.0
3070,bruteforce,bruteforce,0.0,1.0,0.0,0.0
3071,recon,recon,0.0,0.0,0.0,1.0
3072,recon,recon,0.0,0.0,0.0,1.0
3073,benign,benign,1.0,0.0,0.0,0.0
3074,bruteforce,bruteforce,0.0,1.0,0.0,0.0
3075,bruteforce,bruteforce,0.0,0.9966808477113369,0.0033191522886630424,0.0
3076,recon,recon,0.0,0.0,0.0,1.0
3077,recon,recon,0.0,0.0,0.0,1.0
3078,benign,benign,1.0,0.0,0.0,0.0
3079,recon,recon,0.0,0.0,0.0,1.0
3080,recon,recon,7.143331782842707e-05,0.0,0.0,0.9999285666821716
3081,bruteforce,bruteforce,0.0,1.0,0.0,0.0
3082,recon,recon,8.332147627153021e-06,0.0,0.0,0.9999916678523729
3083,bruteforce,bruteforce,0.0,1.0,0.0,0.0
3084,benign,benign,1.0,0.0,0.0,0.0
3085,benign,benign,1.0,0.0,0.0,0.0
3086,bruteforce,bruteforce,0.0,1.0,0.0,0.0
3087,benign,benign,1.0,0.0,0.0,0.0
3088,recon,recon,8.332147627153021e-06,0.0,0.0,0.9999916678523729
3089,bruteforce,bruteforce,0.0,1.0,0.0,0.0
3090,benign,benign,1.0,0.0,0.0,0.0
3091,bruteforce,bruteforce,0.0,1.0,0.0,0.0
3092,bruteforce,bruteforce,0.0,1.0,0.0,0.0
3093,benign,benign,1.0,0.0,0.0,0.0
3094,benign,benign,1.0,0.0,0.0,0.0
3095,recon,recon,0.00028760231668372674,0.0,0.0,0.9997123976833163
3096,bruteforce,bruteforce,0.0,1.0,0.0,0.0
3097,benign,benign,0.9967374502303068,0.0,0.003262549769693184,0.0
3098,bruteforce,bruteforce,0.0,1.0,0.0,0.0
3099,benign,benign,1.0,0.0,0.0,0.0
3100,recon,recon,8.332147627153021e-06,0.0,0.0,0.9999916678523729
3101,recon,recon,0.0,0.0,0.0,1.0
3102,recon,recon,7.143331782842707e-05,0.0,0.0,0.9999285666821716
3103,benign,benign,1.0,0.0,0.0,0.0
3104,recon,recon,0.0,0.0,0.0,1.0
3105,recon,recon,8.332147627153021e-06,0.0,5.766872655310987e-05,0.9999339991258198
3106,recon,recon,0.0,0.0,0.0,1.0
3107,recon,recon,0.0,0.0,0.0,1.0
3108,recon,recon,0.0,0.0,0.0,1.0
3109,recon,recon,0.0,0.0,0.0,1.0
3110,bruteforce,bruteforce,0.0,1.0,0.0,0.0
3111,recon,recon,0.0,0.0,0.0,1.0
3112,benign,benign,0.9999597694384428,0.0,0.0,4.023056155712573e-05
3113,recon,recon,0.0,0.0,0.0,1.0
3114,recon,recon,0.0,0.0,0.0,1.0
3115,benign,benign,1.0,0.0,0.0,0.0
3116,benign,benign,1.0,0.0,0.0,0.0
3117,benign,benign,1.0,0.0,0.0,0.0
3118,benign,benign,1.0,0.0,0.0,0.0
3119,benign,benign,1.0,0.0,0.0,0.0
3120,recon,recon,0.0,0.0,0.0,1.0
3121,bruteforce,bruteforce,0.0,1.0,0.0,0.0
3122,recon,recon,0.0,0.0,0.0,1.0
3123,recon,recon,8.332147627153021e-06,0.0,0.0,0.9999916678523729
3124,recon,recon,8.332147627153021e-06,0.0,0.0,0.9999916678523729
3125,benign,benign,1.0,0.0,0.0,0.0
3126,benign,benign,1.0,0.0,0.0,0.0
3127,bruteforce,bruteforce,0.0,1.0,0.0,0.0
3128,benign,benign,1.0,0.0,0.0,0.0
3129,bruteforce,bruteforce,0.0,1.0,0.0,0.0
3130,benign,benign,1.0,0.0,0.0,0.0
3131,benign,benign,1.0,0.0,0.0,0.0
3132,recon,recon,0.0,0.0,0.0,1.0
3133,benign,benign,1.0,0.0,0.0,0.0
3134,benign,benign,0.9999597694384428,0.0,0.0,4.023056155712573e-05
3135,recon,recon,0.0,0.0,0.0,1.0
3136,recon,recon,0.0,0.0,0.0,1.0
3137,bruteforce,bruteforce,0.0,1.0,0.0,0.0
3138,benign,benign,1.0,0.0,0.0,0.0
3139,recon,recon,7.143331782842707e-05,0.0,0.0,0.9999285666821716
3140,benign,benign,1.0,0.0,0.0,0.0
3141,recon,recon,0.0,0.0,0.0,1.0
3142,benign,benign,0.9997616436818173,0.0,0.00023835631818266853,0.0
3143,bruteforce,bruteforce,0.0,1.0,0.0,0.0
3144,benign,benign,1.0,0.0,0.0,0.0
3145,benign,benign,1.0,0.0,0.0,0.0
3146,recon,recon,0.0,0.0,0.0,1.0
3147,recon,recon,0.0001181873401447448,0.0,0.0,0.9998818126598553
3148,recon,recon,8.332147627153021e-06,0.0,0.0,0.9999916678523729
3149,bruteforce,bruteforce,0.0,1.0,0.0,0.0
3150,recon,recon,0.0,0.0,0.0,1.0
3151,benign,benign,1.0,0.0,0.0,0.0
3152,bruteforce,bruteforce,0.0,1.0,0.0,0.0
3153,benign,benign,0.9999597694384428,0.0,0.0,4.023056155712573e-05
3154,benign,benign,1.0,0.0,0.0,0.0
3155,benign,benign,1.0,0.0,0.0,0.0
3156,recon,recon,0.0,0.0,0.0,1.0
3157,benign,benign,1.0,0.0,0.0,0.0
3158,bruteforce,bruteforce,0.0,1.0,0.0,0.0
3159,recon,recon,0.0,0.0,0.0,1.0
3160,bruteforce,bruteforce,0.0,1.0,0.0,0.0
3161,recon,recon,0.0,0.0,0.0,1.0
3162,bruteforce,bruteforce,0.0,1.0,0.0,0.0
3163,recon,recon,0.0,0.0,0.0,1.0
3164,benign,benign,1.0,0.0,0.0,0.0
3165,bruteforce,bruteforce,0.0,1.0,0.0,0.0
3166,recon,recon,0.0,0.0,0.0,1.0
3167,recon,recon,0.000535131686623012,0.0,0.0,0.9994648683133769
3168,recon,recon,0.0,0.0,0.0,1.0
3169,recon,recon,8.332147627153021e-06,0.0,0.0,0.9999916678523729
3170,benign,benign,1.0,0.0,0.0,0.0
3171,benign,benign,0.9997616436818173,0.0,0.00023835631818266853,0.0
3172,benign,benign,1.0,0.0,0.0,0.0
3173,recon,recon,8.332147627153021e-06,0.0,0.0,0.9999916678523729
3174,recon,recon,8.332147627153021e-06,0.0,0.0,0.9999916678523729
3175,bruteforce,bruteforce,0.0,1.0,0.0,0.0
3176,benign,benign,1.0,0.0,0.0,0.0
3177,recon,recon,0.0,0.0,0.0,1.0
3178,recon,recon,0.0,0.0,0.0,1.0
3179,benign,benign,1.0,0.0,0.0,0.0
3180,bruteforce,bruteforce,0.0,1.0,0.0,0.0
3181,recon,recon,0.0,0.0,0.0,1.0
3182,benign,benign,1.0,0.0,0.0,0.0
3183,bruteforce,bruteforce,0.0,1.0,0.0,0.0
3184,benign,benign,1.0,0.0,0.0,0.0
3185,benign,benign,0.9999597694384428,0.0,0.0,4.023056155712573e-05
3186,bruteforce,bruteforce,0.0,1.0,0.0,0.0
3187,benign,benign,1.0,0.0,0.0,0.0
3188,recon,recon,0.0,0.0,0.0,1.0
3189,benign,benign,1.0,0.0,0.0,0.0
3190,benign,benign,0.9999597694384428,0.0,0.0,4.023056155712573e-05
3191,recon,recon,8.332147627153021e-06,0.0,0.0,0.9999916678523729
3192,recon,recon,0.0,0.0,0.0,1.0
3193,benign,benign,0.9999597694384428,0.0,0.0,4.023056155712573e-05
3194,benign,benign,1.0,0.0,0.0,0.0
3195,recon,recon,8.332147627153021e-06,0.0,0.0,0.9999916678523729
3196,bruteforce,bruteforce,0.0,1.0,0.0,0.0
3197,benign,benign,0.9999597694384428,0.0,0.0,4.023056155712573e-05
3198,recon,recon,0.0,0.0,0.0,1.0
3199,recon,recon,0.0,0.0,0.0,1.0
3200,bruteforce,bruteforce,0.0,1.0,0.0,0.0
3201,bruteforce,bruteforce,0.0,1.0,0.0,0.0
3202,bruteforce,bruteforce,0.0,1.0,0.0,0.0
3203,benign,benign,1.0,0.0,0.0,0.0
3204,benign,benign,1.0,0.0,0.0,0.0
3205,recon,recon,0.0,0.0,5.766872655310987e-05,0.999942331273447
3206,bruteforce,bruteforce,0.005027424436923794,0.9949725755630763,0.0,0.0
3207,benign,benign,0.9999597694384428,0.0,0.0,4.023056155712573e-05
3208,benign,benign,1.0,0.0,0.0,0.0
3209,recon,recon,0.0,0.0,0.0,1.0
3210,recon,recon,0.000535131686623012,0.0,0.0,0.9994648683133769
3211,benign,benign,1.0,0.0,0.0,0.0
3212,recon,recon,0.00028760231668372674,0.0,0.0,0.9997123976833163
3213,bruteforce,bruteforce,0.0,1.0,0.0,0.0
3214,benign,benign,1.0,0.0,0.0,0.0
3215,recon,recon,8.332147627153021e-06,0.0,0.0,0.9999916678523729
3216,benign,benign,1.0,0.0,0.0,0.0
3217,recon,recon,0.0,0.0,0.0,1.0
3218,bruteforce,bruteforce,0.0,1.0,0.0,0.0
3219,benign,benign,1.0,0.0,0.0,0.0
3220,benign,benign,1.0,0.0,0.0,0.0
3221,recon,recon,0.0,0.0,0.0,1.0
3222,benign,benign,1.0,0.0,0.0,0.0
3223,recon,recon,8.332147627153021e-06,0.0,0.0,0.9999916678523729
3224,bruteforce,bruteforce,0.0,1.0,0.0,0.0
3225,recon,recon,0.003626026828477208,0.0,5.766872655310987e-05,0.9963163044449698
3226,recon,recon,0.0,0.0,0.0,1.0
3227,benign,benign,0.8840700896514823,0.0,0.11090752052999309,0.005022389818524629
3228,benign,benign,0.9999597694384428,0.0,0.0,4.023056155712573e-05
3229,benign,benign,1.0,0.0,0.0,0.0
3230,bruteforce,bruteforce,0.0,1.0,0.0,0.0
3231,recon,recon,0.0,0.0,0.0,1.0
3232,bruteforce,bruteforce,0.0,1.0,0.0,0.0
3233,benign,benign,0.9999597694384428,0.0,0.0,4.023056155712573e-05
3234,recon,recon,8.332147627153021e-06,0.0,0.0,0.9999916678523729
3235,benign,benign,1.0,0.0,0.0,0.0
3236,bruteforce,bruteforce,0.0,1.0,0.0,0.0
3237,benign,benign,1.0,0.0,0.0,0.0
3238,bruteforce,bruteforce,0.0,1.0,0.0,0.0
3239,recon,recon,8.332147627153021e-06,0.0,0.0,0.9999916678523729
3240,benign,benign,1.0,0.0,0.0,0.0
3241,benign,benign,1.0,0.0,0.0,0.0
3242,recon,recon,0.0,0.0,0.0,1.0
3243,benign,benign,0.9607793765571856,0.014262837326491615,0.014957786116322702,0.01
3244,bruteforce,bruteforce,0.0,1.0,0.0,0.0
3245,recon,recon,0.0,0.0,0.0,1.0
3246,recon,recon,0.0,0.0,0.0,1.0
3247,bruteforce,bruteforce,0.0,1.0,0.0,0.0
3248,recon,recon,8.332147627153021e-06,0.0,0.0,0.9999916678523729
3249,bruteforce,bruteforce,0.0,1.0,0.0,0.0
3250,bruteforce,bruteforce,0.0,0.9916010417187977,0.008398958281202382,0.0
3251,recon,recon,0.0,0.0,0.0,1.0
3252,recon,recon,0.0,0.0,0.0,1.0
3253,benign,benign,1.0,0.0,0.0,0.0
3254,benign,benign,1.0,0.0,0.0,0.0
3255,bruteforce,bruteforce,0.0,1.0,0.0,0.0
3256,benign,benign,0.9997616436818173,0.0,0.00023835631818266853,0.0
3257,bruteforce,bruteforce,0.0,1.0,0.0,0.0
3258,benign,benign,1.0,0.0,0.0,0.0
3259,recon,recon,0.0,0.0,0.0,1.0
3260,recon,recon,0.0,0.0,0.0,1.0
3261,bruteforce,bruteforce,0.0,1.0,0.0,0.0
3262,benign,benign,0.9999597694384428,0.0,0.0,4.023056155712573e-05
3263,recon,recon,0.0,0.0,0.0,1.0
3264,benign,benign,0.9997616436818173,0.0,0.00023835631818266853,0.0
3265,bruteforce,bruteforce,0.0,1.0,0.0,0.0
3266,benign,benign,1.0,0.0,0.0,0.0
3267,benign,benign,1.0,0.0,0.0,0.0
3268,benign,benign,0.9997616436818173,0.0,0.00023835631818266853,0.0
3269,bruteforce,bruteforce,0.004943701618578465,0.9750562983814216,0.02,0.0
3270,benign,benign,1.0,0.0,0.0,0.0
3271,recon,recon,0.0,0.0,0.0,1.0
3272,bruteforce,bruteforce,0.0,1.0,0.0,0.0
3273,recon,recon,0.0,0.0,0.0,1.0
3274,recon,recon,0.0,0.0,0.0,1.0
3275,recon,recon,0.0,0.0,0.0,1.0
3276,benign,benign,1.0,0.0,0.0,0.0
3277,benign,benign,1.0,0.0,0.0,0.0
3278,benign,benign,1.0,0.0,0.0,0.0
3279,bruteforce,bruteforce,0.0,1.0,0.0,0.0
3280,recon,recon,0.000535131686623012,0.0,0.0,0.9994648683133769
3281,benign,benign,1.0,0.0,0.0,0.0
3282,benign,benign,1.0,0.0,0.0,0.0
3283,bruteforce,bruteforce,0.0,1.0,0.0,0.0
3284,recon,recon,0.0,0.0,0.0,1.0
3285,recon,recon,0.0,0.0,0.0,1.0
3286,bruteforce,bruteforce,0.006704669686084647,0.9932953303139154,0.0,0.0
3287,benign,benign,1.0,0.0,0.0,0.0
3288,bruteforce,bruteforce,0.0,0.9929387275489341,0.007061272451065826,0.0
3289,benign,benign,1.0,0.0,0.0,0.0
3290,recon,recon,8.332147627153021e-06,0.0,0.0,0.9999916678523729
3291,benign,benign,1.0,0.0,0.0,0.0
3292,recon,recon,0.0,0.0,0.0,1.0
3293,benign,benign,1.0,0.0,0.0,0.0
3294,recon,recon,0.0,0.0,0.0,1.0
3295,bruteforce,bruteforce,0.0,1.0,0.0,0.0
3296,recon,recon,8.332147627153021e-06,0.0,0.0,0.9999916678523729
3297,benign,benign,1.0,0.0,0.0,0.0
3298,recon,recon,8.332147627153021e-06,0.0,0.0,0.9999916678523729
3299,recon,recon,0.0,0.0,0.0,1.0
3300,bruteforce,bruteforce,0.0,1.0,0.0,0.0
3301,benign,benign,1.0,0.0,0.0,0.0
3302,benign,benign,1.0,0.0,0.0,0.0
3303,bruteforce,bruteforce,0.0,1.0,0.0,0.0
3304,benign,benign,1.0,0.0,0.0,0.0
3305,bruteforce,bruteforce,0.0,1.0,0.0,0.0
3306,benign,benign,1.0,0.0,0.0,0.0
3307,recon,recon,0.0,0.0,0.0,1.0
3308,recon,recon,0.0,0.0,0.0,1.0
3309,recon,recon,0.0,0.0,0.0,1.0
3310,bruteforce,bruteforce,0.0,1.0,0.0,0.0
3311,recon,recon,0.0,0.0,0.0,1.0
3312,benign,benign,1.0,0.0,0.0,0.0
3313,benign,benign,0.9999597694384428,0.0,0.0,4.023056155712573e-05
3314,benign,benign,1.0,0.0,0.0,0.0
3315,benign,benign,0.9999597694384428,0.0,0.0,4.023056155712573e-05
3316,bruteforce,bruteforce,0.0,1.0,0.0,0.0
3317,bruteforce,bruteforce,0.0,1.0,0.0,0.0
3318,bruteforce,bruteforce,0.0,1.0,0.0,0.0
3319,benign,benign,0.9999597694384428,0.0,0.0,4.023056155712573e-05
3320,recon,recon,0.0,0.0,0.0,1.0
3321,bruteforce,bruteforce,0.0,1.0,0.0,0.0
3322,benign,benign,1.0,0.0,0.0,0.0
3323,bruteforce,bruteforce,0.0,1.0,0.0,0.0
3324,benign,benign,1.0,0.0,0.0,0.0
3325,recon,recon,0.0,0.0,0.0,1.0
3326,benign,benign,1.0,0.0,0.0,0.0
3327,bruteforce,bruteforce,0.0,1.0,0.0,0.0
3328,recon,recon,0.0,0.0,0.0,1.0
3329,benign,benign,1.0,0.0,0.0,0.0
3330,recon,recon,0.0,0.0,0.0,1.0
3331,benign,benign,0.9949776101814755,0.0,0.0,0.005022389818524629
3332,recon,recon,0.0,0.0,0.0,1.0
3333,bruteforce,bruteforce,0.0,1.0,0.0,0.0
3334,bruteforce,bruteforce,0.0,1.0,0.0,0.0
3335,benign,benign,1.0,0.0,0.0,0.0
3336,recon,recon,8.332147627153021e-06,0.0,5.766872655310987e-05,0.9999339991258198
3337,bruteforce,bruteforce,0.0,1.0,0.0,0.0
3338,recon,recon,0.0,0.0,0.0,1.0
3339,benign,benign,1.0,0.0,0.0,0.0
3340,recon,recon,0.000535131686623012,0.0,0.0,0.9994648683133769
3341,benign,benign,0.9747909934447059,0.0,0.0,0.025209006555294122
3342,benign,benign,1.0,0.0,0.0,0.0
3343,benign,benign,1.0,0.0,0.0,0.0
3344,bruteforce,bruteforce,0.0,1.0,0.0,0.0
3345,recon,recon,0.0,0.0,0.0,1.0
3346,bruteforce,bruteforce,0.0,1.0,0.0,0.0
3347,bruteforce,bruteforce,0.0,1.0,0.0,0.0
3348,benign,benign,1.0,0.0,0.0,0.0
3349,benign,benign,0.99,0.01,0.0,0.0
3350,bruteforce,bruteforce,0.0,1.0,0.0,0.0
3351,benign,benign,1.0,0.0,0.0,0.0
3352,benign,benign,0.9999597694384428,0.0,0.0,4.023056155712573e-05
3353,benign,benign,1.0,0.0,0.0,0.0
3354,recon,recon,8.332147627153021e-06,0.0,0.0,0.9999916678523729
3355,recon,recon,8.332147627153021e-06,0.0,0.0,0.9999916678523729
3356,benign,benign,1.0,0.0,0.0,0.0
3357,benign,benign,1.0,0.0,0.0,0.0
3358,recon,recon,0.0,0.0,0.0,1.0
3359,recon,recon,8.332147627153021e-06,0.0,0.0,0.9999916678523729
3360,recon,recon,0.0,0.0,0.0,1.0
3361,benign,benign,1.0,0.0,0.0,0.0
3362,bruteforce,bruteforce,0.0,1.0,0.0,0.0
3363,benign,benign,1.0,0.0,0.0,0.0
3364,benign,benign,1.0,0.0,0.0,0.0
3365,benign,benign,0.9999597694384428,0.0,0.0,4.023056155712573e-05
3366,bruteforce,bruteforce,0.0,1.0,0.0,0.0
3367,bruteforce,bruteforce,0.0,1.0,0.0,0.0
3368,benign,benign,1.0,0.0,0.0,0.0
3369,benign,benign,0.9999597694384428,0.0,0.0,4.023056155712573e-05
3370,benign,benign,1.0,0.0,0.0,0.0
3371,benign,benign,1.0,0.0,0.0,0.0
3372,recon,recon,0.0,0.0,0.0,1.0
3373,benign,benign,1.0,0.0,0.0,0.0
3374,benign,benign,1.0,0.0,0.0,0.0
3375,benign,benign,1.0,0.0,0.0,0.0
3376,recon,recon,0.0,0.0,0.0,1.0
3377,recon,recon,0.0,0.0,0.0,1.0
3378,benign,benign,1.0,0.0,0.0,0.0
3379,benign,benign,1.0,0.0,0.0,0.0
3380,benign,benign,1.0,0.0,0.0,0.0
3381,recon,recon,7.143331782842707e-05,0.0,0.0,0.9999285666821716
3382,benign,benign,1.0,0.0,0.0,0.0
3383,benign,benign,1.0,0.0,0.0,0.0
3384,benign,benign,1.0,0.0,0.0,0.0
3385,recon,recon,0.0,0.0,0.0,1.0
3386,bruteforce,bruteforce,0.0,1.0,0.0,0.0
3387,recon,recon,0.0,0.0,0.0,1.0
3388,recon,recon,8.332147627153021e-06,0.0,0.0,0.9999916678523729
3389,bruteforce,bruteforce,0.0,1.0,0.0,0.0
3390,bruteforce,bruteforce,0.0,1.0,0.0,0.0
3391,benign,benign,0.9999597694384428,0.0,0.0,4.023056155712573e-05
3392,benign,benign,0.9950800565104779,0.0,0.004919943489522015,0.0
3393,recon,recon,8.332147627153021e-06,0.0,0.0,0.9999916678523729
3394,bruteforce,bruteforce,0.0,1.0,0.0,0.0
3395,recon,recon,0.0,0.0,0.0,1.0
3396,recon,recon,8.332147627153021e-06,0.0,0.0,0.9999916678523729
3397,benign,benign,1.0,0.0,0.0,0.0
3398,recon,recon,8.332147627153021e-06,0.0,0.0,0.9999916678523729
3399,recon,recon,0.0010918248740798139,0.0,5.766872655310987e-05,0.9988505063993672
3400,recon,recon,0.0,0.0,0.0,1.0
3401,bruteforce,bruteforce,0.0,1.0,0.0,0.0
3402,recon,recon,8.332147627153021e-06,0.0,0.0,0.9999916678523729
3403,recon,recon,0.0,0.0,0.0,1.0
3404,benign,benign,1.0,0.0,0.0,0.0
3405,benign,benign,1.0,0.0,0.0,0.0
3406,benign,benign,1.0,0.0,0.0,0.0
3407,bruteforce,bruteforce,0.0,1.0,0.0,0.0
3408,benign,benign,0.9999597694384428,0.0,0.0,4.023056155712573e-05
3409,benign,benign,1.0,0.0,0.0,0.0
3410,recon,recon,0.0,0.0,0.0,1.0
3411,benign,benign,1.0,0.0,0.0,0.0
3412,recon,recon,0.0,0.0,5.766872655310987e-05,0.999942331273447
3413,recon,recon,0.0,0.0,0.0,1.0
3414,bruteforce,bruteforce,0.0,1.0,0.0,0.0
3415,bruteforce,bruteforce,0.005105539358600583,0.9948944606413994,0.0,0.0
3416,bruteforce,bruteforce,0.0,1.0,0.0,0.0
3417,benign,benign,1.0,0.0,0.0,0.0
3418,benign,benign,0.9999597694384428,0.0,0.0,4.023056155712573e-05
3419,bruteforce,bruteforce,0.0,0.99,0.0,0.01
3420,bruteforce,bruteforce,0.0,1.0,0.0,0.0
3421,bruteforce,bruteforce,0.0,1.0,0.0,0.0
3422,benign,benign,0.9999597694384428,0.0,0.0,4.023056155712573e-05
3423,bruteforce,bruteforce,0.0,1.0,0.0,0.0
3424,recon,recon,0.0,0.0,0.0,1.0
3425,benign,benign,1.0,0.0,0.0,0.0
3426,benign,benign,1.0,0.0,0.0,0.0
3427,recon,recon,0.0,0.0,0.0,1.0
3428,benign,benign,1.0,0.0,0.0,0.0
3429,recon,recon,0.0,0.0,0.0,1.0
3430,recon,recon,0.0,0.0,0.0,1.0
3431,benign,benign,0.9997616436818173,0.0,0.00023835631818266853,0.0
3432,bruteforce,bruteforce,0.0,1.0,0.0,0.0
3433,bruteforce,bruteforce,0.0,1.0,0.0,0.0
3434,recon,recon,0.0,0.0,0.0,1.0
3435,benign,benign,1.0,0.0,0.0,0.0
3436,bruteforce,bruteforce,0.0,1.0,0.0,0.0
3437,bruteforce,bruteforce,0.0,1.0,0.0,0.0
3438,benign,benign,1.0,0.0,0.0,0.0
3439,bruteforce,bruteforce,0.0,1.0,0.0,0.0
3440,benign,benign,1.0,0.0,0.0,0.0
3441,recon,recon,0.0,0.0,0.0,1.0
3442,benign,benign,1.0,0.0,0.0,0.0
3443,recon,recon,0.0,0.0,0.0,1.0
3444,benign,benign,1.0,0.0,0.0,0.0
3445,benign,benign,1.0,0.0,0.0,0.0
3446,recon,recon,0.009959769438442874,0.0,0.0,0.9900402305615572
3447,benign,benign,1.0,0.0,0.0,0.0
3448,benign,benign,1.0,0.0,0.0,0.0
3449,bruteforce,bruteforce,0.0,1.0,0.0,0.0
3450,bruteforce,bruteforce,0.0,1.0,0.0,0.0
3451,recon,recon,0.0,0.0,0.0,1.0
3452,recon,recon,0.0,0.0,5.766872655310987e-05,0.999942331273447
3453,recon,recon,0.0,0.0,0.0,1.0
3454,benign,benign,1.0,0.0,0.0,0.0
3455,recon,recon,0.0,0.0,0.0,1.0
3456,benign,benign,0.9999597694384428,0.0,0.0,4.023056155712573e-05
3457,bruteforce,bruteforce,0.0,1.0,0.0,0.0
3458,benign,benign,1.0,0.0,0.0,0.0
3459,benign,benign,1.0,0.0,0.0,0.0
3460,benign,benign,1.0,0.0,0.0,0.0
3461,benign,benign,1.0,0.0,0.0,0.0
3462,bruteforce,bruteforce,0.0,1.0,0.0,0.0
3463,benign,benign,1.0,0.0,0.0,0.0
3464,bruteforce,bruteforce,0.0,1.0,0.0,0.0
3465,benign,benign,0.9799303466075461,0.010069653392453932,0.01,0.0
3466,bruteforce,bruteforce,0.0,1.0,0.0,0.0
3467,benign,benign,1.0,0.0,0.0,0.0
3468,bruteforce,bruteforce,0.0,1.0,0.0,0.0
3469,benign,benign,1.0,0.0,0.0,0.0
3470,recon,recon,0.0,0.0,0.0,1.0
3471,benign,benign,0.9997616436818173,0.0,0.00023835631818266853,0.0
3472,benign,benign,1.0,0.0,0.0,0.0
3473,bruteforce,bruteforce,0.0,1.0,0.0,0.0
3474,benign,benign,1.0,0.0,0.0,0.0
3475,bruteforce,bruteforce,0.0,1.0,0.0,0.0
3476,recon,recon,0.0,0.0,0.0,1.0
3477,benign,benign,1.0,0.0,0.0,0.0
3478,bruteforce,bruteforce,0.0,1.0,0.0,0.0
3479,benign,benign,0.9949889031655181,0.005011096834481953,0.0,0.0
3480,bruteforce,bruteforce,0.0,1.0,0.0,0.0
3481,benign,benign,1.0,0.0,0.0,0.0
3482,bruteforce,bruteforce,0.0,1.0,0.0,0.0
3483,recon,recon,0.0,0.0,0.0,1.0
3484,bruteforce,bruteforce,0.0,1.0,0.0,0.0
3485,recon,recon,0.0,0.0,0.0,1.0
3486,benign,benign,1.0,0.0,0.0,0.0
3487,bruteforce,bruteforce,0.0,1.0,0.0,0.0
3488,bruteforce,bruteforce,0.0,0.9916807088435554,0.008319291156444517,0.0
3489,recon,recon,8.332147627153021e-06,0.0,0.0,0.9999916678523729
3490,benign,benign,1.0,0.0,0.0,0.0
3491,benign,benign,0.995770412124076,0.0,0.0,0.004229587875923988
3492,benign,benign,1.0,0.0,0.0,0.0
3493,bruteforce,bruteforce,0.0,1.0,0.0,0.0
3494,benign,benign,1.0,0.0,0.0,0.0
3495,recon,recon,8.332147627153021e-06,0.0,0.0,0.9999916678523729
3496,bruteforce,bruteforce,0.02,0.98,0.0,0.0
3497,recon,recon,8.332147627153021e-06,0.0,0.0,0.9999916678523729
3498,recon,recon,0.0,0.0,0.0,1.0
3499,recon,recon,0.0,0.0,0.0,1.0
3500,recon,recon,0.0,0.0,0.0,1.0
3501,benign,benign,1.0,0.0,0.0,0.0
3502,benign,benign,1.0,0.0,0.0,0.0
3503,recon,recon,8.332147627153021e-06,0.0,0.0,0.9999916678523729
3504,recon,recon,0.0,0.0,0.0,1.0
3505,benign,benign,1.0,0.0,0.0,0.0
3506,bruteforce,bruteforce,0.0,1.0,0.0,0.0
3507,benign,benign,1.0,0.0,0.0,0.0
3508,bruteforce,bruteforce,0.0,1.0,0.0,0.0
3509,benign,benign,1.0,0.0,0.0,0.0
3510,recon,recon,8.332147627153021e-06,0.0,0.0,0.9999916678523729
3511,benign,benign,1.0,0.0,0.0,0.0
3512,recon,recon,7.143331782842707e-05,0.0,0.0,0.9999285666821716
3513,benign,benign,1.0,0.0,0.0,0.0
3514,benign,benign,1.0,0.0,0.0,0.0
3515,bruteforce,bruteforce,0.0,1.0,0.0,0.0
3516,recon,recon,0.0,0.0,0.0,1.0
3517,recon,recon,8.332147627153021e-06,0.0,0.0,0.9999916678523729
3518,recon,recon,8.332147627153021e-06,0.0,0.0,0.9999916678523729
3519,recon,recon,8.332147627153021e-06,0.0,0.0,0.9999916678523729
3520,benign,benign,1.0,0.0,0.0,0.0
3521,recon,recon,0.0,0.0,0.0,1.0
3522,benign,benign,0.9999597694384428,0.0,0.0,4.023056155712573e-05
3523,recon,recon,0.0,0.0,0.0,1.0
3524,benign,benign,0.9997616436818173,0.0,0.00023835631818266853,0.0
3525,benign,benign,1.0,0.0,0.0,0.0
3526,benign,benign,1.0,0.0,0.0,0.0
3527,benign,benign,0.9950023815194093,0.0,0.0,0.0049976184805906165
3528,recon,recon,7.143331782842707e-05,0.0,0.0,0.9999285666821716
3529,bruteforce,bruteforce,0.0,1.0,0.0,0.0
3530,benign,benign,1.0,0.0,0.0,0.0
3531,recon,recon,0.0,0.0,0.0,1.0
3532,recon,recon,0.0,0.0,0.0,1.0
3533,benign,benign,1.0,0.0,0.0,0.0
3534,bruteforce,bruteforce,0.0,1.0,0.0,0.0
3535,benign,benign,1.0,0.0,0.0,0.0
3536,bruteforce,bruteforce,0.0,1.0,0.0,0.0
3537,benign,benign,1.0,0.0,0.0,0.0
3538,recon,recon,0.0001181873401447448,0.0,0.0,0.9998818126598553
3539,recon,recon,0.0,0.0,0.0,1.0
3540,bruteforce,bruteforce,0.0,1.0,0.0,0.0
3541,bruteforce,bruteforce,0.0,1.0,0.0,0.0
3542,bruteforce,bruteforce,0.0,1.0,0.0,0.0
3543,bruteforce,bruteforce,0.0,1.0,0.0,0.0
3544,bruteforce,bruteforce,0.0,1.0,0.0,0.0
3545,bruteforce,bruteforce,0.0,1.0,0.0,0.0
3546,bruteforce,bruteforce,0.0,1.0,0.0,0.0
3547,benign,benign,0.9999597694384428,0.0,0.0,4.023056155712573e-05
3548,bruteforce,bruteforce,0.005069189828503844,0.9923885169384136,0.002542293233082707,0.0
3549,benign,benign,1.0,0.0,0.0,0.0
3550,recon,recon,0.00028760231668372674,0.0,0.0,0.9997123976833163
3551,recon,recon,0.0,0.0,0.0,1.0
3552,benign,benign,1.0,0.0,0.0,0.0
3553,benign,benign,1.0,0.0,0.0,0.0
3554,bruteforce,bruteforce,0.0,1.0,0.0,0.0
3555,recon,recon,0.0,0.0,0.0,1.0
3556,bruteforce,bruteforce,0.0,1.0,0.0,0.0
3557,benign,benign,1.0,0.0,0.0,0.0
3558,bruteforce,bruteforce,0.0,1.0,0.0,0.0
3559,recon,recon,0.0010918248740798139,0.0,5.766872655310987e-05,0.9988505063993672
3560,benign,benign,1.0,0.0,0.0,0.0
3561,bruteforce,bruteforce,0.0,1.0,0.0,0.0
3562,benign,benign,1.0,0.0,0.0,0.0
3563,bruteforce,bruteforce,0.0,1.0,0.0,0.0
3564,bruteforce,bruteforce,0.0,1.0,0.0,0.0
3565,recon,recon,8.332147627153021e-06,0.0,0.0,0.9999916678523729
3566,benign,benign,1.0,0.0,0.0,0.0
3567,bruteforce,bruteforce,0.0,1.0,0.0,0.0
3568,recon,recon,0.0,0.0,0.0,1.0
3569,recon,recon,8.332147627153021e-06,0.0,0.0,0.9999916678523729
3570,benign,benign,0.9332956430480449,0.0,0.06670435695195502,0.0
3571,benign,benign,1.0,0.0,0.0,0.0
3572,benign,benign,1.0,0.0,0.0,0.0
3573,recon,recon,0.0,0.0,0.0,1.0
3574,bruteforce,bruteforce,0.0,1.0,0.0,0.0
3575,bruteforce,bruteforce,0.0,1.0,0.0,0.0
3576,recon,recon,8.332147627153021e-06,0.0,0.0,0.9999916678523729
3577,bruteforce,bruteforce,0.0,1.0,0.0,0.0
3578,recon,recon,0.0,0.0,0.0,1.0
3579,recon,recon,8.332147627153021e-06,0.0,0.0,0.9999916678523729
3580,recon,recon,0.0,0.0,0.0,1.0
3581,recon,recon,8.332147627153021e-06,0.0,0.0,0.9999916678523729
3582,bruteforce,bruteforce,0.0,1.0,0.0,0.0
3583,benign,benign,1.0,0.0,0.0,0.0
3584,recon,recon,0.0,0.0,0.0,1.0
3585,benign,benign,1.0,0.0,0.0,0.0
3586,bruteforce,bruteforce,0.0,1.0,0.0,0.0
3587,benign,benign,0.9999597694384428,0.0,0.0,4.023056155712573e-05
3588,benign,benign,1.0,0.0,0.0,0.0
3589,benign,benign,0.9949347217285193,0.0,0.0,0.0050652782714807896
3590,benign,benign,1.0,0.0,0.0,0.0
3591,bruteforce,bruteforce,0.0,1.0,0.0,0.0
3592,recon,recon,0.0,0.0,0.0,1.0
3593,benign,benign,0.9967144973875068,0.0,0.003285502612493177,0.0
3594,benign,benign,1.0,0.0,0.0,0.0
3595,recon,recon,0.0,0.0,0.0,1.0
3596,recon,recon,0.0,0.0,0.0,1.0
3597,recon,recon,8.332147627153021e-06,0.0,0.0,0.9999916678523729
3598,recon,recon,0.0,0.0,0.0,1.0
3599,recon,recon,0.0,0.0,0.0,1.0
3600,recon,recon,0.0,0.0,0.0,1.0
3601,recon,recon,0.0,0.0,0.0,1.0
3602,recon,recon,0.0,0.0,0.0,1.0
3603,bruteforce,bruteforce,0.0,1.0,0.0,0.0
3604,benign,benign,1.0,0.0,0.0,0.0
3605,recon,recon,8.332147627153021e-06,0.0,0.0,0.9999916678523729
3606,benign,benign,0.9999597694384428,0.0,0.0,4.023056155712573e-05
3607,benign,benign,1.0,0.0,0.0,0.0
3608,benign,benign,0.9733174235592225,0.01,0.0,0.016682576440777436
3609,benign,benign,0.9949744685904287,0.0,0.00502553140957131,0.0
3610,benign,benign,1.0,0.0,0.0,0.0
3611,recon,recon,0.0,0.0,0.0,1.0
3612,benign,benign,0.9999597694384428,0.0,0.0,4.023056155712573e-05
3613,bruteforce,bruteforce,0.0,1.0,0.0,0.0
3614,bruteforce,bruteforce,0.0,1.0,0.0,0.0
3615,bruteforce,bruteforce,0.0,1.0,0.0,0.0
3616,recon,recon,0.0,0.0,0.0,1.0
3617,benign,benign,0.9740847159345871,0.012511626979110142,0.013403657086302654,0.0
3618,recon,recon,0.0,0.0,0.0,1.0
3619,bruteforce,bruteforce,0.0,1.0,0.0,0.0
3620,recon,recon,8.332147627153021e-06,0.0,0.0,0.9999916678523729
3621,benign,benign,1.0,0.0,0.0,0.0
3622,benign,benign,1.0,0.0,0.0,0.0
3623,recon,recon,8.332147627153021e-06,0.0,0.0,0.9999916678523729
3624,benign,benign,1.0,0.0,0.0,0.0
3625,recon,recon,0.0,0.0,0.0,1.0
3626,recon,recon,0.0,0.0,0.0,1.0
3627,recon,recon,0.0,0.0,0.0,1.0
3628,bruteforce,bruteforce,0.0,1.0,0.0,0.0
3629,benign,benign,1.0,0.0,0.0,0.0
3630,bruteforce,bruteforce,0.0,1.0,0.0,0.0
3631,benign,benign,1.0,0.0,0.0,0.0
3632,benign,benign,1.0,0.0,0.0,0.0
3633,recon,benign,0.5709574782489333,0.07786649791473567,0.11502803164966208,0.23614799218666904
3634,benign,benign,1.0,0.0,0.0,0.0
3635,benign,benign,1.0,0.0,0.0,0.0
3636,bruteforce,bruteforce,0.0,1.0,0.0,0.0
3637,recon,recon,0.0,0.0,0.0,1.0
3638,recon,recon,0.0,0.0,0.0,1.0
3639,benign,benign,1.0,0.0,0.0,0.0
3640,benign,benign,1.0,0.0,0.0,0.0
3641,recon,recon,0.0,0.0,0.0,1.0
3642,benign,benign,1.0,0.0,0.0,0.0
3643,recon,recon,0.0,0.0,0.0,1.0
3644,recon,recon,0.0,0.0,0.0,1.0
3645,bruteforce,bruteforce,0.0,1.0,0.0,0.0
3646,bruteforce,bruteforce,0.0,1.0,0.0,0.0
3647,bruteforce,bruteforce,0.0,1.0,0.0,0.0
3648,bruteforce,bruteforce,0.0,1.0,0.0,0.0
3649,benign,benign,1.0,0.0,0.0,0.0
3650,recon,recon,0.0,0.0,0.0,1.0
3651,benign,benign,1.0,0.0,0.0,0.0
3652,bruteforce,bruteforce,0.0,1.0,0.0,0.0
3653,benign,benign,0.9999597694384428,0.0,0.0,4.023056155712573e-05
3654,benign,benign,0.9999597694384428,0.0,0.0,4.023056155712573e-05
3655,benign,benign,1.0,0.0,0.0,0.0
3656,bruteforce,bruteforce,0.0,1.0,0.0,0.0
3657,bruteforce,bruteforce,0.0,1.0,0.0,0.0
3658,bruteforce,bruteforce,0.0,1.0,0.0,0.0
3659,recon,recon,0.0,0.0,0.0,1.0
3660,recon,recon,0.0001181873401447448,0.0,0.0,0.9998818126598553
3661,bruteforce,bruteforce,0.0,1.0,0.0,0.0
3662,benign,benign,1.0,0.0,0.0,0.0
3663,bruteforce,bruteforce,0.0,1.0,0.0,0.0
3664,benign,benign,1.0,0.0,0.0,0.0
3665,recon,recon,0.0,0.0,0.0,1.0
3666,benign,benign,1.0,0.0,0.0,0.0
3667,recon,recon,8.332147627153021e-06,0.0,0.0,0.9999916678523729
3668,benign,benign,1.0,0.0,0.0,0.0
3669,recon,recon,8.332147627153021e-06,0.0,0.0,0.9999916678523729
3670,benign,benign,1.0,0.0,0.0,0.0
3671,benign,benign,1.0,0.0,0.0,0.0
3672,benign,benign,1.0,0.0,0.0,0.0
3673,bruteforce,bruteforce,0.0,1.0,0.0,0.0
3674,bruteforce,bruteforce,0.0,1.0,0.0,0.0
3675,benign,benign,1.0,0.0,0.0,0.0
3676,recon,recon,0.0,0.0,0.0,1.0
3677,recon,recon,8.332147627153021e-06,0.0,0.0,0.9999916678523729
3678,recon,recon,0.0,0.0,0.0,1.0
3679,benign,benign,1.0,0.0,0.0,0.0
3680,bruteforce,bruteforce,0.0,1.0,0.0,0.0
3681,benign,benign,1.0,0.0,0.0,0.0
3682,bruteforce,bruteforce,0.0,1.0,0.0,0.0
3683,benign,benign,0.97,0.0,0.03,0.0
3684,benign,benign,1.0,0.0,0.0,0.0
3685,recon,recon,0.000535131686623012,0.0,0.0,0.9994648683133769
3686,bruteforce,bruteforce,0.0,1.0,0.0,0.0
3687,bruteforce,bruteforce,0.0,1.0,0.0,0.0
3688,recon,recon,0.0,0.0,0.0,1.0
3689,benign,benign,1.0,0.0,0.0,0.0
3690,benign,benign,1.0,0.0,0.0,0.0
3691,benign,benign,1.0,0.0,0.0,0.0
3692,benign,benign,1.0,0.0,0.0,0.0
3693,benign,benign,0.9997616436818173,0.0,0.00023835631818266853,0.0
3694,bruteforce,bruteforce,0.0,1.0,0.0,0.0
3695,recon,recon,0.0,0.0,0.0,1.0
3696,bruteforce,bruteforce,0.0,1.0,0.0,0.0
3697,benign,benign,1.0,0.0,0.0,0.0
3698,bruteforce,bruteforce,0.005027424436923794,0.9944706134108132,0.0005019621522630156,0.0
3699,recon,recon,0.0,0.0,0.0,1.0
3700,recon,recon,0.0547777922727992,0.0,0.013332272184639872,0.9318899355425608
3701,recon,recon,0.0,0.0,0.0,1.0
3702,bruteforce,bruteforce,0.0,1.0,0.0,0.0
3703,recon,recon,8.332147627153021e-06,0.0,0.0,0.9999916678523729
3704,bruteforce,bruteforce,0.0,1.0,0.0,0.0
3705,benign,benign,0.9924877279102384,0.0,0.007512272089761571,0.0
3706,benign,benign,1.0,0.0,0.0,0.0
3707,benign,benign,0.9974356530028597,0.0025643469971401334,0.0,0.0
3708,bruteforce,bruteforce,0.0,1.0,0.0,0.0
3709,benign,benign,1.0,0.0,0.0,0.0
3710,recon,recon,0.0,0.0,0.0,1.0
3711,bruteforce,bruteforce,0.0,1.0,0.0,0.0
3712,bruteforce,bruteforce,0.0,1.0,0.0,0.0
3713,recon,recon,0.0,0.0,0.0,1.0
3714,benign,benign,1.0,0.0,0.0,0.0
3715,recon,recon,8.332147627153021e-06,0.0,0.0,0.9999916678523729
3716,recon,recon,0.0,0.0,0.0,1.0
3717,bruteforce,bruteforce,0.0,1.0,0.0,0.0
3718,recon,recon,0.0,0.0,0.0,1.0
3719,bruteforce,bruteforce,0.0,1.0,0.0,0.0
3720,bruteforce,bruteforce,0.0,1.0,0.0,0.0
3721,bruteforce,bruteforce,0.0,1.0,0.0,0.0
3722,recon,recon,0.0,0.0,0.0,1.0
3723,benign,benign,0.9999597694384428,0.0,0.0,4.023056155712573e-05
3724,recon,recon,8.332147627153021e-06,0.0,0.0,0.9999916678523729
3725,benign,benign,0.9997616436818173,0.0,0.00023835631818266853,0.0
3726,recon,recon,0.0,0.0,0.0,1.0
3727,bruteforce,bruteforce,0.0,1.0,0.0,0.0
3728,recon,recon,8.332147627153021e-06,0.0,0.0,0.9999916678523729
3729,recon,recon,0.0,0.0,0.0,1.0
3730,benign,benign,1.0,0.0,0.0,0.0
3731,benign,benign,0.909676313666353,0.008307640273023852,0.05097593936050031,0.03104010670012273
3732,bruteforce,bruteforce,0.0,1.0,0.0,0.0
3733,benign,benign,0.9999597694384428,0.0,0.0,4.023056155712573e-05
3734,benign,benign,0.9999597694384428,0.0,0.0,4.023056155712573e-05
3735,benign,benign,0.9500961605305186,0.04164222084114658,0.008261618628334872,0.0
3736,bruteforce,bruteforce,0.0,1.0,0.0,0.0
3737,benign,benign,0.9999597694384428,0.0,0.0,4.023056155712573e-05
3738,benign,benign,1.0,0.0,0.0,0.0
3739,recon,recon,8.332147627153021e-06,0.0,0.0,0.9999916678523729
3740,benign,benign,1.0,0.0,0.0,0.0
3741,benign,benign,0.9997616436818173,0.0,0.00023835631818266853,0.0
3742,benign,benign,1.0,0.0,0.0,0.0
3743,bruteforce,bruteforce,0.0,1.0,0.0,0.0
3744,benign,benign,1.0,0.0,0.0,0.0
3745,bruteforce,bruteforce,0.0,1.0,0.0,0.0
3746,recon,recon,0.0,0.0,0.0,1.0
3747,benign,benign,0.9967046696860846,0.0032953303139153524,0.0,0.0
3748,bruteforce,bruteforce,0.0,1.0,0.0,0.0
3749,benign,benign,1.0,0.0,0.0,0.0
3750,bruteforce,bruteforce,0.0,1.0,0.0,0.0
3751,recon,recon,0.0,0.0,0.0,1.0
3752,benign,benign,1.0,0.0,0.0,0.0
3753,recon,recon,8.332147627153021e-06,0.0,0.0,0.9999916678523729
3754,recon,recon,0.0,0.0,0.0,1.0
3755,bruteforce,bruteforce,0.0,1.0,0.0,0.0
3756,bruteforce,bruteforce,0.0,1.0,0.0,0.0
3757,benign,benign,0.9999597694384428,0.0,0.0,4.023056155712573e-05
3758,bruteforce,bruteforce,0.0,1.0,0.0,0.0
3759,bruteforce,bruteforce,0.0,1.0,0.0,0.0
3760,bruteforce,bruteforce,0.0,1.0,0.0,0.0
3761,benign,benign,1.0,0.0,0.0,0.0
3762,benign,benign,1.0,0.0,0.0,0.0
3763,benign,benign,1.0,0.0,0.0,0.0
3764,benign,benign,1.0,0.0,0.0,0.0
3765,benign,benign,1.0,0.0,0.0,0.0
3766,benign,benign,1.0,0.0,0.0,0.0
3767,recon,recon,0.0,0.0,0.0,1.0
3768,bruteforce,bruteforce,0.0,1.0,0.0,0.0
3769,bruteforce,bruteforce,0.0,1.0,0.0,0.0
3770,bruteforce,bruteforce,0.0,1.0,0.0,0.0
3771,benign,benign,1.0,0.0,0.0,0.0
3772,recon,recon,0.0,0.0,0.0,1.0
3773,bruteforce,bruteforce,0.0,1.0,0.0,0.0
3774,benign,benign,1.0,0.0,0.0,0.0
3775,benign,benign,1.0,0.0,0.0,0.0
3776,recon,recon,7.143331782842707e-05,0.0,0.0,0.9999285666821716
3777,bruteforce,bruteforce,0.01,0.9816714181553623,0.008328581844637735,0.0
3778,recon,recon,0.0,0.0,0.0,1.0
3779,benign,benign,1.0,0.0,0.0,0.0
3780,recon,recon,0.0,0.0,0.0,1.0
3781,benign,benign,0.9999597694384428,0.0,0.0,4.023056155712573e-05
3782,benign,benign,1.0,0.0,0.0,0.0
3783,benign,benign,0.9833307074208286,0.0,0.016669292579171262,0.0
3784,bruteforce,bruteforce,0.0,1.0,0.0,0.0
3785,recon,recon,0.0,0.0,0.0,1.0
3786,bruteforce,bruteforce,0.0,1.0,0.0,0.0
3787,benign,benign,1.0,0.0,0.0,0.0
3788,benign,benign,1.0,0.0,0.0,0.0
3789,recon,recon,0.0,0.0,0.0,1.0
3790,bruteforce,bruteforce,0.0,1.0,0.0,0.0
3791,recon,recon,0.0,0.0,0.0,1.0
3792,benign,benign,1.0,0.0,0.0,0.0
3793,benign,benign,1.0,0.0,0.0,0.0
3794,bruteforce,bruteforce,0.0,1.0,0.0,0.0
3795,bruteforce,bruteforce,0.0,1.0,0.0,0.0
3796,benign,benign,1.0,0.0,0.0,0.0
3797,benign,benign,1.0,0.0,0.0,0.0
3798,recon,recon,7.143331782842707e-05,0.0,0.0,0.9999285666821716
3799,recon,recon,0.0,0.0,0.0,1.0
3800,recon,recon,0.0,0.0,0.0,1.0
3801,benign,benign,1.0,0.0,0.0,0.0
3802,benign,benign,1.0,0.0,0.0,0.0
3803,bruteforce,bruteforce,0.0,1.0,0.0,0.0
3804,recon,recon,0.0,0.0,0.0,1.0
3805,benign,benign,1.0,0.0,0.0,0.0
3806,benign,benign,1.0,0.0,0.0,0.0
3807,benign,benign,1.0,0.0,0.0,0.0
3808,bruteforce,bruteforce,0.0,1.0,0.0,0.0
3809,bruteforce,bruteforce,0.0,1.0,0.0,0.0
3810,benign,benign,1.0,0.0,0.0,0.0
3811,bruteforce,bruteforce,0.0,1.0,0.0,0.0
3812,recon,recon,0.0,0.0,0.0,1.0
3813,recon,recon,0.00028760231668372674,0.0,0.0,0.9997123976833163
3814,recon,recon,0.0,0.0,0.0,1.0
3815,bruteforce,bruteforce,0.0,1.0,0.0,0.0
3816,bruteforce,bruteforce,0.0,1.0,0.0,0.0
3817,recon,recon,0.0,0.0,0.0,1.0
3818,recon,recon,7.143331782842707e-05,0.0,0.0,0.9999285666821716
3819,bruteforce,bruteforce,0.0,1.0,0.0,0.0
3820,bruteforce,bruteforce,0.0,1.0,0.0,0.0
3821,benign,benign,1.0,0.0,0.0,0.0
3822,bruteforce,bruteforce,0.0,1.0,0.0,0.0
3823,bruteforce,bruteforce,0.0,1.0,0.0,0.0
3824,recon,recon,0.0,0.0,0.0,1.0
3825,recon,recon,8.332147627153021e-06,0.0,0.0,0.9999916678523729
3826,benign,benign,1.0,0.0,0.0,0.0
3827,benign,benign,1.0,0.0,0.0,0.0
3828,recon,recon,0.0,0.0,0.0,1.0
3829,recon,recon,0.0,0.0,0.0,1.0
3830,recon,recon,8.332147627153021e-06,0.0,0.0,0.9999916678523729
3831,benign,benign,1.0,0.0,0.0,0.0
3832,benign,benign,0.9999597694384428,0.0,0.0,4.023056155712573e-05
3833,recon,recon,0.000535131686623012,0.0,0.0,0.9994648683133769
3834,recon,recon,8.332147627153021e-06,0.0,0.0,0.9999916678523729
3835,benign,benign,0.9849732051100603,0.0,0.0,0.015026794889939807
3836,recon,recon,0.0,0.0,0.0,1.0
3837,recon,recon,7.143331782842707e-05,0.0,0.0,0.9999285666821716
3838,recon,recon,0.0,0.0,0.0,1.0
3839,bruteforce,bruteforce,0.0,1.0,0.0,0.0
3840,benign,benign,1.0,0.0,0.0,0.0
3841,bruteforce,bruteforce,0.0,1.0,0.0,0.0
3842,recon,recon,0.0,0.0,0.0,1.0
3843,benign,benign,0.9999597694384428,0.0,0.0,4.023056155712573e-05
3844,benign,benign,1.0,0.0,0.0,0.0
3845,recon,recon,0.0,0.0,0.0,1.0
3846,recon,recon,0.0,0.0,0.0,1.0
3847,bruteforce,bruteforce,0.0,1.0,0.0,0.0
3848,bruteforce,bruteforce,0.0,1.0,0.0,0.0
3849,bruteforce,bruteforce,0.0,1.0,0.0,0.0
3850,recon,recon,0.0,0.0,0.0,1.0
3851,recon,recon,8.332147627153021e-06,0.0,0.0,0.9999916678523729
3852,bruteforce,bruteforce,0.0,1.0,0.0,0.0
3853,benign,benign,0.9900078986523633,0.009992101347636671,0.0,0.0
3854,recon,recon,0.0,0.0,0.0,1.0
3855,bruteforce,bruteforce,0.0,1.0,0.0,0.0
3856,benign,benign,0.9999597694384428,0.0,0.0,4.023056155712573e-05
3857,benign,benign,1.0,0.0,0.0,0.0
3858,benign,benign,1.0,0.0,0.0,0.0
3859,recon,recon,0.0,0.0,0.0,1.0
3860,bruteforce,bruteforce,0.0,1.0,0.0,0.0
3861,benign,benign,1.0,0.0,0.0,0.0
3862,bruteforce,bruteforce,0.0,1.0,0.0,0.0
3863,bruteforce,bruteforce,0.0,1.0,0.0,0.0
3864,recon,recon,0.0,0.0,0.0,1.0
3865,benign,benign,0.9999597694384428,0.0,0.0,4.023056155712573e-05
3866,benign,benign,1.0,0.0,0.0,0.0
3867,recon,recon,8.332147627153021e-06,0.0,0.0,0.9999916678523729
3868,recon,recon,8.332147627153021e-06,0.0,0.0,0.9999916678523729
3869,benign,benign,1.0,0.0,0.0,0.0
3870,bruteforce,bruteforce,0.0,1.0,0.0,0.0
3871,benign,benign,1.0,0.0,0.0,0.0
3872,recon,recon,0.0,0.0,0.0,1.0
3873,benign,benign,1.0,0.0,0.0,0.0
3874,bruteforce,bruteforce,0.0,1.0,0.0,0.0
3875,bruteforce,bruteforce,0.0,1.0,0.0,0.0
3876,benign,benign,1.0,0.0,0.0,0.0
3877,bruteforce,bruteforce,0.0,1.0,0.0,0.0
3878,bruteforce,bruteforce,0.0,1.0,0.0,0.0
3879,bruteforce,bruteforce,0.0,1.0,0.0,0.0
3880,bruteforce,bruteforce,0.0,1.0,0.0,0.0
3881,recon,recon,0.0,0.0,0.0,1.0
3882,benign,benign,0.9997616436818173,0.0,0.00023835631818266853,0.0
3883,benign,benign,0.7928724445993613,0.17500701098387472,0.032120544416763847,0.0
3884,recon,recon,8.332147627153021e-06,0.0,0.0,0.9999916678523729
3885,benign,benign,1.0,0.0,0.0,0.0
3886,benign,benign,1.0,0.0,0.0,0.0
3887,benign,benign,1.0,0.0,0.0,0.0
3888,bruteforce,bruteforce,0.0,1.0,0.0,0.0
3889,bruteforce,bruteforce,0.0,1.0,0.0,0.0
3890,bruteforce,bruteforce,0.0,1.0,0.0,0.0
3891,bruteforce,bruteforce,0.0,1.0,0.0,0.0
3892,bruteforce,bruteforce,0.0,1.0,0.0,0.0
3893,bruteforce,bruteforce,0.0,1.0,0.0,0.0
3894,benign,benign,1.0,0.0,0.0,0.0
3895,benign,benign,1.0,0.0,0.0,0.0
3896,recon,recon,0.0,0.0,0.0,1.0
3897,recon,recon,0.0,0.0,0.0,1.0
3898,benign,benign,1.0,0.0,0.0,0.0
3899,bruteforce,bruteforce,0.0,1.0,0.0,0.0
3900,benign,benign,1.0,0.0,0.0,0.0
3901,recon,recon,0.0,0.0,0.0,1.0
3902,recon,recon,0.0,0.0,0.0,1.0
3903,bruteforce,bruteforce,0.0,1.0,0.0,0.0
3904,benign,benign,1.0,0.0,0.0,0.0
3905,recon,recon,0.0,0.0,0.0,1.0
3906,benign,benign,1.0,0.0,0.0,0.0
3907,benign,benign,1.0,0.0,0.0,0.0
3908,bruteforce,bruteforce,0.0,1.0,0.0,0.0
3909,bruteforce,bruteforce,0.0,1.0,0.0,0.0
3910,benign,benign,0.9947722194750018,0.0,0.00023835631818266853,0.004989424206815512
3911,recon,recon,8.332147627153021e-06,0.0,0.0,0.9999916678523729
3912,bruteforce,bruteforce,0.0,1.0,0.0,0.0
3913,benign,benign,1.0,0.0,0.0,0.0
3914,recon,recon,8.332147627153021e-06,0.0,0.0,0.9999916678523729
3915,benign,benign,0.9866111821635556,0.0,0.01338881783644444,0.0
3916,benign,benign,0.9949744685904287,0.0,0.00502553140957131,0.0
3917,recon,recon,0.0,0.0,0.0,1.0
3918,bruteforce,bruteforce,0.0,1.0,0.0,0.0
3919,bruteforce,bruteforce,0.0,1.0,0.0,0.0
3920,bruteforce,bruteforce,0.0,1.0,0.0,0.0
3921,recon,recon,0.0,0.0,0.0,1.0
3922,bruteforce,bruteforce,0.0,1.0,0.0,0.0
3923,benign,benign,1.0,0.0,0.0,0.0
3924,recon,recon,0.0,0.0,0.0,1.0
3925,benign,benign,1.0,0.0,0.0,0.0
3926,bruteforce,bruteforce,0.0,1.0,0.0,0.0
3927,bruteforce,bruteforce,0.0,1.0,0.0,0.0
3928,recon,recon,8.332147627153021e-06,0.0,0.0,0.9999916678523729
3929,benign,benign,1.0,0.0,0.0,0.0
3930,benign,benign,1.0,0.0,0.0,0.0
3931,benign,benign,1.0,0.0,0.0,0.0
3932,recon,recon,0.0,0.0,5.766872655310987e-05,0.999942331273447
3933,bruteforce,bruteforce,0.0,1.0,0.0,0.0
3934,bruteforce,bruteforce,0.0,1.0,0.0,0.0
3935,recon,recon,8.332147627153021e-06,0.0,0.0,0.9999916678523729
3936,benign,benign,1.0,0.0,0.0,0.0
3937,benign,benign,1.0,0.0,0.0,0.0
3938,benign,benign,0.9999597694384428,0.0,0.0,4.023056155712573e-05
3939,bruteforce,bruteforce,0.0,1.0,0.0,0.0
3940,recon,recon,8.332147627153021e-06,0.0,5.766872655310987e-05,0.9999339991258198
3941,benign,benign,0.99,0.01,0.0,0.0
3942,bruteforce,bruteforce,0.0,0.99,0.01,0.0
3943,benign,benign,1.0,0.0,0.0,0.0
3944,bruteforce,bruteforce,0.0,1.0,0.0,0.0
3945,benign,benign,1.0,0.0,0.0,0.0
3946,recon,recon,0.0,0.0,0.0,1.0
3947,benign,benign,1.0,0.0,0.0,0.0
3948,recon,recon,8.332147627153021e-06,0.0,0.0,0.9999916678523729
3949,bruteforce,bruteforce,0.0,1.0,0.0,0.0
3950,bruteforce,bruteforce,0.0,1.0,0.0,0.0
3951,benign,benign,0.9999597694384428,0.0,0.0,4.023056155712573e-05
3952,recon,recon,0.0001181873401447448,0.0,0.0,0.9998818126598553
3953,recon,recon,0.000535131686623012,0.0,0.0,0.9994648683133769
3954,benign,benign,1.0,0.0,0.0,0.0
3955,recon,recon,0.000535131686623012,0.0,0.0,0.9994648683133769
3956,benign,benign,1.0,0.0,0.0,0.0
3957,benign,benign,1.0,0.0,0.0,0.0
3958,benign,benign,1.0,0.0,0.0,0.0
3959,benign,benign,0.958360779547036,0.01,0.01,0.021639220452963986
3960,bruteforce,bruteforce,0.0,1.0,0.0,0.0
3961,recon,recon,8.332147627153021e-06,0.0,0.0,0.9999916678523729
3962,recon,recon,0.0,0.0,0.0,1.0
3963,recon,recon,0.0,0.0,0.0,1.0
3964,recon,recon,8.332147627153021e-06,0.0,0.0,0.9999916678523729
3965,benign,benign,0.9999597694384428,0.0,0.0,4.023056155712573e-05
3966,benign,benign,1.0,0.0,0.0,0.0
3967,benign,benign,1.0,0.0,0.0,0.0
3968,bruteforce,bruteforce,0.0,1.0,0.0,0.0
3969,benign,benign,0.9999597694384428,0.0,0.0,4.023056155712573e-05
3970,benign,benign,1.0,0.0,0.0,0.0
3971,recon,recon,0.0,0.0,0.0,1.0
3972,bruteforce,bruteforce,0.0,1.0,0.0,0.0
3973,benign,benign,1.0,0.0,0.0,0.0
3974,recon,recon,0.0,0.0,0.0,1.0
3975,recon,recon,0.0,0.0,0.0,1.0
3976,recon,recon,0.0,0.0,0.0,1.0
3977,recon,recon,0.0,0.0,0.0,1.0
3978,benign,benign,1.0,0.0,0.0,0.0
3979,bruteforce,bruteforce,0.0,1.0,0.0,0.0
3980,recon,recon,8.332147627153021e-06,0.0,0.0,0.9999916678523729
3981,bruteforce,bruteforce,0.0,1.0,0.0,0.0
3982,benign,benign,0.9599360924378272,0.015013355011032398,0.02,0.005050552551140372
3983,recon,recon,0.0,0.0,0.0,1.0
3984,benign,benign,1.0,0.0,0.0,0.0
3985,recon,recon,0.0,0.0,5.766872655310987e-05,0.999942331273447
3986,recon,recon,0.0,0.0,5.766872655310987e-05,0.999942331273447
3987,recon,recon,0.0,0.0,5.766872655310987e-05,0.999942331273447
3988,benign,benign,0.995919186129818,0.004080813870181974,0.0,0.0
3989,benign,benign,1.0,0.0,0.0,0.0
3990,bruteforce,bruteforce,0.02747669694072658,0.9125233030592734,0.06,0.0
3991,benign,benign,1.0,0.0,0.0,0.0
3992,benign,benign,1.0,0.0,0.0,0.0
3993,benign,benign,1.0,0.0,0.0,0.0
3994,benign,benign,1.0,0.0,0.0,0.0
3995,benign,benign,1.0,0.0,0.0,0.0
3996,benign,benign,1.0,0.0,0.0,0.0
3997,benign,benign,1.0,0.0,0.0,0.0
3998,bruteforce,bruteforce,0.0,1.0,0.0,0.0
3999,bruteforce,bruteforce,0.0,1.0,0.0,0.0
4000,recon,recon,0.00028760231668372674,0.0,0.0,0.9997123976833163
4001,benign,benign,1.0,0.0,0.0,0.0
4002,benign,benign,0.9866968812413581,0.0,0.013303118758641881,0.0
4003,benign,benign,1.0,0.0,0.0,0.0
4004,bruteforce,bruteforce,0.0,1.0,0.0,0.0
4005,bruteforce,bruteforce,0.0,1.0,0.0,0.0
4006,benign,benign,1.0,0.0,0.0,0.0
4007,benign,benign,1.0,0.0,0.0,0.0
4008,bruteforce,bruteforce,0.0,1.0,0.0,0.0
4009,recon,recon,0.0,0.0,0.0,1.0
4010,benign,benign,1.0,0.0,0.0,0.0
4011,bruteforce,bruteforce,0.0,1.0,0.0,0.0
4012,bruteforce,bruteforce,0.0,1.0,0.0,0.0
4013,benign,benign,1.0,0.0,0.0,0.0
4014,bruteforce,bruteforce,0.0,1.0,0.0,0.0
4015,bruteforce,bruteforce,0.0,1.0,0.0,0.0
4016,bruteforce,bruteforce,0.0,1.0,0.0,0.0
4017,benign,benign,1.0,0.0,0.0,0.0
4018,benign,benign,1.0,0.0,0.0,0.0
4019,bruteforce,bruteforce,0.0,1.0,0.0,0.0
4020,benign,benign,1.0,0.0,0.0,0.0
4021,bruteforce,bruteforce,0.0,1.0,0.0,0.0
4022,bruteforce,bruteforce,0.0,1.0,0.0,0.0
4023,bruteforce,bruteforce,0.0,1.0,0.0,0.0
4024,bruteforce,bruteforce,0.0,1.0,0.0,0.0
4025,benign,benign,1.0,0.0,0.0,0.0
4026,bruteforce,bruteforce,0.0,1.0,0.0,0.0
4027,bruteforce,bruteforce,0.0,1.0,0.0,0.0
4028,benign,benign,0.9999597694384428,0.0,0.0,4.023056155712573e-05
4029,recon,recon,0.0,0.0,0.0,1.0
4030,recon,recon,8.332147627153021e-06,0.0,0.0,0.9999916678523729
4031,bruteforce,bruteforce,0.0,1.0,0.0,0.0
4032,recon,recon,8.332147627153021e-06,0.0,0.0,0.9999916678523729
4033,bruteforce,bruteforce,0.0,1.0,0.0,0.0
4034,benign,benign,1.0,0.0,0.0,0.0
4035,bruteforce,bruteforce,0.0,1.0,0.0,0.0
4036,benign,benign,1.0,0.0,0.0,0.0
4037,recon,recon,0.0,0.0,0.0,1.0
4038,bruteforce,bruteforce,0.0,1.0,0.0,0.0
4039,benign,benign,1.0,0.0,0.0,0.0
4040,bruteforce,bruteforce,0.0,1.0,0.0,0.0
4041,bruteforce,bruteforce,0.0,1.0,0.0,0.0
4042,benign,benign,0.9920993056216213,0.005377963053721841,0.0025227313246568017,0.0
4043,recon,recon,0.0,0.0,0.0,1.0
4044,recon,recon,8.332147627153021e-06,0.0,0.0,0.9999916678523729
4045,recon,recon,0.0,0.0,0.0,1.0
4046,recon,recon,0.0,0.0,0.0,1.0
4047,recon,recon,8.332147627153021e-06,0.0,0.0,0.9999916678523729
4048,benign,benign,1.0,0.0,0.0,0.0
4049,bruteforce,bruteforce,0.0,1.0,0.0,0.0
4050,recon,recon,8.332147627153021e-06,0.0,0.0,0.9999916678523729
4051,recon,recon,0.0,0.0,0.0,1.0
4052,bruteforce,bruteforce,0.0,1.0,0.0,0.0
4053,recon,recon,0.0,0.0,0.0,1.0
4054,recon,recon,8.332147627153021e-06,0.0,0.0,0.9999916678523729
4055,benign,benign,1.0,0.0,0.0,0.0
4056,recon,recon,8.332147627153021e-06,0.0,0.0,0.9999916678523729
4057,benign,benign,1.0,0.0,0.0,0.0
4058,benign,benign,1.0,0.0,0.0,0.0
4059,recon,recon,8.332147627153021e-06,0.0,5.766872655310987e-05,0.9999339991258198
4060,benign,benign,0.9997616436818173,0.0,0.00023835631818266853,0.0
4061,benign,benign,1.0,0.0,0.0,0.0
4062,recon,recon,0.0,0.0,0.0,1.0
4063,benign,benign,1.0,0.0,0.0,0.0
4064,recon,recon,8.332147627153021e-06,0.0,0.0,0.9999916678523729
4065,recon,recon,8.332147627153021e-06,0.0,0.0,0.9999916678523729
4066,bruteforce,bruteforce,0.0,1.0,0.0,0.0
4067,benign,benign,1.0,0.0,0.0,0.0
4068,recon,recon,0.0,0.0,0.0,1.0
4069,recon,recon,0.0,0.0,0.0,1.0
4070,benign,benign,1.0,0.0,0.0,0.0
4071,benign,benign,1.0,0.0,0.0,0.0
4072,bruteforce,bruteforce,0.0,1.0,0.0,0.0
4073,benign,benign,1.0,0.0,0.0,0.0
4074,benign,benign,1.0,0.0,0.0,0.0
4075,recon,recon,0.0,0.0,0.0,1.0
4076,benign,benign,1.0,0.0,0.0,0.0
4077,bruteforce,bruteforce,0.0,1.0,0.0,0.0
4078,benign,benign,1.0,0.0,0.0,0.0
4079,recon,recon,0.0,0.0,5.766872655310987e-05,0.999942331273447
4080,recon,recon,0.0,0.0,0.0,1.0
4081,recon,recon,0.0,0.0,0.0,1.0
4082,recon,recon,0.0,0.0,0.0,1.0
4083,recon,recon,0.0,0.0,0.0,1.0
4084,benign,benign,0.99,0.0,0.01,0.0
4085,bruteforce,bruteforce,0.0,1.0,0.0,0.0
4086,benign,benign,1.0,0.0,0.0,0.0
4087,benign,benign,1.0,0.0,0.0,0.0
4088,benign,benign,1.0,0.0,0.0,0.0
4089,benign,benign,1.0,0.0,0.0,0.0
4090,benign,benign,1.0,0.0,0.0,0.0
4091,bruteforce,bruteforce,0.0,1.0,0.0,0.0
4092,recon,recon,0.0,0.0,0.0,1.0
4093,benign,benign,1.0,0.0,0.0,0.0
4094,bruteforce,bruteforce,0.0,1.0,0.0,0.0
4095,benign,benign,1.0,0.0,0.0,0.0
4096,recon,recon,8.332147627153021e-06,0.0,0.0,0.9999916678523729
4097,benign,benign,0.9948830642224881,0.0,0.0,0.00511693577751181
4098,benign,benign,0.9999597694384428,0.0,0.0,4.023056155712573e-05
4099,benign,benign,1.0,0.0,0.0,0.0
4100,benign,benign,1.0,0.0,0.0,0.0
4101,bruteforce,bruteforce,0.0,1.0,0.0,0.0
4102,benign,benign,1.0,0.0,0.0,0.0
4103,benign,benign,1.0,0.0,0.0,0.0
4104,recon,recon,0.0,0.0,0.0,1.0
4105,recon,recon,8.332147627153021e-06,0.0,0.0,0.9999916678523729
4106,benign,benign,0.9999597694384428,0.0,0.0,4.023056155712573e-05
4107,bruteforce,bruteforce,0.007436543654365437,0.9925634563456346,0.0,0.0
4108,bruteforce,bruteforce,0.0,1.0,0.0,0.0
4109,bruteforce,bruteforce,0.0,1.0,0.0,0.0
4110,benign,benign,1.0,0.0,0.0,0.0
4111,bruteforce,bruteforce,0.0,1.0,0.0,0.0
4112,bruteforce,bruteforce,0.0,1.0,0.0,0.0
4113,benign,benign,1.0,0.0,0.0,0.0
4114,benign,benign,1.0,0.0,0.0,0.0
4115,benign,benign,1.0,0.0,0.0,0.0
4116,benign,benign,0.9999597694384428,0.0,0.0,4.023056155712573e-05
4117,benign,benign,1.0,0.0,0.0,0.0
4118,benign,benign,1.0,0.0,0.0,0.0
4119,recon,recon,0.0,0.0,0.0,1.0
4120,benign,benign,1.0,0.0,0.0,0.0
4121,benign,benign,0.9999597694384428,0.0,0.0,4.023056155712573e-05
4122,benign,benign,1.0,0.0,0.0,0.0
4123,benign,benign,1.0,0.0,0.0,0.0
4124,bruteforce,bruteforce,0.0,1.0,0.0,0.0
4125,bruteforce,bruteforce,0.0,1.0,0.0,0.0
4126,benign,benign,1.0,0.0,0.0,0.0
4127,bruteforce,bruteforce,0.0,1.0,0.0,0.0
4128,recon,recon,8.332147627153021e-06,0.0,0.0,0.9999916678523729
4129,bruteforce,bruteforce,0.0,1.0,0.0,0.0
4130,bruteforce,bruteforce,0.0,1.0,0.0,0.0
4131,benign,benign,1.0,0.0,0.0,0.0
4132,benign,benign,1.0,0.0,0.0,0.0
4133,bruteforce,bruteforce,0.0,1.0,0.0,0.0
4134,recon,recon,0.0,0.0,0.0,1.0
4135,bruteforce,bruteforce,0.0,1.0,0.0,0.0
4136,benign,benign,1.0,0.0,0.0,0.0
4137,recon,recon,0.0,0.0,0.0,1.0
4138,recon,recon,0.0,0.0,0.0,1.0
4139,benign,benign,1.0,0.0,0.0,0.0
4140,benign,benign,1.0,0.0,0.0,0.0
4141,bruteforce,bruteforce,0.0,1.0,0.0,0.0
4142,bruteforce,bruteforce,0.0,1.0,0.0,0.0
4143,recon,recon,8.332147627153021e-06,0.0,0.0,0.9999916678523729
4144,bruteforce,bruteforce,0.0,0.9949138030776351,0.005086196922364919,0.0
4145,benign,benign,1.0,0.0,0.0,0.0
4146,recon,recon,0.0,0.0,0.0,1.0
4147,bruteforce,bruteforce,0.0,1.0,0.0,0.0
4148,benign,benign,1.0,0.0,0.0,0.0
4149,bruteforce,bruteforce,0.0,1.0,0.0,0.0
4150,benign,benign,1.0,0.0,0.0,0.0
4151,recon,recon,8.332147627153021e-06,0.0,0.0,0.9999916678523729
4152,bruteforce,bruteforce,0.0,1.0,0.0,0.0
4153,recon,recon,0.0,0.0,0.0,1.0
4154,bruteforce,bruteforce,0.0,1.0,0.0,0.0
4155,benign,benign,0.9799127271129793,0.01008727288702077,0.01,0.0
4156,benign,benign,1.0,0.0,0.0,0.0
4157,benign,benign,1.0,0.0,0.0,0.0
4158,bruteforce,bruteforce,0.0,1.0,0.0,0.0
4159,benign,benign,0.9999597694384428,0.0,0.0,4.023056155712573e-05
4160,recon,recon,0.0,0.0,0.0,1.0
4161,recon,recon,0.0,0.0,0.0,1.0
4162,recon,recon,0.0,0.0,0.0,1.0
4163,recon,recon,0.0,0.0,0.0,1.0
4164,bruteforce,bruteforce,0.0,1.0,0.0,0.0
4165,bruteforce,bruteforce,0.0,1.0,0.0,0.0
4166,recon,recon,0.0,0.0,0.0,1.0
4167,benign,benign,0.9950556401546211,0.0,0.0,0.004944359845378939
4168,bruteforce,bruteforce,0.0,1.0,0.0,0.0
4169,recon,recon,0.0,0.0,0.0,1.0
4170,recon,recon,8.332147627153021e-06,0.0,0.0,0.9999916678523729
4171,benign,benign,1.0,0.0,0.0,0.0
4172,recon,recon,0.0,0.0,0.0,1.0
4173,benign,benign,1.0,0.0,0.0,0.0
4174,recon,recon,0.0,0.0,0.0,1.0
4175,bruteforce,bruteforce,0.0,1.0,0.0,0.0
4176,recon,recon,8.332147627153021e-06,0.0,0.0,0.9999916678523729
4177,benign,benign,1.0,0.0,0.0,0.0
4178,recon,recon,8.332147627153021e-06,0.0,0.0,0.9999916678523729
4179,bruteforce,bruteforce,0.0,1.0,0.0,0.0
4180,bruteforce,bruteforce,0.0,1.0,0.0,0.0
4181,recon,recon,0.0,0.0,0.0,1.0
4182,recon,recon,0.0,0.0,0.0,1.0
4183,benign,benign,1.0,0.0,0.0,0.0
4184,benign,benign,1.0,0.0,0.0,0.0
4185,benign,benign,0.9997616436818173,0.0,0.00023835631818266853,0.0
4186,recon,recon,0.0,0.0,0.0,1.0
4187,recon,recon,0.0,0.0,0.0,1.0
4188,bruteforce,bruteforce,0.02747669694072658,0.9125233030592734,0.06,0.0
4189,benign,benign,1.0,0.0,0.0,0.0
4190,recon,recon,8.332147627153021e-06,0.0,5.766872655310987e-05,0.9999339991258198
4191,benign,benign,1.0,0.0,0.0,0.0
4192,benign,benign,1.0,0.0,0.0,0.0
4193,benign,benign,1.0,0.0,0.0,0.0
4194,benign,benign,1.0,0.0,0.0,0.0
4195,benign,benign,1.0,0.0,0.0,0.0
4196,bruteforce,bruteforce,0.0,1.0,0.0,0.0
4197,benign,benign,1.0,0.0,0.0,0.0
4198,bruteforce,bruteforce,0.0,1.0,0.0,0.0
4199,recon,recon,0.0,0.0,0.0,1.0
4200,recon,recon,8.332147627153021e-06,0.0,0.0,0.9999916678523729
4201,benign,benign,0.9999597694384428,0.0,0.0,4.023056155712573e-05
4202,benign,benign,1.0,0.0,0.0,0.0
4203,recon,recon,8.332147627153021e-06,0.0,0.0,0.9999916678523729
4204,recon,recon,8.332147627153021e-06,0.0,0.0,0.9999916678523729
4205,bruteforce,bruteforce,0.0,1.0,0.0,0.0
4206,benign,benign,1.0,0.0,0.0,0.0
4207,bruteforce,bruteforce,0.0,1.0,0.0,0.0
4208,benign,benign,1.0,0.0,0.0,0.0
4209,bruteforce,bruteforce,0.0,1.0,0.0,0.0
4210,recon,recon,8.332147627153021e-06,0.0,0.0,0.9999916678523729
4211,bruteforce,bruteforce,0.0,1.0,0.0,0.0
4212,benign,benign,1.0,0.0,0.0,0.0
4213,bruteforce,bruteforce,0.0,1.0,0.0,0.0
4214,benign,benign,0.99,0.01,0.0,0.0
4215,benign,benign,1.0,0.0,0.0,0.0
4216,benign,benign,0.9997616436818173,0.0,0.00023835631818266853,0.0
4217,bruteforce,bruteforce,0.0,1.0,0.0,0.0
4218,benign,benign,0.9999597694384428,0.0,0.0,4.023056155712573e-05
4219,benign,benign,1.0,0.0,0.0,0.0
4220,bruteforce,bruteforce,0.0,1.0,0.0,0.0
4221,bruteforce,bruteforce,0.0,1.0,0.0,0.0
4222,benign,benign,1.0,0.0,0.0,0.0
4223,recon,recon,0.0,0.0,0.0,1.0
4224,benign,benign,1.0,0.0,0.0,0.0
4225,benign,benign,1.0,0.0,0.0,0.0
4226,benign,benign,0.9997616436818173,0.0,0.00023835631818266853,0.0
4227,benign,benign,1.0,0.0,0.0,0.0
4228,benign,benign,1.0,0.0,0.0,0.0
4229,recon,recon,0.0,0.0,0.0,1.0
4230,bruteforce,bruteforce,0.0,1.0,0.0,0.0
4231,bruteforce,bruteforce,0.0,1.0,0.0,0.0
4232,bruteforce,bruteforce,0.0,1.0,0.0,0.0
4233,benign,benign,1.0,0.0,0.0,0.0
4234,benign,benign,1.0,0.0,0.0,0.0
4235,benign,benign,1.0,0.0,0.0,0.0
4236,bruteforce,bruteforce,0.0,1.0,0.0,0.0
4237,benign,benign,0.9997616436818173,0.0,0.00023835631818266853,0.0
4238,benign,benign,1.0,0.0,0.0,0.0
4239,recon,recon,0.0,0.0,0.0,1.0
4240,benign,benign,1.0,0.0,0.0,0.0
4241,bruteforce,bruteforce,0.0,1.0,0.0,0.0
4242,bruteforce,bruteforce,0.0,1.0,0.0,0.0
4243,benign,benign,1.0,0.0,0.0,0.0
4244,bruteforce,bruteforce,0.0,0.9990261172373767,0.0009738827626233313,0.0
4245,benign,benign,0.9999597694384428,0.0,0.0,4.023056155712573e-05
4246,benign,benign,1.0,0.0,0.0,0.0
4247,benign,benign,0.9747909934447059,0.0,0.0,0.025209006555294122
4248,recon,recon,0.0,0.0,0.0,1.0
4249,recon,recon,8.332147627153021e-06,0.0,0.0,0.9999916678523729
4250,benign,benign,0.9999597694384428,0.0,0.0,4.023056155712573e-05
4251,benign,benign,0.9999597694384428,0.0,0.0,4.023056155712573e-05
4252,recon,recon,0.0,0.0,0.0,1.0
4253,recon,recon,8.332147627153021e-06,0.0,0.0,0.9999916678523729
4254,bruteforce,bruteforce,0.0,1.0,0.0,0.0
4255,recon,recon,0.0,0.0,0.0,1.0
4256,recon,recon,0.0,0.0,0.0,1.0
4257,benign,benign,0.9999597694384428,0.0,0.0,4.023056155712573e-05
4258,benign,benign,0.9999597694384428,0.0,0.0,4.023056155712573e-05
4259,recon,recon,0.0,0.0,0.0,1.0
4260,recon,recon,0.000535131686623012,0.0,0.0,0.9994648683133769
4261,benign,benign,1.0,0.0,0.0,0.0
4262,benign,benign,1.0,0.0,0.0,0.0
4263,recon,recon,0.0,0.0,0.0,1.0
4264,benign,benign,0.9997616436818173,0.0,0.00023835631818266853,0.0
4265,bruteforce,bruteforce,0.0,1.0,0.0,0.0
4266,benign,benign,1.0,0.0,0.0,0.0
4267,benign,benign,1.0,0.0,0.0,0.0
4268,recon,recon,0.0,0.0,0.0,1.0
4269,bruteforce,bruteforce,0.0,1.0,0.0,0.0
4270,benign,benign,1.0,0.0,0.0,0.0
4271,benign,benign,1.0,0.0,0.0,0.0
4272,benign,benign,1.0,0.0,0.0,0.0
4273,benign,benign,1.0,0.0,0.0,0.0
4274,benign,benign,1.0,0.0,0.0,0.0
4275,bruteforce,bruteforce,0.0,1.0,0.0,0.0
4276,benign,benign,1.0,0.0,0.0,0.0
4277,bruteforce,bruteforce,0.0,1.0,0.0,0.0
4278,benign,benign,1.0,0.0,0.0,0.0
4279,benign,benign,1.0,0.0,0.0,0.0
4280,benign,benign,1.0,0.0,0.0,0.0
4281,bruteforce,bruteforce,0.0,1.0,0.0,0.0
4282,recon,recon,0.0,0.0,0.0,1.0
4283,benign,benign,1.0,0.0,0.0,0.0
4284,benign,benign,1.0,0.0,0.0,0.0
4285,bruteforce,bruteforce,0.0,1.0,0.0,0.0
4286,bruteforce,bruteforce,0.0,1.0,0.0,0.0
4287,bruteforce,bruteforce,0.0,1.0,0.0,0.0
4288,recon,recon,0.0,0.0,0.0,1.0
4289,recon,recon,0.0,0.0,0.0,1.0
4290,benign,benign,1.0,0.0,0.0,0.0
4291,recon,recon,0.0,0.0,0.0,1.0
4292,recon,recon,0.0,0.0,0.0,1.0
4293,recon,recon,0.0,0.0,0.0,1.0
4294,benign,benign,1.0,0.0,0.0,0.0
4295,benign,benign,1.0,0.0,0.0,0.0
4296,recon,recon,0.0,0.0,0.0,1.0
4297,bruteforce,bruteforce,0.0,1.0,0.0,0.0
4298,benign,benign,1.0,0.0,0.0,0.0
4299,recon,recon,0.0,0.0,0.0,1.0
4300,benign,benign,1.0,0.0,0.0,0.0
4301,benign,benign,1.0,0.0,0.0,0.0
4302,recon,recon,8.332147627153021e-06,0.0,0.0,0.9999916678523729
4303,recon,recon,8.332147627153021e-06,0.0,0.0,0.9999916678523729
4304,benign,benign,0.9665392020116851,0.015063968364735985,0.015016389604308124,0.0033804400192709166
4305,bruteforce,bruteforce,0.0,1.0,0.0,0.0
4306,benign,benign,1.0,0.0,0.0,0.0
4307,benign,benign,1.0,0.0,0.0,0.0
4308,benign,benign,1.0,0.0,0.0,0.0
4309,recon,recon,8.332147627153021e-06,0.0,0.0,0.9999916678523729
4310,benign,benign,0.9917141788269075,0.0,0.0,0.008285821173092504
4311,recon,recon,0.0,0.0,0.0,1.0
4312,benign,benign,0.9999597694384428,0.0,0.0,4.023056155712573e-05
4313,recon,recon,8.332147627153021e-06,0.0,0.0,0.9999916678523729
4314,benign,benign,1.0,0.0,0.0,0.0
4315,benign,benign,1.0,0.0,0.0,0.0
4316,benign,benign,0.9999597694384428,0.0,0.0,4.023056155712573e-05
4317,recon,recon,0.0,0.0,5.766872655310987e-05,0.999942331273447
4318,benign,benign,1.0,0.0,0.0,0.0
4319,benign,benign,0.9999597694384428,0.0,0.0,4.023056155712573e-05
4320,recon,recon,8.332147627153021e-06,0.0,0.0,0.9999916678523729
4321,benign,benign,1.0,0.0,0.0,0.0
4322,bruteforce,bruteforce,0.0,1.0,0.0,0.0
4323,recon,recon,0.0,0.0,0.0,1.0
4324,benign,benign,1.0,0.0,0.0,0.0
4325,bruteforce,bruteforce,0.0,1.0,0.0,0.0
4326,recon,recon,0.0,0.0,0.0,1.0
4327,bruteforce,bruteforce,0.0,1.0,0.0,0.0
4328,recon,recon,8.332147627153021e-06,0.0,0.0,0.9999916678523729
4329,benign,benign,1.0,0.0,0.0,0.0
4330,benign,benign,1.0,0.0,0.0,0.0
4331,recon,recon,0.0,0.0,0.0,1.0
4332,benign,benign,1.0,0.0,0.0,0.0
4333,benign,benign,1.0,0.0,0.0,0.0
4334,benign,benign,1.0,0.0,0.0,0.0
4335,benign,benign,1.0,0.0,0.0,0.0
4336,benign,benign,1.0,0.0,0.0,0.0
4337,benign,benign,0.9999597694384428,0.0,0.0,4.023056155712573e-05
4338,recon,recon,8.332147627153021e-06,0.0,0.0,0.9999916678523729
4339,recon,recon,0.0,0.0,0.0,1.0
4340,benign,benign,1.0,0.0,0.0,0.0
4341,bruteforce,bruteforce,0.0,1.0,0.0,0.0
4342,bruteforce,bruteforce,0.0,1.0,0.0,0.0
4343,benign,benign,1.0,0.0,0.0,0.0
4344,benign,benign,0.9999597694384428,0.0,0.0,4.023056155712573e-05
4345,bruteforce,bruteforce,0.0,1.0,0.0,0.0
4346,bruteforce,bruteforce,0.0,1.0,0.0,0.0
4347,bruteforce,bruteforce,0.0,1.0,0.0,0.0
4348,bruteforce,bruteforce,0.0,1.0,0.0,0.0
4349,recon,recon,0.0,0.0,0.0,1.0
4350,benign,benign,1.0,0.0,0.0,0.0
4351,benign,benign,1.0,0.0,0.0,0.0
4352,recon,recon,8.332147627153021e-06,0.0,0.0,0.9999916678523729
4353,recon,recon,0.0,0.0,0.0,1.0
4354,benign,benign,1.0,0.0,0.0,0.0
4355,recon,recon,0.0,0.0,0.0,1.0
4356,benign,benign,1.0,0.0,0.0,0.0
4357,recon,recon,0.0,0.0,0.0,1.0
4358,bruteforce,bruteforce,0.0,1.0,0.0,0.0
4359,benign,benign,1.0,0.0,0.0,0.0
4360,bruteforce,bruteforce,0.0,1.0,0.0,0.0
4361,benign,benign,1.0,0.0,0.0,0.0
4362,benign,benign,1.0,0.0,0.0,0.0
4363,bruteforce,bruteforce,0.0,1.0,0.0,0.0
4364,recon,recon,0.0,0.0,0.0,1.0
4365,recon,recon,0.0,0.0,0.0,1.0
4366,bruteforce,bruteforce,0.0,1.0,0.0,0.0
4367,benign,benign,1.0,0.0,0.0,0.0
4368,benign,benign,1.0,0.0,0.0,0.0
4369,benign,benign,1.0,0.0,0.0,0.0
4370,benign,benign,1.0,0.0,0.0,0.0
4371,bruteforce,bruteforce,0.0,1.0,0.0,0.0
4372,recon,recon,0.0,0.0,0.0,1.0
4373,recon,recon,0.0,0.0,0.0,1.0
4374,benign,benign,1.0,0.0,0.0,0.0
4375,benign,benign,1.0,0.0,0.0,0.0
4376,bruteforce,bruteforce,0.0,1.0,0.0,0.0
4377,recon,recon,0.0,0.0,0.0,1.0
4378,benign,benign,1.0,0.0,0.0,0.0
4379,bruteforce,bruteforce,0.0,1.0,0.0,0.0
4380,benign,benign,1.0,0.0,0.0,0.0
4381,benign,benign,1.0,0.0,0.0,0.0
4382,benign,benign,0.9999597694384428,0.0,0.0,4.023056155712573e-05
4383,benign,benign,1.0,0.0,0.0,0.0
4384,recon,recon,0.0,0.0,0.0,1.0
4385,recon,recon,0.0,0.0,0.0,1.0
4386,bruteforce,bruteforce,0.0,1.0,0.0,0.0
4387,benign,benign,1.0,0.0,0.0,0.0
4388,bruteforce,bruteforce,0.0,1.0,0.0,0.0
4389,bruteforce,bruteforce,0.0,1.0,0.0,0.0
4390,bruteforce,bruteforce,0.0,1.0,0.0,0.0
4391,bruteforce,bruteforce,0.0,1.0,0.0,0.0
4392,recon,recon,0.0,0.0,0.0,1.0
4393,recon,recon,0.0,0.0,0.0,1.0
4394,recon,recon,0.0,0.0,0.0,1.0
4395,bruteforce,bruteforce,0.013368052856587643,0.9708560104720217,0.015775936671390517,0.0
4396,benign,benign,0.9999597694384428,0.0,0.0,4.023056155712573e-05
4397,recon,recon,0.0,0.0,0.0,1.0
4398,recon,recon,8.332147627153021e-06,0.0,0.0,0.9999916678523729
4399,bruteforce,bruteforce,0.0,1.0,0.0,0.0
4400,recon,recon,0.0,0.0,0.0,1.0
4401,benign,benign,1.0,0.0,0.0,0.0
4402,recon,recon,0.0,0.0,0.0,1.0
4403,bruteforce,bruteforce,0.0,1.0,0.0,0.0
4404,recon,recon,0.0,0.0,0.0,1.0
4405,recon,recon,0.0,0.0,0.0,1.0
4406,recon,recon,7.143331782842707e-05,0.0,0.0,0.9999285666821716
4407,recon,recon,0.0,0.0,0.0,1.0
4408,benign,benign,1.0,0.0,0.0,0.0
4409,bruteforce,bruteforce,0.006727886351149831,0.9932721136488502,0.0,0.0
4410,bruteforce,bruteforce,0.0,1.0,0.0,0.0
4411,benign,benign,0.9999597694384428,0.0,0.0,4.023056155712573e-05
4412,recon,recon,0.0,0.0,0.0,1.0
4413,benign,benign,1.0,0.0,0.0,0.0
4414,recon,recon,0.0,0.0,0.0,1.0
4415,bruteforce,bruteforce,0.0,1.0,0.0,0.0
4416,benign,benign,1.0,0.0,0.0,0.0
4417,recon,recon,8.332147627153021e-06,0.0,0.0,0.9999916678523729
4418,benign,benign,0.9999597694384428,0.0,0.0,4.023056155712573e-05
4419,benign,benign,0.9950800565104779,0.0,0.004919943489522015,0.0
4420,bruteforce,bruteforce,0.0,1.0,0.0,0.0
4421,benign,benign,1.0,0.0,0.0,0.0
4422,recon,recon,0.0,0.0,0.0,1.0
4423,recon,recon,0.0,0.0,0.0,1.0
4424,recon,recon,8.332147627153021e-06,0.0,0.0,0.9999916678523729
4425,bruteforce,bruteforce,0.0,1.0,0.0,0.0
4426,recon,recon,8.332147627153021e-06,0.0,0.0,0.9999916678523729
4427,benign,benign,1.0,0.0,0.0,0.0
4428,benign,benign,1.0,0.0,0.0,0.0
4429,benign,benign,1.0,0.0,0.0,0.0
4430,benign,benign,1.0,0.0,0.0,0.0
4431,bruteforce,bruteforce,0.0,1.0,0.0,0.0
4432,benign,benign,0.9999597694384428,0.0,0.0,4.023056155712573e-05
4433,recon,recon,0.0,0.0,0.0,1.0
4434,benign,benign,1.0,0.0,0.0,0.0
4435,benign,benign,1.0,0.0,0.0,0.0
4436,benign,benign,1.0,0.0,0.0,0.0
4437,recon,recon,0.0,0.0,0.0,1.0
4438,bruteforce,bruteforce,0.0,1.0,0.0,0.0
4439,recon,recon,0.0,0.0,0.0,1.0
4440,benign,benign,1.0,0.0,0.0,0.0
4441,benign,benign,0.9999597694384428,0.0,0.0,4.023056155712573e-05
4442,recon,recon,0.0,0.0,0.0,1.0
4443,recon,recon,0.0,0.0,0.0,1.0
4444,bruteforce,bruteforce,0.0,1.0,0.0,0.0
4445,benign,benign,1.0,0.0,0.0,0.0
4446,bruteforce,bruteforce,0.0,1.0,0.0,0.0
4447,benign,benign,1.0,0.0,0.0,0.0
4448,benign,benign,1.0,0.0,0.0,0.0
4449,bruteforce,bruteforce,0.0,0.99,0.01,0.0
4450,bruteforce,bruteforce,0.0,1.0,0.0,0.0
4451,bruteforce,bruteforce,0.0,1.0,0.0,0.0
4452,recon,recon,8.332147627153021e-06,0.0,0.0,0.9999916678523729
4453,bruteforce,bruteforce,0.0,1.0,0.0,0.0
4454,benign,benign,0.9997616436818173,0.0,0.00023835631818266853,0.0
4455,benign,benign,1.0,0.0,0.0,0.0
4456,benign,benign,1.0,0.0,0.0,0.0
4457,bruteforce,bruteforce,0.0,1.0,0.0,0.0
4458,recon,recon,0.0,0.0,0.0,1.0
4459,recon,recon,0.0,0.0,0.0,1.0
4460,recon,recon,0.0,0.0,0.0,1.0
4461,benign,benign,1.0,0.0,0.0,0.0
4462,recon,recon,0.000535131686623012,0.0,0.0,0.9994648683133769
4463,benign,benign,0.9999597694384428,0.0,0.0,4.023056155712573e-05
4464,recon,recon,8.332147627153021e-06,0.0,0.0,0.9999916678523729
4465,benign,benign,1.0,0.0,0.0,0.0
4466,bruteforce,bruteforce,0.0,1.0,0.0,0.0
4467,benign,benign,1.0,0.0,0.0,0.0
4468,benign,benign,1.0,0.0,0.0,0.0
4469,recon,recon,0.0,0.0,0.0,1.0
4470,benign,benign,0.9999597694384428,0.0,0.0,4.023056155712573e-05
4471,bruteforce,bruteforce,0.0,1.0,0.0,0.0
4472,recon,recon,0.0,0.0,0.0,1.0
4473,benign,benign,1.0,0.0,0.0,0.0
4474,bruteforce,bruteforce,0.0,1.0,0.0,0.0
4475,benign,benign,1.0,0.0,0.0,0.0
4476,benign,benign,1.0,0.0,0.0,0.0
4477,bruteforce,bruteforce,0.0,1.0,0.0,0.0
4478,benign,benign,1.0,0.0,0.0,0.0
4479,benign,benign,0.9999597694384428,0.0,0.0,4.023056155712573e-05
4480,benign,benign,1.0,0.0,0.0,0.0
4481,bruteforce,bruteforce,0.0,1.0,0.0,0.0
4482,benign,benign,0.9949776101814755,0.0,0.0,0.005022389818524629
4483,recon,recon,0.0,0.0,0.0,1.0
4484,bruteforce,bruteforce,0.0,1.0,0.0,0.0
4485,recon,recon,0.0,0.0,0.0,1.0
4486,benign,benign,1.0,0.0,0.0,0.0
4487,benign,benign,1.0,0.0,0.0,0.0
4488,benign,benign,1.0,0.0,0.0,0.0
4489,benign,benign,0.984998842860449,0.01,0.005001157139551029,0.0
4490,benign,benign,1.0,0.0,0.0,0.0
4491,bruteforce,bruteforce,0.0,1.0,0.0,0.0
4492,benign,benign,1.0,0.0,0.0,0.0
4493,bruteforce,bruteforce,0.0,1.0,0.0,0.0
4494,benign,benign,1.0,0.0,0.0,0.0
4495,benign,benign,1.0,0.0,0.0,0.0
4496,bruteforce,bruteforce,0.0,1.0,0.0,0.0
4497,recon,recon,0.0,0.0,0.0,1.0
4498,benign,benign,1.0,0.0,0.0,0.0
4499,recon,recon,0.001163258191908241,0.0,5.766872655310987e-05,0.9987790730815388
4500,recon,recon,0.0,0.0,0.0,1.0
4501,recon,recon,0.0,0.0,0.0,1.0
4502,benign,benign,0.9997616436818173,0.0,0.00023835631818266853,0.0
4503,recon,recon,0.0,0.0,0.0,1.0
4504,recon,recon,8.332147627153021e-06,0.0,0.0,0.9999916678523729
4505,recon,recon,0.0,0.0,0.0,1.0
4506,benign,benign,1.0,0.0,0.0,0.0
4507,bruteforce,bruteforce,0.0,1.0,0.0,0.0
4508,benign,benign,1.0,0.0,0.0,0.0
4509,recon,recon,0.0,0.0,0.0,1.0
4510,bruteforce,bruteforce,0.0,1.0,0.0,0.0
4511,recon,recon,8.332147627153021e-06,0.0,0.0,0.9999916678523729
4512,recon,recon,0.0,0.0,0.0,1.0
4513,recon,recon,8.332147627153021e-06,0.0,0.0,0.9999916678523729
4514,benign,benign,1.0,0.0,0.0,0.0
4515,bruteforce,bruteforce,0.0,1.0,0.0,0.0
4516,bruteforce,bruteforce,0.0,1.0,0.0,0.0
4517,bruteforce,bruteforce,0.0,1.0,0.0,0.0
4518,bruteforce,bruteforce,0.0,1.0,0.0,0.0
4519,benign,benign,0.9949057270798963,0.0,0.0,0.005094272920103699
4520,recon,recon,0.0,0.0,0.0,1.0
4521,benign,benign,1.0,0.0,0.0,0.0
4522,bruteforce,bruteforce,0.0,1.0,0.0,0.0
4523,bruteforce,bruteforce,0.0,1.0,0.0,0.0
4524,benign,benign,1.0,0.0,0.0,0.0
4525,bruteforce,bruteforce,0.0,1.0,0.0,0.0
4526,recon,recon,0.0,0.0,0.0,1.0
4527,bruteforce,bruteforce,0.0,1.0,0.0,0.0
4528,benign,benign,1.0,0.0,0.0,0.0
4529,bruteforce,bruteforce,0.0,1.0,0.0,0.0
4530,bruteforce,bruteforce,0.0,1.0,0.0,0.0
4531,bruteforce,bruteforce,0.0,1.0,0.0,0.0
4532,bruteforce,bruteforce,0.0,1.0,0.0,0.0
4533,bruteforce,bruteforce,0.0,1.0,0.0,0.0
4534,benign,benign,0.9999597694384428,0.0,0.0,4.023056155712573e-05
4535,recon,recon,0.0,0.0,0.0,1.0
4536,recon,recon,0.0,0.0,0.0,1.0
4537,benign,benign,1.0,0.0,0.0,0.0
4538,bruteforce,bruteforce,0.022379354621438332,0.9776206453785616,0.0,0.0
4539,recon,recon,8.332147627153021e-06,0.0,0.0,0.9999916678523729
4540,recon,recon,0.0,0.0,0.0,1.0
4541,benign,benign,1.0,0.0,0.0,0.0
4542,bruteforce,bruteforce,0.0,1.0,0.0,0.0
4543,benign,benign,0.9999597694384428,0.0,0.0,4.023056155712573e-05
4544,benign,benign,0.9967046696860846,0.0032953303139153524,0.0,0.0
4545,recon,recon,8.332147627153021e-06,0.0,0.0,0.9999916678523729
4546,benign,benign,1.0,0.0,0.0,0.0
4547,bruteforce,bruteforce,0.0,1.0,0.0,0.0
4548,bruteforce,bruteforce,0.0,1.0,0.0,0.0
4549,benign,benign,1.0,0.0,0.0,0.0
4550,benign,benign,0.9533871478315922,0.04,0.006612852168407723,0.0
4551,bruteforce,bruteforce,0.0,1.0,0.0,0.0
4552,bruteforce,bruteforce,0.0,1.0,0.0,0.0
4553,benign,benign,1.0,0.0,0.0,0.0
4554,recon,recon,0.0,0.0,0.0,1.0
4555,recon,recon,8.332147627153021e-06,0.0,0.0,0.9999916678523729
4556,benign,benign,1.0,0.0,0.0,0.0
4557,benign,benign,1.0,0.0,0.0,0.0
4558,recon,recon,0.0,0.0,0.0,1.0
4559,benign,benign,0.9989891234804863,0.0,0.0010108765195137555,0.0
4560,benign,benign,1.0,0.0,0.0,0.0
4561,benign,benign,1.0,0.0,0.0,0.0
4562,bruteforce,bruteforce,0.0,1.0,0.0,0.0
4563,benign,benign,1.0,0.0,0.0,0.0
4564,bruteforce,bruteforce,0.0,1.0,0.0,0.0
4565,recon,recon,0.000535131686623012,0.0,0.0,0.9994648683133769
4566,benign,benign,0.9997616436818173,0.0,0.00023835631818266853,0.0
4567,benign,benign,1.0,0.0,0.0,0.0
4568,recon,recon,0.0,0.0,0.0,1.0
4569,recon,recon,8.332147627153021e-06,0.0,0.0,0.9999916678523729
4570,benign,benign,0.9833307074208286,0.0,0.016669292579171262,0.0
4571,recon,recon,0.00028760231668372674,0.0,0.0,0.9997123976833163
4572,benign,benign,1.0,0.0,0.0,0.0
4573,bruteforce,bruteforce,0.0,1.0,0.0,0.0
4574,benign,benign,1.0,0.0,0.0,0.0
4575,benign,benign,1.0,0.0,0.0,0.0
4576,recon,recon,8.332147627153021e-06,0.0,0.0,0.9999916678523729
4577,benign,benign,1.0,0.0,0.0,0.0
4578,recon,recon,0.0,0.0,0.0,1.0
4579,benign,benign,1.0,0.0,0.0,0.0
4580,bruteforce,bruteforce,0.0,1.0,0.0,0.0
4581,benign,benign,1.0,0.0,0.0,0.0
4582,benign,benign,1.0,0.0,0.0,0.0
4583,benign,benign,0.9999597694384428,0.0,0.0,4.023056155712573e-05
4584,recon,recon,8.332147627153021e-06,0.0,0.0,0.9999916678523729
4585,recon,recon,8.332147627153021e-06,0.0,0.0,0.9999916678523729
4586,benign,benign,1.0,0.0,0.0,0.0
4587,benign,benign,1.0,0.0,0.0,0.0
4588,benign,benign,0.9999597694384428,0.0,0.0,4.023056155712573e-05
4589,benign,benign,1.0,0.0,0.0,0.0
4590,benign,benign,1.0,0.0,0.0,0.0
4591,bruteforce,bruteforce,0.0,1.0,0.0,0.0
4592,bruteforce,bruteforce,0.0,1.0,0.0,0.0
4593,recon,recon,0.0,0.0,0.0,1.0
4594,recon,recon,0.00028760231668372674,0.0,0.0,0.9997123976833163
4595,recon,recon,0.0,0.0,0.0,1.0
4596,benign,benign,0.9999597694384428,0.0,0.0,4.023056155712573e-05
4597,bruteforce,bruteforce,0.0,1.0,0.0,0.0
4598,benign,benign,1.0,0.0,0.0,0.0
4599,bruteforce,bruteforce,0.0,1.0,0.0,0.0
4600,benign,benign,1.0,0.0,0.0,0.0
4601,benign,benign,1.0,0.0,0.0,0.0
4602,benign,benign,1.0,0.0,0.0,0.0
4603,bruteforce,bruteforce,0.0,1.0,0.0,0.0
4604,bruteforce,bruteforce,0.0,1.0,0.0,0.0
4605,recon,recon,0.0,0.0,0.0,1.0
4606,recon,recon,0.0,0.0,0.0,1.0
4607,recon,recon,0.00028760231668372674,0.0,0.0,0.9997123976833163
4608,benign,benign,1.0,0.0,0.0,0.0
4609,bruteforce,bruteforce,0.0,1.0,0.0,0.0
4610,benign,benign,0.9950473186119874,0.0,0.0,0.004952681388012619
4611,benign,benign,1.0,0.0,0.0,0.0
4612,benign,benign,1.0,0.0,0.0,0.0
4613,bruteforce,bruteforce,0.0,1.0,0.0,0.0
4614,recon,recon,0.0,0.0,0.0,1.0
4615,recon,recon,8.332147627153021e-06,0.0,0.0,0.9999916678523729
4616,recon,recon,8.332147627153021e-06,0.0,0.0,0.9999916678523729
4617,benign,benign,0.9999597694384428,0.0,0.0,4.023056155712573e-05
4618,benign,benign,1.0,0.0,0.0,0.0
4619,bruteforce,bruteforce,0.0,1.0,0.0,0.0
4620,benign,benign,1.0,0.0,0.0,0.0
4621,benign,benign,1.0,0.0,0.0,0.0
4622,recon,recon,0.0,0.0,0.0,1.0
4623,bruteforce,bruteforce,0.0,1.0,0.0,0.0
4624,benign,benign,0.9999597694384428,0.0,0.0,4.023056155712573e-05
4625,benign,benign,1.0,0.0,0.0,0.0
4626,benign,benign,1.0,0.0,0.0,0.0
4627,benign,benign,1.0,0.0,0.0,0.0
4628,benign,benign,1.0,0.0,0.0,0.0
4629,benign,benign,0.9799303466075461,0.010069653392453932,0.01,0.0
4630,bruteforce,bruteforce,0.0,1.0,0.0,0.0
4631,benign,benign,1.0,0.0,0.0,0.0
4632,recon,recon,8.332147627153021e-06,0.0,0.0,0.9999916678523729
4633,benign,benign,1.0,0.0,0.0,0.0
4634,benign,benign,1.0,0.0,0.0,0.0
4635,benign,benign,1.0,0.0,0.0,0.0
4636,benign,benign,1.0,0.0,0.0,0.0
4637,recon,recon,8.332147627153021e-06,0.0,0.0,0.9999916678523729
4638,benign,benign,1.0,0.0,0.0,0.0
4639,benign,benign,1.0,0.0,0.0,0.0
4640,recon,recon,0.0,0.0,0.0,1.0
4641,benign,benign,1.0,0.0,0.0,0.0
4642,benign,benign,1.0,0.0,0.0,0.0
4643,benign,benign,1.0,0.0,0.0,0.0
4644,benign,benign,1.0,0.0,0.0,0.0
4645,benign,benign,1.0,0.0,0.0,0.0
4646,recon,recon,0.0,0.0,0.0,1.0
4647,recon,recon,0.0,0.0,0.0,1.0
4648,benign,benign,1.0,0.0,0.0,0.0
4649,bruteforce,bruteforce,0.0,1.0,0.0,0.0
4650,benign,benign,1.0,0.0,0.0,0.0
4651,benign,benign,1.0,0.0,0.0,0.0
4652,bruteforce,bruteforce,0.0,1.0,0.0,0.0
4653,benign,benign,1.0,0.0,0.0,0.0
4654,recon,recon,8.332147627153021e-06,0.0,0.0,0.9999916678523729
4655,recon,recon,0.0,0.0,0.0,1.0
4656,benign,benign,1.0,0.0,0.0,0.0
4657,benign,benign,1.0,0.0,0.0,0.0
4658,bruteforce,bruteforce,0.0,1.0,0.0,0.0
4659,benign,benign,1.0,0.0,0.0,0.0
4660,bruteforce,bruteforce,0.0,1.0,0.0,0.0
4661,recon,recon,8.332147627153021e-06,0.0,5.766872655310987e-05,0.9999339991258198
4662,benign,benign,1.0,0.0,0.0,0.0
4663,benign,benign,1.0,0.0,0.0,0.0
4664,benign,benign,1.0,0.0,0.0,0.0
4665,bruteforce,bruteforce,0.0,1.0,0.0,0.0
4666,bruteforce,bruteforce,0.0,1.0,0.0,0.0
4667,recon,recon,0.0,0.0,0.0,1.0
4668,bruteforce,bruteforce,0.0,1.0,0.0,0.0
4669,bruteforce,bruteforce,0.0,1.0,0.0,0.0
4670,benign,benign,0.9999597694384428,0.0,0.0,4.023056155712573e-05
4671,recon,recon,0.0,0.0,0.0,1.0
4672,recon,recon,0.0,0.0,0.0,1.0
4673,recon,recon,0.0,0.0,0.0,1.0
4674,benign,benign,1.0,0.0,0.0,0.0
4675,benign,benign,1.0,0.0,0.0,0.0
4676,bruteforce,bruteforce,0.0,1.0,0.0,0.0
4677,recon,recon,0.0,0.0,5.766872655310987e-05,0.999942331273447
4678,recon,recon,0.0,0.0,0.0,1.0
4679,benign,benign,0.9997616436818173,0.0,0.00023835631818266853,0.0
4680,benign,benign,1.0,0.0,0.0,0.0
4681,bruteforce,bruteforce,0.0,1.0,0.0,0.0
4682,benign,benign,1.0,0.0,0.0,0.0
4683,benign,benign,1.0,0.0,0.0,0.0
4684,benign,benign,1.0,0.0,0.0,0.0
4685,benign,benign,1.0,0.0,0.0,0.0
4686,bruteforce,bruteforce,0.0,1.0,0.0,0.0
4687,benign,benign,1.0,0.0,0.0,0.0
4688,benign,benign,1.0,0.0,0.0,0.0
4689,recon,recon,0.0,0.0,0.0,1.0
4690,bruteforce,bruteforce,0.0,1.0,0.0,0.0
4691,bruteforce,bruteforce,0.0,1.0,0.0,0.0
4692,recon,recon,0.0,0.0,0.0,1.0
4693,recon,recon,0.0,0.0,0.0,1.0
4694,bruteforce,bruteforce,0.0,1.0,0.0,0.0
4695,recon,recon,8.332147627153021e-06,0.0,0.0,0.9999916678523729
4696,benign,benign,0.995919186129818,0.004080813870181974,0.0,0.0
4697,benign,benign,1.0,0.0,0.0,0.0
4698,recon,recon,0.0,0.0,0.0,1.0
4699,bruteforce,bruteforce,0.0,1.0,0.0,0.0
4700,benign,benign,1.0,0.0,0.0,0.0
4701,bruteforce,bruteforce,0.0,1.0,0.0,0.0
4702,recon,recon,0.0,0.0,0.0,1.0
4703,bruteforce,bruteforce,0.0,1.0,0.0,0.0
4704,benign,benign,1.0,0.0,0.0,0.0
4705,benign,benign,1.0,0.0,0.0,0.0
4706,benign,benign,1.0,0.0,0.0,0.0
4707,bruteforce,bruteforce,0.0,1.0,0.0,0.0
4708,recon,recon,0.0,0.0,0.0,1.0
4709,benign,benign,1.0,0.0,0.0,0.0
4710,benign,benign,1.0,0.0,0.0,0.0
4711,recon,recon,0.0,0.0,0.0,1.0
4712,bruteforce,bruteforce,0.0,1.0,0.0,0.0
4713,bruteforce,bruteforce,0.006759823979001004,0.993240176020999,0.0,0.0
4714,recon,recon,0.0,0.0,0.0,1.0
4715,recon,recon,0.0,0.0,0.0,1.0
4716,recon,recon,0.0,0.0,0.0,1.0
4717,bruteforce,bruteforce,0.0,1.0,0.0,0.0
4718,benign,benign,1.0,0.0,0.0,0.0
4719,benign,benign,0.9999597694384428,0.0,0.0,4.023056155712573e-05
4720,recon,recon,0.0,0.0,0.0,1.0
4721,benign,benign,1.0,0.0,0.0,0.0
4722,recon,recon,0.0,0.0,0.0,1.0
4723,benign,benign,1.0,0.0,0.0,0.0
4724,benign,benign,1.0,0.0,0.0,0.0
4725,benign,benign,1.0,0.0,0.0,0.0
4726,benign,benign,1.0,0.0,0.0,0.0
4727,benign,benign,1.0,0.0,0.0,0.0
4728,benign,benign,1.0,0.0,0.0,0.0
4729,recon,recon,8.332147627153021e-06,0.0,0.0,0.9999916678523729
4730,recon,recon,0.0,0.0,0.0,1.0
4731,benign,benign,0.9997616436818173,0.0,0.00023835631818266853,0.0
4732,benign,benign,1.0,0.0,0.0,0.0
4733,bruteforce,bruteforce,0.0,1.0,0.0,0.0
4734,benign,benign,1.0,0.0,0.0,0.0
4735,benign,benign,1.0,0.0,0.0,0.0
4736,benign,benign,1.0,0.0,0.0,0.0
4737,bruteforce,bruteforce,0.0,1.0,0.0,0.0
4738,bruteforce,bruteforce,0.0,1.0,0.0,0.0
4739,recon,recon,8.332147627153021e-06,0.0,0.0,0.9999916678523729
4740,benign,benign,1.0,0.0,0.0,0.0
4741,bruteforce,bruteforce,0.01,0.99,0.0,0.0
4742,benign,benign,1.0,0.0,0.0,0.0
4743,recon,recon,7.143331782842707e-05,0.0,0.0,0.9999285666821716
4744,benign,benign,1.0,0.0,0.0,0.0
4745,benign,benign,1.0,0.0,0.0,0.0
4746,bruteforce,bruteforce,0.0,1.0,0.0,0.0
4747,benign,benign,1.0,0.0,0.0,0.0
4748,recon,recon,0.0,0.0,0.0,1.0
4749,recon,recon,0.0,0.0,0.0,1.0
4750,bruteforce,bruteforce,0.0,1.0,0.0,0.0
4751,recon,recon,0.0,0.0,0.0,1.0
4752,benign,benign,1.0,0.0,0.0,0.0
4753,bruteforce,bruteforce,0.0,1.0,0.0,0.0
4754,recon,recon,0.0,0.0,0.0,1.0
4755,recon,recon,8.332147627153021e-06,0.0,0.0,0.9999916678523729
4756,recon,recon,7.143331782842707e-05,0.0,0.0,0.9999285666821716
4757,benign,benign,1.0,0.0,0.0,0.0
4758,benign,benign,1.0,0.0,0.0,0.0
4759,benign,benign,0.9999597694384428,0.0,0.0,4.023056155712573e-05
4760,benign,benign,1.0,0.0,0.0,0.0
4761,bruteforce,bruteforce,0.0,1.0,0.0,0.0
4762,bruteforce,bruteforce,0.0,1.0,0.0,0.0
4763,bruteforce,bruteforce,0.0,1.0,0.0,0.0
4764,bruteforce,bruteforce,0.0,1.0,0.0,0.0
4765,recon,recon,8.332147627153021e-06,0.0,0.0,0.9999916678523729
4766,bruteforce,bruteforce,0.0,1.0,0.0,0.0
4767,bruteforce,bruteforce,0.0,1.0,0.0,0.0
4768,benign,benign,1.0,0.0,0.0,0.0
4769,benign,benign,0.825919186129818,0.160797601965051,0.013283211905130987,0.0
4770,recon,recon,0.0,0.0,0.0,1.0
4771,bruteforce,bruteforce,0.0,1.0,0.0,0.0
4772,recon,recon,0.0,0.0,0.0,1.0
4773,recon,recon,0.0,0.0,0.0,1.0
4774,benign,benign,1.0,0.0,0.0,0.0
4775,bruteforce,bruteforce,0.0,1.0,0.0,0.0
4776,bruteforce,bruteforce,0.0,1.0,0.0,0.0
4777,benign,benign,1.0,0.0,0.0,0.0
4778,recon,recon,0.0,0.0,0.0,1.0
4779,bruteforce,bruteforce,0.0,1.0,0.0,0.0
4780,bruteforce,bruteforce,0.0,1.0,0.0,0.0
4781,benign,benign,1.0,0.0,0.0,0.0
4782,recon,recon,8.332147627153021e-06,0.0,0.0,0.9999916678523729
4783,bruteforce,bruteforce,0.0,1.0,0.0,0.0
4784,benign,benign,1.0,0.0,0.0,0.0
4785,recon,recon,0.0,0.0,0.0,1.0
4786,bruteforce,bruteforce,0.0,1.0,0.0,0.0
4787,bruteforce,bruteforce,0.0,1.0,0.0,0.0
4788,benign,benign,1.0,0.0,0.0,0.0
4789,bruteforce,bruteforce,0.0,1.0,0.0,0.0
4790,benign,benign,1.0,0.0,0.0,0.0
4791,benign,benign,1.0,0.0,0.0,0.0
4792,benign,benign,1.0,0.0,0.0,0.0
4793,recon,recon,0.0,0.0,0.0,1.0
4794,recon,recon,8.332147627153021e-06,0.0,0.0,0.9999916678523729
4795,recon,recon,0.0,0.0,0.0,1.0
4796,bruteforce,bruteforce,0.0,1.0,0.0,0.0
4797,benign,benign,1.0,0.0,0.0,0.0
4798,recon,recon,0.0001181873401447448,0.0,0.0,0.9998818126598553
4799,benign,benign,0.9640847159345871,0.022511626979110144,0.013403657086302654,0.0
4800,recon,recon,0.0,0.0,0.0,1.0
4801,recon,recon,0.0,0.0,0.0,1.0
4802,bruteforce,bruteforce,0.0,1.0,0.0,0.0
4803,recon,recon,0.0,0.0,0.0,1.0
4804,recon,recon,0.0,0.0,0.0,1.0
4805,bruteforce,bruteforce,0.0,1.0,0.0,0.0
4806,bruteforce,bruteforce,0.0,1.0,0.0,0.0
4807,bruteforce,bruteforce,0.0,1.0,0.0,0.0
4808,recon,recon,8.332147627153021e-06,0.0,0.0,0.9999916678523729
4809,recon,recon,0.0,0.0,0.0,1.0
4810,benign,benign,1.0,0.0,0.0,0.0
4811,recon,recon,7.143331782842707e-05,0.0,0.0,0.9999285666821716
4812,recon,recon,8.332147627153021e-06,0.0,0.0,0.9999916678523729
4813,bruteforce,bruteforce,0.0,1.0,0.0,0.0
4814,benign,benign,1.0,0.0,0.0,0.0
4815,benign,benign,1.0,0.0,0.0,0.0
4816,recon,recon,0.0,0.0,0.0,1.0
4817,benign,benign,0.9999597694384428,0.0,0.0,4.023056155712573e-05
4818,benign,benign,0.9999597694384428,0.0,0.0,4.023056155712573e-05
4819,recon,recon,7.143331782842707e-05,0.0,0.0,0.9999285666821716
4820,recon,recon,0.0,0.0,0.0,1.0
4821,benign,benign,1.0,0.0,0.0,0.0
4822,benign,benign,1.0,0.0,0.0,0.0
4823,recon,recon,0.000535131686623012,0.0,0.0,0.9994648683133769
4824,benign,benign,1.0,0.0,0.0,0.0
4825,benign,benign,1.0,0.0,0.0,0.0
4826,bruteforce,bruteforce,0.0,1.0,0.0,0.0
4827,bruteforce,bruteforce,0.0,1.0,0.0,0.0
4828,recon,recon,8.332147627153021e-06,0.0,0.0,0.9999916678523729
4829,recon,recon,7.143331782842707e-05,0.0,0.0,0.9999285666821716
4830,recon,recon,0.0,0.0,0.0,1.0
4831,recon,recon,8.332147627153021e-06,0.0,0.0,0.9999916678523729
4832,recon,recon,0.0,0.0,0.0,1.0
4833,bruteforce,bruteforce,0.0,1.0,0.0,0.0
4834,benign,benign,0.9997616436818173,0.0,0.00023835631818266853,0.0
4835,recon,recon,0.0,0.0,0.0,1.0
4836,bruteforce,bruteforce,0.0,1.0,0.0,0.0
4837,recon,recon,8.332147627153021e-06,0.0,0.0,0.9999916678523729
4838,recon,recon,0.0,0.0,0.0,1.0
4839,bruteforce,bruteforce,0.0,1.0,0.0,0.0
4840,recon,recon,0.0,0.0,0.0,1.0
4841,benign,benign,1.0,0.0,0.0,0.0
4842,benign,benign,1.0,0.0,0.0,0.0
4843,benign,benign,1.0,0.0,0.0,0.0
4844,recon,recon,0.0,0.0,0.0,1.0
4845,bruteforce,bruteforce,0.0,1.0,0.0,0.0
4846,recon,recon,8.332147627153021e-06,0.0,0.0,0.9999916678523729
4847,benign,benign,1.0,0.0,0.0,0.0
4848,benign,benign,1.0,0.0,0.0,0.0
4849,bruteforce,bruteforce,0.0,1.0,0.0,0.0
4850,recon,recon,0.0,0.0,0.0,1.0
4851,benign,benign,1.0,0.0,0.0,0.0
4852,benign,benign,1.0,0.0,0.0,0.0
4853,benign,benign,1.0,0.0,0.0,0.0
4854,recon,recon,8.332147627153021e-06,0.0,0.0,0.9999916678523729
4855,recon,recon,8.332147627153021e-06,0.0,0.0,0.9999916678523729
4856,benign,benign,0.9999597694384428,0.0,0.0,4.023056155712573e-05
4857,bruteforce,bruteforce,0.0,1.0,0.0,0.0
4858,bruteforce,bruteforce,0.0,1.0,0.0,0.0
4859,recon,recon,8.332147627153021e-06,0.0,0.0,0.9999916678523729
4860,benign,benign,1.0,0.0,0.0,0.0
4861,bruteforce,bruteforce,0.0,1.0,0.0,0.0
4862,recon,recon,0.00028760231668372674,0.0,0.0,0.9997123976833163
4863,benign,benign,1.0,0.0,0.0,0.0
4864,benign,benign,1.0,0.0,0.0,0.0
4865,benign,benign,0.9999597694384428,0.0,0.0,4.023056155712573e-05
4866,benign,benign,1.0,0.0,0.0,0.0
4867,benign,benign,1.0,0.0,0.0,0.0
4868,bruteforce,bruteforce,0.0,1.0,0.0,0.0
4869,benign,benign,0.9999597694384428,0.0,0.0,4.023056155712573e-05
4870,bruteforce,bruteforce,0.0,1.0,0.0,0.0
4871,recon,recon,8.332147627153021e-06,0.0,0.0,0.9999916678523729
4872,benign,benign,0.9997616436818173,0.0,0.00023835631818266853,0.0
4873,benign,benign,0.9967144973875068,0.0,0.003285502612493177,0.0
4874,benign,benign,1.0,0.0,0.0,0.0
4875,recon,recon,0.00028760231668372674,0.0,0.0,0.9997123976833163
4876,bruteforce,bruteforce,0.0,1.0,0.0,0.0
4877,recon,recon,8.332147627153021e-06,0.0,0.0,0.9999916678523729
4878,benign,benign,0.9999597694384428,0.0,0.0,4.023056155712573e-05
4879,benign,benign,0.9999597694384428,0.0,0.0,4.023056155712573e-05
4880,benign,benign,1.0,0.0,0.0,0.0
4881,bruteforce,bruteforce,0.0,1.0,0.0,0.0
4882,bruteforce,bruteforce,0.0,1.0,0.0,0.0
4883,benign,benign,1.0,0.0,0.0,0.0
4884,benign,benign,1.0,0.0,0.0,0.0
4885,bruteforce,bruteforce,0.0,1.0,0.0,0.0
4886,benign,benign,0.9999597694384428,0.0,0.0,4.023056155712573e-05
4887,recon,recon,0.0,0.0,0.0,1.0
4888,benign,benign,0.9999597694384428,0.0,0.0,4.023056155712573e-05
4889,bruteforce,bruteforce,0.0,1.0,0.0,0.0
4890,recon,recon,8.332147627153021e-06,0.0,0.0,0.9999916678523729
4891,benign,benign,1.0,0.0,0.0,0.0
4892,recon,recon,8.332147627153021e-06,0.0,0.0,0.9999916678523729
4893,bruteforce,bruteforce,0.0,1.0,0.0,0.0
4894,benign,benign,0.9999597694384428,0.0,0.0,4.023056155712573e-05
4895,recon,recon,0.0,0.0,0.0,1.0
4896,benign,benign,0.9254001221493047,0.0,0.0010108765195137555,0.0735890013311815
4897,recon,recon,0.0,0.0,0.0,1.0
4898,bruteforce,bruteforce,0.0,1.0,0.0,0.0
4899,benign,benign,1.0,0.0,0.0,0.0
4900,benign,benign,1.0,0.0,0.0,0.0
4901,recon,recon,0.0,0.0,0.0,1.0
4902,bruteforce,bruteforce,0.0,1.0,0.0,0.0
4903,bruteforce,bruteforce,0.0,1.0,0.0,0.0
4904,benign,benign,1.0,0.0,0.0,0.0
4905,recon,recon,8.332147627153021e-06,0.0,0.0,0.9999916678523729
4906,recon,recon,8.332147627153021e-06,0.0,0.0,0.9999916678523729
4907,recon,recon,0.0,0.0,0.0,1.0
4908,bruteforce,bruteforce,0.0,1.0,0.0,0.0
4909,bruteforce,bruteforce,0.0,1.0,0.0,0.0
4910,benign,benign,1.0,0.0,0.0,0.0
4911,recon,recon,0.0,0.0,0.0,1.0
4912,benign,benign,1.0,0.0,0.0,0.0
4913,benign,benign,1.0,0.0,0.0,0.0
4914,benign,benign,1.0,0.0,0.0,0.0
4915,recon,recon,8.332147627153021e-06,0.0,0.0,0.9999916678523729
4916,bruteforce,bruteforce,0.0,1.0,0.0,0.0
4917,recon,recon,8.332147627153021e-06,0.0,0.0,0.9999916678523729
4918,benign,benign,1.0,0.0,0.0,0.0
4919,benign,benign,1.0,0.0,0.0,0.0
4920,benign,benign,1.0,0.0,0.0,0.0
4921,benign,benign,1.0,0.0,0.0,0.0
4922,bruteforce,bruteforce,0.02,0.9779862339276326,0.0,0.002013766072367478
4923,bruteforce,bruteforce,0.0,1.0,0.0,0.0
4924,benign,benign,1.0,0.0,0.0,0.0
4925,recon,recon,0.0,0.0,0.0,1.0
4926,bruteforce,bruteforce,0.0,1.0,0.0,0.0
4927,benign,benign,1.0,0.0,0.0,0.0
4928,recon,recon,8.332147627153021e-06,0.0,0.0,0.9999916678523729
4929,benign,benign,1.0,0.0,0.0,0.0
4930,recon,recon,0.0,0.0,0.0,1.0
4931,benign,benign,1.0,0.0,0.0,0.0
4932,recon,recon,0.0,0.0,0.0,1.0
4933,bruteforce,bruteforce,0.0,1.0,0.0,0.0
4934,benign,benign,0.8908769786300489,0.0,0.10912302136995113,0.0
4935,recon,recon,0.0,0.0,0.0,1.0
4936,benign,benign,1.0,0.0,0.0,0.0
4937,benign,benign,0.9767046696860846,0.0032953303139153524,0.02,0.0
4938,benign,benign,1.0,0.0,0.0,0.0
4939,benign,benign,1.0,0.0,0.0,0.0
4940,benign,benign,0.9997616436818173,0.0,0.00023835631818266853,0.0
4941,benign,benign,1.0,0.0,0.0,0.0
4942,recon,recon,0.0,0.0,0.0,1.0
4943,bruteforce,bruteforce,0.0,1.0,0.0,0.0
4944,benign,benign,1.0,0.0,0.0,0.0
4945,recon,recon,8.332147627153021e-06,0.0,0.0,0.9999916678523729
4946,recon,recon,0.0,0.0,0.0,1.0
4947,recon,recon,8.332147627153021e-06,0.0,0.0,0.9999916678523729
4948,bruteforce,bruteforce,0.0,1.0,0.0,0.0
4949,bruteforce,bruteforce,0.0,1.0,0.0,0.0
4950,bruteforce,bruteforce,0.0,1.0,0.0,0.0
4951,benign,benign,0.9941344564151627,0.0,0.0033864102159861264,0.0024791333688510037
4952,recon,recon,0.0,0.0,0.0,1.0
4953,recon,recon,0.0,0.0,0.0,1.0
4954,benign,benign,1.0,0.0,0.0,0.0
4955,benign,benign,1.0,0.0,0.0,0.0
4956,benign,benign,0.9999597694384428,0.0,0.0,4.023056155712573e-05
4957,bruteforce,bruteforce,0.0,1.0,0.0,0.0
4958,bruteforce,bruteforce,0.0,1.0,0.0,0.0
4959,benign,benign,1.0,0.0,0.0,0.0
4960,bruteforce,bruteforce,0.0,1.0,0.0,0.0
4961,benign,benign,1.0,0.0,0.0,0.0
4962,benign,benign,1.0,0.0,0.0,0.0
4963,recon,recon,0.0,0.0,0.0,1.0
4964,benign,benign,1.0,0.0,0.0,0.0
4965,bruteforce,bruteforce,0.0,1.0,0.0,0.0
4966,bruteforce,bruteforce,0.0,1.0,0.0,0.0
4967,recon,recon,7.143331782842707e-05,0.0,0.0,0.9999285666821716
4968,benign,benign,1.0,0.0,0.0,0.0
4969,bruteforce,bruteforce,0.0,1.0,0.0,0.0
4970,recon,recon,0.0,0.0,0.0,1.0
4971,bruteforce,bruteforce,0.0,1.0,0.0,0.0
4972,benign,benign,0.9999597694384428,0.0,0.0,4.023056155712573e-05
4973,benign,benign,1.0,0.0,0.0,0.0
4974,benign,benign,0.9997616436818173,0.0,0.00023835631818266853,0.0
4975,benign,benign,1.0,0.0,0.0,0.0
4976,recon,recon,8.332147627153021e-06,0.0,0.0,0.9999916678523729
4977,benign,benign,0.9833307074208286,0.0,0.016669292579171262,0.0
4978,benign,benign,1.0,0.0,0.0,0.0
4979,benign,benign,0.9999597694384428,0.0,0.0,4.023056155712573e-05
4980,benign,benign,0.9967144973875068,0.0,0.003285502612493177,0.0
4981,recon,recon,0.0001181873401447448,0.0,0.0,0.9998818126598553
4982,bruteforce,bruteforce,0.0,1.0,0.0,0.0
4983,benign,benign,1.0,0.0,0.0,0.0
4984,benign,benign,0.9932871452194659,0.006712854780534024,0.0,0.0
4985,bruteforce,bruteforce,0.0,1.0,0.0,0.0
4986,benign,benign,0.9999597694384428,0.0,0.0,4.023056155712573e-05
4987,benign,benign,1.0,0.0,0.0,0.0
4988,recon,recon,8.332147627153021e-06,0.0,5.766872655310987e-05,0.9999339991258198
4989,benign,benign,1.0,0.0,0.0,0.0
4990,benign,benign,1.0,0.0,0.0,0.0
4991,recon,recon,0.0,0.0,0.0,1.0
4992,benign,benign,1.0,0.0,0.0,0.0
4993,recon,recon,0.0,0.0,0.0,1.0
4994,recon,recon,8.332147627153021e-06,0.0,0.0,0.9999916678523729
4995,bruteforce,bruteforce,0.0,1.0,0.0,0.0
4996,benign,benign,0.995770412124076,0.0,0.0,0.004229587875923988
4997,benign,benign,0.9999597694384428,0.0,0.0,4.023056155712573e-05
4998,bruteforce,bruteforce,0.0,1.0,0.0,0.0
4999,bruteforce,bruteforce,0.0,1.0,0.0,0.0
5000,benign,benign,1.0,0.0,0.0,0.0
5001,bruteforce,bruteforce,0.0,1.0,0.0,0.0
5002,bruteforce,bruteforce,0.0,1.0,0.0,0.0
5003,bruteforce,bruteforce,0.0,1.0,0.0,0.0
5004,benign,benign,1.0,0.0,0.0,0.0
5005,recon,recon,8.332147627153021e-06,0.0,0.0,0.9999916678523729
5006,benign,benign,1.0,0.0,0.0,0.0
5007,benign,benign,1.0,0.0,0.0,0.0
5008,bruteforce,bruteforce,0.0,1.0,0.0,0.0
5009,benign,benign,1.0,0.0,0.0,0.0
5010,benign,benign,1.0,0.0,0.0,0.0
5011,benign,benign,1.0,0.0,0.0,0.0
5012,bruteforce,bruteforce,0.0,1.0,0.0,0.0
5013,benign,benign,1.0,0.0,0.0,0.0
5014,benign,benign,1.0,0.0,0.0,0.0
5015,bruteforce,bruteforce,0.0,1.0,0.0,0.0
5016,recon,recon,0.0001181873401447448,0.0,0.0,0.9998818126598553
5017,benign,benign,1.0,0.0,0.0,0.0
5018,benign,benign,1.0,0.0,0.0,0.0
5019,recon,recon,0.0,0.0,0.0,1.0
5020,benign,benign,1.0,0.0,0.0,0.0
5021,benign,benign,1.0,0.0,0.0,0.0
5022,bruteforce,bruteforce,0.0,1.0,0.0,0.0
5023,recon,recon,0.0,0.0,0.0,1.0
5024,recon,recon,0.0,0.0,0.0,1.0
5025,benign,benign,1.0,0.0,0.0,0.0
5026,bruteforce,bruteforce,0.0,1.0,0.0,0.0
5027,benign,benign,1.0,0.0,0.0,0.0
5028,recon,recon,0.0,0.0,0.0,1.0
5029,recon,recon,8.332147627153021e-06,0.0,0.0,0.9999916678523729
5030,recon,recon,7.143331782842707e-05,0.0,0.0,0.9999285666821716
5031,benign,benign,1.0,0.0,0.0,0.0
5032,benign,benign,1.0,0.0,0.0,0.0
5033,bruteforce,bruteforce,0.0,1.0,0.0,0.0
5034,recon,recon,0.0,0.0,0.0,1.0
5035,benign,benign,1.0,0.0,0.0,0.0
5036,recon,recon,0.0,0.0,0.0,1.0
5037,benign,benign,0.9997616436818173,0.0,0.00023835631818266853,0.0
5038,benign,benign,1.0,0.0,0.0,0.0
5039,benign,benign,1.0,0.0,0.0,0.0
5040,benign,benign,1.0,0.0,0.0,0.0
5041,recon,recon,0.0,0.0,0.0,1.0
5042,benign,benign,1.0,0.0,0.0,0.0
5043,benign,benign,1.0,0.0,0.0,0.0
5044,benign,benign,0.9997616436818173,0.0,0.00023835631818266853,0.0
5045,recon,recon,0.0,0.0,0.0,1.0
5046,benign,benign,1.0,0.0,0.0,0.0
5047,bruteforce,bruteforce,0.0,1.0,0.0,0.0
5048,recon,recon,8.332147627153021e-06,0.0,0.0,0.9999916678523729
5049,benign,benign,1.0,0.0,0.0,0.0
5050,benign,benign,1.0,0.0,0.0,0.0
5051,benign,benign,1.0,0.0,0.0,0.0
5052,benign,benign,1.0,0.0,0.0,0.0
5053,benign,benign,1.0,0.0,0.0,0.0
5054,benign,benign,0.9997616436818173,0.0,0.00023835631818266853,0.0
5055,bruteforce,bruteforce,0.005938432835820896,0.9940615671641791,0.0,0.0
5056,recon,recon,0.0,0.0,0.0,1.0
5057,bruteforce,bruteforce,0.0,1.0,0.0,0.0
5058,recon,recon,0.0,0.0,0.0,1.0
5059,recon,recon,0.0,0.0,0.0,1.0
5060,benign,benign,1.0,0.0,0.0,0.0
5061,recon,recon,0.0,0.0,0.0,1.0
5062,recon,recon,7.143331782842707e-05,0.0,0.0,0.9999285666821716
5063,bruteforce,bruteforce,0.0,1.0,0.0,0.0
5064,benign,benign,1.0,0.0,0.0,0.0
5065,recon,recon,8.332147627153021e-06,0.0,0.0,0.9999916678523729
5066,benign,benign,1.0,0.0,0.0,0.0
5067,bruteforce,bruteforce,0.0,1.0,0.0,0.0
5068,benign,benign,1.0,0.0,0.0,0.0
5069,benign,benign,1.0,0.0,0.0,0.0
5070,recon,recon,0.0,0.0,0.0,1.0
5071,bruteforce,bruteforce,0.0,1.0,0.0,0.0
5072,benign,benign,1.0,0.0,0.0,0.0
5073,bruteforce,bruteforce,0.0,1.0,0.0,0.0
5074,bruteforce,bruteforce,0.004936031635264015,0.9916689985300576,0.0033949698346783675,0.0
5075,benign,benign,1.0,0.0,0.0,0.0
5076,recon,recon,0.0,0.0,0.0,1.0
5077,recon,recon,0.0,0.0,5.766872655310987e-05,0.999942331273447
5078,benign,benign,1.0,0.0,0.0,0.0
5079,recon,recon,0.0,0.0,0.0,1.0
5080,benign,benign,1.0,0.0,0.0,0.0
5081,benign,benign,1.0,0.0,0.0,0.0
5082,benign,benign,1.0,0.0,0.0,0.0
5083,recon,recon,0.0,0.0,0.0,1.0
5084,benign,benign,1.0,0.0,0.0,0.0
5085,bruteforce,bruteforce,0.0,1.0,0.0,0.0
5086,bruteforce,bruteforce,0.0,1.0,0.0,0.0
5087,benign,benign,1.0,0.0,0.0,0.0
5088,benign,benign,1.0,0.0,0.0,0.0
5089,benign,benign,1.0,0.0,0.0,0.0
5090,recon,recon,0.0,0.0,0.0,1.0
5091,benign,benign,1.0,0.0,0.0,0.0
5092,bruteforce,bruteforce,0.0,1.0,0.0,0.0
5093,recon,recon,8.332147627153021e-06,0.0,0.0,0.9999916678523729
5094,benign,benign,1.0,0.0,0.0,0.0
5095,benign,benign,1.0,0.0,0.0,0.0
5096,recon,recon,0.0,0.0,0.0,1.0
5097,recon,recon,0.0,0.0,0.0,1.0
5098,bruteforce,bruteforce,0.0,1.0,0.0,0.0
5099,benign,benign,1.0,0.0,0.0,0.0
5100,benign,benign,1.0,0.0,0.0,0.0
5101,recon,recon,8.332147627153021e-06,0.0,5.766872655310987e-05,0.9999339991258198
5102,benign,benign,1.0,0.0,0.0,0.0
5103,bruteforce,bruteforce,0.0,1.0,0.0,0.0
5104,benign,benign,1.0,0.0,0.0,0.0
5105,recon,recon,0.0,0.0,0.0,1.0
5106,recon,recon,0.0,0.0,0.0,1.0
5107,benign,benign,1.0,0.0,0.0,0.0
5108,bruteforce,bruteforce,0.0,1.0,0.0,0.0
5109,benign,benign,1.0,0.0,0.0,0.0
5110,benign,benign,1.0,0.0,0.0,0.0
5111,benign,benign,1.0,0.0,0.0,0.0
5112,recon,recon,0.0,0.0,0.0,1.0
5113,bruteforce,bruteforce,0.0,1.0,0.0,0.0
5114,bruteforce,bruteforce,0.0,1.0,0.0,0.0
5115,bruteforce,bruteforce,0.0,1.0,0.0,0.0
5116,recon,recon,8.332147627153021e-06,0.0,0.0,0.9999916678523729
5117,benign,benign,1.0,0.0,0.0,0.0
5118,recon,recon,0.0,0.0,5.766872655310987e-05,0.999942331273447
5119,bruteforce,bruteforce,0.0,1.0,0.0,0.0
5120,benign,benign,0.9999597694384428,0.0,0.0,4.023056155712573e-05
5121,benign,benign,0.9997616436818173,0.0,0.00023835631818266853,0.0
5122,bruteforce,bruteforce,0.0,1.0,0.0,0.0
5123,benign,benign,1.0,0.0,0.0,0.0
5124,recon,recon,0.0,0.0,0.0,1.0
5125,bruteforce,bruteforce,0.0,1.0,0.0,0.0
5126,bruteforce,bruteforce,0.0,1.0,0.0,0.0
5127,bruteforce,bruteforce,0.0,1.0,0.0,0.0
5128,benign,benign,1.0,0.0,0.0,0.0
5129,recon,recon,0.0,0.0,0.0,1.0
5130,benign,benign,1.0,0.0,0.0,0.0
5131,recon,recon,0.0,0.0,0.0,1.0
5132,bruteforce,bruteforce,0.0,1.0,0.0,0.0
5133,benign,benign,1.0,0.0,0.0,0.0
5134,recon,recon,8.332147627153021e-06,0.0,0.0,0.9999916678523729
5135,recon,recon,8.332147627153021e-06,0.0,0.0,0.9999916678523729
5136,recon,recon,0.004923294784045315,0.0,0.0,0.9950767052159547
5137,bruteforce,bruteforce,0.0,1.0,0.0,0.0
5138,recon,recon,0.0,0.0,0.0,1.0
5139,benign,benign,1.0,0.0,0.0,0.0
5140,recon,recon,0.0,0.0,0.0,1.0
5141,benign,benign,1.0,0.0,0.0,0.0
5142,benign,benign,1.0,0.0,0.0,0.0
5143,bruteforce,bruteforce,0.0,1.0,0.0,0.0
5144,benign,benign,1.0,0.0,0.0,0.0
5145,benign,benign,1.0,0.0,0.0,0.0
5146,benign,benign,1.0,0.0,0.0,0.0
5147,recon,recon,0.0,0.0,0.0,1.0
5148,bruteforce,bruteforce,0.0,1.0,0.0,0.0
5149,benign,benign,1.0,0.0,0.0,0.0
5150,bruteforce,bruteforce,0.006727886351149831,0.9932721136488502,0.0,0.0
5151,bruteforce,bruteforce,0.0,1.0,0.0,0.0
5152,recon,recon,0.0,0.0,0.0,1.0
5153,bruteforce,bruteforce,0.0,1.0,0.0,0.0
5154,benign,benign,1.0,0.0,0.0,0.0
5155,recon,recon,8.332147627153021e-06,0.0,0.0,0.9999916678523729
5156,benign,benign,1.0,0.0,0.0,0.0
5157,benign,benign,0.9967374502303068,0.0,0.003262549769693184,0.0
5158,recon,recon,0.0,0.0,0.0,1.0
5159,benign,benign,0.9817581038311846,0.0,0.013297536323436514,0.004944359845378939
5160,bruteforce,bruteforce,0.0,1.0,0.0,0.0
5161,benign,benign,1.0,0.0,0.0,0.0
5162,bruteforce,bruteforce,0.0,1.0,0.0,0.0
5163,recon,recon,0.0,0.0,0.0,1.0
5164,bruteforce,bruteforce,0.0,1.0,0.0,0.0
5165,benign,benign,0.9999597694384428,0.0,0.0,4.023056155712573e-05
5166,benign,benign,1.0,0.0,0.0,0.0
5167,bruteforce,bruteforce,0.0,1.0,0.0,0.0
5168,recon,recon,0.0,0.0,0.0,1.0
5169,bruteforce,bruteforce,0.0,1.0,0.0,0.0
5170,benign,benign,1.0,0.0,0.0,0.0
5171,bruteforce,bruteforce,0.0,1.0,0.0,0.0
5172,benign,benign,1.0,0.0,0.0,0.0
5173,benign,benign,0.9950017452006981,0.0049982547993019195,0.0,0.0
5174,benign,benign,0.9999597694384428,0.0,0.0,4.023056155712573e-05
5175,recon,recon,0.0,0.0,0.0,1.0
5176,recon,recon,0.0,0.0,0.0,1.0
5177,benign,benign,1.0,0.0,0.0,0.0
5178,recon,recon,0.0,0.0,0.0,1.0
5179,benign,benign,0.994936031635264,0.005063968364735986,0.0,0.0
5180,benign,benign,1.0,0.0,0.0,0.0
5181,benign,benign,1.0,0.0,0.0,0.0
5182,benign,benign,1.0,0.0,0.0,0.0
5183,recon,recon,0.0,0.0,0.0,1.0
5184,benign,benign,0.9997616436818173,0.0,0.00023835631818266853,0.0
5185,benign,benign,1.0,0.0,0.0,0.0
5186,recon,recon,0.0,0.0,0.0,1.0
5187,recon,recon,0.0,0.0,0.0,1.0
5188,benign,benign,1.0,0.0,0.0,0.0
5189,recon,recon,0.0,0.0,0.0,1.0
5190,recon,recon,0.0,0.0,0.0,1.0
5191,recon,recon,0.0,0.0,0.0,1.0
5192,benign,benign,1.0,0.0,0.0,0.0
5193,benign,benign,1.0,0.0,0.0,0.0
5194,benign,benign,1.0,0.0,0.0,0.0
5195,benign,benign,1.0,0.0,0.0,0.0
5196,recon,recon,0.0,0.0,0.0,1.0
5197,bruteforce,bruteforce,0.0,1.0,0.0,0.0
5198,bruteforce,bruteforce,0.0,1.0,0.0,0.0
5199,bruteforce,bruteforce,0.0,1.0,0.0,0.0
5200,bruteforce,bruteforce,0.0,1.0,0.0,0.0
5201,bruteforce,bruteforce,0.0,1.0,0.0,0.0
5202,recon,recon,0.0,0.0,0.0,1.0
5203,recon,recon,8.332147627153021e-06,0.0,0.0,0.9999916678523729
5204,benign,benign,0.9999597694384428,0.0,0.0,4.023056155712573e-05
5205,benign,benign,1.0,0.0,0.0,0.0
5206,benign,benign,1.0,0.0,0.0,0.0
5207,recon,recon,0.0,0.0,0.0,1.0
5208,benign,benign,1.0,0.0,0.0,0.0
5209,bruteforce,bruteforce,0.0,1.0,0.0,0.0
5210,recon,recon,7.143331782842707e-05,0.0,0.0,0.9999285666821716
5211,recon,recon,7.143331782842707e-05,0.0,0.0,0.9999285666821716
5212,bruteforce,bruteforce,0.01416443000551527,0.9858355699944847,0.0,0.0
5213,bruteforce,bruteforce,0.0,1.0,0.0,0.0
5214,benign,benign,1.0,0.0,0.0,0.0
5215,bruteforce,bruteforce,0.0,1.0,0.0,0.0
5216,bruteforce,bruteforce,0.0,1.0,0.0,0.0
5217,recon,recon,0.0,0.0,0.0,1.0
5218,bruteforce,bruteforce,0.0,1.0,0.0,0.0
5219,benign,benign,1.0,0.0,0.0,0.0
5220,recon,recon,0.0,0.0,0.0,1.0
5221,bruteforce,bruteforce,0.0,1.0,0.0,0.0
5222,benign,benign,0.9999597694384428,0.0,0.0,4.023056155712573e-05
5223,recon,recon,0.0,0.0,0.0,1.0
5224,benign,benign,1.0,0.0,0.0,0.0
5225,recon,recon,0.0,0.0,0.0,1.0
5226,benign,benign,0.9999597694384428,0.0,0.0,4.023056155712573e-05
5227,recon,recon,0.0,0.0,0.0,1.0
5228,recon,recon,0.0,0.0,0.0,1.0
5229,recon,recon,0.0,0.0,0.0,1.0
5230,bruteforce,bruteforce,0.0,1.0,0.0,0.0
5231,benign,benign,0.9999597694384428,0.0,0.0,4.023056155712573e-05
5232,benign,benign,1.0,0.0,0.0,0.0
5233,bruteforce,bruteforce,0.0,1.0,0.0,0.0
5234,recon,recon,0.0,0.0,0.0,1.0
5235,recon,recon,0.0,0.0,0.0,1.0
5236,benign,benign,1.0,0.0,0.0,0.0
5237,recon,recon,0.0,0.0,0.0,1.0
5238,recon,recon,0.0,0.0,0.0,1.0
5239,bruteforce,bruteforce,0.0,1.0,0.0,0.0
5240,recon,recon,0.0,0.0,0.0,1.0
5241,benign,benign,1.0,0.0,0.0,0.0
5242,benign,benign,1.0,0.0,0.0,0.0
5243,benign,benign,1.0,0.0,0.0,0.0
5244,benign,benign,0.9999597694384428,0.0,0.0,4.023056155712573e-05
5245,recon,recon,0.0,0.0,0.0,1.0
5246,benign,benign,0.9999597694384428,0.0,0.0,4.023056155712573e-05
5247,benign,benign,1.0,0.0,0.0,0.0
5248,recon,recon,0.0,0.0,0.0,1.0
5249,benign,benign,0.9999597694384428,0.0,0.0,4.023056155712573e-05
5250,bruteforce,bruteforce,0.0,1.0,0.0,0.0
5251,recon,recon,7.143331782842707e-05,0.0,0.0,0.9999285666821716
5252,benign,benign,1.0,0.0,0.0,0.0
5253,bruteforce,bruteforce,0.0,1.0,0.0,0.0
5254,recon,recon,0.0,0.0,0.0,1.0
5255,recon,recon,8.332147627153021e-06,0.0,0.0,0.9999916678523729
5256,benign,benign,1.0,0.0,0.0,0.0
5257,bruteforce,bruteforce,0.0,1.0,0.0,0.0
5258,recon,recon,0.0,0.0,0.0,1.0
5259,benign,benign,1.0,0.0,0.0,0.0
5260,benign,benign,1.0,0.0,0.0,0.0
5261,benign,benign,1.0,0.0,0.0,0.0
5262,benign,benign,1.0,0.0,0.0,0.0
5263,benign,benign,1.0,0.0,0.0,0.0
5264,recon,recon,8.332147627153021e-06,0.0,0.0,0.9999916678523729
5265,benign,benign,1.0,0.0,0.0,0.0
5266,bruteforce,bruteforce,0.0,1.0,0.0,0.0
5267,benign,benign,1.0,0.0,0.0,0.0
5268,benign,benign,1.0,0.0,0.0,0.0
5269,benign,benign,1.0,0.0,0.0,0.0
5270,recon,recon,8.332147627153021e-06,0.0,0.0,0.9999916678523729
5271,benign,benign,1.0,0.0,0.0,0.0
5272,benign,benign,1.0,0.0,0.0,0.0
5273,benign,benign,1.0,0.0,0.0,0.0
5274,recon,recon,0.0,0.0,0.0,1.0
5275,recon,recon,8.332147627153021e-06,0.0,0.0,0.9999916678523729
5276,benign,benign,1.0,0.0,0.0,0.0
5277,recon,recon,0.0,0.0,0.0,1.0
5278,recon,recon,0.0,0.0,0.0,1.0
5279,benign,benign,1.0,0.0,0.0,0.0
5280,benign,benign,1.0,0.0,0.0,0.0
5281,benign,benign,0.9999597694384428,0.0,0.0,4.023056155712573e-05
5282,benign,benign,1.0,0.0,0.0,0.0
5283,bruteforce,bruteforce,0.011693572851602694,0.9883064271483972,0.0,0.0
5284,bruteforce,bruteforce,0.0,1.0,0.0,0.0
5285,benign,benign,0.9949744685904287,0.0,0.00502553140957131,0.0
5286,benign,benign,1.0,0.0,0.0,0.0
5287,benign,benign,1.0,0.0,0.0,0.0
5288,recon,recon,0.0,0.0,0.0,1.0
5289,benign,benign,1.0,0.0,0.0,0.0
5290,benign,benign,1.0,0.0,0.0,0.0
5291,bruteforce,bruteforce,0.0,1.0,0.0,0.0
5292,recon,recon,0.0,0.0,0.0,1.0
5293,bruteforce,bruteforce,0.0,1.0,0.0,0.0
5294,recon,recon,7.143331782842707e-05,0.0,0.0,0.9999285666821716
5295,benign,benign,1.0,0.0,0.0,0.0
5296,recon,recon,7.143331782842707e-05,0.0,0.0,0.9999285666821716
5297,recon,recon,8.332147627153021e-06,0.0,0.0,0.9999916678523729
5298,benign,benign,1.0,0.0,0.0,0.0
5299,recon,recon,0.0,0.0,0.0,1.0
5300,bruteforce,bruteforce,0.0,1.0,0.0,0.0
5301,recon,recon,8.332147627153021e-06,0.0,0.0,0.9999916678523729
5302,benign,benign,1.0,0.0,0.0,0.0
5303,benign,benign,1.0,0.0,0.0,0.0
5304,recon,recon,0.0,0.0,0.0,1.0
5305,benign,benign,1.0,0.0,0.0,0.0
5306,bruteforce,bruteforce,0.0,1.0,0.0,0.0
5307,benign,benign,0.9999597694384428,0.0,0.0,4.023056155712573e-05
5308,benign,benign,1.0,0.0,0.0,0.0
5309,recon,recon,8.332147627153021e-06,0.0,0.0,0.9999916678523729
5310,benign,benign,1.0,0.0,0.0,0.0
5311,bruteforce,bruteforce,0.0,1.0,0.0,0.0
5312,recon,recon,0.0,0.0,0.0,1.0
5313,bruteforce,bruteforce,0.0,1.0,0.0,0.0
5314,benign,benign,1.0,0.0,0.0,0.0
5315,recon,recon,8.332147627153021e-06,0.0,0.0,0.9999916678523729
5316,benign,benign,1.0,0.0,0.0,0.0
5317,recon,recon,0.0,0.0,0.0,1.0
5318,benign,benign,1.0,0.0,0.0,0.0
5319,benign,benign,0.9999597694384428,0.0,0.0,4.023056155712573e-05
5320,benign,benign,1.0,0.0,0.0,0.0
5321,benign,benign,1.0,0.0,0.0,0.0
5322,benign,benign,0.9999597694384428,0.0,0.0,4.023056155712573e-05
5323,bruteforce,bruteforce,0.0,1.0,0.0,0.0
5324,recon,recon,0.0,0.0,0.0,1.0
5325,recon,recon,8.332147627153021e-06,0.0,0.0,0.9999916678523729
5326,bruteforce,bruteforce,0.0,1.0,0.0,0.0
5327,recon,recon,0.0,0.0,0.0,1.0
5328,benign,benign,0.9999597694384428,0.0,0.0,4.023056155712573e-05
5329,benign,benign,0.9966397530277844,0.0,0.003360246972215626,0.0
5330,benign,benign,1.0,0.0,0.0,0.0
5331,benign,benign,1.0,0.0,0.0,0.0
5332,recon,recon,0.11207968943064714,0.0,0.016725894269361434,0.8711944162999914
5333,benign,benign,1.0,0.0,0.0,0.0
5334,benign,benign,1.0,0.0,0.0,0.0
5335,bruteforce,bruteforce,0.0,1.0,0.0,0.0
5336,recon,recon,0.0,0.0,0.0,1.0
5337,benign,benign,1.0,0.0,0.0,0.0
5338,benign,benign,1.0,0.0,0.0,0.0
5339,recon,recon,0.004275794383819479,0.0,0.0,0.9957242056161805
5340,benign,benign,1.0,0.0,0.0,0.0
5341,recon,recon,8.332147627153021e-06,0.0,0.0,0.9999916678523729
5342,benign,benign,1.0,0.0,0.0,0.0
5343,benign,benign,1.0,0.0,0.0,0.0
5344,benign,benign,1.0,0.0,0.0,0.0
5345,bruteforce,bruteforce,0.02,0.97,0.01,0.0
5346,benign,benign,1.0,0.0,0.0,0.0
5347,bruteforce,bruteforce,0.0,1.0,0.0,0.0
5348,benign,benign,1.0,0.0,0.0,0.0
5349,benign,benign,1.0,0.0,0.0,0.0
5350,recon,recon,0.0,0.0,0.0,1.0
5351,benign,benign,1.0,0.0,0.0,0.0
5352,benign,benign,1.0,0.0,0.0,0.0
5353,recon,recon,0.0,0.0,0.0,1.0
5354,benign,benign,1.0,0.0,0.0,0.0
5355,benign,benign,1.0,0.0,0.0,0.0
5356,benign,benign,1.0,0.0,0.0,0.0
5357,recon,recon,8.332147627153021e-06,0.0,0.0,0.9999916678523729
5358,recon,recon,8.332147627153021e-06,0.0,0.0,0.9999916678523729
5359,benign,benign,1.0,0.0,0.0,0.0
5360,benign,benign,0.9997616436818173,0.0,0.00023835631818266853,0.0
5361,recon,recon,0.0,0.0,0.0,1.0
5362,bruteforce,bruteforce,0.0,1.0,0.0,0.0
5363,bruteforce,bruteforce,0.0,1.0,0.0,0.0
5364,benign,benign,1.0,0.0,0.0,0.0
5365,bruteforce,bruteforce,0.0,1.0,0.0,0.0
5366,bruteforce,bruteforce,0.0,1.0,0.0,0.0
5367,recon,recon,0.0,0.0,0.0,1.0
5368,recon,recon,0.0,0.0,0.0,1.0
5369,bruteforce,bruteforce,0.0,1.0,0.0,0.0
5370,benign,benign,1.0,0.0,0.0,0.0
5371,recon,recon,8.332147627153021e-06,0.0,0.0,0.9999916678523729
5372,bruteforce,bruteforce,0.0,1.0,0.0,0.0
5373,benign,benign,1.0,0.0,0.0,0.0
5374,recon,recon,0.0,0.0,0.0,1.0
5375,bruteforce,bruteforce,0.0,1.0,0.0,0.0
5376,recon,recon,0.0,0.0,0.0,1.0
5377,benign,benign,1.0,0.0,0.0,0.0
5378,benign,benign,0.9999597694384428,0.0,0.0,4.023056155712573e-05
5379,recon,recon,7.143331782842707e-05,0.0,0.0,0.9999285666821716
5380,benign,benign,1.0,0.0,0.0,0.0
5381,benign,benign,1.0,0.0,0.0,0.0
5382,benign,benign,1.0,0.0,0.0,0.0
5383,recon,recon,0.0,0.0,0.0,1.0
5384,benign,benign,1.0,0.0,0.0,0.0
5385,bruteforce,bruteforce,0.0,1.0,0.0,0.0
5386,benign,benign,0.9997616436818173,0.0,0.00023835631818266853,0.0
5387,benign,benign,1.0,0.0,0.0,0.0
5388,benign,benign,0.9999597694384428,0.0,0.0,4.023056155712573e-05
5389,bruteforce,bruteforce,0.0,1.0,0.0,0.0
5390,bruteforce,bruteforce,0.0,1.0,0.0,0.0
5391,bruteforce,bruteforce,0.0,1.0,0.0,0.0
5392,benign,benign,1.0,0.0,0.0,0.0
5393,benign,benign,1.0,0.0,0.0,0.0
5394,benign,benign,1.0,0.0,0.0,0.0
5395,recon,recon,0.0,0.0,0.0,1.0
5396,benign,benign,1.0,0.0,0.0,0.0
5397,recon,recon,8.332147627153021e-06,0.0,0.0,0.9999916678523729
5398,recon,recon,0.0,0.0,0.0,1.0
5399,benign,benign,1.0,0.0,0.0,0.0
5400,benign,benign,1.0,0.0,0.0,0.0
5401,benign,benign,1.0,0.0,0.0,0.0
5402,recon,recon,0.0,0.0,0.0,1.0
5403,recon,recon,0.0,0.0,0.0,1.0
5404,benign,benign,1.0,0.0,0.0,0.0
5405,bruteforce,bruteforce,0.0,1.0,0.0,0.0
5406,benign,benign,0.9999597694384428,0.0,0.0,4.023056155712573e-05
5407,bruteforce,bruteforce,0.0,1.0,0.0,0.0
5408,benign,benign,0.9999597694384428,0.0,0.0,4.023056155712573e-05
5409,recon,recon,0.00028760231668372674,0.0,0.0,0.9997123976833163
5410,benign,benign,1.0,0.0,0.0,0.0
5411,bruteforce,bruteforce,0.0,1.0,0.0,0.0
5412,recon,recon,0.0,0.0,0.0,1.0
5413,recon,recon,0.0,0.0,0.0,1.0
5414,bruteforce,bruteforce,0.0,1.0,0.0,0.0
5415,benign,benign,0.9999597694384428,0.0,0.0,4.023056155712573e-05
5416,benign,benign,1.0,0.0,0.0,0.0
5417,benign,benign,1.0,0.0,0.0,0.0
5418,benign,benign,1.0,0.0,0.0,0.0
5419,recon,recon,0.0,0.0,0.0,1.0
5420,benign,benign,1.0,0.0,0.0,0.0
5421,benign,benign,1.0,0.0,0.0,0.0
5422,benign,benign,1.0,0.0,0.0,0.0
5423,bruteforce,bruteforce,0.0,1.0,0.0,0.0
5424,benign,benign,1.0,0.0,0.0,0.0
5425,bruteforce,bruteforce,0.0,1.0,0.0,0.0
5426,benign,benign,1.0,0.0,0.0,0.0
5427,benign,benign,1.0,0.0,0.0,0.0
5428,recon,recon,0.0,0.0,0.0,1.0
5429,bruteforce,bruteforce,0.0,1.0,0.0,0.0
5430,benign,benign,0.9997616436818173,0.0,0.00023835631818266853,0.0
5431,bruteforce,bruteforce,0.0,1.0,0.0,0.0
5432,benign,benign,0.9999597694384428,0.0,0.0,4.023056155712573e-05
5433,benign,benign,1.0,0.0,0.0,0.0
5434,benign,benign,1.0,0.0,0.0,0.0
5435,benign,benign,1.0,0.0,0.0,0.0
5436,benign,benign,1.0,0.0,0.0,0.0
5437,bruteforce,bruteforce,0.0,1.0,0.0,0.0
5438,benign,benign,1.0,0.0,0.0,0.0
5439,recon,recon,0.0,0.0,0.0,1.0
5440,benign,benign,1.0,0.0,0.0,0.0
5441,benign,benign,1.0,0.0,0.0,0.0
5442,benign,benign,1.0,0.0,0.0,0.0
5443,recon,recon,0.0,0.0,0.0,1.0
5444,bruteforce,bruteforce,0.0,1.0,0.0,0.0
5445,bruteforce,bruteforce,0.0,1.0,0.0,0.0
5446,benign,benign,1.0,0.0,0.0,0.0
5447,benign,benign,1.0,0.0,0.0,0.0
5448,bruteforce,bruteforce,0.0,1.0,0.0,0.0
5449,benign,benign,1.0,0.0,0.0,0.0
5450,benign,benign,1.0,0.0,0.0,0.0
5451,bruteforce,bruteforce,0.0,1.0,0.0,0.0
5452,bruteforce,bruteforce,0.0,1.0,0.0,0.0
5453,recon,recon,0.0,0.0,0.0,1.0
5454,benign,benign,1.0,0.0,0.0,0.0
5455,benign,benign,0.9997616436818173,0.0,0.00023835631818266853,0.0
5456,bruteforce,bruteforce,0.0,0.999498037847737,0.0005019621522630156,0.0
5457,recon,recon,0.0001181873401447448,0.0,0.0,0.9998818126598553
5458,benign,benign,0.9999597694384428,0.0,0.0,4.023056155712573e-05
5459,benign,benign,0.9999597694384428,0.0,0.0,4.023056155712573e-05
5460,benign,benign,1.0,0.0,0.0,0.0
5461,benign,benign,1.0,0.0,0.0,0.0
5462,bruteforce,bruteforce,0.0,1.0,0.0,0.0
5463,recon,recon,0.0,0.0,0.0,1.0
5464,benign,benign,1.0,0.0,0.0,0.0
5465,benign,benign,1.0,0.0,0.0,0.0
5466,benign,benign,1.0,0.0,0.0,0.0
5467,benign,benign,1.0,0.0,0.0,0.0
5468,recon,recon,0.0,0.0,0.0,1.0
5469,recon,recon,0.0,0.0,0.0,1.0
5470,benign,benign,1.0,0.0,0.0,0.0
5471,bruteforce,bruteforce,0.0,1.0,0.0,0.0
5472,benign,benign,1.0,0.0,0.0,0.0
5473,bruteforce,bruteforce,0.0,1.0,0.0,0.0
5474,bruteforce,bruteforce,0.0,1.0,0.0,0.0
5475,recon,recon,0.0,0.0,0.0,1.0
5476,benign,benign,1.0,0.0,0.0,0.0
5477,recon,recon,8.332147627153021e-06,0.0,0.0,0.9999916678523729
5478,benign,benign,1.0,0.0,0.0,0.0
5479,benign,benign,1.0,0.0,0.0,0.0
5480,recon,recon,8.332147627153021e-06,0.0,5.766872655310987e-05,0.9999339991258198
5481,benign,benign,1.0,0.0,0.0,0.0
5482,recon,recon,0.000535131686623012,0.0,0.0,0.9994648683133769
5483,benign,benign,1.0,0.0,0.0,0.0
5484,benign,benign,1.0,0.0,0.0,0.0
5485,bruteforce,bruteforce,0.0,1.0,0.0,0.0
5486,recon,recon,8.332147627153021e-06,0.0,0.0,0.9999916678523729
5487,recon,recon,8.332147627153021e-06,0.0,0.0,0.9999916678523729
5488,bruteforce,bruteforce,0.0,1.0,0.0,0.0
5489,recon,recon,8.332147627153021e-06,0.0,0.0,0.9999916678523729
5490,bruteforce,bruteforce,0.0,1.0,0.0,0.0
5491,benign,benign,1.0,0.0,0.0,0.0
5492,recon,recon,0.000535131686623012,0.0,0.0,0.9994648683133769
5493,bruteforce,bruteforce,0.0,1.0,0.0,0.0
5494,benign,benign,1.0,0.0,0.0,0.0
5495,recon,recon,0.0,0.0,0.0,1.0
5496,benign,benign,1.0,0.0,0.0,0.0
5497,benign,benign,0.9917286757409598,0.0033269644136613326,0.0,0.004944359845378939
5498,benign,benign,1.0,0.0,0.0,0.0
5499,bruteforce,bruteforce,0.0,1.0,0.0,0.0
5500,benign,benign,1.0,0.0,0.0,0.0
5501,benign,benign,0.9997616436818173,0.0,0.00023835631818266853,0.0
5502,recon,recon,0.0,0.0,0.0,1.0
5503,bruteforce,bruteforce,0.0,1.0,0.0,0.0
5504,recon,recon,0.0,0.0,0.0,1.0
5505,recon,recon,0.00028760231668372674,0.0,0.0,0.9997123976833163
5506,bruteforce,bruteforce,0.0,1.0,0.0,0.0
5507,recon,recon,0.0,0.0,0.0,1.0
5508,recon,recon,0.0,0.0,5.766872655310987e-05,0.999942331273447
5509,bruteforce,bruteforce,0.0,1.0,0.0,0.0
5510,benign,benign,1.0,0.0,0.0,0.0
5511,bruteforce,bruteforce,0.0,1.0,0.0,0.0
5512,benign,benign,1.0,0.0,0.0,0.0
5513,benign,benign,0.9999597694384428,0.0,0.0,4.023056155712573e-05
5514,benign,benign,0.9999597694384428,0.0,0.0,4.023056155712573e-05
5515,bruteforce,bruteforce,0.0,1.0,0.0,0.0
5516,bruteforce,bruteforce,0.0,1.0,0.0,0.0
5517,benign,benign,0.9999597694384428,0.0,0.0,4.023056155712573e-05
5518,benign,benign,1.0,0.0,0.0,0.0
5519,benign,benign,1.0,0.0,0.0,0.0
5520,recon,recon,8.332147627153021e-06,0.0,0.0,0.9999916678523729
5521,benign,benign,1.0,0.0,0.0,0.0
5522,benign,benign,0.9999597694384428,0.0,0.0,4.023056155712573e-05
5523,recon,recon,0.0,0.0,0.0,1.0
5524,recon,recon,8.332147627153021e-06,0.0,0.0,0.9999916678523729
5525,recon,recon,0.0,0.0,0.0,1.0
5526,benign,benign,1.0,0.0,0.0,0.0
5527,recon,recon,8.332147627153021e-06,0.0,0.0,0.9999916678523729
5528,bruteforce,bruteforce,0.0,1.0,0.0,0.0
5529,recon,recon,8.332147627153021e-06,0.0,0.0,0.9999916678523729
5530,recon,recon,0.0,0.0,0.0,1.0
5531,bruteforce,bruteforce,0.0,1.0,0.0,0.0
5532,recon,recon,8.332147627153021e-06,0.0,0.0,0.9999916678523729
5533,benign,benign,1.0,0.0,0.0,0.0
5534,recon,recon,0.0,0.0,0.0,1.0
5535,bruteforce,bruteforce,0.0,1.0,0.0,0.0
5536,recon,recon,0.0,0.0,0.0,1.0
5537,benign,benign,1.0,0.0,0.0,0.0
5538,recon,recon,0.0,0.0,0.0,1.0
5539,recon,recon,0.0,0.0,0.0,1.0
5540,benign,benign,1.0,0.0,0.0,0.0
5541,benign,benign,0.991751988298072,0.0032953303139153524,0.0,0.004952681388012619
5542,bruteforce,bruteforce,0.0,1.0,0.0,0.0
5543,benign,benign,1.0,0.0,0.0,0.0
5544,benign,benign,1.0,0.0,0.0,0.0
5545,benign,benign,1.0,0.0,0.0,0.0
5546,bruteforce,bruteforce,0.0,1.0,0.0,0.0
5547,recon,recon,0.0001181873401447448,0.0,0.0,0.9998818126598553
5548,benign,benign,1.0,0.0,0.0,0.0
5549,benign,benign,1.0,0.0,0.0,0.0
5550,bruteforce,bruteforce,0.0,1.0,0.0,0.0
5551,bruteforce,bruteforce,0.0,1.0,0.0,0.0
5552,benign,benign,1.0,0.0,0.0,0.0
5553,bruteforce,bruteforce,0.0,1.0,0.0,0.0
5554,recon,recon,0.0,0.0,0.0,1.0
5555,bruteforce,bruteforce,0.0,1.0,0.0,0.0
5556,recon,recon,0.0,0.0,0.0,1.0
5557,bruteforce,bruteforce,0.05673922058374645,0.9432607794162535,0.0,0.0
5558,bruteforce,bruteforce,0.0,1.0,0.0,0.0
5559,benign,benign,1.0,0.0,0.0,0.0
5560,bruteforce,bruteforce,0.0,1.0,0.0,0.0
5561,benign,benign,1.0,0.0,0.0,0.0
5562,benign,benign,1.0,0.0,0.0,0.0
5563,recon,recon,8.332147627153021e-06,0.0,0.0,0.9999916678523729
5564,recon,recon,0.0,0.0,0.0,1.0
5565,recon,recon,0.0,0.0,0.0,1.0
5566,recon,recon,0.0,0.0,0.0,1.0
5567,benign,benign,1.0,0.0,0.0,0.0
5568,bruteforce,bruteforce,0.0,1.0,0.0,0.0
5569,recon,recon,8.332147627153021e-06,0.0,0.0,0.9999916678523729
5570,benign,benign,1.0,0.0,0.0,0.0
5571,recon,recon,0.0,0.0,0.0,1.0
5572,benign,benign,1.0,0.0,0.0,0.0
5573,recon,recon,0.0,0.0,0.0,1.0
5574,benign,benign,1.0,0.0,0.0,0.0
5575,recon,recon,0.0,0.0,0.0,1.0
5576,benign,benign,0.9997616436818173,0.0,0.00023835631818266853,0.0
5577,benign,benign,1.0,0.0,0.0,0.0
5578,recon,recon,0.0,0.0,0.0,1.0
5579,benign,benign,0.9999597694384428,0.0,0.0,4.023056155712573e-05
5580,recon,recon,8.332147627153021e-06,0.0,0.0,0.9999916678523729
5581,benign,benign,1.0,0.0,0.0,0.0
5582,benign,benign,1.0,0.0,0.0,0.0
5583,recon,recon,0.0,0.0,0.0,1.0
5584,recon,recon,0.0,0.0,0.0,1.0
5585,recon,recon,0.0,0.0,0.0,1.0
5586,benign,benign,1.0,0.0,0.0,0.0
5587,benign,benign,1.0,0.0,0.0,0.0
5588,bruteforce,bruteforce,0.0,1.0,0.0,0.0
5589,recon,recon,7.143331782842707e-05,0.0,0.0,0.9999285666821716
5590,recon,recon,0.0,0.0,0.0,1.0
5591,recon,recon,0.0,0.0,0.0,1.0
5592,recon,recon,8.332147627153021e-06,0.0,0.0,0.9999916678523729
5593,benign,benign,1.0,0.0,0.0,0.0
5594,benign,benign,1.0,0.0,0.0,0.0
5595,bruteforce,bruteforce,0.0,1.0,0.0,0.0
5596,benign,benign,1.0,0.0,0.0,0.0
5597,benign,benign,1.0,0.0,0.0,0.0
5598,benign,benign,1.0,0.0,0.0,0.0
5599,recon,recon,0.0,0.0,0.0,1.0
5600,bruteforce,bruteforce,0.0,1.0,0.0,0.0
5601,recon,recon,0.0,0.0,0.0,1.0
5602,benign,benign,0.99,0.0,0.01,0.0
5603,recon,recon,0.0,0.0,0.0,1.0
5604,benign,benign,1.0,0.0,0.0,0.0
5605,benign,benign,1.0,0.0,0.0,0.0
5606,benign,benign,0.9999597694384428,0.0,0.0,4.023056155712573e-05
5607,recon,recon,8.332147627153021e-06,0.0,0.0,0.9999916678523729
5608,benign,benign,1.0,0.0,0.0,0.0
5609,benign,benign,1.0,0.0,0.0,0.0
5610,recon,recon,8.332147627153021e-06,0.0,0.0,0.9999916678523729
5611,recon,recon,8.332147627153021e-06,0.0,0.0,0.9999916678523729
5612,bruteforce,bruteforce,0.0,1.0,0.0,0.0
5613,benign,benign,0.9889755102970113,0.0,0.006012649778764259,0.005011839924224485
5614,recon,recon,0.0,0.0,0.0,1.0
5615,benign,benign,1.0,0.0,0.0,0.0
5616,recon,recon,0.0,0.0,0.0,1.0
5617,bruteforce,bruteforce,0.0,1.0,0.0,0.0
5618,benign,benign,0.9966147612616192,0.0,0.003385238738380869,0.0
5619,bruteforce,bruteforce,0.006704669686084647,0.9932953303139154,0.0,0.0
5620,benign,benign,1.0,0.0,0.0,0.0
5621,recon,recon,0.0,0.0,5.766872655310987e-05,0.999942331273447
5622,benign,benign,1.0,0.0,0.0,0.0
5623,benign,benign,1.0,0.0,0.0,0.0
5624,recon,recon,0.0,0.0,0.0,1.0
5625,benign,benign,0.9999597694384428,0.0,0.0,4.023056155712573e-05
5626,benign,benign,1.0,0.0,0.0,0.0
5627,recon,recon,0.0,0.0,0.0,1.0
5628,bruteforce,bruteforce,0.0,1.0,0.0,0.0
5629,bruteforce,bruteforce,0.0,1.0,0.0,0.0
5630,bruteforce,bruteforce,0.0,1.0,0.0,0.0
5631,benign,benign,1.0,0.0,0.0,0.0
5632,benign,benign,1.0,0.0,0.0,0.0
5633,benign,benign,1.0,0.0,0.0,0.0
5634,benign,benign,1.0,0.0,0.0,0.0
5635,recon,recon,8.332147627153021e-06,0.0,0.0,0.9999916678523729
5636,bruteforce,bruteforce,0.0,1.0,0.0,0.0
5637,benign,benign,1.0,0.0,0.0,0.0
5638,recon,recon,0.0,0.0,0.0,1.0
5639,recon,recon,8.332147627153021e-06,0.0,0.0,0.9999916678523729
5640,benign,benign,1.0,0.0,0.0,0.0
5641,bruteforce,bruteforce,0.0,1.0,0.0,0.0
5642,benign,benign,1.0,0.0,0.0,0.0
5643,benign,benign,1.0,0.0,0.0,0.0
5644,benign,benign,1.0,0.0,0.0,0.0
5645,bruteforce,bruteforce,0.0,1.0,0.0,0.0
5646,recon,recon,0.0,0.0,0.0,1.0
5647,benign,benign,1.0,0.0,0.0,0.0
5648,bruteforce,bruteforce,0.0,1.0,0.0,0.0
5649,recon,recon,8.332147627153021e-06,0.0,0.0,0.9999916678523729
5650,recon,recon,8.332147627153021e-06,0.0,0.0,0.9999916678523729
5651,recon,recon,0.0,0.0,0.0,1.0
5652,bruteforce,bruteforce,0.0,1.0,0.0,0.0
5653,recon,recon,8.332147627153021e-06,0.0,0.0,0.9999916678523729
5654,benign,benign,1.0,0.0,0.0,0.0
5655,benign,benign,0.9949776101814755,0.0,0.0,0.005022389818524629
5656,bruteforce,bruteforce,0.0,1.0,0.0,0.0
5657,bruteforce,bruteforce,0.0,1.0,0.0,0.0
5658,recon,recon,0.0,0.0,0.0,1.0
5659,benign,benign,1.0,0.0,0.0,0.0
5660,benign,benign,0.9999597694384428,0.0,0.0,4.023056155712573e-05
5661,bruteforce,bruteforce,0.0,1.0,0.0,0.0
5662,recon,recon,0.0,0.0,0.0,1.0
5663,benign,benign,0.9999597694384428,0.0,0.0,4.023056155712573e-05
5664,recon,recon,8.332147627153021e-06,0.0,0.0,0.9999916678523729
5665,benign,benign,0.9997616436818173,0.0,0.00023835631818266853,0.0
5666,bruteforce,bruteforce,0.0,1.0,0.0,0.0
5667,benign,benign,1.0,0.0,0.0,0.0
5668,recon,recon,0.0,0.0,0.0,1.0
5669,recon,recon,0.0,0.0,0.0,1.0
5670,recon,recon,0.0,0.0,0.0,1.0
5671,benign,benign,1.0,0.0,0.0,0.0
5672,benign,benign,0.9999597694384428,0.0,0.0,4.023056155712573e-05
5673,benign,benign,0.9589891234804863,0.0,0.03101087651951375,0.01
5674,benign,benign,1.0,0.0,0.0,0.0
5675,benign,benign,0.9999597694384428,0.0,0.0,4.023056155712573e-05
5676,bruteforce,bruteforce,0.0,1.0,0.0,0.0
5677,bruteforce,bruteforce,0.01,0.99,0.0,0.0
5678,bruteforce,bruteforce,0.0,1.0,0.0,0.0
5679,benign,benign,1.0,0.0,0.0,0.0
5680,benign,benign,1.0,0.0,0.0,0.0
5681,bruteforce,bruteforce,0.0032925412439005503,0.9782824218569541,0.013403582787107203,0.005021454112038142
5682,bruteforce,bruteforce,0.0,1.0,0.0,0.0
5683,bruteforce,bruteforce,0.0,1.0,0.0,0.0
5684,recon,recon,0.0,0.0,0.0,1.0
5685,benign,benign,1.0,0.0,0.0,0.0
5686,benign,benign,0.9999597694384428,0.0,0.0,4.023056155712573e-05
5687,benign,benign,0.9950017452006981,0.0049982547993019195,0.0,0.0
5688,benign,benign,1.0,0.0,0.0,0.0
5689,recon,recon,0.0,0.0,0.0,1.0
5690,benign,benign,0.9683607795470359,0.01,0.0,0.021639220452963986
5691,recon,recon,0.0,0.0,0.0,1.0
5692,benign,benign,1.0,0.0,0.0,0.0
5693,recon,recon,0.0,0.0,0.0,1.0
5694,bruteforce,bruteforce,0.0,1.0,0.0,0.0
5695,benign,benign,1.0,0.0,0.0,0.0
5696,bruteforce,bruteforce,0.0,1.0,0.0,0.0
5697,recon,recon,0.000535131686623012,0.0,0.0,0.9994648683133769
5698,benign,benign,1.0,0.0,0.0,0.0
5699,benign,benign,1.0,0.0,0.0,0.0
5700,bruteforce,bruteforce,0.0,1.0,0.0,0.0
5701,bruteforce,bruteforce,0.0,1.0,0.0,0.0
5702,recon,recon,8.332147627153021e-06,0.0,0.0,0.9999916678523729
5703,recon,recon,0.0,0.0,0.0,1.0
5704,benign,benign,1.0,0.0,0.0,0.0
5705,recon,recon,0.0,0.0,5.766872655310987e-05,0.999942331273447
5706,recon,recon,0.0,0.0,0.0,1.0
5707,benign,benign,1.0,0.0,0.0,0.0
5708,benign,benign,1.0,0.0,0.0,0.0
5709,bruteforce,bruteforce,0.0,1.0,0.0,0.0
5710,bruteforce,bruteforce,0.0,1.0,0.0,0.0
5711,benign,benign,1.0,0.0,0.0,0.0
5712,recon,recon,8.332147627153021e-06,0.0,0.0,0.9999916678523729
5713,benign,benign,1.0,0.0,0.0,0.0
5714,benign,benign,1.0,0.0,0.0,0.0
5715,benign,benign,1.0,0.0,0.0,0.0
5716,benign,benign,1.0,0.0,0.0,0.0
5717,recon,recon,8.332147627153021e-06,0.0,0.0,0.9999916678523729
5718,bruteforce,bruteforce,0.0,1.0,0.0,0.0
5719,benign,benign,1.0,0.0,0.0,0.0
5720,benign,benign,1.0,0.0,0.0,0.0
5721,benign,benign,1.0,0.0,0.0,0.0
5722,bruteforce,bruteforce,0.0,1.0,0.0,0.0
5723,benign,benign,0.9999597694384428,0.0,0.0,4.023056155712573e-05
5724,benign,benign,1.0,0.0,0.0,0.0
5725,benign,benign,1.0,0.0,0.0,0.0
5726,benign,benign,1.0,0.0,0.0,0.0
5727,bruteforce,bruteforce,0.0,1.0,0.0,0.0
5728,benign,benign,1.0,0.0,0.0,0.0
5729,benign,benign,1.0,0.0,0.0,0.0
5730,recon,recon,0.0,0.0,0.0,1.0
5731,benign,benign,1.0,0.0,0.0,0.0
5732,recon,recon,8.332147627153021e-06,0.0,0.0,0.9999916678523729
5733,recon,recon,8.332147627153021e-06,0.0,0.0,0.9999916678523729
5734,bruteforce,bruteforce,0.0,1.0,0.0,0.0
5735,benign,benign,1.0,0.0,0.0,0.0
5736,recon,recon,0.0,0.0,0.0,1.0
5737,benign,benign,1.0,0.0,0.0,0.0
5738,recon,recon,0.000535131686623012,0.0,0.0,0.9994648683133769
5739,recon,recon,8.332147627153021e-06,0.0,0.0,0.9999916678523729
5740,benign,benign,1.0,0.0,0.0,0.0
5741,bruteforce,bruteforce,0.0,1.0,0.0,0.0
5742,benign,benign,0.99,0.0,0.01,0.0
5743,bruteforce,bruteforce,0.0,1.0,0.0,0.0
5744,recon,recon,8.332147627153021e-06,0.0,0.0,0.9999916678523729
5745,benign,benign,1.0,0.0,0.0,0.0
5746,benign,benign,1.0,0.0,0.0,0.0
5747,benign,benign,0.9999597694384428,0.0,0.0,4.023056155712573e-05
5748,benign,benign,1.0,0.0,0.0,0.0
5749,benign,benign,1.0,0.0,0.0,0.0
5750,benign,benign,0.9951055393586006,0.004894460641399417,0.0,0.0
5751,bruteforce,bruteforce,0.0,1.0,0.0,0.0
5752,recon,recon,0.03244217920753938,0.0350133550110324,0.008354691369642394,0.9241897744117858
5753,bruteforce,bruteforce,0.0,1.0,0.0,0.0
5754,benign,benign,1.0,0.0,0.0,0.0
5755,benign,benign,0.994997045266517,0.0,0.00500295473348304,0.0
5756,recon,recon,0.0,0.0,0.0,1.0
5757,bruteforce,bruteforce,0.0,1.0,0.0,0.0
5758,benign,benign,1.0,0.0,0.0,0.0
5759,recon,recon,0.0,0.0,0.0,1.0
5760,recon,recon,0.0,0.0,0.0,1.0
5761,recon,recon,0.0,0.0,0.0,1.0
5762,benign,benign,0.9999597694384428,0.0,0.0,4.023056155712573e-05
5763,bruteforce,bruteforce,0.0,1.0,0.0,0.0
5764,recon,recon,8.332147627153021e-06,0.0,0.0,0.9999916678523729
5765,bruteforce,bruteforce,0.0,1.0,0.0,0.0
5766,bruteforce,bruteforce,0.0,1.0,0.0,0.0
5767,recon,recon,8.332147627153021e-06,0.0,0.0,0.9999916678523729
5768,recon,recon,0.0,0.0,0.0,1.0
5769,bruteforce,bruteforce,0.0,1.0,0.0,0.0
5770,recon,recon,7.143331782842707e-05,0.0,0.0,0.9999285666821716
5771,bruteforce,bruteforce,0.0,1.0,0.0,0.0
5772,benign,benign,1.0,0.0,0.0,0.0
5773,recon,recon,0.0,0.0,0.0,1.0
5774,benign,benign,0.9999597694384428,0.0,0.0,4.023056155712573e-05
5775,recon,recon,0.0,0.0,0.0,1.0
5776,bruteforce,bruteforce,0.0,1.0,0.0,0.0
5777,bruteforce,bruteforce,0.0,1.0,0.0,0.0
5778,bruteforce,bruteforce,0.0,1.0,0.0,0.0
5779,benign,benign,1.0,0.0,0.0,0.0
5780,bruteforce,bruteforce,0.01,0.99,0.0,0.0
5781,recon,recon,8.332147627153021e-06,0.0,0.0,0.9999916678523729
5782,bruteforce,bruteforce,0.0,1.0,0.0,0.0
5783,bruteforce,bruteforce,0.0,1.0,0.0,0.0
5784,benign,benign,1.0,0.0,0.0,0.0
5785,benign,benign,1.0,0.0,0.0,0.0
5786,benign,benign,1.0,0.0,0.0,0.0
5787,bruteforce,bruteforce,0.0,1.0,0.0,0.0
5788,benign,benign,1.0,0.0,0.0,0.0
5789,bruteforce,bruteforce,0.0,1.0,0.0,0.0
5790,recon,recon,0.0,0.0,0.0,1.0
5791,bruteforce,bruteforce,0.0,1.0,0.0,0.0
5792,benign,benign,0.9999597694384428,0.0,0.0,4.023056155712573e-05
5793,recon,recon,0.0,0.0,0.0,1.0
5794,benign,benign,1.0,0.0,0.0,0.0
5795,benign,benign,0.9999597694384428,0.0,0.0,4.023056155712573e-05
5796,bruteforce,bruteforce,0.0,1.0,0.0,0.0
5797,bruteforce,bruteforce,0.0,1.0,0.0,0.0
5798,benign,benign,1.0,0.0,0.0,0.0
5799,bruteforce,bruteforce,0.0,1.0,0.0,0.0
5800,benign,benign,1.0,0.0,0.0,0.0
5801,benign,benign,1.0,0.0,0.0,0.0
5802,benign,benign,0.9997616436818173,0.0,0.00023835631818266853,0.0
5803,bruteforce,bruteforce,0.0,1.0,0.0,0.0
5804,benign,benign,1.0,0.0,0.0,0.0
5805,benign,benign,0.9478238790861643,0.0,0.0,0.05217612091383558
5806,benign,benign,1.0,0.0,0.0,0.0
5807,recon,recon,8.332147627153021e-06,0.0,0.0,0.9999916678523729
5808,benign,benign,1.0,0.0,0.0,0.0
5809,bruteforce,bruteforce,0.0,1.0,0.0,0.0
5810,benign,benign,1.0,0.0,0.0,0.0
5811,bruteforce,bruteforce,0.0,1.0,0.0,0.0
5812,bruteforce,bruteforce,0.0,1.0,0.0,0.0
5813,recon,recon,8.332147627153021e-06,0.0,0.0,0.9999916678523729
5814,benign,benign,1.0,0.0,0.0,0.0
5815,bruteforce,bruteforce,0.0,1.0,0.0,0.0
5816,benign,benign,1.0,0.0,0.0,0.0
5817,bruteforce,bruteforce,0.0,1.0,0.0,0.0
5818,bruteforce,bruteforce,0.0,1.0,0.0,0.0
5819,bruteforce,bruteforce,0.0,1.0,0.0,0.0
5820,benign,benign,1.0,0.0,0.0,0.0
5821,benign,benign,0.995770412124076,0.0,0.0,0.004229587875923988
5822,bruteforce,bruteforce,0.0,1.0,0.0,0.0
5823,benign,benign,1.0,0.0,0.0,0.0
5824,benign,benign,0.98,0.01,0.01,0.0
5825,benign,benign,1.0,0.0,0.0,0.0
5826,benign,benign,1.0,0.0,0.0,0.0
5827,benign,benign,1.0,0.0,0.0,0.0
5828,recon,recon,0.0,0.0,0.0,1.0
5829,benign,benign,0.9950023815194093,0.0,0.0,0.0049976184805906165
5830,recon,recon,8.332147627153021e-06,0.0,0.0,0.9999916678523729
5831,benign,benign,1.0,0.0,0.0,0.0
5832,benign,benign,1.0,0.0,0.0,0.0
5833,recon,recon,0.0001181873401447448,0.0,0.0,0.9998818126598553
5834,recon,recon,0.0,0.0,0.0,1.0
5835,bruteforce,bruteforce,0.0,1.0,0.0,0.0
5836,benign,benign,0.9999597694384428,0.0,0.0,4.023056155712573e-05
5837,recon,recon,8.332147627153021e-06,0.0,0.0,0.9999916678523729
5838,bruteforce,bruteforce,0.0,1.0,0.0,0.0
5839,recon,recon,0.0,0.0,0.0,1.0
5840,recon,recon,7.143331782842707e-05,0.0,0.0,0.9999285666821716
5841,bruteforce,bruteforce,0.0,1.0,0.0,0.0
5842,benign,benign,1.0,0.0,0.0,0.0
5843,bruteforce,bruteforce,0.0066152392947103275,0.9933847607052897,0.0,0.0
5844,benign,benign,1.0,0.0,0.0,0.0
5845,benign,benign,1.0,0.0,0.0,0.0
5846,bruteforce,bruteforce,0.0,1.0,0.0,0.0
5847,bruteforce,bruteforce,0.0,1.0,0.0,0.0
5848,benign,benign,0.9997616436818173,0.0,0.00023835631818266853,0.0
5849,bruteforce,bruteforce,0.0,1.0,0.0,0.0
5850,bruteforce,bruteforce,0.0,1.0,0.0,0.0
5851,benign,benign,1.0,0.0,0.0,0.0
5852,recon,recon,0.0,0.0,0.0,1.0
5853,bruteforce,bruteforce,0.0,1.0,0.0,0.0
5854,benign,benign,1.0,0.0,0.0,0.0
5855,benign,benign,1.0,0.0,0.0,0.0
5856,benign,benign,1.0,0.0,0.0,0.0
5857,recon,recon,0.0,0.0,0.0,1.0
5858,recon,recon,0.0,0.0,0.0,1.0
5859,bruteforce,bruteforce,0.0,1.0,0.0,0.0
5860,recon,recon,0.0,0.0,0.0,1.0
5861,benign,benign,1.0,0.0,0.0,0.0
5862,benign,benign,0.9999597694384428,0.0,0.0,4.023056155712573e-05
5863,benign,benign,1.0,0.0,0.0,0.0
5864,recon,recon,8.332147627153021e-06,0.0,0.0,0.9999916678523729
5865,benign,benign,1.0,0.0,0.0,0.0
5866,bruteforce,bruteforce,0.0,1.0,0.0,0.0
5867,benign,benign,1.0,0.0,0.0,0.0
5868,benign,benign,1.0,0.0,0.0,0.0
5869,benign,benign,1.0,0.0,0.0,0.0
5870,benign,benign,1.0,0.0,0.0,0.0
5871,bruteforce,bruteforce,0.0,1.0,0.0,0.0
5872,bruteforce,bruteforce,0.0,1.0,0.0,0.0
5873,recon,recon,0.0,0.0,0.0,1.0
5874,bruteforce,bruteforce,0.0,1.0,0.0,0.0
5875,benign,benign,1.0,0.0,0.0,0.0
5876,recon,recon,0.0,0.0,0.0,1.0
5877,recon,recon,0.00028760231668372674,0.0,0.0,0.9997123976833163
5878,recon,recon,0.0,0.0,0.0,1.0
5879,bruteforce,bruteforce,0.0,1.0,0.0,0.0
5880,benign,benign,1.0,0.0,0.0,0.0
5881,bruteforce,bruteforce,0.0,1.0,0.0,0.0
5882,benign,benign,1.0,0.0,0.0,0.0
5883,bruteforce,bruteforce,0.0,1.0,0.0,0.0
5884,recon,recon,8.332147627153021e-06,0.0,0.0,0.9999916678523729
5885,benign,benign,1.0,0.0,0.0,0.0
5886,recon,recon,0.0,0.0,0.0,1.0
5887,bruteforce,bruteforce,0.0,1.0,0.0,0.0
5888,bruteforce,bruteforce,0.0,1.0,0.0,0.0
5889,bruteforce,bruteforce,0.0,1.0,0.0,0.0
5890,bruteforce,bruteforce,0.0,1.0,0.0,0.0
5891,benign,benign,0.9997616436818173,0.0,0.00023835631818266853,0.0
5892,benign,benign,0.9963316137035213,0.0,0.0019734442937958765,0.001694942002682869
5893,benign,benign,1.0,0.0,0.0,0.0
5894,bruteforce,bruteforce,0.0,1.0,0.0,0.0
5895,benign,benign,1.0,0.0,0.0,0.0
5896,benign,benign,1.0,0.0,0.0,0.0
5897,benign,benign,1.0,0.0,0.0,0.0
5898,recon,recon,8.332147627153021e-06,0.0,0.0,0.9999916678523729
5899,bruteforce,bruteforce,0.0,1.0,0.0,0.0
5900,benign,benign,1.0,0.0,0.0,0.0
5901,benign,benign,1.0,0.0,0.0,0.0
5902,benign,benign,1.0,0.0,0.0,0.0
5903,benign,benign,1.0,0.0,0.0,0.0
5904,bruteforce,bruteforce,0.0,1.0,0.0,0.0
5905,benign,benign,1.0,0.0,0.0,0.0
5906,benign,benign,1.0,0.0,0.0,0.0
5907,benign,benign,1.0,0.0,0.0,0.0
5908,recon,recon,0.00028760231668372674,0.0,0.0,0.9997123976833163
5909,benign,benign,0.9999597694384428,0.0,0.0,4.023056155712573e-05
5910,benign,benign,0.9999597694384428,0.0,0.0,4.023056155712573e-05
5911,recon,recon,0.0,0.0,0.0,1.0
5912,benign,benign,1.0,0.0,0.0,0.0
5913,benign,benign,1.0,0.0,0.0,0.0
5914,recon,recon,0.0,0.0,0.0,1.0
5915,recon,recon,0.0,0.0,0.0,1.0
5916,benign,benign,1.0,0.0,0.0,0.0
5917,recon,recon,8.332147627153021e-06,0.0,0.0,0.9999916678523729
5918,benign,benign,0.9999597694384428,0.0,0.0,4.023056155712573e-05
5919,benign,benign,1.0,0.0,0.0,0.0
5920,recon,recon,0.0,0.0,0.0,1.0
5921,bruteforce,bruteforce,0.0,1.0,0.0,0.0
5922,bruteforce,bruteforce,0.0,0.999498037847737,0.0005019621522630156,0.0
5923,benign,benign,1.0,0.0,0.0,0.0
5924,benign,benign,1.0,0.0,0.0,0.0
5925,recon,recon,0.0,0.0,0.0,1.0
5926,bruteforce,bruteforce,0.0,1.0,0.0,0.0
5927,benign,benign,1.0,0.0,0.0,0.0
5928,benign,benign,1.0,0.0,0.0,0.0
5929,recon,recon,8.332147627153021e-06,0.0,0.0,0.9999916678523729
5930,recon,recon,8.332147627153021e-06,0.0,0.0,0.9999916678523729
5931,benign,benign,0.9896920959124668,0.0,0.00197428139183056,0.008333622695702552
5932,bruteforce,bruteforce,0.0,1.0,0.0,0.0
5933,benign,benign,0.9950422138836772,0.0,0.004957786116322702,0.0
5934,bruteforce,bruteforce,0.0,1.0,0.0,0.0
5935,benign,benign,1.0,0.0,0.0,0.0
5936,benign,benign,0.9950800565104779,0.0,0.004919943489522015,0.0
5937,benign,benign,1.0,0.0,0.0,0.0
5938,benign,benign,1.0,0.0,0.0,0.0
5939,benign,benign,1.0,0.0,0.0,0.0
5940,recon,recon,8.332147627153021e-06,0.0,0.0,0.9999916678523729
5941,bruteforce,bruteforce,0.0,1.0,0.0,0.0
5942,benign,benign,0.9951055393586006,0.004894460641399417,0.0,0.0
5943,benign,benign,1.0,0.0,0.0,0.0
5944,bruteforce,bruteforce,0.0,1.0,0.0,0.0
5945,benign,benign,1.0,0.0,0.0,0.0
5946,benign,benign,1.0,0.0,0.0,0.0
5947,benign,benign,1.0,0.0,0.0,0.0
5948,recon,recon,0.0,0.0,0.0,1.0
5949,benign,benign,1.0,0.0,0.0,0.0
5950,benign,benign,1.0,0.0,0.0,0.0
5951,benign,benign,0.97,0.02,0.0,0.01
5952,bruteforce,bruteforce,0.0,1.0,0.0,0.0
5953,recon,recon,0.0,0.0,0.0,1.0
5954,benign,benign,1.0,0.0,0.0,0.0
5955,bruteforce,bruteforce,0.0,1.0,0.0,0.0
5956,bruteforce,bruteforce,0.0,1.0,0.0,0.0
5957,benign,benign,1.0,0.0,0.0,0.0
5958,benign,benign,0.99,0.01,0.0,0.0
5959,bruteforce,bruteforce,0.0,1.0,0.0,0.0
5960,bruteforce,bruteforce,0.0,1.0,0.0,0.0
5961,benign,benign,0.9999597694384428,0.0,0.0,4.023056155712573e-05
5962,recon,recon,8.332147627153021e-06,0.0,0.0,0.9999916678523729
5963,benign,benign,1.0,0.0,0.0,0.0
5964,recon,recon,0.0,0.0,0.0,1.0
5965,recon,recon,0.0,0.0,0.0,1.0
5966,benign,benign,1.0,0.0,0.0,0.0
5967,bruteforce,bruteforce,0.0,1.0,0.0,0.0
5968,recon,recon,0.0,0.0,0.0,1.0
5969,bruteforce,bruteforce,0.0,1.0,0.0,0.0
5970,benign,benign,1.0,0.0,0.0,0.0
5971,recon,recon,0.0,0.0,0.0,1.0
5972,benign,benign,1.0,0.0,0.0,0.0
5973,bruteforce,bruteforce,0.0,1.0,0.0,0.0
5974,benign,benign,1.0,0.0,0.0,0.0
5975,benign,benign,0.9999597694384428,0.0,0.0,4.023056155712573e-05
5976,benign,benign,1.0,0.0,0.0,0.0
5977,recon,recon,0.0,0.0,0.0,1.0
5978,bruteforce,bruteforce,0.0,1.0,0.0,0.0
5979,benign,benign,1.0,0.0,0.0,0.0
5980,bruteforce,bruteforce,0.0,1.0,0.0,0.0
5981,benign,benign,1.0,0.0,0.0,0.0
5982,benign,benign,0.9949889031655181,0.005011096834481953,0.0,0.0
5983,benign,benign,1.0,0.0,0.0,0.0
5984,recon,recon,8.332147627153021e-06,0.0,0.0,0.9999916678523729
5985,benign,benign,1.0,0.0,0.0,0.0
5986,recon,recon,8.332147627153021e-06,0.0,0.0,0.9999916678523729
5987,bruteforce,bruteforce,0.0,1.0,0.0,0.0
5988,bruteforce,bruteforce,0.0,1.0,0.0,0.0
5989,bruteforce,bruteforce,0.0,1.0,0.0,0.0
5990,benign,benign,1.0,0.0,0.0,0.0
5991,benign,benign,1.0,0.0,0.0,0.0
5992,bruteforce,bruteforce,0.0,1.0,0.0,0.0
5993,recon,recon,0.0,0.0,0.0,1.0
5994,benign,benign,0.9404811023434106,0.012076222842410467,0.04744267481417881,0.0
5995,benign,benign,1.0,0.0,0.0,0.0
5996,benign,benign,1.0,0.0,0.0,0.0
5997,benign,benign,1.0,0.0,0.0,0.0
5998,benign,benign,1.0,0.0,0.0,0.0
5999,benign,benign,1.0,0.0,0.0,0.0
6000,bruteforce,bruteforce,0.0,1.0,0.0,0.0
6001,benign,benign,1.0,0.0,0.0,0.0
6002,benign,benign,1.0,0.0,0.0,0.0
6003,benign,benign,1.0,0.0,0.0,0.0
6004,benign,benign,0.9999597694384428,0.0,0.0,4.023056155712573e-05
6005,benign,benign,1.0,0.0,0.0,0.0
6006,bruteforce,bruteforce,0.0,1.0,0.0,0.0
6007,benign,benign,1.0,0.0,0.0,0.0
6008,benign,benign,1.0,0.0,0.0,0.0
6009,bruteforce,bruteforce,0.0,1.0,0.0,0.0
6010,recon,recon,7.143331782842707e-05,0.0,0.0,0.9999285666821716
6011,recon,recon,0.02993504004797723,0.025037602820211516,0.2948747103210101,0.6501526468108011
6012,bruteforce,bruteforce,0.0,1.0,0.0,0.0
6013,bruteforce,bruteforce,0.0,1.0,0.0,0.0
6014,benign,benign,1.0,0.0,0.0,0.0
6015,benign,benign,0.9999597694384428,0.0,0.0,4.023056155712573e-05
6016,recon,recon,0.0,0.0,0.0,1.0
6017,benign,benign,1.0,0.0,0.0,0.0
6018,benign,benign,1.0,0.0,0.0,0.0
6019,benign,benign,0.9999597694384428,0.0,0.0,4.023056155712573e-05
6020,benign,benign,0.9966897093479968,0.003310290652003142,0.0,0.0
6021,recon,recon,8.332147627153021e-06,0.0,0.0,0.9999916678523729
6022,benign,benign,0.7253029518226433,0.2714525829450525,0.0032444652323043344,0.0
6023,benign,benign,1.0,0.0,0.0,0.0
6024,recon,recon,0.0,0.0,0.0,1.0
6025,benign,benign,1.0,0.0,0.0,0.0
6026,bruteforce,bruteforce,0.0,1.0,0.0,0.0
6027,recon,recon,8.332147627153021e-06,0.0,0.0,0.9999916678523729
6028,bruteforce,bruteforce,0.0,0.999498037847737,0.0005019621522630156,0.0
6029,bruteforce,bruteforce,0.0,1.0,0.0,0.0
6030,benign,benign,1.0,0.0,0.0,0.0
6031,recon,recon,0.0,0.0,0.0,1.0
6032,benign,benign,1.0,0.0,0.0,0.0
6033,benign,benign,1.0,0.0,0.0,0.0
6034,benign,benign,1.0,0.0,0.0,0.0
6035,recon,recon,8.332147627153021e-06,0.0,0.0,0.9999916678523729
6036,recon,recon,0.0,0.0,0.0,1.0
6037,benign,benign,1.0,0.0,0.0,0.0
6038,benign,benign,1.0,0.0,0.0,0.0
6039,bruteforce,bruteforce,0.0,0.9983079744069913,0.0016920255930087391,0.0
6040,bruteforce,bruteforce,0.0,1.0,0.0,0.0
6041,benign,benign,1.0,0.0,0.0,0.0
6042,bruteforce,bruteforce,0.0,1.0,0.0,0.0
6043,benign,benign,1.0,0.0,0.0,0.0
6044,recon,recon,0.0,0.0,0.0,1.0
6045,benign,benign,0.99,0.0,0.01,0.0
6046,benign,benign,1.0,0.0,0.0,0.0
6047,benign,benign,0.9999597694384428,0.0,0.0,4.023056155712573e-05
6048,benign,benign,1.0,0.0,0.0,0.0
6049,recon,recon,0.0,0.0,0.0,1.0
6050,bruteforce,bruteforce,0.0,1.0,0.0,0.0
6051,benign,benign,1.0,0.0,0.0,0.0
6052,recon,recon,0.0,0.0,0.0,1.0
6053,bruteforce,bruteforce,0.0,1.0,0.0,0.0
6054,bruteforce,bruteforce,0.0,1.0,0.0,0.0
6055,bruteforce,bruteforce,0.0,1.0,0.0,0.0
6056,benign,benign,1.0,0.0,0.0,0.0
6057,benign,benign,1.0,0.0,0.0,0.0
6058,bruteforce,bruteforce,0.0,1.0,0.0,0.0
6059,benign,benign,0.9920993056216213,0.005377963053721841,0.0025227313246568017,0.0
6060,benign,benign,1.0,0.0,0.0,0.0
6061,bruteforce,bruteforce,0.0,1.0,0.0,0.0
6062,benign,benign,0.9999597694384428,0.0,0.0,4.023056155712573e-05
6063,benign,benign,1.0,0.0,0.0,0.0
6064,benign,benign,0.9999597694384428,0.0,0.0,4.023056155712573e-05
6065,bruteforce,bruteforce,0.0,1.0,0.0,0.0
6066,bruteforce,bruteforce,0.0,1.0,0.0,0.0
6067,recon,recon,0.0,0.0,0.0,1.0
6068,bruteforce,bruteforce,0.0,1.0,0.0,0.0
6069,benign,benign,1.0,0.0,0.0,0.0
6070,recon,recon,8.332147627153021e-06,0.0,0.0,0.9999916678523729
6071,benign,benign,1.0,0.0,0.0,0.0
6072,benign,benign,1.0,0.0,0.0,0.0
6073,benign,benign,1.0,0.0,0.0,0.0
6074,benign,benign,0.99,0.0,0.01,0.0
6075,bruteforce,bruteforce,0.0,1.0,0.0,0.0
6076,recon,recon,8.332147627153021e-06,0.0,0.0,0.9999916678523729
6077,benign,benign,0.9999597694384428,0.0,0.0,4.023056155712573e-05
6078,benign,benign,1.0,0.0,0.0,0.0
6079,bruteforce,bruteforce,0.0,1.0,0.0,0.0
6080,benign,benign,1.0,0.0,0.0,0.0
6081,recon,recon,0.0,0.0,0.0,1.0
6082,recon,recon,0.0,0.0,0.0,1.0
6083,benign,benign,1.0,0.0,0.0,0.0
6084,benign,benign,1.0,0.0,0.0,0.0
6085,bruteforce,bruteforce,0.0,1.0,0.0,0.0
6086,bruteforce,bruteforce,0.0,1.0,0.0,0.0
6087,recon,recon,0.0,0.0,0.0,1.0
6088,bruteforce,bruteforce,0.0,1.0,0.0,0.0
6089,benign,benign,1.0,0.0,0.0,0.0
6090,benign,benign,1.0,0.0,0.0,0.0
6091,bruteforce,bruteforce,0.0,1.0,0.0,0.0
6092,recon,recon,0.0,0.0,0.0,1.0
6093,benign,benign,1.0,0.0,0.0,0.0
6094,bruteforce,bruteforce,0.0,1.0,0.0,0.0
6095,recon,recon,0.0,0.0,0.0,1.0
6096,recon,recon,0.0,0.0,0.0,1.0
6097,benign,benign,1.0,0.0,0.0,0.0
6098,benign,benign,0.9874356530028598,0.012564346997140135,0.0,0.0
6099,benign,benign,0.9999597694384428,0.0,0.0,4.023056155712573e-05
6100,bruteforce,bruteforce,0.0,1.0,0.0,0.0
6101,bruteforce,bruteforce,0.0,1.0,0.0,0.0
6102,recon,recon,0.0,0.0,0.0,1.0
6103,benign,benign,1.0,0.0,0.0,0.0
6104,benign,benign,1.0,0.0,0.0,0.0
6105,bruteforce,bruteforce,0.0,1.0,0.0,0.0
6106,bruteforce,bruteforce,0.0,0.9933038759689922,0.006696124031007752,0.0
6107,benign,benign,0.977894843505709,0.011267070329018634,0.00331934731934732,0.007518738845925045
6108,recon,recon,0.000535131686623012,0.0,0.0,0.9994648683133769
6109,bruteforce,bruteforce,0.0,1.0,0.0,0.0
6110,recon,recon,8.332147627153021e-06,0.0,0.0,0.9999916678523729
6111,recon,recon,0.0,0.0,0.0,1.0
6112,benign,benign,1.0,0.0,0.0,0.0
6113,benign,benign,1.0,0.0,0.0,0.0
6114,recon,recon,0.0,0.0,0.0,1.0
6115,benign,benign,0.9999597694384428,0.0,0.0,4.023056155712573e-05
6116,benign,benign,0.996609562373462,0.0033904376265379223,0.0,0.0
6117,benign,benign,1.0,0.0,0.0,0.0
6118,recon,recon,0.000535131686623012,0.0,0.0,0.9994648683133769
6119,bruteforce,bruteforce,0.0,1.0,0.0,0.0
6120,benign,benign,0.9997616436818173,0.0,0.00023835631818266853,0.0
6121,benign,benign,0.9850151691948659,0.01,0.0,0.0049848308051341885
6122,recon,recon,8.332147627153021e-06,0.0,5.766872655310987e-05,0.9999339991258198
6123,benign,benign,1.0,0.0,0.0,0.0
6124,benign,benign,0.99,0.01,0.0,0.0
6125,bruteforce,bruteforce,0.0,0.989951832046151,0.01004816795384892,0.0
6126,recon,recon,0.0,0.0,0.0,1.0
6127,recon,recon,0.0,0.0,0.0,1.0
6128,recon,recon,8.332147627153021e-06,0.0,0.0,0.9999916678523729
6129,benign,benign,1.0,0.0,0.0,0.0
6130,bruteforce,bruteforce,0.0,1.0,0.0,0.0
6131,bruteforce,bruteforce,0.0,1.0,0.0,0.0
6132,bruteforce,bruteforce,0.0,1.0,0.0,0.0
6133,benign,benign,1.0,0.0,0.0,0.0
6134,benign,benign,0.9949437016185785,0.005056298381421533,0.0,0.0
6135,recon,recon,0.0,0.0,0.0,1.0
6136,recon,recon,0.0,0.0,0.0,1.0
6137,benign,benign,1.0,0.0,0.0,0.0
6138,benign,benign,1.0,0.0,0.0,0.0
6139,recon,recon,0.0,0.0,5.766872655310987e-05,0.999942331273447
6140,recon,recon,0.0,0.0,0.0,1.0
6141,bruteforce,bruteforce,0.0,1.0,0.0,0.0
6142,benign,benign,1.0,0.0,0.0,0.0
6143,recon,recon,0.0,0.0,0.0,1.0
6144,recon,recon,8.332147627153021e-06,0.0,0.0,0.9999916678523729
6145,benign,benign,0.9997616436818173,0.0,0.00023835631818266853,0.0
6146,bruteforce,bruteforce,0.0,1.0,0.0,0.0
6147,recon,recon,8.332147627153021e-06,0.0,0.0,0.9999916678523729
6148,benign,benign,1.0,0.0,0.0,0.0
6149,recon,recon,8.332147627153021e-06,0.0,0.0,0.9999916678523729
6150,recon,recon,0.0,0.0,0.0,1.0
6151,recon,recon,8.332147627153021e-06,0.0,0.0,0.9999916678523729
6152,benign,benign,1.0,0.0,0.0,0.0
6153,benign,benign,1.0,0.0,0.0,0.0
6154,recon,recon,0.0,0.0,0.0,1.0
6155,benign,benign,1.0,0.0,0.0,0.0
6156,benign,benign,0.9867024636765634,0.0,0.013297536323436514,0.0
6157,recon,recon,0.00028760231668372674,0.0,0.0,0.9997123976833163
6158,bruteforce,bruteforce,0.0,1.0,0.0,0.0
6159,recon,recon,0.00028760231668372674,0.0,0.0,0.9997123976833163
6160,recon,recon,0.00028760231668372674,0.0,0.0,0.9997123976833163
6161,recon,recon,8.332147627153021e-06,0.0,0.0,0.9999916678523729
6162,recon,recon,0.0,0.0,0.0,1.0
6163,bruteforce,bruteforce,0.0,1.0,0.0,0.0
6164,benign,benign,1.0,0.0,0.0,0.0
6165,bruteforce,bruteforce,0.0,1.0,0.0,0.0
6166,benign,benign,0.986609562373462,0.0033904376265379223,0.01,0.0
6167,recon,recon,8.332147627153021e-06,0.0,0.0,0.9999916678523729
6168,benign,benign,0.9999597694384428,0.0,0.0,4.023056155712573e-05
6169,bruteforce,bruteforce,0.0049889031655180474,0.995011096834482,0.0,0.0
6170,bruteforce,bruteforce,0.0,1.0,0.0,0.0
6171,recon,recon,8.332147627153021e-06,0.0,0.0,0.9999916678523729
6172,benign,benign,1.0,0.0,0.0,0.0
6173,bruteforce,bruteforce,0.0,1.0,0.0,0.0
6174,benign,benign,1.0,0.0,0.0,0.0
6175,bruteforce,bruteforce,0.0,1.0,0.0,0.0
6176,benign,benign,0.9999597694384428,0.0,0.0,4.023056155712573e-05
6177,benign,benign,1.0,0.0,0.0,0.0
6178,bruteforce,bruteforce,0.0,1.0,0.0,0.0
6179,bruteforce,bruteforce,0.0,1.0,0.0,0.0
6180,benign,benign,1.0,0.0,0.0,0.0
6181,benign,benign,1.0,0.0,0.0,0.0
6182,benign,benign,1.0,0.0,0.0,0.0
6183,recon,recon,8.332147627153021e-06,0.0,0.0,0.9999916678523729
6184,benign,benign,1.0,0.0,0.0,0.0
6185,benign,benign,0.991751988298072,0.0032953303139153524,0.0,0.004952681388012619
6186,bruteforce,bruteforce,0.0,1.0,0.0,0.0
6187,benign,benign,0.9997616436818173,0.0,0.00023835631818266853,0.0
6188,recon,recon,8.332147627153021e-06,0.0,0.0,0.9999916678523729
6189,recon,recon,0.0,0.0,0.0,1.0
6190,bruteforce,bruteforce,0.0,1.0,0.0,0.0
6191,benign,benign,1.0,0.0,0.0,0.0
6192,bruteforce,bruteforce,0.0,1.0,0.0,0.0
6193,recon,recon,8.332147627153021e-06,0.0,0.0,0.9999916678523729
6194,benign,benign,1.0,0.0,0.0,0.0
6195,benign,benign,1.0,0.0,0.0,0.0
6196,bruteforce,bruteforce,0.0,1.0,0.0,0.0
6197,recon,recon,8.332147627153021e-06,0.0,0.0,0.9999916678523729
6198,recon,recon,0.0,0.0,0.0,1.0
6199,recon,recon,0.0,0.0,0.0,1.0
6200,recon,recon,0.0,0.0,0.0,1.0
6201,bruteforce,bruteforce,0.0,1.0,0.0,0.0
6202,recon,recon,8.332147627153021e-06,0.0,0.0,0.9999916678523729
6203,benign,benign,1.0,0.0,0.0,0.0
6204,bruteforce,bruteforce,0.0,1.0,0.0,0.0
6205,bruteforce,bruteforce,0.0,1.0,0.0,0.0
6206,recon,recon,0.0,0.0,0.0,1.0
6207,bruteforce,bruteforce,0.0,1.0,0.0,0.0
6208,benign,benign,1.0,0.0,0.0,0.0
6209,recon,recon,8.332147627153021e-06,0.0,0.0,0.9999916678523729
6210,recon,recon,0.0,0.0,0.0,1.0
6211,benign,benign,0.9997616436818173,0.0,0.00023835631818266853,0.0
6212,recon,recon,8.332147627153021e-06,0.0,0.0,0.9999916678523729
6213,recon,recon,0.0,0.0,0.0,1.0
6214,benign,benign,1.0,0.0,0.0,0.0
6215,benign,benign,1.0,0.0,0.0,0.0
6216,recon,recon,0.0,0.0,0.0,1.0
6217,recon,recon,0.0,0.0,0.0,1.0
6218,recon,recon,0.0,0.0,0.0,1.0
6219,benign,benign,1.0,0.0,0.0,0.0
6220,recon,recon,0.0,0.0,0.0,1.0
6221,benign,benign,1.0,0.0,0.0,0.0
6222,recon,recon,0.0,0.0,0.0,1.0
6223,benign,benign,1.0,0.0,0.0,0.0
6224,recon,recon,0.0,0.0,0.0,1.0
6225,recon,recon,0.0,0.0,0.0,1.0
6226,benign,benign,1.0,0.0,0.0,0.0
6227,benign,benign,1.0,0.0,0.0,0.0
6228,benign,benign,1.0,0.0,0.0,0.0
6229,recon,recon,0.0,0.0,0.0,1.0
6230,benign,benign,1.0,0.0,0.0,0.0
6231,benign,benign,1.0,0.0,0.0,0.0
6232,benign,benign,1.0,0.0,0.0,0.0
6233,recon,recon,0.0,0.0,0.0,1.0
6234,recon,recon,0.0,0.0,0.0,1.0
6235,recon,recon,8.332147627153021e-06,0.0,0.0,0.9999916678523729
6236,benign,benign,1.0,0.0,0.0,0.0
6237,recon,recon,0.0,0.0,0.0,1.0
6238,benign,benign,0.9999597694384428,0.0,0.0,4.023056155712573e-05
6239,bruteforce,bruteforce,0.0,1.0,0.0,0.0
6240,benign,benign,1.0,0.0,0.0,0.0
6241,recon,recon,0.0,0.0,0.0,1.0
6242,bruteforce,bruteforce,0.0,1.0,0.0,0.0
6243,bruteforce,bruteforce,0.0,1.0,0.0,0.0
6244,recon,recon,0.0,0.0,0.0,1.0
6245,benign,benign,1.0,0.0,0.0,0.0
6246,recon,recon,0.0,0.0,0.0,1.0
6247,bruteforce,bruteforce,0.0,1.0,0.0,0.0
6248,benign,benign,1.0,0.0,0.0,0.0
6249,benign,benign,1.0,0.0,0.0,0.0
6250,bruteforce,bruteforce,0.0,1.0,0.0,0.0
6251,benign,benign,1.0,0.0,0.0,0.0
6252,benign,benign,1.0,0.0,0.0,0.0
6253,bruteforce,bruteforce,0.0,1.0,0.0,0.0
6254,benign,benign,0.9999597694384428,0.0,0.0,4.023056155712573e-05
6255,recon,recon,0.0,0.0,0.0,1.0
6256,recon,recon,0.0,0.0,0.0,1.0
6257,bruteforce,bruteforce,0.0,1.0,0.0,0.0
6258,benign,benign,1.0,0.0,0.0,0.0
6259,benign,benign,0.9999597694384428,0.0,0.0,4.023056155712573e-05
6260,bruteforce,bruteforce,0.0,1.0,0.0,0.0
6261,benign,benign,1.0,0.0,0.0,0.0
6262,recon,recon,0.0,0.0,0.0,1.0
6263,recon,recon,0.0,0.0,0.0,1.0
6264,recon,recon,0.0,0.0,0.0,1.0
6265,bruteforce,bruteforce,0.0,1.0,0.0,0.0
6266,recon,recon,0.0,0.0,0.0,1.0
6267,bruteforce,bruteforce,0.0,1.0,0.0,0.0
6268,benign,benign,0.9900526854211381,0.0,0.00500295473348304,0.004944359845378939
6269,bruteforce,bruteforce,0.0,1.0,0.0,0.0
6270,benign,benign,1.0,0.0,0.0,0.0
6271,recon,recon,0.0,0.0,0.0,1.0
6272,recon,recon,0.0,0.0,0.0,1.0
6273,bruteforce,bruteforce,0.0,1.0,0.0,0.0
6274,benign,benign,1.0,0.0,0.0,0.0
6275,recon,recon,0.0,0.0,0.0,1.0
6276,benign,benign,1.0,0.0,0.0,0.0
6277,bruteforce,bruteforce,0.0,1.0,0.0,0.0
6278,recon,recon,0.0,0.0,0.0,1.0
6279,benign,benign,1.0,0.0,0.0,0.0
6280,recon,recon,0.0,0.0,5.766872655310987e-05,0.999942331273447
6281,recon,recon,8.332147627153021e-06,0.0,0.0,0.9999916678523729
6282,benign,benign,1.0,0.0,0.0,0.0
6283,recon,recon,0.0,0.0,0.0,1.0
6284,benign,benign,1.0,0.0,0.0,0.0
6285,benign,benign,1.0,0.0,0.0,0.0
6286,benign,benign,0.9999597694384428,0.0,0.0,4.023056155712573e-05
6287,benign,benign,1.0,0.0,0.0,0.0
6288,benign,benign,0.9999597694384428,0.0,0.0,4.023056155712573e-05
6289,benign,benign,1.0,0.0,0.0,0.0
6290,recon,recon,0.0,0.0,0.0,1.0
6291,recon,recon,0.0,0.0,0.0,1.0
6292,benign,benign,1.0,0.0,0.0,0.0
6293,bruteforce,bruteforce,0.0,1.0,0.0,0.0
6294,bruteforce,bruteforce,0.0,1.0,0.0,0.0
6295,recon,recon,8.332147627153021e-06,0.0,0.0,0.9999916678523729
6296,recon,recon,0.0,0.0,0.0,1.0
6297,benign,benign,1.0,0.0,0.0,0.0
6298,recon,recon,0.0,0.0,0.0,1.0
6299,bruteforce,bruteforce,0.0,1.0,0.0,0.0
6300,bruteforce,bruteforce,0.0,1.0,0.0,0.0
6301,benign,benign,1.0,0.0,0.0,0.0
6302,benign,benign,0.9999597694384428,0.0,0.0,4.023056155712573e-05
6303,recon,recon,0.0,0.0,0.0,1.0
6304,recon,recon,0.0,0.0,0.0,1.0
6305,benign,benign,1.0,0.0,0.0,0.0
6306,benign,benign,1.0,0.0,0.0,0.0
6307,recon,recon,0.0,0.0,0.0,1.0
6308,recon,recon,0.0,0.0,0.0,1.0
6309,bruteforce,bruteforce,0.0,1.0,0.0,0.0
6310,recon,recon,8.332147627153021e-06,0.0,0.0,0.9999916678523729
6311,recon,recon,0.0,0.0,0.0,1.0
6312,bruteforce,bruteforce,0.0,1.0,0.0,0.0
6313,benign,benign,1.0,0.0,0.0,0.0
6314,bruteforce,bruteforce,0.0,1.0,0.0,0.0
6315,bruteforce,bruteforce,0.0,1.0,0.0,0.0
6316,benign,benign,1.0,0.0,0.0,0.0
6317,benign,benign,0.9999597694384428,0.0,0.0,4.023056155712573e-05
6318,benign,benign,1.0,0.0,0.0,0.0
6319,benign,benign,0.9948830642224881,0.0,0.0,0.00511693577751181
6320,benign,benign,0.9966135897840138,0.0,0.0033864102159861264,0.0
6321,benign,benign,1.0,0.0,0.0,0.0
6322,recon,recon,8.332147627153021e-06,0.0,0.0,0.9999916678523729
6323,bruteforce,bruteforce,0.0,1.0,0.0,0.0
6324,benign,benign,1.0,0.0,0.0,0.0
6325,benign,benign,1.0,0.0,0.0,0.0
6326,bruteforce,bruteforce,0.02,0.98,0.0,0.0
6327,recon,recon,8.332147627153021e-06,0.0,0.0,0.9999916678523729
6328,benign,benign,1.0,0.0,0.0,0.0
6329,benign,benign,1.0,0.0,0.0,0.0
6330,recon,recon,0.0,0.0,0.0,1.0
6331,recon,recon,0.0,0.0,0.0,1.0
6332,benign,benign,0.9999597694384428,0.0,0.0,4.023056155712573e-05
6333,benign,benign,1.0,0.0,0.0,0.0
6334,benign,benign,1.0,0.0,0.0,0.0
6335,recon,recon,8.332147627153021e-06,0.0,0.0,0.9999916678523729
6336,benign,benign,1.0,0.0,0.0,0.0
6337,benign,benign,1.0,0.0,0.0,0.0
6338,benign,benign,1.0,0.0,0.0,0.0
6339,benign,benign,1.0,0.0,0.0,0.0
6340,recon,recon,0.000535131686623012,0.0,0.0,0.9994648683133769
6341,recon,recon,0.0,0.0,0.0,1.0
6342,bruteforce,bruteforce,0.0,1.0,0.0,0.0
6343,benign,benign,1.0,0.0,0.0,0.0
6344,bruteforce,bruteforce,0.0,1.0,0.0,0.0
6345,recon,recon,0.0,0.0,0.0,1.0
6346,recon,recon,0.0,0.0,0.0,1.0
6347,recon,recon,0.0,0.0,0.0,1.0
6348,benign,benign,0.9999597694384428,0.0,0.0,4.023056155712573e-05
6349,benign,benign,1.0,0.0,0.0,0.0
6350,benign,benign,1.0,0.0,0.0,0.0
6351,recon,recon,0.0,0.0,0.0,1.0
6352,recon,recon,0.0,0.0,0.0,1.0
6353,recon,recon,8.332147627153021e-06,0.0,0.0,0.9999916678523729
6354,benign,benign,0.6878335785259634,0.2741135283409398,0.008054932735426007,0.02999796039767078
6355,benign,benign,1.0,0.0,0.0,0.0
6356,benign,benign,1.0,0.0,0.0,0.0
6357,bruteforce,bruteforce,0.0,1.0,0.0,0.0
6358,benign,benign,0.9999597694384428,0.0,0.0,4.023056155712573e-05
6359,recon,recon,0.0,0.0,0.0,1.0
6360,benign,benign,1.0,0.0,0.0,0.0
6361,benign,benign,1.0,0.0,0.0,0.0
6362,recon,recon,0.0,0.0,0.0,1.0
6363,benign,benign,0.9999597694384428,0.0,0.0,4.023056155712573e-05
6364,bruteforce,bruteforce,0.0,1.0,0.0,0.0
6365,recon,recon,0.0,0.0,0.0,1.0
6366,benign,benign,1.0,0.0,0.0,0.0
6367,recon,recon,0.0,0.0,0.0,1.0
6368,bruteforce,bruteforce,0.0,1.0,0.0,0.0
6369,benign,benign,1.0,0.0,0.0,0.0
6370,recon,recon,0.0,0.0,0.0,1.0
6371,recon,recon,0.006698195002758729,0.0,5.766872655310987e-05,0.9932441362706882
6372,benign,benign,1.0,0.0,0.0,0.0
6373,benign,benign,1.0,0.0,0.0,0.0
6374,benign,benign,1.0,0.0,0.0,0.0
6375,benign,benign,1.0,0.0,0.0,0.0
6376,benign,benign,1.0,0.0,0.0,0.0
6377,recon,recon,0.0,0.0,0.0,1.0
6378,benign,benign,1.0,0.0,0.0,0.0
6379,benign,benign,1.0,0.0,0.0,0.0
6380,benign,benign,1.0,0.0,0.0,0.0
6381,recon,recon,0.000535131686623012,0.0,0.0,0.9994648683133769
6382,benign,benign,1.0,0.0,0.0,0.0
6383,benign,benign,1.0,0.0,0.0,0.0
6384,recon,recon,0.0,0.0,0.0,1.0
6385,recon,recon,8.332147627153021e-06,0.0,0.0,0.9999916678523729
6386,bruteforce,bruteforce,0.017645171469543815,0.9823548285304562,0.0,0.0
6387,benign,benign,1.0,0.0,0.0,0.0
6388,recon,recon,0.0,0.0,0.0,1.0
6389,benign,benign,1.0,0.0,0.0,0.0
6390,recon,recon,0.0,0.0,0.0,1.0
6391,benign,benign,0.9767046696860846,0.0032953303139153524,0.02,0.0
6392,bruteforce,bruteforce,0.0,1.0,0.0,0.0
6393,benign,benign,0.9999597694384428,0.0,0.0,4.023056155712573e-05
6394,recon,recon,0.0001181873401447448,0.0,0.0,0.9998818126598553
6395,bruteforce,bruteforce,0.0,1.0,0.0,0.0
6396,benign,benign,0.9999597694384428,0.0,0.0,4.023056155712573e-05
6397,benign,benign,0.9948830642224881,0.0,0.0,0.00511693577751181
6398,benign,benign,1.0,0.0,0.0,0.0
6399,benign,benign,1.0,0.0,0.0,0.0
6400,bruteforce,bruteforce,0.0,1.0,0.0,0.0
6401,bruteforce,bruteforce,0.0,1.0,0.0,0.0
6402,benign,benign,1.0,0.0,0.0,0.0
6403,recon,recon,8.332147627153021e-06,0.0,0.0,0.9999916678523729
6404,benign,benign,0.9750411861614497,0.0,0.02495881383855025,0.0
6405,bruteforce,bruteforce,0.0,1.0,0.0,0.0
6406,recon,recon,0.0,0.0,0.0,1.0
6407,recon,recon,8.332147627153021e-06,0.0,0.0,0.9999916678523729
6408,benign,benign,1.0,0.0,0.0,0.0
6409,recon,recon,0.0,0.0,0.0,1.0
6410,recon,recon,0.0,0.0,5.766872655310987e-05,0.999942331273447
6411,recon,recon,0.0,0.0,0.0,1.0
6412,recon,recon,0.0,0.0,0.0,1.0
6413,recon,recon,0.0,0.0,0.0,1.0
6414,bruteforce,bruteforce,0.0,1.0,0.0,0.0
6415,recon,recon,0.0,0.0,0.0,1.0
6416,recon,recon,8.332147627153021e-06,0.0,0.0,0.9999916678523729
6417,benign,benign,1.0,0.0,0.0,0.0
6418,benign,benign,0.9999597694384428,0.0,0.0,4.023056155712573e-05
6419,recon,recon,8.332147627153021e-06,0.0,0.0,0.9999916678523729
6420,bruteforce,bruteforce,0.0,1.0,0.0,0.0
6421,benign,benign,0.9999597694384428,0.0,0.0,4.023056155712573e-05
6422,recon,recon,8.332147627153021e-06,0.0,0.0,0.9999916678523729
6423,benign,benign,1.0,0.0,0.0,0.0
6424,recon,recon,0.0,0.0,0.0,1.0
6425,bruteforce,bruteforce,0.0,1.0,0.0,0.0
6426,recon,recon,8.332147627153021e-06,0.0,0.0,0.9999916678523729
6427,bruteforce,bruteforce,0.0,1.0,0.0,0.0
6428,benign,benign,1.0,0.0,0.0,0.0
6429,recon,recon,8.332147627153021e-06,0.0,0.0,0.9999916678523729
6430,benign,benign,1.0,0.0,0.0,0.0
6431,benign,benign,1.0,0.0,0.0,0.0
6432,recon,recon,8.332147627153021e-06,0.0,0.0,0.9999916678523729
6433,bruteforce,bruteforce,0.0,1.0,0.0,0.0
6434,recon,recon,0.0,0.0,0.0,1.0
6435,bruteforce,bruteforce,0.0,1.0,0.0,0.0
6436,benign,benign,1.0,0.0,0.0,0.0
6437,benign,benign,1.0,0.0,0.0,0.0
6438,recon,recon,8.332147627153021e-06,0.0,0.0,0.9999916678523729
6439,benign,benign,1.0,0.0,0.0,0.0
6440,recon,recon,0.0,0.0,0.0,1.0
6441,bruteforce,bruteforce,0.0,1.0,0.0,0.0
6442,bruteforce,bruteforce,0.0,1.0,0.0,0.0
6443,benign,benign,1.0,0.0,0.0,0.0
6444,benign,benign,0.9924265089580797,0.007573491041920333,0.0,0.0
6445,bruteforce,bruteforce,0.0,1.0,0.0,0.0
6446,bruteforce,bruteforce,0.0,1.0,0.0,0.0
6447,bruteforce,bruteforce,0.0,1.0,0.0,0.0
6448,benign,benign,1.0,0.0,0.0,0.0
6449,recon,recon,8.332147627153021e-06,0.0,5.766872655310987e-05,0.9999339991258198
6450,benign,benign,0.9997616436818173,0.0,0.00023835631818266853,0.0
6451,recon,recon,8.332147627153021e-06,0.0,0.0,0.9999916678523729
6452,bruteforce,bruteforce,0.0,1.0,0.0,0.0
6453,benign,benign,1.0,0.0,0.0,0.0
6454,benign,benign,1.0,0.0,0.0,0.0
6455,recon,recon,0.0,0.0,0.0,1.0
6456,benign,benign,1.0,0.0,0.0,0.0
6457,benign,benign,1.0,0.0,0.0,0.0
6458,benign,benign,0.9997616436818173,0.0,0.00023835631818266853,0.0
6459,recon,recon,0.0,0.0,0.0,1.0
6460,recon,recon,0.0,0.0,0.0,1.0
6461,recon,recon,0.0,0.0,0.0,1.0
6462,benign,benign,1.0,0.0,0.0,0.0
6463,bruteforce,bruteforce,0.0,1.0,0.0,0.0
6464,bruteforce,bruteforce,0.0,1.0,0.0,0.0
6465,benign,benign,1.0,0.0,0.0,0.0
6466,bruteforce,bruteforce,0.0,1.0,0.0,0.0
6467,benign,benign,1.0,0.0,0.0,0.0
6468,bruteforce,bruteforce,0.0,1.0,0.0,0.0
6469,recon,recon,0.0,0.0,0.0,1.0
6470,recon,recon,0.0,0.0,0.0,1.0
6471,benign,benign,0.9997616436818173,0.0,0.00023835631818266853,0.0
6472,benign,benign,1.0,0.0,0.0,0.0
6473,benign,benign,1.0,0.0,0.0,0.0
6474,bruteforce,bruteforce,0.0,1.0,0.0,0.0
6475,bruteforce,bruteforce,0.025852916457757377,0.9167483649279033,0.05739871861433936,0.0
6476,benign,benign,1.0,0.0,0.0,0.0
6477,bruteforce,bruteforce,0.0,1.0,0.0,0.0
6478,benign,benign,1.0,0.0,0.0,0.0
6479,recon,recon,0.0,0.0,0.0,1.0
6480,bruteforce,bruteforce,0.0,1.0,0.0,0.0
6481,benign,benign,1.0,0.0,0.0,0.0
6482,bruteforce,bruteforce,0.0033536871770784406,0.9916139054155143,0.005032407407407407,0.0
6483,recon,recon,8.332147627153021e-06,0.0,0.0,0.9999916678523729
6484,benign,benign,1.0,0.0,0.0,0.0
6485,benign,benign,1.0,0.0,0.0,0.0
6486,benign,benign,1.0,0.0,0.0,0.0
6487,bruteforce,bruteforce,0.0,1.0,0.0,0.0
6488,bruteforce,bruteforce,0.0,1.0,0.0,0.0
6489,bruteforce,bruteforce,0.0,1.0,0.0,0.0
6490,benign,benign,1.0,0.0,0.0,0.0
6491,recon,recon,0.0,0.0,0.0,1.0
6492,benign,benign,1.0,0.0,0.0,0.0
6493,benign,benign,1.0,0.0,0.0,0.0
6494,benign,benign,1.0,0.0,0.0,0.0
6495,benign,benign,1.0,0.0,0.0,0.0
6496,bruteforce,bruteforce,0.0,1.0,0.0,0.0
6497,benign,benign,1.0,0.0,0.0,0.0
6498,benign,benign,0.994882469886563,0.0,0.005117530113437026,0.0
6499,bruteforce,bruteforce,0.0,1.0,0.0,0.0
6500,bruteforce,bruteforce,0.0,1.0,0.0,0.0
6501,bruteforce,bruteforce,0.0,1.0,0.0,0.0
6502,benign,benign,0.9997616436818173,0.0,0.00023835631818266853,0.0
6503,bruteforce,bruteforce,0.0,1.0,0.0,0.0
6504,recon,recon,0.0,0.0,0.0,1.0
6505,benign,benign,1.0,0.0,0.0,0.0
6506,benign,benign,1.0,0.0,0.0,0.0
6507,benign,benign,1.0,0.0,0.0,0.0
6508,recon,recon,0.0,0.0,5.766872655310987e-05,0.999942331273447
6509,recon,recon,0.0,0.0,0.0,1.0
6510,bruteforce,bruteforce,0.0,1.0,0.0,0.0
6511,bruteforce,bruteforce,0.0,1.0,0.0,0.0
6512,recon,recon,0.0,0.0,0.0,1.0
6513,recon,recon,0.0,0.0,0.0,1.0
6514,recon,recon,8.332147627153021e-06,0.0,0.0,0.9999916678523729
6515,recon,recon,0.0,0.0,0.0,1.0
6516,recon,recon,8.332147627153021e-06,0.0,0.0,0.9999916678523729
6517,benign,benign,1.0,0.0,0.0,0.0
6518,benign,benign,1.0,0.0,0.0,0.0
6519,recon,recon,8.332147627153021e-06,0.0,0.0,0.9999916678523729
6520,benign,benign,1.0,0.0,0.0,0.0
6521,bruteforce,bruteforce,0.02747669694072658,0.9125233030592734,0.06,0.0
6522,bruteforce,bruteforce,0.0,1.0,0.0,0.0
6523,benign,benign,1.0,0.0,0.0,0.0
6524,benign,benign,1.0,0.0,0.0,0.0
6525,recon,recon,0.0,0.0,0.0,1.0
6526,bruteforce,bruteforce,0.0,1.0,0.0,0.0
6527,recon,recon,0.0,0.0,0.0,1.0
6528,benign,benign,1.0,0.0,0.0,0.0
6529,recon,recon,0.0,0.0,0.0,1.0
6530,benign,benign,1.0,0.0,0.0,0.0
6531,benign,benign,1.0,0.0,0.0,0.0
6532,benign,benign,0.988900578340307,0.0,0.0010108765195137555,0.010088545140179171
6533,benign,benign,1.0,0.0,0.0,0.0
6534,recon,recon,8.332147627153021e-06,0.0,0.0,0.9999916678523729
6535,recon,recon,8.332147627153021e-06,0.0,5.766872655310987e-05,0.9999339991258198
6536,benign,benign,1.0,0.0,0.0,0.0
6537,recon,recon,0.0,0.0,0.0,1.0
6538,benign,benign,1.0,0.0,0.0,0.0
6539,benign,benign,1.0,0.0,0.0,0.0
6540,recon,recon,0.0,0.0,0.0,1.0
6541,recon,recon,8.332147627153021e-06,0.0,0.0,0.9999916678523729
6542,recon,recon,0.0,0.0,0.0,1.0
6543,bruteforce,bruteforce,0.0,1.0,0.0,0.0
6544,recon,recon,0.0,0.0,0.0,1.0
6545,recon,recon,8.332147627153021e-06,0.0,0.0,0.9999916678523729
6546,bruteforce,bruteforce,0.0,1.0,0.0,0.0
6547,bruteforce,bruteforce,0.0,1.0,0.0,0.0
6548,bruteforce,bruteforce,0.0,1.0,0.0,0.0
6549,recon,recon,0.0,0.0,0.0,1.0
6550,recon,recon,0.0,0.0,0.0,1.0
6551,recon,recon,0.0,0.0,0.0,1.0
6552,bruteforce,bruteforce,0.0,1.0,0.0,0.0
6553,bruteforce,bruteforce,0.0,0.989951832046151,0.01004816795384892,0.0
6554,recon,recon,0.0,0.0,0.0,1.0
6555,recon,recon,8.332147627153021e-06,0.0,0.0,0.9999916678523729
6556,recon,recon,0.0,0.0,0.0,1.0
6557,bruteforce,bruteforce,0.0,1.0,0.0,0.0
6558,recon,recon,0.0,0.0,0.0,1.0
6559,bruteforce,bruteforce,0.0,1.0,0.0,0.0
6560,recon,recon,0.0,0.0,0.0,1.0
6561,bruteforce,bruteforce,0.0,1.0,0.0,0.0
6562,bruteforce,bruteforce,0.0,1.0,0.0,0.0
6563,recon,recon,0.0,0.0,0.0,1.0
6564,recon,recon,0.0,0.0,0.0,1.0
6565,bruteforce,bruteforce,0.0,1.0,0.0,0.0
6566,bruteforce,bruteforce,0.0,1.0,0.0,0.0
6567,recon,recon,0.0,0.0,0.0,1.0
6568,bruteforce,bruteforce,0.02747669694072658,0.9125233030592734,0.06,0.0
6569,recon,recon,0.0,0.0,0.0,1.0
6570,recon,recon,0.0,0.0,0.0,1.0
6571,bruteforce,bruteforce,0.02,0.97,0.01,0.0
6572,recon,recon,0.0,0.0,0.0,1.0
6573,bruteforce,bruteforce,0.0,1.0,0.0,0.0
6574,recon,recon,0.0,0.0,0.0,1.0
6575,recon,recon,0.0,0.0,0.0,1.0
6576,recon,recon,8.332147627153021e-06,0.0,0.0,0.9999916678523729
6577,recon,recon,8.332147627153021e-06,0.0,0.0,0.9999916678523729
6578,recon,recon,0.0,0.0,0.0,1.0
6579,bruteforce,bruteforce,0.0,1.0,0.0,0.0
6580,bruteforce,bruteforce,0.0,1.0,0.0,0.0
6581,bruteforce,bruteforce,0.0,1.0,0.0,0.0
6582,bruteforce,bruteforce,0.0,1.0,0.0,0.0
6583,recon,recon,8.332147627153021e-06,0.0,5.766872655310987e-05,0.9999339991258198
6584,recon,recon,0.0,0.0,0.0,1.0
6585,recon,recon,0.0,0.0,0.0,1.0
6586,recon,recon,0.0,0.0,0.0,1.0
6587,bruteforce,bruteforce,0.0,1.0,0.0,0.0
6588,bruteforce,bruteforce,0.0,1.0,0.0,0.0
6589,recon,recon,0.0,0.0,0.0,1.0
6590,recon,recon,0.0,0.0,0.0,1.0
6591,recon,recon,0.0,0.0,0.0,1.0
6592,recon,recon,8.332147627153021e-06,0.0,0.0,0.9999916678523729
6593,recon,recon,0.0,0.0,0.0,1.0
6594,recon,recon,0.000535131686623012,0.0,0.0,0.9994648683133769
6595,recon,recon,0.0,0.0,0.0,1.0
6596,bruteforce,bruteforce,0.0,1.0,0.0,0.0
6597,recon,recon,8.332147627153021e-06,0.0,0.0,0.9999916678523729
6598,bruteforce,bruteforce,0.0,1.0,0.0,0.0
6599,bruteforce,bruteforce,0.0,1.0,0.0,0.0
6600,bruteforce,bruteforce,0.0,1.0,0.0,0.0
6601,recon,recon,8.332147627153021e-06,0.0,0.0,0.9999916678523729
6602,recon,recon,0.0,0.0,0.0,1.0
6603,recon,recon,0.0,0.0,0.0,1.0
6604,recon,recon,0.0,0.0,0.0,1.0
6605,bruteforce,bruteforce,0.0,1.0,0.0,0.0
6606,bruteforce,bruteforce,0.0,1.0,0.0,0.0
6607,bruteforce,bruteforce,0.0,1.0,0.0,0.0
6608,recon,recon,0.0,0.0,0.0,1.0
6609,recon,recon,8.332147627153021e-06,0.0,0.0,0.9999916678523729
6610,recon,recon,8.332147627153021e-06,0.0,0.0,0.9999916678523729
6611,bruteforce,bruteforce,0.0,1.0,0.0,0.0
6612,recon,recon,8.332147627153021e-06,0.0,0.0,0.9999916678523729
6613,recon,recon,8.332147627153021e-06,0.0,0.0,0.9999916678523729
6614,bruteforce,bruteforce,0.0,1.0,0.0,0.0
6615,recon,recon,0.0,0.0,0.0,1.0
6616,recon,recon,0.0,0.0,0.0,1.0
6617,bruteforce,bruteforce,0.0,1.0,0.0,0.0
6618,bruteforce,bruteforce,0.0,1.0,0.0,0.0
6619,bruteforce,bruteforce,0.0,1.0,0.0,0.0
6620,bruteforce,bruteforce,0.0,1.0,0.0,0.0
6621,recon,recon,0.0,0.0,0.0,1.0
6622,bruteforce,bruteforce,0.0,1.0,0.0,0.0
6623,bruteforce,bruteforce,0.0,1.0,0.0,0.0
6624,recon,recon,8.332147627153021e-06,0.0,0.0,0.9999916678523729
6625,bruteforce,bruteforce,0.0,1.0,0.0,0.0
6626,bruteforce,bruteforce,0.0,0.999498037847737,0.0005019621522630156,0.0
6627,bruteforce,bruteforce,0.0,1.0,0.0,0.0
6628,recon,recon,0.0,0.0,0.0,1.0
6629,recon,recon,8.332147627153021e-06,0.0,0.0,0.9999916678523729
6630,bruteforce,bruteforce,0.0,1.0,0.0,0.0
6631,recon,recon,0.0,0.0,0.0,1.0
6632,recon,recon,0.0,0.0,0.0,1.0
6633,recon,recon,8.332147627153021e-06,0.0,0.0,0.9999916678523729
6634,recon,recon,0.0,0.0,0.0,1.0
6635,recon,recon,0.0,0.0,0.0,1.0
6636,recon,recon,0.0,0.0,0.0,1.0
6637,recon,recon,8.332147627153021e-06,0.0,0.0,0.9999916678523729
6638,bruteforce,bruteforce,0.0,1.0,0.0,0.0
6639,recon,recon,0.0,0.0,0.0,1.0
6640,bruteforce,bruteforce,0.0,1.0,0.0,0.0
6641,recon,recon,0.0,0.0,0.0,1.0
6642,recon,recon,0.0,0.0,0.0,1.0
6643,bruteforce,bruteforce,0.0,1.0,0.0,0.0
6644,recon,recon,0.0,0.0,0.0,1.0
6645,recon,recon,0.0,0.0,0.0,1.0
6646,recon,recon,0.0,0.0,0.0,1.0
6647,bruteforce,bruteforce,0.0,1.0,0.0,0.0
6648,recon,recon,0.0,0.0,0.0,1.0
6649,recon,recon,8.332147627153021e-06,0.0,5.766872655310987e-05,0.9999339991258198
6650,bruteforce,bruteforce,0.0,1.0,0.0,0.0
6651,recon,recon,8.332147627153021e-06,0.0,0.0,0.9999916678523729
6652,recon,recon,0.0,0.0,0.0,1.0
6653,bruteforce,bruteforce,0.0,1.0,0.0,0.0
6654,recon,recon,8.332147627153021e-06,0.0,0.0,0.9999916678523729
6655,recon,recon,0.0,0.0,0.0,1.0
6656,recon,recon,8.332147627153021e-06,0.0,0.0,0.9999916678523729
6657,bruteforce,bruteforce,0.0,1.0,0.0,0.0
6658,recon,recon,0.000535131686623012,0.0,0.0,0.9994648683133769
6659,bruteforce,bruteforce,0.0,1.0,0.0,0.0
6660,recon,recon,0.0,0.0,0.0,1.0
6661,recon,recon,0.0,0.0,0.0,1.0
6662,bruteforce,bruteforce,0.0,1.0,0.0,0.0
6663,bruteforce,bruteforce,0.0,1.0,0.0,0.0
6664,recon,recon,0.0,0.0,0.0,1.0
6665,bruteforce,bruteforce,0.0,1.0,0.0,0.0
6666,recon,recon,0.0,0.0,0.0,1.0
6667,recon,recon,8.332147627153021e-06,0.0,5.766872655310987e-05,0.9999339991258198
6668,recon,recon,0.0,0.0,0.0,1.0
6669,recon,recon,0.0,0.0,0.0,1.0
6670,recon,recon,8.332147627153021e-06,0.0,0.0,0.9999916678523729
6671,recon,recon,8.332147627153021e-06,0.0,0.0,0.9999916678523729
6672,recon,recon,0.0,0.0,0.0,1.0
6673,recon,recon,0.0,0.0,0.0,1.0
6674,recon,recon,8.332147627153021e-06,0.0,0.0,0.9999916678523729
6675,bruteforce,bruteforce,0.0,1.0,0.0,0.0
6676,bruteforce,bruteforce,0.0,1.0,0.0,0.0
6677,bruteforce,bruteforce,0.0,1.0,0.0,0.0
6678,recon,recon,0.0,0.0,0.0,1.0
6679,bruteforce,bruteforce,0.0,1.0,0.0,0.0
6680,recon,recon,0.0,0.0,0.0,1.0
6681,bruteforce,bruteforce,0.0,1.0,0.0,0.0
6682,bruteforce,bruteforce,0.0,1.0,0.0,0.0
6683,bruteforce,bruteforce,0.0,1.0,0.0,0.0
6684,recon,recon,0.0,0.0,0.0,1.0
6685,recon,recon,0.0,0.0,0.0,1.0
6686,recon,recon,8.332147627153021e-06,0.0,0.0,0.9999916678523729
6687,recon,recon,0.0,0.0,0.0,1.0
6688,bruteforce,bruteforce,0.0,1.0,0.0,0.0
6689,recon,recon,8.332147627153021e-06,0.0,0.0,0.9999916678523729
6690,recon,recon,0.0,0.0,0.0,1.0
6691,recon,recon,0.0,0.0,0.0,1.0
6692,bruteforce,bruteforce,0.0,1.0,0.0,0.0
6693,bruteforce,bruteforce,0.0,1.0,0.0,0.0
6694,recon,recon,0.0,0.0,0.0,1.0
6695,bruteforce,bruteforce,0.04704212315644295,0.9496736467303611,0.003284230113195844,0.0
6696,bruteforce,bruteforce,0.0,0.999498037847737,0.0005019621522630156,0.0
6697,recon,recon,0.0,0.0,0.0,1.0
6698,recon,recon,0.0,0.0,0.0,1.0
6699,bruteforce,bruteforce,0.0,1.0,0.0,0.0
6700,bruteforce,bruteforce,0.0,1.0,0.0,0.0
6701,recon,recon,0.0,0.0,0.0,1.0
6702,recon,recon,0.0,0.0,0.0,1.0
6703,recon,recon,0.0,0.0,0.0,1.0
6704,recon,recon,0.0,0.0,0.0,1.0
6705,bruteforce,bruteforce,0.0,1.0,0.0,0.0
6706,recon,recon,0.0,0.0,0.0,1.0
6707,recon,recon,0.0,0.0,0.0,1.0
6708,recon,recon,8.332147627153021e-06,0.0,0.0,0.9999916678523729
6709,recon,recon,0.0,0.0,5.766872655310987e-05,0.999942331273447
6710,recon,recon,0.0,0.0,0.0,1.0
6711,bruteforce,bruteforce,0.0,1.0,0.0,0.0
6712,bruteforce,bruteforce,0.0,1.0,0.0,0.0
6713,recon,recon,0.0,0.0,0.0,1.0
6714,bruteforce,bruteforce,0.0,1.0,0.0,0.0
6715,recon,recon,0.0,0.0,0.0,1.0
6716,recon,recon,0.0,0.0,0.0,1.0
6717,recon,recon,8.332147627153021e-06,0.0,0.0,0.9999916678523729
6718,bruteforce,bruteforce,0.0,1.0,0.0,0.0
6719,recon,recon,8.332147627153021e-06,0.0,0.0,0.9999916678523729
6720,bruteforce,bruteforce,0.0,1.0,0.0,0.0
6721,recon,recon,0.0,0.0,0.0,1.0
6722,recon,recon,0.0,0.0,0.0,1.0
6723,recon,recon,0.0,0.0,0.0,1.0
6724,bruteforce,bruteforce,0.0,1.0,0.0,0.0
6725,bruteforce,bruteforce,0.0,1.0,0.0,0.0
6726,recon,recon,8.332147627153021e-06,0.0,0.0,0.9999916678523729
6727,bruteforce,bruteforce,0.0,1.0,0.0,0.0
6728,bruteforce,bruteforce,0.0,1.0,0.0,0.0
6729,bruteforce,bruteforce,0.004906056716069553,0.9950939432839304,0.0,0.0
6730,recon,recon,0.0,0.0,0.0,1.0
6731,recon,recon,0.0,0.0,0.0,1.0
6732,recon,recon,0.0,0.0,0.0,1.0
6733,bruteforce,bruteforce,0.0,1.0,0.0,0.0
6734,bruteforce,bruteforce,0.005938432835820896,0.9864979222879575,0.007563644876221689,0.0
6735,bruteforce,bruteforce,0.0,1.0,0.0,0.0
6736,recon,recon,0.0,0.0,0.0,1.0
6737,bruteforce,bruteforce,0.0,1.0,0.0,0.0
6738,recon,recon,8.332147627153021e-06,0.0,0.0,0.9999916678523729
6739,bruteforce,bruteforce,0.0,1.0,0.0,0.0
6740,recon,recon,0.0,0.0,0.0,1.0
6741,bruteforce,bruteforce,0.0,1.0,0.0,0.0
6742,recon,recon,0.0,0.0,5.766872655310987e-05,0.999942331273447
6743,recon,recon,0.0,0.0,0.0,1.0
6744,recon,recon,8.332147627153021e-06,0.0,0.0,0.9999916678523729
6745,recon,recon,8.332147627153021e-06,0.0,0.0,0.9999916678523729
6746,bruteforce,bruteforce,0.0,1.0,0.0,0.0
6747,recon,recon,0.0,0.0,0.0,1.0
6748,recon,recon,0.0,0.0,0.0,1.0
6749,recon,recon,0.0,0.0,0.0,1.0
6750,recon,recon,0.0,0.0,0.0,1.0
6751,recon,recon,8.332147627153021e-06,0.0,0.0,0.9999916678523729
6752,recon,recon,0.0,0.0,0.0,1.0
6753,recon,recon,8.332147627153021e-06,0.0,0.0,0.9999916678523729
6754,recon,recon,0.0,0.0,0.0,1.0
6755,recon,recon,0.0,0.0,0.0,1.0
6756,bruteforce,bruteforce,0.0,1.0,0.0,0.0
6757,recon,recon,0.000535131686623012,0.0,0.0,0.9994648683133769
6758,recon,recon,8.332147627153021e-06,0.0,0.0,0.9999916678523729
6759,bruteforce,bruteforce,0.0,1.0,0.0,0.0
6760,bruteforce,bruteforce,0.0,1.0,0.0,0.0
6761,recon,recon,0.0,0.0,0.0,1.0
6762,recon,recon,0.0,0.0,0.0,1.0
6763,bruteforce,bruteforce,0.0,1.0,0.0,0.0
6764,recon,recon,0.0,0.0,0.0,1.0
6765,bruteforce,bruteforce,0.0,1.0,0.0,0.0
6766,recon,recon,8.332147627153021e-06,0.0,0.0,0.9999916678523729
6767,bruteforce,bruteforce,0.0,1.0,0.0,0.0
6768,recon,recon,8.332147627153021e-06,0.0,0.0,0.9999916678523729
6769,bruteforce,bruteforce,0.0,1.0,0.0,0.0
6770,bruteforce,bruteforce,0.0,1.0,0.0,0.0
6771,recon,recon,8.332147627153021e-06,0.0,0.0,0.9999916678523729
6772,recon,recon,0.0,0.0,5.766872655310987e-05,0.999942331273447
6773,bruteforce,bruteforce,0.0,1.0,0.0,0.0
6774,bruteforce,bruteforce,0.0,1.0,0.0,0.0
6775,bruteforce,bruteforce,0.0,1.0,0.0,0.0
6776,recon,recon,0.0,0.0,0.0,1.0
6777,recon,recon,0.000535131686623012,0.0,0.0,0.9994648683133769
6778,recon,recon,0.0,0.0,0.0,1.0
6779,bruteforce,bruteforce,0.0,1.0,0.0,0.0
6780,bruteforce,bruteforce,0.0,1.0,0.0,0.0
6781,recon,recon,0.0,0.0,0.0,1.0
6782,bruteforce,bruteforce,0.0,1.0,0.0,0.0
6783,recon,recon,8.332147627153021e-06,0.0,0.0,0.9999916678523729
6784,recon,recon,8.332147627153021e-06,0.0,0.0,0.9999916678523729
6785,recon,recon,0.0,0.0,0.0,1.0
6786,bruteforce,bruteforce,0.0,1.0,0.0,0.0
6787,recon,recon,0.0,0.0,0.0,1.0
6788,bruteforce,bruteforce,0.0,1.0,0.0,0.0
6789,recon,recon,0.0,0.0,0.0,1.0
6790,bruteforce,bruteforce,0.019888613300174447,0.9801113866998256,0.0,0.0
6791,bruteforce,bruteforce,0.0,1.0,0.0,0.0
6792,recon,recon,0.0,0.0,0.0,1.0
6793,bruteforce,bruteforce,0.0,1.0,0.0,0.0
6794,recon,recon,0.0,0.0,0.0,1.0
6795,recon,recon,0.0,0.0,0.0,1.0
6796,bruteforce,bruteforce,0.0,1.0,0.0,0.0
6797,bruteforce,bruteforce,0.0,1.0,0.0,0.0
6798,bruteforce,bruteforce,0.0,1.0,0.0,0.0
6799,recon,recon,0.0,0.0,0.0,1.0
6800,recon,recon,0.0,0.0,0.0,1.0
6801,bruteforce,bruteforce,0.006689709347996858,0.9833102906520031,0.01,0.0
6802,recon,recon,8.332147627153021e-06,0.0,0.0,0.9999916678523729
6803,recon,recon,0.0,0.0,0.0,1.0
6804,recon,recon,0.0,0.0,0.0,1.0
6805,bruteforce,bruteforce,0.0,1.0,0.0,0.0
6806,recon,recon,8.332147627153021e-06,0.0,5.766872655310987e-05,0.9999339991258198
6807,bruteforce,bruteforce,0.0,1.0,0.0,0.0
6808,bruteforce,bruteforce,0.0,1.0,0.0,0.0
6809,recon,recon,0.0,0.0,0.0,1.0
6810,recon,recon,0.000535131686623012,0.0,0.0,0.9994648683133769
6811,recon,recon,0.0,0.0,0.0,1.0
6812,bruteforce,bruteforce,0.0,1.0,0.0,0.0
6813,bruteforce,bruteforce,0.0,1.0,0.0,0.0
6814,recon,recon,8.332147627153021e-06,0.0,0.0,0.9999916678523729
6815,bruteforce,bruteforce,0.0,1.0,0.0,0.0
6816,recon,recon,0.0,0.0,0.0,1.0
6817,recon,recon,8.332147627153021e-06,0.0,0.0,0.9999916678523729
6818,recon,recon,0.0,0.0,0.0,1.0
6819,recon,recon,0.0,0.0,0.0,1.0
6820,recon,recon,0.0,0.0,0.0,1.0
6821,bruteforce,bruteforce,0.0,1.0,0.0,0.0
6822,bruteforce,bruteforce,0.0,1.0,0.0,0.0
6823,recon,recon,8.332147627153021e-06,0.0,0.0,0.9999916678523729
6824,recon,recon,0.0,0.0,5.766872655310987e-05,0.999942331273447
6825,bruteforce,bruteforce,0.0,1.0,0.0,0.0
6826,recon,recon,0.0,0.0,0.0,1.0
6827,bruteforce,bruteforce,0.0,1.0,0.0,0.0
6828,recon,recon,0.0,0.0,0.0,1.0
6829,bruteforce,bruteforce,0.0,1.0,0.0,0.0
6830,bruteforce,bruteforce,0.0,1.0,0.0,0.0
6831,bruteforce,bruteforce,0.0,1.0,0.0,0.0
6832,recon,recon,0.0,0.0,0.0,1.0
6833,recon,recon,0.0,0.0,0.0,1.0
6834,bruteforce,bruteforce,0.0,1.0,0.0,0.0
6835,recon,recon,0.0,0.0,0.0,1.0
6836,bruteforce,bruteforce,0.0,1.0,0.0,0.0
6837,recon,recon,0.000535131686623012,0.0,0.0,0.9994648683133769
6838,recon,recon,8.332147627153021e-06,0.0,0.0,0.9999916678523729
6839,recon,recon,0.0,0.0,0.0,1.0
6840,bruteforce,bruteforce,0.0,1.0,0.0,0.0
6841,bruteforce,bruteforce,0.0,1.0,0.0,0.0
6842,recon,recon,8.332147627153021e-06,0.0,0.0,0.9999916678523729
6843,bruteforce,bruteforce,0.0,1.0,0.0,0.0
6844,recon,recon,0.0,0.0,0.0,1.0
6845,bruteforce,bruteforce,0.0,1.0,0.0,0.0
6846,recon,recon,0.0,0.0,0.0,1.0
6847,bruteforce,bruteforce,0.0,1.0,0.0,0.0
6848,recon,recon,0.0,0.0,0.0,1.0
6849,recon,recon,8.332147627153021e-06,0.0,0.0,0.9999916678523729
6850,bruteforce,bruteforce,0.04495135388582815,0.9249901649347538,0.010058481179417923,0.02
6851,recon,recon,0.0,0.0,0.0,1.0
6852,bruteforce,bruteforce,0.0,1.0,0.0,0.0
6853,bruteforce,bruteforce,0.0,1.0,0.0,0.0
6854,recon,recon,0.0,0.0,0.0,1.0
6855,recon,recon,8.332147627153021e-06,0.0,0.0,0.9999916678523729
6856,recon,recon,0.0,0.0,0.0,1.0
6857,recon,recon,0.0,0.0,0.0,1.0
6858,recon,recon,0.0,0.0,0.0,1.0
6859,recon,recon,8.332147627153021e-06,0.0,0.0,0.9999916678523729
6860,recon,recon,0.0,0.0,0.0,1.0
6861,bruteforce,bruteforce,0.0,1.0,0.0,0.0
6862,recon,recon,0.0,0.0,0.0,1.0
6863,bruteforce,bruteforce,0.0,1.0,0.0,0.0
6864,recon,recon,8.332147627153021e-06,0.0,0.0,0.9999916678523729
6865,recon,recon,0.0,0.0,0.0,1.0
6866,bruteforce,bruteforce,0.0,1.0,0.0,0.0
6867,bruteforce,bruteforce,0.0,1.0,0.0,0.0
6868,recon,recon,8.332147627153021e-06,0.0,0.0,0.9999916678523729
6869,recon,recon,0.0,0.0,0.0,1.0
6870,recon,recon,8.332147627153021e-06,0.0,0.0,0.9999916678523729
6871,recon,recon,0.0,0.0,0.0,1.0
6872,recon,recon,8.332147627153021e-06,0.0,0.0,0.9999916678523729
6873,recon,recon,0.0,0.0,0.0,1.0
6874,bruteforce,bruteforce,0.0,1.0,0.0,0.0
6875,bruteforce,bruteforce,0.0,1.0,0.0,0.0
6876,bruteforce,bruteforce,0.0,1.0,0.0,0.0
6877,bruteforce,bruteforce,0.0,0.9929387275489341,0.007061272451065826,0.0
6878,recon,recon,8.332147627153021e-06,0.0,0.0,0.9999916678523729
6879,recon,recon,0.0,0.0,0.0,1.0
6880,bruteforce,bruteforce,0.0,1.0,0.0,0.0
6881,bruteforce,bruteforce,0.0,1.0,0.0,0.0
6882,bruteforce,bruteforce,0.0,1.0,0.0,0.0
6883,recon,recon,8.332147627153021e-06,0.0,0.0,0.9999916678523729
6884,recon,recon,0.0,0.0,0.0,1.0
6885,recon,recon,0.0,0.0,0.0,1.0
6886,bruteforce,bruteforce,0.0,1.0,0.0,0.0
6887,recon,recon,0.0,0.0,0.0,1.0
6888,bruteforce,bruteforce,0.0,0.9979862339276326,0.0,0.002013766072367478
6889,recon,recon,0.0,0.0,0.0,1.0
6890,bruteforce,bruteforce,0.0,1.0,0.0,0.0
6891,recon,recon,8.332147627153021e-06,0.0,0.0,0.9999916678523729
6892,bruteforce,bruteforce,0.0,1.0,0.0,0.0
6893,recon,recon,0.0,0.0,0.0,1.0
6894,bruteforce,bruteforce,0.0,1.0,0.0,0.0
6895,bruteforce,bruteforce,0.0,1.0,0.0,0.0
6896,bruteforce,bruteforce,0.0,1.0,0.0,0.0
6897,bruteforce,bruteforce,0.0,1.0,0.0,0.0
6898,bruteforce,bruteforce,0.0,1.0,0.0,0.0
6899,recon,recon,0.0,0.0,0.0,1.0
6900,bruteforce,bruteforce,0.0,1.0,0.0,0.0
6901,recon,recon,8.332147627153021e-06,0.0,0.0,0.9999916678523729
6902,recon,recon,0.0,0.0,0.0,1.0
6903,bruteforce,bruteforce,0.0,1.0,0.0,0.0
6904,recon,recon,0.0,0.0,0.0,1.0
6905,bruteforce,bruteforce,0.0,1.0,0.0,0.0
6906,recon,recon,0.0,0.0,0.0,1.0
6907,recon,recon,8.332147627153021e-06,0.0,0.0,0.9999916678523729
6908,bruteforce,bruteforce,0.0,1.0,0.0,0.0
6909,bruteforce,bruteforce,0.0,1.0,0.0,0.0
6910,recon,recon,0.0,0.0,0.0,1.0
6911,bruteforce,bruteforce,0.0,1.0,0.0,0.0
6912,bruteforce,bruteforce,0.0,1.0,0.0,0.0
6913,bruteforce,bruteforce,0.0,1.0,0.0,0.0
6914,recon,recon,0.0,0.0,0.0,1.0
6915,recon,recon,0.0,0.0,0.0,1.0
6916,recon,recon,8.332147627153021e-06,0.0,0.0,0.9999916678523729
6917,recon,recon,8.332147627153021e-06,0.0,0.0,0.9999916678523729
6918,recon,recon,8.332147627153021e-06,0.0,0.0,0.9999916678523729
6919,recon,recon,8.332147627153021e-06,0.0,0.0,0.9999916678523729
6920,recon,recon,0.0,0.0,0.0,1.0
6921,bruteforce,bruteforce,0.0,1.0,0.0,0.0
6922,recon,recon,8.332147627153021e-06,0.0,0.0,0.9999916678523729
6923,bruteforce,bruteforce,0.0,1.0,0.0,0.0
6924,bruteforce,bruteforce,0.0,1.0,0.0,0.0
6925,bruteforce,bruteforce,0.0,1.0,0.0,0.0
6926,bruteforce,bruteforce,0.0,1.0,0.0,0.0
6927,recon,recon,0.0,0.0,0.0,1.0
6928,bruteforce,bruteforce,0.0,1.0,0.0,0.0
6929,bruteforce,bruteforce,0.0,1.0,0.0,0.0
6930,recon,recon,8.332147627153021e-06,0.0,0.0,0.9999916678523729
6931,recon,recon,0.0,0.0,0.0,1.0
6932,recon,recon,8.332147627153021e-06,0.0,0.0,0.9999916678523729
6933,bruteforce,bruteforce,0.0,1.0,0.0,0.0
6934,bruteforce,bruteforce,0.0,1.0,0.0,0.0
6935,bruteforce,bruteforce,0.0,1.0,0.0,0.0
6936,recon,recon,0.0,0.0,0.0,1.0
6937,bruteforce,bruteforce,0.0,1.0,0.0,0.0
6938,recon,recon,0.0,0.0,0.0,1.0
6939,recon,recon,0.0,0.0,0.0,1.0
6940,recon,recon,0.0,0.0,0.0,1.0
6941,bruteforce,bruteforce,0.0,0.999498037847737,0.0005019621522630156,0.0
6942,recon,recon,0.0,0.0,0.0,1.0
6943,recon,recon,0.0,0.0,0.0,1.0
6944,recon,recon,0.0,0.0,0.0,1.0
6945,recon,recon,0.0,0.0,0.0,1.0
6946,bruteforce,bruteforce,0.0,1.0,0.0,0.0
6947,bruteforce,bruteforce,0.0,1.0,0.0,0.0
6948,bruteforce,bruteforce,0.0,1.0,0.0,0.0
6949,bruteforce,bruteforce,0.0,1.0,0.0,0.0
6950,recon,recon,0.0,0.0,0.0,1.0
6951,recon,recon,0.000535131686623012,0.0,0.0,0.9994648683133769
6952,recon,recon,0.0,0.0,5.766872655310987e-05,0.999942331273447
6953,bruteforce,bruteforce,0.0,1.0,0.0,0.0
6954,bruteforce,bruteforce,0.0,1.0,0.0,0.0
6955,bruteforce,bruteforce,0.0,1.0,0.0,0.0
6956,recon,recon,0.00028760231668372674,0.0,0.0,0.9997123976833163
6957,recon,recon,0.0,0.0,0.0,1.0
6958,bruteforce,bruteforce,0.0,1.0,0.0,0.0
6959,recon,recon,0.0,0.0,0.0,1.0
6960,recon,recon,0.0,0.0,0.0,1.0
6961,recon,recon,0.0,0.0,0.0,1.0
6962,recon,recon,0.0,0.0,0.0,1.0
6963,bruteforce,bruteforce,0.0,1.0,0.0,0.0
6964,recon,recon,0.0,0.0,0.0,1.0
6965,recon,recon,8.332147627153021e-06,0.0,0.0,0.9999916678523729
6966,bruteforce,bruteforce,0.0,1.0,0.0,0.0
6967,recon,recon,8.332147627153021e-06,0.0,0.0,0.9999916678523729
6968,recon,recon,0.0,0.0,0.0,1.0
6969,bruteforce,bruteforce,0.0,1.0,0.0,0.0
6970,recon,recon,8.332147627153021e-06,0.0,0.0,0.9999916678523729
6971,bruteforce,bruteforce,0.0,1.0,0.0,0.0
6972,recon,recon,0.0,0.0,0.0,1.0
6973,recon,recon,8.332147627153021e-06,0.0,0.0,0.9999916678523729
6974,bruteforce,bruteforce,0.0,1.0,0.0,0.0
6975,recon,recon,0.0,0.0,0.0,1.0
6976,bruteforce,bruteforce,0.0,1.0,0.0,0.0
6977,bruteforce,bruteforce,0.0,1.0,0.0,0.0
6978,bruteforce,bruteforce,0.0,1.0,0.0,0.0
6979,recon,recon,0.0,0.0,0.0,1.0
6980,bruteforce,bruteforce,0.0,1.0,0.0,0.0
6981,recon,recon,0.0,0.0,0.0,1.0
6982,bruteforce,bruteforce,0.0,1.0,0.0,0.0
6983,bruteforce,bruteforce,0.0,1.0,0.0,0.0
6984,recon,recon,0.0,0.0,0.0,1.0
6985,recon,recon,0.0,0.0,0.0,1.0
6986,recon,recon,0.0,0.0,0.0,1.0
6987,recon,recon,8.332147627153021e-06,0.0,0.0,0.9999916678523729
6988,recon,recon,8.332147627153021e-06,0.0,0.0,0.9999916678523729
6989,recon,recon,8.332147627153021e-06,0.0,0.0,0.9999916678523729
6990,recon,recon,0.0,0.0,0.0,1.0
6991,recon,recon,0.0,0.0,0.0,1.0
6992,bruteforce,bruteforce,0.0,1.0,0.0,0.0
6993,recon,recon,8.332147627153021e-06,0.0,0.0,0.9999916678523729
6994,recon,recon,0.0,0.0,0.0,1.0
6995,recon,recon,0.0,0.0,0.0,1.0
6996,recon,recon,8.332147627153021e-06,0.0,0.0,0.9999916678523729
6997,bruteforce,bruteforce,0.0,1.0,0.0,0.0
6998,bruteforce,bruteforce,0.0,1.0,0.0,0.0
6999,bruteforce,bruteforce,0.0,1.0,0.0,0.0
7000,recon,recon,0.0,0.0,0.0,1.0
7001,bruteforce,bruteforce,0.0,1.0,0.0,0.0
7002,recon,recon,8.332147627153021e-06,0.0,0.0,0.9999916678523729
7003,recon,recon,0.0,0.0,0.0,1.0
7004,bruteforce,bruteforce,0.0,1.0,0.0,0.0
7005,bruteforce,bruteforce,0.0,1.0,0.0,0.0
7006,recon,recon,8.332147627153021e-06,0.0,0.0,0.9999916678523729
7007,bruteforce,bruteforce,0.0,1.0,0.0,0.0
7008,recon,recon,0.00028760231668372674,0.0,0.0,0.9997123976833163
7009,bruteforce,bruteforce,0.0,1.0,0.0,0.0
7010,recon,recon,8.332147627153021e-06,0.0,0.0,0.9999916678523729
7011,bruteforce,bruteforce,0.0,1.0,0.0,0.0
7012,bruteforce,bruteforce,0.0,1.0,0.0,0.0
7013,recon,recon,0.0,0.0,5.766872655310987e-05,0.999942331273447
7014,bruteforce,bruteforce,0.0,1.0,0.0,0.0
7015,recon,recon,8.332147627153021e-06,0.0,5.766872655310987e-05,0.9999339991258198
7016,bruteforce,bruteforce,0.0,1.0,0.0,0.0
7017,recon,recon,0.0,0.0,5.766872655310987e-05,0.999942331273447
7018,recon,recon,0.0,0.0,5.766872655310987e-05,0.999942331273447
7019,recon,recon,0.0,0.0,0.0,1.0
7020,bruteforce,bruteforce,0.0,1.0,0.0,0.0
7021,bruteforce,bruteforce,0.0,1.0,0.0,0.0
7022,recon,recon,0.0,0.0,0.0,1.0
7023,recon,recon,0.0,0.0,0.0,1.0
7024,recon,recon,0.0,0.0,0.0,1.0
7025,bruteforce,bruteforce,0.006704669686084647,0.9932953303139154,0.0,0.0
7026,recon,recon,8.332147627153021e-06,0.0,0.0,0.9999916678523729
7027,recon,recon,0.0,0.0,0.0,1.0
7028,recon,recon,0.0,0.0,0.0,1.0
7029,bruteforce,bruteforce,0.0,1.0,0.0,0.0
7030,recon,recon,8.332147627153021e-06,0.0,0.0,0.9999916678523729
7031,bruteforce,bruteforce,0.0,1.0,0.0,0.0
7032,bruteforce,bruteforce,0.0,1.0,0.0,0.0
7033,recon,recon,0.0,0.0,0.0,1.0
7034,recon,recon,0.0,0.0,5.766872655310987e-05,0.999942331273447
7035,bruteforce,bruteforce,0.0,1.0,0.0,0.0
7036,bruteforce,bruteforce,0.0,1.0,0.0,0.0
7037,recon,recon,0.0,0.0,0.0,1.0
7038,bruteforce,bruteforce,0.0,1.0,0.0,0.0
7039,recon,recon,0.0,0.0,0.0,1.0
7040,bruteforce,bruteforce,0.0,1.0,0.0,0.0
7041,recon,recon,8.332147627153021e-06,0.0,0.0,0.9999916678523729
7042,bruteforce,bruteforce,0.0,1.0,0.0,0.0
7043,recon,recon,0.0,0.0,0.0,1.0
7044,recon,recon,0.0,0.0,0.0,1.0
7045,recon,recon,0.0,0.0,0.0,1.0
7046,recon,recon,8.332147627153021e-06,0.0,0.0,0.9999916678523729
7047,recon,recon,8.332147627153021e-06,0.0,0.0,0.9999916678523729
7048,recon,recon,8.332147627153021e-06,0.0,0.0,0.9999916678523729
7049,bruteforce,bruteforce,0.0,1.0,0.0,0.0
7050,bruteforce,bruteforce,0.0,1.0,0.0,0.0
7051,bruteforce,bruteforce,0.0,1.0,0.0,0.0
7052,bruteforce,bruteforce,0.0,1.0,0.0,0.0
7053,recon,recon,0.0,0.0,0.0,1.0
7054,recon,recon,0.0,0.0,0.0,1.0
7055,recon,recon,0.000535131686623012,0.0,0.0,0.9994648683133769
7056,bruteforce,bruteforce,0.0,1.0,0.0,0.0
7057,recon,recon,0.0,0.0,0.0,1.0
7058,recon,recon,8.332147627153021e-06,0.0,0.0,0.9999916678523729
7059,recon,recon,0.0,0.0,0.0,1.0
7060,recon,recon,8.332147627153021e-06,0.0,0.0,0.9999916678523729
7061,bruteforce,bruteforce,0.0,1.0,0.0,0.0
7062,recon,recon,0.0,0.0,0.0,1.0
7063,recon,recon,8.332147627153021e-06,0.0,0.0,0.9999916678523729
7064,bruteforce,bruteforce,0.0,1.0,0.0,0.0
7065,recon,recon,0.0,0.0,0.0,1.0
7066,bruteforce,bruteforce,0.005938432835820896,0.9864979222879575,0.007563644876221689,0.0
7067,recon,recon,8.332147627153021e-06,0.0,0.0,0.9999916678523729
7068,recon,recon,8.332147627153021e-06,0.0,0.0,0.9999916678523729
7069,bruteforce,bruteforce,0.0,1.0,0.0,0.0
7070,bruteforce,bruteforce,0.0,1.0,0.0,0.0
7071,bruteforce,bruteforce,0.0,1.0,0.0,0.0
7072,recon,recon,0.0,0.0,0.0,1.0
7073,bruteforce,bruteforce,0.0,1.0,0.0,0.0
7074,recon,recon,8.332147627153021e-06,0.0,0.0,0.9999916678523729
7075,bruteforce,bruteforce,0.0,1.0,0.0,0.0
7076,recon,recon,7.143331782842707e-05,0.0,0.0,0.9999285666821716
7077,recon,recon,0.0,0.0,0.0,1.0
7078,recon,recon,8.332147627153021e-06,0.0,0.0,0.9999916678523729
7079,recon,recon,8.332147627153021e-06,0.0,0.0,0.9999916678523729
7080,recon,recon,8.332147627153021e-06,0.0,0.0,0.9999916678523729
7081,recon,recon,0.0,0.0,0.0,1.0
7082,recon,recon,0.0,0.0,0.0,1.0
7083,recon,recon,0.006698195002758729,0.0,5.766872655310987e-05,0.9932441362706882
7084,recon,recon,8.332147627153021e-06,0.0,0.0,0.9999916678523729
7085,recon,recon,0.0,0.0,0.0,1.0
7086,recon,recon,0.0,0.0,0.0,1.0
7087,bruteforce,bruteforce,0.0,1.0,0.0,0.0
7088,bruteforce,bruteforce,0.0,1.0,0.0,0.0
7089,recon,recon,8.332147627153021e-06,0.0,0.0,0.9999916678523729
7090,recon,recon,8.332147627153021e-06,0.0,0.0,0.9999916678523729
7091,bruteforce,bruteforce,0.0,1.0,0.0,0.0
7092,recon,recon,0.0,0.0,0.0,1.0
7093,bruteforce,bruteforce,0.0,1.0,0.0,0.0
7094,bruteforce,bruteforce,0.0,1.0,0.0,0.0
7095,bruteforce,bruteforce,0.0,1.0,0.0,0.0
7096,recon,recon,0.0,0.0,0.0,1.0
7097,bruteforce,bruteforce,0.0,1.0,0.0,0.0
7098,recon,recon,0.0,0.0,0.0,1.0
7099,bruteforce,bruteforce,0.006689709347996858,0.9733102906520031,0.02,0.0
7100,recon,recon,8.332147627153021e-06,0.0,0.0,0.9999916678523729
7101,bruteforce,bruteforce,0.0,1.0,0.0,0.0
7102,recon,recon,8.332147627153021e-06,0.0,0.0,0.9999916678523729
7103,recon,recon,0.0,0.0,0.0,1.0
7104,bruteforce,bruteforce,0.0,1.0,0.0,0.0
7105,bruteforce,bruteforce,0.0,1.0,0.0,0.0
7106,bruteforce,bruteforce,0.0,1.0,0.0,0.0
7107,bruteforce,bruteforce,0.0,1.0,0.0,0.0
7108,bruteforce,bruteforce,0.0,1.0,0.0,0.0
7109,bruteforce,bruteforce,0.0,1.0,0.0,0.0
7110,bruteforce,bruteforce,0.0,1.0,0.0,0.0
7111,bruteforce,bruteforce,0.0,1.0,0.0,0.0
7112,bruteforce,bruteforce,0.0,1.0,0.0,0.0
7113,bruteforce,bruteforce,0.0,1.0,0.0,0.0
7114,bruteforce,bruteforce,0.0,1.0,0.0,0.0
7115,recon,recon,0.0,0.0,0.0,1.0
7116,recon,recon,0.0,0.0,0.0,1.0
7117,recon,recon,7.143331782842707e-05,0.0,0.0,0.9999285666821716
7118,bruteforce,bruteforce,0.0,1.0,0.0,0.0
7119,recon,recon,0.0,0.0,0.0,1.0
7120,recon,recon,8.332147627153021e-06,0.0,0.0,0.9999916678523729
7121,bruteforce,bruteforce,0.00498882747265671,0.9950111725273433,0.0,0.0
7122,recon,recon,0.0,0.0,0.0,1.0
7123,bruteforce,bruteforce,0.0,1.0,0.0,0.0
7124,bruteforce,bruteforce,0.0,1.0,0.0,0.0
7125,recon,recon,0.0,0.0,0.0,1.0
7126,recon,recon,0.0,0.0,0.0,1.0
7127,recon,recon,8.332147627153021e-06,0.0,0.0,0.9999916678523729
7128,recon,recon,0.0,0.0,0.0,1.0
7129,recon,recon,8.332147627153021e-06,0.0,0.0,0.9999916678523729
7130,bruteforce,bruteforce,0.0,1.0,0.0,0.0
7131,bruteforce,bruteforce,0.0,1.0,0.0,0.0
7132,recon,recon,0.0,0.0,0.0,1.0
7133,bruteforce,bruteforce,0.0,1.0,0.0,0.0
7134,bruteforce,bruteforce,0.0,1.0,0.0,0.0
7135,recon,recon,0.000535131686623012,0.0,0.0,0.9994648683133769
7136,bruteforce,bruteforce,0.0,1.0,0.0,0.0
7137,bruteforce,bruteforce,0.0,1.0,0.0,0.0
7138,recon,recon,0.0,0.0,0.0,1.0
7139,recon,recon,0.00028760231668372674,0.0,0.0,0.9997123976833163
7140,bruteforce,bruteforce,0.0,1.0,0.0,0.0
7141,bruteforce,bruteforce,0.0,1.0,0.0,0.0
7142,bruteforce,bruteforce,0.0,1.0,0.0,0.0
7143,bruteforce,bruteforce,0.0,1.0,0.0,0.0
7144,recon,recon,8.332147627153021e-06,0.0,0.0,0.9999916678523729
7145,recon,recon,0.0,0.0,0.0,1.0
7146,recon,recon,0.0,0.0,0.0,1.0
7147,recon,recon,0.0,0.0,0.0,1.0
7148,recon,recon,0.0,0.0,0.0,1.0
7149,recon,recon,8.332147627153021e-06,0.0,0.0,0.9999916678523729
7150,recon,recon,0.0,0.0,0.0,1.0
7151,recon,recon,0.0,0.0,0.0,1.0
7152,recon,recon,8.332147627153021e-06,0.0,5.766872655310987e-05,0.9999339991258198
7153,recon,recon,0.00028760231668372674,0.0,0.0,0.9997123976833163
7154,recon,recon,0.0,0.0,5.766872655310987e-05,0.999942331273447
7155,bruteforce,bruteforce,0.0,1.0,0.0,0.0
7156,recon,recon,8.332147627153021e-06,0.0,0.0,0.9999916678523729
7157,recon,recon,8.332147627153021e-06,0.0,0.0,0.9999916678523729
7158,recon,recon,0.0,0.0,0.0,1.0
7159,recon,recon,8.332147627153021e-06,0.0,0.0,0.9999916678523729
7160,bruteforce,bruteforce,0.0,1.0,0.0,0.0
7161,recon,recon,0.0,0.0,0.0,1.0
7162,bruteforce,bruteforce,0.0,1.0,0.0,0.0
7163,bruteforce,bruteforce,0.0,1.0,0.0,0.0
7164,recon,recon,8.332147627153021e-06,0.0,0.0,0.9999916678523729
7165,recon,recon,0.0,0.0,0.0,1.0
7166,recon,recon,0.0,0.0,0.0,1.0
7167,bruteforce,bruteforce,0.0,1.0,0.0,0.0
7168,recon,recon,0.0,0.0,0.0,1.0
7169,recon,recon,0.00028760231668372674,0.0,0.0,0.9997123976833163
7170,recon,recon,0.0,0.0,0.0,1.0
7171,bruteforce,bruteforce,0.0,1.0,0.0,0.0
7172,bruteforce,bruteforce,0.0,1.0,0.0,0.0
7173,recon,recon,0.0,0.0,0.0,1.0
7174,bruteforce,bruteforce,0.0,1.0,0.0,0.0
7175,recon,recon,0.0,0.0,0.0,1.0
7176,bruteforce,bruteforce,0.0,1.0,0.0,0.0
7177,bruteforce,bruteforce,0.0,1.0,0.0,0.0
7178,bruteforce,bruteforce,0.0,1.0,0.0,0.0
7179,recon,recon,0.0,0.0,0.0,1.0
7180,bruteforce,bruteforce,0.0,1.0,0.0,0.0
7181,recon,recon,0.0,0.0,0.0,1.0
7182,bruteforce,bruteforce,0.0,1.0,0.0,0.0
7183,bruteforce,bruteforce,0.01,0.99,0.0,0.0
7184,recon,recon,0.0,0.0,0.0,1.0
7185,recon,recon,0.0,0.0,0.0,1.0
7186,bruteforce,bruteforce,0.0,1.0,0.0,0.0
7187,recon,recon,8.332147627153021e-06,0.0,0.0,0.9999916678523729
7188,recon,recon,0.0,0.0,0.0,1.0
7189,bruteforce,bruteforce,0.0,1.0,0.0,0.0
7190,recon,recon,0.0,0.0,0.0,1.0
7191,recon,recon,8.332147627153021e-06,0.0,0.0,0.9999916678523729
7192,bruteforce,bruteforce,0.0,1.0,0.0,0.0
7193,bruteforce,bruteforce,0.0,1.0,0.0,0.0
7194,bruteforce,bruteforce,0.0,1.0,0.0,0.0
7195,recon,recon,0.0,0.0,0.0,1.0
7196,bruteforce,bruteforce,0.0,1.0,0.0,0.0
7197,recon,recon,0.0,0.0,0.0,1.0
7198,bruteforce,bruteforce,0.0,1.0,0.0,0.0
7199,bruteforce,bruteforce,0.0,1.0,0.0,0.0
7200,recon,recon,8.332147627153021e-06,0.0,0.0,0.9999916678523729
7201,recon,recon,8.332147627153021e-06,0.0,0.0,0.9999916678523729
7202,bruteforce,bruteforce,0.0,1.0,0.0,0.0
7203,recon,recon,0.0,0.0,0.0,1.0
7204,recon,recon,0.0,0.0,0.0,1.0
7205,recon,recon,8.332147627153021e-06,0.0,0.0,0.9999916678523729
7206,bruteforce,bruteforce,0.0,1.0,0.0,0.0
7207,recon,recon,8.332147627153021e-06,0.0,0.0,0.9999916678523729
7208,recon,recon,8.332147627153021e-06,0.0,0.0,0.9999916678523729
7209,recon,recon,8.332147627153021e-06,0.0,0.0,0.9999916678523729
7210,recon,recon,0.0,0.0,0.0,1.0
7211,recon,recon,8.332147627153021e-06,0.0,0.0,0.9999916678523729
7212,bruteforce,bruteforce,0.0,1.0,0.0,0.0
7213,recon,recon,0.006698195002758729,0.0,5.766872655310987e-05,0.9932441362706882
7214,bruteforce,bruteforce,0.0,1.0,0.0,0.0
7215,recon,recon,0.0,0.0,0.0,1.0
7216,recon,recon,8.332147627153021e-06,0.0,5.766872655310987e-05,0.9999339991258198
7217,recon,recon,8.332147627153021e-06,0.0,0.0,0.9999916678523729
7218,bruteforce,bruteforce,0.0,1.0,0.0,0.0
7219,bruteforce,bruteforce,0.0,1.0,0.0,0.0
7220,bruteforce,bruteforce,0.0,1.0,0.0,0.0
7221,bruteforce,bruteforce,0.0,1.0,0.0,0.0
7222,recon,recon,0.0,0.0,0.0,1.0
7223,recon,recon,0.0,0.0,0.0,1.0
7224,bruteforce,bruteforce,0.0,1.0,0.0,0.0
7225,recon,recon,8.332147627153021e-06,0.0,0.0,0.9999916678523729
7226,bruteforce,bruteforce,0.0,1.0,0.0,0.0
7227,recon,recon,0.0,0.0,0.0,1.0
7228,recon,recon,0.0,0.0,0.0,1.0
7229,bruteforce,bruteforce,0.0,1.0,0.0,0.0
7230,recon,recon,8.332147627153021e-06,0.0,0.0,0.9999916678523729
7231,bruteforce,bruteforce,0.0,1.0,0.0,0.0
7232,recon,recon,0.0,0.0,0.0,1.0
7233,bruteforce,bruteforce,0.0,1.0,0.0,0.0
7234,bruteforce,bruteforce,0.0,1.0,0.0,0.0
7235,bruteforce,bruteforce,0.0,1.0,0.0,0.0
7236,recon,recon,8.332147627153021e-06,0.0,0.0,0.9999916678523729
7237,recon,recon,8.332147627153021e-06,0.0,0.0,0.9999916678523729
7238,bruteforce,bruteforce,0.0,1.0,0.0,0.0
7239,recon,recon,8.332147627153021e-06,0.0,0.0,0.9999916678523729
7240,recon,recon,8.332147627153021e-06,0.0,0.0,0.9999916678523729
7241,recon,recon,8.332147627153021e-06,0.0,0.0,0.9999916678523729
7242,bruteforce,bruteforce,0.0,1.0,0.0,0.0
7243,recon,recon,0.0,0.0,0.0,1.0
7244,recon,recon,0.0,0.0,0.0,1.0
7245,bruteforce,bruteforce,0.0,1.0,0.0,0.0
7246,recon,recon,0.000535131686623012,0.0,0.0,0.9994648683133769
7247,bruteforce,bruteforce,0.0,1.0,0.0,0.0
7248,recon,recon,0.0,0.0,0.0,1.0
7249,recon,recon,0.0,0.0,0.0,1.0
7250,recon,recon,0.0,0.0,0.0,1.0
7251,recon,recon,0.0,0.0,0.0,1.0
7252,recon,recon,7.143331782842707e-05,0.0,0.0,0.9999285666821716
7253,recon,recon,0.0,0.0,0.0,1.0
7254,recon,recon,0.0,0.0,0.0,1.0
7255,bruteforce,bruteforce,0.0,1.0,0.0,0.0
7256,bruteforce,bruteforce,0.0,1.0,0.0,0.0
7257,bruteforce,bruteforce,0.0,1.0,0.0,0.0
7258,recon,recon,8.332147627153021e-06,0.0,0.0,0.9999916678523729
7259,bruteforce,bruteforce,0.0,1.0,0.0,0.0
7260,recon,recon,0.0,0.0,5.766872655310987e-05,0.999942331273447
7261,bruteforce,bruteforce,0.0,1.0,0.0,0.0
7262,bruteforce,bruteforce,0.0,1.0,0.0,0.0
7263,bruteforce,bruteforce,0.0,1.0,0.0,0.0
7264,bruteforce,bruteforce,0.0,1.0,0.0,0.0
7265,recon,recon,8.332147627153021e-06,0.0,0.0,0.9999916678523729
7266,bruteforce,bruteforce,0.0,1.0,0.0,0.0
7267,bruteforce,bruteforce,0.0049866449889676,0.985018431209855,0.00999492380117754,0.0
7268,recon,recon,0.0,0.0,0.0,1.0
7269,bruteforce,bruteforce,0.0,1.0,0.0,0.0
7270,recon,recon,8.332147627153021e-06,0.0,0.0,0.9999916678523729
7271,recon,recon,0.0,0.0,0.0,1.0
7272,bruteforce,bruteforce,0.005938432835820896,0.9864979222879575,0.007563644876221689,0.0
7273,recon,recon,0.0,0.0,0.0,1.0
7274,recon,recon,8.332147627153021e-06,0.0,0.0,0.9999916678523729
7275,bruteforce,bruteforce,0.0,1.0,0.0,0.0
7276,recon,recon,0.0,0.0,0.0,1.0
7277,bruteforce,bruteforce,0.0,0.9770358966756377,0.022964103324362405,0.0
7278,bruteforce,bruteforce,0.0,1.0,0.0,0.0
7279,recon,recon,0.0,0.0,0.0,1.0
7280,recon,recon,0.0,0.0,0.0,1.0
7281,recon,recon,8.332147627153021e-06,0.0,0.0,0.9999916678523729
7282,recon,recon,8.332147627153021e-06,0.0,0.0,0.9999916678523729
7283,recon,recon,0.0001181873401447448,0.0,0.0,0.9998818126598553
7284,recon,recon,8.332147627153021e-06,0.0,0.0,0.9999916678523729
7285,recon,recon,0.0,0.0,5.766872655310987e-05,0.999942331273447
7286,recon,recon,8.332147627153021e-06,0.0,0.0,0.9999916678523729
7287,bruteforce,bruteforce,0.0,1.0,0.0,0.0
7288,bruteforce,bruteforce,0.0,1.0,0.0,0.0
7289,bruteforce,bruteforce,0.0,1.0,0.0,0.0
7290,recon,recon,0.0010918248740798139,0.0,5.766872655310987e-05,0.9988505063993672
7291,recon,recon,0.0,0.0,0.0,1.0
7292,bruteforce,bruteforce,0.0,1.0,0.0,0.0
7293,bruteforce,bruteforce,0.0,1.0,0.0,0.0
7294,bruteforce,bruteforce,0.0,1.0,0.0,0.0
7295,recon,recon,0.0,0.0,0.0,1.0
7296,recon,recon,0.0,0.0,0.0,1.0
7297,recon,recon,0.0,0.0,5.766872655310987e-05,0.999942331273447
7298,bruteforce,bruteforce,0.0,1.0,0.0,0.0
7299,recon,recon,0.0,0.0,0.0,1.0
7300,bruteforce,bruteforce,0.0,1.0,0.0,0.0
7301,recon,recon,0.0,0.0,0.0,1.0
7302,bruteforce,bruteforce,0.0,1.0,0.0,0.0
7303,bruteforce,bruteforce,0.0,1.0,0.0,0.0
7304,recon,recon,0.0,0.0,0.0,1.0
7305,recon,recon,0.0,0.0,0.0,1.0
7306,bruteforce,bruteforce,0.0,1.0,0.0,0.0
7307,recon,recon,0.0,0.0,0.0,1.0
7308,recon,recon,8.332147627153021e-06,0.0,0.0,0.9999916678523729
7309,recon,recon,0.0,0.0,0.0,1.0
7310,bruteforce,bruteforce,0.0,1.0,0.0,0.0
7311,recon,recon,8.332147627153021e-06,0.0,5.766872655310987e-05,0.9999339991258198
7312,recon,recon,0.0,0.0,0.0,1.0
7313,recon,recon,0.0,0.0,0.0,1.0
7314,bruteforce,bruteforce,0.0,1.0,0.0,0.0
7315,recon,recon,8.332147627153021e-06,0.0,0.0,0.9999916678523729
7316,bruteforce,bruteforce,0.0,1.0,0.0,0.0
7317,bruteforce,bruteforce,0.0,1.0,0.0,0.0
7318,bruteforce,bruteforce,0.0,1.0,0.0,0.0
7319,bruteforce,bruteforce,0.0,1.0,0.0,0.0
7320,recon,recon,0.0,0.0,0.0,1.0
7321,bruteforce,bruteforce,0.0,1.0,0.0,0.0
7322,bruteforce,bruteforce,0.0,1.0,0.0,0.0
7323,bruteforce,bruteforce,0.0,1.0,0.0,0.0
7324,recon,recon,0.0,0.0,0.0,1.0
7325,recon,recon,0.0,0.0,0.0,1.0
7326,recon,recon,0.0,0.0,0.0,1.0
7327,bruteforce,bruteforce,0.0,1.0,0.0,0.0
7328,bruteforce,bruteforce,0.0,1.0,0.0,0.0
7329,recon,recon,0.0,0.0,0.0,1.0
7330,recon,recon,8.332147627153021e-06,0.0,0.0,0.9999916678523729
7331,recon,recon,0.0,0.0,0.0,1.0
7332,bruteforce,bruteforce,0.0,1.0,0.0,0.0
7333,bruteforce,bruteforce,0.0,1.0,0.0,0.0
7334,recon,recon,0.0,0.0,0.0,1.0
7335,bruteforce,bruteforce,0.0,1.0,0.0,0.0
7336,recon,recon,0.0,0.0,0.0,1.0
7337,bruteforce,bruteforce,0.0,1.0,0.0,0.0
7338,recon,recon,0.0,0.0,0.0,1.0
7339,bruteforce,bruteforce,0.0,1.0,0.0,0.0
7340,recon,recon,8.332147627153021e-06,0.0,0.0,0.9999916678523729
7341,recon,recon,0.000535131686623012,0.0,0.0,0.9994648683133769
7342,bruteforce,bruteforce,0.0,1.0,0.0,0.0
7343,recon,recon,8.332147627153021e-06,0.0,0.0,0.9999916678523729
7344,recon,recon,8.332147627153021e-06,0.0,0.0,0.9999916678523729
7345,recon,recon,8.332147627153021e-06,0.0,0.0,0.9999916678523729
7346,recon,recon,0.0,0.0,0.0,1.0
7347,bruteforce,bruteforce,0.0,1.0,0.0,0.0
7348,recon,recon,8.332147627153021e-06,0.0,0.0,0.9999916678523729
7349,recon,recon,0.0,0.0,0.0,1.0
7350,recon,recon,0.0,0.0,0.0,1.0
7351,recon,recon,0.0,0.0,0.0,1.0
7352,bruteforce,bruteforce,0.0,1.0,0.0,0.0
7353,recon,recon,8.332147627153021e-06,0.0,0.0,0.9999916678523729
7354,bruteforce,bruteforce,0.0,1.0,0.0,0.0
7355,bruteforce,bruteforce,0.0,1.0,0.0,0.0
7356,recon,recon,8.332147627153021e-06,0.0,0.0,0.9999916678523729
7357,bruteforce,bruteforce,0.0,1.0,0.0,0.0
7358,recon,recon,8.332147627153021e-06,0.0,0.0,0.9999916678523729
7359,recon,recon,8.332147627153021e-06,0.0,0.0,0.9999916678523729
7360,bruteforce,bruteforce,0.0,1.0,0.0,0.0
7361,recon,recon,0.0,0.0,0.0,1.0
7362,recon,recon,0.000535131686623012,0.0,0.0,0.9994648683133769
7363,recon,recon,0.0,0.0,0.0,1.0
7364,bruteforce,bruteforce,0.0,1.0,0.0,0.0
7365,bruteforce,bruteforce,0.0,1.0,0.0,0.0
7366,recon,recon,0.0,0.0,0.0,1.0
7367,bruteforce,bruteforce,0.0,1.0,0.0,0.0
7368,bruteforce,bruteforce,0.0,1.0,0.0,0.0
7369,recon,recon,0.0,0.0,0.0,1.0
7370,bruteforce,bruteforce,0.0,1.0,0.0,0.0
7371,bruteforce,bruteforce,0.0,1.0,0.0,0.0
7372,bruteforce,bruteforce,0.0,1.0,0.0,0.0
7373,bruteforce,bruteforce,0.0,1.0,0.0,0.0
7374,bruteforce,bruteforce,0.0,1.0,0.0,0.0
7375,bruteforce,bruteforce,0.0,1.0,0.0,0.0
7376,recon,recon,0.0,0.0,0.0,1.0
7377,bruteforce,bruteforce,0.0,1.0,0.0,0.0
7378,recon,recon,8.332147627153021e-06,0.0,0.0,0.9999916678523729
7379,recon,recon,0.0,0.0,0.0,1.0
7380,recon,recon,8.332147627153021e-06,0.0,0.0,0.9999916678523729
7381,recon,recon,0.0,0.0,0.0,1.0
7382,bruteforce,bruteforce,0.0,1.0,0.0,0.0
7383,recon,recon,8.332147627153021e-06,0.0,0.0,0.9999916678523729
7384,bruteforce,bruteforce,0.0,1.0,0.0,0.0
7385,bruteforce,bruteforce,0.0,1.0,0.0,0.0
7386,recon,recon,0.0,0.0,0.0,1.0
7387,bruteforce,bruteforce,0.0,1.0,0.0,0.0
7388,bruteforce,bruteforce,0.0,1.0,0.0,0.0
7389,bruteforce,bruteforce,0.0,1.0,0.0,0.0
7390,recon,recon,0.0,0.0,0.0,1.0
7391,recon,recon,0.0,0.0,0.0,1.0
7392,bruteforce,bruteforce,0.0,1.0,0.0,0.0
7393,bruteforce,bruteforce,0.0,1.0,0.0,0.0
7394,recon,recon,0.0,0.0,0.0,1.0
7395,recon,recon,0.0,0.0,0.0,1.0
7396,bruteforce,bruteforce,0.0,1.0,0.0,0.0
7397,bruteforce,bruteforce,0.0,1.0,0.0,0.0
7398,recon,recon,8.332147627153021e-06,0.0,0.0,0.9999916678523729
7399,recon,recon,0.0,0.0,0.0,1.0
7400,recon,recon,0.0,0.0,0.0,1.0
7401,recon,recon,8.332147627153021e-06,0.0,0.0,0.9999916678523729
7402,recon,recon,0.0,0.0,0.0,1.0
7403,recon,recon,8.332147627153021e-06,0.0,0.0,0.9999916678523729
7404,recon,recon,0.000535131686623012,0.0,0.0,0.9994648683133769
7405,recon,recon,8.332147627153021e-06,0.0,0.0,0.9999916678523729
7406,bruteforce,bruteforce,0.0,1.0,0.0,0.0
7407,recon,recon,0.0,0.0,0.0,1.0
7408,recon,recon,0.0,0.0,0.0,1.0
7409,recon,recon,0.000535131686623012,0.0,0.0,0.9994648683133769
7410,recon,recon,0.0,0.0,0.0,1.0
7411,bruteforce,bruteforce,0.0,1.0,0.0,0.0
7412,bruteforce,bruteforce,0.0,1.0,0.0,0.0
7413,recon,recon,8.332147627153021e-06,0.0,0.0,0.9999916678523729
7414,bruteforce,bruteforce,0.0,1.0,0.0,0.0
7415,bruteforce,bruteforce,0.0,1.0,0.0,0.0
7416,bruteforce,bruteforce,0.0,1.0,0.0,0.0
7417,bruteforce,bruteforce,0.0,1.0,0.0,0.0
7418,bruteforce,bruteforce,0.0,1.0,0.0,0.0
7419,recon,recon,7.143331782842707e-05,0.0,0.0,0.9999285666821716
7420,recon,recon,0.0,0.0,0.0,1.0
7421,recon,recon,8.332147627153021e-06,0.0,0.0,0.9999916678523729
7422,recon,recon,8.332147627153021e-06,0.0,0.0,0.9999916678523729
7423,recon,recon,0.0,0.0,0.0,1.0
7424,bruteforce,bruteforce,0.0,1.0,0.0,0.0
7425,bruteforce,bruteforce,0.0,0.976691142009061,0.023308857990938913,0.0
7426,bruteforce,bruteforce,0.0,1.0,0.0,0.0
7427,recon,recon,8.332147627153021e-06,0.0,0.0,0.9999916678523729
7428,recon,recon,0.0,0.0,5.766872655310987e-05,0.999942331273447
7429,recon,recon,0.0,0.0,0.0,1.0
7430,recon,recon,0.0,0.0,0.0,1.0
7431,recon,recon,8.332147627153021e-06,0.0,0.0,0.9999916678523729
7432,recon,recon,8.332147627153021e-06,0.0,0.0,0.9999916678523729
7433,bruteforce,bruteforce,0.0,1.0,0.0,0.0
7434,bruteforce,bruteforce,0.0,1.0,0.0,0.0
7435,recon,recon,0.0,0.0,0.0,1.0
7436,bruteforce,bruteforce,0.0,1.0,0.0,0.0
7437,recon,recon,8.332147627153021e-06,0.0,0.0,0.9999916678523729
7438,recon,recon,0.0,0.0,0.0,1.0
7439,bruteforce,bruteforce,0.0,1.0,0.0,0.0
7440,bruteforce,bruteforce,0.0,1.0,0.0,0.0
7441,recon,recon,8.332147627153021e-06,0.0,0.0,0.9999916678523729
7442,bruteforce,bruteforce,0.0,1.0,0.0,0.0
7443,bruteforce,bruteforce,0.0,1.0,0.0,0.0
7444,bruteforce,bruteforce,0.0,1.0,0.0,0.0
7445,bruteforce,bruteforce,0.0,1.0,0.0,0.0
7446,bruteforce,bruteforce,0.0,1.0,0.0,0.0
7447,recon,recon,8.332147627153021e-06,0.0,0.0,0.9999916678523729
7448,recon,recon,8.332147627153021e-06,0.0,0.0,0.9999916678523729
7449,bruteforce,bruteforce,0.0,1.0,0.0,0.0
7450,recon,recon,0.0,0.0,0.0,1.0
7451,recon,recon,0.0,0.0,0.0,1.0
7452,recon,recon,0.0,0.0,0.0,1.0
7453,bruteforce,bruteforce,0.0,1.0,0.0,0.0
7454,bruteforce,bruteforce,0.0,1.0,0.0,0.0
7455,recon,recon,0.0,0.0,0.0,1.0
7456,recon,recon,0.0,0.0,5.766872655310987e-05,0.999942331273447
7457,bruteforce,bruteforce,0.0,1.0,0.0,0.0
7458,bruteforce,bruteforce,0.0,1.0,0.0,0.0
7459,recon,recon,8.332147627153021e-06,0.0,0.0,0.9999916678523729
7460,bruteforce,bruteforce,0.0,0.9934064373619438,0.006593562638056169,0.0
7461,recon,recon,0.0,0.0,0.0,1.0
7462,recon,recon,8.332147627153021e-06,0.0,5.766872655310987e-05,0.9999339991258198
7463,bruteforce,bruteforce,0.0,1.0,0.0,0.0
7464,bruteforce,bruteforce,0.0,1.0,0.0,0.0
7465,recon,recon,8.332147627153021e-06,0.0,0.0,0.9999916678523729
7466,bruteforce,bruteforce,0.0,1.0,0.0,0.0
7467,recon,recon,0.0,0.0,0.0,1.0
7468,recon,recon,0.0,0.0,0.0,1.0
7469,recon,recon,0.0,0.0,0.0,1.0
7470,recon,recon,0.0,0.0,0.0,1.0
7471,bruteforce,bruteforce,0.0,1.0,0.0,0.0
7472,bruteforce,bruteforce,0.0,1.0,0.0,0.0
7473,recon,recon,8.332147627153021e-06,0.0,0.0,0.9999916678523729
7474,bruteforce,bruteforce,0.0,1.0,0.0,0.0
7475,recon,recon,8.332147627153021e-06,0.0,0.0,0.9999916678523729
7476,recon,recon,0.0,0.0,0.0,1.0
7477,recon,recon,0.0,0.0,0.0,1.0
7478,recon,recon,0.0,0.0,0.0,1.0
7479,recon,recon,0.0,0.0,0.0,1.0
7480,bruteforce,bruteforce,0.0,1.0,0.0,0.0
7481,recon,recon,0.0,0.0,0.0,1.0
7482,recon,recon,8.332147627153021e-06,0.0,0.0,0.9999916678523729
7483,bruteforce,bruteforce,0.0,1.0,0.0,0.0
7484,recon,recon,0.0,0.0,0.0,1.0
7485,bruteforce,bruteforce,0.0,1.0,0.0,0.0
7486,recon,recon,0.0,0.0,0.0,1.0
7487,recon,recon,0.0,0.0,0.0,1.0
7488,recon,recon,0.0,0.0,0.0,1.0
7489,recon,recon,0.0,0.0,0.0,1.0
7490,recon,recon,8.332147627153021e-06,0.0,0.0,0.9999916678523729
7491,recon,recon,0.0,0.0,0.0,1.0
7492,bruteforce,bruteforce,0.0,1.0,0.0,0.0
7493,recon,recon,0.0,0.0,0.0,1.0
7494,bruteforce,bruteforce,0.0,1.0,0.0,0.0
7495,bruteforce,bruteforce,0.0,1.0,0.0,0.0
7496,recon,recon,0.0,0.0,0.0,1.0
7497,bruteforce,bruteforce,0.0,1.0,0.0,0.0
7498,bruteforce,bruteforce,0.0,1.0,0.0,0.0
7499,bruteforce,bruteforce,0.0,1.0,0.0,0.0
7500,recon,recon,0.005063456292254773,0.0,0.0,0.9949365437077452
7501,bruteforce,bruteforce,0.0,1.0,0.0,0.0
7502,bruteforce,bruteforce,0.0,1.0,0.0,0.0
7503,recon,recon,0.0,0.0,0.0,1.0
7504,recon,recon,0.0,0.0,0.0,1.0
7505,recon,recon,0.0,0.0,0.0,1.0
7506,bruteforce,bruteforce,0.0,1.0,0.0,0.0
7507,recon,recon,0.0,0.0,0.0,1.0
7508,bruteforce,bruteforce,0.0,1.0,0.0,0.0
7509,recon,recon,0.0,0.0,0.0,1.0
7510,recon,recon,0.0,0.0,0.0,1.0
7511,recon,recon,0.0,0.0,0.0,1.0
7512,bruteforce,bruteforce,0.0,1.0,0.0,0.0
7513,recon,recon,8.332147627153021e-06,0.0,0.0,0.9999916678523729
7514,recon,recon,0.0,0.0,0.0,1.0
7515,bruteforce,bruteforce,0.0,1.0,0.0,0.0
7516,recon,recon,0.0,0.0,0.0,1.0
7517,recon,recon,8.332147627153021e-06,0.0,0.0,0.9999916678523729
7518,recon,recon,8.332147627153021e-06,0.0,0.0,0.9999916678523729
7519,recon,recon,0.000535131686623012,0.0,0.0,0.9994648683133769
7520,recon,recon,0.0,0.0,0.0,1.0
7521,recon,recon,0.0,0.0,0.0,1.0
7522,recon,recon,0.0,0.0,0.0,1.0
7523,bruteforce,bruteforce,0.0,1.0,0.0,0.0
7524,bruteforce,bruteforce,0.0,1.0,0.0,0.0
7525,bruteforce,bruteforce,0.01661523929471033,0.9833847607052897,0.0,0.0
7526,bruteforce,bruteforce,0.0,1.0,0.0,0.0
7527,bruteforce,bruteforce,0.0,1.0,0.0,0.0
7528,bruteforce,bruteforce,0.0,1.0,0.0,0.0
7529,recon,recon,0.0,0.0,0.0,1.0
7530,bruteforce,bruteforce,0.0,1.0,0.0,0.0
7531,recon,recon,8.332147627153021e-06,0.0,5.766872655310987e-05,0.9999339991258198
7532,bruteforce,bruteforce,0.0,1.0,0.0,0.0
7533,bruteforce,bruteforce,0.0,1.0,0.0,0.0
7534,recon,recon,0.0,0.0,0.0,1.0
7535,recon,recon,8.332147627153021e-06,0.0,0.0,0.9999916678523729
7536,recon,recon,0.0,0.0,0.0,1.0
7537,recon,recon,0.0,0.0,0.0,1.0
7538,bruteforce,bruteforce,0.0,1.0,0.0,0.0
7539,bruteforce,bruteforce,0.01,0.99,0.0,0.0
7540,recon,recon,8.332147627153021e-06,0.0,0.0,0.9999916678523729
7541,recon,recon,0.0,0.0,5.766872655310987e-05,0.999942331273447
7542,recon,recon,8.332147627153021e-06,0.0,0.0,0.9999916678523729
7543,bruteforce,bruteforce,0.027435653002859866,0.9725643469971402,0.0,0.0
7544,recon,recon,0.0,0.0,0.0,1.0
7545,recon,recon,0.0,0.0,0.0,1.0
7546,recon,recon,8.332147627153021e-06,0.0,0.0,0.9999916678523729
7547,recon,recon,0.0,0.0,0.0,1.0
7548,bruteforce,bruteforce,0.0,1.0,0.0,0.0
7549,recon,recon,0.0,0.0,0.0,1.0
7550,bruteforce,bruteforce,0.0,1.0,0.0,0.0
7551,bruteforce,bruteforce,0.0,1.0,0.0,0.0
7552,recon,recon,0.0,0.0,0.0,1.0
7553,recon,recon,0.00028760231668372674,0.0,0.0,0.9997123976833163
7554,recon,recon,0.0,0.0,0.0,1.0
7555,bruteforce,bruteforce,0.0,1.0,0.0,0.0
7556,bruteforce,bruteforce,0.0,1.0,0.0,0.0
7557,recon,recon,0.0,0.0,0.0,1.0
7558,recon,recon,8.332147627153021e-06,0.0,0.0,0.9999916678523729
7559,bruteforce,bruteforce,0.0,1.0,0.0,0.0
7560,bruteforce,bruteforce,0.0,1.0,0.0,0.0
7561,recon,recon,8.332147627153021e-06,0.0,0.0,0.9999916678523729
7562,bruteforce,bruteforce,0.0,1.0,0.0,0.0
7563,bruteforce,bruteforce,0.0,1.0,0.0,0.0
7564,recon,recon,8.332147627153021e-06,0.0,0.0,0.9999916678523729
7565,recon,recon,0.0,0.0,0.0,1.0
7566,bruteforce,bruteforce,0.0,1.0,0.0,0.0
7567,bruteforce,bruteforce,0.0,1.0,0.0,0.0
7568,recon,recon,0.0,0.0,0.0,1.0
7569,recon,recon,8.332147627153021e-06,0.0,0.0,0.9999916678523729
7570,recon,recon,0.0,0.0,0.0,1.0
7571,recon,recon,0.0,0.0,0.0,1.0
7572,recon,recon,0.0,0.0,0.0,1.0
7573,bruteforce,bruteforce,0.0,1.0,0.0,0.0
7574,bruteforce,bruteforce,0.0,1.0,0.0,0.0
7575,bruteforce,bruteforce,0.0,1.0,0.0,0.0
7576,bruteforce,bruteforce,0.0,1.0,0.0,0.0
7577,bruteforce,bruteforce,0.0,1.0,0.0,0.0
7578,recon,recon,0.0,0.0,0.0,1.0
7579,recon,recon,8.332147627153021e-06,0.0,0.0,0.9999916678523729
7580,recon,recon,8.332147627153021e-06,0.0,0.0,0.9999916678523729
7581,bruteforce,bruteforce,0.0,1.0,0.0,0.0
7582,recon,recon,0.0,0.0,0.0,1.0
7583,recon,recon,0.0,0.0,0.0,1.0
7584,bruteforce,bruteforce,0.005105539358600583,0.9874068690554858,0.007487591585913497,0.0
7585,bruteforce,bruteforce,0.0,1.0,0.0,0.0
7586,recon,recon,8.332147627153021e-06,0.0,0.0,0.9999916678523729
7587,recon,recon,8.332147627153021e-06,0.0,0.0,0.9999916678523729
7588,recon,recon,0.0,0.0,0.0,1.0
7589,bruteforce,bruteforce,0.0,1.0,0.0,0.0
7590,bruteforce,bruteforce,0.0,1.0,0.0,0.0
7591,recon,recon,0.0,0.0,0.0,1.0
7592,bruteforce,bruteforce,0.0,1.0,0.0,0.0
7593,recon,recon,0.0,0.0,0.0,1.0
7594,recon,recon,0.0,0.0,0.0,1.0
7595,bruteforce,bruteforce,0.0,1.0,0.0,0.0
7596,recon,recon,0.0,0.0,0.0,1.0
7597,bruteforce,bruteforce,0.0,1.0,0.0,0.0
7598,bruteforce,bruteforce,0.0,1.0,0.0,0.0
7599,bruteforce,bruteforce,0.0,1.0,0.0,0.0
7600,recon,recon,0.0,0.0,0.0,1.0
7601,recon,recon,8.332147627153021e-06,0.0,0.0,0.9999916678523729
7602,bruteforce,bruteforce,0.0,1.0,0.0,0.0
7603,bruteforce,bruteforce,0.0,1.0,0.0,0.0
7604,recon,recon,8.332147627153021e-06,0.0,0.0,0.9999916678523729
7605,recon,recon,0.0,0.0,0.0,1.0
7606,bruteforce,bruteforce,0.0,1.0,0.0,0.0
7607,bruteforce,bruteforce,0.0,1.0,0.0,0.0
7608,bruteforce,bruteforce,0.0,1.0,0.0,0.0
7609,bruteforce,bruteforce,0.0,1.0,0.0,0.0
7610,bruteforce,bruteforce,0.0,1.0,0.0,0.0
7611,bruteforce,bruteforce,0.0,1.0,0.0,0.0
7612,bruteforce,bruteforce,0.0,1.0,0.0,0.0
7613,bruteforce,bruteforce,0.0,1.0,0.0,0.0
7614,bruteforce,bruteforce,0.0,1.0,0.0,0.0
7615,bruteforce,bruteforce,0.0,1.0,0.0,0.0
7616,bruteforce,bruteforce,0.0,0.9933727344365642,0.006627265563435777,0.0
7617,bruteforce,bruteforce,0.0,1.0,0.0,0.0
7618,bruteforce,bruteforce,0.0,1.0,0.0,0.0
7619,bruteforce,bruteforce,0.0,1.0,0.0,0.0
7620,bruteforce,bruteforce,0.0,1.0,0.0,0.0
7621,bruteforce,bruteforce,0.0,1.0,0.0,0.0
7622,bruteforce,bruteforce,0.0,1.0,0.0,0.0
7623,bruteforce,bruteforce,0.0,1.0,0.0,0.0
7624,bruteforce,bruteforce,0.0,1.0,0.0,0.0
7625,bruteforce,bruteforce,0.0,1.0,0.0,0.0
7626,bruteforce,bruteforce,0.0,1.0,0.0,0.0
7627,bruteforce,bruteforce,0.0,1.0,0.0,0.0
7628,bruteforce,bruteforce,0.0,1.0,0.0,0.0
7629,bruteforce,bruteforce,0.0,1.0,0.0,0.0
7630,bruteforce,bruteforce,0.005105539358600583,0.9948944606413994,0.0,0.0
7631,bruteforce,bruteforce,0.0,1.0,0.0,0.0
7632,bruteforce,bruteforce,0.0,1.0,0.0,0.0
7633,bruteforce,bruteforce,0.0,0.9966050301653216,0.0033949698346783675,0.0
7634,bruteforce,bruteforce,0.0,1.0,0.0,0.0
7635,bruteforce,bruteforce,0.0,1.0,0.0,0.0
7636,bruteforce,bruteforce,0.0,1.0,0.0,0.0
7637,bruteforce,bruteforce,0.0,1.0,0.0,0.0
7638,bruteforce,bruteforce,0.0,1.0,0.0,0.0
7639,bruteforce,bruteforce,0.01670466968608465,0.9732953303139154,0.0,0.01
7640,bruteforce,bruteforce,0.0,1.0,0.0,0.0
7641,bruteforce,bruteforce,0.0,1.0,0.0,0.0
7642,bruteforce,bruteforce,0.0,1.0,0.0,0.0
7643,bruteforce,bruteforce,0.0,1.0,0.0,0.0
7644,bruteforce,bruteforce,0.0,1.0,0.0,0.0
7645,bruteforce,bruteforce,0.0,1.0,0.0,0.0
7646,bruteforce,bruteforce,0.0,1.0,0.0,0.0
7647,bruteforce,bruteforce,0.0,1.0,0.0,0.0
7648,bruteforce,bruteforce,0.0,1.0,0.0,0.0
7649,bruteforce,bruteforce,0.0,1.0,0.0,0.0
7650,bruteforce,bruteforce,0.0,1.0,0.0,0.0
7651,bruteforce,bruteforce,0.0,1.0,0.0,0.0
7652,bruteforce,bruteforce,0.0,1.0,0.0,0.0
7653,bruteforce,bruteforce,0.0,1.0,0.0,0.0
7654,bruteforce,bruteforce,0.0,1.0,0.0,0.0
7655,bruteforce,bruteforce,0.0,1.0,0.0,0.0
7656,bruteforce,bruteforce,0.0,1.0,0.0,0.0
7657,bruteforce,bruteforce,0.0,1.0,0.0,0.0
7658,bruteforce,bruteforce,0.0,1.0,0.0,0.0
7659,bruteforce,bruteforce,0.0,1.0,0.0,0.0
7660,bruteforce,bruteforce,0.0,1.0,0.0,0.0
7661,bruteforce,bruteforce,0.0,1.0,0.0,0.0
7662,bruteforce,bruteforce,0.0,1.0,0.0,0.0
7663,bruteforce,bruteforce,0.0,1.0,0.0,0.0
7664,bruteforce,bruteforce,0.0,1.0,0.0,0.0
7665,bruteforce,bruteforce,0.0,1.0,0.0,0.0
7666,bruteforce,bruteforce,0.0,1.0,0.0,0.0
7667,bruteforce,bruteforce,0.0,1.0,0.0,0.0
7668,bruteforce,bruteforce,0.0,1.0,0.0,0.0
7669,bruteforce,bruteforce,0.0,1.0,0.0,0.0
7670,bruteforce,bruteforce,0.0,1.0,0.0,0.0
7671,bruteforce,bruteforce,0.0,1.0,0.0,0.0
7672,bruteforce,bruteforce,0.0,1.0,0.0,0.0
7673,bruteforce,bruteforce,0.0,1.0,0.0,0.0
7674,bruteforce,bruteforce,0.0,0.9866583248611872,0.013341675138812858,0.0
7675,bruteforce,bruteforce,0.0,1.0,0.0,0.0
7676,bruteforce,bruteforce,0.0,1.0,0.0,0.0
7677,bruteforce,bruteforce,0.0,1.0,0.0,0.0
7678,bruteforce,bruteforce,0.0,1.0,0.0,0.0
7679,bruteforce,bruteforce,0.0,1.0,0.0,0.0
7680,bruteforce,bruteforce,0.0,1.0,0.0,0.0
7681,bruteforce,bruteforce,0.0,1.0,0.0,0.0
7682,bruteforce,bruteforce,0.0,0.99,0.01,0.0
7683,bruteforce,bruteforce,0.0,1.0,0.0,0.0
7684,bruteforce,bruteforce,0.0,1.0,0.0,0.0
7685,bruteforce,bruteforce,0.0,1.0,0.0,0.0
7686,bruteforce,bruteforce,0.0,1.0,0.0,0.0
7687,bruteforce,bruteforce,0.0,1.0,0.0,0.0
7688,bruteforce,bruteforce,0.02747669694072658,0.9125233030592734,0.06,0.0
7689,bruteforce,bruteforce,0.0,1.0,0.0,0.0
7690,bruteforce,bruteforce,0.0,0.9990261172373767,0.0009738827626233313,0.0
7691,bruteforce,bruteforce,0.0,1.0,0.0,0.0
7692,bruteforce,bruteforce,0.0,1.0,0.0,0.0
7693,bruteforce,bruteforce,0.0,1.0,0.0,0.0
7694,bruteforce,bruteforce,0.0,1.0,0.0,0.0
7695,bruteforce,bruteforce,0.0,1.0,0.0,0.0
7696,bruteforce,bruteforce,0.0,1.0,0.0,0.0
7697,bruteforce,bruteforce,0.0,1.0,0.0,0.0
7698,bruteforce,bruteforce,0.0,1.0,0.0,0.0
7699,bruteforce,bruteforce,0.0,1.0,0.0,0.0
7700,bruteforce,bruteforce,0.0,1.0,0.0,0.0
7701,bruteforce,bruteforce,0.0,1.0,0.0,0.0
7702,bruteforce,bruteforce,0.0,1.0,0.0,0.0
7703,bruteforce,bruteforce,0.0,1.0,0.0,0.0
7704,bruteforce,bruteforce,0.0,1.0,0.0,0.0
7705,bruteforce,bruteforce,0.0,1.0,0.0,0.0
7706,bruteforce,bruteforce,0.0,1.0,0.0,0.0
7707,bruteforce,bruteforce,0.0,1.0,0.0,0.0
7708,bruteforce,bruteforce,0.0,1.0,0.0,0.0
7709,bruteforce,bruteforce,0.0,1.0,0.0,0.0
7710,bruteforce,bruteforce,0.0,1.0,0.0,0.0
7711,bruteforce,bruteforce,0.0,1.0,0.0,0.0
7712,bruteforce,bruteforce,0.0,1.0,0.0,0.0
7713,bruteforce,bruteforce,0.0,1.0,0.0,0.0
7714,bruteforce,bruteforce,0.0,1.0,0.0,0.0
7715,bruteforce,bruteforce,0.0,1.0,0.0,0.0
7716,bruteforce,bruteforce,0.0,1.0,0.0,0.0
7717,bruteforce,bruteforce,0.0,1.0,0.0,0.0
7718,bruteforce,bruteforce,0.0,1.0,0.0,0.0
7719,bruteforce,bruteforce,0.0,1.0,0.0,0.0
7720,bruteforce,bruteforce,0.0,1.0,0.0,0.0
7721,bruteforce,bruteforce,0.0,1.0,0.0,0.0
7722,bruteforce,bruteforce,0.0,1.0,0.0,0.0
7723,bruteforce,bruteforce,0.0,1.0,0.0,0.0
7724,bruteforce,bruteforce,0.0,1.0,0.0,0.0
7725,bruteforce,bruteforce,0.0,1.0,0.0,0.0
7726,bruteforce,bruteforce,0.0,1.0,0.0,0.0
7727,bruteforce,bruteforce,0.0,1.0,0.0,0.0
7728,bruteforce,bruteforce,0.0,1.0,0.0,0.0
7729,bruteforce,bruteforce,0.0,1.0,0.0,0.0
7730,bruteforce,bruteforce,0.0,1.0,0.0,0.0
7731,bruteforce,bruteforce,0.0,1.0,0.0,0.0
7732,bruteforce,bruteforce,0.0,1.0,0.0,0.0
7733,bruteforce,bruteforce,0.0,1.0,0.0,0.0
7734,bruteforce,bruteforce,0.0,1.0,0.0,0.0
7735,bruteforce,bruteforce,0.0,1.0,0.0,0.0
7736,bruteforce,bruteforce,0.0,1.0,0.0,0.0
7737,bruteforce,bruteforce,0.0,1.0,0.0,0.0
7738,bruteforce,bruteforce,0.0,1.0,0.0,0.0
7739,bruteforce,bruteforce,0.0,1.0,0.0,0.0
7740,bruteforce,bruteforce,0.0,0.9929387275489341,0.007061272451065826,0.0
7741,bruteforce,bruteforce,0.0,1.0,0.0,0.0
7742,bruteforce,bruteforce,0.0,1.0,0.0,0.0
7743,bruteforce,bruteforce,0.0,1.0,0.0,0.0
7744,bruteforce,bruteforce,0.0,1.0,0.0,0.0
7745,bruteforce,bruteforce,0.0,0.9966583248611872,0.0033416751388128576,0.0
7746,bruteforce,bruteforce,0.0,1.0,0.0,0.0
7747,bruteforce,bruteforce,0.0,1.0,0.0,0.0
7748,bruteforce,bruteforce,0.0,1.0,0.0,0.0
7749,bruteforce,bruteforce,0.0,1.0,0.0,0.0
7750,bruteforce,bruteforce,0.0,1.0,0.0,0.0
7751,bruteforce,bruteforce,0.0,1.0,0.0,0.0
7752,bruteforce,bruteforce,0.0,1.0,0.0,0.0
7753,bruteforce,bruteforce,0.0,1.0,0.0,0.0
7754,bruteforce,bruteforce,0.0,1.0,0.0,0.0
7755,bruteforce,bruteforce,0.0,1.0,0.0,0.0
7756,bruteforce,bruteforce,0.0,1.0,0.0,0.0
7757,bruteforce,bruteforce,0.0,1.0,0.0,0.0
7758,bruteforce,bruteforce,0.0,1.0,0.0,0.0
7759,bruteforce,bruteforce,0.0,1.0,0.0,0.0
7760,bruteforce,bruteforce,0.0,1.0,0.0,0.0
7761,bruteforce,bruteforce,0.0,1.0,0.0,0.0
7762,bruteforce,bruteforce,0.0,1.0,0.0,0.0
7763,bruteforce,bruteforce,0.0,1.0,0.0,0.0
7764,bruteforce,bruteforce,0.0,1.0,0.0,0.0
7765,bruteforce,bruteforce,0.0,1.0,0.0,0.0
7766,bruteforce,bruteforce,0.0,1.0,0.0,0.0
7767,bruteforce,bruteforce,0.0,1.0,0.0,0.0
7768,bruteforce,bruteforce,0.0,1.0,0.0,0.0
7769,bruteforce,bruteforce,0.0,1.0,0.0,0.0
7770,bruteforce,bruteforce,0.0,1.0,0.0,0.0
7771,bruteforce,bruteforce,0.0,1.0,0.0,0.0
7772,bruteforce,bruteforce,0.0,1.0,0.0,0.0
7773,bruteforce,bruteforce,0.0,1.0,0.0,0.0
7774,bruteforce,bruteforce,0.0,1.0,0.0,0.0
7775,bruteforce,bruteforce,0.0,1.0,0.0,0.0
7776,bruteforce,bruteforce,0.01,0.9849785458879619,0.0,0.005021454112038142
7777,bruteforce,bruteforce,0.0,1.0,0.0,0.0
7778,bruteforce,bruteforce,0.0,1.0,0.0,0.0
7779,bruteforce,bruteforce,0.0,1.0,0.0,0.0
7780,bruteforce,bruteforce,0.0,1.0,0.0,0.0
7781,bruteforce,bruteforce,0.0,1.0,0.0,0.0
7782,bruteforce,bruteforce,0.0,1.0,0.0,0.0
7783,bruteforce,bruteforce,0.0,1.0,0.0,0.0
7784,bruteforce,bruteforce,0.0,1.0,0.0,0.0
7785,bruteforce,bruteforce,0.01661523929471033,0.9833847607052897,0.0,0.0
7786,bruteforce,bruteforce,0.0,1.0,0.0,0.0
7787,bruteforce,bruteforce,0.0,1.0,0.0,0.0
7788,bruteforce,bruteforce,0.0,1.0,0.0,0.0
7789,bruteforce,bruteforce,0.0,1.0,0.0,0.0
7790,bruteforce,bruteforce,0.0,1.0,0.0,0.0
7791,bruteforce,bruteforce,0.03234710781916602,0.9493495342487939,0.018303357932039993,0.0
7792,bruteforce,bruteforce,0.0,1.0,0.0,0.0
7793,bruteforce,bruteforce,0.0,1.0,0.0,0.0
7794,bruteforce,bruteforce,0.0,1.0,0.0,0.0
7795,bruteforce,bruteforce,0.0,1.0,0.0,0.0
7796,bruteforce,bruteforce,0.0,1.0,0.0,0.0
7797,bruteforce,bruteforce,0.0,1.0,0.0,0.0
7798,bruteforce,bruteforce,0.0,1.0,0.0,0.0
7799,bruteforce,bruteforce,0.0,0.999498037847737,0.0005019621522630156,0.0
7800,bruteforce,bruteforce,0.0,1.0,0.0,0.0
7801,bruteforce,bruteforce,0.0,1.0,0.0,0.0
7802,bruteforce,bruteforce,0.0,1.0,0.0,0.0
7803,bruteforce,bruteforce,0.0,1.0,0.0,0.0
7804,bruteforce,bruteforce,0.0,1.0,0.0,0.0
7805,bruteforce,bruteforce,0.0,1.0,0.0,0.0
7806,bruteforce,bruteforce,0.0,1.0,0.0,0.0
7807,bruteforce,bruteforce,0.0,1.0,0.0,0.0
7808,bruteforce,bruteforce,0.0,1.0,0.0,0.0
7809,bruteforce,bruteforce,0.0,1.0,0.0,0.0
7810,bruteforce,bruteforce,0.0,1.0,0.0,0.0
7811,bruteforce,bruteforce,0.0,1.0,0.0,0.0
7812,bruteforce,bruteforce,0.0,1.0,0.0,0.0
7813,bruteforce,bruteforce,0.0,1.0,0.0,0.0
7814,bruteforce,bruteforce,0.0,1.0,0.0,0.0
7815,bruteforce,bruteforce,0.0,1.0,0.0,0.0
7816,bruteforce,bruteforce,0.0,1.0,0.0,0.0
7817,bruteforce,bruteforce,0.0,1.0,0.0,0.0
7818,bruteforce,bruteforce,0.0,1.0,0.0,0.0
7819,bruteforce,bruteforce,0.0,1.0,0.0,0.0
7820,bruteforce,bruteforce,0.0,1.0,0.0,0.0
7821,bruteforce,bruteforce,0.0,1.0,0.0,0.0
7822,bruteforce,bruteforce,0.0,1.0,0.0,0.0
7823,bruteforce,bruteforce,0.0,1.0,0.0,0.0
7824,bruteforce,bruteforce,0.0,1.0,0.0,0.0
7825,bruteforce,bruteforce,0.0,1.0,0.0,0.0
7826,bruteforce,bruteforce,0.0,1.0,0.0,0.0
7827,bruteforce,bruteforce,0.0,1.0,0.0,0.0
7828,bruteforce,bruteforce,0.0,1.0,0.0,0.0
7829,bruteforce,bruteforce,0.0,1.0,0.0,0.0
7830,bruteforce,bruteforce,0.0,1.0,0.0,0.0
7831,bruteforce,bruteforce,0.0,1.0,0.0,0.0
7832,bruteforce,bruteforce,0.0,1.0,0.0,0.0
7833,bruteforce,bruteforce,0.008408898171798131,0.9775184197916169,0.014072682036584815,0.0
7834,bruteforce,bruteforce,0.0,1.0,0.0,0.0
7835,bruteforce,bruteforce,0.0,1.0,0.0,0.0
7836,bruteforce,bruteforce,0.0,1.0,0.0,0.0
7837,bruteforce,bruteforce,0.0,1.0,0.0,0.0
7838,bruteforce,bruteforce,0.0,1.0,0.0,0.0
7839,bruteforce,bruteforce,0.0,1.0,0.0,0.0
7840,bruteforce,bruteforce,0.0,1.0,0.0,0.0
7841,bruteforce,bruteforce,0.0,1.0,0.0,0.0
7842,bruteforce,bruteforce,0.0,1.0,0.0,0.0
7843,bruteforce,bruteforce,0.0,1.0,0.0,0.0
7844,bruteforce,bruteforce,0.0,1.0,0.0,0.0
7845,bruteforce,bruteforce,0.0,1.0,0.0,0.0
7846,bruteforce,bruteforce,0.0,0.993318787500974,0.006681212499025949,0.0
7847,bruteforce,bruteforce,0.0,1.0,0.0,0.0
7848,bruteforce,bruteforce,0.0,1.0,0.0,0.0
7849,bruteforce,bruteforce,0.0,1.0,0.0,0.0
7850,bruteforce,bruteforce,0.0,1.0,0.0,0.0
7851,bruteforce,bruteforce,0.0,1.0,0.0,0.0
7852,bruteforce,bruteforce,0.0,1.0,0.0,0.0
7853,bruteforce,bruteforce,0.0,1.0,0.0,0.0
7854,bruteforce,bruteforce,0.0,1.0,0.0,0.0
7855,bruteforce,bruteforce,0.0,0.9817107414299688,0.018289258570031178,0.0
7856,bruteforce,bruteforce,0.0,1.0,0.0,0.0
7857,bruteforce,bruteforce,0.0,1.0,0.0,0.0
7858,bruteforce,bruteforce,0.0,1.0,0.0,0.0
7859,bruteforce,bruteforce,0.0,1.0,0.0,0.0
7860,bruteforce,bruteforce,0.0,1.0,0.0,0.0
7861,bruteforce,bruteforce,0.0,1.0,0.0,0.0
7862,bruteforce,bruteforce,0.0,1.0,0.0,0.0
7863,bruteforce,bruteforce,0.0,1.0,0.0,0.0
7864,bruteforce,bruteforce,0.0,1.0,0.0,0.0
7865,bruteforce,bruteforce,0.0,1.0,0.0,0.0
7866,bruteforce,bruteforce,0.0,1.0,0.0,0.0
7867,bruteforce,bruteforce,0.0,1.0,0.0,0.0
7868,bruteforce,bruteforce,0.0,1.0,0.0,0.0
7869,bruteforce,bruteforce,0.0,1.0,0.0,0.0
7870,bruteforce,bruteforce,0.0,1.0,0.0,0.0
7871,bruteforce,bruteforce,0.0,1.0,0.0,0.0
7872,bruteforce,bruteforce,0.0,1.0,0.0,0.0
7873,bruteforce,bruteforce,0.0,1.0,0.0,0.0
7874,bruteforce,bruteforce,0.0,1.0,0.0,0.0
7875,bruteforce,bruteforce,0.0,1.0,0.0,0.0
7876,bruteforce,bruteforce,0.0,1.0,0.0,0.0
7877,bruteforce,bruteforce,0.0,1.0,0.0,0.0
7878,bruteforce,bruteforce,0.0,1.0,0.0,0.0
7879,bruteforce,bruteforce,0.0,1.0,0.0,0.0
7880,bruteforce,bruteforce,0.0,1.0,0.0,0.0
7881,bruteforce,bruteforce,0.0,1.0,0.0,0.0
7882,bruteforce,bruteforce,0.0,1.0,0.0,0.0
7883,bruteforce,bruteforce,0.0,1.0,0.0,0.0
7884,bruteforce,bruteforce,0.0,1.0,0.0,0.0
7885,bruteforce,bruteforce,0.0,1.0,0.0,0.0
7886,bruteforce,bruteforce,0.0,1.0,0.0,0.0
7887,bruteforce,bruteforce,0.0,1.0,0.0,0.0
7888,bruteforce,bruteforce,0.0,1.0,0.0,0.0
7889,bruteforce,bruteforce,0.0,1.0,0.0,0.0
7890,bruteforce,bruteforce,0.0,1.0,0.0,0.0
7891,bruteforce,bruteforce,0.0,1.0,0.0,0.0
7892,bruteforce,bruteforce,0.0,1.0,0.0,0.0
7893,bruteforce,bruteforce,0.0,1.0,0.0,0.0
7894,bruteforce,bruteforce,0.0,1.0,0.0,0.0
7895,bruteforce,bruteforce,0.0,1.0,0.0,0.0
7896,bruteforce,bruteforce,0.0,1.0,0.0,0.0
7897,bruteforce,bruteforce,0.0,1.0,0.0,0.0
7898,bruteforce,bruteforce,0.0,1.0,0.0,0.0
7899,bruteforce,bruteforce,0.0,1.0,0.0,0.0
7900,bruteforce,bruteforce,0.0,1.0,0.0,0.0
7901,bruteforce,bruteforce,0.0,1.0,0.0,0.0
7902,bruteforce,bruteforce,0.0,1.0,0.0,0.0
7903,bruteforce,bruteforce,0.0,1.0,0.0,0.0
7904,bruteforce,bruteforce,0.0,1.0,0.0,0.0
7905,bruteforce,bruteforce,0.0,1.0,0.0,0.0
7906,bruteforce,bruteforce,0.0,1.0,0.0,0.0
7907,bruteforce,bruteforce,0.0,1.0,0.0,0.0
7908,bruteforce,bruteforce,0.0,1.0,0.0,0.0
7909,bruteforce,bruteforce,0.0,1.0,0.0,0.0
7910,bruteforce,bruteforce,0.0,1.0,0.0,0.0
7911,bruteforce,bruteforce,0.0,1.0,0.0,0.0
7912,bruteforce,bruteforce,0.0,1.0,0.0,0.0
7913,bruteforce,bruteforce,0.0,1.0,0.0,0.0
7914,bruteforce,bruteforce,0.0,1.0,0.0,0.0
7915,bruteforce,bruteforce,0.0,1.0,0.0,0.0
7916,bruteforce,bruteforce,0.0,1.0,0.0,0.0
7917,bruteforce,bruteforce,0.0,1.0,0.0,0.0
7918,bruteforce,bruteforce,0.0,1.0,0.0,0.0
7919,bruteforce,bruteforce,0.0,1.0,0.0,0.0
7920,bruteforce,bruteforce,0.0,1.0,0.0,0.0
7921,bruteforce,bruteforce,0.0,1.0,0.0,0.0
7922,bruteforce,bruteforce,0.0,1.0,0.0,0.0
7923,bruteforce,bruteforce,0.0,1.0,0.0,0.0
7924,bruteforce,bruteforce,0.0,1.0,0.0,0.0
7925,bruteforce,bruteforce,0.0,1.0,0.0,0.0
7926,bruteforce,bruteforce,0.0,0.9825114315863525,0.007488568413647555,0.01
7927,bruteforce,bruteforce,0.008343944129335958,0.9916560558706641,0.0,0.0
7928,bruteforce,bruteforce,0.0,1.0,0.0,0.0
7929,bruteforce,bruteforce,0.0,0.9924363551237784,0.007563644876221689,0.0
7930,bruteforce,bruteforce,0.0,1.0,0.0,0.0
7931,bruteforce,bruteforce,0.0,1.0,0.0,0.0
7932,bruteforce,bruteforce,0.0,0.9841123444993659,0.015887655500634198,0.0
7933,bruteforce,bruteforce,0.0,1.0,0.0,0.0
7934,bruteforce,bruteforce,0.0,1.0,0.0,0.0
7935,bruteforce,bruteforce,0.0,1.0,0.0,0.0
7936,bruteforce,bruteforce,0.0,1.0,0.0,0.0
7937,bruteforce,bruteforce,0.0,1.0,0.0,0.0
7938,bruteforce,bruteforce,0.0,1.0,0.0,0.0
7939,bruteforce,bruteforce,0.0,1.0,0.0,0.0
7940,bruteforce,bruteforce,0.0,1.0,0.0,0.0
7941,bruteforce,bruteforce,0.0,1.0,0.0,0.0
7942,bruteforce,bruteforce,0.006689709347996858,0.9733102906520031,0.02,0.0
7943,bruteforce,bruteforce,0.0,1.0,0.0,0.0
7944,bruteforce,bruteforce,0.0,1.0,0.0,0.0
7945,bruteforce,bruteforce,0.0,1.0,0.0,0.0
7946,bruteforce,bruteforce,0.0,1.0,0.0,0.0
7947,bruteforce,bruteforce,0.0,1.0,0.0,0.0
7948,bruteforce,bruteforce,0.0,1.0,0.0,0.0
7949,bruteforce,bruteforce,0.0,1.0,0.0,0.0
7950,bruteforce,bruteforce,0.0,1.0,0.0,0.0
7951,bruteforce,bruteforce,0.0,1.0,0.0,0.0
7952,bruteforce,bruteforce,0.0,1.0,0.0,0.0
7953,bruteforce,bruteforce,0.0,1.0,0.0,0.0
7954,bruteforce,bruteforce,0.0,1.0,0.0,0.0
7955,bruteforce,bruteforce,0.0,1.0,0.0,0.0
7956,bruteforce,bruteforce,0.0,1.0,0.0,0.0
7957,bruteforce,bruteforce,0.0,1.0,0.0,0.0
7958,bruteforce,bruteforce,0.0,1.0,0.0,0.0
7959,bruteforce,bruteforce,0.0,1.0,0.0,0.0
7960,bruteforce,bruteforce,0.0,1.0,0.0,0.0
7961,bruteforce,bruteforce,0.0,1.0,0.0,0.0
7962,bruteforce,bruteforce,0.0,1.0,0.0,0.0
7963,bruteforce,bruteforce,0.0,1.0,0.0,0.0
7964,bruteforce,bruteforce,0.0,1.0,0.0,0.0
7965,bruteforce,bruteforce,0.0,1.0,0.0,0.0
7966,bruteforce,bruteforce,0.0,1.0,0.0,0.0
7967,bruteforce,bruteforce,0.0,1.0,0.0,0.0
7968,bruteforce,bruteforce,0.0,1.0,0.0,0.0
7969,bruteforce,bruteforce,0.0,1.0,0.0,0.0
7970,bruteforce,bruteforce,0.0,1.0,0.0,0.0
7971,bruteforce,bruteforce,0.0,1.0,0.0,0.0
7972,bruteforce,bruteforce,0.0,1.0,0.0,0.0
7973,bruteforce,bruteforce,0.0,1.0,0.0,0.0
7974,bruteforce,bruteforce,0.0,1.0,0.0,0.0
7975,bruteforce,bruteforce,0.0,1.0,0.0,0.0
7976,bruteforce,bruteforce,0.0,1.0,0.0,0.0
7977,bruteforce,bruteforce,0.0,0.98,0.02,0.0
7978,bruteforce,bruteforce,0.0,1.0,0.0,0.0
7979,bruteforce,bruteforce,0.0,1.0,0.0,0.0
7980,bruteforce,bruteforce,0.0,1.0,0.0,0.0
7981,bruteforce,bruteforce,0.0,1.0,0.0,0.0
7982,bruteforce,bruteforce,0.0,1.0,0.0,0.0
7983,bruteforce,bruteforce,0.0,1.0,0.0,0.0
7984,bruteforce,bruteforce,0.0,1.0,0.0,0.0
7985,bruteforce,bruteforce,0.0,1.0,0.0,0.0
7986,bruteforce,bruteforce,0.0,1.0,0.0,0.0
7987,bruteforce,bruteforce,0.0,1.0,0.0,0.0
7988,bruteforce,bruteforce,0.0,1.0,0.0,0.0
7989,bruteforce,bruteforce,0.0,1.0,0.0,0.0
7990,bruteforce,bruteforce,0.0,1.0,0.0,0.0
7991,bruteforce,bruteforce,0.0,1.0,0.0,0.0
7992,bruteforce,bruteforce,0.0,0.9980249244712991,0.001975075528700906,0.0
7993,bruteforce,bruteforce,0.0,1.0,0.0,0.0
7994,bruteforce,bruteforce,0.0,1.0,0.0,0.0
7995,bruteforce,bruteforce,0.0,1.0,0.0,0.0
7996,bruteforce,bruteforce,0.0,1.0,0.0,0.0
7997,bruteforce,bruteforce,0.0,1.0,0.0,0.0
7998,bruteforce,bruteforce,0.0,1.0,0.0,0.0
7999,bruteforce,bruteforce,0.0,1.0,0.0,0.0
