row_id,true_label,predicted_label,prob_Bot,prob_Brute Force,prob_DoS/DDoS,prob_Normal,prob_Web Attack
0,DoS/DDoS,DoS/DDoS,0.0,0.0,1.0,0.0,0.0
1,DoS/DDoS,DoS/DDoS,0.0,0.0,1.0,0.0,0.0
2,DoS/DDoS,DoS/DDoS,0.0,0.0,1.0,0.0,0.0
3,DoS/DDoS,DoS/DDoS,0.0,0.0,1.0,0.0,0.0
4,Normal,Normal,0.0,0.0,0.0,1.0,0.0
5,Normal,Normal,0.0,0.0,0.0,1.0,0.0
6,Normal,Normal,0.0,0.0,0.0,1.0,0.0
7,DoS/DDoS,DoS/DDoS,0.0,0.0,1.0,0.0,0.0
8,DoS/DDoS,DoS/DDoS,0.0,0.000192968101100968,0.9972970658823498,0.0015316257237047994,0.0009783402928444298
9,DoS/DDoS,DoS/DDoS,0.0,0.0,1.0,0.0,0.0
10,DoS/DDoS,DoS/DDoS,0.0,0.0,0.9973211132432752,0.002678886756724776,0.0
11,Brute Force,Brute Force,0.0,1.0,0.0,0.0,0.0
12,DoS/DDoS,DoS/DDoS,0.0,0.0,0.9999714047472551,2.8595252744989888e-05,0.0
13,Brute Force,Brute Force,0.0,1.0,0.0,0.0,0.0
14,Normal,Normal,0.0,0.0,0.0,1.0,0.0
15,Normal,Normal,0.0,0.02407410426487771,0.0025776460735295985,0.9633482496615926,0.01
16,Normal,Normal,0.002085975935036453,0.0,0.0026714617254345045,0.9952425623395291,0.0
17,DoS/DDoS,DoS/DDoS,0.0,0.0,1.0,0.0,0.0
18,Brute Force,Brute Force,0.0,1.0,0.0,0.0,0.0
19,Normal,Normal,0.0,0.0,0.0,1.0,0.0
20,Normal,Normal,0.0,0.0,0.0,1.0,0.0
21,Normal,Normal,0.0,0.0,0.0,1.0,0.0
22,Brute Force,Brute Force,0.0,1.0,0.0,0.0,0.0
23,Brute Force,Brute Force,0.0,1.0,0.0,0.0,0.0
24,Brute Force,Brute Force,0.0,1.0,0.0,0.0,0.0
25,DoS/DDoS,DoS/DDoS,0.0,0.0,1.0,0.0,0.0
26,DoS/DDoS,DoS/DDoS,0.0,0.0,1.0,0.0,0.0
27,DoS/DDoS,DoS/DDoS,0.0,0.0,1.0,0.0,0.0
28,DoS/DDoS,DoS/DDoS,0.0,0.0,0.9983337296397574,0.0016662703602425394,0.0
29,Brute Force,Brute Force,0.0,1.0,0.0,0.0,0.0
30,DoS/DDoS,DoS/DDoS,0.0,0.0,0.9964676306106349,0.003532369389365109,0.0
31,Normal,Normal,0.0,0.0,0.0,1.0,0.0
32,DoS/DDoS,DoS/DDoS,0.0,0.0,1.0,0.0,0.0
33,DoS/DDoS,DoS/DDoS,0.0,0.0,1.0,0.0,0.0
34,DoS/DDoS,DoS/DDoS,0.0,0.0,0.9999837280409707,1.6271959029384604e-05,0.0
35,DoS/DDoS,DoS/DDoS,0.0,0.0,1.0,0.0,0.0
36,Brute Force,Brute Force,0.0,1.0,0.0,0.0,0.0
37,Normal,Normal,0.0,0.0,0.0,1.0,0.0
38,Normal,Normal,0.0,0.0019672478593833896,0.0,0.9980327521406166,0.0
39,DoS/DDoS,DoS/DDoS,0.0,0.0,1.0,0.0,0.0
40,Bot,Bot,0.9820654557745587,0.0,3.8792083567466685e-05,0.017895752141873732,0.0
41,Normal,Normal,0.0,0.0,0.0,1.0,0.0
42,DoS/DDoS,DoS/DDoS,0.0,0.0,0.9673682128053875,0.032631787194612495,0.0
43,DoS/DDoS,DoS/DDoS,0.0,0.0,1.0,0.0,0.0
44,DoS/DDoS,DoS/DDoS,0.0,0.0,1.0,0.0,0.0
45,Normal,Normal,0.0,0.0,0.0,1.0,0.0
46,DoS/DDoS,DoS/DDoS,0.0,0.0,1.0,0.0,0.0
47,Normal,Normal,0.0,0.0,0.0,1.0,0.0
48,Brute Force,Brute Force,0.0,1.0,0.0,0.0,0.0
49,Normal,Normal,0.0,0.0,0.0,1.0,0.0
50,Brute Force,Brute Force,0.0,1.0,0.0,0.0,0.0
51,Brute Force,Brute Force,0.0,1.0,0.0,0.0,0.0
52,Normal,Normal,0.0,0.0,0.0,1.0,0.0
53,Normal,Normal,0.0,0.0,0.0,1.0,0.0
54,Normal,Normal,0.0,0.0,0.0,1.0,0.0
55,Brute Force,Brute Force,0.0,0.9961411712382322,0.001041081221001484,0.0006064918931363486,0.0022112556476298713
56,DoS/DDoS,DoS/DDoS,0.0,0.0,1.0,0.0,0.0
57,Normal,Normal,0.0,0.036948688560026505,0.0005341503927154072,0.9093134644423492,0.05320369660490898
58,DoS/DDoS,DoS/DDoS,0.0,0.0,1.0,0.0,0.0
59,Normal,Normal,0.0,0.0,0.0,1.0,0.0
60,DoS/DDoS,DoS/DDoS,0.0,0.0,1.0,0.0,0.0
61,Normal,Normal,0.0,0.0,0.0,1.0,0.0
62,DoS/DDoS,DoS/DDoS,0.0,0.0,1.0,0.0,0.0
63,DoS/DDoS,DoS/DDoS,0.0,0.0,1.0,0.0,0.0
64,Normal,Normal,0.0,0.0,0.0,1.0,0.0
65,Brute Force,Brute Force,0.0,1.0,0.0,0.0,0.0
66,Brute Force,Brute Force,0.0,1.0,0.0,0.0,0.0
67,DoS/DDoS,DoS/DDoS,0.0,0.0,1.0,0.0,0.0
68,Normal,Normal,0.0,0.0,0.0,1.0,0.0
69,Normal,Normal,0.0,0.0,0.0,1.0,0.0
70,DoS/DDoS,DoS/DDoS,0.0,0.0,1.0,0.0,0.0
71,Normal,Normal,0.0,0.0,0.08430504573900467,0.9156949542609953,0.0
72,Normal,Normal,0.0,0.0,0.0,1.0,0.0
73,Normal,Normal,0.0,0.0069586938287271045,0.012705470770509876,0.9728761636375424,0.0074596717632206475
74,Normal,Normal,0.006924251732429228,0.018557251773860202,0.2768269953326791,0.6953543279970561,0.002337173163975407
75,Normal,Normal,0.0,0.0,0.0,1.0,0.0
76,Brute Force,Brute Force,0.0,1.0,0.0,0.0,0.0
77,DoS/DDoS,DoS/DDoS,0.0,0.0,0.9953896694800602,0.004610330519939754,0.0
78,DoS/DDoS,DoS/DDoS,0.0,0.0,1.0,0.0,0.0
79,Normal,Normal,0.0,0.0,0.0012504457917261055,0.9963307207822449,0.0024188334260289213
80,DoS/DDoS,DoS/DDoS,0.0,0.0,1.0,0.0,0.0
81,Normal,Normal,0.0,0.0,0.0,1.0,0.0
82,Normal,Normal,0.0,0.0,0.0,1.0,0.0
83,Normal,Normal,0.0,0.0,0.0,1.0,0.0
84,Normal,Bot,0.8164260193771166,0.0,0.0002980528075471267,0.18327592781533636,0.0
85,Normal,Normal,0.0,0.0,0.0,1.0,0.0
86,DoS/DDoS,DoS/DDoS,0.0,0.0,1.0,0.0,0.0
87,DoS/DDoS,DoS/DDoS,0.0,0.0,1.0,0.0,0.0
88,DoS/DDoS,DoS/DDoS,0.0,0.0,1.0,0.0,0.0
89,DoS/DDoS,DoS/DDoS,0.0,0.0,0.9999837280409707,1.6271959029384604e-05,0.0
90,Brute Force,Brute Force,0.0,1.0,0.0,0.0,0.0
91,Normal,Normal,0.0,0.0,0.0,1.0,0.0
92,Normal,Normal,0.0,0.0,0.0,1.0,0.0
93,Normal,Normal,0.0,0.0,0.0,1.0,0.0
94,DoS/DDoS,DoS/DDoS,0.0,0.0,1.0,0.0,0.0
95,Brute Force,Web Attack,0.0,0.3443877831422607,1.25579282007367e-05,0.0007127557468464852,0.6548869031826923
96,DoS/DDoS,DoS/DDoS,0.0,0.0,1.0,0.0,0.0
97,DoS/DDoS,DoS/DDoS,0.0,0.0,1.0,0.0,0.0
98,Normal,Normal,0.0,0.0,0.0,1.0,0.0
99,Normal,Normal,0.0,0.0,0.0,1.0,0.0
100,Bot,Bot,0.9820862288866063,0.0,3.8792083567466685e-05,0.01787497902982612,0.0
101,Brute Force,Brute Force,0.0,1.0,0.0,0.0,0.0
102,DoS/DDoS,DoS/DDoS,0.0,0.0,1.0,0.0,0.0
103,Normal,Normal,0.0022750655307994757,0.0,0.0,0.9977249344692005,0.0
104,DoS/DDoS,DoS/DDoS,0.0,0.0,0.9999946236857931,5.376314206946534e-06,0.0
105,DoS/DDoS,DoS/DDoS,0.0,0.0,1.0,0.0,0.0
106,Brute Force,Brute Force,0.0,1.0,0.0,0.0,0.0
107,DoS/DDoS,DoS/DDoS,0.0,0.0,1.0,0.0,0.0
108,Brute Force,Brute Force,0.0,1.0,0.0,0.0,0.0
109,Normal,Normal,0.0,0.0,0.0,1.0,0.0
110,DoS/DDoS,DoS/DDoS,0.0,0.0,1.0,0.0,0.0
111,Normal,Normal,0.0,0.0,0.0,1.0,0.0
112,DoS/DDoS,DoS/DDoS,0.0,0.0,1.0,0.0,0.0
113,DoS/DDoS,DoS/DDoS,0.0,0.0,0.9999668162769407,3.3183723059252104e-05,0.0
114,Bot,Bot,0.9999349373323629,0.0,1.4450702009829216e-06,6.361759743604334e-05,0.0
115,Brute Force,Brute Force,0.0,1.0,0.0,0.0,0.0
116,Brute Force,Brute Force,0.0,1.0,0.0,0.0,0.0
117,DoS/DDoS,DoS/DDoS,0.0,0.0,1.0,0.0,0.0
118,DoS/DDoS,DoS/DDoS,0.0,0.0,0.9856684037347425,0.0143315962652576,0.0
119,DoS/DDoS,DoS/DDoS,0.0,0.0,1.0,0.0,0.0
120,DoS/DDoS,DoS/DDoS,0.0,0.0,1.0,0.0,0.0
121,Brute Force,Brute Force,0.0,1.0,0.0,0.0,0.0
122,DoS/DDoS,DoS/DDoS,0.0,0.0,0.9999714047472551,2.8595252744989888e-05,0.0
123,Brute Force,Brute Force,0.0,1.0,0.0,0.0,0.0
124,Bot,Bot,0.9761225608717967,0.0,2.3368926314574484e-05,0.023854070201888615,0.0
125,Normal,Normal,0.0,0.0,0.0,1.0,0.0
126,DoS/DDoS,DoS/DDoS,0.0,0.0,1.0,0.0,0.0
127,DoS/DDoS,DoS/DDoS,0.0,0.0,1.0,0.0,0.0
128,DoS/DDoS,DoS/DDoS,0.0,0.0,0.9977954711741632,0.0022045288258366936,0.0
129,DoS/DDoS,DoS/DDoS,0.0,0.0,1.0,0.0,0.0
130,Normal,Normal,0.0,0.0,0.0,1.0,0.0
131,Normal,Normal,0.0,0.0,0.0,1.0,0.0
132,Normal,Normal,0.0,0.0,0.0,1.0,0.0
133,Normal,Normal,0.2818951128350713,0.0,8.737857942733781e-06,0.7180961493069857,0.0
134,Normal,Normal,0.0,0.004616798728943027,0.0,0.995383201271057,0.0
135,Brute Force,Brute Force,0.0,1.0,0.0,0.0,0.0
136,Web Attack,Brute Force,0.0,0.721865638007543,3.178795025231719e-05,0.004024809841546524,0.27407776420065816
137,Web Attack,Brute Force,0.0,0.4996341522785875,5.165844966902835e-05,0.0037960141590384585,0.4965181751127051
138,Brute Force,Brute Force,0.0,1.0,0.0,0.0,0.0
139,Brute Force,Brute Force,0.0,1.0,0.0,0.0,0.0
140,Normal,Normal,0.0,0.0025956601220433794,0.003233948455795452,0.9917529475534219,0.0024174438687392056
141,Normal,Normal,0.0,0.0,0.0,1.0,0.0
142,DoS/DDoS,DoS/DDoS,0.0,0.0,1.0,0.0,0.0
143,DoS/DDoS,DoS/DDoS,0.0,0.0,1.0,0.0,0.0
144,Normal,Normal,0.0,0.0,0.0,1.0,0.0
145,Bot,Bot,1.0,0.0,0.0,0.0,0.0
146,Normal,Normal,0.0,0.0801248181667977,0.0018895473425670842,0.7056993092495762,0.212286325241059
147,Normal,Normal,0.0,0.0,0.018314687723292172,0.9816853122767077,0.0
148,DoS/DDoS,DoS/DDoS,0.0,0.0,1.0,0.0,0.0
149,Normal,Normal,0.0,0.0022063554335033345,0.0008342444914549214,0.9969594000750417,0.0
150,Brute Force,Brute Force,0.0,1.0,0.0,0.0,0.0
151,DoS/DDoS,DoS/DDoS,0.0,0.0,1.0,0.0,0.0
152,Brute Force,Brute Force,0.0,1.0,0.0,0.0,0.0
153,Normal,Normal,0.0,0.0,0.0,1.0,0.0
154,Brute Force,Web Attack,0.0,0.3498938473168735,0.0008963006182592163,0.0010488095842431185,0.6481610424806242
155,DoS/DDoS,DoS/DDoS,0.0,0.0,1.0,0.0,0.0
156,DoS/DDoS,DoS/DDoS,0.0,0.0,1.0,0.0,0.0
157,DoS/DDoS,DoS/DDoS,0.0,0.0,0.9999714047472551,2.8595252744989888e-05,0.0
158,DoS/DDoS,DoS/DDoS,0.0,0.0,1.0,0.0,0.0
159,Normal,Normal,0.0,0.0,0.0,1.0,0.0
160,Brute Force,Brute Force,0.0,1.0,0.0,0.0,0.0
161,Normal,Normal,0.0,0.0018665363228882324,0.006670457732977184,0.9914630059441346,0.0
162,DoS/DDoS,DoS/DDoS,0.0,0.0,1.0,0.0,0.0
163,Normal,Normal,0.0,0.0,0.0,1.0,0.0
164,DoS/DDoS,DoS/DDoS,0.0,0.0,0.9981305458456574,0.0018694541543425652,0.0
165,DoS/DDoS,DoS/DDoS,0.0,0.0,0.9999946236857931,5.376314206946534e-06,0.0
166,DoS/DDoS,DoS/DDoS,0.0,0.0,0.9999946236857931,5.376314206946534e-06,0.0
167,Normal,Normal,0.0,0.0,0.0,1.0,0.0
168,DoS/DDoS,DoS/DDoS,0.0,0.0,1.0,0.0,0.0
169,Normal,Normal,0.0034083301563903267,0.009442690488650714,0.012237726500106232,0.9726999972072228,0.0022112556476298713
170,Brute Force,Brute Force,0.0,1.0,0.0,0.0,0.0
171,Brute Force,Brute Force,0.0,0.9975,0.0,0.0025,0.0
172,Normal,Normal,0.0,0.0,0.003122823777297645,0.9968771762227024,0.0
173,Brute Force,Brute Force,0.0,1.0,0.0,0.0,0.0
174,Normal,Normal,0.0,0.0,0.0,1.0,0.0
175,DoS/DDoS,DoS/DDoS,0.0,0.0,0.9999684058604776,3.1594139522391764e-05,0.0
176,Brute Force,Brute Force,0.0,1.0,0.0,0.0,0.0
177,Normal,Normal,0.0,0.0,0.0,1.0,0.0
178,Brute Force,Brute Force,0.0,1.0,0.0,0.0,0.0
179,Web Attack,Brute Force,0.0,0.8158410018115726,3.178795025231719e-05,0.0033967279343927854,0.18073048230378233
180,DoS/DDoS,DoS/DDoS,0.0,0.0,1.0,0.0,0.0
181,Brute Force,Brute Force,0.0,0.5343813973241298,1.4162293260255451e-05,0.002631672992691996,0.462972767389918
182,DoS/DDoS,DoS/DDoS,0.0,0.0,1.0,0.0,0.0
183,Brute Force,Web Attack,0.0,0.11697432464675489,1.4162293260255451e-05,0.001239623247738925,0.881771889812246
184,Normal,Normal,0.0,0.0,0.0,1.0,0.0
185,DoS/DDoS,DoS/DDoS,0.0,0.0,0.9999837280409707,1.6271959029384604e-05,0.0
186,Normal,Normal,0.0,0.0,0.0,1.0,0.0
187,Brute Force,Brute Force,0.0,1.0,0.0,0.0,0.0
188,Brute Force,Brute Force,0.0,1.0,0.0,0.0,0.0
189,Normal,Normal,0.0,0.0,0.0,1.0,0.0
190,DoS/DDoS,DoS/DDoS,0.0,0.0016300774829772246,0.9983699225170228,0.0,0.0
191,Normal,Normal,0.0,0.0,0.0,1.0,0.0
192,DoS/DDoS,DoS/DDoS,0.0,0.0,1.0,0.0,0.0
193,Normal,Normal,0.0,0.01686082881037454,0.005,0.9758075562994273,0.0023316148901981787
194,Normal,Normal,0.0,0.0029324051901987837,0.0016653957057407717,0.9954021991040605,0.0
195,DoS/DDoS,DoS/DDoS,0.0,0.0,1.0,0.0,0.0
196,DoS/DDoS,DoS/DDoS,0.0,0.0,1.0,0.0,0.0
197,DoS/DDoS,DoS/DDoS,0.0,0.0,1.0,0.0,0.0
198,DoS/DDoS,DoS/DDoS,0.0,0.0,1.0,0.0,0.0
199,Brute Force,Brute Force,0.0,1.0,0.0,0.0,0.0
200,DoS/DDoS,DoS/DDoS,0.0,0.0,1.0,0.0,0.0
201,Web Attack,Web Attack,0.0,0.3533061471370339,1.565960177727006e-05,0.004042189689521325,0.6426360035716676
202,DoS/DDoS,DoS/DDoS,0.0,0.0,1.0,0.0,0.0
203,DoS/DDoS,DoS/DDoS,0.0,0.0,1.0,0.0,0.0
204,Normal,Normal,0.0,0.0,0.0,1.0,0.0
205,Normal,Normal,0.0,0.0,0.0,1.0,0.0
206,Normal,Normal,0.0,0.0,0.0,1.0,0.0
207,Normal,Normal,0.0,0.0,0.0,1.0,0.0
208,Normal,Normal,0.0,0.0,0.0,1.0,0.0
209,Normal,Normal,0.0,0.0,0.0,1.0,0.0
210,Normal,Normal,0.0,0.0,0.0,1.0,0.0
211,DoS/DDoS,DoS/DDoS,0.0,0.0,1.0,0.0,0.0
212,Normal,Normal,0.0,0.0,0.0,1.0,0.0
213,DoS/DDoS,DoS/DDoS,0.0,0.0,1.0,0.0,0.0
214,Brute Force,Brute Force,0.0,1.0,0.0,0.0,0.0
215,Brute Force,Brute Force,0.0,1.0,0.0,0.0,0.0
216,DoS/DDoS,DoS/DDoS,0.0,0.0,1.0,0.0,0.0
217,DoS/DDoS,DoS/DDoS,0.0,0.0,1.0,0.0,0.0
218,Normal,Normal,0.0,0.0,0.0,1.0,0.0
219,DoS/DDoS,DoS/DDoS,0.0,0.0,1.0,0.0,0.0
220,DoS/DDoS,DoS/DDoS,0.0,0.0,0.9999946236857931,5.376314206946534e-06,0.0
221,DoS/DDoS,DoS/DDoS,0.0,0.0,0.9999886336072914,1.1366392708614331e-05,0.0
222,Normal,Normal,0.0,0.0,0.0,1.0,0.0
223,DoS/DDoS,DoS/DDoS,0.0,0.0,0.9999886336072914,1.1366392708614331e-05,0.0
224,DoS/DDoS,DoS/DDoS,0.0,0.0,1.0,0.0,0.0
225,DoS/DDoS,DoS/DDoS,0.0,0.0,1.0,0.0,0.0
226,Brute Force,Brute Force,0.0,1.0,0.0,0.0,0.0
227,DoS/DDoS,DoS/DDoS,0.0,0.0,1.0,0.0,0.0
228,Normal,Normal,0.0,0.0037187410885724604,0.0,0.9962812589114276,0.0
229,Bot,Bot,0.9817771486885631,0.0,4.1142482750476326e-05,0.01818170882868641,0.0
230,Normal,Normal,0.0,0.0,0.0,1.0,0.0
231,Normal,Normal,0.0,0.0,0.0,1.0,0.0
232,DoS/DDoS,DoS/DDoS,0.0,0.0,1.0,0.0,0.0
233,DoS/DDoS,DoS/DDoS,0.0,0.0,1.0,0.0,0.0
234,Normal,Normal,0.0,0.0,0.0,1.0,0.0
235,Brute Force,Brute Force,0.0,1.0,0.0,0.0,0.0
236,DoS/DDoS,DoS/DDoS,0.0,0.0,0.9999837280409707,1.6271959029384604e-05,0.0
237,DoS/DDoS,DoS/DDoS,0.0,0.0,0.9999684058604776,3.1594139522391764e-05,0.0
238,DoS/DDoS,DoS/DDoS,0.0,0.0,1.0,0.0,0.0
239,Brute Force,Brute Force,0.0,1.0,0.0,0.0,0.0
240,DoS/DDoS,DoS/DDoS,0.0,0.0,1.0,0.0,0.0
241,Normal,Normal,0.0,0.0,0.0,1.0,0.0
242,DoS/DDoS,DoS/DDoS,0.0071609847401469945,0.028873368413653643,0.702243398879255,0.2479400740659877,0.013782173900956672
243,Normal,Normal,0.0,0.0,0.0,1.0,0.0
244,Normal,Normal,0.0,0.021615333692191204,0.0001829189002014809,0.9684083116703767,0.009793435737230684
245,Bot,Bot,0.9767131914698745,0.0,2.405582131574279e-05,0.02326275270880981,0.0
246,Normal,Normal,0.0,0.0,0.0,1.0,0.0
247,DoS/DDoS,DoS/DDoS,0.0,0.0,1.0,0.0,0.0
248,DoS/DDoS,DoS/DDoS,0.0,0.0,1.0,0.0,0.0
249,DoS/DDoS,DoS/DDoS,0.0,0.0,1.0,0.0,0.0
250,DoS/DDoS,DoS/DDoS,0.0,0.0,1.0,0.0,0.0
251,DoS/DDoS,DoS/DDoS,0.0,0.0036716574779010152,0.9661794877884993,0.024350713712463473,0.005798141021136216
252,Brute Force,Brute Force,0.0,1.0,0.0,0.0,0.0
253,Normal,Normal,0.0,0.006948236795982764,0.008142409569817316,0.9849093536342,0.0
254,Bot,Bot,0.9999349373323629,0.0,1.4450702009829216e-06,6.361759743604334e-05,0.0
255,Brute Force,Brute Force,0.0,1.0,0.0,0.0,0.0
256,DoS/DDoS,DoS/DDoS,0.0,0.0,1.0,0.0,0.0
257,Normal,Normal,0.0,0.0,0.0,1.0,0.0
258,Normal,Normal,0.0,0.0,0.0,1.0,0.0
259,Bot,Bot,0.9999200771668734,0.0,0.0,7.992283312663636e-05,0.0
260,DoS/DDoS,DoS/DDoS,0.0,0.0,1.0,0.0,0.0
261,Normal,Normal,0.0,0.0,0.0,1.0,0.0
262,Bot,Bot,0.9817936464425903,0.0,4.1142482750476326e-05,0.018165211074659383,0.0
263,Normal,Normal,0.0,0.0,0.0,1.0,0.0
264,Brute Force,Brute Force,0.0,1.0,0.0,0.0,0.0
265,DoS/DDoS,DoS/DDoS,0.0,0.0,1.0,0.0,0.0
266,DoS/DDoS,DoS/DDoS,0.0,0.0,1.0,0.0,0.0
267,Normal,Normal,0.0,0.0,0.0,1.0,0.0
268,Brute Force,Brute Force,0.0,1.0,0.0,0.0,0.0
269,Bot,Bot,0.9262327944232498,0.0,8.078310193587833e-05,0.0736864224748142,0.0
270,Bot,Bot,1.0,0.0,0.0,0.0,0.0
271,Brute Force,Brute Force,0.0,1.0,0.0,0.0,0.0
272,Brute Force,Brute Force,0.0,1.0,0.0,0.0,0.0
273,DoS/DDoS,DoS/DDoS,0.0,0.0,1.0,0.0,0.0
274,DoS/DDoS,DoS/DDoS,0.0,2.0028438609459433e-05,0.9973030992128322,0.0026768723485582654,0.0
275,DoS/DDoS,DoS/DDoS,0.0,0.0,1.0,0.0,0.0
276,Normal,Normal,0.39635159675851733,0.0,0.00031820303504043055,0.6033302002064421,0.0
277,Brute Force,Brute Force,0.0,1.0,0.0,0.0,0.0
278,Brute Force,Brute Force,0.0,1.0,0.0,0.0,0.0
279,DoS/DDoS,DoS/DDoS,0.0,0.0,1.0,0.0,0.0
280,DoS/DDoS,DoS/DDoS,0.0,0.0,1.0,0.0,0.0
281,DoS/DDoS,DoS/DDoS,0.0,0.015990691792457067,0.5176605984105964,0.45731610187613597,0.009032607920810554
282,Normal,Normal,0.0,0.0,0.0,1.0,0.0
283,DoS/DDoS,DoS/DDoS,0.0,0.0,1.0,0.0,0.0
284,Bot,Bot,0.9462256875603247,0.0,0.0025014450702009828,0.05127286736947433,0.0
285,Normal,Normal,0.0,0.0,0.0,1.0,0.0
286,DoS/DDoS,DoS/DDoS,0.0,0.0,0.9996150352095228,0.0003849647904771868,0.0
287,Bot,Bot,0.9973839014512319,0.0,0.0,0.0026160985487681406,0.0
288,DoS/DDoS,DoS/DDoS,0.0,0.0,1.0,0.0,0.0
289,DoS/DDoS,DoS/DDoS,0.0,0.0,0.99816258968618,0.0018374103138200227,0.0
290,DoS/DDoS,DoS/DDoS,0.0,0.0,0.9777697649754055,0.022230235024594515,0.0
291,Brute Force,Brute Force,0.0,1.0,0.0,0.0,0.0
292,Normal,Normal,0.0027999650840827136,0.0,6.565301041405071e-05,0.9971343819055032,0.0
293,Brute Force,Brute Force,0.0,1.0,0.0,0.0,0.0
294,Normal,Normal,0.0,0.0,0.0,1.0,0.0
295,Brute Force,Brute Force,0.0,1.0,0.0,0.0,0.0
296,Brute Force,Brute Force,0.0,0.508681500896786,0.0021097693226530745,0.04906589463477637,0.44014283514578445
297,DoS/DDoS,DoS/DDoS,0.0,0.0,0.9999714047472551,2.8595252744989888e-05,0.0
298,Normal,Normal,0.0,0.0021376855315554484,0.017896787898450936,0.9749838841196692,0.004981642450324541
299,DoS/DDoS,DoS/DDoS,0.0,0.0,1.0,0.0,0.0
300,Normal,Normal,0.0,0.0,0.006504720709272699,0.9934952792907273,0.0
301,DoS/DDoS,DoS/DDoS,0.0,0.0,1.0,0.0,0.0
302,Brute Force,Brute Force,0.0,1.0,0.0,0.0,0.0
303,DoS/DDoS,DoS/DDoS,0.0,0.0,1.0,0.0,0.0
304,DoS/DDoS,DoS/DDoS,0.0,0.0,0.9999897181194723,1.0281880527716808e-05,0.0
305,DoS/DDoS,DoS/DDoS,0.0,0.0,0.9999684058604776,3.1594139522391764e-05,0.0
306,DoS/DDoS,DoS/DDoS,0.0,0.0,1.0,0.0,0.0
307,DoS/DDoS,DoS/DDoS,0.0,0.0,1.0,0.0,0.0
308,Normal,Normal,0.0,0.0014006125939774851,0.00125098481592895,0.9973484025900936,0.0
309,DoS/DDoS,DoS/DDoS,0.0,0.0,1.0,0.0,0.0
310,Normal,Normal,0.0,0.0,0.0,1.0,0.0
311,Normal,Normal,0.0,0.0,0.0,1.0,0.0
312,DoS/DDoS,DoS/DDoS,0.0,0.0,1.0,0.0,0.0
313,Normal,Normal,0.0,0.0,0.0,1.0,0.0
314,Bot,Bot,1.0,0.0,0.0,0.0,0.0
315,DoS/DDoS,DoS/DDoS,0.0,0.004406570310445447,0.9421997740316028,0.04458301194938717,0.008810643708564717
316,Brute Force,Web Attack,0.0,0.10361683927656946,1.25579282007367e-05,0.0008146011803957247,0.8955560016148343
317,Bot,Bot,0.9760310212416494,0.0,3.4949114468774026e-05,0.023934029643881784,0.0
318,DoS/DDoS,DoS/DDoS,0.0,0.0,1.0,0.0,0.0
319,Brute Force,Brute Force,0.0,1.0,0.0,0.0,0.0
320,DoS/DDoS,DoS/DDoS,0.0,0.0,1.0,0.0,0.0
321,Normal,Normal,0.0,0.0,0.0,1.0,0.0
322,Brute Force,Brute Force,0.0,1.0,0.0,0.0,0.0
323,DoS/DDoS,DoS/DDoS,0.0,0.0,1.0,0.0,0.0
324,DoS/DDoS,DoS/DDoS,0.0,0.0,1.0,0.0,0.0
325,Normal,Normal,0.0,0.0053599268814316006,0.005923536587325529,0.9887165365312429,0.0
326,Normal,Normal,0.0,0.0,0.0012461198130374281,0.9987538801869625,0.0
327,Web Attack,Web Attack,0.0,0.09325625391958049,1.25579282007367e-05,0.000709256199479676,0.9060219319527393
328,DoS/DDoS,DoS/DDoS,0.0,0.0,1.0,0.0,0.0
329,Brute Force,Brute Force,0.0,1.0,0.0,0.0,0.0
330,DoS/DDoS,DoS/DDoS,0.0,0.0,0.9999714047472551,2.8595252744989888e-05,0.0
331,DoS/DDoS,DoS/DDoS,0.0,0.0,1.0,0.0,0.0
332,DoS/DDoS,DoS/DDoS,0.0,0.0,1.0,0.0,0.0
333,Brute Force,Web Attack,0.0,0.20691506655854724,1.25579282007367e-05,0.0007147772253079844,0.7923575982879443
334,DoS/DDoS,DoS/DDoS,0.0,0.0,0.9999714047472551,2.8595252744989888e-05,0.0
335,Brute Force,Brute Force,0.0,1.0,0.0,0.0,0.0
336,DoS/DDoS,DoS/DDoS,0.0,0.0,1.0,0.0,0.0
337,Brute Force,Brute Force,0.0,1.0,0.0,0.0,0.0
338,DoS/DDoS,DoS/DDoS,0.0,0.0,1.0,0.0,0.0
339,DoS/DDoS,DoS/DDoS,0.0,0.0,1.0,0.0,0.0
340,Normal,Normal,0.010587280207980169,0.0028387921411480495,0.0029462587863087536,0.9794706859372833,0.00415698292727984
341,DoS/DDoS,DoS/DDoS,0.0,0.0,1.0,0.0,0.0
342,Normal,Normal,0.0,0.0011873889183701683,0.11137689376173564,0.8851975375535287,0.0022381797663655963
343,DoS/DDoS,DoS/DDoS,0.0,0.0,1.0,0.0,0.0
344,DoS/DDoS,DoS/DDoS,0.0,0.0,1.0,0.0,0.0
345,DoS/DDoS,DoS/DDoS,0.0,0.0,0.9981377642506412,0.0018622357493588584,0.0
346,Bot,Bot,0.9902820460113145,0.0,0.0,0.009717953988685416,0.0
347,Brute Force,Brute Force,0.0,1.0,0.0,0.0,0.0
348,Normal,Normal,0.0,0.0,0.0,1.0,0.0
349,Normal,Normal,0.0,0.0,0.0,1.0,0.0
350,DoS/DDoS,DoS/DDoS,0.0,0.0,1.0,0.0,0.0
351,DoS/DDoS,DoS/DDoS,0.0,0.0,0.9999946236857931,5.376314206946534e-06,0.0
352,Normal,Normal,0.0014172616886522248,0.0,0.0026226118577523504,0.9959601264535954,0.0
353,DoS/DDoS,DoS/DDoS,0.0,0.0,1.0,0.0,0.0
354,DoS/DDoS,DoS/DDoS,0.0,0.0,1.0,0.0,0.0
355,DoS/DDoS,DoS/DDoS,0.0,0.0,0.9999946236857931,5.376314206946534e-06,0.0
356,Brute Force,Brute Force,0.0,0.7412752873894013,3.748096830746594e-05,0.0024835972991931006,0.2562036343430981
357,DoS/DDoS,DoS/DDoS,0.0,0.0,1.0,0.0,0.0
358,DoS/DDoS,DoS/DDoS,0.0,0.0,1.0,0.0,0.0
359,Normal,Normal,0.0,0.0,0.0,1.0,0.0
360,Bot,Bot,0.9769874948492449,0.0,3.563600946994233e-05,0.022976869141285203,0.0
361,DoS/DDoS,DoS/DDoS,0.0,0.0,0.9999886336072914,1.1366392708614331e-05,0.0
362,Brute Force,Brute Force,0.0,0.46731733765256517,0.0026974029119175126,0.0670172856166836,0.4629679738188337
363,DoS/DDoS,DoS/DDoS,0.0,0.0,0.9887438433272129,0.011256156672787076,0.0
364,DoS/DDoS,DoS/DDoS,0.0,0.0,1.0,0.0,0.0
365,Brute Force,Brute Force,0.0,1.0,0.0,0.0,0.0
366,DoS/DDoS,DoS/DDoS,0.0,0.0,1.0,0.0,0.0
367,Normal,Normal,0.0,0.0,0.0,1.0,0.0
368,Normal,Normal,0.0,0.0,0.0,1.0,0.0
369,DoS/DDoS,DoS/DDoS,0.0,0.0,1.0,0.0,0.0
370,Brute Force,Brute Force,0.0,1.0,0.0,0.0,0.0
371,Normal,Normal,0.0,0.0016244377299084348,0.008004322410291793,0.9883852287818562,0.001986011077943512
372,Normal,DoS/DDoS,0.0,0.01029902145185671,0.4707786346631343,0.4010173143162632,0.11790502956874566
373,DoS/DDoS,DoS/DDoS,0.0,0.0,1.0,0.0,0.0
374,Normal,Normal,0.0,0.0,0.0,1.0,0.0
375,Normal,Normal,0.0,0.0,0.0,1.0,0.0
376,Brute Force,Web Attack,0.0,0.27804430577300515,1.25579282007367e-05,0.0007277141008411802,0.7212154221979531
377,DoS/DDoS,DoS/DDoS,0.0,0.0,1.0,0.0,0.0
378,Normal,Normal,0.0,0.0,0.0,1.0,0.0
379,Normal,Normal,0.0,0.043618876773770625,0.00040073123032480267,0.9453642292475857,0.010616162748318834
380,Brute Force,Brute Force,0.0,1.0,0.0,0.0,0.0
381,Web Attack,Web Attack,0.0,0.13880663155093703,1.25579282007367e-05,0.002053797480448306,0.8591270130404142
382,DoS/DDoS,DoS/DDoS,0.0,0.0,1.0,0.0,0.0
383,Normal,Normal,0.0016095180392682608,0.0,0.0,0.9983904819607317,0.0
384,Normal,Normal,0.0,0.0,0.0,1.0,0.0
385,Normal,Normal,0.0,0.0,0.0,1.0,0.0
386,DoS/DDoS,DoS/DDoS,0.0,0.0,1.0,0.0,0.0
387,Normal,Normal,0.0,0.0,0.0,1.0,0.0
388,Normal,Normal,0.0,0.0,0.0,1.0,0.0
389,Normal,Normal,0.0,0.0,0.0,1.0,0.0
390,Brute Force,Brute Force,0.0,1.0,0.0,0.0,0.0
391,Bot,Bot,0.979321333959367,0.0,3.4949114468774026e-05,0.020643716926164096,0.0
392,Normal,Normal,0.0,0.0,0.0,1.0,0.0
393,DoS/DDoS,DoS/DDoS,0.0,0.0,1.0,0.0,0.0
394,Normal,Normal,0.0,0.0,0.0,1.0,0.0
395,Web Attack,Web Attack,0.0,0.2771616384472679,1.25579282007367e-05,0.0008146011803957247,0.722011202444136
396,DoS/DDoS,DoS/DDoS,0.0,0.0,0.9987379846346257,0.0012620153653743076,0.0
397,DoS/DDoS,DoS/DDoS,0.0,0.0,1.0,0.0,0.0
398,Normal,Normal,0.0,0.0,0.0,1.0,0.0
399,Normal,Normal,0.0,0.016182871133711405,0.04933504781225239,0.9197450184236807,0.014737062630355475
400,Brute Force,Brute Force,0.0,1.0,0.0,0.0,0.0
401,Bot,Bot,0.8596917213633236,0.0,0.0030498335782435386,0.13725844505843265,0.0
402,DoS/DDoS,DoS/DDoS,0.0,0.0,1.0,0.0,0.0
403,Normal,Normal,0.002410168949542837,0.005152114608285479,0.006668928086838535,0.9857687883553331,0.0
404,Bot,Bot,0.981622039076803,0.0,6.273576523349022e-05,0.01831522515796349,0.0
405,Normal,Normal,0.0,0.0,0.0,1.0,0.0
406,Normal,Normal,0.0,0.025661280780697446,0.03746325842297041,0.9255009358624141,0.011374524933918159
407,Normal,Normal,0.0,0.0,0.007407207938873495,0.9925927920611265,0.0
408,Brute Force,Brute Force,0.0,1.0,0.0,0.0,0.0
409,DoS/DDoS,DoS/DDoS,0.0,0.0,0.9793955448435205,0.020604455156479445,0.0
410,Normal,Normal,0.0,0.0,0.0035052187921863175,0.9964947812078137,0.0
411,DoS/DDoS,DoS/DDoS,0.0,0.0,0.9946285845081843,0.005371415491815775,0.0
412,Normal,Normal,0.013806560837599891,0.011500306213350481,0.0012371364253555349,0.9734559965236941,0.0
413,Normal,Normal,0.0,0.0044637150371899656,0.0012469188725752866,0.9942893660902347,0.0
414,DoS/DDoS,DoS/DDoS,0.0,0.0,1.0,0.0,0.0
415,Normal,Normal,0.0,0.0,0.0,1.0,0.0
416,Normal,Normal,0.0,0.0,0.0012660010697093957,0.9987339989302906,0.0
417,Bot,Bot,1.0,0.0,0.0,0.0,0.0
418,Normal,Normal,0.0,0.0016404242395925805,0.003756577298922576,0.9946029984614848,0.0
419,DoS/DDoS,DoS/DDoS,0.0,0.0,0.9999837280409707,1.6271959029384604e-05,0.0
420,Normal,Normal,0.0,0.0,0.0,1.0,0.0
421,Normal,Normal,0.0,0.004320995857403948,0.32064717592329817,0.6721656056523716,0.0028662225669262562
422,Normal,Normal,0.0,0.0,0.0,1.0,0.0
423,Normal,Normal,0.0,0.0,0.0,1.0,0.0
424,Normal,Normal,0.0,0.0,0.0,1.0,0.0
425,Normal,Normal,0.0,0.0009549055202574469,0.0,0.9990450944797425,0.0
426,Normal,Normal,0.0,0.002858208491983998,0.008375576657167226,0.9887662148508488,0.0
427,Normal,Normal,0.0,0.0,0.0,1.0,0.0
428,Normal,Normal,0.0,0.016488914645657986,0.0002295671233766507,0.9745184016189039,0.008763116612061566
429,Normal,Normal,0.0,0.02076414735302519,0.00026951535390097597,0.9716893752654174,0.007276962027656354
430,Brute Force,Brute Force,0.0,1.0,0.0,0.0,0.0
431,Normal,Normal,0.32510580433776537,0.0,4.6109999146009474e-05,0.6748480856630885,0.0
432,Brute Force,Brute Force,0.0,1.0,0.0,0.0,0.0
433,DoS/DDoS,DoS/DDoS,0.0,0.0,0.9996162684127649,0.0003837315872352241,0.0
434,Brute Force,Brute Force,0.0,1.0,0.0,0.0,0.0
435,DoS/DDoS,DoS/DDoS,0.0,0.0,1.0,0.0,0.0
436,Normal,Normal,0.0,0.005138568282499046,0.011728605473694725,0.9802666036768799,0.0028662225669262562
437,Normal,Normal,0.0,0.0,0.0,1.0,0.0
438,Normal,Normal,0.0022758754611948992,0.0016334758562996697,0.0,0.9960906486825054,0.0
439,Brute Force,Web Attack,0.0,0.2089776239590594,1.25579282007367e-05,0.0007291669128330866,0.790280651199907
440,DoS/DDoS,DoS/DDoS,0.0,0.0,0.9991678908212103,0.0008321091787897455,0.0
441,Brute Force,Brute Force,0.0,1.0,0.0,0.0,0.0
442,Brute Force,Brute Force,0.0,1.0,0.0,0.0,0.0
443,DoS/DDoS,DoS/DDoS,0.0,0.0,0.9999668162769407,3.3183723059252104e-05,0.0
444,DoS/DDoS,DoS/DDoS,0.0,0.0,1.0,0.0,0.0
445,DoS/DDoS,DoS/DDoS,0.0,0.0,0.9987456639130279,0.0012543360869720704,0.0
446,DoS/DDoS,DoS/DDoS,0.0,0.011119174801606093,0.9034094147616065,0.08305782634147023,0.0024135840953172626
447,DoS/DDoS,DoS/DDoS,0.0,0.0,0.9966431208090233,0.003356879190976694,0.0
448,Brute Force,Brute Force,0.0,1.0,0.0,0.0,0.0
449,Normal,Normal,0.0,0.0,0.0,1.0,0.0
450,Normal,Normal,0.0,0.0,0.0,1.0,0.0
451,Normal,Normal,0.0,0.0,0.0,1.0,0.0
452,DoS/DDoS,DoS/DDoS,0.0,0.0,0.9999897181194723,1.0281880527716808e-05,0.0
453,Bot,Bot,1.0,0.0,0.0,0.0,0.0
454,Normal,Normal,0.004496508628752666,0.00024494954984960893,0.0,0.9952585418213977,0.0
455,DoS/DDoS,DoS/DDoS,0.0,0.0,1.0,0.0,0.0
456,DoS/DDoS,DoS/DDoS,0.0,0.0,1.0,0.0,0.0
457,DoS/DDoS,DoS/DDoS,0.0,0.0,0.9977954711741632,0.0022045288258366936,0.0
458,Brute Force,Brute Force,0.0,1.0,0.0,0.0,0.0
459,Bot,Bot,0.9676693756217037,0.0,3.893991421476238e-05,0.03229168446408148,0.0
460,DoS/DDoS,DoS/DDoS,0.0,0.0,0.9999460222460584,5.397775394157798e-05,0.0
461,DoS/DDoS,DoS/DDoS,0.0,0.0,1.0,0.0,0.0
462,Normal,Normal,0.0,0.0,0.0,1.0,0.0
463,Brute Force,Brute Force,0.0,1.0,0.0,0.0,0.0
464,Normal,Normal,0.0,0.0,0.00031956832848797966,0.999680431671512,0.0
465,DoS/DDoS,DoS/DDoS,0.0,0.0,1.0,0.0,0.0
466,DoS/DDoS,DoS/DDoS,0.0,0.0,0.9999684058604776,3.1594139522391764e-05,0.0
467,Brute Force,Brute Force,0.0,0.8455120622145934,7.653176750507167e-05,0.0017438731998392603,0.15266753281806214
468,Brute Force,Brute Force,0.0,1.0,0.0,0.0,0.0
469,Web Attack,Web Attack,0.0,0.22022736208657195,1.25579282007367e-05,0.001745479275286379,0.778014600709941
470,Brute Force,Brute Force,0.0,1.0,0.0,0.0,0.0
471,Normal,Normal,0.0,0.0,0.0,1.0,0.0
472,Brute Force,Brute Force,0.0,1.0,0.0,0.0,0.0
473,Normal,Normal,0.305563331053662,0.0,5.5176895079589306e-05,0.6943814920512583,0.0
474,Brute Force,Brute Force,0.0,1.0,0.0,0.0,0.0
475,Brute Force,Brute Force,0.0,1.0,0.0,0.0,0.0
476,DoS/DDoS,DoS/DDoS,0.0,0.000192968101100968,0.9973996734922059,0.0014290181138486625,0.0009783402928444298
477,Bot,Bot,0.9666877278104167,0.0,6.089797743986097e-05,0.03325137421214346,0.0
478,Brute Force,Brute Force,0.0,1.0,0.0,0.0,0.0
479,Brute Force,Web Attack,0.0,0.43783260048173783,2.323947793150385e-05,0.0018112079117633888,0.5603329521285673
480,DoS/DDoS,DoS/DDoS,0.0,0.0,1.0,0.0,0.0
481,Normal,Normal,0.0,0.0,0.0006737725085616845,0.9993262274914383,0.0
482,Normal,Normal,0.0,0.0,0.0,1.0,0.0
483,DoS/DDoS,DoS/DDoS,0.0,0.0,0.9931845552669738,0.006815444733026215,0.0
484,DoS/DDoS,DoS/DDoS,0.0,0.0,1.0,0.0,0.0
485,DoS/DDoS,DoS/DDoS,0.0,0.0,1.0,0.0,0.0
486,Normal,Normal,0.0,0.0,0.0,1.0,0.0
487,DoS/DDoS,DoS/DDoS,0.0,0.0,1.0,0.0,0.0
488,Brute Force,Brute Force,0.0,1.0,0.0,0.0,0.0
489,DoS/DDoS,DoS/DDoS,0.0,0.0,1.0,0.0,0.0
490,Brute Force,Brute Force,0.0,1.0,0.0,0.0,0.0
491,Bot,Bot,0.9794117139767339,0.0,3.563600946994233e-05,0.020552650013796213,0.0
492,Normal,Normal,0.0,0.0,0.0,1.0,0.0
493,Bot,Bot,1.0,0.0,0.0,0.0,0.0
494,Normal,Normal,0.0,0.0,0.0,1.0,0.0
495,DoS/DDoS,Normal,0.0,0.02099069179245707,0.46922342741993417,0.5007532728667982,0.009032607920810554
496,DoS/DDoS,DoS/DDoS,0.0,0.0,1.0,0.0,0.0
497,DoS/DDoS,DoS/DDoS,0.0,0.0,1.0,0.0,0.0
498,Brute Force,Brute Force,0.0,1.0,0.0,0.0,0.0
499,DoS/DDoS,DoS/DDoS,0.0,0.0,1.0,0.0,0.0
500,Normal,Normal,0.0,0.0011873889183701683,0.21449691958471023,0.7820775117305541,0.0022381797663655963
501,Brute Force,Web Attack,0.0,0.306916533977739,1.25579282007367e-05,0.0007173367966838982,0.6923535712973765
502,DoS/DDoS,DoS/DDoS,0.0,0.0,1.0,0.0,0.0
503,Bot,Bot,0.9998742314038664,0.0,1.4450702009829216e-06,0.00012432352593260798,0.0
504,DoS/DDoS,DoS/DDoS,0.0,0.0,1.0,0.0,0.0
505,Brute Force,Web Attack,0.0,0.1299969931979506,5.165844966902835e-05,0.0015639667073787684,0.8683873816450016
506,Normal,Normal,0.0,0.0,0.0,1.0,0.0
507,DoS/DDoS,DoS/DDoS,0.0,0.0,1.0,0.0,0.0
508,DoS/DDoS,DoS/DDoS,0.0,0.0,1.0,0.0,0.0
509,DoS/DDoS,DoS/DDoS,0.0,0.0,1.0,0.0,0.0
510,DoS/DDoS,DoS/DDoS,0.0,0.0,1.0,0.0,0.0
511,Brute Force,Brute Force,0.0,1.0,0.0,0.0,0.0
512,Normal,Normal,0.0,0.0,0.0,1.0,0.0
513,Brute Force,Web Attack,0.0,0.281004965388849,1.4162293260255451e-05,0.0012843671149035836,0.7176965052029872
514,DoS/DDoS,DoS/DDoS,0.0,0.0,1.0,0.0,0.0
515,DoS/DDoS,DoS/DDoS,0.0,0.0,1.0,0.0,0.0
516,DoS/DDoS,DoS/DDoS,0.0,0.0,1.0,0.0,0.0
517,Normal,Normal,0.0,0.0,0.0018235941696573155,0.9981764058303427,0.0
518,Brute Force,Brute Force,0.0,1.0,0.0,0.0,0.0
519,DoS/DDoS,DoS/DDoS,0.0,0.0,1.0,0.0,0.0
520,Normal,Normal,0.0,0.033508622642345554,0.0005190033556576349,0.9210306275435872,0.04494174645840955
521,Normal,Normal,0.02302281259011339,0.013855423963073703,0.012938317116105564,0.9308130253512383,0.01937042097946903
522,Brute Force,Brute Force,0.0,1.0,0.0,0.0,0.0
523,Normal,Normal,0.0,0.005,0.0,0.995,0.0
524,Web Attack,Brute Force,0.0,0.4300720920122678,0.0012774392116327508,0.30497112603685833,0.26367934273924104
525,DoS/DDoS,DoS/DDoS,0.0,0.0,1.0,0.0,0.0
526,Brute Force,Brute Force,0.0,1.0,0.0,0.0,0.0
527,Normal,Normal,0.0,0.030041252223684846,0.03357423100809588,0.9340418390523058,0.0023426777159135047
528,Normal,Normal,0.0,0.05958424424159281,0.0008388725078322876,0.8907276800558995,0.04884920319467536
529,Brute Force,Brute Force,0.0,1.0,0.0,0.0,0.0
530,Normal,Normal,0.0,0.02577137507585586,0.027924549836436413,0.9463040750877076,0.0
531,DoS/DDoS,DoS/DDoS,0.0,0.0,1.0,0.0,0.0
532,Normal,Normal,0.0,0.0,0.0,1.0,0.0
533,Brute Force,Web Attack,0.0,0.25405098756817523,1.4162293260255451e-05,0.0012843671149035836,0.7446504830236608
534,Normal,Normal,0.0,0.0,0.0,1.0,0.0
535,Brute Force,Brute Force,0.0,0.7230822175498064,0.0013329616027919072,0.14171845830992907,0.1338663625374725
536,Brute Force,Brute Force,0.0,0.995080471243952,4.0491556722911094e-05,0.004879037199325029,0.0
537,Brute Force,Brute Force,0.0,0.6628415195371049,3.223540519108048e-05,0.004187972154345722,0.33293827290335826
538,Normal,Normal,0.0,0.0,0.0,1.0,0.0
539,Normal,Normal,0.0,0.0,0.0,1.0,0.0
540,DoS/DDoS,DoS/DDoS,0.0,0.0,1.0,0.0,0.0
541,Normal,Normal,0.0,0.0,0.0,1.0,0.0
542,DoS/DDoS,DoS/DDoS,0.0,0.0,1.0,0.0,0.0
543,Normal,Normal,0.0,0.0,0.0,1.0,0.0
544,Brute Force,Brute Force,0.0,1.0,0.0,0.0,0.0
545,Normal,Normal,0.0,0.0016282075383024718,0.004583632641333237,0.9937881598203642,0.0
546,Normal,Normal,0.0,0.0,0.0,1.0,0.0
547,Brute Force,Brute Force,0.0,1.0,0.0,0.0,0.0
548,Normal,Normal,0.0,0.0,0.0,1.0,0.0
549,DoS/DDoS,DoS/DDoS,0.0,0.0,1.0,0.0,0.0
550,DoS/DDoS,DoS/DDoS,0.0030081213237807135,0.0032975379779989523,0.7061885382874281,0.2867137898943703,0.0007920125164218484
551,Normal,Normal,0.0,0.0,0.0,1.0,0.0
552,DoS/DDoS,DoS/DDoS,0.0,0.0,1.0,0.0,0.0
553,DoS/DDoS,DoS/DDoS,0.0,0.0,0.9944199121843211,0.005580087815678859,0.0
554,Normal,Normal,0.0,0.0,0.0,1.0,0.0
555,DoS/DDoS,DoS/DDoS,0.0,0.0,1.0,0.0,0.0
556,Brute Force,Brute Force,0.0,1.0,0.0,0.0,0.0
557,DoS/DDoS,DoS/DDoS,0.0,0.0,1.0,0.0,0.0
558,DoS/DDoS,DoS/DDoS,0.0,0.0,1.0,0.0,0.0
559,Normal,Normal,0.0,0.0,0.0,1.0,0.0
560,Normal,Normal,0.0,0.0,0.0,1.0,0.0
561,DoS/DDoS,DoS/DDoS,0.0,0.0,0.9999714047472551,2.8595252744989888e-05,0.0
562,Normal,Normal,0.0,0.0,0.0,1.0,0.0
563,Normal,Normal,0.021938604466731074,0.0054039841141411285,0.010624373095083874,0.9475689726069397,0.014464065717104093
564,DoS/DDoS,DoS/DDoS,0.0,0.0,1.0,0.0,0.0
565,DoS/DDoS,DoS/DDoS,0.0,0.0,0.9999886336072914,1.1366392708614331e-05,0.0
566,Normal,Normal,0.09269987657963226,0.0,5.872143871352832e-06,0.9072942512764963,0.0
567,Normal,Normal,0.0,0.0,0.0,1.0,0.0
568,DoS/DDoS,DoS/DDoS,0.0,0.0,1.0,0.0,0.0
569,DoS/DDoS,DoS/DDoS,0.0,0.0,1.0,0.0,0.0
570,DoS/DDoS,DoS/DDoS,0.0,0.0008531739364402641,0.9922712481433886,0.002750234074979676,0.00412534384519145
571,DoS/DDoS,DoS/DDoS,0.0,0.0,1.0,0.0,0.0
572,Normal,Normal,0.0,0.0,0.0,1.0,0.0
573,DoS/DDoS,DoS/DDoS,0.0,0.0,1.0,0.0,0.0
574,Brute Force,Brute Force,0.0,0.9353312054758691,0.00046916227694558844,0.027489672430056858,0.036709959817128386
575,Brute Force,Brute Force,0.0,1.0,0.0,0.0,0.0
576,DoS/DDoS,DoS/DDoS,0.0,0.0,0.741607349654124,0.25839265034587605,0.0
577,Normal,Normal,0.0,0.0,0.0,1.0,0.0
578,DoS/DDoS,DoS/DDoS,0.0,0.001980532158197133,0.9746090905948303,0.023410377246972622,0.0
579,DoS/DDoS,DoS/DDoS,0.0,0.0,1.0,0.0,0.0
580,Brute Force,Web Attack,0.0,0.33984050544768957,2.323947793150385e-05,0.0011421978519110967,0.6589940572224677
581,Normal,Normal,0.0,0.007323596118735558,0.019802651180067285,0.9728737527011972,0.0
582,Normal,Normal,0.0,0.0,0.0,1.0,0.0
583,DoS/DDoS,DoS/DDoS,0.0,0.0,1.0,0.0,0.0
584,Normal,Normal,0.0,0.0,0.0,1.0,0.0
585,Normal,Normal,0.0,0.0,0.0,1.0,0.0
586,Brute Force,Brute Force,0.0,1.0,0.0,0.0,0.0
587,Normal,Normal,0.0,0.0,0.0,1.0,0.0
588,Normal,Normal,0.0,0.0,0.0,1.0,0.0
589,Brute Force,Brute Force,0.0,1.0,0.0,0.0,0.0
590,Brute Force,Brute Force,0.0,1.0,0.0,0.0,0.0
591,Brute Force,Brute Force,0.0,1.0,0.0,0.0,0.0
592,Normal,Bot,0.7547165167715119,0.0,0.0002748102282092107,0.2450086730002789,0.0
593,Normal,Normal,0.0,0.0,0.0,0.9975,0.0025
594,Bot,Bot,1.0,0.0,0.0,0.0,0.0
595,Brute Force,Brute Force,0.0,1.0,0.0,0.0,0.0
596,DoS/DDoS,DoS/DDoS,0.0,0.0,0.99816258968618,0.0018374103138200227,0.0
597,DoS/DDoS,DoS/DDoS,0.0,0.0,1.0,0.0,0.0
598,DoS/DDoS,DoS/DDoS,0.0,0.0008531739364402641,0.9854892257513537,0.009532256467014598,0.00412534384519145
599,Normal,Normal,0.002285488855283056,0.0,0.01824187781441549,0.9794726333303014,0.0
600,Brute Force,Brute Force,0.0,1.0,0.0,0.0,0.0
601,Normal,Normal,0.0,0.0,0.0,1.0,0.0
602,Normal,Normal,0.0,0.0,0.0,1.0,0.0
603,Brute Force,Brute Force,0.0,1.0,0.0,0.0,0.0
604,Normal,Normal,0.0,0.0,0.0,1.0,0.0
605,Normal,Normal,0.0,0.0,0.0,1.0,0.0
606,DoS/DDoS,DoS/DDoS,0.0,0.0,1.0,0.0,0.0
607,Normal,Normal,0.0,0.0,0.0,1.0,0.0
608,Brute Force,Brute Force,0.0,1.0,0.0,0.0,0.0
609,DoS/DDoS,DoS/DDoS,0.0,0.0,1.0,0.0,0.0
610,DoS/DDoS,DoS/DDoS,0.0,0.0,1.0,0.0,0.0
611,Normal,Normal,0.0,0.0,0.0,1.0,0.0
612,Brute Force,Brute Force,0.0,1.0,0.0,0.0,0.0
613,Normal,Normal,0.0,0.0,0.0,1.0,0.0
614,Normal,Normal,0.0,0.0016306031448016897,0.0012738051077943364,0.9970955917474039,0.0
615,Normal,Normal,0.0,0.0,0.0,1.0,0.0
616,DoS/DDoS,DoS/DDoS,0.0,0.0,1.0,0.0,0.0
617,Brute Force,Brute Force,0.0,1.0,0.0,0.0,0.0
618,DoS/DDoS,DoS/DDoS,0.0,0.0,1.0,0.0,0.0
619,Normal,Normal,0.0023834418923551594,0.0,0.0,0.9976165581076448,0.0
620,DoS/DDoS,DoS/DDoS,0.0,0.0,0.999943023359281,5.697664071897986e-05,0.0
621,Normal,Normal,0.0,0.0,0.0,1.0,0.0
622,Brute Force,Brute Force,0.0,1.0,0.0,0.0,0.0
623,Normal,Normal,0.0,0.0,0.0,1.0,0.0
624,DoS/DDoS,DoS/DDoS,0.0,0.0,1.0,0.0,0.0
625,DoS/DDoS,DoS/DDoS,0.0,0.0,1.0,0.0,0.0
626,DoS/DDoS,DoS/DDoS,0.0,0.0,1.0,0.0,0.0
627,Brute Force,Brute Force,0.0,1.0,0.0,0.0,0.0
628,DoS/DDoS,DoS/DDoS,0.0,0.0,1.0,0.0,0.0
629,Bot,Bot,0.9940153337845653,0.0,1.4450702009829216e-06,0.005983221145233719,0.0
630,Brute Force,Brute Force,0.0,1.0,0.0,0.0,0.0
631,DoS/DDoS,DoS/DDoS,0.0,0.0,1.0,0.0,0.0
632,Normal,Normal,0.0004667851214775621,0.0033502183059740944,9.143577036143866e-05,0.9931156044067104,0.0029759563954765223
633,Normal,Normal,0.0,0.030732202007803047,0.015291118386849665,0.9539766796053473,0.0
634,DoS/DDoS,DoS/DDoS,0.0,0.0,1.0,0.0,0.0
635,DoS/DDoS,DoS/DDoS,0.0,0.0,0.9975,0.0025,0.0
636,Bot,Bot,1.0,0.0,0.0,0.0,0.0
637,Normal,Normal,0.0,0.0,0.0,1.0,0.0
638,Normal,Normal,0.0,0.07966785722621858,0.025900703667503445,0.8920097527749455,0.002421686331332367
639,DoS/DDoS,DoS/DDoS,0.0,0.0,1.0,0.0,0.0
640,Normal,Normal,0.0,0.0,0.0,1.0,0.0
641,DoS/DDoS,DoS/DDoS,0.0,0.0,0.9999684058604776,3.1594139522391764e-05,0.0
642,DoS/DDoS,DoS/DDoS,0.0,0.0,1.0,0.0,0.0
643,DoS/DDoS,DoS/DDoS,0.0,0.0,1.0,0.0,0.0
644,DoS/DDoS,DoS/DDoS,0.0,0.0,1.0,0.0,0.0
645,Brute Force,Brute Force,0.0,1.0,0.0,0.0,0.0
646,Brute Force,Brute Force,0.0,1.0,0.0,0.0,0.0
647,Normal,Normal,0.0,0.005854454084957403,0.0002608896257141265,0.9914975811622045,0.0023870751271239895
648,Normal,Normal,0.0,0.0,0.02504172234211021,0.9749582776578898,0.0
649,DoS/DDoS,DoS/DDoS,0.0,0.0,1.0,0.0,0.0
650,Normal,Normal,0.0,0.0,0.0,1.0,0.0
651,Normal,Normal,0.0,0.0,0.03544049754040051,0.9645595024595995,0.0
652,Normal,Normal,0.0,0.0,0.0,1.0,0.0
653,Normal,Normal,0.0,0.0016283467124495383,0.004326599847538407,0.9894285530023346,0.004616500437677489
654,Brute Force,Brute Force,0.0,1.0,0.0,0.0,0.0
655,DoS/DDoS,DoS/DDoS,0.0,0.0,1.0,0.0,0.0
656,Brute Force,Web Attack,0.0,0.139012353847477,1.25579282007367e-05,0.0007415526204959056,0.8602335356038264
657,DoS/DDoS,DoS/DDoS,0.0,0.0008531739364402641,0.9922712481433886,0.002750234074979676,0.00412534384519145
658,Brute Force,Brute Force,0.0,1.0,0.0,0.0,0.0
659,Normal,Normal,0.0,0.0,0.0,1.0,0.0
660,Normal,Normal,0.0,0.04924958329582563,0.00040350241154016634,0.9292649061252704,0.021082008167363813
661,DoS/DDoS,DoS/DDoS,0.0,0.0,1.0,0.0,0.0
662,Brute Force,Brute Force,0.0,1.0,0.0,0.0,0.0
663,Normal,Normal,0.0,0.0,0.0,1.0,0.0
664,Normal,Normal,0.0,0.0,0.0,1.0,0.0
665,DoS/DDoS,DoS/DDoS,0.0,0.0,0.9974914735060205,0.002508526493979475,0.0
666,Normal,Normal,0.0,0.0019735391400220507,0.0012371364253555349,0.9967893244346224,0.0
667,Brute Force,Brute Force,0.0,1.0,0.0,0.0,0.0
668,DoS/DDoS,DoS/DDoS,0.0,0.0,1.0,0.0,0.0
669,Brute Force,Web Attack,0.0,0.2211879213663476,1.25579282007367e-05,0.001609171490008271,0.7771903492154435
670,Bot,Bot,0.9992773498354378,0.0,1.4450702009829216e-06,0.0007212050943611614,0.0
671,Brute Force,Brute Force,0.0,1.0,0.0,0.0,0.0
672,DoS/DDoS,DoS/DDoS,0.0,0.0008531739364402641,0.991013850632539,0.004007631585829358,0.00412534384519145
673,Normal,Normal,0.0,0.0,0.0,1.0,0.0
674,Normal,Normal,0.0,0.0001195350573271031,0.001310163395664855,0.9945313021864418,0.004038999360566203
675,DoS/DDoS,DoS/DDoS,0.0,0.0,1.0,0.0,0.0
676,Normal,Normal,0.0,0.0,0.00251031675034759,0.9974896832496525,0.0
677,DoS/DDoS,DoS/DDoS,0.0,0.0,1.0,0.0,0.0
678,Normal,Normal,0.016551581524846096,0.0,0.004446093109977198,0.9790023253651766,0.0
679,DoS/DDoS,DoS/DDoS,0.0,0.0,1.0,0.0,0.0
680,DoS/DDoS,DoS/DDoS,0.0,0.0,0.9999714047472551,2.8595252744989888e-05,0.0
681,Normal,Normal,0.0,0.0,0.0,1.0,0.0
682,Brute Force,Brute Force,0.0,0.9931010086986436,0.0008545888243351755,0.0060444024770212185,0.0
683,DoS/DDoS,DoS/DDoS,0.0,0.0,0.999969598059839,3.040194016098469e-05,0.0
684,Normal,Normal,0.0,0.0,0.0,1.0,0.0
685,Normal,Normal,0.0,0.0,0.0,1.0,0.0
686,Normal,Normal,0.0,0.0,0.0,1.0,0.0
687,Brute Force,Brute Force,0.0,1.0,0.0,0.0,0.0
688,DoS/DDoS,DoS/DDoS,0.0,0.0,1.0,0.0,0.0
689,Brute Force,Brute Force,0.0,0.9951325545493359,0.0,0.004867445450664163,0.0
690,DoS/DDoS,DoS/DDoS,0.0,0.0,1.0,0.0,0.0
691,DoS/DDoS,DoS/DDoS,0.0,0.0,0.9987513776798095,0.0012486223201905642,0.0
692,Normal,Normal,0.4315963131305939,0.0,5.983151380094438e-05,0.568343855355605,0.0
693,DoS/DDoS,DoS/DDoS,0.0,0.0,1.0,0.0,0.0
694,Normal,Normal,0.0,0.0,0.0,1.0,0.0
695,DoS/DDoS,DoS/DDoS,0.0,0.0,1.0,0.0,0.0
696,DoS/DDoS,DoS/DDoS,0.0,0.0,1.0,0.0,0.0
697,Brute Force,Brute Force,0.0,1.0,0.0,0.0,0.0
698,Brute Force,Brute Force,0.0,1.0,0.0,0.0,0.0
699,Bot,Bot,0.9969287780086976,0.0,1.4450702009829216e-06,0.0030697769211013755,0.0
700,Normal,Normal,0.0,0.0,0.0,1.0,0.0
701,Brute Force,Brute Force,0.0,1.0,0.0,0.0,0.0
702,Normal,Normal,0.0,0.0,0.0,1.0,0.0
703,Normal,Normal,0.0,0.0037187410885724604,0.0,0.9962812589114276,0.0
704,Normal,Normal,0.0,0.0,0.0,1.0,0.0
705,Brute Force,Brute Force,0.0,1.0,0.0,0.0,0.0
706,Brute Force,Brute Force,0.0,1.0,0.0,0.0,0.0
707,DoS/DDoS,DoS/DDoS,0.0,0.0,0.9986682582018935,0.001331741798106471,0.0
708,Normal,Normal,0.0,0.0,0.0,1.0,0.0
709,Normal,Normal,0.37631962221293513,0.00826061695371388,0.011182884574717077,0.6042368762586339,0.0
710,Normal,Normal,0.0,0.0025,0.001247147543321686,0.9962528524566784,0.0
711,DoS/DDoS,DoS/DDoS,0.0,0.0,1.0,0.0,0.0
712,DoS/DDoS,DoS/DDoS,0.0,0.0,1.0,0.0,0.0
713,Normal,Bot,0.685807754063819,0.0,0.00027425695652839887,0.31391798897965245,0.0
714,Brute Force,Brute Force,0.0,1.0,0.0,0.0,0.0
715,DoS/DDoS,DoS/DDoS,0.0,0.0,1.0,0.0,0.0
716,Normal,Normal,0.0,0.0,0.024818343454153215,0.9727470970693726,0.002434559476474239
717,DoS/DDoS,DoS/DDoS,0.0,0.0,1.0,0.0,0.0
718,Normal,Normal,0.0,0.0,0.0,1.0,0.0
719,Normal,Normal,0.0,0.0,0.0009041578416801061,0.9990958421583198,0.0
720,DoS/DDoS,DoS/DDoS,0.0,0.006196763243201298,0.9751917281533845,0.01611150860341424,0.0025
721,Normal,Normal,0.0,0.0066206936261667595,0.005976811097702667,0.9849094254795304,0.0024930697966000924
722,Normal,Normal,0.0,0.0,0.0,1.0,0.0
723,DoS/DDoS,DoS/DDoS,0.0,0.0,1.0,0.0,0.0
724,Normal,Normal,0.0,0.0,0.0,1.0,0.0
725,DoS/DDoS,DoS/DDoS,0.0,0.0,1.0,0.0,0.0
726,DoS/DDoS,DoS/DDoS,0.0,0.0,1.0,0.0,0.0
727,DoS/DDoS,DoS/DDoS,0.0,0.0,0.999969598059839,3.040194016098469e-05,0.0
728,DoS/DDoS,DoS/DDoS,0.0,0.0,1.0,0.0,0.0
729,Normal,Normal,0.0,0.0,0.0,1.0,0.0
730,DoS/DDoS,DoS/DDoS,0.0,0.0,1.0,0.0,0.0
731,Normal,Normal,0.0,0.0,0.0,1.0,0.0
732,Normal,Normal,0.0,0.004421786006975789,0.005046266953790592,0.9905319470392335,0.0
733,DoS/DDoS,DoS/DDoS,0.0,0.0,1.0,0.0,0.0
734,Normal,Normal,0.0,0.0,0.0,1.0,0.0
735,DoS/DDoS,DoS/DDoS,0.0,0.0,1.0,0.0,0.0
736,DoS/DDoS,DoS/DDoS,0.0,0.0,1.0,0.0,0.0
737,Brute Force,Brute Force,0.0,1.0,0.0,0.0,0.0
738,Normal,Normal,0.0,0.0,0.0,1.0,0.0
739,DoS/DDoS,DoS/DDoS,0.0,0.0,1.0,0.0,0.0
740,Normal,Normal,0.0,0.0,0.0,1.0,0.0
741,DoS/DDoS,DoS/DDoS,0.0,0.0,1.0,0.0,0.0
742,Bot,Bot,1.0,0.0,0.0,0.0,0.0
743,Normal,Normal,0.0,0.0,0.0,1.0,0.0
744,Bot,Bot,0.9346359527132482,0.0,3.8303049033569335e-05,0.06532574423771825,0.0
745,DoS/DDoS,DoS/DDoS,0.0,0.0,0.9999837280409707,1.6271959029384604e-05,0.0
746,Normal,Normal,0.0,0.0,0.0,1.0,0.0
747,DoS/DDoS,DoS/DDoS,0.0,0.0,1.0,0.0,0.0
748,Brute Force,Brute Force,0.0,0.7630409995955512,3.223540519108048e-05,0.0064269532221580845,0.23049981177709974
749,Normal,Normal,0.0,0.0,0.0,1.0,0.0
750,Normal,Normal,0.0,0.0025,0.011136333725788681,0.9178593863219353,0.06850427995227602
751,DoS/DDoS,DoS/DDoS,0.0,0.0015360959517082846,0.8006230820139753,0.19784082203431652,0.0
752,Normal,Normal,0.0,0.0025,0.005598651850040068,0.9894013481499598,0.0025
753,DoS/DDoS,DoS/DDoS,0.0,0.0,1.0,0.0,0.0
754,DoS/DDoS,DoS/DDoS,0.0,0.0,1.0,0.0,0.0
755,DoS/DDoS,DoS/DDoS,0.0,0.0,0.9999684058604776,3.1594139522391764e-05,0.0
756,Normal,Normal,0.0,0.0,0.0,1.0,0.0
757,DoS/DDoS,DoS/DDoS,0.0,0.0,1.0,0.0,0.0
758,DoS/DDoS,DoS/DDoS,0.0,0.0,1.0,0.0,0.0
759,DoS/DDoS,DoS/DDoS,0.0,0.0,1.0,0.0,0.0
760,Normal,Normal,0.002877745696133973,0.0,0.02238811451420896,0.9747341397896571,0.0
761,DoS/DDoS,DoS/DDoS,0.0,0.0,1.0,0.0,0.0
762,Normal,Normal,0.0,0.01636253446264597,0.019068398148188725,0.9493440601591772,0.015225007229988123
763,Brute Force,Brute Force,0.0,1.0,0.0,0.0,0.0
764,DoS/DDoS,DoS/DDoS,0.0,0.0,0.9999837280409707,1.6271959029384604e-05,0.0
765,DoS/DDoS,DoS/DDoS,0.0,0.0,1.0,0.0,0.0
766,Brute Force,Brute Force,0.0,1.0,0.0,0.0,0.0
767,DoS/DDoS,DoS/DDoS,0.0,0.0,1.0,0.0,0.0
768,DoS/DDoS,DoS/DDoS,0.0,0.0,1.0,0.0,0.0
769,Normal,Normal,0.0,0.0,0.0,1.0,0.0
770,Brute Force,Brute Force,0.0,1.0,0.0,0.0,0.0
771,DoS/DDoS,DoS/DDoS,0.0,0.0,1.0,0.0,0.0
772,Brute Force,Brute Force,0.0,1.0,0.0,0.0,0.0
773,Brute Force,Brute Force,0.0,1.0,0.0,0.0,0.0
774,Brute Force,Web Attack,0.0,0.0931902927404319,1.4162293260255451e-05,0.0018062098021196752,0.904989335164188
775,Normal,Normal,0.0,0.0,0.0,1.0,0.0
776,Web Attack,Web Attack,0.0,0.42699604841946803,1.0456903281202048e-05,0.0015646602556193558,0.5714288344216314
777,DoS/DDoS,DoS/DDoS,0.0,0.0,0.9999837280409707,1.6271959029384604e-05,0.0
778,Normal,Normal,0.0,0.0016335160715959143,0.0,0.9983664839284041,0.0
779,Brute Force,Brute Force,0.0,1.0,0.0,0.0,0.0
780,Normal,Normal,0.03315320840502294,0.0025,0.09996619011938071,0.8618806014755963,0.0025
781,DoS/DDoS,DoS/DDoS,0.0,0.0,0.9999837280409707,1.6271959029384604e-05,0.0
782,DoS/DDoS,DoS/DDoS,0.0,0.0,1.0,0.0,0.0
783,Normal,Normal,0.0,0.011524406587219895,0.0001627662403033889,0.9834257520453527,0.0048870751271239896
784,DoS/DDoS,DoS/DDoS,0.0,0.0,1.0,0.0,0.0
785,Brute Force,Brute Force,0.0,1.0,0.0,0.0,0.0
786,Normal,Normal,0.0,0.0,0.0,1.0,0.0
787,Normal,Normal,0.0,0.03174401320042207,0.2958911157054638,0.6713865308012698,0.0009783402928444298
788,Bot,Bot,0.9999349373323629,0.0,1.4450702009829216e-06,6.361759743604334e-05,0.0
789,Normal,Bot,0.9999349373323629,0.0,1.4450702009829216e-06,6.361759743604334e-05,0.0
790,Normal,Normal,0.0,0.0,0.0,1.0,0.0
791,Normal,Normal,0.0,0.0,0.0,1.0,0.0
792,Normal,Normal,0.01071797610996071,0.004550083205293684,0.011655146697010812,0.973076793987735,0.0
793,DoS/DDoS,DoS/DDoS,0.0,0.0,1.0,0.0,0.0
794,DoS/DDoS,DoS/DDoS,0.0,0.0,1.0,0.0,0.0
795,DoS/DDoS,DoS/DDoS,0.0,0.0,1.0,0.0,0.0
796,Normal,Normal,0.0,0.0,0.0,1.0,0.0
797,DoS/DDoS,DoS/DDoS,0.0,0.0,0.9999897181194723,1.0281880527716808e-05,0.0
798,DoS/DDoS,DoS/DDoS,0.0,0.0,1.0,0.0,0.0
799,Brute Force,Brute Force,0.0,1.0,0.0,0.0,0.0
800,Brute Force,Web Attack,0.0,0.27530904659250255,1.0456903281202048e-05,0.0007082997549507618,0.7239721967492656
801,Normal,Normal,0.0,0.0,0.0,1.0,0.0
802,Brute Force,Brute Force,0.0,1.0,0.0,0.0,0.0
803,DoS/DDoS,DoS/DDoS,0.0,0.0,1.0,0.0,0.0
804,Brute Force,Brute Force,0.0,1.0,0.0,0.0,0.0
805,Bot,Bot,1.0,0.0,0.0,0.0,0.0
806,Normal,Normal,0.002194096034689252,0.006199369413644112,0.0,0.9832491328458278,0.008357401705838872
807,Brute Force,Web Attack,0.0,0.35475876828193315,1.25579282007367e-05,0.000709386593159834,0.6445192871967064
808,Normal,Normal,0.0,0.0,0.0,1.0,0.0
809,Normal,Normal,0.0,0.0,0.0,1.0,0.0
810,DoS/DDoS,DoS/DDoS,0.0,0.0,0.9999837280409707,1.6271959029384604e-05,0.0
811,DoS/DDoS,DoS/DDoS,0.0,0.0,1.0,0.0,0.0
812,Brute Force,Brute Force,0.0,1.0,0.0,0.0,0.0
813,Normal,Normal,0.0,0.0,0.0,1.0,0.0
814,Normal,Normal,0.0,0.0,0.0,1.0,0.0
815,Normal,Normal,0.004360269935421872,0.0,0.00041302117902612684,0.995226708885552,0.0
816,Normal,Normal,0.009019994858577966,0.005,0.0027167677162787665,0.9832632374251433,0.0
817,Normal,Normal,0.0,0.0,0.0,1.0,0.0
818,DoS/DDoS,DoS/DDoS,0.0,0.0,1.0,0.0,0.0
819,DoS/DDoS,DoS/DDoS,0.0,0.0,0.999969598059839,3.040194016098469e-05,0.0
820,Normal,Normal,0.0,0.0,0.0,1.0,0.0
821,Normal,Normal,0.017367996582256913,0.0,0.0012540687484350968,0.9813779346693081,0.0
822,Brute Force,Brute Force,0.0,0.6447730731586474,0.006667245195903041,0.05043578765953686,0.2981238939859124
823,DoS/DDoS,DoS/DDoS,0.0,0.0,1.0,0.0,0.0
824,Normal,Normal,0.004630418280183195,0.007688351467851585,0.017896986682532704,0.9592821240457035,0.010502119523728969
825,Bot,Bot,0.9956517128689965,0.0,1.4450702009829216e-06,0.004346842060802469,0.0
826,DoS/DDoS,DoS/DDoS,0.0,0.0,1.0,0.0,0.0
827,Brute Force,Brute Force,0.0,1.0,0.0,0.0,0.0
828,Normal,Normal,0.0,0.0,0.0,1.0,0.0
829,DoS/DDoS,DoS/DDoS,0.0,0.0,1.0,0.0,0.0
830,Normal,Normal,0.0,0.0,0.0,1.0,0.0
831,Normal,Normal,0.0,0.0,0.0,1.0,0.0
832,Brute Force,Brute Force,0.0,1.0,0.0,0.0,0.0
833,DoS/DDoS,DoS/DDoS,0.0,0.0,1.0,0.0,0.0
834,Normal,Normal,0.0,0.0,0.003119334195011446,0.9968806658049886,0.0
835,Normal,Normal,0.0,0.0,0.0,1.0,0.0
836,DoS/DDoS,DoS/DDoS,0.0,0.0,1.0,0.0,0.0
837,DoS/DDoS,DoS/DDoS,0.0,0.061486263064862066,0.8769845398633613,0.015207143824175462,0.04632205324760129
838,DoS/DDoS,DoS/DDoS,0.0,0.0,1.0,0.0,0.0
839,DoS/DDoS,DoS/DDoS,0.0,0.0,1.0,0.0,0.0
840,DoS/DDoS,DoS/DDoS,0.0,0.0,1.0,0.0,0.0
841,Web Attack,Brute Force,0.0,0.5588882998602118,3.178795025231719e-05,0.003931063605357179,0.4371488485841788
842,Normal,Normal,0.0,0.0,0.0021788550628827896,0.9978211449371173,0.0
843,Brute Force,Brute Force,0.0,1.0,0.0,0.0,0.0
844,Brute Force,Brute Force,0.0,1.0,0.0,0.0,0.0
845,DoS/DDoS,DoS/DDoS,0.0,0.0,0.9999897181194723,1.0281880527716808e-05,0.0
846,Normal,Normal,0.0,0.0,0.0,1.0,0.0
847,Brute Force,Brute Force,0.0,1.0,0.0,0.0,0.0
848,Normal,Normal,0.0,0.0016807774941201602,0.02086155491030833,0.9738922191088929,0.003565448486678539
849,DoS/DDoS,DoS/DDoS,0.0,0.0,1.0,0.0,0.0
850,DoS/DDoS,DoS/DDoS,0.0,0.0,1.0,0.0,0.0
851,Brute Force,Brute Force,0.0,1.0,0.0,0.0,0.0
852,DoS/DDoS,DoS/DDoS,0.0,0.0,1.0,0.0,0.0
853,Brute Force,Brute Force,0.0,1.0,0.0,0.0,0.0
854,Normal,Normal,0.0,0.0,0.0,1.0,0.0
855,Brute Force,Brute Force,0.0,1.0,0.0,0.0,0.0
856,Normal,Normal,0.0,0.0,0.0,1.0,0.0
857,Normal,Normal,0.0,0.0,0.0,1.0,0.0
858,DoS/DDoS,DoS/DDoS,0.0,0.0,1.0,0.0,0.0
859,DoS/DDoS,DoS/DDoS,0.0,0.0,1.0,0.0,0.0
860,Brute Force,Brute Force,0.0,1.0,0.0,0.0,0.0
861,Normal,Normal,0.005,0.003848731933952739,0.005426846294510556,0.9857244217715366,0.0
862,Brute Force,Brute Force,0.0,0.8599053635649528,0.005,0.13509463643504713,0.0
863,DoS/DDoS,DoS/DDoS,0.0,0.0,1.0,0.0,0.0
864,Brute Force,Brute Force,0.0,1.0,0.0,0.0,0.0
865,Normal,Normal,0.0,0.0,0.0,1.0,0.0
866,DoS/DDoS,DoS/DDoS,0.0,0.0,1.0,0.0,0.0
867,DoS/DDoS,DoS/DDoS,0.0,0.0,0.9999897181194723,1.0281880527716808e-05,0.0
868,DoS/DDoS,DoS/DDoS,0.0,0.0,1.0,0.0,0.0
869,Normal,Normal,0.0,0.0,0.0,1.0,0.0
870,Brute Force,Brute Force,0.0,1.0,0.0,0.0,0.0
871,DoS/DDoS,DoS/DDoS,0.0,0.0,1.0,0.0,0.0
872,Brute Force,Brute Force,0.0,1.0,0.0,0.0,0.0
873,DoS/DDoS,DoS/DDoS,0.0,0.0,1.0,0.0,0.0
874,DoS/DDoS,DoS/DDoS,0.0,0.0,0.9999837280409707,1.6271959029384604e-05,0.0
875,Web Attack,Web Attack,0.0,0.42594037555650827,5.165844966902835e-05,0.0033061416242517144,0.5707018243695711
876,DoS/DDoS,DoS/DDoS,0.0,0.0,1.0,0.0,0.0
877,Normal,Normal,0.0,0.0,0.0,1.0,0.0
878,DoS/DDoS,DoS/DDoS,0.0,0.0,0.9999886336072914,1.1366392708614331e-05,0.0
879,Brute Force,Brute Force,0.0,1.0,0.0,0.0,0.0
880,DoS/DDoS,DoS/DDoS,0.0,0.0,1.0,0.0,0.0
881,Normal,Normal,0.0,0.0,0.0,1.0,0.0
882,Normal,Normal,0.0,0.0,0.0,1.0,0.0
883,Normal,Normal,0.0,0.0,0.0,1.0,0.0
884,Normal,Normal,0.0,0.012891855384974999,0.000276699574129541,0.9801168769960754,0.0067145680448200806
885,DoS/DDoS,DoS/DDoS,0.0,0.0,1.0,0.0,0.0
886,Normal,Normal,0.0,0.0,0.0,1.0,0.0
887,Web Attack,Web Attack,0.0,0.1966252607706959,1.0456903281202048e-05,0.000664812403620974,0.802699469922402
888,DoS/DDoS,DoS/DDoS,0.0,0.0,1.0,0.0,0.0
889,Brute Force,Brute Force,0.0,1.0,0.0,0.0,0.0
890,Brute Force,Brute Force,0.0,1.0,0.0,0.0,0.0
891,Normal,Normal,0.0,0.0,0.0,1.0,0.0
892,Brute Force,Brute Force,0.0,1.0,0.0,0.0,0.0
893,Brute Force,Brute Force,0.0,1.0,0.0,0.0,0.0
894,Normal,Normal,0.0,0.0,0.0,1.0,0.0
895,Brute Force,Brute Force,0.0,1.0,0.0,0.0,0.0
896,Normal,Normal,0.002383940414243445,0.015052949140388718,0.0030817219861354246,0.9770630568109332,0.00241833164829925
897,Brute Force,Brute Force,0.0,1.0,0.0,0.0,0.0
898,Normal,Normal,0.2562220870655094,0.0,3.548180414054348e-05,0.74374243113035,0.0
899,Normal,Normal,0.0,0.031459820789776084,0.0005063015430540386,0.9511111144572786,0.01692276320989127
900,DoS/DDoS,DoS/DDoS,0.0,0.0,0.9999837280409707,1.6271959029384604e-05,0.0
901,Normal,Normal,0.0,7.604044997336889e-05,0.1141168319009851,0.8824120168689324,0.003395110780109103
902,DoS/DDoS,DoS/DDoS,0.0,0.0,1.0,0.0,0.0
903,DoS/DDoS,DoS/DDoS,0.0,0.0,1.0,0.0,0.0
904,DoS/DDoS,DoS/DDoS,0.0,0.0,0.9999886336072914,1.1366392708614331e-05,0.0
905,DoS/DDoS,DoS/DDoS,0.0,0.0,1.0,0.0,0.0
906,DoS/DDoS,DoS/DDoS,0.0,0.0,0.9999886336072914,1.1366392708614331e-05,0.0
907,Normal,Normal,0.0,0.0,0.0,1.0,0.0
908,DoS/DDoS,DoS/DDoS,0.0,0.0,1.0,0.0,0.0
909,Normal,Normal,0.0,0.0,0.0,1.0,0.0
910,DoS/DDoS,DoS/DDoS,0.0,0.007451395354643446,0.9158315924819349,0.0666593533211608,0.010057658842260939
911,DoS/DDoS,DoS/DDoS,0.0,0.0,1.0,0.0,0.0
912,Brute Force,Brute Force,0.0,1.0,0.0,0.0,0.0
913,DoS/DDoS,DoS/DDoS,0.0,0.0,0.9973252751676668,0.002674724832333178,0.0
914,Normal,Normal,0.0,0.0,0.0,1.0,0.0
915,Normal,Normal,0.0,0.0,0.0,1.0,0.0
916,DoS/DDoS,DoS/DDoS,0.0,0.004406570310445447,0.9419497259807392,0.044833060000250745,0.008810643708564717
917,DoS/DDoS,DoS/DDoS,0.0,0.0,0.99816258968618,0.0018374103138200227,0.0
918,DoS/DDoS,DoS/DDoS,0.0,0.0,1.0,0.0,0.0
919,Brute Force,Brute Force,0.0,1.0,0.0,0.0,0.0
920,Normal,Normal,0.1297829029256813,0.0,5.872143871352832e-06,0.8702112249304472,0.0
921,DoS/DDoS,DoS/DDoS,0.0,0.0,1.0,0.0,0.0
922,Normal,Normal,0.0,0.0013413788628711966,0.00436019292009814,0.9933200879241861,0.0009783402928444298
923,Normal,Normal,0.0,0.014563643163698152,0.006237745268036134,0.9762438727901919,0.002954738778073997
924,Normal,Normal,0.002385122217670354,0.0006972603048680705,0.026670167329279963,0.9702474501481817,0.0
925,Normal,Normal,0.2787144347868524,0.0,8.737857942733781e-06,0.7212768273552046,0.0
926,DoS/DDoS,DoS/DDoS,0.0,0.0,0.999969598059839,3.040194016098469e-05,0.0
927,DoS/DDoS,DoS/DDoS,0.0,0.0,0.9999714047472551,2.8595252744989888e-05,0.0
928,DoS/DDoS,DoS/DDoS,0.0,0.0,1.0,0.0,0.0
929,Brute Force,Brute Force,0.0,0.9866766024226431,0.0028263465421839375,0.010497051035172986,0.0
930,Normal,Normal,0.0,0.0019735391400220507,0.0012371364253555349,0.9967893244346224,0.0
931,Normal,Normal,0.0,0.0,0.027976847344889432,0.9645517471397083,0.007471405515402428
932,Normal,Normal,0.0,0.0,0.0,1.0,0.0
933,DoS/DDoS,DoS/DDoS,0.0,0.0,0.9961327987907299,0.0038672012092700776,0.0
934,Brute Force,Brute Force,0.0,1.0,0.0,0.0,0.0
935,Normal,Normal,0.0,0.0,0.007091171567977079,0.9929088284320229,0.0
936,DoS/DDoS,DoS/DDoS,0.0,0.0,1.0,0.0,0.0
937,Brute Force,Brute Force,0.0,1.0,0.0,0.0,0.0
938,Normal,Normal,0.0,0.0,0.0060394124580293055,0.9939605875419707,0.0
939,Brute Force,Web Attack,0.0,0.1421346498974571,1.25579282007367e-05,0.00413968513647446,0.8537131070378676
940,DoS/DDoS,DoS/DDoS,0.0,0.0,1.0,0.0,0.0
941,Brute Force,Brute Force,0.0,1.0,0.0,0.0,0.0
942,DoS/DDoS,DoS/DDoS,0.0,0.0,1.0,0.0,0.0
943,Web Attack,Web Attack,0.0,0.2376252078032297,1.25579282007367e-05,0.000744315915370287,0.7616179183531994
944,Brute Force,Brute Force,0.0,1.0,0.0,0.0,0.0
945,Normal,Normal,0.013498764785272333,0.0,0.006052441941525519,0.9804487932732022,0.0
946,DoS/DDoS,DoS/DDoS,0.0,0.01992745334255229,0.939704280342529,0.03306358057483975,0.00730468574007913
947,DoS/DDoS,DoS/DDoS,0.0,0.0,1.0,0.0,0.0
948,DoS/DDoS,DoS/DDoS,0.0,0.0,1.0,0.0,0.0
949,Normal,Normal,0.0,0.0,0.0,1.0,0.0
950,Normal,Normal,0.0,0.0,0.0,1.0,0.0
951,Brute Force,Brute Force,0.0,1.0,0.0,0.0,0.0
952,DoS/DDoS,DoS/DDoS,0.0,0.0,0.9991664278892073,0.0008335721107927412,0.0
953,Normal,Normal,0.0,0.003151161005782438,0.20133009490978204,0.7300148062799523,0.06550393780448328
954,Normal,Normal,0.0,0.0,0.0,1.0,0.0
955,DoS/DDoS,DoS/DDoS,0.002179809843400447,0.0,0.9978201901565995,0.0,0.0
956,Normal,Normal,0.004094077804275417,0.0,0.005198825876609669,0.9907070963191149,0.0
957,Normal,Normal,0.0,0.005751030301451729,0.0012549023103251569,0.9929940673882232,0.0
958,Normal,Normal,0.1367183189651273,0.0,0.00020877160312996566,0.8630729094317426,0.0
959,Normal,Normal,0.0,0.0,0.0023018252125405303,0.9976981747874596,0.0
960,Normal,Normal,0.0,0.028662405033089203,0.0002896021032729734,0.9621099879927161,0.008938004870921633
961,Brute Force,Web Attack,0.0,0.39033047564840284,1.25579282007367e-05,0.0007059792366710114,0.6089509871867256
962,DoS/DDoS,DoS/DDoS,0.0,0.0,0.9999897181194723,1.0281880527716808e-05,0.0
963,Brute Force,Brute Force,0.0,1.0,0.0,0.0,0.0
964,DoS/DDoS,DoS/DDoS,0.0,0.0,1.0,0.0,0.0
965,DoS/DDoS,DoS/DDoS,0.0,0.0,1.0,0.0,0.0
966,Normal,Normal,0.0,0.0,0.0,1.0,0.0
967,Normal,Normal,0.0,0.0,0.0025,0.9975,0.0
968,DoS/DDoS,DoS/DDoS,0.0,0.0,0.9999714047472551,2.8595252744989888e-05,0.0
969,Brute Force,Web Attack,0.0,0.34839971394011754,1.25579282007367e-05,0.0006860697483046,0.6509016583833773
970,Normal,Normal,0.0,0.0034875043942416265,0.0012901467787926441,0.9889854245326087,0.0062369242943569846
971,DoS/DDoS,DoS/DDoS,0.0,0.0,1.0,0.0,0.0
972,Normal,Normal,0.0,0.0,0.0,1.0,0.0
973,Brute Force,Brute Force,0.0,1.0,0.0,0.0,0.0
974,Web Attack,Brute Force,0.0,0.5581607756792638,1.9263023870357705e-05,0.0024929103765298152,0.4393270509203361
975,DoS/DDoS,DoS/DDoS,0.0,0.0,1.0,0.0,0.0
976,Brute Force,Brute Force,0.0,1.0,0.0,0.0,0.0
977,Brute Force,Brute Force,0.0,1.0,0.0,0.0,0.0
978,Brute Force,Web Attack,0.0,0.2611056688797433,1.25579282007367e-05,0.0007332768391569664,0.7381484963528991
979,Normal,Normal,0.0,0.005625960218958524,0.0001627662403033889,0.9918241984136141,0.0023870751271239895
980,Normal,Normal,0.0,0.0,0.0,1.0,0.0
981,DoS/DDoS,DoS/DDoS,0.0,0.0,1.0,0.0,0.0
982,DoS/DDoS,DoS/DDoS,0.0,0.0,1.0,0.0,0.0
983,Brute Force,Brute Force,0.0,1.0,0.0,0.0,0.0
984,DoS/DDoS,DoS/DDoS,0.0,0.0,1.0,0.0,0.0
985,Normal,Normal,0.0,0.0019672943508424186,0.0005327056491575818,0.9975,0.0
986,DoS/DDoS,DoS/DDoS,0.0,0.0,1.0,0.0,0.0
987,Normal,Normal,0.0,0.0,0.0,1.0,0.0
988,Normal,Normal,0.44193748578866726,0.0,2.0833980022779924e-05,0.5580416802313098,0.0
989,DoS/DDoS,DoS/DDoS,0.0,0.0,1.0,0.0,0.0
990,Brute Force,Brute Force,0.0,1.0,0.0,0.0,0.0
991,DoS/DDoS,DoS/DDoS,0.0,0.0,1.0,0.0,0.0
992,Bot,Bot,1.0,0.0,0.0,0.0,0.0
993,DoS/DDoS,DoS/DDoS,0.0,0.0,1.0,0.0,0.0
994,Normal,Normal,0.0,0.0,0.0,1.0,0.0
995,Brute Force,Brute Force,0.0,1.0,0.0,0.0,0.0
996,Normal,Normal,0.0,0.0,0.0,1.0,0.0
997,Normal,Normal,0.0,0.04396307448223913,0.000594986920576203,0.8940072062671436,0.061434732330041125
998,DoS/DDoS,DoS/DDoS,0.0,0.0,1.0,0.0,0.0
999,DoS/DDoS,DoS/DDoS,0.0,0.0,1.0,0.0,0.0
1000,Normal,Normal,0.0,0.001207012753603152,0.0,0.9987929872463969,0.0
1001,Brute Force,Brute Force,0.0,1.0,0.0,0.0,0.0
1002,Normal,Normal,0.0,0.0,0.0,1.0,0.0
1003,Normal,Normal,0.0,0.12405958540371863,1.3724634293909115e-05,0.62169818831367,0.2542285016483175
1004,DoS/DDoS,DoS/DDoS,0.0,0.0,0.9999897181194723,1.0281880527716808e-05,0.0
1005,Normal,Normal,0.0,0.0,0.0,1.0,0.0
1006,Brute Force,Web Attack,0.0,0.38120937306748326,1.0456903281202048e-05,0.0012780336469949368,0.6175021363822407
1007,Normal,Normal,0.0,0.0020233067940245418,0.0,0.9776125285908823,0.020364164615093116
1008,Normal,Normal,0.0,0.009697945152234416,0.34266870162097246,0.6388227095182284,0.008810643708564717
1009,Normal,Normal,0.0,0.0,0.0,1.0,0.0
1010,DoS/DDoS,DoS/DDoS,0.0,0.0,1.0,0.0,0.0
1011,Normal,Normal,0.0,0.0,0.0,1.0,0.0
1012,DoS/DDoS,DoS/DDoS,0.0,0.0,1.0,0.0,0.0
1013,Normal,Normal,0.0,0.03271489203084468,0.0002896021032729734,0.9607883491412501,0.006207156724632107
1014,DoS/DDoS,DoS/DDoS,0.0,0.0008531739364402641,0.9922712481433886,0.002750234074979676,0.00412534384519145
1015,Bot,Bot,0.9757357464577474,0.0,3.4949114468774026e-05,0.024229304427783795,0.0
1016,Brute Force,Brute Force,0.0,1.0,0.0,0.0,0.0
1017,DoS/DDoS,DoS/DDoS,0.0,0.0,1.0,0.0,0.0
1018,Normal,Normal,0.0,0.0,0.0,1.0,0.0
1019,Brute Force,Brute Force,0.0,0.9846520478502573,4.0491556722911094e-05,0.015307460593019899,0.0
1020,Brute Force,Brute Force,0.0,1.0,0.0,0.0,0.0
1021,Normal,Normal,0.0,0.004478217821782178,0.017693598805093576,0.9754161498359103,0.0024120335372139375
1022,Normal,Normal,0.0,0.015310441840462905,0.007547837542173792,0.9624451895608067,0.01469653105655653
1023,Normal,Normal,0.0,0.0,0.0,1.0,0.0
1024,DoS/DDoS,DoS/DDoS,0.0,0.0,1.0,0.0,0.0
1025,Web Attack,Web Attack,0.0,0.13850322200115656,0.0012674535481928318,0.08432410847207736,0.7759052159785735
1026,Brute Force,Web Attack,0.0,0.2054435236814151,1.25579282007367e-05,0.001105274081486764,0.7934386443088974
1027,DoS/DDoS,DoS/DDoS,0.0,0.0,1.0,0.0,0.0
1028,Bot,Bot,0.977767236674512,0.0,5.655454916785888e-05,0.022176208776320126,0.0
1029,Brute Force,Brute Force,0.0,1.0,0.0,0.0,0.0
1030,Normal,Normal,0.0,0.04942186157735579,0.00040073123032480267,0.9401199631384491,0.010057444053870185
1031,Brute Force,Brute Force,0.0,1.0,0.0,0.0,0.0
1032,Normal,Normal,0.0,0.054397921435855465,9.35182775389169e-06,0.788053352701559,0.15753937403483192
1033,DoS/DDoS,DoS/DDoS,0.0,0.0,1.0,0.0,0.0
1034,Normal,Normal,0.0,0.0,0.0,1.0,0.0
1035,Brute Force,Brute Force,0.0,0.6529533676604462,0.0066472891028692156,0.054416147469858164,0.28598319576682624
1036,Brute Force,Brute Force,0.0,1.0,0.0,0.0,0.0
1037,Brute Force,Brute Force,0.0,0.9972035292365988,0.0,0.002796470763401107,0.0
1038,DoS/DDoS,DoS/DDoS,0.0,0.0,1.0,0.0,0.0
1039,DoS/DDoS,DoS/DDoS,0.0,0.0,1.0,0.0,0.0
1040,Brute Force,Brute Force,0.0,1.0,0.0,0.0,0.0
1041,Normal,Normal,0.0,0.0,0.0,1.0,0.0
1042,Normal,Normal,0.0,0.0,0.0008288821060663868,0.9991711178939335,0.0
1043,Normal,Normal,0.0,0.0,0.0,1.0,0.0
1044,DoS/DDoS,DoS/DDoS,0.0,0.0,1.0,0.0,0.0
1045,DoS/DDoS,DoS/DDoS,0.0,0.0,0.9999714047472551,2.8595252744989888e-05,0.0
1046,Normal,Normal,0.0,0.0,0.0,1.0,0.0
1047,Normal,Normal,0.0,0.0,0.0,1.0,0.0
1048,DoS/DDoS,DoS/DDoS,0.0,0.0,1.0,0.0,0.0
1049,Bot,Bot,1.0,0.0,0.0,0.0,0.0
1050,DoS/DDoS,DoS/DDoS,0.0,0.0,1.0,0.0,0.0
1051,DoS/DDoS,DoS/DDoS,0.0,0.0,1.0,0.0,0.0
1052,Brute Force,Brute Force,0.0,1.0,0.0,0.0,0.0
1053,Normal,Normal,0.0,0.0,0.004805997410700101,0.9951940025892999,0.0
1054,DoS/DDoS,DoS/DDoS,0.0,0.0028798445128725182,0.967502054178287,0.02241717460793532,0.007200926700905174
1055,Web Attack,Web Attack,0.0,0.1739590413515103,1.25579282007367e-05,0.001264602679869852,0.8247637980404193
1056,DoS/DDoS,Normal,0.0,0.03382246026937497,0.0417525207571382,0.9215587964065607,0.0028662225669262562
1057,Brute Force,Brute Force,0.0,1.0,0.0,0.0,0.0
1058,DoS/DDoS,DoS/DDoS,0.0,0.0,1.0,0.0,0.0
1059,Normal,Normal,0.0,0.0,0.0,1.0,0.0
1060,Normal,Normal,0.0,0.0,0.0,1.0,0.0
1061,DoS/DDoS,DoS/DDoS,0.0,0.0,1.0,0.0,0.0
1062,Brute Force,Web Attack,0.0,0.31076300499563725,1.5884675081370873e-05,0.0009459706131306671,0.6882751397161508
1063,Normal,Normal,0.0,0.0,0.0,1.0,0.0
1064,DoS/DDoS,DoS/DDoS,0.0,0.0,0.9999714047472551,2.8595252744989888e-05,0.0
1065,DoS/DDoS,DoS/DDoS,0.0,0.0,1.0,0.0,0.0
1066,Brute Force,Brute Force,0.0,1.0,0.0,0.0,0.0
1067,DoS/DDoS,DoS/DDoS,0.0,0.0,1.0,0.0,0.0
1068,DoS/DDoS,DoS/DDoS,0.0,0.0,1.0,0.0,0.0
1069,Normal,Normal,0.0,0.0,0.0,1.0,0.0
1070,DoS/DDoS,DoS/DDoS,0.0,0.0,1.0,0.0,0.0
1071,Brute Force,Brute Force,0.0,1.0,0.0,0.0,0.0
1072,Normal,Normal,0.0,0.0,0.0,1.0,0.0
1073,DoS/DDoS,DoS/DDoS,0.002103906673901248,0.0,0.9941783358861691,0.0037177574399295866,0.0
1074,Normal,Normal,0.0,0.0,0.0,1.0,0.0
1075,DoS/DDoS,DoS/DDoS,0.0,0.0,1.0,0.0,0.0
1076,Brute Force,Brute Force,0.0,1.0,0.0,0.0,0.0
1077,Normal,Normal,0.0,0.0,0.0,1.0,0.0
1078,DoS/DDoS,DoS/DDoS,0.0,0.0,0.9784377783743502,0.021562221625649816,0.0
1079,DoS/DDoS,DoS/DDoS,0.0,0.0,1.0,0.0,0.0
1080,Brute Force,Brute Force,0.0,1.0,0.0,0.0,0.0
1081,DoS/DDoS,DoS/DDoS,0.0,0.0019073238518146245,0.9619537800109137,0.030782489923848723,0.005356406213423001
1082,Normal,Normal,0.0,0.0,0.0,0.9976555761958469,0.0023444238041531217
1083,Normal,Normal,0.0,0.005352988618277909,0.0001779132773611612,0.9909669072890662,0.003502190815294726
1084,DoS/DDoS,DoS/DDoS,0.0,0.0,1.0,0.0,0.0
1085,DoS/DDoS,DoS/DDoS,0.0,0.0,0.995804178136385,0.0041958218636149345,0.0
1086,DoS/DDoS,DoS/DDoS,0.0,0.0,0.9999684058604776,3.1594139522391764e-05,0.0
1087,DoS/DDoS,DoS/DDoS,0.0,0.0,1.0,0.0,0.0
1088,DoS/DDoS,DoS/DDoS,0.0,0.0,1.0,0.0,0.0
1089,Normal,Normal,0.0,0.0,0.0,1.0,0.0
1090,DoS/DDoS,DoS/DDoS,0.0,0.0,1.0,0.0,0.0
1091,DoS/DDoS,DoS/DDoS,0.0,0.0,1.0,0.0,0.0
1092,Normal,Normal,0.0,0.0,0.0,1.0,0.0
1093,DoS/DDoS,DoS/DDoS,0.0,0.0,0.9977954711741632,0.0022045288258366936,0.0
1094,DoS/DDoS,DoS/DDoS,0.0,0.0,0.9999837280409707,1.6271959029384604e-05,0.0
1095,DoS/DDoS,DoS/DDoS,0.0,0.0,1.0,0.0,0.0
1096,Normal,Normal,0.0,0.03432868003310368,0.0035025728987993143,0.9597491746314013,0.0024195724366957243
1097,DoS/DDoS,DoS/DDoS,0.0,0.0,1.0,0.0,0.0
1098,Bot,Bot,0.9783704761969215,0.0,5.840583014884628e-05,0.021571117972929647,0.0
1099,Brute Force,Brute Force,0.0,1.0,0.0,0.0,0.0
1100,Brute Force,Brute Force,0.0,1.0,0.0,0.0,0.0
1101,DoS/DDoS,DoS/DDoS,0.0,0.0,0.9999886336072914,1.1366392708614331e-05,0.0
1102,DoS/DDoS,DoS/DDoS,0.0,0.0,1.0,0.0,0.0
1103,DoS/DDoS,DoS/DDoS,0.0,0.0,1.0,0.0,0.0
1104,DoS/DDoS,DoS/DDoS,0.0,0.0,1.0,0.0,0.0
1105,DoS/DDoS,DoS/DDoS,0.0,0.0,1.0,0.0,0.0
1106,Normal,Normal,0.0,0.0,0.0,1.0,0.0
1107,Normal,Normal,0.0,0.0,0.016255602888317924,0.9837443971116822,0.0
1108,Normal,Normal,0.0,0.0,0.0,1.0,0.0
1109,Normal,Normal,0.0,0.0,0.0,1.0,0.0
1110,Normal,Normal,0.0,0.0,0.0,1.0,0.0
1111,DoS/DDoS,DoS/DDoS,0.0,0.001426307621415445,0.9880515319445204,0.00822675180160354,0.002295408632460484
1112,DoS/DDoS,DoS/DDoS,0.0,0.0,1.0,0.0,0.0
1113,Normal,Normal,0.00012021747610021155,0.020411189611227717,0.0002054514291647286,0.9716987180950782,0.007564423388428991
1114,Brute Force,Brute Force,0.0,0.9953478094111546,0.0,0.004652190588845402,0.0
1115,Brute Force,Brute Force,0.0,1.0,0.0,0.0,0.0
1116,Normal,Normal,0.0,0.0,0.0,1.0,0.0
1117,Normal,Normal,0.0,0.0061245642993733515,0.0050370735443959255,0.9888383621562307,0.0
1118,Brute Force,Brute Force,0.0,1.0,0.0,0.0,0.0
1119,Brute Force,Brute Force,0.0,1.0,0.0,0.0,0.0
1120,DoS/DDoS,DoS/DDoS,0.0,0.0,0.9999897181194723,1.0281880527716808e-05,0.0
1121,Brute Force,Brute Force,0.0,1.0,0.0,0.0,0.0
1122,DoS/DDoS,DoS/DDoS,0.0,0.0,1.0,0.0,0.0
1123,DoS/DDoS,DoS/DDoS,0.0,0.0,1.0,0.0,0.0
1124,DoS/DDoS,DoS/DDoS,0.0,0.0,0.9999837280409707,1.6271959029384604e-05,0.0
1125,DoS/DDoS,DoS/DDoS,0.0,0.0,1.0,0.0,0.0
1126,Normal,Normal,0.0,0.0,0.0,1.0,0.0
1127,Normal,Normal,0.0,0.10208062264831724,0.0004810902817041234,0.8830758705804573,0.014362416489521171
1128,Normal,Normal,0.0,0.0,0.0,1.0,0.0
1129,Normal,Normal,0.0,0.0,0.004495079982443591,0.9955049200175564,0.0
1130,Bot,Bot,0.9808901503346904,0.0,3.563600946994233e-05,0.019074213655839528,0.0
1131,Normal,Normal,0.0,0.0,0.0,1.0,0.0
1132,Brute Force,Brute Force,0.0,1.0,0.0,0.0,0.0
1133,Brute Force,Web Attack,0.0,0.027121333138700736,5.165844966902835e-05,0.0010240837317434357,0.9718029246798869
1134,DoS/DDoS,DoS/DDoS,0.0,0.0,1.0,0.0,0.0
1135,Brute Force,Brute Force,0.0,1.0,0.0,0.0,0.0
1136,DoS/DDoS,DoS/DDoS,0.0,0.0,1.0,0.0,0.0
1137,DoS/DDoS,DoS/DDoS,0.0,0.0,1.0,0.0,0.0
1138,DoS/DDoS,DoS/DDoS,0.0,0.0,0.9999886336072914,1.1366392708614331e-05,0.0
1139,DoS/DDoS,DoS/DDoS,0.0,0.0,1.0,0.0,0.0
1140,Brute Force,Brute Force,0.0,1.0,0.0,0.0,0.0
1141,Brute Force,Brute Force,0.0,1.0,0.0,0.0,0.0
1142,DoS/DDoS,DoS/DDoS,0.0,0.0,1.0,0.0,0.0
1143,DoS/DDoS,DoS/DDoS,0.0,0.0,1.0,0.0,0.0
1144,Brute Force,Brute Force,0.0,1.0,0.0,0.0,0.0
1145,Brute Force,Brute Force,0.0,1.0,0.0,0.0,0.0
1146,DoS/DDoS,DoS/DDoS,0.0,0.0,0.9912516805787515,0.008748319421248617,0.0
1147,Brute Force,Brute Force,0.0,1.0,0.0,0.0,0.0
1148,Brute Force,Brute Force,0.0,1.0,0.0,0.0,0.0
1149,Normal,Normal,0.0,0.0,0.0,1.0,0.0
1150,Normal,Normal,0.10331133318548412,0.0,1.0431993766524761e-05,0.8966782348207493,0.0
1151,Normal,Normal,0.0022785630916872003,0.0,0.0018665128012452363,0.9958549241070676,0.0
1152,Bot,Bot,0.9820654557745587,0.0,3.8792083567466685e-05,0.017895752141873732,0.0
1153,Normal,Normal,0.0,0.026290271167358364,0.00022238290314808567,0.9640028509472083,0.009484494982285131
1154,Normal,Normal,0.0,0.0016270232230823365,0.0,0.9983729767769176,0.0
1155,DoS/DDoS,DoS/DDoS,0.0,0.0,1.0,0.0,0.0
1156,DoS/DDoS,DoS/DDoS,0.0,0.0,1.0,0.0,0.0
1157,DoS/DDoS,DoS/DDoS,0.0,0.0,1.0,0.0,0.0
1158,DoS/DDoS,DoS/DDoS,0.0,0.0,0.9999668162769407,3.3183723059252104e-05,0.0
1159,DoS/DDoS,DoS/DDoS,0.0,0.0,1.0,0.0,0.0
1160,Normal,Normal,0.0,0.0,0.0,1.0,0.0
1161,DoS/DDoS,DoS/DDoS,0.0,0.0,1.0,0.0,0.0
1162,Normal,Normal,0.0,0.0,0.0,1.0,0.0
1163,DoS/DDoS,DoS/DDoS,0.0,0.0,1.0,0.0,0.0
1164,Brute Force,Brute Force,0.0,1.0,0.0,0.0,0.0
1165,Normal,Normal,0.0,0.0,0.0,1.0,0.0
1166,Normal,Normal,0.0,0.0,0.0,1.0,0.0
1167,Normal,Normal,0.0,0.002148445623869428,0.030800902644668806,0.9510836421991526,0.015967009532309166
1168,DoS/DDoS,DoS/DDoS,0.0,0.0,1.0,0.0,0.0
1169,DoS/DDoS,DoS/DDoS,0.0,0.0,1.0,0.0,0.0
1170,DoS/DDoS,DoS/DDoS,0.0,0.0,1.0,0.0,0.0
1171,DoS/DDoS,DoS/DDoS,0.0,0.0,1.0,0.0,0.0
1172,Brute Force,Brute Force,0.0,1.0,0.0,0.0,0.0
1173,DoS/DDoS,DoS/DDoS,0.0,0.0,1.0,0.0,0.0
1174,DoS/DDoS,DoS/DDoS,0.0,0.0,1.0,0.0,0.0
1175,DoS/DDoS,DoS/DDoS,0.0,0.0,1.0,0.0,0.0
1176,Normal,Normal,0.0022896228139662423,0.0027103771860337578,0.29239760163136375,0.7002596987181926,0.002342699650443668
1177,Brute Force,Brute Force,0.0,0.9678053331813765,0.008876227592851334,0.02331843922577221,0.0
1178,DoS/DDoS,DoS/DDoS,0.0,0.0,1.0,0.0,0.0
1179,Normal,Normal,0.0,0.05015753172104203,0.007764608512899841,0.9397378198591742,0.0023400399068839372
1180,DoS/DDoS,DoS/DDoS,0.0,0.0,1.0,0.0,0.0
1181,Normal,Normal,0.002281965272296764,0.0,0.008561531464612674,0.9891565032630906,0.0
1182,DoS/DDoS,DoS/DDoS,0.0,0.0,0.9999897181194723,1.0281880527716808e-05,0.0
1183,Normal,Normal,0.0,0.0,0.0,1.0,0.0
1184,DoS/DDoS,DoS/DDoS,0.0,0.0,1.0,0.0,0.0
1185,DoS/DDoS,DoS/DDoS,0.0,0.0,1.0,0.0,0.0
1186,Normal,Normal,0.0,0.0,0.0,1.0,0.0
1187,Normal,Normal,0.0,0.0,0.0,1.0,0.0
1188,DoS/DDoS,DoS/DDoS,0.0,0.0,1.0,0.0,0.0
1189,Brute Force,Brute Force,0.0,1.0,0.0,0.0,0.0
1190,Bot,Bot,0.9998669407651062,0.0,1.4450702009829216e-06,0.00013161416469275754,0.0
1191,DoS/DDoS,DoS/DDoS,0.0,0.0,1.0,0.0,0.0
1192,DoS/DDoS,DoS/DDoS,0.0,0.0,0.9999897181194723,1.0281880527716808e-05,0.0
1193,Brute Force,Brute Force,0.0,1.0,0.0,0.0,0.0
1194,DoS/DDoS,DoS/DDoS,0.0,0.007428535246171847,0.7897947041207823,0.20050009178487824,0.002276668848167539
1195,Normal,Normal,0.0,0.0,0.0,1.0,0.0
1196,DoS/DDoS,DoS/DDoS,0.0,0.0,1.0,0.0,0.0
1197,DoS/DDoS,DoS/DDoS,0.0,0.0,1.0,0.0,0.0
1198,Normal,Normal,0.0,0.0,0.0,1.0,0.0
1199,Normal,Normal,0.0,0.0,0.001038749976181259,0.9989612500238187,0.0
1200,DoS/DDoS,DoS/DDoS,0.0,0.0,1.0,0.0,0.0
1201,DoS/DDoS,DoS/DDoS,0.0,0.0,1.0,0.0,0.0
1202,Normal,Normal,0.0,0.0,0.0,1.0,0.0
1203,Normal,Normal,0.0,0.0,0.0,1.0,0.0
1204,Brute Force,Brute Force,0.0,1.0,0.0,0.0,0.0
1205,DoS/DDoS,DoS/DDoS,0.0,0.003959160110542822,0.8894085689372425,0.10186463467007734,0.0047676362821373304
1206,Brute Force,Brute Force,0.0,1.0,0.0,0.0,0.0
1207,Normal,Normal,0.0,0.0,0.0,1.0,0.0
1208,DoS/DDoS,DoS/DDoS,0.0,0.0,0.9999684058604776,3.1594139522391764e-05,0.0
1209,Normal,Normal,0.0,0.0,0.0,1.0,0.0
1210,DoS/DDoS,DoS/DDoS,0.0,0.0,1.0,0.0,0.0
1211,DoS/DDoS,DoS/DDoS,0.0,0.004623941000792345,0.9644039669092703,0.030972092089937342,0.0
1212,Normal,Normal,0.0,0.0,0.0009912829205065022,0.9990087170794935,0.0
1213,Bot,Bot,1.0,0.0,0.0,0.0,0.0
1214,DoS/DDoS,DoS/DDoS,0.0,0.0,1.0,0.0,0.0
1215,Brute Force,Brute Force,0.0,1.0,0.0,0.0,0.0
1216,Brute Force,Brute Force,0.0,1.0,0.0,0.0,0.0
1217,Normal,Normal,0.0,0.0,0.0019304539508236073,0.9980695460491764,0.0
1218,Normal,Normal,0.0,0.0,0.0,1.0,0.0
1219,Normal,Normal,0.0002427264401707533,0.002993137924791638,0.004217013052100351,0.9899396068933308,0.0026075156896064235
1220,DoS/DDoS,DoS/DDoS,0.0,0.0,0.9999714047472551,2.8595252744989888e-05,0.0
1221,Brute Force,Brute Force,0.0,1.0,0.0,0.0,0.0
1222,Normal,Normal,0.0,0.0,0.0,1.0,0.0
1223,Brute Force,Brute Force,0.0,1.0,0.0,0.0,0.0
1224,Brute Force,Brute Force,0.0,1.0,0.0,0.0,0.0
1225,Normal,Normal,0.0,0.0,0.0,1.0,0.0
1226,Normal,Normal,0.0,0.007309321155726176,0.0012635971325653554,0.9914270817117086,0.0
1227,DoS/DDoS,DoS/DDoS,0.0,0.0,1.0,0.0,0.0
1228,Normal,Normal,0.0,0.0,0.0,1.0,0.0
1229,Brute Force,Brute Force,0.0,1.0,0.0,0.0,0.0
1230,Normal,Normal,0.0,0.0,0.0,1.0,0.0
1231,Brute Force,Brute Force,0.0,1.0,0.0,0.0,0.0
1232,Normal,Normal,0.0,0.0,0.0,1.0,0.0
1233,Normal,Normal,0.0,0.0,0.0,1.0,0.0
1234,Brute Force,Brute Force,0.0,0.6673348355749193,0.005195836633871995,0.3250097711704778,0.0024595566207309765
1235,Brute Force,Brute Force,0.0,1.0,0.0,0.0,0.0
1236,Normal,Normal,0.0,0.0,0.0,1.0,0.0
1237,DoS/DDoS,DoS/DDoS,0.0,0.0,1.0,0.0,0.0
1238,DoS/DDoS,DoS/DDoS,0.0,0.0,1.0,0.0,0.0
1239,Normal,Normal,0.0,0.0,0.0,1.0,0.0
1240,Brute Force,Web Attack,0.0,0.3874912133037257,2.0543926530199344e-05,0.001542078709165206,0.6109461640605789
1241,Brute Force,Brute Force,0.0,0.6382318290769264,2.323947793150385e-05,0.005894323143977397,0.3558506083011646
1242,DoS/DDoS,DoS/DDoS,0.0,0.0,1.0,0.0,0.0
1243,Normal,Normal,0.0,0.0,0.0031740632234770333,0.996825936776523,0.0
1244,DoS/DDoS,DoS/DDoS,0.0,0.0,1.0,0.0,0.0
1245,Normal,Normal,0.0,0.0,0.0,1.0,0.0
1246,DoS/DDoS,DoS/DDoS,0.0,0.0,0.998764767632197,0.0012352323678030033,0.0
1247,Normal,Normal,0.0,0.04036865965417566,0.00045178415553274716,0.9123433841314128,0.04683617205887879
1248,Normal,Normal,0.0,0.007206986798884449,0.0,0.9903690529279933,0.0024239602731222845
1249,DoS/DDoS,DoS/DDoS,0.0,0.0,1.0,0.0,0.0
1250,Bot,Bot,0.9999349373323629,0.0,1.4450702009829216e-06,6.361759743604334e-05,0.0
1251,DoS/DDoS,DoS/DDoS,0.0,0.0,1.0,0.0,0.0
1252,Brute Force,Web Attack,0.0,0.21445124153390926,1.25579282007367e-05,0.0015408481571638278,0.7839953523807265
1253,Normal,Normal,0.0,0.0,0.0012505358291062371,0.9987494641708937,0.0
1254,DoS/DDoS,DoS/DDoS,0.0,0.0,1.0,0.0,0.0
1255,DoS/DDoS,DoS/DDoS,0.0,0.0,1.0,0.0,0.0
1256,DoS/DDoS,DoS/DDoS,0.0,0.0,0.999943023359281,5.697664071897986e-05,0.0
1257,DoS/DDoS,DoS/DDoS,0.0,0.0,1.0,0.0,0.0
1258,Brute Force,Brute Force,0.0,1.0,0.0,0.0,0.0
1259,Brute Force,Brute Force,0.0,1.0,0.0,0.0,0.0
1260,DoS/DDoS,DoS/DDoS,0.0,0.0,1.0,0.0,0.0
1261,Web Attack,Web Attack,0.0,0.06557887848382404,1.25579282007367e-05,0.0007295632368725493,0.9336790003511029
1262,DoS/DDoS,DoS/DDoS,0.0,0.000192968101100968,0.9974103541845082,0.0014183374215464793,0.0009783402928444298
1263,Normal,Normal,0.016074505051298607,0.0,0.0001450145568007619,0.9813608922659967,0.0024195881259039876
1264,DoS/DDoS,DoS/DDoS,0.0,0.0,1.0,0.0,0.0
1265,Normal,Normal,0.004632881954398032,0.0027103771860337578,0.13731215315601078,0.8553445877035575,0.0
1266,Normal,Normal,0.0,0.0,0.0,1.0,0.0
1267,Normal,Normal,0.0,0.009855589255827982,0.0001627662403033889,0.9875945693767447,0.0023870751271239895
1268,Normal,Normal,0.0,0.0,0.0,1.0,0.0
1269,DoS/DDoS,DoS/DDoS,0.0,0.0,1.0,0.0,0.0
1270,Normal,Normal,0.0,0.0,0.0,1.0,0.0
1271,DoS/DDoS,DoS/DDoS,0.0,0.0,1.0,0.0,0.0
1272,Normal,Normal,0.0,0.0,0.0,1.0,0.0
1273,DoS/DDoS,DoS/DDoS,0.0,0.0,1.0,0.0,0.0
1274,DoS/DDoS,DoS/DDoS,0.0,0.0,1.0,0.0,0.0
1275,Brute Force,Brute Force,0.0,1.0,0.0,0.0,0.0
1276,DoS/DDoS,DoS/DDoS,0.0,0.0,1.0,0.0,0.0
1277,DoS/DDoS,DoS/DDoS,0.0,0.0,1.0,0.0,0.0
1278,DoS/DDoS,DoS/DDoS,0.0,0.0,1.0,0.0,0.0
1279,DoS/DDoS,DoS/DDoS,0.0,0.0,1.0,0.0,0.0
1280,DoS/DDoS,DoS/DDoS,0.0,0.0,1.0,0.0,0.0
1281,DoS/DDoS,DoS/DDoS,0.0,0.0,0.9999897181194723,1.0281880527716808e-05,0.0
1282,Brute Force,Brute Force,0.0,1.0,0.0,0.0,0.0
1283,Normal,Normal,0.0,0.0,0.0,1.0,0.0
1284,DoS/DDoS,DoS/DDoS,0.0,0.0,1.0,0.0,0.0
1285,DoS/DDoS,DoS/DDoS,0.0,0.0,1.0,0.0,0.0
1286,Bot,Bot,0.9999200771668734,0.0,0.0,7.992283312663636e-05,0.0
1287,Normal,Normal,0.0,0.00430789488894213,0.038280790731387335,0.9293964173582572,0.028014897021413417
1288,DoS/DDoS,DoS/DDoS,0.0,0.0,1.0,0.0,0.0
1289,Brute Force,Brute Force,0.0,1.0,0.0,0.0,0.0
1290,Normal,Normal,0.0,0.0012222569010958526,0.0,0.9987777430989041,0.0
1291,Web Attack,Web Attack,0.0,0.299367841532794,1.25579282007367e-05,0.0010488095842431185,0.6995707909547623
1292,DoS/DDoS,DoS/DDoS,0.0,0.0,1.0,0.0,0.0
1293,DoS/DDoS,DoS/DDoS,0.0,0.0,0.9983182742568056,0.0016817257431944537,0.0
1294,DoS/DDoS,DoS/DDoS,0.0,2.0028438609459433e-05,0.9935899783209805,0.006389993240409965,0.0
1295,DoS/DDoS,DoS/DDoS,0.0,0.019478911586465412,0.936504255008393,0.039210835980348316,0.004805997424793398
1296,Brute Force,Brute Force,0.0,1.0,0.0,0.0,0.0
1297,DoS/DDoS,DoS/DDoS,0.0,0.0,1.0,0.0,0.0
1298,Normal,Normal,0.0,0.0,0.0,1.0,0.0
1299,Normal,Normal,0.0,0.0,0.0,1.0,0.0
1300,DoS/DDoS,DoS/DDoS,0.0,0.0,1.0,0.0,0.0
1301,Normal,Normal,0.0,0.0,0.022276985871455192,0.9777230141285449,0.0
1302,Normal,Normal,0.0,0.0,0.0,1.0,0.0
1303,Normal,Normal,0.1297829029256813,0.0,5.872143871352832e-06,0.8702112249304472,0.0
1304,DoS/DDoS,DoS/DDoS,0.0,0.0,1.0,0.0,0.0
1305,Normal,Normal,0.0,0.0,0.0,1.0,0.0
1306,DoS/DDoS,DoS/DDoS,0.0,0.0,1.0,0.0,0.0
1307,Brute Force,Brute Force,0.0,1.0,0.0,0.0,0.0
1308,DoS/DDoS,DoS/DDoS,0.0,0.0,1.0,0.0,0.0
1309,Normal,Normal,0.0,0.0,0.0,1.0,0.0
1310,Brute Force,Brute Force,0.0,0.5371888954005555,1.4162293260255451e-05,0.0023710036070452595,0.46042593869913906
1311,Normal,Normal,0.0,0.0,0.0,1.0,0.0
1312,Normal,Normal,0.0,0.0,0.0,1.0,0.0
1313,DoS/DDoS,DoS/DDoS,0.0,0.0,1.0,0.0,0.0
1314,DoS/DDoS,DoS/DDoS,0.0,0.0,1.0,0.0,0.0
1315,Normal,Normal,0.0,0.0,0.005,0.995,0.0
1316,Brute Force,Web Attack,0.0,0.3170217873965988,3.748096830746594e-05,0.0017816071854919377,0.6811591244496018
1317,DoS/DDoS,DoS/DDoS,0.0,0.0,1.0,0.0,0.0
1318,Normal,Normal,0.0,0.0,0.0,1.0,0.0
1319,DoS/DDoS,DoS/DDoS,0.0,0.0,1.0,0.0,0.0
1320,Normal,Normal,0.0,0.002595245744011313,0.0024949383555885113,0.9903194470341037,0.0045903688662964955
1321,DoS/DDoS,DoS/DDoS,0.0,0.0,1.0,0.0,0.0
1322,DoS/DDoS,DoS/DDoS,0.0,0.0,1.0,0.0,0.0
1323,Brute Force,Brute Force,0.0,1.0,0.0,0.0,0.0
1324,Brute Force,Brute Force,0.0,1.0,0.0,0.0,0.0
1325,Brute Force,Brute Force,0.0,1.0,0.0,0.0,0.0
1326,DoS/DDoS,DoS/DDoS,0.0,0.0,0.9999837280409707,1.6271959029384604e-05,0.0
1327,Normal,Normal,0.0,0.0,0.0,1.0,0.0
1328,Brute Force,Brute Force,0.0,1.0,0.0,0.0,0.0
1329,DoS/DDoS,DoS/DDoS,0.0,0.0,1.0,0.0,0.0
1330,Normal,Normal,0.0,0.0,0.0,1.0,0.0
1331,Brute Force,Brute Force,0.0,0.8998465148495854,0.00025953840849191214,0.03536132142874077,0.06453262531318199
1332,Brute Force,Brute Force,0.0,1.0,0.0,0.0,0.0
1333,Normal,Normal,0.0,0.0,0.0018634406104251172,0.9981365593895749,0.0
1334,DoS/DDoS,DoS/DDoS,0.0,0.0,1.0,0.0,0.0
1335,Bot,Bot,0.9998742314038664,0.0,1.4450702009829216e-06,0.00012432352593260798,0.0
1336,Brute Force,Brute Force,0.0,1.0,0.0,0.0,0.0
1337,Normal,Normal,0.0,0.006524406587219895,0.0001627662403033889,0.9909257520453527,0.0023870751271239895
1338,DoS/DDoS,DoS/DDoS,0.0,0.0,1.0,0.0,0.0
1339,DoS/DDoS,DoS/DDoS,0.0,0.0,0.9887259801955464,0.011274019804453639,0.0
1340,DoS/DDoS,DoS/DDoS,0.0,0.0,1.0,0.0,0.0
1341,Brute Force,Brute Force,0.0,1.0,0.0,0.0,0.0
1342,DoS/DDoS,DoS/DDoS,0.0,0.0,1.0,0.0,0.0
1343,DoS/DDoS,DoS/DDoS,0.0,0.0,1.0,0.0,0.0
1344,DoS/DDoS,DoS/DDoS,0.0,0.0,1.0,0.0,0.0
1345,DoS/DDoS,DoS/DDoS,0.0,0.0,1.0,0.0,0.0
1346,Normal,Normal,0.0,0.0,0.0,1.0,0.0
1347,DoS/DDoS,DoS/DDoS,0.0,0.0,1.0,0.0,0.0
1348,DoS/DDoS,DoS/DDoS,0.0,0.0,1.0,0.0,0.0
1349,Normal,Normal,0.0,0.0,0.0,1.0,0.0
1350,DoS/DDoS,DoS/DDoS,0.0,0.0,1.0,0.0,0.0
1351,DoS/DDoS,DoS/DDoS,0.0,0.0,0.9998219604588525,0.00017803954114753852,0.0
1352,Brute Force,Web Attack,0.0,0.0766000898048386,1.25579282007367e-05,0.0015958812971830123,0.9217914709697779
1353,Normal,Normal,0.0,0.0,0.0,1.0,0.0
1354,Normal,Normal,0.0022751904887020496,0.0,0.001655890633201317,0.9960689188780966,0.0
1355,Brute Force,Brute Force,0.0,1.0,0.0,0.0,0.0
1356,Normal,Normal,0.0,0.0,0.0,1.0,0.0
1357,Normal,Normal,0.0,0.0,0.0,1.0,0.0
1358,Brute Force,Brute Force,0.0,1.0,0.0,0.0,0.0
1359,Brute Force,Brute Force,0.0,1.0,0.0,0.0,0.0
1360,DoS/DDoS,DoS/DDoS,0.0,0.0,0.9999684058604776,3.1594139522391764e-05,0.0
1361,DoS/DDoS,DoS/DDoS,0.0,0.0,1.0,0.0,0.0
1362,Normal,Normal,0.0,0.0,0.0,1.0,0.0
1363,Normal,Normal,0.0,0.0,0.0,1.0,0.0
1364,Normal,Normal,0.0,0.0017329621034923297,0.004405468619611875,0.9891042331653375,0.004757336111558324
1365,Normal,Normal,0.0,0.0032428753368668128,0.0035767139448631274,0.9931804107182701,0.0
1366,Normal,Normal,0.0,0.0,0.0,1.0,0.0
1367,Normal,Normal,0.0,0.0038218652692336903,0.0,0.9961781347307663,0.0
1368,Brute Force,Brute Force,0.0,1.0,0.0,0.0,0.0
1369,Brute Force,Brute Force,0.0,1.0,0.0,0.0,0.0
1370,Normal,Normal,0.0,0.0,0.0,1.0,0.0
1371,Brute Force,Brute Force,0.0,1.0,0.0,0.0,0.0
1372,Normal,Normal,0.0,0.0,0.0,0.9975780816213216,0.002421918378678512
1373,DoS/DDoS,DoS/DDoS,0.0,0.0,0.9999946236857931,5.376314206946534e-06,0.0
1374,Normal,Normal,0.0,0.0,0.0011664268600672305,0.9988335731399327,0.0
1375,DoS/DDoS,DoS/DDoS,0.0,0.0,0.9999714047472551,2.8595252744989888e-05,0.0
1376,Brute Force,Web Attack,0.0,0.37400637247677554,2.6136296461136454e-05,0.004052423988907311,0.621915067237856
1377,Normal,Normal,0.0,0.0,0.0,1.0,0.0
1378,DoS/DDoS,DoS/DDoS,0.0,0.0,0.9999837280409707,1.6271959029384604e-05,0.0
1379,DoS/DDoS,DoS/DDoS,0.0,0.0,1.0,0.0,0.0
1380,DoS/DDoS,DoS/DDoS,0.0,0.0,1.0,0.0,0.0
1381,Normal,Normal,0.0,0.0,0.0,1.0,0.0
1382,Normal,Normal,0.0,0.0,0.0,1.0,0.0
1383,DoS/DDoS,DoS/DDoS,0.0,0.0,0.9999714047472551,2.8595252744989888e-05,0.0
1384,DoS/DDoS,DoS/DDoS,0.0,0.0,0.9975598443655063,0.0024401556344937504,0.0
1385,DoS/DDoS,DoS/DDoS,0.0,0.0,1.0,0.0,0.0
1386,Normal,Normal,0.0,0.05480354884248568,0.00044737945349997247,0.9318254212336677,0.012923650470346586
1387,Normal,Normal,0.0,0.0,0.0,1.0,0.0
1388,DoS/DDoS,DoS/DDoS,0.0,0.0,1.0,0.0,0.0
1389,Brute Force,Brute Force,0.0,0.6945651008595709,3.178795025231719e-05,0.009955047169478896,0.29544806402069773
1390,Brute Force,Brute Force,0.0,1.0,0.0,0.0,0.0
1391,Normal,Normal,0.0,0.0,0.0,1.0,0.0
1392,Brute Force,Brute Force,0.0,1.0,0.0,0.0,0.0
1393,DoS/DDoS,DoS/DDoS,0.0,0.00024194819449427105,0.9908383967825904,0.0079413147300709,0.0009783402928444298
1394,Normal,Normal,0.0,0.0012081099775203181,0.0,0.9987918900224797,0.0
1395,DoS/DDoS,DoS/DDoS,0.0,0.0,1.0,0.0,0.0
1396,Brute Force,Brute Force,0.0,1.0,0.0,0.0,0.0
1397,Normal,Normal,0.007093336581545342,0.0,0.0,0.9929066634184547,0.0
1398,DoS/DDoS,DoS/DDoS,0.0,0.0,0.9981377642506412,0.0018622357493588584,0.0
1399,Normal,Normal,0.0,0.0,0.0,1.0,0.0
1400,Brute Force,Brute Force,0.0,1.0,0.0,0.0,0.0
1401,DoS/DDoS,DoS/DDoS,0.0,0.0,1.0,0.0,0.0
1402,Brute Force,Brute Force,0.0,1.0,0.0,0.0,0.0
1403,Normal,Normal,0.0,0.0,0.0,1.0,0.0
1404,DoS/DDoS,DoS/DDoS,0.0,0.0,1.0,0.0,0.0
1405,Normal,Normal,0.0,0.0,0.0,1.0,0.0
1406,Bot,Bot,0.9966285316232204,0.0,1.4450702009829216e-06,0.003370023306578614,0.0
1407,Brute Force,Brute Force,0.0,1.0,0.0,0.0,0.0
1408,DoS/DDoS,DoS/DDoS,0.0,0.0,1.0,0.0,0.0
1409,Normal,Normal,0.002281882491648654,0.0,0.0,0.9977181175083514,0.0
1410,Normal,Normal,0.0011454261141516811,0.0,0.021700581090817277,0.977153992795031,0.0
1411,Normal,Normal,0.014873027178926173,0.0,0.0387788619270547,0.9463481108940189,0.0
1412,DoS/DDoS,DoS/DDoS,0.0,0.0,1.0,0.0,0.0
1413,DoS/DDoS,DoS/DDoS,0.0,0.0,1.0,0.0,0.0
1414,Brute Force,Brute Force,0.0,1.0,0.0,0.0,0.0
1415,DoS/DDoS,DoS/DDoS,0.0,0.0,1.0,0.0,0.0
1416,DoS/DDoS,DoS/DDoS,0.0,0.0,1.0,0.0,0.0
1417,DoS/DDoS,DoS/DDoS,0.0,0.0,1.0,0.0,0.0
1418,Brute Force,Brute Force,0.0,1.0,0.0,0.0,0.0
1419,Normal,Normal,0.0,0.0,0.0,1.0,0.0
1420,Normal,Normal,0.0,0.0011975633393326872,0.013116820514080623,0.9834121963734911,0.0022734197730956236
1421,DoS/DDoS,DoS/DDoS,0.0,0.0,1.0,0.0,0.0
1422,DoS/DDoS,DoS/DDoS,0.0,0.0,0.9999684058604776,3.1594139522391764e-05,0.0
1423,Normal,Normal,0.0,0.0,0.0,1.0,0.0
1424,Normal,Normal,0.0,0.0,0.0,1.0,0.0
1425,Normal,Normal,0.0,0.0,0.0,1.0,0.0
1426,Normal,Normal,0.0,0.0,0.0,1.0,0.0
1427,Normal,Normal,0.0,0.001973851770099329,0.0,0.9980261482299007,0.0
1428,Normal,Normal,0.0,0.0,0.004574718401468406,0.9954252815985316,0.0
1429,DoS/DDoS,DoS/DDoS,0.0,0.0,1.0,0.0,0.0
1430,Brute Force,Brute Force,0.0,1.0,0.0,0.0,0.0
1431,Normal,Normal,0.0,0.0012187410885724603,0.0,0.9987812589114275,0.0
1432,Bot,Bot,1.0,0.0,0.0,0.0,0.0
1433,DoS/DDoS,DoS/DDoS,0.0,0.0,0.9999684058604776,3.1594139522391764e-05,0.0
1434,Bot,Bot,0.8865560745816924,0.0,1.069267638252699e-05,0.11343323274192503,0.0
1435,Brute Force,Brute Force,0.0,1.0,0.0,0.0,0.0
1436,Brute Force,Brute Force,0.0,1.0,0.0,0.0,0.0
1437,Brute Force,Brute Force,0.0,1.0,0.0,0.0,0.0
1438,DoS/DDoS,DoS/DDoS,0.0,0.0,1.0,0.0,0.0
1439,DoS/DDoS,DoS/DDoS,0.0,0.0,1.0,0.0,0.0
1440,DoS/DDoS,DoS/DDoS,0.0,0.0,0.9999886336072914,1.1366392708614331e-05,0.0
1441,Brute Force,Brute Force,0.0,1.0,0.0,0.0,0.0
1442,Normal,Normal,0.0,0.0,0.0,1.0,0.0
1443,DoS/DDoS,DoS/DDoS,0.0,0.0025,0.9947821231962077,0.0027178768037922916,0.0
1444,DoS/DDoS,DoS/DDoS,0.0,0.0,1.0,0.0,0.0
1445,Normal,Normal,0.0,0.0,0.0025,0.9975,0.0
1446,DoS/DDoS,DoS/DDoS,0.0,0.0,1.0,0.0,0.0
1447,Bot,Bot,0.9789049653607755,0.0,3.8792083567466685e-05,0.021056242555657,0.0
1448,Brute Force,Brute Force,0.0,1.0,0.0,0.0,0.0
1449,Normal,Normal,0.0,0.0,0.0036844410613553506,0.9963155589386447,0.0
1450,Brute Force,Brute Force,0.0,1.0,0.0,0.0,0.0
1451,Brute Force,Brute Force,0.0,1.0,0.0,0.0,0.0
1452,Brute Force,Web Attack,0.0,0.0386616585025469,1.25579282007367e-05,0.0006992122540401063,0.9606265713152125
1453,DoS/DDoS,DoS/DDoS,0.0,0.0,1.0,0.0,0.0
1454,Normal,Normal,0.0,0.0,0.0,1.0,0.0
1455,Normal,Normal,0.0,0.0,0.0,0.9975780816213216,0.002421918378678512
1456,Normal,Normal,0.0019346754313886608,0.0,0.0,0.9980653245686113,0.0
1457,Normal,Normal,0.0,0.0,0.0,1.0,0.0
1458,Normal,Normal,0.0,0.0,0.0,1.0,0.0
1459,DoS/DDoS,DoS/DDoS,0.0,0.0,0.9999763103135758,2.3689686424219612e-05,0.0
1460,Normal,Normal,0.0,0.0,0.0,1.0,0.0
1461,Normal,Normal,0.0,0.0,0.0,1.0,0.0
1462,DoS/DDoS,DoS/DDoS,0.0,0.0,1.0,0.0,0.0
1463,Normal,Normal,0.0,0.0,0.0,1.0,0.0
1464,Normal,Normal,0.0,0.0020026948003931035,0.001260026498603452,0.9967372787010035,0.0
1465,Normal,Normal,0.0,0.003610412139809193,0.0031275101477032117,0.9932620777124876,0.0
1466,Normal,Normal,0.0,0.0,0.0,1.0,0.0
1467,DoS/DDoS,DoS/DDoS,0.0,0.0,1.0,0.0,0.0
1468,DoS/DDoS,DoS/DDoS,0.0,0.0,1.0,0.0,0.0
1469,DoS/DDoS,DoS/DDoS,0.0,0.0,1.0,0.0,0.0
1470,DoS/DDoS,DoS/DDoS,0.0,0.0,1.0,0.0,0.0
1471,Normal,Normal,0.0,0.0,0.0,1.0,0.0
1472,Brute Force,Brute Force,0.0,1.0,0.0,0.0,0.0
1473,Brute Force,Brute Force,0.0,1.0,0.0,0.0,0.0
1474,DoS/DDoS,DoS/DDoS,0.0,0.0,1.0,0.0,0.0
1475,Brute Force,Brute Force,0.0,1.0,0.0,0.0,0.0
1476,DoS/DDoS,DoS/DDoS,0.0,0.0,1.0,0.0,0.0
1477,Normal,Normal,0.0,0.0,0.0,1.0,0.0
1478,DoS/DDoS,DoS/DDoS,0.0,0.0,1.0,0.0,0.0
1479,DoS/DDoS,DoS/DDoS,0.0,0.0,0.9999714047472551,2.8595252744989888e-05,0.0
1480,Normal,Normal,0.0,0.0,0.0,1.0,0.0
1481,Normal,Normal,0.1423596639382276,0.0,1.9730532104022376e-05,0.8576206055296682,0.0
1482,Brute Force,Brute Force,0.0,1.0,0.0,0.0,0.0
1483,DoS/DDoS,DoS/DDoS,0.0,0.0,1.0,0.0,0.0
1484,DoS/DDoS,DoS/DDoS,0.0,0.0,1.0,0.0,0.0
1485,Brute Force,Web Attack,0.0,0.3536646111002466,1.25579282007367e-05,0.0007351259751883355,0.6455877049963646
1486,DoS/DDoS,DoS/DDoS,0.0,0.0,1.0,0.0,0.0
1487,Normal,Normal,0.0,0.00947889754243001,0.014160468292461608,0.969106067319982,0.007254566845126442
1488,DoS/DDoS,DoS/DDoS,0.0,0.0,0.9839833227576107,0.01601667724238933,0.0
1489,Web Attack,Web Attack,0.0,0.4282828628638764,1.25579282007367e-05,0.0007160295884000448,0.570988549619523
1490,Normal,Normal,0.021753988773580597,0.0014757479202536046,0.041885313174058594,0.9348849501321072,0.0
1491,Brute Force,Brute Force,0.0,1.0,0.0,0.0,0.0
1492,Normal,Normal,0.0,0.0,0.0,1.0,0.0
1493,Normal,Normal,0.0,0.0,0.004993478776820798,0.9950065212231792,0.0
1494,Brute Force,Brute Force,0.0,1.0,0.0,0.0,0.0
1495,Normal,Normal,0.0,0.0,0.0,1.0,0.0
1496,Brute Force,Brute Force,0.0,1.0,0.0,0.0,0.0
1497,Brute Force,Brute Force,0.0,1.0,0.0,0.0,0.0
1498,Normal,Normal,0.0,0.0,0.0,1.0,0.0
1499,DoS/DDoS,DoS/DDoS,0.0,0.0,1.0,0.0,0.0
1500,Brute Force,Brute Force,0.0,1.0,0.0,0.0,0.0
1501,DoS/DDoS,DoS/DDoS,0.0,0.0,1.0,0.0,0.0
1502,Normal,Normal,0.0,0.0,0.012447707096906225,0.9826262395435109,0.004926053359582923
1503,Normal,Normal,0.0,0.0320766770228017,0.0002896021032729734,0.9595763424985725,0.008057378375352841
1504,Normal,Normal,0.0,0.0,0.005654399940248978,0.994345600059751,0.0
1505,DoS/DDoS,DoS/DDoS,0.0,0.0,1.0,0.0,0.0
1506,Normal,Normal,0.0,0.0029420873493158865,0.0,0.987220730415543,0.009837182235141063
1507,Brute Force,Brute Force,0.0,1.0,0.0,0.0,0.0
1508,DoS/DDoS,DoS/DDoS,0.0,0.0,1.0,0.0,0.0
1509,Normal,Normal,0.0,0.0,0.0,1.0,0.0
1510,Normal,Normal,0.0020903519893739056,0.0025,0.0,0.995409648010626,0.0
1511,Normal,Normal,0.0,0.0,0.0,1.0,0.0
1512,DoS/DDoS,DoS/DDoS,0.0,0.0,1.0,0.0,0.0
1513,DoS/DDoS,DoS/DDoS,0.0,0.0,1.0,0.0,0.0
1514,DoS/DDoS,DoS/DDoS,0.0,0.0,0.852771143736768,0.147228856263232,0.0
1515,Normal,Normal,0.02115363402943004,0.021860139258234105,0.016023289966104394,0.9339086414843647,0.007054295261866735
1516,DoS/DDoS,DoS/DDoS,0.0,0.0,0.9999837280409707,1.6271959029384604e-05,0.0
1517,Brute Force,Brute Force,0.0,1.0,0.0,0.0,0.0
1518,Normal,Normal,0.0,0.0,0.0031217046143446146,0.9968782953856554,0.0
1519,Normal,Normal,0.0,0.04772180812084086,0.0017799958095809565,0.8969222551361599,0.0535759409334183
1520,DoS/DDoS,DoS/DDoS,0.0,0.0,1.0,0.0,0.0
1521,Brute Force,Brute Force,0.0,1.0,0.0,0.0,0.0
1522,Normal,Normal,0.0,0.0,0.0,1.0,0.0
1523,Brute Force,Brute Force,0.0,1.0,0.0,0.0,0.0
1524,Brute Force,Brute Force,0.0,1.0,0.0,0.0,0.0
1525,Bot,Normal,0.4024815001609564,0.0,3.273724281529477e-05,0.5974857625962283,0.0
1526,Normal,Normal,0.0,0.0,0.0,1.0,0.0
1527,DoS/DDoS,DoS/DDoS,0.0,0.0,1.0,0.0,0.0
1528,DoS/DDoS,DoS/DDoS,0.0,0.0,1.0,0.0,0.0
1529,Normal,Normal,0.0025,0.0,0.0006322925815066407,0.9968677074184934,0.0
1530,Normal,Normal,0.0,0.0,0.0,1.0,0.0
1531,Bot,Bot,0.9778423733866876,0.0,5.722473395933651e-05,0.022100401879353148,0.0
1532,Brute Force,Brute Force,0.0,1.0,0.0,0.0,0.0
1533,Normal,Normal,0.0,0.0,0.0,1.0,0.0
1534,DoS/DDoS,DoS/DDoS,0.0,0.0,1.0,0.0,0.0
1535,Normal,Normal,0.0,0.0,0.0,1.0,0.0
1536,Normal,Normal,0.0023809604846669616,0.0019762901765504755,0.0012647676321969963,0.9943779817065856,0.0
1537,DoS/DDoS,DoS/DDoS,0.0,0.0,1.0,0.0,0.0
1538,DoS/DDoS,DoS/DDoS,0.0,0.0,1.0,0.0,0.0
1539,DoS/DDoS,DoS/DDoS,0.0,0.0,1.0,0.0,0.0
1540,DoS/DDoS,DoS/DDoS,0.0,0.0,1.0,0.0,0.0
1541,DoS/DDoS,DoS/DDoS,0.0,0.0,1.0,0.0,0.0
1542,Normal,Normal,0.0,0.0,0.0,1.0,0.0
1543,Normal,Normal,0.0,0.0,0.0,1.0,0.0
1544,DoS/DDoS,DoS/DDoS,0.0,2.0028438609459433e-05,0.9972195303663125,0.002760441195078146,0.0
1545,Normal,Normal,0.0,0.0,0.0,1.0,0.0
1546,Normal,Normal,0.0,0.0,0.006672507695950746,0.9933274923040493,0.0
1547,Normal,Normal,0.007714331784782098,0.018962127687487243,0.03118239918553154,0.9294942723136503,0.012646869028548727
1548,Normal,Normal,0.0,0.0,0.0,1.0,0.0
1549,Normal,Normal,0.0,0.003611646396348583,0.23411656995214075,0.7622717836515107,0.0
1550,Brute Force,Brute Force,0.0,1.0,0.0,0.0,0.0
1551,Brute Force,Web Attack,0.0,0.30763594997437066,1.25579282007367e-05,0.0022674926653970134,0.6900839994320318
1552,DoS/DDoS,DoS/DDoS,0.0,0.0,1.0,0.0,0.0
1553,DoS/DDoS,DoS/DDoS,0.0,0.0,0.9999714047472551,2.8595252744989888e-05,0.0
1554,Normal,Normal,0.0,0.0,0.0,1.0,0.0
1555,Normal,Normal,0.0,0.0,0.0,1.0,0.0
1556,Normal,Normal,0.0,0.0,0.0,1.0,0.0
1557,Normal,Normal,0.0,0.0,0.0,1.0,0.0
1558,DoS/DDoS,DoS/DDoS,0.0,0.0,1.0,0.0,0.0
1559,DoS/DDoS,DoS/DDoS,0.0,0.024338490360845004,0.8734705205425142,0.10219098909664084,0.0
1560,Brute Force,Web Attack,0.0,0.30718988288873883,1.4162293260255451e-05,0.0009972895580249324,0.6917986652599759
1561,DoS/DDoS,DoS/DDoS,0.0,0.0,1.0,0.0,0.0
1562,Normal,Normal,0.0,0.0,0.0,1.0,0.0
1563,Normal,Normal,0.0,0.0,0.0,1.0,0.0
1564,DoS/DDoS,DoS/DDoS,0.0,0.0,1.0,0.0,0.0
1565,Normal,Normal,0.0,0.0,0.0,1.0,0.0
1566,Brute Force,Brute Force,0.0005323453496325993,0.6712204826118925,0.0023661093856782427,0.3059901424910328,0.01989092016176395
1567,DoS/DDoS,DoS/DDoS,0.0,0.0,1.0,0.0,0.0
1568,DoS/DDoS,DoS/DDoS,0.0,0.0,1.0,0.0,0.0
1569,DoS/DDoS,DoS/DDoS,0.0,0.0,1.0,0.0,0.0
1570,Normal,Normal,0.0,0.0,0.0,1.0,0.0
1571,DoS/DDoS,DoS/DDoS,0.0,0.0,1.0,0.0,0.0
1572,Normal,Normal,0.0,0.0,0.0,1.0,0.0
1573,DoS/DDoS,DoS/DDoS,0.0,0.0,0.999969598059839,3.040194016098469e-05,0.0
1574,DoS/DDoS,DoS/DDoS,0.0,0.0,0.9788855877615275,0.021114412238472543,0.0
1575,Web Attack,Web Attack,0.0,0.2918756393327171,1.25579282007367e-05,0.0016210775729410853,0.7064907251661412
1576,DoS/DDoS,DoS/DDoS,0.0,0.0,0.999943023359281,5.697664071897986e-05,0.0
1577,DoS/DDoS,DoS/DDoS,0.0,0.0,1.0,0.0,0.0
1578,Brute Force,Brute Force,0.0,1.0,0.0,0.0,0.0
1579,Brute Force,Brute Force,0.0,1.0,0.0,0.0,0.0
1580,Web Attack,Web Attack,0.0,0.25387701859269207,1.0456903281202048e-05,0.00155868835928791,0.7445538361447388
1581,Brute Force,Brute Force,0.0,1.0,0.0,0.0,0.0
1582,Brute Force,Brute Force,0.0,1.0,0.0,0.0,0.0
1583,DoS/DDoS,DoS/DDoS,0.0,0.0,1.0,0.0,0.0
1584,DoS/DDoS,DoS/DDoS,0.0,0.0,1.0,0.0,0.0
1585,Brute Force,Brute Force,0.0,1.0,0.0,0.0,0.0
1586,DoS/DDoS,DoS/DDoS,0.0,0.0,1.0,0.0,0.0
1587,DoS/DDoS,DoS/DDoS,0.0,0.0,1.0,0.0,0.0
1588,Normal,Normal,0.0,0.0,0.0,1.0,0.0
1589,Normal,Normal,0.0,0.0,0.0,1.0,0.0
1590,DoS/DDoS,DoS/DDoS,0.0,0.0,1.0,0.0,0.0
1591,Brute Force,Brute Force,0.0,1.0,0.0,0.0,0.0
1592,DoS/DDoS,DoS/DDoS,0.0,0.0,1.0,0.0,0.0
1593,Normal,Bot,0.5795956750375668,0.0,6.0281914930943305e-05,0.42034404304750217,0.0
1594,DoS/DDoS,DoS/DDoS,0.0,0.0,1.0,0.0,0.0
1595,Normal,Normal,0.0,0.0,0.0,1.0,0.0
1596,Bot,Bot,0.9817141455134756,0.0,3.8792083567466685e-05,0.018247062402956794,0.0
1597,DoS/DDoS,DoS/DDoS,0.0,0.0,1.0,0.0,0.0
1598,Normal,Normal,0.0,0.0,0.0,1.0,0.0
1599,Normal,Normal,0.0,0.016179919123110773,0.00017573467997291585,0.979424758365163,0.004219587831753406
1600,Normal,Normal,0.0,0.0,0.0,1.0,0.0
1601,DoS/DDoS,DoS/DDoS,0.0,0.0,1.0,0.0,0.0
1602,DoS/DDoS,DoS/DDoS,0.0,0.0,1.0,0.0,0.0
1603,Brute Force,Brute Force,0.0,1.0,0.0,0.0,0.0
1604,Normal,Normal,0.0,0.0,0.0,1.0,0.0
1605,Brute Force,Brute Force,0.0,1.0,0.0,0.0,0.0
1606,DoS/DDoS,DoS/DDoS,0.0,0.0,1.0,0.0,0.0
1607,Normal,Normal,0.0,0.0,0.0,1.0,0.0
1608,Brute Force,Brute Force,0.0,1.0,0.0,0.0,0.0
1609,Normal,Normal,0.0,0.0,0.0,1.0,0.0
1610,DoS/DDoS,DoS/DDoS,0.0,2.0028438609459433e-05,0.9960461602049324,0.003933811356458059,0.0
1611,Brute Force,Brute Force,0.0,1.0,0.0,0.0,0.0
1612,DoS/DDoS,DoS/DDoS,0.0,0.05700481643094813,0.7733622404380396,0.08033646132621157,0.08929648180480058
1613,DoS/DDoS,DoS/DDoS,0.0,0.0,1.0,0.0,0.0
1614,Brute Force,Brute Force,0.0,1.0,0.0,0.0,0.0
1615,DoS/DDoS,DoS/DDoS,0.0,0.0,1.0,0.0,0.0
1616,Normal,Normal,0.0,0.0016350760500488395,0.0,0.9983649239499511,0.0
1617,DoS/DDoS,DoS/DDoS,0.0,0.0,1.0,0.0,0.0
1618,Brute Force,Brute Force,0.0,1.0,0.0,0.0,0.0
1619,Normal,Normal,0.0,0.0,0.0,1.0,0.0
1620,Brute Force,Brute Force,0.0,1.0,0.0,0.0,0.0
1621,Normal,Normal,0.0,0.0,0.000827151247117008,0.999172848752883,0.0
1622,DoS/DDoS,DoS/DDoS,0.0,0.0,0.9981305458456574,0.0018694541543425652,0.0
1623,Brute Force,Brute Force,0.0,1.0,0.0,0.0,0.0
1624,Normal,Normal,0.006921681780708986,0.0025,0.006253390919474586,0.9843249272998164,0.0
1625,Normal,Normal,0.0,0.0,0.004995298387064567,0.9950047016129355,0.0
1626,Normal,Normal,0.0,0.0,0.0,1.0,0.0
1627,Normal,Normal,0.0,0.06333433073928928,0.00043440659682601615,0.9099032324395806,0.026328030224304105
1628,Normal,Normal,0.0,0.0,0.0,1.0,0.0
1629,Brute Force,Brute Force,0.0,1.0,0.0,0.0,0.0
1630,Normal,Normal,0.0,0.0,0.0,1.0,0.0
1631,DoS/DDoS,DoS/DDoS,0.0,0.0,1.0,0.0,0.0
1632,DoS/DDoS,DoS/DDoS,0.0,0.0,1.0,0.0,0.0
1633,Normal,Normal,0.14355495398368281,0.0,2.3192081057296218e-05,0.8564218539352598,0.0
1634,Brute Force,Brute Force,0.0,1.0,0.0,0.0,0.0
1635,Normal,Normal,0.0,0.0,0.003962964926905675,0.9960370350730943,0.0
1636,Normal,Normal,0.0,0.0,0.0,1.0,0.0
1637,DoS/DDoS,DoS/DDoS,0.0,0.0,1.0,0.0,0.0
1638,DoS/DDoS,DoS/DDoS,0.0,0.0,0.9999837280409707,1.6271959029384604e-05,0.0
1639,Normal,Normal,0.0,0.0,0.0012543778143091992,0.9987456221856909,0.0
1640,Bot,Bot,0.9767393190354744,0.0,2.405582131574279e-05,0.02323662514320978,0.0
1641,Normal,Normal,0.0,0.0,0.0,1.0,0.0
1642,Brute Force,Brute Force,0.0,1.0,0.0,0.0,0.0
1643,Brute Force,Brute Force,0.0,1.0,0.0,0.0,0.0
1644,DoS/DDoS,DoS/DDoS,0.0,0.0,1.0,0.0,0.0
1645,Normal,Normal,0.0,0.0,0.0,1.0,0.0
1646,Brute Force,Brute Force,0.0,1.0,0.0,0.0,0.0
1647,DoS/DDoS,DoS/DDoS,0.0,0.0,1.0,0.0,0.0
1648,Normal,Normal,0.0,0.0,0.0,1.0,0.0
1649,Normal,Normal,0.0,0.0,0.0018766697538560185,0.998123330246144,0.0
1650,DoS/DDoS,DoS/DDoS,0.0,0.0,1.0,0.0,0.0
1651,Web Attack,Web Attack,0.0,0.365184642230545,1.25579282007367e-05,0.0010731208690930505,0.6337296789721614
1652,Brute Force,Brute Force,0.0,1.0,0.0,0.0,0.0
1653,Bot,Bot,1.0,0.0,0.0,0.0,0.0
1654,Brute Force,Brute Force,0.0,1.0,0.0,0.0,0.0
1655,Normal,Normal,0.0,0.0,0.0,1.0,0.0
1656,Brute Force,Web Attack,0.0,0.46635472774371145,0.0021538665021217296,0.045792802467688284,0.48569860328647846
1657,DoS/DDoS,DoS/DDoS,0.0,0.0,1.0,0.0,0.0
1658,DoS/DDoS,DoS/DDoS,0.0,0.0,1.0,0.0,0.0
1659,Brute Force,Brute Force,0.0,1.0,0.0,0.0,0.0
1660,DoS/DDoS,DoS/DDoS,0.0,0.0,0.9999886336072914,1.1366392708614331e-05,0.0
1661,DoS/DDoS,DoS/DDoS,0.0,0.0,1.0,0.0,0.0
1662,Normal,Normal,0.013736634617170717,0.0,0.001457891696000895,0.9848054736868284,0.0
1663,DoS/DDoS,DoS/DDoS,0.0,0.0,1.0,0.0,0.0
1664,Brute Force,Brute Force,0.0,1.0,0.0,0.0,0.0
1665,Brute Force,Brute Force,0.0,1.0,0.0,0.0,0.0
1666,DoS/DDoS,DoS/DDoS,0.0,0.0,0.9999684058604776,3.1594139522391764e-05,0.0
1667,Normal,Normal,0.0,0.0,0.0,1.0,0.0
1668,Bot,Bot,0.9726663826096513,0.0,3.4949114468774026e-05,0.02729866827587995,0.0
1669,Normal,Normal,0.0,0.0,0.0,1.0,0.0
1670,Normal,Normal,0.0,0.0,0.0,1.0,0.0
1671,DoS/DDoS,DoS/DDoS,0.0,0.0,1.0,0.0,0.0
1672,Bot,Bot,0.975762385817308,0.0,2.405582131574279e-05,0.024213558361376068,0.0
1673,Normal,Normal,0.0025,0.002605385067388029,0.01439608741101693,0.9781423300158684,0.002356197505726648
1674,Normal,Normal,0.2649160518498557,0.0,3.4811619349065844e-05,0.7350491365307951,0.0
1675,DoS/DDoS,DoS/DDoS,0.0,0.0,1.0,0.0,0.0
1676,Bot,Bot,0.9816069941363315,0.0,4.1142482750476326e-05,0.018351863380918106,0.0
1677,Normal,Normal,0.0,0.0,0.0,1.0,0.0
1678,Normal,Normal,0.0,0.0,0.0,1.0,0.0
1679,DoS/DDoS,DoS/DDoS,0.0,0.0,1.0,0.0,0.0
1680,Normal,Normal,0.0,0.0,0.0,1.0,0.0
1681,Normal,Normal,0.0066549747367349085,0.0,0.0004083094555873925,0.9929367158076776,0.0
1682,DoS/DDoS,DoS/DDoS,0.0,0.0,1.0,0.0,0.0
1683,Bot,Bot,0.9997941692732537,0.0,1.4450702009829216e-06,0.00020438565654540045,0.0
1684,Normal,Normal,0.2634983581207233,0.0,3.548180414054348e-05,0.7364661600751361,0.0
1685,Normal,Normal,0.002091989912333373,0.0,0.0,0.9979080100876666,0.0
1686,Brute Force,Brute Force,0.0,1.0,0.0,0.0,0.0
1687,Normal,Normal,0.3089137870524291,0.0,4.6109999146009474e-05,0.6910401029484249,0.0
1688,Normal,Normal,0.0,0.0025,0.001254048763125111,0.9939725314637793,0.0022734197730956236
1689,DoS/DDoS,DoS/DDoS,0.0,0.0,1.0,0.0,0.0
1690,Brute Force,Brute Force,0.0,1.0,0.0,0.0,0.0
1691,DoS/DDoS,DoS/DDoS,0.0,0.0,1.0,0.0,0.0
1692,DoS/DDoS,DoS/DDoS,0.0,0.0,1.0,0.0,0.0
1693,Normal,Normal,0.0,0.0,0.0,1.0,0.0
1694,DoS/DDoS,DoS/DDoS,0.0,0.0,1.0,0.0,0.0
1695,Normal,Normal,0.0,0.0,0.0,1.0,0.0
1696,Normal,Normal,0.0,0.0,0.0,1.0,0.0
1697,Normal,Normal,0.0,0.0,0.0,1.0,0.0
1698,DoS/DDoS,DoS/DDoS,0.0,0.0,0.9999837280409707,1.6271959029384604e-05,0.0
1699,Brute Force,Brute Force,0.0,1.0,0.0,0.0,0.0
1700,Brute Force,Brute Force,0.0,1.0,0.0,0.0,0.0
1701,Normal,Normal,0.0,0.0,0.0,1.0,0.0
1702,Normal,Normal,0.0,0.0,0.0006219037980077772,0.9993780962019922,0.0
1703,DoS/DDoS,DoS/DDoS,0.0,0.0,0.9999837280409707,1.6271959029384604e-05,0.0
1704,Normal,Bot,0.6201651059823755,0.0,3.67747639327592e-05,0.3797981192536916,0.0
1705,Normal,Normal,0.0,0.0,0.0,1.0,0.0
1706,DoS/DDoS,DoS/DDoS,0.0,0.0,1.0,0.0,0.0
1707,Normal,Normal,0.023241503736135996,0.022211242776619115,0.05901762980146697,0.8955296236857778,0.0
1708,Brute Force,Brute Force,0.0,1.0,0.0,0.0,0.0
1709,DoS/DDoS,DoS/DDoS,0.0,0.0,1.0,0.0,0.0
1710,DoS/DDoS,DoS/DDoS,0.0,0.0,0.9999837280409707,1.6271959029384604e-05,0.0
1711,DoS/DDoS,DoS/DDoS,0.0,0.0,1.0,0.0,0.0
1712,DoS/DDoS,DoS/DDoS,0.0,0.0,1.0,0.0,0.0
1713,Normal,Normal,0.0,0.0,0.0,1.0,0.0
1714,Normal,Normal,0.0,0.0,0.0,1.0,0.0
1715,DoS/DDoS,DoS/DDoS,0.0,0.0,1.0,0.0,0.0
1716,Brute Force,Brute Force,0.0,1.0,0.0,0.0,0.0
1717,Brute Force,Brute Force,0.0,1.0,0.0,0.0,0.0
1718,Normal,Normal,0.0,0.0,0.0,1.0,0.0
1719,Brute Force,Brute Force,0.0,1.0,0.0,0.0,0.0
1720,Normal,Normal,0.0,0.0,0.0,1.0,0.0
1721,Brute Force,Brute Force,0.0,0.5744256052222286,0.0022295337922764854,0.07476256513957905,0.3485822958459158
1722,Bot,Bot,1.0,0.0,0.0,0.0,0.0
1723,DoS/DDoS,DoS/DDoS,0.0,0.0,0.9940041851327576,0.005995814867242386,0.0
1724,DoS/DDoS,DoS/DDoS,0.0,0.0,0.9983414092710173,0.0016585907289826704,0.0
1725,Normal,Normal,0.0,0.0,0.0,1.0,0.0
1726,DoS/DDoS,DoS/DDoS,0.0,0.0,1.0,0.0,0.0
1727,Brute Force,Brute Force,0.0,1.0,0.0,0.0,0.0
1728,Brute Force,Brute Force,0.0,1.0,0.0,0.0,0.0
1729,DoS/DDoS,DoS/DDoS,0.0,0.0,0.9999837280409707,1.6271959029384604e-05,0.0
1730,DoS/DDoS,DoS/DDoS,0.0,0.0,1.0,0.0,0.0
1731,Normal,Normal,0.0,0.0,0.0,1.0,0.0
1732,DoS/DDoS,DoS/DDoS,0.0,0.0,1.0,0.0,0.0
1733,DoS/DDoS,DoS/DDoS,0.0,0.0,0.9999837280409707,1.6271959029384604e-05,0.0
1734,DoS/DDoS,DoS/DDoS,0.0,0.0,1.0,0.0,0.0
1735,DoS/DDoS,DoS/DDoS,0.0,0.0,1.0,0.0,0.0
1736,DoS/DDoS,DoS/DDoS,0.0,0.0,1.0,0.0,0.0
1737,Normal,Normal,0.0,0.0,0.0,1.0,0.0
1738,DoS/DDoS,DoS/DDoS,0.0,0.0,1.0,0.0,0.0
1739,DoS/DDoS,DoS/DDoS,0.0,0.0,0.9999886336072914,1.1366392708614331e-05,0.0
1740,DoS/DDoS,DoS/DDoS,0.0,0.0,1.0,0.0,0.0
1741,Normal,Normal,0.0,0.0,0.0,1.0,0.0
1742,Brute Force,Brute Force,0.0,1.0,0.0,0.0,0.0
1743,Normal,Normal,0.007960084911565227,7.662626602382587e-05,0.0,0.991963288822411,0.0
1744,Brute Force,Brute Force,0.0,0.9886772643303298,0.0,0.011322735669670314,0.0
1745,DoS/DDoS,DoS/DDoS,0.0,0.0,1.0,0.0,0.0
1746,Normal,Normal,0.0,0.0,0.0,1.0,0.0
1747,Normal,Normal,0.0,0.00533628884707669,0.0,0.9873178109150547,0.007345900237868604
1748,DoS/DDoS,DoS/DDoS,0.0,0.0,1.0,0.0,0.0
1749,DoS/DDoS,DoS/DDoS,0.0,0.0,1.0,0.0,0.0
1750,Normal,Normal,0.00045865528008791725,0.008116119530004759,0.0011926328459904657,0.9858124744044419,0.004420117939474936
1751,DoS/DDoS,DoS/DDoS,0.0,0.0,0.9999714047472551,2.8595252744989888e-05,0.0
1752,Normal,Normal,0.0,0.0,0.0,1.0,0.0
1753,DoS/DDoS,DoS/DDoS,0.0,0.0,1.0,0.0,0.0
1754,Normal,Normal,0.0,0.0,0.0012483467381590708,0.9987516532618409,0.0
1755,Normal,Normal,0.0,0.0,0.0,1.0,0.0
1756,DoS/DDoS,DoS/DDoS,0.0,0.0,1.0,0.0,0.0
1757,DoS/DDoS,DoS/DDoS,0.0,0.0,1.0,0.0,0.0
1758,Bot,Bot,0.9799108538762535,0.0,0.0,0.02008914612374639,0.0
1759,DoS/DDoS,DoS/DDoS,0.0,0.0,1.0,0.0,0.0
1760,Brute Force,Brute Force,0.0,1.0,0.0,0.0,0.0
1761,Normal,Normal,0.0,0.0,0.0,1.0,0.0
1762,Normal,Normal,0.0,0.0,0.0,1.0,0.0
1763,DoS/DDoS,DoS/DDoS,0.0,0.0,0.9968381681827987,0.0031618318172012476,0.0
1764,Normal,Normal,0.0,0.0,0.0,1.0,0.0
1765,DoS/DDoS,DoS/DDoS,0.0,0.0,1.0,0.0,0.0
1766,Brute Force,Brute Force,0.0,0.7042833756446119,0.0010581038888542401,0.1416200001955404,0.15303852027099343
1767,Normal,Normal,0.0,0.0,0.0,1.0,0.0
1768,Brute Force,Brute Force,0.0,0.7909950043014826,3.223540519108048e-05,0.00817992871617954,0.20079283157714667
1769,Brute Force,Brute Force,0.0,1.0,0.0,0.0,0.0
1770,Brute Force,Brute Force,0.0,1.0,0.0,0.0,0.0
1771,Normal,Normal,0.0,0.0,0.0,1.0,0.0
1772,Bot,Bot,0.9782442103044717,0.0,5.722473395933651e-05,0.02169856496156887,0.0
1773,DoS/DDoS,DoS/DDoS,0.0,0.006764708749447507,0.9383375966766803,0.04014719807404803,0.014750496499824128
1774,Brute Force,Brute Force,0.0,1.0,0.0,0.0,0.0
1775,Normal,Normal,0.0,0.0019762901765504755,0.0502933438785971,0.9477303659448524,0.0
1776,DoS/DDoS,DoS/DDoS,0.0,0.0,1.0,0.0,0.0
1777,DoS/DDoS,DoS/DDoS,0.0,0.0,1.0,0.0,0.0
1778,Normal,Normal,0.0,0.03786301668886048,0.0015324587309348309,0.9236271353471145,0.03697738923309016
1779,Normal,Normal,0.0,0.0,0.0,1.0,0.0
1780,DoS/DDoS,DoS/DDoS,0.0,0.0,1.0,0.0,0.0
1781,Normal,Normal,0.0,0.0,0.0,1.0,0.0
1782,Normal,Normal,0.0,0.0,0.0,1.0,0.0
1783,Normal,Normal,0.0,0.024083667639739938,0.0001829189002014809,0.9678311434744749,0.007902269985583783
1784,Bot,Bot,0.9779198597322593,0.0,5.655454916785888e-05,0.02202358571857295,0.0
1785,Brute Force,Brute Force,0.0,0.9776661713905999,0.0,0.022333828609400076,0.0
1786,Normal,Normal,0.0,0.0,0.0012446190271201032,0.9987553809728799,0.0
1787,Brute Force,Brute Force,0.0,1.0,0.0,0.0,0.0
1788,DoS/DDoS,DoS/DDoS,0.0,0.0,0.9987474942726231,0.0012525057273768618,0.0
1789,Brute Force,Brute Force,0.0,1.0,0.0,0.0,0.0
1790,Bot,Bot,0.9975,0.0,0.0,0.0025,0.0
1791,Brute Force,Web Attack,0.0,0.2658927597378377,1.25579282007367e-05,0.0012612770461123363,0.7328334052878495
1792,Normal,Normal,0.0,0.0,0.0,1.0,0.0
1793,DoS/DDoS,DoS/DDoS,0.0,0.0,0.9923860037368326,0.007613996263167368,0.0
1794,Normal,Normal,0.0,0.0,0.0,1.0,0.0
1795,DoS/DDoS,DoS/DDoS,0.0,0.0,1.0,0.0,0.0
1796,Normal,Normal,0.0,0.0,0.0,1.0,0.0
1797,Brute Force,Brute Force,0.0,1.0,0.0,0.0,0.0
1798,DoS/DDoS,DoS/DDoS,0.0,0.0,1.0,0.0,0.0
1799,Normal,Normal,0.0,0.0,0.0,1.0,0.0
1800,Normal,Normal,0.0,0.0,0.0,1.0,0.0
1801,DoS/DDoS,DoS/DDoS,0.0,0.0,1.0,0.0,0.0
1802,Normal,Normal,0.0,0.0,0.0025,0.9975,0.0
1803,DoS/DDoS,DoS/DDoS,0.0,0.0,1.0,0.0,0.0
1804,Brute Force,Brute Force,0.0,0.8996982603101281,0.0002490329484864994,0.05067289037616558,0.04937981636521967
1805,Normal,Normal,0.0023845352860165933,0.0016284779050736498,0.0,0.9959869868089097,0.0
1806,Brute Force,Brute Force,0.0,1.0,0.0,0.0,0.0
1807,DoS/DDoS,DoS/DDoS,0.0,0.0,1.0,0.0,0.0
1808,Brute Force,Brute Force,0.0,1.0,0.0,0.0,0.0
1809,Normal,Normal,0.0,0.0,0.0,1.0,0.0
1810,DoS/DDoS,DoS/DDoS,0.0,0.0,1.0,0.0,0.0
1811,Bot,Bot,0.9782730104630857,0.0,5.722473395933651e-05,0.021669764802954884,0.0
1812,Brute Force,Brute Force,0.0,1.0,0.0,0.0,0.0
1813,DoS/DDoS,DoS/DDoS,0.0,0.0,1.0,0.0,0.0
1814,Normal,Normal,0.0,0.0,0.0,1.0,0.0
1815,Brute Force,Brute Force,0.0,1.0,0.0,0.0,0.0
1816,DoS/DDoS,DoS/DDoS,0.0,0.0,1.0,0.0,0.0
1817,Normal,Normal,0.0,0.0,0.0,1.0,0.0
1818,DoS/DDoS,DoS/DDoS,0.0,0.0,1.0,0.0,0.0
1819,DoS/DDoS,DoS/DDoS,0.0,0.0,1.0,0.0,0.0
1820,Normal,Normal,0.0,0.0,0.0,1.0,0.0
1821,DoS/DDoS,DoS/DDoS,0.0,0.0,1.0,0.0,0.0
1822,Brute Force,Brute Force,0.0,1.0,0.0,0.0,0.0
1823,Normal,Normal,0.0,0.0,0.0,1.0,0.0
1824,Brute Force,Brute Force,0.0,1.0,0.0,0.0,0.0
1825,Brute Force,Brute Force,0.0,1.0,0.0,0.0,0.0
1826,Normal,Normal,0.0,0.0,0.0,1.0,0.0
1827,Normal,Normal,0.0,0.0,0.0,1.0,0.0
1828,Normal,Bot,0.8240576191653644,0.0,0.0002741091258811032,0.17566827170875446,0.0
1829,DoS/DDoS,DoS/DDoS,0.0,0.0,0.9969136130727887,0.003086386927211259,0.0
1830,Normal,Normal,0.0,0.0,0.0,1.0,0.0
1831,Normal,Normal,0.004782380030585563,0.0,0.021095216775665265,0.9741224031937492,0.0
1832,DoS/DDoS,DoS/DDoS,0.0,0.0,0.9978309201094264,0.0021690798905735034,0.0
1833,DoS/DDoS,DoS/DDoS,0.0,0.0,1.0,0.0,0.0
1834,Brute Force,Brute Force,0.0,0.6219359454711636,2.323947793150385e-05,0.003860955305111561,0.3741798597457932
1835,Brute Force,Brute Force,0.0,1.0,0.0,0.0,0.0
1836,Brute Force,Brute Force,0.0,1.0,0.0,0.0,0.0
1837,Normal,Normal,0.0,0.0,0.0355441380877313,0.9644558619122687,0.0
1838,Brute Force,Brute Force,0.0,1.0,0.0,0.0,0.0
1839,DoS/DDoS,DoS/DDoS,0.0,0.0,1.0,0.0,0.0
1840,Normal,Normal,0.0,0.0,0.0009041578416801061,0.9990958421583198,0.0
1841,Normal,Normal,0.0,0.0,0.0,1.0,0.0
1842,DoS/DDoS,DoS/DDoS,0.0,0.0,0.9999714047472551,2.8595252744989888e-05,0.0
1843,Brute Force,Brute Force,0.0025,0.9587653943124108,0.0,0.03873460568758923,0.0
1844,DoS/DDoS,DoS/DDoS,0.0,0.0,1.0,0.0,0.0
1845,Normal,Normal,0.0,0.0,0.0012505358291062371,0.9987494641708937,0.0
1846,Normal,Normal,0.0,0.0,0.0011810813838358345,0.9988189186161642,0.0
1847,DoS/DDoS,DoS/DDoS,0.0,0.0,0.9999684058604776,3.1594139522391764e-05,0.0
1848,Normal,Normal,0.0,0.05949570153648136,0.00047171212225878144,0.9121029649934427,0.027929621347817117
1849,Normal,Normal,0.0,0.0,0.0,1.0,0.0
1850,Normal,Normal,0.0,0.05596339765425984,0.0,0.94403660234574,0.0
1851,DoS/DDoS,DoS/DDoS,0.0,0.0,1.0,0.0,0.0
1852,Normal,Normal,0.0,0.0,0.0,1.0,0.0
1853,Normal,Normal,0.0,0.004327882975096212,0.0,0.9956721170249038,0.0
1854,Normal,Normal,0.0,0.004100906226928582,0.0025,0.9886446967646136,0.004754397008457698
1855,DoS/DDoS,DoS/DDoS,0.0,0.0,1.0,0.0,0.0
1856,Normal,Normal,0.0,0.0,0.0,1.0,0.0
1857,Normal,Bot,0.8320190384666463,0.0,0.0002741091258811032,0.16770685240747257,0.0
1858,Normal,Normal,0.0,0.0,0.0027055954147899223,0.9972944045852101,0.0
1859,Normal,Normal,0.0,0.0,0.0,1.0,0.0
1860,Normal,Normal,0.0,0.01605083431777384,0.017721953214152625,0.9645788863341185,0.0016483261339550572
1861,DoS/DDoS,DoS/DDoS,0.0,0.0,0.9999837280409707,1.6271959029384604e-05,0.0
1862,Normal,Normal,0.0,0.0,0.0025,0.9975,0.0
1863,Brute Force,Brute Force,0.0,0.9384452425576161,0.0004305763993633176,0.02517132575357505,0.0359528552894455
1864,Normal,Normal,0.0,0.0,0.0,1.0,0.0
1865,Normal,Normal,0.0,0.0,0.0,1.0,0.0
1866,Normal,Normal,0.0,0.0,0.0018806804006130378,0.9981193195993869,0.0
1867,DoS/DDoS,DoS/DDoS,0.0,0.0,1.0,0.0,0.0
1868,DoS/DDoS,DoS/DDoS,0.0,0.0,1.0,0.0,0.0
1869,Brute Force,Brute Force,0.0,1.0,0.0,0.0,0.0
1870,DoS/DDoS,DoS/DDoS,0.0,0.0,1.0,0.0,0.0
1871,Normal,Normal,0.0,0.0,0.0,1.0,0.0
1872,DoS/DDoS,DoS/DDoS,0.0,0.0,1.0,0.0,0.0
1873,DoS/DDoS,DoS/DDoS,0.0,0.0,1.0,0.0,0.0
1874,Normal,Normal,0.0,0.008235808759795274,0.0010392672267590408,0.9883081535261811,0.0024167704872646734
1875,DoS/DDoS,DoS/DDoS,0.0,0.0,1.0,0.0,0.0
1876,Bot,Bot,0.9766747606332461,0.0,2.405582131574279e-05,0.023301183545438038,0.0
1877,Brute Force,Brute Force,0.0,1.0,0.0,0.0,0.0
1878,Normal,Normal,0.0,0.0,0.0025,0.9975,0.0
1879,Normal,Normal,0.0,0.0,0.0,1.0,0.0
1880,DoS/DDoS,DoS/DDoS,0.0,0.0,1.0,0.0,0.0
1881,Normal,Normal,0.004947841569122706,0.009092979563488804,0.005908213754817015,0.9721544208294355,0.007896544283135852
1882,Normal,Normal,0.0,0.0,0.0,1.0,0.0
1883,DoS/DDoS,DoS/DDoS,0.0,0.0,1.0,0.0,0.0
1884,DoS/DDoS,DoS/DDoS,0.0,0.0,1.0,0.0,0.0
1885,Normal,Normal,0.0,0.0,0.0,1.0,0.0
1886,Bot,Bot,0.9486014660883598,0.0,3.199588051600019e-05,0.051366538031124113,0.0
1887,Normal,Normal,0.0,0.0,0.0,1.0,0.0
1888,Normal,Normal,0.0,0.0,0.0,1.0,0.0
1889,DoS/DDoS,DoS/DDoS,0.0,0.0,1.0,0.0,0.0
1890,DoS/DDoS,DoS/DDoS,0.0,0.0,1.0,0.0,0.0
1891,Normal,Normal,0.0,0.0,0.0,1.0,0.0
1892,Bot,Bot,0.7799930737922368,0.0,6.763276639270637e-06,0.22000016293112384,0.0
1893,DoS/DDoS,DoS/DDoS,0.0,0.0,1.0,0.0,0.0
1894,Brute Force,Brute Force,0.0,1.0,0.0,0.0,0.0
1895,DoS/DDoS,DoS/DDoS,0.0,0.0,1.0,0.0,0.0
1896,DoS/DDoS,DoS/DDoS,0.0,0.0,1.0,0.0,0.0
1897,Brute Force,Web Attack,0.0,0.10682744096744295,1.25579282007367e-05,0.0007538229669386446,0.8924061781374177
1898,Normal,Normal,0.0,0.0,0.0,1.0,0.0
1899,Normal,Normal,0.0013858681992540167,0.005223129723750627,0.0,0.9895950640245301,0.0037959380524652865
1900,DoS/DDoS,DoS/DDoS,0.0,0.0,0.9999684058604776,3.1594139522391764e-05,0.0
1901,Normal,Normal,0.0,0.0,0.0,1.0,0.0
1902,DoS/DDoS,DoS/DDoS,0.0,0.0,1.0,0.0,0.0
1903,Normal,Normal,0.0,0.0,0.0,1.0,0.0
1904,DoS/DDoS,DoS/DDoS,0.0,0.0,0.9999714047472551,2.8595252744989888e-05,0.0
1905,DoS/DDoS,DoS/DDoS,0.0,0.0,1.0,0.0,0.0
1906,Brute Force,Brute Force,0.0,1.0,0.0,0.0,0.0
1907,DoS/DDoS,DoS/DDoS,0.0,0.0,1.0,0.0,0.0
1908,Brute Force,Brute Force,0.0,1.0,0.0,0.0,0.0
1909,DoS/DDoS,DoS/DDoS,0.0,0.0,1.0,0.0,0.0
1910,Brute Force,Brute Force,0.0,1.0,0.0,0.0,0.0
1911,Normal,Normal,0.0,0.01140880605796519,0.0001627662403033889,0.9860413525746075,0.0023870751271239895
1912,Normal,Normal,0.0,0.0,0.0,1.0,0.0
1913,DoS/DDoS,DoS/DDoS,0.0,0.0,0.9999897181194723,1.0281880527716808e-05,0.0
1914,Normal,Normal,0.0,0.0,0.0,1.0,0.0
1915,DoS/DDoS,DoS/DDoS,0.0,0.0016689768591862065,0.8343202380639921,0.16401078507682162,0.0
1916,Normal,Normal,0.0,0.0,0.0,1.0,0.0
1917,DoS/DDoS,DoS/DDoS,0.0,0.0016344276015995535,0.9983655723984004,0.0,0.0
1918,DoS/DDoS,DoS/DDoS,0.0,0.0,1.0,0.0,0.0
1919,Normal,Normal,0.004408952272673339,0.0,0.010493669399873905,0.9850973783274527,0.0
1920,Normal,Normal,0.0,0.0,0.0,1.0,0.0
1921,DoS/DDoS,DoS/DDoS,0.0,0.0,0.9999714047472551,2.8595252744989888e-05,0.0
1922,Normal,Normal,0.0020884908355153537,0.0,0.0,0.9979115091644847,0.0
1923,DoS/DDoS,DoS/DDoS,0.0,0.0,1.0,0.0,0.0
1924,Normal,Normal,0.0,0.0,0.0,1.0,0.0
1925,Brute Force,Brute Force,0.0,1.0,0.0,0.0,0.0
1926,DoS/DDoS,DoS/DDoS,0.0,0.0,1.0,0.0,0.0
1927,Normal,Normal,0.0,0.0,0.0,1.0,0.0
1928,Normal,Normal,0.0,0.0,0.0,1.0,0.0
1929,DoS/DDoS,DoS/DDoS,0.0,0.0,1.0,0.0,0.0
1930,DoS/DDoS,DoS/DDoS,0.0,0.0,0.9999897181194723,1.0281880527716808e-05,0.0
1931,DoS/DDoS,DoS/DDoS,0.0,0.0,1.0,0.0,0.0
1932,DoS/DDoS,DoS/DDoS,0.0,0.0,1.0,0.0,0.0
1933,Normal,Normal,0.0,0.0,0.0,1.0,0.0
1934,DoS/DDoS,DoS/DDoS,0.0,0.0,1.0,0.0,0.0
1935,Normal,Normal,0.0,0.0,0.0,1.0,0.0
1936,Normal,Normal,0.007219103802578685,0.0,4.625722418814636e-07,0.9927804336251793,0.0
1937,Normal,Normal,0.0,0.0,0.0,1.0,0.0
1938,Normal,Normal,0.0,0.0,0.0,1.0,0.0
1939,Normal,Normal,0.0,0.002124015748031496,0.003752002135611319,0.9941239821163572,0.0
1940,Brute Force,Brute Force,0.0,1.0,0.0,0.0,0.0
1941,Normal,Normal,0.0,0.0,0.0,0.9977792689161554,0.002220731083844581
1942,Normal,Normal,0.0023809604846669616,0.0036210930682820707,0.007104081720085577,0.9868938647269654,0.0
1943,DoS/DDoS,DoS/DDoS,0.0,0.0,0.999943023359281,5.697664071897986e-05,0.0
1944,Normal,Normal,0.0,0.0,0.0,1.0,0.0
1945,Normal,Normal,0.0,0.0,0.0,1.0,0.0
1946,Brute Force,Brute Force,0.0,1.0,0.0,0.0,0.0
1947,Normal,Normal,0.0,0.0,0.0,1.0,0.0
1948,Web Attack,Web Attack,0.0,0.15210675573528915,0.003607624728989036,0.02416961823194178,0.82011600130378
1949,Brute Force,Brute Force,0.0,1.0,0.0,0.0,0.0
1950,Normal,Normal,0.0,0.0,0.0,1.0,0.0
1951,Normal,Normal,0.0,0.0,0.0,1.0,0.0
1952,DoS/DDoS,DoS/DDoS,0.0,0.0,0.9999714047472551,2.8595252744989888e-05,0.0
1953,DoS/DDoS,DoS/DDoS,0.0,0.0,1.0,0.0,0.0
1954,Brute Force,Brute Force,0.0,1.0,0.0,0.0,0.0
1955,Normal,Normal,0.004483804870656012,0.0,0.0,0.995516195129344,0.0
1956,Brute Force,Brute Force,0.0,1.0,0.0,0.0,0.0
1957,DoS/DDoS,DoS/DDoS,0.0,0.0,0.9987257374254755,0.0012742625745245145,0.0
1958,Normal,Normal,0.0,0.0,0.0,1.0,0.0
1959,Normal,Normal,0.0,0.0,0.0,1.0,0.0
1960,DoS/DDoS,DoS/DDoS,0.0,0.0,0.9999897181194723,1.0281880527716808e-05,0.0
1961,Normal,Normal,0.0,0.0,0.0,1.0,0.0
1962,DoS/DDoS,DoS/DDoS,0.0,0.00038448204927182843,0.9451462785615391,0.05148921004614878,0.00298002934304025
1963,DoS/DDoS,DoS/DDoS,0.0,0.0,1.0,0.0,0.0
1964,Normal,Normal,0.0,0.0,0.02038041987226634,0.9796195801277336,0.0
1965,Normal,Normal,0.0,0.0017895791715818827,0.0012607104605498038,0.9921765498753335,0.004773160492534746
1966,DoS/DDoS,DoS/DDoS,0.0,0.0,1.0,0.0,0.0
1967,DoS/DDoS,DoS/DDoS,0.0,0.0,1.0,0.0,0.0
1968,Normal,Normal,0.0,0.0,0.0,1.0,0.0
1969,DoS/DDoS,DoS/DDoS,0.0,0.0,1.0,0.0,0.0
1970,DoS/DDoS,DoS/DDoS,0.0,0.0,0.9999714047472551,2.8595252744989888e-05,0.0
1971,DoS/DDoS,DoS/DDoS,0.0,0.0,1.0,0.0,0.0
1972,Normal,Normal,0.0,0.0,0.0,1.0,0.0
1973,Normal,Normal,0.0,0.0,0.0,1.0,0.0
1974,DoS/DDoS,DoS/DDoS,0.0,0.0,1.0,0.0,0.0
1975,Normal,Normal,0.0,0.001504327471184362,0.004632870500788586,0.9918767909500835,0.001986011077943512
1976,DoS/DDoS,DoS/DDoS,0.0,0.0,1.0,0.0,0.0
1977,DoS/DDoS,DoS/DDoS,0.0,0.0,1.0,0.0,0.0
1978,DoS/DDoS,DoS/DDoS,0.0,0.0,1.0,0.0,0.0
1979,Normal,Normal,0.0025,0.0,0.0,0.9975,0.0
1980,DoS/DDoS,DoS/DDoS,0.0,0.0,1.0,0.0,0.0
1981,Normal,Normal,0.0,0.0,0.0,1.0,0.0
1982,DoS/DDoS,DoS/DDoS,0.0,0.0052423516081961654,0.4847685690595386,0.2094868537203673,0.30050222561189804
1983,Normal,Normal,0.0,0.0,0.03014355582789154,0.9698564441721085,0.0
1984,DoS/DDoS,DoS/DDoS,0.0,0.0,1.0,0.0,0.0
1985,Normal,Normal,0.0,0.0,0.0,1.0,0.0
1986,Normal,Normal,0.0,0.0,0.00672262583381662,0.9932773741661833,0.0
1987,DoS/DDoS,DoS/DDoS,0.0,0.0,1.0,0.0,0.0
1988,DoS/DDoS,DoS/DDoS,0.0,0.0,1.0,0.0,0.0
1989,Normal,Normal,0.0,0.0,0.0,1.0,0.0
1990,Brute Force,Web Attack,0.0,0.3272477784630585,1.25579282007367e-05,0.0007102615653321509,0.6720294020434088
1991,Brute Force,Brute Force,0.0,1.0,0.0,0.0,0.0
1992,Normal,Normal,0.0,0.0017148998297908937,0.006887552502557904,0.9894115365897076,0.001986011077943512
1993,Brute Force,Brute Force,0.0,1.0,0.0,0.0,0.0
1994,Normal,Normal,0.0,0.0025,0.0,0.9975,0.0
1995,Normal,Normal,0.0,0.0,0.0025,0.9975,0.0
1996,Normal,Normal,0.0,0.0,0.0,1.0,0.0
1997,Normal,Normal,0.0,0.0,0.001662201597856767,0.9983377984021432,0.0
1998,DoS/DDoS,DoS/DDoS,0.0,0.0,1.0,0.0,0.0
1999,Brute Force,Brute Force,0.0,1.0,0.0,0.0,0.0
2000,Normal,Normal,0.0,0.0,0.0025024130225818086,0.9974975869774182,0.0
2001,DoS/DDoS,DoS/DDoS,0.0,0.0,1.0,0.0,0.0
2002,Normal,Normal,0.0,0.0,0.0,1.0,0.0
2003,Brute Force,Brute Force,0.0,1.0,0.0,0.0,0.0
2004,Normal,Normal,0.0,0.031112632123971196,0.0002896021032729734,0.9623906090481237,0.006207156724632107
2005,DoS/DDoS,DoS/DDoS,0.0,0.0,0.9999684058604776,3.1594139522391764e-05,0.0
2006,Bot,Bot,1.0,0.0,0.0,0.0,0.0
2007,DoS/DDoS,DoS/DDoS,0.0,0.0,0.999943023359281,5.697664071897986e-05,0.0
2008,DoS/DDoS,DoS/DDoS,0.0,0.0,1.0,0.0,0.0
2009,DoS/DDoS,DoS/DDoS,0.0,0.0,1.0,0.0,0.0
2010,Normal,Normal,0.0,0.0,0.0,1.0,0.0
2011,Brute Force,Brute Force,0.0,1.0,0.0,0.0,0.0
2012,Normal,Normal,0.0,0.13286595303470342,0.023563914493501325,0.8407039099048691,0.0028662225669262562
2013,Normal,Normal,0.0,0.0,0.00417197830947058,0.9958280216905295,0.0
2014,DoS/DDoS,DoS/DDoS,0.0,0.0,0.9999460222460584,5.397775394157798e-05,0.0
2015,DoS/DDoS,DoS/DDoS,0.0,0.0,1.0,0.0,0.0
2016,DoS/DDoS,DoS/DDoS,0.0,0.0,1.0,0.0,0.0
2017,Normal,Normal,0.006713067424061695,0.0,0.006659501289767842,0.9866274312861705,0.0
2018,Brute Force,Brute Force,0.0,1.0,0.0,0.0,0.0
2019,Brute Force,Brute Force,0.0,1.0,0.0,0.0,0.0
2020,DoS/DDoS,DoS/DDoS,0.0,0.0,1.0,0.0,0.0
2021,Normal,Normal,0.0,0.0016468411932749497,0.003564336245009058,0.9876373508617141,0.00715147170000191
2022,DoS/DDoS,DoS/DDoS,0.0,0.0,1.0,0.0,0.0
2023,Normal,Normal,0.31171281315871463,0.0,1.396789262938335e-05,0.6882732189486558,0.0
2024,Normal,Normal,0.0,0.0,0.0,1.0,0.0
2025,Normal,Normal,0.0,0.0,0.0,1.0,0.0
2026,DoS/DDoS,DoS/DDoS,0.0,0.0,0.9976907084775776,0.002309291522422434,0.0
2027,DoS/DDoS,DoS/DDoS,0.0,0.0,1.0,0.0,0.0
2028,Normal,Normal,0.0013858681992540167,0.004709774253617747,0.0,0.9918745919212995,0.002029765625828895
2029,Normal,Normal,0.007960084911565227,7.662626602382587e-05,0.0,0.991963288822411,0.0
2030,Normal,Normal,0.0,0.0,0.0,1.0,0.0
2031,Normal,Normal,0.0,0.0017148998297908937,0.006887552502557904,0.9894115365897076,0.001986011077943512
2032,Brute Force,Brute Force,0.0,1.0,0.0,0.0,0.0
2033,Bot,Bot,0.9721844550355774,0.0,3.563600946994233e-05,0.027779908954952554,0.0
2034,DoS/DDoS,DoS/DDoS,0.0,0.0,1.0,0.0,0.0
2035,DoS/DDoS,DoS/DDoS,0.0,0.0,1.0,0.0,0.0
2036,Brute Force,Brute Force,0.0,1.0,0.0,0.0,0.0
2037,Normal,Normal,0.0,0.004494446091798034,0.049801022344750104,0.8785720673978974,0.06713246416555456
2038,DoS/DDoS,DoS/DDoS,0.0,0.0,1.0,0.0,0.0
2039,Brute Force,Brute Force,0.0,1.0,0.0,0.0,0.0
2040,Brute Force,Brute Force,0.0,1.0,0.0,0.0,0.0
2041,Brute Force,Brute Force,0.0,1.0,0.0,0.0,0.0
2042,Normal,Normal,0.0,0.0,0.0,1.0,0.0
2043,Normal,Normal,0.0,0.0,0.0,1.0,0.0
2044,DoS/DDoS,DoS/DDoS,0.0,0.0,1.0,0.0,0.0
2045,Bot,Bot,0.9998742314038664,0.0,1.4450702009829216e-06,0.00012432352593260798,0.0
2046,DoS/DDoS,DoS/DDoS,0.0,0.0,1.0,0.0,0.0
2047,Brute Force,Brute Force,0.0,1.0,0.0,0.0,0.0
2048,DoS/DDoS,DoS/DDoS,0.0,0.0,1.0,0.0,0.0
2049,Brute Force,Brute Force,0.0,1.0,0.0,0.0,0.0
2050,Bot,Bot,0.9989856083842704,0.0,1.4450702009829216e-06,0.0010129465455286338,0.0
2051,Normal,Normal,0.0,0.0016248716991695436,0.0025,0.9933751283008305,0.0025
2052,Normal,Normal,0.0,0.0,0.0,1.0,0.0
2053,DoS/DDoS,DoS/DDoS,0.0,0.0,0.999943023359281,5.697664071897986e-05,0.0
2054,Normal,Normal,0.027468219482389887,0.023152616915006047,0.0455514878765934,0.8981017304156262,0.0057259453103844305
2055,Normal,Normal,0.0,0.0,0.0025,0.9975,0.0
2056,Bot,Bot,1.0,0.0,0.0,0.0,0.0
2057,DoS/DDoS,DoS/DDoS,0.0,0.0,1.0,0.0,0.0
2058,Brute Force,Brute Force,0.0,1.0,0.0,0.0,0.0
2059,Normal,Normal,0.0,0.0,0.0,1.0,0.0
2060,Normal,Normal,0.0,0.0,0.0,1.0,0.0
2061,DoS/DDoS,DoS/DDoS,0.0,0.0,0.999947412742351,5.25872576490401e-05,0.0
2062,Normal,Normal,0.0,0.0,0.0,1.0,0.0
2063,Normal,Normal,0.0,0.0,0.003814252702050971,0.996185747297949,0.0
2064,Normal,Normal,0.0,0.0,0.0,1.0,0.0
2065,DoS/DDoS,DoS/DDoS,0.0,0.0,1.0,0.0,0.0
2066,Normal,Normal,0.0,0.0,0.0,1.0,0.0
2067,Brute Force,Brute Force,0.0,1.0,0.0,0.0,0.0
2068,Brute Force,Brute Force,0.0,1.0,0.0,0.0,0.0
2069,Brute Force,Brute Force,0.0,1.0,0.0,0.0,0.0
2070,DoS/DDoS,DoS/DDoS,0.0,0.0,0.9975,0.0025,0.0
2071,Brute Force,Brute Force,0.0,1.0,0.0,0.0,0.0
2072,Normal,Normal,0.0,0.0,0.0,1.0,0.0
2073,DoS/DDoS,DoS/DDoS,0.0,0.0,1.0,0.0,0.0
2074,Brute Force,Brute Force,0.0,1.0,0.0,0.0,0.0
2075,DoS/DDoS,DoS/DDoS,0.0,0.0,1.0,0.0,0.0
2076,Normal,Normal,0.004780564263322884,0.0032686596001073776,0.05942527559444784,0.9300909410656477,0.002434559476474239
2077,Normal,Normal,0.0004110087863553072,0.0,0.004390107302200769,0.9951988839114441,0.0
2078,DoS/DDoS,DoS/DDoS,0.0,0.0,1.0,0.0,0.0
2079,Bot,Bot,0.9983650495027768,0.0,1.4450702009829216e-06,0.0016335054270222953,0.0
2080,DoS/DDoS,DoS/DDoS,0.0,0.0,1.0,0.0,0.0
2081,Bot,Bot,0.9817589443451038,0.0,6.273576523349022e-05,0.018178319889662627,0.0
2082,DoS/DDoS,DoS/DDoS,0.0,0.0,1.0,0.0,0.0
2083,DoS/DDoS,DoS/DDoS,0.0,0.0,1.0,0.0,0.0
2084,DoS/DDoS,DoS/DDoS,0.0,0.0,1.0,0.0,0.0
2085,DoS/DDoS,DoS/DDoS,0.0,0.0,0.9999460222460584,5.397775394157798e-05,0.0
2086,DoS/DDoS,DoS/DDoS,0.0,0.0,0.9999897181194723,1.0281880527716808e-05,0.0
2087,Normal,Normal,0.0,0.0020456093011559616,0.06756625056297874,0.9143410196606896,0.016047120475175824
2088,Normal,Normal,0.0,0.03688682486881703,0.00023370678658016838,0.9519149852065607,0.010964483138042049
2089,Normal,Normal,0.0,0.0023545578584667796,0.047078091461095005,0.9365966362350909,0.013970714445347325
2090,Normal,Normal,0.00469695621837573,0.0,0.004145069128192723,0.9911579746534316,0.0
2091,Normal,Normal,0.2623152071010465,0.0,3.548180414054348e-05,0.7376493110948129,0.0
2092,DoS/DDoS,DoS/DDoS,0.0,0.0,1.0,0.0,0.0
2093,DoS/DDoS,DoS/DDoS,0.0,0.0,1.0,0.0,0.0
2094,Brute Force,Web Attack,0.0,0.265463309405075,1.25579282007367e-05,0.0007102615653321509,0.7338138711013924
2095,DoS/DDoS,DoS/DDoS,0.0,0.0,1.0,0.0,0.0
2096,Normal,Normal,0.0,0.0,0.0,1.0,0.0
2097,Normal,Normal,0.0,0.0,0.0016697588126159553,0.998330241187384,0.0
2098,DoS/DDoS,DoS/DDoS,0.0,0.0,1.0,0.0,0.0
2099,DoS/DDoS,DoS/DDoS,0.0,0.0,0.9975,0.0025,0.0
2100,Brute Force,Web Attack,0.0,0.34979595181213674,1.0456903281202048e-05,0.001185248448477808,0.6490083428361044
2101,Normal,Normal,0.0,0.0,0.0125,0.9875,0.0
2102,DoS/DDoS,DoS/DDoS,0.0,0.0,1.0,0.0,0.0
2103,Normal,Normal,0.0,0.0,0.0,1.0,0.0
2104,DoS/DDoS,DoS/DDoS,0.0,0.0,0.9976653598804491,0.0023346401195508395,0.0
2105,DoS/DDoS,DoS/DDoS,0.0,0.0,0.9999897181194723,1.0281880527716808e-05,0.0
2106,DoS/DDoS,DoS/DDoS,0.0,0.0,1.0,0.0,0.0
2107,DoS/DDoS,DoS/DDoS,0.0,0.0,1.0,0.0,0.0
2108,Normal,Normal,0.0,0.0,0.0,1.0,0.0
2109,DoS/DDoS,DoS/DDoS,0.0,0.0,1.0,0.0,0.0
2110,DoS/DDoS,DoS/DDoS,0.0,0.0,1.0,0.0,0.0
2111,Brute Force,Brute Force,0.0,1.0,0.0,0.0,0.0
2112,Normal,Normal,0.0,0.0,0.0,1.0,0.0
2113,DoS/DDoS,DoS/DDoS,0.0,0.0,1.0,0.0,0.0
2114,Normal,Normal,0.0,0.0021733070458336496,0.02241630962544248,0.9627374749607926,0.012672908367931168
2115,Brute Force,Brute Force,0.0,1.0,0.0,0.0,0.0
2116,DoS/DDoS,DoS/DDoS,0.0,0.0,1.0,0.0,0.0
2117,Normal,Normal,0.0,0.0,0.0,1.0,0.0
2118,Normal,Normal,0.0,0.0025,0.024683230743227952,0.9728167692567721,0.0
2119,Normal,Normal,0.0,0.0,0.0,1.0,0.0
2120,Normal,Normal,0.0,0.0,0.0,0.9975438534819138,0.002456146518086266
2121,DoS/DDoS,DoS/DDoS,0.0012205728257073,0.0003846456989188705,0.9446153575005373,0.047342673187603004,0.006436750787233596
2122,DoS/DDoS,DoS/DDoS,0.0,2.0028438609459433e-05,0.9972195303663125,0.002760441195078146,0.0
2123,Normal,Normal,0.0,0.0,0.0,1.0,0.0
2124,Normal,Normal,0.0,0.00163270504330107,0.0025,0.995867294956699,0.0
2125,DoS/DDoS,DoS/DDoS,0.0,0.0,1.0,0.0,0.0
2126,Web Attack,Web Attack,0.0,0.34754293826627414,1.25579282007367e-05,0.0007127557468464852,0.6517317480586788
2127,Brute Force,Brute Force,0.0,1.0,0.0,0.0,0.0
2128,DoS/DDoS,DoS/DDoS,0.0,0.0,1.0,0.0,0.0
2129,DoS/DDoS,DoS/DDoS,0.0,0.0,1.0,0.0,0.0
2130,Brute Force,Brute Force,0.0,1.0,0.0,0.0,0.0
2131,Normal,Normal,0.0,0.0,0.0,1.0,0.0
2132,Normal,Normal,0.007081255474335956,0.0,0.021543554157172098,0.971375190368492,0.0
2133,DoS/DDoS,DoS/DDoS,0.0,0.0,1.0,0.0,0.0
2134,Bot,Bot,0.9998637882033281,0.0,1.4450702009829216e-06,0.00013476672647096523,0.0
2135,Normal,Normal,0.0,0.0,0.0,1.0,0.0
2136,DoS/DDoS,DoS/DDoS,0.0,0.0,1.0,0.0,0.0
2137,Normal,Normal,0.0,0.0,0.0,1.0,0.0
2138,DoS/DDoS,DoS/DDoS,0.0,0.0,0.9246625355045541,0.07533746449544597,0.0
2139,DoS/DDoS,DoS/DDoS,0.0,0.0,0.9999684058604776,3.1594139522391764e-05,0.0
2140,Normal,Normal,0.0,0.0,0.0,1.0,0.0
2141,Brute Force,Brute Force,0.0,1.0,0.0,0.0,0.0
2142,Normal,Normal,0.0,0.030404081927819685,0.0075114008674516935,0.9599169059439278,0.0021676112608008924
2143,Brute Force,Brute Force,0.0,1.0,0.0,0.0,0.0
2144,DoS/DDoS,DoS/DDoS,0.0,0.0,1.0,0.0,0.0
2145,Brute Force,Brute Force,0.0,1.0,0.0,0.0,0.0
2146,Brute Force,Brute Force,0.0,1.0,0.0,0.0,0.0
2147,Brute Force,Brute Force,0.0,1.0,0.0,0.0,0.0
2148,Normal,Normal,0.0,0.0,0.0,1.0,0.0
2149,DoS/DDoS,DoS/DDoS,0.0,0.0,0.9937492736149965,0.006250726385003414,0.0
2150,DoS/DDoS,DoS/DDoS,0.0,0.0,1.0,0.0,0.0
2151,Normal,Normal,0.0,0.0,0.0,1.0,0.0
2152,Brute Force,Web Attack,0.0,0.0940776970465625,1.25579282007367e-05,0.0007277141008411802,0.9051820309243956
2153,Normal,Normal,0.0,0.0,0.0,1.0,0.0
2154,DoS/DDoS,DoS/DDoS,0.0,0.0,0.9999837280409707,1.6271959029384604e-05,0.0
2155,Normal,Normal,0.0,0.0,0.0,1.0,0.0
2156,Brute Force,Brute Force,0.0,1.0,0.0,0.0,0.0
2157,Normal,Normal,0.0,0.0,0.0,1.0,0.0
2158,Brute Force,Brute Force,0.0,0.7421220907836067,3.5554519839800734e-05,0.002956272282894456,0.25488608241365907
2159,Brute Force,Brute Force,0.0,1.0,0.0,0.0,0.0
2160,Brute Force,Brute Force,0.0,1.0,0.0,0.0,0.0
2161,Normal,Normal,0.0,0.0,0.0,1.0,0.0
2162,Brute Force,Brute Force,0.0,1.0,0.0,0.0,0.0
2163,Normal,Normal,0.012279459741615555,0.0013839604667778042,0.020834117724400598,0.9630913175940548,0.0024111444731513164
2164,DoS/DDoS,DoS/DDoS,0.0,0.0,0.999969598059839,3.040194016098469e-05,0.0
2165,Brute Force,Brute Force,0.0,1.0,0.0,0.0,0.0
2166,Normal,Normal,0.0,0.03501482829813914,0.00025736709190533197,0.9277504153768653,0.03697738923309016
2167,Brute Force,Brute Force,0.0,1.0,0.0,0.0,0.0
2168,DoS/DDoS,DoS/DDoS,0.0,0.0,0.997924336337377,0.0020756636626230733,0.0
2169,DoS/DDoS,DoS/DDoS,0.0,0.0,0.9999837280409707,1.6271959029384604e-05,0.0
2170,DoS/DDoS,DoS/DDoS,0.0,0.0,1.0,0.0,0.0
2171,Brute Force,Brute Force,0.0,1.0,0.0,0.0,0.0
2172,DoS/DDoS,DoS/DDoS,0.0,0.0,1.0,0.0,0.0
2173,DoS/DDoS,DoS/DDoS,0.0,0.0,1.0,0.0,0.0
2174,Brute Force,Web Attack,0.0,0.36176155747367406,1.5884675081370873e-05,0.007160677654165077,0.6310618801970795
2175,Normal,Normal,0.0,0.0016300856531049248,0.0,0.9983699143468951,0.0
2176,DoS/DDoS,DoS/DDoS,0.0,0.0,0.9999714047472551,2.8595252744989888e-05,0.0
2177,Brute Force,Brute Force,0.0,1.0,0.0,0.0,0.0
2178,Web Attack,Web Attack,0.0,0.32433525845055033,1.25579282007367e-05,0.0007160295884000448,0.674936154032849
2179,Normal,Normal,0.0,0.010347997297170133,0.022125603957592783,0.967526398745237,0.0
2180,DoS/DDoS,DoS/DDoS,0.0,0.0,1.0,0.0,0.0
2181,Normal,Normal,0.0,0.0,0.0,1.0,0.0
2182,Bot,Bot,0.9819679590697459,0.0,3.8792083567466685e-05,0.0179932488466866,0.0
2183,DoS/DDoS,DoS/DDoS,0.0,0.0,1.0,0.0,0.0
2184,Brute Force,Web Attack,0.0,0.3687598723471968,0.00029296994621941843,0.0030043789880707327,0.627942778718513
2185,DoS/DDoS,DoS/DDoS,0.0,0.0,1.0,0.0,0.0
2186,Brute Force,Brute Force,0.0,1.0,0.0,0.0,0.0
2187,DoS/DDoS,DoS/DDoS,0.0,0.0,1.0,0.0,0.0
2188,DoS/DDoS,DoS/DDoS,0.0,0.0,1.0,0.0,0.0
2189,Normal,Normal,0.0,0.019647105521994234,0.00022498420739449368,0.9731896716264198,0.006938238644191418
2190,Normal,Normal,0.0011985092529129538,0.0019800698119581124,0.0028746992038838084,0.9915271336053413,0.0024195881259039876
2191,Normal,Normal,0.0,0.0,0.0,1.0,0.0
2192,Normal,Normal,0.0,0.0,0.004583632641333237,0.9954163673586667,0.0
2193,Brute Force,Brute Force,0.0,1.0,0.0,0.0,0.0
2194,Brute Force,Web Attack,0.0,0.2926523163102871,3.53863302309046e-05,0.00314744146364479,0.7041648558958372
2195,Normal,Normal,0.0,0.0,0.0,1.0,0.0
2196,Normal,Normal,0.0,0.0,0.0,1.0,0.0
2197,DoS/DDoS,DoS/DDoS,0.0,0.0,1.0,0.0,0.0
2198,Normal,Normal,0.0,0.0,0.0,1.0,0.0
2199,Normal,Normal,0.0,0.0,0.0,1.0,0.0
2200,Web Attack,Web Attack,0.0,0.14420087873019233,1.4162293260255451e-05,0.0013134273343367664,0.8544715316422107
2201,Brute Force,Brute Force,0.0,1.0,0.0,0.0,0.0
2202,DoS/DDoS,DoS/DDoS,0.0,0.0,0.9958672698934613,0.004132730106538614,0.0
2203,DoS/DDoS,DoS/DDoS,0.0,0.0,1.0,0.0,0.0
2204,DoS/DDoS,DoS/DDoS,0.0,0.0,1.0,0.0,0.0
2205,DoS/DDoS,DoS/DDoS,0.0,0.0,1.0,0.0,0.0
2206,Normal,Normal,0.0,0.005255863429050794,0.00584906124208993,0.9843012206071161,0.004593854721743175
2207,DoS/DDoS,DoS/DDoS,0.0,0.0,0.9999837280409707,1.6271959029384604e-05,0.0
2208,Brute Force,Brute Force,0.0,1.0,0.0,0.0,0.0
2209,DoS/DDoS,DoS/DDoS,0.0,0.0,1.0,0.0,0.0
2210,DoS/DDoS,DoS/DDoS,0.0,0.0,1.0,0.0,0.0
2211,Brute Force,Brute Force,0.0,1.0,0.0,0.0,0.0
2212,DoS/DDoS,DoS/DDoS,0.0,0.0,0.9999837280409707,1.6271959029384604e-05,0.0
2213,Brute Force,Brute Force,0.0,1.0,0.0,0.0,0.0
2214,Normal,Normal,0.0,0.0,0.0,1.0,0.0
2215,Web Attack,Web Attack,0.0,0.38021628758150045,1.25579282007367e-05,0.000709386593159834,0.6190617678971392
2216,Normal,Normal,0.002421828435193251,0.07384944212232719,0.027659146863317996,0.8738651306496539,0.02220445192950773
2217,Normal,Normal,0.0,0.0012112852772335086,0.0,0.9987887147227665,0.0
2218,DoS/DDoS,DoS/DDoS,0.0,0.0,1.0,0.0,0.0
2219,DoS/DDoS,DoS/DDoS,0.0,0.0,1.0,0.0,0.0
2220,DoS/DDoS,DoS/DDoS,0.0,0.0,1.0,0.0,0.0
2221,Normal,Normal,0.0,0.0,0.0,0.9975,0.0025
2222,Normal,Normal,0.0,0.0,0.0,1.0,0.0
2223,Bot,Bot,0.999864668592307,0.0,1.4450702009829216e-06,0.00013388633749203491,0.0
2224,Normal,Normal,0.0,0.0017148998297908937,0.006887552502557904,0.9894115365897076,0.001986011077943512
2225,DoS/DDoS,DoS/DDoS,0.0,0.0,1.0,0.0,0.0
2226,DoS/DDoS,DoS/DDoS,0.0,0.0,1.0,0.0,0.0
2227,DoS/DDoS,DoS/DDoS,0.0,0.0,1.0,0.0,0.0
2228,Brute Force,Web Attack,0.0,0.3898498612810216,1.25579282007367e-05,0.0022674225522280296,0.6078701582385498
2229,DoS/DDoS,DoS/DDoS,0.0,0.0,1.0,0.0,0.0
2230,DoS/DDoS,DoS/DDoS,0.0,0.0,1.0,0.0,0.0
2231,DoS/DDoS,DoS/DDoS,0.0,0.0,1.0,0.0,0.0
2232,DoS/DDoS,DoS/DDoS,0.0,0.0,1.0,0.0,0.0
2233,Normal,Normal,0.0,0.0,0.0,1.0,0.0
2234,DoS/DDoS,DoS/DDoS,0.0,0.0,1.0,0.0,0.0
2235,Normal,Normal,0.0,0.0,0.04561432959385235,0.9543856704061476,0.0
2236,Normal,Normal,0.0,0.007010570069381121,0.019487269884364677,0.9416549790544064,0.03184718099184779
2237,Brute Force,Brute Force,0.0,1.0,0.0,0.0,0.0
2238,Normal,Normal,0.0,0.022873840607188587,0.00018445725915859054,0.9653013535068589,0.011640348626793858
2239,Normal,Normal,0.0,0.0,0.0,1.0,0.0
2240,DoS/DDoS,DoS/DDoS,0.0,0.0,1.0,0.0,0.0
2241,Normal,Normal,0.0,0.0,0.0,1.0,0.0
2242,Normal,Normal,0.0,0.0,0.0,1.0,0.0
2243,Normal,Normal,0.0022807451368282226,0.004158518858991904,0.016361602884331475,0.9752131220419049,0.001986011077943512
2244,Normal,Normal,0.0,0.0,0.0,1.0,0.0
2245,Brute Force,Brute Force,0.0,1.0,0.0,0.0,0.0
2246,Normal,Normal,0.0,0.0,0.0,1.0,0.0
2247,Normal,Normal,0.0,0.006123206569334431,0.0032751769401975746,0.9858039688888793,0.004797647601588692
2248,Brute Force,Brute Force,0.0,1.0,0.0,0.0,0.0
2249,DoS/DDoS,DoS/DDoS,0.0,0.0,1.0,0.0,0.0
2250,Brute Force,Brute Force,0.0,1.0,0.0,0.0,0.0
2251,DoS/DDoS,DoS/DDoS,0.0,0.0,1.0,0.0,0.0
2252,Normal,Normal,0.0,0.0016276590814293,0.004558151381133862,0.9938141895374368,0.0
2253,Normal,Normal,0.0,0.0,0.0,1.0,0.0
2254,DoS/DDoS,DoS/DDoS,0.0,0.0,1.0,0.0,0.0
2255,Web Attack,Web Attack,0.0,0.12488774107558366,1.25579282007367e-05,0.0009759628917123636,0.8741237381045034
2256,Normal,Normal,0.0,0.009267891460998401,0.01873017054037713,0.9720019379986246,0.0
2257,DoS/DDoS,DoS/DDoS,0.0,0.0,0.9999886336072914,1.1366392708614331e-05,0.0
2258,Normal,Normal,0.0,0.0,0.0,1.0,0.0
2259,Brute Force,Brute Force,0.0,1.0,0.0,0.0,0.0
2260,DoS/DDoS,DoS/DDoS,0.0,0.0,0.998320478944988,0.0016795210550120212,0.0
2261,Normal,Normal,0.28498125053541773,0.0,8.737857942733781e-06,0.7150100116066394,0.0
2262,Normal,Normal,0.0,0.0,0.0,1.0,0.0
2263,DoS/DDoS,DoS/DDoS,0.0,0.0,1.0,0.0,0.0
2264,DoS/DDoS,DoS/DDoS,0.0,0.0,1.0,0.0,0.0
2265,Bot,Bot,0.9628605649330896,0.0,2.405582131574279e-05,0.037115379245594715,0.0
2266,Brute Force,Brute Force,0.0,1.0,0.0,0.0,0.0
2267,DoS/DDoS,DoS/DDoS,0.0,0.0,1.0,0.0,0.0
2268,Brute Force,Brute Force,0.0,1.0,0.0,0.0,0.0
2269,Brute Force,Brute Force,0.0,1.0,0.0,0.0,0.0
2270,DoS/DDoS,DoS/DDoS,0.0,0.0,1.0,0.0,0.0
2271,DoS/DDoS,DoS/DDoS,0.0,0.0,0.9973219604588525,0.0026780395411475384,0.0
2272,Normal,Normal,0.0,0.01961036804180344,0.0002295671233766507,0.9701628925691578,0.009997172265662206
2273,Normal,Normal,0.0,0.0,0.0,1.0,0.0
2274,Brute Force,Brute Force,0.0,1.0,0.0,0.0,0.0
2275,DoS/DDoS,DoS/DDoS,0.0,0.0,1.0,0.0,0.0
2276,Web Attack,Web Attack,0.0,0.19432025100691674,1.25579282007367e-05,0.0008177424340222066,0.8048494486308605
2277,DoS/DDoS,DoS/DDoS,0.0,0.0,0.9975,0.0025,0.0
2278,DoS/DDoS,DoS/DDoS,0.0,0.0,1.0,0.0,0.0
2279,Normal,Normal,0.0,0.0,0.0,1.0,0.0
2280,Bot,Bot,0.9755778246843942,0.0,5.722473395933651e-05,0.024364950581646286,0.0
2281,DoS/DDoS,DoS/DDoS,0.0,0.0,1.0,0.0,0.0
2282,Brute Force,Brute Force,0.0,1.0,0.0,0.0,0.0
2283,DoS/DDoS,DoS/DDoS,0.0,0.0,1.0,0.0,0.0
2284,Brute Force,Web Attack,0.0,0.23830126955114878,5.165844966902835e-05,0.005048877844339678,0.7565981941548426
2285,DoS/DDoS,DoS/DDoS,0.0,0.0,1.0,0.0,0.0
2286,DoS/DDoS,DoS/DDoS,0.0,0.0015994139263146151,0.9791613790986341,0.013119828893069185,0.006119378081982088
2287,DoS/DDoS,DoS/DDoS,0.0,0.0,1.0,0.0,0.0
2288,DoS/DDoS,DoS/DDoS,0.0,0.0,0.9966318708773585,0.003368129122641538,0.0
2289,Bot,Bot,1.0,0.0,0.0,0.0,0.0
2290,Normal,Normal,0.04031601670859118,7.662626602382587e-05,0.0,0.959607357025385,0.0
2291,Brute Force,Web Attack,0.0,0.24465360575325285,1.25579282007367e-05,0.000744315915370287,0.7545895204031763
2292,Normal,Normal,0.0,0.0,0.0,1.0,0.0
2293,Normal,Normal,0.0,0.0,0.0,1.0,0.0
2294,Brute Force,Brute Force,0.0,1.0,0.0,0.0,0.0
2295,DoS/DDoS,DoS/DDoS,0.0,0.0,1.0,0.0,0.0
2296,Normal,Normal,0.0,0.0012240638747445358,0.0,0.9987759361252555,0.0
2297,Normal,Normal,0.0,0.0,0.0,1.0,0.0
2298,DoS/DDoS,DoS/DDoS,0.0,0.0,1.0,0.0,0.0
2299,DoS/DDoS,DoS/DDoS,0.0,0.0,1.0,0.0,0.0
2300,Normal,Normal,0.0072938899817723245,0.0024902070963978232,0.0005180921715357101,0.9868760326080435,0.0028217781422507438
2301,Brute Force,Brute Force,0.0,1.0,0.0,0.0,0.0
2302,Brute Force,Brute Force,0.0,1.0,0.0,0.0,0.0
2303,DoS/DDoS,DoS/DDoS,0.0,0.0,0.996047989258169,0.0016670208178890655,0.0022849899239420143
2304,Normal,Normal,0.0,0.0,0.0,1.0,0.0
2305,Brute Force,Brute Force,0.0,1.0,0.0,0.0,0.0
2306,DoS/DDoS,DoS/DDoS,0.0,0.0,1.0,0.0,0.0
2307,DoS/DDoS,DoS/DDoS,0.0,0.0,0.9999460222460584,5.397775394157798e-05,0.0
2308,Brute Force,Brute Force,0.0,1.0,0.0,0.0,0.0
2309,Normal,Normal,0.0,0.0,0.0,1.0,0.0
2310,DoS/DDoS,DoS/DDoS,0.0,0.0,0.9999886336072914,1.1366392708614331e-05,0.0
2311,Normal,Normal,0.002276314073301161,0.01593362708607345,0.04062564441932666,0.8997708599773769,0.04139355444392185
2312,Normal,Normal,0.0,0.0,0.0,1.0,0.0
2313,DoS/DDoS,DoS/DDoS,0.0,0.0,0.9999837280409707,1.6271959029384604e-05,0.0
2314,DoS/DDoS,DoS/DDoS,0.0,0.0,1.0,0.0,0.0
2315,Normal,Normal,0.0,0.0,0.0,1.0,0.0
2316,DoS/DDoS,DoS/DDoS,0.0,0.0,1.0,0.0,0.0
2317,Normal,Normal,0.0,0.0,0.0012412211552243085,0.9987587788447757,0.0
2318,DoS/DDoS,DoS/DDoS,0.0,0.0,0.9999714047472551,2.8595252744989888e-05,0.0
2319,DoS/DDoS,DoS/DDoS,0.0,0.0,1.0,0.0,0.0
2320,Normal,Normal,0.0,0.028775215962194827,0.006404913817335866,0.9229359182240857,0.041883951996383575
2321,Normal,Normal,0.0,0.0,0.0016640876086180217,0.998335912391382,0.0
2322,DoS/DDoS,DoS/DDoS,0.0,0.0,1.0,0.0,0.0
2323,Normal,Normal,0.0,0.0,0.0,1.0,0.0
2324,Brute Force,Brute Force,0.0,0.6073791234700057,3.393955286038349e-05,0.0036519805998652217,0.3889349563772687
2325,DoS/DDoS,DoS/DDoS,0.0,2.0028438609459433e-05,0.9961707015569173,0.0038092700044731415,0.0
2326,DoS/DDoS,DoS/DDoS,0.0,0.0,1.0,0.0,0.0
2327,Normal,Normal,0.0,0.0,0.0,1.0,0.0
2328,Brute Force,Brute Force,0.0,1.0,0.0,0.0,0.0
2329,Brute Force,Brute Force,0.0,1.0,0.0,0.0,0.0
2330,Normal,Normal,0.0,0.0,0.0,1.0,0.0
2331,Normal,Normal,0.0,0.0,0.0,1.0,0.0
2332,DoS/DDoS,DoS/DDoS,0.0,0.0,0.9985327134434057,0.0014672865565943131,0.0
2333,Normal,Normal,0.0,0.0,0.0,1.0,0.0
2334,DoS/DDoS,DoS/DDoS,0.0,0.00021209331538452002,0.995183149815061,0.0014390009739530304,0.003165755895601417
2335,Brute Force,Brute Force,0.0,1.0,0.0,0.0,0.0
2336,Normal,Normal,0.0,0.0,0.0,1.0,0.0
2337,DoS/DDoS,DoS/DDoS,0.0,0.0,1.0,0.0,0.0
2338,DoS/DDoS,DoS/DDoS,0.0,0.0016337821468505403,0.9975389118171285,0.000827306036021032,0.0
2339,DoS/DDoS,DoS/DDoS,0.0,0.0,1.0,0.0,0.0
2340,DoS/DDoS,DoS/DDoS,0.0,0.0,1.0,0.0,0.0
2341,DoS/DDoS,DoS/DDoS,0.0,0.0,1.0,0.0,0.0
2342,Brute Force,Brute Force,0.0,1.0,0.0,0.0,0.0
2343,Normal,Normal,0.0,0.0,0.0,1.0,0.0
2344,DoS/DDoS,DoS/DDoS,0.0,0.0,0.9999837280409707,1.6271959029384604e-05,0.0
2345,DoS/DDoS,DoS/DDoS,0.0,0.0,0.9986008403517632,0.0013991596482367127,0.0
2346,Normal,Normal,0.0,0.0,0.0,1.0,0.0
2347,DoS/DDoS,DoS/DDoS,0.0,0.0,0.9999837280409707,1.6271959029384604e-05,0.0
2348,Normal,Normal,0.0,0.0,0.0,1.0,0.0
2349,DoS/DDoS,DoS/DDoS,0.0,0.0,0.9999714047472551,2.8595252744989888e-05,0.0
2350,DoS/DDoS,DoS/DDoS,0.0,0.0,1.0,0.0,0.0
2351,Normal,Normal,0.0,0.08644532532422762,0.05116539833364872,0.8378003094129927,0.024588966929131123
2352,Brute Force,Brute Force,0.0,1.0,0.0,0.0,0.0
2353,DoS/DDoS,DoS/DDoS,0.0,0.0,1.0,0.0,0.0
2354,Brute Force,Web Attack,0.0,0.2551832886998145,1.25579282007367e-05,0.0007036924001694456,0.7441004609718156
2355,Normal,Normal,0.0,0.0,0.0,1.0,0.0
2356,DoS/DDoS,DoS/DDoS,0.0,0.000192968101100968,0.9928912407219048,0.005937450884149803,0.0009783402928444298
2357,Brute Force,Brute Force,0.0,1.0,0.0,0.0,0.0
2358,Bot,Bot,0.9891414498685407,0.0,1.4450702009829216e-06,0.01085710506125841,0.0
2359,Brute Force,Brute Force,0.0,1.0,0.0,0.0,0.0
2360,DoS/DDoS,DoS/DDoS,0.0,0.0,0.9983419652020334,0.0016580347979665384,0.0
2361,Brute Force,Brute Force,0.0,1.0,0.0,0.0,0.0
2362,Normal,Normal,0.0,0.0,0.0,1.0,0.0
2363,Brute Force,Brute Force,0.0,1.0,0.0,0.0,0.0
2364,Brute Force,Brute Force,0.0,1.0,0.0,0.0,0.0
2365,Normal,Normal,0.0,0.0,0.0,1.0,0.0
2366,Normal,Normal,0.0,0.0,0.0,1.0,0.0
2367,Brute Force,Brute Force,0.0,1.0,0.0,0.0,0.0
2368,DoS/DDoS,DoS/DDoS,0.0,0.0,1.0,0.0,0.0
2369,DoS/DDoS,DoS/DDoS,0.0,0.0,1.0,0.0,0.0
2370,Brute Force,Brute Force,0.0,1.0,0.0,0.0,0.0
2371,DoS/DDoS,DoS/DDoS,0.0,0.0,1.0,0.0,0.0
2372,Normal,Normal,0.004884783948503732,0.005,0.22363884207687795,0.7664763739746183,0.0
2373,Brute Force,Brute Force,0.0,1.0,0.0,0.0,0.0
2374,Normal,Normal,0.0,0.039867133140974245,0.00040073123032480267,0.9493501287782237,0.01038200685047719
2375,DoS/DDoS,DoS/DDoS,0.0,0.0,0.9835427091978991,0.0164572908021009,0.0
2376,DoS/DDoS,DoS/DDoS,0.0,0.0,1.0,0.0,0.0
2377,DoS/DDoS,DoS/DDoS,0.0,0.0,1.0,0.0,0.0
2378,Brute Force,Brute Force,0.0,1.0,0.0,0.0,0.0
2379,Normal,Normal,0.0,0.0,0.0,1.0,0.0
2380,Normal,Normal,0.05490106257390954,0.001223831123517097,0.003540994263523125,0.9403341120390503,0.0
2381,Bot,Bot,0.9783563458816489,0.0,3.563600946994233e-05,0.02160801810888098,0.0
2382,Normal,Normal,0.0,0.0,0.0,1.0,0.0
2383,Brute Force,Brute Force,0.0,1.0,0.0,0.0,0.0
2384,Brute Force,Brute Force,0.0,1.0,0.0,0.0,0.0
2385,Brute Force,Brute Force,0.0,1.0,0.0,0.0,0.0
2386,Brute Force,Brute Force,0.0,1.0,0.0,0.0,0.0
2387,Normal,Normal,0.0,0.0,0.0,1.0,0.0
2388,Normal,Normal,0.0,0.0,0.0,1.0,0.0
2389,Normal,Normal,0.0,0.0,0.0,1.0,0.0
2390,Normal,Normal,0.0,0.0,0.0,1.0,0.0
2391,Normal,Normal,0.0,0.05042958674362,0.0034321050988089397,0.9437191092625434,0.0024191988950276245
2392,DoS/DDoS,DoS/DDoS,0.0,0.0,1.0,0.0,0.0
2393,Brute Force,Brute Force,0.0,1.0,0.0,0.0,0.0
2394,Normal,Normal,0.0,0.04678855146847395,0.020423601874882853,0.932787846656643,0.0
2395,Normal,Normal,0.0,0.021672182778979705,0.00033673455402586364,0.9735268643122617,0.004464218354732789
2396,Normal,Normal,0.0,0.0,0.0,1.0,0.0
2397,DoS/DDoS,DoS/DDoS,0.0,0.0,1.0,0.0,0.0
2398,Normal,Normal,0.0,0.005,0.0029967657496783153,0.9920032342503218,0.0
2399,DoS/DDoS,DoS/DDoS,0.0,0.0,0.9999714047472551,2.8595252744989888e-05,0.0
2400,Normal,Normal,0.0,0.0,0.0,1.0,0.0
2401,DoS/DDoS,DoS/DDoS,0.0,0.0,1.0,0.0,0.0
2402,Brute Force,Brute Force,0.0,1.0,0.0,0.0,0.0
2403,DoS/DDoS,DoS/DDoS,0.0,0.0,1.0,0.0,0.0
2404,Normal,Normal,0.0,0.0,0.0,1.0,0.0
2405,Normal,Normal,0.0,0.0,0.0,1.0,0.0
2406,DoS/DDoS,DoS/DDoS,0.0,0.0,1.0,0.0,0.0
2407,Brute Force,Brute Force,0.0,1.0,0.0,0.0,0.0
2408,DoS/DDoS,DoS/DDoS,0.0,0.0,1.0,0.0,0.0
2409,DoS/DDoS,DoS/DDoS,0.0,0.0,1.0,0.0,0.0
2410,DoS/DDoS,DoS/DDoS,0.0,0.0,1.0,0.0,0.0
2411,DoS/DDoS,DoS/DDoS,0.0,0.0,1.0,0.0,0.0
2412,Normal,Normal,0.0,0.0,0.0,1.0,0.0
2413,Brute Force,Brute Force,0.0,0.9841661744520981,0.00037898493739035757,0.015454840610511656,0.0
2414,DoS/DDoS,DoS/DDoS,0.0,0.0,1.0,0.0,0.0
2415,Normal,Normal,0.0,0.0,0.0,1.0,0.0
2416,DoS/DDoS,DoS/DDoS,0.0,0.0,1.0,0.0,0.0
2417,Normal,Normal,0.0,0.0,0.0,1.0,0.0
2418,Normal,Normal,0.0,0.0,0.0,1.0,0.0
2419,Normal,Normal,0.0,0.014329788312162695,0.05920241593148386,0.9193342131805345,0.007133582575818871
2420,Normal,Normal,0.0,0.0,0.0,1.0,0.0
2421,Normal,Normal,0.0,0.0018429690808979245,0.002494031044166738,0.9956629998749353,0.0
2422,Normal,Bot,0.7906161133147038,0.0,8.572693345493378e-05,0.20929815975184118,0.0
2423,Bot,Bot,0.9996011522653034,0.0,1.4450702009829216e-06,0.0003974026644955707,0.0
2424,DoS/DDoS,DoS/DDoS,0.0,0.0,1.0,0.0,0.0
2425,Normal,Normal,0.0,0.0,0.0,1.0,0.0
2426,DoS/DDoS,DoS/DDoS,0.0,0.0,1.0,0.0,0.0
2427,Normal,Normal,0.0,0.0,0.0008338113676561975,0.9991661886323437,0.0
2428,DoS/DDoS,DoS/DDoS,0.0,0.0,1.0,0.0,0.0
2429,Brute Force,Brute Force,0.0,0.7051098306960859,3.748096830746594e-05,0.002315884024901412,0.29253680431070517
2430,Normal,Normal,0.00012021747610021155,0.024915769046392568,0.0001638538045532279,0.9625521895904279,0.012247970082526118
2431,Brute Force,Brute Force,0.0,0.7724592455068706,3.5554519839800734e-05,0.0016667062497475883,0.225838493723542
2432,DoS/DDoS,DoS/DDoS,0.0,0.0,1.0,0.0,0.0
2433,DoS/DDoS,DoS/DDoS,0.0,0.0,0.9999714047472551,2.8595252744989888e-05,0.0
2434,Bot,Bot,1.0,0.0,0.0,0.0,0.0
2435,DoS/DDoS,DoS/DDoS,0.0,0.0,0.9999520123245601,4.7987675439910186e-05,0.0
2436,Brute Force,Brute Force,0.0,0.7614434562040817,3.223540519108048e-05,0.0064269532221580845,0.2320973551685691
2437,Normal,Normal,0.0,0.0,0.0,1.0,0.0
2438,Normal,Normal,0.0,0.0,0.0,1.0,0.0
2439,Normal,Normal,0.0,0.0,0.0,1.0,0.0
2440,DoS/DDoS,DoS/DDoS,0.0,0.0,1.0,0.0,0.0
2441,Normal,Normal,0.0,0.0,0.0,1.0,0.0
2442,Normal,Normal,0.0,0.0,0.0,1.0,0.0
2443,Normal,Normal,0.0,0.0026027252007487806,0.1995096635210962,0.7896662242758693,0.008221387002285797
2444,Normal,Normal,0.005,0.0,0.01374592791781308,0.981254072082187,0.0
2445,DoS/DDoS,DoS/DDoS,0.0,0.0,1.0,0.0,0.0
2446,DoS/DDoS,DoS/DDoS,0.0,0.0,1.0,0.0,0.0
2447,DoS/DDoS,DoS/DDoS,0.0,0.0,0.9999460222460584,5.397775394157798e-05,0.0
2448,Normal,Normal,0.0,0.0,0.0,1.0,0.0
2449,Normal,Normal,0.010505504253572214,0.0012141614474599862,0.002503060208457294,0.9833576859646065,0.0024195881259039876
2450,Brute Force,Brute Force,0.0,1.0,0.0,0.0,0.0
2451,Normal,Normal,0.0,0.0,0.0,1.0,0.0
2452,Brute Force,Brute Force,0.0,1.0,0.0,0.0,0.0
2453,Brute Force,Brute Force,0.0,1.0,0.0,0.0,0.0
2454,Normal,Normal,0.0,0.0025529491403887177,0.0031322925815066406,0.9895170481372335,0.004797710140871146
2455,Normal,Bot,0.7464780651249824,0.0,0.0002741091258811032,0.25324782574913646,0.0
2456,Brute Force,Brute Force,0.0,1.0,0.0,0.0,0.0
2457,DoS/DDoS,DoS/DDoS,0.0,0.0,0.9979226329517465,0.0020773670482533827,0.0
2458,DoS/DDoS,DoS/DDoS,0.0,0.0,1.0,0.0,0.0
2459,DoS/DDoS,DoS/DDoS,0.0,0.0,0.9999684058604776,3.1594139522391764e-05,0.0
2460,DoS/DDoS,DoS/DDoS,0.0,0.0,0.9999897181194723,1.0281880527716808e-05,0.0
2461,DoS/DDoS,DoS/DDoS,0.0,0.0,1.0,0.0,0.0
2462,Normal,Normal,0.0,0.0,0.0,1.0,0.0
2463,Brute Force,Brute Force,0.0,1.0,0.0,0.0,0.0
2464,Normal,Normal,0.017061741588400722,0.001218800844670613,0.0040046174757651055,0.9777148400911635,0.0
2465,Normal,Normal,0.0,0.0,0.0,1.0,0.0
2466,Normal,Normal,0.0,0.0,0.004504789662786613,0.9954952103372134,0.0
2467,DoS/DDoS,DoS/DDoS,0.0,0.0,1.0,0.0,0.0
2468,Normal,Normal,0.0,0.0,0.0,1.0,0.0
2469,Brute Force,Brute Force,0.0,1.0,0.0,0.0,0.0
2470,DoS/DDoS,DoS/DDoS,0.0,0.0,1.0,0.0,0.0
2471,Normal,Normal,0.0,0.0,0.014356837592336337,0.9856431624076636,0.0
2472,DoS/DDoS,DoS/DDoS,0.0,0.0,1.0,0.0,0.0
2473,Brute Force,Brute Force,0.0,1.0,0.0,0.0,0.0
2474,DoS/DDoS,DoS/DDoS,0.0,0.0,1.0,0.0,0.0
2475,Normal,Normal,0.0,0.03770101457407334,0.0004170936054051844,0.956079358286034,0.005802533534487498
2476,Brute Force,Web Attack,0.0,0.24980174545199557,1.0456903281202048e-05,0.0014516464047985933,0.7487361512399248
2477,Normal,Normal,0.0,0.0,0.0,1.0,0.0
2478,DoS/DDoS,DoS/DDoS,0.0,0.0,0.999969598059839,3.040194016098469e-05,0.0
2479,Brute Force,Brute Force,0.0,1.0,0.0,0.0,0.0
2480,Brute Force,Brute Force,0.0,1.0,0.0,0.0,0.0
2481,Normal,Normal,0.0,0.0,0.0,1.0,0.0
2482,Normal,Normal,0.0,0.0,0.0,1.0,0.0
2483,Normal,Normal,0.220748518159212,0.0,9.675342758412823e-05,0.7791547284132039,0.0
2484,Normal,Normal,0.0,0.0,0.00561753274698909,0.9943824672530108,0.0
2485,Brute Force,Brute Force,0.0,0.8941147768038098,0.00024115647716670133,0.05187128850090989,0.053772778218113465
2486,Normal,Normal,0.0,0.03558927402737604,0.018051032412454666,0.932163447011048,0.014196246549121144
2487,DoS/DDoS,DoS/DDoS,0.0,0.0,1.0,0.0,0.0
2488,Normal,Normal,0.0,0.0,0.0,1.0,0.0
2489,DoS/DDoS,DoS/DDoS,0.0,0.0,1.0,0.0,0.0
2490,Normal,Normal,0.0,0.0,0.0,1.0,0.0
2491,DoS/DDoS,DoS/DDoS,0.0,0.0,1.0,0.0,0.0
2492,Brute Force,Brute Force,0.0,1.0,0.0,0.0,0.0
2493,Brute Force,Brute Force,0.0,1.0,0.0,0.0,0.0
2494,Normal,Normal,0.0,0.0,0.0,1.0,0.0
2495,Normal,Normal,0.0,0.0,0.0,1.0,0.0
2496,Brute Force,Brute Force,0.0,1.0,0.0,0.0,0.0
2497,Bot,Bot,1.0,0.0,0.0,0.0,0.0
2498,DoS/DDoS,DoS/DDoS,0.0,0.0,1.0,0.0,0.0
2499,DoS/DDoS,DoS/DDoS,0.0,0.0,1.0,0.0,0.0
2500,Normal,Normal,0.0,0.0,0.0,1.0,0.0
2501,Normal,Normal,0.0,0.0,0.0,1.0,0.0
2502,DoS/DDoS,DoS/DDoS,0.0,0.0,1.0,0.0,0.0
2503,Normal,Normal,0.0,0.0,0.0,1.0,0.0
2504,Brute Force,Brute Force,0.0,1.0,0.0,0.0,0.0
2505,DoS/DDoS,DoS/DDoS,0.0,0.0,0.9999946236857931,5.376314206946534e-06,0.0
2506,Normal,Normal,0.0,0.0,0.0,1.0,0.0
2507,Normal,Normal,0.0,0.0,0.0,1.0,0.0
2508,DoS/DDoS,DoS/DDoS,0.0,0.0,1.0,0.0,0.0
2509,Normal,Normal,0.0,0.006063156195317181,0.0019534378235844686,0.977093570342616,0.014889835638482276
2510,DoS/DDoS,DoS/DDoS,0.0,0.0,0.9999886336072914,1.1366392708614331e-05,0.0
2511,Brute Force,Brute Force,0.0,1.0,0.0,0.0,0.0
2512,Brute Force,Brute Force,0.0,1.0,0.0,0.0,0.0
2513,Normal,Normal,0.0,0.0,0.0,1.0,0.0
2514,DoS/DDoS,DoS/DDoS,0.0,0.0,1.0,0.0,0.0
2515,Normal,Normal,0.0,0.0,0.0,1.0,0.0
2516,DoS/DDoS,DoS/DDoS,0.0,0.0,1.0,0.0,0.0
2517,Bot,Bot,0.915272614586337,0.0,0.002989004331865551,0.0817383810817974,0.0
2518,Normal,Normal,0.0,0.0,0.0,1.0,0.0
2519,Brute Force,Brute Force,0.0,1.0,0.0,0.0,0.0
2520,Brute Force,Brute Force,0.0,1.0,0.0,0.0,0.0
2521,Normal,Normal,0.0,0.0,0.0,1.0,0.0
2522,DoS/DDoS,DoS/DDoS,0.0,0.0,1.0,0.0,0.0
2523,DoS/DDoS,DoS/DDoS,0.0,0.0,1.0,0.0,0.0
2524,DoS/DDoS,DoS/DDoS,0.0,0.0,1.0,0.0,0.0
2525,Brute Force,Brute Force,0.0,1.0,0.0,0.0,0.0
2526,DoS/DDoS,DoS/DDoS,0.0,0.0,0.999947412742351,5.25872576490401e-05,0.0
2527,DoS/DDoS,DoS/DDoS,0.0,0.0,0.999943023359281,5.697664071897986e-05,0.0
2528,DoS/DDoS,DoS/DDoS,0.0,0.0,1.0,0.0,0.0
2529,Normal,Normal,0.0,0.0,0.0,1.0,0.0
2530,DoS/DDoS,DoS/DDoS,0.0,0.0,1.0,0.0,0.0
2531,DoS/DDoS,DoS/DDoS,0.0,0.0,0.9983359480852885,0.0016640519147115452,0.0
2532,Brute Force,Brute Force,0.0,1.0,0.0,0.0,0.0
2533,DoS/DDoS,DoS/DDoS,0.0,0.0,1.0,0.0,0.0
2534,DoS/DDoS,DoS/DDoS,0.0,0.0019666723298221766,0.9980333276701778,0.0,0.0
2535,DoS/DDoS,DoS/DDoS,0.0,0.0,1.0,0.0,0.0
2536,DoS/DDoS,DoS/DDoS,0.0,0.0,1.0,0.0,0.0
2537,DoS/DDoS,DoS/DDoS,0.0,0.0,1.0,0.0,0.0
2538,Normal,Normal,0.0,0.0,0.0,1.0,0.0
2539,Normal,Normal,0.0,0.0,0.0,1.0,0.0
2540,Normal,Normal,0.0,0.0,0.0,1.0,0.0
2541,DoS/DDoS,DoS/DDoS,0.0,0.0,1.0,0.0,0.0
2542,Brute Force,Web Attack,0.0,0.08631989625813596,1.4162293260255451e-05,0.0007816497772364684,0.9128842916713674
2543,DoS/DDoS,DoS/DDoS,0.0,0.0,1.0,0.0,0.0
2544,Brute Force,Brute Force,0.0,1.0,0.0,0.0,0.0
2545,Normal,Normal,0.0,0.021615333692191204,0.0001829189002014809,0.9684083116703767,0.009793435737230684
2546,Normal,Normal,0.0,0.0,0.0,1.0,0.0
2547,DoS/DDoS,DoS/DDoS,0.0,2.0028438609459433e-05,0.9973030992128322,0.0026768723485582654,0.0
2548,DoS/DDoS,DoS/DDoS,0.0,0.0,0.9999684058604776,3.1594139522391764e-05,0.0
2549,Brute Force,Brute Force,0.0,1.0,0.0,0.0,0.0
2550,Brute Force,Brute Force,0.0,1.0,0.0,0.0,0.0
2551,Normal,Normal,0.0,0.024083667639739938,0.0001829189002014809,0.9678311434744749,0.007902269985583783
2552,Brute Force,Brute Force,0.0,1.0,0.0,0.0,0.0
2553,DoS/DDoS,DoS/DDoS,0.0,0.0,1.0,0.0,0.0
2554,DoS/DDoS,DoS/DDoS,0.0,0.0,1.0,0.0,0.0
2555,DoS/DDoS,DoS/DDoS,0.0,0.0,1.0,0.0,0.0
2556,Normal,Normal,0.0,0.0,0.0,1.0,0.0
2557,Normal,Normal,0.014105184151293013,0.0,0.011949220098637995,0.9739455957500689,0.0
2558,Brute Force,Brute Force,0.0,1.0,0.0,0.0,0.0
2559,DoS/DDoS,DoS/DDoS,0.0,0.0,1.0,0.0,0.0
2560,Normal,Normal,0.04810111404683559,0.0017617828554212015,0.0,0.9501371030977434,0.0
2561,Normal,Normal,0.003242024719417341,0.0,0.00561905915675396,0.9911389161238288,0.0
2562,Brute Force,Brute Force,0.0,1.0,0.0,0.0,0.0
2563,Brute Force,Brute Force,0.0,1.0,0.0,0.0,0.0
2564,Normal,Normal,0.002194096034689252,0.006054405339523351,0.0005180921715357101,0.9844390281578702,0.006794378296381482
2565,DoS/DDoS,DoS/DDoS,0.0,0.0,1.0,0.0,0.0
2566,Brute Force,Brute Force,0.0,1.0,0.0,0.0,0.0
2567,Normal,Normal,0.0,0.0,0.0,1.0,0.0
2568,DoS/DDoS,DoS/DDoS,0.0,0.0,1.0,0.0,0.0
2569,Brute Force,Brute Force,0.0,1.0,0.0,0.0,0.0
2570,DoS/DDoS,DoS/DDoS,0.0,0.0,1.0,0.0,0.0
2571,Brute Force,Brute Force,0.0,1.0,0.0,0.0,0.0
2572,DoS/DDoS,DoS/DDoS,0.0,0.0,1.0,0.0,0.0
2573,Normal,Normal,0.0,0.0,0.0,1.0,0.0
2574,Brute Force,Brute Force,0.0,1.0,0.0,0.0,0.0
2575,Brute Force,Brute Force,0.0,1.0,0.0,0.0,0.0
2576,Brute Force,Brute Force,0.0,1.0,0.0,0.0,0.0
2577,Brute Force,Brute Force,0.0,0.9753362791169494,0.002645314419586152,0.022018406463464354,0.0
2578,Normal,Normal,0.32801480141075756,0.0,1.396789262938335e-05,0.671971230696613,0.0
2579,Normal,Normal,0.0,0.0019723540042923303,0.006441737013039138,0.9915859089826685,0.0
2580,Normal,Normal,0.0,0.0,0.0,1.0,0.0
2581,Brute Force,Brute Force,0.0,1.0,0.0,0.0,0.0
2582,Normal,Normal,0.0,0.0,0.0,1.0,0.0
2583,Normal,Normal,0.0,0.0,0.0,1.0,0.0
2584,DoS/DDoS,DoS/DDoS,0.0,0.0,1.0,0.0,0.0
2585,Brute Force,Brute Force,0.0,1.0,0.0,0.0,0.0
2586,Brute Force,Brute Force,0.0,1.0,0.0,0.0,0.0
2587,DoS/DDoS,DoS/DDoS,0.0,0.0,1.0,0.0,0.0
2588,Normal,Normal,0.0,0.0,0.0,1.0,0.0
2589,Normal,Normal,0.0,0.0,0.0,1.0,0.0
2590,DoS/DDoS,DoS/DDoS,0.0,0.0,1.0,0.0,0.0
2591,Brute Force,Brute Force,0.0,1.0,0.0,0.0,0.0
2592,Normal,Normal,0.0,0.0,0.0,1.0,0.0
2593,Normal,Normal,0.0,0.0,0.0025,0.9975,0.0
2594,DoS/DDoS,DoS/DDoS,0.0,0.0,1.0,0.0,0.0
2595,DoS/DDoS,DoS/DDoS,0.0,0.0,1.0,0.0,0.0
2596,Brute Force,Brute Force,0.0,1.0,0.0,0.0,0.0
2597,DoS/DDoS,DoS/DDoS,0.0,0.0,1.0,0.0,0.0
2598,Web Attack,Web Attack,0.0,0.19548988575069212,1.25579282007367e-05,0.0007127557468464852,0.8037848005742607
2599,Normal,Normal,0.00012021747610021155,0.01732172681682385,0.0005783027372773999,0.9792139287690727,0.002765824200725724
2600,Brute Force,Brute Force,0.0,0.8961336980311216,0.0011136317597792188,0.03767087594833246,0.06508179426076666
2601,DoS/DDoS,DoS/DDoS,0.0,0.0,1.0,0.0,0.0
2602,DoS/DDoS,DoS/DDoS,0.0,0.0,1.0,0.0,0.0
2603,DoS/DDoS,DoS/DDoS,0.0,0.0,1.0,0.0,0.0
2604,Brute Force,Brute Force,0.0,1.0,0.0,0.0,0.0
2605,DoS/DDoS,DoS/DDoS,0.0,0.0,1.0,0.0,0.0
2606,DoS/DDoS,DoS/DDoS,0.0,0.0,1.0,0.0,0.0
2607,DoS/DDoS,DoS/DDoS,0.0,0.0,1.0,0.0,0.0
2608,DoS/DDoS,DoS/DDoS,0.0,0.0,1.0,0.0,0.0
2609,DoS/DDoS,DoS/DDoS,0.0,0.0,1.0,0.0,0.0
2610,Normal,Normal,0.0,0.036048175391886046,0.0004316354156106525,0.9493143910239836,0.014205798168519556
2611,DoS/DDoS,DoS/DDoS,0.0,0.0,1.0,0.0,0.0
2612,Normal,Normal,0.0,0.001971573832195725,0.0,0.9980284261678043,0.0
2613,Brute Force,Brute Force,0.0,1.0,0.0,0.0,0.0
2614,DoS/DDoS,DoS/DDoS,0.0,0.0,1.0,0.0,0.0
2615,Normal,Normal,0.0,0.0,0.001655890633201317,0.9983441093667986,0.0
2616,DoS/DDoS,DoS/DDoS,0.0,0.0,1.0,0.0,0.0
2617,Normal,Normal,0.0,0.009967407236385947,0.0,0.990032592763614,0.0
2618,Normal,Normal,0.0,0.0,0.0,1.0,0.0
2619,Brute Force,Brute Force,0.0,1.0,0.0,0.0,0.0
2620,Normal,Normal,0.0,0.008733992134001485,0.0001627662403033889,0.9887161664985712,0.0023870751271239895
2621,DoS/DDoS,DoS/DDoS,0.0,0.0,1.0,0.0,0.0
2622,Normal,Normal,0.0,0.0,0.0,1.0,0.0
2623,Normal,Normal,0.0,0.0,0.0,1.0,0.0
2624,Normal,Normal,0.0,0.000556417537752031,0.012719771728700582,0.9801412122799619,0.006582598453585546
2625,Brute Force,Brute Force,0.0,1.0,0.0,0.0,0.0
2626,Normal,Normal,0.0,0.0013885088919288646,0.13411385313285598,0.8644976379752152,0.0
2627,Normal,Normal,0.001263359235183475,0.007553527729872571,0.0,0.9888449811522321,0.002338131882711954
2628,DoS/DDoS,DoS/DDoS,0.0,0.0,1.0,0.0,0.0
2629,DoS/DDoS,DoS/DDoS,0.0,0.0,0.9999714047472551,2.8595252744989888e-05,0.0
2630,Brute Force,Brute Force,0.0,1.0,0.0,0.0,0.0
2631,DoS/DDoS,DoS/DDoS,0.0,0.0,1.0,0.0,0.0
2632,Brute Force,Brute Force,0.0,1.0,0.0,0.0,0.0
2633,Brute Force,Brute Force,0.0,1.0,0.0,0.0,0.0
2634,DoS/DDoS,DoS/DDoS,0.0,0.0,0.9999837280409707,1.6271959029384604e-05,0.0
2635,DoS/DDoS,DoS/DDoS,0.0,0.0,0.9999714047472551,2.8595252744989888e-05,0.0
2636,Normal,Normal,0.0075,0.0,0.007601244020151325,0.9848987559798487,0.0
2637,Brute Force,Brute Force,0.0,0.5308431398295923,0.0007501222332667969,0.03158846359751824,0.4368182743396228
2638,Normal,Normal,0.0,0.005078368347803036,0.001660039998095329,0.9908399600019047,0.002421631652196965
2639,Normal,Normal,0.0,0.0,0.0012505389092476826,0.9987494610907524,0.0
2640,Normal,Normal,0.0,0.004437168133356785,0.40190848939979873,0.5936543424668445,0.0
2641,DoS/DDoS,DoS/DDoS,0.0,0.0,1.0,0.0,0.0
2642,Normal,Normal,0.012399585148063458,0.0,0.0020870932757019824,0.9855133215762346,0.0
2643,Normal,Normal,0.0,0.0,0.0,1.0,0.0
2644,Bot,Bot,1.0,0.0,0.0,0.0,0.0
2645,Normal,Normal,0.0,0.0,0.0,1.0,0.0
2646,DoS/DDoS,DoS/DDoS,0.0,0.0,1.0,0.0,0.0
2647,Normal,Normal,0.0,0.0,0.0,1.0,0.0
2648,DoS/DDoS,DoS/DDoS,0.0,0.0,1.0,0.0,0.0
2649,DoS/DDoS,DoS/DDoS,0.0,0.0,1.0,0.0,0.0
2650,Web Attack,Web Attack,0.0,0.00023000338639323091,0.00017080138438500488,0.0032739916240951497,0.9963252036051267
2651,DoS/DDoS,DoS/DDoS,0.0,0.0,1.0,0.0,0.0
2652,Brute Force,Brute Force,0.0,1.0,0.0,0.0,0.0
2653,Normal,Normal,0.0,0.004616798728943027,0.009496385873430713,0.9858868153976263,0.0
2654,DoS/DDoS,DoS/DDoS,0.0,0.0,1.0,0.0,0.0
2655,Normal,Bot,0.5733430147036157,0.0,0.00013079318672564797,0.4265261921096586,0.0
2656,Normal,Normal,0.0,0.0,0.0,1.0,0.0
2657,DoS/DDoS,DoS/DDoS,0.0,0.00024194819449427105,0.993613426700247,0.005166284812414318,0.0009783402928444298
2658,Brute Force,Brute Force,0.0,1.0,0.0,0.0,0.0
2659,Normal,Normal,0.0,0.014756189239583693,0.1213732515806608,0.846685785503624,0.01718477367613149
2660,Brute Force,Brute Force,0.0,1.0,0.0,0.0,0.0
2661,DoS/DDoS,DoS/DDoS,0.0,0.0,0.9999897181194723,1.0281880527716808e-05,0.0
2662,Normal,Normal,0.0,0.04208188431599773,0.000526480472337129,0.8861037300532171,0.07128790515844804
2663,Normal,Normal,0.0,0.0,0.0,1.0,0.0
2664,DoS/DDoS,DoS/DDoS,0.0,0.0,1.0,0.0,0.0
2665,Normal,Normal,0.0,0.0,0.0,1.0,0.0
2666,DoS/DDoS,DoS/DDoS,0.0,0.0,1.0,0.0,0.0
2667,DoS/DDoS,DoS/DDoS,0.0,0.0,1.0,0.0,0.0
2668,DoS/DDoS,DoS/DDoS,0.0,0.0,1.0,0.0,0.0
2669,Web Attack,Web Attack,0.0,0.2821922590633647,2.323947793150385e-05,0.002087803165692223,0.7156966982930115
2670,DoS/DDoS,DoS/DDoS,0.0,0.0,1.0,0.0,0.0
2671,Brute Force,Brute Force,0.0,1.0,0.0,0.0,0.0
2672,Normal,Normal,0.0,0.0,0.01916062293585756,0.9808393770641426,0.0
2673,Bot,Bot,0.9998706497234016,0.0,1.4450702009829216e-06,0.00012790520639746524,0.0
2674,DoS/DDoS,DoS/DDoS,0.0,0.0,1.0,0.0,0.0
2675,Web Attack,Web Attack,0.0,0.0672047066316183,1.25579282007367e-05,0.0007257552865550604,0.932056980153626
2676,Normal,Normal,0.0,0.0,0.0,1.0,0.0
2677,DoS/DDoS,DoS/DDoS,0.0,0.0,0.9999837280409707,1.6271959029384604e-05,0.0
2678,DoS/DDoS,DoS/DDoS,0.0,0.0,1.0,0.0,0.0
2679,Normal,Normal,0.0,0.006342497174024245,0.0,0.9936575028259758,0.0
2680,DoS/DDoS,DoS/DDoS,0.0,0.0,0.9999837280409707,1.6271959029384604e-05,0.0
2681,Normal,Normal,0.0,0.0,0.0,1.0,0.0
2682,DoS/DDoS,DoS/DDoS,0.002179809843400447,0.0,0.9978201901565995,0.0,0.0
2683,Normal,Normal,0.0,0.0,0.0,1.0,0.0
2684,DoS/DDoS,DoS/DDoS,0.0,0.0,1.0,0.0,0.0
2685,Brute Force,Brute Force,0.0,1.0,0.0,0.0,0.0
2686,DoS/DDoS,DoS/DDoS,0.0,0.0,1.0,0.0,0.0
2687,Brute Force,Brute Force,0.0,1.0,0.0,0.0,0.0
2688,Normal,Normal,0.08547217738602694,0.0,4.40222222775531e-06,0.9145234203917452,0.0
2689,Normal,Normal,0.0,0.0,0.0,1.0,0.0
2690,Brute Force,Brute Force,0.0,1.0,0.0,0.0,0.0
2691,Normal,Normal,0.0,0.0,0.0,1.0,0.0
2692,DoS/DDoS,DoS/DDoS,0.0,0.0019094758444807003,0.9750117451266883,0.017722372815408033,0.005356406213423001
2693,DoS/DDoS,DoS/DDoS,0.0,0.0,0.9999886336072914,1.1366392708614331e-05,0.0
2694,Normal,Normal,0.0,0.0,0.0,1.0,0.0
2695,DoS/DDoS,DoS/DDoS,0.0,0.0,1.0,0.0,0.0
2696,DoS/DDoS,DoS/DDoS,0.0,0.0,1.0,0.0,0.0
2697,DoS/DDoS,DoS/DDoS,0.0,0.0,1.0,0.0,0.0
2698,DoS/DDoS,DoS/DDoS,0.0,0.0,1.0,0.0,0.0
2699,Normal,Normal,0.0,0.0,0.0,1.0,0.0
2700,DoS/DDoS,DoS/DDoS,0.0,0.0,0.9999837280409707,1.6271959029384604e-05,0.0
2701,Brute Force,Brute Force,0.0,1.0,0.0,0.0,0.0
2702,DoS/DDoS,DoS/DDoS,0.0,0.0,0.9999837280409707,1.6271959029384604e-05,0.0
2703,Normal,Normal,0.0,0.0037365878594725218,0.0,0.9962634121405275,0.0
2704,Normal,Normal,0.0,0.0,0.0,1.0,0.0
2705,Brute Force,Brute Force,0.0,1.0,0.0,0.0,0.0
2706,Brute Force,Brute Force,0.0,1.0,0.0,0.0,0.0
2707,DoS/DDoS,DoS/DDoS,0.0,0.0,1.0,0.0,0.0
2708,DoS/DDoS,DoS/DDoS,0.0,0.0,1.0,0.0,0.0
2709,DoS/DDoS,DoS/DDoS,0.0,0.0,0.9999684058604776,3.1594139522391764e-05,0.0
2710,Normal,Normal,0.0,0.0,5.5606715307784965e-05,0.9999443932846922,0.0
2711,Normal,Normal,0.0,0.0,0.0,1.0,0.0
2712,DoS/DDoS,DoS/DDoS,0.0,0.0,0.9986128871906741,0.001387112809325875,0.0
2713,DoS/DDoS,DoS/DDoS,0.0,0.0,1.0,0.0,0.0
2714,DoS/DDoS,DoS/DDoS,0.0,0.0,0.9987500447787927,0.0012499552212072362,0.0
2715,Normal,Normal,0.0,0.0,0.0,1.0,0.0
2716,DoS/DDoS,DoS/DDoS,0.0,0.0,1.0,0.0,0.0
2717,Normal,Normal,0.0,0.0,0.0,1.0,0.0
2718,DoS/DDoS,DoS/DDoS,0.0,0.0,1.0,0.0,0.0
2719,DoS/DDoS,DoS/DDoS,0.0,0.0,0.9778440165895561,0.022155983410443884,0.0
2720,Normal,Normal,0.0,0.0,0.0,1.0,0.0
2721,DoS/DDoS,DoS/DDoS,0.0,0.0,1.0,0.0,0.0
2722,DoS/DDoS,DoS/DDoS,0.0,0.0,1.0,0.0,0.0
2723,Normal,Normal,0.0,0.0,0.0,1.0,0.0
2724,DoS/DDoS,DoS/DDoS,0.0,0.0,1.0,0.0,0.0
2725,DoS/DDoS,DoS/DDoS,0.0,0.0,1.0,0.0,0.0
2726,Normal,Normal,0.0,0.005,0.0033395442167120535,0.9793936363055262,0.0122668194777617
2727,Normal,Normal,0.0,0.0071964292026573005,0.02019651390148712,0.9726070568958556,0.0
2728,DoS/DDoS,DoS/DDoS,0.0,0.0,0.9999886336072914,1.1366392708614331e-05,0.0
2729,DoS/DDoS,DoS/DDoS,0.0,0.0,1.0,0.0,0.0
2730,Normal,Normal,0.0,0.0,0.0,1.0,0.0
2731,DoS/DDoS,DoS/DDoS,0.0,0.0,1.0,0.0,0.0
2732,Brute Force,Brute Force,0.0,0.9410822246157318,0.0007000426100404945,0.0235972128655184,0.03462051990870939
2733,Normal,Normal,0.0,0.0,0.0,1.0,0.0
2734,DoS/DDoS,DoS/DDoS,0.0,0.0,1.0,0.0,0.0
2735,Brute Force,Web Attack,0.0,0.40026188094180903,2.0543926530199344e-05,0.001542078709165206,0.5981754964224956
2736,Normal,Normal,0.0,0.0,0.0,1.0,0.0
2737,Brute Force,Brute Force,0.0,0.9410822246157318,0.0007000426100404945,0.0235972128655184,0.03462051990870939
2738,Normal,Normal,0.0,0.0,0.0,1.0,0.0
2739,Brute Force,Brute Force,0.0,1.0,0.0,0.0,0.0
2740,Normal,Normal,0.011829855559339344,0.0030055387744368943,0.007553866715238667,0.9776107389509852,0.0
2741,DoS/DDoS,DoS/DDoS,0.0020869788209738733,0.002765832626344635,0.7302058605788545,0.2627143032630068,0.0022270247108202683
2742,DoS/DDoS,DoS/DDoS,0.0,0.0,0.9999837280409707,1.6271959029384604e-05,0.0
2743,Brute Force,Brute Force,0.0,1.0,0.0,0.0,0.0
2744,Normal,Normal,0.0,0.0026855216787673216,0.07285579172265978,0.9215924640316466,0.0028662225669262562
2745,Brute Force,Brute Force,0.0,1.0,0.0,0.0,0.0
2746,DoS/DDoS,DoS/DDoS,0.0,0.0,1.0,0.0,0.0
2747,Brute Force,Brute Force,0.0,1.0,0.0,0.0,0.0
2748,DoS/DDoS,DoS/DDoS,0.0,0.003602121627425926,0.857471770077998,0.1389261082945761,0.0
2749,Normal,Normal,0.0,0.0,0.0,1.0,0.0
2750,Normal,Normal,0.0,0.015420620129550684,0.02952929538857821,0.9550500844818712,0.0
2751,Brute Force,Brute Force,0.0,1.0,0.0,0.0,0.0
2752,DoS/DDoS,DoS/DDoS,0.0,0.0,1.0,0.0,0.0
2753,Web Attack,Web Attack,0.0,0.19596490342883593,5.165844966902835e-05,0.0035698193360423156,0.8004136187854529
2754,DoS/DDoS,DoS/DDoS,0.0,0.0,1.0,0.0,0.0
2755,Normal,Normal,0.0,0.0,0.0,1.0,0.0
2756,Bot,Bot,1.0,0.0,0.0,0.0,0.0
2757,Normal,Normal,0.0,0.0,0.0,1.0,0.0
2758,DoS/DDoS,DoS/DDoS,0.0,0.0,1.0,0.0,0.0
2759,Normal,Normal,0.0,0.0,0.0,1.0,0.0
2760,DoS/DDoS,DoS/DDoS,0.0,0.0,1.0,0.0,0.0
2761,Normal,Normal,0.0,0.0,0.0,1.0,0.0
2762,Normal,Normal,0.0,0.0,0.0,1.0,0.0
2763,Normal,Normal,0.0,0.0,0.0,1.0,0.0
2764,DoS/DDoS,DoS/DDoS,0.0,0.0,1.0,0.0,0.0
2765,Brute Force,Brute Force,0.0,1.0,0.0,0.0,0.0
2766,Brute Force,Brute Force,0.0,1.0,0.0,0.0,0.0
2767,DoS/DDoS,DoS/DDoS,0.0,0.0,1.0,0.0,0.0
2768,Normal,Normal,0.0,0.02293599632700844,0.09553355912193487,0.8623942559814649,0.019136188569591785
2769,Normal,Normal,0.0,0.0,0.0,1.0,0.0
2770,DoS/DDoS,DoS/DDoS,0.0,0.0,1.0,0.0,0.0
2771,Normal,Normal,0.0,0.0,0.0,1.0,0.0
2772,DoS/DDoS,DoS/DDoS,0.0,0.0,1.0,0.0,0.0
2773,DoS/DDoS,DoS/DDoS,0.0,0.0,1.0,0.0,0.0
2774,Normal,Normal,0.0,0.0,0.0,1.0,0.0
2775,Normal,Normal,0.02059665037690418,0.0038270303981060502,0.0019094603903975407,0.9736668588345923,0.0
2776,DoS/DDoS,DoS/DDoS,0.0,0.0,1.0,0.0,0.0
2777,DoS/DDoS,DoS/DDoS,0.0,0.0,1.0,0.0,0.0
2778,DoS/DDoS,DoS/DDoS,0.0,0.0,1.0,0.0,0.0
2779,DoS/DDoS,DoS/DDoS,0.0,0.0,0.9999897181194723,1.0281880527716808e-05,0.0
2780,Brute Force,Brute Force,0.0,1.0,0.0,0.0,0.0
2781,DoS/DDoS,DoS/DDoS,0.0,0.0,1.0,0.0,0.0
2782,DoS/DDoS,DoS/DDoS,0.0,0.0,1.0,0.0,0.0
2783,Brute Force,Brute Force,0.0,1.0,0.0,0.0,0.0
2784,DoS/DDoS,DoS/DDoS,0.0,0.0,0.9999460222460584,5.397775394157798e-05,0.0
2785,DoS/DDoS,DoS/DDoS,0.0,0.0,1.0,0.0,0.0
2786,DoS/DDoS,DoS/DDoS,0.0,0.0,1.0,0.0,0.0
2787,Brute Force,Web Attack,0.0,0.4577137607208997,1.4162293260255451e-05,0.003502283571632195,0.5387697934142079
2788,DoS/DDoS,DoS/DDoS,0.0,0.0,1.0,0.0,0.0
2789,Brute Force,Brute Force,0.0,1.0,0.0,0.0,0.0
2790,DoS/DDoS,DoS/DDoS,0.0,0.0,1.0,0.0,0.0
2791,DoS/DDoS,DoS/DDoS,0.0,0.0,1.0,0.0,0.0
2792,DoS/DDoS,DoS/DDoS,0.0,0.0,1.0,0.0,0.0
2793,Normal,Normal,0.0,0.0,0.0,1.0,0.0
2794,Bot,Bot,0.9771901010703552,0.0,2.405582131574279e-05,0.022785843108329054,0.0
2795,Bot,Bot,1.0,0.0,0.0,0.0,0.0
2796,DoS/DDoS,DoS/DDoS,0.0,0.0,1.0,0.0,0.0
2797,Normal,Normal,0.0020903519893739056,0.0025,0.006864976081006997,0.9885446719296191,0.0
2798,DoS/DDoS,DoS/DDoS,0.0,0.0,1.0,0.0,0.0
2799,Normal,Normal,0.0071268904952352125,0.0,0.019577549430916146,0.9732955600738485,0.0
2800,Brute Force,Web Attack,0.0,0.20276715653334018,1.25579282007367e-05,0.0007127557468464852,0.7965075297916127
2801,DoS/DDoS,DoS/DDoS,0.0,0.0,0.9991540407267393,0.0008459592732607484,0.0
2802,DoS/DDoS,DoS/DDoS,0.0,0.0,1.0,0.0,0.0
2803,Brute Force,Brute Force,0.0,1.0,0.0,0.0,0.0
2804,Bot,Bot,0.9968584013426975,0.0,0.0,0.0031415986573024605,0.0
2805,DoS/DDoS,DoS/DDoS,0.0,0.0,1.0,0.0,0.0
2806,DoS/DDoS,DoS/DDoS,0.0,0.0,1.0,0.0,0.0
2807,Bot,Bot,1.0,0.0,0.0,0.0,0.0
2808,DoS/DDoS,DoS/DDoS,0.0,0.0,0.9999886336072914,1.1366392708614331e-05,0.0
2809,DoS/DDoS,DoS/DDoS,0.0,0.0,1.0,0.0,0.0
2810,Brute Force,Brute Force,0.0,1.0,0.0,0.0,0.0
2811,DoS/DDoS,DoS/DDoS,0.0,0.0,0.9984886070935078,0.0015113929064921533,0.0
2812,DoS/DDoS,DoS/DDoS,0.0,0.0,0.9999946236857931,5.376314206946534e-06,0.0
2813,Normal,Normal,0.0,0.0,0.0,1.0,0.0
2814,Normal,Bot,0.6586056549219259,0.0,0.00013079318672564797,0.34126355189134827,0.0
2815,Brute Force,Brute Force,0.0,1.0,0.0,0.0,0.0
2816,DoS/DDoS,DoS/DDoS,0.0,0.0,0.9633232879113055,0.03667671208869441,0.0
2817,DoS/DDoS,DoS/DDoS,0.0,0.0,1.0,0.0,0.0
2818,Normal,Normal,0.0025,0.0,0.03747714591046536,0.9600228540895346,0.0
2819,Normal,Normal,0.002091070248182201,0.0025,0.0018773033987928855,0.9935316263530249,0.0
2820,Brute Force,Brute Force,0.0,1.0,0.0,0.0,0.0
2821,Brute Force,Brute Force,0.0,1.0,0.0,0.0,0.0
2822,Normal,Normal,0.0,0.0016170058139534883,0.0016597087262170396,0.9967232854598294,0.0
2823,DoS/DDoS,DoS/DDoS,0.0,0.0,1.0,0.0,0.0
2824,DoS/DDoS,DoS/DDoS,0.0,0.0,1.0,0.0,0.0
2825,Brute Force,Brute Force,0.0,1.0,0.0,0.0,0.0
2826,Normal,Normal,0.0,0.02635216669321084,0.0,0.9711749918846673,0.002472841422121896
2827,DoS/DDoS,DoS/DDoS,0.0,0.0,1.0,0.0,0.0
2828,DoS/DDoS,DoS/DDoS,0.0,0.0,1.0,0.0,0.0
2829,Normal,Normal,0.0,0.0,0.0,1.0,0.0
2830,DoS/DDoS,DoS/DDoS,0.0,0.0,1.0,0.0,0.0
2831,DoS/DDoS,DoS/DDoS,0.0,0.0,0.999969598059839,3.040194016098469e-05,0.0
2832,DoS/DDoS,DoS/DDoS,0.0,0.0,0.998339923302289,0.0016600766977109785,0.0
2833,Normal,Normal,0.0,0.0,0.0,1.0,0.0
2834,Normal,Normal,0.0,0.031424423921274494,0.0003699611546522941,0.95633867312318,0.011866941800893259
2835,Normal,Normal,0.0,0.0,0.0,1.0,0.0
2836,Brute Force,Web Attack,0.0,0.13568719590177683,1.0456903281202048e-05,0.000750866818362947,0.863551480376579
2837,DoS/DDoS,DoS/DDoS,0.0,0.0,1.0,0.0,0.0
2838,Normal,Normal,0.0022806329279455996,0.0,0.0,0.9977193670720544,0.0
2839,Brute Force,Brute Force,0.0,1.0,0.0,0.0,0.0
2840,Normal,Normal,0.0,0.0,0.0,1.0,0.0
2841,Brute Force,Brute Force,0.0,1.0,0.0,0.0,0.0
2842,DoS/DDoS,DoS/DDoS,0.0,0.0,1.0,0.0,0.0
2843,DoS/DDoS,DoS/DDoS,0.0,0.0,0.9999897181194723,1.0281880527716808e-05,0.0
2844,DoS/DDoS,DoS/DDoS,0.0,0.0,0.9999668162769407,3.3183723059252104e-05,0.0
2845,Bot,Bot,0.9863579603002375,0.00021037718603375788,0.00023473018629451491,0.013196932327434269,0.0
2846,DoS/DDoS,DoS/DDoS,0.0,0.0,0.999969598059839,3.040194016098469e-05,0.0
2847,DoS/DDoS,DoS/DDoS,0.0,0.0,0.9999946236857931,5.376314206946534e-06,0.0
2848,Brute Force,Brute Force,0.0,1.0,0.0,0.0,0.0
2849,Normal,Normal,0.0,0.0,0.0,1.0,0.0
2850,DoS/DDoS,DoS/DDoS,0.0,0.0,0.9999886336072914,1.1366392708614331e-05,0.0
2851,Normal,Normal,0.0,0.0,0.0,1.0,0.0
2852,DoS/DDoS,DoS/DDoS,0.0,0.0,1.0,0.0,0.0
2853,Normal,Normal,0.0,0.0017148998297908937,0.006887552502557904,0.9894115365897076,0.001986011077943512
2854,Normal,Normal,0.0,0.0,0.010930530587543537,0.9866457266259766,0.002423742786479802
2855,Normal,Normal,0.0,0.0,0.0,1.0,0.0
2856,Normal,Normal,0.004663540810878472,0.0016284779050736498,0.0,0.9937079812840478,0.0
2857,Brute Force,Brute Force,0.0,1.0,0.0,0.0,0.0
2858,DoS/DDoS,DoS/DDoS,0.0,0.0,1.0,0.0,0.0
2859,DoS/DDoS,DoS/DDoS,0.0,0.0,0.9969444327380692,0.0030555672619307648,0.0
2860,DoS/DDoS,DoS/DDoS,0.0,0.0,1.0,0.0,0.0
2861,DoS/DDoS,DoS/DDoS,0.0,0.0,1.0,0.0,0.0
2862,Web Attack,Web Attack,0.0,0.13445597378502078,1.25579282007367e-05,0.0007277141008411802,0.8648037541859375
2863,DoS/DDoS,DoS/DDoS,0.0,0.0,1.0,0.0,0.0
2864,Normal,Normal,0.0,0.0,0.0,1.0,0.0
2865,Brute Force,Brute Force,0.0,1.0,0.0,0.0,0.0
2866,Normal,Normal,0.3198251773492637,0.0,1.1765324093669399e-05,0.6801630573266425,0.0
2867,DoS/DDoS,DoS/DDoS,0.0,0.0,1.0,0.0,0.0
2868,Brute Force,Brute Force,0.0,1.0,0.0,0.0,0.0
2869,Normal,Normal,0.0,0.01632068437185225,0.00017573467997291585,0.9760898177995172,0.00741376314865755
2870,Brute Force,Brute Force,0.0,1.0,0.0,0.0,0.0
2871,Brute Force,Brute Force,0.0,1.0,0.0,0.0,0.0
2872,Web Attack,Web Attack,0.0,0.23045839349850555,1.25579282007367e-05,0.000709256199479676,0.7688197923738141
2873,Normal,Normal,0.0,0.0,0.0,1.0,0.0
2874,DoS/DDoS,DoS/DDoS,0.0,0.0,1.0,0.0,0.0
2875,Normal,Normal,0.0,0.0,0.0,1.0,0.0
2876,DoS/DDoS,DoS/DDoS,0.0,0.0,1.0,0.0,0.0
2877,Brute Force,Brute Force,0.0,1.0,0.0,0.0,0.0
2878,DoS/DDoS,DoS/DDoS,0.0,0.0,1.0,0.0,0.0
2879,Brute Force,Brute Force,0.0,1.0,0.0,0.0,0.0
2880,DoS/DDoS,DoS/DDoS,0.0,0.0,1.0,0.0,0.0
2881,Normal,Normal,0.0,0.02143279438263592,0.00033673455402586364,0.9737662527086054,0.004464218354732789
2882,Normal,Normal,0.0,0.0,0.0,1.0,0.0
2883,Normal,Normal,0.0,0.0,0.0,1.0,0.0
2884,DoS/DDoS,DoS/DDoS,0.0,0.0016357749519027732,0.9971159214766686,0.0012483035714285712,0.0
2885,DoS/DDoS,DoS/DDoS,0.0,0.0,1.0,0.0,0.0
2886,Brute Force,Brute Force,0.0,1.0,0.0,0.0,0.0
2887,DoS/DDoS,DoS/DDoS,0.0,0.0,1.0,0.0,0.0
2888,Bot,Bot,1.0,0.0,0.0,0.0,0.0
2889,Brute Force,Brute Force,0.0,1.0,0.0,0.0,0.0
2890,DoS/DDoS,DoS/DDoS,0.0,0.0,1.0,0.0,0.0
2891,Brute Force,Brute Force,0.0,1.0,0.0,0.0,0.0
2892,DoS/DDoS,DoS/DDoS,0.0,0.0,0.9999684058604776,3.1594139522391764e-05,0.0
2893,DoS/DDoS,DoS/DDoS,0.0,0.0,0.9999837280409707,1.6271959029384604e-05,0.0
2894,Normal,Normal,0.0,0.0,0.0,1.0,0.0
2895,DoS/DDoS,DoS/DDoS,0.0,0.0,0.999969598059839,3.040194016098469e-05,0.0
2896,DoS/DDoS,DoS/DDoS,0.0,0.0,1.0,0.0,0.0
2897,Normal,Bot,0.7259350026931966,0.0,0.0015454310847036654,0.2725195662220997,0.0
2898,DoS/DDoS,DoS/DDoS,0.0,0.0,1.0,0.0,0.0
2899,Brute Force,Brute Force,0.0,1.0,0.0,0.0,0.0
2900,DoS/DDoS,DoS/DDoS,0.0,0.0,1.0,0.0,0.0
2901,Normal,Normal,0.2439557271372208,0.0,0.00010231039130138821,0.7559419624714775,0.0
2902,Normal,Normal,0.0,0.006328142391360013,0.01806614149247164,0.9731823883337648,0.0024233277824035524
2903,DoS/DDoS,DoS/DDoS,0.0,0.0,0.9903352567611763,0.00966474323882369,0.0
2904,Brute Force,Brute Force,0.0,1.0,0.0,0.0,0.0
2905,DoS/DDoS,DoS/DDoS,0.0,0.0,1.0,0.0,0.0
2906,Brute Force,Brute Force,0.0,1.0,0.0,0.0,0.0
2907,Normal,Normal,0.0,0.0,0.04455625665753669,0.9554437433424633,0.0
2908,DoS/DDoS,DoS/DDoS,0.0,0.0,1.0,0.0,0.0
2909,Normal,Normal,0.0,0.0,0.0,1.0,0.0
2910,Brute Force,Brute Force,0.0,1.0,0.0,0.0,0.0
2911,DoS/DDoS,DoS/DDoS,0.0,0.0,1.0,0.0,0.0
2912,Brute Force,Brute Force,0.0,1.0,0.0,0.0,0.0
2913,Brute Force,Brute Force,0.0,1.0,0.0,0.0,0.0
2914,DoS/DDoS,DoS/DDoS,0.0,0.0,1.0,0.0,0.0
2915,Brute Force,Brute Force,0.0,0.9945163927442391,0.0,0.005483607255760936,0.0
2916,Normal,Normal,0.0,0.0,0.0,1.0,0.0
2917,DoS/DDoS,DoS/DDoS,0.0,0.0,0.9999897181194723,1.0281880527716808e-05,0.0
2918,DoS/DDoS,DoS/DDoS,0.0,0.0,1.0,0.0,0.0
2919,Normal,Normal,0.0,0.0,0.0,1.0,0.0
2920,Bot,Bot,0.9346476260972392,0.0,2.405582131574279e-05,0.06532831808144514,0.0
2921,DoS/DDoS,DoS/DDoS,0.0,0.0,0.9999714047472551,2.8595252744989888e-05,0.0
2922,Normal,Normal,0.0,0.009068906897826077,0.00026951535390097597,0.9861897377269387,0.004471840021334142
2923,DoS/DDoS,DoS/DDoS,0.0,0.0,1.0,0.0,0.0
2924,Web Attack,Web Attack,0.0,0.13916789487431683,1.25579282007367e-05,0.00166369949498124,0.8591558477025014
2925,Brute Force,Brute Force,0.0,1.0,0.0,0.0,0.0
2926,Normal,Normal,0.0,0.03913806691403032,0.00026951535390097597,0.9533154557044123,0.007276962027656354
2927,Normal,Normal,0.0,0.0,0.0,1.0,0.0
2928,Normal,Normal,0.0,0.0,0.0,1.0,0.0
2929,Normal,Normal,0.002091989912333373,0.0,0.0,0.9979080100876666,0.0
2930,DoS/DDoS,DoS/DDoS,0.0,0.0,1.0,0.0,0.0
2931,Normal,Normal,0.0,0.01978356697563044,0.0001829189002014809,0.9732655880715866,0.006767926052581511
2932,Brute Force,Brute Force,0.0,1.0,0.0,0.0,0.0
2933,Normal,Normal,0.0,0.0,0.0,1.0,0.0
2934,Brute Force,Brute Force,0.0,1.0,0.0,0.0,0.0
2935,Normal,Normal,0.0,0.0,0.0020561029707512344,0.9979438970292488,0.0
2936,DoS/DDoS,DoS/DDoS,0.0,0.0,1.0,0.0,0.0
2937,Bot,Bot,0.9882008185004714,0.0,1.4450702009829216e-06,0.011797736429327608,0.0
2938,Brute Force,Brute Force,0.0,1.0,0.0,0.0,0.0
2939,DoS/DDoS,DoS/DDoS,0.0,0.0,1.0,0.0,0.0
2940,Normal,Normal,0.03993675058375366,0.0,0.00416040159878188,0.9559028478174645,0.0
2941,DoS/DDoS,DoS/DDoS,0.0,0.0,1.0,0.0,0.0
2942,DoS/DDoS,DoS/DDoS,0.0,0.0,1.0,0.0,0.0
2943,DoS/DDoS,DoS/DDoS,0.0,0.0,1.0,0.0,0.0
2944,Brute Force,Brute Force,0.0,1.0,0.0,0.0,0.0
2945,DoS/DDoS,DoS/DDoS,0.0,0.019287699136985463,0.8455585351719929,0.1255436129440987,0.009610152746922965
2946,DoS/DDoS,DoS/DDoS,0.0,0.0,1.0,0.0,0.0
2947,Brute Force,Brute Force,0.0,1.0,0.0,0.0,0.0
2948,Brute Force,Brute Force,0.0,0.995874948838078,0.0,0.004125051161921986,0.0
2949,Normal,Normal,0.0,0.0,0.0,1.0,0.0
2950,Normal,Normal,0.0,0.0,0.0,1.0,0.0
2951,DoS/DDoS,DoS/DDoS,0.0,0.0,0.9999837280409707,1.6271959029384604e-05,0.0
2952,DoS/DDoS,DoS/DDoS,0.0,0.0,1.0,0.0,0.0
2953,DoS/DDoS,DoS/DDoS,0.0,0.0,1.0,0.0,0.0
2954,Bot,Bot,0.9974771101307816,0.0,1.4450702009829216e-06,0.002521444799017463,0.0
2955,Brute Force,Brute Force,0.0,1.0,0.0,0.0,0.0
2956,Normal,Normal,0.0016657816815649027,0.01644052419101096,0.044723275840771855,0.9371704182866523,0.0
2957,Brute Force,Brute Force,0.0,0.9987073844030365,0.0,0.0012926155969634231,0.0
2958,Normal,Normal,0.0,0.0,0.0,1.0,0.0
2959,Brute Force,Brute Force,0.0,1.0,0.0,0.0,0.0
2960,DoS/DDoS,DoS/DDoS,0.0,0.0,1.0,0.0,0.0
2961,Normal,Normal,0.0,0.0,0.0,1.0,0.0
2962,DoS/DDoS,DoS/DDoS,0.0,0.0,1.0,0.0,0.0
2963,Bot,Bot,1.0,0.0,0.0,0.0,0.0
2964,DoS/DDoS,DoS/DDoS,0.0,0.0,1.0,0.0,0.0
2965,Normal,Normal,0.0,0.0,0.0,1.0,0.0
2966,Normal,Normal,0.0,0.0,0.0,1.0,0.0
2967,DoS/DDoS,DoS/DDoS,0.0,0.0,1.0,0.0,0.0
2968,Normal,Normal,0.0,0.0,0.0,1.0,0.0
2969,DoS/DDoS,DoS/DDoS,0.0,0.0,1.0,0.0,0.0
2970,DoS/DDoS,DoS/DDoS,0.0,0.0025248324364058688,0.9618258282995684,0.03467099897118132,0.0009783402928444298
2971,DoS/DDoS,DoS/DDoS,0.0,0.0,1.0,0.0,0.0
2972,Normal,Normal,0.0,0.0,0.0,1.0,0.0
2973,DoS/DDoS,DoS/DDoS,0.0,0.0,1.0,0.0,0.0
2974,DoS/DDoS,DoS/DDoS,0.0,0.0,1.0,0.0,0.0
2975,Normal,Normal,0.0,0.0,0.0,1.0,0.0
2976,DoS/DDoS,DoS/DDoS,0.0,0.0,1.0,0.0,0.0
2977,Brute Force,Web Attack,0.0,0.31447030433572154,1.25579282007367e-05,0.0007556909910725706,0.6847614467450055
2978,DoS/DDoS,DoS/DDoS,0.0,0.0,1.0,0.0,0.0
2979,Brute Force,Brute Force,0.0,0.994748328068017,4.0491556722911094e-05,0.005211180375260046,0.0
2980,DoS/DDoS,DoS/DDoS,0.0,0.0,1.0,0.0,0.0
2981,Brute Force,Web Attack,0.0,0.40840569241898295,5.165844966902835e-05,0.003597025333509173,0.5879456237978389
2982,DoS/DDoS,DoS/DDoS,0.0,0.0,0.99816258968618,0.0018374103138200227,0.0
2983,Normal,Normal,0.0,0.016865641793012053,0.0002295671233766507,0.9729076188179491,0.009997172265662206
2984,Normal,Normal,0.0,0.0,0.0,1.0,0.0
2985,DoS/DDoS,DoS/DDoS,0.0,0.0,1.0,0.0,0.0
2986,DoS/DDoS,DoS/DDoS,0.0,0.0,1.0,0.0,0.0
2987,DoS/DDoS,DoS/DDoS,0.0,0.0,1.0,0.0,0.0
2988,Normal,Normal,0.0,0.0,0.0,1.0,0.0
2989,DoS/DDoS,DoS/DDoS,0.0,0.0,1.0,0.0,0.0
2990,Normal,Normal,0.0,0.0,0.0,1.0,0.0
2991,Brute Force,Web Attack,0.0,0.14137210518729498,1.25579282007367e-05,0.003665559671112183,0.854949777213392
2992,Web Attack,Web Attack,0.0,0.04104591851339533,1.25579282007367e-05,0.0008619190255450713,0.9580796045328591
2993,DoS/DDoS,DoS/DDoS,0.0,0.0,1.0,0.0,0.0
2994,Normal,Normal,0.0,0.0,0.0,1.0,0.0
2995,Normal,Normal,0.0,0.0,0.0,1.0,0.0
2996,Normal,Normal,0.0,0.05952897217855286,0.0005708684087594068,0.8966019008183599,0.043298258594327815
2997,Bot,Bot,0.988621301509945,0.0,0.0,0.011378698490055041,0.0
2998,DoS/DDoS,DoS/DDoS,0.0,0.0,1.0,0.0,0.0
2999,Brute Force,Brute Force,0.0,1.0,0.0,0.0,0.0
3000,DoS/DDoS,DoS/DDoS,0.0,0.0,1.0,0.0,0.0
3001,DoS/DDoS,DoS/DDoS,0.0,0.0,1.0,0.0,0.0
3002,Normal,Normal,0.0,0.0,0.0,1.0,0.0
3003,DoS/DDoS,DoS/DDoS,0.0,0.0,1.0,0.0,0.0
3004,Bot,Bot,0.9818359386805626,0.0,3.8792083567466685e-05,0.018125269235869847,0.0
3005,DoS/DDoS,DoS/DDoS,0.0,0.0,1.0,0.0,0.0
3006,Brute Force,Brute Force,0.0,0.5251483379216642,0.0024547486496436575,0.055586084327679766,0.41681082910101225
3007,DoS/DDoS,DoS/DDoS,0.0,0.0,1.0,0.0,0.0
3008,DoS/DDoS,DoS/DDoS,0.0,0.0,1.0,0.0,0.0
3009,Brute Force,Brute Force,0.0,1.0,0.0,0.0,0.0
3010,Normal,Normal,0.0,0.0,0.0,1.0,0.0
3011,Normal,Normal,0.002194096034689252,0.004090973792157015,0.0005180921715357101,0.9864024597052367,0.006794378296381482
3012,DoS/DDoS,DoS/DDoS,0.0,0.0,1.0,0.0,0.0
3013,DoS/DDoS,DoS/DDoS,0.0,0.0,1.0,0.0,0.0
3014,Normal,Normal,0.0,0.0,0.0,1.0,0.0
3015,Normal,Normal,0.0,0.005,0.0,0.9950000000000001,0.0
3016,DoS/DDoS,DoS/DDoS,0.0,0.0,1.0,0.0,0.0
3017,DoS/DDoS,DoS/DDoS,0.0,0.0,1.0,0.0,0.0
3018,Normal,Normal,0.0,0.0,0.0,1.0,0.0
3019,DoS/DDoS,DoS/DDoS,0.0,0.0,1.0,0.0,0.0
3020,Normal,Normal,0.0,0.006524406587219895,0.0001627662403033889,0.9909257520453527,0.0023870751271239895
3021,DoS/DDoS,DoS/DDoS,0.0,0.0,0.9999837280409707,1.6271959029384604e-05,0.0
3022,DoS/DDoS,DoS/DDoS,0.0,0.0,1.0,0.0,0.0
3023,Brute Force,Brute Force,0.0,1.0,0.0,0.0,0.0
3024,Normal,Normal,0.0,0.00220039355084423,0.0,0.9977996064491558,0.0
3025,Normal,Normal,0.0,0.0,0.0,1.0,0.0
3026,DoS/DDoS,DoS/DDoS,0.0,0.0,1.0,0.0,0.0
3027,Brute Force,Brute Force,0.0,1.0,0.0,0.0,0.0
3028,Normal,Normal,0.0,0.00372221447982719,0.001667062878877927,0.9946107226412948,0.0
3029,DoS/DDoS,DoS/DDoS,0.0,0.0,1.0,0.0,0.0
3030,Normal,Normal,0.0,0.0,0.0,1.0,0.0
3031,Brute Force,Brute Force,0.0,1.0,0.0,0.0,0.0
3032,Brute Force,Brute Force,0.0,1.0,0.0,0.0,0.0
3033,Brute Force,Brute Force,0.0,1.0,0.0,0.0,0.0
3034,Brute Force,Brute Force,0.0,1.0,0.0,0.0,0.0
3035,Brute Force,Brute Force,0.0,1.0,0.0,0.0,0.0
3036,Brute Force,Brute Force,0.0,1.0,0.0,0.0,0.0
3037,Normal,Normal,0.0,0.0,0.0,1.0,0.0
3038,Brute Force,Brute Force,0.0,1.0,0.0,0.0,0.0
3039,DoS/DDoS,DoS/DDoS,0.0,0.0,1.0,0.0,0.0
3040,Normal,Normal,0.0,0.0,0.0,1.0,0.0
3041,Normal,Normal,0.0,0.0,0.0,1.0,0.0
3042,DoS/DDoS,DoS/DDoS,0.0,0.0,0.9751099452236134,0.02489005477638664,0.0
3043,Normal,Normal,0.0,0.00033326288283441573,0.3394745618795081,0.6601921752376575,0.0
3044,Normal,Normal,0.0,0.00016624468737895873,0.0017282974254947256,0.9963884162527296,0.0017170416343967763
3045,Normal,Normal,0.0,0.0,0.0,1.0,0.0
3046,Brute Force,Web Attack,0.0,0.4862651896988033,1.25579282007367e-05,0.0007059792366710114,0.513016273136325
3047,Normal,Normal,0.0,0.0,0.0,1.0,0.0
3048,Normal,Normal,0.0,0.0,0.0,1.0,0.0
3049,Normal,Normal,0.0,0.0,0.00167197830947058,0.9983280216905295,0.0
3050,Normal,Normal,0.0,0.0,0.0,1.0,0.0
3051,DoS/DDoS,DoS/DDoS,0.0,0.0,1.0,0.0,0.0
3052,DoS/DDoS,DoS/DDoS,0.0,0.0,1.0,0.0,0.0
3053,Brute Force,Brute Force,0.0,1.0,0.0,0.0,0.0
3054,Normal,Normal,0.0,0.0,0.001237916027538972,0.998762083972461,0.0
3055,Normal,Normal,0.0,0.0,0.0,1.0,0.0
3056,DoS/DDoS,DoS/DDoS,0.0,0.0,1.0,0.0,0.0
3057,Brute Force,Brute Force,0.0,1.0,0.0,0.0,0.0
3058,DoS/DDoS,DoS/DDoS,0.0,0.0,1.0,0.0,0.0
3059,Normal,Normal,0.0022740412410869144,0.0006799663234497175,0.004993566302133814,0.9897851847540192,0.002267241379310345
3060,DoS/DDoS,DoS/DDoS,0.0,0.000192968101100968,0.9964420728090546,0.0023866187970000225,0.0009783402928444298
3061,Normal,Normal,0.0,0.0,0.0,1.0,0.0
3062,DoS/DDoS,DoS/DDoS,0.0,0.0,1.0,0.0,0.0
3063,Normal,Normal,0.0,0.04182566157963049,0.016711326296361045,0.9340724968058793,0.0073905153181290885
3064,DoS/DDoS,DoS/DDoS,0.0,0.0,1.0,0.0,0.0
3065,Normal,Normal,0.0,0.0,0.0,1.0,0.0
3066,Normal,Normal,0.0,0.03373007772459744,0.009380644968145013,0.9077535199239153,0.04913575738334229
3067,Brute Force,Brute Force,0.0,1.0,0.0,0.0,0.0
3068,DoS/DDoS,DoS/DDoS,0.0,0.0,1.0,0.0,0.0
3069,Normal,Normal,0.0,0.0184008034625304,0.00032769050878738825,0.97127433376302,0.009997172265662206
3070,Brute Force,Brute Force,0.0,0.9354291347297868,0.00046916227694558844,0.02739174317613916,0.036709959817128386
3071,Bot,Bot,0.9992972327683721,0.0,0.0,0.0007027672316278151,0.0
3072,Brute Force,Brute Force,0.0,1.0,0.0,0.0,0.0
3073,DoS/DDoS,DoS/DDoS,0.0,0.0,1.0,0.0,0.0
3074,Normal,Normal,0.0,0.009088885812161798,0.0002078807368309635,0.9845973785717272,0.006105854879280056
3075,DoS/DDoS,DoS/DDoS,0.0,0.0,0.9962871953833297,0.003712804616670321,0.0
3076,Bot,Bot,0.9809912450101901,0.0,0.0,0.019008754989809935,0.0
3077,DoS/DDoS,DoS/DDoS,0.0,0.0,1.0,0.0,0.0
3078,DoS/DDoS,DoS/DDoS,0.0,0.0,1.0,0.0,0.0
3079,Brute Force,Brute Force,0.0,1.0,0.0,0.0,0.0
3080,Brute Force,Brute Force,0.0,1.0,0.0,0.0,0.0
3081,Bot,Bot,1.0,0.0,0.0,0.0,0.0
3082,DoS/DDoS,DoS/DDoS,0.0,0.0,0.9999714047472551,2.8595252744989888e-05,0.0
3083,Normal,Normal,0.0,0.0,0.005417125276088523,0.9945828747239115,0.0
3084,Normal,Normal,0.0,0.0,0.021188220082714853,0.9788117799172852,0.0
3085,Normal,Normal,0.0,0.0,0.0,1.0,0.0
3086,DoS/DDoS,DoS/DDoS,0.0,0.0,1.0,0.0,0.0
3087,Normal,Normal,0.0,0.002028942190052948,0.02205048496272116,0.9615712599580244,0.014349312889201535
3088,DoS/DDoS,DoS/DDoS,0.0,0.0,0.999943023359281,5.697664071897986e-05,0.0
3089,Normal,Normal,0.0,0.0022246730297451876,0.04084354486449949,0.9448514096601606,0.012080372445594855
3090,Brute Force,Web Attack,0.0,0.4612437445623704,1.565960177727006e-05,0.004001093315879446,0.534739502519973
3091,DoS/DDoS,DoS/DDoS,0.0,0.0,0.9999714047472551,2.8595252744989888e-05,0.0
3092,Normal,Normal,0.0,0.007557771027530719,0.2790222587161394,0.6985685095388258,0.01485146071750422
3093,Normal,Normal,0.002194096034689252,0.004090973792157015,0.0005180921715357101,0.9864024597052367,0.006794378296381482
3094,Brute Force,Brute Force,0.0,1.0,0.0,0.0,0.0
3095,DoS/DDoS,DoS/DDoS,0.0,0.021607641827903284,0.8279625128288031,0.1148870928941069,0.03554275244918684
3096,Normal,Normal,0.0,0.0,0.0,1.0,0.0
3097,Normal,Normal,0.0,0.0,0.0,1.0,0.0
3098,Normal,Normal,0.0,0.0017148998297908937,0.006887552502557904,0.9894115365897076,0.001986011077943512
3099,Brute Force,Brute Force,0.0,1.0,0.0,0.0,0.0
3100,Normal,Normal,0.0,0.0,0.0,1.0,0.0
3101,Bot,Bot,0.9649999999999999,0.0,0.0,0.035,0.0
3102,DoS/DDoS,DoS/DDoS,0.0,0.0,1.0,0.0,0.0
3103,Brute Force,Brute Force,0.0,1.0,0.0,0.0,0.0
3104,DoS/DDoS,DoS/DDoS,0.0,0.0,1.0,0.0,0.0
3105,Brute Force,Web Attack,0.0,0.3774947187894537,1.5884675081370873e-05,0.0030438750284363415,0.6194455215070287
3106,Brute Force,Brute Force,0.0,1.0,0.0,0.0,0.0
3107,Brute Force,Brute Force,0.0,1.0,0.0,0.0,0.0
3108,Normal,Normal,0.0,0.0,0.0,1.0,0.0
3109,DoS/DDoS,DoS/DDoS,0.0,0.0,1.0,0.0,0.0
3110,Normal,Normal,0.0,0.0011873889183701683,0.15084911554044245,0.8457253157748219,0.0022381797663655963
3111,DoS/DDoS,DoS/DDoS,0.0,0.0,1.0,0.0,0.0
3112,Normal,Normal,0.0,0.0,0.0,1.0,0.0
3113,Normal,Normal,0.019559384439004037,0.084028127378043,0.014788866949674406,0.8816236212332785,0.0
3114,DoS/DDoS,DoS/DDoS,0.0,0.0,1.0,0.0,0.0
3115,Normal,Normal,0.0,0.0,0.0008275672838327924,0.9991724327161672,0.0
3116,Normal,Normal,0.0,0.0,0.0,1.0,0.0
3117,Normal,Normal,0.008019124375421731,0.00024494954984960893,0.0,0.9917359260747287,0.0
3118,Brute Force,Brute Force,0.0,1.0,0.0,0.0,0.0
3119,DoS/DDoS,DoS/DDoS,0.0,0.0030934127953191792,0.9956491536587899,0.0012574335458909508,0.0
3120,Normal,Normal,0.0,0.004472046607887053,0.0,0.9955279533921129,0.0
3121,DoS/DDoS,DoS/DDoS,0.0,0.0,0.9976475706063446,0.0,0.002352429393655468
3122,DoS/DDoS,DoS/DDoS,0.0,0.0,0.9999684058604776,3.1594139522391764e-05,0.0
3123,DoS/DDoS,DoS/DDoS,0.0,0.0,1.0,0.0,0.0
3124,DoS/DDoS,DoS/DDoS,0.0,0.0,0.9993175895555115,0.0006824104444884009,0.0
3125,DoS/DDoS,DoS/DDoS,0.0,0.0,1.0,0.0,0.0
3126,DoS/DDoS,DoS/DDoS,0.0,0.0,0.9999946236857931,5.376314206946534e-06,0.0
3127,Brute Force,Brute Force,0.0,1.0,0.0,0.0,0.0
3128,Normal,Normal,0.0,0.0,0.0,1.0,0.0
3129,DoS/DDoS,DoS/DDoS,0.0,0.0,1.0,0.0,0.0
3130,Normal,Normal,0.0,0.0,0.0,1.0,0.0
3131,Brute Force,Brute Force,0.0,1.0,0.0,0.0,0.0
3132,DoS/DDoS,DoS/DDoS,0.0,0.0,1.0,0.0,0.0
3133,DoS/DDoS,DoS/DDoS,0.0,0.0,1.0,0.0,0.0
3134,DoS/DDoS,DoS/DDoS,0.0,0.0,1.0,0.0,0.0
3135,DoS/DDoS,DoS/DDoS,0.0,0.0,0.9999946236857931,5.376314206946534e-06,0.0
3136,Normal,Normal,0.0,0.0,0.0,1.0,0.0
3137,Brute Force,Brute Force,0.0,1.0,0.0,0.0,0.0
3138,DoS/DDoS,DoS/DDoS,0.0,0.0,1.0,0.0,0.0
3139,Normal,Normal,0.0,0.0,0.09407989157065536,0.9059201084293446,0.0
3140,DoS/DDoS,DoS/DDoS,0.0,0.0,1.0,0.0,0.0
3141,DoS/DDoS,DoS/DDoS,0.0,0.0,0.9999837280409707,1.6271959029384604e-05,0.0
3142,Normal,Normal,0.0,0.0,0.0,1.0,0.0
3143,Brute Force,Brute Force,0.0,1.0,0.0,0.0,0.0
3144,Brute Force,Brute Force,0.0,1.0,0.0,0.0,0.0
3145,Brute Force,Brute Force,0.0,1.0,0.0,0.0,0.0
3146,DoS/DDoS,DoS/DDoS,0.0,0.0,1.0,0.0,0.0
3147,Normal,Normal,0.0,0.0,0.0,1.0,0.0
3148,Brute Force,Brute Force,0.0,0.9950038827295457,4.0491556722911094e-05,0.004955625713731472,0.0
3149,Brute Force,Brute Force,0.0,0.6933729802622717,3.5554519839800734e-05,0.003912076599633747,0.3026793886182547
3150,DoS/DDoS,DoS/DDoS,0.0,0.0,0.9999897181194723,1.0281880527716808e-05,0.0
3151,Normal,Normal,0.0,0.0,0.0,1.0,0.0
3152,Bot,Bot,0.9676693756217037,0.0,3.893991421476238e-05,0.03229168446408148,0.0
3153,Brute Force,Brute Force,0.0,1.0,0.0,0.0,0.0
3154,DoS/DDoS,DoS/DDoS,0.0,0.0,0.9999714047472551,2.8595252744989888e-05,0.0
3155,DoS/DDoS,DoS/DDoS,0.0,0.0,1.0,0.0,0.0
3156,Normal,Normal,0.0020190994733158153,0.025215243048194228,0.010201981482280492,0.9381180297083147,0.024445646287894685
3157,DoS/DDoS,DoS/DDoS,0.0,0.0,1.0,0.0,0.0
3158,Brute Force,Brute Force,0.0,1.0,0.0,0.0,0.0
3159,Normal,DoS/DDoS,0.0,0.008196729700769618,0.6254366186522085,0.3455156532936332,0.020850998353388592
3160,Normal,Normal,0.0,0.001979224840835474,0.0,0.9980207751591645,0.0
3161,DoS/DDoS,DoS/DDoS,0.0,0.0,1.0,0.0,0.0
3162,DoS/DDoS,DoS/DDoS,0.0,0.000192968101100968,0.9974656100909708,0.0013630815150837711,0.0009783402928444298
3163,DoS/DDoS,DoS/DDoS,0.0,0.02609211762510893,0.8735520141561415,0.08848069883730404,0.01187516938144554
3164,Normal,Normal,0.0,0.0012187410885724603,0.0,0.9987812589114275,0.0
3165,Normal,Normal,0.0,0.0,0.0,1.0,0.0
3166,DoS/DDoS,DoS/DDoS,0.0,0.0,0.9999837280409707,1.6271959029384604e-05,0.0
3167,DoS/DDoS,DoS/DDoS,0.0,0.0,1.0,0.0,0.0
3168,Normal,Normal,0.0,0.02903284085365401,0.0002295671233766507,0.9584211904010943,0.012316401621875053
3169,DoS/DDoS,DoS/DDoS,0.0,0.0,1.0,0.0,0.0
3170,DoS/DDoS,DoS/DDoS,0.0,0.0,1.0,0.0,0.0
3171,Normal,Normal,0.0,0.0,0.0,1.0,0.0
3172,DoS/DDoS,DoS/DDoS,0.0,0.0,1.0,0.0,0.0
3173,Normal,Normal,0.0,0.0,0.0,1.0,0.0
3174,Bot,Bot,0.9369785274281694,0.0,0.004841618233730307,0.0581798543381001,0.0
3175,Normal,Normal,0.0,0.06136644161107252,0.00043440659682601615,0.9118711215677974,0.026328030224304105
3176,DoS/DDoS,DoS/DDoS,0.0,0.0,1.0,0.0,0.0
3177,Normal,Normal,0.3089235702153389,0.0,0.00024075370884098094,0.6908356760758201,0.0
3178,Brute Force,Brute Force,0.0,1.0,0.0,0.0,0.0
3179,Normal,Normal,0.0,0.0,0.0,1.0,0.0
3180,DoS/DDoS,DoS/DDoS,0.0,0.0,1.0,0.0,0.0
3181,Normal,Normal,0.0,0.0,0.0,1.0,0.0
3182,Brute Force,Brute Force,0.0,1.0,0.0,0.0,0.0
3183,Normal,Normal,0.0,0.0,0.0,1.0,0.0
3184,Brute Force,Brute Force,0.0,1.0,0.0,0.0,0.0
3185,Brute Force,Brute Force,0.0,1.0,0.0,0.0,0.0
3186,DoS/DDoS,DoS/DDoS,0.0,0.0,0.9999837280409707,1.6271959029384604e-05,0.0
3187,Normal,Normal,0.004508844211555894,0.008720872190878927,0.0001627662403033889,0.9842204422301378,0.0023870751271239895
3188,Normal,Normal,0.0,0.03688682486881703,0.00023370678658016838,0.9519149852065607,0.010964483138042049
3189,Normal,Normal,0.0,0.0,0.0,1.0,0.0
3190,Normal,Normal,0.0,0.0,0.003646718082960961,0.996353281917039,0.0
3191,DoS/DDoS,DoS/DDoS,0.0,0.0,0.9999897181194723,1.0281880527716808e-05,0.0
3192,Normal,Normal,0.0,0.0,0.0,1.0,0.0
3193,DoS/DDoS,DoS/DDoS,0.0,0.0,1.0,0.0,0.0
3194,DoS/DDoS,DoS/DDoS,0.0,0.0,1.0,0.0,0.0
3195,DoS/DDoS,DoS/DDoS,0.0,0.0,1.0,0.0,0.0
3196,Brute Force,Brute Force,0.0,1.0,0.0,0.0,0.0
3197,Normal,Normal,0.0,0.004800272734547836,0.005612909785614796,0.9867205949129111,0.0028662225669262562
3198,DoS/DDoS,DoS/DDoS,0.0,0.0,1.0,0.0,0.0
3199,DoS/DDoS,DoS/DDoS,0.0,0.0,1.0,0.0,0.0
3200,Normal,Normal,0.0,0.006602323475970852,0.0,0.9933976765240291,0.0
3201,Normal,Normal,0.0,0.0,0.0,1.0,0.0
3202,Normal,Normal,0.0,0.0,0.0031362117527697487,0.9968637882472302,0.0
3203,Brute Force,Brute Force,0.0,1.0,0.0,0.0,0.0
3204,DoS/DDoS,DoS/DDoS,0.0,0.00033326288283441573,0.9980305430945758,0.0016361940225897837,0.0
3205,DoS/DDoS,DoS/DDoS,0.0,0.0,1.0,0.0,0.0
3206,DoS/DDoS,DoS/DDoS,0.0,0.0,1.0,0.0,0.0
3207,Normal,Normal,0.0,0.0,0.0,1.0,0.0
3208,Web Attack,Web Attack,0.0,0.4168843783393977,1.0456903281202048e-05,0.001333978702334605,0.5817711860549866
3209,Brute Force,Brute Force,0.0,1.0,0.0,0.0,0.0
3210,Normal,Normal,0.0021017806310944217,0.004116873137108793,0.0,0.9913242094223704,0.0024571368094263744
3211,Normal,Normal,0.0,0.0,0.0,1.0,0.0
3212,Brute Force,Brute Force,0.0,1.0,0.0,0.0,0.0
3213,DoS/DDoS,DoS/DDoS,0.0,0.0,1.0,0.0,0.0
3214,Bot,Bot,0.9999064898779327,0.0,1.4450702009829216e-06,9.206505186623516e-05,0.0
3215,DoS/DDoS,DoS/DDoS,0.0,0.0,1.0,0.0,0.0
3216,Normal,Normal,0.0,0.001988612634685525,0.0,0.9980113873653145,0.0
3217,Brute Force,Brute Force,0.0,1.0,0.0,0.0,0.0
3218,DoS/DDoS,DoS/DDoS,0.0,0.0,1.0,0.0,0.0
3219,DoS/DDoS,DoS/DDoS,0.0,0.0,1.0,0.0,0.0
3220,DoS/DDoS,DoS/DDoS,0.0,0.0,1.0,0.0,0.0
3221,DoS/DDoS,DoS/DDoS,0.0,0.0,1.0,0.0,0.0
3222,Bot,Bot,0.9783283813800957,0.0,3.563600946994233e-05,0.021635982610434337,0.0
3223,Normal,DoS/DDoS,0.0,0.0,0.608268355247169,0.3625874595454534,0.02914418520737757
3224,DoS/DDoS,DoS/DDoS,0.0,0.0,1.0,0.0,0.0
3225,Normal,Normal,0.0,0.0,0.0,1.0,0.0
3226,Normal,Normal,0.0,0.0,0.0,1.0,0.0
3227,Brute Force,Web Attack,0.0,0.3856888908238132,1.4989188767479395e-05,0.008031838633499992,0.6062642813539194
3228,DoS/DDoS,DoS/DDoS,0.0,0.0,0.9999714047472551,2.8595252744989888e-05,0.0
3229,Brute Force,Brute Force,0.0,1.0,0.0,0.0,0.0
3230,Normal,Normal,0.0,0.0017148998297908937,0.006887552502557904,0.9894115365897076,0.001986011077943512
3231,DoS/DDoS,DoS/DDoS,0.0,0.0,1.0,0.0,0.0
3232,Normal,Normal,0.0,0.0,0.0,1.0,0.0
3233,Brute Force,Brute Force,0.0,1.0,0.0,0.0,0.0
3234,Brute Force,Brute Force,0.0,1.0,0.0,0.0,0.0
3235,Normal,Normal,0.0,0.0,0.0,1.0,0.0
3236,Normal,Normal,0.0,0.0,0.0018765715624221536,0.995885497292043,0.0022379311455347655
3237,Normal,Normal,0.0,0.0,0.0,1.0,0.0
3238,Normal,Normal,0.00048811509299098786,0.0,0.0,0.999511884907009,0.0
3239,Normal,Normal,0.0,0.0,0.0,1.0,0.0
3240,DoS/DDoS,DoS/DDoS,0.0,0.0,1.0,0.0,0.0
3241,Brute Force,Brute Force,0.0,0.9934080394885775,0.004091960511422547,0.0025,0.0
3242,DoS/DDoS,DoS/DDoS,0.0,0.0,1.0,0.0,0.0
3243,Normal,Normal,0.0,0.0,0.0,1.0,0.0
3244,DoS/DDoS,DoS/DDoS,0.0,0.0,1.0,0.0,0.0
3245,Brute Force,Brute Force,0.0,1.0,0.0,0.0,0.0
3246,Normal,Normal,0.0,0.0,0.0012562051355308739,0.996391385225915,0.0023524096385542166
3247,DoS/DDoS,DoS/DDoS,0.0,0.0,1.0,0.0,0.0
3248,Normal,Normal,0.0,0.004345977494761482,0.0031104374430026673,0.9870494144362776,0.005494170625958373
3249,Normal,Normal,0.0,0.0,0.0,1.0,0.0
3250,DoS/DDoS,DoS/DDoS,0.0,0.0,1.0,0.0,0.0
3251,DoS/DDoS,DoS/DDoS,0.0,0.0,1.0,0.0,0.0
3252,Normal,Normal,0.0,0.0,0.0,1.0,0.0
3253,Brute Force,Web Attack,0.0,0.4354457196655312,1.6665705867441304e-05,0.004038623015440991,0.5604989916131603
3254,Brute Force,Brute Force,0.0,1.0,0.0,0.0,0.0
3255,DoS/DDoS,DoS/DDoS,0.0,0.0,1.0,0.0,0.0
3256,DoS/DDoS,DoS/DDoS,0.0,0.0,1.0,0.0,0.0
3257,Normal,Normal,0.0,0.0,0.0,1.0,0.0
3258,DoS/DDoS,DoS/DDoS,0.0,0.0,1.0,0.0,0.0
3259,Normal,Normal,0.0,0.0,0.0,1.0,0.0
3260,Normal,Normal,0.0,0.0,0.0,1.0,0.0
3261,DoS/DDoS,DoS/DDoS,0.0,0.0,0.991243172325158,0.008756827674842026,0.0
3262,Normal,Normal,0.0,0.0,0.0,1.0,0.0
3263,Brute Force,Web Attack,0.0,0.20379779206715043,1.25579282007367e-05,0.002263048406546569,0.7939266015981024
3264,DoS/DDoS,DoS/DDoS,0.0,0.0030934127953191792,0.9956491536587899,0.0012574335458909508,0.0
3265,DoS/DDoS,DoS/DDoS,0.0,0.0,0.9568650839977945,0.043134916002205564,0.0
3266,DoS/DDoS,DoS/DDoS,0.0,0.0671189917149414,0.7251539270587932,0.10363280684939141,0.10409427437687398
3267,DoS/DDoS,DoS/DDoS,0.0,0.0,1.0,0.0,0.0
3268,Normal,Normal,0.06828251506554929,0.0,0.0016684440084302535,0.9300490409260204,0.0
3269,DoS/DDoS,DoS/DDoS,0.0,0.0,1.0,0.0,0.0
3270,Normal,Normal,0.0,0.0,0.0,1.0,0.0
3271,Brute Force,Brute Force,0.0,1.0,0.0,0.0,0.0
3272,DoS/DDoS,DoS/DDoS,0.0,0.004392366586283499,0.9310580282324044,0.06454960518131206,0.0
3273,Normal,Normal,0.0,0.0,0.0,1.0,0.0
3274,Brute Force,Brute Force,0.0,1.0,0.0,0.0,0.0
3275,Normal,Normal,0.0,0.0,0.0,1.0,0.0
3276,Brute Force,Web Attack,0.0,0.07576260861667955,1.25579282007367e-05,0.0021154780827462435,0.9221093553723736
3277,Brute Force,Brute Force,0.0,1.0,0.0,0.0,0.0
3278,DoS/DDoS,DoS/DDoS,0.0,0.0,1.0,0.0,0.0
3279,Normal,Normal,0.0,0.0,0.0,1.0,0.0
3280,Normal,Normal,0.0,0.0,0.0,1.0,0.0
3281,DoS/DDoS,DoS/DDoS,0.0,0.0,1.0,0.0,0.0
3282,Normal,Normal,0.0,0.011115435903146861,0.20454672319316555,0.7772317525965633,0.007106088307124363
3283,DoS/DDoS,DoS/DDoS,0.0,0.0,1.0,0.0,0.0
3284,Brute Force,Brute Force,0.0,1.0,0.0,0.0,0.0
3285,Normal,Normal,0.0,0.0,0.0,1.0,0.0
3286,Normal,Normal,0.0,0.0,0.0,1.0,0.0
3287,Normal,Normal,0.0,0.0,0.007070323572274981,0.9929296764277251,0.0
3288,DoS/DDoS,DoS/DDoS,0.0,0.0,1.0,0.0,0.0
3289,Normal,Normal,0.0,0.0,0.0016852176384218253,0.9983147823615781,0.0
3290,Normal,Normal,0.0,0.0,0.0,1.0,0.0
3291,Normal,Normal,0.0,0.0,0.0,1.0,0.0
3292,Normal,Normal,0.0,0.0,0.0,1.0,0.0
3293,DoS/DDoS,DoS/DDoS,0.0,0.0,0.9999837280409707,1.6271959029384604e-05,0.0
3294,Normal,Normal,0.0,0.011684171309279179,0.00022238290314808567,0.9818786673963392,0.006214778391233461
3295,Normal,Normal,0.0,0.0,0.0006229668473913429,0.9993770331526086,0.0
3296,DoS/DDoS,DoS/DDoS,0.0,0.0,0.9999897181194723,1.0281880527716808e-05,0.0
3297,DoS/DDoS,DoS/DDoS,0.0,0.0,1.0,0.0,0.0
3298,DoS/DDoS,DoS/DDoS,0.0,0.0,1.0,0.0,0.0
3299,Brute Force,Brute Force,0.0,1.0,0.0,0.0,0.0
3300,Normal,Normal,0.0,0.0,0.0,1.0,0.0
3301,Brute Force,Brute Force,0.0,1.0,0.0,0.0,0.0
3302,Brute Force,Brute Force,0.0,1.0,0.0,0.0,0.0
3303,DoS/DDoS,DoS/DDoS,0.0,0.0,1.0,0.0,0.0
3304,DoS/DDoS,DoS/DDoS,0.0,0.0,1.0,0.0,0.0
3305,Normal,Normal,0.0,0.0,0.0007341354558408062,0.9992658645441592,0.0
3306,DoS/DDoS,DoS/DDoS,0.0,0.0,0.9999684058604776,3.1594139522391764e-05,0.0
3307,Brute Force,Brute Force,0.0,0.7164919769371525,3.5554519839800734e-05,0.014517806916713212,0.26895466162629456
3308,DoS/DDoS,DoS/DDoS,0.0,0.006011834387574589,0.6876849670846791,0.08710744818349243,0.21919575034425384
3309,Normal,Normal,0.0,0.0,0.01127949804778194,0.9838060654366214,0.004914436515596674
3310,DoS/DDoS,DoS/DDoS,0.0,0.0,1.0,0.0,0.0
3311,Normal,Normal,0.0,0.025958766791222575,0.00017573467997291585,0.9616873842204282,0.012178114308376222
3312,DoS/DDoS,DoS/DDoS,0.0,0.001635674771047371,0.9945770956139496,0.003787229615003011,0.0
3313,DoS/DDoS,DoS/DDoS,0.0,0.0,1.0,0.0,0.0
3314,Normal,Normal,0.0,0.0,0.0,1.0,0.0
3315,Brute Force,Web Attack,0.0,0.23546362939860477,1.25579282007367e-05,0.000799937309987354,0.7637238753632074
3316,Brute Force,Brute Force,0.0,1.0,0.0,0.0,0.0
3317,Normal,Normal,0.0,0.0,0.005,0.9925412616266872,0.0024587383733128193
3318,DoS/DDoS,DoS/DDoS,0.0,0.0,1.0,0.0,0.0
3319,Brute Force,Brute Force,0.0,0.940131362429334,0.010488240647586737,0.04938039692307913,0.0
3320,Normal,Normal,0.0,0.0,0.0,1.0,0.0
3321,DoS/DDoS,DoS/DDoS,0.0,0.0,1.0,0.0,0.0
3322,Brute Force,Brute Force,0.0,1.0,0.0,0.0,0.0
3323,Normal,Normal,0.0,0.0,0.0016642526415766353,0.9983357473584233,0.0
3324,Bot,Bot,0.9815089875623063,0.0,3.8792083567466685e-05,0.018452220354126206,0.0
3325,DoS/DDoS,DoS/DDoS,0.0,0.0,0.9999520123245601,4.7987675439910186e-05,0.0
3326,Bot,Bot,0.977767236674512,0.0,5.655454916785888e-05,0.022176208776320126,0.0
3327,Normal,Normal,0.0,0.0,0.0,1.0,0.0
3328,DoS/DDoS,DoS/DDoS,0.0,0.0,0.9999714047472551,2.8595252744989888e-05,0.0
3329,Normal,Normal,0.0,0.0,0.0,1.0,0.0
3330,DoS/DDoS,DoS/DDoS,0.0,0.0,1.0,0.0,0.0
3331,DoS/DDoS,DoS/DDoS,0.0,0.0,1.0,0.0,0.0
3332,DoS/DDoS,DoS/DDoS,0.0,0.0,1.0,0.0,0.0
3333,Normal,Normal,0.00789344741874273,0.02495106910422608,0.3344194911232238,0.6327359923538074,0.0
3334,DoS/DDoS,DoS/DDoS,0.0,0.0,0.999943023359281,5.697664071897986e-05,0.0
3335,DoS/DDoS,DoS/DDoS,0.0,0.0,1.0,0.0,0.0
3336,DoS/DDoS,DoS/DDoS,0.0,0.0,0.9962971366558758,0.003702863344124288,0.0
3337,DoS/DDoS,DoS/DDoS,0.0,0.00021209331538452002,0.9950665014347911,0.001555649354222836,0.003165755895601417
3338,Normal,Normal,0.0,0.0,0.0,1.0,0.0
3339,Normal,Normal,0.0,0.0,0.004373214381974018,0.995626785618026,0.0
3340,DoS/DDoS,DoS/DDoS,0.0,0.0,1.0,0.0,0.0
3341,Normal,Normal,0.0,0.0,0.0,1.0,0.0
3342,Normal,Normal,0.0,0.0,0.0,1.0,0.0
3343,Normal,Normal,0.0,0.0012187410885724603,0.0,0.9987812589114275,0.0
3344,Normal,Normal,0.0,0.001207384403036577,0.0012507127075760815,0.9975419028893874,0.0
3345,DoS/DDoS,DoS/DDoS,0.0,0.0,1.0,0.0,0.0
3346,Brute Force,Brute Force,0.0,1.0,0.0,0.0,0.0
3347,Normal,Normal,0.0,0.0,0.0,1.0,0.0
3348,Normal,Normal,0.0,0.0,0.0,1.0,0.0
3349,Brute Force,Brute Force,0.0,0.7075547727263136,3.0942086206539245e-05,0.02003476625417116,0.2723795189333088
3350,DoS/DDoS,DoS/DDoS,0.0,0.0,0.9997960919129155,0.000203908087084543,0.0
3351,Normal,Normal,0.0,0.002438628257112533,0.02731535983387859,0.9581656394634139,0.012080372445594855
3352,DoS/DDoS,DoS/DDoS,0.0,0.0,1.0,0.0,0.0
3353,Brute Force,Brute Force,0.0,1.0,0.0,0.0,0.0
3354,DoS/DDoS,DoS/DDoS,0.0,0.0,1.0,0.0,0.0
3355,Brute Force,Brute Force,0.0,0.897095198764754,0.0002490329484864994,0.050593885361784975,0.052061882924974434
3356,DoS/DDoS,DoS/DDoS,0.0,0.0,1.0,0.0,0.0
3357,Normal,Normal,0.0,0.0025,0.001009640904982569,0.9964903590950174,0.0
3358,Bot,Bot,0.9966620588783198,0.0,1.4450702009829216e-06,0.003336496051479289,0.0
3359,Normal,Normal,0.0,0.004257767190389578,0.042155575280430124,0.8467727120979253,0.10681394543125489
3360,DoS/DDoS,DoS/DDoS,0.0,0.0,1.0,0.0,0.0
3361,Normal,Normal,0.0,0.0,0.0,1.0,0.0
3362,Normal,Normal,0.004764130438902198,0.0,0.0018847523559348965,0.9933511172051629,0.0
3363,Brute Force,Brute Force,0.0,1.0,0.0,0.0,0.0
3364,Brute Force,Brute Force,0.0,1.0,0.0,0.0,0.0
3365,Normal,Normal,0.0024204640177827173,0.0,0.005152003173103053,0.9924275328091142,0.0
3366,Normal,Normal,0.0,0.04705088868200807,0.007664276368164016,0.9381081502846993,0.007176684665128569
3367,DoS/DDoS,DoS/DDoS,0.0,0.0,1.0,0.0,0.0
3368,DoS/DDoS,DoS/DDoS,0.0,0.000192968101100968,0.9961426494153155,0.002686042190739058,0.0009783402928444298
3369,DoS/DDoS,DoS/DDoS,0.0,0.0,1.0,0.0,0.0
3370,Normal,Normal,0.0,0.0,0.0,1.0,0.0
3371,Web Attack,Brute Force,0.0,0.6807179344148597,3.5554519839800734e-05,0.007332191847788994,0.3119143192175114
3372,Normal,Normal,0.0,0.0,0.0,1.0,0.0
3373,Normal,Normal,0.0,0.0,0.0,1.0,0.0
3374,Brute Force,Brute Force,0.0,1.0,0.0,0.0,0.0
3375,Normal,Normal,0.0,0.0,2.225545236721059e-05,0.9975,0.0024777445476327894
3376,DoS/DDoS,DoS/DDoS,0.0,0.0,1.0,0.0,0.0
3377,Brute Force,Brute Force,0.0,1.0,0.0,0.0,0.0
3378,Brute Force,Brute Force,0.0,1.0,0.0,0.0,0.0
3379,DoS/DDoS,DoS/DDoS,0.0,0.0,1.0,0.0,0.0
3380,Normal,Normal,0.006897149358646623,0.0,0.0016649744994333207,0.99143787614192,0.0
3381,Normal,Normal,0.0,0.0,0.0,1.0,0.0
3382,Normal,Normal,0.0,0.0,0.0,1.0,0.0
3383,Brute Force,Brute Force,0.0,0.7481378505593086,3.223540519108048e-05,0.008773607180803826,0.24305630685469642
3384,Normal,Normal,0.0,0.0,0.0,1.0,0.0
3385,Brute Force,Brute Force,0.0,1.0,0.0,0.0,0.0
3386,Brute Force,Brute Force,0.0,0.6354628305029404,0.00427634145607711,0.05620891402305304,0.30405191401792925
3387,DoS/DDoS,DoS/DDoS,0.0,0.0,1.0,0.0,0.0
3388,Normal,Normal,0.0,0.0,0.0,1.0,0.0
3389,Normal,Normal,0.0,0.0,0.0005009740166728735,0.9994990259833272,0.0
3390,Normal,Normal,0.0,0.0022948463390544153,0.007828380318026617,0.9878907622649754,0.001986011077943512
3391,Brute Force,Brute Force,0.0,1.0,0.0,0.0,0.0
3392,Normal,Normal,0.0,0.0,0.0,1.0,0.0
3393,Normal,Normal,0.0,0.0,0.0,1.0,0.0
3394,Brute Force,Brute Force,0.0,0.8763899346085379,0.0003801974979378124,0.049713776301821215,0.07351609159170311
3395,Normal,Normal,0.03617616364191355,0.0,0.0,0.9638238363580863,0.0
3396,Brute Force,Brute Force,0.0,1.0,0.0,0.0,0.0
3397,Normal,Normal,0.0,0.0,0.0,1.0,0.0
3398,Brute Force,Brute Force,0.0,1.0,0.0,0.0,0.0
3399,Normal,Normal,0.016357364810777916,0.0,0.007910853991094199,0.9757317811981279,0.0
3400,Normal,Normal,0.0,0.0,0.0,1.0,0.0
3401,Normal,Normal,0.0,0.0,0.0,1.0,0.0
3402,DoS/DDoS,DoS/DDoS,0.0,0.0,0.999969598059839,3.040194016098469e-05,0.0
3403,Normal,Normal,0.0,0.0,0.0,1.0,0.0
3404,Brute Force,Web Attack,0.0,0.22219356050678135,1.25579282007367e-05,0.0007536263950251774,0.7770402551699929
3405,DoS/DDoS,DoS/DDoS,0.0,0.0,1.0,0.0,0.0
3406,DoS/DDoS,DoS/DDoS,0.0,0.0,1.0,0.0,0.0
3407,Normal,Normal,0.0,0.0,0.0,1.0,0.0
3408,Normal,Normal,0.0,0.0,0.0,1.0,0.0
3409,Normal,Normal,0.0,0.0,0.0,1.0,0.0
3410,Bot,Bot,0.991306354642302,0.0,0.00029829259214757123,0.008395352765550545,0.0
3411,DoS/DDoS,DoS/DDoS,0.0,0.0,0.9999897181194723,1.0281880527716808e-05,0.0
3412,Brute Force,Brute Force,0.0,1.0,0.0,0.0,0.0
3413,Normal,Normal,0.0,0.0,0.0025,0.9975,0.0
3414,DoS/DDoS,DoS/DDoS,0.0,0.0,0.9999668162769407,3.3183723059252104e-05,0.0
3415,Normal,Normal,0.0,0.0,0.0,1.0,0.0
3416,Normal,Normal,0.0,0.0,0.0,1.0,0.0
3417,DoS/DDoS,DoS/DDoS,0.0,0.0,1.0,0.0,0.0
3418,Brute Force,Brute Force,0.0,1.0,0.0,0.0,0.0
3419,DoS/DDoS,DoS/DDoS,0.0,0.0,1.0,0.0,0.0
3420,Normal,Normal,0.0025,0.0,0.0,0.9975,0.0
3421,Normal,Normal,0.0,0.0,0.0,1.0,0.0
3422,Normal,Normal,0.0,0.0,0.007899749706536617,0.9921002502934635,0.0
3423,Normal,Normal,0.0,0.0,0.0,1.0,0.0
3424,Normal,Normal,0.0,0.0,0.012520020533241699,0.9874799794667584,0.0
3425,Normal,Normal,0.009567814866163586,0.005574935119158781,0.0,0.9810613119622125,0.0037959380524652865
3426,DoS/DDoS,DoS/DDoS,0.0,0.0,0.999172693963979,0.000827306036021032,0.0
3427,DoS/DDoS,DoS/DDoS,0.0,0.0,1.0,0.0,0.0
3428,Normal,Normal,0.32088395683627957,0.0,1.1765324093669399e-05,0.6791042778396266,0.0
3429,Bot,Bot,1.0,0.0,0.0,0.0,0.0
3430,Normal,Normal,0.0,0.0,0.0,1.0,0.0
3431,DoS/DDoS,DoS/DDoS,0.0,0.0,0.9999946236857931,5.376314206946534e-06,0.0
3432,DoS/DDoS,DoS/DDoS,0.0,0.0,0.9999837280409707,1.6271959029384604e-05,0.0
3433,Normal,Normal,0.0,0.0,0.0,1.0,0.0
3434,Normal,Normal,0.0,0.0,0.0,1.0,0.0
3435,DoS/DDoS,DoS/DDoS,0.0,0.0,0.9999714047472551,2.8595252744989888e-05,0.0
3436,Brute Force,Brute Force,0.0,1.0,0.0,0.0,0.0
3437,Normal,Normal,0.0,0.0350228175779599,0.0002896021032729734,0.958480423594135,0.006207156724632107
3438,Normal,Normal,0.0,0.0,0.0,1.0,0.0
3439,Web Attack,Brute Force,0.0,0.4796577191108353,0.001653328592814933,0.14904331901194184,0.36964563328440797
3440,Brute Force,Brute Force,0.0,1.0,0.0,0.0,0.0
3441,Brute Force,Brute Force,0.0,1.0,0.0,0.0,0.0
3442,Normal,Normal,0.0,0.0,0.0,1.0,0.0
3443,Brute Force,Brute Force,0.0,0.9984773212541364,0.0,0.001522678745863726,0.0
3444,Normal,Normal,0.0,0.0,0.0,1.0,0.0
3445,Brute Force,Brute Force,0.0,1.0,0.0,0.0,0.0
3446,Normal,Normal,0.0,0.0,0.0,1.0,0.0
3447,Brute Force,Brute Force,0.0,1.0,0.0,0.0,0.0
3448,Normal,Normal,0.0,0.09400680986793986,0.0005048047170271053,0.844152515751386,0.0613358696636471
3449,DoS/DDoS,DoS/DDoS,0.0,0.0,0.9939548108390133,0.006045189160986786,0.0
3450,DoS/DDoS,DoS/DDoS,0.0,0.0,1.0,0.0,0.0
3451,DoS/DDoS,DoS/DDoS,0.0,0.000192968101100968,0.9939852823930176,0.00484340921303701,0.0009783402928444298
3452,DoS/DDoS,DoS/DDoS,0.0,0.0,1.0,0.0,0.0
3453,Normal,Normal,0.0,0.0,0.0,1.0,0.0
3454,DoS/DDoS,DoS/DDoS,0.0,0.0,0.9999714047472551,2.8595252744989888e-05,0.0
3455,Normal,Normal,0.0,0.005,0.002679110688637779,0.9923208893113622,0.0
3456,Brute Force,Brute Force,0.0,1.0,0.0,0.0,0.0
3457,Brute Force,Web Attack,0.0,0.3562339963148231,1.0456903281202048e-05,0.0019991880206193797,0.6417563587612765
3458,Brute Force,Brute Force,0.0,1.0,0.0,0.0,0.0
3459,DoS/DDoS,DoS/DDoS,0.0,0.0,1.0,0.0,0.0
3460,Normal,Normal,0.0,0.0,0.0,1.0,0.0
3461,Normal,Normal,0.0,0.001504327471184362,0.00486869886550508,0.991640962585367,0.001986011077943512
3462,Brute Force,Web Attack,0.0,0.26275634815021803,1.25579282007367e-05,0.0009192814918908895,0.7363118124296905
3463,DoS/DDoS,DoS/DDoS,0.0,0.0,1.0,0.0,0.0
3464,Brute Force,Brute Force,0.0,1.0,0.0,0.0,0.0
3465,Normal,Normal,0.0,0.03562711359375942,9.35182775389169e-06,0.8200289734769841,0.14433456110150272
3466,Normal,Normal,0.2943630306575255,0.0,4.509736525011429e-05,0.7055918719772242,0.0
3467,DoS/DDoS,DoS/DDoS,0.0,0.0,1.0,0.0,0.0
3468,Normal,Normal,0.0,0.0,0.0,1.0,0.0
3469,Normal,Normal,0.0,0.044421861577355795,0.00040073123032480267,0.9451199631384491,0.010057444053870185
3470,Normal,Normal,0.0022784665579119088,0.0,0.0,0.9977215334420881,0.0
3471,DoS/DDoS,DoS/DDoS,0.0,0.0,1.0,0.0,0.0
3472,DoS/DDoS,DoS/DDoS,0.0,0.0,1.0,0.0,0.0
3473,Normal,Normal,0.0,0.020022955371974224,0.0001829189002014809,0.9730261996752428,0.006767926052581511
3474,DoS/DDoS,Normal,0.0,0.16398338827504497,0.14676774676781096,0.43057964136290783,0.2586692235942362
3475,Brute Force,Brute Force,0.0,1.0,0.0,0.0,0.0
3476,DoS/DDoS,DoS/DDoS,0.0,0.0,1.0,0.0,0.0
3477,Brute Force,Brute Force,0.0,1.0,0.0,0.0,0.0
3478,DoS/DDoS,DoS/DDoS,0.0,0.0,1.0,0.0,0.0
3479,Normal,Normal,0.0034221704229379186,0.0,0.00016796527129775898,0.9964098643057643,0.0
3480,Normal,Normal,0.0,0.0,0.0,1.0,0.0
3481,Brute Force,Brute Force,0.0,1.0,0.0,0.0,0.0
3482,Normal,Normal,0.0,0.0,0.0,1.0,0.0
3483,Normal,Normal,0.009785249387807709,0.0,0.0023752281294560956,0.9878395224827361,0.0
3484,Brute Force,Brute Force,0.0,1.0,0.0,0.0,0.0
3485,Brute Force,Brute Force,0.0,1.0,0.0,0.0,0.0
3486,Brute Force,Brute Force,0.0,1.0,0.0,0.0,0.0
3487,Normal,Normal,0.002091070248182201,0.0025,0.08034043836829896,0.9126522135904911,0.0024162777930277247
3488,Normal,Normal,0.0,0.0,0.0,1.0,0.0
3489,Brute Force,Web Attack,0.0,0.14982469371604668,6.230566709023625e-05,0.00714373535407161,0.8429692652627916
3490,Bot,Bot,0.9983339066336799,0.0,1.4450702009829216e-06,0.0016646482961191241,0.0
3491,Normal,Normal,0.00436034960707548,0.002097918147749958,0.0,0.9935417322451745,0.0
3492,Normal,Normal,0.0,0.0,0.0,1.0,0.0
3493,DoS/DDoS,DoS/DDoS,0.0,0.0,0.9991314506934597,0.000868549306540338,0.0
3494,DoS/DDoS,DoS/DDoS,0.0,0.0,1.0,0.0,0.0
3495,Brute Force,Brute Force,0.0,0.9280696149898269,0.0005930278521369958,0.03895981196938776,0.03237754518864832
3496,Normal,Normal,0.0,0.0,0.0,1.0,0.0
3497,DoS/DDoS,DoS/DDoS,0.0,0.0,1.0,0.0,0.0
3498,Normal,Normal,0.0,0.0,0.0,1.0,0.0
3499,Brute Force,Brute Force,0.0,1.0,0.0,0.0,0.0
3500,DoS/DDoS,DoS/DDoS,0.0,0.0,0.9991929097932833,0.0008070902067165902,0.0
3501,Brute Force,Brute Force,0.0,1.0,0.0,0.0,0.0
3502,Normal,Normal,0.0,0.0,0.006871107730851825,0.9931288922691481,0.0
3503,Normal,Normal,0.0,0.0,0.0,1.0,0.0
3504,DoS/DDoS,DoS/DDoS,0.0,0.0,1.0,0.0,0.0
3505,Normal,Normal,0.0,0.0,0.0,1.0,0.0
3506,Normal,Normal,0.0,0.05632778777524457,1.233285489663589e-05,0.6635388878074399,0.28012099156241893
3507,Brute Force,Brute Force,0.0,1.0,0.0,0.0,0.0
3508,Normal,Normal,0.0,0.0,0.0,1.0,0.0
3509,DoS/DDoS,DoS/DDoS,0.0,0.0,1.0,0.0,0.0
3510,DoS/DDoS,DoS/DDoS,0.0,0.0,1.0,0.0,0.0
3511,Normal,Normal,0.0,0.0,0.0,1.0,0.0
3512,Normal,Normal,0.0,0.0,0.0,1.0,0.0
3513,DoS/DDoS,DoS/DDoS,0.0,0.000192968101100968,0.9952509630961439,0.0035777285099106064,0.0009783402928444298
3514,Normal,Normal,0.0,0.0,0.0,1.0,0.0
3515,Normal,Normal,0.0,0.0,0.0,1.0,0.0
3516,Brute Force,Brute Force,0.0,1.0,0.0,0.0,0.0
3517,Brute Force,Brute Force,0.0,1.0,0.0,0.0,0.0
3518,Normal,Normal,0.0,0.0,0.0,1.0,0.0
3519,DoS/DDoS,DoS/DDoS,0.0,0.0,1.0,0.0,0.0
3520,Normal,Normal,0.0,0.0,0.0,1.0,0.0
3521,DoS/DDoS,DoS/DDoS,0.0,0.0,1.0,0.0,0.0
3522,Normal,Normal,0.0,0.0,0.0,1.0,0.0
3523,Brute Force,Brute Force,0.0,1.0,0.0,0.0,0.0
3524,Brute Force,Brute Force,0.0,1.0,0.0,0.0,0.0
3525,Normal,Normal,0.0,0.02117970438990342,0.0002054514291647286,0.9706258985162088,0.007988945664722986
3526,Brute Force,Brute Force,0.0,1.0,0.0,0.0,0.0
3527,Normal,Normal,0.0,0.0,0.0,1.0,0.0
3528,Brute Force,Brute Force,0.0,0.9278998286808536,0.0,0.06988871361068813,0.0022114577084583085
3529,Normal,Normal,0.0,0.0,0.0,1.0,0.0
3530,Normal,Normal,0.0,0.026396869920020875,0.0001725763837389026,0.9532578422308315,0.020172711465408666
3531,DoS/DDoS,DoS/DDoS,0.0,0.0,1.0,0.0,0.0
3532,Brute Force,Brute Force,0.0,1.0,0.0,0.0,0.0
3533,DoS/DDoS,DoS/DDoS,0.0,0.0,0.9999460222460584,5.397775394157798e-05,0.0
3534,Brute Force,Brute Force,0.0,1.0,0.0,0.0,0.0
3535,DoS/DDoS,DoS/DDoS,0.0,0.0,1.0,0.0,0.0
3536,DoS/DDoS,DoS/DDoS,0.0,0.0,1.0,0.0,0.0
3537,Normal,Normal,0.0,0.11850659981016197,1.1714040037666765e-05,0.7737677725460962,0.10771391360370436
3538,Bot,Bot,0.9999064898779327,0.0,1.4450702009829216e-06,9.206505186623516e-05,0.0
3539,Bot,Bot,0.9998852459016393,0.0,0.0,0.00011475409836065573,0.0
3540,Normal,Normal,0.0,0.0,0.0,1.0,0.0
3541,Brute Force,Brute Force,0.0,1.0,0.0,0.0,0.0
3542,Brute Force,Brute Force,0.0,1.0,0.0,0.0,0.0
3543,DoS/DDoS,DoS/DDoS,0.0,0.0,1.0,0.0,0.0
3544,Normal,Normal,0.0,0.0,0.0,1.0,0.0
3545,Bot,Bot,1.0,0.0,0.0,0.0,0.0
3546,DoS/DDoS,DoS/DDoS,0.0,0.0,1.0,0.0,0.0
3547,DoS/DDoS,DoS/DDoS,0.0,0.0,0.9955907526481026,0.0044092473518974684,0.0
3548,Normal,Normal,0.0,0.0,0.0,1.0,0.0
3549,DoS/DDoS,DoS/DDoS,0.0,0.0,1.0,0.0,0.0
3550,DoS/DDoS,DoS/DDoS,0.0,0.0,1.0,0.0,0.0
3551,Normal,Normal,0.0,0.0,0.0,1.0,0.0
3552,Normal,Normal,0.0,0.0,0.0,1.0,0.0
3553,DoS/DDoS,DoS/DDoS,0.0,0.0,1.0,0.0,0.0
3554,Normal,Normal,0.0,0.0,0.0,1.0,0.0
3555,Normal,Normal,0.0,0.0,0.0,1.0,0.0
3556,DoS/DDoS,DoS/DDoS,0.0,0.0,1.0,0.0,0.0
3557,DoS/DDoS,DoS/DDoS,0.0,0.0,1.0,0.0,0.0
3558,Normal,Normal,0.0,0.0,0.0,1.0,0.0
3559,DoS/DDoS,DoS/DDoS,0.0,0.0,1.0,0.0,0.0
3560,Brute Force,Brute Force,0.0,1.0,0.0,0.0,0.0
3561,DoS/DDoS,DoS/DDoS,0.0,2.0028438609459433e-05,0.9930074173181362,0.006972554243254426,0.0
3562,Normal,Normal,0.0,0.0,0.0,1.0,0.0
3563,Brute Force,Brute Force,0.0,1.0,0.0,0.0,0.0
3564,Normal,Normal,0.0,0.0,0.0,1.0,0.0
3565,Normal,Normal,0.0,0.0,0.0,1.0,0.0
3566,Normal,Normal,0.0,0.0,0.0022851918985395646,0.9977148081014604,0.0
3567,Web Attack,Web Attack,0.0,0.44750810341412484,1.25579282007367e-05,0.0007160295884000448,0.5517633090692745
3568,DoS/DDoS,DoS/DDoS,0.0,0.0,1.0,0.0,0.0
3569,DoS/DDoS,DoS/DDoS,0.0,0.0,1.0,0.0,0.0
3570,DoS/DDoS,DoS/DDoS,0.0,0.0,1.0,0.0,0.0
3571,Brute Force,Brute Force,0.0,1.0,0.0,0.0,0.0
3572,Normal,Normal,0.0,0.0,0.0,1.0,0.0
3573,Brute Force,Brute Force,0.0,1.0,0.0,0.0,0.0
3574,DoS/DDoS,DoS/DDoS,0.0,0.00121143469839513,0.9768423470318203,0.021946218269784646,0.0
3575,Brute Force,Web Attack,0.0,0.3858866082079955,1.25579282007367e-05,0.0016182725907450692,0.6124825612730589
3576,Brute Force,Brute Force,0.0,0.36108326298143006,0.07514769189542815,0.26788635242899633,0.2958826926941454
3577,Normal,Normal,0.0,0.0,0.0,1.0,0.0
3578,DoS/DDoS,DoS/DDoS,0.0,0.0,1.0,0.0,0.0
3579,DoS/DDoS,DoS/DDoS,0.0,0.0,1.0,0.0,0.0
3580,DoS/DDoS,DoS/DDoS,0.0,0.0,1.0,0.0,0.0
3581,DoS/DDoS,DoS/DDoS,0.0,0.0,1.0,0.0,0.0
3582,DoS/DDoS,DoS/DDoS,0.0,0.0,1.0,0.0,0.0
3583,DoS/DDoS,DoS/DDoS,0.0,0.0,1.0,0.0,0.0
3584,Normal,Normal,0.0,0.0,0.0,1.0,0.0
3585,Brute Force,Brute Force,0.0,1.0,0.0,0.0,0.0
3586,Brute Force,Brute Force,0.0,1.0,0.0,0.0,0.0
3587,Brute Force,Brute Force,0.0,1.0,0.0,0.0,0.0
3588,DoS/DDoS,DoS/DDoS,0.0,0.0,1.0,0.0,0.0
3589,Brute Force,Brute Force,0.0,1.0,0.0,0.0,0.0
3590,DoS/DDoS,DoS/DDoS,0.0,0.0,1.0,0.0,0.0
3591,Brute Force,Brute Force,0.0,1.0,0.0,0.0,0.0
3592,Normal,Normal,0.0,0.0,0.0,1.0,0.0
3593,Normal,Normal,0.0,0.0,0.0,1.0,0.0
3594,Normal,Normal,0.0,0.0,0.0,1.0,0.0
3595,Brute Force,Brute Force,0.0,1.0,0.0,0.0,0.0
3596,DoS/DDoS,DoS/DDoS,0.0,0.0,1.0,0.0,0.0
3597,Brute Force,Brute Force,0.0,0.853872006705479,0.0025,0.1387354661517735,0.004892527142747408
3598,Bot,Bot,1.0,0.0,0.0,0.0,0.0
3599,Brute Force,Brute Force,0.0,1.0,0.0,0.0,0.0
3600,Bot,Bot,1.0,0.0,0.0,0.0,0.0
3601,Normal,Normal,0.0018742974896965156,0.00565173135253402,0.00014063800657684077,0.986004346697557,0.006328986453635658
3602,Normal,Normal,0.39666706587906236,0.0,0.0003176497633596187,0.603015284357578,0.0
3603,Normal,Normal,0.0,0.004125972694655422,0.017726909236157766,0.9732803369915002,0.004866781077686513
3604,DoS/DDoS,DoS/DDoS,0.0,0.0,0.9920273054642361,0.00797269453576397,0.0
3605,DoS/DDoS,DoS/DDoS,0.0,0.005132830549764414,0.9565495784887519,0.028111741081643903,0.010205849879839784
3606,Normal,Normal,0.0,0.0,0.0,1.0,0.0
3607,Normal,Normal,0.0,0.002148445623869428,0.026602542343989278,0.9552820024998321,0.015967009532309166
3608,DoS/DDoS,DoS/DDoS,0.0,0.0,1.0,0.0,0.0
3609,Brute Force,Brute Force,0.0,1.0,0.0,0.0,0.0
3610,Normal,Normal,0.0,0.0010078036972049889,0.1474394659450458,0.7700737509271447,0.08147897943060456
3611,DoS/DDoS,DoS/DDoS,0.0,0.0,1.0,0.0,0.0
3612,Bot,Bot,0.9771205417561007,0.0,2.405582131574279e-05,0.022855402422583444,0.0
3613,Brute Force,Brute Force,0.0,1.0,0.0,0.0,0.0
3614,DoS/DDoS,DoS/DDoS,0.0,0.0,0.9999837280409707,1.6271959029384604e-05,0.0
3615,Normal,Normal,0.0,0.0,0.0,1.0,0.0
3616,DoS/DDoS,DoS/DDoS,0.0,0.0,0.8580967480712145,0.13006587138507292,0.011837380543712684
3617,Brute Force,Brute Force,0.0,1.0,0.0,0.0,0.0
3618,Normal,Normal,0.0,0.05911276082700967,1.233285489663589e-05,0.6857462616646439,0.2551286446534498
3619,DoS/DDoS,DoS/DDoS,0.0,0.0,1.0,0.0,0.0
3620,DoS/DDoS,DoS/DDoS,0.0,0.0,1.0,0.0,0.0
3621,Brute Force,Brute Force,0.0,0.996008786602463,4.0491556722911094e-05,0.0039507218408141595,0.0
3622,Normal,Normal,0.0,0.0,0.0,1.0,0.0
3623,Normal,Normal,0.0,0.0,0.0,1.0,0.0
3624,Bot,Bot,1.0,0.0,0.0,0.0,0.0
3625,DoS/DDoS,DoS/DDoS,0.0,0.0,1.0,0.0,0.0
3626,DoS/DDoS,DoS/DDoS,0.0,0.0,1.0,0.0,0.0
3627,DoS/DDoS,DoS/DDoS,0.0,0.0,1.0,0.0,0.0
3628,Brute Force,Brute Force,0.0,0.715326271276731,0.0005329143166086114,0.11627931058151067,0.1678615038251498
3629,DoS/DDoS,DoS/DDoS,0.0,0.0,0.9999837280409707,1.6271959029384604e-05,0.0
3630,Normal,Normal,0.0,0.0083384041581878,0.00037121273665076545,0.9670547757963489,0.024235607308812485
3631,Brute Force,Brute Force,0.0,1.0,0.0,0.0,0.0
3632,Normal,Normal,0.0,0.0,0.0,1.0,0.0
3633,Normal,Normal,0.0070543230159619726,0.011790765270230109,0.0104369226726099,0.970717989041198,0.0
3634,Brute Force,Brute Force,0.0,1.0,0.0,0.0,0.0
3635,DoS/DDoS,DoS/DDoS,0.0,0.0,1.0,0.0,0.0
3636,DoS/DDoS,DoS/DDoS,0.0,0.0,1.0,0.0,0.0
3637,Brute Force,Brute Force,0.0,1.0,0.0,0.0,0.0
3638,DoS/DDoS,DoS/DDoS,0.0,0.0,1.0,0.0,0.0
3639,DoS/DDoS,DoS/DDoS,0.0,0.0,1.0,0.0,0.0
3640,DoS/DDoS,DoS/DDoS,0.0,0.0,1.0,0.0,0.0
3641,DoS/DDoS,DoS/DDoS,0.0,2.0028438609459433e-05,0.9972195303663125,0.002760441195078146,0.0
3642,DoS/DDoS,DoS/DDoS,0.0,0.0,1.0,0.0,0.0
3643,DoS/DDoS,DoS/DDoS,0.0,0.0,1.0,0.0,0.0
3644,Normal,Normal,0.0,0.0,0.0,1.0,0.0
3645,Normal,Normal,0.0,0.0,0.0005612734565962443,0.9994387265434037,0.0
3646,Bot,Bot,0.9815189391964848,0.0,3.8792083567466685e-05,0.01844226871994769,0.0
3647,Brute Force,Brute Force,0.0,0.782612105678832,2.6136296461136454e-05,0.0028365210529276365,0.21452523697177925
3648,DoS/DDoS,DoS/DDoS,0.0,0.0,1.0,0.0,0.0
3649,Normal,Normal,0.0,0.0,0.0,1.0,0.0
3650,Bot,Bot,0.9998742314038664,0.0,1.4450702009829216e-06,0.00012432352593260798,0.0
3651,DoS/DDoS,DoS/DDoS,0.0,0.0016106889800484802,0.9983893110199515,0.0,0.0
3652,DoS/DDoS,DoS/DDoS,0.0,0.0,1.0,0.0,0.0
3653,Brute Force,Brute Force,0.0,1.0,0.0,0.0,0.0
3654,Normal,Normal,0.0,0.0,0.0,1.0,0.0
3655,DoS/DDoS,DoS/DDoS,0.0,0.0,1.0,0.0,0.0
3656,Brute Force,Brute Force,0.0,1.0,0.0,0.0,0.0
3657,Normal,Normal,0.0,0.0,0.0,1.0,0.0
3658,Brute Force,Brute Force,0.0,1.0,0.0,0.0,0.0
3659,Normal,Normal,0.0,0.0,0.0,1.0,0.0
3660,DoS/DDoS,DoS/DDoS,0.0,0.0,1.0,0.0,0.0
3661,Normal,Normal,0.0,0.0,0.0,1.0,0.0
3662,Brute Force,Brute Force,0.0,1.0,0.0,0.0,0.0
3663,DoS/DDoS,DoS/DDoS,0.0,0.0008531739364402641,0.9922712481433886,0.002750234074979676,0.00412534384519145
3664,Normal,Normal,0.20900799731104996,0.0,1.2808673304008359e-05,0.790979194015646,0.0
3665,Normal,Normal,0.0,0.0,0.0,1.0,0.0
3666,Normal,Normal,0.0,0.0,0.0,1.0,0.0
3667,Normal,Normal,0.002091989912333373,0.0,0.0,0.9979080100876666,0.0
3668,DoS/DDoS,DoS/DDoS,0.0,0.0,1.0,0.0,0.0
3669,Normal,Normal,0.0,0.0,0.0,1.0,0.0
3670,Normal,Normal,0.0,0.0,0.0,1.0,0.0
3671,Normal,Normal,0.0,0.0,0.0,1.0,0.0
3672,DoS/DDoS,DoS/DDoS,0.0,0.0,1.0,0.0,0.0
3673,DoS/DDoS,DoS/DDoS,0.0,2.0028438609459433e-05,0.9852422161115243,0.014737755449866146,0.0
3674,Normal,Normal,0.0,0.0,0.0,1.0,0.0
3675,DoS/DDoS,DoS/DDoS,0.0,0.0,1.0,0.0,0.0
3676,Normal,Normal,0.0,0.050148699430084945,0.0005341503927154072,0.890506922018221,0.05881022815897864
3677,DoS/DDoS,DoS/DDoS,0.0,0.0,0.9978309201094264,0.0021690798905735034,0.0
3678,Normal,Normal,0.0,0.006570680561007483,0.0001779132773611612,0.9897492153463366,0.003502190815294726
3679,Normal,Normal,0.0,0.0,0.004167144563918757,0.9958328554360812,0.0
3680,DoS/DDoS,DoS/DDoS,0.0,0.0,1.0,0.0,0.0
3681,Brute Force,Brute Force,0.0,1.0,0.0,0.0,0.0
3682,Normal,Normal,0.0,0.018501299881095022,0.0002295671233766507,0.9664950657099488,0.014774067285579482
3683,Normal,Normal,0.0,0.0,0.0,1.0,0.0
3684,DoS/DDoS,DoS/DDoS,0.0,0.0,0.9993465502732451,0.0006534497267548884,0.0
3685,Bot,Bot,0.9778238991978883,0.0,5.722473395933651e-05,0.022118876068152295,0.0
3686,Normal,Normal,0.0,0.0,0.0,1.0,0.0
3687,Brute Force,Brute Force,0.0,1.0,0.0,0.0,0.0
3688,Brute Force,Brute Force,0.0,1.0,0.0,0.0,0.0
3689,Brute Force,Brute Force,0.0,1.0,0.0,0.0,0.0
3690,DoS/DDoS,DoS/DDoS,0.0,0.0,1.0,0.0,0.0
3691,Brute Force,Brute Force,0.0,1.0,0.0,0.0,0.0
3692,Brute Force,Brute Force,0.0,1.0,0.0,0.0,0.0
3693,Normal,Normal,0.0,0.0,0.0,1.0,0.0
3694,Normal,Normal,0.0,0.0,0.0,1.0,0.0
3695,DoS/DDoS,DoS/DDoS,0.0,0.0,1.0,0.0,0.0
3696,DoS/DDoS,DoS/DDoS,0.0,0.0,0.9999837280409707,1.6271959029384604e-05,0.0
3697,Brute Force,Brute Force,0.0,1.0,0.0,0.0,0.0
3698,DoS/DDoS,DoS/DDoS,0.0,0.0,1.0,0.0,0.0
3699,DoS/DDoS,DoS/DDoS,0.0,0.0,1.0,0.0,0.0
3700,Normal,Normal,0.0,0.0,0.0,1.0,0.0
3701,Normal,Normal,0.068173231029974,0.0,0.00011443846513278986,0.9317123305048932,0.0
3702,Normal,Normal,0.0,0.0,0.0,1.0,0.0
3703,Brute Force,Web Attack,0.0,0.13470273546066064,1.25579282007367e-05,0.0007051349559435534,0.8645795716551952
3704,Brute Force,Brute Force,0.0,1.0,0.0,0.0,0.0
3705,Normal,Normal,0.0,0.0001346185005439521,0.0,0.999865381499456,0.0
3706,DoS/DDoS,DoS/DDoS,0.0,0.0,0.9999897181194723,1.0281880527716808e-05,0.0
3707,Normal,Normal,0.0,0.0,0.0,1.0,0.0
3708,Brute Force,Brute Force,0.0,1.0,0.0,0.0,0.0
3709,DoS/DDoS,DoS/DDoS,0.0,0.0,1.0,0.0,0.0
3710,Normal,Normal,0.0,0.0,0.0,1.0,0.0
3711,DoS/DDoS,DoS/DDoS,0.0,0.0,0.9999897181194723,1.0281880527716808e-05,0.0
3712,Normal,Normal,0.0,0.0,0.0,1.0,0.0
3713,Brute Force,Brute Force,0.0,1.0,0.0,0.0,0.0
3714,Brute Force,Brute Force,0.0,1.0,0.0,0.0,0.0
3715,DoS/DDoS,DoS/DDoS,0.0,0.0,1.0,0.0,0.0
3716,Brute Force,Brute Force,0.0,1.0,0.0,0.0,0.0
3717,Normal,Normal,0.0002427264401707533,0.006289934057829927,0.00013856822111432893,0.9926629726763354,0.0006657986045495008
3718,Normal,Normal,0.0,0.0,0.0,1.0,0.0
3719,DoS/DDoS,DoS/DDoS,0.0,0.0,1.0,0.0,0.0
3720,Brute Force,Brute Force,0.0,1.0,0.0,0.0,0.0
3721,Brute Force,Brute Force,0.0,1.0,0.0,0.0,0.0
3722,Normal,Normal,0.0,0.0,0.0,1.0,0.0
3723,Normal,Normal,0.0,0.001218627997769102,0.052175441801411704,0.9442339043680524,0.0023720258327668254
3724,Normal,Normal,0.0004667851214775621,0.001442843136420251,0.0016822457625602354,0.9938681884377933,0.0025399375417486836
3725,Brute Force,Brute Force,0.0,1.0,0.0,0.0,0.0
3726,Brute Force,Brute Force,0.0,1.0,0.0,0.0,0.0
3727,Brute Force,Brute Force,0.0,1.0,0.0,0.0,0.0
3728,Normal,Normal,0.0,0.0,0.0,1.0,0.0
3729,Brute Force,Brute Force,0.0,1.0,0.0,0.0,0.0
3730,DoS/DDoS,DoS/DDoS,0.0,0.0,1.0,0.0,0.0
3731,Normal,Normal,0.0,0.0,0.0,1.0,0.0
3732,Normal,Normal,0.0,0.0,0.0,1.0,0.0
3733,Brute Force,Brute Force,0.0,1.0,0.0,0.0,0.0
3734,DoS/DDoS,DoS/DDoS,0.0,0.0,1.0,0.0,0.0
3735,DoS/DDoS,DoS/DDoS,0.0,0.0,1.0,0.0,0.0
3736,Normal,Normal,0.0,0.0,0.0006737725085616845,0.9969047505597708,0.002421476931667481
3737,DoS/DDoS,DoS/DDoS,0.0,0.0,1.0,0.0,0.0
3738,DoS/DDoS,DoS/DDoS,0.0,0.0,1.0,0.0,0.0
3739,Normal,Normal,0.0,0.0,0.0,1.0,0.0
3740,Brute Force,Brute Force,0.0,1.0,0.0,0.0,0.0
3741,Brute Force,Brute Force,0.0,1.0,0.0,0.0,0.0
3742,Normal,Normal,0.011412310389838747,0.0,0.00016796527129775898,0.9884197243388635,0.0
3743,Brute Force,Brute Force,0.0,1.0,0.0,0.0,0.0
3744,DoS/DDoS,DoS/DDoS,0.0,0.0,1.0,0.0,0.0
3745,DoS/DDoS,DoS/DDoS,0.0,0.0,1.0,0.0,0.0
3746,Brute Force,Brute Force,0.0,1.0,0.0,0.0,0.0
3747,Normal,Normal,0.0,0.0,0.0012341398906322598,0.9987658601093677,0.0
3748,DoS/DDoS,DoS/DDoS,0.0,0.0,1.0,0.0,0.0
3749,DoS/DDoS,DoS/DDoS,0.0,0.0,0.9993213721759249,0.0006786278240752202,0.0
3750,DoS/DDoS,DoS/DDoS,0.0,0.0,1.0,0.0,0.0
3751,Normal,Normal,0.0034778061279129536,0.0,0.016595850439873366,0.9799263434322136,0.0
3752,Brute Force,Brute Force,0.0,1.0,0.0,0.0,0.0
3753,DoS/DDoS,DoS/DDoS,0.0,0.0,0.9974990734561622,0.0025009265438378017,0.0
3754,DoS/DDoS,DoS/DDoS,0.0,0.0,1.0,0.0,0.0
3755,Normal,Normal,0.0,0.0,0.0,1.0,0.0
3756,Brute Force,Brute Force,0.0,1.0,0.0,0.0,0.0
3757,DoS/DDoS,DoS/DDoS,0.0,0.0,1.0,0.0,0.0
3758,DoS/DDoS,DoS/DDoS,0.0,0.0,0.9999714047472551,2.8595252744989888e-05,0.0
3759,DoS/DDoS,DoS/DDoS,0.0,0.0,1.0,0.0,0.0
3760,DoS/DDoS,DoS/DDoS,0.0,0.0,1.0,0.0,0.0
3761,Normal,Normal,0.0022785630916872003,0.0,0.0,0.9977214369083127,0.0
3762,DoS/DDoS,DoS/DDoS,0.0,0.0,1.0,0.0,0.0
3763,DoS/DDoS,DoS/DDoS,0.0,0.0,1.0,0.0,0.0
3764,DoS/DDoS,DoS/DDoS,0.0,0.003918062322368669,0.9643782775347318,0.023932064496038935,0.007771595646860609
3765,Normal,Normal,0.0,0.0,0.0,1.0,0.0
3766,Normal,Normal,0.0,0.0,0.0,1.0,0.0
3767,DoS/DDoS,DoS/DDoS,0.0,0.0,1.0,0.0,0.0
3768,Bot,Bot,1.0,0.0,0.0,0.0,0.0
3769,DoS/DDoS,DoS/DDoS,0.0,0.0,1.0,0.0,0.0
3770,Normal,Normal,0.0,0.0,0.0,1.0,0.0
3771,Normal,Normal,0.0,0.0,0.0,1.0,0.0
3772,DoS/DDoS,DoS/DDoS,0.0,0.0,0.9999897181194723,1.0281880527716808e-05,0.0
3773,Brute Force,Web Attack,0.0,0.2066144726769557,1.25579282007367e-05,0.0007147772253079844,0.7926581921695356
3774,DoS/DDoS,DoS/DDoS,0.0,0.0,1.0,0.0,0.0
3775,DoS/DDoS,DoS/DDoS,0.0,0.0,0.9999886336072914,1.1366392708614331e-05,0.0
3776,DoS/DDoS,DoS/DDoS,0.0,0.0,1.0,0.0,0.0
3777,DoS/DDoS,DoS/DDoS,0.0,0.0,1.0,0.0,0.0
3778,Normal,Normal,0.10689995553686156,0.0,0.0032340854690411586,0.8898659589940973,0.0
3779,Brute Force,Brute Force,0.0,0.81987131233993,3.223540519108048e-05,0.002290217424166891,0.17780623483071187
3780,DoS/DDoS,DoS/DDoS,0.0,0.0,1.0,0.0,0.0
3781,DoS/DDoS,DoS/DDoS,0.0,0.0,1.0,0.0,0.0
3782,Brute Force,Brute Force,0.0,1.0,0.0,0.0,0.0
3783,Brute Force,Brute Force,0.0,1.0,0.0,0.0,0.0
3784,Brute Force,Brute Force,0.0,1.0,0.0,0.0,0.0
3785,Brute Force,Brute Force,0.0,1.0,0.0,0.0,0.0
3786,DoS/DDoS,DoS/DDoS,0.0,0.0,1.0,0.0,0.0
3787,Normal,Normal,0.0,0.0,0.0,1.0,0.0
3788,Brute Force,Web Attack,0.0,0.32849810320994516,1.25579282007367e-05,0.0010016897077852601,0.6704876491540689
3789,Brute Force,Brute Force,0.0,1.0,0.0,0.0,0.0
3790,DoS/DDoS,DoS/DDoS,0.0,0.0,1.0,0.0,0.0
3791,DoS/DDoS,DoS/DDoS,0.0,0.0,0.9975,0.0025,0.0
3792,Bot,Bot,0.9532703380301338,0.0,1.9979239835169763e-05,0.046709682730030955,0.0
3793,Normal,Normal,0.0,0.0,0.0,1.0,0.0
3794,Normal,Normal,0.0,0.08184194212517554,0.014747735714966376,0.9034103221598581,0.0
3795,DoS/DDoS,DoS/DDoS,0.0,0.0,1.0,0.0,0.0
3796,Normal,Normal,0.0,0.0,0.0,1.0,0.0
3797,Brute Force,Brute Force,0.0,1.0,0.0,0.0,0.0
3798,Brute Force,Brute Force,0.0,0.9963332064194863,0.0,0.003666793580513667,0.0
3799,Normal,Normal,0.0,0.0,0.0,1.0,0.0
3800,DoS/DDoS,DoS/DDoS,0.0,0.0,1.0,0.0,0.0
3801,DoS/DDoS,DoS/DDoS,0.0,0.0,1.0,0.0,0.0
3802,DoS/DDoS,DoS/DDoS,0.0,0.0,0.9999837280409707,1.6271959029384604e-05,0.0
3803,Normal,Normal,0.0,0.002756790425548041,0.0016671456282778936,0.995576063946174,0.0
3804,DoS/DDoS,DoS/DDoS,0.0,0.0,1.0,0.0,0.0
3805,DoS/DDoS,DoS/DDoS,0.0,0.0,0.9999668162769407,3.3183723059252104e-05,0.0
3806,DoS/DDoS,DoS/DDoS,0.0,0.0,1.0,0.0,0.0
3807,Normal,Normal,0.0,0.010691168428896534,0.03142643664674283,0.9529834274607081,0.004898967463652658
3808,Web Attack,Web Attack,0.0,0.07460168425460917,1.25579282007367e-05,0.0007437920438731809,0.9246419657733171
3809,Normal,Normal,0.0,0.022827985338638345,0.0001829189002014809,0.9671956600239294,0.009793435737230684
3810,DoS/DDoS,DoS/DDoS,0.0,0.0,1.0,0.0,0.0
3811,DoS/DDoS,DoS/DDoS,0.0,0.0,1.0,0.0,0.0
3812,Normal,Normal,0.3925355496331977,0.0,0.0003176497633596187,0.6071468006034426,0.0
3813,Brute Force,Brute Force,0.0,0.716297223162725,3.748096830746594e-05,0.0019577073315555603,0.28170758853741185
3814,Normal,Normal,0.0,0.0,0.0,1.0,0.0
3815,DoS/DDoS,DoS/DDoS,0.0,0.0,0.9999684058604776,3.1594139522391764e-05,0.0
3816,Brute Force,Web Attack,0.0,0.3588685347875726,1.0456903281202048e-05,0.006680587475855556,0.6344404208332906
3817,DoS/DDoS,DoS/DDoS,0.0,0.0,0.9994905949350705,0.000509405064929462,0.0
3818,Normal,Normal,0.0,0.01978356697563044,0.0001829189002014809,0.9732655880715866,0.006767926052581511
3819,DoS/DDoS,DoS/DDoS,0.0,0.0,1.0,0.0,0.0
3820,DoS/DDoS,DoS/DDoS,0.0,0.0,0.9998151249176861,0.00018487508231393153,0.0
3821,Brute Force,Brute Force,0.0,1.0,0.0,0.0,0.0
3822,Brute Force,Brute Force,0.0,1.0,0.0,0.0,0.0
3823,DoS/DDoS,DoS/DDoS,0.0,0.0,1.0,0.0,0.0
3824,Normal,Normal,0.0,0.012439734117790289,0.029242698622175736,0.9558175672600341,0.0025
3825,DoS/DDoS,DoS/DDoS,0.0,0.0,1.0,0.0,0.0
3826,Normal,Normal,0.05142733861953368,0.0066285806989895245,0.017709926546865686,0.9242341541346111,0.0
3827,Bot,Bot,1.0,0.0,0.0,0.0,0.0
3828,DoS/DDoS,DoS/DDoS,0.0,0.0,0.9998151249176861,0.00018487508231393153,0.0
3829,DoS/DDoS,DoS/DDoS,0.0,0.0,1.0,0.0,0.0
3830,Normal,Normal,0.0,0.011864861853531191,0.05737987620542305,0.9234291827899034,0.007326079151142266
3831,DoS/DDoS,DoS/DDoS,0.0,0.0,0.9999520123245601,4.7987675439910186e-05,0.0
3832,DoS/DDoS,DoS/DDoS,0.0,0.0,1.0,0.0,0.0
3833,Normal,Normal,0.0,0.0,0.0,1.0,0.0
3834,Normal,Normal,0.0,0.0,0.0,1.0,0.0
3835,Normal,Normal,0.0,0.0,0.0,1.0,0.0
3836,Normal,Normal,0.0,0.004123464574284246,0.00666077738515901,0.9867555850774252,0.002460172963131543
3837,Normal,Normal,0.0,0.0,0.0,1.0,0.0
3838,DoS/DDoS,DoS/DDoS,0.0,0.0,1.0,0.0,0.0
3839,Brute Force,Brute Force,0.0,1.0,0.0,0.0,0.0
3840,Brute Force,Brute Force,0.0,1.0,0.0,0.0,0.0
3841,Normal,Normal,0.00471837213538932,0.0,4.625722418814636e-07,0.9952811652923688,0.0
3842,DoS/DDoS,DoS/DDoS,0.0,0.0,0.9999714047472551,2.8595252744989888e-05,0.0
3843,Normal,Normal,0.0,0.0,0.0,1.0,0.0
3844,DoS/DDoS,DoS/DDoS,0.0,0.0,1.0,0.0,0.0
3845,Normal,Normal,0.0,0.0,0.0,1.0,0.0
3846,DoS/DDoS,DoS/DDoS,0.0,0.0,0.9999897181194723,1.0281880527716808e-05,0.0
3847,Brute Force,Brute Force,0.0,1.0,0.0,0.0,0.0
3848,Brute Force,Web Attack,0.0,0.32999195056667363,1.25579282007367e-05,0.0012240701040944122,0.6687714214010313
3849,Normal,Normal,0.008232962487397896,7.662626602382587e-05,0.0,0.9916904112465784,0.0
3850,DoS/DDoS,DoS/DDoS,0.0,0.01899778267056008,0.7690043022900619,0.16248984101813507,0.04950807402124299
3851,Bot,Bot,0.9708101906911474,0.0009507473658417054,0.0,0.025739061943010844,0.0025
3852,Normal,Normal,0.0,0.0,0.0,1.0,0.0
3853,Brute Force,Brute Force,0.0,0.6492375035289011,3.5554519839800734e-05,0.0033962724336249516,0.34733066951763414
3854,Brute Force,Brute Force,0.0,1.0,0.0,0.0,0.0
3855,Brute Force,Brute Force,0.0,1.0,0.0,0.0,0.0
3856,Normal,Normal,0.0,0.0,0.0,1.0,0.0
3857,DoS/DDoS,DoS/DDoS,0.0,0.0,1.0,0.0,0.0
3858,DoS/DDoS,DoS/DDoS,0.0,0.0,1.0,0.0,0.0
3859,Normal,Normal,0.0,0.0,0.0,1.0,0.0
3860,Normal,Normal,0.0,0.021967188079485278,0.01149560483663771,0.9421261280782073,0.02441107900566976
3861,Normal,Normal,0.0,0.0,0.0,1.0,0.0
3862,DoS/DDoS,DoS/DDoS,0.0,0.0,1.0,0.0,0.0
3863,Normal,Normal,0.0,0.0,0.0,1.0,0.0
3864,Normal,Normal,0.0,0.0,0.0,1.0,0.0
3865,Normal,Normal,0.0,0.0,0.0,1.0,0.0
3866,Brute Force,Brute Force,0.0025,0.9495220984457635,0.0,0.04797790155423644,0.0
3867,Normal,Normal,0.0,0.0,0.0,1.0,0.0
3868,DoS/DDoS,DoS/DDoS,0.0,0.0,1.0,0.0,0.0
3869,DoS/DDoS,DoS/DDoS,0.0,0.0,1.0,0.0,0.0
3870,DoS/DDoS,DoS/DDoS,0.0,0.0,0.9975558390003503,0.0024441609996496624,0.0
3871,Brute Force,Brute Force,0.0,1.0,0.0,0.0,0.0
3872,Normal,Normal,0.0,0.0,0.007926455308548975,0.992073544691451,0.0
3873,Normal,Normal,0.0,0.0,0.0,1.0,0.0
3874,Normal,Normal,0.29807482829852705,0.0,1.2798589635883473e-05,0.7019123731118371,0.0
3875,Brute Force,Brute Force,0.0,1.0,0.0,0.0,0.0
3876,DoS/DDoS,DoS/DDoS,0.0,0.0,1.0,0.0,0.0
3877,Brute Force,Brute Force,0.0,1.0,0.0,0.0,0.0
3878,Normal,Normal,0.30372753907167654,0.0,8.737857942733781e-06,0.6962637230703804,0.0
3879,Brute Force,Brute Force,0.0,0.5756200230336602,0.0024547486496436575,0.051312823323775486,0.3706124049929205
3880,DoS/DDoS,DoS/DDoS,0.0,0.0,0.9999886336072914,1.1366392708614331e-05,0.0
3881,Normal,Normal,0.0,0.0,0.0,1.0,0.0
3882,DoS/DDoS,DoS/DDoS,0.0,0.0,1.0,0.0,0.0
3883,Normal,Normal,0.15740848080872244,0.0,1.1125199963790143e-05,0.8425803939913137,0.0
3884,DoS/DDoS,DoS/DDoS,0.0,0.0,1.0,0.0,0.0
3885,DoS/DDoS,DoS/DDoS,0.0,0.0,0.9999897181194723,1.0281880527716808e-05,0.0
3886,DoS/DDoS,DoS/DDoS,0.0,0.0,1.0,0.0,0.0
3887,Brute Force,Brute Force,0.0,1.0,0.0,0.0,0.0
3888,Normal,Normal,0.0,0.0,0.0,1.0,0.0
3889,DoS/DDoS,DoS/DDoS,0.0,0.0,1.0,0.0,0.0
3890,Normal,Normal,0.0,0.0,0.0,1.0,0.0
3891,DoS/DDoS,DoS/DDoS,0.0,0.0,1.0,0.0,0.0
3892,DoS/DDoS,DoS/DDoS,0.0,0.008047277868181862,0.9397118142842804,0.04748366340397071,0.0047572444435671265
3893,Brute Force,Brute Force,0.0,1.0,0.0,0.0,0.0
3894,DoS/DDoS,DoS/DDoS,0.0,0.0,0.9999684058604776,3.1594139522391764e-05,0.0
3895,Normal,Normal,0.0,0.0,0.0,1.0,0.0
3896,Normal,Normal,0.0,0.0,0.0,1.0,0.0
3897,Normal,Normal,0.0,0.0,0.0,1.0,0.0
3898,Normal,Normal,0.011412310389838747,0.0,0.00016796527129775898,0.9884197243388635,0.0
3899,DoS/DDoS,DoS/DDoS,0.0,0.0,0.9999460222460584,5.397775394157798e-05,0.0
3900,Normal,Normal,0.0,0.0021251636290403786,0.0012505358291062371,0.9966243005418534,0.0
3901,DoS/DDoS,DoS/DDoS,0.0,0.0,1.0,0.0,0.0
3902,Normal,Normal,0.0,0.0,0.0,1.0,0.0
3903,DoS/DDoS,DoS/DDoS,0.0,0.0,1.0,0.0,0.0
3904,Normal,Normal,0.0,0.0,0.0,1.0,0.0
3905,Normal,Normal,0.0,0.0,0.0,1.0,0.0
3906,Normal,Normal,0.0,0.0,0.0,1.0,0.0
3907,Brute Force,Brute Force,0.0,0.5773086904357151,1.9263023870357705e-05,0.002491984404395958,0.42018006213601866
3908,Brute Force,Brute Force,0.0,1.0,0.0,0.0,0.0
3909,Normal,Normal,0.0,0.0,0.0,1.0,0.0
3910,Brute Force,Brute Force,0.0,1.0,0.0,0.0,0.0
3911,Brute Force,Brute Force,0.0,0.5361033659140582,3.748096830746594e-05,0.0031475879289994315,0.46071156518863493
3912,DoS/DDoS,DoS/DDoS,0.0,0.0,1.0,0.0,0.0
3913,Normal,Normal,0.0,0.0038971457856973903,0.008252083513964649,0.987850770700338,0.0
3914,Normal,Normal,0.14284902871108685,0.0,3.034573095281522e-05,0.8571206255579602,0.0
3915,DoS/DDoS,DoS/DDoS,0.0020869788209738733,0.004345842673017652,0.701059261238917,0.2925079172670916,0.0
3916,DoS/DDoS,DoS/DDoS,0.0,0.0008531739364402641,0.991013850632539,0.004007631585829358,0.00412534384519145
3917,Brute Force,Brute Force,0.0,0.6645684578039198,2.323947793150385e-05,0.0063188956324232055,0.3290894070857254
3918,Bot,Bot,1.0,0.0,0.0,0.0,0.0
3919,Normal,Normal,0.0,0.0,0.0,1.0,0.0
3920,DoS/DDoS,DoS/DDoS,0.0,0.0,1.0,0.0,0.0
3921,DoS/DDoS,DoS/DDoS,0.0,0.0,1.0,0.0,0.0
3922,Brute Force,Brute Force,0.0,1.0,0.0,0.0,0.0
3923,DoS/DDoS,DoS/DDoS,0.0,0.0,1.0,0.0,0.0
3924,Normal,Normal,0.0,0.0,0.0,1.0,0.0
3925,DoS/DDoS,DoS/DDoS,0.0,0.0,1.0,0.0,0.0
3926,DoS/DDoS,DoS/DDoS,0.0,0.0,1.0,0.0,0.0
3927,Brute Force,Brute Force,0.0,1.0,0.0,0.0,0.0
3928,DoS/DDoS,DoS/DDoS,0.0,0.0,1.0,0.0,0.0
3929,DoS/DDoS,DoS/DDoS,0.0,0.0,1.0,0.0,0.0
3930,DoS/DDoS,DoS/DDoS,0.0,0.0,0.999943023359281,5.697664071897986e-05,0.0
3931,DoS/DDoS,DoS/DDoS,0.0,0.0,1.0,0.0,0.0
3932,Normal,Normal,0.0,0.0016285667585111845,0.18596449929026843,0.8124069339512203,0.0
3933,DoS/DDoS,DoS/DDoS,0.0,0.0,1.0,0.0,0.0
3934,Normal,Normal,0.0,0.0018391457231952358,0.053581009718607325,0.9363584575559116,0.008221387002285797
3935,Web Attack,Web Attack,0.0,0.23653454221812142,1.0456903281202048e-05,0.0015208086330473652,0.7619341922455503
3936,DoS/DDoS,DoS/DDoS,0.0,0.0,1.0,0.0,0.0
3937,DoS/DDoS,DoS/DDoS,0.0,0.0,1.0,0.0,0.0
3938,DoS/DDoS,DoS/DDoS,0.0,0.0008531739364402641,0.9854892257513537,0.009532256467014598,0.00412534384519145
3939,Normal,Normal,0.0,0.0,0.0018732143819740177,0.998126785618026,0.0
3940,Bot,Bot,0.9965010565288129,0.0,1.4450702009829216e-06,0.0034974984009861114,0.0
3941,Brute Force,Brute Force,0.0,1.0,0.0,0.0,0.0
3942,DoS/DDoS,DoS/DDoS,0.0,0.0,0.9991693977391469,0.0008306022608530446,0.0
3943,DoS/DDoS,DoS/DDoS,0.0,0.0,1.0,0.0,0.0
3944,DoS/DDoS,DoS/DDoS,0.0,0.0,1.0,0.0,0.0
3945,Brute Force,Brute Force,0.0,1.0,0.0,0.0,0.0
3946,Normal,Normal,0.0,0.0,0.0,1.0,0.0
3947,DoS/DDoS,DoS/DDoS,0.0,0.0,1.0,0.0,0.0
3948,DoS/DDoS,DoS/DDoS,0.0,0.0,0.9999837280409707,1.6271959029384604e-05,0.0
3949,Normal,Normal,0.0,0.0,0.0,1.0,0.0
3950,Normal,Normal,0.0,0.001644802891731595,0.0017642636405885137,0.9965909334676799,0.0
3951,Normal,Normal,0.0,0.0,0.0,1.0,0.0
3952,Normal,Normal,0.0,0.0,0.0,1.0,0.0
3953,DoS/DDoS,DoS/DDoS,0.0,0.0,1.0,0.0,0.0
3954,DoS/DDoS,DoS/DDoS,0.0,0.0,1.0,0.0,0.0
3955,DoS/DDoS,DoS/DDoS,0.0,0.0,0.9944189924315963,0.005581007568403752,0.0
3956,Normal,Normal,0.00048811509299098786,0.0,0.0008197726522333852,0.9986921122547756,0.0
3957,DoS/DDoS,DoS/DDoS,0.0,0.0,1.0,0.0,0.0
3958,DoS/DDoS,DoS/DDoS,0.0,0.0,1.0,0.0,0.0
3959,DoS/DDoS,DoS/DDoS,0.0,0.0,1.0,0.0,0.0
3960,Normal,Normal,0.0,0.0,0.0,1.0,0.0
3961,Normal,Normal,0.0,0.0017148998297908937,0.006887552502557904,0.9894115365897076,0.001986011077943512
3962,DoS/DDoS,DoS/DDoS,0.0,0.0,0.9999837280409707,1.6271959029384604e-05,0.0
3963,Normal,Normal,0.0,0.0,0.0,1.0,0.0
3964,Web Attack,Brute Force,0.0,0.8113964664351518,7.653176750507167e-05,0.004554841295275469,0.18397216050206755
3965,DoS/DDoS,DoS/DDoS,0.0,0.0,1.0,0.0,0.0
3966,Brute Force,Brute Force,0.0,1.0,0.0,0.0,0.0
3967,Normal,Normal,0.0,0.0016306031448016895,0.0,0.9983693968551983,0.0
3968,DoS/DDoS,DoS/DDoS,0.0,0.0,1.0,0.0,0.0
3969,Normal,Normal,0.0,0.0,0.0,1.0,0.0
3970,Brute Force,Web Attack,0.0,0.07343587027917593,1.25579282007367e-05,0.0015958812971830123,0.9249556904954405
3971,Normal,Normal,0.0,0.0,0.0,1.0,0.0
3972,Normal,Normal,0.0,0.0,0.0,1.0,0.0
3973,Normal,Normal,0.0,0.0,0.0012461134341160073,0.998753886565884,0.0
3974,Normal,Normal,0.0,0.0,0.0,1.0,0.0
3975,DoS/DDoS,DoS/DDoS,0.0,0.0,1.0,0.0,0.0
3976,Brute Force,Brute Force,0.0,0.8965187811129088,0.00024115647716670133,0.04946728419181086,0.053772778218113465
3977,Brute Force,Brute Force,0.0,1.0,0.0,0.0,0.0
3978,Brute Force,Brute Force,0.0,1.0,0.0,0.0,0.0
3979,Normal,Normal,0.0,0.0,0.0,0.9975,0.0025
3980,Brute Force,Brute Force,0.0,1.0,0.0,0.0,0.0
3981,DoS/DDoS,DoS/DDoS,0.0,0.0,1.0,0.0,0.0
3982,Normal,Normal,0.0,0.0,0.0,1.0,0.0
3983,Brute Force,Brute Force,0.0,0.9952445235489402,4.0491556722911094e-05,0.00471498489433688,0.0
3984,Normal,Normal,0.0,0.0,0.0,1.0,0.0
3985,DoS/DDoS,DoS/DDoS,0.0,0.0,1.0,0.0,0.0
3986,DoS/DDoS,DoS/DDoS,0.0,0.0,1.0,0.0,0.0
3987,Normal,Normal,0.0,0.010298203306329195,0.00022286713072580615,0.9855623259707464,0.003916603592198526
3988,Normal,Normal,0.0,0.0,0.0,1.0,0.0
3989,DoS/DDoS,DoS/DDoS,0.0,0.0,1.0,0.0,0.0
3990,DoS/DDoS,DoS/DDoS,0.0,0.0,1.0,0.0,0.0
3991,DoS/DDoS,DoS/DDoS,0.0,0.0,1.0,0.0,0.0
3992,Normal,Normal,0.0,0.0,0.0025,0.9975,0.0
3993,Web Attack,Web Attack,0.0,0.41160860829089696,1.0456903281202048e-05,0.004133712577979843,0.584247222227842
3994,DoS/DDoS,DoS/DDoS,0.0,0.0,0.9977954711741632,0.0022045288258366936,0.0
3995,Brute Force,Brute Force,0.0,1.0,0.0,0.0,0.0
3996,Normal,Normal,0.0,0.006022692677880931,0.004427562809933819,0.9795157750496309,0.010033969462554297
3997,Normal,Normal,0.0,0.0,0.0,1.0,0.0
3998,Normal,Normal,0.0,0.0,0.0,1.0,0.0
3999,DoS/DDoS,DoS/DDoS,0.0,0.0,1.0,0.0,0.0
4000,DoS/DDoS,DoS/DDoS,0.0,0.0,1.0,0.0,0.0
4001,Brute Force,Brute Force,0.0,1.0,0.0,0.0,0.0
4002,DoS/DDoS,DoS/DDoS,0.0,0.0,1.0,0.0,0.0
4003,Normal,Normal,0.20874959705958746,0.0,0.0016387251081461498,0.7896116778322662,0.0
4004,DoS/DDoS,DoS/DDoS,0.0,0.0,1.0,0.0,0.0
4005,Brute Force,Brute Force,0.0,1.0,0.0,0.0,0.0
4006,Normal,Normal,0.0,0.0,0.0,1.0,0.0
4007,DoS/DDoS,DoS/DDoS,0.0,0.0,1.0,0.0,0.0
4008,Normal,Normal,0.0,0.0,0.0,1.0,0.0
4009,DoS/DDoS,DoS/DDoS,0.0,0.0,1.0,0.0,0.0
4010,Normal,Normal,0.0,0.0,0.0,1.0,0.0
4011,Normal,Normal,0.0,0.0,0.0,0.9975400126912501,0.0024599873087499118
4012,DoS/DDoS,DoS/DDoS,0.0,0.0,1.0,0.0,0.0
4013,Normal,Normal,0.0,0.0,0.0,1.0,0.0
4014,DoS/DDoS,DoS/DDoS,0.0,0.0,1.0,0.0,0.0
4015,Brute Force,Brute Force,0.0,1.0,0.0,0.0,0.0
4016,Normal,Normal,0.0,0.0,0.0,1.0,0.0
4017,DoS/DDoS,DoS/DDoS,0.0,0.0,1.0,0.0,0.0
4018,DoS/DDoS,DoS/DDoS,0.0,0.0,1.0,0.0,0.0
4019,Normal,Normal,0.0023832711231761114,0.021995736963696295,0.0005219673058067147,0.9659046379259799,0.009194386681340927
4020,Normal,Normal,0.0,0.0,0.0,1.0,0.0
4021,Normal,Normal,0.0,0.0,0.0,1.0,0.0
4022,DoS/DDoS,DoS/DDoS,0.0,0.0,1.0,0.0,0.0
4023,DoS/DDoS,DoS/DDoS,0.0,0.0,1.0,0.0,0.0
4024,Brute Force,Brute Force,0.0,1.0,0.0,0.0,0.0
4025,Web Attack,Web Attack,0.0,0.49033677652763574,4.058261038356572e-05,0.002674720710222539,0.506947920151758
4026,DoS/DDoS,DoS/DDoS,0.0,0.0,1.0,0.0,0.0
4027,Brute Force,Brute Force,0.0,1.0,0.0,0.0,0.0
4028,Brute Force,Brute Force,0.0,1.0,0.0,0.0,0.0
4029,DoS/DDoS,DoS/DDoS,0.0,0.0,1.0,0.0,0.0
4030,Normal,Normal,0.0,0.0,0.0,1.0,0.0
4031,Brute Force,Brute Force,0.0,1.0,0.0,0.0,0.0
4032,Brute Force,Normal,0.0,0.40279551365997257,0.016630002305568187,0.42452970019510117,0.15604478383935808
4033,DoS/DDoS,DoS/DDoS,0.0,0.0,0.979646654653862,0.02035334534613813,0.0
4034,DoS/DDoS,DoS/DDoS,0.0,0.0,1.0,0.0,0.0
4035,Brute Force,Brute Force,0.0,0.35908298013795087,0.25245507214200524,0.32938069738279785,0.05908125033724608
4036,Normal,Normal,0.0,0.0,0.0,1.0,0.0
4037,Normal,Normal,0.0,0.0,0.0,1.0,0.0
4038,DoS/DDoS,DoS/DDoS,0.0,0.000192968101100968,0.995987830084644,0.002840861521410597,0.0009783402928444298
4039,Normal,Normal,0.0,0.002834253129062646,0.03922518444092137,0.9545415572982408,0.0033990051317752045
4040,DoS/DDoS,DoS/DDoS,0.0,0.0,1.0,0.0,0.0
4041,DoS/DDoS,DoS/DDoS,0.0,0.0,1.0,0.0,0.0
4042,DoS/DDoS,DoS/DDoS,0.0,0.0,1.0,0.0,0.0
4043,DoS/DDoS,DoS/DDoS,0.0,0.0,0.9991307975153078,0.0008692024846922998,0.0
4044,Normal,Normal,0.0,0.0,0.0,1.0,0.0
4045,Normal,Normal,0.0,0.0,0.0,1.0,0.0
4046,Brute Force,Brute Force,0.0,1.0,0.0,0.0,0.0
4047,Normal,Normal,0.0,0.039867133140974245,0.00040073123032480267,0.9493501287782237,0.01038200685047719
4048,Brute Force,Brute Force,0.0,1.0,0.0,0.0,0.0
4049,Normal,Normal,0.0,0.0,0.0,1.0,0.0
4050,Brute Force,Brute Force,0.0,1.0,0.0,0.0,0.0
4051,Brute Force,Web Attack,0.0,0.3914451339398102,1.25579282007367e-05,0.000718664575627516,0.6078236435563618
4052,Normal,Normal,0.0,0.0,0.0,1.0,0.0
4053,DoS/DDoS,DoS/DDoS,0.0,0.0,1.0,0.0,0.0
4054,Normal,Normal,0.0,0.0,0.0,1.0,0.0
4055,Normal,Normal,0.0,0.0,0.0,1.0,0.0
4056,Normal,Normal,0.0,0.0,0.0,1.0,0.0
4057,DoS/DDoS,DoS/DDoS,0.0,0.0,1.0,0.0,0.0
4058,DoS/DDoS,DoS/DDoS,0.0,0.0,1.0,0.0,0.0
4059,Brute Force,Brute Force,0.0,1.0,0.0,0.0,0.0
4060,Normal,Normal,0.0,0.0,0.0014146230589191014,0.9985853769410808,0.0
4061,Normal,Normal,0.0,0.004176302119117201,0.01271854635219907,0.9806931179914699,0.0024120335372139375
4062,Normal,Normal,0.0,0.0,0.0,1.0,0.0
4063,Brute Force,Brute Force,0.0,1.0,0.0,0.0,0.0
4064,DoS/DDoS,DoS/DDoS,0.0,0.0,1.0,0.0,0.0
4065,Normal,Normal,0.0,0.0,0.0,1.0,0.0
4066,Normal,Normal,0.0,0.0,0.0,1.0,0.0
4067,DoS/DDoS,DoS/DDoS,0.0,0.0,1.0,0.0,0.0
4068,Bot,Bot,0.9997495994168862,0.0,0.0,0.0002504005831136918,0.0
4069,Normal,Normal,0.0,0.0,0.0,1.0,0.0
4070,Normal,Normal,0.0,0.0,0.0,1.0,0.0
4071,DoS/DDoS,DoS/DDoS,0.0,0.0,1.0,0.0,0.0
4072,DoS/DDoS,DoS/DDoS,0.0,0.0,1.0,0.0,0.0
4073,DoS/DDoS,DoS/DDoS,0.0,0.00413779304398051,0.7930350076480164,0.20048277550385007,0.0023444238041531217
4074,DoS/DDoS,DoS/DDoS,0.0,0.0,1.0,0.0,0.0
4075,DoS/DDoS,DoS/DDoS,0.0,0.0,1.0,0.0,0.0
4076,Brute Force,Web Attack,0.0,0.47255315473089077,1.25579282007367e-05,0.0015792243958858948,0.5258550629450228
4077,Normal,Normal,0.0,0.11648354481562875,0.000672338617156672,0.8326711756958523,0.05017294087136229
4078,DoS/DDoS,DoS/DDoS,0.0,0.00024194819449427105,0.9947051635646624,0.004074547947998854,0.0009783402928444298
4079,Brute Force,Brute Force,0.0,1.0,0.0,0.0,0.0
4080,Normal,Normal,0.0,0.0,0.0,1.0,0.0
4081,Normal,Normal,0.0,0.00969690322821276,0.0033327372010396547,0.9234263711859184,0.0635439883848291
4082,Normal,Normal,0.0,0.0,0.0,1.0,0.0
4083,DoS/DDoS,DoS/DDoS,0.0,0.0,1.0,0.0,0.0
4084,Brute Force,Brute Force,0.0,1.0,0.0,0.0,0.0
4085,Normal,Normal,0.0,0.0,0.0,1.0,0.0
4086,DoS/DDoS,DoS/DDoS,0.0,0.0,1.0,0.0,0.0
4087,DoS/DDoS,DoS/DDoS,0.0,0.0,1.0,0.0,0.0
4088,Normal,Normal,0.0,0.0,0.0,1.0,0.0
4089,DoS/DDoS,DoS/DDoS,0.0,0.0,1.0,0.0,0.0
4090,DoS/DDoS,DoS/DDoS,0.0,0.0,1.0,0.0,0.0
4091,Normal,Normal,0.0,0.0,0.003747995581370488,0.9962520044186295,0.0
4092,Brute Force,Brute Force,0.0,0.9926576599724641,0.0,0.007342340027535879,0.0
4093,DoS/DDoS,DoS/DDoS,0.0,0.0,1.0,0.0,0.0
4094,Normal,Normal,0.0,0.0,0.0,1.0,0.0
4095,DoS/DDoS,DoS/DDoS,0.0,0.0,0.9999897181194723,1.0281880527716808e-05,0.0
4096,DoS/DDoS,DoS/DDoS,0.0,0.0,1.0,0.0,0.0
4097,Brute Force,Brute Force,0.0,1.0,0.0,0.0,0.0
4098,Normal,Normal,0.130594115884421,0.0018381527231892195,0.017843048125374746,0.8497246832670151,0.0
4099,Normal,Normal,0.0,0.0,0.0,1.0,0.0
4100,Normal,Normal,0.0,0.0,0.0,1.0,0.0
4101,Brute Force,Brute Force,0.0,1.0,0.0,0.0,0.0
4102,Normal,Normal,0.0,0.002438628257112533,0.03288209165979663,0.952598907637496,0.012080372445594855
4103,Normal,Normal,0.0,0.0021224442379182158,0.00353610329668118,0.9943414524654006,0.0
4104,Bot,Bot,0.9998176297714041,0.0,1.4450702009829216e-06,0.00018092515839499427,0.0
4105,Normal,Normal,0.011608241656887116,0.0030055387744368943,0.014215343628008626,0.9711708759406674,0.0
4106,Brute Force,Brute Force,0.0,1.0,0.0,0.0,0.0
4107,DoS/DDoS,DoS/DDoS,0.0,0.0,0.9983184542982858,0.0016815457017142583,0.0
4108,Normal,Normal,0.0,0.0,0.005,0.995,0.0
4109,DoS/DDoS,DoS/DDoS,0.0,0.0,0.9829194683075351,0.017080531692464877,0.0
4110,Normal,Normal,0.0,0.0,0.0,1.0,0.0
4111,Normal,Normal,0.0,0.008533778086117046,0.2256393522511746,0.7336906873312022,0.03213618233150616
4112,DoS/DDoS,DoS/DDoS,0.0,0.0,1.0,0.0,0.0
4113,DoS/DDoS,DoS/DDoS,0.0,0.0,1.0,0.0,0.0
4114,Normal,Normal,0.0,0.0,0.0,1.0,0.0
4115,Normal,Normal,0.0025,0.0025924986339082405,0.00015678621896238475,0.9875673214873122,0.007183393659817253
4116,DoS/DDoS,DoS/DDoS,0.0,0.0,1.0,0.0,0.0
4117,DoS/DDoS,DoS/DDoS,0.0,0.0,0.9852220203015599,0.01477797969843999,0.0
4118,Normal,Normal,0.0,0.0,0.0,1.0,0.0
4119,Normal,Normal,0.0,0.005743753988630527,0.0,0.9942562460113694,0.0
4120,DoS/DDoS,DoS/DDoS,0.0,0.0,0.9999714047472551,2.8595252744989888e-05,0.0
4121,DoS/DDoS,DoS/DDoS,0.0,0.0,1.0,0.0,0.0
4122,Normal,Normal,0.0,0.06397624628798577,0.1587766813053358,0.765010264193363,0.012236808213315475
4123,Brute Force,Brute Force,0.0,0.9991196245972825,0.0,0.0008803754027174675,0.0
4124,Normal,Normal,0.0,0.0,0.0,1.0,0.0
4125,DoS/DDoS,DoS/DDoS,0.0,0.0,1.0,0.0,0.0
4126,DoS/DDoS,DoS/DDoS,0.0,0.000192968101100968,0.9972970658823498,0.0015316257237047994,0.0009783402928444298
4127,Normal,Normal,0.0,0.03544640722572244,0.0004316354156106525,0.9495915963935403,0.01453036096512656
4128,Normal,Normal,0.0,0.0,0.0,1.0,0.0
4129,Bot,Bot,1.0,0.0,0.0,0.0,0.0
4130,DoS/DDoS,DoS/DDoS,0.0,0.0,0.9999897181194723,1.0281880527716808e-05,0.0
4131,DoS/DDoS,DoS/DDoS,0.0,0.0,1.0,0.0,0.0
4132,DoS/DDoS,DoS/DDoS,0.0,0.0,1.0,0.0,0.0
4133,DoS/DDoS,DoS/DDoS,0.0,0.0,1.0,0.0,0.0
4134,DoS/DDoS,DoS/DDoS,0.0,0.0,1.0,0.0,0.0
4135,Normal,Normal,0.0,0.015601190667727416,0.0,0.9843988093322726,0.0
4136,DoS/DDoS,DoS/DDoS,0.0,0.0,0.9999897181194723,1.0281880527716808e-05,0.0
4137,Normal,Normal,0.0,0.0,0.0,1.0,0.0
4138,Normal,Normal,0.004778956532954985,0.0,0.0,0.995221043467045,0.0
4139,Normal,Normal,0.0,0.016796369247525693,0.15712767236542566,0.7970103933172193,0.02906556506982924
4140,Normal,Normal,0.0,0.0,0.0025,0.9975,0.0
4141,DoS/DDoS,DoS/DDoS,0.0,0.0,1.0,0.0,0.0
4142,Brute Force,Brute Force,0.0,1.0,0.0,0.0,0.0
4143,Normal,Normal,0.052462894095289286,0.0,0.008292824971822018,0.9392442809328887,0.0
4144,Normal,Normal,0.0,0.0017148998297908937,0.006887552502557904,0.9894115365897076,0.001986011077943512
4145,Normal,Normal,0.0,0.0,0.0,1.0,0.0
4146,DoS/DDoS,DoS/DDoS,0.0,0.0,1.0,0.0,0.0
4147,DoS/DDoS,DoS/DDoS,0.0,0.0,0.999947412742351,5.25872576490401e-05,0.0
4148,Normal,Normal,0.0,0.0,0.0,1.0,0.0
4149,Normal,Normal,0.0,0.0,0.0,1.0,0.0
4150,Brute Force,Brute Force,0.0,1.0,0.0,0.0,0.0
4151,Normal,Normal,0.0025,0.0,0.013426353898886119,0.9840736461011139,0.0
4152,DoS/DDoS,DoS/DDoS,0.0,0.00033326288283441573,0.9794696596878159,0.020197077429349737,0.0
4153,Normal,Normal,0.0,0.0,0.0953484800628042,0.9046515199371958,0.0
4154,DoS/DDoS,DoS/DDoS,0.0,0.0,0.9999886336072914,1.1366392708614331e-05,0.0
4155,Normal,Normal,0.0,0.0,0.0,1.0,0.0
4156,Bot,Bot,1.0,0.0,0.0,0.0,0.0
4157,DoS/DDoS,DoS/DDoS,0.0,0.0,0.9987243608888632,0.001275639111136849,0.0
4158,Web Attack,Web Attack,0.0,0.13709911689501877,1.25579282007367e-05,0.0007351259751883355,0.8621531992015924
4159,Normal,Normal,0.0011994236627730246,0.03349601474069687,0.005404137772736319,0.9458734340846284,0.01402698973916527
4160,DoS/DDoS,DoS/DDoS,0.0,0.0,1.0,0.0,0.0
4161,DoS/DDoS,DoS/DDoS,0.0,0.0,0.9987257374254755,0.0012742625745245145,0.0
4162,Brute Force,Brute Force,0.0,1.0,0.0,0.0,0.0
4163,DoS/DDoS,DoS/DDoS,0.0,0.0,1.0,0.0,0.0
4164,DoS/DDoS,DoS/DDoS,0.0,0.0,1.0,0.0,0.0
4165,Brute Force,Brute Force,0.0,1.0,0.0,0.0,0.0
4166,Brute Force,Brute Force,0.0,1.0,0.0,0.0,0.0
4167,Brute Force,Brute Force,0.0,0.6286688719941269,3.223540519108048e-05,0.005550428049929868,0.36574846455075216
4168,DoS/DDoS,DoS/DDoS,0.0,0.014932223718134532,0.8814742083727716,0.10117998381377667,0.0024135840953172626
4169,Brute Force,Brute Force,0.0,0.7934504902868801,3.5554519839800734e-05,0.0037170477649603644,0.2027969074283198
4170,Brute Force,Brute Force,0.0,1.0,0.0,0.0,0.0
4171,Normal,Normal,0.0,0.004473187558578617,0.013550059524424105,0.9673134606885645,0.01466329222843277
4172,Normal,Normal,0.0,0.0,0.0,1.0,0.0
4173,Brute Force,Brute Force,0.0025,0.969516805452082,0.0025,0.025483194547918017,0.0
4174,Normal,Normal,0.0,0.007452625734365357,0.0048104573697475336,0.984782178117813,0.002954738778073997
4175,DoS/DDoS,DoS/DDoS,0.0,0.0,1.0,0.0,0.0
4176,DoS/DDoS,DoS/DDoS,0.0,0.0,0.9999897181194723,1.0281880527716808e-05,0.0
4177,Brute Force,Brute Force,0.0,1.0,0.0,0.0,0.0
4178,Normal,Normal,0.0,0.0,0.0,1.0,0.0
4179,Brute Force,Brute Force,0.0,1.0,0.0,0.0,0.0
4180,DoS/DDoS,DoS/DDoS,0.0,0.0,1.0,0.0,0.0
4181,Normal,Normal,0.0,0.0,0.0,1.0,0.0
4182,DoS/DDoS,DoS/DDoS,0.0,0.0,1.0,0.0,0.0
4183,Normal,Normal,0.0,0.0,0.0007341354558408062,0.9992658645441592,0.0
4184,Brute Force,Brute Force,0.0,1.0,0.0,0.0,0.0
4185,Brute Force,Brute Force,0.0,1.0,0.0,0.0,0.0
4186,Brute Force,Web Attack,0.0,0.14589947179439341,1.4162293260255451e-05,0.0009972895580249324,0.8530890763543214
4187,DoS/DDoS,DoS/DDoS,0.0,0.0,1.0,0.0,0.0
4188,Bot,Bot,0.9819471859576983,0.0,3.8792083567466685e-05,0.01801402195873421,0.0
4189,Brute Force,Brute Force,0.0,1.0,0.0,0.0,0.0
4190,Brute Force,Brute Force,0.0,1.0,0.0,0.0,0.0
4191,Brute Force,Brute Force,0.0,0.9441597476974173,0.018157143904661395,0.037683108397921314,0.0
4192,Brute Force,Brute Force,0.0,1.0,0.0,0.0,0.0
4193,Normal,Normal,0.0,0.0,0.0,1.0,0.0
4194,Normal,Normal,0.0,0.0,0.0,1.0,0.0
4195,DoS/DDoS,DoS/DDoS,0.0,0.0,1.0,0.0,0.0
4196,DoS/DDoS,DoS/DDoS,0.0,0.0,1.0,0.0,0.0
4197,Brute Force,Brute Force,0.0,0.7349019897248367,0.0013250851314721092,0.13591214687227066,0.1278607782714205
4198,Brute Force,Brute Force,0.0,1.0,0.0,0.0,0.0
4199,Normal,Normal,0.0,0.0,0.0,1.0,0.0
4200,DoS/DDoS,DoS/DDoS,0.0,0.000192968101100968,0.9972970658823498,0.0015316257237047994,0.0009783402928444298
4201,DoS/DDoS,DoS/DDoS,0.0,0.0,0.9999837280409707,1.6271959029384604e-05,0.0
4202,DoS/DDoS,DoS/DDoS,0.0,0.0,1.0,0.0,0.0
4203,DoS/DDoS,DoS/DDoS,0.0,0.0,0.999969598059839,3.040194016098469e-05,0.0
4204,Bot,Bot,0.7935344719743117,0.0,0.007438435093689198,0.19902709293199894,0.0
4205,DoS/DDoS,DoS/DDoS,0.0,0.0,0.99708351548381,0.0029164845161900816,0.0
4206,Normal,Normal,0.0019152416561280033,0.0,0.0,0.998084758343872,0.0
4207,DoS/DDoS,DoS/DDoS,0.0,0.0,1.0,0.0,0.0
4208,Normal,Normal,0.0,0.0016413366796802378,0.0,0.9983586633203198,0.0
4209,Brute Force,Brute Force,0.0,1.0,0.0,0.0,0.0
4210,Normal,Normal,0.0,0.0,0.0,1.0,0.0
4211,Brute Force,Brute Force,0.0,1.0,0.0,0.0,0.0
4212,DoS/DDoS,DoS/DDoS,0.0,0.0,1.0,0.0,0.0
4213,DoS/DDoS,DoS/DDoS,0.0,0.0,1.0,0.0,0.0
4214,Bot,Bot,1.0,0.0,0.0,0.0,0.0
4215,Normal,Normal,0.0025,0.0,0.0,0.995,0.0025
4216,Normal,Normal,0.0,0.0,0.0,1.0,0.0
4217,DoS/DDoS,DoS/DDoS,0.0,0.0,1.0,0.0,0.0
4218,DoS/DDoS,DoS/DDoS,0.0,0.0,1.0,0.0,0.0
4219,Brute Force,Brute Force,0.0,1.0,0.0,0.0,0.0
4220,Brute Force,Brute Force,0.0,0.8884386198088935,0.0005856997799363029,0.04269485342234987,0.06828082698882025
4221,DoS/DDoS,DoS/DDoS,0.0,0.0,1.0,0.0,0.0
4222,DoS/DDoS,DoS/DDoS,0.0,0.0,1.0,0.0,0.0
4223,DoS/DDoS,DoS/DDoS,0.0,0.0,1.0,0.0,0.0
4224,Brute Force,Brute Force,0.0,1.0,0.0,0.0,0.0
4225,Brute Force,Brute Force,0.0,1.0,0.0,0.0,0.0
4226,Brute Force,Brute Force,0.0,1.0,0.0,0.0,0.0
4227,DoS/DDoS,DoS/DDoS,0.0,0.0,0.9999886336072914,1.1366392708614331e-05,0.0
4228,Normal,Normal,0.0,0.0,0.0,1.0,0.0
4229,Brute Force,Brute Force,0.0,0.8754231850158789,0.00029228304800154784,0.05170478212082072,0.07257974981529879
4230,Brute Force,Brute Force,0.0,1.0,0.0,0.0,0.0
4231,DoS/DDoS,DoS/DDoS,0.0,0.0,1.0,0.0,0.0
4232,DoS/DDoS,DoS/DDoS,0.0,0.0,1.0,0.0,0.0
4233,DoS/DDoS,DoS/DDoS,0.0,0.0,1.0,0.0,0.0
4234,Brute Force,Brute Force,0.0,1.0,0.0,0.0,0.0
4235,DoS/DDoS,DoS/DDoS,0.0,0.0,0.9969142047260675,0.0030857952739324966,0.0
4236,Normal,Normal,0.0,0.001135635041907208,0.007735299559898611,0.9822115351301636,0.008917530268030716
4237,Normal,Normal,0.0,0.0,0.0,1.0,0.0
4238,DoS/DDoS,DoS/DDoS,0.0,0.0,0.966132253109387,0.02187030116750053,0.01199744572311244
4239,Brute Force,Brute Force,0.0,1.0,0.0,0.0,0.0
4240,DoS/DDoS,DoS/DDoS,0.0,0.0,1.0,0.0,0.0
4241,Normal,Normal,0.0,0.0,0.0,1.0,0.0
4242,DoS/DDoS,DoS/DDoS,0.0,0.0,1.0,0.0,0.0
4243,DoS/DDoS,DoS/DDoS,0.0,0.0,1.0,0.0,0.0
4244,DoS/DDoS,DoS/DDoS,0.0,0.0,0.999969598059839,3.040194016098469e-05,0.0
4245,DoS/DDoS,DoS/DDoS,0.0,0.0,1.0,0.0,0.0
4246,DoS/DDoS,DoS/DDoS,0.0,0.0,1.0,0.0,0.0
4247,Brute Force,Brute Force,0.0,1.0,0.0,0.0,0.0
4248,Bot,Bot,0.9815681711033443,0.0,3.8792083567466685e-05,0.018393036813088272,0.0
4249,Brute Force,Brute Force,0.0,1.0,0.0,0.0,0.0
4250,DoS/DDoS,DoS/DDoS,0.0,0.0,1.0,0.0,0.0
4251,DoS/DDoS,DoS/DDoS,0.0,0.0,0.9987458766583005,0.001254123341699534,0.0
4252,Normal,Normal,0.0,0.0,0.0,1.0,0.0
4253,Normal,Normal,0.0,0.0025,0.008537729636405056,0.988962270363595,0.0
4254,Normal,Normal,0.0,0.0,0.0,1.0,0.0
4255,DoS/DDoS,DoS/DDoS,0.0,0.0,1.0,0.0,0.0
4256,DoS/DDoS,DoS/DDoS,0.0,0.0,0.9999897181194723,1.0281880527716808e-05,0.0
4257,DoS/DDoS,DoS/DDoS,0.0,0.0,1.0,0.0,0.0
4258,DoS/DDoS,DoS/DDoS,0.0,0.0,1.0,0.0,0.0
4259,Normal,Normal,0.0,0.0,0.0,1.0,0.0
4260,Normal,Normal,0.0,0.0,0.0,1.0,0.0
4261,DoS/DDoS,DoS/DDoS,0.0,0.0,0.9999897181194723,1.0281880527716808e-05,0.0
4262,Bot,Bot,0.936058873285906,0.0,8.078310193587833e-05,0.06386034361215803,0.0
4263,DoS/DDoS,DoS/DDoS,0.0,0.0,0.9981305458456574,0.0018694541543425652,0.0
4264,DoS/DDoS,DoS/DDoS,0.0,0.0,1.0,0.0,0.0
4265,Brute Force,Brute Force,0.0,1.0,0.0,0.0,0.0
4266,Normal,Normal,0.0,0.0,0.0,1.0,0.0
4267,DoS/DDoS,DoS/DDoS,0.0,0.0,1.0,0.0,0.0
4268,DoS/DDoS,DoS/DDoS,0.0,0.0,1.0,0.0,0.0
4269,DoS/DDoS,DoS/DDoS,0.0,0.0,1.0,0.0,0.0
4270,DoS/DDoS,DoS/DDoS,0.0,0.0,1.0,0.0,0.0
4271,Brute Force,Brute Force,0.0,1.0,0.0,0.0,0.0
4272,DoS/DDoS,DoS/DDoS,0.0,0.0,1.0,0.0,0.0
4273,Normal,Normal,0.0,0.0,0.0,1.0,0.0
4274,DoS/DDoS,DoS/DDoS,0.0,0.0,1.0,0.0,0.0
4275,Brute Force,Brute Force,0.0,1.0,0.0,0.0,0.0
4276,Normal,Normal,0.0,0.0,0.0,1.0,0.0
4277,Normal,Normal,0.0,0.0,0.0018682971958251748,0.9981317028041748,0.0
4278,DoS/DDoS,DoS/DDoS,0.0,0.0,1.0,0.0,0.0
4279,Normal,Normal,0.0,0.0,0.0,1.0,0.0
4280,Web Attack,Web Attack,0.0,0.3653094057729895,1.25579282007367e-05,0.001123110913652863,0.6335549253851571
4281,Normal,Normal,0.0,0.0,0.0,1.0,0.0
4282,DoS/DDoS,DoS/DDoS,0.0,0.0,1.0,0.0,0.0
4283,DoS/DDoS,DoS/DDoS,0.0,0.0,1.0,0.0,0.0
4284,Brute Force,Web Attack,0.0,0.21965807740263127,1.25579282007367e-05,0.004137574233307586,0.7761917904358606
4285,DoS/DDoS,DoS/DDoS,0.0,0.0,1.0,0.0,0.0
4286,Brute Force,Brute Force,0.0,1.0,0.0,0.0,0.0
4287,Bot,Bot,1.0,0.0,0.0,0.0,0.0
4288,Normal,Normal,0.0,0.017626647299666568,0.04470756529928367,0.924385648938355,0.013280138462694737
4289,DoS/DDoS,DoS/DDoS,0.0,0.0,1.0,0.0,0.0
4290,DoS/DDoS,DoS/DDoS,0.0,0.0,1.0,0.0,0.0
4291,Brute Force,Brute Force,0.0,1.0,0.0,0.0,0.0
4292,DoS/DDoS,DoS/DDoS,0.0,0.0,1.0,0.0,0.0
4293,DoS/DDoS,DoS/DDoS,0.0,0.0,1.0,0.0,0.0
4294,Normal,Normal,0.0,0.0,0.0,1.0,0.0
4295,Brute Force,Brute Force,0.0,1.0,0.0,0.0,0.0
4296,DoS/DDoS,DoS/DDoS,0.0,0.0,1.0,0.0,0.0
4297,Normal,Normal,0.0,0.0,0.0,1.0,0.0
4298,Web Attack,Web Attack,0.0,0.19434779988384765,1.25579282007367e-05,0.0007126462755453124,0.8049269959124064
4299,Brute Force,Brute Force,0.0,1.0,0.0,0.0,0.0
4300,DoS/DDoS,DoS/DDoS,0.0,0.0,1.0,0.0,0.0
4301,Normal,Normal,0.0,0.0019637150371899655,0.0,0.99803628496281,0.0
4302,Normal,Normal,0.0023425654218562878,0.0013960177191074583,0.0,0.9962614168590364,0.0
4303,Normal,Normal,0.0,0.0,0.0,1.0,0.0
4304,DoS/DDoS,DoS/DDoS,0.0,0.0,0.9999837280409707,1.6271959029384604e-05,0.0
4305,Brute Force,Brute Force,0.0,1.0,0.0,0.0,0.0
4306,DoS/DDoS,DoS/DDoS,0.0,0.0,1.0,0.0,0.0
4307,DoS/DDoS,DoS/DDoS,0.0,0.0,1.0,0.0,0.0
4308,Brute Force,Brute Force,0.0,1.0,0.0,0.0,0.0
4309,DoS/DDoS,DoS/DDoS,0.0,0.0,0.9976696506403809,0.0,0.002330349359619124
4310,DoS/DDoS,DoS/DDoS,0.0,0.0,1.0,0.0,0.0
4311,DoS/DDoS,DoS/DDoS,0.0,0.0,1.0,0.0,0.0
4312,Normal,Normal,0.0,0.0,0.0,1.0,0.0
4313,Normal,Normal,0.0002240586813068088,0.010693510611876952,0.007524437371296987,0.9761265159426343,0.005431477392884886
4314,DoS/DDoS,DoS/DDoS,0.0,0.0,1.0,0.0,0.0
4315,Normal,Normal,0.0,0.0,0.0,1.0,0.0
4316,DoS/DDoS,DoS/DDoS,0.0,0.0,1.0,0.0,0.0
4317,Brute Force,Brute Force,0.0,1.0,0.0,0.0,0.0
4318,DoS/DDoS,DoS/DDoS,0.0,0.0,1.0,0.0,0.0
4319,DoS/DDoS,DoS/DDoS,0.0,0.0,1.0,0.0,0.0
4320,DoS/DDoS,DoS/DDoS,0.0,0.0,1.0,0.0,0.0
4321,DoS/DDoS,DoS/DDoS,0.0,0.0,1.0,0.0,0.0
4322,Brute Force,Brute Force,0.0,1.0,0.0,0.0,0.0
4323,Brute Force,Brute Force,0.0,1.0,0.0,0.0,0.0
4324,Normal,Normal,0.0,0.0,0.0,1.0,0.0
4325,DoS/DDoS,DoS/DDoS,0.0,0.0,1.0,0.0,0.0
4326,Bot,Bot,0.9794117139767339,0.0,3.563600946994233e-05,0.020552650013796213,0.0
4327,DoS/DDoS,DoS/DDoS,0.0,0.0,1.0,0.0,0.0
4328,Normal,Normal,0.0,0.0,0.0,1.0,0.0
4329,DoS/DDoS,DoS/DDoS,0.0,0.0,1.0,0.0,0.0
4330,Normal,Normal,0.0,0.0,0.0012485676430566495,0.9987514323569433,0.0
4331,DoS/DDoS,DoS/DDoS,0.0,0.0,1.0,0.0,0.0
4332,Normal,Normal,0.0,0.0,0.0,1.0,0.0
4333,Bot,Bot,0.9998742314038664,0.0,1.4450702009829216e-06,0.00012432352593260798,0.0
4334,Brute Force,Brute Force,0.0,1.0,0.0,0.0,0.0
4335,DoS/DDoS,DoS/DDoS,0.0,0.0,0.9974897528516258,0.0025102471483741924,0.0
4336,DoS/DDoS,DoS/DDoS,0.0,0.0,0.9999897181194723,1.0281880527716808e-05,0.0
4337,Normal,Normal,0.0,0.007890021266625377,0.0030586700124421826,0.9865582389243324,0.0024930697966000924
4338,DoS/DDoS,DoS/DDoS,0.0,0.007428535246171847,0.7811750741712212,0.20911972173443946,0.002276668848167539
4339,Normal,Normal,0.0,0.0,0.0,1.0,0.0
4340,Normal,Normal,0.0,0.0,0.0,1.0,0.0
4341,Normal,Normal,0.004220960328072917,0.003922650508331232,0.0005180921715357101,0.9845439186956786,0.006794378296381482
4342,Normal,Normal,0.0,0.0006441185580031262,0.0770155523182645,0.9213619888308878,0.0009783402928444298
4343,Brute Force,Brute Force,0.0,1.0,0.0,0.0,0.0
4344,DoS/DDoS,DoS/DDoS,0.0,0.0,0.9999897181194723,1.0281880527716808e-05,0.0
4345,Normal,Normal,0.0,0.0,0.0,1.0,0.0
4346,Brute Force,Brute Force,0.0,1.0,0.0,0.0,0.0
4347,Normal,Normal,0.0,0.0,0.0,1.0,0.0
4348,DoS/DDoS,DoS/DDoS,0.0,0.0,0.9999714047472551,2.8595252744989888e-05,0.0
4349,DoS/DDoS,DoS/DDoS,0.0,0.0,1.0,0.0,0.0
4350,DoS/DDoS,DoS/DDoS,0.0,0.0,1.0,0.0,0.0
4351,Brute Force,Brute Force,0.0,1.0,0.0,0.0,0.0
4352,DoS/DDoS,DoS/DDoS,0.0,0.0,1.0,0.0,0.0
4353,DoS/DDoS,DoS/DDoS,0.0,0.0,1.0,0.0,0.0
4354,DoS/DDoS,DoS/DDoS,0.0,0.0,1.0,0.0,0.0
4355,Normal,Normal,0.0,0.01978356697563044,0.0001829189002014809,0.9732655880715866,0.006767926052581511
4356,Bot,Bot,1.0,0.0,0.0,0.0,0.0
4357,DoS/DDoS,Normal,0.009404353846075929,0.0029486924793354534,0.1787721403755582,0.8068898523389092,0.001984960960121306
4358,Normal,Normal,0.0,0.03491861365918363,0.002517281343932247,0.8342156004682146,0.12834850452866975
4359,DoS/DDoS,DoS/DDoS,0.0,0.0,0.9999837280409707,1.6271959029384604e-05,0.0
4360,Normal,Normal,0.0,0.0012187410885724603,0.0,0.9987812589114275,0.0
4361,DoS/DDoS,DoS/DDoS,0.0,0.0,0.9999684058604776,3.1594139522391764e-05,0.0
4362,Normal,Normal,0.0,0.0,0.0,1.0,0.0
4363,DoS/DDoS,DoS/DDoS,0.0,0.0,1.0,0.0,0.0
4364,DoS/DDoS,DoS/DDoS,0.0,0.0,1.0,0.0,0.0
4365,Bot,Bot,0.9783283813800957,0.0,3.563600946994233e-05,0.021635982610434337,0.0
4366,DoS/DDoS,DoS/DDoS,0.0,0.0,1.0,0.0,0.0
4367,Normal,Normal,0.0,0.0,0.0,1.0,0.0
4368,DoS/DDoS,DoS/DDoS,0.0,0.0,1.0,0.0,0.0
4369,Brute Force,Brute Force,0.0,1.0,0.0,0.0,0.0
4370,DoS/DDoS,DoS/DDoS,0.0,0.0,1.0,0.0,0.0
4371,Normal,Normal,0.0,0.0,0.0023018252125405303,0.9976981747874596,0.0
4372,Normal,Normal,0.0,0.0,0.0,1.0,0.0
4373,Bot,Bot,0.9781538396446915,0.0,3.214373580399622e-05,0.02181401661950456,0.0
4374,Brute Force,Brute Force,0.0,1.0,0.0,0.0,0.0
4375,Normal,Normal,0.0,0.0,0.0,1.0,0.0
4376,DoS/DDoS,DoS/DDoS,0.0,0.0,1.0,0.0,0.0
4377,DoS/DDoS,DoS/DDoS,0.0,0.0,0.9999897181194723,1.0281880527716808e-05,0.0
4378,DoS/DDoS,DoS/DDoS,0.0,0.0,1.0,0.0,0.0
4379,Normal,Normal,0.0,0.0,0.0,1.0,0.0
4380,DoS/DDoS,DoS/DDoS,0.0,0.0,1.0,0.0,0.0
4381,DoS/DDoS,DoS/DDoS,0.0,0.0,0.9977406384542189,0.002259361545781012,0.0
4382,DoS/DDoS,DoS/DDoS,0.0,0.0,1.0,0.0,0.0
4383,Normal,Normal,0.0,0.0,0.0,1.0,0.0
4384,Normal,Normal,0.0,0.0,0.0,1.0,0.0
4385,Brute Force,Web Attack,0.0,0.17462219422702013,1.25579282007367e-05,0.0007351259751883355,0.824630121869591
4386,Brute Force,Brute Force,0.0,0.6886113962418556,0.0011719713121542976,0.1547422074269778,0.1554744250190123
4387,DoS/DDoS,DoS/DDoS,0.0,0.0,1.0,0.0,0.0
4388,Normal,Normal,0.0,0.0,0.0,0.9975813273727648,0.002418672627235213
4389,Normal,Normal,0.0,0.0,0.009434299640197106,0.9905657003598028,0.0
4390,DoS/DDoS,DoS/DDoS,0.0,0.0,1.0,0.0,0.0
4391,DoS/DDoS,DoS/DDoS,0.0,0.0,1.0,0.0,0.0
4392,DoS/DDoS,DoS/DDoS,0.0,0.0,1.0,0.0,0.0
4393,Normal,Normal,0.0,0.0,0.0,1.0,0.0
4394,Normal,Normal,0.0002427264401707533,0.002993137924791638,0.00015489231100554847,0.9921311502142925,0.004478093109739504
4395,DoS/DDoS,DoS/DDoS,0.0,0.0,1.0,0.0,0.0
4396,Web Attack,Brute Force,0.0,0.6165552410794837,2.6136296461136454e-05,0.005979010901792314,0.3774396117222628
4397,Brute Force,Brute Force,0.0,1.0,0.0,0.0,0.0
4398,Bot,Bot,1.0,0.0,0.0,0.0,0.0
4399,Normal,Normal,0.0,0.0,0.0,1.0,0.0
4400,Normal,Normal,0.0,0.0,0.0,1.0,0.0
4401,DoS/DDoS,DoS/DDoS,0.0,0.0,1.0,0.0,0.0
4402,DoS/DDoS,DoS/DDoS,0.0,0.0,1.0,0.0,0.0
4403,Normal,Normal,0.0,0.0,0.0,1.0,0.0
4404,Brute Force,Brute Force,0.0,1.0,0.0,0.0,0.0
4405,Brute Force,Brute Force,0.0,1.0,0.0,0.0,0.0
4406,DoS/DDoS,DoS/DDoS,0.0,0.0,0.9999897181194723,1.0281880527716808e-05,0.0
4407,DoS/DDoS,DoS/DDoS,0.0025,0.009937988264391899,0.7042794903898236,0.28083640596929643,0.0024461153764879905
4408,DoS/DDoS,DoS/DDoS,0.0,0.0,1.0,0.0,0.0
4409,Normal,Normal,0.0,0.0,0.0,1.0,0.0
4410,DoS/DDoS,DoS/DDoS,0.0,0.0,1.0,0.0,0.0
4411,Web Attack,Normal,0.0,0.23118144273441332,0.07138286359789388,0.6249814728938148,0.07245422077387804
4412,DoS/DDoS,DoS/DDoS,0.0,0.0,1.0,0.0,0.0
4413,Normal,Normal,0.0,0.0,0.0,1.0,0.0
4414,DoS/DDoS,DoS/DDoS,0.0,0.0,1.0,0.0,0.0
4415,Normal,Normal,0.0,0.0,0.0,1.0,0.0
4416,Brute Force,Brute Force,0.0,1.0,0.0,0.0,0.0
4417,Brute Force,Brute Force,0.0,1.0,0.0,0.0,0.0
4418,Brute Force,Brute Force,0.0,1.0,0.0,0.0,0.0
4419,Normal,Normal,0.0,0.01718785116085479,0.006300736831860272,0.9740114120072849,0.0025
4420,Brute Force,Brute Force,0.0,1.0,0.0,0.0,0.0
4421,Brute Force,Brute Force,0.0,1.0,0.0,0.0,0.0
4422,Brute Force,Brute Force,0.0,0.6164835835868185,0.003277618882990928,0.05350083491895101,0.3267379626112394
4423,DoS/DDoS,DoS/DDoS,0.0,0.0,1.0,0.0,0.0
4424,DoS/DDoS,DoS/DDoS,0.0,0.0,0.9999714047472551,2.8595252744989888e-05,0.0
4425,Bot,Bot,0.9694005614963477,0.0,3.563600946994233e-05,0.030563802494182342,0.0
4426,Brute Force,Brute Force,0.0,1.0,0.0,0.0,0.0
4427,Normal,Normal,0.0,0.0,0.0,1.0,0.0
4428,DoS/DDoS,DoS/DDoS,0.0,0.0,1.0,0.0,0.0
4429,DoS/DDoS,DoS/DDoS,0.0,0.0,1.0,0.0,0.0
4430,DoS/DDoS,DoS/DDoS,0.0,0.0,1.0,0.0,0.0
4431,DoS/DDoS,DoS/DDoS,0.0,0.0,1.0,0.0,0.0
4432,Normal,Normal,0.0,0.0,0.0011061164417630507,0.998893883558237,0.0
4433,DoS/DDoS,DoS/DDoS,0.0,0.0,0.999969598059839,3.040194016098469e-05,0.0
4434,Normal,Normal,0.0,0.0125,0.0,0.9875,0.0
4435,Normal,Normal,0.0,0.0,0.0,1.0,0.0
4436,DoS/DDoS,DoS/DDoS,0.0,0.0,1.0,0.0,0.0
4437,Bot,Bot,0.9798665720823849,0.0,3.4949114468774026e-05,0.020098478803146348,0.0
4438,Normal,Normal,0.0,0.0,0.0,1.0,0.0
4439,DoS/DDoS,DoS/DDoS,0.0,0.0,1.0,0.0,0.0
4440,Brute Force,Brute Force,0.0,1.0,0.0,0.0,0.0
4441,DoS/DDoS,DoS/DDoS,0.0,0.0,0.9999684058604776,3.1594139522391764e-05,0.0
4442,Web Attack,Web Attack,0.0,0.18513235405737075,1.25579282007367e-05,0.0007351259751883355,0.8141199620392403
4443,Normal,Normal,0.0,0.0,0.0,1.0,0.0
4444,DoS/DDoS,DoS/DDoS,0.0,0.0,1.0,0.0,0.0
4445,Brute Force,Brute Force,0.0,1.0,0.0,0.0,0.0
4446,Normal,Normal,0.0,0.0,0.0,1.0,0.0
4447,Brute Force,Brute Force,0.0,1.0,0.0,0.0,0.0
4448,Normal,Normal,0.0,0.0,0.0,1.0,0.0
4449,Normal,Normal,0.0020860007247252084,0.009195110514141635,0.021704972493928297,0.9670139162672049,0.0
4450,Normal,Normal,0.0,0.0,0.0,1.0,0.0
4451,Normal,Normal,0.0,0.0,0.0,1.0,0.0
4452,Bot,Bot,1.0,0.0,0.0,0.0,0.0
4453,Bot,Bot,0.9814680137323379,0.0,3.8792083567466685e-05,0.018493194184094633,0.0
4454,Brute Force,Brute Force,0.0,0.9564073148013347,0.0,0.043592685198665375,0.0
4455,DoS/DDoS,DoS/DDoS,0.0,0.0,0.9999668162769407,3.3183723059252104e-05,0.0
4456,DoS/DDoS,DoS/DDoS,0.0,0.0,1.0,0.0,0.0
4457,Brute Force,Brute Force,0.0,1.0,0.0,0.0,0.0
4458,Brute Force,Brute Force,0.0,1.0,0.0,0.0,0.0
4459,Normal,Normal,0.047547895501967426,0.0025,0.01083432865980415,0.9391177758382284,0.0
4460,Normal,Normal,0.0,0.0,0.0012607104605498038,0.9987392895394502,0.0
4461,DoS/DDoS,DoS/DDoS,0.0,0.0,1.0,0.0,0.0
4462,DoS/DDoS,DoS/DDoS,0.0,0.0,1.0,0.0,0.0
4463,Brute Force,Brute Force,0.0,1.0,0.0,0.0,0.0
4464,Bot,Bot,0.9818071385219487,0.0,3.8792083567466685e-05,0.018154069394483833,0.0
4465,Normal,Normal,0.0,0.0018149869626856024,0.031933345101988975,0.9550586137001548,0.01119305423517071
4466,DoS/DDoS,DoS/DDoS,0.0,0.0,1.0,0.0,0.0
4467,Brute Force,Brute Force,0.0,0.8939387641007138,0.0011136317597792188,0.04205828605081641,0.06288931808869047
4468,Normal,Normal,0.0,0.005539453232235696,0.005,0.9894605467677643,0.0
4469,Normal,Normal,0.0,0.0,0.0,1.0,0.0
4470,DoS/DDoS,DoS/DDoS,0.0,0.0,1.0,0.0,0.0
4471,Normal,Normal,0.0,0.0,0.0,1.0,0.0
4472,DoS/DDoS,DoS/DDoS,0.0,0.0,1.0,0.0,0.0
4473,Normal,Normal,0.0,0.0,0.007507689894350944,0.9924923101056491,0.0
4474,DoS/DDoS,DoS/DDoS,0.0,0.0,1.0,0.0,0.0
4475,Brute Force,Brute Force,0.0,1.0,0.0,0.0,0.0
4476,Bot,Bot,0.9998823360475724,0.0,0.0,0.0001176639524276109,0.0
4477,DoS/DDoS,DoS/DDoS,0.0,0.0,1.0,0.0,0.0
4478,Normal,Normal,0.0,0.0,0.0,1.0,0.0
4479,Normal,Normal,0.0,0.0,0.0,1.0,0.0
4480,DoS/DDoS,DoS/DDoS,0.0,0.0,0.9689963354376114,0.03100366456238854,0.0
4481,Normal,Normal,0.0,0.008308371021367672,0.025321829858427083,0.9618341163695712,0.004535682750634155
4482,DoS/DDoS,DoS/DDoS,0.0,0.0,1.0,0.0,0.0
4483,Normal,Normal,0.0,0.0,0.0,1.0,0.0
4484,DoS/DDoS,DoS/DDoS,0.0,0.0,0.9999684058604776,3.1594139522391764e-05,0.0
4485,Normal,Normal,0.004630418280183195,0.007688351467851585,0.018520947269789728,0.9586581634584465,0.010502119523728969
4486,DoS/DDoS,DoS/DDoS,0.0,0.0,1.0,0.0,0.0
4487,Normal,Normal,0.0,0.001135635041907208,0.017178885994520807,0.9761241717665634,0.005561307197008461
4488,Normal,Normal,0.0,0.0,0.0,1.0,0.0
4489,DoS/DDoS,DoS/DDoS,0.0,0.0,1.0,0.0,0.0
4490,Normal,Normal,0.0,0.0,0.0,1.0,0.0
4491,Brute Force,Brute Force,0.0,1.0,0.0,0.0,0.0
4492,DoS/DDoS,DoS/DDoS,0.0,0.0,1.0,0.0,0.0
4493,Brute Force,Brute Force,0.0,1.0,0.0,0.0,0.0
4494,Bot,Bot,0.9999349373323629,0.0,1.4450702009829216e-06,6.361759743604334e-05,0.0
4495,Bot,Bot,0.9751603776279407,0.0,5.722473395933651e-05,0.0247823976380999,0.0
4496,DoS/DDoS,DoS/DDoS,0.0,0.053986263064862074,0.8801439947288288,0.019547688958708006,0.04632205324760129
4497,Normal,Normal,0.0,0.0,0.0,1.0,0.0
4498,Web Attack,Web Attack,0.0,0.005300312587392189,0.0,0.010112841319315589,0.9845868460932923
4499,Normal,Normal,0.0,0.0025,0.0037602364167200744,0.9937397635832799,0.0
4500,DoS/DDoS,DoS/DDoS,0.0,0.0,1.0,0.0,0.0
4501,DoS/DDoS,DoS/DDoS,0.0,0.0,0.99816258968618,0.0018374103138200227,0.0
4502,Normal,Normal,0.0,0.0,0.0,1.0,0.0
4503,Normal,Normal,0.0,0.0,0.0,1.0,0.0
4504,DoS/DDoS,DoS/DDoS,0.0,0.0,1.0,0.0,0.0
4505,Normal,Normal,0.0,0.007207946759502214,0.005503029979096913,0.9863106829685564,0.0009783402928444298
4506,Normal,Normal,0.0024181615132267743,0.07313543931742146,0.11412618493870161,0.8074539916637238,0.0028662225669262562
4507,Normal,Normal,0.0,0.0,0.0,1.0,0.0
4508,Normal,Normal,0.0,0.0,0.0,1.0,0.0
4509,Bot,Bot,0.9794246656276185,0.0,3.563600946994233e-05,0.02053969836291155,0.0
4510,DoS/DDoS,DoS/DDoS,0.0,0.0,1.0,0.0,0.0
4511,DoS/DDoS,DoS/DDoS,0.0,0.0,1.0,0.0,0.0
4512,DoS/DDoS,DoS/DDoS,0.0,0.0,0.9999886336072914,1.1366392708614331e-05,0.0
4513,DoS/DDoS,DoS/DDoS,0.0,0.0,1.0,0.0,0.0
4514,DoS/DDoS,DoS/DDoS,0.0,0.0,1.0,0.0,0.0
4515,DoS/DDoS,DoS/DDoS,0.0,0.0,1.0,0.0,0.0
4516,DoS/DDoS,DoS/DDoS,0.0,0.0,1.0,0.0,0.0
4517,DoS/DDoS,DoS/DDoS,0.0,0.0,1.0,0.0,0.0
4518,Normal,Normal,0.0,0.0,0.0,1.0,0.0
4519,Brute Force,Brute Force,0.0,1.0,0.0,0.0,0.0
4520,Brute Force,Brute Force,0.0,1.0,0.0,0.0,0.0
4521,Brute Force,Brute Force,0.0,1.0,0.0,0.0,0.0
4522,Brute Force,Brute Force,0.0,0.908792548317709,0.01120672393464877,0.08000072774764233,0.0
4523,DoS/DDoS,DoS/DDoS,0.0,0.0,1.0,0.0,0.0
4524,DoS/DDoS,DoS/DDoS,0.0,0.0,1.0,0.0,0.0
4525,Brute Force,Brute Force,0.0,1.0,0.0,0.0,0.0
4526,DoS/DDoS,DoS/DDoS,0.0,0.0,0.9941724245313099,0.0058275754686901455,0.0
4527,Normal,Normal,0.13708369764138947,0.0,1.0431993766524761e-05,0.8629058703648438,0.0
4528,Normal,Normal,0.0,0.0,0.0,1.0,0.0
4529,DoS/DDoS,DoS/DDoS,0.0,0.0,1.0,0.0,0.0
4530,DoS/DDoS,DoS/DDoS,0.0,0.0,1.0,0.0,0.0
4531,Normal,Normal,0.0,0.0,0.0,1.0,0.0
4532,Normal,Normal,0.0,0.001978709023318689,0.0012548956199920952,0.9943510744315489,0.0024153209251402768
4533,Normal,Normal,0.0,0.0,0.0,1.0,0.0
4534,Normal,Normal,0.0,0.0,0.0,1.0,0.0
4535,DoS/DDoS,DoS/DDoS,0.0,0.0,1.0,0.0,0.0
4536,DoS/DDoS,DoS/DDoS,0.0,0.0,1.0,0.0,0.0
4537,Brute Force,Web Attack,0.0,0.10344988498793195,1.25579282007367e-05,0.0007295632368725493,0.8958079938469949
4538,DoS/DDoS,DoS/DDoS,0.0,0.00580847528132794,0.946411971571253,0.042899271366783114,0.0048802817806360334
4539,DoS/DDoS,DoS/DDoS,0.0,0.0,1.0,0.0,0.0
4540,Brute Force,Brute Force,0.0,1.0,0.0,0.0,0.0
4541,Brute Force,Brute Force,0.0,1.0,0.0,0.0,0.0
4542,Brute Force,Brute Force,0.0,1.0,0.0,0.0,0.0
4543,DoS/DDoS,DoS/DDoS,0.0,0.0,0.9999714047472551,2.8595252744989888e-05,0.0
4544,Normal,Normal,0.0,0.0,0.0,1.0,0.0
4545,DoS/DDoS,DoS/DDoS,0.0,0.0021217035033854535,0.9939602614022898,0.003918035094324838,0.0
4546,Normal,Normal,0.0,0.0,0.0,1.0,0.0
4547,DoS/DDoS,DoS/DDoS,0.0,0.0,1.0,0.0,0.0
4548,DoS/DDoS,DoS/DDoS,0.0,0.0,0.9850854247249279,0.014914575275072192,0.0
4549,Normal,Normal,0.0,0.0,0.0,1.0,0.0
4550,Normal,Normal,0.0,0.0,0.0,1.0,0.0
4551,Brute Force,Brute Force,0.0,1.0,0.0,0.0,0.0
4552,Brute Force,Brute Force,0.0,1.0,0.0,0.0,0.0
4553,Brute Force,Brute Force,0.0,1.0,0.0,0.0,0.0
4554,Normal,Normal,0.0,0.0,0.0,1.0,0.0
4555,Normal,Normal,0.0,0.0,0.0,1.0,0.0
4556,Normal,Normal,0.0,0.004141495361954039,0.0,0.995858504638046,0.0
4557,Brute Force,Brute Force,0.0,1.0,0.0,0.0,0.0
4558,Brute Force,Brute Force,0.0,1.0,0.0,0.0,0.0
4559,Normal,Normal,0.29831854490537113,0.0,1.2798589635883473e-05,0.701668656504993,0.0
4560,Normal,Normal,0.0,0.0,0.0,1.0,0.0
4561,DoS/DDoS,DoS/DDoS,0.0,0.0,1.0,0.0,0.0
4562,Normal,Normal,0.0,0.0,0.0,1.0,0.0
4563,DoS/DDoS,DoS/DDoS,0.0,0.0,1.0,0.0,0.0
4564,Brute Force,Brute Force,0.0,1.0,0.0,0.0,0.0
4565,Brute Force,Brute Force,0.0,1.0,0.0,0.0,0.0
4566,Normal,Normal,0.0,0.0,0.0,1.0,0.0
4567,Normal,Normal,0.0,0.0,0.0,1.0,0.0
4568,DoS/DDoS,DoS/DDoS,0.0,0.0,1.0,0.0,0.0
4569,DoS/DDoS,DoS/DDoS,0.0,0.0,1.0,0.0,0.0
4570,DoS/DDoS,DoS/DDoS,0.0,0.0,1.0,0.0,0.0
4571,DoS/DDoS,DoS/DDoS,0.0,0.0,1.0,0.0,0.0
4572,Brute Force,Brute Force,0.0,1.0,0.0,0.0,0.0
4573,Normal,Normal,0.0,0.0,0.0,1.0,0.0
4574,Normal,Normal,0.0,0.0,0.0,1.0,0.0
4575,Brute Force,Brute Force,0.0,1.0,0.0,0.0,0.0
4576,DoS/DDoS,DoS/DDoS,0.0,0.0,1.0,0.0,0.0
4577,Normal,Normal,0.0,0.0,0.0,1.0,0.0
4578,Brute Force,Brute Force,0.0,1.0,0.0,0.0,0.0
4579,DoS/DDoS,DoS/DDoS,0.0,0.0,1.0,0.0,0.0
4580,Brute Force,Brute Force,0.0,0.9987171657587008,0.0,0.0012828342412991428,0.0
4581,Web Attack,Web Attack,0.0,0.396558233499287,1.25579282007367e-05,0.0009238223679165165,0.602505386204596
4582,Web Attack,Web Attack,0.0,0.20296555757018658,1.25579282007367e-05,0.0007126462755453124,0.7963092382260677
4583,Brute Force,Web Attack,0.0,0.3974808489214019,1.25579282007367e-05,0.0009444358721984973,0.6015621572781991
4584,Normal,Normal,0.0,0.0,0.0,1.0,0.0
4585,DoS/DDoS,DoS/DDoS,0.0,0.0,1.0,0.0,0.0
4586,DoS/DDoS,DoS/DDoS,0.0,0.001635674771047371,0.9970770956139496,0.0012872296150030112,0.0
4587,DoS/DDoS,DoS/DDoS,0.0,0.0,0.9999684058604776,3.1594139522391764e-05,0.0
4588,DoS/DDoS,DoS/DDoS,0.0,0.0,1.0,0.0,0.0
4589,DoS/DDoS,DoS/DDoS,0.0,0.0,1.0,0.0,0.0
4590,DoS/DDoS,DoS/DDoS,0.0,0.0,1.0,0.0,0.0
4591,Normal,Normal,0.0,0.0,0.0,1.0,0.0
4592,Normal,Normal,0.0,0.0,0.0,1.0,0.0
4593,DoS/DDoS,DoS/DDoS,0.0,0.0,1.0,0.0,0.0
4594,Web Attack,Web Attack,0.0,0.2820575668879131,1.25579282007367e-05,0.0007415526204959056,0.7171883225633904
4595,Brute Force,Brute Force,0.0,1.0,0.0,0.0,0.0
4596,Normal,Normal,0.002276314073301161,0.0,0.0,0.9977236859266989,0.0
4597,DoS/DDoS,DoS/DDoS,0.0,0.0,0.9999897181194723,1.0281880527716808e-05,0.0
4598,Brute Force,Brute Force,0.0,1.0,0.0,0.0,0.0
4599,DoS/DDoS,DoS/DDoS,0.0,0.0,1.0,0.0,0.0
4600,DoS/DDoS,DoS/DDoS,0.0,0.0,1.0,0.0,0.0
4601,Brute Force,Brute Force,0.0,0.7323542584885872,0.0013152392325005775,0.14155694451331582,0.12477355776559639
4602,Web Attack,Web Attack,0.0,0.19936768474414496,1.25579282007367e-05,0.0011005200488677478,0.7995192372787867
4603,Bot,Bot,0.9416985604169744,0.0,0.0006886365947370326,0.05761280298828851,0.0
4604,DoS/DDoS,DoS/DDoS,0.0,0.0,1.0,0.0,0.0
4605,DoS/DDoS,DoS/DDoS,0.0,0.0,1.0,0.0,0.0
4606,DoS/DDoS,DoS/DDoS,0.0,0.0,0.9987449212887869,0.0012550787112131272,0.0
4607,DoS/DDoS,DoS/DDoS,0.0,0.0,1.0,0.0,0.0
4608,Normal,Normal,0.0,0.0,0.0,1.0,0.0
4609,Normal,Normal,0.0,0.0,0.0,1.0,0.0
4610,Normal,Normal,0.0,0.00121651242084754,0.0,0.9987834875791525,0.0
4611,Normal,Normal,0.0,0.0,0.0,1.0,0.0
4612,Brute Force,Brute Force,0.0,1.0,0.0,0.0,0.0
4613,Normal,Normal,0.0,0.0022948463390544153,0.007828380318026617,0.9878907622649754,0.001986011077943512
4614,DoS/DDoS,DoS/DDoS,0.0,0.0,0.9999897181194723,1.0281880527716808e-05,0.0
4615,Brute Force,Brute Force,0.0,1.0,0.0,0.0,0.0
4616,DoS/DDoS,DoS/DDoS,0.0,0.0,1.0,0.0,0.0
4617,DoS/DDoS,DoS/DDoS,0.0,0.015230082167155488,0.942170157947641,0.032846650756068886,0.009753109129134631
4618,Normal,Normal,0.0,0.0,0.0,1.0,0.0
4619,Brute Force,Brute Force,0.0,1.0,0.0,0.0,0.0
4620,DoS/DDoS,DoS/DDoS,0.0,0.0,1.0,0.0,0.0
4621,Normal,Normal,0.0,0.0,0.0,1.0,0.0
4622,DoS/DDoS,DoS/DDoS,0.0,0.0,0.999969598059839,3.040194016098469e-05,0.0
4623,Normal,Normal,0.0,0.0,0.0,1.0,0.0
4624,Normal,Normal,0.0,0.0,0.0018737213308926454,0.9981262786691074,0.0
4625,Normal,Normal,0.0,0.0,0.0,1.0,0.0
4626,Normal,Normal,0.0,0.0,5.5606715307784965e-05,0.9999443932846922,0.0
4627,DoS/DDoS,DoS/DDoS,0.0,0.0,1.0,0.0,0.0
4628,Normal,Normal,0.0,0.0032495624232253767,0.00949161485778282,0.9848420110238996,0.002416811695092238
4629,Normal,Normal,0.0,0.0,0.0,1.0,0.0
4630,Brute Force,Brute Force,0.0,1.0,0.0,0.0,0.0
4631,Normal,Normal,0.0,0.0,0.0,1.0,0.0
4632,Normal,Normal,0.0,0.0,0.0,1.0,0.0
4633,Brute Force,Brute Force,0.0,1.0,0.0,0.0,0.0
4634,DoS/DDoS,DoS/DDoS,0.0,0.0,1.0,0.0,0.0
4635,Brute Force,Brute Force,0.0,1.0,0.0,0.0,0.0
4636,Brute Force,Brute Force,0.0,1.0,0.0,0.0,0.0
4637,Normal,Normal,0.009420120090035969,0.007890210562939239,0.009737726500106231,0.9707406871992886,0.0022112556476298713
4638,Normal,Normal,0.0,0.0,0.0,1.0,0.0
4639,DoS/DDoS,DoS/DDoS,0.0,0.0,1.0,0.0,0.0
4640,Normal,Normal,0.0,0.0012187410885724603,0.0,0.9987812589114275,0.0
4641,DoS/DDoS,DoS/DDoS,0.0,0.0,1.0,0.0,0.0
4642,Normal,Normal,0.0,0.0,0.0,1.0,0.0
4643,Normal,Normal,0.0,0.0,0.0,1.0,0.0
4644,DoS/DDoS,DoS/DDoS,0.0,0.0,1.0,0.0,0.0
4645,Normal,Normal,0.0,0.0,0.0,1.0,0.0
4646,Normal,Normal,0.0,0.0,0.0,1.0,0.0
4647,DoS/DDoS,DoS/DDoS,0.0,0.0,1.0,0.0,0.0
4648,Normal,Normal,0.0,0.0,0.0,1.0,0.0
4649,DoS/DDoS,DoS/DDoS,0.0,0.0,1.0,0.0,0.0
4650,DoS/DDoS,DoS/DDoS,0.0,0.0,1.0,0.0,0.0
4651,DoS/DDoS,DoS/DDoS,0.0,0.0,1.0,0.0,0.0
4652,DoS/DDoS,DoS/DDoS,0.0,0.0,1.0,0.0,0.0
4653,Normal,Normal,0.010056596813781331,0.0,0.0012456787154758967,0.9886977244707427,0.0
4654,Brute Force,Brute Force,0.0,0.8471655137509949,7.653176750507167e-05,0.0015400552241731317,0.15121789925732676
4655,DoS/DDoS,DoS/DDoS,0.0,0.0,0.9999886336072914,1.1366392708614331e-05,0.0
4656,DoS/DDoS,DoS/DDoS,0.0,0.00024194819449427105,0.989225820101919,0.009553891410742347,0.0009783402928444298
4657,Brute Force,Brute Force,0.0,1.0,0.0,0.0,0.0
4658,Normal,Normal,0.0,0.0,0.0,1.0,0.0
4659,DoS/DDoS,DoS/DDoS,0.0,0.0,0.9999763103135758,2.3689686424219612e-05,0.0
4660,Normal,Normal,0.0,0.0,0.0,1.0,0.0
4661,Normal,Normal,0.0,0.0,0.0,1.0,0.0
4662,Normal,Normal,0.0,0.0,0.0,1.0,0.0
4663,DoS/DDoS,DoS/DDoS,0.0,0.0,1.0,0.0,0.0
4664,Normal,Normal,0.0,0.0,0.0,1.0,0.0
4665,Brute Force,Brute Force,0.0,1.0,0.0,0.0,0.0
4666,Brute Force,Brute Force,0.0,1.0,0.0,0.0,0.0
4667,Normal,Normal,0.0,0.0,0.0,1.0,0.0
4668,Brute Force,Brute Force,0.0,1.0,0.0,0.0,0.0
4669,Brute Force,Web Attack,0.0,0.33786985626211724,1.25579282007367e-05,0.0007127557468464852,0.6614048300628357
4670,Normal,Normal,0.0,0.0,0.0,1.0,0.0
4671,DoS/DDoS,DoS/DDoS,0.0,0.0,1.0,0.0,0.0
4672,DoS/DDoS,DoS/DDoS,0.0,0.0,1.0,0.0,0.0
4673,Brute Force,Brute Force,0.0,1.0,0.0,0.0,0.0
4674,DoS/DDoS,DoS/DDoS,0.0,0.0,1.0,0.0,0.0
4675,Normal,Normal,0.0,0.0,0.0,1.0,0.0
4676,Normal,Normal,0.0022158240019110684,0.0,0.0009696326348241076,0.9968145433632648,0.0
4677,DoS/DDoS,DoS/DDoS,0.0,0.0,0.9271737728962459,0.07282622710375418,0.0
4678,DoS/DDoS,DoS/DDoS,0.0,0.0,0.9933165844586509,0.0066834155413490635,0.0
4679,DoS/DDoS,DoS/DDoS,0.0,0.0,1.0,0.0,0.0
4680,Brute Force,Brute Force,0.0,1.0,0.0,0.0,0.0
4681,Normal,Normal,0.0,0.0,0.0,1.0,0.0
4682,Brute Force,Brute Force,0.0,0.8914476166300457,0.00024115647716670133,0.059730344057147215,0.04858088283564036
4683,Normal,Normal,0.0,0.0,0.0,1.0,0.0
4684,Bot,Bot,0.6041991064172798,0.0,4.258492062159681e-05,0.3957583086620985,0.0
4685,Normal,Normal,0.06523203505562594,0.0,0.0005101624690285266,0.9342578024753454,0.0
4686,Normal,Normal,0.0,0.032136318060522695,0.00708529580683139,0.960778386132646,0.0
4687,Bot,Bot,1.0,0.0,0.0,0.0,0.0
4688,Normal,Normal,0.0,0.0031920030322222298,0.0005251627264786272,0.9937828342412991,0.0025
4689,Brute Force,Brute Force,0.0,0.9987136294027565,0.0012863705972434914,0.0,0.0
4690,Normal,Normal,0.0,0.0,0.0005612734565962443,0.9994387265434037,0.0
4691,DoS/DDoS,DoS/DDoS,0.0,0.0,1.0,0.0,0.0
4692,Bot,Bot,1.0,0.0,0.0,0.0,0.0
4693,DoS/DDoS,DoS/DDoS,0.0,0.0,1.0,0.0,0.0
4694,Brute Force,Brute Force,0.0,1.0,0.0,0.0,0.0
4695,Brute Force,Brute Force,0.0,1.0,0.0,0.0,0.0
4696,DoS/DDoS,DoS/DDoS,0.0,0.0,1.0,0.0,0.0
4697,DoS/DDoS,DoS/DDoS,0.0,0.0,0.999947412742351,5.25872576490401e-05,0.0
4698,Brute Force,Brute Force,0.0,1.0,0.0,0.0,0.0
4699,Brute Force,Brute Force,0.0,0.9957043412814196,0.002540491556722911,0.0017551671618575159,0.0
4700,DoS/DDoS,DoS/DDoS,0.0,0.0,0.9983369873459953,0.0016630126540047186,0.0
4701,Normal,Normal,0.0,0.024058681319434568,0.00022238290314808567,0.9662344407951321,0.009484494982285131
4702,Normal,Normal,0.0,0.0,0.001258567144998929,0.998741432855001,0.0
4703,DoS/DDoS,DoS/DDoS,0.0,0.0,1.0,0.0,0.0
4704,Normal,Normal,0.0,0.006435746913184463,0.006888422165679275,0.9838096083542098,0.0028662225669262562
4705,Normal,Normal,0.0,0.0025,0.0,0.9975,0.0
4706,Normal,Normal,0.0020895230648944486,0.0,0.0,0.9979104769351056,0.0
4707,DoS/DDoS,DoS/DDoS,0.0,0.0,1.0,0.0,0.0
4708,Normal,Normal,0.0,0.0,0.0,1.0,0.0
4709,Normal,Normal,0.0,0.0,0.0,1.0,0.0
4710,Brute Force,Brute Force,0.0,1.0,0.0,0.0,0.0
4711,Brute Force,DoS/DDoS,0.0002240586813068088,0.45453684437492997,0.4549602157047465,0.07372019872732412,0.016558682511692575
4712,Normal,Normal,0.0,0.0,0.0010014603138243042,0.9989985396861757,0.0
4713,Normal,Normal,0.0,0.0,0.0,1.0,0.0
4714,Normal,Normal,0.0,0.0,0.0,1.0,0.0
4715,DoS/DDoS,DoS/DDoS,0.0,0.0,1.0,0.0,0.0
4716,DoS/DDoS,DoS/DDoS,0.0,0.0,1.0,0.0,0.0
4717,Normal,Normal,0.0,0.010738276718990334,0.04048109681588426,0.9463080373359611,0.0024725891291642313
4718,DoS/DDoS,DoS/DDoS,0.0,0.0,1.0,0.0,0.0
4719,DoS/DDoS,DoS/DDoS,0.0,0.0,1.0,0.0,0.0
4720,Brute Force,Brute Force,0.0,1.0,0.0,0.0,0.0
4721,DoS/DDoS,DoS/DDoS,0.0,0.0,0.999969598059839,3.040194016098469e-05,0.0
4722,Brute Force,Brute Force,0.0,1.0,0.0,0.0,0.0
4723,Brute Force,Brute Force,0.0,1.0,0.0,0.0,0.0
4724,DoS/DDoS,DoS/DDoS,0.0,0.0,1.0,0.0,0.0
4725,DoS/DDoS,DoS/DDoS,0.0,0.0,0.9999837280409707,1.6271959029384604e-05,0.0
4726,DoS/DDoS,DoS/DDoS,0.0,0.0,1.0,0.0,0.0
4727,Brute Force,Brute Force,0.0,1.0,0.0,0.0,0.0
4728,Normal,Normal,0.0,0.057438705183634246,0.00040350241154016634,0.9236052053352772,0.0185525870695483
4729,DoS/DDoS,DoS/DDoS,0.0,0.0,1.0,0.0,0.0
4730,DoS/DDoS,DoS/DDoS,0.0,0.0,1.0,0.0,0.0
4731,Normal,Normal,0.0,0.0,0.0,1.0,0.0
4732,DoS/DDoS,DoS/DDoS,0.0,0.0,1.0,0.0,0.0
4733,Brute Force,Brute Force,0.0,1.0,0.0,0.0,0.0
4734,DoS/DDoS,DoS/DDoS,0.0,0.0,1.0,0.0,0.0
4735,Brute Force,Brute Force,0.0,0.5657962097829503,1.9263023870357705e-05,0.0012016459060547368,0.4329828812871246
4736,Normal,Normal,0.0,0.003466223470146172,0.006254902310325158,0.9902788742195288,0.0
4737,DoS/DDoS,DoS/DDoS,0.0,0.0,1.0,0.0,0.0
4738,Brute Force,Brute Force,0.0,1.0,0.0,0.0,0.0
4739,Bot,Bot,0.9997924108501062,0.0,1.4450702009829216e-06,0.00020614407969270066,0.0
4740,Normal,Normal,0.0,0.0,0.0,1.0,0.0
4741,Normal,Normal,0.0,0.0,0.0,1.0,0.0
4742,Brute Force,Brute Force,0.0,1.0,0.0,0.0,0.0
4743,Brute Force,Brute Force,0.0,1.0,0.0,0.0,0.0
4744,Bot,Bot,0.9807055661442291,0.0,3.8792083567466685e-05,0.019255641772203437,0.0
4745,DoS/DDoS,DoS/DDoS,0.0,0.0,1.0,0.0,0.0
4746,Brute Force,Brute Force,0.0,1.0,0.0,0.0,0.0
4747,Brute Force,Brute Force,0.0,1.0,0.0,0.0,0.0
4748,Brute Force,Brute Force,0.0,1.0,0.0,0.0,0.0
4749,Normal,Normal,0.0,0.0,0.0,1.0,0.0
4750,Normal,Normal,0.0022825525040387723,0.0,0.01190172176174482,0.9858157257342164,0.0
4751,DoS/DDoS,DoS/DDoS,0.0,0.0,1.0,0.0,0.0
4752,Normal,Normal,0.0,0.0,0.0,1.0,0.0
4753,DoS/DDoS,DoS/DDoS,0.0,0.0,1.0,0.0,0.0
4754,DoS/DDoS,DoS/DDoS,0.0,0.0,1.0,0.0,0.0
4755,Brute Force,Brute Force,0.0,1.0,0.0,0.0,0.0
4756,Brute Force,Web Attack,0.0,0.23504850530120142,1.25579282007367e-05,0.0009480618827137463,0.7639908748878841
4757,DoS/DDoS,DoS/DDoS,0.0,0.0,1.0,0.0,0.0
4758,Normal,Normal,0.0,0.003074321458368356,0.009038795599305155,0.9830951309796059,0.0047917519627207325
4759,DoS/DDoS,DoS/DDoS,0.0,0.0,1.0,0.0,0.0
4760,Web Attack,Web Attack,0.0,0.2763585652851356,1.25579282007367e-05,0.005607294201798106,0.7180215825848657
4761,Web Attack,Web Attack,0.0,0.169882597496598,1.25579282007367e-05,0.000744315915370287,0.829360528659831
4762,Brute Force,Brute Force,0.0,1.0,0.0,0.0,0.0
4763,DoS/DDoS,DoS/DDoS,0.0,0.0,1.0,0.0,0.0
4764,Normal,Normal,0.0,0.0,0.0,1.0,0.0
4765,Brute Force,Brute Force,0.0,1.0,0.0,0.0,0.0
4766,Normal,Normal,0.0,0.0,0.0,1.0,0.0
4767,Brute Force,Brute Force,0.0,1.0,0.0,0.0,0.0
4768,Brute Force,Brute Force,0.0,1.0,0.0,0.0,0.0
4769,Normal,Normal,0.0,0.0019720466078870526,0.0,0.9980279533921129,0.0
4770,Brute Force,Brute Force,0.0,1.0,0.0,0.0,0.0
4771,DoS/DDoS,DoS/DDoS,0.0,0.0,1.0,0.0,0.0
4772,Brute Force,Brute Force,0.0,1.0,0.0,0.0,0.0
4773,Normal,Normal,0.0,0.0012187410885724603,0.0,0.9987812589114275,0.0
4774,DoS/DDoS,DoS/DDoS,0.0,0.0,1.0,0.0,0.0
4775,DoS/DDoS,DoS/DDoS,0.0,0.002138217205480305,0.9509081266041348,0.023773396974314118,0.023180259216070757
4776,Normal,Normal,0.0,0.0,0.0,1.0,0.0
4777,DoS/DDoS,DoS/DDoS,0.0,0.0,0.9970835548368139,0.0029164451631861887,0.0
4778,Web Attack,Web Attack,0.0,0.035801691308442976,1.25579282007367e-05,0.0006992122540401063,0.9634865385093163
4779,DoS/DDoS,DoS/DDoS,0.0,0.0,1.0,0.0,0.0
4780,Normal,Normal,0.0,0.0009657350953182331,0.0006228237772976448,0.9984114411273841,0.0
4781,Normal,Normal,0.0,0.0,0.0,1.0,0.0
4782,DoS/DDoS,DoS/DDoS,0.0,0.0,1.0,0.0,0.0
4783,Bot,Bot,0.9817936464425903,0.0,4.1142482750476326e-05,0.018165211074659383,0.0
4784,DoS/DDoS,DoS/DDoS,0.0,0.0,0.9999714047472551,2.8595252744989888e-05,0.0
4785,DoS/DDoS,DoS/DDoS,0.0,0.0,1.0,0.0,0.0
4786,Brute Force,Brute Force,0.0,1.0,0.0,0.0,0.0
4787,Brute Force,Brute Force,0.0,1.0,0.0,0.0,0.0
4788,Brute Force,Brute Force,0.0,1.0,0.0,0.0,0.0
4789,Normal,Normal,0.0,0.0,0.0,1.0,0.0
4790,Normal,Normal,0.0,0.0,0.0,1.0,0.0
4791,Normal,Normal,0.0,0.0,0.0,1.0,0.0
4792,DoS/DDoS,DoS/DDoS,0.0,0.0,1.0,0.0,0.0
4793,Normal,Normal,0.0,0.0,0.0,1.0,0.0
4794,DoS/DDoS,DoS/DDoS,0.0,0.0,1.0,0.0,0.0
4795,DoS/DDoS,DoS/DDoS,0.0,0.0,1.0,0.0,0.0
4796,Normal,Normal,0.0,0.0,0.0,1.0,0.0
4797,DoS/DDoS,DoS/DDoS,0.0,0.0,1.0,0.0,0.0
4798,Normal,Normal,0.0,0.001625263651277244,0.013609899267281608,0.9847648370814411,0.0
4799,Normal,Normal,0.0,0.0,0.006009640904982569,0.9939903590950174,0.0
4800,Normal,Normal,0.0,0.0012032136105860113,0.0,0.998796786389414,0.0
4801,Normal,Normal,0.0,0.0,0.0,1.0,0.0
4802,Normal,Normal,0.0,0.0,0.0,1.0,0.0
4803,Brute Force,Brute Force,0.0,1.0,0.0,0.0,0.0
4804,DoS/DDoS,DoS/DDoS,0.0,0.0,0.9999460222460584,5.397775394157798e-05,0.0
4805,Normal,Normal,0.0,0.0,0.002897249669689344,0.9971027503303106,0.0
4806,Normal,Normal,0.0,0.0,0.0,1.0,0.0
4807,Normal,Normal,0.0,0.0,0.0,1.0,0.0
4808,Normal,Normal,0.016615318456613556,0.008526881931935652,0.024931815187453334,0.9378444254626005,0.012081558961396822
4809,Normal,Normal,0.06068669189660781,0.004057070692767621,0.01174866608405001,0.9210341210206759,0.0024734503058986496
4810,DoS/DDoS,DoS/DDoS,0.0,0.0,1.0,0.0,0.0
4811,Normal,Normal,0.0,0.0,0.0,1.0,0.0
4812,Normal,Normal,0.0,0.0,0.0,1.0,0.0
4813,Normal,Normal,0.0,0.0,0.0,1.0,0.0
4814,Brute Force,Brute Force,0.0,1.0,0.0,0.0,0.0
4815,DoS/DDoS,DoS/DDoS,0.0,0.0,1.0,0.0,0.0
4816,Normal,Normal,0.0,0.0,0.0,1.0,0.0
4817,Brute Force,Brute Force,0.0,1.0,0.0,0.0,0.0
4818,Normal,Normal,0.0,0.0,0.0,1.0,0.0
4819,Bot,Bot,0.9806747973954411,0.0,1.4450702009829216e-06,0.019323757534358003,0.0
4820,DoS/DDoS,DoS/DDoS,0.0,0.0,1.0,0.0,0.0
4821,DoS/DDoS,DoS/DDoS,0.0,0.0,1.0,0.0,0.0
4822,DoS/DDoS,DoS/DDoS,0.0,0.0,0.9987561686454012,0.00124383135459877,0.0
4823,DoS/DDoS,DoS/DDoS,0.0,0.0,0.9999897181194723,1.0281880527716808e-05,0.0
4824,DoS/DDoS,DoS/DDoS,0.0,0.0,1.0,0.0,0.0
4825,Brute Force,Brute Force,0.0,1.0,0.0,0.0,0.0
4826,Normal,Normal,0.0,0.0,0.002057948426233495,0.9979420515737665,0.0
4827,Brute Force,Brute Force,0.0,1.0,0.0,0.0,0.0
4828,Bot,Bot,1.0,0.0,0.0,0.0,0.0
4829,Normal,Normal,0.0,0.0,0.0,1.0,0.0
4830,DoS/DDoS,DoS/DDoS,0.0,0.0,1.0,0.0,0.0
4831,Normal,Normal,0.0,0.0016504019703517821,0.0,0.9983495980296482,0.0
4832,Normal,Normal,0.0,0.0,0.0,1.0,0.0
4833,DoS/DDoS,DoS/DDoS,0.0,0.0,1.0,0.0,0.0
4834,Normal,Normal,0.0,0.0,0.0,1.0,0.0
4835,Normal,Normal,0.0,0.0,0.0,1.0,0.0
4836,Normal,Normal,0.0,0.0,0.005270884438032574,0.9947291155619675,0.0
4837,DoS/DDoS,DoS/DDoS,0.0,0.0,1.0,0.0,0.0
4838,Normal,Normal,0.0,0.0,0.0,1.0,0.0
4839,Normal,Normal,0.0,0.0021213967944420744,0.011577906077898374,0.9863006971276596,0.0
4840,DoS/DDoS,DoS/DDoS,0.0,0.0,1.0,0.0,0.0
4841,Bot,Bot,0.9816388406338338,0.0,4.1142482750476326e-05,0.018320016883415856,0.0
4842,Normal,Normal,0.0,0.0,0.0,1.0,0.0
4843,Normal,Normal,0.0,0.0,0.0,1.0,0.0
4844,Bot,Bot,0.8631685167088506,0.0,0.004652359922637642,0.13217912336851156,0.0
4845,Brute Force,Brute Force,0.0,1.0,0.0,0.0,0.0
4846,Brute Force,Brute Force,0.0,1.0,0.0,0.0,0.0
4847,Brute Force,Brute Force,0.0,1.0,0.0,0.0,0.0
4848,DoS/DDoS,DoS/DDoS,0.0,0.0,1.0,0.0,0.0
4849,Normal,Normal,0.0,0.006742530372697252,0.07605483565413818,0.8916034918442758,0.025599142128888898
4850,DoS/DDoS,DoS/DDoS,0.0,0.0,1.0,0.0,0.0
4851,Normal,Normal,0.0,0.001208097668643951,0.004370543167565613,0.9944213591637905,0.0
4852,Normal,Normal,0.0,0.008287015762060746,0.014584193897172991,0.9771287903407663,0.0
4853,DoS/DDoS,DoS/DDoS,0.0,0.0,1.0,0.0,0.0
4854,DoS/DDoS,DoS/DDoS,0.0,0.003798016563379572,0.5973294694748743,0.1295074434804327,0.2693650704813135
4855,DoS/DDoS,DoS/DDoS,0.0,0.0,1.0,0.0,0.0
4856,DoS/DDoS,DoS/DDoS,0.0,0.0,1.0,0.0,0.0
4857,Bot,Bot,0.9820289504434467,0.0,3.8792083567466685e-05,0.01793225747298561,0.0
4858,Brute Force,Brute Force,0.0,1.0,0.0,0.0,0.0
4859,Normal,Bot,0.7879638648879975,0.0,0.0002701350363448055,0.21176600007565774,0.0
4860,DoS/DDoS,DoS/DDoS,0.0,0.0,0.9999946236857931,5.376314206946534e-06,0.0
4861,Brute Force,Brute Force,0.0,1.0,0.0,0.0,0.0
4862,Brute Force,Brute Force,0.0,1.0,0.0,0.0,0.0
4863,DoS/DDoS,DoS/DDoS,0.0,0.0,1.0,0.0,0.0
4864,Normal,Normal,0.0,0.0,0.0,1.0,0.0
4865,DoS/DDoS,DoS/DDoS,0.0,0.0,1.0,0.0,0.0
4866,Brute Force,Brute Force,0.0,1.0,0.0,0.0,0.0
4867,Normal,Normal,0.15151426938227233,0.00232188381257204,0.0005180921715357101,0.8428239764913691,0.0028217781422507438
4868,Brute Force,Brute Force,0.0,1.0,0.0,0.0,0.0
4869,DoS/DDoS,DoS/DDoS,0.0,0.0,0.9999897181194723,1.0281880527716808e-05,0.0
4870,DoS/DDoS,DoS/DDoS,0.0,0.0,1.0,0.0,0.0
4871,Normal,Normal,0.0,0.0,0.0,1.0,0.0
4872,DoS/DDoS,DoS/DDoS,0.0,0.0,1.0,0.0,0.0
4873,Normal,Normal,0.0,0.0,0.0,1.0,0.0
4874,Brute Force,Brute Force,0.0,1.0,0.0,0.0,0.0
4875,Normal,Normal,0.0,0.0,0.0,1.0,0.0
4876,DoS/DDoS,DoS/DDoS,0.0,0.0,1.0,0.0,0.0
4877,DoS/DDoS,DoS/DDoS,0.0,0.0,0.9949361315616334,0.00506386843836661,0.0
4878,Brute Force,Brute Force,0.0,1.0,0.0,0.0,0.0
4879,Normal,Normal,0.0,0.0,0.015620838404811342,0.9843791615951886,0.0
4880,DoS/DDoS,DoS/DDoS,0.0,0.0,1.0,0.0,0.0
4881,Normal,Normal,0.007822118646462792,0.0,3.6421991218376865e-06,0.9921742391544154,0.0
4882,Normal,Normal,0.0,0.0,0.0,1.0,0.0
4883,Normal,Normal,0.0,0.0,0.0,1.0,0.0
4884,DoS/DDoS,DoS/DDoS,0.0,0.0,0.9943307874771702,0.005669212522829847,0.0
4885,DoS/DDoS,DoS/DDoS,0.0,0.0,1.0,0.0,0.0
4886,Bot,Bot,1.0,0.0,0.0,0.0,0.0
4887,DoS/DDoS,DoS/DDoS,0.0,0.0,0.9999684058604776,3.1594139522391764e-05,0.0
4888,DoS/DDoS,DoS/DDoS,0.0,0.0,1.0,0.0,0.0
4889,Brute Force,Brute Force,0.0,1.0,0.0,0.0,0.0
4890,Brute Force,Brute Force,0.0,1.0,0.0,0.0,0.0
4891,Bot,Bot,0.97527484154722,0.0,2.405582131574279e-05,0.024701102631464286,0.0
4892,Brute Force,Brute Force,0.0,1.0,0.0,0.0,0.0
4893,Brute Force,Brute Force,0.0,1.0,0.0,0.0,0.0
4894,Brute Force,Brute Force,0.0,1.0,0.0,0.0,0.0
4895,Brute Force,Brute Force,0.0,1.0,0.0,0.0,0.0
4896,DoS/DDoS,DoS/DDoS,0.0,0.0,1.0,0.0,0.0
4897,Normal,Normal,0.0,0.0021215577643799903,0.0014922680412371133,0.9963861741943829,0.0
4898,Normal,Normal,0.0,0.005,0.026163708606172686,0.9688362913938273,0.0
4899,DoS/DDoS,DoS/DDoS,0.0,0.0,1.0,0.0,0.0
4900,Normal,Normal,0.0,0.0,0.0,1.0,0.0
4901,Brute Force,Brute Force,0.0,0.8971177527112809,0.00024115647716670133,0.04886831259343877,0.053772778218113465
4902,Normal,Normal,0.0,0.0016270232230823365,0.0,0.9983729767769176,0.0
4903,DoS/DDoS,DoS/DDoS,0.0,0.0,1.0,0.0,0.0
4904,DoS/DDoS,DoS/DDoS,0.0,0.0,1.0,0.0,0.0
4905,Brute Force,Brute Force,0.0,1.0,0.0,0.0,0.0
4906,Brute Force,Brute Force,0.0,1.0,0.0,0.0,0.0
4907,DoS/DDoS,DoS/DDoS,0.0,0.0,0.9979379984441746,0.002062001555825387,0.0
4908,Brute Force,Web Attack,0.0,0.3972184905229888,3.5554519839800734e-05,0.003990101724485654,0.5987558532326858
4909,DoS/DDoS,DoS/DDoS,0.0,0.0,1.0,0.0,0.0
4910,Brute Force,Brute Force,0.0,1.0,0.0,0.0,0.0
4911,DoS/DDoS,DoS/DDoS,0.0,0.0,1.0,0.0,0.0
4912,Brute Force,Brute Force,0.0,1.0,0.0,0.0,0.0
4913,Bot,Bot,0.971431531584476,0.0,3.4949114468774026e-05,0.02853351930105522,0.0
4914,Normal,Normal,0.0,0.0,0.0,1.0,0.0
4915,DoS/DDoS,DoS/DDoS,0.0,0.005276063156447141,0.6903129506010169,0.2779419573544435,0.02646902888809246
4916,Brute Force,Web Attack,0.0,0.30380625312134435,0.00011486624873090395,0.011850218227259474,0.6842286624026653
4917,Brute Force,Brute Force,0.0,1.0,0.0,0.0,0.0
4918,DoS/DDoS,DoS/DDoS,0.0,0.0,1.0,0.0,0.0
4919,Normal,Normal,0.0,0.0,0.0,1.0,0.0
4920,DoS/DDoS,DoS/DDoS,0.0,0.0,1.0,0.0,0.0
4921,DoS/DDoS,DoS/DDoS,0.0,0.0,1.0,0.0,0.0
4922,Normal,Normal,0.0,0.0,0.0,1.0,0.0
4923,DoS/DDoS,DoS/DDoS,0.0,0.0,1.0,0.0,0.0
4924,Brute Force,Brute Force,0.0,1.0,0.0,0.0,0.0
4925,Brute Force,Brute Force,0.0,1.0,0.0,0.0,0.0
4926,Normal,Normal,0.0,0.0,0.0,1.0,0.0
4927,Brute Force,Brute Force,0.0,1.0,0.0,0.0,0.0
4928,Normal,Normal,0.0,0.0,0.0,1.0,0.0
4929,DoS/DDoS,DoS/DDoS,0.0,0.0,1.0,0.0,0.0
4930,DoS/DDoS,DoS/DDoS,0.0,0.0,0.9999946236857931,5.376314206946534e-06,0.0
4931,Normal,Normal,0.0,0.0,0.0,1.0,0.0
4932,Normal,Normal,0.0,0.0019799882118498972,0.014057000679846854,0.9839630111083032,0.0
4933,DoS/DDoS,DoS/DDoS,0.0,0.0,0.9999837280409707,1.6271959029384604e-05,0.0
4934,Normal,Normal,0.0,0.0,0.014861838321875013,0.985138161678125,0.0
4935,DoS/DDoS,DoS/DDoS,0.0,0.0,0.9999897181194723,1.0281880527716808e-05,0.0
4936,DoS/DDoS,DoS/DDoS,0.0,0.0,1.0,0.0,0.0
4937,DoS/DDoS,DoS/DDoS,0.0,0.0,0.9993243933879743,0.0006756066120257074,0.0
4938,Normal,Normal,0.015625338539096572,0.0,0.0018204629962845882,0.9825541984646189,0.0
4939,DoS/DDoS,DoS/DDoS,0.0,0.002653178025987352,0.986608565268996,0.008442848072556061,0.002295408632460484
4940,Normal,Normal,0.0011985092529129538,0.0,0.00016796527129775898,0.9986335254757892,0.0
4941,DoS/DDoS,DoS/DDoS,0.0,0.0,1.0,0.0,0.0
4942,DoS/DDoS,DoS/DDoS,0.0,0.0,1.0,0.0,0.0
4943,Normal,Normal,0.0,0.0021197147223637287,0.0,0.9978802852776363,0.0
4944,Normal,Normal,0.0,0.0,0.0050156527288152085,0.9949843472711848,0.0
4945,DoS/DDoS,DoS/DDoS,0.0,0.0,1.0,0.0,0.0
4946,DoS/DDoS,DoS/DDoS,0.0,0.0,1.0,0.0,0.0
4947,DoS/DDoS,DoS/DDoS,0.0,0.0,1.0,0.0,0.0
4948,DoS/DDoS,DoS/DDoS,0.0023829772758198393,0.0016250349519992546,0.9505765859231198,0.04541540184906106,0.0
4949,DoS/DDoS,DoS/DDoS,0.0,0.0,1.0,0.0,0.0
4950,DoS/DDoS,DoS/DDoS,0.0,0.016185968649941238,0.7130777221747657,0.2636701682202841,0.007066140955009063
4951,Brute Force,Brute Force,0.0,1.0,0.0,0.0,0.0
4952,Normal,Normal,0.0,0.0,0.0,1.0,0.0
4953,Normal,Normal,0.0,0.0,0.0,1.0,0.0
4954,DoS/DDoS,DoS/DDoS,0.0,0.0,1.0,0.0,0.0
4955,Normal,Normal,0.0,0.0,0.0,1.0,0.0
4956,Normal,Normal,0.0,0.0,0.0006228237772976448,0.9993771762227024,0.0
4957,Brute Force,Brute Force,0.0,1.0,0.0,0.0,0.0
4958,Brute Force,Brute Force,0.0,1.0,0.0,0.0,0.0
4959,DoS/DDoS,DoS/DDoS,0.0,0.0,0.9987503133168618,0.0012496866831381815,0.0
4960,Normal,Normal,0.0,0.0,0.0,1.0,0.0
4961,Brute Force,Web Attack,0.0,0.03333075775267916,5.165844966902835e-05,0.0012264115517545268,0.9653911722458974
4962,Normal,Normal,0.0,0.0,0.0,1.0,0.0
4963,Brute Force,Brute Force,0.0,1.0,0.0,0.0,0.0
4964,Normal,Normal,0.0,0.0,0.0,1.0,0.0
4965,Bot,Bot,1.0,0.0,0.0,0.0,0.0
4966,DoS/DDoS,DoS/DDoS,0.0,0.0,1.0,0.0,0.0
4967,Web Attack,Web Attack,0.0,0.15453760968933422,1.25579282007367e-05,0.004055704269093717,0.8413941281133714
4968,Normal,Normal,0.0,0.0,0.0025,0.9975,0.0
4969,Normal,Normal,0.0,0.0,0.0,1.0,0.0
4970,Brute Force,Brute Force,0.0,0.5307141632952779,1.9263023870357705e-05,0.0012045737240134803,0.4680619999568383
4971,Brute Force,Brute Force,0.0,1.0,0.0,0.0,0.0
4972,Web Attack,Web Attack,0.0,0.046545037755205076,0.006590806263309354,0.057801614293191125,0.8890625416882943
4973,Normal,Normal,0.0,0.0,0.0,1.0,0.0
4974,Brute Force,Brute Force,0.0,1.0,0.0,0.0,0.0
4975,Bot,Bot,0.9882657533846739,0.0,1.4450702009829216e-06,0.011732801545125144,0.0
4976,DoS/DDoS,DoS/DDoS,0.0,0.0,0.996669397739147,0.0033306022608530447,0.0
4977,DoS/DDoS,DoS/DDoS,0.0,0.0,1.0,0.0,0.0
4978,Brute Force,Brute Force,0.0,1.0,0.0,0.0,0.0
4979,Normal,Normal,0.0,0.0,0.0,1.0,0.0
4980,Normal,Normal,0.0,0.0,0.0,1.0,0.0
4981,Brute Force,Brute Force,0.0,1.0,0.0,0.0,0.0
4982,Normal,Normal,0.0,0.0,0.0,1.0,0.0
4983,DoS/DDoS,DoS/DDoS,0.0,0.0,1.0,0.0,0.0
4984,DoS/DDoS,DoS/DDoS,0.0,0.0,1.0,0.0,0.0
4985,Normal,Normal,0.004483804870656012,0.0,0.0,0.995516195129344,0.0
4986,DoS/DDoS,DoS/DDoS,0.0,0.001965954415954416,0.8354407027011299,0.16259334288291563,0.0
4987,Normal,Normal,0.0,0.0,0.0,1.0,0.0
4988,Bot,Bot,1.0,0.0,0.0,0.0,0.0
4989,Normal,Normal,0.0,0.032169458446612995,0.00023370678658016838,0.9566323516287648,0.010964483138042049
4990,Brute Force,Brute Force,0.0,1.0,0.0,0.0,0.0
4991,Normal,Normal,0.0,0.0012187410885724603,0.0,0.9987812589114275,0.0
4992,Normal,Normal,0.0,0.018515793360733543,0.0014943990764889478,0.9777379719749719,0.0022518355878056117
4993,DoS/DDoS,DoS/DDoS,0.0,0.003607898221754002,0.9626536613088165,0.028738440469429617,0.005
4994,Normal,Normal,0.0,0.0,0.0,1.0,0.0
4995,DoS/DDoS,DoS/DDoS,0.0,0.0036012663342138954,0.9882424710815854,0.008156262584200744,0.0
4996,DoS/DDoS,DoS/DDoS,0.0,0.0,1.0,0.0,0.0
4997,Bot,Bot,0.9615090132437057,0.0,2.405582131574279e-05,0.03846693093497849,0.0
4998,Bot,Bot,0.9951495462374849,0.0,1.4450702009829216e-06,0.004849008692314216,0.0
4999,Normal,Normal,0.0,0.0,0.0025163088012233057,0.9974836911987767,0.0
5000,Normal,Normal,0.0,0.0,0.0,1.0,0.0
5001,Bot,Bot,1.0,0.0,0.0,0.0,0.0
5002,DoS/DDoS,DoS/DDoS,0.0,0.0,1.0,0.0,0.0
5003,Normal,Normal,0.0,0.0,0.0,1.0,0.0
5004,Normal,Normal,0.0,0.0,0.0,1.0,0.0
5005,Normal,Normal,0.0,0.0,0.0,1.0,0.0
5006,Normal,Normal,0.0,0.0,0.0,1.0,0.0
5007,DoS/DDoS,DoS/DDoS,0.0,0.0,0.9999763103135758,2.3689686424219612e-05,0.0
5008,Normal,Normal,0.0,0.0017887700241806918,7.092851694737114e-05,0.9981403014588719,0.0
5009,Normal,Normal,0.0,0.0,0.0,1.0,0.0
5010,Brute Force,Brute Force,0.0,0.7583118462158797,3.178795025231719e-05,0.0031384933022945327,0.2385178725315734
5011,DoS/DDoS,DoS/DDoS,0.0,0.0,1.0,0.0,0.0
5012,Brute Force,Brute Force,0.0,1.0,0.0,0.0,0.0
5013,Normal,Normal,0.002420731986100951,0.0154986496594837,0.10031035256271381,0.872147346291124,0.009622919500577474
5014,Normal,Normal,0.0,0.0,0.0008301112224927204,0.9991698887775073,0.0
5015,Brute Force,Brute Force,0.0,1.0,0.0,0.0,0.0
5016,Normal,Normal,0.0,0.0012293420642344871,0.014908856756954844,0.9838618011788106,0.0
5017,Brute Force,Brute Force,0.0,1.0,0.0,0.0,0.0
5018,Normal,Normal,0.0,0.0,0.0,1.0,0.0
5019,Brute Force,Brute Force,0.0,0.9446582513161993,0.010938031805114884,0.04153749431175956,0.0028662225669262562
5020,DoS/DDoS,DoS/DDoS,0.0,0.0,1.0,0.0,0.0
5021,Normal,Normal,0.0,0.0,0.032401187251545935,0.967598812748454,0.0
5022,DoS/DDoS,DoS/DDoS,0.0,0.0,1.0,0.0,0.0
5023,DoS/DDoS,DoS/DDoS,0.0,0.0,0.9750158469413818,0.022629536952494696,0.0023546161061235426
5024,Web Attack,Web Attack,0.0,0.4643950617745049,3.53863302309046e-05,0.0029609754897733345,0.5326085764054909
5025,Normal,Normal,0.0,0.0017148998297908937,0.006887552502557904,0.9894115365897076,0.001986011077943512
5026,Normal,Normal,0.0,0.00016624468737895873,0.0023728494112621305,0.9974609059013588,0.0
5027,Normal,Normal,0.0,0.0,0.0,1.0,0.0
5028,DoS/DDoS,DoS/DDoS,0.0,0.0,1.0,0.0,0.0
5029,Normal,Normal,0.011778754765027962,0.0,0.0025,0.9857212452349722,0.0
5030,Brute Force,Brute Force,0.0,1.0,0.0,0.0,0.0
5031,Normal,Normal,0.0,0.0,0.0,1.0,0.0
5032,DoS/DDoS,DoS/DDoS,0.0,0.0,0.9999886336072914,1.1366392708614331e-05,0.0
5033,Normal,Normal,0.0,0.0008008796847796207,0.0,0.9968529102574246,0.0023462100577957886
5034,DoS/DDoS,DoS/DDoS,0.0,0.0,1.0,0.0,0.0
5035,Normal,Normal,0.0,0.0,0.0,1.0,0.0
5036,Normal,Normal,0.0,0.0025,0.0,0.9975,0.0
5037,DoS/DDoS,DoS/DDoS,0.0,0.0,1.0,0.0,0.0
5038,Normal,Normal,0.0,0.0,0.0012506719707558328,0.9964031179714483,0.0023462100577957886
5039,Normal,Normal,0.0,0.0,0.0,1.0,0.0
5040,DoS/DDoS,DoS/DDoS,0.0,0.0,1.0,0.0,0.0
5041,DoS/DDoS,DoS/DDoS,0.0,0.0,1.0,0.0,0.0
5042,DoS/DDoS,DoS/DDoS,0.0,0.002291194884774211,0.9909940235175632,0.006714781597662681,0.0
5043,DoS/DDoS,DoS/DDoS,0.0,0.0038108416416191546,0.9760593997741918,0.017787815123653128,0.0023419434605359887
5044,DoS/DDoS,DoS/DDoS,0.0,0.0,1.0,0.0,0.0
5045,Normal,Normal,0.002282608695652174,0.003885933397816775,0.009466375974626169,0.9796087216374147,0.004756360294490186
5046,Bot,Bot,0.9998647213364916,0.0,1.4450702009829216e-06,0.00013383359330731913,0.0
5047,DoS/DDoS,DoS/DDoS,0.0,0.0,1.0,0.0,0.0
5048,Normal,Normal,0.0,0.04826650000687445,0.007915988866220986,0.9390433692985518,0.004774141828352741
5049,DoS/DDoS,DoS/DDoS,0.0,0.0,1.0,0.0,0.0
5050,Brute Force,Brute Force,0.0,1.0,0.0,0.0,0.0
5051,Normal,Normal,0.01535721599668139,0.0,0.0025,0.9821427840033186,0.0
5052,DoS/DDoS,DoS/DDoS,0.0,0.0,0.9980252408486014,0.0019747591513984775,0.0
5053,Brute Force,Brute Force,0.0,1.0,0.0,0.0,0.0
5054,Brute Force,Brute Force,0.0,0.7310792448510364,0.0013250851314721092,0.13760122410504194,0.1299944459124494
5055,Normal,Normal,0.0,0.0,0.003105113018077462,0.9968948869819225,0.0
5056,Brute Force,Brute Force,0.0,1.0,0.0,0.0,0.0
5057,Brute Force,Brute Force,0.0,1.0,0.0,0.0,0.0
5058,DoS/DDoS,DoS/DDoS,0.0,0.0016357749519027732,0.9950286629122677,0.003335562135829592,0.0
5059,Normal,Normal,0.0,0.0,0.0025,0.9975,0.0
5060,Normal,Normal,0.0,0.0,0.0,1.0,0.0
5061,DoS/DDoS,DoS/DDoS,0.0,0.0,0.9986008403517632,0.0013991596482367127,0.0
5062,Brute Force,Brute Force,0.0,1.0,0.0,0.0,0.0
5063,Web Attack,Web Attack,0.0,0.45008192176923134,1.25579282007367e-05,0.0015741142485828498,0.5483314060539852
5064,DoS/DDoS,DoS/DDoS,0.0,0.0,0.9999897181194723,1.0281880527716808e-05,0.0
5065,DoS/DDoS,DoS/DDoS,0.0,0.0,1.0,0.0,0.0
5066,Normal,Normal,0.0,0.0018391457231952358,0.04858038345211031,0.9413590838224086,0.008221387002285797
5067,DoS/DDoS,DoS/DDoS,0.0,0.0,1.0,0.0,0.0
5068,Normal,Normal,0.0,0.0,0.0,1.0,0.0
5069,Bot,Bot,1.0,0.0,0.0,0.0,0.0
5070,DoS/DDoS,DoS/DDoS,0.0,0.0,1.0,0.0,0.0
5071,Normal,Normal,0.0,0.0007996495061222632,0.00016509115462525322,0.9943642090997582,0.004671050239494337
5072,Normal,Normal,0.03589436890538936,7.662626602382587e-05,0.0,0.9640290048285868,0.0
5073,Normal,Normal,0.0,0.0,0.0,1.0,0.0
5074,DoS/DDoS,DoS/DDoS,0.0,0.0,1.0,0.0,0.0
5075,Brute Force,Brute Force,0.0,0.7308565624375194,0.0013250851314721092,0.13782390651855891,0.1299944459124494
5076,DoS/DDoS,DoS/DDoS,0.0,0.0,1.0,0.0,0.0
5077,Brute Force,Brute Force,0.0,1.0,0.0,0.0,0.0
5078,Normal,Normal,0.0,0.0,0.0,1.0,0.0
5079,Normal,Normal,0.0,0.0,0.0,1.0,0.0
5080,Normal,Normal,0.0,0.0,0.0,1.0,0.0
5081,DoS/DDoS,DoS/DDoS,0.0,0.0,1.0,0.0,0.0
5082,Bot,Bot,0.9819679590697459,0.0,3.8792083567466685e-05,0.0179932488466866,0.0
5083,DoS/DDoS,DoS/DDoS,0.0,0.0,1.0,0.0,0.0
5084,DoS/DDoS,DoS/DDoS,0.0,0.0,0.9999714047472551,2.8595252744989888e-05,0.0
5085,Normal,Normal,0.0,0.0,0.0,1.0,0.0
5086,Normal,Normal,0.0,0.0,0.0,1.0,0.0
5087,Brute Force,Brute Force,0.0,1.0,0.0,0.0,0.0
5088,DoS/DDoS,DoS/DDoS,0.0,0.0,0.999969598059839,3.040194016098469e-05,0.0
5089,Normal,Normal,0.0,0.0,0.0,1.0,0.0
5090,Brute Force,Brute Force,0.0,1.0,0.0,0.0,0.0
5091,Brute Force,Brute Force,0.0,1.0,0.0,0.0,0.0
5092,DoS/DDoS,DoS/DDoS,0.0,0.0,1.0,0.0,0.0
5093,Normal,Normal,0.028191530512500604,0.019619340260348176,0.01585791994927974,0.9363312092778715,0.0
5094,Brute Force,Brute Force,0.0,1.0,0.0,0.0,0.0
5095,DoS/DDoS,DoS/DDoS,0.0,0.0,0.9937449212887869,0.006255078711213127,0.0
5096,Brute Force,Brute Force,0.0,1.0,0.0,0.0,0.0
5097,Bot,Bot,0.9956789519944703,0.0,1.4450702009829216e-06,0.004319602935328718,0.0
5098,DoS/DDoS,DoS/DDoS,0.0,0.0,1.0,0.0,0.0
5099,Normal,Normal,0.014338861784589622,0.0,0.0025196834768442243,0.9831414547385662,0.0
5100,Normal,Normal,0.0,0.0,0.0,1.0,0.0
5101,DoS/DDoS,DoS/DDoS,0.0,0.0,1.0,0.0,0.0
5102,Normal,Normal,0.0,0.0,0.0025,0.9975,0.0
5103,Bot,Bot,0.9998637882033281,0.0,1.4450702009829216e-06,0.00013476672647096523,0.0
5104,DoS/DDoS,DoS/DDoS,0.0,0.0,0.9999460222460584,5.397775394157798e-05,0.0
5105,Normal,Normal,0.0,0.0,0.23283834576007867,0.7671616542399213,0.0
5106,DoS/DDoS,DoS/DDoS,0.0,0.0,0.9999837280409707,1.6271959029384604e-05,0.0
5107,DoS/DDoS,DoS/DDoS,0.0,0.0,1.0,0.0,0.0
5108,Normal,Normal,0.0,0.0,0.0012513799366119438,0.998748620063388,0.0
5109,Brute Force,Brute Force,0.0,1.0,0.0,0.0,0.0
5110,Normal,Normal,0.0,0.0,0.0,1.0,0.0
5111,Brute Force,Brute Force,0.0,1.0,0.0,0.0,0.0
5112,Brute Force,Brute Force,0.0,1.0,0.0,0.0,0.0
5113,Normal,Normal,0.0,0.0,0.0,1.0,0.0
5114,Normal,Normal,0.0,0.0012187410885724603,0.0,0.9987812589114275,0.0
5115,Brute Force,Brute Force,0.0,1.0,0.0,0.0,0.0
5116,Normal,Normal,0.0,0.0,0.0,1.0,0.0
5117,Brute Force,Brute Force,0.0,0.7336285495017625,0.0013250851314721092,0.1371855870953449,0.1278607782714205
5118,DoS/DDoS,DoS/DDoS,0.0,0.0,1.0,0.0,0.0
5119,Normal,Normal,0.0,0.051040518215043115,0.00034560872706052416,0.9234150445876929,0.02519882847020352
5120,Brute Force,Web Attack,0.0,0.22383880281438265,1.4162293260255451e-05,0.0009972895580249324,0.7751497453343321
5121,DoS/DDoS,DoS/DDoS,0.0,0.0,1.0,0.0,0.0
5122,DoS/DDoS,DoS/DDoS,0.0,0.0,1.0,0.0,0.0
5123,DoS/DDoS,DoS/DDoS,0.0,0.0,1.0,0.0,0.0
5124,Normal,Normal,0.0,0.014806207985420617,0.00027211665814738396,0.9810148250782147,0.003906850278217218
5125,DoS/DDoS,DoS/DDoS,0.0,0.0,1.0,0.0,0.0
5126,Normal,Normal,0.0,0.0,0.002929172032826548,0.9970708279671734,0.0
5127,Normal,Normal,0.0,0.0,0.0,1.0,0.0
5128,DoS/DDoS,DoS/DDoS,0.0,0.0,0.9991314506934597,0.000868549306540338,0.0
5129,Normal,Normal,0.0,0.0012187410885724603,0.0,0.9987812589114275,0.0
5130,Brute Force,Brute Force,0.0,1.0,0.0,0.0,0.0
5131,DoS/DDoS,DoS/DDoS,0.0,0.0,1.0,0.0,0.0
5132,Brute Force,Web Attack,0.0,0.060624036953314725,1.25579282007367e-05,0.0007430087070864336,0.9386203964113982
5133,Normal,Normal,0.0,0.0,0.0,1.0,0.0
5134,Brute Force,Brute Force,0.0,1.0,0.0,0.0,0.0
5135,DoS/DDoS,DoS/DDoS,0.0,0.0,1.0,0.0,0.0
5136,DoS/DDoS,DoS/DDoS,0.0,0.0,1.0,0.0,0.0
5137,Normal,Normal,0.0,0.0,0.0,1.0,0.0
5138,Normal,Normal,0.004661864805756035,0.036727215694895364,0.11776715870441161,0.8142276353720302,0.026616125422906617
5139,Brute Force,Brute Force,0.0,1.0,0.0,0.0,0.0
5140,DoS/DDoS,DoS/DDoS,0.0,0.0,0.9970917284959017,0.00290827150409833,0.0
5141,Normal,Normal,0.0,0.007397337146413047,0.002998997637287893,0.9530260686974128,0.036577596518886264
5142,Brute Force,Brute Force,0.0,1.0,0.0,0.0,0.0
5143,DoS/DDoS,DoS/DDoS,0.0,0.0,0.9999837280409707,1.6271959029384604e-05,0.0
5144,Web Attack,Web Attack,0.0,0.14708682692914635,1.25579282007367e-05,0.000744315915370287,0.8521562992272828
5145,DoS/DDoS,DoS/DDoS,0.0,0.0,0.999969598059839,3.040194016098469e-05,0.0
5146,Brute Force,Brute Force,0.0,1.0,0.0,0.0,0.0
5147,Brute Force,Brute Force,0.0,1.0,0.0,0.0,0.0
5148,DoS/DDoS,DoS/DDoS,0.0,0.0,1.0,0.0,0.0
5149,Normal,Normal,0.0,0.0,0.0,1.0,0.0
5150,Bot,Bot,0.9794016145911323,0.0,3.563600946994233e-05,0.020562749399397673,0.0
5151,DoS/DDoS,DoS/DDoS,0.0,0.0,1.0,0.0,0.0
5152,DoS/DDoS,DoS/DDoS,0.0,0.0,1.0,0.0,0.0
5153,Normal,Normal,0.005,0.0,0.0,0.9950000000000001,0.0
5154,DoS/DDoS,DoS/DDoS,0.0,0.0,1.0,0.0,0.0
5155,Brute Force,Brute Force,0.0,1.0,0.0,0.0,0.0
5156,Normal,Normal,0.004357705448032381,0.0002708365048508585,0.019451439644671765,0.973706562736882,0.002213455665563
5157,Normal,Normal,0.0,0.0,0.0,1.0,0.0
5158,Normal,Normal,0.0,0.0,0.006697844433684435,0.9933021555663155,0.0
5159,Normal,Normal,0.0,0.0017148998297908937,0.006887552502557904,0.9894115365897076,0.001986011077943512
5160,Normal,Normal,0.0,0.0036275418630366202,0.0,0.9963724581369633,0.0
5161,Normal,Normal,0.0,0.0,0.0,1.0,0.0
5162,DoS/DDoS,DoS/DDoS,0.0,0.0,1.0,0.0,0.0
5163,DoS/DDoS,DoS/DDoS,0.0,0.0,1.0,0.0,0.0
5164,Normal,Normal,0.0,0.0,0.0,1.0,0.0
5165,DoS/DDoS,DoS/DDoS,0.0,0.0,1.0,0.0,0.0
5166,DoS/DDoS,DoS/DDoS,0.0,0.0,1.0,0.0,0.0
5167,Brute Force,Brute Force,0.0,1.0,0.0,0.0,0.0
5168,Bot,Bot,0.9721205417561007,0.0,2.405582131574279e-05,0.02785540242258345,0.0
5169,Brute Force,Brute Force,0.0,1.0,0.0,0.0,0.0
5170,Bot,Bot,1.0,0.0,0.0,0.0,0.0
5171,DoS/DDoS,DoS/DDoS,0.0,2.0028438609459433e-05,0.9948336960183608,0.0051462755430298195,0.0
5172,DoS/DDoS,DoS/DDoS,0.0,0.0,1.0,0.0,0.0
5173,Normal,Normal,0.0,0.0,0.0,1.0,0.0
5174,Normal,Normal,0.0,0.0,0.0,1.0,0.0
5175,Normal,Normal,0.0,0.0012095665326045857,0.0018787770746055798,0.9969116563927898,0.0
5176,Normal,Bot,0.8406279856267167,0.0,0.00027466239756191504,0.15909735197572136,0.0
5177,DoS/DDoS,DoS/DDoS,0.0,0.0,0.9997960919129155,0.000203908087084543,0.0
5178,Normal,Normal,0.0,0.0,0.0,1.0,0.0
5179,Normal,Normal,0.0,0.021125941482774635,0.00022498420739449368,0.9717108356656394,0.006938238644191418
5180,Normal,Normal,0.0,0.0,0.0,1.0,0.0
5181,Brute Force,Brute Force,0.0,1.0,0.0,0.0,0.0
5182,DoS/DDoS,DoS/DDoS,0.0,0.0,1.0,0.0,0.0
5183,DoS/DDoS,DoS/DDoS,0.0,0.0,1.0,0.0,0.0
5184,Normal,Normal,0.0,0.01974879684482852,0.0001829189002014809,0.9733003582023885,0.006767926052581511
5185,Normal,Normal,0.00800659578879014,0.00433815272318922,0.0076022808081731294,0.9800529706798475,0.0
5186,Brute Force,Brute Force,0.0,1.0,0.0,0.0,0.0
5187,Brute Force,Brute Force,0.0,1.0,0.0,0.0,0.0
5188,DoS/DDoS,DoS/DDoS,0.0,0.0,1.0,0.0,0.0
5189,DoS/DDoS,DoS/DDoS,0.0,0.0,1.0,0.0,0.0
5190,DoS/DDoS,DoS/DDoS,0.0,0.0,1.0,0.0,0.0
5191,Normal,Normal,0.0,0.0,0.0,1.0,0.0
5192,Normal,Normal,0.0,0.0020026948003931035,0.001260026498603452,0.9967372787010035,0.0
5193,Normal,Normal,0.0,0.0,0.0,1.0,0.0
5194,Normal,Normal,0.0,0.0,0.0011664268600672305,0.9988335731399327,0.0
5195,Normal,Normal,0.0,0.0,0.010081655344459095,0.9899183446555408,0.0
5196,DoS/DDoS,DoS/DDoS,0.0,0.0,1.0,0.0,0.0
5197,DoS/DDoS,DoS/DDoS,0.0,0.0,1.0,0.0,0.0
5198,DoS/DDoS,DoS/DDoS,0.0,0.0,1.0,0.0,0.0
5199,DoS/DDoS,DoS/DDoS,0.0,0.0,1.0,0.0,0.0
5200,Brute Force,Brute Force,0.0,1.0,0.0,0.0,0.0
5201,Normal,Normal,0.0002427264401707533,0.0029815914433267447,0.00013856822111432893,0.9959713152908387,0.0006657986045495008
5202,DoS/DDoS,DoS/DDoS,0.0,0.0,0.9995914214646433,0.0004085785353568045,0.0
5203,DoS/DDoS,DoS/DDoS,0.0,0.0,0.9974837280409706,0.002516271959029384,0.0
5204,DoS/DDoS,DoS/DDoS,0.0,0.0,0.9962897599410013,0.0037102400589987183,0.0
5205,Normal,Normal,0.0,0.0,0.0,1.0,0.0
5206,Normal,Bot,0.7399457780909648,0.0,6.471262482795449e-05,0.2599895092842073,0.0
5207,DoS/DDoS,DoS/DDoS,0.0,0.0,1.0,0.0,0.0
5208,DoS/DDoS,DoS/DDoS,0.0,0.0,1.0,0.0,0.0
5209,Brute Force,Web Attack,0.0,0.07070452004869741,1.25579282007367e-05,0.000709256199479676,0.9285736658236224
5210,Brute Force,Brute Force,0.0,1.0,0.0,0.0,0.0
5211,DoS/DDoS,DoS/DDoS,0.0,0.0,0.999943023359281,5.697664071897986e-05,0.0
5212,DoS/DDoS,DoS/DDoS,0.0,0.0,1.0,0.0,0.0
5213,DoS/DDoS,DoS/DDoS,0.0,0.0,1.0,0.0,0.0
5214,Normal,Normal,0.0,0.021943589267810232,0.09349973874594873,0.8750808006418913,0.009475871344349792
5215,DoS/DDoS,DoS/DDoS,0.0,0.0,0.9999684058604776,3.1594139522391764e-05,0.0
5216,Normal,Normal,0.004277509824996109,0.00232188381257204,0.0,0.991370840736603,0.002029765625828895
5217,DoS/DDoS,DoS/DDoS,0.0,0.0,1.0,0.0,0.0
5218,Web Attack,Web Attack,0.0,0.14824366897371027,1.25579282007367e-05,0.000709256199479676,0.8510345168986095
5219,Normal,Normal,0.0,0.0,0.0,1.0,0.0
5220,Brute Force,Brute Force,0.0,0.4897641301253498,0.0026974029119175126,0.06617803322321461,0.4413604337395181
5221,DoS/DDoS,DoS/DDoS,0.0,0.0,1.0,0.0,0.0
5222,Normal,Normal,0.0,0.0016301104843597033,0.0014997421277327296,0.9944536244489631,0.0024165229389444634
5223,DoS/DDoS,DoS/DDoS,0.0,0.0,0.9999837280409707,1.6271959029384604e-05,0.0
5224,Normal,Normal,0.0,0.0,0.0,1.0,0.0
5225,DoS/DDoS,DoS/DDoS,0.0,0.0,1.0,0.0,0.0
5226,Normal,Normal,0.00226945385818561,0.0,0.00525426962537822,0.9924762765164361,0.0
5227,Normal,Normal,0.3065360031356762,0.0,2.7657969453546838e-05,0.6934363388948701,0.0
5228,DoS/DDoS,DoS/DDoS,0.0,0.000192968101100968,0.9973551150812932,0.0014735765247613883,0.0009783402928444298
5229,Bot,Bot,1.0,0.0,0.0,0.0,0.0
5230,Web Attack,Web Attack,0.0,0.249419199260684,1.25579282007367e-05,0.000744315915370287,0.7498239268957452
5231,DoS/DDoS,DoS/DDoS,0.0,0.0,1.0,0.0,0.0
5232,Normal,Normal,0.0,0.021666696287119848,0.00022498420739449368,0.9711700808612942,0.006938238644191418
5233,Normal,Normal,0.0,0.0,0.0,1.0,0.0
5234,DoS/DDoS,DoS/DDoS,0.0,0.0,1.0,0.0,0.0
5235,DoS/DDoS,DoS/DDoS,0.0,0.0,0.9977954711741632,0.0022045288258366936,0.0
5236,DoS/DDoS,DoS/DDoS,0.0,0.0,1.0,0.0,0.0
5237,Normal,Normal,0.0025,0.03894853421564453,0.0020906778340145787,0.9541200983876901,0.0023406895626509254
5238,DoS/DDoS,DoS/DDoS,0.0,0.0,1.0,0.0,0.0
5239,Normal,Normal,0.0,0.005521173972851864,0.0002078807368309635,0.9892956633756411,0.004975281914676063
5240,Normal,Normal,0.0,0.0,0.0,1.0,0.0
5241,DoS/DDoS,DoS/DDoS,0.0,0.0,1.0,0.0,0.0
5242,DoS/DDoS,DoS/DDoS,0.0,0.003259587302626713,0.9586652445867772,0.03565556943000248,0.0024195986805937326
5243,Brute Force,Brute Force,0.0,1.0,0.0,0.0,0.0
5244,Brute Force,Brute Force,0.0,1.0,0.0,0.0,0.0
5245,Normal,Normal,0.0,0.0,0.0018682971958251748,0.9981317028041748,0.0
5246,Normal,Normal,0.0,0.0025,0.004912124284229562,0.9925878757157703,0.0
5247,Normal,Normal,0.0,0.0,0.0,1.0,0.0
5248,DoS/DDoS,DoS/DDoS,0.0,0.0,1.0,0.0,0.0
5249,DoS/DDoS,DoS/DDoS,0.0,0.0,1.0,0.0,0.0
5250,Normal,Normal,0.0,0.0,0.00637999134407019,0.9936200086559298,0.0
5251,Normal,Normal,0.0,0.0,0.0,1.0,0.0
5252,DoS/DDoS,DoS/DDoS,0.0,0.0,0.9999668162769407,3.3183723059252104e-05,0.0
5253,DoS/DDoS,DoS/DDoS,0.0,0.0,1.0,0.0,0.0
5254,Normal,Normal,0.0,0.0,0.0,1.0,0.0
5255,Brute Force,Brute Force,0.0,0.7754033836923471,3.223540519108048e-05,0.005595729794349344,0.21896865110811245
5256,Brute Force,Brute Force,0.0,0.8922057119582367,0.0002490329484864994,0.03968385727155343,0.06786139782172336
5257,Normal,Normal,0.004007263892658639,0.0,0.0,0.9959927361073414,0.0
5258,DoS/DDoS,DoS/DDoS,0.0,0.0,1.0,0.0,0.0
5259,Normal,Normal,0.0,0.0,0.0,1.0,0.0
5260,DoS/DDoS,DoS/DDoS,0.0,0.0,1.0,0.0,0.0
5261,DoS/DDoS,DoS/DDoS,0.0,0.0,1.0,0.0,0.0
5262,Normal,Normal,0.0,0.0,0.0,1.0,0.0
5263,Bot,Bot,0.9816086025559911,0.0,6.273576523349022e-05,0.018328661678775338,0.0
5264,Normal,Normal,0.0,0.0,0.0,1.0,0.0
5265,DoS/DDoS,DoS/DDoS,0.0,0.0,0.9999897181194723,1.0281880527716808e-05,0.0
5266,Brute Force,Brute Force,0.0,1.0,0.0,0.0,0.0
5267,Normal,Normal,0.0,0.0,0.0,1.0,0.0
5268,DoS/DDoS,DoS/DDoS,0.0,0.0,1.0,0.0,0.0
5269,DoS/DDoS,DoS/DDoS,0.0,0.0,1.0,0.0,0.0
5270,DoS/DDoS,DoS/DDoS,0.0,0.0,1.0,0.0,0.0
5271,Normal,Normal,0.0,0.0,0.0,1.0,0.0
5272,DoS/DDoS,DoS/DDoS,0.0,0.0,1.0,0.0,0.0
5273,Normal,Normal,0.0,0.0,0.0,1.0,0.0
5274,Bot,Bot,0.9817936464425903,0.0,4.1142482750476326e-05,0.018165211074659383,0.0
5275,DoS/DDoS,DoS/DDoS,0.0,0.0,1.0,0.0,0.0
5276,DoS/DDoS,DoS/DDoS,0.0,0.0,0.9983716518440009,0.001628348155999138,0.0
5277,Brute Force,Brute Force,0.0,1.0,0.0,0.0,0.0
5278,DoS/DDoS,DoS/DDoS,0.0,0.0,0.9999837280409707,1.6271959029384604e-05,0.0
5279,DoS/DDoS,DoS/DDoS,0.0,0.0,1.0,0.0,0.0
5280,Normal,Normal,0.0,0.0,0.0,1.0,0.0
5281,Normal,Normal,0.0,0.0,0.0,1.0,0.0
5282,Normal,Normal,0.0,0.0,0.0,1.0,0.0
5283,DoS/DDoS,DoS/DDoS,0.0,0.0027593797179247224,0.9540536517262209,0.04318696855585432,0.0
5284,Brute Force,Brute Force,0.0,1.0,0.0,0.0,0.0
5285,DoS/DDoS,DoS/DDoS,0.0,0.0,1.0,0.0,0.0
5286,Normal,Normal,0.0,0.012409081096138341,0.00022238290314808567,0.9811537576094802,0.006214778391233461
5287,Normal,Normal,0.0,0.0,0.014373772194100357,0.9856262278058996,0.0
5288,DoS/DDoS,DoS/DDoS,0.0,0.0,1.0,0.0,0.0
5289,DoS/DDoS,DoS/DDoS,0.0,0.0,1.0,0.0,0.0
5290,Normal,Normal,0.0,0.0009713962643437473,0.0025,0.9941747282591633,0.0023538754764930118
5291,Normal,Normal,0.0,0.0,0.0,1.0,0.0
5292,Brute Force,Brute Force,0.0,1.0,0.0,0.0,0.0
5293,DoS/DDoS,DoS/DDoS,0.0,0.0008531739364402641,0.9922712481433886,0.002750234074979676,0.00412534384519145
5294,Normal,Normal,0.0,0.0,0.0,1.0,0.0
5295,Normal,Normal,0.011970134265034373,0.005,0.04216642241669613,0.9408634433182694,0.0
5296,Normal,Normal,0.0,0.0,0.0,1.0,0.0
5297,Web Attack,Web Attack,0.0,0.16191221485730597,1.0456903281202048e-05,0.000750866818362947,0.83732646142105
5298,Brute Force,Brute Force,0.0,0.8508500943136141,7.653176750507167e-05,0.0015400552241731317,0.14753331869470757
5299,DoS/DDoS,DoS/DDoS,0.0,0.0164649844127669,0.7257850362970534,0.23695659527890606,0.020793384011273796
5300,Bot,Bot,1.0,0.0,0.0,0.0,0.0
5301,Normal,Normal,0.0,0.0,0.0,1.0,0.0
5302,Normal,Normal,0.0,0.0,0.0016687330209408774,0.998331266979059,0.0
5303,Normal,Normal,0.016385558565217673,0.005070450851121676,0.0126199109580095,0.9635029115900113,0.002421168035639705
5304,Normal,Normal,0.0,0.0,0.0,1.0,0.0
5305,DoS/DDoS,DoS/DDoS,0.0,0.0,1.0,0.0,0.0
5306,Normal,Normal,0.0,0.0,0.0,1.0,0.0
5307,Normal,Normal,0.004549315149270178,0.0,0.04396604588962985,0.9514846389610999,0.0
5308,Normal,Normal,0.0,0.0,0.0,1.0,0.0
5309,Normal,Normal,0.0,0.0,0.0,1.0,0.0
5310,DoS/DDoS,DoS/DDoS,0.0,0.0,1.0,0.0,0.0
5311,Normal,Normal,0.0,0.027516498483551994,0.00044786368107769295,0.9640841719480037,0.007951465887366574
5312,Brute Force,Brute Force,0.0,1.0,0.0,0.0,0.0
5313,DoS/DDoS,DoS/DDoS,0.0,0.0,1.0,0.0,0.0
5314,Normal,Normal,0.0,0.034564692100250066,0.0005190033556576349,0.9185346039553384,0.04638170058875399
5315,Normal,Normal,0.0,0.0,0.0,1.0,0.0
5316,Normal,Normal,0.009281520192407262,0.0,0.0016741634537579134,0.9890443163538348,0.0
5317,DoS/DDoS,DoS/DDoS,0.0,0.0,1.0,0.0,0.0
5318,DoS/DDoS,DoS/DDoS,0.0,0.0,1.0,0.0,0.0
5319,Bot,Bot,0.9819679590697459,0.0,3.8792083567466685e-05,0.0179932488466866,0.0
5320,Bot,Bot,1.0,0.0,0.0,0.0,0.0
5321,Brute Force,Brute Force,0.0,1.0,0.0,0.0,0.0
5322,DoS/DDoS,DoS/DDoS,0.0,0.0,1.0,0.0,0.0
5323,Normal,Normal,0.0,0.034206504279574994,0.0004316354156106525,0.9508314993396877,0.01453036096512656
5324,Brute Force,Brute Force,0.0,1.0,0.0,0.0,0.0
5325,DoS/DDoS,DoS/DDoS,0.0,0.0,0.9999886336072914,1.1366392708614331e-05,0.0
5326,Normal,Normal,0.0,0.011307388397941997,0.00014939584763928285,0.9872269196122203,0.0013162961421985479
5327,DoS/DDoS,DoS/DDoS,0.0,0.00021209331538452002,0.9950005648360263,0.0016215859529877274,0.003165755895601417
5328,Bot,Bot,0.9794016145911323,0.0,3.563600946994233e-05,0.020562749399397673,0.0
5329,DoS/DDoS,DoS/DDoS,0.0,0.0,1.0,0.0,0.0
5330,Normal,Normal,0.0,0.0,0.0,1.0,0.0
5331,DoS/DDoS,DoS/DDoS,0.0,0.0,0.9779865668484671,0.019592265115893195,0.002421168035639705
5332,Brute Force,Brute Force,0.0,1.0,0.0,0.0,0.0
5333,Brute Force,Web Attack,0.0,0.2792435760581143,1.25579282007367e-05,0.001919956629374555,0.7188239093843106
5334,DoS/DDoS,DoS/DDoS,0.0,0.0,1.0,0.0,0.0
5335,Brute Force,Brute Force,0.0,1.0,0.0,0.0,0.0
5336,DoS/DDoS,DoS/DDoS,0.0,0.0,0.9993780316625505,0.0006219683374495833,0.0
5337,Normal,Normal,0.0,0.0,0.0,1.0,0.0
5338,DoS/DDoS,DoS/DDoS,0.0,0.0,1.0,0.0,0.0
5339,Normal,Normal,0.12888981227763519,0.0,0.003867223179342064,0.8672429645430225,0.0
5340,DoS/DDoS,DoS/DDoS,0.0,0.0,1.0,0.0,0.0
5341,Brute Force,Brute Force,0.0,1.0,0.0,0.0,0.0
5342,DoS/DDoS,DoS/DDoS,0.0,0.0,1.0,0.0,0.0
5343,Normal,Normal,0.0,0.0,0.0,1.0,0.0
5344,Brute Force,Brute Force,0.0,0.908792548317709,0.01120672393464877,0.08000072774764233,0.0
5345,Normal,Normal,0.0,0.006853467900727549,0.19602680691239713,0.7829083363732401,0.014211388813635378
5346,Bot,Bot,0.9818089243969492,0.0,4.1142482750476326e-05,0.018149933120300367,0.0
5347,Normal,Normal,0.0,0.0,0.0,1.0,0.0
5348,Normal,Normal,0.0,0.001979224840835474,0.0,0.9980207751591645,0.0
5349,DoS/DDoS,DoS/DDoS,0.0,0.0,1.0,0.0,0.0
5350,DoS/DDoS,DoS/DDoS,0.0,0.0,1.0,0.0,0.0
5351,Bot,Bot,0.9998958566038416,0.0,1.4450702009829216e-06,0.00010269832595742126,0.0
5352,Normal,Normal,0.0,0.0,0.0,1.0,0.0
5353,DoS/DDoS,DoS/DDoS,0.0,0.000192968101100968,0.997512216211106,0.0013164753949485716,0.0009783402928444298
5354,Normal,Normal,0.0025,0.0037093204219263358,0.004172940870285124,0.979781932611802,0.009835806095986459
5355,Web Attack,Web Attack,0.0,0.49563763116009085,1.25579282007367e-05,0.0008478503305830995,0.5035019605811255
5356,Normal,Normal,0.0,0.0,0.0,1.0,0.0
5357,Brute Force,Brute Force,0.0,1.0,0.0,0.0,0.0
5358,DoS/DDoS,DoS/DDoS,0.0,0.0,1.0,0.0,0.0
5359,Brute Force,Brute Force,0.0,1.0,0.0,0.0,0.0
5360,Normal,Normal,0.0,0.0,0.0,1.0,0.0
5361,Normal,Normal,0.0,0.0,0.0,1.0,0.0
5362,Brute Force,Brute Force,0.0,1.0,0.0,0.0,0.0
5363,DoS/DDoS,DoS/DDoS,0.0,0.000192968101100968,0.997512216211106,0.0013164753949485716,0.0009783402928444298
5364,Normal,Normal,0.0,0.0,0.0,1.0,0.0
5365,DoS/DDoS,DoS/DDoS,0.0,0.0,1.0,0.0,0.0
5366,DoS/DDoS,DoS/DDoS,0.0,0.0,1.0,0.0,0.0
5367,DoS/DDoS,DoS/DDoS,0.0,0.0,1.0,0.0,0.0
5368,DoS/DDoS,DoS/DDoS,0.0,0.0,1.0,0.0,0.0
5369,DoS/DDoS,DoS/DDoS,0.0,0.0,1.0,0.0,0.0
5370,Normal,Normal,0.024559660164511547,0.0,0.003743032230400915,0.9716973076050875,0.0
5371,Normal,Normal,0.0,0.0,0.0,1.0,0.0
5372,DoS/DDoS,DoS/DDoS,0.0,0.0,1.0,0.0,0.0
5373,DoS/DDoS,DoS/DDoS,0.0,0.0016456779700764505,0.9908264043198816,0.007527917710042058,0.0
5374,DoS/DDoS,DoS/DDoS,0.0,0.0,0.9999837280409707,1.6271959029384604e-05,0.0
5375,Normal,Normal,0.0,0.0,0.0,1.0,0.0
5376,DoS/DDoS,DoS/DDoS,0.0,0.0,0.9999837280409707,1.6271959029384604e-05,0.0
5377,DoS/DDoS,DoS/DDoS,0.0,0.0,1.0,0.0,0.0
5378,Brute Force,Brute Force,0.0,1.0,0.0,0.0,0.0
5379,DoS/DDoS,DoS/DDoS,0.0,0.0,1.0,0.0,0.0
5380,Brute Force,Web Attack,0.0,0.11759146395163017,1.25579282007367e-05,0.0007287462114860444,0.8816672319086833
5381,Brute Force,Brute Force,0.0,1.0,0.0,0.0,0.0
5382,DoS/DDoS,DoS/DDoS,0.0,0.0,1.0,0.0,0.0
5383,DoS/DDoS,DoS/DDoS,0.0,0.0,1.0,0.0,0.0
5384,Web Attack,Web Attack,0.0,0.3538326834876516,1.25579282007367e-05,0.0007412458909937878,0.6454135126931541
5385,Brute Force,Brute Force,0.0,1.0,0.0,0.0,0.0
5386,Brute Force,Brute Force,0.0,1.0,0.0,0.0,0.0
5387,Normal,Normal,0.0,0.0,0.0,1.0,0.0
5388,Brute Force,Brute Force,0.0,1.0,0.0,0.0,0.0
5389,DoS/DDoS,DoS/DDoS,0.0,0.0,0.9999460222460584,5.397775394157798e-05,0.0
5390,Normal,Normal,0.0,0.04734831057760217,0.0004079154505533677,0.9387140947581403,0.013529679213704078
5391,Normal,Normal,0.0,0.0,0.0,0.9975829889807163,0.0024170110192837466
5392,DoS/DDoS,DoS/DDoS,0.0,0.0,1.0,0.0,0.0
5393,DoS/DDoS,DoS/DDoS,0.0,0.0,1.0,0.0,0.0
5394,Normal,Normal,0.2990704688030486,0.0,8.737857942733781e-06,0.7009207933390085,0.0
5395,Normal,Normal,0.0,0.0,0.0,1.0,0.0
5396,Normal,Normal,0.0,0.0,0.0,1.0,0.0
5397,DoS/DDoS,DoS/DDoS,0.0,0.0,1.0,0.0,0.0
5398,Normal,Normal,0.0,0.0,0.0,1.0,0.0
5399,Normal,Normal,0.0,0.0,0.0,1.0,0.0
5400,Normal,Normal,0.0,0.0,0.0,1.0,0.0
5401,Bot,Bot,0.9817771486885631,0.0,4.1142482750476326e-05,0.01818170882868641,0.0
5402,DoS/DDoS,DoS/DDoS,0.0,0.0,1.0,0.0,0.0
5403,Brute Force,Brute Force,0.0,1.0,0.0,0.0,0.0
5404,Normal,Normal,0.0,0.0,0.0,1.0,0.0
5405,Normal,Normal,0.0,0.0075,0.0,0.9924999999999999,0.0
5406,Brute Force,Brute Force,0.0,1.0,0.0,0.0,0.0
5407,DoS/DDoS,DoS/DDoS,0.0,0.0,1.0,0.0,0.0
5408,DoS/DDoS,DoS/DDoS,0.0,0.07124357156634531,0.6921020195918435,0.15722146226648964,0.07943294657532163
5409,Normal,Normal,0.0,0.0,0.0,1.0,0.0
5410,Brute Force,Brute Force,0.0,1.0,0.0,0.0,0.0
5411,Brute Force,Brute Force,0.0,1.0,0.0,0.0,0.0
5412,Brute Force,Brute Force,0.0,1.0,0.0,0.0,0.0
5413,Normal,Normal,0.0,0.0,0.0,1.0,0.0
5414,DoS/DDoS,DoS/DDoS,0.0,0.0,0.9954907871162981,0.004509212883701837,0.0
5415,DoS/DDoS,DoS/DDoS,0.0,0.0,1.0,0.0,0.0
5416,Normal,Normal,0.0,0.0,0.0,1.0,0.0
5417,DoS/DDoS,DoS/DDoS,0.0,0.0,0.9999684058604776,3.1594139522391764e-05,0.0
5418,Brute Force,Brute Force,0.0,0.5213538745722472,1.9263023870357705e-05,0.0024929103765298152,0.4761339520273528
5419,Brute Force,Brute Force,0.0,1.0,0.0,0.0,0.0
5420,Normal,Normal,0.0,0.0,0.0,1.0,0.0
5421,Normal,Normal,0.0,0.0,0.006306776587501383,0.9936932234124987,0.0
5422,Normal,Normal,0.0,0.0,0.0033238797095143362,0.9966761202904857,0.0
5423,Normal,Normal,0.0,0.0,0.0,1.0,0.0
5424,DoS/DDoS,DoS/DDoS,0.0,0.0,1.0,0.0,0.0
5425,Normal,Normal,0.0,0.0,0.0,1.0,0.0
5426,DoS/DDoS,DoS/DDoS,0.0,0.0,1.0,0.0,0.0
5427,DoS/DDoS,DoS/DDoS,0.0,0.00021209331538452002,0.9941635059565438,0.0024586448324702736,0.003165755895601417
5428,Normal,Normal,0.30242332493791346,0.0,1.396789262938335e-05,0.697562707169457,0.0
5429,DoS/DDoS,DoS/DDoS,0.0,0.0,1.0,0.0,0.0
5430,DoS/DDoS,DoS/DDoS,0.0,0.0,0.9999837280409707,1.6271959029384604e-05,0.0
5431,Brute Force,Web Attack,0.0,0.3765982141111951,1.25579282007367e-05,0.0007044855414987521,0.6226847424191057
5432,DoS/DDoS,DoS/DDoS,0.0,0.0,1.0,0.0,0.0
5433,DoS/DDoS,DoS/DDoS,0.0,0.0,1.0,0.0,0.0
5434,Bot,Bot,0.9999349373323629,0.0,1.4450702009829216e-06,6.361759743604334e-05,0.0
5435,Brute Force,Brute Force,0.0,1.0,0.0,0.0,0.0
5436,Web Attack,Web Attack,0.0,0.15546335871146377,1.4162293260255451e-05,0.0007816497772364684,0.8437408292180395
5437,Normal,Normal,0.0,0.0,0.0,1.0,0.0
5438,Normal,Normal,0.0,0.0,0.007994179049498335,0.9920058209505016,0.0
5439,Brute Force,Brute Force,0.0,1.0,0.0,0.0,0.0
5440,DoS/DDoS,DoS/DDoS,0.0,0.0,0.9999897181194723,1.0281880527716808e-05,0.0
5441,Brute Force,Brute Force,0.0,1.0,0.0,0.0,0.0
5442,DoS/DDoS,DoS/DDoS,0.0,2.0028438609459433e-05,0.9955535400096981,0.004426431551692459,0.0
5443,DoS/DDoS,DoS/DDoS,0.0,0.0,1.0,0.0,0.0
5444,Bot,Bot,1.0,0.0,0.0,0.0,0.0
5445,Brute Force,Brute Force,0.0,1.0,0.0,0.0,0.0
5446,DoS/DDoS,DoS/DDoS,0.0,0.0,1.0,0.0,0.0
5447,Normal,Normal,0.0,0.0,0.0,1.0,0.0
5448,Normal,Normal,0.0,0.0,0.0,1.0,0.0
5449,DoS/DDoS,DoS/DDoS,0.0,0.0,1.0,0.0,0.0
5450,DoS/DDoS,DoS/DDoS,0.0,0.00035293354362860024,0.8907823478185721,0.10788637834495472,0.0009783402928444298
5451,DoS/DDoS,DoS/DDoS,0.0,0.0,1.0,0.0,0.0
5452,DoS/DDoS,DoS/DDoS,0.0,0.0,1.0,0.0,0.0
5453,DoS/DDoS,DoS/DDoS,0.0,0.0,1.0,0.0,0.0
5454,Brute Force,Web Attack,0.0,0.10578011734295702,1.25579282007367e-05,0.0015814054903565387,0.892625919238486
5455,Normal,Normal,0.0,0.0,0.0,1.0,0.0
5456,DoS/DDoS,DoS/DDoS,0.0,0.0,1.0,0.0,0.0
5457,Normal,Normal,0.0,0.0,0.0,1.0,0.0
5458,Brute Force,Brute Force,0.0,0.5282296816360683,0.0024547486496436575,0.052046116049315486,0.4172694536649725
5459,Brute Force,Brute Force,0.0,1.0,0.0,0.0,0.0
5460,DoS/DDoS,DoS/DDoS,0.0,0.0,1.0,0.0,0.0
5461,Normal,Normal,0.0,0.0,0.0,1.0,0.0
5462,Brute Force,Brute Force,0.0,1.0,0.0,0.0,0.0
5463,DoS/DDoS,DoS/DDoS,0.0,0.0,1.0,0.0,0.0
5464,DoS/DDoS,DoS/DDoS,0.0,0.0,1.0,0.0,0.0
5465,DoS/DDoS,DoS/DDoS,0.0,0.0,0.9999714047472551,2.8595252744989888e-05,0.0
5466,Brute Force,Brute Force,0.0,1.0,0.0,0.0,0.0
5467,Normal,Normal,0.0025,0.0,0.001998025157772721,0.9955019748422274,0.0
5468,Brute Force,Brute Force,0.0,1.0,0.0,0.0,0.0
5469,DoS/DDoS,DoS/DDoS,0.0,0.0,1.0,0.0,0.0
5470,DoS/DDoS,DoS/DDoS,0.0,0.0,0.9975,0.0025,0.0
5471,DoS/DDoS,DoS/DDoS,0.0,0.0,0.9999714047472551,2.8595252744989888e-05,0.0
5472,Brute Force,Brute Force,0.0,1.0,0.0,0.0,0.0
5473,Brute Force,Brute Force,0.0,1.0,0.0,0.0,0.0
5474,DoS/DDoS,DoS/DDoS,0.0,0.0,0.9999714047472551,2.8595252744989888e-05,0.0
5475,DoS/DDoS,DoS/DDoS,0.0,0.053481317866465095,0.7769523099762623,0.0828083229186595,0.08675804923861309
5476,DoS/DDoS,DoS/DDoS,0.0,0.0,0.9999897181194723,1.0281880527716808e-05,0.0
5477,Normal,Normal,0.0,0.0,0.0,1.0,0.0
5478,DoS/DDoS,DoS/DDoS,0.0,0.0,1.0,0.0,0.0
5479,Brute Force,Brute Force,0.0,0.8889595444519022,0.0005856997799363029,0.042173928779341244,0.06828082698882025
5480,DoS/DDoS,DoS/DDoS,0.0,0.028646991434608873,0.8946506773113917,0.05555968001003778,0.021142651243961655
5481,DoS/DDoS,DoS/DDoS,0.0,0.0,1.0,0.0,0.0
5482,Normal,Normal,0.0,0.0,0.0,1.0,0.0
5483,Brute Force,Brute Force,0.0,1.0,0.0,0.0,0.0
5484,DoS/DDoS,DoS/DDoS,0.0,0.0,1.0,0.0,0.0
5485,DoS/DDoS,DoS/DDoS,0.0,0.0,0.9999837280409707,1.6271959029384604e-05,0.0
5486,DoS/DDoS,DoS/DDoS,0.0,0.0,1.0,0.0,0.0
5487,Normal,Normal,0.0,0.0,0.0,1.0,0.0
5488,Normal,Normal,0.0,0.0,0.0,1.0,0.0
5489,Brute Force,Brute Force,0.0,1.0,0.0,0.0,0.0
5490,DoS/DDoS,DoS/DDoS,0.0,0.0,0.9999460222460584,5.397775394157798e-05,0.0
5491,DoS/DDoS,DoS/DDoS,0.0,0.0,1.0,0.0,0.0
5492,DoS/DDoS,DoS/DDoS,0.0,0.0,0.9970426220005852,0.0029573779994147686,0.0
5493,Normal,Normal,0.04619703927564964,0.010032975062767461,0.0451248996400931,0.8986450860214898,0.0
5494,DoS/DDoS,DoS/DDoS,0.0,0.0,1.0,0.0,0.0
5495,DoS/DDoS,DoS/DDoS,0.0,0.0,1.0,0.0,0.0
5496,DoS/DDoS,DoS/DDoS,0.0,0.0,1.0,0.0,0.0
5497,Normal,Normal,0.0,0.0,0.0,1.0,0.0
5498,DoS/DDoS,DoS/DDoS,0.0,0.0,0.9999668162769407,3.3183723059252104e-05,0.0
5499,Normal,Normal,0.0,0.0,0.0,1.0,0.0
5500,Normal,Normal,0.0,0.0,0.0,1.0,0.0
5501,DoS/DDoS,DoS/DDoS,0.0,0.0,0.9999714047472551,2.8595252744989888e-05,0.0
5502,Brute Force,Brute Force,0.0,1.0,0.0,0.0,0.0
5503,Brute Force,Brute Force,0.0,1.0,0.0,0.0,0.0
5504,Normal,Normal,0.0025,0.00411649643928036,0.008383591443546017,0.9849999121171735,0.0
5505,Normal,Normal,0.0,0.0,0.0,1.0,0.0
5506,Brute Force,Web Attack,0.0,0.4732321807382466,2.0543926530199344e-05,0.002071049009670179,0.5246762263255531
5507,Bot,Bot,0.9787058218843152,0.0,3.4949114468774026e-05,0.021259229001215876,0.0
5508,Normal,Normal,0.00704564927712416,0.051237542572740546,0.021069002505111598,0.8498227930161897,0.07082501262883399
5509,Normal,Normal,0.0,0.004494446091798034,0.052185040660177984,0.8714169446392469,0.071903568608777
5510,DoS/DDoS,DoS/DDoS,0.0,0.0,1.0,0.0,0.0
5511,Normal,Normal,0.0,0.0,0.0,1.0,0.0
5512,Normal,Normal,0.0,0.0,0.0,1.0,0.0
5513,Brute Force,Web Attack,0.0,0.27571347830150583,1.25579282007367e-05,0.0007059792366710114,0.7235679845336225
5514,DoS/DDoS,DoS/DDoS,0.0,0.0,0.9999837280409707,1.6271959029384604e-05,0.0
5515,DoS/DDoS,DoS/DDoS,0.0,0.0,1.0,0.0,0.0
5516,DoS/DDoS,DoS/DDoS,0.0,0.0,1.0,0.0,0.0
5517,Normal,Normal,0.0,0.0,0.0,1.0,0.0
5518,DoS/DDoS,DoS/DDoS,0.0,0.0,1.0,0.0,0.0
5519,Normal,Normal,0.0,0.03998800531802383,0.0005499075409434848,0.9126259150821538,0.04683617205887879
5520,Brute Force,Brute Force,0.0,1.0,0.0,0.0,0.0
5521,Bot,Bot,0.9962592759613341,0.0,1.4450702009829216e-06,0.0037392789684649454,0.0
5522,Normal,Normal,0.0,0.0,0.0,1.0,0.0
5523,Normal,Normal,0.02519907984190215,0.0,0.005446773888672809,0.9693541462694251,0.0
5524,Normal,Normal,0.0,0.030910535030980908,0.00023370678658016838,0.9578912750443969,0.010964483138042049
5525,Web Attack,Web Attack,0.0,0.24961186345023034,1.25579282007367e-05,0.0008379549265858855,0.7495376236949831
5526,Normal,Normal,0.0,0.0,0.0,1.0,0.0
5527,Normal,Normal,0.11901078574490953,0.0,0.04734210749079308,0.8336471067642972,0.0
5528,DoS/DDoS,DoS/DDoS,0.0,0.0,1.0,0.0,0.0
5529,Normal,Normal,0.0,0.019274615394138637,0.12777856791101935,0.8407163182327233,0.012230498462118537
5530,DoS/DDoS,DoS/DDoS,0.0,0.0,1.0,0.0,0.0
5531,Normal,Normal,0.0013858681992540167,0.006432035258498859,0.0,0.9883861584897818,0.0037959380524652865
5532,Brute Force,Brute Force,0.0,1.0,0.0,0.0,0.0
5533,Normal,Normal,0.0,0.0,0.0,1.0,0.0
5534,DoS/DDoS,DoS/DDoS,0.0,0.0,1.0,0.0,0.0
5535,Normal,Normal,0.0,0.001330560670518763,0.003669439329481237,0.9950000000000001,0.0
5536,Brute Force,Brute Force,0.0,1.0,0.0,0.0,0.0
5537,Brute Force,Brute Force,0.0,1.0,0.0,0.0,0.0
5538,DoS/DDoS,DoS/DDoS,0.0,0.0,1.0,0.0,0.0
5539,Brute Force,Brute Force,0.0,1.0,0.0,0.0,0.0
5540,DoS/DDoS,DoS/DDoS,0.0,0.03429670001987315,0.9173242701581411,0.0442442848157734,0.004134745006212374
5541,Normal,Normal,0.0,0.0,0.0,1.0,0.0
5542,Brute Force,Brute Force,0.0,1.0,0.0,0.0,0.0
5543,Brute Force,Brute Force,0.0,1.0,0.0,0.0,0.0
5544,DoS/DDoS,DoS/DDoS,0.0,0.0,1.0,0.0,0.0
5545,Normal,Normal,0.0,0.0,0.0,1.0,0.0
5546,Normal,Normal,0.0,0.0,0.0,1.0,0.0
5547,Brute Force,Brute Force,0.0,0.5046562319311002,1.25579282007367e-05,0.0007603610472688453,0.4945708490934303
5548,Bot,Bot,0.9998742314038664,0.0,1.4450702009829216e-06,0.00012432352593260798,0.0
5549,DoS/DDoS,DoS/DDoS,0.0,0.0,1.0,0.0,0.0
5550,DoS/DDoS,DoS/DDoS,0.0,0.0,1.0,0.0,0.0
5551,DoS/DDoS,DoS/DDoS,0.0,0.0,1.0,0.0,0.0
5552,DoS/DDoS,DoS/DDoS,0.0,0.0,0.9999946236857931,5.376314206946534e-06,0.0
5553,Normal,Normal,0.0,0.0,0.0,1.0,0.0
5554,Brute Force,Brute Force,0.0,0.9395358345155631,0.0005484483206309535,0.0249191311983619,0.03499658596544403
5555,Normal,Normal,0.0,0.021432328319320758,0.00022498420739449368,0.9714044488290933,0.006938238644191418
5556,Normal,Normal,0.0,0.0,0.0,1.0,0.0
5557,Normal,Normal,0.0,0.0,0.0,1.0,0.0
5558,DoS/DDoS,DoS/DDoS,0.0,0.0,1.0,0.0,0.0
5559,Brute Force,Brute Force,0.0,1.0,0.0,0.0,0.0
5560,Normal,Normal,0.0024845597650071556,0.01009334416907498,3.730552543276525e-05,0.9856634353198193,0.0017213552206659074
5561,DoS/DDoS,DoS/DDoS,0.0,0.0,1.0,0.0,0.0
5562,DoS/DDoS,DoS/DDoS,0.0,0.0,1.0,0.0,0.0
5563,Normal,Normal,0.0,0.0,0.0,1.0,0.0
5564,Brute Force,Brute Force,0.0,0.8807657189800754,0.045172935292612786,0.05777568320192157,0.01628566252539023
5565,Normal,Normal,0.0,0.0,0.0,1.0,0.0
5566,DoS/DDoS,DoS/DDoS,0.0,0.0,1.0,0.0,0.0
5567,DoS/DDoS,DoS/DDoS,0.0,0.0,1.0,0.0,0.0
5568,Brute Force,Brute Force,0.0,0.6601459629767193,1.9263023870357705e-05,0.0012045737240134803,0.3386302002753968
5569,Brute Force,Web Attack,0.0,0.38083806379057106,1.25579282007367e-05,0.0022674225522280296,0.6168819557290004
5570,Bot,Bot,1.0,0.0,0.0,0.0,0.0
5571,DoS/DDoS,DoS/DDoS,0.0,0.0,0.9974979299884684,0.0025020700115315807,0.0
5572,DoS/DDoS,DoS/DDoS,0.0,0.0,1.0,0.0,0.0
5573,Normal,Normal,0.0,0.0,0.0,1.0,0.0
5574,Brute Force,Brute Force,0.0,1.0,0.0,0.0,0.0
5575,Normal,Normal,0.0,0.0,0.0,1.0,0.0
5576,DoS/DDoS,DoS/DDoS,0.0,0.0,0.9999897181194723,1.0281880527716808e-05,0.0
5577,Brute Force,Brute Force,0.0,1.0,0.0,0.0,0.0
5578,Web Attack,Web Attack,0.0,0.002577106723448187,0.00023866207221890376,0.013497247296973953,0.983686983907359
5579,DoS/DDoS,DoS/DDoS,0.0,0.0,1.0,0.0,0.0
5580,Normal,Normal,0.0,0.0,0.0,1.0,0.0
5581,DoS/DDoS,DoS/DDoS,0.0,0.0,0.9953896694800602,0.004610330519939754,0.0
5582,DoS/DDoS,DoS/DDoS,0.0,0.0,1.0,0.0,0.0
5583,DoS/DDoS,DoS/DDoS,0.0,0.0,1.0,0.0,0.0
5584,Normal,Normal,0.0,0.0,0.0,1.0,0.0
5585,DoS/DDoS,DoS/DDoS,0.0,0.0,1.0,0.0,0.0
5586,Normal,Normal,0.0,0.0,0.0,1.0,0.0
5587,Normal,Normal,0.0,0.0,0.0,1.0,0.0
5588,Brute Force,Brute Force,0.0,1.0,0.0,0.0,0.0
5589,DoS/DDoS,DoS/DDoS,0.0,0.0,1.0,0.0,0.0
5590,Normal,Normal,0.0,0.0,0.0,1.0,0.0
5591,Normal,Normal,0.0025,0.0016348722756034683,0.024109362463660772,0.966883739427969,0.004872025832766825
5592,Normal,Normal,0.0,0.013553220291064169,0.0002525838799176189,0.9794995603224408,0.006694635506577371
5593,Normal,Normal,0.0,0.0,0.0,1.0,0.0
5594,Normal,Normal,0.0,0.0,0.0,1.0,0.0
5595,Normal,Normal,0.0,0.0,0.0,1.0,0.0
5596,Normal,Normal,0.0,0.0,0.0,1.0,0.0
5597,DoS/DDoS,DoS/DDoS,0.0,0.0,0.9999714047472551,2.8595252744989888e-05,0.0
5598,Normal,Normal,0.0,0.0,0.0,1.0,0.0
5599,Normal,Normal,0.0,0.0,0.0,1.0,0.0
5600,Normal,Normal,0.0,0.0,0.0,1.0,0.0
5601,Normal,Normal,0.0,0.0025,0.0025418857993564055,0.9925011579721655,0.002456956228478114
5602,DoS/DDoS,DoS/DDoS,0.0,0.0,1.0,0.0,0.0
5603,Brute Force,Brute Force,0.0,1.0,0.0,0.0,0.0
5604,Normal,Normal,0.0,0.007059571432838275,0.20672857365696096,0.7514305341908221,0.03478132071937861
5605,Brute Force,Brute Force,0.0,1.0,0.0,0.0,0.0
5606,DoS/DDoS,DoS/DDoS,0.0,0.0,1.0,0.0,0.0
5607,DoS/DDoS,DoS/DDoS,0.0,0.0,0.9999886336072914,1.1366392708614331e-05,0.0
5608,Normal,Normal,0.0,0.0,0.0,1.0,0.0
5609,Normal,Normal,0.04740874868053561,0.0,0.008026410523096942,0.9445648407963674,0.0
5610,DoS/DDoS,DoS/DDoS,0.0,0.000192968101100968,0.9973673960627745,0.0014612955432800941,0.0009783402928444298
5611,Brute Force,Brute Force,0.0,1.0,0.0,0.0,0.0
5612,DoS/DDoS,DoS/DDoS,0.0,0.0,1.0,0.0,0.0
5613,Normal,Normal,0.0,0.0,0.0,1.0,0.0
5614,Brute Force,Brute Force,0.0,1.0,0.0,0.0,0.0
5615,Normal,Normal,0.0,0.0,0.0,1.0,0.0
5616,Brute Force,Brute Force,0.0,1.0,0.0,0.0,0.0
5617,Brute Force,Brute Force,0.0,1.0,0.0,0.0,0.0
5618,Brute Force,Brute Force,0.0,1.0,0.0,0.0,0.0
5619,DoS/DDoS,DoS/DDoS,0.0,0.0,1.0,0.0,0.0
5620,Normal,Normal,0.0,0.0,0.0,1.0,0.0
5621,DoS/DDoS,DoS/DDoS,0.0,0.0,1.0,0.0,0.0
5622,Normal,Normal,0.0,0.0017148998297908937,0.006887552502557904,0.9894115365897076,0.001986011077943512
5623,DoS/DDoS,DoS/DDoS,0.0,0.0016456779700764505,0.9908264043198816,0.007527917710042058,0.0
5624,Brute Force,Web Attack,0.0,0.08737416035185175,1.25579282007367e-05,0.0010436077021712831,0.9115696740177764
5625,DoS/DDoS,DoS/DDoS,0.0,0.0,1.0,0.0,0.0
5626,Normal,Normal,0.0,0.0,0.0,1.0,0.0
5627,DoS/DDoS,DoS/DDoS,0.0,0.0,0.9999897181194723,1.0281880527716808e-05,0.0
5628,Normal,Normal,0.0,0.0,0.0,1.0,0.0
5629,DoS/DDoS,DoS/DDoS,0.0,0.0,1.0,0.0,0.0
5630,DoS/DDoS,DoS/DDoS,0.0,0.0,1.0,0.0,0.0
5631,Normal,Normal,0.0,0.0035148358926965196,0.10124025015137542,0.8942665736630837,0.0009783402928444298
5632,DoS/DDoS,DoS/DDoS,0.0,0.0,1.0,0.0,0.0
5633,Brute Force,Brute Force,0.0,1.0,0.0,0.0,0.0
5634,DoS/DDoS,DoS/DDoS,0.0,0.001218931775901123,0.931797544465974,0.06262120823115451,0.004362315526970301
5635,DoS/DDoS,DoS/DDoS,0.0,0.0,1.0,0.0,0.0
5636,DoS/DDoS,DoS/DDoS,0.0,0.0,1.0,0.0,0.0
5637,Brute Force,Brute Force,0.0,1.0,0.0,0.0,0.0
5638,Normal,Normal,0.0,0.0,0.0,1.0,0.0
5639,Normal,Normal,0.0,0.0,0.00874995545736379,0.9912500445426362,0.0
5640,Normal,Normal,0.0,0.0,0.0,1.0,0.0
5641,Brute Force,Brute Force,0.0,1.0,0.0,0.0,0.0
5642,DoS/DDoS,DoS/DDoS,0.0,0.0,0.9999946236857931,5.376314206946534e-06,0.0
5643,DoS/DDoS,DoS/DDoS,0.0,0.0,1.0,0.0,0.0
5644,Normal,Normal,0.0,0.0,0.0,1.0,0.0
5645,Normal,Normal,0.0,0.0,0.0,1.0,0.0
5646,Brute Force,Brute Force,0.0,1.0,0.0,0.0,0.0
5647,DoS/DDoS,DoS/DDoS,0.0,0.0,0.9999837280409707,1.6271959029384604e-05,0.0
5648,Brute Force,Web Attack,0.0,0.306002020228937,2.0543926530199344e-05,0.0010767386858129,0.6929006971587199
5649,Brute Force,Brute Force,0.0,1.0,0.0,0.0,0.0
5650,Normal,Normal,0.0,0.004818969877014683,0.004427562809933819,0.9807194978504973,0.010033969462554297
5651,Brute Force,Brute Force,0.0,1.0,0.0,0.0,0.0
5652,Brute Force,Brute Force,0.0,1.0,0.0,0.0,0.0
5653,DoS/DDoS,DoS/DDoS,0.0025,0.010735526242390853,0.7076358435358902,0.2742240646348524,0.004904565586866673
5654,DoS/DDoS,DoS/DDoS,0.0,0.0,1.0,0.0,0.0
5655,Normal,Normal,0.0,0.0,0.0,1.0,0.0
5656,Normal,Normal,0.0,0.0,0.0,1.0,0.0
5657,DoS/DDoS,DoS/DDoS,0.0,0.0,1.0,0.0,0.0
5658,Normal,Normal,0.007167709116304686,0.00818299357435419,0.02890735513460986,0.9557419421747313,0.0
5659,Normal,Normal,0.0,0.0,0.0,1.0,0.0
5660,DoS/DDoS,DoS/DDoS,0.0,0.0,1.0,0.0,0.0
5661,Normal,Normal,0.0,0.0,0.0,1.0,0.0
5662,Normal,Normal,0.0,0.0016270232230823365,0.0,0.9983729767769176,0.0
5663,DoS/DDoS,DoS/DDoS,0.0,0.0,1.0,0.0,0.0
5664,Normal,Normal,0.0,0.0,0.0,1.0,0.0
5665,DoS/DDoS,DoS/DDoS,0.0,0.0,1.0,0.0,0.0
5666,DoS/DDoS,DoS/DDoS,0.0,0.0,1.0,0.0,0.0
5667,Normal,Normal,0.0,0.0016413366796802378,0.0,0.9983586633203198,0.0
5668,Normal,Normal,0.0,0.0,0.0,1.0,0.0
5669,DoS/DDoS,DoS/DDoS,0.0,0.0,1.0,0.0,0.0
5670,Normal,Normal,0.0,0.0,0.1264762884157731,0.8735237115842268,0.0
5671,Normal,Normal,0.0,0.004256687100084405,0.0001779132773611612,0.9920632088072597,0.003502190815294726
5672,DoS/DDoS,DoS/DDoS,0.0,0.0,1.0,0.0,0.0
5673,DoS/DDoS,DoS/DDoS,0.0,0.0,0.9999837280409707,1.6271959029384604e-05,0.0
5674,DoS/DDoS,DoS/DDoS,0.0,0.0,1.0,0.0,0.0
5675,DoS/DDoS,DoS/DDoS,0.0,0.0,0.9999684058604776,3.1594139522391764e-05,0.0
5676,DoS/DDoS,DoS/DDoS,0.0,0.0,1.0,0.0,0.0
5677,Normal,Normal,0.0,0.0,0.0,1.0,0.0
5678,Normal,Normal,0.2520461073049745,0.0,3.3279235604829535e-05,0.7479206134594206,0.0
5679,Brute Force,Brute Force,0.0,1.0,0.0,0.0,0.0
5680,DoS/DDoS,DoS/DDoS,0.0,0.0,1.0,0.0,0.0
5681,Normal,Normal,0.0,0.005050844160082947,0.0001627662403033889,0.9923993144724897,0.0023870751271239895
5682,Bot,Bot,1.0,0.0,0.0,0.0,0.0
5683,DoS/DDoS,DoS/DDoS,0.0,0.0,1.0,0.0,0.0
5684,Normal,Normal,0.0,0.0012187410885724603,0.0,0.9987812589114275,0.0
5685,Normal,Normal,0.0,0.0,0.0,1.0,0.0
5686,Brute Force,Web Attack,0.0,0.3505189998441316,1.5884675081370873e-05,0.006737453313124881,0.6427276621676622
5687,DoS/DDoS,DoS/DDoS,0.0,0.0,1.0,0.0,0.0
5688,Normal,Normal,0.0,0.0,0.0,1.0,0.0
5689,DoS/DDoS,DoS/DDoS,0.0,0.0,1.0,0.0,0.0
5690,Normal,Normal,0.0,0.0,0.0012469883045329493,0.998753011695467,0.0
5691,Brute Force,Brute Force,0.0,1.0,0.0,0.0,0.0
5692,Normal,Normal,0.068173231029974,0.0,0.00011443846513278986,0.9317123305048932,0.0
5693,DoS/DDoS,DoS/DDoS,0.0,0.0,1.0,0.0,0.0
5694,Normal,Normal,0.0,0.03619977466920928,0.0005341503927154072,0.9100623783331664,0.05320369660490898
5695,DoS/DDoS,DoS/DDoS,0.0,0.0,1.0,0.0,0.0
5696,DoS/DDoS,DoS/DDoS,0.0,0.0,1.0,0.0,0.0
5697,Normal,Normal,0.0,0.0,0.0,1.0,0.0
5698,DoS/DDoS,DoS/DDoS,0.0,0.0,1.0,0.0,0.0
5699,Normal,Normal,0.0,0.0,0.0,1.0,0.0
5700,Brute Force,Brute Force,0.0,0.9342305950787994,0.0004421829387926984,0.030789961353588618,0.03453726062881931
5701,DoS/DDoS,DoS/DDoS,0.0,0.0,1.0,0.0,0.0
5702,Normal,Normal,0.0,0.0,0.0029202024134233513,0.9970797975865767,0.0
5703,Brute Force,Brute Force,0.0,1.0,0.0,0.0,0.0
5704,Normal,Normal,0.0,0.0,0.0,1.0,0.0
5705,Normal,Normal,0.0,0.0,0.0,1.0,0.0
5706,Normal,Normal,0.0,0.0,0.0,1.0,0.0
5707,Brute Force,Brute Force,0.0,1.0,0.0,0.0,0.0
5708,DoS/DDoS,DoS/DDoS,0.0,0.0,1.0,0.0,0.0
5709,Brute Force,Brute Force,0.0,1.0,0.0,0.0,0.0
5710,Normal,Normal,0.0,0.0,0.0,1.0,0.0
5711,Brute Force,Brute Force,0.0,0.9985751951008085,0.0,0.0014248048991915313,0.0
5712,DoS/DDoS,DoS/DDoS,0.0,0.0,1.0,0.0,0.0
5713,DoS/DDoS,DoS/DDoS,0.0,0.0,1.0,0.0,0.0
5714,Normal,Normal,0.0,0.0,0.0,1.0,0.0
5715,Normal,Normal,0.0,0.0,0.0,1.0,0.0
5716,DoS/DDoS,DoS/DDoS,0.0,0.0,1.0,0.0,0.0
5717,DoS/DDoS,DoS/DDoS,0.0,0.0,0.9999897181194723,1.0281880527716808e-05,0.0
5718,DoS/DDoS,DoS/DDoS,0.0,0.0,1.0,0.0,0.0
5719,DoS/DDoS,DoS/DDoS,0.0,0.0,0.9974897181194723,0.0025102818805277168,0.0
5720,Normal,Normal,0.0,0.0,0.01710055509793665,0.9828994449020634,0.0
5721,Normal,Normal,0.0024200771668733637,0.0,0.0025,0.9950799228331266,0.0
5722,DoS/DDoS,DoS/DDoS,0.0,0.0,1.0,0.0,0.0
5723,Normal,Normal,0.0,0.0,0.0,1.0,0.0
5724,Normal,Normal,0.0,0.0,0.03814535095508138,0.9568832435295163,0.004971405515402428
5725,Normal,Normal,0.0,0.02117970438990342,0.0002054514291647286,0.9706258985162088,0.007988945664722986
5726,Bot,Bot,0.9816169094473003,0.0,3.8792083567466685e-05,0.01834429846913213,0.0
5727,Brute Force,Brute Force,0.0,1.0,0.0,0.0,0.0
5728,Normal,Normal,0.0,0.0016282333130642219,0.0,0.9983717666869358,0.0
5729,DoS/DDoS,DoS/DDoS,0.0,0.0,1.0,0.0,0.0
5730,Normal,Normal,0.0,0.0,0.0,1.0,0.0
5731,Brute Force,Brute Force,0.0,1.0,0.0,0.0,0.0
5732,Normal,Normal,0.0,0.0,0.0005017167381974249,0.9970820054687748,0.0024162777930277247
5733,DoS/DDoS,DoS/DDoS,0.0,0.0,1.0,0.0,0.0
5734,DoS/DDoS,DoS/DDoS,0.0,0.0,0.9993496379338088,0.0006503620661912106,0.0
5735,Brute Force,Brute Force,0.0,1.0,0.0,0.0,0.0
5736,Bot,Bot,1.0,0.0,0.0,0.0,0.0
5737,Brute Force,Brute Force,0.0,1.0,0.0,0.0,0.0
5738,Normal,Normal,0.0,0.0,0.008941737013039137,0.9910582629869609,0.0
5739,Normal,Normal,0.0,0.0,0.0016693977391469556,0.9961098711770084,0.002220731083844581
5740,DoS/DDoS,DoS/DDoS,0.0,0.0,1.0,0.0,0.0
5741,Normal,Normal,0.0,0.0,0.0,1.0,0.0
5742,Brute Force,Brute Force,0.0,1.0,0.0,0.0,0.0
5743,Normal,Normal,0.12995506766484136,0.0,0.00020877160312996566,0.8698361607320285,0.0
5744,Normal,Normal,0.0,0.0,0.006232410547096815,0.9937675894529032,0.0
5745,Normal,Normal,0.0,0.0,0.0,1.0,0.0
5746,DoS/DDoS,DoS/DDoS,0.0012205728257073,0.0003846456989188705,0.9460132040864127,0.043529055621983885,0.008852521766977291
5747,Brute Force,Brute Force,0.0,1.0,0.0,0.0,0.0
5748,Normal,Normal,0.0,0.02117970438990342,0.0002054514291647286,0.9682021159255066,0.010412728255425153
5749,Normal,Normal,0.0,0.0,0.0,1.0,0.0
5750,Brute Force,Brute Force,0.0,1.0,0.0,0.0,0.0
5751,Normal,Normal,0.0,0.0,0.0022449745229549873,0.997755025477045,0.0
5752,Normal,Normal,0.00477843958633329,0.0,0.014804605759405313,0.9804169546542614,0.0
5753,Normal,Normal,0.0,0.0,0.0,1.0,0.0
5754,DoS/DDoS,DoS/DDoS,0.0,0.0,1.0,0.0,0.0
5755,Normal,Normal,0.0,0.03427195253185621,0.021276564352215612,0.9395525156522755,0.004898967463652658
5756,Normal,Normal,0.0,0.0074514184176098595,0.07815369378642731,0.8959267793041774,0.018468108491785304
5757,DoS/DDoS,DoS/DDoS,0.0,0.0024852640868481095,0.9860255611561565,0.0073638309118038495,0.00412534384519145
5758,DoS/DDoS,DoS/DDoS,0.0,0.00024194819449427105,0.9973622646944752,0.001417446818186038,0.0009783402928444298
5759,Normal,Normal,0.0,0.0,0.0,1.0,0.0
5760,Brute Force,Brute Force,0.0,0.9991447245782459,0.0,0.0008552754217541242,0.0
5761,DoS/DDoS,DoS/DDoS,0.0,0.0,1.0,0.0,0.0
5762,Brute Force,Brute Force,0.0,1.0,0.0,0.0,0.0
5763,DoS/DDoS,DoS/DDoS,0.0,0.0,1.0,0.0,0.0
5764,Brute Force,Web Attack,0.0,0.09725927498540285,1.25579282007367e-05,0.0007277141008411802,0.9020004529855553
5765,DoS/DDoS,DoS/DDoS,0.0,0.0,1.0,0.0,0.0
5766,Normal,Normal,0.0,0.0,0.0,1.0,0.0
5767,Normal,Normal,0.0,0.0,0.006250310581052781,0.9937496894189471,0.0
5768,Normal,Normal,0.0,0.0,0.0,1.0,0.0
5769,Normal,Normal,0.0,0.0,0.005508501076882977,0.9944914989231171,0.0
5770,DoS/DDoS,DoS/DDoS,0.0,0.0,1.0,0.0,0.0
5771,Normal,Normal,0.0,0.0,0.0,1.0,0.0
5772,Normal,Normal,0.0,0.09560793537621544,0.044925584336741396,0.8566002577201169,0.0028662225669262562
5773,Normal,Normal,0.0,0.0,0.0,1.0,0.0
5774,Normal,Normal,0.0,0.0,0.0,1.0,0.0
5775,Normal,Normal,0.0,0.0,0.0,1.0,0.0
5776,DoS/DDoS,DoS/DDoS,0.0,0.0,1.0,0.0,0.0
5777,Brute Force,Brute Force,0.0,1.0,0.0,0.0,0.0
5778,Brute Force,Brute Force,0.0,1.0,0.0,0.0,0.0
5779,Brute Force,Brute Force,0.0,1.0,0.0,0.0,0.0
5780,Normal,Normal,0.0,0.0,0.0,1.0,0.0
5781,Normal,Normal,0.0,0.0,0.0,1.0,0.0
5782,Normal,Normal,0.0,0.0,0.0,1.0,0.0
5783,Normal,Normal,0.0,0.0,0.0008323780866408749,0.9991676219133592,0.0
5784,DoS/DDoS,DoS/DDoS,0.0,0.0,1.0,0.0,0.0
5785,Brute Force,Brute Force,0.0,1.0,0.0,0.0,0.0
5786,Normal,Normal,0.0,0.0,0.0,1.0,0.0
5787,Brute Force,Brute Force,0.0,1.0,0.0,0.0,0.0
5788,Brute Force,Brute Force,0.0,1.0,0.0,0.0,0.0
5789,DoS/DDoS,DoS/DDoS,0.0,0.0,1.0,0.0,0.0
5790,DoS/DDoS,DoS/DDoS,0.0,0.0,1.0,0.0,0.0
5791,DoS/DDoS,DoS/DDoS,0.0,0.0,1.0,0.0,0.0
5792,Normal,Normal,0.0,0.0,0.0,1.0,0.0
5793,DoS/DDoS,DoS/DDoS,0.0,0.0,0.9991360222624055,0.0008639777375944291,0.0
5794,DoS/DDoS,DoS/DDoS,0.0,0.0,1.0,0.0,0.0
5795,DoS/DDoS,DoS/DDoS,0.0,0.0,1.0,0.0,0.0
5796,DoS/DDoS,DoS/DDoS,0.0,0.0,1.0,0.0,0.0
5797,Normal,Normal,0.0,0.0,0.0,1.0,0.0
5798,Normal,Normal,0.0,0.003757742737016301,0.0,0.9962422572629838,0.0
5799,DoS/DDoS,DoS/DDoS,0.0,0.0,1.0,0.0,0.0
5800,DoS/DDoS,DoS/DDoS,0.0,0.0,1.0,0.0,0.0
5801,DoS/DDoS,DoS/DDoS,0.0,0.0,1.0,0.0,0.0
5802,DoS/DDoS,DoS/DDoS,0.0,0.0,0.9999837280409707,1.6271959029384604e-05,0.0
5803,Bot,Bot,0.9994762713572753,0.0,0.0005237286427245368,0.0,0.0
5804,DoS/DDoS,DoS/DDoS,0.0,0.0,1.0,0.0,0.0
5805,DoS/DDoS,DoS/DDoS,0.0,0.0,1.0,0.0,0.0
5806,Brute Force,Brute Force,0.0,1.0,0.0,0.0,0.0
5807,Normal,Normal,0.0,0.0,0.0,1.0,0.0
5808,Normal,Normal,0.0,0.0,0.021579522924145174,0.9784204770758549,0.0
5809,DoS/DDoS,DoS/DDoS,0.0,0.0,0.9999837280409707,1.6271959029384604e-05,0.0
5810,Normal,Normal,0.0,0.0,0.0,1.0,0.0
5811,DoS/DDoS,DoS/DDoS,0.0,0.0,1.0,0.0,0.0
5812,Normal,Normal,0.0,0.0,0.0,1.0,0.0
5813,Normal,Normal,0.0,0.0,0.0,1.0,0.0
5814,Normal,Normal,0.0,0.0,0.0,1.0,0.0
5815,Normal,Normal,0.0,0.0,0.0,1.0,0.0
5816,DoS/DDoS,DoS/DDoS,0.0,0.0,0.9999897181194723,1.0281880527716808e-05,0.0
5817,Normal,Normal,0.0,0.0,0.0,1.0,0.0
5818,DoS/DDoS,DoS/DDoS,0.0,0.0,0.9999897181194723,1.0281880527716808e-05,0.0
5819,DoS/DDoS,DoS/DDoS,0.0,0.0,1.0,0.0,0.0
5820,Normal,Normal,0.0,0.0,0.0,1.0,0.0
5821,Bot,Bot,0.9999656928627008,0.0,0.0,3.430713729928556e-05,0.0
5822,DoS/DDoS,DoS/DDoS,0.0,0.0,1.0,0.0,0.0
5823,Bot,Bot,0.9780259136844277,0.0,3.563600946994233e-05,0.021938450306102263,0.0
5824,Normal,Normal,0.0,0.0,0.0,1.0,0.0
5825,DoS/DDoS,DoS/DDoS,0.0,0.0,0.9947708643317259,0.005229135668274088,0.0
5826,Normal,Normal,0.0,0.0,0.0,1.0,0.0
5827,DoS/DDoS,DoS/DDoS,0.0,0.0,1.0,0.0,0.0
5828,DoS/DDoS,DoS/DDoS,0.0,0.0,1.0,0.0,0.0
5829,DoS/DDoS,DoS/DDoS,0.0,0.0,1.0,0.0,0.0
5830,Normal,Normal,0.0,0.0,0.0,1.0,0.0
5831,Bot,Bot,0.8370442977670622,0.0,5.145245646801636e-05,0.1629042497764699,0.0
5832,Normal,Normal,0.0,0.0,0.0,1.0,0.0
5833,Brute Force,Brute Force,0.0,1.0,0.0,0.0,0.0
5834,Normal,Normal,0.151361636331368,0.0,1.1684992166881542e-05,0.848626678676465,0.0
5835,Brute Force,Brute Force,0.0,1.0,0.0,0.0,0.0
5836,DoS/DDoS,DoS/DDoS,0.0,0.0,0.999943023359281,5.697664071897986e-05,0.0
5837,DoS/DDoS,DoS/DDoS,0.0,0.0,1.0,0.0,0.0
5838,Normal,Normal,0.0,0.0,0.0,1.0,0.0
5839,Normal,Normal,0.0,0.0,0.0,1.0,0.0
5840,DoS/DDoS,DoS/DDoS,0.0,0.0,1.0,0.0,0.0
5841,Normal,Normal,0.0,0.002438628257112533,0.031489714569766014,0.9539912847275267,0.012080372445594855
5842,Normal,Normal,0.0,0.0,0.0,1.0,0.0
5843,Brute Force,Brute Force,0.0,1.0,0.0,0.0,0.0
5844,DoS/DDoS,DoS/DDoS,0.0,0.0,0.9659392421890924,0.034060757810907616,0.0
5845,Normal,Normal,0.0,0.0,0.0,1.0,0.0
5846,DoS/DDoS,DoS/DDoS,0.0,0.0,1.0,0.0,0.0
5847,DoS/DDoS,DoS/DDoS,0.0,0.0,1.0,0.0,0.0
5848,DoS/DDoS,DoS/DDoS,0.0,0.0,1.0,0.0,0.0
5849,Normal,Normal,0.0,0.04305115271460706,0.0025,0.954448847285393,0.0
5850,DoS/DDoS,DoS/DDoS,0.0,0.0,1.0,0.0,0.0
5851,Normal,Normal,0.05640934366929865,0.0019854910714285716,0.021060068963894524,0.9157127579126507,0.004832338382727428
5852,DoS/DDoS,DoS/DDoS,0.0,0.0,1.0,0.0,0.0
5853,Normal,Normal,0.0,0.0,0.0,1.0,0.0
5854,Normal,Normal,0.0,0.0,0.0009041578416801061,0.9990958421583198,0.0
5855,DoS/DDoS,DoS/DDoS,0.0,0.0,1.0,0.0,0.0
5856,Normal,Normal,0.0,0.0,0.0,1.0,0.0
5857,DoS/DDoS,DoS/DDoS,0.0,0.0,1.0,0.0,0.0
5858,Normal,Normal,0.0,0.0,0.0,1.0,0.0
5859,Brute Force,Brute Force,0.0,1.0,0.0,0.0,0.0
5860,Normal,Normal,0.009559788004920402,0.006893205199674965,0.001658732057416268,0.9818882747379883,0.0
5861,Normal,Normal,0.0,0.0,0.0,1.0,0.0
5862,DoS/DDoS,DoS/DDoS,0.0,0.0,0.9987506685683722,0.001249331431627741,0.0
5863,Normal,Normal,0.0,0.0,0.0,1.0,0.0
5864,DoS/DDoS,DoS/DDoS,0.0,0.0,1.0,0.0,0.0
5865,DoS/DDoS,DoS/DDoS,0.0,0.0,0.9999897181194723,1.0281880527716808e-05,0.0
5866,Normal,Normal,0.21935675044395883,0.0,1.1276289559772048e-05,0.7806319732664815,0.0
5867,DoS/DDoS,DoS/DDoS,0.0,0.0,1.0,0.0,0.0
5868,Normal,Normal,0.0,0.0,0.0,0.9975840306834031,0.0024159693165969314
5869,Brute Force,Brute Force,0.0,1.0,0.0,0.0,0.0
5870,Normal,Normal,0.0,0.0,0.0,1.0,0.0
5871,Brute Force,Brute Force,0.0,1.0,0.0,0.0,0.0
5872,DoS/DDoS,DoS/DDoS,0.0,0.0,1.0,0.0,0.0
5873,DoS/DDoS,DoS/DDoS,0.0,0.0,1.0,0.0,0.0
5874,Normal,Normal,0.0,0.05890625362675121,0.02148276443323969,0.9103473879261619,0.009263594013847118
5875,Normal,Normal,0.0,0.0,0.0,1.0,0.0
5876,Normal,Normal,0.0,0.0,0.0,1.0,0.0
5877,Normal,Normal,0.0,0.0,0.0,1.0,0.0
5878,Brute Force,Web Attack,0.0,0.34474160368785195,1.25579282007367e-05,0.0025445588883009815,0.6527012794956466
5879,Normal,Normal,0.0022758765145656098,0.003171352056133118,0.005413238869515478,0.9891395325597857,0.0
5880,Normal,Normal,0.0,0.0012293420642344871,0.0020855888546512324,0.9966850690811143,0.0
5881,Normal,Normal,0.0071994593477449995,0.0,0.0,0.992800540652255,0.0
5882,DoS/DDoS,DoS/DDoS,0.0,0.0,0.9999946236857931,5.376314206946534e-06,0.0
5883,Normal,Normal,0.0,0.0,0.0,1.0,0.0
5884,Normal,Normal,0.0,0.0025,0.007589461408082367,0.9849846896660688,0.004925848925848926
5885,Normal,Normal,0.1365637126758352,0.0,0.00020877160312996566,0.8632275157210347,0.0
5886,Normal,Normal,0.0,0.0,0.0,1.0,0.0
5887,Normal,Normal,0.0,0.04010652153731803,0.00040073123032480267,0.9491107403818799,0.01038200685047719
5888,DoS/DDoS,DoS/DDoS,0.0,0.0,1.0,0.0,0.0
5889,Normal,Normal,0.0,0.0,0.0,1.0,0.0
5890,Normal,Normal,0.0,0.0,0.013753116096866098,0.986246883903134,0.0
5891,Bot,Bot,0.9794117139767339,0.0,3.563600946994233e-05,0.020552650013796213,0.0
5892,DoS/DDoS,DoS/DDoS,0.0,0.0,1.0,0.0,0.0
5893,DoS/DDoS,DoS/DDoS,0.0,0.0,0.9999886336072914,1.1366392708614331e-05,0.0
5894,DoS/DDoS,DoS/DDoS,0.0,0.0,0.9997742473530271,0.00022575264697290132,0.0
5895,DoS/DDoS,DoS/DDoS,0.0,0.0,0.9999520123245601,4.7987675439910186e-05,0.0
5896,DoS/DDoS,DoS/DDoS,0.0,0.0,0.9999897181194723,1.0281880527716808e-05,0.0
5897,DoS/DDoS,DoS/DDoS,0.0,0.0,1.0,0.0,0.0
5898,Brute Force,Web Attack,0.0,0.4630748296234399,0.0005408921926991758,0.0014522545621342463,0.5349320236217268
5899,Brute Force,Brute Force,0.0,1.0,0.0,0.0,0.0
5900,Normal,Normal,0.0,0.0,0.0,1.0,0.0
5901,Normal,Normal,0.0,0.0,0.0,1.0,0.0
5902,DoS/DDoS,DoS/DDoS,0.0,0.0,0.9999897181194723,1.0281880527716808e-05,0.0
5903,DoS/DDoS,DoS/DDoS,0.0,0.0,0.9963275400846013,0.003672459915398599,0.0
5904,Normal,Normal,0.0,0.0,0.0,1.0,0.0
5905,Brute Force,Brute Force,0.0,1.0,0.0,0.0,0.0
5906,Normal,Normal,0.0,0.0012187410885724603,0.0,0.9987812589114275,0.0
5907,DoS/DDoS,DoS/DDoS,0.0,0.0,0.9999886336072914,1.1366392708614331e-05,0.0
5908,Normal,Normal,0.0,0.0012187410885724603,0.0,0.9987812589114275,0.0
5909,Bot,Bot,1.0,0.0,0.0,0.0,0.0
5910,Normal,Normal,0.0,0.0,0.0,1.0,0.0
5911,DoS/DDoS,DoS/DDoS,0.0,0.0,1.0,0.0,0.0
5912,DoS/DDoS,DoS/DDoS,0.0,0.0,1.0,0.0,0.0
5913,Normal,Normal,0.0,0.0,0.0,1.0,0.0
5914,Normal,Normal,0.0,0.0,0.0,1.0,0.0
5915,Brute Force,Web Attack,0.0,0.22390847767800828,1.0456903281202048e-05,0.0014884392219020257,0.7745926261968087
5916,DoS/DDoS,DoS/DDoS,0.0,0.0,1.0,0.0,0.0
5917,Normal,Normal,0.0,0.0035969752299996253,0.0,0.9964030247700004,0.0
5918,Bot,Bot,0.9940869615850727,0.0,1.4450702009829216e-06,0.005911593344726416,0.0
5919,DoS/DDoS,DoS/DDoS,0.0,0.0,0.9999897181194723,1.0281880527716808e-05,0.0
5920,Normal,Normal,0.0,0.0,0.0,1.0,0.0
5921,Normal,Normal,0.0,0.0,0.0,1.0,0.0
5922,Web Attack,Brute Force,0.0,0.780430594145632,3.393955286038349e-05,0.004670873527932239,0.2148645927735753
5923,Brute Force,Brute Force,0.0,1.0,0.0,0.0,0.0
5924,DoS/DDoS,DoS/DDoS,0.0,0.0,1.0,0.0,0.0
5925,DoS/DDoS,DoS/DDoS,0.0,0.0,1.0,0.0,0.0
5926,Normal,Normal,0.0,0.0,0.0,1.0,0.0
5927,DoS/DDoS,DoS/DDoS,0.0,0.0,1.0,0.0,0.0
5928,Brute Force,Brute Force,0.0,1.0,0.0,0.0,0.0
5929,Bot,Bot,0.9866973833569843,0.0,0.0,0.013302616643015625,0.0
5930,DoS/DDoS,DoS/DDoS,0.0,0.0,1.0,0.0,0.0
5931,DoS/DDoS,DoS/DDoS,0.0,0.0,1.0,0.0,0.0
5932,Normal,Normal,0.0,0.0,0.0,1.0,0.0
5933,Brute Force,Brute Force,0.0,1.0,0.0,0.0,0.0
5934,Normal,Normal,0.0,0.0,0.0,1.0,0.0
5935,DoS/DDoS,DoS/DDoS,0.0,0.0,1.0,0.0,0.0
5936,DoS/DDoS,DoS/DDoS,0.0,0.0,1.0,0.0,0.0
5937,DoS/DDoS,DoS/DDoS,0.0,0.0,1.0,0.0,0.0
5938,Normal,Normal,0.0,0.005341938488192836,0.0,0.9946580615118072,0.0
5939,Normal,Normal,0.16447010614041063,0.0,0.00025491257006083804,0.8352749812895284,0.0
5940,DoS/DDoS,DoS/DDoS,0.0,0.0,0.9992961561926199,0.0007038438073800414,0.0
5941,Normal,Normal,0.0,0.0,0.0,1.0,0.0
5942,Normal,Normal,0.0,0.0,0.0,1.0,0.0
5943,Brute Force,Brute Force,0.0,1.0,0.0,0.0,0.0
5944,DoS/DDoS,DoS/DDoS,0.0,0.0,1.0,0.0,0.0
5945,Web Attack,Brute Force,0.0,0.5090269609508301,3.748096830746594e-05,0.003827410390187725,0.4871081476906746
5946,DoS/DDoS,DoS/DDoS,0.0,0.0030934127953191792,0.9956491536587899,0.0012574335458909508,0.0
5947,Normal,Normal,0.1097825369114611,0.006632250580046403,0.06019408921722045,0.8209775391959548,0.0024135840953172626
5948,Brute Force,Brute Force,0.0,1.0,0.0,0.0,0.0
5949,DoS/DDoS,DoS/DDoS,0.0,0.0,1.0,0.0,0.0
5950,Normal,Normal,0.0,0.018058821849643705,0.02663550891518372,0.9504067017715199,0.004898967463652658
5951,Brute Force,Brute Force,0.0,1.0,0.0,0.0,0.0
5952,Brute Force,Brute Force,0.0,1.0,0.0,0.0,0.0
5953,DoS/DDoS,DoS/DDoS,0.0,0.0,1.0,0.0,0.0
5954,Normal,Normal,0.0,0.0,0.0,1.0,0.0
5955,Normal,Normal,0.0,0.0,0.0,1.0,0.0
5956,Normal,Normal,0.0,0.0,0.0,1.0,0.0
5957,Normal,Normal,0.0,0.0,0.0,1.0,0.0
5958,Normal,Normal,0.021011446622115307,0.03870681515297815,0.011327991415141361,0.8873806688206025,0.04157307798916266
5959,Brute Force,Brute Force,0.0002240586813068088,0.5225661363103888,0.36848418505488895,0.07765065293715552,0.031074967016259936
5960,Normal,Normal,0.0,0.0,0.0,1.0,0.0
5961,Normal,Normal,0.0,0.0,0.0,1.0,0.0
5962,Normal,Normal,0.0,0.0,0.0,1.0,0.0
5963,Normal,Normal,0.0,0.0,0.001258435637877809,0.9987415643621221,0.0
5964,Normal,Normal,0.0022783919926730343,0.0,0.0,0.997721608007327,0.0
5965,Normal,Normal,0.0,0.003974701788114704,0.00855335509002144,0.9732085544222728,0.014263388699591015
5966,Brute Force,Brute Force,0.0,1.0,0.0,0.0,0.0
5967,Brute Force,Brute Force,0.0,1.0,0.0,0.0,0.0
5968,DoS/DDoS,DoS/DDoS,0.0,0.0,1.0,0.0,0.0
5969,DoS/DDoS,DoS/DDoS,0.0,0.0,1.0,0.0,0.0
5970,DoS/DDoS,DoS/DDoS,0.0,0.0,1.0,0.0,0.0
5971,Brute Force,Brute Force,0.0,1.0,0.0,0.0,0.0
5972,Normal,Normal,0.0,0.021861214019995922,0.00022498420739449368,0.970975563128418,0.006938238644191418
5973,Brute Force,Brute Force,0.0,1.0,0.0,0.0,0.0
5974,Normal,Normal,0.0,0.0,0.0,1.0,0.0
5975,DoS/DDoS,DoS/DDoS,0.0,0.0,1.0,0.0,0.0
5976,Normal,Normal,0.0,0.0,0.0,1.0,0.0
5977,Normal,Normal,0.007282180455983982,0.009687552719212712,0.2917510318561272,0.691279234968676,0.0
5978,Bot,Bot,0.9859124477878096,0.00021037718603375788,0.00023473018629451491,0.01364244483986209,0.0
5979,DoS/DDoS,DoS/DDoS,0.0,0.0,1.0,0.0,0.0
5980,Normal,Normal,0.0,0.0,0.003751788013159777,0.9962482119868403,0.0
5981,DoS/DDoS,DoS/DDoS,0.0,0.0,1.0,0.0,0.0
5982,Brute Force,Brute Force,0.0,1.0,0.0,0.0,0.0
5983,Normal,Normal,0.0,0.0,0.0,1.0,0.0
5984,Normal,Normal,0.0,0.0,0.0,1.0,0.0
5985,DoS/DDoS,DoS/DDoS,0.0,0.0,1.0,0.0,0.0
5986,Normal,Normal,0.026604092900776127,0.001976362813843022,0.0062648962308379085,0.9627372041858037,0.0024174438687392056
5987,DoS/DDoS,DoS/DDoS,0.0,0.0,0.9999886336072914,1.1366392708614331e-05,0.0
5988,DoS/DDoS,DoS/DDoS,0.0,0.0,1.0,0.0,0.0
5989,DoS/DDoS,DoS/DDoS,0.0,0.0,1.0,0.0,0.0
5990,DoS/DDoS,DoS/DDoS,0.0,0.0,1.0,0.0,0.0
5991,Normal,Normal,0.010757207500338803,0.004980536336237283,0.0005180921715357101,0.9809223858496375,0.0028217781422507438
5992,Brute Force,Brute Force,0.0,1.0,0.0,0.0,0.0
5993,DoS/DDoS,DoS/DDoS,0.0,0.0,1.0,0.0,0.0
5994,Bot,Bot,0.990626476093701,0.0,1.4450702009829216e-06,0.009372078836097827,0.0
5995,Normal,Normal,0.0,0.0,0.0012572789360172536,0.9987427210639828,0.0
5996,Normal,Normal,0.0,0.0,0.0,1.0,0.0
5997,Normal,Normal,0.0003761171547709651,0.0009947381355499137,0.0,0.9973671277428229,0.0012620169668562198
5998,DoS/DDoS,DoS/DDoS,0.0,0.0,1.0,0.0,0.0
5999,Normal,Normal,0.0,0.0,0.00031956832848797966,0.999680431671512,0.0
6000,Brute Force,Brute Force,0.0,1.0,0.0,0.0,0.0
6001,DoS/DDoS,DoS/DDoS,0.0,0.0,1.0,0.0,0.0
6002,Normal,Normal,0.0,0.0,0.0,1.0,0.0
6003,Brute Force,Brute Force,0.0,1.0,0.0,0.0,0.0
6004,DoS/DDoS,DoS/DDoS,0.0,0.0,1.0,0.0,0.0
6005,Normal,Normal,0.0,0.0,0.0,1.0,0.0
6006,Normal,Normal,0.0,0.0,0.0,1.0,0.0
6007,Normal,Normal,0.0,0.0,0.0,1.0,0.0
6008,Normal,Normal,0.0,0.0,0.0,1.0,0.0
6009,Normal,Normal,0.0,0.0,0.0,1.0,0.0
6010,Normal,Normal,0.0,0.0,0.0,1.0,0.0
6011,Brute Force,Brute Force,0.0,1.0,0.0,0.0,0.0
6012,Bot,Bot,0.9953551469829471,0.0,1.4450702009829216e-06,0.004643407946851972,0.0
6013,Brute Force,Brute Force,0.0,1.0,0.0,0.0,0.0
6014,Normal,Normal,0.0,0.0,0.0,1.0,0.0
6015,Normal,Normal,0.0,0.04105756455034308,0.0004079154505533677,0.9471537330747979,0.011380786924305561
6016,Normal,Normal,0.0,0.0,0.0,1.0,0.0
6017,DoS/DDoS,DoS/DDoS,0.0,0.00021209331538452002,0.995183149815061,0.0014390009739530304,0.003165755895601417
6018,DoS/DDoS,DoS/DDoS,0.0,0.0,1.0,0.0,0.0
6019,Brute Force,Brute Force,0.0,0.6038146055473952,4.058261038356572e-05,0.002183504835203213,0.39396130700701804
6020,Brute Force,Brute Force,0.0,1.0,0.0,0.0,0.0
6021,Brute Force,Brute Force,0.0,0.5403842481611789,3.557959305902462e-05,0.001646370722233548,0.45793380152352864
6022,Normal,Normal,0.0,0.0,0.0,1.0,0.0
6023,Normal,Normal,0.0,0.0,0.0,1.0,0.0
6024,Brute Force,Brute Force,0.0,1.0,0.0,0.0,0.0
6025,Brute Force,Brute Force,0.0,1.0,0.0,0.0,0.0
6026,Brute Force,Brute Force,0.0,1.0,0.0,0.0,0.0
6027,Normal,Normal,0.0025,0.00847995944854027,0.021411648155732304,0.9653289941765073,0.0022793982192201414
6028,Brute Force,Web Attack,0.0,0.392086647382609,3.393955286038349e-05,0.00157201594402801,0.6063073971205026
6029,DoS/DDoS,DoS/DDoS,0.0,0.0,1.0,0.0,0.0
6030,Normal,Normal,0.0,0.0,0.0,1.0,0.0
6031,Normal,Normal,0.0,0.007127930294729881,0.0002078807368309635,0.9876889070537631,0.004975281914676063
6032,Normal,Normal,0.0,0.0,0.0,1.0,0.0
6033,Bot,Bot,0.9751603776279407,0.0,5.722473395933651e-05,0.0247823976380999,0.0
6034,DoS/DDoS,DoS/DDoS,0.0,0.0,1.0,0.0,0.0
6035,DoS/DDoS,DoS/DDoS,0.0,0.0,1.0,0.0,0.0
6036,Normal,Normal,0.0,0.0,0.0,1.0,0.0
6037,Normal,Normal,0.0,0.0,0.0,1.0,0.0
6038,Normal,Normal,0.0,0.0,0.0,1.0,0.0
6039,Normal,Normal,0.0,0.0,0.0,1.0,0.0
6040,Normal,Normal,0.0,0.0,0.0,1.0,0.0
6041,Brute Force,Brute Force,0.0,1.0,0.0,0.0,0.0
6042,Brute Force,Brute Force,0.0,1.0,0.0,0.0,0.0
6043,DoS/DDoS,DoS/DDoS,0.0,0.0,0.9999837280409707,1.6271959029384604e-05,0.0
6044,Normal,Normal,0.0,0.001970649895178197,0.0,0.9980293501048219,0.0
6045,Bot,Bot,0.9995051041414617,0.0,1.4450702009829216e-06,0.0004934507883373856,0.0
6046,DoS/DDoS,DoS/DDoS,0.0,0.0,1.0,0.0,0.0
6047,Bot,Bot,0.9813779470929234,0.0,3.8792083567466685e-05,0.018583260823509022,0.0
6048,DoS/DDoS,DoS/DDoS,0.0,0.0,0.9941539826042375,0.005846017395762558,0.0
6049,Normal,Normal,0.0,0.0022246730297451876,0.03706458574471253,0.9461303687799474,0.014580372445594857
6050,Normal,Normal,0.004560089160296564,0.0,0.0,0.9954399108397035,0.0
6051,Normal,Normal,0.0,0.0,0.0,1.0,0.0
6052,Normal,Normal,0.0,0.002858208491983998,0.0033775250857486726,0.9937642664222673,0.0
6053,Brute Force,Brute Force,0.0,1.0,0.0,0.0,0.0
6054,Normal,Normal,0.002384208204675783,0.0060793872056617735,0.040061550121335276,0.949002265339163,0.0024725891291642313
6055,Bot,Bot,0.9813779470929234,0.0,3.8792083567466685e-05,0.018583260823509022,0.0
6056,Normal,Normal,0.0,0.0,0.0,1.0,0.0
6057,DoS/DDoS,DoS/DDoS,0.0,0.0,1.0,0.0,0.0
6058,Normal,Normal,0.0002427264401707533,0.006546566605291077,0.00013856822111432893,0.9924063401288743,0.0006657986045495008
6059,Normal,Normal,0.0,0.0,0.0,1.0,0.0
6060,Brute Force,Brute Force,0.0,1.0,0.0,0.0,0.0
6061,DoS/DDoS,DoS/DDoS,0.0,0.0,0.9999837280409707,1.6271959029384604e-05,0.0
6062,Brute Force,Brute Force,0.0,1.0,0.0,0.0,0.0
6063,Normal,Normal,0.0,0.1361409018239154,1.3724634293909115e-05,0.6303371246001781,0.2335082489416126
6064,Normal,Normal,0.004776930040087935,0.0030055387744368943,0.010961578986113319,0.9763363535187682,0.004919598680593733
6065,DoS/DDoS,DoS/DDoS,0.0,0.0,1.0,0.0,0.0
6066,Normal,Normal,0.18713262830819635,0.0,0.0037624976407030658,0.8091048740511005,0.0
6067,DoS/DDoS,DoS/DDoS,0.0,0.0,0.99816258968618,0.0018374103138200227,0.0
6068,Normal,Normal,0.1413709290987296,0.0,0.0002133314530251376,0.8584157394482452,0.0
6069,Normal,Normal,0.0,0.0,0.0,1.0,0.0
6070,Normal,Normal,0.0,0.0,0.0,1.0,0.0
6071,DoS/DDoS,DoS/DDoS,0.0,0.0,1.0,0.0,0.0
6072,DoS/DDoS,DoS/DDoS,0.0,0.0,0.9999460222460584,5.397775394157798e-05,0.0
6073,DoS/DDoS,DoS/DDoS,0.0,0.0,1.0,0.0,0.0
6074,Normal,Normal,0.0,0.0,0.0,1.0,0.0
6075,DoS/DDoS,DoS/DDoS,0.0,0.0,1.0,0.0,0.0
6076,DoS/DDoS,DoS/DDoS,0.0,0.0,1.0,0.0,0.0
6077,Normal,Normal,0.0,0.019954889237088824,0.12860766757176167,0.8098576553512228,0.041579787839926774
6078,Brute Force,Brute Force,0.0,1.0,0.0,0.0,0.0
6079,Normal,Normal,0.0,0.0066206936261667595,0.004731990039055622,0.9861542465381775,0.0024930697966000924
6080,Normal,Normal,0.0,0.0,0.0,1.0,0.0
6081,Normal,Normal,0.0,0.0,0.0,1.0,0.0
6082,Normal,Normal,0.20612690683170404,0.0,0.0001001194458950341,0.7937729737224007,0.0
6083,DoS/DDoS,DoS/DDoS,0.0,0.0,0.9999897181194723,1.0281880527716808e-05,0.0
6084,Normal,Normal,0.0,0.0,0.0021384797663064575,0.9978615202336936,0.0
6085,DoS/DDoS,DoS/DDoS,0.0,0.0,1.0,0.0,0.0
6086,Brute Force,Brute Force,0.0,1.0,0.0,0.0,0.0
6087,DoS/DDoS,DoS/DDoS,0.0,0.0,0.9999897181194723,1.0281880527716808e-05,0.0
6088,Normal,Normal,0.0,0.0,0.0,1.0,0.0
6089,Normal,Normal,0.0,0.0,0.0,1.0,0.0
6090,DoS/DDoS,DoS/DDoS,0.0,0.0,1.0,0.0,0.0
6091,Brute Force,Brute Force,0.0,1.0,0.0,0.0,0.0
6092,DoS/DDoS,DoS/DDoS,0.0,0.0,1.0,0.0,0.0
6093,DoS/DDoS,DoS/DDoS,0.0,0.0,1.0,0.0,0.0
6094,Normal,Normal,0.0,0.0,0.0,1.0,0.0
6095,DoS/DDoS,DoS/DDoS,0.0,0.009540927906102963,0.8772558196866569,0.11320325240724019,0.0
6096,DoS/DDoS,DoS/DDoS,0.0,0.0,0.9999886336072914,1.1366392708614331e-05,0.0
6097,DoS/DDoS,DoS/DDoS,0.0,0.0,0.9999837280409707,1.6271959029384604e-05,0.0
6098,DoS/DDoS,DoS/DDoS,0.0,0.0,1.0,0.0,0.0
6099,DoS/DDoS,DoS/DDoS,0.0,0.0,0.9857021993418089,0.014297800658191095,0.0
6100,DoS/DDoS,DoS/DDoS,0.0,0.0,1.0,0.0,0.0
6101,Brute Force,Brute Force,0.0,1.0,0.0,0.0,0.0
6102,DoS/DDoS,DoS/DDoS,0.0,0.0,1.0,0.0,0.0
6103,Brute Force,Brute Force,0.0,1.0,0.0,0.0,0.0
6104,DoS/DDoS,DoS/DDoS,0.0,0.0015918634742431873,0.9778113709817892,0.017518725797968676,0.0030780397459989573
6105,DoS/DDoS,DoS/DDoS,0.0,0.0,1.0,0.0,0.0
6106,DoS/DDoS,DoS/DDoS,0.0,0.0,0.7734046331305506,0.22659536686944926,0.0
6107,Brute Force,Brute Force,0.0,1.0,0.0,0.0,0.0
6108,DoS/DDoS,DoS/DDoS,0.0,0.0,1.0,0.0,0.0
6109,Normal,Normal,0.0,0.0,0.0012558081349631853,0.9987441918650368,0.0
6110,Normal,Normal,0.002383129382648151,0.0,0.15958490358340424,0.8380319670339476,0.0
6111,Normal,Normal,0.0,0.016275744746111626,0.0018402365297288904,0.9639013723741165,0.017982646350042986
6112,DoS/DDoS,DoS/DDoS,0.0,0.0,1.0,0.0,0.0
6113,Normal,Normal,0.0,0.0,0.0,1.0,0.0
6114,DoS/DDoS,DoS/DDoS,0.0,0.0,1.0,0.0,0.0
6115,Brute Force,Brute Force,0.0,1.0,0.0,0.0,0.0
6116,Normal,Normal,0.0,0.039867133140974245,0.00040073123032480267,0.9493501287782237,0.01038200685047719
6117,Brute Force,Brute Force,0.0,1.0,0.0,0.0,0.0
6118,DoS/DDoS,DoS/DDoS,0.0,0.0,1.0,0.0,0.0
6119,DoS/DDoS,DoS/DDoS,0.0,0.0,0.9999837280409707,1.6271959029384604e-05,0.0
6120,Normal,Normal,0.0,0.0,0.002679110688637779,0.9973208893113623,0.0
6121,Normal,Normal,0.0,0.0,0.0,1.0,0.0
6122,Normal,Normal,0.0,0.0018149869626856024,0.03378004649311559,0.9578012761850205,0.006603690359178165
6123,Bot,Bot,0.9817936464425903,0.0,4.1142482750476326e-05,0.018165211074659383,0.0
6124,Brute Force,Brute Force,0.0,0.5674380472842715,0.008456898306079992,0.09101664481377922,0.3330884095958693
6125,DoS/DDoS,DoS/DDoS,0.0,0.0,1.0,0.0,0.0
6126,Normal,Normal,0.0,0.0,0.0,1.0,0.0
6127,DoS/DDoS,DoS/DDoS,0.0,0.0,1.0,0.0,0.0
6128,DoS/DDoS,DoS/DDoS,0.0,0.0,1.0,0.0,0.0
6129,DoS/DDoS,DoS/DDoS,0.0,0.0,0.9987369800955982,0.0012630199044017976,0.0
6130,DoS/DDoS,DoS/DDoS,0.0,0.0,1.0,0.0,0.0
6131,DoS/DDoS,DoS/DDoS,0.0,0.0,0.999943023359281,5.697664071897986e-05,0.0
6132,DoS/DDoS,DoS/DDoS,0.0,0.0,1.0,0.0,0.0
6133,Normal,Normal,0.0,0.0,0.0,1.0,0.0
6134,Brute Force,Brute Force,0.0,1.0,0.0,0.0,0.0
6135,Bot,Bot,0.5999811870672234,0.0075,0.0068819934430903,0.38563681948968626,0.0
6136,Bot,Bot,0.999217153149784,0.0,1.4450702009829216e-06,0.0007814017800149778,0.0
6137,Bot,Bot,0.9913682654741224,0.0,0.0,0.008631734525877675,0.0
6138,Normal,Normal,0.0,0.0,0.0,1.0,0.0
6139,Normal,Normal,0.0,0.0,0.0,1.0,0.0
6140,Bot,Bot,0.9435112491467397,0.0,0.0,0.056488750853260335,0.0
6141,DoS/DDoS,DoS/DDoS,0.0,0.0,1.0,0.0,0.0
6142,DoS/DDoS,DoS/DDoS,0.0,0.0,1.0,0.0,0.0
6143,DoS/DDoS,DoS/DDoS,0.0,0.0,1.0,0.0,0.0
6144,Normal,Normal,0.0,0.0,0.0010744048530898617,0.9989255951469102,0.0
6145,Brute Force,Brute Force,0.0,0.8093258688180898,2.6136296461136454e-05,0.010906172479744472,0.17974182240570455
6146,Brute Force,Brute Force,0.0,1.0,0.0,0.0,0.0
6147,Brute Force,Brute Force,0.0005323453496325993,0.637350216865129,0.0043067131069228475,0.3316010838177579,0.02620964086055762
6148,Brute Force,Brute Force,0.0,1.0,0.0,0.0,0.0
6149,Normal,Normal,0.0025,0.0,0.010991308517625963,0.9865086914823741,0.0
6150,Normal,Normal,0.0,0.0,0.0,1.0,0.0
6151,DoS/DDoS,DoS/DDoS,0.0,0.0,1.0,0.0,0.0
6152,Normal,Normal,0.0,0.0,0.0,1.0,0.0
6153,DoS/DDoS,DoS/DDoS,0.0,0.0,1.0,0.0,0.0
6154,Normal,Normal,0.0,0.0,0.0,1.0,0.0
6155,DoS/DDoS,DoS/DDoS,0.0,0.0,1.0,0.0,0.0
6156,Normal,Normal,0.0,0.0,0.0,1.0,0.0
6157,DoS/DDoS,DoS/DDoS,0.0,0.0,1.0,0.0,0.0
6158,Brute Force,Brute Force,0.0,1.0,0.0,0.0,0.0
6159,Normal,Normal,0.0,0.0,0.0,1.0,0.0
6160,Normal,Normal,0.0,0.0,0.0,1.0,0.0
6161,Brute Force,Brute Force,0.0,1.0,0.0,0.0,0.0
6162,Bot,Bot,1.0,0.0,0.0,0.0,0.0
6163,Normal,Normal,0.0,0.007408753866788321,0.0,0.9925912461332116,0.0
6164,DoS/DDoS,DoS/DDoS,0.0,0.0,1.0,0.0,0.0
6165,Brute Force,Brute Force,0.0,1.0,0.0,0.0,0.0
6166,DoS/DDoS,DoS/DDoS,0.0,0.0,1.0,0.0,0.0
6167,Normal,Normal,0.0,0.0,0.0,1.0,0.0
6168,DoS/DDoS,DoS/DDoS,0.0,0.0,1.0,0.0,0.0
6169,DoS/DDoS,DoS/DDoS,0.0,0.0,1.0,0.0,0.0
6170,Brute Force,Brute Force,0.0,1.0,0.0,0.0,0.0
6171,Brute Force,Brute Force,0.0,1.0,0.0,0.0,0.0
6172,Normal,Normal,0.0,0.0,0.0,1.0,0.0
6173,DoS/DDoS,DoS/DDoS,0.0,0.0,1.0,0.0,0.0
6174,Normal,Normal,0.0,0.0,0.01825678281023318,0.9817432171897669,0.0
6175,Normal,Normal,0.0,0.0,0.0,1.0,0.0
6176,DoS/DDoS,DoS/DDoS,0.0,0.0,1.0,0.0,0.0
6177,DoS/DDoS,DoS/DDoS,0.0,0.0,1.0,0.0,0.0
6178,DoS/DDoS,DoS/DDoS,0.0,0.0,1.0,0.0,0.0
6179,DoS/DDoS,DoS/DDoS,0.0,0.0,1.0,0.0,0.0
6180,DoS/DDoS,DoS/DDoS,0.0,0.0,1.0,0.0,0.0
6181,Brute Force,Brute Force,0.0,1.0,0.0,0.0,0.0
6182,DoS/DDoS,DoS/DDoS,0.0,0.0,1.0,0.0,0.0
6183,DoS/DDoS,DoS/DDoS,0.0,0.0,1.0,0.0,0.0
6184,Web Attack,Web Attack,0.0,0.16827808786814302,1.25579282007367e-05,0.000709256199479676,0.8310000980041767
6185,DoS/DDoS,DoS/DDoS,0.0,0.0,1.0,0.0,0.0
6186,Normal,Normal,0.0,0.0,0.0,1.0,0.0
6187,DoS/DDoS,DoS/DDoS,0.0,0.0,1.0,0.0,0.0
6188,Normal,Normal,0.0,0.0,0.0,1.0,0.0
6189,DoS/DDoS,DoS/DDoS,0.0,0.0,1.0,0.0,0.0
6190,Normal,Normal,0.0,0.0,0.0,1.0,0.0
6191,Normal,Normal,0.0,0.0,0.0,1.0,0.0
6192,Normal,Normal,0.0068477126420370136,0.0,0.0,0.993152287357963,0.0
6193,Normal,Normal,0.0,0.0,0.0,1.0,0.0
6194,Normal,Normal,0.0,0.0,0.0,1.0,0.0
6195,Brute Force,Brute Force,0.0,1.0,0.0,0.0,0.0
6196,Normal,Normal,0.0,0.0,0.0,1.0,0.0
6197,Normal,Normal,0.0,0.0,0.0,1.0,0.0
6198,Brute Force,Brute Force,0.0,1.0,0.0,0.0,0.0
6199,Normal,Normal,0.0,0.0,0.0,1.0,0.0
6200,Normal,Normal,0.020669494772038617,0.00467510757869737,0.004810492000834023,0.9698449056484301,0.0
6201,Normal,Normal,0.0,0.0,0.0,1.0,0.0
6202,DoS/DDoS,DoS/DDoS,0.0,0.0,1.0,0.0,0.0
6203,Brute Force,Brute Force,0.0,1.0,0.0,0.0,0.0
6204,Normal,Normal,0.0,0.0,0.0,1.0,0.0
6205,DoS/DDoS,DoS/DDoS,0.0,0.0,0.9999668162769407,3.3183723059252104e-05,0.0
6206,Bot,Bot,0.9820513871230113,0.0,1.4450702009829216e-06,0.017947167806787633,0.0
6207,Normal,Normal,0.0,0.0,0.0,1.0,0.0
6208,Normal,Normal,0.0065956748467846035,0.0014006125939774851,0.030388949153510793,0.959424850578828,0.002189912826899128
6209,DoS/DDoS,DoS/DDoS,0.0,0.0,1.0,0.0,0.0
6210,DoS/DDoS,DoS/DDoS,0.0,0.0,1.0,0.0,0.0
6211,Bot,Bot,0.9998637882033281,0.0,1.4450702009829216e-06,0.00013476672647096523,0.0
6212,Normal,Normal,0.0,0.0,0.0,1.0,0.0
6213,DoS/DDoS,DoS/DDoS,0.0,0.0,1.0,0.0,0.0
6214,Bot,Bot,0.9967882802725405,0.0,1.4450702009829216e-06,0.0032102746572585587,0.0
6215,DoS/DDoS,DoS/DDoS,0.0,0.0,1.0,0.0,0.0
6216,DoS/DDoS,DoS/DDoS,0.0,0.0,1.0,0.0,0.0
6217,Normal,Normal,0.31843875772921226,0.0,1.2798589635883473e-05,0.6815484436811516,0.0
6218,DoS/DDoS,DoS/DDoS,0.0,0.0,1.0,0.0,0.0
6219,Normal,Normal,0.0,0.0,0.0,1.0,0.0
6220,Normal,Normal,0.0,0.0,0.0,1.0,0.0
6221,DoS/DDoS,DoS/DDoS,0.0,0.0,1.0,0.0,0.0
6222,Normal,Normal,0.0,0.026096829316207337,0.03687768207477688,0.9235538194363045,0.01347166917271109
6223,DoS/DDoS,DoS/DDoS,0.0,0.0,1.0,0.0,0.0
6224,Normal,Normal,0.0,0.04208188431599773,0.000526480472337129,0.8861037300532171,0.07128790515844804
6225,Normal,Normal,0.0,0.0,0.0,1.0,0.0
6226,Web Attack,Web Attack,0.0,0.08332894889362327,1.25579282007367e-05,0.0012074610489330303,0.9154510321292431
6227,DoS/DDoS,DoS/DDoS,0.0,0.0,1.0,0.0,0.0
6228,Normal,Normal,0.0,0.0,0.0,1.0,0.0
6229,Brute Force,Brute Force,0.0,1.0,0.0,0.0,0.0
6230,Normal,Normal,0.0,0.0,0.0012607104605498038,0.9987392895394502,0.0
6231,Normal,Normal,0.0,0.0,0.0,1.0,0.0
6232,DoS/DDoS,DoS/DDoS,0.0,0.0,1.0,0.0,0.0
6233,Normal,Normal,0.0,0.03627165085367291,0.00033351203019991494,0.9488644761510006,0.01453036096512656
6234,Normal,Normal,0.0,0.0,0.0,1.0,0.0
6235,Normal,Normal,0.0,0.0,0.0,1.0,0.0
6236,Bot,Bot,1.0,0.0,0.0,0.0,0.0
6237,DoS/DDoS,DoS/DDoS,0.0,0.0,1.0,0.0,0.0
6238,DoS/DDoS,DoS/DDoS,0.0,0.0,1.0,0.0,0.0
6239,Brute Force,Brute Force,0.0,1.0,0.0,0.0,0.0
6240,DoS/DDoS,DoS/DDoS,0.0,0.000192968101100968,0.9974656100909708,0.0013630815150837711,0.0009783402928444298
6241,Brute Force,Brute Force,0.0,1.0,0.0,0.0,0.0
6242,Web Attack,Web Attack,0.0,0.10322182272238489,1.4162293260255451e-05,0.0009972895580249324,0.89576672542633
6243,DoS/DDoS,DoS/DDoS,0.0,0.0,1.0,0.0,0.0
6244,DoS/DDoS,DoS/DDoS,0.0,0.0,1.0,0.0,0.0
6245,Normal,Normal,0.0,0.005042210622921842,4.385605305998185e-05,0.9936324942454638,0.0012814390785542923
6246,DoS/DDoS,DoS/DDoS,0.0,0.0,1.0,0.0,0.0
6247,Brute Force,Brute Force,0.0,0.9841596905389755,0.0,0.013388474799495493,0.0024518346615290303
6248,Normal,Normal,0.0,0.0,0.0008296277023511047,0.9991703722976489,0.0
6249,Normal,Normal,0.0,0.0022246730297451876,0.041481263933829185,0.9442136905908307,0.012080372445594855
6250,DoS/DDoS,DoS/DDoS,0.0,0.0,1.0,0.0,0.0
6251,Normal,Normal,0.0,0.0,0.0,1.0,0.0
6252,Normal,Normal,0.0,0.03591262695144458,0.0005190033556576349,0.9186266232344883,0.04494174645840955
6253,DoS/DDoS,DoS/DDoS,0.0,0.0,1.0,0.0,0.0
6254,Normal,Normal,0.0,0.0,0.0,1.0,0.0
6255,Brute Force,Brute Force,0.0,1.0,0.0,0.0,0.0
6256,Web Attack,Web Attack,0.0,0.012478427197759191,0.0025,0.02192622921316214,0.9630953435890787
6257,DoS/DDoS,DoS/DDoS,0.0,0.0,1.0,0.0,0.0
6258,Normal,Normal,0.0,0.0,0.0,1.0,0.0
6259,Brute Force,Brute Force,0.0,1.0,0.0,0.0,0.0
6260,Normal,Normal,0.0,0.0,0.0,1.0,0.0
6261,Brute Force,Brute Force,0.0,1.0,0.0,0.0,0.0
6262,Brute Force,Brute Force,0.0,1.0,0.0,0.0,0.0
6263,Normal,Normal,0.0,0.0025,0.0,0.9975,0.0
6264,Normal,Normal,0.32014228923006616,0.0,1.3297707837905709e-05,0.6798444130620958,0.0
6265,DoS/DDoS,DoS/DDoS,0.0,0.0,1.0,0.0,0.0
6266,Normal,Normal,0.0,0.0,0.0,1.0,0.0
6267,DoS/DDoS,DoS/DDoS,0.0,0.0,0.9976907084775776,0.002309291522422434,0.0
6268,DoS/DDoS,DoS/DDoS,0.0,0.0,1.0,0.0,0.0
6269,Brute Force,Web Attack,0.0,0.31827523867727475,1.25579282007367e-05,0.0012606351912918812,0.6804515682032327
6270,DoS/DDoS,DoS/DDoS,0.0,0.0,0.9999886336072914,1.1366392708614331e-05,0.0
6271,Brute Force,Brute Force,0.0,1.0,0.0,0.0,0.0
6272,DoS/DDoS,DoS/DDoS,0.0,0.0,0.9999897181194723,1.0281880527716808e-05,0.0
6273,Normal,Normal,0.0,0.0,0.0,1.0,0.0
6274,Brute Force,Brute Force,0.0,1.0,0.0,0.0,0.0
6275,DoS/DDoS,DoS/DDoS,0.0,0.0,1.0,0.0,0.0
6276,Normal,Normal,0.0,0.0,0.0,1.0,0.0
6277,Normal,Normal,0.0,0.0,0.0,1.0,0.0
6278,Normal,Normal,0.0,0.0,0.0,1.0,0.0
6279,Brute Force,Brute Force,0.0,0.9289211007654435,0.0004305763993633176,0.03466640765385859,0.03598191518133464
6280,Normal,Normal,0.0,0.0,0.0,1.0,0.0
6281,Normal,Normal,0.0,0.0,0.0,1.0,0.0
6282,DoS/DDoS,DoS/DDoS,0.0,0.0,1.0,0.0,0.0
6283,Brute Force,Brute Force,0.0,1.0,0.0,0.0,0.0
6284,Normal,Normal,0.0,0.0011978141510411273,0.0025,0.9963021858489589,0.0
6285,Bot,Bot,0.9998637882033281,0.0,1.4450702009829216e-06,0.00013476672647096523,0.0
6286,Normal,Normal,0.0010769146987024828,0.057157659067403846,0.007963819457267735,0.9107493617797002,0.02305224499692575
6287,Brute Force,Brute Force,0.0,1.0,0.0,0.0,0.0
6288,DoS/DDoS,DoS/DDoS,0.0,0.0,0.999943023359281,5.697664071897986e-05,0.0
6289,Brute Force,Brute Force,0.0,1.0,0.0,0.0,0.0
6290,Brute Force,Brute Force,0.0,1.0,0.0,0.0,0.0
6291,Normal,Normal,0.0,0.0,0.001008683939011808,0.9989913160609882,0.0
6292,Normal,Normal,0.0,0.0,0.0,1.0,0.0
6293,DoS/DDoS,DoS/DDoS,0.0,0.0,1.0,0.0,0.0
6294,Brute Force,Brute Force,0.0,1.0,0.0,0.0,0.0
6295,Normal,Normal,0.0,0.0,0.0,1.0,0.0
6296,Brute Force,Brute Force,0.0,0.9980960098560658,0.0,0.001903990143934167,0.0
6297,Brute Force,Brute Force,0.0,1.0,0.0,0.0,0.0
6298,Brute Force,Brute Force,0.0,1.0,0.0,0.0,0.0
6299,DoS/DDoS,DoS/DDoS,0.0,0.009022823376973691,0.9462348668190772,0.041664270057950197,0.0030780397459989573
6300,DoS/DDoS,DoS/DDoS,0.0,0.0,1.0,0.0,0.0
6301,DoS/DDoS,DoS/DDoS,0.0,0.0,0.9983182742568056,0.0016817257431944537,0.0
6302,Normal,Normal,0.0,0.0,0.0,1.0,0.0
6303,DoS/DDoS,DoS/DDoS,0.0,0.0,0.9999714047472551,2.8595252744989888e-05,0.0
6304,Normal,Normal,0.0025,0.0,0.01083288218226229,0.9866671178177377,0.0
6305,Bot,Bot,0.9991322996676466,0.0,1.4450702009829216e-06,0.0008662552621524337,0.0
6306,Normal,Normal,0.0,0.0,0.0,1.0,0.0
6307,Bot,Bot,0.9999349373323629,0.0,1.4450702009829216e-06,6.361759743604334e-05,0.0
6308,Brute Force,Brute Force,0.0,1.0,0.0,0.0,0.0
6309,DoS/DDoS,DoS/DDoS,0.0,0.0,1.0,0.0,0.0
6310,DoS/DDoS,DoS/DDoS,0.0,0.0,1.0,0.0,0.0
6311,Normal,Normal,0.006139335444565561,0.019796062942642204,0.014009008170449857,0.9426803724200142,0.017375221022328066
6312,Normal,Normal,0.0,0.0057703875705344045,0.0,0.9942296124294656,0.0
6313,Normal,Normal,0.0,0.0016280096681230826,0.004161417727283904,0.994210572604593,0.0
6314,DoS/DDoS,DoS/DDoS,0.0,0.0,0.9999684058604776,3.1594139522391764e-05,0.0
6315,Brute Force,Brute Force,0.0,1.0,0.0,0.0,0.0
6316,Web Attack,Web Attack,0.0,0.2218959085766865,1.25579282007367e-05,0.006392621063446512,0.7716989124316663
6317,Normal,Normal,0.004764130438902198,0.001207401629398509,0.0012590134529147983,0.9927694544787845,0.0
6318,Normal,Normal,0.0,0.0,0.0,1.0,0.0
6319,Normal,Normal,0.0,0.06964023797950383,1.233285489663589e-05,0.6705084235163209,0.25983900564927864
6320,Brute Force,Brute Force,0.0,1.0,0.0,0.0,0.0
6321,DoS/DDoS,DoS/DDoS,0.0,0.0,0.9999714047472551,2.8595252744989888e-05,0.0
6322,DoS/DDoS,DoS/DDoS,0.0,0.0,1.0,0.0,0.0
6323,Normal,Normal,0.0,0.0,0.0,1.0,0.0
6324,Normal,Normal,0.0,0.0,0.0025,0.9975,0.0
6325,Bot,Bot,0.9805501460624398,0.0,3.8792083567466685e-05,0.019411061853992672,0.0
6326,DoS/DDoS,DoS/DDoS,0.0,0.0,1.0,0.0,0.0
6327,DoS/DDoS,DoS/DDoS,0.0,0.0,1.0,0.0,0.0
6328,DoS/DDoS,DoS/DDoS,0.0,0.0,1.0,0.0,0.0
6329,Normal,Normal,0.0,0.0016212905935050392,0.005874063619316799,0.9925046457871782,0.0
6330,Normal,Normal,0.010165830846257438,0.00232188381257204,0.0,0.9854825197153416,0.002029765625828895
6331,Brute Force,Brute Force,0.0,0.7749741721371857,3.393955286038349e-05,0.0018351216438131388,0.2231567666661408
6332,Brute Force,Brute Force,0.0,1.0,0.0,0.0,0.0
6333,Normal,Normal,0.0,0.0,0.0,1.0,0.0
6334,DoS/DDoS,DoS/DDoS,0.0,0.0,0.9999897181194723,1.0281880527716808e-05,0.0
6335,Normal,Normal,0.0,0.0,0.0,1.0,0.0
6336,Normal,Normal,0.0,0.0,0.0022851918985395646,0.9977148081014604,0.0
6337,Normal,Normal,0.0,0.0,0.0012507127075760815,0.998749287292424,0.0
6338,Normal,Normal,0.0,0.0,0.0,1.0,0.0
6339,Normal,Normal,0.0,0.0,0.0,1.0,0.0
6340,Normal,Normal,0.0,0.057913686414427734,0.00023814264390738203,0.9237686127056283,0.018079558236036613
6341,Normal,Normal,0.0,0.0,0.0,1.0,0.0
6342,Normal,Normal,0.00958502029533466,0.005,0.05644921191316385,0.9289657677915014,0.0
6343,DoS/DDoS,DoS/DDoS,0.0,0.0,0.999943023359281,5.697664071897986e-05,0.0
6344,DoS/DDoS,DoS/DDoS,0.0,0.0,1.0,0.0,0.0
6345,DoS/DDoS,DoS/DDoS,0.0,0.0,1.0,0.0,0.0
6346,Brute Force,Brute Force,0.0,1.0,0.0,0.0,0.0
6347,Normal,Normal,0.0,0.0,0.0,1.0,0.0
6348,DoS/DDoS,DoS/DDoS,0.0,0.0,1.0,0.0,0.0
6349,DoS/DDoS,DoS/DDoS,0.0,0.0,0.9975,0.0025,0.0
6350,DoS/DDoS,DoS/DDoS,0.0,0.0,1.0,0.0,0.0
6351,Normal,Normal,0.00012021747610021155,0.014335023746118933,0.0002525838799176189,0.9820704297691898,0.0032217451286734615
6352,DoS/DDoS,DoS/DDoS,0.0,0.0,1.0,0.0,0.0
6353,Normal,Normal,0.0,0.008537190582522601,0.0001779132773611612,0.9877827053248215,0.003502190815294726
6354,Normal,Normal,0.0,0.0,0.0,1.0,0.0
6355,DoS/DDoS,DoS/DDoS,0.0,0.0,1.0,0.0,0.0
6356,Normal,Normal,0.0,0.0,0.0,1.0,0.0
6357,Brute Force,Brute Force,0.0,1.0,0.0,0.0,0.0
6358,Brute Force,Brute Force,0.0,1.0,0.0,0.0,0.0
6359,Brute Force,Brute Force,0.0,1.0,0.0,0.0,0.0
6360,Normal,Normal,0.0,0.0,0.0,1.0,0.0
6361,Normal,Normal,0.0,0.0,0.0,1.0,0.0
6362,Brute Force,Brute Force,0.0,1.0,0.0,0.0,0.0
6363,Normal,Normal,0.14094436487220763,0.0016462961241751092,0.015418876347128959,0.8419904626564882,0.0
6364,DoS/DDoS,DoS/DDoS,0.0,0.0,1.0,0.0,0.0
6365,Normal,Normal,0.002435489203250335,0.00327866062334221,0.006918760680628104,0.9873670894927793,0.0
6366,DoS/DDoS,DoS/DDoS,0.0,0.0,1.0,0.0,0.0
6367,DoS/DDoS,DoS/DDoS,0.0,0.0,1.0,0.0,0.0
6368,Brute Force,Brute Force,0.0,1.0,0.0,0.0,0.0
6369,Bot,Bot,1.0,0.0,0.0,0.0,0.0
6370,Normal,Normal,0.0,0.0,0.001242566454109049,0.998757433545891,0.0
6371,Normal,Normal,0.0189858487864822,0.0,0.015849042228995434,0.9651651089845222,0.0
6372,Normal,Normal,0.0,0.0,0.0012510247727677776,0.9987489752272323,0.0
6373,DoS/DDoS,DoS/DDoS,0.0,0.0,1.0,0.0,0.0
6374,Normal,Normal,0.0,0.014430399360070211,0.026073186707522056,0.9594964139324077,0.0
6375,Normal,Normal,0.0,0.0,0.0024852916817098454,0.9975147083182901,0.0
6376,DoS/DDoS,DoS/DDoS,0.0,0.0,1.0,0.0,0.0
6377,Normal,Normal,0.0,0.0,0.0,1.0,0.0
6378,Normal,Normal,0.0,0.0,0.0,1.0,0.0
6379,Normal,Normal,0.0,0.0,0.0025,0.9975,0.0
6380,Normal,Normal,0.3957594457093402,0.0,0.00029552205915326106,0.6039450322315065,0.0
6381,DoS/DDoS,DoS/DDoS,0.0,0.0,1.0,0.0,0.0
6382,Normal,Normal,0.0,0.0,0.0,1.0,0.0
6383,DoS/DDoS,DoS/DDoS,0.0,0.0,1.0,0.0,0.0
6384,Normal,Normal,0.0,0.0,0.0,1.0,0.0
6385,DoS/DDoS,DoS/DDoS,0.0,0.0,1.0,0.0,0.0
6386,Normal,Normal,0.0,0.0,0.0,1.0,0.0
6387,Brute Force,Web Attack,0.0,0.10966335591105708,1.25579282007367e-05,0.001245707342228094,0.8890783788185144
6388,Brute Force,Brute Force,0.0,1.0,0.0,0.0,0.0
6389,DoS/DDoS,DoS/DDoS,0.0,0.0,0.9897870377877918,0.010212962212208156,0.0
6390,Brute Force,Brute Force,0.0,1.0,0.0,0.0,0.0
6391,Normal,Normal,0.0,0.05862044587873773,0.0002413131508120001,0.9008748728476612,0.040263368122789085
6392,Normal,Normal,0.0,0.0,0.0,1.0,0.0
6393,DoS/DDoS,DoS/DDoS,0.0,0.0,1.0,0.0,0.0
6394,Brute Force,Brute Force,0.0,0.8035100265825526,0.053599277401838466,0.11871113375314826,0.024179562262460715
6395,DoS/DDoS,DoS/DDoS,0.0,0.0,1.0,0.0,0.0
6396,Brute Force,Brute Force,0.0,1.0,0.0,0.0,0.0
6397,DoS/DDoS,DoS/DDoS,0.0,0.029284001473527443,0.8796779927344159,0.07916283641061098,0.01187516938144554
6398,Normal,Normal,0.0,0.0,0.0,1.0,0.0
6399,Normal,Normal,0.0,0.0,0.0025,0.9975,0.0
6400,Normal,Normal,0.0,0.0,0.0,1.0,0.0
6401,DoS/DDoS,DoS/DDoS,0.0,0.0,1.0,0.0,0.0
6402,Brute Force,Brute Force,0.0,1.0,0.0,0.0,0.0
6403,Normal,Normal,0.0,0.001623212295690936,0.0,0.998376787704309,0.0
6404,Normal,Normal,0.0,0.004761128517489038,0.0001627662403033889,0.9926890301150836,0.0023870751271239895
6405,DoS/DDoS,DoS/DDoS,0.0,0.0,0.9996162684127649,0.0003837315872352241,0.0
6406,Normal,Normal,0.0,0.0,0.0,1.0,0.0
6407,Normal,Normal,0.0,0.0,0.0,1.0,0.0
6408,Brute Force,Web Attack,0.0,0.4124881691378921,3.53863302309046e-05,0.0038989778534958353,0.5835774666783813
6409,DoS/DDoS,DoS/DDoS,0.0,0.0,1.0,0.0,0.0
6410,DoS/DDoS,DoS/DDoS,0.0,0.0,1.0,0.0,0.0
6411,DoS/DDoS,DoS/DDoS,0.0,0.0,1.0,0.0,0.0
6412,Brute Force,Brute Force,0.0,1.0,0.0,0.0,0.0
6413,Normal,Normal,0.0,0.0,0.0,1.0,0.0
6414,DoS/DDoS,DoS/DDoS,0.0,0.0,0.9999897181194723,1.0281880527716808e-05,0.0
6415,Normal,Normal,0.0,0.0,0.0,1.0,0.0
6416,DoS/DDoS,DoS/DDoS,0.0,0.0,1.0,0.0,0.0
6417,DoS/DDoS,DoS/DDoS,0.0,0.0,1.0,0.0,0.0
6418,DoS/DDoS,DoS/DDoS,0.0,0.0,1.0,0.0,0.0
6419,Brute Force,Brute Force,0.0,1.0,0.0,0.0,0.0
6420,DoS/DDoS,DoS/DDoS,0.0,0.0,0.9983424942255139,0.0016575057744861032,0.0
6421,DoS/DDoS,DoS/DDoS,0.0,0.0,1.0,0.0,0.0
6422,Normal,Normal,0.0,0.007010106311425748,0.0008476174560733385,0.989642276232501,0.0025
6423,DoS/DDoS,DoS/DDoS,0.0,0.0,1.0,0.0,0.0
6424,DoS/DDoS,DoS/DDoS,0.0,0.0,1.0,0.0,0.0
6425,DoS/DDoS,DoS/DDoS,0.0,0.0,0.9999714047472551,2.8595252744989888e-05,0.0
6426,Bot,Bot,0.9703841062290877,0.0,1.4450702009829216e-06,0.02961444870071144,0.0
6427,DoS/DDoS,DoS/DDoS,0.0,0.0,1.0,0.0,0.0
6428,Normal,Normal,0.0,0.0,0.0,1.0,0.0
6429,Normal,Normal,0.0,0.0,0.0,1.0,0.0
6430,Normal,Normal,0.0,0.0,0.0,1.0,0.0
6431,DoS/DDoS,DoS/DDoS,0.0,0.0,1.0,0.0,0.0
6432,Normal,Normal,0.0,0.002124357812027803,0.0,0.9978756421879722,0.0
6433,DoS/DDoS,DoS/DDoS,0.0,0.00033326288283441573,0.9969651911811204,0.002701545936045286,0.0
6434,Brute Force,Brute Force,0.0,0.5255001074062486,1.4162293260255451e-05,0.0023710036070452595,0.4721147266934459
6435,Brute Force,Brute Force,0.0,1.0,0.0,0.0,0.0
6436,DoS/DDoS,DoS/DDoS,0.0,0.0,1.0,0.0,0.0
6437,Normal,Normal,0.0,0.0,0.0,1.0,0.0
6438,Brute Force,Brute Force,0.0,1.0,0.0,0.0,0.0
6439,DoS/DDoS,DoS/DDoS,0.0,0.0,1.0,0.0,0.0
6440,Normal,Normal,0.0,0.0,0.0,1.0,0.0
6441,DoS/DDoS,DoS/DDoS,0.0,0.0,1.0,0.0,0.0
6442,Brute Force,Brute Force,0.0,1.0,0.0,0.0,0.0
6443,Normal,Normal,0.0,0.0,0.0,1.0,0.0
6444,DoS/DDoS,DoS/DDoS,0.0,0.0,1.0,0.0,0.0
6445,Normal,Normal,0.0,0.0,0.0,1.0,0.0
6446,Normal,Normal,0.0,0.0,0.0,1.0,0.0
6447,Normal,Normal,0.0,0.0,0.0,1.0,0.0
6448,Normal,Normal,0.0,0.002320588302053871,0.018763062370654317,0.9757308881909756,0.003185461136316135
6449,DoS/DDoS,DoS/DDoS,0.0,0.0,1.0,0.0,0.0
6450,Brute Force,Brute Force,0.0,1.0,0.0,0.0,0.0
6451,Brute Force,Brute Force,0.0,1.0,0.0,0.0,0.0
6452,DoS/DDoS,DoS/DDoS,0.0,0.0,1.0,0.0,0.0
6453,DoS/DDoS,DoS/DDoS,0.0,0.0,0.9999897181194723,1.0281880527716808e-05,0.0
6454,DoS/DDoS,DoS/DDoS,0.0,0.0,1.0,0.0,0.0
6455,Normal,Normal,0.0,0.051476376225485336,0.07164372707809752,0.8768798966964173,0.0
6456,Normal,Normal,0.0,0.0,0.0,1.0,0.0
6457,Normal,Normal,0.0,0.0,0.0,1.0,0.0
6458,Normal,Normal,0.0,0.0,0.0,1.0,0.0
6459,Brute Force,Brute Force,0.0,1.0,0.0,0.0,0.0
6460,DoS/DDoS,DoS/DDoS,0.0,0.0,1.0,0.0,0.0
6461,Normal,Normal,0.0,0.0,0.0,1.0,0.0
6462,Normal,Normal,0.0,0.0,0.0,1.0,0.0
6463,Normal,Normal,0.0,0.0,0.0,1.0,0.0
6464,Normal,Normal,0.0,0.0,0.0,1.0,0.0
6465,Normal,Normal,0.0,0.0,0.0,1.0,0.0
6466,DoS/DDoS,DoS/DDoS,0.0,0.0,1.0,0.0,0.0
6467,Brute Force,Brute Force,0.0,1.0,0.0,0.0,0.0
6468,Normal,Normal,0.0,0.0,0.0,1.0,0.0
6469,Normal,Normal,0.0,0.0,0.0,1.0,0.0
6470,Normal,Normal,0.0,0.0,0.0,1.0,0.0
6471,Brute Force,Brute Force,0.0,1.0,0.0,0.0,0.0
6472,DoS/DDoS,DoS/DDoS,0.0,0.0,1.0,0.0,0.0
6473,DoS/DDoS,DoS/DDoS,0.0,0.0,1.0,0.0,0.0
6474,DoS/DDoS,DoS/DDoS,0.0,0.0,1.0,0.0,0.0
6475,Brute Force,Brute Force,0.0,0.9369791568267467,0.0004421829387926984,0.026422605437078268,0.03615605479738223
6476,DoS/DDoS,DoS/DDoS,0.0,0.0012074173569796278,0.8907228897796791,0.10806969286334123,0.0
6477,DoS/DDoS,DoS/DDoS,0.0,0.0,0.9999886336072914,1.1366392708614331e-05,0.0
6478,Brute Force,Brute Force,0.0,1.0,0.0,0.0,0.0
6479,Normal,Normal,0.0,0.0,0.0,1.0,0.0
6480,DoS/DDoS,DoS/DDoS,0.0,0.0,1.0,0.0,0.0
6481,Brute Force,Web Attack,0.0,0.38288770025803065,1.25579282007367e-05,0.0006825132083823388,0.6164172286053864
6482,Normal,Normal,0.0,0.0,0.0,1.0,0.0
6483,DoS/DDoS,DoS/DDoS,0.0,0.0,0.9999837280409707,1.6271959029384604e-05,0.0
6484,DoS/DDoS,DoS/DDoS,0.0,0.0,1.0,0.0,0.0
6485,DoS/DDoS,DoS/DDoS,0.0,0.0,1.0,0.0,0.0
6486,DoS/DDoS,DoS/DDoS,0.0,0.0,0.9999886336072914,1.1366392708614331e-05,0.0
6487,Normal,Normal,0.0,0.0,0.0,1.0,0.0
6488,Brute Force,Brute Force,0.0,1.0,0.0,0.0,0.0
6489,DoS/DDoS,DoS/DDoS,0.0,0.0,1.0,0.0,0.0
6490,Brute Force,Brute Force,0.0,1.0,0.0,0.0,0.0
6491,Normal,Normal,0.0,0.0,0.0,1.0,0.0
6492,DoS/DDoS,DoS/DDoS,0.0,0.0,1.0,0.0,0.0
6493,Normal,Normal,0.0,0.0,0.0,1.0,0.0
6494,DoS/DDoS,DoS/DDoS,0.0,0.0,1.0,0.0,0.0
6495,Normal,Normal,0.0,0.0,0.0,1.0,0.0
6496,DoS/DDoS,DoS/DDoS,0.0,0.0,1.0,0.0,0.0
6497,DoS/DDoS,DoS/DDoS,0.0,0.0,0.997868353275147,0.0021316467248530036,0.0
6498,DoS/DDoS,DoS/DDoS,0.0,0.0,1.0,0.0,0.0
6499,Normal,Normal,0.0,0.0,0.0,1.0,0.0
6500,DoS/DDoS,DoS/DDoS,0.0,0.0,0.9999837280409707,1.6271959029384604e-05,0.0
6501,Normal,Normal,0.0,0.0,0.0,1.0,0.0
6502,Normal,Normal,0.0,0.0,0.0,1.0,0.0
6503,DoS/DDoS,DoS/DDoS,0.0,0.0,0.9999897181194723,1.0281880527716808e-05,0.0
6504,Normal,Normal,0.0,0.0009587077040718793,0.0839117374649928,0.9151295548309353,0.0
6505,DoS/DDoS,DoS/DDoS,0.0,0.0,1.0,0.0,0.0
6506,DoS/DDoS,DoS/DDoS,0.0,0.0,0.9999897181194723,1.0281880527716808e-05,0.0
6507,Normal,Normal,0.0,0.0,0.0,1.0,0.0
6508,Normal,Normal,0.0,0.0,0.0,1.0,0.0
6509,Brute Force,Brute Force,0.0,0.5343670624718146,0.001912600817901353,0.005884218443311964,0.45783611826697224
6510,Brute Force,Brute Force,0.0,1.0,0.0,0.0,0.0
6511,Brute Force,Brute Force,0.0,1.0,0.0,0.0,0.0
6512,DoS/DDoS,DoS/DDoS,0.0,0.0,1.0,0.0,0.0
6513,Normal,Normal,0.002382484421565971,0.0,0.0,0.997617515578434,0.0
6514,DoS/DDoS,DoS/DDoS,0.0,0.0,1.0,0.0,0.0
6515,DoS/DDoS,DoS/DDoS,0.0,0.0,1.0,0.0,0.0
6516,DoS/DDoS,DoS/DDoS,0.0,0.0,0.9999684058604776,3.1594139522391764e-05,0.0
6517,Normal,Normal,0.0,0.0,0.0,1.0,0.0
6518,Normal,Normal,0.0,0.0,0.0012514270424545128,0.9987485729575455,0.0
6519,DoS/DDoS,DoS/DDoS,0.0,0.0,1.0,0.0,0.0
6520,Normal,Normal,0.0,0.0,0.0,1.0,0.0
6521,DoS/DDoS,DoS/DDoS,0.0,0.0,1.0,0.0,0.0
6522,Normal,Normal,0.0,0.0,0.023217433074282208,0.9767825669257177,0.0
6523,Brute Force,Web Attack,0.0,0.19181312633150097,1.4162293260255451e-05,0.0011620382511572458,0.8070106731240816
6524,Normal,Normal,0.0,0.0,0.0,1.0,0.0
6525,Brute Force,Brute Force,0.0,1.0,0.0,0.0,0.0
6526,Normal,Normal,0.0,0.0,0.0,1.0,0.0
6527,DoS/DDoS,DoS/DDoS,0.0,0.0,1.0,0.0,0.0
6528,Bot,Bot,1.0,0.0,0.0,0.0,0.0
6529,DoS/DDoS,DoS/DDoS,0.0,0.0,1.0,0.0,0.0
6530,Bot,Bot,0.940112386934518,0.0,0.0002781034248141446,0.05960950964066783,0.0
6531,DoS/DDoS,DoS/DDoS,0.0,0.0,0.9975,0.0025,0.0
6532,DoS/DDoS,DoS/DDoS,0.0,0.0,0.9999897181194723,1.0281880527716808e-05,0.0
6533,Normal,Normal,0.0,0.0,0.0,1.0,0.0
6534,Brute Force,Brute Force,0.0,0.7071908558648743,3.748096830746594e-05,0.002315884024901412,0.2904557791419168
6535,Web Attack,Web Attack,0.0,0.3428705968189153,1.5884675081370873e-05,0.008246721996138948,0.6488667965098645
6536,Normal,Normal,0.0,0.0,0.0,1.0,0.0
6537,Brute Force,Brute Force,0.0,1.0,0.0,0.0,0.0
6538,Brute Force,Brute Force,0.0,1.0,0.0,0.0,0.0
6539,DoS/DDoS,DoS/DDoS,0.0,0.0,1.0,0.0,0.0
6540,DoS/DDoS,DoS/DDoS,0.0,0.0,0.9999684058604776,3.1594139522391764e-05,0.0
6541,Normal,Normal,0.0,0.0,0.006663247047596327,0.9933367529524038,0.0
6542,DoS/DDoS,DoS/DDoS,0.0,0.0,1.0,0.0,0.0
6543,Normal,Normal,0.0,0.0,0.0,1.0,0.0
6544,DoS/DDoS,DoS/DDoS,0.0,0.0,1.0,0.0,0.0
6545,DoS/DDoS,DoS/DDoS,0.0,0.0,1.0,0.0,0.0
6546,Normal,Normal,0.0,0.0,0.0012738051077943364,0.9987261948922056,0.0
6547,Brute Force,Brute Force,0.0,1.0,0.0,0.0,0.0
6548,Normal,Normal,0.0,0.0,0.0,1.0,0.0
6549,Normal,Normal,0.0,0.09774108253281691,1.0231829977101238e-05,0.6619575363823172,0.24029114925488887
6550,DoS/DDoS,DoS/DDoS,0.0,0.0,1.0,0.0,0.0
6551,DoS/DDoS,DoS/DDoS,0.0,0.003619077654047842,0.9802176973948934,0.016163224951058788,0.0
6552,Brute Force,Brute Force,0.0,1.0,0.0,0.0,0.0
6553,Brute Force,Brute Force,0.0,1.0,0.0,0.0,0.0
6554,Brute Force,Brute Force,0.0,1.0,0.0,0.0,0.0
6555,Brute Force,Brute Force,0.0,1.0,0.0,0.0,0.0
6556,DoS/DDoS,DoS/DDoS,0.0,0.0,1.0,0.0,0.0
6557,Bot,Bot,0.9127453958334444,0.0,6.359922924857608e-05,0.08719100493730696,0.0
6558,Normal,Normal,0.0,0.0,0.0,1.0,0.0
6559,DoS/DDoS,DoS/DDoS,0.0,0.0,1.0,0.0,0.0
6560,DoS/DDoS,DoS/DDoS,0.0,0.0,1.0,0.0,0.0
6561,Normal,Normal,0.0,0.0,0.0,1.0,0.0
6562,Normal,Normal,0.0,0.0,0.0,1.0,0.0
6563,Brute Force,Brute Force,0.0,1.0,0.0,0.0,0.0
6564,Brute Force,Brute Force,0.0,1.0,0.0,0.0,0.0
6565,Brute Force,Brute Force,0.0,1.0,0.0,0.0,0.0
6566,Normal,Normal,0.0,0.0,0.0,1.0,0.0
6567,Brute Force,Web Attack,0.0,0.14744339684065755,1.4162293260255451e-05,0.0007816497772364684,0.8517607910888458
6568,Normal,Normal,0.0,0.0,0.0,1.0,0.0
6569,Normal,Normal,0.0,0.0,0.0,1.0,0.0
6570,Normal,Normal,0.0,0.0,0.0,1.0,0.0
6571,DoS/DDoS,DoS/DDoS,0.0,0.0,1.0,0.0,0.0
6572,Brute Force,Brute Force,0.0,1.0,0.0,0.0,0.0
6573,DoS/DDoS,DoS/DDoS,0.0,0.001976803394625177,0.9909432116441363,0.007079984961238496,0.0
6574,DoS/DDoS,DoS/DDoS,0.0,0.0,1.0,0.0,0.0
6575,Brute Force,Brute Force,0.0,0.9902502244532322,0.0033733798137663192,0.006376395733001494,0.0
6576,DoS/DDoS,DoS/DDoS,0.0,0.0,1.0,0.0,0.0
6577,Normal,Normal,0.0,0.0,0.0,1.0,0.0
6578,Normal,Normal,0.0,0.0016313440508458734,0.007531339063752616,0.9884215086954428,0.0024158081899587997
6579,DoS/DDoS,DoS/DDoS,0.0,0.0,1.0,0.0,0.0
6580,DoS/DDoS,DoS/DDoS,0.0,0.0,0.9999886336072914,1.1366392708614331e-05,0.0
6581,DoS/DDoS,DoS/DDoS,0.0,0.0,1.0,0.0,0.0
6582,Normal,Normal,0.0,0.0,0.0,1.0,0.0
6583,Normal,Normal,0.0,0.0,0.0,1.0,0.0
6584,Brute Force,Brute Force,0.0,1.0,0.0,0.0,0.0
6585,Normal,Normal,0.0,0.0,0.0,1.0,0.0
6586,Normal,Normal,0.0,0.005384484140102178,0.0035744048530898615,0.9886944073797956,0.0023467036270122237
6587,Normal,Normal,0.0,0.0,0.0,1.0,0.0
6588,Normal,Normal,0.0,0.0,0.0,1.0,0.0
6589,Normal,Normal,0.0,0.0,0.0,1.0,0.0
6590,Normal,Normal,0.0,0.0,0.0,1.0,0.0
6591,Normal,Normal,0.0,0.0,0.0,1.0,0.0
6592,Normal,Normal,0.36557140475578165,0.0,0.0003176497633596187,0.6341109454808587,0.0
6593,Brute Force,Brute Force,0.0,1.0,0.0,0.0,0.0
6594,Normal,Normal,0.0,0.0037118214632791894,0.031011457665257723,0.9652767208714631,0.0
6595,Brute Force,Brute Force,0.0,1.0,0.0,0.0,0.0
6596,DoS/DDoS,DoS/DDoS,0.0,0.0,1.0,0.0,0.0
6597,DoS/DDoS,DoS/DDoS,0.0,0.0,1.0,0.0,0.0
6598,Normal,Normal,0.0,0.0,0.0,1.0,0.0
6599,Normal,Normal,0.0,0.0020026948003931035,0.001260026498603452,0.9967372787010035,0.0
6600,DoS/DDoS,DoS/DDoS,0.0,0.0,1.0,0.0,0.0
6601,Normal,Normal,0.0,0.0,0.0,1.0,0.0
6602,DoS/DDoS,DoS/DDoS,0.0,0.0,0.9999886336072914,1.1366392708614331e-05,0.0
6603,DoS/DDoS,DoS/DDoS,0.0,0.0,0.9999714047472551,2.8595252744989888e-05,0.0
6604,Normal,Normal,0.002272269508154116,0.07818073594118954,0.0020540612171892113,0.857629195004752,0.05986373832871511
6605,Brute Force,Brute Force,0.0,1.0,0.0,0.0,0.0
6606,DoS/DDoS,DoS/DDoS,0.0,0.0,1.0,0.0,0.0
6607,Normal,Normal,0.0,0.011980081497956626,0.028339944504732054,0.9596799739973112,0.0
6608,DoS/DDoS,DoS/DDoS,0.0,0.0,1.0,0.0,0.0
6609,DoS/DDoS,DoS/DDoS,0.0,0.0,0.9999897181194723,1.0281880527716808e-05,0.0
6610,DoS/DDoS,DoS/DDoS,0.0,0.0,1.0,0.0,0.0
6611,Normal,Normal,0.0,0.0012929512150812639,0.025539058916561247,0.9707783877519638,0.002389602116393734
6612,Normal,Normal,0.0,0.010703701660376083,0.0002078807368309635,0.9829825627235129,0.006105854879280056
6613,Brute Force,Brute Force,0.0,1.0,0.0,0.0,0.0
6614,Normal,Normal,0.0,0.007367265977198557,0.04108364943040425,0.9490764954632329,0.0024725891291642313
6615,Normal,Normal,0.0,0.0,0.0,1.0,0.0
6616,Brute Force,Brute Force,0.0,1.0,0.0,0.0,0.0
6617,Normal,Normal,0.0,0.0,0.0004961785800858393,0.9995038214199141,0.0
6618,Bot,Bot,1.0,0.0,0.0,0.0,0.0
6619,Normal,Normal,0.0,0.0,0.0,1.0,0.0
6620,Brute Force,Brute Force,0.0,1.0,0.0,0.0,0.0
6621,Normal,Normal,0.0,0.0,0.0,1.0,0.0
6622,DoS/DDoS,DoS/DDoS,0.0,0.0,1.0,0.0,0.0
6623,Normal,Normal,0.0,0.0,0.0,1.0,0.0
6624,DoS/DDoS,DoS/DDoS,0.0,0.0,1.0,0.0,0.0
6625,DoS/DDoS,DoS/DDoS,0.0,0.0,1.0,0.0,0.0
6626,Normal,Normal,0.0,0.0,0.0,1.0,0.0
6627,Brute Force,Brute Force,0.0,1.0,0.0,0.0,0.0
6628,DoS/DDoS,DoS/DDoS,0.0,0.0,1.0,0.0,0.0
6629,Brute Force,Brute Force,0.0,0.6705640495461275,3.5554519839800734e-05,0.001914071326429579,0.3274863246076032
6630,Normal,Normal,0.0,0.0,0.0012505358291062371,0.9987494641708937,0.0
6631,Normal,Normal,0.0,0.0,0.0,1.0,0.0
6632,Normal,Normal,0.0,0.0,0.0,1.0,0.0
6633,DoS/DDoS,DoS/DDoS,0.0,0.0,1.0,0.0,0.0
6634,DoS/DDoS,DoS/DDoS,0.0,0.0,0.9999837280409707,1.6271959029384604e-05,0.0
6635,Normal,Normal,0.0,0.0,0.025312928349279642,0.9746870716507203,0.0
6636,Normal,Normal,0.0,0.0,0.0,1.0,0.0
6637,DoS/DDoS,DoS/DDoS,0.0,0.0,1.0,0.0,0.0
6638,DoS/DDoS,DoS/DDoS,0.0,0.0,1.0,0.0,0.0
6639,DoS/DDoS,DoS/DDoS,0.0,0.0,0.999947412742351,5.25872576490401e-05,0.0
6640,DoS/DDoS,DoS/DDoS,0.0,0.0,0.996708054244217,0.0008318226271974812,0.0024601231285854203
6641,Brute Force,Brute Force,0.0,1.0,0.0,0.0,0.0
6642,DoS/DDoS,DoS/DDoS,0.0,0.0,1.0,0.0,0.0
6643,DoS/DDoS,DoS/DDoS,0.0,0.0,1.0,0.0,0.0
6644,DoS/DDoS,DoS/DDoS,0.0,0.0,1.0,0.0,0.0
6645,Normal,Normal,0.0,0.0,0.0,1.0,0.0
6646,Normal,Normal,0.0,0.0053599268814316006,0.01008237778188186,0.9845576953366866,0.0
6647,DoS/DDoS,DoS/DDoS,0.0,0.0,0.9999897181194723,1.0281880527716808e-05,0.0
6648,Brute Force,Brute Force,0.0,1.0,0.0,0.0,0.0
6649,Brute Force,Brute Force,0.0,1.0,0.0,0.0,0.0
6650,DoS/DDoS,DoS/DDoS,0.0,0.0075,0.9722896683644517,0.020210331635548355,0.0
6651,Normal,Normal,0.0,0.007403399577701574,0.0031281779094039356,0.9894684225128945,0.0
6652,Brute Force,Brute Force,0.0,1.0,0.0,0.0,0.0
6653,Normal,Normal,0.0,0.0,0.0,1.0,0.0
6654,DoS/DDoS,DoS/DDoS,0.0,0.0,1.0,0.0,0.0
6655,Normal,Normal,0.0,0.0,0.01708575402886112,0.9829142459711389,0.0
6656,DoS/DDoS,DoS/DDoS,0.0,0.0,1.0,0.0,0.0
6657,Normal,Normal,0.0,0.0,8.243825682424573e-05,0.9975,0.0024175617431757544
6658,DoS/DDoS,DoS/DDoS,0.0,0.0008531739364402641,0.9922712481433886,0.002750234074979676,0.00412534384519145
6659,DoS/DDoS,DoS/DDoS,0.0,0.0,1.0,0.0,0.0
6660,Brute Force,Brute Force,0.0,1.0,0.0,0.0,0.0
6661,Brute Force,Brute Force,0.0,1.0,0.0,0.0,0.0
6662,DoS/DDoS,DoS/DDoS,0.0,0.0,1.0,0.0,0.0
6663,DoS/DDoS,DoS/DDoS,0.0,0.0,1.0,0.0,0.0
6664,Normal,Normal,0.0,0.0,0.0,1.0,0.0
6665,Brute Force,Brute Force,0.0,1.0,0.0,0.0,0.0
6666,Normal,Normal,0.0,0.0,0.12126193993711354,0.8787380600628865,0.0
6667,DoS/DDoS,DoS/DDoS,0.0,0.0,1.0,0.0,0.0
6668,DoS/DDoS,DoS/DDoS,0.0,0.0,0.9886302725810187,0.011369727418981285,0.0
6669,DoS/DDoS,DoS/DDoS,0.0,0.0,1.0,0.0,0.0
6670,Normal,Normal,0.0,0.019642941080863778,9.35182775389169e-06,0.8502354642719632,0.1301122428194192
6671,DoS/DDoS,DoS/DDoS,0.0,0.0,1.0,0.0,0.0
6672,Normal,Normal,0.0,0.0,0.0,1.0,0.0
6673,Normal,Normal,0.0,0.0,0.0,1.0,0.0
6674,Brute Force,Brute Force,0.0,1.0,0.0,0.0,0.0
6675,Normal,Normal,0.0,0.0,0.0,1.0,0.0
6676,Normal,Normal,0.0532133234021004,0.001978698595074228,0.1458909395687109,0.7989170384341145,0.0
6677,DoS/DDoS,DoS/DDoS,0.0,2.0028438609459433e-05,0.9972195303663125,0.002760441195078146,0.0
6678,DoS/DDoS,DoS/DDoS,0.0,0.0008531739364402641,0.9854892257513537,0.009532256467014598,0.00412534384519145
6679,Bot,Bot,1.0,0.0,0.0,0.0,0.0
6680,DoS/DDoS,DoS/DDoS,0.0,0.0,0.9999897181194723,1.0281880527716808e-05,0.0
6681,Brute Force,Brute Force,0.0,1.0,0.0,0.0,0.0
6682,Brute Force,Brute Force,0.0,1.0,0.0,0.0,0.0
6683,Brute Force,Brute Force,0.0,1.0,0.0,0.0,0.0
6684,DoS/DDoS,DoS/DDoS,0.0,0.0,0.9999684058604776,3.1594139522391764e-05,0.0
6685,Normal,Normal,0.0,0.0,0.0,1.0,0.0
6686,Normal,Normal,0.0,0.0,0.0,1.0,0.0
6687,Normal,Normal,0.0,0.0,0.0,1.0,0.0
6688,Normal,Normal,0.0,0.0,0.0,1.0,0.0
6689,DoS/DDoS,DoS/DDoS,0.0,0.0,1.0,0.0,0.0
6690,Brute Force,Brute Force,0.0,0.8773085334970607,0.00029228304800154784,0.05555484374058728,0.06684433971435048
6691,Normal,Normal,0.0,0.0,0.0,1.0,0.0
6692,Brute Force,Brute Force,0.0,1.0,0.0,0.0,0.0
6693,Web Attack,Web Attack,0.0,0.27183689605862543,1.25579282007367e-05,0.0022674926653970134,0.7258830533477769
6694,Normal,Normal,0.0,0.0,0.0012456639130279299,0.9987543360869721,0.0
6695,Normal,Normal,0.0,0.10715631585960508,1.233285489663589e-05,0.6636827369217411,0.22914861436375722
6696,Normal,Normal,0.0020895230648944486,0.0,0.0025,0.9954104769351055,0.0
6697,Brute Force,Brute Force,0.0,1.0,0.0,0.0,0.0
6698,Brute Force,Brute Force,0.0,0.6194467153179629,2.323947793150385e-05,0.00428552779355737,0.3762445174105482
6699,Normal,Normal,0.0401629208864719,0.0,0.0024594974488723245,0.9573775816646557,0.0
6700,Brute Force,Brute Force,0.0,0.5821546469688139,0.0024547486496436575,0.054528271093046275,0.36086233328849615
6701,Normal,Normal,0.0,0.0,0.0,1.0,0.0
6702,DoS/DDoS,DoS/DDoS,0.0,0.0,0.9942054650320992,0.005794534967900757,0.0
6703,DoS/DDoS,DoS/DDoS,0.0,0.0,1.0,0.0,0.0
6704,Brute Force,Brute Force,0.0,1.0,0.0,0.0,0.0
6705,DoS/DDoS,DoS/DDoS,0.0,0.0,1.0,0.0,0.0
6706,DoS/DDoS,DoS/DDoS,0.0,0.0,1.0,0.0,0.0
6707,DoS/DDoS,DoS/DDoS,0.0,0.0016420422666916026,0.9983579577333084,0.0,0.0
6708,DoS/DDoS,DoS/DDoS,0.0,0.0,0.999943023359281,5.697664071897986e-05,0.0
6709,Normal,Normal,0.0,0.0,0.0,1.0,0.0
6710,DoS/DDoS,DoS/DDoS,0.0,0.0,0.9999714047472551,2.8595252744989888e-05,0.0
6711,DoS/DDoS,DoS/DDoS,0.0,0.0,0.9962437333333334,0.0037562666666666666,0.0
6712,Web Attack,Web Attack,0.0,0.0014287805751534506,0.09328010526585019,0.08616803856458292,0.8191230755944134
6713,Normal,Normal,0.0,0.0,0.0,1.0,0.0
6714,DoS/DDoS,DoS/DDoS,0.0,0.0,0.9999837280409707,1.6271959029384604e-05,0.0
6715,DoS/DDoS,DoS/DDoS,0.0,0.0,1.0,0.0,0.0
6716,DoS/DDoS,DoS/DDoS,0.0,0.0,0.9999886336072914,1.1366392708614331e-05,0.0
6717,Brute Force,Brute Force,0.0,0.8187245301300352,3.178795025231719e-05,0.003157844324277205,0.17808583759543528
6718,DoS/DDoS,DoS/DDoS,0.0,0.0,1.0,0.0,0.0
6719,Normal,Normal,0.0,0.0025,0.0,0.9975,0.0
6720,Brute Force,Brute Force,0.0,1.0,0.0,0.0,0.0
6721,Normal,Normal,0.0,0.0,0.0,1.0,0.0
6722,Brute Force,Brute Force,0.0,1.0,0.0,0.0,0.0
6723,Normal,Normal,0.0,0.0,0.0,1.0,0.0
6724,Normal,Normal,0.0,0.0,0.0,1.0,0.0
6725,DoS/DDoS,DoS/DDoS,0.0,0.0,1.0,0.0,0.0
6726,DoS/DDoS,DoS/DDoS,0.0,0.0,1.0,0.0,0.0
6727,Brute Force,Brute Force,0.0,1.0,0.0,0.0,0.0
6728,Brute Force,Brute Force,0.0,1.0,0.0,0.0,0.0
6729,DoS/DDoS,DoS/DDoS,0.0,0.0,1.0,0.0,0.0
6730,DoS/DDoS,DoS/DDoS,0.0,0.0,1.0,0.0,0.0
6731,Normal,Normal,0.0,0.0,0.0,1.0,0.0
6732,Brute Force,Brute Force,0.0,1.0,0.0,0.0,0.0
6733,Normal,Normal,0.0,0.0,0.0,1.0,0.0
6734,DoS/DDoS,DoS/DDoS,0.0,0.0,1.0,0.0,0.0
6735,DoS/DDoS,DoS/DDoS,0.0,0.0,1.0,0.0,0.0
6736,Normal,Normal,0.0,0.0,0.0,1.0,0.0
6737,Normal,Normal,0.0,0.0,0.0,1.0,0.0
6738,DoS/DDoS,DoS/DDoS,0.0,0.0,1.0,0.0,0.0
6739,Normal,Normal,0.0,0.0,0.0,1.0,0.0
6740,Normal,Normal,0.1711255188072689,0.0,0.00021400163781661526,0.8286604795549144,0.0
6741,DoS/DDoS,DoS/DDoS,0.0,0.0,1.0,0.0,0.0
6742,Normal,Normal,0.0,0.0016282333130642219,0.0,0.9983717666869358,0.0
6743,Normal,Normal,0.0,0.0,0.0,1.0,0.0
6744,DoS/DDoS,DoS/DDoS,0.0,0.0,1.0,0.0,0.0
6745,Normal,Normal,0.0,0.005491202978535855,0.0701761696405829,0.9173571293868312,0.006975497994050035
6746,Normal,Normal,0.0,0.0019749534608224737,0.004978088502180722,0.9905875661169634,0.00245939192003332
6747,DoS/DDoS,DoS/DDoS,0.0,0.0,1.0,0.0,0.0
6748,DoS/DDoS,DoS/DDoS,0.0,0.0,1.0,0.0,0.0
6749,Normal,Normal,0.0,0.0,0.0,1.0,0.0
6750,Normal,Normal,0.0,0.0,0.0,1.0,0.0
6751,Web Attack,Web Attack,0.0,0.44031600502202195,2.0543926530199344e-05,0.0014589168435959331,0.5582045342078519
6752,Normal,Normal,0.0,0.0,0.0,1.0,0.0
6753,DoS/DDoS,DoS/DDoS,0.0,0.0,1.0,0.0,0.0
6754,Brute Force,Brute Force,0.0,1.0,0.0,0.0,0.0
6755,Normal,Normal,0.0,0.0,0.0,1.0,0.0
6756,Normal,Normal,0.0,0.0,0.0,1.0,0.0
6757,Normal,Normal,0.0,0.0,0.0,1.0,0.0
6758,DoS/DDoS,DoS/DDoS,0.0,0.0,1.0,0.0,0.0
6759,Brute Force,Brute Force,0.0,1.0,0.0,0.0,0.0
6760,Brute Force,Brute Force,0.0,1.0,0.0,0.0,0.0
6761,DoS/DDoS,DoS/DDoS,0.0,0.0,1.0,0.0,0.0
6762,Bot,Bot,1.0,0.0,0.0,0.0,0.0
6763,DoS/DDoS,DoS/DDoS,0.0,0.0,1.0,0.0,0.0
6764,DoS/DDoS,DoS/DDoS,0.0,0.0,1.0,0.0,0.0
6765,DoS/DDoS,DoS/DDoS,0.0,0.0,1.0,0.0,0.0
6766,Normal,Normal,0.0,0.0,0.0,1.0,0.0
6767,DoS/DDoS,DoS/DDoS,0.0,0.0,1.0,0.0,0.0
6768,Web Attack,Web Attack,0.0,0.2826101339115584,1.25579282007367e-05,0.0007173367966838982,0.7166599713635572
6769,DoS/DDoS,DoS/DDoS,0.0,0.0,0.9975,0.0025,0.0
6770,Brute Force,Brute Force,0.0,1.0,0.0,0.0,0.0
6771,Normal,Normal,0.0,0.0,0.0,1.0,0.0
6772,Normal,Normal,0.0,0.0,0.0,1.0,0.0
6773,Brute Force,Brute Force,0.0,1.0,0.0,0.0,0.0
6774,DoS/DDoS,DoS/DDoS,0.0,0.0,0.9999837280409707,1.6271959029384604e-05,0.0
6775,DoS/DDoS,DoS/DDoS,0.0,0.0,1.0,0.0,0.0
6776,Normal,Normal,0.002288199449613419,0.04108469512778452,0.00025736709190533197,0.9142912904485379,0.04207844788215883
6777,DoS/DDoS,DoS/DDoS,0.0,0.0,1.0,0.0,0.0
6778,DoS/DDoS,DoS/DDoS,0.0,0.0,1.0,0.0,0.0
6779,Web Attack,Web Attack,0.0,0.1587265326241152,1.25579282007367e-05,0.02161516139097001,0.8196457480567142
6780,Normal,Normal,0.0004667851214775621,0.0029804672545993825,9.143577036143866e-05,0.9934853554580851,0.0029759563954765223
6781,Normal,Normal,0.0,0.0,0.0,1.0,0.0
6782,Normal,Normal,0.0,0.0025,0.0,0.9975,0.0
6783,DoS/DDoS,DoS/DDoS,0.0,0.0,1.0,0.0,0.0
6784,DoS/DDoS,DoS/DDoS,0.0,0.0,1.0,0.0,0.0
6785,DoS/DDoS,DoS/DDoS,0.0,0.0,0.9999897181194723,1.0281880527716808e-05,0.0
6786,DoS/DDoS,DoS/DDoS,0.0,0.0019541266609328007,0.9938671134441148,0.004178759894952399,0.0
6787,DoS/DDoS,DoS/DDoS,0.0,0.0023257999737137302,0.9922768634811573,0.005397336545129071,0.0
6788,Normal,Normal,0.0,0.0,0.0,1.0,0.0
6789,DoS/DDoS,DoS/DDoS,0.0,0.0,1.0,0.0,0.0
6790,Normal,Normal,0.0,0.0,0.0,1.0,0.0
6791,Brute Force,Brute Force,0.0,1.0,0.0,0.0,0.0
6792,Normal,Normal,0.0,0.0,0.0,1.0,0.0
6793,Brute Force,Brute Force,0.0,1.0,0.0,0.0,0.0
6794,Bot,Bot,0.9729245750522214,0.0,2.405582131574279e-05,0.027051369126462853,0.0
6795,DoS/DDoS,DoS/DDoS,0.0,0.0,1.0,0.0,0.0
6796,Brute Force,Brute Force,0.0,1.0,0.0,0.0,0.0
6797,DoS/DDoS,DoS/DDoS,0.0,0.0,1.0,0.0,0.0
6798,Normal,Normal,0.0,0.0,0.0,1.0,0.0
6799,Normal,Normal,0.0,0.0,0.0,1.0,0.0
6800,Normal,Normal,0.010757207500338803,0.004980536336237283,0.0005180921715357101,0.9809223858496375,0.0028217781422507438
6801,Normal,Normal,0.0,0.0,0.0,1.0,0.0
6802,Normal,Normal,0.0,0.0012187410885724603,0.0,0.9987812589114275,0.0
6803,Web Attack,Brute Force,0.0,0.5431245778473008,1.5884675081370873e-05,0.0008933284475930944,0.4559662090300247
6804,DoS/DDoS,DoS/DDoS,0.0,0.0,1.0,0.0,0.0
6805,Normal,Normal,0.0,0.04097153912663153,0.000587963341851525,0.8651484869663055,0.09329201056521136
6806,Brute Force,Brute Force,0.0,1.0,0.0,0.0,0.0
6807,Normal,Normal,0.0023809604846669616,0.0,0.0025,0.9951190395153331,0.0
6808,Brute Force,Brute Force,0.0,1.0,0.0,0.0,0.0
6809,Brute Force,Brute Force,0.0,1.0,0.0,0.0,0.0
6810,DoS/DDoS,DoS/DDoS,0.0,0.0,1.0,0.0,0.0
6811,DoS/DDoS,DoS/DDoS,0.0,0.0,0.9930916455518148,0.006908354448185078,0.0
6812,Normal,Normal,0.002421418170892366,0.06663506148076283,0.035790204391546496,0.8532395847959786,0.04191373116081974
6813,DoS/DDoS,DoS/DDoS,0.0,0.0,1.0,0.0,0.0
6814,DoS/DDoS,DoS/DDoS,0.0,0.0,0.9991404540681986,0.0008595459318014588,0.0
6815,Normal,Normal,0.0,0.0,0.0,1.0,0.0
6816,Brute Force,Brute Force,0.0,1.0,0.0,0.0,0.0
6817,Brute Force,Brute Force,0.0,0.5451412593586316,2.0543926530199344e-05,0.004073480440827293,0.45076471627401093
6818,Brute Force,Brute Force,0.0,1.0,0.0,0.0,0.0
6819,Normal,Normal,0.0,0.002008864014060815,0.013008260718255924,0.9824828752676832,0.0025
6820,DoS/DDoS,DoS/DDoS,0.0,0.0,1.0,0.0,0.0
6821,Normal,Normal,0.0,0.0,0.0,1.0,0.0
6822,Brute Force,Brute Force,0.0,1.0,0.0,0.0,0.0
6823,DoS/DDoS,DoS/DDoS,0.0,0.0,1.0,0.0,0.0
6824,Normal,Normal,0.0,0.0,0.0,1.0,0.0
6825,Normal,Normal,0.0,0.0,0.0,1.0,0.0
6826,DoS/DDoS,DoS/DDoS,0.0,0.0,1.0,0.0,0.0
6827,DoS/DDoS,DoS/DDoS,0.0,0.0,1.0,0.0,0.0
6828,Brute Force,Brute Force,0.0,1.0,0.0,0.0,0.0
6829,Normal,Normal,0.0,0.0,0.0,1.0,0.0
6830,DoS/DDoS,DoS/DDoS,0.0,0.0,1.0,0.0,0.0
6831,Normal,Normal,0.0,0.0,0.0,1.0,0.0
6832,DoS/DDoS,DoS/DDoS,0.0,0.0,1.0,0.0,0.0
6833,Normal,Normal,0.0,0.0,0.0,1.0,0.0
6834,DoS/DDoS,DoS/DDoS,0.0,0.0,1.0,0.0,0.0
6835,Normal,Normal,0.0,0.009686064210315381,0.0012493292312095302,0.9890646065584752,0.0
6836,DoS/DDoS,DoS/DDoS,0.0,0.0,0.9999897181194723,1.0281880527716808e-05,0.0
6837,Normal,Normal,0.0,0.0,0.0,1.0,0.0
6838,Normal,Normal,0.0,0.001624005212454042,0.0037470056133576462,0.9946289891741884,0.0
6839,DoS/DDoS,DoS/DDoS,0.0,0.0,1.0,0.0,0.0
6840,Bot,Bot,1.0,0.0,0.0,0.0,0.0
6841,Brute Force,Brute Force,0.0,1.0,0.0,0.0,0.0
6842,DoS/DDoS,DoS/DDoS,0.0,0.0,0.9999668162769407,3.3183723059252104e-05,0.0
6843,DoS/DDoS,DoS/DDoS,0.0,0.0,1.0,0.0,0.0
6844,DoS/DDoS,DoS/DDoS,0.0,0.0,1.0,0.0,0.0
6845,DoS/DDoS,DoS/DDoS,0.0,0.0,1.0,0.0,0.0
6846,Bot,Bot,0.9994726571472614,0.0,1.4450702009829216e-06,0.0005258977825375949,0.0
6847,DoS/DDoS,DoS/DDoS,0.0,0.0,1.0,0.0,0.0
6848,DoS/DDoS,DoS/DDoS,0.0,0.0,0.9983424942255139,0.0016575057744861032,0.0
6849,Normal,Normal,0.0,0.0328743443720915,0.034869752525345646,0.9299132253866493,0.0023426777159135047
6850,Brute Force,Brute Force,0.0,1.0,0.0,0.0,0.0
6851,DoS/DDoS,DoS/DDoS,0.0,0.0,0.9868067604156133,0.013193239584386734,0.0
6852,DoS/DDoS,DoS/DDoS,0.0,0.0,0.9704884468622919,0.02951155313770812,0.0
6853,Normal,Normal,0.0,0.0,0.0,1.0,0.0
6854,DoS/DDoS,DoS/DDoS,0.0,0.0,1.0,0.0,0.0
6855,Normal,Normal,0.0,0.0,0.0,1.0,0.0
6856,Normal,Normal,0.0,0.0,0.0,1.0,0.0
6857,Normal,Normal,0.0,0.0,0.0,1.0,0.0
6858,DoS/DDoS,DoS/DDoS,0.0,0.0,1.0,0.0,0.0
6859,Bot,Bot,1.0,0.0,0.0,0.0,0.0
6860,DoS/DDoS,DoS/DDoS,0.0,0.0,1.0,0.0,0.0
6861,Normal,Normal,0.0,0.0,0.0,1.0,0.0
6862,DoS/DDoS,DoS/DDoS,0.0,0.0,1.0,0.0,0.0
6863,Brute Force,Web Attack,0.0,0.21686576205461422,1.4162293260255451e-05,0.0008835227930810105,0.7822365528590446
6864,DoS/DDoS,DoS/DDoS,0.0,0.0,1.0,0.0,0.0
6865,Normal,Normal,0.0,0.00163012713437268,0.0,0.9983698728656273,0.0
6866,Brute Force,Brute Force,0.0,1.0,0.0,0.0,0.0
6867,Bot,Bot,0.9999349373323629,0.0,1.4450702009829216e-06,6.361759743604334e-05,0.0
6868,Brute Force,Brute Force,0.0,1.0,0.0,0.0,0.0
6869,Brute Force,Brute Force,0.0,1.0,0.0,0.0,0.0
6870,Normal,Normal,0.0,0.0,0.0,1.0,0.0
6871,Normal,Normal,0.0,0.0,0.0,1.0,0.0
6872,Normal,Normal,0.0,0.0,0.0,1.0,0.0
6873,Normal,Normal,0.00012021747610021155,0.037056005274526155,0.00021273094249960284,0.9513193455483493,0.011291700758524644
6874,Normal,Normal,0.0,0.0013839604667778042,0.004994938355588512,0.9866134676279956,0.007007633549637958
6875,DoS/DDoS,DoS/DDoS,0.0,0.0,0.9999946236857931,5.376314206946534e-06,0.0
6876,DoS/DDoS,DoS/DDoS,0.0,0.0,1.0,0.0,0.0
6877,Bot,Bot,0.9998742314038664,0.0,1.4450702009829216e-06,0.00012432352593260798,0.0
6878,Brute Force,Brute Force,0.0,0.8049336657139153,7.653176750507167e-05,0.02338626059875142,0.17160354191982813
6879,Normal,Normal,0.0,0.0,0.006142530522897114,0.9938574694771029,0.0
6880,DoS/DDoS,DoS/DDoS,0.0,0.0,1.0,0.0,0.0
6881,Normal,Normal,0.0,0.0,0.0,1.0,0.0
6882,DoS/DDoS,DoS/DDoS,0.0,0.011729009333306183,0.9546393756661852,0.005467949927041879,0.02816366507346673
6883,Normal,Normal,0.0015503798480607756,0.0,0.0,0.9984496201519393,0.0
6884,Brute Force,Brute Force,0.0,1.0,0.0,0.0,0.0
6885,Normal,Normal,0.2682454352936676,0.0,4.509736525011429e-05,0.7317094673410822,0.0
6886,Normal,Normal,0.0,0.0,0.006664801809308417,0.9933351981906917,0.0
6887,Brute Force,Brute Force,0.0,1.0,0.0,0.0,0.0
6888,Bot,Bot,0.975988028583753,0.0,3.4949114468774026e-05,0.02397702230177819,0.0
6889,Normal,Normal,0.0,0.0,0.0,1.0,0.0
6890,Normal,Normal,0.0,0.0,0.0,1.0,0.0
6891,DoS/DDoS,DoS/DDoS,0.0,0.0,1.0,0.0,0.0
6892,Normal,Normal,0.0,0.0,0.0015086404539462375,0.9984913595460537,0.0
6893,Normal,Normal,0.3062128896022002,0.0,5.5176895079589306e-05,0.69373193350272,0.0
6894,Brute Force,Brute Force,0.0,1.0,0.0,0.0,0.0
6895,Normal,Normal,0.0,0.0,0.0,1.0,0.0
6896,Brute Force,Brute Force,0.0,1.0,0.0,0.0,0.0
6897,Brute Force,Brute Force,0.0,1.0,0.0,0.0,0.0
6898,DoS/DDoS,DoS/DDoS,0.0,0.0,1.0,0.0,0.0
6899,Brute Force,Brute Force,0.0,1.0,0.0,0.0,0.0
6900,Normal,Normal,0.0,0.016861467936481564,0.00032769050878738825,0.972813669289069,0.009997172265662206
6901,Normal,Normal,0.0,0.0,0.0,1.0,0.0
6902,Normal,Normal,0.0,0.0,0.0,1.0,0.0
6903,Bot,Bot,1.0,0.0,0.0,0.0,0.0
6904,Bot,Bot,0.8411709047548013,0.0,2.405582131574279e-05,0.15880503942388283,0.0
6905,Brute Force,Brute Force,0.0,1.0,0.0,0.0,0.0
6906,Normal,Normal,0.03491866501509005,0.0,0.0012812380764753992,0.9638000969084346,0.0
6907,Brute Force,Brute Force,0.0,1.0,0.0,0.0,0.0
6908,DoS/DDoS,DoS/DDoS,0.0,0.0,0.9978722836452956,0.002127716354704422,0.0
6909,DoS/DDoS,DoS/DDoS,0.0,0.0,1.0,0.0,0.0
6910,DoS/DDoS,DoS/DDoS,0.0,0.0,1.0,0.0,0.0
6911,DoS/DDoS,DoS/DDoS,0.0,0.0,1.0,0.0,0.0
6912,Brute Force,Brute Force,0.0,1.0,0.0,0.0,0.0
6913,DoS/DDoS,DoS/DDoS,0.0,0.0,1.0,0.0,0.0
6914,DoS/DDoS,DoS/DDoS,0.0,0.0,1.0,0.0,0.0
6915,Brute Force,Brute Force,0.0,1.0,0.0,0.0,0.0
6916,Brute Force,Web Attack,0.0,0.4553238463940388,1.9263023870357705e-05,0.04272399877033116,0.5019328918117598
6917,DoS/DDoS,DoS/DDoS,0.0,0.0,1.0,0.0,0.0
6918,DoS/DDoS,DoS/DDoS,0.0,0.0,1.0,0.0,0.0
6919,Normal,Normal,0.0,0.0,0.0,1.0,0.0
6920,DoS/DDoS,DoS/DDoS,0.0,0.0,1.0,0.0,0.0
6921,Brute Force,Brute Force,0.0,1.0,0.0,0.0,0.0
6922,Normal,Normal,0.0,0.0,0.0,1.0,0.0
6923,Normal,Normal,0.0,0.0,0.00031956832848797966,0.999680431671512,0.0
6924,Normal,Normal,0.0,0.017177244111870008,0.0001779132773611612,0.976642651795474,0.006002190815294725
6925,Brute Force,Brute Force,0.0,1.0,0.0,0.0,0.0
6926,Normal,Normal,0.0,0.0,0.0,1.0,0.0
6927,DoS/DDoS,DoS/DDoS,0.0,0.0,1.0,0.0,0.0
6928,Brute Force,Brute Force,0.0,1.0,0.0,0.0,0.0
6929,Normal,Normal,0.0,0.0,0.0,1.0,0.0
6930,Normal,Normal,0.0,0.0018391457231952358,0.0450518117785988,0.9391432778556247,0.01396576464258125
6931,Brute Force,Brute Force,0.0,1.0,0.0,0.0,0.0
6932,DoS/DDoS,DoS/DDoS,0.0,0.0,1.0,0.0,0.0
6933,DoS/DDoS,DoS/DDoS,0.0,0.0,1.0,0.0,0.0
6934,DoS/DDoS,DoS/DDoS,0.0,0.0,1.0,0.0,0.0
6935,Brute Force,Brute Force,0.0,1.0,0.0,0.0,0.0
6936,DoS/DDoS,DoS/DDoS,0.0,0.0,1.0,0.0,0.0
6937,Brute Force,Brute Force,0.0,1.0,0.0,0.0,0.0
6938,DoS/DDoS,DoS/DDoS,0.0,0.0,1.0,0.0,0.0
6939,Brute Force,Brute Force,0.0,1.0,0.0,0.0,0.0
6940,DoS/DDoS,DoS/DDoS,0.0,0.0,1.0,0.0,0.0
6941,Bot,Bot,0.9810676124964772,0.0,3.563600946994233e-05,0.01889675149405282,0.0
6942,DoS/DDoS,DoS/DDoS,0.0,0.0,1.0,0.0,0.0
6943,Normal,Normal,0.0,0.0,0.0,1.0,0.0
6944,DoS/DDoS,DoS/DDoS,0.0,0.0,1.0,0.0,0.0
6945,Normal,Normal,0.0,0.0,0.001870048891956372,0.9981299511080436,0.0
6946,Normal,Normal,0.0,0.0,0.0,1.0,0.0
6947,DoS/DDoS,DoS/DDoS,0.0,0.0,0.9999460222460584,5.397775394157798e-05,0.0
6948,Normal,Normal,0.008612552745698152,0.0,0.0006015408336742,0.9907859064206276,0.0
6949,Normal,Normal,0.0,0.0,0.001660596538836916,0.9935417558595744,0.004797647601588692
6950,DoS/DDoS,DoS/DDoS,0.0,0.00360582088397455,0.8676056830502173,0.12628849606580805,0.0025
6951,Normal,Normal,0.0,0.0,0.0008412435307305206,0.9991587564692694,0.0
6952,Normal,Normal,0.0,0.0,0.0,1.0,0.0
6953,DoS/DDoS,DoS/DDoS,0.0,0.0,0.9999897181194723,1.0281880527716808e-05,0.0
6954,DoS/DDoS,DoS/DDoS,0.0,0.0,1.0,0.0,0.0
6955,Normal,Normal,0.0,0.0019801799781334977,0.0,0.9980198200218665,0.0
6956,DoS/DDoS,DoS/DDoS,0.0,0.0,0.9968446256667524,0.003155374333247657,0.0
6957,Normal,Normal,0.2669855395593867,0.003610585478969842,0.00012385837752588798,0.7292800165841175,0.0
6958,Bot,Bot,0.9996493125869729,0.0,1.4450702009829216e-06,0.0003492423428261859,0.0
6959,Brute Force,Brute Force,0.0,1.0,0.0,0.0,0.0
6960,Brute Force,Brute Force,0.0,1.0,0.0,0.0,0.0
6961,Normal,Normal,0.0,0.0,0.0,1.0,0.0
6962,DoS/DDoS,DoS/DDoS,0.0,0.0,1.0,0.0,0.0
6963,Normal,Normal,0.0,0.00447067027301158,0.008117218101258709,0.9874121116257297,0.0
6964,DoS/DDoS,DoS/DDoS,0.0,0.0,1.0,0.0,0.0
6965,Normal,Normal,0.0,0.0,0.0,1.0,0.0
6966,DoS/DDoS,DoS/DDoS,0.0,0.0,1.0,0.0,0.0
6967,Normal,Normal,0.0,0.0,0.0,1.0,0.0
6968,DoS/DDoS,DoS/DDoS,0.0,0.0,1.0,0.0,0.0
6969,DoS/DDoS,DoS/DDoS,0.0,0.0,1.0,0.0,0.0
6970,Normal,Normal,0.0,0.03544640722572244,0.0004316354156106525,0.9495915963935403,0.01453036096512656
6971,DoS/DDoS,DoS/DDoS,0.0,0.0,0.9999886336072914,1.1366392708614331e-05,0.0
6972,Normal,Normal,0.0,0.0,0.0,1.0,0.0
6973,Normal,Normal,0.0022660306334371756,0.0,0.004384552861091499,0.9933494165054715,0.0
6974,Brute Force,Brute Force,0.0,0.6989153453125034,0.0013152392325005775,0.17499585768939951,0.12477355776559639
6975,DoS/DDoS,DoS/DDoS,0.0,0.0,1.0,0.0,0.0
6976,Brute Force,Brute Force,0.0,1.0,0.0,0.0,0.0
6977,DoS/DDoS,DoS/DDoS,0.0,0.0,1.0,0.0,0.0
6978,Brute Force,Brute Force,0.0,1.0,0.0,0.0,0.0
6979,Normal,Normal,0.0,0.009423411537219957,0.0013352379701400882,0.9793199549193102,0.009921395573329656
6980,Web Attack,Web Attack,0.0,0.32636737899632695,1.25579282007367e-05,0.0007295632368725493,0.6728904998385999
6981,Normal,Normal,0.0,0.0,0.0,1.0,0.0
6982,Normal,Normal,0.0022780411768526334,0.0059961450122603364,0.0,0.989225813810887,0.0025
6983,Normal,Normal,0.0,0.007207946759502214,0.004018618348052902,0.9877950945996005,0.0009783402928444298
6984,Normal,Normal,0.0,0.014987977475953894,0.00047198689059827956,0.9643318083610938,0.02020822727235403
6985,DoS/DDoS,DoS/DDoS,0.0,0.0,0.9999714047472551,2.8595252744989888e-05,0.0
6986,Normal,Normal,0.0,0.0,0.0,1.0,0.0
6987,Normal,Normal,0.0,0.0,0.0,1.0,0.0
6988,Normal,Normal,0.0,0.007577106723448187,0.0012440563440706447,0.9887559436559293,0.0024228932765518133
6989,DoS/DDoS,DoS/DDoS,0.0,0.0,1.0,0.0,0.0
6990,DoS/DDoS,DoS/DDoS,0.0,0.000192968101100968,0.9952509630961439,0.0035777285099106064,0.0009783402928444298
6991,DoS/DDoS,DoS/DDoS,0.0,0.0,1.0,0.0,0.0
6992,DoS/DDoS,DoS/DDoS,0.0,0.0,1.0,0.0,0.0
6993,DoS/DDoS,DoS/DDoS,0.0,0.002259233332036972,0.9965059087083419,0.0012348579596212258,0.0
6994,DoS/DDoS,DoS/DDoS,0.0,0.0,1.0,0.0,0.0
6995,Brute Force,Brute Force,0.0,1.0,0.0,0.0,0.0
6996,DoS/DDoS,DoS/DDoS,0.0,0.0,1.0,0.0,0.0
6997,Brute Force,Brute Force,0.0,1.0,0.0,0.0,0.0
6998,Normal,Normal,0.0,0.003419912011806742,0.0016654974002712742,0.994914590587922,0.0
6999,DoS/DDoS,DoS/DDoS,0.0,0.0,1.0,0.0,0.0
7000,Normal,Normal,0.0,0.0,0.1313287356906735,0.8686712643093265,0.0
7001,DoS/DDoS,DoS/DDoS,0.0,0.0,1.0,0.0,0.0
7002,Normal,Normal,0.04212516348552583,0.005118628641699983,0.012476180677904763,0.9402800271948694,0.0
7003,DoS/DDoS,DoS/DDoS,0.0,0.0,1.0,0.0,0.0
7004,DoS/DDoS,DoS/DDoS,0.0,0.0,1.0,0.0,0.0
7005,DoS/DDoS,DoS/DDoS,0.0,0.0,1.0,0.0,0.0
7006,Normal,Normal,0.0,0.0,0.0025,0.9975,0.0
7007,Brute Force,Brute Force,0.0,1.0,0.0,0.0,0.0
7008,Bot,Bot,0.8453326777848811,0.0,0.00010156615151075781,0.15456575606360798,0.0
7009,DoS/DDoS,DoS/DDoS,0.0,0.0,1.0,0.0,0.0
7010,Normal,Normal,0.0,0.0016307997202145022,0.0,0.9983692002797855,0.0
7011,DoS/DDoS,DoS/DDoS,0.0,0.0,0.9962871953833297,0.003712804616670321,0.0
7012,Normal,Normal,0.0,0.0019597280365671907,0.0,0.9776125285908823,0.020427743372550468
7013,DoS/DDoS,DoS/DDoS,0.0,0.0,1.0,0.0,0.0
7014,DoS/DDoS,DoS/DDoS,0.0,0.0,1.0,0.0,0.0
7015,Normal,Normal,0.0,0.0,0.0,1.0,0.0
7016,Web Attack,Web Attack,0.0,0.3523614441724275,1.25579282007367e-05,0.0006968095172149771,0.6469291883821569
7017,DoS/DDoS,DoS/DDoS,0.0,0.0,1.0,0.0,0.0
7018,Normal,Normal,0.0,0.0,0.01423364346931887,0.9857663565306811,0.0
7019,DoS/DDoS,DoS/DDoS,0.0,0.005994343510801916,0.7857494927054283,0.11670652084189212,0.09154964294187766
7020,Normal,Normal,0.0,0.0,0.0,1.0,0.0
7021,DoS/DDoS,DoS/DDoS,0.0,0.0,0.9777697649754055,0.022230235024594515,0.0
7022,Brute Force,Brute Force,0.0,1.0,0.0,0.0,0.0
7023,Normal,Normal,0.0,0.01978356697563044,0.0001829189002014809,0.9732655880715866,0.006767926052581511
7024,Normal,Normal,0.0,0.0,0.0,1.0,0.0
7025,Normal,Normal,0.0,0.0,0.0,1.0,0.0
7026,DoS/DDoS,DoS/DDoS,0.0,0.0,1.0,0.0,0.0
7027,DoS/DDoS,DoS/DDoS,0.0,0.0,0.9985251606599366,0.0014748393400634621,0.0
7028,Normal,Normal,0.0,0.0,0.0,1.0,0.0
7029,Normal,Normal,0.0,0.0,0.0,1.0,0.0
7030,Normal,Normal,0.0,0.0,0.0,1.0,0.0
7031,Normal,Normal,0.2689156354901756,0.0,8.737857942733781e-06,0.7310756266518816,0.0
7032,Web Attack,Brute Force,0.0,0.6423593153472283,3.178795025231719e-05,0.004336535639455032,0.35327236106306426
7033,Brute Force,Web Attack,0.0,0.4631916870605599,1.0456903281202048e-05,0.0017524667447528738,0.5350453892914061
7034,Brute Force,Brute Force,0.0,0.9983038349322932,0.0,0.0016961650677067455,0.0
7035,Normal,Normal,0.0,0.0,0.0033273017309111684,0.9966726982690889,0.0
7036,Web Attack,Web Attack,0.0,0.20866102061478342,1.25579282007367e-05,0.0015845548199235884,0.7897418666370923
7037,Normal,Normal,0.0,0.0,0.0,1.0,0.0
7038,Normal,Normal,0.0,0.0,0.0,1.0,0.0
7039,Normal,Normal,0.0,0.007890021266625377,0.0030586700124421826,0.9865582389243324,0.0024930697966000924
7040,DoS/DDoS,DoS/DDoS,0.0,0.0,1.0,0.0,0.0
7041,DoS/DDoS,DoS/DDoS,0.0,0.0,1.0,0.0,0.0
7042,DoS/DDoS,DoS/DDoS,0.0,0.0,1.0,0.0,0.0
7043,Normal,Normal,0.0,0.0012187410885724603,0.0,0.9987812589114275,0.0
7044,Brute Force,Brute Force,0.0,1.0,0.0,0.0,0.0
7045,DoS/DDoS,DoS/DDoS,0.0,0.0,1.0,0.0,0.0
7046,Normal,Normal,0.0,0.0,0.0,1.0,0.0
7047,Normal,Normal,0.0019346754313886608,0.0,0.0008342444914549214,0.9972310800771564,0.0
7048,Bot,Bot,0.9659469924350457,0.0,3.4949114468774026e-05,0.03401805845048545,0.0
7049,Normal,Normal,0.0,0.019616880750543065,0.02929574497703627,0.949101363194477,0.001986011077943512
7050,Brute Force,Brute Force,0.0,1.0,0.0,0.0,0.0
7051,DoS/DDoS,DoS/DDoS,0.0,0.0,1.0,0.0,0.0
7052,Brute Force,Brute Force,0.0,1.0,0.0,0.0,0.0
7053,DoS/DDoS,DoS/DDoS,0.0,0.0,0.9999886336072914,1.1366392708614331e-05,0.0
7054,Normal,Normal,0.0,0.0,0.001293919047902129,0.9987060809520979,0.0
7055,DoS/DDoS,DoS/DDoS,0.0,0.0,0.9999714047472551,2.8595252744989888e-05,0.0
7056,DoS/DDoS,DoS/DDoS,0.0,0.0016223342199822672,0.9516212528648179,0.046756412915199774,0.0
7057,Normal,Normal,0.0,0.0,0.002917039386650368,0.9970829606133497,0.0
7058,DoS/DDoS,DoS/DDoS,0.0,0.0,1.0,0.0,0.0
7059,DoS/DDoS,DoS/DDoS,0.0,0.0,1.0,0.0,0.0
7060,Normal,Normal,0.0,0.0,0.0,1.0,0.0
7061,Normal,Normal,0.0,0.0,0.0,1.0,0.0
7062,DoS/DDoS,DoS/DDoS,0.0,0.0025,0.8400966472698566,0.15740335273014347,0.0
7063,DoS/DDoS,DoS/DDoS,0.0,0.0,1.0,0.0,0.0
7064,Normal,Normal,0.0,0.0,0.023711086522710492,0.9762889134772895,0.0
7065,DoS/DDoS,DoS/DDoS,0.0,0.0,1.0,0.0,0.0
7066,DoS/DDoS,DoS/DDoS,0.0,0.0,0.9999946236857931,5.376314206946534e-06,0.0
7067,DoS/DDoS,DoS/DDoS,0.0,0.0,1.0,0.0,0.0
7068,Brute Force,Brute Force,0.0,1.0,0.0,0.0,0.0
7069,DoS/DDoS,DoS/DDoS,0.0,0.0,0.9999897181194723,1.0281880527716808e-05,0.0
7070,Normal,Normal,0.0,0.07522353130351472,0.00033351203019991494,0.912022775656922,0.012420181009363259
7071,DoS/DDoS,DoS/DDoS,0.0,0.004128566758511185,0.693173849958344,0.30269758328314483,0.0
7072,Brute Force,Web Attack,0.0,0.3067250797522677,1.25579282007367e-05,0.0015952946768380699,0.6916670676426938
7073,Normal,Normal,0.0,0.01768591065190907,0.0002295671233766507,0.9733214056126527,0.008763116612061566
7074,Normal,Normal,0.0,0.0,0.0,1.0,0.0
7075,DoS/DDoS,DoS/DDoS,0.0,0.000192968101100968,0.995161292073546,0.0036673995325085134,0.0009783402928444298
7076,DoS/DDoS,DoS/DDoS,0.0,0.0,1.0,0.0,0.0
7077,Normal,Normal,0.0024200771668733637,0.0,0.0,0.9975799228331266,0.0
7078,Brute Force,Brute Force,0.0,1.0,0.0,0.0,0.0
7079,Normal,Normal,0.0,0.0,0.0,1.0,0.0
7080,Normal,Normal,0.0,0.0,0.0,1.0,0.0
7081,Normal,Normal,0.0,0.0,0.0,1.0,0.0
7082,DoS/DDoS,DoS/DDoS,0.0,0.0,1.0,0.0,0.0
7083,Normal,Normal,0.04317427124287272,0.0,0.0006338545006906452,0.9561918742564366,0.0
7084,DoS/DDoS,DoS/DDoS,0.0,0.0,1.0,0.0,0.0
7085,DoS/DDoS,DoS/DDoS,0.0,0.0,1.0,0.0,0.0
7086,Web Attack,Web Attack,0.0,0.008970834762126869,0.0035402175671791695,0.028181332954794427,0.9593076147158995
7087,DoS/DDoS,DoS/DDoS,0.0,0.0,1.0,0.0,0.0
7088,DoS/DDoS,DoS/DDoS,0.0,0.0,0.9999837280409707,1.6271959029384604e-05,0.0
7089,DoS/DDoS,DoS/DDoS,0.0,0.0,0.999969598059839,3.040194016098469e-05,0.0
7090,Normal,Normal,0.0,0.0,0.0,1.0,0.0
7091,Normal,Normal,0.0,0.0,0.0,1.0,0.0
7092,Normal,Normal,0.0016095180392682608,0.0,0.0018460018769549968,0.9965444800837766,0.0
7093,DoS/DDoS,DoS/DDoS,0.0,0.0,1.0,0.0,0.0
7094,DoS/DDoS,DoS/DDoS,0.0,0.0,0.9999946236857931,5.376314206946534e-06,0.0
7095,Normal,Normal,0.0,0.0013372284512619846,0.017016770001554236,0.9746188132789056,0.007027188268278247
7096,DoS/DDoS,DoS/DDoS,0.0,0.0,1.0,0.0,0.0
7097,Brute Force,Web Attack,0.0,0.30888300287159204,2.0543926530199344e-05,0.0011579984209383648,0.6899384547809394
7098,Brute Force,Brute Force,0.0,1.0,0.0,0.0,0.0
7099,DoS/DDoS,DoS/DDoS,0.0,0.0,1.0,0.0,0.0
7100,Normal,Normal,0.0,0.0012187410885724603,0.0,0.9987812589114275,0.0
7101,DoS/DDoS,DoS/DDoS,0.0,0.0,1.0,0.0,0.0
7102,Normal,Normal,0.0,0.0,0.0,1.0,0.0
7103,Normal,Normal,0.0,0.0,0.0,1.0,0.0
7104,Normal,Normal,0.0,0.0,0.004181334620641003,0.993318665379359,0.0025
7105,Normal,Normal,0.0,0.0,0.0,1.0,0.0
7106,Normal,Normal,0.0,0.0,0.0,1.0,0.0
7107,DoS/DDoS,DoS/DDoS,0.0,0.0,1.0,0.0,0.0
7108,Normal,Normal,0.0,0.0,0.0,1.0,0.0
7109,Normal,Normal,0.0,0.0,0.0,1.0,0.0
7110,DoS/DDoS,DoS/DDoS,0.0,0.0,1.0,0.0,0.0
7111,Normal,Normal,0.0,0.0,0.0,1.0,0.0
7112,Normal,Normal,0.0025,0.0,0.0035870242045048096,0.9939129757954952,0.0
7113,Brute Force,Brute Force,0.0,1.0,0.0,0.0,0.0
7114,Normal,Normal,0.0,0.0,0.0025,0.9975,0.0
7115,Brute Force,Brute Force,0.0,0.9697495708732825,0.0,0.023157989225152942,0.007092439901564535
7116,Normal,Normal,0.0,0.0,0.0,1.0,0.0
7117,Normal,Normal,0.0,0.0,0.0,1.0,0.0
7118,Normal,Normal,0.0,0.03859509589348242,0.18075143643525604,0.7429229771588326,0.03773049051242891
7119,Normal,Normal,0.0,0.0,0.0008336094282468763,0.9991663905717532,0.0
7120,DoS/DDoS,DoS/DDoS,0.0,0.0,0.9914364347790903,0.008563565220909591,0.0
7121,Normal,Normal,0.0,0.0,0.004745580057231288,0.9952544199427686,0.0
7122,DoS/DDoS,DoS/DDoS,0.0,0.0,1.0,0.0,0.0
7123,Normal,Normal,0.0020869788209738733,0.0,0.010403575777939012,0.9875094454010871,0.0
7124,DoS/DDoS,DoS/DDoS,0.0,0.0,1.0,0.0,0.0
7125,DoS/DDoS,DoS/DDoS,0.0,0.0,1.0,0.0,0.0
7126,Brute Force,Brute Force,0.0,0.5656996515456523,3.748096830746594e-05,0.005052369432028288,0.4292104980540119
7127,Normal,Normal,0.0,0.0,0.012623561869850591,0.9873764381301494,0.0
7128,Normal,Normal,0.0,0.0,0.0,1.0,0.0
7129,Brute Force,Brute Force,0.0,1.0,0.0,0.0,0.0
7130,DoS/DDoS,DoS/DDoS,0.0,0.0,0.998756582692855,0.0012434173071448904,0.0
7131,Brute Force,Brute Force,0.0,1.0,0.0,0.0,0.0
7132,DoS/DDoS,DoS/DDoS,0.0,0.0,1.0,0.0,0.0
7133,Normal,Normal,0.0,0.0,0.0,1.0,0.0
7134,DoS/DDoS,DoS/DDoS,0.0,0.0,1.0,0.0,0.0
7135,Bot,Bot,0.9998742314038664,0.0,1.4450702009829216e-06,0.00012432352593260798,0.0
7136,DoS/DDoS,DoS/DDoS,0.0,0.0,1.0,0.0,0.0
7137,Normal,Normal,0.0,0.0,0.0,1.0,0.0
7138,Brute Force,Brute Force,0.0,1.0,0.0,0.0,0.0
7139,Normal,Normal,0.0,0.019462656983648217,0.0002295671233766507,0.9703106036273129,0.009997172265662206
7140,Bot,Bot,0.9783704761969215,0.0,5.840583014884628e-05,0.021571117972929647,0.0
7141,Normal,Normal,0.0,0.0,0.0012580142396656157,0.9987419857603343,0.0
7142,Brute Force,Brute Force,0.0,0.8072295353141923,7.653176750507167e-05,0.013657615157108866,0.17903631776119378
7143,DoS/DDoS,DoS/DDoS,0.0,0.0,1.0,0.0,0.0
7144,DoS/DDoS,DoS/DDoS,0.0,0.0,0.9999668162769407,3.3183723059252104e-05,0.0
7145,DoS/DDoS,DoS/DDoS,0.0,0.0,1.0,0.0,0.0
7146,Bot,Bot,0.9791488073179181,0.0,3.4949114468774026e-05,0.020816243567613087,0.0
7147,DoS/DDoS,DoS/DDoS,0.0,0.0,1.0,0.0,0.0
7148,Normal,Normal,0.0,0.0,0.0,1.0,0.0
7149,Bot,Bot,0.9936840901223334,0.0,1.4450702009829216e-06,0.006314464807465618,0.0
7150,Normal,Normal,0.0,0.001232357914351772,0.002494732545406642,0.9962729095402416,0.0
7151,DoS/DDoS,DoS/DDoS,0.0,0.0,0.999969598059839,3.040194016098469e-05,0.0
7152,Brute Force,Brute Force,0.0,1.0,0.0,0.0,0.0
7153,Normal,Normal,0.0,0.0,0.0,1.0,0.0
7154,DoS/DDoS,DoS/DDoS,0.0,0.0,1.0,0.0,0.0
7155,DoS/DDoS,DoS/DDoS,0.0,0.0,1.0,0.0,0.0
7156,Normal,Normal,0.0,0.0,0.0,1.0,0.0
7157,DoS/DDoS,DoS/DDoS,0.0,0.0,1.0,0.0,0.0
7158,Normal,Normal,0.0,0.0012187410885724603,0.0,0.9987812589114275,0.0
7159,Brute Force,Brute Force,0.0,1.0,0.0,0.0,0.0
7160,Normal,Normal,0.0,0.0,0.0,1.0,0.0
7161,Normal,Normal,0.0,0.0,0.0,1.0,0.0
7162,DoS/DDoS,DoS/DDoS,0.0,0.0,1.0,0.0,0.0
7163,DoS/DDoS,DoS/DDoS,0.0,0.0021217035033854535,0.9927061263046482,0.005172170191966498,0.0
7164,Normal,Normal,0.00664446109806199,0.0013885088919288646,0.12891854751428805,0.8630484824957212,0.0
7165,DoS/DDoS,DoS/DDoS,0.0,0.0,1.0,0.0,0.0
7166,DoS/DDoS,DoS/DDoS,0.0,0.0,1.0,0.0,0.0
7167,Normal,Normal,0.0,0.0,0.0,1.0,0.0
7168,DoS/DDoS,DoS/DDoS,0.0,0.0,1.0,0.0,0.0
7169,Brute Force,Brute Force,0.0,1.0,0.0,0.0,0.0
7170,Normal,Normal,0.0,0.0,0.0,1.0,0.0
7171,Bot,Bot,0.980910923446738,0.0,3.563600946994233e-05,0.019053440543791916,0.0
7172,Normal,Normal,0.0,0.0,0.0,1.0,0.0
7173,DoS/DDoS,DoS/DDoS,0.0,0.0,1.0,0.0,0.0
7174,Normal,Normal,0.033785344763148685,0.004129615935665758,0.015209940398274445,0.9419959075830977,0.004879191319813441
7175,Brute Force,Brute Force,0.0,1.0,0.0,0.0,0.0
7176,Normal,Normal,0.0,0.0,0.0,1.0,0.0
7177,DoS/DDoS,DoS/DDoS,0.0,0.0052221826659526755,0.8808121541218433,0.11396566321220408,0.0
7178,DoS/DDoS,DoS/DDoS,0.0,0.0,1.0,0.0,0.0
7179,DoS/DDoS,DoS/DDoS,0.0,0.0,1.0,0.0,0.0
7180,DoS/DDoS,DoS/DDoS,0.0,0.0019361515108356803,0.9672890513065735,0.023128005772325412,0.007646791410265374
7181,DoS/DDoS,DoS/DDoS,0.0,0.0,1.0,0.0,0.0
7182,DoS/DDoS,DoS/DDoS,0.0,0.0,1.0,0.0,0.0
7183,DoS/DDoS,DoS/DDoS,0.0,0.0,1.0,0.0,0.0
7184,Brute Force,Brute Force,0.0,1.0,0.0,0.0,0.0
7185,Brute Force,Brute Force,0.0,1.0,0.0,0.0,0.0
7186,Normal,Normal,0.0,0.006585325393490615,0.0018698736620146176,0.9866256079766099,0.004919192967884829
7187,DoS/DDoS,DoS/DDoS,0.0,0.0,1.0,0.0,0.0
7188,Normal,Normal,0.0,0.008973103164717139,0.004601164638327349,0.9817863171479587,0.0046394150489967294
7189,Brute Force,Brute Force,0.0,1.0,0.0,0.0,0.0
7190,Normal,Normal,0.0,0.0,0.0,1.0,0.0
7191,Normal,Normal,0.0,0.0,0.0,1.0,0.0
7192,Normal,Normal,0.0,0.0,0.0,1.0,0.0
7193,DoS/DDoS,DoS/DDoS,0.0,0.0,1.0,0.0,0.0
7194,Normal,Normal,0.0,0.0,0.0,1.0,0.0
7195,Normal,Normal,0.0,0.0,0.0,1.0,0.0
7196,Normal,Normal,0.0,0.0,0.0,1.0,0.0
7197,Normal,Normal,0.0,0.0,0.0,1.0,0.0
7198,Normal,Normal,0.0,0.015049636524795552,0.0005063015430540386,0.967521298722259,0.01692276320989127
7199,DoS/DDoS,DoS/DDoS,0.0,0.0,1.0,0.0,0.0
7200,Normal,Normal,0.0,0.006742924034128139,0.01859530705234504,0.9746617689135268,0.0
7201,Normal,Normal,0.0,0.0,0.0,1.0,0.0
7202,Brute Force,Brute Force,0.0,1.0,0.0,0.0,0.0
7203,Normal,Normal,0.004544457750126451,0.0021682158150170172,0.011038292482602454,0.9822490339522542,0.0
7204,Normal,Normal,0.0,0.0,0.0,1.0,0.0
7205,Brute Force,Brute Force,0.0,1.0,0.0,0.0,0.0
7206,Brute Force,Brute Force,0.0,1.0,0.0,0.0,0.0
7207,Normal,Normal,0.0012974845876158375,0.010470038617676798,0.03580702440659712,0.9524254523881102,0.0
7208,Normal,Normal,0.0,0.0,0.0,1.0,0.0
7209,DoS/DDoS,DoS/DDoS,0.0,0.0005687768313614967,0.9259984447960253,0.05877638224311966,0.01465639612949348
7210,DoS/DDoS,DoS/DDoS,0.0,0.0,1.0,0.0,0.0
7211,Normal,Normal,0.0,0.0,0.0,1.0,0.0
7212,Normal,Normal,0.0,0.05745387667353658,1.233285489663589e-05,0.6826153717109751,0.25991841876059174
7213,DoS/DDoS,DoS/DDoS,0.0,0.0003846456989188705,0.9757069627864128,0.014190884803590938,0.009717506711077375
7214,Brute Force,Brute Force,0.0,1.0,0.0,0.0,0.0
7215,Brute Force,Brute Force,0.0,1.0,0.0,0.0,0.0
7216,DoS/DDoS,DoS/DDoS,0.0,0.0,1.0,0.0,0.0
7217,Brute Force,Brute Force,0.0,0.797173878782974,3.223540519108048e-05,0.0016316459198453472,0.20116223989198947
7218,Brute Force,Brute Force,0.0,1.0,0.0,0.0,0.0
7219,Normal,Normal,0.0,0.0,0.0,1.0,0.0
7220,Normal,Normal,0.0,0.0,0.0,1.0,0.0
7221,DoS/DDoS,DoS/DDoS,0.0,0.0,1.0,0.0,0.0
7222,Brute Force,Brute Force,0.0,1.0,0.0,0.0,0.0
7223,Normal,Normal,0.0,0.0,0.0,1.0,0.0
7224,DoS/DDoS,DoS/DDoS,0.0,0.0,1.0,0.0,0.0
7225,DoS/DDoS,DoS/DDoS,0.0,0.0,1.0,0.0,0.0
7226,Normal,Normal,0.0,0.00905143970835953,0.006666576636067078,0.9842819836555734,0.0
7227,DoS/DDoS,DoS/DDoS,0.0,0.0,1.0,0.0,0.0
7228,DoS/DDoS,DoS/DDoS,0.0,0.0,1.0,0.0,0.0
7229,Normal,Normal,0.0,0.033508622642345554,0.0005190033556576349,0.9185956894948324,0.047376684507164396
7230,DoS/DDoS,DoS/DDoS,0.0,0.0,1.0,0.0,0.0
7231,Brute Force,Web Attack,0.0,0.354040615462554,1.25579282007367e-05,0.0014967575523137126,0.6444500690569317
7232,DoS/DDoS,DoS/DDoS,0.0,0.0,1.0,0.0,0.0
7233,DoS/DDoS,DoS/DDoS,0.0,0.0,1.0,0.0,0.0
7234,DoS/DDoS,DoS/DDoS,0.0,0.0,1.0,0.0,0.0
7235,Normal,Normal,0.0975148203090647,0.0,1.484508752096621e-06,0.9024836951821831,0.0
7236,DoS/DDoS,DoS/DDoS,0.0,0.0,1.0,0.0,0.0
7237,Normal,Normal,0.0,0.0,0.0,1.0,0.0
7238,Brute Force,Brute Force,0.0,1.0,0.0,0.0,0.0
7239,DoS/DDoS,DoS/DDoS,0.0,0.0,0.9999837280409707,1.6271959029384604e-05,0.0
7240,DoS/DDoS,DoS/DDoS,0.0,0.0,1.0,0.0,0.0
7241,Normal,Normal,0.0,0.0,0.0,1.0,0.0
7242,Brute Force,Brute Force,0.0,1.0,0.0,0.0,0.0
7243,DoS/DDoS,DoS/DDoS,0.0,0.0,1.0,0.0,0.0
7244,Brute Force,Brute Force,0.0,1.0,0.0,0.0,0.0
7245,Brute Force,Brute Force,0.0,1.0,0.0,0.0,0.0
7246,Normal,Normal,0.0,0.0,0.0,1.0,0.0
7247,Normal,Normal,0.0,0.0,0.0,1.0,0.0
7248,Brute Force,Brute Force,0.0,1.0,0.0,0.0,0.0
7249,DoS/DDoS,DoS/DDoS,0.0,0.0,0.991877613006968,0.008122386993031982,0.0
7250,Normal,Normal,0.0,0.0,0.0,1.0,0.0
7251,Brute Force,Brute Force,0.0,1.0,0.0,0.0,0.0
7252,Normal,Normal,0.0,0.0,0.0,1.0,0.0
7253,Normal,Normal,0.0,0.05766888694800922,0.0018895473425670842,0.7339369620077547,0.20650460370166912
7254,DoS/DDoS,DoS/DDoS,0.0,0.0008531739364402641,0.9922712481433886,0.002750234074979676,0.00412534384519145
7255,DoS/DDoS,DoS/DDoS,0.0,0.0,1.0,0.0,0.0
7256,Brute Force,Brute Force,0.0,1.0,0.0,0.0,0.0
7257,DoS/DDoS,DoS/DDoS,0.0,0.0,1.0,0.0,0.0
7258,DoS/DDoS,DoS/DDoS,0.0,0.0,1.0,0.0,0.0
7259,Brute Force,Brute Force,0.0,1.0,0.0,0.0,0.0
7260,Normal,Normal,0.0,0.0,0.0,1.0,0.0
7261,Normal,Normal,0.0,0.0,0.0,1.0,0.0
7262,Brute Force,Brute Force,0.0,1.0,0.0,0.0,0.0
7263,DoS/DDoS,DoS/DDoS,0.0,0.0,1.0,0.0,0.0
7264,Bot,Bot,0.9796749053872664,0.0,4.192634733102765e-05,0.02028316826540241,0.0
7265,DoS/DDoS,DoS/DDoS,0.0,0.0,0.9999886336072914,1.1366392708614331e-05,0.0
7266,Normal,Normal,0.0,0.0,0.0,1.0,0.0
7267,Normal,Normal,0.0,0.0027200785751636267,0.016238556335272627,0.9790553540116202,0.001986011077943512
7268,DoS/DDoS,DoS/DDoS,0.0,0.0,1.0,0.0,0.0
7269,Brute Force,Brute Force,0.0,1.0,0.0,0.0,0.0
7270,Normal,Normal,0.0,0.006097719530961055,0.000995498177934424,0.9905699023823981,0.002336879908706451
7271,DoS/DDoS,DoS/DDoS,0.0,0.0,1.0,0.0,0.0
7272,Normal,Normal,0.0,0.0,0.0,1.0,0.0
7273,DoS/DDoS,DoS/DDoS,0.0,0.0,1.0,0.0,0.0
7274,Normal,Normal,0.0,0.0,0.0,1.0,0.0
7275,DoS/DDoS,DoS/DDoS,0.0,0.0,1.0,0.0,0.0
7276,Normal,Normal,0.0,0.0016282567448748205,0.01293495229677936,0.9854367909583458,0.0
7277,Bot,Bot,1.0,0.0,0.0,0.0,0.0
7278,Normal,Normal,0.0021026072329688814,0.0,0.0,0.9978973927670312,0.0
7279,DoS/DDoS,DoS/DDoS,0.0,0.0,1.0,0.0,0.0
7280,Normal,Normal,0.0,0.004622444237918216,0.005853366739260253,0.9895241890228215,0.0
7281,Normal,Normal,0.0,0.0,0.0,1.0,0.0
7282,Normal,Normal,0.0,0.0021224442379182158,0.0012662535372711967,0.9966113022248105,0.0
7283,Normal,Normal,0.0,0.0,0.0,1.0,0.0
7284,Normal,Normal,0.0,0.0,0.0,1.0,0.0
7285,DoS/DDoS,DoS/DDoS,0.0,0.0,1.0,0.0,0.0
7286,Normal,Normal,0.0,0.0014224585293508918,0.003351581271448077,0.9932399491212575,0.001986011077943512
7287,DoS/DDoS,DoS/DDoS,0.0,0.0052934907731417855,0.7132808504468492,0.2798079621369013,0.001617696643107632
7288,DoS/DDoS,DoS/DDoS,0.0,0.0,1.0,0.0,0.0
7289,Web Attack,Web Attack,0.0,0.04104591851339533,1.25579282007367e-05,0.0007806140200445214,0.9581609095383598
7290,DoS/DDoS,DoS/DDoS,0.0,0.0,1.0,0.0,0.0
7291,DoS/DDoS,DoS/DDoS,0.0,0.0,1.0,0.0,0.0
7292,Normal,Normal,0.0,0.005231532991114236,0.0002608896257141265,0.9921205022560476,0.0023870751271239895
7293,DoS/DDoS,DoS/DDoS,0.0,0.0,1.0,0.0,0.0
7294,Normal,Normal,0.0,0.0,0.0087431674849843,0.9889124087108625,0.0023444238041531217
7295,Normal,Normal,0.0,0.0,0.0,1.0,0.0
7296,Brute Force,Brute Force,0.0,1.0,0.0,0.0,0.0
7297,Brute Force,Brute Force,0.0,1.0,0.0,0.0,0.0
7298,Normal,Normal,0.0,0.009862887321777895,0.00022286713072580615,0.9855318707648129,0.004382374782683349
7299,DoS/DDoS,DoS/DDoS,0.0,0.0,1.0,0.0,0.0
7300,Normal,Normal,0.20384198154337402,0.0,0.0015878463201226267,0.7945701721365032,0.0
7301,Normal,Normal,0.0,0.0,0.0,1.0,0.0
7302,Normal,Normal,0.0,0.002438628257112533,0.02930375931773466,0.956177239979558,0.012080372445594855
7303,Normal,Normal,0.0,0.0,0.0,1.0,0.0
7304,Normal,Bot,0.7318803439336435,0.0,8.853231211971157e-05,0.2680311237542367,0.0
7305,Normal,Normal,0.0,0.0,0.0,1.0,0.0
7306,Brute Force,Brute Force,0.0,1.0,0.0,0.0,0.0
7307,Normal,Normal,0.0,0.00876078929146456,0.0,0.9912392107085355,0.0
7308,DoS/DDoS,DoS/DDoS,0.0,0.0,1.0,0.0,0.0
7309,Brute Force,Brute Force,0.0,1.0,0.0,0.0,0.0
7310,DoS/DDoS,DoS/DDoS,0.0,0.0,1.0,0.0,0.0
7311,Brute Force,Brute Force,0.0,1.0,0.0,0.0,0.0
7312,Brute Force,Brute Force,0.0,1.0,0.0,0.0,0.0
7313,Normal,Normal,0.0,0.0,0.0,1.0,0.0
7314,DoS/DDoS,DoS/DDoS,0.0,0.0,1.0,0.0,0.0
7315,DoS/DDoS,DoS/DDoS,0.004111078952674383,0.004345842673017652,0.5358996504425462,0.4556434279317618,0.0
7316,DoS/DDoS,DoS/DDoS,0.0,0.0,1.0,0.0,0.0
7317,Normal,Normal,0.13818949483849413,0.0,0.0002133314530251376,0.8615971737084805,0.0
7318,Normal,Normal,0.0,0.0,0.0,1.0,0.0
7319,Normal,Normal,0.0,0.0,0.0016632903548702304,0.9983367096451298,0.0
7320,DoS/DDoS,DoS/DDoS,0.0,0.0,1.0,0.0,0.0
7321,Normal,Normal,0.0,0.013946146791261799,0.003142926469872258,0.9631240060286546,0.01978692071021137
7322,DoS/DDoS,DoS/DDoS,0.0,0.0,1.0,0.0,0.0
7323,DoS/DDoS,DoS/DDoS,0.0,0.0,0.9975010511135074,0.0024989488864926145,0.0
7324,Bot,Bot,1.0,0.0,0.0,0.0,0.0
7325,DoS/DDoS,DoS/DDoS,0.0,0.0,1.0,0.0,0.0
7326,Brute Force,Brute Force,0.0,1.0,0.0,0.0,0.0
7327,Brute Force,Brute Force,0.0,1.0,0.0,0.0,0.0
7328,Brute Force,Brute Force,0.0,1.0,0.0,0.0,0.0
7329,Normal,Normal,0.0,0.0,0.0,1.0,0.0
7330,DoS/DDoS,DoS/DDoS,0.0,0.0,1.0,0.0,0.0
7331,Normal,Normal,0.0,0.0,0.0,1.0,0.0
7332,Brute Force,Brute Force,0.0,1.0,0.0,0.0,0.0
7333,Normal,Normal,0.0,0.0,0.0,1.0,0.0
7334,Brute Force,Brute Force,0.0,0.9994690913185452,0.0005309086814547911,0.0,0.0
7335,Brute Force,Brute Force,0.0,1.0,0.0,0.0,0.0
7336,Normal,Normal,0.0,0.0,0.0,1.0,0.0
7337,DoS/DDoS,DoS/DDoS,0.0,0.0,1.0,0.0,0.0
7338,DoS/DDoS,DoS/DDoS,0.0,0.0,0.9977954711741632,0.0022045288258366936,0.0
7339,DoS/DDoS,DoS/DDoS,0.0,0.0,1.0,0.0,0.0
7340,Bot,Bot,1.0,0.0,0.0,0.0,0.0
7341,Brute Force,Brute Force,0.0,1.0,0.0,0.0,0.0
7342,Brute Force,Brute Force,0.0,1.0,0.0,0.0,0.0
7343,DoS/DDoS,DoS/DDoS,0.0,0.0,1.0,0.0,0.0
7344,Normal,Normal,0.0,0.0,0.0,1.0,0.0
7345,DoS/DDoS,DoS/DDoS,0.0,0.0,1.0,0.0,0.0
7346,Brute Force,Brute Force,0.0,1.0,0.0,0.0,0.0
7347,Brute Force,Brute Force,0.0,0.7636259942294548,3.223540519108048e-05,0.0018991270449267256,0.2344426433204275
7348,Normal,Normal,0.0,0.0,0.0,1.0,0.0
7349,Normal,Normal,0.0,0.0,0.0,1.0,0.0
7350,Normal,Normal,0.0,0.00970039639805929,0.0225,0.9677996036019407,0.0
7351,Normal,Normal,0.0,0.026746639435204486,0.00017573467997291585,0.9610998525607319,0.011977773324090545
7352,DoS/DDoS,DoS/DDoS,0.0,0.0,1.0,0.0,0.0
7353,Normal,Normal,0.0002240586813068088,0.0038425679831713107,0.004790626910255822,0.991142746425266,0.0
7354,Brute Force,Brute Force,0.0,1.0,0.0,0.0,0.0
7355,Normal,Normal,0.0,0.0,0.0,1.0,0.0
7356,Brute Force,Brute Force,0.0,1.0,0.0,0.0,0.0
7357,Brute Force,Web Attack,0.0,0.36252002226160124,1.5884675081370873e-05,0.0054387348490443944,0.632025358214273
7358,Normal,Normal,0.0,0.00845574917672887,0.03735291549809919,0.9470459713075101,0.0071453640176618385
7359,Brute Force,Brute Force,0.0,1.0,0.0,0.0,0.0
7360,DoS/DDoS,DoS/DDoS,0.0,0.0,1.0,0.0,0.0
7361,Bot,Bot,0.7894550757314066,0.0,0.00911993246390046,0.20142499180469273,0.0
7362,Normal,Normal,0.0,0.0016327275295447054,0.0,0.9983672724704553,0.0
7363,Normal,Normal,0.0,0.0,0.0,1.0,0.0
7364,Bot,Bot,0.9986608032947503,0.0,1.4450702009829216e-06,0.001337751635048668,0.0
7365,Normal,Normal,0.24259579175851959,0.0,4.2196713304606916e-05,0.7573620115281757,0.0
7366,Brute Force,Brute Force,0.0,1.0,0.0,0.0,0.0
7367,Normal,Normal,0.014239933396766848,0.005,0.11668341985140591,0.8640766467518274,0.0
7368,DoS/DDoS,DoS/DDoS,0.0,0.0,1.0,0.0,0.0
7369,Normal,Normal,0.0,0.0025,0.0,0.9952265802269044,0.0022734197730956236
7370,DoS/DDoS,DoS/DDoS,0.0,0.0,1.0,0.0,0.0
7371,Normal,Normal,0.0,0.0,0.0,1.0,0.0
7372,DoS/DDoS,DoS/DDoS,0.0,0.0,0.9999897181194723,1.0281880527716808e-05,0.0
7373,DoS/DDoS,DoS/DDoS,0.0,0.0016854648664214739,0.917363464830269,0.05849361742657813,0.022457452876731468
7374,DoS/DDoS,DoS/DDoS,0.0,0.0,1.0,0.0,0.0
7375,DoS/DDoS,DoS/DDoS,0.0,0.0,0.9871028895172587,0.012897110482741305,0.0
7376,Normal,Normal,0.0025,0.030552818063098397,0.006655834621097301,0.9602913473158043,0.0
7377,DoS/DDoS,DoS/DDoS,0.0,0.0,0.9931089760865738,0.00689102391342616,0.0
7378,Normal,Normal,0.0,0.007950380043668827,0.027362271624989085,0.9646873483313421,0.0
7379,Normal,Normal,0.0004667851214775621,0.008416221494138494,0.00013529182342142052,0.9866124056629325,0.004369295898029989
7380,Normal,Normal,0.0,0.0,0.0,1.0,0.0
7381,Brute Force,Web Attack,0.0,0.43694051506150217,2.0543926530199344e-05,0.0019912666013363455,0.5610476744106314
7382,Normal,Normal,0.0,0.0,0.0,1.0,0.0
7383,Brute Force,Brute Force,0.0,1.0,0.0,0.0,0.0
7384,Brute Force,Brute Force,0.0,1.0,0.0,0.0,0.0
7385,Brute Force,Brute Force,0.0,1.0,0.0,0.0,0.0
7386,Brute Force,Web Attack,0.0,0.22697282641599648,1.25579282007367e-05,0.0007226375847297245,0.7722919780710732
7387,DoS/DDoS,DoS/DDoS,0.0,0.000192968101100968,0.993714427285681,0.005114264320373407,0.0009783402928444298
7388,DoS/DDoS,DoS/DDoS,0.0,0.0,1.0,0.0,0.0
7389,Normal,Normal,0.0,0.0,0.0,1.0,0.0
7390,Normal,Normal,0.12519868884923102,0.0,0.00021050933950996878,0.8745908018112589,0.0
7391,Normal,Normal,0.0,0.0,0.0,1.0,0.0
7392,Normal,Normal,0.0,0.0,0.0,1.0,0.0
7393,Normal,Normal,0.0,0.0,0.0052550205724159645,0.9947449794275841,0.0
7394,Brute Force,Brute Force,0.0,1.0,0.0,0.0,0.0
7395,DoS/DDoS,DoS/DDoS,0.0,0.0,1.0,0.0,0.0
7396,Normal,Normal,0.0011985092529129538,0.0,0.008319481343001348,0.9904820094040857,0.0
7397,Normal,Normal,0.0,0.0,0.0,1.0,0.0
7398,Normal,Normal,0.0,0.0,0.0,1.0,0.0
7399,Normal,Normal,0.0,0.001624005212454042,0.006833940531367652,0.9915420542561783,0.0
7400,Normal,Normal,0.0,0.0,0.0,1.0,0.0
7401,Normal,Normal,0.0019346754313886608,0.0,0.002485208647311989,0.9955801159212992,0.0
7402,Brute Force,Brute Force,0.0,1.0,0.0,0.0,0.0
7403,Normal,Normal,0.0,0.0,0.0,1.0,0.0
7404,DoS/DDoS,DoS/DDoS,0.0,0.0,1.0,0.0,0.0
7405,DoS/DDoS,DoS/DDoS,0.0,0.0,1.0,0.0,0.0
7406,Bot,Bot,0.9819955280358295,0.0,3.8792083567466685e-05,0.017965679880602985,0.0
7407,DoS/DDoS,DoS/DDoS,0.0,0.0,1.0,0.0,0.0
7408,DoS/DDoS,DoS/DDoS,0.0,0.0,1.0,0.0,0.0
7409,Brute Force,Brute Force,0.0,1.0,0.0,0.0,0.0
7410,Brute Force,Brute Force,0.0,1.0,0.0,0.0,0.0
7411,Normal,Normal,0.0,0.058352858389719556,0.0004408079369729316,0.9210521554802461,0.020154178193061312
7412,Normal,Normal,0.0,0.0,0.0,1.0,0.0
7413,Brute Force,Brute Force,0.0,1.0,0.0,0.0,0.0
7414,DoS/DDoS,DoS/DDoS,0.0,0.0,1.0,0.0,0.0
7415,Normal,Normal,0.0,0.03366252744611849,0.0008675005791058606,0.9582053426993241,0.007264629275451618
7416,DoS/DDoS,DoS/DDoS,0.0,0.0,1.0,0.0,0.0
7417,DoS/DDoS,DoS/DDoS,0.0,0.0,0.999969598059839,3.040194016098469e-05,0.0
7418,DoS/DDoS,DoS/DDoS,0.0,0.0,1.0,0.0,0.0
7419,Brute Force,Brute Force,0.0,1.0,0.0,0.0,0.0
7420,Bot,Bot,0.9811961271208502,0.0,6.273576523349022e-05,0.018741137113916298,0.0
7421,Brute Force,Brute Force,0.0,1.0,0.0,0.0,0.0
7422,DoS/DDoS,DoS/DDoS,0.0,0.0,0.9999897181194723,1.0281880527716808e-05,0.0
7423,Normal,Normal,0.0,0.0025,0.0027427122867162207,0.9947572877132839,0.0
7424,DoS/DDoS,DoS/DDoS,0.0,0.0,1.0,0.0,0.0
7425,Normal,Normal,0.0,0.0,0.0,1.0,0.0
7426,DoS/DDoS,DoS/DDoS,0.0,0.0,1.0,0.0,0.0
7427,Brute Force,Web Attack,0.0,0.04943180660959977,1.25579282007367e-05,0.0007277141008411802,0.9498279213613584
7428,Normal,Normal,0.0,0.009697945152234416,0.40337593794825055,0.5798200285923907,0.007106088307124363
7429,Normal,Normal,0.0,0.0,0.0,1.0,0.0
7430,DoS/DDoS,DoS/DDoS,0.0,0.0,1.0,0.0,0.0
7431,Normal,Normal,0.0,0.0,0.0,1.0,0.0
7432,DoS/DDoS,DoS/DDoS,0.0,0.0,1.0,0.0,0.0
7433,DoS/DDoS,DoS/DDoS,0.0,0.0,0.9991929097932833,0.0008070902067165902,0.0
7434,Brute Force,Brute Force,0.0,1.0,0.0,0.0,0.0
7435,DoS/DDoS,DoS/DDoS,0.0,0.0,1.0,0.0,0.0
7436,Normal,Normal,0.0,0.0,0.0,1.0,0.0
7437,Brute Force,Normal,0.0022773703509690935,0.12677456833065362,0.06328435027393779,0.48068148992525495,0.32698222111918457
7438,Brute Force,Brute Force,0.0,1.0,0.0,0.0,0.0
7439,Normal,Normal,0.0,0.0,0.0,1.0,0.0
7440,Normal,Normal,0.0,0.0,0.0,1.0,0.0
7441,Brute Force,Brute Force,0.0,1.0,0.0,0.0,0.0
7442,DoS/DDoS,DoS/DDoS,0.004823340079685552,0.003313156339723271,0.9384360231271618,0.05098104949052598,0.002446430962903442
7443,DoS/DDoS,DoS/DDoS,0.0,0.0,1.0,0.0,0.0
7444,DoS/DDoS,DoS/DDoS,0.0,0.00033326288283441573,0.9569487775408313,0.042717959576334334,0.0
7445,Normal,Normal,0.0,0.0,0.0,1.0,0.0
7446,Brute Force,Brute Force,0.0,1.0,0.0,0.0,0.0
7447,Normal,Normal,0.0,0.008411297371017168,9.361436774968399e-05,0.986382883066552,0.005112205194681138
7448,DoS/DDoS,DoS/DDoS,0.0,0.0,1.0,0.0,0.0
7449,Normal,Normal,0.0,0.005489264735187499,0.018125768894752793,0.9739953642536658,0.002389602116393734
7450,Brute Force,Brute Force,0.0,1.0,0.0,0.0,0.0
7451,Web Attack,Web Attack,0.0,0.49253937634589817,1.25579282007367e-05,0.0007212539597298362,0.5067268117661713
7452,DoS/DDoS,DoS/DDoS,0.0,0.0,1.0,0.0,0.0
7453,DoS/DDoS,DoS/DDoS,0.0,0.0,1.0,0.0,0.0
7454,Brute Force,Brute Force,0.0,1.0,0.0,0.0,0.0
7455,Brute Force,Web Attack,0.0,0.14433551096329245,1.25579282007367e-05,0.0006810714589392,0.8549708596495678
7456,Normal,Normal,0.0,0.0,0.0,1.0,0.0
7457,Normal,Normal,0.0,0.00163012713437268,0.0025,0.9958698728656272,0.0
7458,DoS/DDoS,DoS/DDoS,0.0,0.00035293354362860024,0.97840361748647,0.020265108677057015,0.0009783402928444298
7459,Normal,Normal,0.03578630555492104,0.0,0.002002975211340132,0.9622107192337388,0.0
7460,DoS/DDoS,DoS/DDoS,0.0,0.0,1.0,0.0,0.0
7461,DoS/DDoS,DoS/DDoS,0.0,0.0,0.9997960919129155,0.000203908087084543,0.0
7462,Normal,Normal,0.0,0.0,0.0,1.0,0.0
7463,DoS/DDoS,DoS/DDoS,0.0,0.0,1.0,0.0,0.0
7464,Normal,Normal,0.0,0.0,0.0,1.0,0.0
7465,DoS/DDoS,DoS/DDoS,0.0,0.0,1.0,0.0,0.0
7466,Brute Force,Brute Force,0.0,1.0,0.0,0.0,0.0
7467,Normal,Normal,0.0,0.007722068304332868,0.10412407879320167,0.883230525120062,0.0049233277824035524
7468,Bot,Bot,1.0,0.0,0.0,0.0,0.0
7469,Normal,Normal,0.0022806329279455996,0.006980093731160127,0.028533290322855977,0.9547919544426076,0.007414028575430732
7470,Normal,Normal,0.0,0.0,0.0,1.0,0.0
7471,DoS/DDoS,DoS/DDoS,0.0,0.0,1.0,0.0,0.0
7472,Brute Force,Brute Force,0.0,1.0,0.0,0.0,0.0
7473,Normal,Normal,0.0,0.0,0.0,1.0,0.0
7474,DoS/DDoS,DoS/DDoS,0.0,0.0,1.0,0.0,0.0
7475,Normal,Normal,0.0,0.0,0.0008376781785133454,0.9991623218214867,0.0
7476,DoS/DDoS,DoS/DDoS,0.0,0.0,0.9999714047472551,2.8595252744989888e-05,0.0
7477,DoS/DDoS,DoS/DDoS,0.0,0.00021209331538452002,0.995183149815061,0.0014390009739530304,0.003165755895601417
7478,Normal,Normal,0.0,0.0,0.0,1.0,0.0
7479,Bot,Bot,0.9873242732024903,0.0,1.4450702009829216e-06,0.012674281727308691,0.0
7480,DoS/DDoS,DoS/DDoS,0.0,0.0,1.0,0.0,0.0
7481,Normal,Normal,0.0,0.0,0.0012738051077943364,0.9987261948922056,0.0
7482,DoS/DDoS,DoS/DDoS,0.0,0.0,1.0,0.0,0.0
7483,Normal,Normal,0.0,0.0,0.0,1.0,0.0
7484,DoS/DDoS,DoS/DDoS,0.0,0.0,1.0,0.0,0.0
7485,Normal,Normal,0.0,0.0,0.0,1.0,0.0
7486,Normal,Normal,0.0,0.0,0.0025,0.9975,0.0
7487,Brute Force,Brute Force,0.0,1.0,0.0,0.0,0.0
7488,Brute Force,Brute Force,0.0,1.0,0.0,0.0,0.0
7489,Normal,Normal,0.0,0.0,0.0,1.0,0.0
7490,DoS/DDoS,DoS/DDoS,0.0,0.0,1.0,0.0,0.0
7491,Normal,Normal,0.0,0.0,0.003323879932083849,0.9966761200679162,0.0
7492,DoS/DDoS,DoS/DDoS,0.0,0.0,1.0,0.0,0.0
7493,Normal,Normal,0.0,0.0,0.0,1.0,0.0
7494,Brute Force,Brute Force,0.0,1.0,0.0,0.0,0.0
7495,Brute Force,Brute Force,0.0,1.0,0.0,0.0,0.0
7496,DoS/DDoS,DoS/DDoS,0.0,0.0,1.0,0.0,0.0
7497,Normal,Normal,0.0,0.0,0.0,1.0,0.0
7498,DoS/DDoS,DoS/DDoS,0.0,0.0,0.9999897181194723,1.0281880527716808e-05,0.0
7499,DoS/DDoS,DoS/DDoS,0.0,0.0,0.9999886336072914,1.1366392708614331e-05,0.0
7500,Normal,Normal,0.0,0.0,0.0,1.0,0.0
7501,Normal,Normal,0.0,0.0,0.0,1.0,0.0
7502,Normal,Normal,0.0,0.0,0.0,1.0,0.0
7503,Normal,Normal,0.0,0.0,0.0012513799366119438,0.998748620063388,0.0
7504,Brute Force,Brute Force,0.0,1.0,0.0,0.0,0.0
7505,DoS/DDoS,DoS/DDoS,0.0,0.0,1.0,0.0,0.0
7506,Brute Force,Brute Force,0.0,1.0,0.0,0.0,0.0
7507,Normal,Normal,0.0,0.0025,0.0024925222356571674,0.9950074777643428,0.0
7508,DoS/DDoS,DoS/DDoS,0.0,0.0,1.0,0.0,0.0
7509,Normal,Normal,0.0,0.0,0.0,1.0,0.0
7510,DoS/DDoS,DoS/DDoS,0.0,0.0,1.0,0.0,0.0
7511,Normal,Normal,0.0,0.0,0.0,1.0,0.0
7512,Normal,Normal,0.0004667851214775621,0.004933618833902367,9.143577036143866e-05,0.9915322038787822,0.0029759563954765223
7513,Brute Force,Brute Force,0.0,1.0,0.0,0.0,0.0
7514,DoS/DDoS,DoS/DDoS,0.0,0.0,1.0,0.0,0.0
7515,Brute Force,Brute Force,0.0,1.0,0.0,0.0,0.0
7516,Normal,Normal,0.0022697176241480038,0.0009657350953182331,0.017490284778463913,0.9792742625020697,0.0
7517,Normal,Normal,0.0,0.006630110484359703,0.0,0.9933698895156404,0.0
7518,Normal,Normal,0.0,0.025608910350410678,0.06042656774884774,0.9139645219007416,0.0
7519,DoS/DDoS,DoS/DDoS,0.0,0.0,1.0,0.0,0.0
7520,Normal,Normal,0.0,0.03590189362795178,0.0012464290815597772,0.9580119472178241,0.0048397300726642665
7521,Brute Force,Brute Force,0.0,0.9975951482097832,0.0,0.0024048517902167006,0.0
7522,Normal,Normal,0.013928507175709749,0.0,0.00016842784353964042,0.9859030649807506,0.0
7523,Brute Force,Brute Force,0.0,1.0,0.0,0.0,0.0
7524,Brute Force,Web Attack,0.0,0.40815842582777306,5.165844966902835e-05,0.0034142519334996275,0.5883756637890583
7525,Web Attack,Brute Force,0.0,0.7981324936699608,3.223540519108048e-05,0.0032927688777623877,0.19854250204708582
7526,Normal,Normal,0.0,0.0,0.0,1.0,0.0
7527,Normal,Normal,0.0,0.0,0.0,1.0,0.0
7528,Normal,Normal,0.0,0.0,0.0,1.0,0.0
7529,Normal,Normal,0.0,0.0,0.0,1.0,0.0
7530,Normal,Normal,0.0,0.0,0.0,1.0,0.0
7531,Normal,Normal,0.0,0.0,0.0012660010697093957,0.9987339989302906,0.0
7532,Brute Force,Brute Force,0.0,1.0,0.0,0.0,0.0
7533,Brute Force,Brute Force,0.0,1.0,0.0,0.0,0.0
7534,DoS/DDoS,DoS/DDoS,0.0,0.0,1.0,0.0,0.0
7535,Normal,Normal,0.0,0.0,0.03556938127409899,0.9644306187259011,0.0
7536,Normal,Normal,0.0,0.0,0.0,1.0,0.0
7537,Bot,Bot,1.0,0.0,0.0,0.0,0.0
7538,Brute Force,Brute Force,0.0,1.0,0.0,0.0,0.0
7539,DoS/DDoS,DoS/DDoS,0.0,0.0,1.0,0.0,0.0
7540,DoS/DDoS,DoS/DDoS,0.0,0.0,1.0,0.0,0.0
7541,Normal,Normal,0.0,0.0,0.0,1.0,0.0
7542,DoS/DDoS,DoS/DDoS,0.0,0.0,1.0,0.0,0.0
7543,Brute Force,Brute Force,0.0,1.0,0.0,0.0,0.0
7544,Normal,Normal,0.23900198581416365,0.0,0.0012407869738475952,0.7597572272119888,0.0
7545,DoS/DDoS,DoS/DDoS,0.0,0.0,0.9999837280409707,1.6271959029384604e-05,0.0
7546,DoS/DDoS,DoS/DDoS,0.0,0.0,1.0,0.0,0.0
7547,Normal,Normal,0.0,0.0,0.0,1.0,0.0
7548,Brute Force,Brute Force,0.0,1.0,0.0,0.0,0.0
7549,Normal,Bot,0.6138173486791292,0.0,7.358016067437404e-05,0.3861090711601963,0.0
7550,Normal,Normal,0.0,0.019410724993076917,0.0016765213689364017,0.9789127536379866,0.0
7551,Normal,Normal,0.0070064972355661235,0.0,0.0016649744994333207,0.9913285282650006,0.0
7552,Bot,Bot,0.9818254221509762,0.0,4.1142482750476326e-05,0.01813343536627334,0.0
7553,Normal,Normal,0.0,0.0,0.0,1.0,0.0
7554,Normal,Normal,0.0,0.0,0.0,1.0,0.0
7555,Brute Force,Brute Force,0.0,1.0,0.0,0.0,0.0
7556,Normal,Normal,0.0,0.0,0.0,1.0,0.0
7557,Normal,Normal,0.0,0.0,0.0,1.0,0.0
7558,Brute Force,Brute Force,0.0,1.0,0.0,0.0,0.0
7559,DoS/DDoS,DoS/DDoS,0.0,0.0,0.9999837280409707,1.6271959029384604e-05,0.0
7560,DoS/DDoS,DoS/DDoS,0.0,0.0,0.9999886336072914,1.1366392708614331e-05,0.0
7561,Web Attack,Normal,0.001080790717662226,0.10474265069464864,0.09267054774664508,0.46356032586191215,0.3379456849791318
7562,DoS/DDoS,DoS/DDoS,0.0,0.0,1.0,0.0,0.0
7563,DoS/DDoS,DoS/DDoS,0.0,0.0,1.0,0.0,0.0
7564,Brute Force,Brute Force,0.0,1.0,0.0,0.0,0.0
7565,Brute Force,Brute Force,0.0,1.0,0.0,0.0,0.0
7566,DoS/DDoS,DoS/DDoS,0.0,0.0,1.0,0.0,0.0
7567,DoS/DDoS,DoS/DDoS,0.0,0.0,1.0,0.0,0.0
7568,Normal,Normal,0.0,0.0,0.0,1.0,0.0
7569,Normal,Normal,0.0,0.0,0.0,1.0,0.0
7570,Brute Force,Web Attack,0.0,0.1319614846178167,1.25579282007367e-05,0.0007102615653321509,0.8673156958886508
7571,Normal,Normal,0.002276492200593013,0.0,0.0041578861712057436,0.9912221024878386,0.0023435191403626595
7572,Normal,Normal,0.0,0.0,0.0,1.0,0.0
7573,DoS/DDoS,DoS/DDoS,0.0,0.0,0.9999897181194723,1.0281880527716808e-05,0.0
7574,Normal,Normal,0.0,0.0,0.0,1.0,0.0
7575,DoS/DDoS,DoS/DDoS,0.0,0.0,1.0,0.0,0.0
7576,Brute Force,Brute Force,0.0,1.0,0.0,0.0,0.0
7577,Normal,Normal,0.0,0.004800272734547836,0.005612909785614796,0.9867205949129111,0.0028662225669262562
7578,DoS/DDoS,DoS/DDoS,0.0,0.0,1.0,0.0,0.0
7579,Normal,Normal,0.035879928481805226,0.0,0.13588675010050727,0.8282333214176875,0.0
7580,Brute Force,Brute Force,0.0,1.0,0.0,0.0,0.0
7581,Brute Force,Brute Force,0.0,1.0,0.0,0.0,0.0
7582,Normal,Normal,0.0,0.0,0.0,1.0,0.0
7583,DoS/DDoS,DoS/DDoS,0.0,0.0,0.9969136130727887,0.003086386927211259,0.0
7584,DoS/DDoS,DoS/DDoS,0.0,0.0,1.0,0.0,0.0
7585,DoS/DDoS,DoS/DDoS,0.0,0.003918062322368669,0.9574184563603058,0.03768514102448112,0.0009783402928444298
7586,DoS/DDoS,DoS/DDoS,0.0,0.0,0.9999714047472551,2.8595252744989888e-05,0.0
7587,DoS/DDoS,DoS/DDoS,0.0,0.0,1.0,0.0,0.0
7588,DoS/DDoS,DoS/DDoS,0.0,0.0,1.0,0.0,0.0
7589,DoS/DDoS,DoS/DDoS,0.0,0.0011808192193595935,0.9637473944243987,0.018610477865470244,0.016461308490771393
7590,DoS/DDoS,DoS/DDoS,0.0,0.0,1.0,0.0,0.0
7591,DoS/DDoS,DoS/DDoS,0.0,0.0,1.0,0.0,0.0
7592,DoS/DDoS,DoS/DDoS,0.0,0.0,0.9999897181194723,1.0281880527716808e-05,0.0
7593,Brute Force,Brute Force,0.0,1.0,0.0,0.0,0.0
7594,Normal,Normal,0.0,0.0,0.0,1.0,0.0
7595,Normal,Normal,0.0020895230648944486,0.0,0.0,0.9979104769351056,0.0
7596,DoS/DDoS,DoS/DDoS,0.0,0.0,1.0,0.0,0.0
7597,Normal,Normal,0.0,0.0,0.0,1.0,0.0
7598,Brute Force,Brute Force,0.0,1.0,0.0,0.0,0.0
7599,Normal,Normal,0.0,0.0,0.0,1.0,0.0
7600,Normal,Normal,0.0,0.0,0.0,1.0,0.0
7601,DoS/DDoS,DoS/DDoS,0.0,0.0,1.0,0.0,0.0
7602,DoS/DDoS,DoS/DDoS,0.0,0.0,0.9951456930459486,0.004854306954051451,0.0
7603,DoS/DDoS,DoS/DDoS,0.0,0.0,1.0,0.0,0.0
7604,DoS/DDoS,DoS/DDoS,0.0,0.0,0.9999946236857931,5.376314206946534e-06,0.0
7605,DoS/DDoS,DoS/DDoS,0.0,0.0,1.0,0.0,0.0
7606,Normal,Normal,0.0,0.027577216991891723,0.006780995694429887,0.9587625710150577,0.006879216298620614
7607,DoS/DDoS,DoS/DDoS,0.0,0.0,1.0,0.0,0.0
7608,Normal,Normal,0.0,0.0,0.0,1.0,0.0
7609,DoS/DDoS,DoS/DDoS,0.0,0.0,1.0,0.0,0.0
7610,Normal,Normal,0.0,0.022344085543650822,9.35182775389169e-06,0.8123164585344814,0.16533010409411414
7611,DoS/DDoS,DoS/DDoS,0.0,0.0,1.0,0.0,0.0
7612,Normal,Normal,0.0,0.0,0.0038829274919494677,0.9961170725080505,0.0
7613,DoS/DDoS,DoS/DDoS,0.0,0.008973852780119947,0.9738828778335963,0.012725559472568293,0.004417709913715427
7614,Brute Force,Brute Force,0.0,1.0,0.0,0.0,0.0
7615,Normal,Normal,0.0,0.0075,0.0019544056516543197,0.9857049998799885,0.00484059446835728
7616,DoS/DDoS,DoS/DDoS,0.0,0.0,1.0,0.0,0.0
7617,Brute Force,Brute Force,0.0,1.0,0.0,0.0,0.0
7618,DoS/DDoS,DoS/DDoS,0.0,0.0,1.0,0.0,0.0
7619,DoS/DDoS,DoS/DDoS,0.0,0.0,1.0,0.0,0.0
7620,Normal,Normal,0.0,0.0,0.0,1.0,0.0
7621,Normal,Normal,0.0,0.0,0.0018201443856106754,0.9958326999358684,0.002347155678520818
7622,DoS/DDoS,DoS/DDoS,0.0,0.0,0.9618709642065894,0.038129035793410725,0.0
7623,Brute Force,Brute Force,0.0,1.0,0.0,0.0,0.0
7624,DoS/DDoS,DoS/DDoS,0.0,0.0,0.9097345017542176,0.09026549824578245,0.0
7625,DoS/DDoS,DoS/DDoS,0.0,0.0,1.0,0.0,0.0
7626,Normal,Normal,0.0,0.0,0.0,1.0,0.0
7627,DoS/DDoS,DoS/DDoS,0.0,0.0,1.0,0.0,0.0
7628,DoS/DDoS,DoS/DDoS,0.0,0.0,1.0,0.0,0.0
7629,Normal,Normal,0.0,0.016762549942974242,0.010447743716431923,0.9465306657918516,0.026259040548742087
7630,Normal,Normal,0.0,0.0,0.0,1.0,0.0
7631,DoS/DDoS,DoS/DDoS,0.0,0.000192968101100968,0.997512216211106,0.0013164753949485716,0.0009783402928444298
7632,Bot,Bot,1.0,0.0,0.0,0.0,0.0
7633,Normal,Normal,0.0,0.0,0.0,1.0,0.0
7634,DoS/DDoS,DoS/DDoS,0.0,0.0,1.0,0.0,0.0
7635,DoS/DDoS,DoS/DDoS,0.0,0.0,1.0,0.0,0.0
7636,DoS/DDoS,DoS/DDoS,0.0,0.0,0.9999897181194723,1.0281880527716808e-05,0.0
7637,Normal,Normal,0.0,0.0,0.0,1.0,0.0
7638,Brute Force,Brute Force,0.0,1.0,0.0,0.0,0.0
7639,DoS/DDoS,DoS/DDoS,0.0,0.0,1.0,0.0,0.0
7640,Normal,Normal,0.0,0.0,0.0,1.0,0.0
7641,Normal,Normal,0.0,0.0,0.0,1.0,0.0
7642,DoS/DDoS,DoS/DDoS,0.0,0.0,1.0,0.0,0.0
7643,Brute Force,Brute Force,0.0,1.0,0.0,0.0,0.0
7644,DoS/DDoS,DoS/DDoS,0.0,0.0,1.0,0.0,0.0
7645,DoS/DDoS,DoS/DDoS,0.0,0.0,1.0,0.0,0.0
7646,Normal,Normal,0.0,0.0012081099775203181,0.0,0.9964489319003138,0.0023429581221659107
7647,Brute Force,Brute Force,0.0,1.0,0.0,0.0,0.0
7648,Normal,Normal,0.0,0.0,0.0,1.0,0.0
7649,DoS/DDoS,DoS/DDoS,0.0,0.0,1.0,0.0,0.0
7650,Normal,Normal,0.0,0.0,0.0,1.0,0.0
7651,Normal,Normal,0.0,0.0,0.00031956832848797966,0.999680431671512,0.0
7652,Brute Force,Brute Force,0.0,1.0,0.0,0.0,0.0
7653,Normal,Normal,0.0,0.0,0.0,1.0,0.0
7654,Brute Force,Brute Force,0.0,1.0,0.0,0.0,0.0
7655,Brute Force,Brute Force,0.0,1.0,0.0,0.0,0.0
7656,DoS/DDoS,DoS/DDoS,0.0,0.0,1.0,0.0,0.0
7657,Bot,Bot,0.9999064898779327,0.0,1.4450702009829216e-06,9.206505186623516e-05,0.0
7658,DoS/DDoS,DoS/DDoS,0.0,0.0,1.0,0.0,0.0
7659,Brute Force,Brute Force,0.0,1.0,0.0,0.0,0.0
7660,Normal,Normal,0.0,0.0,0.0014505196943363798,0.9985494803056636,0.0
7661,DoS/DDoS,DoS/DDoS,0.0,0.0,1.0,0.0,0.0
7662,DoS/DDoS,DoS/DDoS,0.0,0.0,1.0,0.0,0.0
7663,Brute Force,Brute Force,0.0,0.9464181544011252,0.001727939719606283,0.051853905879268476,0.0
7664,Normal,Normal,0.0,0.0,0.0,1.0,0.0
7665,Normal,Normal,0.0,0.0,0.0,1.0,0.0
7666,DoS/DDoS,DoS/DDoS,0.0,0.0,1.0,0.0,0.0
7667,Brute Force,Brute Force,0.0,1.0,0.0,0.0,0.0
7668,Brute Force,Brute Force,0.0,1.0,0.0,0.0,0.0
7669,Brute Force,Brute Force,0.0,1.0,0.0,0.0,0.0
7670,DoS/DDoS,DoS/DDoS,0.0,0.0,1.0,0.0,0.0
7671,Brute Force,Web Attack,0.0,0.42639246342642845,3.53863302309046e-05,0.0035411662681754845,0.5700309839751653
7672,DoS/DDoS,DoS/DDoS,0.0,0.0,1.0,0.0,0.0
7673,Normal,Normal,0.0,0.0,0.0,1.0,0.0
7674,DoS/DDoS,DoS/DDoS,0.0,0.0,1.0,0.0,0.0
7675,DoS/DDoS,DoS/DDoS,0.0,0.0,1.0,0.0,0.0
7676,DoS/DDoS,DoS/DDoS,0.0,0.0,1.0,0.0,0.0
7677,Brute Force,Brute Force,0.0,1.0,0.0,0.0,0.0
7678,Normal,Normal,0.0,0.0,0.3313848748078999,0.6686151251921001,0.0
7679,DoS/DDoS,DoS/DDoS,0.0,0.0,1.0,0.0,0.0
7680,DoS/DDoS,DoS/DDoS,0.0,0.0,1.0,0.0,0.0
7681,Normal,Normal,0.0,0.0,0.0,1.0,0.0
7682,DoS/DDoS,DoS/DDoS,0.0,0.0,1.0,0.0,0.0
7683,Normal,Normal,0.0,0.0,0.0,1.0,0.0
7684,Normal,Normal,0.0,0.010911297371017169,0.0004158191707263229,0.9819063356029587,0.00676654785529786
7685,Brute Force,Brute Force,0.0,1.0,0.0,0.0,0.0
7686,Brute Force,Brute Force,0.0,1.0,0.0,0.0,0.0
7687,Normal,Normal,0.0,0.0034721376370280147,0.0008450847782814111,0.9956827775846906,0.0
7688,Brute Force,Brute Force,0.0,1.0,0.0,0.0,0.0
7689,Normal,Normal,0.0,0.0,0.0,1.0,0.0
7690,Brute Force,Brute Force,0.0,0.5575208572861656,1.4162293260255451e-05,0.0011045349717141396,0.44136044544886
7691,Bot,Bot,0.9698192683172253,0.0,3.4949114468774026e-05,0.030145782568305766,0.0
7692,DoS/DDoS,DoS/DDoS,0.0,0.0,1.0,0.0,0.0
7693,Normal,Normal,0.0,0.0,0.0,1.0,0.0
7694,Bot,Bot,0.9807593673431041,0.0,3.8792083567466685e-05,0.019201840573328487,0.0
7695,Normal,Normal,0.0,0.0,0.0,1.0,0.0
7696,Brute Force,Brute Force,0.0,1.0,0.0,0.0,0.0
7697,DoS/DDoS,DoS/DDoS,0.0,0.0,1.0,0.0,0.0
7698,DoS/DDoS,DoS/DDoS,0.0,0.0,1.0,0.0,0.0
7699,Normal,Normal,0.30374499515222686,0.0,0.00023462769058099205,0.696020377157192,0.0
7700,DoS/DDoS,DoS/DDoS,0.0,0.0,1.0,0.0,0.0
7701,DoS/DDoS,DoS/DDoS,0.0,0.0,1.0,0.0,0.0
7702,Normal,Normal,0.0,0.0,0.0,1.0,0.0
7703,Brute Force,Brute Force,0.0,1.0,0.0,0.0,0.0
7704,Normal,Normal,0.0,0.0,0.0,1.0,0.0
7705,DoS/DDoS,DoS/DDoS,0.0,0.0,1.0,0.0,0.0
7706,DoS/DDoS,DoS/DDoS,0.0,0.0,1.0,0.0,0.0
7707,Bot,Bot,1.0,0.0,0.0,0.0,0.0
7708,Normal,Normal,0.0,0.0,0.0,1.0,0.0
7709,Normal,Normal,0.0,0.0,0.0,1.0,0.0
7710,DoS/DDoS,DoS/DDoS,0.0,0.0,1.0,0.0,0.0
7711,DoS/DDoS,DoS/DDoS,0.0,0.0,1.0,0.0,0.0
7712,DoS/DDoS,DoS/DDoS,0.0,0.0,1.0,0.0,0.0
7713,DoS/DDoS,DoS/DDoS,0.0,0.0,1.0,0.0,0.0
7714,DoS/DDoS,DoS/DDoS,0.0,0.0,0.9999886336072914,1.1366392708614331e-05,0.0
7715,Normal,Normal,0.0,0.0,0.0,1.0,0.0
7716,Brute Force,Brute Force,0.0,1.0,0.0,0.0,0.0
7717,DoS/DDoS,DoS/DDoS,0.0,0.0,1.0,0.0,0.0
7718,Brute Force,Brute Force,0.0,1.0,0.0,0.0,0.0
7719,DoS/DDoS,DoS/DDoS,0.0,0.0,1.0,0.0,0.0
7720,DoS/DDoS,DoS/DDoS,0.0,0.0,0.9999684058604776,3.1594139522391764e-05,0.0
7721,Normal,Normal,0.0,0.0,0.0,1.0,0.0
7722,DoS/DDoS,DoS/DDoS,0.0,0.0,1.0,0.0,0.0
7723,Normal,Normal,0.0,0.0,0.0,1.0,0.0
7724,Normal,Normal,0.0,0.0,0.0,1.0,0.0
7725,DoS/DDoS,DoS/DDoS,0.0,0.0,1.0,0.0,0.0
7726,Brute Force,Web Attack,0.0,0.26632930052174564,1.25579282007367e-05,0.0009436427308691907,0.7327144988191845
7727,Brute Force,Brute Force,0.0,1.0,0.0,0.0,0.0
7728,Normal,Normal,0.0,0.0,0.0,1.0,0.0
7729,Normal,Normal,0.0,0.0,0.0,1.0,0.0
7730,Normal,Normal,0.0,0.0,0.0,1.0,0.0
7731,Normal,Normal,0.0,0.0,0.0,1.0,0.0
7732,Brute Force,Brute Force,0.0,1.0,0.0,0.0,0.0
7733,Normal,Normal,0.0,0.0,0.0,1.0,0.0
7734,DoS/DDoS,DoS/DDoS,0.0,0.0,1.0,0.0,0.0
7735,DoS/DDoS,DoS/DDoS,0.0,0.0,0.9871028895172587,0.012897110482741305,0.0
7736,Normal,Normal,0.0,0.0,0.0,1.0,0.0
7737,DoS/DDoS,DoS/DDoS,0.0,2.0028438609459433e-05,0.9974144192542975,0.002565552307092996,0.0
7738,Normal,Normal,0.0,0.0,0.0,1.0,0.0
7739,DoS/DDoS,DoS/DDoS,0.0,0.0,1.0,0.0,0.0
7740,Brute Force,Brute Force,0.0,1.0,0.0,0.0,0.0
7741,Normal,Normal,0.0,0.0,0.0,1.0,0.0
7742,DoS/DDoS,DoS/DDoS,0.0,0.0,1.0,0.0,0.0
7743,DoS/DDoS,DoS/DDoS,0.0,0.0,1.0,0.0,0.0
7744,Normal,Normal,0.0,0.0,0.0,1.0,0.0
7745,Brute Force,Brute Force,0.0,1.0,0.0,0.0,0.0
7746,Normal,Normal,0.0023723331827034326,0.0,0.04668322400329246,0.950944442814004,0.0
7747,Normal,Normal,0.0,0.0,0.0,1.0,0.0
7748,DoS/DDoS,DoS/DDoS,0.0,0.0,1.0,0.0,0.0
7749,Normal,Normal,0.0,0.0,0.0,1.0,0.0
7750,Normal,Normal,0.0,0.0,0.012132484385155871,0.9878675156148442,0.0
7751,Normal,Normal,0.0,0.0,0.0,1.0,0.0
7752,Normal,Normal,0.0,0.0,0.0,1.0,0.0
7753,DoS/DDoS,DoS/DDoS,0.0,0.0,1.0,0.0,0.0
7754,Normal,Normal,0.28796575541299824,0.0,8.737857942733781e-06,0.7120255067290588,0.0
7755,Normal,Bot,0.8098344948467752,0.0,0.0002741091258811032,0.1898913960273438,0.0
7756,Brute Force,Brute Force,0.0,1.0,0.0,0.0,0.0
7757,DoS/DDoS,DoS/DDoS,0.0,0.0,0.9975,0.0025,0.0
7758,Normal,Normal,0.0,0.0,0.0,1.0,0.0
7759,Normal,Normal,0.0,0.0,0.0,1.0,0.0
7760,Web Attack,Web Attack,0.0,0.10474337721394292,1.25579282007367e-05,0.003665559671112183,0.8915785051867442
7761,Brute Force,Brute Force,0.0,1.0,0.0,0.0,0.0
7762,DoS/DDoS,DoS/DDoS,0.0,0.0,0.999969598059839,3.040194016098469e-05,0.0
7763,DoS/DDoS,DoS/DDoS,0.0,0.0,1.0,0.0,0.0
7764,DoS/DDoS,DoS/DDoS,0.0,0.00033326288283441573,0.9988278254039069,0.0008389117132586311,0.0
7765,Brute Force,Brute Force,0.0,1.0,0.0,0.0,0.0
7766,Normal,Normal,0.0,0.0,0.0,1.0,0.0
7767,Normal,Normal,0.0,0.0,0.0,1.0,0.0
7768,DoS/DDoS,DoS/DDoS,0.0,0.0,0.9999886336072914,1.1366392708614331e-05,0.0
7769,Normal,Normal,0.0,0.010654786126468214,0.00026951535390097597,0.9822846291420839,0.006791069377546989
7770,Normal,Normal,0.002349324868103371,0.025928993959914756,0.13023852973624434,0.8414831514357376,0.0
7771,Normal,Normal,0.0,0.011925837367184763,0.01968440283312358,0.9588519098837587,0.009537849915933013
7772,Brute Force,Brute Force,0.0,0.9969770301400491,0.0,0.0030229698599508175,0.0
7773,Brute Force,Brute Force,0.0,1.0,0.0,0.0,0.0
7774,DoS/DDoS,DoS/DDoS,0.0,0.0,1.0,0.0,0.0
7775,Normal,Normal,0.008545737600618362,0.006410209256707397,0.32512997898009616,0.6574934093236473,0.0024206648389307746
7776,Normal,Normal,0.0,0.0,0.0,1.0,0.0
7777,Normal,Normal,0.0,0.0,0.0,1.0,0.0
7778,Brute Force,Brute Force,0.0,1.0,0.0,0.0,0.0
7779,Brute Force,Brute Force,0.0,1.0,0.0,0.0,0.0
7780,DoS/DDoS,DoS/DDoS,0.0,0.0,1.0,0.0,0.0
7781,DoS/DDoS,DoS/DDoS,0.0,0.0,1.0,0.0,0.0
7782,Web Attack,Web Attack,0.0,0.28586527398558953,1.25579282007367e-05,0.0007426016310219797,0.7133795664551877
7783,Normal,Normal,0.0,0.0,0.0,1.0,0.0
7784,Normal,Normal,0.0,0.010454493819022845,0.00015088536488370096,0.9844038816249842,0.0049907391911093195
7785,DoS/DDoS,DoS/DDoS,0.0,0.0,1.0,0.0,0.0
7786,DoS/DDoS,DoS/DDoS,0.0,0.0,1.0,0.0,0.0
7787,Normal,Normal,0.0,0.0,0.0,1.0,0.0
7788,DoS/DDoS,DoS/DDoS,0.0,0.0,0.9999837280409707,1.6271959029384604e-05,0.0
7789,DoS/DDoS,DoS/DDoS,0.0,0.0,1.0,0.0,0.0
7790,Brute Force,Brute Force,0.0,1.0,0.0,0.0,0.0
7791,DoS/DDoS,DoS/DDoS,0.0,0.0,0.9999897181194723,1.0281880527716808e-05,0.0
7792,Brute Force,Web Attack,0.0,0.3904883622934516,1.4989188767479395e-05,0.0009830434195248273,0.6085136050982562
7793,Brute Force,Brute Force,0.0,1.0,0.0,0.0,0.0
7794,Brute Force,Brute Force,0.0,1.0,0.0,0.0,0.0
7795,DoS/DDoS,DoS/DDoS,0.0,0.0,1.0,0.0,0.0
7796,Web Attack,Web Attack,0.0,0.1986572571724158,1.25579282007367e-05,0.0016256220400157478,0.7997045628593678
7797,DoS/DDoS,DoS/DDoS,0.0,0.003740005905899518,0.9336678261170438,0.05294854725370858,0.009643620723348047
7798,DoS/DDoS,DoS/DDoS,0.0,0.0,1.0,0.0,0.0
7799,Bot,Bot,1.0,0.0,0.0,0.0,0.0
7800,Normal,Normal,0.0,0.0,0.0,1.0,0.0
7801,Normal,Normal,0.0013858681992540167,0.003641275265655672,0.0,0.9929430909092615,0.002029765625828895
7802,Bot,Bot,0.9999190928652837,0.0,1.4450702009829216e-06,7.946206451540695e-05,0.0
7803,Normal,Normal,0.0,0.04089855115210367,0.00040213870049123936,0.9112423115516034,0.0474569985958016
7804,Brute Force,Brute Force,0.0,1.0,0.0,0.0,0.0
7805,DoS/DDoS,DoS/DDoS,0.0,0.0,0.9999886336072914,1.1366392708614331e-05,0.0
7806,DoS/DDoS,DoS/DDoS,0.0,0.0,1.0,0.0,0.0
7807,DoS/DDoS,DoS/DDoS,0.0,0.00021209331538452002,0.9950005648360263,0.0016215859529877274,0.003165755895601417
7808,DoS/DDoS,DoS/DDoS,0.0,0.0,1.0,0.0,0.0
7809,DoS/DDoS,DoS/DDoS,0.0,0.0,1.0,0.0,0.0
7810,DoS/DDoS,DoS/DDoS,0.0,0.0,1.0,0.0,0.0
7811,Normal,Normal,0.0,0.0,0.0,1.0,0.0
7812,DoS/DDoS,DoS/DDoS,0.0,0.0,1.0,0.0,0.0
7813,Normal,Normal,0.0,0.0,0.0,1.0,0.0
7814,DoS/DDoS,DoS/DDoS,0.0,0.0,0.9999897181194723,1.0281880527716808e-05,0.0
7815,DoS/DDoS,DoS/DDoS,0.0,0.0,1.0,0.0,0.0
7816,DoS/DDoS,DoS/DDoS,0.0,0.0,1.0,0.0,0.0
7817,Brute Force,Brute Force,0.0,1.0,0.0,0.0,0.0
7818,DoS/DDoS,DoS/DDoS,0.0,0.0,1.0,0.0,0.0
7819,Normal,Normal,0.0,0.033826872454930886,0.00033351203019991494,0.9513092545497427,0.01453036096512656
7820,Brute Force,Brute Force,0.0,1.0,0.0,0.0,0.0
7821,DoS/DDoS,DoS/DDoS,0.0,0.0,0.9956586752930743,0.004341324706925678,0.0
7822,DoS/DDoS,DoS/DDoS,0.0,0.0,1.0,0.0,0.0
7823,DoS/DDoS,DoS/DDoS,0.0,0.0,1.0,0.0,0.0
7824,Normal,Normal,0.0,0.00780345320930031,0.019053265928996546,0.9707214325820671,0.0024218482796360898
7825,Brute Force,Brute Force,0.0,1.0,0.0,0.0,0.0
7826,Brute Force,Brute Force,0.0,1.0,0.0,0.0,0.0
7827,Normal,Normal,0.0,0.0,0.0,1.0,0.0
7828,DoS/DDoS,DoS/DDoS,0.0,0.0,0.9999897181194723,1.0281880527716808e-05,0.0
7829,DoS/DDoS,DoS/DDoS,0.0,0.0,1.0,0.0,0.0
7830,Normal,Normal,0.2078434811927432,0.0,0.000585270107155688,0.791571248700101,0.0
7831,DoS/DDoS,DoS/DDoS,0.0,0.0,1.0,0.0,0.0
7832,Brute Force,Brute Force,0.0,0.5656967005136807,0.002212600921492172,0.08076964860403156,0.35132104996079555
7833,Normal,Normal,0.0,0.0,0.0,1.0,0.0
7834,Normal,Normal,0.0,0.0,0.0,1.0,0.0
7835,DoS/DDoS,DoS/DDoS,0.0,0.0,1.0,0.0,0.0
7836,Normal,Normal,0.0,0.0,0.0,1.0,0.0
7837,DoS/DDoS,DoS/DDoS,0.0,0.0,0.9874922484394519,0.012507751560548048,0.0
7838,Normal,Normal,0.0,0.026009183384134396,0.0012436787749287748,0.9659047583234255,0.006842379517511313
7839,DoS/DDoS,DoS/DDoS,0.0,0.0,1.0,0.0,0.0
7840,Normal,Normal,0.0,0.0,0.0,0.9976537899422042,0.0023462100577957886
7841,DoS/DDoS,DoS/DDoS,0.0,0.0,1.0,0.0,0.0
7842,Brute Force,Brute Force,0.0,1.0,0.0,0.0,0.0
7843,DoS/DDoS,DoS/DDoS,0.0,0.0,1.0,0.0,0.0
7844,Brute Force,Brute Force,0.0,1.0,0.0,0.0,0.0
7845,Normal,Normal,0.0,0.0,0.0,1.0,0.0
7846,Normal,Normal,0.0,0.00206807544654702,0.29165742323769117,0.7016070148314901,0.0046674864842714955
7847,DoS/DDoS,DoS/DDoS,0.0,0.0,1.0,0.0,0.0
7848,Normal,Normal,0.0,0.0,0.0,1.0,0.0
7849,DoS/DDoS,DoS/DDoS,0.0,0.0,1.0,0.0,0.0
7850,DoS/DDoS,DoS/DDoS,0.0,0.0,0.9999897181194723,1.0281880527716808e-05,0.0
7851,DoS/DDoS,DoS/DDoS,0.0,0.0,0.9999946236857931,5.376314206946534e-06,0.0
7852,Normal,Normal,0.0,0.0,0.0,1.0,0.0
7853,Brute Force,Brute Force,0.0,1.0,0.0,0.0,0.0
7854,DoS/DDoS,DoS/DDoS,0.0,0.0,0.9999946236857931,5.376314206946534e-06,0.0
7855,Normal,Normal,0.0,0.0,0.0,1.0,0.0
7856,Normal,Normal,0.0,0.0,0.0012412211552243085,0.9987587788447757,0.0
7857,Normal,Normal,0.0,0.0,0.0,1.0,0.0
7858,DoS/DDoS,DoS/DDoS,0.0,0.0,1.0,0.0,0.0
7859,Brute Force,Brute Force,0.0,1.0,0.0,0.0,0.0
7860,DoS/DDoS,DoS/DDoS,0.0,0.0,1.0,0.0,0.0
7861,Normal,Normal,0.0,0.0016300417246175244,0.000833610135712252,0.9975363481396703,0.0
7862,DoS/DDoS,DoS/DDoS,0.0,0.0,1.0,0.0,0.0
7863,Bot,Bot,0.9815750338278098,0.0,3.8792083567466685e-05,0.01838617408862269,0.0
7864,Normal,Normal,0.0,0.0,0.0,1.0,0.0
7865,Brute Force,Brute Force,0.0,1.0,0.0,0.0,0.0
7866,DoS/DDoS,DoS/DDoS,0.0,0.0,1.0,0.0,0.0
7867,Normal,Normal,0.0,0.0,0.0,1.0,0.0
7868,Brute Force,Brute Force,0.0,1.0,0.0,0.0,0.0
7869,DoS/DDoS,DoS/DDoS,0.0,0.0,1.0,0.0,0.0
7870,Normal,Normal,0.0,0.0018149869626856024,0.04083187537608845,0.9507494473020478,0.006603690359178165
7871,Normal,Normal,0.36391815725919563,0.0,0.006892624230404809,0.6291892185103994,0.0
7872,Normal,Normal,0.0,0.0,0.00674598397915337,0.9932540160208465,0.0
7873,Bot,Bot,0.9760155762812449,0.0,2.3368926314574484e-05,0.023961054792440407,0.0
7874,DoS/DDoS,DoS/DDoS,0.0,0.030615003996677152,0.919125044074792,0.021097068292910755,0.029162883635620043
7875,Bot,Bot,0.9772710909508453,0.0,2.405582131574279e-05,0.02270485322783892,0.0
7876,Brute Force,Brute Force,0.0,1.0,0.0,0.0,0.0
7877,Brute Force,Brute Force,0.0,1.0,0.0,0.0,0.0
7878,DoS/DDoS,DoS/DDoS,0.0,0.000192968101100968,0.985583289771519,0.013245401834535578,0.0009783402928444298
7879,Bot,Bot,0.9815089875623063,0.0,3.8792083567466685e-05,0.018452220354126206,0.0
7880,DoS/DDoS,DoS/DDoS,0.0,0.0,0.9999837280409707,1.6271959029384604e-05,0.0
7881,Brute Force,Brute Force,0.0,1.0,0.0,0.0,0.0
7882,DoS/DDoS,DoS/DDoS,0.0,0.0,1.0,0.0,0.0
7883,Bot,Bot,0.9787138115564222,0.0,3.812189877598905e-05,0.021248066544801845,0.0
7884,Normal,Normal,0.0,0.0,0.001238859974333381,0.9987611400256666,0.0
7885,Normal,Normal,0.0,0.0,0.0,1.0,0.0
7886,DoS/DDoS,DoS/DDoS,0.0,0.0,1.0,0.0,0.0
7887,DoS/DDoS,DoS/DDoS,0.0,0.0,1.0,0.0,0.0
7888,DoS/DDoS,DoS/DDoS,0.0,0.0,0.9999684058604776,3.1594139522391764e-05,0.0
7889,Normal,Normal,0.0,0.0,0.0,1.0,0.0
7890,DoS/DDoS,DoS/DDoS,0.0,0.0,1.0,0.0,0.0
7891,Brute Force,Brute Force,0.0,1.0,0.0,0.0,0.0
7892,Normal,Normal,0.0,0.0,0.0,1.0,0.0
7893,DoS/DDoS,DoS/DDoS,0.0,0.017162200167290826,0.9537174745651027,0.02666336903912843,0.002456956228478114
7894,Brute Force,Brute Force,0.0,1.0,0.0,0.0,0.0
7895,Normal,Normal,0.0,0.0,0.012132484385155871,0.9878675156148442,0.0
7896,Normal,Normal,0.0,0.0025,0.0,0.9975,0.0
7897,Normal,Normal,0.0,0.0,0.002488636029549022,0.9975113639704509,0.0
7898,Normal,Normal,0.0,0.0,0.0,1.0,0.0
7899,DoS/DDoS,DoS/DDoS,0.0,0.0,1.0,0.0,0.0
7900,DoS/DDoS,DoS/DDoS,0.0,0.0,1.0,0.0,0.0
7901,Brute Force,Brute Force,0.0,1.0,0.0,0.0,0.0
7902,DoS/DDoS,DoS/DDoS,0.0,0.006128414927852997,0.7827155894210118,0.19416398274105554,0.01699201291007953
7903,Normal,Normal,0.0,0.0,0.0,1.0,0.0
7904,DoS/DDoS,DoS/DDoS,0.0,0.0,0.9962871953833297,0.003712804616670321,0.0
7905,DoS/DDoS,DoS/DDoS,0.0,0.0,1.0,0.0,0.0
7906,Normal,Normal,0.0,0.0,0.0,1.0,0.0
7907,DoS/DDoS,DoS/DDoS,0.0,0.0,0.985377290624937,0.010434056598113289,0.004188652776949849
7908,DoS/DDoS,DoS/DDoS,0.0,0.0,1.0,0.0,0.0
7909,Brute Force,Brute Force,0.0,1.0,0.0,0.0,0.0
7910,Bot,Bot,0.9759621002372265,0.0,3.893991421476238e-05,0.023998959848558658,0.0
7911,Normal,Normal,0.0,0.26372068806796134,1.5191360263792715e-05,0.47121816191559507,0.26504595865617986
7912,Normal,Normal,0.0,0.04382059944280017,0.00026951535390097597,0.9486329231756424,0.007276962027656354
7913,DoS/DDoS,DoS/DDoS,0.0,0.0,1.0,0.0,0.0
7914,Normal,Normal,0.0,0.0,0.0,1.0,0.0
7915,Normal,Normal,0.0,0.0016429301612378609,0.009783230136106477,0.9885738397026557,0.0
7916,DoS/DDoS,DoS/DDoS,0.0,0.0,1.0,0.0,0.0
7917,Brute Force,Brute Force,0.0,1.0,0.0,0.0,0.0
7918,DoS/DDoS,DoS/DDoS,0.0,0.0,1.0,0.0,0.0
7919,Normal,Normal,0.010325062199883335,0.0,0.0018098163661091776,0.9878651214340074,0.0
7920,Normal,Normal,0.0,0.0,0.0,1.0,0.0
7921,DoS/DDoS,DoS/DDoS,0.0,0.0,1.0,0.0,0.0
7922,Normal,Normal,0.0,0.0,0.0,1.0,0.0
7923,Normal,Normal,0.0,0.0,0.0,1.0,0.0
7924,Brute Force,Brute Force,0.0,1.0,0.0,0.0,0.0
7925,DoS/DDoS,DoS/DDoS,0.0,0.0,1.0,0.0,0.0
7926,DoS/DDoS,DoS/DDoS,0.0,0.0,1.0,0.0,0.0
7927,Brute Force,Brute Force,0.0,0.5480134023462615,1.9263023870357705e-05,0.0012045737240134803,0.45076276090585476
7928,DoS/DDoS,DoS/DDoS,0.0,0.0,1.0,0.0,0.0
7929,DoS/DDoS,DoS/DDoS,0.0,0.0,1.0,0.0,0.0
7930,Normal,Normal,0.0,0.0,0.0,1.0,0.0
7931,Normal,Normal,0.0,0.0,0.0,1.0,0.0
7932,Normal,Normal,0.0,0.0,0.0,1.0,0.0
7933,Normal,Normal,0.0,0.0,0.0,1.0,0.0
7934,Normal,Normal,0.0,0.07150491235535382,0.0075,0.9141092648763665,0.006885822768279646
7935,DoS/DDoS,DoS/DDoS,0.0,0.0,1.0,0.0,0.0
7936,Brute Force,Web Attack,0.0,0.49737828721876753,1.25579282007367e-05,0.0032664979666371585,0.49934265688639456
7937,DoS/DDoS,DoS/DDoS,0.0,0.0,1.0,0.0,0.0
7938,Brute Force,Brute Force,0.0,1.0,0.0,0.0,0.0
7939,DoS/DDoS,DoS/DDoS,0.0,0.0,1.0,0.0,0.0
7940,DoS/DDoS,DoS/DDoS,0.0,0.0,1.0,0.0,0.0
7941,Brute Force,Brute Force,0.0,1.0,0.0,0.0,0.0
7942,Normal,Normal,0.0,0.0,0.0,1.0,0.0
7943,Brute Force,Brute Force,0.0,1.0,0.0,0.0,0.0
7944,Brute Force,Brute Force,0.0,1.0,0.0,0.0,0.0
7945,DoS/DDoS,DoS/DDoS,0.0,0.0,1.0,0.0,0.0
7946,Bot,Bot,1.0,0.0,0.0,0.0,0.0
7947,Brute Force,Brute Force,0.0,1.0,0.0,0.0,0.0
7948,Normal,Normal,0.0016095180392682608,0.0,0.0,0.9983904819607317,0.0
7949,DoS/DDoS,DoS/DDoS,0.0,0.0,1.0,0.0,0.0
7950,DoS/DDoS,DoS/DDoS,0.0,0.0,1.0,0.0,0.0
7951,Bot,Bot,1.0,0.0,0.0,0.0,0.0
7952,DoS/DDoS,DoS/DDoS,0.0,0.0,1.0,0.0,0.0
7953,Normal,Normal,0.0,0.0,0.0,0.9975824706694272,0.0024175293305728086
7954,Brute Force,Brute Force,0.0,1.0,0.0,0.0,0.0
7955,Brute Force,Brute Force,0.0,1.0,0.0,0.0,0.0
7956,DoS/DDoS,DoS/DDoS,0.0,0.0,1.0,0.0,0.0
7957,DoS/DDoS,DoS/DDoS,0.0,0.0005802437424454816,0.9903750364259052,0.008066379538804985,0.0009783402928444298
7958,DoS/DDoS,DoS/DDoS,0.0,0.0,1.0,0.0,0.0
7959,Normal,Normal,0.0,0.0,0.0,1.0,0.0
7960,DoS/DDoS,DoS/DDoS,0.0,0.0,1.0,0.0,0.0
7961,Normal,Normal,0.0,0.0,0.0,1.0,0.0
7962,DoS/DDoS,DoS/DDoS,0.0,0.0,1.0,0.0,0.0
7963,DoS/DDoS,DoS/DDoS,0.0,0.0,1.0,0.0,0.0
7964,DoS/DDoS,DoS/DDoS,0.0,0.0,1.0,0.0,0.0
7965,Brute Force,Brute Force,0.0,1.0,0.0,0.0,0.0
7966,DoS/DDoS,DoS/DDoS,0.0,0.0,1.0,0.0,0.0
7967,Brute Force,Brute Force,0.0,1.0,0.0,0.0,0.0
7968,Normal,Normal,0.0,0.0,0.0,1.0,0.0
7969,DoS/DDoS,DoS/DDoS,0.0,0.0,0.9975410388229038,0.0,0.0024589611770962595
7970,Normal,Normal,0.0,0.0,0.0005612734565962443,0.9994387265434037,0.0
7971,Brute Force,Brute Force,0.0,1.0,0.0,0.0,0.0
7972,Normal,Normal,0.0,0.0,0.0,1.0,0.0
7973,DoS/DDoS,DoS/DDoS,0.0,0.0,1.0,0.0,0.0
7974,DoS/DDoS,DoS/DDoS,0.0,0.0,1.0,0.0,0.0
7975,Normal,Normal,0.0,0.00911642750652255,0.0,0.9884114513524985,0.002472121140978988
7976,Normal,DoS/DDoS,0.0,0.010587703868437392,0.590734558751635,0.3898670936713628,0.008810643708564717
7977,Brute Force,Brute Force,0.0,1.0,0.0,0.0,0.0
7978,Normal,Normal,0.0,0.012828781370649174,0.17081747929652846,0.8071618703033967,0.009191869029425592
7979,DoS/DDoS,DoS/DDoS,0.0,0.0,1.0,0.0,0.0
7980,Normal,Normal,0.0,0.011237073507414558,0.0931694848768435,0.8859148294089371,0.009678612206804781
7981,DoS/DDoS,DoS/DDoS,0.0,0.0,1.0,0.0,0.0
7982,Normal,Normal,0.003150793257291523,0.00024494954984960893,0.0,0.9966042571928588,0.0
7983,Normal,Normal,0.0,0.0,0.0,1.0,0.0
7984,Bot,Bot,0.9196455517308298,0.0,3.8303049033569335e-05,0.08031614522013666,0.0
7985,DoS/DDoS,DoS/DDoS,0.0,0.0,0.9999897181194723,1.0281880527716808e-05,0.0
